# https://github.com/mikedh/trimesh
v 0.06504165 -0.01075044 -0.05094579
v 0.06858952 -0.01177833 -0.04952864
v 0.06900880 -0.01029532 -0.04913711
v 0.06542870 -0.00973705 -0.05064834
v 0.07546061 -0.01062680 -0.05896993
v 0.07644947 -0.00711164 -0.05481564
v 0.07589324 -0.00474393 -0.05402538
v 0.07500630 -0.00467378 -0.05706663
v 0.02743087 -0.04800466 -0.11245107
v 0.01244190 -0.04778624 -0.11655562
v 0.01242100 -0.05875219 -0.11430693
v 0.02626578 -0.06162322 -0.10923098
v 0.04640247 -0.08525958 -0.09104200
v 0.04092279 -0.07721669 -0.09603535
v 0.03836386 -0.08934633 -0.10022199
v 0.04870918 -0.09221896 -0.09105202
v 0.04073225 0.04589777 0.03482290
v 0.04860715 0.04494967 0.02960836
v 0.04768251 0.03921339 0.03365007
v -0.06547008 -0.01048284 -0.05226563
v -0.06894552 -0.01149525 -0.05086113
v -0.06946152 -0.01004611 -0.05055826
v -0.06602156 -0.00953250 -0.05200028
v -0.07662637 -0.01034589 -0.06050019
v -0.07816990 -0.00689430 -0.05632200
v -0.07731688 -0.00440645 -0.05565006
v -0.07665539 -0.00430754 -0.05870382
v 0.04125363 0.03987944 0.03796168
v 0.09192725 0.01143098 -0.06692889
v 0.09207265 0.00891247 -0.06805377
v 0.09273469 0.00710281 -0.06636760
v 0.09259208 0.00914031 -0.06493685
v 0.08895814 -0.00574279 -0.06672050
v 0.08910175 0.00129968 -0.06786904
v 0.09015945 0.00373519 -0.06843708
v 0.09040960 0.00150655 -0.06766561
v 0.08890057 -0.01603851 -0.06331559
v 0.08773340 -0.01537288 -0.06324242
v 0.08897831 -0.01089299 -0.06508902
v 0.09036183 -0.01132048 -0.06568160
v 0.07524365 -0.03656922 -0.03876232
v 0.07795163 -0.03349221 -0.04141941
v 0.07783463 -0.03654354 -0.04291436
v 0.07349666 -0.03862359 -0.04114164
v 0.07040869 -0.03652444 -0.04266478
v 0.07473640 -0.03717274 -0.04711445
v 0.07429954 -0.03362266 -0.04849964
v 0.07077482 -0.03350821 -0.04519274
v 0.08712918 0.02055347 -0.05452922
v 0.08774325 0.01685632 -0.05390050
v 0.08665945 0.01578330 -0.05194318
v 0.08577313 0.01941925 -0.05231692
v 0.07350084 -0.01118395 -0.06460815
v 0.07185952 -0.01733755 -0.06286778
v 0.07792063 -0.01279384 -0.06526525
v 0.07842279 -0.01025690 -0.06556024
v 0.08713988 0.01108570 -0.06049758
v 0.08721364 0.01169337 -0.06343924
v 0.08770542 0.00959895 -0.06464582
v 0.08704180 0.00844339 -0.06243270
v 0.08907152 0.01290421 -0.06779782
v 0.08930731 0.01008353 -0.06901038
v 0.07364078 -0.02660843 -0.03887130
v 0.07260434 -0.02307344 -0.03843358
v 0.07319741 -0.02158643 -0.03976572
v 0.07358883 -0.02267476 -0.04111863
v 0.07497772 -0.01070118 -0.05589975
v 0.07663095 -0.00620351 -0.05345313
v 0.08565444 -0.02674048 -0.05819536
v 0.08551233 -0.02464765 -0.05713882
v 0.08762453 -0.02063070 -0.06045737
v 0.08756204 -0.02204645 -0.06181627
v 0.08218718 -0.02254338 -0.05566215
v 0.08468916 -0.01962819 -0.05892504
v 0.08556116 -0.01890855 -0.06075328
v 0.08467409 -0.02112546 -0.05866467
v 0.08830862 0.01345294 -0.06172060
v 0.08700325 0.01565653 -0.05686114
v 0.08839151 0.01457922 -0.05560172
v 0.09005584 0.01243060 -0.05962574
v 0.08004083 0.00153997 -0.06471729
v 0.07829104 0.00655851 -0.06268220
v 0.07727502 0.00573322 -0.06263758
v 0.07872580 0.00131227 -0.06458776
v 0.08907595 0.01065351 -0.06601679
v 0.08946576 0.00847918 -0.06723479
v 0.08823509 0.00727787 -0.06600647
v 0.07849402 0.00823199 -0.04975844
v 0.08017479 0.00956862 -0.05178479
v 0.08033925 0.00796908 -0.05268773
v 0.07991696 0.00680892 -0.05194025
v 0.07756115 -0.03753966 -0.04658406
v 0.07068072 -0.02585489 -0.05615624
v 0.07239842 -0.02543127 -0.05771625
v 0.07502757 -0.02123446 -0.06047252
v 0.07341614 -0.02009651 -0.06102867
v 0.07048935 -0.03435331 -0.03732792
v 0.07384792 -0.03432241 -0.03711341
v 0.07452348 -0.03548722 -0.03805220
v 0.07125848 -0.03681943 -0.03846961
v 0.08113423 0.01268169 -0.05195211
v 0.08318912 0.01199023 -0.05372699
v 0.08147890 0.01116049 -0.05321816
v 0.08019729 0.01160139 -0.05182423
v 0.08807099 -0.00038102 -0.06623649
v 0.08739306 0.00588849 -0.06400561
v 0.08744974 -0.00946218 -0.06121318
v 0.08759541 -0.00908116 -0.06414407
v 0.08727930 -0.01314704 -0.06244486
v -0.02862735 -0.04748884 -0.11250460
v -0.01367413 -0.04756774 -0.11658299
v -0.01366976 -0.05852959 -0.11433342
v -0.02763099 -0.06104850 -0.10925972
v 0.08658615 -0.01337266 -0.05975597
v 0.08717675 -0.00147718 -0.06119317
v 0.08760816 -0.00139389 -0.06440498
v 0.09080544 0.00642449 -0.06529179
v 0.09104764 0.00072881 -0.06637913
v 0.09017505 0.00718588 -0.06621448
v 0.07641862 0.00918299 -0.06033213
v 0.07688216 0.01216718 -0.06417660
v 0.07573991 0.00598617 -0.06606841
v 0.07649510 0.00669033 -0.06185276
v 0.07374534 -0.01766448 -0.04041708
v 0.07470305 -0.01544530 -0.04196240
v 0.07337258 -0.01755476 -0.04370673
v 0.07248835 -0.02018577 -0.04291555
v 0.07581493 -0.02339867 -0.05923284
v 0.07315650 -0.02654037 -0.05697415
v 0.07378523 -0.02724876 -0.05631498
v 0.07645889 -0.02522678 -0.05795358
v 0.08519809 0.01267207 -0.05554509
v 0.08553407 0.00865933 -0.05664413
v 0.08394738 0.00861711 -0.05555222
v 0.07796542 -0.02160623 -0.04827471
v 0.07816277 -0.02039657 -0.05049955
v 0.07971647 -0.02311629 -0.05153449
v 0.07955547 -0.02512356 -0.04948141
v 0.08173825 -0.03339225 -0.05236761
v 0.07916561 -0.03360859 -0.05325827
v 0.07691859 -0.03563856 -0.04989019
v 0.07975540 -0.03564722 -0.04938633
v 0.07331433 -0.02128463 -0.04206376
v 0.07319272 -0.02015707 -0.04020087
v 0.08211228 0.00197350 -0.06623272
v 0.08073522 0.00788624 -0.06367080
v 0.08663557 0.00716930 -0.06044321
v 0.08698606 0.00483768 -0.06188332
v 0.07553051 -0.00508342 -0.04610701
v 0.07393564 -0.00474810 -0.04797112
v 0.07432560 -0.00562628 -0.04778668
v 0.07632852 -0.00651813 -0.04577742
v 0.07541154 -0.00538428 -0.04457855
v 0.07598766 -0.00697997 -0.04437092
v 0.07524880 -0.00697648 -0.04353442
v 0.07484700 -0.00613475 -0.04338867
v 0.07324592 -0.00461925 -0.04832989
v 0.07365817 -0.00488346 -0.04813557
v 0.07377152 -0.00435596 -0.04816643
v 0.07740660 -0.00194065 -0.05906308
v 0.07746940 -0.00931936 -0.06015100
v 0.07651759 -0.01043798 -0.06078931
v 0.07755654 -0.00460294 -0.05880843
v 0.08804865 -0.00805477 -0.06561372
v 0.08329850 0.01606903 -0.04861670
v 0.08239803 0.01894805 -0.04831617
v 0.08488326 0.02140986 -0.05208299
v 0.07257548 -0.01871727 -0.05337996
v 0.07598662 -0.01850823 -0.05070087
v 0.07570849 -0.01857655 -0.04906911
v 0.07311956 -0.01874438 -0.05157163
v 0.07407561 -0.01364226 -0.04687046
v 0.07194060 -0.01663464 -0.04667967
v 0.07528494 -0.01512321 -0.04458256
v 0.07540490 0.00045942 -0.04454074
v 0.07498464 -0.00342117 -0.04710567
v 0.07499570 -0.00429077 -0.04578535
v 0.07490218 -0.00391271 -0.04451935
v 0.08870096 -0.01674811 -0.06458967
v 0.08988409 -0.01155012 -0.06708277
v 0.08827976 -0.01165785 -0.06840515
v 0.08731205 -0.01724343 -0.06598376
v 0.07185231 -0.03021025 -0.03639879
v 0.06711274 -0.03225278 -0.04010912
v 0.07054046 -0.02689063 -0.03702085
v 0.09038481 0.01775358 -0.06229136
v 0.08853730 0.01942700 -0.06260937
v 0.08879671 0.01753863 -0.06464301
v 0.09107456 0.01593727 -0.06421396
v 0.07524771 0.00126135 -0.05221885
v 0.07499892 -0.00075309 -0.05212014
v 0.07556558 0.00042193 -0.05087994
v 0.07517183 0.00258418 -0.05077910
v 0.05210516 -0.03408771 -0.09513571
v 0.06042186 -0.03392121 -0.07646263
v 0.06448337 -0.02049874 -0.08449578
v 0.05724448 -0.02082119 -0.10015210
v 0.08260521 -0.03020911 -0.05146802
v 0.08180404 -0.03232249 -0.04885858
v 0.07740624 0.00801245 -0.04306296
v 0.07674181 0.00974870 -0.04218572
v 0.07707748 0.01533449 -0.04409305
v 0.07831399 0.01214235 -0.04404319
v 0.09002042 0.00256892 -0.07076005
v 0.09225825 0.00192392 -0.06950960
v 0.08065540 0.01263091 -0.05042700
v 0.08281817 0.01527760 -0.05328187
v 0.08130555 0.01334013 -0.05217621
v 0.08005570 0.01199891 -0.05062151
v 0.08013511 0.00469817 -0.04757562
v 0.08076584 0.00596903 -0.04749043
v 0.07897451 0.00684321 -0.04776684
v 0.07795796 0.00556489 -0.04807189
v 0.07575863 0.01483871 -0.04157466
v 0.07643632 0.02000483 -0.04494467
v 0.06852527 -0.02612085 -0.05589061
v 0.07940778 0.00675001 -0.04486777
v 0.08018448 0.00939228 -0.04517992
v 0.08142407 0.00775967 -0.04738060
v -0.04785755 -0.08436052 -0.09122986
v -0.04233046 -0.07650558 -0.09611949
v -0.04035373 -0.08851967 -0.10035055
v -0.04992461 -0.09165888 -0.09175044
v 0.07158353 -0.02211445 -0.03685283
v 0.07268759 -0.02055280 -0.03865802
v 0.07969033 0.01169675 -0.05042929
v 0.07899541 0.01053648 -0.05035891
v 0.07758941 0.00668970 -0.04870477
v 0.07849132 0.00571228 -0.05102996
v 0.08243642 -0.00079728 -0.05741143
v 0.08363309 -0.00897922 -0.05833296
v 0.06783774 -0.01985199 -0.07042821
v 0.06423172 -0.03244615 -0.05645791
v 0.07784893 0.00726682 -0.04808504
v 0.07807112 0.00776049 -0.04820021
v 0.07738339 0.00706726 -0.04796487
v 0.07690354 0.00623261 -0.04849384
v 0.08046268 -0.03414967 -0.04633457
v 0.08239660 0.00532840 -0.05556865
v 0.07962581 0.00311113 -0.05351693
v 0.08123215 0.00527237 -0.05360879
v 0.09074315 -0.00687850 -0.06582439
v 0.09208132 0.00047457 -0.06620231
v 0.09333093 0.00058887 -0.06757324
v 0.09189930 -0.00708602 -0.06709511
v 0.06861220 -0.03508532 -0.04131534
v 0.07482997 -0.00146835 -0.05335250
v 0.07603472 -0.00286407 -0.05275292
v 0.07697000 0.00427718 -0.05150811
v 0.07621475 0.00532088 -0.04875422
v 0.07265405 -0.01749554 -0.03840562
v 0.08812606 0.01417700 -0.06336585
v 0.08870563 0.01260762 -0.06462791
v 0.08718198 0.01315085 -0.06225852
v 0.08695871 0.01420665 -0.06077581
v 0.08617690 0.01666569 -0.05900339
v 0.08548744 0.01716451 -0.05868707
v 0.08759804 0.01571612 -0.06179824
v 0.07928714 0.00470883 -0.05208882
v 0.08049781 0.00584791 -0.05277703
v 0.07793716 -0.02271959 -0.04648314
v 0.07899715 -0.02835686 -0.04634662
v 0.08622185 -0.01670275 -0.06013699
v 0.08490122 -0.01611356 -0.05756443
v 0.08569566 -0.00623932 -0.06914343
v 0.08547608 0.00243954 -0.06912436
v 0.08381313 0.00217766 -0.06738444
v 0.08454476 -0.00610926 -0.06789724
v 0.07840633 -0.00467899 -0.06554276
v 0.07497258 -0.00396153 -0.06545407
v 0.07443848 -0.00526539 -0.04292987
v 0.07392389 -0.00144140 -0.04100932
v 0.07563573 0.00328261 -0.05064933
v 0.07570738 0.00511887 -0.04919507
v 0.07967442 -0.02096986 -0.06180461
v 0.07608820 -0.02799153 -0.05436409
v 0.07998823 -0.02308522 -0.05991094
v 0.07198367 -0.02830875 -0.05240100
v 0.07178225 -0.02917268 -0.04996773
v 0.07432491 -0.02939739 -0.05148019
v 0.08189529 -0.02062198 -0.05484577
v 0.08416305 -0.01928988 -0.05721562
v 0.07387846 -0.00504736 -0.04893193
v 0.07270657 -0.00660690 -0.05068779
v 0.07204153 -0.00514516 -0.04866884
v 0.08550531 -0.00126015 -0.05928404
v 0.08633768 -0.00919019 -0.05940660
v 0.08049856 0.00819881 -0.04811198
v 0.07763712 -0.00110141 -0.04794233
v 0.07828431 0.00227604 -0.04599400
v 0.08339449 0.01105951 -0.04836972
v 0.08227574 0.00968350 -0.04867260
v 0.08149797 0.00885385 -0.04838812
v 0.08224542 0.00936990 -0.04755556
v 0.06774947 -0.01389937 -0.05060638
v 0.07000901 -0.01559176 -0.04857340
v 0.07158142 -0.01262095 -0.04792194
v 0.08527461 0.01629487 -0.05630813
v 0.08589535 0.01459697 -0.05730630
v 0.08256618 0.00854932 -0.06487603
v 0.08085062 0.00980557 -0.05259760
v 0.08088289 0.00838178 -0.05368353
v 0.07921713 0.02108145 -0.05880747
v 0.07958568 0.01870601 -0.05540926
v 0.07924574 0.01917647 -0.05419970
v 0.07887474 0.02398732 -0.05448817
v 0.07113782 -0.03189030 -0.04650137
v 0.07379894 -0.03160272 -0.04912570
v 0.07347823 -0.03038202 -0.04974119
v 0.07162490 -0.03040215 -0.04795784
v 0.07518127 -0.01864319 -0.04851311
v 0.07317185 -0.01886192 -0.05054214
v 0.08673465 -0.01525908 -0.06308819
v 0.08633213 -0.01618808 -0.06201437
v 0.08742438 -0.01215883 -0.06419758
v 0.08749350 -0.01073222 -0.06518672
v 0.07596621 0.00229445 -0.05567179
v 0.07567214 0.00092816 -0.05425663
v 0.07795059 0.01371957 -0.05699310
v 0.08051696 0.01565989 -0.05820718
v 0.08063874 0.01794007 -0.05506996
v 0.07851087 0.01630921 -0.05507956
v 0.08433747 0.00936364 -0.06667402
v 0.08085547 0.00689184 -0.05351026
v 0.08126891 0.00706840 -0.05423639
v 0.08068683 0.00731187 -0.05305136
v 0.07714325 0.00469380 -0.04842598
v 0.07942701 0.00351582 -0.04842042
v 0.08346109 0.01132841 -0.04956837
v 0.08602088 0.01451409 -0.05207170
v 0.08531935 0.01516805 -0.05344288
v 0.08293988 0.01218372 -0.04978827
v 0.07878926 0.00942116 -0.04868566
v 0.01395118 -0.03599215 -0.12251295
v 0.01584587 -0.02600311 -0.12948065
v -0.04030537 0.04802155 0.03571542
v -0.04840500 0.04637047 0.03026305
v -0.04767715 0.04182155 0.03417980
v -0.04061339 0.04184932 0.03831195
v 0.08119311 0.01874930 -0.04806866
v 0.08123009 0.02012757 -0.05140151
v 0.08235755 0.02092559 -0.05182350
v 0.08181272 0.01942347 -0.04851738
v 0.08691520 0.01310090 -0.06039600
v 0.08947277 0.00965497 -0.06529612
v 0.07717030 -0.00475571 -0.05163958
v 0.07444366 -0.00746363 -0.05227372
v 0.06515449 -0.00823458 -0.05104818
v 0.06543716 -0.00707425 -0.05081604
v 0.06608995 -0.00740443 -0.05180354
v 0.06604098 -0.00828129 -0.05220839
v 0.06952735 -0.01359258 -0.05312251
v 0.07187280 -0.01427282 -0.05211779
v 0.07099057 -0.01566892 -0.05060436
v 0.06908373 -0.01479886 -0.05245477
v 0.06477539 -0.01082626 -0.05165972
v 0.06496606 -0.00942195 -0.05130628
v 0.06571121 -0.00988936 -0.05267192
v 0.06558933 -0.01142422 -0.05347519
v 0.08452965 0.01687140 -0.05473095
v 0.08600289 0.01664669 -0.05674911
v 0.09153786 0.00810015 -0.06378705
v 0.09176722 0.00616098 -0.06501874
v 0.08891270 0.01345716 -0.06258215
v 0.08930394 0.01164933 -0.06387053
v 0.07461925 -0.01275494 -0.04195904
v 0.07566462 -0.01259867 -0.04360139
v 0.07549924 -0.01419539 -0.04353381
v 0.09248120 0.01060802 -0.06349114
v 0.09158210 0.01361015 -0.06550942
v 0.07438978 -0.03004758 -0.03785965
v 0.07329100 -0.03175195 -0.03667771
v 0.04547601 -0.10341557 -0.02478408
v 0.05506520 -0.09740547 -0.03726610
v 0.05471444 -0.10777505 -0.03696525
v 0.04559427 -0.11253993 -0.02419556
v 0.08215308 0.01434051 -0.04734667
v 0.08056400 0.01721152 -0.04732594
v 0.06498139 -0.01278522 -0.05205986
v 0.06503274 -0.01300003 -0.05219333
v 0.06764585 -0.01472338 -0.05183430
v 0.06939597 -0.00889538 -0.04912841
v 0.06583782 -0.00847056 -0.05038989
v 0.06990308 -0.01202780 -0.05293951
v 0.06938569 -0.00686351 -0.05135226
v 0.06920604 -0.00575027 -0.05011301
v 0.07076779 -0.01831018 -0.04756458
v 0.07192314 -0.01910330 -0.04916234
v 0.07336289 -0.01970018 -0.04603114
v 0.06607832 -0.01342492 -0.05372516
v 0.07700787 0.00360443 -0.05366007
v 0.07258090 -0.01165784 -0.05253473
v 0.07399400 -0.01387621 -0.05447197
v 0.07343850 -0.01551455 -0.05351015
v 0.07211207 -0.01338150 -0.05246918
v 0.08060791 -0.02352276 -0.05295538
v 0.08038459 -0.02176839 -0.05309494
v 0.07293343 -0.01797583 -0.05546340
v 0.07588395 -0.01849136 -0.05366457
v 0.07738811 -0.00203026 -0.05172789
v 0.07862968 0.00089059 -0.04942356
v 0.07460530 -0.00494143 -0.04958929
v 0.07261810 -0.00947158 -0.05175548
v 0.07430160 -0.01176113 -0.05409566
v 0.06945889 -0.00779431 -0.04932420
v 0.07261108 -0.00738053 -0.04788313
v 0.07233538 -0.00635757 -0.04818396
v 0.06939168 -0.00684857 -0.04959954
v 0.08262348 0.00855514 -0.05488452
v 0.07928067 0.01531270 -0.04554318
v 0.08123709 0.01196379 -0.04608217
v 0.07996464 0.02529869 -0.07003624
v 0.07788942 0.01675672 -0.07479729
v 0.07869247 0.01752510 -0.06241018
v 0.07054566 -0.01042745 -0.05250656
v 0.06561236 -0.00662752 -0.05087275
v 0.06631826 -0.00718678 -0.05073621
v 0.08655798 -0.01944941 -0.06051783
v 0.07389539 -0.02055137 -0.04539462
v 0.07620157 0.00279039 -0.04899751
v 0.08512735 -0.01117075 -0.06787932
v 0.08432373 -0.01658758 -0.06583633
v 0.07579564 0.00422610 -0.04909223
v 0.07592593 0.00529414 -0.04912283
v 0.07265653 -0.01913497 -0.05008637
v 0.07472207 -0.01922726 -0.04736147
v 0.07625577 0.00553894 -0.04881692
v 0.07604927 -0.01311523 -0.04495993
v 0.08682816 0.00851860 -0.05919085
v 0.07768137 -0.03094902 -0.05380472
v 0.07576124 -0.03239492 -0.05090535
v 0.06624030 -0.00749688 -0.05026797
v 0.06964395 -0.01558256 -0.05008249
v 0.06974575 -0.00853704 -0.05164112
v 0.07480517 -0.00943129 -0.04698078
v 0.07459468 -0.01160171 -0.04669404
v 0.07599032 -0.01084143 -0.04483364
v 0.07677024 -0.01788266 -0.05528990
v 0.07332736 -0.01594198 -0.05745964
v 0.07437003 -0.01507662 -0.05956132
v 0.07863238 -0.01664264 -0.05642384
v 0.08311436 -0.02156901 -0.06337128
v 0.08144573 -0.02600279 -0.06006180
v 0.08375559 -0.02773702 -0.05985719
v 0.08606477 -0.02285292 -0.06323284
v 0.08042667 0.04164387 -0.07875619
v 0.08032040 0.03133739 -0.06335840
v 0.08074552 0.04830074 -0.06760519
v 0.08361687 0.01711383 -0.06261209
v 0.08350170 0.01483485 -0.06404468
v 0.08887056 0.01541334 -0.06629703
v 0.07832459 0.02238401 -0.04962155
v 0.07905181 0.01951971 -0.05289982
v 0.08100333 0.01941342 -0.05138304
v 0.08914677 -0.00669238 -0.06996688
v 0.07644897 0.00425174 -0.04327114
v 0.07857584 0.00435848 -0.04510986
v 0.07862771 -0.01968640 -0.06269013
v 0.08009738 -0.01858735 -0.05364847
v 0.08257850 -0.01773809 -0.05533777
v 0.08905680 0.01688142 -0.05607564
v 0.08714271 0.01484988 -0.05384858
v 0.00978897 -0.11339745 0.00174468
v 0.01048746 -0.11993638 -0.00068814
v 0.01210250 -0.01030917 0.05055918
v 0.01329646 -0.00997673 0.04922529
v 0.01168799 -0.00794636 0.04816551
v 0.01124077 -0.00828450 0.04883558
v 0.01320332 -0.01609849 0.04793241
v 0.01253070 -0.01515174 0.04773797
v 0.01406316 -0.01435280 0.04676389
v 0.01529857 -0.01487571 0.04701735
v 0.01021348 -0.00848879 0.04830204
v 0.00914082 -0.01090225 0.05067199
v 0.01007266 -0.01117550 0.05151388
v 0.01059166 -0.00848754 0.04862901
v 0.08928611 0.01998553 -0.05682732
v 0.01814045 -0.01587541 0.04839187
v 0.01640146 -0.01409847 0.04799393
v 0.01662518 -0.01472942 0.05040528
v 0.01888592 -0.01721680 0.05063142
v 0.00825485 -0.01913923 0.05704394
v 0.00930812 -0.01698725 0.05722930
v 0.00835856 -0.01684305 0.05492818
v 0.00872988 -0.01905387 0.05433855
v 0.01153489 -0.01623891 0.05672150
v 0.01298661 -0.01847168 0.05893579
v 0.01538215 -0.01788111 0.05706772
v 0.01369373 -0.01618647 0.05522040
v 0.00928352 -0.01391939 0.05040845
v 0.00986864 -0.01574398 0.05118302
v 0.00835600 -0.01444918 0.05357874
v 0.01564430 -0.01247089 0.04947481
v 0.01548725 -0.01258043 0.04778364
v 0.01342630 -0.00989457 0.04783688
v 0.01363875 -0.00964558 0.04804183
v 0.04869256 -0.08623350 -0.02311551
v 0.05616151 -0.08370425 -0.03883400
v 0.04038986 0.01118996 0.03755320
v 0.03936539 0.00961689 0.03852078
v 0.03497986 0.00926933 0.03891564
v 0.03590146 0.01054296 0.03726682
v 0.07610091 -0.00875732 -0.04405495
v 0.07520594 -0.00799011 -0.04311862
v 0.08350623 0.01223155 -0.06533261
v 0.08749396 0.01482548 -0.06221063
v 0.08392189 0.01867766 -0.06081612
v 0.08337578 0.02032735 -0.05630036
v 0.08180351 0.01911600 -0.05561373
v 0.08193118 0.01721322 -0.05942294
v 0.09095008 0.01425329 -0.06061390
v 0.07507768 -0.02194274 -0.04483591
v 0.08399619 0.00458657 -0.05748153
v 0.08286151 0.02087668 -0.05390817
v 0.08601142 0.02197625 -0.05436375
v 0.08917655 -0.00647025 -0.06574001
v 0.09171035 0.01288443 -0.06222672
v 0.09053702 0.01130524 -0.06115269
v 0.08443493 0.01303630 -0.04908457
v 0.07691773 -0.01241523 -0.06057615
v 0.08250429 -0.01234546 -0.05787207
v 0.08075779 -0.01503109 -0.05719180
v -0.09155875 0.01193724 -0.06847665
v -0.09170884 0.00951462 -0.06959885
v -0.09237466 0.00772071 -0.06772087
v -0.09219281 0.00971495 -0.06638153
v -0.08855512 -0.00530811 -0.06803066
v -0.08875639 0.00159768 -0.06935102
v -0.08963082 0.00414606 -0.06999692
v -0.09019271 0.00192497 -0.06911457
v 0.07603981 -0.01431568 -0.06032420
v 0.07537083 -0.00018953 -0.05393427
v 0.07245672 -0.01677211 -0.03628027
v 0.08056260 -0.02792431 -0.04985741
v -0.08842722 -0.01536320 -0.06463304
v -0.08733170 -0.01481785 -0.06447631
v -0.08849108 -0.01027339 -0.06621483
v -0.09000827 -0.01065635 -0.06672289
v 0.08149102 -0.02675597 -0.05231729
v 0.03033297 -0.03541189 -0.11684769
v 0.03408522 -0.02462765 -0.12304997
v 0.09104730 -0.00693220 -0.06876089
v 0.08495524 0.01717951 -0.05595026
v 0.07681480 -0.02245726 -0.04573437
v 0.07706375 -0.02784885 -0.04328885
v 0.07563853 -0.02702637 -0.04187519
v 0.08105812 0.00752754 -0.05420025
v 0.07784848 -0.01837203 -0.06273104
v 0.07769592 -0.01620820 -0.06414347
v 0.06623790 -0.00680647 -0.05150627
v 0.08051310 -0.02445165 -0.05978389
v 0.07702561 -0.02934853 -0.05400841
v 0.05904958 -0.07977517 -0.05232715
v 0.05505525 -0.07631468 -0.06821347
v -0.07592823 -0.03561924 -0.03986225
v -0.07854524 -0.03254934 -0.04252031
v -0.07844014 -0.03544737 -0.04396980
v -0.07373077 -0.03702146 -0.04240679
v 0.05732115 -0.08834019 -0.06635314
v 0.05889706 -0.09266661 -0.05178152
v 0.07281091 -0.00311540 -0.03773814
v 0.07335367 -0.01009237 -0.04002701
v 0.07296469 -0.01124359 -0.03823874
v 0.02458202 -0.10463408 -0.00271436
v 0.02206196 -0.11616419 -0.00583743
v 0.07164744 -0.01605416 -0.03295101
v 0.07092316 -0.01570896 -0.02094779
v 0.07111978 -0.00018013 -0.02170388
v 0.07172593 -0.00617027 -0.03240613
v 0.06086133 0.02975474 0.01289262
v 0.06209912 0.03079845 0.00748529
v 0.06296713 0.02193326 0.00893777
v 0.06124752 0.02276504 0.01286784
v 0.01788843 0.08580873 0.02515912
v 0.00836881 0.08684561 0.02739175
v 0.00842784 0.09357832 0.02250160
v 0.01827604 0.09236451 0.02015821
v 0.03598078 -0.01626671 -0.12679483
v 0.03780638 -0.00564854 -0.13098954
v 0.01795852 -0.00849933 -0.13813782
v 0.01685592 -0.01832481 -0.13342629
v 0.01871599 0.10994677 -0.00001953
v 0.00850856 0.11142284 0.00224205
v 0.00871174 0.11673626 -0.00705861
v -0.07042299 -0.03557068 -0.04389223
v -0.07435870 -0.03577143 -0.04823591
v -0.07377610 -0.03256143 -0.04963076
v -0.07060824 -0.03272857 -0.04649227
v 0.01913346 0.11503556 -0.00900347
v 0.05635760 0.00811137 0.02907533
v 0.05722910 0.00384054 0.02948732
v 0.05436247 0.00407718 0.03355631
v 0.05351166 0.00860787 0.03200346
v 0.07719476 -0.03239338 -0.04018192
v 0.07601763 -0.03128283 -0.03920603
v -0.08721070 0.02061841 -0.05608299
v -0.08784501 0.01694366 -0.05555086
v -0.08676471 0.01576364 -0.05373185
v -0.08588882 0.01940032 -0.05391880
v -0.07392771 -0.01075192 -0.06514346
v -0.07225193 -0.01695297 -0.06351607
v -0.07824087 -0.01230565 -0.06595567
v -0.07872281 -0.00970941 -0.06628417
v 0.00898315 0.12136484 -0.01810302
v 0.01968809 0.11948229 -0.01968892
v 0.01439184 0.01288370 0.04187517
v -0.08607730 0.01116576 -0.06266039
v -0.08667566 0.01174744 -0.06535559
v -0.08712818 0.00979939 -0.06639183
v -0.08635975 0.00858029 -0.06420528
v -0.08866338 0.01335583 -0.06934548
v -0.08876345 0.01064995 -0.07067039
v -0.07458274 -0.02624213 -0.04048365
v -0.07322295 -0.02279529 -0.04020977
v -0.07368774 -0.02121884 -0.04149177
v -0.07438754 -0.02229002 -0.04269241
v -0.07619586 -0.01049273 -0.05747285
v -0.07765795 -0.00592216 -0.05508529
v -0.08504187 -0.02552315 -0.05947447
v -0.08529104 -0.02372245 -0.05831084
v -0.08723178 -0.01974090 -0.06156946
v -0.08703557 -0.02109035 -0.06318219
v 0.01527047 0.01509691 0.03953870
v 0.01919291 0.01253862 0.03876317
v 0.01879119 0.01075275 0.04093132
v 0.00809370 0.05742865 0.04042473
v 0.00819081 0.06680249 0.03622860
v 0.01699570 0.06655630 0.03501937
v 0.01671441 0.05781959 0.03933026
v 0.02457290 0.01093024 0.03821195
v 0.02366408 0.00961845 0.04030191
v 0.00839462 0.09999456 0.01639690
v 0.01843243 0.09868442 0.01397110
v 0.01974077 0.12614740 -0.06812897
v -0.08260975 -0.02205062 -0.05662103
v -0.08481627 -0.01909676 -0.05997822
v -0.08538301 -0.01837132 -0.06192254
v -0.08475488 -0.02063641 -0.05980929
v 0.02002217 0.12617971 -0.06001267
v 0.00900676 0.12888874 -0.06042878
v -0.08773580 0.01369577 -0.06368133
v -0.08645164 0.01585049 -0.05890239
v -0.08823289 0.01480231 -0.05745988
v -0.08981977 0.01277652 -0.06147807
v 0.01021062 0.12815981 -0.07260653
v 0.06979595 -0.00233392 -0.09160669
v 0.07291850 -0.00385526 -0.07610424
v 0.07576182 0.00811481 -0.07742724
v 0.07383439 0.01424181 -0.09401539
v 0.03605783 -0.09848280 -0.01004267
v 0.03321041 -0.11014499 -0.01430150
v -0.08000010 0.00205949 -0.06590239
v -0.07837356 0.00691528 -0.06387734
v -0.07777094 0.00607330 -0.06361929
v -0.07920671 0.00179648 -0.06561453
v -0.08855750 0.01093436 -0.06777278
v -0.08894602 0.00879162 -0.06886367
v -0.08757208 0.00754079 -0.06762544
v -0.07860855 0.00798592 -0.05174626
v -0.08037632 0.00929743 -0.05388936
v -0.07995238 0.00786727 -0.05480563
v -0.08011044 0.00657893 -0.05395962
v -0.07745104 -0.03599929 -0.04781066
v -0.07087956 -0.02541968 -0.05705211
v -0.07245772 -0.02483973 -0.05864209
v -0.07527696 -0.02068382 -0.06141499
v -0.07378154 -0.01964870 -0.06188741
v 0.05309398 0.05132774 0.01722351
v 0.05284037 0.05682194 0.01274438
v 0.05706910 0.04971169 0.00919019
v 0.05626975 0.04494696 0.01452795
v 0.00768460 0.04380601 0.04596879
v 0.01582785 0.04314966 0.04473584
v 0.01356367 0.03788351 0.04354201
v 0.00666920 0.03931300 0.04542363
v -0.07081427 -0.03364792 -0.03833902
v -0.07456470 -0.03361513 -0.03813086
v -0.07514883 -0.03466266 -0.03916565
v -0.07168233 -0.03583159 -0.03959719
v 0.06136482 0.01630344 0.01399224
v 0.06334078 0.01353569 0.01149460
v 0.06277522 0.00829543 0.01706095
v 0.06039824 0.01122477 0.01834628
v 0.05836053 0.00832346 0.02553583
v -0.08100302 0.01253256 -0.05405624
v -0.08254772 0.01193688 -0.05596014
v -0.08104838 0.01111133 -0.05537552
v -0.08020411 0.01144605 -0.05387855
v 0.05945813 0.00402320 0.02594347
v -0.08771648 -0.00010734 -0.06769432
v -0.08669207 0.00613344 -0.06559587
v 0.01721602 0.07700934 0.03068961
v 0.00804414 0.07761245 0.03238932
v 0.05949696 0.04049362 0.00654777
v 0.05883614 0.03738929 0.01288103
v 0.01174855 0.01545244 0.04435439
v 0.01264241 0.01723114 0.04103409
v 0.01010295 0.02119465 0.04333768
v -0.08749627 -0.00905644 -0.06216967
v -0.08726370 -0.00867549 -0.06525651
v -0.08726734 -0.01270098 -0.06338152
v -0.08701012 -0.01291490 -0.06053475
v 0.00557719 0.02052760 0.04851627
v 0.00519926 0.02435871 0.04662823
v 0.00995660 0.02437108 0.04419345
v 0.03399248 0.05845930 0.03241933
v 0.03412448 0.06529447 0.02778152
v 0.04121022 0.06510954 0.02265325
v 0.04124911 0.05819351 0.02699048
v 0.01855888 0.10445086 0.00745531
v -0.08724598 -0.00128377 -0.06233688
v -0.08728461 -0.00112166 -0.06568298
v 0.00839789 0.10580216 0.00982238
v 0.00545914 0.03269452 0.04496675
v 0.01067242 0.03264247 0.04332489
v 0.01008614 0.02959978 0.04356286
v -0.09044708 0.00696695 -0.06681585
v -0.09090738 0.00123604 -0.06771696
v -0.08976640 0.00763681 -0.06775949
v -0.07656810 0.00955600 -0.06132355
v -0.07687286 0.01261596 -0.06516035
v -0.07633117 0.00657948 -0.06699077
v -0.07680810 0.00725365 -0.06292897
v 0.00542178 0.02980828 0.04528165
v 0.02943511 0.00929224 0.03966719
v 0.03006771 0.01021738 0.03730872
v 0.06762673 -0.03142763 -0.04666666
v 0.06930705 -0.03271129 -0.04498873
v 0.07391217 0.01505492 -0.03539763
v 0.07258747 0.00445186 -0.03347781
v 0.07142518 0.01312283 -0.02249354
v 0.07270246 0.02520029 -0.02589700
v 0.07441797 0.03728329 -0.02955126
v 0.07530324 0.04504084 -0.03451341
v 0.07716342 0.02934958 -0.04118517
v 0.07567510 0.02404033 -0.03774758
v 0.05342335 -0.08550770 -0.07996552
v 0.05061748 -0.07592734 -0.08287174
v 0.00575727 0.01718167 0.05125485
v 0.00567738 0.01383142 0.05363081
v 0.02027556 0.03395661 -0.14833069
v -0.07347938 -0.01719228 -0.04224917
v -0.07455815 -0.01503964 -0.04383275
v -0.07310840 -0.01706798 -0.04534326
v -0.07293575 -0.01978665 -0.04439814
v 0.01970525 0.02012027 -0.14676534
v 0.04020715 0.02427837 -0.13826041
v 0.04049932 0.03750186 -0.13941032
v 0.06668139 -0.01291641 -0.08807158
v -0.07598453 -0.02273404 -0.06020141
v -0.07319169 -0.02584851 -0.05785113
v -0.07371061 -0.02655243 -0.05726328
v -0.07627390 -0.02432271 -0.05884609
v 0.07031481 -0.01243944 -0.07369578
v 0.01489803 -0.01323479 0.05103235
v 0.01158689 -0.00764213 0.04743181
v 0.01226803 -0.01029460 0.04794966
v 0.01168639 -0.00780909 0.04735991
v 0.01558345 -0.01574048 0.05312941
v 0.01765372 -0.01757405 0.05434905
v 0.01309776 -0.01323792 0.04675540
v 0.01186718 -0.01367125 0.04718278
v 0.01140224 -0.01032520 0.04823676
v 0.01191071 -0.00758431 0.04760727
v 0.00426374 -0.02220212 0.05852170
v 0.00450661 -0.02228478 0.06214166
v 0.00907648 -0.02093950 0.06154744
v 0.00799387 -0.02120337 0.05906234
v 0.01041907 -0.00832567 0.04814877
v 0.00948961 -0.01092332 0.04942027
v 0.00912597 -0.01421587 0.05515998
v 0.01105514 -0.01074971 0.05144254
v 0.01092872 -0.00838023 0.04882810
v 0.01119245 -0.01370931 0.05449156
v 0.01022957 -0.01780129 0.05138784
v 0.01311097 -0.01337301 0.05307245
v -0.08421255 0.01275196 -0.05778813
v -0.08462038 0.00852521 -0.05882393
v -0.08320295 0.00849545 -0.05776881
v -0.07861988 -0.02117870 -0.04964861
v -0.07905158 -0.01998285 -0.05167539
v -0.08018789 -0.02261238 -0.05274830
v -0.07978544 -0.02454757 -0.05090052
v 0.07863722 -0.01951025 -0.05226221
v 0.05760028 -0.06586002 -0.03275557
v 0.06209247 -0.05010733 -0.03996217
v 0.06163404 -0.05107772 -0.04581485
v -0.08107698 -0.03194986 -0.05356360
v -0.07851838 -0.03237010 -0.05462644
v -0.07661340 -0.03444836 -0.05124404
v -0.07937190 -0.03425169 -0.05070764
v -0.07427137 -0.02088651 -0.04350399
v -0.07334334 -0.01976394 -0.04195773
v -0.08179034 0.00253210 -0.06763314
v -0.08114123 0.00816037 -0.06495594
v 0.05928789 -0.06702892 -0.04170190
v 0.08258517 0.00704035 -0.05534379
v 0.06468281 0.05627208 -0.00713832
v 0.06591714 0.06784768 -0.01537696
v 0.07176130 0.05663655 -0.02619636
v -0.08591714 0.00714435 -0.06221004
v -0.08643816 0.00500242 -0.06341416
v 0.07151636 0.04653962 -0.02136574
v 0.06662460 0.07770404 -0.02305178
v 0.07213613 0.06737301 -0.03322568
v 0.07592409 0.05571445 -0.04243553
v 0.07918271 0.03518174 -0.05535867
v 0.04746040 0.01952050 0.03114999
v 0.04763589 0.01936747 0.03136260
v 0.04621625 0.01924693 0.03269118
v -0.07612889 -0.00490729 -0.04792464
v -0.07456096 -0.00457942 -0.04972666
v -0.07486510 -0.00542224 -0.04954527
v -0.07680371 -0.00630962 -0.04760379
v 0.04630133 0.01935550 0.03236470
v 0.04697047 0.01966897 0.03050551
v 0.04562317 0.01942737 0.03176209
v -0.07599553 -0.00518861 -0.04640856
v -0.07649193 -0.00675124 -0.04621221
v -0.07574789 -0.00674388 -0.04537299
v -0.07539641 -0.00592754 -0.04523930
v 0.04784324 0.01991935 0.02948152
v 0.04839899 0.01967957 0.03006557
v 0.04866902 0.01949283 0.03030801
v 0.02998886 0.02022411 0.03455636
v 0.03105921 0.02043656 0.03393135
v 0.03398850 0.01981549 0.03426988
v 0.03282340 0.01978803 0.03531409
v 0.02983934 0.01990667 0.03514533
v 0.03301904 0.01935716 0.03586728
v -0.07389822 -0.00442682 -0.05005087
v -0.07427645 -0.00469686 -0.04987833
v -0.07444664 -0.00418460 -0.04992462
v -0.07740771 -0.00160957 -0.06115812
v -0.07834577 -0.00907740 -0.06154794
v -0.07739626 -0.01016728 -0.06194974
v -0.07821818 -0.00425224 -0.06048454
v 0.03403987 0.02250503 0.02866702
v 0.03330487 0.02278757 0.02853619
v -0.08766635 -0.00763862 -0.06691301
v 0.03503133 0.02213802 0.02881794
v 0.02841175 0.02202214 0.03207169
v 0.02845829 0.02308663 0.03214584
v -0.08384060 0.01588148 -0.05017804
v -0.08294482 0.01864777 -0.04979683
v -0.08540957 0.02110917 -0.05363536
v 0.03279930 0.02369080 0.02854726
v 0.03280955 0.02302433 0.02849366
v 0.02890804 0.02147486 0.03206525
v -0.07343115 -0.01841267 -0.05479548
v -0.07683460 -0.01807335 -0.05213131
v -0.07596885 -0.01798583 -0.05055865
v -0.07384629 -0.01847307 -0.05299034
v -0.07407221 -0.01326632 -0.04849042
v -0.07180389 -0.01622154 -0.04813805
v -0.07515061 -0.01470570 -0.04630490
v -0.07587888 0.00053243 -0.04644847
v -0.07556360 -0.00323955 -0.04878430
v -0.07562943 -0.00412232 -0.04758886
v -0.07551836 -0.00377782 -0.04637818
v -0.08841670 -0.01603132 -0.06599899
v -0.08947919 -0.01087728 -0.06840774
v -0.08792719 -0.01102652 -0.06991462
v -0.08690447 -0.01653597 -0.06749008
v 0.02700075 0.02118995 0.03275207
v 0.02581869 0.02130858 0.03242516
v -0.07235003 -0.02973977 -0.03765839
v -0.06691825 -0.03175329 -0.04159068
v -0.07128953 -0.02671874 -0.03876620
v -0.09042972 0.01797245 -0.06381872
v -0.08855069 0.01953346 -0.06404903
v -0.08873536 0.01773004 -0.06613798
v -0.09093927 0.01623863 -0.06579053
v -0.07584629 0.00139397 -0.05395172
v -0.07568608 -0.00056270 -0.05385234
v -0.07608537 0.00046272 -0.05263384
v -0.07580271 0.00260239 -0.05256149
v 0.02586497 0.02279510 0.03253354
v 0.03826080 0.01861458 0.03602004
v 0.03861108 0.01787777 0.03600931
v 0.03403500 0.01814284 0.03612600
v 0.03351253 0.01882312 0.03607653
v 0.03792289 0.01913743 0.03582828
v 0.04131826 0.01933374 0.03486759
v 0.04145325 0.01878113 0.03508346
v 0.04170996 0.01801629 0.03500184
v -0.05266955 -0.03320150 -0.09538296
v -0.06069243 -0.03291626 -0.07695760
v -0.06474321 -0.01953032 -0.08501455
v -0.05762840 -0.01998301 -0.10050960
v -0.08229946 -0.02913116 -0.05270645
v -0.08157822 -0.03119960 -0.05021307
v -0.07765259 0.00785222 -0.04532010
v -0.07711697 0.00958694 -0.04395050
v -0.07761383 0.01510518 -0.04550805
v -0.07850332 0.01199098 -0.04590708
v 0.03054292 0.01876001 0.03582731
v 0.03026613 0.01949458 0.03556794
v 0.04186393 0.01739145 0.03474896
v 0.03907708 0.01726930 0.03578971
v -0.08957260 0.00317988 -0.07249842
v -0.09194509 0.00257696 -0.07109524
v 0.03436643 0.01756471 0.03600023
v 0.03044865 0.01839471 0.03590667
v 0.02715807 0.01917212 0.03518355
v 0.02845448 0.01948996 0.03532935
v 0.03916612 0.01702378 0.03510991
v 0.03897363 0.01644780 0.03498143
v 0.03469101 0.01632411 0.03582382
v 0.03456002 0.01680074 0.03546339
v -0.08067444 0.01241369 -0.05256464
v -0.08221036 0.01534640 -0.05548766
v -0.08083820 0.01322426 -0.05433539
v -0.07999141 0.01177104 -0.05275400
v -0.08042303 0.00458837 -0.04993010
v -0.08102588 0.00578682 -0.04986827
v -0.07925025 0.00659724 -0.05008485
v -0.07833360 0.00535319 -0.05029736
v 0.04171906 0.01716867 0.03405372
v 0.04172799 0.01655497 0.03427359
v -0.07631107 0.01453406 -0.04285986
v -0.07694991 0.01948408 -0.04607657
v 0.04977808 0.01937974 0.02856939
v 0.05034443 0.01982492 0.02771890
v 0.05022793 0.01921370 0.02773660
v -0.06872735 -0.02563946 -0.05664212
v 0.04981500 0.01882521 0.02820922
v 0.05192321 0.01741938 0.02647930
v 0.05248591 0.01832795 0.02545194
v 0.05351919 0.01759884 0.02384465
v -0.07958307 0.00663609 -0.04729773
v -0.08030685 0.00922166 -0.04753887
v -0.08152389 0.00762854 -0.04976821
v -0.07188784 -0.02195212 -0.03887347
v -0.07272406 -0.02026065 -0.04063728
v -0.07972699 0.01149715 -0.05249074
v -0.07916798 0.01033866 -0.05231805
v -0.07789226 0.00641688 -0.05073106
v -0.07884645 0.00560906 -0.05289176
v 0.05305494 0.01647031 0.02544268
v -0.08301304 -0.00077507 -0.05881621
v -0.08415291 -0.00862347 -0.05913069
v 0.05993627 0.00964427 0.02195583
v 0.05527184 0.01422391 0.02449207
v 0.05614492 0.01545030 0.02238220
v 0.04922505 0.01926075 0.02940561
v 0.04861063 0.01909399 0.03036190
v 0.04926346 0.01961378 0.02936800
v 0.04978870 0.01986902 0.02844587
v 0.04927088 0.01855569 0.02903017
v 0.04858235 0.01843682 0.03010352
v 0.04760579 0.01902405 0.03137782
v 0.04749155 0.01834490 0.03129479
v 0.04607265 0.01821505 0.03263807
v 0.04608957 0.01892756 0.03276528
v 0.04410194 0.01886206 0.03401723
v -0.06792137 -0.01891713 -0.07125380
v -0.06441250 -0.03198591 -0.05718219
v 0.04441559 0.01929691 0.03373480
v 0.04421436 0.01803993 0.03383005
v 0.04611861 0.01758244 0.03224406
v 0.04426478 0.01742419 0.03352799
v 0.04743515 0.01760801 0.03078241
v 0.04860175 0.01777348 0.02955979
v 0.04934155 0.01800352 0.02850891
v 0.05008636 0.01838128 0.02770105
v 0.05058413 0.01891048 0.02713660
v 0.04868059 0.01761601 0.02764854
v 0.04963047 0.01746791 0.02760901
v 0.04829369 0.01704841 0.02866197
v 0.04798609 0.01722874 0.02891384
v 0.05018370 0.01829081 0.02722011
v 0.05106392 0.01801038 0.02699254
v -0.07813911 0.00698245 -0.05031292
v -0.07829951 0.00744108 -0.05036942
v -0.07775562 0.00676555 -0.05003079
v -0.07735030 0.00594259 -0.05061975
v 0.04709205 0.01713517 0.03013866
v 0.04741555 0.01688648 0.03019208
v 0.04563253 0.01668002 0.03133363
v 0.04555659 0.01711969 0.03151222
v -0.08065126 -0.03306731 -0.04770734
v -0.08206127 0.00534052 -0.05741396
v -0.07989415 0.00310777 -0.05519457
v -0.08108087 0.00525713 -0.05548832
v 0.04396826 0.01709108 0.03273221
v 0.04432743 0.01635527 0.03303956
v -0.09033556 -0.00621976 -0.06668420
v -0.09199249 0.00107472 -0.06704156
v -0.09308755 0.00123777 -0.06854475
v -0.09144772 -0.00632381 -0.06804106
v 0.03774448 0.01934799 0.03533477
v 0.03748702 0.01947740 0.03405346
v 0.04053040 0.01942741 0.03370297
v 0.04153396 0.01938499 0.03435941
v 0.04454550 0.01932175 0.03334275
v -0.06862164 -0.03442387 -0.04260154
v -0.07573246 -0.00122731 -0.05500601
v -0.07705585 -0.00259852 -0.05450765
v 0.04335477 0.01952736 0.03276017
v 0.04066507 0.01951006 0.03223850
v 0.03889390 0.02134474 0.02846270
v 0.04017666 0.02127859 0.02809221
v 0.04291658 0.01957867 0.03142102
v -0.07753919 0.00415006 -0.05328912
v -0.07668868 0.00506655 -0.05073895
v 0.03791848 0.01956550 0.03262824
v 0.03758550 0.02152085 0.02854570
v 0.03491086 0.01990495 0.03280227
v -0.07276055 -0.01725983 -0.04036896
v 0.03628744 0.02175948 0.02879076
v 0.03219412 0.02037336 0.03278406
v 0.03820929 0.03041492 0.03802074
v 0.03810919 0.03106984 0.03913085
v 0.04374649 0.03048876 0.03695705
v 0.04312367 0.02977061 0.03618256
v 0.05082678 -0.00224704 -0.12041051
v 0.05237327 0.01271378 -0.12571332
v 0.03967498 0.00815109 -0.13540109
v 0.04706816 0.02793670 0.03473520
v 0.04656797 0.02889277 0.03468005
v 0.04899560 0.02745062 0.03260944
v 0.04931920 0.02666284 0.03238507
v 0.04691739 0.02662298 0.03458727
v -0.08735345 0.01439985 -0.06538939
v -0.08810181 0.01283863 -0.06651670
v -0.08633451 0.01329086 -0.06434637
v -0.08614546 0.01434853 -0.06290734
v -0.08539252 0.01681088 -0.06118017
v -0.08484586 0.01724953 -0.06075184
v -0.08677238 0.01589805 -0.06388850
v -0.07953884 0.00465526 -0.05380829
v -0.08037030 0.00580214 -0.05473676
v 0.04898998 0.02532643 0.03222504
v 0.04398363 0.02786578 0.03704997
v -0.07857706 -0.02229141 -0.04800892
v -0.07924163 -0.02765050 -0.04778975
v -0.08631548 -0.01613847 -0.06105262
v -0.08596480 -0.01575239 -0.05810713
v -0.08529956 -0.00560534 -0.07062158
v -0.08527915 0.00296063 -0.07074159
v -0.08374289 0.00268060 -0.06878746
v -0.08414692 -0.00544892 -0.06926767
v 0.04406496 0.02932734 0.03698524
v 0.04348360 0.02988439 0.03627655
v 0.04710913 0.02406718 0.02728333
v 0.04627958 0.02492552 0.02811787
v -0.07867011 -0.00411621 -0.06645216
v -0.07553635 -0.00338953 -0.06616557
v -0.07507807 -0.00507889 -0.04472653
v -0.07447355 -0.00132695 -0.04280491
v -0.07625234 0.00320911 -0.05254734
v -0.07639419 0.00486961 -0.05113899
v -0.07973456 -0.02029289 -0.06286088
v -0.07589743 -0.02725759 -0.05544911
v -0.07988545 -0.02235432 -0.06110629
v -0.07192622 -0.02789357 -0.05350197
v -0.07164488 -0.02875696 -0.05118792
v -0.07408369 -0.02881615 -0.05270949
v 0.04750555 0.02500440 0.02957582
v 0.04830813 0.02407924 0.02820286
v 0.04753538 0.02363786 0.02667555
v 0.04875784 0.02349471 0.02727895
v 0.04307749 0.02352609 0.02546435
v 0.04271973 0.02383434 0.02583643
v 0.04212531 0.02423236 0.02639395
v -0.08291511 -0.02025598 -0.05543577
v -0.08465840 -0.01878048 -0.05809989
v 0.04329033 0.02325061 0.02526690
v -0.07456204 -0.00485094 -0.05053621
v -0.07350460 -0.00640259 -0.05229608
v -0.07268225 -0.00489441 -0.05034758
v -0.08584639 -0.00126614 -0.06038150
v -0.08675369 -0.00889331 -0.06028120
v -0.08061821 0.00796369 -0.05053834
v 0.04344284 0.02294534 0.02521862
v -0.07823279 -0.00093739 -0.04987005
v -0.07865207 0.00235083 -0.04820453
v -0.08367731 0.01088885 -0.05060015
v -0.08238463 0.00943953 -0.05110300
v -0.08151925 0.00864821 -0.05085047
v -0.08231153 0.00922639 -0.04995736
v -0.06806397 -0.01360893 -0.05190356
v -0.07025938 -0.01530142 -0.04994865
v -0.07184061 -0.01230155 -0.04937824
v 0.04361468 0.02259323 0.02526641
v 0.04329057 0.02233562 0.02539569
v 0.06110017 -0.00307867 0.02513553
v 0.06161270 0.00553128 0.02179328
v -0.08457894 0.01643388 -0.05848425
v -0.08508710 0.01473805 -0.05945334
v -0.08232559 0.00899777 -0.06636843
v 0.06324276 -0.00121789 0.02027844
v 0.04899079 0.01990151 0.02908035
v -0.08086366 0.00957228 -0.05476829
v -0.08040360 0.00835874 -0.05582701
v 0.04951424 0.02021626 0.02817995
v -0.07903282 0.02083532 -0.05965687
v -0.07956609 0.01840228 -0.05642543
v -0.07928926 0.01882435 -0.05533429
v -0.07883080 0.02347259 -0.05543679
v 0.04834097 0.02015513 0.02859129
v -0.07093859 -0.03123219 -0.04775172
v -0.07351885 -0.03092701 -0.05050065
v -0.07323353 -0.02981219 -0.05104318
v -0.07140740 -0.02986801 -0.04914223
v -0.07535905 -0.01808320 -0.05002421
v -0.07380859 -0.01857170 -0.05195991
v 0.04875385 0.02060728 0.02780409
v -0.08652746 -0.01479441 -0.06429221
v -0.08617786 -0.01567132 -0.06309806
v -0.08712950 -0.01169722 -0.06535995
v -0.08722086 -0.01029508 -0.06643378
v 0.05001277 0.02066052 0.02733149
v 0.05044061 0.02038982 0.02743403
v 0.04611817 0.01986536 0.02962441
v 0.04213659 0.02141434 0.02711210
v 0.04279314 0.02154143 0.02656908
v -0.07629982 0.00224727 -0.05711945
v -0.07607728 0.00110714 -0.05597735
v -0.07827853 0.01355676 -0.05815085
v -0.08068471 0.01548279 -0.05944834
v -0.08067705 0.01772924 -0.05642863
v -0.07880382 0.01608074 -0.05633915
v -0.08404943 0.00984369 -0.06816158
v 0.04691712 0.02015970 0.02877206
v 0.04473095 0.01960384 0.03072055
v 0.04122664 0.02131863 0.02765743
v 0.04266884 0.02190569 0.02600656
v 0.04304160 0.02206022 0.02565978
v -0.08052972 0.00683268 -0.05553866
v -0.08079793 0.00700581 -0.05630482
v 0.04695878 0.02062572 0.02791601
v -0.08035666 0.00723384 -0.05510123
v 0.04745141 0.02109682 0.02720926
v 0.04903796 0.02117191 0.02721130
v -0.07762197 0.00453268 -0.05050899
v -0.07980927 0.00348655 -0.05066378
v -0.08331904 0.01117953 -0.05196359
v -0.08568229 0.01455213 -0.05426818
v -0.08474190 0.01517430 -0.05574089
v -0.08281524 0.01198086 -0.05210093
v 0.04822508 0.02199425 0.02645955
v 0.04812486 0.02254093 0.02638026
v 0.04942818 0.02155578 0.02694476
v -0.07901700 0.00913116 -0.05072947
v 0.04951812 0.02222557 0.02679994
v 0.04784629 0.02162084 0.02667612
v -0.01487792 -0.03580462 -0.12256092
v -0.01652438 -0.02583049 -0.12955922
v 0.04793150 0.02310643 0.02642840
v 0.04929266 0.02283618 0.02699020
v 0.05063367 0.01986659 0.02725961
v 0.05076352 0.02072406 0.02694044
v 0.05120233 0.02137152 0.02623052
v 0.05098213 0.01971702 0.02668381
v -0.08177116 0.01835695 -0.04946823
v -0.08171141 0.01976688 -0.05281331
v -0.08287667 0.02058941 -0.05327997
v -0.08240963 0.01905799 -0.04992257
v -0.08604738 0.01322445 -0.06254882
v 0.05143693 0.01967356 0.02580473
v 0.05095295 0.01889010 0.02670564
v 0.05193255 0.02192850 0.02578844
v 0.05265074 0.02222945 0.02602005
v -0.08905745 0.01005670 -0.06691819
v -0.07802793 -0.00452207 -0.05339852
v -0.07542250 -0.00730536 -0.05392629
v 0.05174050 0.01977014 0.02550358
v 0.05125887 0.01874368 0.02599411
v 0.05047853 0.02123525 0.02687630
v -0.06576931 -0.00803879 -0.05247546
v -0.06608643 -0.00689757 -0.05228424
v -0.06674075 -0.00717646 -0.05321154
v -0.06669733 -0.00807687 -0.05365003
v 0.05049923 0.02171383 0.02660777
v 0.05168470 0.02314287 0.02706588
v -0.07002822 -0.01325704 -0.05460726
v -0.07225198 -0.01398230 -0.05354293
v -0.07121128 -0.01538466 -0.05201760
v -0.06938283 -0.01449587 -0.05381193
v 0.05224172 0.02355581 0.02738361
v 0.05100722 0.02252355 0.02712161
v 0.05062311 0.02325435 0.02833972
v 0.05122508 0.02406333 0.02836855
v -0.06532764 -0.01059614 -0.05295363
v -0.06555690 -0.00921249 -0.05266442
v -0.06636336 -0.00967364 -0.05407722
v -0.06598952 -0.01113939 -0.05471239
v 0.05174940 0.02456234 0.02893186
v 0.05060001 0.02529558 0.03020569
v -0.08382054 0.01688983 -0.05693756
v -0.08539966 0.01673388 -0.05887551
v 0.05050441 0.02596626 0.03042319
v 0.04999805 0.02433262 0.02988065
v 0.05030271 0.02245158 0.02709686
v -0.09117600 0.00868595 -0.06536023
v -0.09142701 0.00678298 -0.06626523
v -0.08833382 0.01377162 -0.06447688
v -0.08886044 0.01199642 -0.06561898
v 0.04990125 0.02305286 0.02795703
v 0.04922806 0.02394229 0.02922264
v 0.04841109 0.02473162 0.03135789
v -0.07469606 -0.01247535 -0.04386385
v -0.07580729 -0.01230238 -0.04542674
v -0.07550655 -0.01386321 -0.04536243
v -0.09224024 0.01106735 -0.06500344
v -0.09132507 0.01402924 -0.06707105
v -0.07504760 -0.02942928 -0.03923556
v -0.07392682 -0.03117564 -0.03777320
v -0.04412598 -0.10220097 -0.02674489
v -0.05432259 -0.09617680 -0.03875659
v -0.05379310 -0.10647559 -0.03759585
v -0.04456803 -0.11156151 -0.02618447
v -0.08277858 0.01417708 -0.04893303
v -0.08120798 0.01696068 -0.04870504
v 0.04664820 0.02583655 0.03366076
v 0.04589048 0.02583921 0.03162016
v 0.04370084 0.02702177 0.03605137
v -0.06537369 -0.01251477 -0.05335344
v -0.06538353 -0.01269173 -0.05338476
v -0.06796430 -0.01439414 -0.05307578
v -0.06989820 -0.00865115 -0.05059090
v -0.06641601 -0.00826540 -0.05179000
v 0.04306336 0.02646452 0.03371977
v 0.03825336 0.03234741 0.03971519
v 0.04438628 0.03155453 0.03693406
v 0.04262667 0.02644011 0.03143843
v 0.03971460 0.02508465 0.02796461
v 0.03832497 0.02532791 0.02847962
v 0.03953755 0.02706852 0.03247954
v -0.07064090 -0.01179166 -0.05443854
v 0.02915847 0.02396754 0.03263276
v 0.03014106 0.02490392 0.03326858
v -0.07013578 -0.00664803 -0.05279927
v -0.06986591 -0.00556737 -0.05169887
v -0.07108268 -0.01803579 -0.04888040
v -0.07232498 -0.01895254 -0.05056170
v -0.07387643 -0.01938056 -0.04746779
v -0.06630318 -0.01309753 -0.05483424
v -0.07734203 0.00372761 -0.05539782
v 0.03376333 0.02460054 0.02919885
v 0.03318616 0.02421506 0.02886751
v 0.02728005 0.02373242 0.03350411
v 0.02874147 0.02488085 0.03441569
v -0.07346459 -0.01145619 -0.05413686
v -0.07475892 -0.01360474 -0.05592341
v -0.07394863 -0.01521961 -0.05492208
v -0.07283378 -0.01312397 -0.05401801
v -0.08095807 -0.02302020 -0.05407863
v -0.08116003 -0.02131462 -0.05394648
v -0.07317819 -0.01764217 -0.05719336
v -0.07659601 -0.01803512 -0.05508921
v -0.07806742 -0.00175337 -0.05361695
v -0.07917807 0.00096563 -0.05147568
v -0.07535077 -0.00479234 -0.05121104
v -0.07350078 -0.00921796 -0.05341781
v -0.07540437 -0.01156108 -0.05557990
v -0.07002299 -0.00758153 -0.05086453
v -0.07314241 -0.00713953 -0.04953016
v -0.07292419 -0.00612392 -0.04985252
v -0.07002373 -0.00664370 -0.05117138
v -0.08190345 0.00852220 -0.05709239
v -0.07964426 0.01518629 -0.04692687
v -0.08130796 0.01190073 -0.04805296
v -0.07959214 0.02578906 -0.07100273
v -0.07765217 0.01756644 -0.07580094
v -0.07838018 0.01762435 -0.06327382
v -0.07134645 -0.01016479 -0.05419818
v -0.06630430 -0.00644717 -0.05240963
v -0.06696746 -0.00700693 -0.05220306
v -0.08614008 -0.01885660 -0.06182836
v -0.07461408 -0.02015450 -0.04684398
v -0.07677388 0.00271831 -0.05091159
v -0.08483256 -0.01052485 -0.06928292
v -0.08391136 -0.01586304 -0.06723253
v -0.07638558 0.00406492 -0.05100216
v -0.07654443 0.00506159 -0.05108890
v -0.07323746 -0.01892652 -0.05145329
v -0.07481072 -0.01868866 -0.04890323
v -0.07682849 0.00527867 -0.05085300
v -0.07605290 -0.01276807 -0.04672262
v -0.08593773 0.00846926 -0.06127815
v 0.03380311 0.02635905 0.03389117
v 0.03564903 0.02504320 0.02944785
v -0.07705525 -0.03008214 -0.05525947
v -0.07527594 -0.03151053 -0.05232108
v 0.03457357 0.02483455 0.02942901
v -0.06684679 -0.00730809 -0.05171077
v 0.03191218 0.02568361 0.03358759
v -0.06994598 -0.01524140 -0.05142011
v -0.07045130 -0.00827387 -0.05318614
v 0.03283370 0.02665842 0.03605044
v 0.03048307 0.02574310 0.03518464
v 0.03964135 0.02701940 0.03537006
v -0.07510772 -0.00917044 -0.04872727
v -0.07469786 -0.01126768 -0.04836784
v -0.07625034 -0.01058099 -0.04665617
v 0.02162455 0.07022876 -0.14489496
v 0.02121085 0.05432646 -0.14828908
v -0.07778326 -0.01740437 -0.05640825
v -0.07411847 -0.01566157 -0.05901735
v -0.07580841 -0.01471985 -0.06049130
v -0.07985084 -0.01620090 -0.05723676
v -0.08258411 -0.02078535 -0.06488515
v -0.08093238 -0.02511491 -0.06150117
v -0.08294247 -0.02651313 -0.06126193
v -0.08538210 -0.02191089 -0.06475043
v 0.04083144 0.05635730 -0.13938516
v 0.04072469 0.07015999 -0.13662946
v -0.08028268 0.04195232 -0.07953944
v -0.08003041 0.03158079 -0.06434745
v -0.08072603 0.04845813 -0.06840859
v -0.08372127 0.01710324 -0.06386112
v -0.08343533 0.01500515 -0.06534420
v -0.08876722 0.01568485 -0.06786717
v -0.07858799 0.02177467 -0.05072570
v -0.07912473 0.01906062 -0.05412071
v -0.08136806 0.01897952 -0.05274097
v -0.08865262 -0.00604861 -0.07151324
v 0.04441001 0.02556168 0.02972576
v 0.04108803 0.02472408 0.02717388
v 0.05068917 0.07133692 -0.12896007
v 0.04976789 0.08005717 -0.12608097
v 0.04108179 0.08197100 -0.13154764
v 0.03657274 -0.06345110 -0.10040337
v 0.02646408 -0.07475659 -0.10747674
v -0.07676757 0.00420583 -0.04548451
v -0.07884147 0.00432830 -0.04747970
v 0.02497154 0.02329617 0.03486579
v -0.07880727 -0.01913423 -0.06375273
v 0.02682578 0.02445675 0.03557419
v -0.08116660 -0.01814193 -0.05427254
v -0.08355089 -0.01724698 -0.05588582
v -0.08922599 0.01701442 -0.05762301
v -0.08688314 0.01503193 -0.05582102
v 0.02374042 0.02229949 0.03426470
v 0.02281637 0.02211568 0.03431045
v 0.02410087 0.02329289 0.03502879
v 0.02573747 0.02457095 0.03578131
v 0.02917120 0.02562144 0.03626807
v 0.02824026 0.02593198 0.03684720
v 0.03185877 0.02733424 0.03826587
v 0.03190685 0.02658642 0.03739095
v 0.03973024 0.02778260 0.03783218
v 0.03984196 0.02858607 0.03859336
v 0.03113832 0.02831853 0.03793211
v 0.02749008 0.02667829 0.03661902
v 0.02968955 0.02898137 0.03829562
v 0.02661305 0.02737241 0.03756756
v 0.03901120 0.03013719 0.03695237
v 0.03993046 0.02982484 0.03802835
v 0.02677428 0.02008281 0.03468118
v 0.02442624 0.02031972 0.03447467
v 0.02740073 0.02053495 0.03426973
v 0.02506849 0.02080990 0.03405143
v 0.02863844 0.02077793 0.03344212
v 0.02403572 0.02124175 0.03391885
v 0.02305081 0.02096854 0.03428502
v -0.01086492 -0.11351950 0.00280863
v -0.01101737 -0.11990602 -0.00002233
v 0.02996842 0.02085092 0.03242371
v 0.02320969 0.02322027 0.03459425
v 0.02188430 0.02203147 0.03424212
v 0.02124643 0.02326836 0.03426895
v 0.02000701 0.02173953 0.03366886
v 0.02387245 0.02566545 0.03628581
v 0.02488112 0.02492514 0.03523648
v 0.02205612 0.02085377 0.03437019
v 0.02287064 0.02016917 0.03456659
v 0.02071662 0.02037988 0.03429475
v 0.02174823 0.01965963 0.03487506
v 0.03029034 0.01792940 0.03591859
v 0.03019556 0.01732262 0.03695672
v 0.02643132 0.01873167 0.03523893
v 0.02559006 0.01830676 0.03622891
v 0.03898358 0.01545366 0.03656845
v 0.04182460 0.01573162 0.03528887
v 0.03865469 0.01434075 0.03786017
v -0.00907710 -0.01224405 0.04998686
v -0.00992395 -0.01158602 0.04858913
v -0.00837160 -0.01015463 0.04752016
v -0.00807088 -0.01037886 0.04821372
v 0.04210971 0.01478318 0.03639119
v 0.03319982 0.01429095 0.03916170
v 0.03427553 0.01553694 0.03833340
v 0.03355334 -0.11792367 -0.01469196
v 0.05099614 0.01699078 0.02788524
v 0.05210416 0.01596009 0.02764345
v 0.05095043 0.01565916 0.02942390
v 0.04950488 0.01663474 0.02900574
v 0.04796442 0.01643443 0.03028375
v -0.00945446 -0.01786176 0.04730573
v -0.00891794 -0.01700093 0.04706057
v -0.01056535 -0.01634000 0.04615110
v -0.01169617 -0.01664134 0.04647688
v 0.04911966 0.01559445 0.03095913
v 0.04677533 0.01541433 0.03246102
v 0.04615420 0.01631283 0.03171824
v 0.04462636 0.01589271 0.03377708
v 0.04495917 0.01503707 0.03479204
v 0.05307394 0.01945958 0.02455283
v 0.05380646 0.02241879 0.02403456
v 0.05421117 0.01877972 0.02321661
v 0.05526148 0.02196015 0.02180477
v 0.01846857 0.02421836 0.03393266
v -0.00694532 -0.01047187 0.04773996
v -0.00608658 -0.01277160 0.05040969
v -0.00723180 -0.01298853 0.05096507
v -0.00738918 -0.01055755 0.04803547
v 0.01811268 0.02179331 0.03320106
v 0.01731907 0.02455908 0.03588861
v 0.01647827 0.02238502 0.03398064
v 0.01857826 0.02731927 0.03698722
v 0.02083039 0.02645017 0.03617933
v 0.01932326 0.02016659 0.03391374
v 0.02072161 0.01967148 0.03464667
v 0.01748709 0.01983436 0.03380302
v 0.01930398 0.01899668 0.03505165
v 0.02929764 0.01644583 0.03810539
v 0.02816651 0.01540694 0.03905934
v 0.02471300 0.01780786 0.03681202
v 0.02342827 0.01697662 0.03693755
v 0.04901361 -0.01336139 -0.11588718
v 0.05311146 0.02874154 -0.12817304
v 0.05071897 0.03412278 0.03165169
v 0.04826782 0.03192606 0.03224384
v 0.04500170 0.03320975 0.03497895
v 0.04675237 0.03539697 0.03490540
v 0.05244120 0.03701110 0.02886512
v 0.05442597 0.03354698 0.02693462
v 0.05304260 0.03202369 0.02889408
v 0.05073792 0.03034406 0.03015177
v 0.05441318 0.02496966 0.02428339
v 0.05325870 0.02497976 0.02604595
v 0.05302994 0.02684778 0.02694115
v 0.05428064 0.02684123 0.02534403
v 0.05570578 0.02473597 0.02205550
v 0.05635952 0.02693815 0.02366254
v 0.05391844 0.02905465 0.02704326
v 0.05215707 0.02865814 0.02837680
v 0.05525735 0.02979894 0.02528518
v 0.02636533 0.03218713 0.03885117
v 0.02694261 0.03049690 0.03989560
v 0.02460657 0.02825436 0.03901094
v 0.02307851 0.02916177 0.03820144
v 0.02455687 0.03306223 0.03834110
v 0.02061816 0.03015620 0.03777464
v 0.03959392 0.03577076 0.03753242
v 0.03904010 0.03415583 0.03791966
v 0.02912604 0.02937222 0.03876944
v 0.02704928 0.02816806 0.03833331
v 0.02838204 0.02934825 0.03894082
v 0.02618799 0.02778322 0.03836945
v 0.05828218 0.09114130 -0.10871325
v 0.06028445 0.09706925 -0.09657846
v 0.04388698 0.10798214 -0.10288620
v 0.04318166 0.10051945 -0.11479466
v 0.04571296 0.02884367 0.03465369
v 0.04652984 0.02909913 0.03473304
v 0.04897765 0.02791589 0.03258191
v 0.04845200 0.02783227 0.03288290
v 0.05029690 0.02659848 0.03055209
v 0.05084217 0.02719557 0.03055510
v 0.05190464 0.02592845 0.02885997
v 0.05156608 0.02545609 0.02894786
v 0.05224241 0.02448682 0.02779035
v 0.05234896 0.02467988 0.02732528
v 0.02607716 0.02843624 0.03925820
v 0.02793050 0.02955074 0.03966320
v 0.05216563 0.05929439 -0.13024279
v 0.04198922 0.07204957 0.01815196
v 0.04880503 0.06845313 0.01213560
v 0.04772285 0.06264361 0.01708150
v 0.04710296 0.03023320 0.03431451
v 0.04974283 0.02875601 0.03198008
v 0.05139156 0.02776602 0.02989102
v 0.05230074 0.02652163 0.02822915
v 0.05276053 0.02540899 0.02713837
v 0.07291062 -0.01409268 -0.03801482
v 0.07319158 -0.01406900 -0.03975708
v 0.08009918 -0.00523807 -0.06553908
v 0.07798486 0.00111957 -0.06464507
v 0.07662549 0.00455858 -0.06320553
v 0.08133399 0.01298918 -0.05001594
v 0.08338194 0.01611382 -0.05287126
v 0.08475017 -0.02274659 -0.05740573
v 0.08130833 -0.02482084 -0.05378423
v -0.08941562 0.02003814 -0.05827802
v 0.08446867 -0.02188292 -0.05812140
v 0.08984568 0.01180307 -0.06154029
v 0.09024313 0.01017399 -0.06282885
v 0.09111839 0.00975670 -0.06240496
v 0.04194534 -0.03465295 -0.10679120
v 0.04664297 -0.02222358 -0.11240534
v 0.09048616 0.00843357 -0.06411740
v 0.07462426 -0.00948039 -0.04240926
v 0.08126637 -0.00551701 -0.06569672
v 0.08299162 -0.00589481 -0.06724961
v 0.08410054 -0.01077413 -0.06707947
v 0.08322877 -0.01039563 -0.06661802
v 0.08344577 -0.01585729 -0.06513478
v 0.08264654 -0.01515281 -0.06480898
v 0.08601416 -0.01902596 -0.06084426
v 0.08629216 -0.01470369 -0.06375793
v 0.08440279 0.01646659 -0.05424583
v 0.08437255 0.01580390 -0.05347202
v 0.08505493 0.01643992 -0.05458390
v 0.07557482 -0.01065684 -0.04373826
v 0.07948945 0.01064428 -0.05012651
v 0.07921229 0.00903011 -0.04828442
v 0.07890861 0.00943786 -0.04880917
v 0.07367011 -0.00601926 -0.04785067
v 0.07340281 -0.00519978 -0.04809776
v 0.07488905 -0.00743495 -0.04749779
v 0.07651173 -0.00861716 -0.04526945
v 0.07130623 -0.01619639 -0.04734711
v 0.07110622 -0.01695283 -0.04872769
v 0.07070940 -0.01756886 -0.04796454
v 0.08718408 0.02185719 -0.05726073
v 0.07927909 0.00809186 -0.04785484
v 0.08054714 0.00909562 -0.04820891
v 0.08123389 0.01019051 -0.04853998
v 0.08586193 0.01567735 -0.05459585
v 0.08179429 0.01102436 -0.04873479
v 0.08070285 0.01113971 -0.04901096
v 0.08212319 0.01269306 -0.04980031
v 0.08000817 0.01120460 -0.04943855
v 0.07623473 -0.01362575 -0.06064433
v 0.07512903 -0.01367801 -0.05863125
v 0.07429608 0.00609998 -0.03907064
v 0.07499644 0.00401084 -0.04104330
v 0.08034035 -0.02554791 -0.05145453
v 0.07688657 0.01033844 -0.05804008
v 0.07803198 0.01358985 -0.05979640
v 0.08785643 -0.01061665 -0.06518971
v 0.08068466 -0.01688826 -0.05541093
v 0.07854865 -0.01793436 -0.05420191
v 0.08295794 -0.01548243 -0.05682449
v 0.08504727 -0.01293075 -0.05839990
v 0.07579111 0.00217433 -0.05227337
v 0.08517823 0.00660108 -0.05767521
v 0.08545233 0.00440365 -0.05873609
v 0.08379558 0.00676850 -0.05648554
v 0.07890629 0.01724589 -0.05822852
v 0.07908485 0.01717281 -0.05580250
v 0.07629693 0.01350422 -0.05709881
v 0.07889632 0.01531882 -0.05532080
v 0.07304780 -0.01294180 -0.04705686
v 0.07115214 -0.01824181 -0.05032824
v 0.07314841 -0.01708209 -0.05191623
v 0.07231122 -0.01876216 -0.05118800
v 0.07374881 -0.01805820 -0.05294902
v 0.07391261 -0.01691493 -0.05441487
v 0.07417689 -0.01530860 -0.05571605
v 0.07513795 -0.01331842 -0.05606027
v 0.07256847 -0.00890440 -0.04772842
v 0.07830627 0.01848706 -0.04686400
v 0.07217505 -0.01069499 -0.04770082
v 0.07399308 -0.00729646 -0.04761484
v 0.07395077 -0.00899591 -0.04725196
v 0.07350705 -0.01087135 -0.04696358
v 0.07686384 -0.02064104 -0.04795021
v 0.07698072 -0.01924068 -0.05054353
v 0.07612205 -0.02000828 -0.04731914
v 0.07738764 -0.01881732 -0.05278355
v 0.07515926 -0.01957279 -0.04706329
v 0.07836629 0.01145217 -0.05735114
v 0.07906739 0.01470521 -0.05708386
v 0.07255454 -0.01063423 -0.03645754
v 0.06458575 0.00256912 0.01430545
v 0.06560455 0.00928679 0.00745518
v 0.03234525 -0.03795659 0.02847438
v 0.03066842 -0.04307485 0.02867962
v 0.05859859 -0.00490398 0.02947309
v 0.05516932 -0.00689671 0.03524888
v 0.02921912 -0.03769023 0.04658131
v 0.02925896 -0.04075973 0.04818308
v 0.02858272 -0.04052917 0.04842622
v 0.02872057 -0.03794914 0.04698060
v 0.02548754 -0.03596742 0.04210199
v 0.02707594 -0.03339052 0.04135440
v 0.02729325 -0.03509708 0.04404892
v 0.02505241 -0.03933259 0.04583701
v 0.03378672 -0.01752869 0.03635057
v 0.03819153 -0.01830595 0.04192623
v 0.03992824 -0.02256722 0.04066594
v 0.03636852 -0.02241682 0.03788150
v 0.02946484 -0.03541698 0.03223227
v 0.02852931 -0.03418732 0.03307631
v 0.02723347 -0.03434749 0.03694918
v 0.02711002 -0.03646773 0.03660927
v 0.03072476 -0.03514864 0.03095208
v 0.02876825 -0.03402780 0.03527412
v 0.03188793 -0.03604781 0.02918441
v 0.03081008 -0.03396139 0.03014569
v 0.03177776 -0.04974186 0.04064228
v 0.03016070 -0.04547927 0.04335216
v 0.03223483 -0.04008764 0.04231901
v 0.03362974 -0.04238207 0.04016440
v 0.03286426 -0.00990163 0.04173481
v 0.03593762 -0.01379990 0.04219682
v 0.03291010 -0.01418561 0.03616951
v 0.03016081 -0.01093174 0.03602478
v 0.02825372 -0.00839377 0.03766801
v 0.03022251 -0.00649803 0.04020495
v 0.02527648 -0.00745061 0.04475709
v 0.02687870 -0.00969373 0.04395904
v 0.02507395 -0.01274212 0.04795128
v 0.02592716 -0.00969753 0.04724374
v 0.02389543 -0.01426705 0.04446519
v 0.02767225 -0.01095244 0.04166895
v 0.01832803 -0.01426340 0.04450831
v -0.01441490 -0.01712798 0.04816678
v -0.01294371 -0.01550856 0.04753943
v -0.01365144 -0.01592023 0.04997493
v -0.01539234 -0.01838345 0.05059434
v 0.01788769 -0.01479888 0.04602499
v 0.02535399 -0.01237382 0.04185538
v -0.00596928 -0.02069234 0.05657670
v -0.00718864 -0.01904589 0.05683690
v -0.00570198 -0.01877868 0.05462041
v -0.00598084 -0.02067650 0.05401585
v 0.02544747 -0.01068783 0.03953172
v 0.01882553 -0.01339529 0.04277680
v 0.01623143 -0.01528859 0.04681700
v 0.01966555 -0.01623054 0.04744842
v -0.00947089 -0.01847780 0.05653774
v -0.01116485 -0.02023430 0.05907781
v -0.01302940 -0.01945858 0.05706820
v -0.01139710 -0.01801623 0.05505654
v -0.00599315 -0.01572729 0.05007063
v -0.00643363 -0.01760501 0.05086929
v -0.00553347 -0.01617586 0.05338387
v -0.01227774 -0.01382332 0.04886205
v -0.01215118 -0.01404089 0.04717286
v -0.01009815 -0.01168781 0.04723112
v -0.01045339 -0.01138917 0.04744976
v 0.02035263 -0.01629095 0.04938648
v 0.00766754 -0.02057413 0.05649338
v 0.00870582 -0.01993059 0.05899700
v 0.01155812 0.01332248 0.04705919
v 0.01449908 0.01057930 0.04414462
v 0.01155631 0.00997789 0.04902226
v 0.01424594 0.00779064 0.04602417
v 0.01869345 -0.01669343 0.05401687
v 0.02106827 -0.01441438 0.05359345
v 0.01525955 -0.01753613 0.05832080
v 0.01603704 -0.01506134 0.05884315
v 0.00509879 0.02730494 0.04569107
v 0.00558601 -0.02007840 0.05088563
v 0.00586715 -0.01950765 0.05040496
v 0.00501867 -0.02096525 0.05277114
v 0.02226498 0.09333064 -0.13253544
v 0.02268392 0.10582502 -0.12169228
v 0.02148951 0.11902393 -0.09937137
v 0.01900894 0.12324782 -0.08731090
v 0.01293752 -0.00697720 0.06574528
v 0.01258537 -0.00713381 0.06211415
v 0.01641982 -0.01836502 0.04638672
v 0.00951204 -0.01464313 0.04892668
v 0.00904992 -0.01232119 0.05277679
v 0.01688202 -0.01676393 0.05027508
v 0.02104302 -0.02267828 0.04725317
v 0.02071519 -0.02376320 0.04328470
v 0.01710520 -0.01932455 0.04353063
v 0.01069351 -0.01643651 0.04589494
v 0.01968842 -0.01412680 0.05600476
v 0.01007521 -0.00966265 0.05872822
v 0.01294130 -0.00819999 0.06354541
v 0.01995465 -0.01110994 0.05918650
v 0.02637528 -0.01226423 0.03738236
v 0.02141841 -0.01331953 0.03950709
v 0.01539040 -0.01553353 0.04359294
v 0.01112253 -0.01731103 0.04511573
v 0.01001912 -0.01801249 0.04703597
v 0.01354219 -0.01627821 0.04536728
v 0.00946869 -0.01834491 0.04790847
v 0.01299483 -0.01685697 0.04630468
v 0.01263312 -0.01744697 0.04722609
v 0.01343965 -0.01667483 0.04787965
v 0.01109610 -0.01789527 0.04936556
v 0.01164650 -0.01691699 0.04937887
v 0.00954916 -0.01914676 0.04891447
v 0.00583229 0.00211256 0.06094560
v 0.00567676 0.00642614 0.05854071
v 0.02137590 -0.00724465 0.05792573
v 0.01162763 -0.00934383 0.05650849
v 0.00722899 -0.01421892 0.04708514
v 0.01525933 -0.01302142 0.04673824
v 0.02219405 -0.01296787 0.04604135
v 0.02759047 -0.00925755 0.05703580
v 0.00593391 -0.01910083 0.04915352
v 0.02271134 -0.00691813 0.06312738
v 0.02232028 -0.00809145 0.06535686
v 0.02978847 -0.01041812 0.06060519
v 0.02941098 -0.01325618 0.06142654
v 0.03149102 -0.01431162 0.05394645
v 0.02600833 -0.01318377 0.04319686
v 0.02963828 -0.01712804 0.03986912
v 0.03314412 -0.02237131 0.04992314
v 0.03354425 -0.03391727 0.04164920
v 0.02982612 -0.03802701 0.04553404
v 0.03069311 -0.03506976 0.04573202
v 0.03156870 -0.03161760 0.04643462
v 0.03395253 -0.02893602 0.04045002
v 0.03599839 -0.03408451 0.03879596
v 0.03652415 -0.02748369 0.03808459
v 0.03333333 -0.02316444 0.03915625
v 0.03232855 -0.02796552 0.04744287
v 0.03016320 -0.03473248 0.04718596
v 0.02903217 -0.03572175 0.04723650
v 0.03087828 -0.03241470 0.04822577
v 0.02963145 -0.03356510 0.04837412
v 0.03172623 -0.02994402 0.05003585
v 0.03023115 -0.03147821 0.05011428
v 0.03093776 -0.02831377 0.05310614
v 0.03292809 -0.02573257 0.05288966
v 0.02603634 -0.03277276 0.04440787
v 0.02453302 -0.03117047 0.04686693
v 0.02519915 -0.03061597 0.04944258
v 0.02651234 -0.03276080 0.04731503
v 0.02710629 -0.03381925 0.04185131
v 0.02777728 -0.03406768 0.04576707
v 0.02671972 -0.03274142 0.03806767
v 0.02540847 -0.03129942 0.04066618
v -0.04621483 -0.08566792 -0.02591818
v -0.05398944 -0.08242143 -0.04029952
v 0.02745212 -0.03367308 0.04109639
v 0.02763542 -0.03386749 0.04317762
v 0.02806402 -0.03690900 0.04698052
v 0.02814958 -0.03436584 0.04759866
v 0.02827569 -0.03297350 0.04935079
v 0.02788362 -0.03039725 0.05154898
v 0.02677013 -0.01657918 0.05995611
v 0.03099827 -0.02113189 0.05739052
v 0.02738527 -0.02425467 0.05551391
v 0.02279760 -0.01783683 0.05500231
v 0.02332947 -0.02563650 0.05213934
v 0.02131671 -0.02381838 0.04008764
v 0.02159858 -0.02018704 0.05208118
v 0.02396267 -0.02771024 0.03952672
v 0.02518170 -0.02728012 0.03603969
v 0.02284255 -0.02842426 0.04415181
v 0.02771515 -0.03261704 0.03277807
v 0.02676249 -0.03044138 0.03573676
v 0.02957946 -0.03205642 0.03073789
v 0.02824133 -0.02988106 0.03230448
v 0.02186503 -0.02790531 0.05042197
v 0.03298255 -0.01769353 0.05719984
v 0.02178091 -0.01034403 0.06371111
v 0.01314458 -0.00809373 0.06643120
v -0.03888672 0.01235207 0.03754309
v -0.03778613 0.01108490 0.03957479
v -0.03344849 0.01064557 0.04048353
v -0.03460766 0.01187733 0.03870931
v 0.00599419 -0.00815676 0.06524634
v 0.00603883 -0.00267186 0.06320279
v 0.02701730 -0.04096314 0.04864043
v 0.01119802 -0.12582228 -0.00204479
v -0.07651436 -0.00853217 -0.04592178
v -0.07572972 -0.00776502 -0.04496300
v -0.08349410 0.01251579 -0.06677379
v 0.02909003 -0.04141403 0.04723030
v 0.03003332 -0.03825042 0.03051897
v 0.03205178 -0.02943622 0.03180573
v 0.02963180 -0.05632871 0.04183253
v 0.02603968 -0.06261093 0.04428521
v 0.02504361 -0.05814809 0.04734754
v 0.02780530 -0.05141404 0.04501512
v 0.02514854 -0.05217718 0.05244623
v 0.02826115 -0.04569907 0.04990419
v -0.08686164 0.01498425 -0.06420476
v 0.02764974 -0.04571804 0.05078619
v 0.02489478 -0.05139227 0.05431041
v 0.02345835 -0.05007834 0.05509039
v 0.02647144 -0.04502738 0.05082650
v 0.01781308 -0.04734616 0.04794070
v 0.01297318 -0.05211635 0.04946991
v 0.01301746 -0.05483519 0.04397133
v 0.01818374 -0.04968306 0.04139436
v 0.02074873 -0.04261602 0.03860931
v 0.02211099 -0.04169382 0.04439826
v -0.08397760 0.01867566 -0.06218334
v -0.08386287 0.02012313 -0.05769936
v -0.08195167 0.01890438 -0.05697297
v -0.08207884 0.01708296 -0.06074614
v 0.01857906 -0.04790305 0.05104782
v 0.02286951 -0.04286054 0.04773711
v 0.01342802 -0.05226990 0.05247280
v 0.02197871 -0.12266425 -0.00723467
v 0.02448693 -0.04398870 0.04986846
v 0.02044328 -0.04882884 0.05332919
v 0.01515094 -0.05334083 0.05708325
v 0.01886522 -0.05586240 0.06146894
v 0.02114883 -0.05862556 0.06143440
v 0.02068042 -0.06034818 0.05781061
v 0.02050833 -0.06640024 0.04901685
v 0.02134782 -0.07126497 0.04647133
v 0.01295306 -0.07067376 0.05175893
v 0.01520089 -0.07679962 0.04898423
v 0.01467611 -0.06709215 0.06263245
v 0.01489495 -0.06455564 0.06769263
v 0.01235752 -0.06064229 0.06591115
v 0.00953068 -0.05768625 0.05994729
v 0.00694044 -0.01808917 0.04693418
v 0.00939920 -0.01863025 0.05080298
v 0.00804089 -0.02002743 0.05351813
v 0.01058636 -0.01943726 0.06008245
v 0.00437567 -0.02170143 0.05544641
v 0.01321178 -0.01826191 0.06019654
v 0.01104955 -0.01897362 0.06152415
v 0.01173635 -0.01754353 0.06278071
v 0.01339129 -0.01678074 0.06189074
v 0.00963869 -0.02015834 0.06269453
v 0.01042744 -0.01787955 0.06351936
v 0.00487812 -0.02126675 0.06390552
v 0.00543722 -0.01808667 0.06644844
v 0.00605001 -0.01209963 0.06641005
v 0.00560682 -0.01537530 0.06705178
v 0.01166651 -0.01599718 0.06328470
v 0.01290327 -0.01402136 0.06186773
v -0.09102756 0.01456950 -0.06219194
v 0.01288177 -0.01060965 0.06003756
v 0.01653858 -0.01140142 0.05661171
v 0.00934330 0.12814014 -0.04499316
v 0.00802249 -0.05577394 0.05543118
v 0.00657639 -0.05453131 0.05213290
v -0.07603678 -0.02157248 -0.04628992
v -0.08363578 0.00462062 -0.05897392
v 0.01445726 -0.06070301 0.03432535
v 0.01384856 -0.06237541 0.03634989
v 0.00702623 -0.06054874 0.04054161
v -0.08339881 0.02058097 -0.05535109
v -0.08650320 0.02178238 -0.05584491
v 0.00812008 -0.06441130 0.03688209
v 0.00155997 -0.05558636 0.05341905
v -0.08868361 -0.00588210 -0.06697415
v -0.09148418 0.01327198 -0.06387525
v -0.09016876 0.01180323 -0.06304073
v -0.08470885 0.01287398 -0.05112153
v -0.07799763 -0.01207269 -0.06141078
v -0.08340864 -0.01180973 -0.05844814
v -0.08190370 -0.01449430 -0.05774243
v -0.07732639 -0.01392352 -0.06102853
v -0.07607529 0.00009943 -0.05562989
v 0.00153400 -0.05778530 0.04775771
v 0.00649884 -0.05687468 0.04638056
v 0.00212895 -0.05790925 0.05622709
v 0.00297757 -0.06077348 0.06031125
v 0.00421826 -0.06369206 0.06632426
v 0.00189711 -0.06029358 0.04235686
v 0.00268503 -0.06417236 0.03904607
v -0.07257655 -0.01660836 -0.03841234
v 0.02633047 -0.04388327 0.03226864
v -0.08046983 -0.02708537 -0.05116623
v -0.08136101 -0.02598014 -0.05355000
v -0.03126375 -0.03499111 -0.11694107
v -0.03469636 -0.02425489 -0.12320765
v -0.09064149 -0.00624012 -0.07015939
v 0.02710406 -0.04793170 0.02992874
v 0.01930412 -0.05295599 0.03570448
v 0.02115979 -0.05282516 0.03276827
v 0.00675127 -0.07824153 0.05194098
v 0.00470170 -0.07241013 0.05382688
v 0.00623668 -0.06761671 0.06809743
v 0.00616613 -0.07094648 0.06584118
v 0.02248366 0.11370119 -0.11112014
v 0.06021884 0.07476453 -0.00848226
v 0.05843288 0.06785207 -0.00174027
v -0.08419505 0.01737236 -0.05817081
v 0.05147262 0.07503738 0.00481113
v 0.05368125 0.08032726 -0.00143511
v 0.06118029 0.08249253 -0.01616036
v 0.05445468 0.08716322 -0.00863861
v 0.03910737 0.12051360 -0.06339430
v 0.03938945 0.11976894 -0.04949964
v 0.02035405 0.12553875 -0.04611300
v 0.03424466 0.12061482 -0.07700413
v 0.04682795 0.11238113 -0.08603482
v 0.04869256 0.11506667 -0.06704737
v 0.04825951 0.11479335 -0.05212680
v -0.07775287 -0.02201487 -0.04714023
v -0.07791188 -0.02737572 -0.04473054
v -0.07656430 -0.02652971 -0.04333075
v -0.08057046 0.00749734 -0.05631039
v 0.02599322 -0.08696580 -0.10891346
v 0.05307071 0.04167825 -0.12941401
v 0.04669183 0.11368494 -0.03868547
v 0.03847618 0.11782920 -0.03612249
v 0.03776808 0.11461782 -0.02418553
v 0.04516922 0.11128195 -0.02738020
v 0.02003889 0.12306941 -0.03211020
v 0.00918823 0.12521400 -0.03049939
v 0.01911203 0.00426606 -0.14321390
v 0.00540590 0.01043372 0.05582872
v 0.04788957 -0.05056241 -0.09090497
v 0.05751554 -0.05083328 -0.07304632
v 0.05856389 -0.10307056 -0.05085905
v 0.07100817 -0.02782589 -0.05339895
v 0.07061826 -0.02712153 -0.05409290
v 0.05922129 -0.06510448 -0.05452264
v 0.06091614 -0.05138579 -0.05493594
v 0.03817881 -0.04961475 -0.10247970
v 0.07945501 -0.01674146 -0.06413508
v 0.08007518 -0.01320844 -0.06540236
v 0.08091634 -0.01760766 -0.06362461
v 0.08146176 -0.01366557 -0.06504653
v 0.08158850 -0.00947975 -0.06578609
v 0.08171339 -0.01932388 -0.06265575
v 0.07896927 0.01739260 -0.05420847
v 0.08082432 0.01887694 -0.05308618
v -0.07790108 -0.01776566 -0.06372368
v -0.07777744 -0.01563150 -0.06501886
v 0.07052375 -0.02919213 -0.04905450
v 0.07037613 -0.02844278 -0.05075893
v -0.06692342 -0.00658557 -0.05296452
v 0.06973034 -0.02879539 -0.05005995
v 0.06959578 -0.02925345 -0.04864722
v 0.07037482 -0.03011968 -0.04740034
v 0.06944772 -0.02985232 -0.04750258
v 0.07789944 0.03466398 -0.04686931
v 0.06818610 -0.02920255 -0.05135358
v 0.06974670 -0.02748029 -0.05374060
v 0.06986234 -0.02792040 -0.05215953
v 0.06933353 -0.02866402 -0.05079748
v 0.06911950 -0.02968339 -0.04884524
v 0.06911782 -0.03059554 -0.04708954
v 0.06966519 -0.03125132 -0.04630565
v -0.08022258 -0.02368569 -0.06114184
v -0.07661096 -0.02859399 -0.05533250
v -0.05797264 -0.07828865 -0.05342494
v -0.05563282 -0.07558577 -0.06836110
v -0.05721842 -0.08726273 -0.06712467
v -0.05876276 -0.09127356 -0.05238155
v -0.07364922 -0.00308747 -0.03959150
v -0.07368045 -0.00992869 -0.04194724
v -0.07350106 -0.01116023 -0.04015453
v 0.08222117 -0.02040326 -0.06284841
v 0.07519048 -0.03061694 -0.05133752
v -0.02550787 -0.10500061 -0.00221590
v -0.02300755 -0.11650818 -0.00521273
v 0.07770614 0.01045992 -0.05938469
v 0.07785349 0.00851366 -0.06098403
v 0.08047833 0.01001734 -0.06211962
v 0.08028154 0.01224602 -0.06079731
v 0.05942987 -0.01252308 -0.10385534
v 0.06172386 -0.00147082 -0.10859711
v 0.01219871 -0.08478973 -0.11319580
v 0.01241213 -0.07182214 -0.11287983
v 0.07626548 0.03134228 -0.09353037
v 0.07769899 0.01206320 -0.05814664
v 0.08036857 0.01402781 -0.05953177
v 0.08040513 -0.00921469 -0.06586126
v 0.07590637 0.01174208 -0.05846651
v 0.07619750 0.00992015 -0.05973480
v 0.08172202 0.01569694 -0.06103841
v 0.08158518 0.01369344 -0.06242673
v 0.08150719 0.01130735 -0.06364636
v 0.07650831 0.00791185 -0.06106959
v -0.07220464 -0.01595099 -0.03508392
v -0.07118364 -0.01564524 -0.02251926
v -0.07039800 -0.00042589 -0.02304200
v -0.07238367 -0.00598906 -0.03442616
v 0.07885911 0.01553319 -0.05995207
v 0.07997868 0.06267036 -0.07031207
v 0.07952753 0.05667364 -0.08400205
v 0.07631693 0.07952385 -0.07382950
v 0.07569641 0.07446395 -0.08870494
v 0.07147361 0.06840163 -0.10426863
v 0.07501611 0.04946255 -0.09964829
v 0.07903294 0.01728965 -0.05460015
v 0.08172962 0.01984472 -0.05340747
v 0.06187832 0.08911308 -0.02353920
v 0.06726319 0.08440600 -0.03044243
v 0.05484846 0.09322771 -0.01530745
v 0.05488441 0.09872660 -0.02159775
v 0.06147209 0.09540194 -0.03017640
v 0.06903832 0.08880835 -0.04187139
v 0.07903000 0.05332139 -0.05575045
v 0.07779632 0.06807928 -0.05660138
v 0.07423732 0.07204178 -0.04346497
v -0.06090820 0.02981493 0.01378452
v -0.06277531 0.03039495 0.00893337
v -0.06307874 0.02108150 0.00987420
v -0.06064015 0.02244476 0.01349827
v 0.07380130 0.08441845 -0.05860721
v 0.06499321 0.09804858 -0.04796996
v 0.06891358 0.09453210 -0.06219242
v 0.05804117 0.10661317 -0.05168355
v 0.06042802 0.10468756 -0.06608021
v 0.06050499 0.10205583 -0.08176717
v 0.07085648 0.09053003 -0.07710470
v 0.05979602 0.10105389 -0.03601643
v 0.05347079 0.10370973 -0.02667008
v 0.05488262 0.10756046 -0.03930951
v 0.05137014 0.10787094 -0.03098108
v 0.07179092 0.07369127 -0.03644998
v 0.06450593 -0.03503057 -0.04733449
v 0.06662277 -0.03555831 -0.04232739
v -0.01987270 0.08596598 0.02554589
v -0.01027274 0.08692583 0.02772241
v -0.01036868 0.09379469 0.02257189
v -0.02021636 0.09270683 0.02021723
v 0.07063375 -0.02472780 -0.03411620
v -0.03656237 -0.01589063 -0.12695199
v -0.03833036 -0.00528331 -0.13115475
v -0.01854230 -0.00833212 -0.13820989
v -0.01750584 -0.01814423 -0.13349916
v 0.06763388 0.00281410 0.00253655
v 0.06816839 0.01411193 -0.00220078
v 0.07041369 0.00643006 -0.01149904
v 0.07054588 -0.00735468 -0.00914516
v -0.02066392 0.11011127 0.00004523
v -0.01049028 0.11152396 0.00227370
v -0.01063421 0.11680755 -0.00703039
v -0.02100578 0.11514057 -0.00894885
v -0.05538258 0.00914060 0.02890715
v -0.05699844 0.00447807 0.02951078
v -0.05381611 0.00512182 0.03399585
v -0.05259632 0.00978585 0.03228780
v 0.06775887 0.02642772 -0.00508172
v 0.06973094 0.01949956 -0.01428596
v 0.07061998 0.03355104 -0.01777330
v 0.06622018 0.04041117 -0.00736172
v 0.06287034 0.06285140 -0.11911000
v 0.06514318 0.04593595 -0.11712907
v -0.07773640 -0.03154628 -0.04138289
v -0.07677115 -0.03049619 -0.04034673
v 0.06567118 0.03287109 -0.11544378
v 0.04789249 0.05661884 0.02110840
v -0.01079276 0.12139823 -0.01807422
v -0.02143668 0.11953600 -0.01964934
v 0.02201306 0.08419900 -0.13871390
v 0.04377639 0.07905006 0.01134308
v 0.05487739 0.08360682 -0.11932916
v -0.00077597 -0.07031321 -0.11418221
v 0.04179652 0.08965889 -0.12579560
v 0.07042617 0.08572162 -0.09183203
v 0.06748135 0.08051689 -0.10494889
v 0.05968789 0.07404907 -0.11948907
v 0.06476365 0.01633620 -0.11362319
v 0.04551174 0.10710205 -0.02022103
v 0.05789315 0.02396150 0.01907366
v 0.05766015 0.02045777 0.01902192
v 0.05779012 0.02761403 0.02003254
v 0.05616346 0.01715972 0.02056836
v 0.01804638 0.00827177 0.04243767
v 0.01702186 0.00573438 0.04365478
v 0.01706951 0.00333565 0.04531288
v 0.02148244 0.00493214 0.04270845
v 0.02150129 0.00201723 0.04396359
v 0.01384170 0.00126689 0.04971888
v 0.01418075 0.00482797 0.04792428
v 0.01720037 0.00054552 0.04681718
v 0.01761105 -0.00323069 0.04742882
v 0.01434598 -0.00210236 0.05118512
v 0.02859886 -0.00866984 0.03927557
v 0.02703730 -0.00589918 0.04094197
v 0.02231421 -0.00486228 0.04392391
v 0.02707084 0.00154097 0.04447711
v 0.02684875 -0.00224492 0.04355322
v 0.02143724 -0.00097906 0.04403210
v 0.02743189 0.00482630 0.04302160
v 0.02093278 -0.00671010 0.04898598
v 0.02273814 -0.01065389 0.05169812
v 0.01504890 -0.00673258 0.05336547
v 0.01210071 -0.00651728 0.05684458
v 0.01154282 -0.00161209 0.05441384
v 0.02265050 0.00738068 0.04162413
v 0.02840744 0.00724228 0.04158264
v 0.03164730 -0.00333726 0.04470732
v 0.03539732 -0.00550497 0.04655632
v 0.03291089 0.00137919 0.04527467
v 0.03727160 0.00001517 0.04711330
v 0.03322674 0.00538796 0.04378214
v 0.03790022 0.00449637 0.04458169
v 0.03901915 -0.00999116 0.04688554
v 0.04231237 -0.01417523 0.04530103
v 0.04433422 -0.01970422 0.04253443
v 0.04511521 -0.00793483 0.04590682
v 0.04788221 -0.01370248 0.04287053
v 0.04656795 -0.00111321 0.04416902
v 0.05014983 -0.00715022 0.04193303
v -0.01252915 0.01297733 0.04258481
v -0.01322473 0.01490101 0.04014563
v -0.01758169 0.01307038 0.03981817
v -0.01649793 0.01081212 0.04149440
v -0.00790919 0.05706390 0.04025120
v -0.00882148 0.06616084 0.03662295
v -0.01753491 0.06644302 0.03545767
v -0.01633104 0.05735917 0.03970281
v 0.04158115 -0.00328451 0.04742810
v 0.04262963 0.00212399 0.04505337
v 0.03866453 0.00806378 0.04190440
v 0.03402056 0.00804754 0.04190987
v 0.04694664 0.00900444 0.03766847
v 0.04674134 0.00469705 0.04104628
v 0.04291775 0.00688523 0.04186087
v 0.04346537 0.00971977 0.03826012
v 0.05096898 0.00040823 0.03926925
v 0.05097093 0.00694473 0.03649032
v 0.05065337 0.01033634 0.03438184
v 0.03768728 0.01278530 0.03805748
v 0.03211586 0.01284168 0.03864463
v 0.04147882 0.01329051 0.03676097
v 0.04718862 0.01131286 0.03561582
v 0.04384564 0.01116027 0.03618933
v 0.05384799 0.01363197 0.02701820
v 0.05241352 0.01368607 0.02964312
v 0.04727263 0.01386826 0.03370196
v 0.04460250 0.01350807 0.03525538
v 0.04996636 0.01385752 0.03153339
v 0.02683728 0.01379148 0.03796504
v 0.02164850 0.01545438 0.03743845
v 0.05639930 -0.06383365 -0.07042178
v 0.01146154 0.00250497 0.05305997
v 0.01161930 0.00619847 0.05110592
v 0.01780862 0.02946672 0.03833553
v 0.01619971 0.02661211 0.03834533
v 0.00966913 0.02709051 0.04397804
v 0.02086993 0.03334664 0.03941646
v 0.01774179 0.01754887 0.03637419
v -0.02300864 0.01183926 0.03969184
v -0.02179445 0.01014396 0.04161147
v 0.01517739 0.01928084 0.03552838
v 0.01396257 0.02195439 0.03621034
v 0.01430429 0.02451652 0.03744990
v -0.01037768 0.10015584 0.01643168
v -0.02041529 0.09897601 0.01405380
v -0.02092015 0.12615861 -0.06815545
v -0.02133234 0.12617682 -0.06001387
v -0.01032753 0.12889338 -0.06042076
v -0.01138053 0.12817475 -0.07261641
v 0.03304842 0.04554843 0.04067951
v 0.02941911 0.04007177 0.04123833
v 0.05553186 0.06146438 0.00664359
v 0.05946334 0.05316050 0.00283309
v 0.05340454 0.04262305 0.02529439
v 0.05714447 0.03831958 0.02348669
v 0.05708890 0.03232581 0.02120457
v 0.06210417 0.04184067 0.00051506
v 0.06489500 0.03025099 0.00140056
v 0.06572802 0.01930445 0.00354755
v -0.06998181 -0.00144544 -0.09223634
v -0.07310855 -0.00288235 -0.07697964
v -0.07582111 0.00902589 -0.07833768
v -0.07383464 0.01495719 -0.09473985
v 0.04615517 0.09104910 -0.00093077
v -0.03567619 -0.09785192 -0.01172008
v -0.03354186 -0.10957891 -0.01519187
v -0.00124183 -0.08375926 -0.11432761
v 0.04625160 0.09696101 -0.00721522
v 0.04548431 0.08474666 0.00557236
v 0.03728253 0.11029834 -0.01525464
v 0.03719655 0.10559711 -0.00738802
v 0.04607594 0.10235412 -0.01358066
v 0.03749713 0.10017123 -0.00067667
v 0.03765682 0.09427433 0.00546062
v 0.03702411 0.08808970 0.01185973
v 0.03579433 0.08212413 0.01743770
v 0.03448801 0.07423088 0.02361661
v 0.04711271 -0.06322172 -0.08875605
v 0.01159802 -0.00738190 0.04791368
v 0.01103291 -0.00791333 0.04815845
v -0.05352276 0.05258718 0.01759730
v -0.05376767 0.05780613 0.01325862
v -0.05727663 0.05118677 0.00982065
v -0.05654060 0.04641462 0.01511863
v 0.01128944 -0.00759451 0.04744430
v 0.01062680 -0.00806375 0.04793514
v 0.01099049 -0.00822676 0.04784080
v 0.01111904 -0.01552764 0.04914043
v 0.01016005 -0.01371604 0.04862453
v 0.01034294 -0.01065159 0.04854846
v 0.07011631 -0.03146780 -0.03630505
v -0.00596425 0.04305114 0.04561305
v -0.01421298 0.04317180 0.04502677
v -0.01209478 0.03756916 0.04453222
v -0.00524096 0.03758681 0.04648556
v -0.06106954 0.01580005 0.01425752
v -0.06339014 0.01290808 0.01161050
v -0.06313655 0.00823752 0.01712840
v -0.06047430 0.01103542 0.01872540
v -0.05796051 0.00918115 0.02572354
v -0.05963071 0.00467992 0.02574840
v -0.01894056 0.07707674 0.03128845
v -0.00959629 0.07748085 0.03265097
v -0.06031772 0.04111329 0.00760052
v -0.05937504 0.03844872 0.01356055
v -0.01011766 0.01542286 0.04465256
v -0.01058551 0.01684863 0.04131840
v -0.00844262 0.02083080 0.04333350
v -0.00410723 0.02051137 0.04877448
v -0.00367330 0.02403340 0.04700348
v -0.00839728 0.02402990 0.04419784
v -0.03433448 0.05920563 0.03262020
v -0.03529203 0.06607132 0.02872362
v -0.04233686 0.06551970 0.02342353
v -0.04157254 0.05887547 0.02749711
v -0.02053962 0.10468043 0.00751410
v -0.01039797 0.10593677 0.00984890
v -0.00472056 0.03120667 0.04602126
v -0.00924457 0.03141816 0.04426556
v -0.00876731 0.02842846 0.04413023
v -0.00446132 0.02872530 0.04595182
v -0.02810340 0.01039410 0.04155504
v -0.02898612 0.01155843 0.03955425
v -0.06703894 -0.03087992 -0.04782646
v -0.06905368 -0.03215237 -0.04638088
v -0.07434523 0.01489478 -0.03667277
v -0.07308311 0.00458439 -0.03506118
v -0.07297687 0.01219482 -0.02422567
v -0.07332908 0.02480070 -0.02703944
v -0.07483248 0.03677034 -0.03055945
v -0.07582245 0.04493893 -0.03547913
v -0.07735866 0.02920318 -0.04239572
v -0.07588044 0.02353145 -0.03888632
v -0.05394623 -0.08481005 -0.08034320
v -0.05147037 -0.07515958 -0.08315650
v -0.00390513 0.01746325 0.05146498
v -0.00352498 0.01401096 0.05365366
v -0.02049487 0.03405440 -0.14845532
v -0.01998721 0.02024094 -0.14686878
v -0.04045293 0.02450964 -0.13851750
v -0.04069312 0.03768815 -0.13968298
v -0.06693413 -0.01203602 -0.08866604
v -0.07052647 -0.01144276 -0.07445900
v -0.01143718 -0.01398412 0.05050820
v -0.00822435 -0.00984009 0.04680355
v -0.00887131 -0.01204662 0.04738781
v -0.00821356 -0.00999665 0.04676960
v -0.01291588 -0.01752788 0.05285861
v -0.01477043 -0.01888506 0.05435531
v -0.00971261 -0.01522561 0.04620996
v -0.00843350 -0.01567490 0.04669003
v -0.00802393 -0.01208556 0.04765813
v -0.00855909 -0.00981938 0.04698802
v -0.00122877 -0.02266238 0.05844395
v -0.00150109 -0.02248604 0.06195234
v -0.00657831 -0.02186718 0.06124406
v -0.00532106 -0.02194519 0.05854819
v -0.00704007 -0.01031769 0.04759395
v -0.00628343 -0.01261351 0.04891181
v -0.00677629 -0.01626881 0.05477949
v -0.00814102 -0.01282237 0.05085780
v -0.00777005 -0.01047839 0.04822550
v -0.00856287 -0.01564142 0.05409486
v -0.00676646 -0.01981436 0.05101788
v -0.01012199 -0.01502746 0.05256426
v -0.07945811 -0.01903618 -0.05323861
v -0.05558244 -0.06457893 -0.03458796
v -0.06116658 -0.04937847 -0.04142200
v -0.06094601 -0.05006959 -0.04599336
v -0.05694984 -0.06601478 -0.04313297
v -0.08195985 0.00699329 -0.05743735
v -0.06565589 0.05621937 -0.00703416
v -0.06737653 0.06814852 -0.01550197
v -0.07278746 0.05669401 -0.02677089
v -0.07217772 0.04610763 -0.02210007
v -0.06794333 0.07788022 -0.02323433
v -0.07318182 0.06746893 -0.03365806
v -0.07655933 0.05572960 -0.04312689
v -0.07912962 0.03527384 -0.05632537
v -0.04762934 0.01998049 0.03347449
v -0.04790031 0.01980424 0.03375815
v -0.04653693 0.01966208 0.03506726
v -0.04662132 0.01979166 0.03469214
v -0.04704790 0.02005178 0.03281972
v -0.04590933 0.01976362 0.03407987
v -0.04792619 0.02037752 0.03172873
v -0.04848520 0.02009894 0.03239511
v -0.04875877 0.01990589 0.03268519
v -0.03068445 0.02073510 0.03684836
v -0.03180822 0.02080951 0.03614563
v -0.03469510 0.02028656 0.03621495
v -0.03341148 0.02027757 0.03750353
v -0.03048115 0.02035770 0.03745615
v -0.03364349 0.01985910 0.03814251
v -0.03462195 0.02245608 0.03089956
v -0.03383516 0.02271693 0.03081208
v -0.03565608 0.02216621 0.03091688
v -0.02899630 0.02234138 0.03416895
v -0.02913734 0.02333834 0.03436396
v -0.03331124 0.02344856 0.03082644
v -0.03321334 0.02295101 0.03073331
v -0.02968138 0.02165335 0.03416247
v -0.02762726 0.02152369 0.03486300
v -0.02646891 0.02211419 0.03476166
v -0.02648815 0.02325478 0.03493204
v -0.03881599 0.01901587 0.03820815
v -0.03921724 0.01824235 0.03820777
v -0.03464608 0.01852347 0.03836981
v -0.03407329 0.01922845 0.03835648
v -0.03846847 0.01957206 0.03803748
v -0.04180383 0.01973074 0.03714338
v -0.04197899 0.01914059 0.03731338
v -0.04224889 0.01828212 0.03722073
v -0.03114608 0.01915438 0.03811909
v -0.03087956 0.01991959 0.03785925
v -0.04234743 0.01766047 0.03695037
v -0.03968137 0.01760232 0.03790427
v -0.03496907 0.01789684 0.03826353
v -0.03106698 0.01874707 0.03818291
v -0.02779726 0.01951852 0.03758026
v -0.02907760 0.01985387 0.03765449
v -0.03926419 0.01704784 0.03677638
v -0.03887630 0.01695213 0.03687160
v -0.03446094 0.01739302 0.03755937
v -0.03467594 0.01723686 0.03708613
v -0.04162396 0.01750205 0.03558717
v -0.04126743 0.01752218 0.03526039
v -0.04983058 0.01965119 0.03096065
v -0.05044405 0.02004778 0.03008517
v -0.05033527 0.01944025 0.03011915
v -0.04991093 0.01912272 0.03059252
v -0.05221209 0.01760756 0.02776052
v -0.05323730 0.01811842 0.02740318
v -0.05432625 0.01735827 0.02574924
v -0.05361239 0.01691085 0.02704312
v -0.05926533 0.00946198 0.02162505
v -0.05549430 0.01472486 0.02562988
v -0.05614590 0.01527603 0.02314637
v -0.04928677 0.01961470 0.03179631
v -0.04867388 0.01952161 0.03272758
v -0.04935605 0.01996516 0.03175947
v -0.04989597 0.02017272 0.03082230
v -0.04937914 0.01891850 0.03140986
v -0.04861084 0.01886889 0.03248193
v -0.04784772 0.01943128 0.03377077
v -0.04773781 0.01876669 0.03370508
v -0.04633982 0.01855407 0.03500976
v -0.04644589 0.01925517 0.03515051
v -0.04458683 0.01919313 0.03631685
v -0.04483979 0.01970659 0.03606408
v -0.04469421 0.01830722 0.03614927
v -0.04631107 0.01805979 0.03461406
v -0.04457258 0.01780230 0.03585280
v -0.04767423 0.01813172 0.03320131
v -0.04865150 0.01827788 0.03194566
v -0.04951883 0.01844389 0.03086550
v -0.05025985 0.01869582 0.03006646
v -0.05081172 0.01912170 0.02951342
v -0.04973654 0.01832145 0.03017482
v -0.05041789 0.01802158 0.02949461
v -0.04909511 0.01800628 0.03061552
v -0.04854002 0.01831158 0.03115545
v -0.05068604 0.01849512 0.02936620
v -0.05148513 0.01819300 0.02859566
v -0.04687617 0.01823759 0.03181624
v -0.04716333 0.01815279 0.03154609
v -0.04521102 0.01802951 0.03260911
v -0.04523149 0.01804103 0.03314499
v -0.04287486 0.01820236 0.03425429
v -0.04289899 0.01791690 0.03373830
v -0.03822599 0.01983793 0.03747647
v -0.03805681 0.02011849 0.03586034
v -0.04103990 0.01997183 0.03548454
v -0.04205522 0.01978841 0.03657532
v -0.04495324 0.01977744 0.03562345
v -0.04378079 0.01978804 0.03478721
v -0.04115472 0.01986941 0.03397958
v -0.03934426 0.02148860 0.03053428
v -0.04041876 0.02141994 0.03019935
v -0.04323667 0.01987140 0.03330146
v -0.03845908 0.02011224 0.03430297
v -0.03811901 0.02168697 0.03056423
v -0.03560688 0.02044094 0.03459854
v -0.03690414 0.02187877 0.03082277
v -0.03300201 0.02080157 0.03476776
v -0.03832190 0.02983167 0.03980191
v -0.03810016 0.02993221 0.03993762
v -0.04394432 0.02995835 0.03781017
v -0.04345307 0.02945491 0.03785799
v -0.05122208 -0.00178745 -0.12071471
v -0.05260324 0.01309825 -0.12606882
v -0.04001535 0.00844708 -0.13563608
v -0.04756626 0.02704343 0.03667023
v -0.04686752 0.02827959 0.03601410
v -0.04922624 0.02685850 0.03389411
v -0.04981419 0.02575798 0.03441355
v -0.04735988 0.02559704 0.03656270
v -0.04930269 0.02440838 0.03425225
v -0.04443670 0.02662894 0.03900791
v -0.04465574 0.02826595 0.03905325
v -0.04406422 0.02926095 0.03811964
v -0.04731891 0.02346043 0.02926395
v -0.04674324 0.02417769 0.03006841
v -0.04804380 0.02404268 0.03166839
v -0.04876981 0.02327672 0.03022103
v -0.04766716 0.02323065 0.02882295
v -0.04903399 0.02297678 0.02946980
v -0.04361406 0.02317716 0.02774589
v -0.04339301 0.02346238 0.02801890
v -0.04279257 0.02382170 0.02858017
v -0.04383102 0.02296242 0.02759129
v -0.04409240 0.02268704 0.02754373
v -0.04415180 0.02243624 0.02763007
v -0.04377403 0.02225835 0.02776024
v -0.06216556 -0.00326665 0.02444331
v -0.06149480 0.00580275 0.02146492
v -0.06394421 -0.00118003 0.01975853
v -0.04907611 0.02026611 0.03140313
v -0.04966155 0.02056979 0.03049255
v -0.04845880 0.02060335 0.03082125
v -0.04896385 0.02090577 0.03004131
v -0.05025545 0.02088845 0.02962241
v -0.05064633 0.02060094 0.02977918
v -0.04617492 0.02024346 0.03182074
v -0.04247508 0.02143963 0.02938109
v -0.04316783 0.02159633 0.02888201
v -0.04699558 0.02058615 0.03093823
v -0.04501330 0.01985652 0.03280466
v -0.04169733 0.02134854 0.02983536
v -0.04295928 0.02196920 0.02829529
v -0.04341168 0.02208138 0.02802300
v -0.04703332 0.02098803 0.03003652
v -0.04761329 0.02131716 0.02939806
v -0.04929110 0.02131892 0.02947692
v -0.04859419 0.02197657 0.02863538
v -0.04850565 0.02236014 0.02856566
v -0.04983271 0.02160281 0.02915456
v -0.04997737 0.02209392 0.02901361
v -0.04814251 0.02166293 0.02887700
v -0.04814351 0.02280969 0.02866024
v -0.04966184 0.02247149 0.02921162
v -0.05078394 0.01999784 0.02962414
v -0.05101284 0.02081476 0.02927588
v -0.05169963 0.02121300 0.02861972
v -0.05119468 0.01973264 0.02905914
v -0.05187763 0.01962733 0.02832011
v -0.05168149 0.01879729 0.02898880
v -0.05248571 0.02171544 0.02814624
v -0.05274569 0.02172121 0.02777173
v -0.05238083 0.01949954 0.02762680
v -0.05233759 0.01858277 0.02820732
v -0.05075161 0.02131481 0.02920249
v -0.05095119 0.02159794 0.02894887
v -0.05220433 0.02273751 0.02919802
v -0.05260358 0.02302487 0.02912636
v -0.05149981 0.02215550 0.02931278
v -0.05106534 0.02260729 0.03031731
v -0.05171901 0.02337618 0.03039013
v -0.05205301 0.02404574 0.03041759
v -0.05101904 0.02446444 0.03236629
v -0.05096789 0.02550177 0.03209793
v -0.05041147 0.02338952 0.03201175
v -0.05073807 0.02212618 0.02930583
v -0.05027001 0.02250116 0.03000284
v -0.04964396 0.02299566 0.03124082
v -0.04878026 0.02391734 0.03330174
v -0.04695657 0.02492567 0.03558953
v -0.04609148 0.02479518 0.03360868
v -0.04397223 0.02591304 0.03792156
v -0.04332272 0.02597419 0.03580110
v -0.03810753 0.03160325 0.03995771
v -0.04464303 0.03150620 0.03806391
v -0.04276987 0.02562534 0.03357283
v -0.04042260 0.02467211 0.03020282
v -0.03896046 0.02486042 0.03057239
v -0.04006108 0.02599336 0.03431389
v -0.03003486 0.02389047 0.03497024
v -0.03108905 0.02441933 0.03547456
v -0.03442700 0.02396120 0.03137589
v -0.03379864 0.02372918 0.03109741
v -0.02798476 0.02364701 0.03582112
v -0.02949111 0.02441878 0.03670383
v -0.03468794 0.02540736 0.03580674
v -0.03640542 0.02435982 0.03149529
v -0.03527290 0.02413954 0.03153572
v -0.03280426 0.02497449 0.03565023
v -0.03390971 0.02560426 0.03797983
v -0.03133409 0.02504572 0.03743782
v -0.04015578 0.02605270 0.03734675
v -0.02174834 0.07031124 -0.14503069
v -0.02135450 0.05442997 -0.14843383
v -0.04096704 0.05652301 -0.13965765
v -0.04085569 0.07027501 -0.13688283
v -0.04496619 0.02481423 0.03170285
v -0.04175929 0.02425889 0.02939329
v -0.05082389 0.07145552 -0.12926321
v -0.04995312 0.08014031 -0.12635057
v -0.04125024 0.08206247 -0.13179041
v -0.03767346 -0.06261828 -0.10049056
v -0.02776475 -0.07412837 -0.10756832
v -0.02566238 0.02310898 0.03699372
v -0.02763043 0.02412645 0.03767492
v -0.02424978 0.02228265 0.03643567
v -0.02331838 0.02211494 0.03649105
v -0.02472969 0.02309404 0.03723303
v -0.02649079 0.02421837 0.03793564
v -0.03006837 0.02512698 0.03839468
v -0.02912430 0.02534328 0.03898179
v -0.03277109 0.02641802 0.04026048
v -0.03277677 0.02578951 0.03928345
v -0.04033551 0.02627458 0.03935686
v -0.04055069 0.02712628 0.04051011
v -0.03212050 0.02749565 0.04015728
v -0.02835352 0.02607201 0.03869762
v -0.03034496 0.02822535 0.04073593
v -0.02722075 0.02633465 0.03935319
v -0.03955103 0.02974770 0.03880360
v -0.04077735 0.02867817 0.04037296
v -0.02739904 0.02039520 0.03708090
v -0.02493506 0.02028263 0.03694735
v -0.02817571 0.02085304 0.03663655
v -0.02572692 0.02080331 0.03640231
v -0.02957779 0.02116562 0.03576240
v -0.02452610 0.02133651 0.03625839
v -0.02356251 0.02107355 0.03663910
v -0.03095680 0.02119934 0.03460978
v -0.02380094 0.02306788 0.03672854
v -0.02241178 0.02201474 0.03634783
v -0.02126876 0.02325978 0.03519185
v -0.01998539 0.02180029 0.03498604
v -0.02416057 0.02511204 0.03762699
v -0.02551934 0.02460035 0.03732814
v -0.02257343 0.02091102 0.03664417
v -0.02337753 0.02020700 0.03693842
v -0.02096402 0.02077450 0.03602694
v -0.02204624 0.02010299 0.03614538
v -0.03086185 0.01829036 0.03827091
v -0.03018728 0.01789436 0.03825854
v -0.02702544 0.01889948 0.03762452
v -0.02558332 0.01798543 0.03719418
v -0.03869608 0.01653807 0.03792626
v -0.04130192 0.01682355 0.03611922
v -0.03795367 0.01560996 0.03811138
v -0.04124615 0.01613456 0.03638885
v -0.03266631 0.01573252 0.03905744
v -0.03380982 0.01677093 0.03867798
v -0.03342003 -0.11771777 -0.01589021
v -0.05103998 0.01743905 0.02894051
v -0.05219616 0.01652975 0.02859474
v -0.05048253 0.01640313 0.02990470
v -0.04974948 0.01740775 0.03023104
v -0.04772888 0.01756407 0.03138210
v -0.04858191 0.01668298 0.03161652
v -0.04598983 0.01685497 0.03309093
v -0.04538771 0.01769924 0.03260940
v -0.04298910 0.01740143 0.03386663
v -0.04388751 0.01649494 0.03468867
v -0.05362814 0.01896559 0.02655884
v -0.05384011 0.02181827 0.02553948
v -0.05460284 0.01847271 0.02471038
v -0.05528663 0.02128870 0.02316248
v -0.01821091 0.02359786 0.03431429
v -0.01793195 0.02176888 0.03388850
v -0.01642237 0.02408611 0.03543920
v -0.01644150 0.02180806 0.03475613
v -0.01732793 0.02650511 0.03649435
v -0.02033421 0.02559773 0.03676075
v -0.01890111 0.02049787 0.03554299
v -0.02036057 0.01963293 0.03641038
v -0.01667690 0.02020057 0.03482579
v -0.01882691 0.01944404 0.03675077
v -0.02875588 0.01683544 0.03883220
v -0.02767613 0.01626374 0.03895398
v -0.02433577 0.01778694 0.03766548
v -0.02310084 0.01760465 0.03809464
v -0.04952884 -0.01275923 -0.11613367
v -0.05325041 0.02905773 -0.12855165
v -0.05046532 0.03527412 0.03248287
v -0.04851899 0.03244628 0.03416299
v -0.04508720 0.03374733 0.03647005
v -0.04639975 0.03680123 0.03541573
v -0.05262121 0.03905473 0.02945395
v -0.05442726 0.03446820 0.02718208
v -0.05299629 0.03238113 0.03015694
v -0.05113080 0.03031714 0.03185299
v -0.05450834 0.02447246 0.02572081
v -0.05364904 0.02433077 0.02750955
v -0.05348310 0.02639251 0.02838571
v -0.05422682 0.02689343 0.02661646
v -0.05594426 0.02427402 0.02355404
v -0.05596393 0.02711015 0.02469703
v -0.05401822 0.02907659 0.02868676
v -0.05264878 0.02837576 0.02999147
v -0.05523231 0.03021008 0.02622084
v -0.02595739 0.03148948 0.03974614
v -0.02683969 0.02994418 0.04072210
v -0.02467316 0.02776770 0.03946052
v -0.02257302 0.02800030 0.03873780
v -0.02357714 0.03243720 0.03916613
v -0.01949685 0.02915157 0.03780711
v -0.03924435 0.03706763 0.03844290
v -0.03863494 0.03431163 0.03855802
v -0.02962573 0.02875887 0.04082571
v -0.02769097 0.02737315 0.04004520
v -0.02860047 0.02861802 0.04054315
v -0.02651950 0.02709196 0.03964221
v -0.05864717 0.09120727 -0.10899172
v -0.06074434 0.09711287 -0.09684311
v -0.04434380 0.10800308 -0.10306559
v -0.04351338 0.10057200 -0.11501851
v -0.04605782 0.02856867 0.03590501
v -0.04661929 0.02897525 0.03549191
v -0.04914981 0.02792148 0.03326047
v -0.04854355 0.02749985 0.03374384
v -0.05057655 0.02632037 0.03188859
v -0.05126587 0.02667361 0.03148478
v -0.05224977 0.02533297 0.02990338
v -0.05181252 0.02505045 0.03017824
v -0.05260342 0.02400433 0.02920947
v -0.05272752 0.02401539 0.02872457
v -0.02625419 0.02769435 0.04002151
v -0.02816775 0.02909461 0.04092902
v -0.05227739 0.05944924 -0.13057972
v -0.04369391 0.07250820 0.01895771
v -0.05055865 0.06901921 0.01303755
v -0.04894165 0.06362429 0.01787612
v -0.04743387 0.03015863 0.03574129
v -0.05009647 0.02884354 0.03320200
v -0.05185508 0.02752940 0.03104082
v -0.05270762 0.02608238 0.02938566
v -0.05306724 0.02480527 0.02837029
v -0.07312930 -0.01394606 -0.04004214
v -0.07340333 -0.01391120 -0.04171849
v -0.08028216 -0.00466482 -0.06670356
v -0.07851178 0.00164225 -0.06553216
v -0.07735246 0.00508035 -0.06420413
v -0.08138196 0.01264277 -0.05228275
v -0.08284500 0.01596135 -0.05519952
v -0.08458465 -0.02210488 -0.05864681
v -0.08155211 -0.02424217 -0.05490433
v -0.08447430 -0.02135479 -0.05929659
v -0.08938606 0.01219402 -0.06344584
v -0.08987937 0.01059139 -0.06461324
v -0.09082055 0.01025540 -0.06411692
v -0.04276379 -0.03399309 -0.10693970
v -0.04715209 -0.02160544 -0.11264662
v -0.09014449 0.00891993 -0.06580266
v -0.07504810 -0.00927973 -0.04427318
v -0.08131777 -0.00497401 -0.06684037
v -0.08289292 -0.00532865 -0.06846660
v -0.08381736 -0.01010547 -0.06831614
v -0.08310965 -0.00976880 -0.06774940
v -0.08316939 -0.01517797 -0.06646582
v -0.08255581 -0.01450925 -0.06599496
v -0.08574363 -0.01851521 -0.06206808
v -0.08577529 -0.01417054 -0.06489673
v -0.08375291 0.01642395 -0.05650179
v -0.08391627 0.01568710 -0.05578039
v -0.08445748 0.01647371 -0.05679730
v -0.07594211 -0.01042184 -0.04557611
v -0.07958631 0.01038712 -0.05222862
v -0.07930865 0.00872853 -0.05058210
v -0.07904862 0.00910799 -0.05099524
v -0.07422629 -0.00579483 -0.04958716
v -0.07400333 -0.00498695 -0.04982535
v -0.07529786 -0.00720721 -0.04926222
v -0.07689579 -0.00838751 -0.04710910
v -0.07140374 -0.01586742 -0.04877141
v -0.07123719 -0.01661097 -0.05011341
v -0.07070687 -0.01720038 -0.04933034
v -0.08721457 0.02188914 -0.05869607
v -0.07943599 0.00781421 -0.05018842
v -0.08058801 0.00884616 -0.05061852
v -0.08133225 0.00988292 -0.05093987
v -0.08525532 0.01580483 -0.05678051
v -0.08179329 0.01075042 -0.05107985
v -0.08083460 0.01078041 -0.05133214
v -0.08208203 0.01241317 -0.05210532
v -0.08017865 0.01083694 -0.05165384
v -0.07710453 -0.01322497 -0.06169920
v -0.07599804 -0.01335500 -0.06002397
v -0.07514152 0.00596572 -0.04068006
v -0.07545415 0.00395625 -0.04298442
v -0.08051055 -0.02497289 -0.05272918
v -0.07700701 0.01060912 -0.05896369
v -0.07775111 0.01379942 -0.06076915
v -0.08735667 -0.01007082 -0.06633948
v -0.08177204 -0.01633591 -0.05595794
v -0.07951630 -0.01743828 -0.05505748
v -0.08421807 -0.01501573 -0.05725170
v -0.08584121 -0.01248113 -0.05900998
v -0.07629731 0.00224864 -0.05405068
v -0.08463922 0.00651696 -0.05944930
v -0.08495598 0.00451094 -0.06023913
v -0.08332768 0.00664899 -0.05838989
v -0.07879008 0.01714933 -0.05918444
v -0.07921515 0.01698343 -0.05685911
v -0.07650995 0.01350878 -0.05820973
v -0.07915521 0.01520457 -0.05647681
v -0.07320272 -0.01260045 -0.04860427
v -0.07182609 -0.01805268 -0.05158579
v -0.07338813 -0.01678232 -0.05337341
v -0.07287093 -0.01868305 -0.05268682
v -0.07402076 -0.01771664 -0.05443946
v -0.07430034 -0.01656674 -0.05594853
v -0.07472745 -0.01498565 -0.05727089
v -0.07626332 -0.01303589 -0.05753762
v -0.07302384 -0.00865118 -0.04933725
v -0.07895472 0.01808262 -0.04812156
v -0.07255164 -0.01041126 -0.04924706
v -0.07446042 -0.00705998 -0.04932620
v -0.07434247 -0.00874285 -0.04896175
v -0.07384139 -0.01060252 -0.04867282
v -0.07774975 -0.02017830 -0.04931723
v -0.07788481 -0.01882677 -0.05184841
v -0.07649251 -0.01939276 -0.04881930
v -0.07816765 -0.01832523 -0.05391346
v -0.07542046 -0.01898465 -0.04858560
v -0.07848255 0.01157582 -0.05847156
v -0.07925858 0.01463149 -0.05814014
v -0.07325175 -0.01055223 -0.03846462
v -0.06528944 0.00234385 0.01360140
v -0.06628293 0.00834194 0.00741662
v -0.03248717 -0.04552537 0.02987088
v -0.03217366 -0.04866786 0.02965427
v -0.05983080 -0.00497150 0.02914133
v -0.05711916 -0.00735115 0.03529982
v -0.03267996 -0.03835079 0.04366138
v -0.03269722 -0.04054726 0.04485518
v -0.03251384 -0.04017873 0.04530783
v -0.03212937 -0.03832389 0.04425115
v -0.02996453 -0.03967022 0.04124352
v -0.02996807 -0.03839379 0.04073857
v -0.03007100 -0.03826746 0.04247687
v -0.03063843 -0.04017060 0.04344480
v -0.03342203 -0.01717305 0.03361722
v -0.03839371 -0.01688776 0.04048015
v -0.04077628 -0.02131378 0.03903978
v -0.03681449 -0.02206131 0.03513826
v -0.03014690 -0.04235195 0.03295237
v -0.02896553 -0.04159169 0.03339462
v -0.02900280 -0.03852740 0.03697600
v -0.02929899 -0.04053953 0.03638312
v -0.03078926 -0.04338040 0.03271087
v -0.02991774 -0.04083948 0.03618383
v -0.03182891 -0.04364124 0.03019260
v -0.03081810 -0.04137389 0.03057818
v -0.03628730 -0.04881064 0.03846317
v -0.03468976 -0.04517882 0.04023957
v -0.03529681 -0.04047833 0.03894975
v -0.03695980 -0.04199932 0.03758246
v -0.03122618 -0.00978278 0.04044603
v -0.03521194 -0.01266678 0.04083342
v -0.03159645 -0.01423547 0.03399549
v -0.02781057 -0.01157265 0.03530329
v -0.02556090 -0.00927730 0.03748646
v -0.02780722 -0.00655989 0.04002247
v -0.02178494 -0.00727944 0.04434008
v -0.02224695 -0.01015128 0.04389089
v -0.02034470 -0.01273100 0.04756811
v -0.02185781 -0.00972732 0.04701053
v -0.01870754 -0.01425066 0.04405909
v -0.02288908 -0.01125958 0.04139469
v -0.01373443 -0.01517876 0.04416214
v -0.01338663 -0.01574304 0.04544713
v -0.02002030 -0.01318097 0.04220473
v -0.02157673 -0.01169821 0.03975827
v -0.01497337 -0.01435264 0.04330462
v -0.01242224 -0.01673970 0.04633803
v -0.01556518 -0.01738751 0.04745748
v -0.01672450 -0.01691783 0.04939397
v -0.00495717 -0.02143600 0.05610077
v -0.00652082 -0.02143620 0.05843316
v -0.00965505 0.01329848 0.04725507
v -0.01234973 0.01064978 0.04459252
v -0.00961233 0.01039113 0.04916265
v -0.01223168 0.00815669 0.04637000
v -0.01557574 -0.01746045 0.05401808
v -0.01778297 -0.01408760 0.05373798
v -0.01290680 -0.01856748 0.05854656
v -0.01293731 -0.01465390 0.05882030
v -0.00407314 0.02655924 0.04622274
v -0.00185775 -0.02048618 0.05084013
v -0.00226444 -0.02009683 0.05027659
v -0.00114632 -0.02108465 0.05259227
v -0.02246130 0.09338180 -0.13267623
v -0.02297157 0.10585795 -0.12182102
v -0.02210801 0.11901012 -0.09944304
v -0.01985888 0.12323860 -0.08736622
v -0.00900194 -0.00773857 0.06518041
v -0.00820617 -0.00818294 0.06117679
v -0.01522349 -0.01941754 0.04483221
v -0.00679855 -0.01541038 0.04800480
v -0.00690703 -0.01327715 0.05125365
v -0.01586886 -0.01824833 0.04822356
v -0.02099690 -0.02400360 0.04483074
v -0.02090382 -0.02514108 0.04148795
v -0.01575217 -0.02115565 0.04233298
v -0.00835444 -0.01718465 0.04515095
v -0.01753203 -0.01648114 0.05400880
v -0.00875319 -0.01027169 0.05766040
v -0.01062576 -0.00873773 0.06325459
v -0.01913745 -0.01286842 0.05771189
v -0.02315402 -0.01343049 0.03728690
v -0.01822397 -0.01470893 0.03973785
v -0.01182688 -0.01696887 0.04377853
v -0.00732222 -0.01841657 0.04529316
v -0.00644535 -0.01901707 0.04720468
v -0.00967998 -0.01753590 0.04549843
v -0.00611006 -0.01922316 0.04812804
v -0.00903411 -0.01783056 0.04628550
v -0.00882421 -0.01831287 0.04705649
v -0.00965042 -0.01820212 0.04742997
v -0.00714323 -0.01931749 0.04877076
v -0.00793064 -0.01864240 0.04889530
v -0.00607827 -0.02003047 0.04897288
v -0.00343898 0.00231806 0.06086710
v -0.00322850 0.00654528 0.05837548
v -0.01773273 -0.00913529 0.05614032
v -0.00735942 -0.01034962 0.05539054
v -0.00310786 -0.01519476 0.04650518
v -0.01116297 -0.01451651 0.04596633
v -0.01875014 -0.01457784 0.04515360
v -0.02477591 -0.01156748 0.05487148
v -0.00237735 -0.01971187 0.04923992
v -0.01896537 -0.00863320 0.06129383
v -0.01940003 -0.00916391 0.06388348
v -0.02678227 -0.01202975 0.05860582
v -0.02772651 -0.01438094 0.05978670
v -0.02989294 -0.01591704 0.05183890
v -0.02402050 -0.01467410 0.04224462
v -0.02877985 -0.01790645 0.03837902
v -0.03348237 -0.02364031 0.04759270
v -0.03608080 -0.03459063 0.03850292
v -0.03318399 -0.03878076 0.04245254
v -0.03342404 -0.03594869 0.04300864
v -0.03384291 -0.03258727 0.04380199
v -0.03574743 -0.02958635 0.03807168
v -0.03833815 -0.03414460 0.03655422
v -0.03829831 -0.02744544 0.03585645
v -0.03363153 -0.02379174 0.03697925
v -0.03373616 -0.02885335 0.04475481
v -0.03279972 -0.03567069 0.04425765
v -0.03185391 -0.03641560 0.04435367
v -0.03306558 -0.03380946 0.04565338
v -0.03176567 -0.03473714 0.04557822
v -0.03324519 -0.03098368 0.04710913
v -0.03204431 -0.03276048 0.04731382
v -0.03235913 -0.02950999 0.05022363
v -0.03334524 -0.02677362 0.04954351
v -0.02811511 -0.03535243 0.04303249
v -0.02676683 -0.03330638 0.04446148
v -0.02739247 -0.03289831 0.04672437
v -0.02847551 -0.03472103 0.04475912
v -0.02926578 -0.03679794 0.04178230
v -0.02930127 -0.03635536 0.04368073
v -0.02834642 -0.03671630 0.03786514
v -0.02727022 -0.03503596 0.03923427
v -0.02981028 -0.03730861 0.04071691
v -0.02996339 -0.03739396 0.04212791
v -0.03087629 -0.03773351 0.04415901
v -0.03034849 -0.03570084 0.04479271
v -0.02984710 -0.03415126 0.04626814
v -0.02937510 -0.03188134 0.04874106
v -0.02596892 -0.01758111 0.05780380
v -0.03110257 -0.02206558 0.05479621
v -0.02866097 -0.02504955 0.05321813
v -0.02343909 -0.01948966 0.05259025
v -0.02504691 -0.02621648 0.04929328
v -0.02140773 -0.02672103 0.03855675
v -0.02235465 -0.02158273 0.04896398
v -0.02473425 -0.03179739 0.03805656
v -0.02563655 -0.03263779 0.03492419
v -0.02431225 -0.03062609 0.04180265
v -0.02836175 -0.03909562 0.03407489
v -0.02760324 -0.03713264 0.03484427
v -0.02938196 -0.04014676 0.03053217
v -0.02854236 -0.03734406 0.03155220
v -0.02397067 -0.02866936 0.04620359
v -0.03212142 -0.01909585 0.05476269
v -0.01973337 -0.01139506 0.06275561
v -0.01006628 -0.00860797 0.06586540
v -0.00376519 -0.00794525 0.06536640
v -0.00366736 -0.00223637 0.06336995
v -0.03192366 -0.04024491 0.04517176
v -0.01134023 -0.12577918 -0.00123199
v -0.03301173 -0.04171547 0.04392698
v -0.03075826 -0.04586500 0.03236738
v -0.02996314 -0.04247716 0.03604782
v -0.03523006 -0.05585837 0.03936688
v -0.03348108 -0.06183930 0.04246233
v -0.03192574 -0.05691670 0.04486991
v -0.03371160 -0.05122521 0.04165625
v -0.03279606 -0.05058068 0.04965999
v -0.03319982 -0.04520319 0.04638856
v -0.03306204 -0.04449884 0.04786830
v -0.03290825 -0.04930792 0.05138556
v -0.03182187 -0.04767498 0.05208955
v -0.03271361 -0.04350377 0.04816267
v -0.02693261 -0.04464358 0.04540967
v -0.02214059 -0.04961183 0.04787594
v -0.02126956 -0.05060568 0.04301284
v -0.02614248 -0.04458390 0.03913863
v -0.02943944 -0.04310533 0.03716512
v -0.02937509 -0.04096853 0.04200820
v -0.02752721 -0.04457115 0.04763240
v -0.02977204 -0.04238545 0.04492967
v -0.02279203 -0.04990131 0.05071592
v -0.02244128 -0.12276598 -0.00672501
v -0.03136981 -0.04275037 0.04708398
v -0.02931161 -0.04563500 0.05013224
v -0.02493770 -0.05162565 0.05504529
v -0.02819320 -0.05364853 0.05873488
v -0.03096734 -0.05608784 0.05918031
v -0.03045563 -0.05783949 0.05576184
v -0.02781216 -0.06438155 0.04726445
v -0.02862934 -0.07004790 0.04450537
v -0.02102840 -0.06891329 0.05113309
v -0.02253882 -0.07583179 0.04761112
v -0.02464636 -0.06552337 0.06129733
v -0.02509158 -0.06282155 0.06529969
v -0.02260243 -0.05942594 0.06390187
v -0.01922730 -0.05692124 0.05814515
v -0.00319481 -0.01884751 0.04713566
v -0.00555912 -0.02006545 0.05033738
v -0.00465707 -0.02081860 0.05315018
v -0.00861293 -0.02113561 0.05997542
v -0.00097098 -0.02170838 0.05515223
v -0.01111787 -0.01941292 0.06039516
v -0.00915496 -0.02023975 0.06162599
v -0.00906443 -0.01772306 0.06268606
v -0.01014636 -0.01658504 0.06157292
v -0.00702099 -0.02086395 0.06248141
v -0.00807836 -0.01821922 0.06359267
v -0.00188548 -0.02095461 0.06343062
v -0.00284858 -0.01828243 0.06617685
v -0.00369446 -0.01202999 0.06668211
v -0.00319991 -0.01596634 0.06661536
v -0.00891526 -0.01595516 0.06318525
v -0.01039103 -0.01344960 0.06205562
v -0.01073156 -0.00985484 0.06030682
v -0.01400221 -0.01088075 0.05673924
v -0.01082374 0.12811749 -0.04497418
v -0.01751463 -0.05506316 0.05367411
v -0.01629944 -0.05390181 0.05072373
v -0.02159011 -0.05487235 0.03419473
v -0.02247537 -0.05158718 0.03578348
v -0.01568358 -0.05623815 0.04173766
v -0.01635135 -0.05766135 0.03732401
v -0.01037443 -0.05563637 0.05307172
v -0.01007668 -0.05705763 0.04747801
v -0.01504726 -0.05460481 0.04604612
v -0.01094314 -0.05746861 0.05554523
v -0.01212132 -0.06020569 0.05955546
v -0.01412853 -0.06327362 0.06472486
v -0.01020540 -0.05850989 0.04246548
v -0.01070909 -0.06083786 0.03971571
v -0.02974756 -0.04760406 0.03295224
v -0.03007876 -0.05133551 0.03050927
v -0.02607547 -0.04981274 0.03497723
v -0.02610075 -0.05266220 0.03297196
v -0.01473576 -0.07804507 0.05060535
v -0.01287001 -0.07105837 0.05296233
v -0.01608117 -0.06675634 0.06713822
v -0.01576162 -0.07023515 0.06531779
v -0.02290378 0.11368380 -0.11123516
v -0.06194616 0.07521854 -0.00835111
v -0.05997102 0.06811130 -0.00134327
v -0.05337185 0.07533516 0.00540339
v -0.05556931 0.08087050 -0.00112397
v -0.06275864 0.08277993 -0.01621221
v -0.05623612 0.08755494 -0.00850592
v -0.04014654 0.12050568 -0.06348935
v -0.04061567 0.11975808 -0.04956490
v -0.02179727 0.12552331 -0.04610438
v -0.03508855 0.12059380 -0.07712141
v -0.04746656 0.11237972 -0.08621211
v -0.04954140 0.11504508 -0.06720882
v -0.04933484 0.11478890 -0.05223409
v -0.02834579 -0.08639225 -0.10897855
v -0.05319441 0.04190607 -0.12979192
v -0.04795995 0.11367884 -0.03875018
v -0.03988365 0.11783578 -0.03614479
v -0.03932457 0.11465807 -0.02416745
v -0.04658892 0.11130095 -0.02740451
v -0.02164020 0.12307521 -0.03208078
v -0.01084623 0.12522103 -0.03047385
v -0.01953472 0.00440833 -0.14332525
v -0.00329324 0.01071823 0.05595393
v -0.04853755 -0.04960030 -0.09112549
v -0.05817217 -0.05010576 -0.07335959
v -0.05846728 -0.10149214 -0.05196420
v -0.07110949 -0.02732307 -0.05433546
v -0.07076171 -0.02656572 -0.05493556
v -0.05814658 -0.06391603 -0.05487756
v -0.06133093 -0.05081980 -0.05567281
v -0.03914423 -0.04884760 -0.10258052
v -0.07952482 -0.01615120 -0.06512145
v -0.08038384 -0.01268472 -0.06626044
v -0.08086336 -0.01695421 -0.06472915
v -0.08163830 -0.01311322 -0.06604361
v -0.08160663 -0.00889221 -0.06680020
v -0.08150838 -0.01863497 -0.06392618
v -0.07919833 0.01708492 -0.05553642
v -0.08117855 0.01852508 -0.05445696
v -0.07058481 -0.02889152 -0.05023810
v -0.07052534 -0.02828516 -0.05194544
v -0.06986327 -0.02856128 -0.05120420
v -0.06970683 -0.02898337 -0.04986291
v -0.07024449 -0.02964221 -0.04861555
v -0.06939097 -0.02946432 -0.04874944
v -0.07807080 0.03463677 -0.04789532
v -0.06750666 -0.02862100 -0.05240999
v -0.06998080 -0.02713342 -0.05470569
v -0.07000384 -0.02774828 -0.05325380
v -0.06950199 -0.02852330 -0.05188918
v -0.06875344 -0.02927286 -0.04983284
v -0.06865136 -0.03008417 -0.04821906
v -0.06950916 -0.03073953 -0.04763118
v -0.08185051 -0.01965801 -0.06419362
v -0.07480854 -0.02989777 -0.05267480
v -0.07798726 0.01056586 -0.06038632
v -0.07807475 0.00873686 -0.06201255
v -0.08044475 0.01030674 -0.06331047
v -0.08033530 0.01238342 -0.06191385
v -0.05982641 -0.01169859 -0.10420388
v -0.06198770 -0.00083537 -0.10902946
v -0.01467890 -0.08451735 -0.11326714
v -0.01394699 -0.07152254 -0.11290494
v -0.07613476 0.03184250 -0.09424758
v -0.07800995 0.01206331 -0.05919583
v -0.08051830 0.01399232 -0.06064299
v -0.08055805 -0.00863598 -0.06679627
v -0.07608496 0.01185655 -0.05944189
v -0.07638598 0.01017420 -0.06074020
v -0.08187035 0.01561726 -0.06225258
v -0.08169777 0.01372516 -0.06357856
v -0.08200713 0.01141235 -0.06490737
v -0.07667815 0.00827402 -0.06209060
v -0.07875185 0.01557088 -0.06087492
v -0.08024662 0.06277100 -0.07093944
v -0.07960095 0.05685596 -0.08462175
v -0.07679861 0.07957932 -0.07429368
v -0.07594756 0.07455888 -0.08918492
v -0.07158706 0.06854132 -0.10472737
v -0.07502817 0.04973691 -0.10019982
v -0.07919207 0.01706104 -0.05576562
v -0.08224089 0.01950370 -0.05480331
v -0.06333990 0.08928896 -0.02364776
v -0.06851842 0.08451681 -0.03065786
v -0.05649150 0.09348179 -0.01529447
v -0.05640769 0.09887670 -0.02164191
v -0.06279481 0.09549332 -0.03030911
v -0.07012495 0.08886930 -0.04214649
v -0.07926732 0.05336824 -0.05653653
v -0.07833418 0.06812548 -0.05715938
v -0.07510132 0.07208957 -0.04390744
v -0.07458577 0.08445977 -0.05897986
v -0.06600042 0.09807459 -0.04820029
v -0.06975307 0.09456047 -0.06247503
v -0.05901157 0.10662006 -0.05185902
v -0.06120235 0.10468104 -0.06630400
v -0.06112125 0.10205287 -0.08200531
v -0.07148949 0.09054639 -0.07743069
v -0.06100838 0.10108528 -0.03616641
v -0.05486840 0.10376514 -0.02674490
v -0.05604414 0.10755976 -0.03943727
v -0.05266986 0.10786810 -0.03105486
v -0.07289626 0.07377201 -0.03679200
v -0.06408317 -0.03455212 -0.04848602
v -0.06547490 -0.03501558 -0.04366373
v -0.07085199 -0.02462182 -0.03615563
v -0.06859190 0.00242473 0.00139964
v -0.06837378 0.01216611 -0.00220158
v -0.07161571 0.00481570 -0.01299811
v -0.07080611 -0.00826222 -0.00971531
v -0.06872216 0.02471879 -0.00432929
v -0.07097930 0.01751026 -0.01413401
v -0.07145856 0.03319408 -0.01834431
v -0.06716293 0.04029489 -0.00720095
v -0.06295448 0.06302831 -0.11951035
v -0.06522302 0.04617406 -0.11757615
v -0.06570338 0.03321226 -0.11593891
v -0.04822501 0.05758524 0.02158116
v -0.02215161 0.08425522 -0.13884896
v -0.04565104 0.07937960 0.01195731
v -0.05513043 0.08367900 -0.11960939
v -0.04203307 0.08972316 -0.12601990
v -0.07085563 0.08577303 -0.09219141
v -0.06777012 0.08059464 -0.10530940
v -0.05985068 0.07415773 -0.11983293
v -0.06483384 0.01682376 -0.11413382
v -0.04706420 0.10718990 -0.02021201
v -0.05790454 0.02384005 0.02051325
v -0.05722268 0.02009968 0.01981743
v -0.05743474 0.02809857 0.02116880
v -0.05675260 0.01673396 0.02212861
v -0.01587761 0.00856693 0.04307599
v -0.01519007 0.00623976 0.04439647
v -0.01493005 0.00378728 0.04567288
v -0.01945336 0.00536675 0.04342290
v -0.01910313 0.00236721 0.04417605
v -0.01176281 0.00184991 0.04981012
v -0.01205175 0.00523296 0.04813361
v -0.01462557 0.00099867 0.04674949
v -0.01491278 -0.00274375 0.04738196
v -0.01213009 -0.00148724 0.05128899
v -0.02484821 -0.00959985 0.03927794
v -0.02440528 -0.00554428 0.04083233
v -0.01945578 -0.00436359 0.04373496
v -0.02442119 0.00166425 0.04434412
v -0.02392968 -0.00224234 0.04326054
v -0.01856762 -0.00071633 0.04377330
v -0.02504091 0.00528924 0.04363536
v -0.01802304 -0.00638806 0.04882731
v -0.01887261 -0.01043512 0.05151946
v -0.01254736 -0.00620474 0.05345251
v -0.01022864 -0.00581329 0.05715471
v -0.00984296 -0.00083804 0.05454243
v -0.02072713 0.00793536 0.04277555
v -0.02684443 0.00810731 0.04300190
v -0.02928219 -0.00331274 0.04455598
v -0.03414581 -0.00510928 0.04688031
v -0.03058654 0.00156430 0.04564806
v -0.03574563 0.00063657 0.04755023
v -0.03115882 0.00592980 0.04479125
v -0.03652937 0.00543490 0.04616198
v -0.03872633 -0.00906393 0.04682017
v -0.04254014 -0.01291403 0.04486035
v -0.04499188 -0.01828783 0.04156911
v -0.04541859 -0.00684446 0.04563011
v -0.04910199 -0.01226654 0.04247648
v -0.04684749 -0.00021679 0.04484873
v -0.05138593 -0.00642755 0.04234792
v -0.04106277 -0.00241088 0.04773921
v -0.04199462 0.00302751 0.04613942
v -0.03719226 0.00927009 0.04339004
v -0.03225160 0.00898509 0.04297367
v -0.04581314 0.01012047 0.03891681
v -0.04618392 0.00568105 0.04220297
v -0.04181041 0.00799595 0.04335755
v -0.04211702 0.01126188 0.03943777
v -0.05151294 0.00121118 0.04016795
v -0.05006981 0.00782761 0.03722432
v -0.04911013 0.01148130 0.03438600
v -0.03687145 0.01438371 0.03832462
v -0.03123038 0.01418858 0.03904062
v -0.04046448 0.01473829 0.03648776
v -0.04581052 0.01266565 0.03590997
v -0.04259662 0.01264433 0.03686548
v -0.05385442 0.01463540 0.02800190
v -0.05172719 0.01490073 0.03012067
v -0.04615980 0.01530160 0.03376155
v -0.04365889 0.01514613 0.03537683
v -0.04924572 0.01543504 0.03225287
v -0.02594804 0.01480537 0.03872932
v -0.02080230 0.01605782 0.03862338
v -0.05679652 -0.06318294 -0.07094140
v -0.00930403 0.00308754 0.05298324
v -0.00974809 0.00681970 0.05124041
v -0.01668126 0.02869714 0.03847062
v -0.01470619 0.02654573 0.03770661
v -0.00803911 0.02640547 0.04414615
v -0.01989037 0.03246338 0.03968148
v -0.01691467 0.01773668 0.03768844
v -0.01466499 0.01963099 0.03673238
v -0.01378712 0.02132665 0.03686234
v -0.01343356 0.02420511 0.03713972
v -0.03216336 0.04637519 0.04100001
v -0.02846747 0.03858813 0.04216293
v -0.05690918 0.06199895 0.00726699
v -0.06049521 0.05368220 0.00330546
v -0.05319535 0.04352953 0.02627909
v -0.05604707 0.03934514 0.02350634
v -0.05679677 0.03324836 0.02160591
v -0.06304991 0.04197935 0.00116158
v -0.06526092 0.02857048 0.00239059
v -0.06612018 0.01776415 0.00432393
v -0.04805696 0.09149668 -0.00070458
v -0.04802423 0.09725364 -0.00711741
v -0.04745543 0.08537099 0.00595901
v -0.03896248 0.11039354 -0.01518106
v -0.03898605 0.10578631 -0.00729297
v -0.04775216 0.10253379 -0.01353333
v -0.03937508 0.10048822 -0.00054608
v -0.03961534 0.09473394 0.00569118
v -0.03901300 0.08871295 0.01223301
v -0.03768395 0.08254119 0.01813559
v -0.03610857 0.07451727 0.02427145
v -0.04805965 -0.06252042 -0.08897358
v -0.00820049 -0.00979211 0.04703564
v -0.00774030 -0.01008965 0.04748939
v -0.00790162 -0.00983167 0.04682469
v -0.00731713 -0.01011544 0.04732843
v -0.00759953 -0.01032076 0.04723555
v -0.00757055 -0.01729834 0.04863289
v -0.00683298 -0.01558950 0.04821314
v -0.00704975 -0.01231543 0.04797327
v -0.07039995 -0.03124011 -0.03807633
v -0.05859952 -0.09728789 -0.06734946
v -0.05602136 -0.09414858 -0.08104346
v 0.05740165 -0.09872088 -0.06593663
v 0.05475737 -0.09481214 -0.07966971
v 0.02226857 -0.12870170 -0.00806451
v 0.03482606 -0.12525739 -0.01421541
v 0.03582751 -0.13409306 -0.01562420
v 0.02277481 -0.13735959 -0.00956929
v 0.06229743 -0.11734883 -0.07183734
v 0.05935542 -0.10793737 -0.06747702
v 0.05645800 -0.10415512 -0.08225697
v 0.05959674 -0.11379721 -0.08725286
v 0.04909759 -0.10180355 -0.09489606
v 0.05252082 -0.11187109 -0.10034362
v 0.04114445 -0.11197493 -0.10962049
v 0.03911613 -0.10005061 -0.10471169
v 0.02690527 -0.09890080 -0.11154296
v 0.02798980 -0.11201780 -0.11544380
v 0.04631132 -0.12063023 -0.02401242
v 0.05503018 -0.11601887 -0.03727617
v 0.05642959 -0.12540799 -0.03975352
v 0.04770944 -0.12973998 -0.02634734
v 0.05914892 -0.11167844 -0.05200709
v 0.06110978 -0.12092403 -0.05572106
v 0.01382583 -0.11188825 -0.11857173
v 0.01288591 -0.09806345 -0.11441478
v 0.02529165 -0.15867445 -0.01271557
v 0.01136888 -0.16011161 -0.01069109
v 0.01122107 -0.14853762 -0.00765819
v 0.02378330 -0.14710563 -0.01122029
v 0.05704398 -0.16136186 -0.03379627
v 0.07094058 -0.15464069 -0.04699066
v 0.07725792 -0.16322455 -0.04409194
v 0.06106796 -0.17158934 -0.03126504
v 0.09935997 -0.16040528 -0.05606632
v 0.10899861 -0.14865583 -0.07755901
v 0.04071339 -0.16552557 -0.02280790
v 0.04289302 -0.17594796 -0.01992663
v -0.00078041 -0.12399936 -0.12602635
v -0.00092456 -0.11188735 -0.11897200
v 0.09876334 -0.14314915 -0.07998407
v 0.09789576 -0.13867803 -0.10399830
v 0.11049573 -0.14451356 -0.10253726
v 0.05513298 -0.15870586 -0.14336789
v 0.05530428 -0.16553316 -0.14635997
v 0.07087849 -0.16099572 -0.14399426
v 0.06659712 -0.15462917 -0.14029041
v 0.07607667 -0.12788814 -0.09863775
v 0.06491052 -0.12742275 -0.11351304
v 0.07353175 -0.13427651 -0.11916068
v 0.08702542 -0.13253859 -0.10265790
v 0.03785162 -0.14280099 -0.13591407
v 0.05627498 -0.13811137 -0.12961851
v 0.05009266 -0.13069600 -0.12434886
v 0.03363313 -0.13280408 -0.13025741
v 0.08901469 -0.13814227 -0.08042307
v 0.07794378 -0.13405336 -0.07935390
v 0.08129598 -0.14700904 -0.06253925
v 0.07280201 -0.14064896 -0.06147474
v 0.06662333 -0.14521885 -0.04412565
v 0.05739343 -0.12150758 -0.10650703
v 0.04478420 -0.12192772 -0.11644898
v 0.03023282 -0.12296393 -0.12290776
v 0.01470086 -0.12419346 -0.12518938
v -0.00016850 -0.17119539 -0.14487439
v -0.00012346 -0.15887685 -0.14268760
v 0.01861901 -0.14548481 -0.13769102
v 0.01665873 -0.13491844 -0.13233033
v 0.08984105 -0.15345375 -0.06089175
v 0.06677467 -0.13166891 -0.05873800
v 0.06130286 -0.13524395 -0.04242368
v 0.06748146 -0.17857654 -0.02075824
v 0.08592261 -0.17196299 -0.03650027
v 0.04671437 -0.18330345 -0.01019147
v 0.02800913 -0.18695481 -0.00368401
v 0.02001610 -0.15798943 -0.14163433
v 0.01918815 -0.16995461 -0.14420414
v 0.03914605 -0.16732009 -0.14517747
v 0.04290803 -0.15481091 -0.14159754
v 0.05293822 -0.15165643 -0.03238450
v 0.03935029 -0.15591854 -0.02057702
v 0.02520113 -0.16822803 -0.01503575
v 0.06572197 -0.12253410 -0.09278475
v 0.06746032 -0.12755869 -0.07629766
v 0.05016742 -0.13992757 -0.02922252
v 0.03702198 -0.14433436 -0.01839520
v 0.01055891 -0.13937570 -0.00461712
v 0.02612174 -0.17823999 -0.01165670
v 0.09933697 -0.14810398 -0.12386488
v 0.08575738 -0.15495230 -0.13700150
v 0.07833663 -0.15110274 -0.13518266
v -0.00030140 -0.14606655 -0.13877687
v -0.00067072 -0.14872475 -0.00652938
v -0.00067595 -0.16057828 -0.01047811
v -0.00010425 -0.13983782 -0.00240827
v 0.08314309 -0.14294238 -0.12532794
v 0.06216697 -0.14724448 -0.13545431
v -0.00040625 -0.13240077 -0.00000806
v -0.00116480 -0.09776892 -0.11466207
v -0.00084593 -0.17175341 -0.01603512
v -0.00087398 -0.18398874 -0.01382191
v -0.00072048 -0.19291519 -0.00467885
v 0.01079230 -0.13158813 -0.00317129
v 0.01210264 -0.18179870 -0.01192318
v 0.01153305 -0.17064473 -0.01446097
v 0.01289316 -0.19119401 -0.00382015
v -0.00047531 -0.13547562 -0.13341214
v -0.02209030 -0.12853161 -0.00753230
v -0.03352146 -0.12469801 -0.01603418
v -0.03449416 -0.13278332 -0.01651492
v -0.02246254 -0.13655664 -0.00896914
v -0.06150125 -0.11650121 -0.07227294
v -0.06033106 -0.10628070 -0.06855366
v -0.05678841 -0.10407093 -0.08341990
v -0.05812210 -0.11431995 -0.08751105
v -0.04969900 -0.10187103 -0.09507805
v -0.05151420 -0.11290145 -0.09970874
v -0.04113212 -0.11240228 -0.10926819
v -0.03955160 -0.10038396 -0.10427098
v -0.02783702 -0.09898313 -0.11139204
v -0.02861422 -0.11231243 -0.11535941
v -0.04552388 -0.11951599 -0.02596299
v -0.05456509 -0.11510412 -0.03794913
v -0.05621925 -0.12390415 -0.04009198
v -0.04666401 -0.12835476 -0.02715990
v -0.05961616 -0.11004525 -0.05314777
v -0.06114646 -0.11961721 -0.05645669
v -0.01491990 -0.11200899 -0.11840302
v -0.01466603 -0.09807853 -0.11423984
v -0.02505711 -0.15751721 -0.01293679
v -0.01214116 -0.15964423 -0.01021256
v -0.01180337 -0.14789087 -0.00661139
v -0.02392633 -0.14604524 -0.01072298
v -0.05524069 -0.16029046 -0.03511522
v -0.06908196 -0.15308078 -0.04809573
v -0.07572715 -0.16154629 -0.04553499
v -0.06006594 -0.17019261 -0.03225683
v -0.09760123 -0.15832341 -0.05772180
v -0.10707732 -0.14632085 -0.07895972
v -0.04004113 -0.16447851 -0.02344928
v -0.04303218 -0.17484106 -0.02032202
v -0.09712632 -0.14091274 -0.08100178
v -0.09653968 -0.13638930 -0.10473493
v -0.10881550 -0.14201015 -0.10379871
v -0.05514172 -0.15745263 -0.14371084
v -0.05555382 -0.16424033 -0.14668159
v -0.07044566 -0.15944937 -0.14447501
v -0.06632752 -0.15313852 -0.14064953
v -0.07515876 -0.12533885 -0.09901968
v -0.06451301 -0.12677686 -0.11411465
v -0.07272206 -0.13261344 -0.11943787
v -0.08580747 -0.13050443 -0.10308205
v -0.03779467 -0.14192042 -0.13609615
v -0.05585758 -0.13672398 -0.12986580
v -0.04992992 -0.12890238 -0.12423805
v -0.03363496 -0.13235188 -0.13019454
v -0.08744652 -0.13599640 -0.08096989
v -0.07498623 -0.13164669 -0.07845852
v -0.07966623 -0.14510450 -0.06322329
v -0.07132021 -0.13684759 -0.06083311
v -0.06359198 -0.14396094 -0.04673656
v -0.05672200 -0.12041672 -0.10661612
v -0.04505966 -0.12112717 -0.11682238
v -0.03080809 -0.12261724 -0.12295794
v -0.01552354 -0.12504791 -0.12612727
v -0.01899904 -0.14542302 -0.13781077
v -0.01762928 -0.13349696 -0.13290584
v -0.08822485 -0.15147479 -0.06202140
v -0.06503704 -0.12942354 -0.05889693
v -0.05885943 -0.13450083 -0.04409095
v -0.06705784 -0.17723794 -0.02171468
v -0.08469318 -0.17005862 -0.03793120
v -0.04738726 -0.18217634 -0.01035904
v -0.02921447 -0.18586254 -0.00362641
v -0.02067380 -0.15735410 -0.14182016
v -0.01974714 -0.16944666 -0.14428779
v -0.03912155 -0.16663802 -0.14546004
v -0.04291952 -0.15386835 -0.14185771
v -0.05178048 -0.14984341 -0.03315705
v -0.03876375 -0.15447555 -0.02094817
v -0.02566452 -0.16752288 -0.01554250
v -0.06422476 -0.12122778 -0.09297488
v -0.06649619 -0.12414758 -0.07479075
v -0.04924322 -0.13839740 -0.02977822
v -0.03703526 -0.14232789 -0.01838458
v -0.01187785 -0.13905154 -0.00323998
v -0.02719438 -0.17727509 -0.01171584
v -0.09778806 -0.14610194 -0.12465264
v -0.08475399 -0.15320233 -0.13759546
v -0.07768760 -0.14944094 -0.13555712
v -0.08219456 -0.14112653 -0.12577534
v -0.06176092 -0.14589269 -0.13572749
v -0.01167686 -0.13174424 -0.00178598
v -0.01341920 -0.18133752 -0.01178321
v -0.01253986 -0.17035040 -0.01472242
v -0.01396841 -0.19025248 -0.00369483
v -0.00810760 -0.01013115 0.04690029
v -0.06912719 -0.03123446 -0.01375031
v -0.06771393 -0.03924368 -0.02157444
v -0.06541441 -0.05082972 -0.01361844
v -0.06676425 -0.04144911 -0.00526787
v -0.06145350 -0.06238003 -0.00603914
v -0.06411897 -0.05035478 0.00057044
v -0.05496207 -0.07042187 0.00331708
v -0.06013677 -0.05724876 0.00691040
v -0.04916427 -0.07459736 0.01313129
v -0.05305196 -0.06141336 0.01439090
v -0.03667253 -0.08190747 0.03138434
v -0.03562042 -0.08817042 0.02901112
v -0.02897077 -0.09416482 0.03398936
v -0.03046600 -0.09056892 0.03729720
v -0.02132986 -0.09958564 0.03914024
v -0.02366778 -0.09670462 0.04297025
v -0.01369379 -0.10328784 0.04227171
v -0.01402034 -0.09890471 0.04563547
v -0.00328588 -0.10348389 0.04397140
v -0.00377209 -0.09954008 0.04821420
v -0.00417689 -0.08995835 0.05253473
v -0.01395622 -0.08943069 0.05014707
v -0.01341915 -0.09476478 0.04861015
v -0.00384422 -0.09557354 0.05109626
v -0.02169493 -0.08740668 0.04602201
v -0.02325090 -0.09278151 0.04529907
v -0.02801309 -0.08119059 0.04186140
v -0.02972507 -0.08673077 0.04057233
v -0.03425683 -0.07198402 0.03672336
v -0.03491861 -0.07729659 0.03406848
v -0.03878307 -0.06354155 0.03376969
v -0.04066133 -0.06582987 0.02960775
v -0.01261463 -0.10571141 0.03748023
v -0.00305277 -0.10691269 0.03945437
v -0.02006194 -0.10138819 0.03457788
v -0.02716114 -0.09699269 0.02964742
v -0.03363027 -0.09338670 0.02452410
v -0.04341325 -0.07890264 0.02243711
v -0.03921051 -0.08877958 0.01826133
v -0.04516301 -0.08253995 0.01064883
v -0.05092871 -0.07835589 -0.00016500
v -0.05838403 -0.06944283 -0.01193734
v -0.06235131 -0.05610622 -0.02176913
v -0.06587064 -0.04390648 -0.02989691
v -0.06855450 -0.03192677 -0.02798967
v -0.02192540 -0.08250746 0.04732493
v -0.01479617 -0.08408667 0.05035747
v -0.02735317 -0.07692575 0.04354066
v -0.03370974 -0.06676813 0.04006789
v -0.03705691 -0.06019143 0.03698848
v -0.04039734 -0.04324036 0.03668360
v -0.03917468 -0.05178058 0.03646738
v -0.04151345 -0.02713405 0.03677937
v -0.04137399 -0.03434851 0.03597597
v -0.04924100 -0.02150463 0.03727563
v -0.04829921 -0.03029470 0.03235277
v -0.04511337 -0.03382161 0.03440849
v -0.04524824 -0.02528442 0.03727226
v -0.05379651 -0.01508598 0.03739292
v -0.05296351 -0.02637285 0.02984605
v -0.01165979 -0.10645168 0.03279899
v -0.00252504 -0.10794989 0.03412397
v -0.01872557 -0.10380977 0.02980310
v -0.02460014 -0.10071940 0.02521328
v -0.02939785 -0.09912415 0.01924494
v -0.03363131 -0.09541409 0.01212528
v -0.03712820 -0.09018641 0.00453002
v -0.04343563 -0.08611388 -0.00514260
v -0.05127411 -0.07721555 -0.01834510
v -0.05898141 -0.06107904 -0.02909443
v -0.06321575 -0.04805488 -0.03731373
v -0.02317820 -0.10149521 0.00591967
v -0.02052301 -0.10326973 0.01139508
v -0.01718696 -0.10493719 0.01610408
v -0.01383248 -0.10625265 0.02048627
v -0.00861857 -0.10751051 0.01978380
v -0.00146664 -0.10777459 0.01971141
v -0.00710219 -0.10620538 0.01186564
v -0.00074759 -0.10723490 0.01258110
v -0.00913858 -0.10716262 0.00781093
v -0.00028521 -0.10834423 0.00894271
v -0.01103079 -0.10951476 0.00605336
v -0.00026506 -0.11134189 0.00601260
v -0.04245756 -0.05452184 0.03314137
v -0.04566395 -0.05391809 0.02916129
v -0.04780463 -0.04189599 0.02991920
v -0.05222462 -0.03871138 0.02576844
v -0.05041885 -0.05251931 0.02397604
v -0.04415540 -0.04436266 0.03358310
v -0.05688680 -0.04894661 0.01712292
v -0.05826272 -0.03429732 0.02059482
v -0.05833267 -0.01996204 0.02770251
v -0.06319158 -0.02853989 0.01678886
v -0.06259057 -0.04387772 0.01103460
v -0.06209203 -0.01622769 0.02437792
v -0.06404261 -0.01235174 0.02030811
v -0.06541571 -0.02448862 0.01349295
v -0.06540979 -0.03741825 0.00693094
v -0.04511147 -0.06716608 0.02368730
v -0.06729288 -0.03154269 0.00197929
v -0.06602169 -0.00951543 0.01555612
v -0.06686960 -0.01953370 0.00950352
v -0.06686308 -0.00500971 0.00888807
v -0.06829419 -0.01471250 0.00025218
v -0.06957535 -0.02401938 -0.00649845
v -0.06903176 -0.02314935 -0.02366251
v -0.00385717 -0.08440420 0.05197481
v -0.06456353 -0.03348542 -0.05256639
v -0.02695624 -0.01628441 0.03679376
v -0.02074570 -0.01537521 0.03911937
v -0.01432484 -0.01655480 0.04246590
v -0.00743477 -0.01695944 0.04437399
v -0.00181754 -0.01702653 0.04585295
v -0.00023307 -0.12133913 0.00257092
v 0.00093367 0.03840196 0.04587532
v -0.00039383 -0.11500299 0.00454027
v -0.00404709 -0.06297199 0.04032065
v -0.00085157 0.12604578 -0.02967769
v -0.00406106 -0.07752939 0.05228781
v -0.00409438 -0.05972650 0.04345195
v 0.00154315 -0.00162218 0.06553496
v -0.00443292 -0.07160949 0.05354144
v -0.00508793 -0.06882193 0.06658719
v -0.00461377 -0.06144862 0.05956473
v -0.00063805 0.07717945 0.03348560
v -0.00494977 -0.06427506 0.06445280
v 0.00168083 -0.01791956 0.04726800
v 0.00146502 -0.00730331 0.06723517
v -0.00442311 -0.05812868 0.05723026
v -0.00059344 -0.04761686 -0.11703419
v -0.00496552 -0.07143489 0.06465231
v -0.00426190 -0.05828108 0.04816971
v -0.00480125 -0.05548116 0.05336604
v 0.00150290 -0.01459122 0.04448212
v 0.00184457 -0.01600315 0.04588394
v 0.00107924 0.01867639 0.05259861
v -0.00032642 -0.00943457 -0.13999584
v 0.00109404 0.01517668 0.05458841
v -0.00098783 0.10035402 0.01745747
v -0.00092601 0.08689325 0.02848146
v 0.00129646 0.00343703 0.06297918
v -0.00006831 0.05370269 -0.15191934
v -0.00005237 0.07057100 -0.14864954
v 0.00076769 0.05671462 0.04066921
v -0.00040873 0.12494671 -0.09058397
v 0.00113770 -0.01158394 0.06831662
v 0.00194014 -0.02197632 0.05491223
v -0.00096836 0.11741611 -0.00617859
v -0.00015191 0.01884876 -0.14995711
v -0.00017507 0.11568024 -0.11415385
v 0.00143625 -0.00878948 0.06404997
v -0.00092122 0.12209673 -0.01737048
v 0.00056623 -0.00783286 0.05587891
v 0.00163445 -0.02218081 0.06428452
v -0.00022637 0.00310141 -0.14596811
v -0.00010935 0.03278887 -0.15165746
v 0.00196420 -0.00899009 0.05644899
v 0.00214597 -0.01394441 0.04716339
v -0.00026659 0.12127179 -0.10276811
v 0.00135232 0.04303593 0.04580281
v 0.00191593 -0.00653172 0.06322931
v 0.00058620 0.02699322 0.04687154
v 0.00200630 -0.00703171 0.06625861
v -0.00050649 -0.12668176 0.00066250
v -0.00007323 0.09513806 -0.13573112
v 0.00184636 -0.00881907 0.06629652
v 0.00120145 -0.00979072 0.05046962
v 0.00132995 0.00815673 0.06019202
v 0.00142956 -0.01273960 0.04724214
v 0.00004768 0.06607234 0.03691757
v 0.00173458 -0.02011475 0.04998246
v 0.00198296 -0.02104472 0.05072449
v 0.00066928 0.02471511 0.04799875
v -0.00098820 0.09389167 0.02359512
v 0.00060842 0.02911937 0.04648848
v 0.00172080 -0.01951638 0.04908928
v -0.00005398 0.08562681 -0.14213023
v -0.00058044 0.12941083 -0.07382861
v -0.00064686 0.13038979 -0.06092639
v 0.00085980 0.02173919 0.05020377
v 0.00120307 0.01189331 0.05688076
v -0.00053700 -0.05738911 -0.11534861
v 0.00146857 -0.01879042 0.06757370
v 0.00130499 -0.01596500 0.06857639
v -0.00099595 0.11196486 0.00331942
v -0.00036012 -0.01899222 -0.13509268
v -0.00075315 0.12958506 -0.04436791
v -0.00099170 0.10624921 0.01091080
v -0.00047608 -0.03628994 -0.12376969
v -0.00037991 -0.02667164 -0.13100065
v 0.00158760 -0.02352040 0.06237942
v 0.00043805 0.03190947 0.04594675
v 0.00158860 -0.02284590 0.05799218
v -0.00011176 0.10803080 -0.12467950
v 0.00205876 -0.02124344 0.05229829
v 0.01157785 -0.00795867 0.04750332
v 0.06869748 -0.03167953 -0.01248142
v 0.06799357 -0.04013939 -0.02000242
v 0.06565477 -0.05135553 -0.01205654
v 0.06645443 -0.04186087 -0.00403159
v 0.06151698 -0.06262945 -0.00373428
v 0.06373098 -0.05073845 0.00279739
v 0.05396829 -0.07056738 0.00569720
v 0.05846515 -0.05819413 0.00903049
v -0.00421873 -0.02222696 0.06172245
v -0.00344945 -0.02242037 0.05860023
v 0.04647380 -0.07489978 0.01492067
v 0.05105999 -0.06299190 0.01673267
v -0.01821430 0.02114659 0.03458272
v -0.00923948 -0.01825732 0.04729185
v -0.00679096 0.00087108 0.05825533
v -0.01616562 0.02101937 0.03427299
v 0.03165754 -0.08223008 0.03343828
v 0.03094593 -0.08866073 0.03119529
v 0.02375651 -0.09470295 0.03594216
v 0.02434425 -0.09057111 0.03888969
v -0.01287683 -0.01617411 0.04625029
v 0.01566402 -0.10023072 0.04067002
v 0.01674194 -0.09652654 0.04417528
v 0.00713691 -0.10325236 0.04337888
v 0.00658914 -0.09921610 0.04671162
v -0.00668640 0.00918533 0.05397502
v -0.00956146 0.01891508 0.04248639
v 0.00555224 -0.08984788 0.05041170
v 0.00583490 -0.09489567 0.04921947
v -0.00627864 0.00491782 0.05608984
v -0.01845700 -0.01462376 0.04801412
v -0.01679224 -0.01537875 0.04556387
v -0.00651114 -0.01603266 0.06546709
v -0.00741133 -0.01256049 0.06486216
v 0.01422992 -0.08767110 0.04687477
v -0.00755609 -0.01945511 0.06314652
v -0.00481403 -0.02124939 0.06323275
v 0.01559964 -0.09281768 0.04652768
v -0.02225466 0.02159702 0.03637577
v -0.03280039 0.02315236 0.03086459
v -0.00568572 -0.01822680 0.06487092
v -0.00247166 -0.02004363 0.06499816
v -0.02569184 0.02285668 0.03483195
v -0.02042221 0.02141074 0.03548962
v -0.01278785 -0.01648068 0.05869385
v -0.00782697 0.01788226 0.04642138
v 0.02182437 -0.08160332 0.04386121
v 0.02355543 -0.08599783 0.04196414
v 0.02900475 -0.07189634 0.03929418
v 0.03027051 -0.07745340 0.03614202
v -0.01640014 -0.01603418 0.05403368
v 0.03379488 -0.06437565 0.03593573
v 0.03699528 -0.06717727 0.03208560
v 0.00706275 -0.10559994 0.03833803
v -0.02306343 0.02166728 0.03636090
v -0.02381136 0.02187023 0.03622513
v -0.00733862 -0.00411900 0.06046170
v 0.01498822 -0.10223307 0.03606467
v 0.02238734 -0.09786773 0.03207287
v 0.02964126 -0.09403219 0.02698820
v 0.03930223 -0.07910237 0.02429423
v -0.02835897 0.02295177 0.03448975
v -0.00290267 -0.02119451 0.05307884
v -0.01066596 -0.01784666 0.06095155
v -0.00913551 -0.01884266 0.06231576
v -0.00366723 -0.02022465 0.05064151
v 0.03599080 -0.08942341 0.02032321
v 0.04278068 -0.08263180 0.01223598
v -0.01411602 0.02043434 0.03674159
v 0.04984936 -0.07821890 0.00193119
v -0.00712706 0.01571349 0.04967141
v -0.00624126 0.01239939 0.05198312
v 0.05877791 -0.06978454 -0.00964220
v 0.06369255 -0.05713911 -0.02047189
v -0.00297722 -0.02145709 0.05565256
v 0.06649636 -0.04467519 -0.02796269
v 0.06804289 -0.03231633 -0.02590746
v 0.01403129 -0.08286326 0.04797759
v 0.00626856 -0.08388831 0.05077810
v 0.02082278 -0.07790830 0.04566769
v -0.00757562 -0.00854875 0.06336949
v 0.02746222 -0.06694050 0.04268443
v 0.03143923 -0.06042968 0.03899347
v 0.03669963 -0.04410058 0.03845704
v -0.00646898 -0.01965125 0.04902123
v 0.03468167 -0.05245610 0.03837411
v 0.03940696 -0.02785015 0.03791539
v 0.03854713 -0.03501403 0.03708725
v 0.04747133 -0.02296608 0.03805144
v 0.04600151 -0.03215697 0.03328091
v 0.04225931 -0.03481789 0.03530810
v 0.00159510 -0.02052506 0.06589875
v -0.00522326 -0.02000583 0.06426980
v 0.04334638 -0.02658140 0.03816229
v 0.05190170 -0.01646762 0.03678919
v 0.05183597 -0.02847776 0.02997646
v 0.00678900 -0.10658577 0.03365215
v -0.03207244 0.03471326 0.03937621
v -0.03240034 0.03221298 0.04102941
v 0.01419724 -0.10448161 0.03119921
v 0.02102571 -0.10135067 0.02696054
v 0.02658907 -0.09965127 0.02120478
v 0.03167359 -0.09658296 0.01416655
v 0.03660465 -0.09167809 0.00614067
v 0.04338691 -0.08675734 -0.00328069
v -0.02358652 0.03532920 0.04064909
v -0.00484403 0.03411411 0.04636943
v -0.01028484 0.03440993 0.04431125
v 0.05296648 -0.07814355 -0.01574933
v -0.03645624 0.02814592 0.04053224
v -0.03671082 0.02591666 0.03758572
v -0.03283175 0.03053000 0.04075492
v -0.03634002 0.02601207 0.03934266
v -0.03660168 0.02678344 0.04060056
v 0.06117005 -0.06258159 -0.02751301
v -0.03334559 0.02913227 0.04148050
v 0.06387836 -0.04870408 -0.03521283
v -0.03359141 0.02930729 0.04137596
v 0.02222919 -0.10216232 0.00587427
v -0.02943117 0.03564825 0.03983939
v 0.01920502 -0.10392664 0.01246584
v 0.01465543 -0.10526258 0.01724796
v -0.03496490 0.02899926 0.03975205
v -0.03714063 0.02581612 0.03547083
v 0.01073714 -0.10662699 0.02153448
v -0.03774002 0.02463490 0.03118938
v 0.00560937 -0.10744143 0.02029388
v 0.00068187 0.03505682 0.04525605
v -0.02325634 0.04396157 0.04498077
v -0.05316472 0.04758125 0.02184467
v 0.00578710 -0.10613655 0.01210805
v -0.05641019 0.04242358 0.01982954
v 0.00815994 -0.10619702 0.00717001
v -0.05203190 0.01280859 0.03094617
v -0.05439263 0.01226107 0.02806139
v -0.01972505 0.03766050 0.04308252
v 0.01004365 -0.10921095 0.00447110
v 0.03814962 -0.05548757 0.03502651
v 0.04204953 -0.05548032 0.03111233
v 0.04411278 -0.04391242 0.03176647
v 0.05029543 -0.04125514 0.02715290
v -0.02652108 0.06645089 0.03345073
v -0.03083512 0.11292212 -0.01166472
v -0.02560909 0.05840690 0.03708024
v -0.04071534 0.05287534 0.03227662
v 0.04794819 -0.05423509 0.02606455
v -0.03088376 0.10812388 -0.00309641
v 0.04020417 -0.04560844 0.03551061
v 0.05495385 -0.05019501 0.01870388
v 0.05698232 -0.03579515 0.02195158
v 0.05643863 -0.02141147 0.02760710
v 0.06152682 -0.02933235 0.01852445
v -0.04829271 0.05168841 0.02611301
v 0.06157671 -0.04462566 0.01329329
v -0.05791881 0.01433818 0.02016292
v -0.00684415 0.04939913 0.04402779
v -0.05834879 0.01866710 0.01711096
v 0.06023399 -0.01694775 0.02446401
v -0.01565203 0.04974883 0.04380726
v -0.02755876 0.12377454 -0.07214402
v 0.06304855 -0.01232466 0.02146362
v 0.06474257 -0.02500918 0.01468002
v 0.06519445 -0.03815720 0.00817761
v 0.04206426 -0.06860263 0.02575593
v -0.01453209 0.03135945 0.04149647
v 0.06731784 -0.03212196 0.00274039
v -0.04307117 0.01385313 0.03547239
v -0.04601840 0.01401559 0.03455305
v 0.06452066 -0.00913137 0.01625011
v -0.03139488 0.12345982 -0.06121802
v -0.05754970 0.01295942 0.02236973
v -0.02921318 0.08456501 0.02255029
v -0.01109354 0.02629340 0.04098931
v -0.01286073 0.02844456 0.04111172
v -0.03006403 0.09115454 0.01701330
v 0.06659809 -0.01946061 0.01056824
v 0.06634460 -0.00492168 0.00937811
v 0.06812247 -0.01495789 0.00073524
v -0.03053449 0.09729023 0.01068630
v 0.06900069 -0.02408227 -0.00659947
v 0.06926336 -0.02360181 -0.02171542
v -0.03121212 0.11718086 -0.02177147
v -0.02434137 0.01325886 0.03872118
v 0.06435914 -0.03381517 -0.05162046
v 0.02901989 -0.01526827 0.03741313
v 0.02396506 -0.01406245 0.03938801
v -0.05867428 0.03545782 0.01881794
v -0.05884500 0.02858734 0.01836246
v -0.03194937 0.12277751 -0.04771072
v -0.03581166 0.01323560 0.03841050
v -0.05871658 0.02337873 0.01740670
v -0.01589628 0.12564486 -0.08013821
v 0.01817241 -0.01501601 0.04281436
v -0.05647285 0.01231659 0.02536582
v 0.01132553 -0.01560635 0.04440992
v 0.00562633 -0.01626205 0.04605438
v -0.03337089 0.05306813 0.03748884
v -0.03981886 0.01355169 0.03706050
v -0.01118559 0.02389329 0.04065488
v -0.01890116 0.01427136 0.03842203
v -0.01519275 0.01635696 0.03829819
v -0.03074394 0.10290081 0.00419609
v -0.01273243 0.01851786 0.03881446
v -0.01073482 0.02095993 0.03976275
v -0.02996449 0.01282987 0.03853283
v -0.02792354 0.07594455 0.02843602
v -0.03145920 0.12050352 -0.03403587
v -0.04884728 0.01348164 0.03261071
v -0.00052287 0.12681377 -0.08299118
v 0.00093057 0.04911998 0.04390133
v -0.01158256 0.01964611 0.03941938
v -0.01679331 0.03409284 0.04190477
v -0.02499914 0.05105893 0.04177062
v -0.00457951 -0.07153651 0.05767088
v -0.03350586 -0.02653860 0.04120255
v -0.03462143 -0.03105232 0.04084735
v -0.03352244 -0.04264101 0.04226007
v -0.02730396 -0.01456056 0.04640957
v -0.03143000 -0.02033499 0.04350728
v -0.02850580 -0.05978274 0.05098509
v -0.03431094 -0.03491889 0.04051423
v -0.02242464 -0.06612083 0.05526938
v -0.03396083 -0.03890919 0.04046411
v -0.01432676 -0.07047888 0.05872833
v 0.00209647 -0.01163195 0.05062675
v -0.01440321 -0.01145779 0.05029409
v -0.00445365 -0.01273809 0.04997940
v -0.02172636 -0.01243241 0.04955256
v -0.03345352 -0.04751581 0.04521189
v -0.03211555 -0.05349103 0.04737834
v 0.00689090 -0.02181822 0.06186591
v 0.00625051 -0.02193563 0.05881882
v 0.01860457 0.02071670 0.03315510
v 0.01320561 -0.01713115 0.04781374
v 0.00867543 0.00024458 0.05811585
v 0.01662385 0.02097810 0.03336436
v 0.01700245 -0.01517225 0.04678836
v 0.00901197 0.00872818 0.05395438
v 0.01099641 0.01925989 0.04219025
v 0.00862516 0.00453055 0.05624606
v 0.02297775 -0.01487256 0.04850705
v 0.02125512 -0.01488073 0.04590953
v 0.00882186 -0.01577603 0.06537164
v 0.00948963 -0.01275383 0.06469835
v 0.01031788 -0.01902865 0.06333819
v 0.00736853 -0.02082939 0.06338415
v 0.02172916 0.02150688 0.03422429
v 0.03246693 0.02323887 0.02857933
v 0.00812467 -0.01786954 0.06489832
v 0.00519222 -0.02003279 0.06527025
v 0.02516803 0.02217577 0.03244850
v 0.02036012 0.02113254 0.03375294
v 0.01576320 -0.01648066 0.05879511
v 0.00958996 0.01782451 0.04621283
v 0.01993472 -0.01597133 0.05414851
v 0.02258276 0.02155553 0.03414933
v 0.02336678 0.02176421 0.03400532
v 0.00934383 -0.00463896 0.06019435
v 0.02785551 0.02250571 0.03239564
v 0.00667487 -0.02077255 0.05323955
v 0.01341534 -0.01749387 0.06105439
v 0.01150158 -0.01823749 0.06233281
v 0.00741599 -0.01942910 0.05079897
v 0.01484127 0.02084424 0.03614363
v 0.00895135 0.01549242 0.04951578
v 0.00877431 0.01227775 0.05209886
v 0.00615370 -0.02119485 0.05601329
v 0.00938159 -0.00923958 0.06305011
v 0.01024032 -0.01861784 0.04940576
v 0.00787856 -0.01969497 0.06440906
v 0.03273226 0.03440690 0.03846571
v 0.03261127 0.03266711 0.04015464
v 0.02476978 0.03520748 0.04000664
v 0.00590216 0.03587571 0.04525944
v 0.01172579 0.03532617 0.04346756
v 0.03571548 0.02926633 0.03846832
v 0.03582951 0.02704604 0.03576375
v 0.03290822 0.03117587 0.04049070
v 0.03567373 0.02721911 0.03771469
v 0.03589951 0.02805628 0.03869828
v 0.03344204 0.03020243 0.03942396
v 0.03338656 0.02975543 0.03878262
v 0.03045888 0.03564042 0.03918486
v 0.03450068 0.02958204 0.03758829
v 0.03639710 0.02696469 0.03352366
v 0.03700582 0.02527537 0.02912395
v 0.02403721 0.04472808 0.04385868
v 0.05375887 0.04628214 0.02155875
v 0.05651107 0.04126895 0.01922086
v 0.05319172 0.01151908 0.03075892
v 0.05505594 0.01130657 0.02787344
v 0.02120263 0.03852316 0.04374322
v 0.02582451 0.06534304 0.03225451
v 0.02903638 0.11280195 -0.01171049
v 0.02587005 0.05819645 0.03668702
v 0.04106688 0.05167930 0.03193995
v 0.02899465 0.10793047 -0.00317644
v 0.04819881 0.05053558 0.02564338
v 0.05802007 0.01459635 0.01962750
v 0.00789165 0.04960462 0.04438441
v 0.05905383 0.01886233 0.01663639
v 0.01603522 0.04988036 0.04295831
v 0.02652146 0.12377173 -0.07208809
v 0.01559077 0.03279689 0.04104802
v 0.04417231 0.01228520 0.03526848
v 0.04728704 0.01261557 0.03448575
v 0.03020155 0.12346866 -0.06117052
v 0.05785840 0.01309127 0.02218999
v 0.02725474 0.08426274 0.02202288
v 0.01268332 0.02671557 0.04115596
v 0.01431017 0.02925811 0.04094325
v 0.02813121 0.09066228 0.01681969
v 0.02856924 0.09689087 0.01052914
v 0.02954691 0.11712852 -0.02180593
v 0.02572955 0.01251566 0.03766454
v 0.05923244 0.03461811 0.01846009
v 0.05954026 0.02854904 0.01747466
v 0.03059098 0.12278858 -0.04768401
v 0.03679505 0.01183084 0.03773887
v 0.05936400 0.02332559 0.01664443
v 0.01487139 0.12562783 -0.08010714
v 0.05675031 0.01178419 0.02494291
v 0.03395873 0.05223316 0.03737968
v 0.04090014 0.01219607 0.03683247
v 0.01149820 0.02438596 0.04035939
v 0.02055169 0.01397459 0.03736277
v 0.01662729 0.01643471 0.03752993
v 0.02880655 0.10260627 0.00408775
v 0.01376614 0.01849475 0.03810634
v 0.01157639 0.02135259 0.03947994
v 0.03123661 0.01195130 0.03796892
v 0.02621993 0.07583100 0.02788006
v 0.02994281 0.12049271 -0.03404601
v 0.05030750 0.01216109 0.03289136
v 0.01266036 0.02008153 0.03900822
v 0.01839180 0.03496165 0.04303047
v 0.02550115 0.05091076 0.04077687
v 0.03238895 -0.02575178 0.04353871
v 0.03220923 -0.03027575 0.04329627
v 0.02935144 -0.04250180 0.04498870
v 0.02882108 -0.01292578 0.04797583
v 0.03173205 -0.01928753 0.04541513
v 0.01956304 -0.06216830 0.05299960
v 0.03168330 -0.03425382 0.04376578
v 0.01326479 -0.06826600 0.05642199
v 0.03077243 -0.03850928 0.04398500
v 0.00534903 -0.07134604 0.05933098
v 0.01802146 -0.00974688 0.05167406
v 0.00873746 -0.01179700 0.05036276
v 0.02498086 -0.01055920 0.05128778
v 0.02804853 -0.04781516 0.04834330
v 0.02447676 -0.05494925 0.05056139
v 0.03676412 0.02364020 0.02349472
v -0.03737850 0.02352240 0.02587328
v 0.03283413 0.02436200 0.03695939
v 0.03131456 0.02434104 0.03641667
v 0.02992362 0.02431323 0.03555818
v 0.02876287 0.02429732 0.03446461
v 0.03284884 0.02468458 0.03698567
v 0.03135050 0.02496804 0.03643484
v 0.02998571 0.02522232 0.03557107
v 0.02883640 0.02543483 0.03449302
v 0.03293242 0.02499738 0.03698453
v 0.03150341 0.02557417 0.03646898
v 0.03020031 0.02610283 0.03562535
v 0.02911898 0.02653563 0.03452837
v 0.03306874 0.02528452 0.03699680
v 0.03177850 0.02613599 0.03647057
v 0.03060107 0.02691253 0.03564217
v 0.02961653 0.02755662 0.03457346
v 0.03326179 0.02553704 0.03701464
v 0.03215909 0.02662946 0.03649976
v 0.03115217 0.02762188 0.03566034
v 0.03031285 0.02845112 0.03459508
v 0.03350173 0.02574471 0.03701410
v 0.03262916 0.02703543 0.03650629
v 0.03184010 0.02821234 0.03568358
v 0.03119153 0.02920224 0.03465721
v 0.03377632 0.02590175 0.03702560
v 0.03317332 0.02734021 0.03652409
v 0.03262917 0.02866055 0.03570884
v 0.03218991 0.02976061 0.03468522
v 0.03407876 0.02599903 0.03703045
v 0.03376293 0.02752921 0.03652253
v 0.03348081 0.02893433 0.03571493
v 0.03326381 0.03011835 0.03470839
v 0.03439745 0.02603473 0.03703857
v 0.03438543 0.02759770 0.03654340
v 0.03438384 0.02904229 0.03574330
v 0.03438694 0.03025004 0.03473377
v 0.03471580 0.02600977 0.03705067
v 0.03500571 0.02754251 0.03655038
v 0.03528343 0.02895986 0.03575575
v 0.03552767 0.03015454 0.03475260
v 0.03502377 0.02592322 0.03705963
v 0.03561134 0.02737566 0.03658148
v 0.03615204 0.02870694 0.03578365
v 0.03662001 0.02983713 0.03477202
v 0.03530787 0.02577657 0.03707040
v 0.03616560 0.02708709 0.03659584
v 0.03695781 0.02829049 0.03580722
v 0.03762404 0.02931042 0.03479261
v 0.03555454 0.02557482 0.03707224
v 0.03665354 0.02669317 0.03660991
v 0.03765939 0.02771777 0.03582297
v 0.03849848 0.02858757 0.03480041
v 0.03576142 0.02532980 0.03708016
v 0.03705357 0.02620774 0.03661637
v 0.03823271 0.02701766 0.03583875
v 0.03922541 0.02770700 0.03483151
v 0.03591093 0.02504679 0.03707752
v 0.03735432 0.02565693 0.03662981
v 0.03867000 0.02622089 0.03586522
v 0.03976607 0.02669407 0.03484451
v 0.03600751 0.02474101 0.03708787
v 0.03753755 0.02505620 0.03663409
v 0.03893672 0.02534504 0.03587266
v 0.04010933 0.02558939 0.03486205
v 0.03603563 0.02442108 0.03707898
v 0.03760108 0.02442873 0.03663342
v 0.03902474 0.02442790 0.03588055
v 0.04021985 0.02444474 0.03485475
v 0.03600334 0.02410194 0.03707527
v 0.03752439 0.02379444 0.03663717
v 0.03892176 0.02350560 0.03586732
v 0.04011489 0.02329148 0.03489289
v 0.03589668 0.02378684 0.03708729
v 0.03733040 0.02318514 0.03667493
v 0.03864096 0.02262143 0.03587855
v 0.03975748 0.02217239 0.03488278
v 0.03573528 0.02349739 0.03709866
v 0.03700632 0.02262164 0.03666365
v 0.03818113 0.02180949 0.03588304
v 0.03917628 0.02112180 0.03485584
v 0.03552818 0.02324010 0.03711047
v 0.03660845 0.02211862 0.03669710
v 0.03759206 0.02107335 0.03590962
v 0.03843308 0.02015417 0.03490759
v 0.03527568 0.02302790 0.03710796
v 0.03610902 0.02170336 0.03668091
v 0.03688600 0.02046227 0.03592948
v 0.03754617 0.01936710 0.03497411
v 0.03499923 0.02286666 0.03711469
v 0.03556957 0.02137569 0.03671385
v 0.03609655 0.01998377 0.03596235
v 0.03654678 0.01878416 0.03498562
v 0.03469538 0.02276584 0.03710378
v 0.03497240 0.02117870 0.03667744
v 0.03523349 0.01968068 0.03594195
v 0.03548706 0.01845851 0.03495535
v 0.03438687 0.02272804 0.03709370
v 0.03436513 0.02110043 0.03667498
v 0.03433878 0.01955154 0.03591488
v 0.03440210 0.01837581 0.03483831
v 0.03407909 0.02275470 0.03706330
v 0.03375956 0.02116000 0.03660674
v 0.03345573 0.01964524 0.03584549
v 0.03331777 0.01853275 0.03479085
v 0.03378229 0.02284498 0.03705901
v 0.03318316 0.02134742 0.03658712
v 0.03262853 0.01994110 0.03578334
v 0.03223414 0.01885636 0.03472419
v 0.03351752 0.02299776 0.03702542
v 0.03266150 0.02165923 0.03651492
v 0.03187677 0.02042226 0.03571710
v 0.03123215 0.01941697 0.03473168
v 0.03328041 0.02320105 0.03702250
v 0.03219911 0.02206341 0.03650649
v 0.03122530 0.02103246 0.03565392
v 0.03042139 0.02019708 0.03462128
v 0.03309793 0.02345419 0.03697473
v 0.03184059 0.02256399 0.03642195
v 0.03069409 0.02175611 0.03559211
v 0.02974818 0.02111820 0.03455908
v 0.03441020 0.02439026 0.03718623
v 0.03295398 0.02373482 0.03697251
v 0.03154783 0.02311637 0.03643880
v 0.03028141 0.02256353 0.03557389
v 0.02923962 0.02211301 0.03449227
v 0.03286052 0.02404155 0.03697777
v 0.03137939 0.02371600 0.03641721
v 0.03004229 0.02342491 0.03552131
v 0.02890462 0.02319295 0.03447226
v 0.02758890 0.02427297 0.03357701
v 0.02577404 0.02427073 0.03211427
v 0.02420843 0.02426130 0.03022919
v 0.02305247 0.02429259 0.02808153
v 0.02234659 0.02429795 0.02574814
v 0.02207380 0.02427106 0.02332225
v 0.02235604 0.02429092 0.02091954
v 0.02279415 0.02412442 0.01855986
v 0.02392682 0.02408647 0.01639754
v 0.02547816 0.02406083 0.01450385
v 0.02737400 0.02404273 0.01295028
v 0.02953439 0.02402748 0.01179842
v 0.03187909 0.02401788 0.01109192
v 0.02766549 0.02564189 0.03360717
v 0.02589226 0.02601070 0.03212405
v 0.02435244 0.02629923 0.03022487
v 0.02323161 0.02654541 0.02805840
v 0.02252654 0.02669593 0.02573016
v 0.02229509 0.02675656 0.02330950
v 0.02253493 0.02673376 0.02088218
v 0.02322380 0.02664598 0.01854848
v 0.02413087 0.02612594 0.01638119
v 0.02564394 0.02578877 0.01448845
v 0.02750654 0.02540199 0.01293804
v 0.02962761 0.02496512 0.01178883
v 0.03192746 0.02449585 0.01108716
v 0.02801612 0.02696317 0.03364431
v 0.02633322 0.02767599 0.03215793
v 0.02487523 0.02828807 0.03022527
v 0.02381693 0.02873803 0.02803828
v 0.02315949 0.02903295 0.02571124
v 0.02294444 0.02914301 0.02330622
v 0.02316062 0.02907376 0.02088260
v 0.02381332 0.02884023 0.01855313
v 0.02471929 0.02808148 0.01636875
v 0.02614695 0.02745314 0.01447517
v 0.02789990 0.02670803 0.01292750
v 0.02989648 0.02586389 0.01178248
v 0.03206410 0.02495410 0.01108413
v 0.02862785 0.02818463 0.03366790
v 0.02711871 0.02923092 0.03219698
v 0.02577602 0.03013079 0.03020071
v 0.02481198 0.03077756 0.02803360
v 0.02422427 0.03119059 0.02571241
v 0.02402563 0.03133925 0.02331194
v 0.02422898 0.03123095 0.02088477
v 0.02481268 0.03086010 0.01855799
v 0.02567704 0.02988191 0.01635476
v 0.02696542 0.02898461 0.01446375
v 0.02854317 0.02791416 0.01291973
v 0.03034105 0.02669441 0.01177600
v 0.03229093 0.02537819 0.01108128
v 0.02949456 0.02926958 0.03371311
v 0.02814375 0.03065163 0.03224366
v 0.02697868 0.03176275 0.03012923
v 0.02617659 0.03259611 0.02801745
v 0.02568720 0.03310622 0.02571676
v 0.02552251 0.03327822 0.02330782
v 0.02569338 0.03311783 0.02088439
v 0.02618402 0.03262110 0.01854611
v 0.02697150 0.03147076 0.01634631
v 0.02806678 0.03033546 0.01445859
v 0.02940587 0.02896845 0.01291391
v 0.03093448 0.02742191 0.01177314
v 0.03259286 0.02574734 0.01107948
v 0.03059428 0.03013553 0.03378399
v 0.02944645 0.03180781 0.03218468
v 0.02843181 0.03318262 0.03009960
v 0.02785746 0.03410244 0.02800093
v 0.02748539 0.03467688 0.02571337
v 0.02736093 0.03486531 0.02330107
v 0.02750097 0.03466194 0.02088182
v 0.02789834 0.03407542 0.01854675
v 0.02853778 0.03313056 0.01639166
v 0.02940625 0.03144321 0.01445436
v 0.03045498 0.02983204 0.01290979
v 0.03165929 0.02801811 0.01177131
v 0.03296259 0.02605254 0.01107886
v 0.03180373 0.03081642 0.03381664
v 0.03092430 0.03268991 0.03222714
v 0.03018985 0.03424085 0.03010084
v 0.02980954 0.03523061 0.02800564
v 0.02956282 0.03585014 0.02570681
v 0.02948146 0.03605187 0.02330349
v 0.02958873 0.03582272 0.02088353
v 0.02987019 0.03515961 0.01855483
v 0.03032288 0.03409109 0.01639934
v 0.03093309 0.03226082 0.01445310
v 0.03165519 0.03047478 0.01290827
v 0.03248367 0.02846003 0.01176878
v 0.03338232 0.02627710 0.01107773
v 0.03303847 0.03128213 0.03386126
v 0.03262283 0.03321971 0.03225204
v 0.03217680 0.03487746 0.03014580
v 0.03197954 0.03592775 0.02803684
v 0.03184283 0.03658034 0.02572288
v 0.03179727 0.03678777 0.02331285
v 0.03186202 0.03654239 0.02089562
v 0.03201908 0.03583890 0.01856872
v 0.03226352 0.03470277 0.01641689
v 0.03259359 0.03277141 0.01445687
v 0.03295973 0.03087218 0.01290915
v 0.03338401 0.02873369 0.01177073
v 0.03384141 0.02641699 0.01107876
v 0.03437876 0.03145250 0.03389769
v 0.03434647 0.03339719 0.03228304
v 0.03428845 0.03505068 0.03020996
v 0.03425892 0.03615790 0.02807895
v 0.03424721 0.03684212 0.02576083
v 0.03420880 0.03704119 0.02332738
v 0.03424765 0.03680207 0.02091447
v 0.03427316 0.03608607 0.01858894
v 0.03430060 0.03492263 0.01644422
v 0.03433905 0.03335924 0.01457277
v 0.03431941 0.03101455 0.01291563
v 0.03431776 0.02882603 0.01177278
v 0.03431823 0.02646454 0.01108087
v 0.03575696 0.03131464 0.03390195
v 0.03609755 0.03322630 0.03233440
v 0.03637557 0.03479965 0.03034140
v 0.03653430 0.03593176 0.02811776
v 0.03665026 0.03661846 0.02579580
v 0.03669159 0.03684217 0.02337614
v 0.03665050 0.03659713 0.02094698
v 0.03653723 0.03589285 0.01861688
v 0.03634224 0.03475163 0.01647333
v 0.03606927 0.03321428 0.01459588
v 0.03568313 0.03089232 0.01292596
v 0.03525581 0.02873881 0.01178035
v 0.03479454 0.02641609 0.01108319
v 0.03707315 0.03094616 0.03394141
v 0.03776526 0.03270363 0.03239932
v 0.03835966 0.03418673 0.03045618
v 0.03871011 0.03527173 0.02819019
v 0.03897154 0.03593681 0.02584677
v 0.03906981 0.03616174 0.02342177
v 0.03898259 0.03593208 0.02098901
v 0.03872712 0.03526428 0.01865285
v 0.03830988 0.03418259 0.01650614
v 0.03774258 0.03273400 0.01462541
v 0.03704710 0.03097105 0.01308990
v 0.03615321 0.02846410 0.01178313
v 0.03525197 0.02627620 0.01108425
v 0.03825076 0.03033354 0.03391347
v 0.03927793 0.03191813 0.03242635
v 0.04014155 0.03325198 0.03049977
v 0.04073742 0.03422912 0.02828220
v 0.04111825 0.03482803 0.02591088
v 0.04125796 0.03502834 0.02346818
v 0.04112877 0.03482103 0.02102852
v 0.04075141 0.03422195 0.01868784
v 0.04012866 0.03324619 0.01653612
v 0.03929195 0.03193814 0.01465467
v 0.03826451 0.03034649 0.01311532
v 0.03699338 0.02804402 0.01180368
v 0.03567801 0.02605430 0.01109298
v 0.03931408 0.02945270 0.03393415
v 0.04058170 0.03079418 0.03243883
v 0.04167817 0.03195515 0.03050062
v 0.04247681 0.03280139 0.02831802
v 0.04299566 0.03332462 0.02596142
v 0.04317687 0.03349771 0.02351253
v 0.04301875 0.03332000 0.02106926
v 0.04253012 0.03280538 0.01872536
v 0.04173066 0.03197169 0.01656923
v 0.04064998 0.03085469 0.01468265
v 0.03933239 0.02949655 0.01313874
v 0.03782385 0.02794926 0.01199787
v 0.03605011 0.02575469 0.01109742
v 0.04018111 0.02838269 0.03395507
v 0.04169115 0.02946873 0.03247297
v 0.04298003 0.03040163 0.03055243
v 0.04394078 0.03109313 0.02837946
v 0.04454899 0.03149835 0.02601726
v 0.04476125 0.03162653 0.02356073
v 0.04457450 0.03148042 0.02110977
v 0.04399731 0.03107469 0.01876372
v 0.04305066 0.03041427 0.01660131
v 0.04177354 0.02953155 0.01471262
v 0.04021150 0.02845761 0.01316126
v 0.03842501 0.02723099 0.01201052
v 0.03636236 0.02539912 0.01111205
v 0.04083853 0.02717104 0.03398213
v 0.04250234 0.02794738 0.03252161
v 0.04395839 0.02862485 0.03062006
v 0.04502940 0.02912019 0.02843353
v 0.04570284 0.02939999 0.02606285
v 0.04594618 0.02948651 0.02360904
v 0.04574605 0.02938751 0.02116402
v 0.04510161 0.02909649 0.01880800
v 0.04404607 0.02863679 0.01663905
v 0.04261670 0.02801901 0.01474138
v 0.04087037 0.02726662 0.01318238
v 0.03887160 0.02641104 0.01202225
v 0.03657862 0.02496174 0.01110660
v 0.04124511 0.02584554 0.03398932
v 0.04303541 0.02626606 0.03253137
v 0.04455844 0.02667239 0.03066180
v 0.04570597 0.02695948 0.02847966
v 0.04642666 0.02711296 0.02611076
v 0.04668456 0.02715558 0.02365509
v 0.04647423 0.02709966 0.02120639
v 0.04579053 0.02694697 0.01884938
v 0.04466686 0.02670166 0.01667797
v 0.04314348 0.02637220 0.01477149
v 0.04128506 0.02597631 0.01320688
v 0.03915398 0.02551962 0.01203851
v 0.03672500 0.02451303 0.01111818
v 0.04138213 0.02446128 0.03398024
v 0.04323380 0.02455408 0.03256102
v 0.04482721 0.02461885 0.03069263
v 0.04598041 0.02470613 0.02852928
v 0.04670314 0.02474209 0.02616453
v 0.04694607 0.02471594 0.02369259
v 0.04674760 0.02472210 0.02124880
v 0.04605268 0.02470869 0.01889257
v 0.04489974 0.02469180 0.01671590
v 0.04334078 0.02466267 0.01480613
v 0.04144182 0.02463326 0.01323583
v 0.03928284 0.02460660 0.01207029
v 0.03677099 0.02403076 0.01112120
v 0.04126209 0.02307903 0.03400101
v 0.04309579 0.02278394 0.03257159
v 0.04464083 0.02256447 0.03068734
v 0.04582493 0.02242575 0.02855513
v 0.04654571 0.02239856 0.02618734
v 0.04680359 0.02232069 0.02374064
v 0.04657053 0.02234436 0.02129106
v 0.04587856 0.02247886 0.01893605
v 0.04473921 0.02268122 0.01675371
v 0.04319937 0.02295408 0.01483843
v 0.04132572 0.02328698 0.01325946
v 0.03903939 0.02312030 0.01185927
v 0.03671555 0.02353702 0.01111412
v 0.04083241 0.02172930 0.03399873
v 0.04256710 0.02109521 0.03257748
v 0.04409388 0.02059724 0.03071960
v 0.04529042 0.02030774 0.02859129
v 0.04600200 0.02009647 0.02623576
v 0.04619883 0.02000046 0.02377780
v 0.04595602 0.02007614 0.02132794
v 0.04527083 0.02032797 0.01896866
v 0.04418759 0.02075097 0.01678807
v 0.04272917 0.02131072 0.01486820
v 0.04095716 0.02199677 0.01328390
v 0.03875540 0.02219789 0.01185379
v 0.03657695 0.02308148 0.01111976
v 0.04016043 0.02045219 0.03401028
v 0.04173545 0.01951574 0.03260348
v 0.04322701 0.01884183 0.03076653
v 0.04436735 0.01837531 0.02861859
v 0.04496701 0.01801308 0.02626245
v 0.04514141 0.01787319 0.02380569
v 0.04491105 0.01798511 0.02135246
v 0.04428501 0.01835114 0.01898552
v 0.04328931 0.01896140 0.01680107
v 0.04195416 0.01978921 0.01488541
v 0.04033233 0.02080343 0.01330129
v 0.03832490 0.02138939 0.01187199
v 0.03635211 0.02265498 0.01112264
v 0.03925800 0.01929042 0.03408656
v 0.04054340 0.01805429 0.03262769
v 0.04217247 0.01749575 0.03076811
v 0.04307674 0.01675857 0.02863698
v 0.04355743 0.01624042 0.02628436
v 0.04368109 0.01603165 0.02383162
v 0.04346202 0.01615765 0.02137159
v 0.04291529 0.01662028 0.01900519
v 0.04205535 0.01739966 0.01682088
v 0.04091618 0.01846464 0.01490476
v 0.03926993 0.01914924 0.01305921
v 0.03771582 0.02063543 0.01186215
v 0.03604889 0.02229022 0.01112614
v 0.03819542 0.01836956 0.03408714
v 0.03954140 0.01730293 0.03264213
v 0.04097439 0.01658959 0.03083628
v 0.04156372 0.01553619 0.02868166
v 0.04181920 0.01481229 0.02630335
v 0.04186811 0.01453073 0.02384770
v 0.04166757 0.01466405 0.02138123
v 0.04121851 0.01520395 0.01901744
v 0.04052790 0.01611845 0.01683223
v 0.03961387 0.01736967 0.01491390
v 0.03820631 0.01826704 0.01305571
v 0.03698963 0.02003883 0.01186377
v 0.03568146 0.02198618 0.01112724
v 0.03430773 0.02399804 0.01085100
v 0.03708075 0.01780822 0.03406529
v 0.03834959 0.01683491 0.03265920
v 0.03937706 0.01582202 0.03086900
v 0.03963123 0.01453841 0.02867949
v 0.03975865 0.01372472 0.02630614
v 0.03975719 0.01340377 0.02385064
v 0.03959342 0.01354896 0.02138571
v 0.03926406 0.01414901 0.01901994
v 0.03877038 0.01517063 0.01683609
v 0.03774986 0.01591345 0.01465010
v 0.03698862 0.01760039 0.01304532
v 0.03616187 0.01959747 0.01186648
v 0.03525751 0.02175990 0.01112754
v 0.03590361 0.01754117 0.03397441
v 0.03689478 0.01651479 0.03267318
v 0.03745626 0.01525614 0.03088601
v 0.03748476 0.01389495 0.02867839
v 0.03747486 0.01303821 0.02630056
v 0.03742428 0.01269383 0.02384008
v 0.03731014 0.01285131 0.02137845
v 0.03712956 0.01349768 0.01901596
v 0.03684490 0.01457795 0.01682882
v 0.03607682 0.01538905 0.01463839
v 0.03568849 0.01721114 0.01304693
v 0.03526536 0.01932495 0.01186594
v 0.03480053 0.02162128 0.01112705
v 0.03463133 0.01749325 0.03401439
v 0.03520442 0.01637251 0.03266100
v 0.03539139 0.01500259 0.03085696
v 0.03519953 0.01362585 0.02864940
v 0.03507452 0.01277564 0.02627335
v 0.03494805 0.01241445 0.02380622
v 0.03492104 0.01260206 0.02136517
v 0.03489534 0.01327571 0.01900999
v 0.03488912 0.01441981 0.01684536
v 0.03435110 0.01521772 0.01463305
v 0.03432815 0.01707125 0.01304144
v 0.03432837 0.01923188 0.01186329
v 0.03432278 0.02157303 0.01112542
v 0.03330287 0.01762693 0.03392106
v 0.03348389 0.01652416 0.03268249
v 0.03318600 0.01498047 0.03076998
v 0.03285955 0.01373477 0.02859486
v 0.03263117 0.01293594 0.02622324
v 0.03251335 0.01262335 0.02377393
v 0.03252207 0.01280888 0.02133448
v 0.03264211 0.01347687 0.01899127
v 0.03234104 0.01390404 0.01654676
v 0.03261426 0.01537430 0.01461915
v 0.03297622 0.01721246 0.01303807
v 0.03339630 0.01932451 0.01185851
v 0.03384817 0.02162105 0.01112281
v 0.03195610 0.01795100 0.03388833
v 0.03176177 0.01691288 0.03261243
v 0.03111651 0.01539599 0.03067905
v 0.03060854 0.01425495 0.02850705
v 0.03028169 0.01353242 0.02614937
v 0.03014212 0.01325729 0.02371031
v 0.03020873 0.01344767 0.02127409
v 0.03046524 0.01409865 0.01895182
v 0.03037903 0.01447905 0.01652278
v 0.03094447 0.01586506 0.01460058
v 0.03167211 0.01760796 0.01302941
v 0.03249515 0.01959641 0.01185289
v 0.03338845 0.02175940 0.01111973
v 0.03066876 0.01848762 0.03382861
v 0.03000872 0.01740556 0.03252112
v 0.02919221 0.01616575 0.03058424
v 0.02853018 0.01518841 0.02841070
v 0.02810144 0.01455729 0.02606629
v 0.02793559 0.01431963 0.02362775
v 0.02804023 0.01448298 0.02119809
v 0.02841398 0.01503589 0.01885350
v 0.02856737 0.01542552 0.01650107
v 0.02942010 0.01669007 0.01458785
v 0.03047354 0.01825437 0.01301739
v 0.03167062 0.02004113 0.01184441
v 0.03296862 0.02198619 0.01111495
v 0.02966176 0.01940629 0.03375375
v 0.02855228 0.01831574 0.03237550
v 0.02751347 0.01728539 0.03048116
v 0.02670495 0.01648117 0.02831616
v 0.02619040 0.01596017 0.02597338
v 0.02599900 0.01576272 0.02354157
v 0.02614589 0.01590029 0.02111283
v 0.02620348 0.01595567 0.01866415
v 0.02699058 0.01671989 0.01647999
v 0.02807818 0.01779243 0.01457221
v 0.02941899 0.01911990 0.01300494
v 0.03094378 0.02063701 0.01183518
v 0.03259781 0.02228998 0.01111079
v 0.02882009 0.02047616 0.03368086
v 0.02742000 0.01956000 0.03226039
v 0.02616785 0.01874805 0.03038474
v 0.02520326 0.01811869 0.02823506
v 0.02460693 0.01771576 0.02589853
v 0.02438850 0.01755958 0.02347625
v 0.02457315 0.01766378 0.02105055
v 0.02514648 0.01802909 0.01872109
v 0.02569281 0.01830016 0.01646304
v 0.02697858 0.01913773 0.01455598
v 0.02855370 0.02017526 0.01299103
v 0.03034832 0.02136474 0.01182551
v 0.03229498 0.02266051 0.01110529
v 0.02818387 0.02167813 0.03361906
v 0.02657727 0.02101162 0.03217746
v 0.02515175 0.02044831 0.03030387
v 0.02406040 0.02002058 0.02816902
v 0.02340000 0.01974140 0.02584449
v 0.02316975 0.01964111 0.02341628
v 0.02339804 0.01970438 0.02099448
v 0.02403207 0.01993776 0.01865847
v 0.02474423 0.02011124 0.01644100
v 0.02615431 0.02066628 0.01453670
v 0.02790700 0.02137803 0.01297802
v 0.02990128 0.02219160 0.01181737
v 0.03206671 0.02308205 0.01110139
v 0.02777693 0.02295170 0.03357379
v 0.02601338 0.02259411 0.03213977
v 0.02449118 0.02231222 0.03024250
v 0.02333506 0.02209789 0.02811499
v 0.02263204 0.02195918 0.02578390
v 0.02240427 0.02189972 0.02336513
v 0.02265034 0.02193747 0.02095006
v 0.02335473 0.02205327 0.01862968
v 0.02414173 0.02205867 0.01641793
v 0.02564808 0.02233086 0.01452089
v 0.02751025 0.02268391 0.01296381
v 0.02963024 0.02309306 0.01180636
v 0.03192884 0.02354180 0.01109575
v -0.03621566 0.02425275 0.03824237
v -0.03778419 0.02425369 0.03779148
v -0.03923575 0.02423643 0.03707341
v -0.04045064 0.02424160 0.03607186
v -0.03618269 0.02456970 0.03824595
v -0.03772294 0.02487589 0.03779145
v -0.03913967 0.02515030 0.03704642
v -0.04032782 0.02538550 0.03605589
v -0.03608922 0.02487352 0.03823817
v -0.03753792 0.02547359 0.03778172
v -0.03887032 0.02602441 0.03702930
v -0.03998270 0.02648159 0.03603192
v -0.03593947 0.02515588 0.03824208
v -0.03724059 0.02602611 0.03777936
v -0.03844028 0.02682438 0.03701866
v -0.03943177 0.02749134 0.03600928
v -0.03573582 0.02539903 0.03823976
v -0.03684040 0.02650698 0.03777464
v -0.03785657 0.02752199 0.03699972
v -0.03869589 0.02837118 0.03598184
v -0.03548933 0.02560237 0.03824526
v -0.03635638 0.02690327 0.03777112
v -0.03715045 0.02809330 0.03698541
v -0.03780952 0.02908633 0.03596467
v -0.03520538 0.02574677 0.03823772
v -0.03580116 0.02719151 0.03776151
v -0.03634505 0.02851034 0.03696727
v -0.03679872 0.02961169 0.03593706
v -0.03489849 0.02583825 0.03823398
v -0.03519971 0.02736331 0.03774191
v -0.03547154 0.02875926 0.03694063
v -0.03570522 0.02993275 0.03591788
v -0.03458093 0.02586374 0.03822685
v -0.03457735 0.02741836 0.03773734
v -0.03456871 0.02883862 0.03692966
v -0.03456346 0.03003014 0.03589796
v -0.03426381 0.02582970 0.03821898
v -0.03395372 0.02735118 0.03771685
v -0.03366588 0.02873729 0.03690542
v -0.03343169 0.02990038 0.03588669
v -0.03395953 0.02573032 0.03821071
v -0.03336081 0.02716325 0.03771811
v -0.03280603 0.02846652 0.03690552
v -0.03234043 0.02955518 0.03588358
v -0.03368253 0.02557586 0.03820601
v -0.03281317 0.02686194 0.03770437
v -0.03201533 0.02803396 0.03689605
v -0.03134182 0.02900510 0.03586905
v -0.03344037 0.02536909 0.03820690
v -0.03234024 0.02645914 0.03770020
v -0.03132596 0.02745516 0.03688052
v -0.03046872 0.02827678 0.03583685
v -0.03324517 0.02511996 0.03818881
v -0.03195634 0.02597112 0.03767425
v -0.03076791 0.02675001 0.03686722
v -0.02977090 0.02739586 0.03582776
v -0.03310373 0.02483546 0.03818601
v -0.03166874 0.02541520 0.03768131
v -0.03035669 0.02594786 0.03685734
v -0.02926568 0.02638851 0.03579423
v -0.03301471 0.02452635 0.03818820
v -0.03150642 0.02481630 0.03766441
v -0.03012345 0.02507915 0.03681935
v -0.02896762 0.02529554 0.03576427
v -0.03299440 0.02420908 0.03817791
v -0.03145871 0.02419108 0.03765590
v -0.03005754 0.02418133 0.03679587
v -0.02888142 0.02416137 0.03572879
v -0.03302089 0.02388861 0.03819317
v -0.03152138 0.02356429 0.03766411
v -0.03016817 0.02328758 0.03679831
v -0.02902569 0.02304886 0.03573849
v -0.03311473 0.02358138 0.03819609
v -0.03169499 0.02296212 0.03769440
v -0.03042038 0.02242704 0.03684669
v -0.02936188 0.02197734 0.03578138
v -0.03325922 0.02329700 0.03821253
v -0.03199128 0.02241162 0.03769792
v -0.03084311 0.02163383 0.03687220
v -0.02987717 0.02095793 0.03585485
v -0.03344699 0.02304442 0.03824788
v -0.03236052 0.02191397 0.03776393
v -0.03138941 0.02090740 0.03693251
v -0.03057732 0.02006322 0.03590450
v -0.03368758 0.02283592 0.03826259
v -0.03283414 0.02150904 0.03777699
v -0.03206193 0.02030388 0.03698199
v -0.03142432 0.01930229 0.03598653
v -0.03395946 0.02268299 0.03828452
v -0.03336640 0.02119733 0.03783477
v -0.03283080 0.01984128 0.03703900
v -0.03237406 0.01868787 0.03602586
v -0.03426045 0.02258610 0.03829961
v -0.03395359 0.02100403 0.03785686
v -0.03367355 0.01954717 0.03707496
v -0.03344710 0.01833216 0.03607744
v -0.03457282 0.02255666 0.03830739
v -0.03456549 0.02093397 0.03790715
v -0.03455487 0.01942511 0.03714123
v -0.03454060 0.01814029 0.03609122
v -0.03488673 0.02259004 0.03832166
v -0.03517995 0.02099812 0.03792403
v -0.03544450 0.01951107 0.03717563
v -0.03566528 0.01822806 0.03620116
v -0.03519169 0.02269324 0.03832120
v -0.03577804 0.02119452 0.03793747
v -0.03631230 0.01979484 0.03720267
v -0.03675886 0.01857177 0.03622625
v -0.03547374 0.02285025 0.03832240
v -0.03632945 0.02150782 0.03792362
v -0.03711690 0.02026209 0.03718933
v -0.03778335 0.01917115 0.03622317
v -0.03572315 0.02306752 0.03830529
v -0.03682147 0.02192997 0.03791675
v -0.03783255 0.02087948 0.03716070
v -0.03869512 0.01998246 0.03616302
v -0.03593214 0.02332304 0.03830083
v -0.03723006 0.02243449 0.03789822
v -0.03842629 0.02161306 0.03713943
v -0.03943691 0.02092787 0.03612359
v -0.03458310 0.02422814 0.03838639
v -0.03608597 0.02361839 0.03827453
v -0.03753339 0.02300283 0.03786860
v -0.03886930 0.02243180 0.03710816
v -0.03999469 0.02197388 0.03612236
v -0.03618320 0.02393703 0.03824837
v -0.03771854 0.02361890 0.03782110
v -0.03914127 0.02332164 0.03707324
v -0.04034651 0.02309329 0.03611517
v -0.04162928 0.02425054 0.03520893
v -0.04347235 0.02428006 0.03375649
v -0.04503137 0.02430668 0.03185551
v -0.04617830 0.02432137 0.02967989
v -0.04688367 0.02432050 0.02731645
v -0.04707521 0.02429006 0.02483508
v -0.04685217 0.02427056 0.02239192
v -0.04613924 0.02424504 0.02003985
v -0.04498260 0.02422048 0.01786902
v -0.04342397 0.02418901 0.01596390
v -0.04153111 0.02415591 0.01439713
v -0.03937448 0.02412640 0.01323251
v -0.03685538 0.02393479 0.01235619
v -0.04147587 0.02562262 0.03518927
v -0.04326487 0.02599595 0.03372389
v -0.04478114 0.02633358 0.03181249
v -0.04591375 0.02656375 0.02962659
v -0.04660438 0.02670323 0.02725502
v -0.04683360 0.02673031 0.02479931
v -0.04660016 0.02665894 0.02235296
v -0.04590255 0.02649228 0.01999849
v -0.04476916 0.02623920 0.01783097
v -0.04324466 0.02590565 0.01593018
v -0.04138966 0.02550644 0.01436738
v -0.03927650 0.02505819 0.01321064
v -0.03680420 0.02441023 0.01234619
v -0.04105711 0.02693699 0.03516367
v -0.04273190 0.02766259 0.03369532
v -0.04417614 0.02827309 0.03176986
v -0.04523309 0.02871840 0.02958032
v -0.04589146 0.02899335 0.02721554
v -0.04611309 0.02907154 0.02476323
v -0.04589413 0.02895194 0.02231387
v -0.04523412 0.02864973 0.01996018
v -0.04416929 0.02818125 0.01779440
v -0.04273426 0.02755872 0.01589886
v -0.04098829 0.02680397 0.01434415
v -0.03884881 0.02578042 0.01304989
v -0.03666157 0.02486559 0.01233501
v -0.04039314 0.02814969 0.03513276
v -0.04190599 0.02918631 0.03364968
v -0.04320647 0.03006366 0.03172620
v -0.04416621 0.03071668 0.02953984
v -0.04475289 0.03110444 0.02718241
v -0.04494687 0.03122290 0.02472754
v -0.04474276 0.03106148 0.02227533
v -0.04415258 0.03064006 0.01992586
v -0.04319468 0.02997025 0.01776190
v -0.04190901 0.02907866 0.01587279
v -0.04034185 0.02799888 0.01432659
v -0.03855288 0.02677487 0.01318000
v -0.03644098 0.02529276 0.01233711
v -0.03951846 0.02920633 0.03510889
v -0.04081115 0.03052106 0.03362245
v -0.04191891 0.03164047 0.03169329
v -0.04272825 0.03245387 0.02950741
v -0.04321944 0.03295252 0.02714753
v -0.04338200 0.03310489 0.02469468
v -0.04321146 0.03290995 0.02224472
v -0.04270858 0.03238086 0.01989665
v -0.04189647 0.03153792 0.01773761
v -0.04080329 0.03041096 0.01585009
v -0.03947130 0.02904699 0.01430689
v -0.03781229 0.02733804 0.01303611
v -0.03613384 0.02566051 0.01232826
v -0.03844774 0.03007654 0.03507997
v -0.03949150 0.03162009 0.03359462
v -0.04034473 0.03292637 0.03166448
v -0.04097961 0.03388922 0.02947857
v -0.04135605 0.03447090 0.02711188
v -0.04148370 0.03465156 0.02466546
v -0.04134312 0.03442739 0.02221720
v -0.04095231 0.03380876 0.01987248
v -0.04031470 0.03282382 0.01771583
v -0.03946116 0.03150404 0.01583229
v -0.03841708 0.02990393 0.01429095
v -0.03707946 0.02793075 0.01302187
v -0.03576586 0.02596576 0.01232543
v -0.03725368 0.03070322 0.03506894
v -0.03797319 0.03241398 0.03357932
v -0.03855534 0.03388039 0.03163900
v -0.03897315 0.03495298 0.02944226
v -0.03922621 0.03559826 0.02707997
v -0.03931299 0.03579864 0.02463811
v -0.03921682 0.03555145 0.02219134
v -0.03894708 0.03486919 0.01984980
v -0.03851262 0.03377564 0.01769833
v -0.03792539 0.03231522 0.01581286
v -0.03708936 0.03039242 0.01415889
v -0.03624848 0.02837241 0.01301311
v -0.03534191 0.02619278 0.01232337
v -0.03593528 0.03109291 0.03503225
v -0.03631655 0.03293516 0.03354627
v -0.03661526 0.03450686 0.03160348
v -0.03681238 0.03561831 0.02941377
v -0.03692244 0.03629169 0.02705486
v -0.03695772 0.03649840 0.02461356
v -0.03690415 0.03623713 0.02216969
v -0.03677302 0.03551578 0.01983010
v -0.03655934 0.03435831 0.01768105
v -0.03626281 0.03281295 0.01579735
v -0.03578351 0.03078577 0.01415250
v -0.03535064 0.02864576 0.01301116
v -0.03488468 0.02633244 0.01232247
v -0.03458542 0.03122185 0.03502817
v -0.03459257 0.03311825 0.03351558
v -0.03459718 0.03473826 0.03156497
v -0.03456896 0.03584959 0.02939116
v -0.03454179 0.03652469 0.02703756
v -0.03448889 0.03672325 0.02457711
v -0.03451455 0.03645829 0.02215460
v -0.03452341 0.03572522 0.01981950
v -0.03453262 0.03454560 0.01766936
v -0.03443617 0.03284035 0.01569460
v -0.03442334 0.03092040 0.01414931
v -0.03441476 0.02874048 0.01301141
v -0.03440772 0.02638008 0.01232112
v -0.03321720 0.03104436 0.03500783
v -0.03287675 0.03294771 0.03350311
v -0.03258333 0.03456450 0.03152089
v -0.03232768 0.03562950 0.02936965
v -0.03215909 0.03627814 0.02701866
v -0.03208957 0.03647546 0.02458072
v -0.03213742 0.03621279 0.02215012
v -0.03227729 0.03549419 0.01981523
v -0.03250612 0.03435201 0.01766169
v -0.03270536 0.03266859 0.01569378
v -0.03306529 0.03078680 0.01415075
v -0.03348027 0.02864908 0.01301250
v -0.03393089 0.02633339 0.01232119
v -0.03190753 0.03062192 0.03502334
v -0.03122620 0.03241746 0.03348922
v -0.03064462 0.03395266 0.03148777
v -0.03017412 0.03495441 0.02935158
v -0.02988168 0.03556490 0.02701441
v -0.02977315 0.03575055 0.02458498
v -0.02986236 0.03550354 0.02215268
v -0.03012738 0.03482630 0.01981580
v -0.03046522 0.03362991 0.01758557
v -0.03104528 0.03216638 0.01569946
v -0.03176088 0.03039200 0.01415553
v -0.03257992 0.02837613 0.01301503
v -0.03347161 0.02619446 0.01232261
v -0.03070857 0.02995941 0.03498527
v -0.02970528 0.03156750 0.03346818
v -0.02885797 0.03294110 0.03149222
v -0.02820114 0.03385146 0.02934991
v -0.02778621 0.03440728 0.02702286
v -0.02763655 0.03457528 0.02459078
v -0.02775805 0.03435379 0.02215914
v -0.02814402 0.03374868 0.01982039
v -0.02866629 0.03266663 0.01759379
v -0.02951589 0.03134644 0.01570464
v -0.03056003 0.02975020 0.01416142
v -0.03175462 0.02793401 0.01301990
v -0.03305138 0.02596951 0.01232479
v -0.02965354 0.02909945 0.03495878
v -0.02838216 0.03043662 0.03346912
v -0.02728638 0.03157802 0.03150669
v -0.02646495 0.03237190 0.02935656
v -0.02595050 0.03285003 0.02702598
v -0.02576696 0.03299582 0.02459707
v -0.02592357 0.03280908 0.02216757
v -0.02641090 0.03229592 0.01983046
v -0.02708949 0.03137193 0.01760688
v -0.02817469 0.03024681 0.01571561
v -0.02950779 0.02888527 0.01417027
v -0.03102870 0.02733860 0.01302543
v -0.03268114 0.02566523 0.01232785
v -0.02879089 0.02803205 0.03493847
v -0.02729041 0.02906085 0.03344851
v -0.02600603 0.02994932 0.03152486
v -0.02504337 0.03058022 0.02936546
v -0.02444340 0.03095838 0.02702661
v -0.02422952 0.03107416 0.02460550
v -0.02442003 0.03092834 0.02217300
v -0.02499739 0.03052722 0.01983999
v -0.02579307 0.02979410 0.01762248
v -0.02707413 0.02890427 0.01572888
v -0.02864303 0.02783096 0.01418044
v -0.03043398 0.02661213 0.01303214
v -0.03237851 0.02529616 0.01233117
v -0.02816891 0.02682732 0.03492957
v -0.02650253 0.02752384 0.03344336
v -0.02505958 0.02811966 0.03154126
v -0.02399481 0.02855369 0.02936714
v -0.02332566 0.02881072 0.02703092
v -0.02309569 0.02888257 0.02461068
v -0.02330650 0.02878104 0.02217883
v -0.02394314 0.02851244 0.01984367
v -0.02483180 0.02799120 0.01764119
v -0.02625299 0.02737349 0.01574497
v -0.02799739 0.02662720 0.01419375
v -0.02998788 0.02578343 0.01304236
v -0.03215094 0.02487340 0.01233628
v -0.02779877 0.02551245 0.03489813
v -0.02603234 0.02585706 0.03343025
v -0.02448422 0.02614825 0.03154486
v -0.02335607 0.02635996 0.02938328
v -0.02263717 0.02648086 0.02704907
v -0.02239268 0.02650960 0.02462208
v -0.02261959 0.02643427 0.02219806
v -0.02331798 0.02626904 0.01987839
v -0.02423803 0.02603591 0.01766023
v -0.02574657 0.02571064 0.01576367
v -0.02760146 0.02532226 0.01420781
v -0.02971719 0.02488498 0.01305110
v -0.03201340 0.02441547 0.01234104
v -0.02769846 0.02414403 0.03486248
v -0.02588902 0.02411883 0.03341912
v -0.02431203 0.02411118 0.03153971
v -0.02315398 0.02410876 0.02939572
v -0.02242981 0.02408697 0.02706153
v -0.02213081 0.02405092 0.02462780
v -0.02238712 0.02401817 0.02222715
v -0.02289861 0.02402261 0.01984608
v -0.02403242 0.02400248 0.01768080
v -0.02557699 0.02398263 0.01578255
v -0.02746627 0.02396426 0.01422316
v -0.02962125 0.02394927 0.01306370
v -0.03196414 0.02393880 0.01234768
v -0.02788193 0.02280284 0.03487758
v -0.02609273 0.02241355 0.03343677
v -0.02454599 0.02212198 0.03156569
v -0.02340418 0.02186027 0.02942058
v -0.02267543 0.02170062 0.02709329
v -0.02242106 0.02162564 0.02466752
v -0.02264154 0.02164864 0.02224861
v -0.02336239 0.02170548 0.01992829
v -0.02424083 0.02197090 0.01770533
v -0.02574481 0.02225468 0.01580157
v -0.02759990 0.02260617 0.01423881
v -0.02971625 0.02301580 0.01307442
v -0.03201302 0.02346410 0.01235436
v -0.02828700 0.02151563 0.03493055
v -0.02663989 0.02080278 0.03348336
v -0.02518460 0.02021006 0.03160210
v -0.02407344 0.01974572 0.02947081
v -0.02338889 0.01945063 0.02714640
v -0.02314892 0.01933021 0.02471686
v -0.02335802 0.01939273 0.02229163
v -0.02398671 0.01963794 0.01995186
v -0.02482621 0.02001804 0.01772675
v -0.02624937 0.02059096 0.01581957
v -0.02799429 0.02130081 0.01425419
v -0.02998574 0.02212040 0.01309259
v -0.03215006 0.02300520 0.01236086
v -0.02893191 0.02032332 0.03498354
v -0.02746263 0.01932157 0.03353514
v -0.02615971 0.01845198 0.03166753
v -0.02517406 0.01779381 0.02952356
v -0.02455693 0.01737858 0.02718922
v -0.02432395 0.01721636 0.02476794
v -0.02449149 0.01732405 0.02234387
v -0.02484797 0.01760069 0.01992701
v -0.02578220 0.01821379 0.01774561
v -0.02707012 0.01905806 0.01583556
v -0.02863937 0.02009476 0.01426496
v -0.03043128 0.02128668 0.01309353
v -0.03237756 0.02258202 0.01236423
v -0.02981363 0.01929144 0.03501314
v -0.02855446 0.01802186 0.03360838
v -0.02745199 0.01692698 0.03173522
v -0.02662097 0.01609828 0.02958881
v -0.02609093 0.01557305 0.02725580
v -0.02588771 0.01537721 0.02482836
v -0.02602459 0.01551356 0.02239698
v -0.02626920 0.01583820 0.01994179
v -0.02707602 0.01663211 0.01776263
v -0.02817031 0.01771328 0.01585028
v -0.02950313 0.01903748 0.01427606
v -0.03102530 0.02055592 0.01309968
v -0.03267962 0.02220955 0.01236662
v -0.03087370 0.01843363 0.03510500
v -0.02991335 0.01697082 0.03369137
v -0.02905753 0.01569730 0.03181174
v -0.02838660 0.01472701 0.02966874
v -0.02795127 0.01410624 0.02733620
v -0.02778159 0.01388393 0.02490715
v -0.02788228 0.01405582 0.02247857
v -0.02803333 0.01440726 0.01996540
v -0.02864934 0.01533121 0.01777310
v -0.02950742 0.01660700 0.01586163
v -0.03055335 0.01816933 0.01428587
v -0.03175049 0.01995781 0.01310650
v -0.03304980 0.02190430 0.01236984
v -0.03439635 0.02392942 0.01210034
v -0.03214779 0.01786324 0.03521262
v -0.03149369 0.01622514 0.03378257
v -0.03088203 0.01480456 0.03189277
v -0.03039025 0.01371168 0.02974908
v -0.03007815 0.01302545 0.02740780
v -0.02994628 0.01277494 0.02497927
v -0.03001897 0.01297822 0.02255240
v -0.03026508 0.01361965 0.02022917
v -0.03045152 0.01437148 0.01778913
v -0.03103209 0.01578320 0.01586955
v -0.03175290 0.01752379 0.01429366
v -0.03257453 0.01951361 0.01311158
v -0.03346929 0.02167792 0.01237285
v -0.03347967 0.01747320 0.03525725
v -0.03324150 0.01583667 0.03389032
v -0.03288102 0.01429574 0.03198826
v -0.03257970 0.01311109 0.02983317
v -0.03238061 0.01237334 0.02747663
v -0.03228598 0.01210279 0.02503711
v -0.03230988 0.01231326 0.02260310
v -0.03243463 0.01299197 0.02025319
v -0.03240529 0.01378058 0.01780271
v -0.03268998 0.01527603 0.01587458
v -0.03305672 0.01712647 0.01429755
v -0.03347542 0.01923947 0.01311508
v -0.03392891 0.02153994 0.01237701
v -0.03478438 0.01727955 0.03530276
v -0.03513416 0.01589545 0.03402539
v -0.03495992 0.01417885 0.03207569
v -0.03485812 0.01292866 0.02988588
v -0.03478669 0.01216236 0.02752514
v -0.03470229 0.01187372 0.02505931
v -0.03470267 0.01209081 0.02262730
v -0.03469257 0.01278141 0.02027611
v -0.03443920 0.01358812 0.01781584
v -0.03441684 0.01510382 0.01587695
v -0.03441365 0.01698967 0.01429788
v -0.03440762 0.01914866 0.01311748
v -0.03440348 0.02149974 0.01238702
v -0.03605112 0.01729069 0.03528101
v -0.03687041 0.01608106 0.03405895
v -0.03698555 0.01437980 0.03211331
v -0.03710917 0.01315609 0.02991112
v -0.03717300 0.01239789 0.02754662
v -0.03717509 0.01212044 0.02509209
v -0.03709472 0.01232448 0.02263455
v -0.03693941 0.01299978 0.02027186
v -0.03669928 0.01411125 0.01808923
v -0.03614845 0.01527935 0.01588108
v -0.03577148 0.01712276 0.01429571
v -0.03534518 0.01923699 0.01311491
v -0.03488166 0.02153844 0.01237727
v -0.03730064 0.01762455 0.03531243
v -0.03836645 0.01639719 0.03402917
v -0.03887243 0.01489240 0.03210133
v -0.03924715 0.01378072 0.02991331
v -0.03946396 0.01308037 0.02754590
v -0.03952176 0.01282360 0.02509818
v -0.03939984 0.01301502 0.02263668
v -0.03910809 0.01364681 0.02026909
v -0.03865410 0.01469769 0.01808656
v -0.03781835 0.01578869 0.01588426
v -0.03707586 0.01751484 0.01428904
v -0.03624229 0.01950902 0.01311003
v -0.03533895 0.02167511 0.01237280
v -0.03850606 0.01826386 0.03534969
v -0.03972353 0.01702409 0.03396520
v -0.04059540 0.01576423 0.03206860
v -0.04121417 0.01480067 0.02990795
v -0.04157051 0.01418746 0.02753863
v -0.04167681 0.01396212 0.02508901
v -0.04151430 0.01413718 0.02262384
v -0.04109987 0.01470452 0.02025551
v -0.04044278 0.01564150 0.01806577
v -0.03935495 0.01661083 0.01588156
v -0.03827929 0.01815345 0.01428016
v -0.03707340 0.01995033 0.01310586
v -0.03576371 0.02189934 0.01237107
v -0.03959185 0.01920264 0.03532360
v -0.04100304 0.01805991 0.03393151
v -0.04212394 0.01700398 0.03204181
v -0.04293598 0.01619292 0.02987850
v -0.04341043 0.01568331 0.02751827
v -0.04355338 0.01549378 0.02505714
v -0.04336168 0.01564288 0.02259715
v -0.04283855 0.01612268 0.02022662
v -0.04200661 0.01691661 0.01803589
v -0.04088999 0.01799173 0.01611110
v -0.03934249 0.01902613 0.01428036
v -0.03779845 0.02054123 0.01309620
v -0.03613232 0.02220320 0.01236672
v -0.04045487 0.02031068 0.03526414
v -0.04207669 0.01937031 0.03388528
v -0.04339227 0.01853734 0.03200841
v -0.04434688 0.01791289 0.02984083
v -0.04491192 0.01751600 0.02747792
v -0.04508841 0.01737060 0.02501773
v -0.04486352 0.01748520 0.02256001
v -0.04425621 0.01785873 0.02018834
v -0.04328209 0.01847710 0.01799991
v -0.04197970 0.01931695 0.01607933
v -0.04021693 0.02009232 0.01428314
v -0.03839993 0.02127532 0.01309603
v -0.03643711 0.02257167 0.01236214
v -0.04109112 0.02155483 0.03523533
v -0.04286267 0.02090308 0.03383390
v -0.04433845 0.02031304 0.03196985
v -0.04538825 0.01989806 0.02979065
v -0.04601715 0.01962561 0.02742576
v -0.04621584 0.01952049 0.02497106
v -0.04597197 0.01958743 0.02250891
v -0.04529996 0.01983861 0.02013856
v -0.04422654 0.02025709 0.01795391
v -0.04277576 0.02082521 0.01603612
v -0.04101713 0.02151018 0.01444696
v -0.03883947 0.02210266 0.01308267
v -0.03666171 0.02299492 0.01235694
v -0.04150257 0.02287723 0.03523044
v -0.04335099 0.02256451 0.03379576
v -0.04491106 0.02227281 0.03191551
v -0.04603568 0.02207718 0.02974771
v -0.04668957 0.02193192 0.02737108
v -0.04689319 0.02185982 0.02491492
v -0.04664055 0.02187501 0.02244833
v -0.04593594 0.02199488 0.02008684
v -0.04479952 0.02219781 0.01791004
v -0.04326546 0.02247495 0.01599772
v -0.04140459 0.02280766 0.01442329
v -0.03912190 0.02300934 0.01308252
v -0.03680189 0.02345208 0.01235056
f 4 2 1
f 8 6 5
f 13 15 14
f 17 19 18
f 32 30 29
f 36 34 33
f 37 39 38
f 21 23 20
f 25 27 24
f 41 43 42
f 48 46 45
f 52 50 49
f 53 55 54
f 60 58 57
f 29 62 61
f 66 64 63
f 67 6 68
f 72 70 69
f 76 74 73
f 77 79 78
f 81 83 82
f 59 86 85
f 88 90 89
f 96 94 93
f 100 98 97
f 101 103 102
f 106 34 87
f 108 115 107
f 117 36 118
f 124 126 125
f 131 129 128
f 132 134 133
f 142 140 139
f 148 60 147
f 144 127 124
f 149 151 150
f 156 154 153
f 159 158 157
f 116 164 105
f 171 169 168
f 174 173 172
f 179 181 180
f 186 188 187
f 194 196 195
f 199 139 198
f 206 208 207
f 213 211 210
f 202 214 201
f 96 216 54
f 92 43 44
f 97 246 100
f 250 229 228
f 252 58 253
f 258 256 255
f 260 229 259
f 110 112 113
f 114 263 109
f 265 267 266
f 56 270 269
f 274 249 250
f 185 63 64
f 280 278 276
f 285 283 157
f 288 211 212
f 141 92 46
f 289 175 176
f 148 105 106
f 312 170 171
f 238 42 43
f 318 160 317
f 310 308 307
f 241 325 324
f 160 240 317
f 47 307 308
f 108 315 164
f 345 86 119
f 348 350 349
f 356 358 357
f 355 353 352
f 363 32 362
f 149 150 176
f 364 253 365
f 366 368 367
f 183 371 63
f 163 161 160
f 209 101 208
f 378 165 166
f 379 381 380
f 383 3 4
f 284 386 385
f 387 389 388
f 391 229 249
f 73 397 396
f 405 407 406
f 203 411 410
f 414 413 412
f 1 357 4
f 277 131 275
f 254 57 58
f 358 415 351
f 417 386 408
f 401 192 420
f 419 127 143
f 421 182 422
f 103 302 409
f 428 368 174
f 380 359 356
f 62 266 323
f 140 431 430
f 357 351 348
f 356 379 380
f 415 403 434
f 437 436 435
f 438 440 439
f 188 450 449
f 452 454 453
f 265 181 421
f 224 64 225
f 237 213 427
f 275 128 458
f 281 460 459
f 50 79 461
f 73 282 281
f 468 466 465
f 390 352 359
f 482 484 483
f 489 487 486
f 493 495 494
f 472 470 469
f 502 500 499
f 220 222 223
f 512 143 66
f 518 511 80
f 513 230 286
f 205 31 244
f 189 451 188
f 163 532 8
f 533 225 251
f 446 447 412
f 335 540 334
f 544 546 545
f 329 291 292
f 199 262 238
f 385 416 550
f 532 191 247
f 363 118 243
f 236 237 250
f 578 580 579
f 573 571 570
f 561 562 272
f 241 259 240
f 590 592 591
f 545 595 594
f 503 155 504
f 606 624 623
f 478 480 479
f 646 648 647
f 590 689 684
f 564 651 650
f 728 184 727
f 714 716 715
f 692 575 693
f 541 581 578
f 346 248 400
f 161 230 160
f 128 94 95
f 698 704 703
f 574 576 575
f 290 401 328
f 630 725 726
f 733 735 734
f 755 496 493
f 759 481 760
f 757 762 761
f 764 466 467
f 768 3808 3809
f 759 488 489
f 492 475 771
f 474 769 473
f 773 465 772
f 771 486 483
f 484 775 491
f 774 489 486
f 495 764 756
f 495 761 494
f 137 784 136
f 325 797 547
f 165 51 52
f 369 29 370
f 730 568 569
f 90 301 89
f 243 516 242
f 800 806 805
f 817 808 816
f 816 823 822
f 306 447 807
f 815 809 808
f 829 828 825
f 726 501 502
f 274 424 423
f 879 881 880
f 884 879 885
f 219 217 211
f 906 904 897
f 455 205 542
f 898 830 829
f 903 880 881
f 906 897 898
f 377 519 165
f 923 948 946
f 946 951 950
f 3519 739 3517
f 900 886 880
f 225 65 144
f 182 442 422
f 809 947 824
f 954 962 961
f 927 965 966
f 885 880 886
f 925 966 967
f 343 341 340
f 965 971 968
f 968 970 969
f 972 969 973
f 963 981 978
f 336 338 339
f 992 827 828
f 810 996 959
f 1007 1002 1008
f 1012 827 1009
f 1011 1007 1008
f 294 292 291
f 907 920 919
f 1017 1019 1018
f 1020 1022 1021
f 1035 1020 1044
f 1061 1047 1046
f 1063 1046 1062
f 1044 1021 1045
f 1102 1097 1109
f 1116 1118 1117
f 1016 1014 1013
f 881 904 903
f 816 1127 817
f 1094 949 1097
f 514 167 515
f 146 81 82
f 1133 1130 1129
f 1102 1126 822
f 822 1116 816
f 1145 1148 1136
f 1076 1151 1069
f 1148 1086 1087
f 1109 1114 1136
f 1154 1156 1155
f 1153 967 1156
f 3464 463 3714
f 1144 1152 1151
f 1156 1163 1162
f 1164 1169 1165
f 1145 1176 1147
f 1114 1154 1171
f 1183 1164 1177
f 1184 1177 1185
f 1069 1062 1064
f 1023 1194 1022
f 1162 1170 1169
f 1195 1185 1191
f 1183 1176 1155
f 1201 1152 1196
f 1061 1201 1202
f 3825 843 3836
f 1203 1195 1034
f 1202 1184 1195
f 1218 1203 1217
f 1060 1202 1203
f 1225 1217 1219
f 671 694 670
f 1219 1024 1035
f 1217 1034 1024
f 1226 1015 1227
f 1243 1234 1233
f 1231 1229 1228
f 847 1233 843
f 843 1244 878
f 1233 1245 1244
f 1923 233 216
f 2100 499 500
f 3914 2135 3900
f 61 323 505
f 210 217 457
f 1299 1309 1300
f 3863 1231 3862
f 1066 1321 1322
f 1322 1228 1229
f 1060 1321 1047
f 1325 1323 1310
f 1244 1332 1330
f 1290 1242 1288
f 1337 1339 1338
f 1330 1340 1339
f 1341 1245 1294
f 1342 1332 1341
f 1343 1341 1344
f 1344 1294 1293
f 3857 1345 1346
f 1347 1342 1343
f 3856 1295 1345
f 1349 1348 1347
f 3861 1347 3853
f 3853 1343 3857
f 906 829 1353
f 905 1353 1354
f 865 1355 1357
f 1355 829 825
f 1357 825 826
f 1356 1353 1355
f 3834 1338 3833
f 866 1356 865
f 1358 1354 1356
f 3828 1337 3834
f 838 1012 841
f 1363 1338 1339
f 1368 1339 1340
f 1348 1340 1342
f 1371 3824 3829
f 524 526 523
f 528 530 527
f 1372 1369 1371
f 535 537 538
f 1367 1348 1350
f 1370 1359 1369
f 1369 3833 3824
f 1373 903 904
f 555 557 558
f 1374 910 1373
f 1373 905 1375
f 1374 1375 1376
f 1375 1354 1370
f 1378 908 1377
f 376 651 1387
f 1388 973 969
f 586 588 585
f 1390 1388 1391
f 1391 969 970
f 597 599 596
f 600 602 603
f 1392 970 979
f 608 610 607
f 612 523 611
f 614 616 613
f 617 25 24
f 620 622 619
f 1397 1391 1392
f 1398 1392 1399
f 1400 920 1378
f 1402 1165 1169
f 636 638 635
f 930 1402 929
f 641 643 644
f 929 1169 1170
f 1404 1403 1402
f 1411 1365 1406
f 1412 1415 1414
f 652 654 655
f 609 657 658
f 659 661 662
f 558 586 585
f 665 667 664
f 1413 1406 1412
f 1418 3810 3813
f 1417 1371 1416
f 1416 3829 3810
f 1419 1416 1418
f 1386 1374 1420
f 677 679 676
f 1385 1420 1421
f 1420 1376 1422
f 685 687 688
f 1421 1422 1423
f 528 691 658
f 1422 1372 1417
f 1018 747 1425
f 699 701 702
f 1424 579 1017
f 3663 1767 3660
f 700 711 712
f 1093 3754 1571
f 717 530 719
f 721 723 720
f 704 3543 3554
f 19 1426 1430
f 1429 1427 1426
f 1658 3542 3544
f 1439 1434 1438
f 1437 1435 1434
f 1426 1433 1432
f 1442 1432 1440
f 742 744 745
f 1432 1441 1440
f 751 753 750
f 1438 1403 1405
f 1446 1444 1443
f 1447 1446 1443
f 3860 1443 3848
f 1415 1445 1446
f 1414 1446 1448
f 2173 469 470
f 777 779 686
f 780 782 783
f 1676 1806 1675
f 3859 1349 3861
f 789 791 788
f 745 793 742
f 652 795 653
f 1455 1457 1456
f 1454 1350 1452
f 610 802 801
f 3831 698 703
f 1352 1045 1351
f 1015 1459 1460
f 811 813 814
f 2118 3817 2117
f 819 821 818
f 1466 1194 1190
f 1467 1465 1466
f 1182 1468 1467
f 832 833 831
f 835 837 834
f 1467 1190 1182
f 1469 1444 1445
f 840 712 690
f 1453 1469 1454
f 599 845 846
f 1226 3849 3855
f 851 853 850
f 855 856 854
f 858 860 857
f 861 863 864
f 1014 3855 3858
f 867 868 869
f 870 872 873
f 874 876 877
f 1310 1471 1309
f 1476 1427 1475
f 1461 1475 1460
f 887 889 890
f 788 892 891
f 894 896 893
f 1460 1227 1015
f 901 524 612
f 1465 1477 1464
f 1865 3500 1864
f 911 913 914
f 916 918 915
f 1850 3507 1851
f 921 895 894
f 1479 1436 1478
f 926 667 601
f 1481 563 1480
f 269 84 1482
f 931 933 916
f 934 614 869
f 936 688 937
f 938 662 939
f 1484 122 123
f 941 835 834
f 320 509 510
f 1849 3505 1850
f 84 1484 83
f 1487 1488 539
f 1757 3502 3509
f 365 1491 364
f 461 80 511
f 117 362 1496
f 1494 541 1495
f 926 957 958
f 1477 1433 1476
f 1709 1585 1700
f 119 1496 345
f 271 504 156
f 511 189 186
f 345 1492 365
f 255 344 254
f 57 299 132
f 1501 268 1500
f 267 1499 145
f 974 976 977
f 1678 1693 1676
f 3846 1807 3840
f 557 663 558
f 983 984 985
f 1443 3849 3848
f 421 268 265
f 989 991 988
f 1490 418 1504
f 279 309 310
f 997 676 679
f 998 999 875
f 1504 38 1505
f 1506 1507 1486
f 360 1508 1506
f 1506 207 360
f 939 1006 938
f 270 1483 269
f 66 546 512
f 1010 793 935
f 367 437 1509
f 244 363 243
f 1670 3534 1669
f 209 1510 226
f 235 1512 1511
f 1511 234 235
f 388 426 425
f 427 250 237
f 161 521 231
f 100 45 44
f 1025 608 1027
f 1029 1031 1028
f 939 1033 1032
f 41 594 99
f 1036 783 1037
f 702 1038 1039
f 1040 1042 1043
f 362 369 1493
f 187 477 186
f 70 539 198
f 1511 1521 234
f 1049 603 1048
f 613 869 614
f 860 1051 857
f 1005 1053 1006
f 753 1056 1054
f 1057 1059 1055
f 293 1522 292
f 288 1521 1522
f 292 1523 329
f 331 1508 1524
f 306 453 305
f 100 41 99
f 462 78 79
f 330 1524 462
f 635 1068 636
f 1485 1526 1528
f 206 1528 1510
f 1070 1072 831
f 942 1073 1074
f 916 1075 917
f 440 1530 439
f 157 1514 285
f 1529 5 1530
f 371 546 63
f 790 663 791
f 1077 857 1078
f 1403 1435 1165
f 1080 1082 1079
f 531 1529 440
f 21 1084 1085
f 272 1531 561
f 137 396 397
f 690 802 691
f 335 3567 581
f 1090 1029 1091
f 1092 794 1042
f 1533 137 138
f 661 1095 1096
f 69 445 72
f 1099 1101 1098
f 38 1536 1505
f 1104 1106 1103
f 852 1108 853
f 1377 909 1386
f 291 411 294
f 316 516 33
f 539 1533 534
f 1505 316 313
f 1110 1112 1113
f 1539 460 264
f 522 1537 1539
f 834 1120 1119
f 1122 1124 1121
f 612 1041 901
f 935 615 614
f 276 130 131
f 1686 3522 1685
f 193 1541 273
f 231 1540 287
f 556 982 557
f 365 85 345
f 190 318 1541
f 1810 3574 3528
f 3924 3512 3791
f 1132 985 1131
f 208 102 132
f 1134 662 661
f 1491 80 77
f 429 1542 147
f 1137 915 918
f 172 428 174
f 1139 1141 1142
f 549 54 55
f 1517 1518 296
f 976 1146 938
f 834 984 941
f 1543 286 115
f 1544 239 513
f 133 1544 1542
f 506 257 258
f 420 328 401
f 1158 1160 1157
f 587 1103 588
f 1513 1514 151
f 607 1027 608
f 304 1545 303
f 364 77 506
f 69 198 139
f 1006 976 938
f 700 1112 701
f 3877 3525 3787
f 1166 657 656
f 1167 858 1077
f 1300 3524 1299
f 1172 1174 1175
f 218 200 217
f 1179 1181 1178
f 372 97 98
f 89 227 88
f 1186 1188 1189
f 172 1517 1549
f 1482 81 1498
f 1090 1193 1030
f 394 353 1551
f 526 1198 1197
f 811 858 812
f 1199 1026 1025
f 606 697 696
f 1204 1206 743
f 1207 523 526
f 1209 867 613
f 914 685 936
f 1478 1441 1477
f 1029 1161 1091
f 1211 1213 1214
f 3858 1451 3859
f 844 1216 845
f 423 273 274
f 1220 1222 1083
f 22 1224 23
f 882 897 881
f 1519 173 387
f 1189 1232 1178
f 349 550 416
f 1071 1236 1072
f 1237 1239 745
f 1221 1189 1240
f 1510 1512 333
f 939 1241 1005
f 1556 5 67
f 1553 394 1551
f 404 67 347
f 1247 1249 1246
f 142 238 92
f 1251 635 1250
f 850 1253 851
f 1254 1077 1255
f 57 133 429
f 443 552 551
f 1187 1175 1188
f 1256 831 833
f 432 382 383
f 741 747 746
f 434 351 415
f 349 383 348
f 251 1481 1480
f 395 352 353
f 1518 1550 1551
f 1558 378 340
f 109 314 315
f 285 1513 407
f 395 393 392
f 202 410 1558
f 417 405 432
f 1246 1258 1247
f 3 297 2
f 1259 1261 1262
f 403 347 284
f 955 953 952
f 462 51 330
f 1096 687 1263
f 429 60 57
f 896 1265 932
f 1267 1268 1266
f 423 327 420
f 37 180 40
f 20 1187 1186
f 1256 1071 1070
f 155 156 504
f 1188 1269 1232
f 1236 1271 1262
f 1272 535 621
f 565 463 464
f 1273 745 1239
f 876 1255 1274
f 316 164 315
f 437 503 1509
f 194 1495 197
f 1275 864 863
f 624 631 630
f 1277 1137 1278
f 569 567 566
f 1481 125 366
f 324 547 326
f 1279 1107 1280
f 1525 329 1523
f 1281 1137 918
f 171 1553 1552
f 1488 396 1533
f 1557 1562 1559
f 1282 1206 1205
f 1053 1278 1281
f 778 607 1283
f 713 3566 3569
f 251 144 124
f 4 348 383
f 709 707 706
f 728 45 246
f 261 1563 544
f 789 1287 790
f 74 263 282
f 403 385 434
f 1178 1240 1189
f 1223 1289 1224
f 158 150 151
f 1220 1186 1221
f 296 354 433
f 784 1538 1566
f 1181 1291 1222
f 1269 1257 1246
f 1566 438 399
f 136 1566 1564
f 1563 169 1565
f 107 109 108
f 1297 1298 1296
f 1464 1476 1461
f 1520 507 508
f 1301 1303 1304
f 1306 1308 1305
f 175 1532 272
f 1532 200 201
f 1311 1312 1313
f 872 1315 1316
f 1317 1318 1319
f 3836 878 3828
f 1305 864 1276
f 1040 863 1320
f 1564 399 169
f 592 1575 591
f 591 1088 689
f 1581 1583 1582
f 1196 1147 1176
f 710 583 713
f 285 408 386
f 953 961 963
f 1594 1589 1593
f 1585 1587 1586
f 1592 1590 1589
f 3885 944 3899
f 1600 1598 1597
f 1604 1602 1601
f 1399 979 980
f 1589 1596 1595
f 1610 1608 1607
f 298 361 360
f 551 276 277
f 1627 3814 3819
f 859 818 860
f 1078 1328 1329
f 1555 1530 1556
f 572 680 681
f 772 776 774
f 977 918 917
f 404 392 393
f 1054 750 753
f 1644 1643 1642
f 932 1082 933
f 1067 1334 1068
f 1540 264 114
f 597 643 1336
f 471 762 470
f 1642 3831 3842
f 1644 3842 3843
f 923 950 927
f 96 548 95
f 520 522 521
f 445 443 442
f 849 848 842
f 480 755 493
f 1646 481 1639
f 311 1567 170
f 464 3497 3495
f 3497 1361 3495
f 234 236 235
f 190 192 191
f 153 152 149
f 231 286 230
f 1552 1551 1550
f 760 1648 488
f 3832 1649 3830
f 828 826 825
f 52 166 165
f 1663 1661 1660
f 287 115 286
f 668 670 669
f 634 640 639
f 553 559 554
f 118 33 516
f 492 491 490
f 3552 1651 3553
f 582 584 583
f 384 392 415
f 1381 1383 1380
f 1562 435 436
f 952 951 947
f 3529 583 584
f 1660 1667 1666
f 1394 1396 1393
f 1660 1664 1663
f 1671 1669 1668
f 1624 1673 1672
f 1407 1409 1410
f 1677 1675 1674
f 1613 1677 1625
f 1679 1676 1677
f 1626 3811 3814
f 534 198 539
f 176 150 159
f 803 734 800
f 400 191 192
f 65 143 144
f 3526 1656 3540
f 402 157 283
f 629 627 626
f 461 49 50
f 758 495 756
f 796 786 785
f 406 1513 1560
f 342 166 167
f 1694 1658 1695
f 1692 1694 1696
f 3557 1652 3552
f 3921 1703 3923
f 326 302 90
f 3916 1702 1706
f 3919 1698 1701
f 1699 3927 3918
f 1557 1560 1561
f 1127 1117 1128
f 400 289 346
f 1706 1707 1708
f 1707 1599 1600
f 1709 1708 1588
f 1714 1711 1713
f 3919 1709 1700
f 1704 1577 1703
f 1716 1713 1715
f 1559 1549 297
f 1722 1720 1719
f 1335 596 1489
f 410 377 378
f 973 1163 972
f 168 399 398
f 1571 1089 1093
f 1572 682 1571
f 749 647 754
f 1730 1723 1729
f 1594 1729 1592
f 1729 1591 1592
f 1731 1730 1583
f 1384 1377 1379
f 1732 1712 1714
f 1724 1731 1732
f 1712 1731 1580
f 1722 1732 1733
f 1721 1733 1734
f 1734 1716 1717
f 1735 1736 1697
f 1733 1714 1716
f 1663 1741 1668
f 1742 1740 1743
f 1738 1737 1735
f 1665 1666 1740
f 1665 1744 1664
f 1725 1746 1745
f 1591 1745 1590
f 1590 1747 1596
f 1745 1748 1747
f 1659 3538 3542
f 3287 3545 3282
f 1185 1182 1190
f 1664 1749 1741
f 1741 1739 1738
f 1746 1743 1748
f 1726 1742 1746
f 1153 924 925
f 1115 1153 1154
f 1654 3575 1655
f 1896 3549 1686
f 1720 1744 1726
f 1721 1749 1720
f 1750 1701 1698
f 1697 1750 1696
f 1151 1063 1062
f 1751 1670 1671
f 1695 1752 1751
f 961 986 981
f 1770 1768 1767
f 1766 1593 1765
f 1731 1579 1580
f 1579 1774 1578
f 3928 1771 3929
f 1764 3928 3917
f 1777 1775 1774
f 3762 1699 1700
f 1004 1128 1003
f 1774 1771 1772
f 987 1399 980
f 1578 1772 1764
f 1783 1781 1778
f 1597 1770 1767
f 639 3895 3884
f 3928 1769 1770
f 1793 1789 1788
f 3929 1798 1769
f 3508 3773 1806
f 1802 3924 3922
f 1788 1794 1793
f 1793 1795 1776
f 3773 1675 1806
f 1584 1783 1789
f 1771 3920 3929
f 1801 1798 1800
f 1768 1798 1799
f 1775 1797 1771
f 508 515 1520
f 1796 1802 1797
f 1800 3920 3922
f 1794 1804 1795
f 3532 1752 3547
f 485 1807 775
f 3809 1640 768
f 3837 1810 1653
f 485 1640 1808
f 1690 3770 3772
f 487 1648 1811
f 3839 1816 3822
f 3838 1648 3830
f 3839 1811 3838
f 1812 487 1811
f 1641 767 768
f 465 755 776
f 767 3823 3808
f 3822 3826 3847
f 1809 1815 767
f 3837 1651 3840
f 675 3541 3496
f 1814 1822 1821
f 1821 3821 3820
f 1824 1649 1825
f 1827 1850 1805
f 1668 1662 1663
f 1779 1848 1828
f 1790 1805 1794
f 1833 1853 1852
f 3521 693 575
f 1614 1616 1617
f 1852 3498 3501
f 1620 1622 1623
f 1855 1574 1861
f 1847 3501 3513
f 1766 1855 1782
f 1629 1631 1628
f 1633 1634 1632
f 1635 1637 1638
f 1848 1852 1847
f 1855 1863 1862
f 1803 1867 1802
f 1862 1831 1832
f 1782 1862 1781
f 3922 1865 1800
f 1873 1870 1869
f 1874 799 804
f 2045 3897 2044
f 1219 1295 1225
f 1615 1396 1395
f 3884 1877 1876
f 645 3786 3559
f 1345 1035 1346
f 634 3884 3880
f 15 1327 14
f 3910 1878 1893
f 1894 605 1893
f 3506 627 693
f 3560 645 3559
f 340 454 1558
f 1897 195 1898
f 1889 1877 1890
f 1901 129 1900
f 196 754 232
f 1705 3921 3916
f 340 166 343
f 1570 563 561
f 1904 194 1897
f 1781 1832 1780
f 1905 55 1906
f 1000 995 996
f 986 920 987
f 1191 1190 1194
f 2094 2075 2093
f 1920 1919 1915
f 453 1912 1911
f 1915 1918 1916
f 3882 2106 3901
f 1655 3531 1868
f 1916 1926 1925
f 704 3561 703
f 278 1925 1900
f 3565 1818 1820
f 1097 1115 1114
f 1927 727 1923
f 3578 3654 3758
f 1920 307 1929
f 1929 48 728
f 503 1497 1509
f 1902 787 796
f 1816 3820 3826
f 1925 1923 1924
f 1535 1568 1534
f 254 258 255
f 1509 366 367
f 119 35 36
f 219 293 294
f 141 47 431
f 542 244 245
f 1940 430 431
f 1779 1827 1790
f 1701 3915 3919
f 1661 3515 1667
f 270 754 647
f 197 749 196
f 1727 1212 1211
f 53 232 754
f 1465 1479 1478
f 1284 3854 1293
f 1951 412 413
f 168 1554 1553
f 1486 206 207
f 506 78 361
f 994 1007 993
f 951 963 964
f 1013 3861 1351
f 3826 1820 1818
f 1498 1954 1482
f 299 543 132
f 1754 1756 1753
f 1681 1683 1682
f 1696 1695 1697
f 13 738 737
f 473 475 474
f 482 768 1640
f 204 30 205
f 1761 820 819
f 611 1125 612
f 1501 1908 1909
f 1074 711 699
f 1960 82 83
f 120 1960 123
f 35 87 34
f 1773 1025 1031
f 1965 1569 1535
f 494 471 479
f 1966 1969 1968
f 446 1971 1967
f 174 125 126
f 1580 1578 1577
f 1785 1787 1784
f 1972 304 305
f 1254 875 999
f 1973 342 514
f 321 1973 509
f 1910 275 1907
f 509 514 508
f 1486 1527 1485
f 1974 804 1975
f 1977 1974 1978
f 1980 1966 1981
f 379 2 295
f 1718 1710 1701
f 884 992 883
f 1680 1678 1679
f 902 525 524
f 344 256 299
f 135 137 136
f 236 228 333
f 448 1967 1966
f 589 604 584
f 910 908 907
f 1981 1968 1987
f 1982 1987 1979
f 1988 1987 1989
f 1990 1989 1991
f 1991 1993 1992
f 322 320 319
f 992 830 883
f 1144 1086 1143
f 1995 1978 1994
f 1133 1118 1126
f 1997 1994 1996
f 870 1335 1489
f 805 1982 1998
f 727 2000 1999
f 1996 1988 1990
f 1994 1979 1988
f 1829 792 1273
f 1830 941 983
f 798 800 799
f 729 731 730
f 2011 2023 2022
f 1834 846 1159
f 402 284 347
f 2022 2024 2025
f 1838 989 988
f 810 952 809
f 1823 1840 644
f 1430 1432 1431
f 1215 1841 1079
f 149 176 177
f 1316 873 872
f 2112 1384 2106
f 1842 1844 1845
f 1159 845 1160
f 837 1846 1120
f 1971 2030 2027
f 517 370 189
f 858 833 812
f 1471 2027 1888
f 3551 626 627
f 2174 770 490
f 935 1854 1010
f 1613 1611 1618
f 1231 1225 1295
f 1856 891 892
f 1300 748 741
f 1150 1858 1859
f 1643 696 1642
f 1215 1264 1216
f 1320 902 901
f 1956 1944 1960
f 2031 669 1474
f 2034 1310 1299
f 1879 1656 1657
f 40 242 39
f 1992 2039 1456
f 888 957 889
f 1882 1996 1990
f 1078 1255 1077
f 1871 1192 1090
f 294 218 219
f 1323 2026 1471
f 123 83 1484
f 1324 2041 1323
f 384 359 352
f 1324 2038 2036
f 1883 1885 1829
f 287 114 107
f 1096 1134 661
f 915 931 916
f 806 1981 1982
f 3533 584 604
f 1425 2042 1018
f 1018 1948 1017
f 3562 740 3519
f 1948 649 646
f 1881 1990 1991
f 1900 130 278
f 992 994 993
f 923 925 924
f 3878 2047 3876
f 1643 625 606
f 2050 2051 2049
f 2045 1404 2047
f 3876 945 3885
f 1139 1079 1841
f 1037 892 982
f 2055 2057 2056
f 1198 718 717
f 1619 1612 1611
f 2058 1606 2059
f 2059 1607 2058
f 2058 1624 1605
f 71 179 37
f 405 1557 382
f 976 1006 977
f 322 1972 1911
f 2061 2063 2062
f 2066 2067 1825
f 2052 2064 2051
f 1609 2066 1647
f 1515 152 1516
f 1009 993 1007
f 1644 3815 2118
f 279 1916 278
f 1285 3862 1284
f 1647 1825 1649
f 2056 2067 2065
f 319 1953 1952
f 667 1913 1914
f 2070 625 2048
f 2052 2055 2063
f 2038 1655 1458
f 1606 2073 2072
f 1235 1270 1236
f 2072 2075 2074
f 2059 2072 2062
f 2074 2077 2076
f 1601 2078 2073
f 2049 1643 1645
f 1000 1001 994
f 1089 684 689
f 1931 1306 1930
f 1462 1021 1022
f 1932 1934 1935
f 875 1846 998
f 1936 1937 1938
f 44 46 92
f 1534 1956 120
f 1541 317 391
f 2081 2084 2083
f 146 1959 300
f 1360 1942 1361
f 985 1032 1033
f 1995 1892 2043
f 2079 2082 2081
f 2095 2076 2077
f 2081 2078 2079
f 2055 2054 2053
f 501 2095 500
f 2097 2099 2098
f 2098 2094 2083
f 2140 3893 3866
f 2141 3894 3893
f 2051 2048 2049
f 592 2101 1576
f 2071 2076 2096
f 2102 2098 2101
f 593 2102 592
f 1019 746 747
f 1950 12 1327
f 725 2096 501
f 1385 2104 1379
f 1379 2106 1384
f 2107 2100 2097
f 3908 502 3896
f 3896 499 3901
f 940 2109 944
f 928 1170 973
f 3868 684 3899
f 1962 1964 1961
f 3878 573 3897
f 2039 1968 1969
f 1389 2110 2109
f 1398 2113 1397
f 3757 3753 3743
f 3911 2107 2103
f 949 924 1115
f 260 324 326
f 1390 2113 2110
f 2070 2064 2071
f 3867 2103 593
f 2105 1421 2114
f 2114 1423 2115
f 3892 2115 3903
f 3908 2114 3892
f 554 1902 553
f 972 967 966
f 1765 1573 1574
f 1984 1986 1983
f 2053 2069 2057
f 3573 724 714
f 1625 1674 1673
f 3881 2119 2122
f 3903 2123 3904
f 56 1906 55
f 626 3879 629
f 2001 2003 2004
f 3912 2127 3907
f 2006 2008 2009
f 2127 1412 2128
f 2014 2016 2017
f 2018 2020 2021
f 1495 1947 197
f 1379 1386 1385
f 3814 1680 1618
f 2029 1884 2028
f 3902 2120 3887
f 629 3914 3872
f 682 943 1089
f 724 2121 716
f 1757 3821 3845
f 765 3844 3809
f 3851 715 3852
f 706 3870 3872
f 981 987 980
f 1457 1656 1880
f 2017 2032 2033
f 1458 1868 1457
f 1776 1792 1793
f 1959 1946 1958
f 3663 3725 3661
f 3913 2122 3850
f 1093 689 1088
f 966 968 972
f 3852 3881 3913
f 2172 2170 2171
f 670 2137 669
f 3761 1903 233
f 1429 28 1449
f 964 978 971
f 3841 1413 2127
f 1473 669 2137
f 3834 1359 1358
f 2138 1870 2137
f 1872 2137 1870
f 715 3888 3881
f 1881 1992 1880
f 3843 739 740
f 1837 3513 3514
f 253 59 85
f 1808 3840 1807
f 1647 3818 1609
f 3865 671 668
f 2112 3883 2111
f 1405 2044 1438
f 3829 1364 1366
f 273 391 249
f 576 3520 3555
f 3875 668 2031
f 1430 2140 2139
f 2136 3860 28
f 1430 18 19
f 3893 570 695
f 1442 2046 2141
f 1431 2141 2140
f 3869 3850 2136
f 3808 1817 766
f 3866 695 671
f 2142 798 2138
f 571 2142 694
f 3819 1618 1611
f 2143 2025 2142
f 694 2138 670
f 681 2144 572
f 2144 2022 2143
f 328 457 290
f 1572 2011 2144
f 630 3903 624
f 2085 2087 2088
f 2090 2092 2089
f 572 2143 571
f 1875 2153 2149
f 1873 2149 2154
f 2103 2097 2102
f 2157 2155 2156
f 2128 1414 2120
f 3874 589 582
f 3872 628 629
f 2149 2158 2159
f 2159 3905 3890
f 698 3902 705
f 3823 3827 1817
f 2158 3874 3905
f 1438 2046 1439
f 2035 2160 2161
f 2161 3889 3886
f 3871 605 589
f 3873 18 3875
f 370 61 451
f 649 413 648
f 2153 2156 2158
f 1428 1449 1450
f 1490 73 1488
f 3890 710 633
f 2155 3891 3871
f 1456 1880 1992
f 2125 2087 2124
f 2160 3890 3889
f 300 505 323
f 1064 1046 1065
f 2043 1891 2155
f 2129 2004 2003
f 2131 2133 2134
f 3848 1450 1449
f 1998 804 805
f 3879 3864 3914
f 474 490 770
f 1164 1182 1177
f 707 3909 3870
f 708 2162 707
f 2162 3886 3909
f 548 1905 458
f 1145 1114 1171
f 705 1650 704
f 2043 1977 1995
f 737 554 559
f 1034 1191 1023
f 458 1907 275
f 195 232 233
f 2040 1969 1970
f 2145 2147 2148
f 2054 2049 1645
f 3832 1639 3818
f 9 11 10
f 252 506 258
f 472 479 471
f 1865 3791 3503
f 900 910 907
f 1941 2151 1942
f 1921 1927 1919
f 2163 1898 2116
f 271 153 178
f 1904 12 9
f 282 264 460
f 1872 2154 2035
f 1326 1897 2163
f 628 693 627
f 1724 1719 1723
f 1549 436 172
f 1582 1730 1729
f 1921 1929 1928
f 3563 10 11
f 2152 1950 1949
f 475 774 771
f 769 2171 473
f 2171 476 473
f 476 772 475
f 1791 464 1760
f 2166 2168 2169
f 595 372 98
f 483 1641 482
f 762 2173 470
f 771 484 492
f 486 1809 483
f 297 1517 296
f 763 2174 762
f 776 759 489
f 184 2176 2000
f 412 303 414
f 2005 185 224
f 3811 1682 3846
f 2164 756 764
f 1472 2161 2162
f 950 964 965
f 2177 2179 2180
f 227 1510 333
f 764 467 2164
f 2182 2184 2181
f 2186 2018 2185
f 1985 2181 1986
f 214 729 1531
f 1545 1546 1569
f 865 842 866
f 849 1357 1362
f 452 1558 454
f 559 3188 737
f 16 737 3188
f 560 498 374
f 3193 3195 3194
f 3200 3198 3199
f 3211 3213 3212
f 3215 3217 3216
f 2187 2002 2001
f 2169 2189 2190
f 2192 2085 2191
f 2193 2195 2196
f 2198 2200 2197
f 1998 1979 1975
f 3664 3668 3671
f 2116 1903 1902
f 1859 2009 1150
f 3904 2126 3906
f 1135 1087 1130
f 2201 2015 2014
f 1149 110 1858
f 3221 3218 3215
f 2203 2205 2206
f 579 1895 1019
f 1755 2208 1756
f 3891 1893 605
f 1211 2150 1727
f 868 2210 2209
f 944 930 940
f 2130 2202 2201
f 233 1898 195
f 665 750 666
f 1167 999 618
f 2211 2213 2214
f 2215 2217 2218
f 3867 590 3868
f 2220 220 2219
f 823 948 1094
f 3225 3227 3226
f 266 455 265
f 3882 2107 3883
f 2221 3519 3517
f 2223 2225 2226
f 2207 2124 2208
f 673 3869 3864
f 817 996 815
f 2227 2146 2145
f 1947 646 749
f 3900 17 3873
f 2229 1638 1381
f 1679 1618 1680
f 1637 2232 2230
f 2233 1617 1616
f 2231 2236 2237
f 1381 2238 1382
f 3586 2242 3587
f 1630 2233 1631
f 1681 472 469
f 1408 2243 2244
f 3236 3238 3237
f 3232 3240 3235
f 1637 2238 1638
f 3237 3233 3234
f 1409 1634 2245
f 1380 2247 2246
f 1628 2245 1621
f 2249 1622 1633
f 1632 1408 2244
f 2248 1631 2250
f 2235 1637 1636
f 3245 3199 3198
f 631 2071 725
f 515 52 49
f 782 2251 1251
f 2253 2255 2252
f 397 459 784
f 1456 2040 1455
f 2040 2036 1455
f 1401 2111 1398
f 2041 1970 2026
f 1535 414 1965
f 1586 2080 2079
f 2256 1132 1886
f 1700 3918 3919
f 3815 1686 3817
f 1263 1886 1096
f 598 844 599
f 2257 2259 2260
f 2258 2262 2259
f 2259 2263 2216
f 2260 2216 2215
f 1967 1970 1969
f 2212 1963 2213
f 922 2218 2217
f 1312 1101 2264
f 1307 1286 789
f 1548 1546 1972
f 2266 2268 2265
f 2265 2270 2269
f 2272 2269 2271
f 2273 2265 2272
f 2275 2277 2274
f 2278 2277 2279
f 2284 3617 3639
f 2287 2286 2281
f 2288 2283 2287
f 2290 3639 3620
f 2291 2293 2294
f 2295 2294 2279
f 2296 2291 2295
f 2297 2292 2291
f 2294 2299 2300
f 2279 2300 2278
f 2298 2302 2292
f 2292 2303 2293
f 2293 2304 2299
f 2304 2306 2299
f 2306 2300 2299
f 2308 2310 2307
f 2302 2310 2303
f 2301 2307 2302
f 2312 2307 2311
f 2313 2315 2316
f 2318 2320 2317
f 3748 2322 2323
f 2324 2273 2326
f 2313 2326 2327
f 2328 2313 2316
f 2329 2324 2328
f 2331 2333 2330
f 2330 2267 2266
f 2325 2266 2273
f 2329 2330 2325
f 2333 2335 2267
f 2336 2333 2332
f 2338 2332 2337
f 2331 2337 2332
f 2329 2339 2331
f 2328 2340 2329
f 2316 2341 2328
f 2342 2315 2343
f 2344 2346 2347
f 2341 2347 2340
f 2342 2344 2341
f 2348 2345 2344
f 2350 2352 2353
f 2339 2353 2337
f 2340 2350 2339
f 2347 2351 2350
f 2337 2354 2338
f 2353 2355 2354
f 2356 2276 2357
f 2356 2358 2359
f 2356 2296 2295
f 2279 2356 2295
f 2360 2270 2268
f 2267 2360 2268
f 2362 2364 2365
f 2362 2361 2358
f 2366 2358 2357
f 2366 2363 2362
f 2357 2368 2366
f 2366 2369 2367
f 2276 2370 2368
f 2368 2282 2369
f 2372 2374 2371
f 2375 2377 2007
f 2378 2380 2381
f 2382 2381 2383
f 2384 2378 2382
f 2385 2379 2378
f 2388 2390 2387
f 2387 2392 2391
f 2393 2387 2391
f 2394 2388 2387
f 2186 2402 2400
f 2403 2327 2326
f 2272 2326 2273
f 2271 2403 2272
f 2405 2404 2403
f 2404 2408 2327
f 2409 2411 2412
f 2409 2271 2269
f 2413 2269 2270
f 2413 2410 2409
f 2417 2416 2418
f 2417 2406 2405
f 2412 2405 2271
f 2411 2417 2412
f 2406 2407 2404
f 3569 632 713
f 2420 2397 2421
f 2420 2423 2422
f 2424 2422 2419
f 2424 2398 2420
f 2425 2392 2426
f 2421 2426 2423
f 2397 2425 2421
f 2396 2391 2425
f 2427 2315 2314
f 2427 2408 2428
f 2430 2428 2429
f 2343 2427 2430
f 2432 2430 2431
f 2431 2429 2433
f 2435 2433 2434
f 2436 2431 2435
f 2428 2407 2437
f 2422 2407 2419
f 2438 2422 2423
f 2429 2437 2438
f 2440 2433 2439
f 2441 2433 2429
f 2442 2439 2441
f 2443 2440 2439
f 2445 2444 2443
f 2447 2443 2442
f 2383 2445 2447
f 2381 2446 2445
f 2448 2423 2426
f 2449 2426 2392
f 2441 2449 2442
f 2441 2438 2448
f 2449 2390 2450
f 2450 2389 2451
f 2447 2451 2383
f 2442 2450 2447
f 2451 2453 2452
f 2452 2455 2454
f 2382 2454 2384
f 2383 2452 2382
f 2456 2373 2372
f 2459 2461 2458
f 2463 2465 2462
f 2462 2285 2284
f 2466 2284 2290
f 2467 2462 2466
f 2461 3703 3701
f 2468 2470 2471
f 2472 2471 2473
f 2474 3701 3688
f 2475 2477 2478
f 2458 2453 2479
f 2479 2389 2388
f 2395 2479 2388
f 2480 2458 2479
f 2481 2483 2478
f 2484 2485 221
f 2471 2464 2463
f 2473 2463 2467
f 2487 2466 2486
f 2486 2290 2488
f 2490 2488 2489
f 2491 2486 2490
f 2492 2467 2487
f 2493 2487 2491
f 2494 2492 2493
f 2495 2473 2492
f 3690 2474 3688
f 3691 2496 3690
f 2498 2493 2499
f 2500 2499 2501
f 3700 2498 2500
f 3687 2494 2498
f 2306 2278 2300
f 2305 2504 2306
f 2504 2507 2506
f 2506 2288 2508
f 2274 2508 2275
f 2278 2506 2274
f 3633 2489 2488
f 3620 2488 2290
f 2507 2289 2288
f 2505 2509 2507
f 2508 2287 2511
f 2511 2281 2280
f 2370 2280 2282
f 2275 2511 2370
f 2512 2489 2513
f 2514 2513 2515
f 2517 2514 2516
f 2517 2490 2512
f 2499 2491 2517
f 2499 2516 2501
f 2510 2519 2518
f 2518 2521 2520
f 3616 2520 3621
f 3632 2518 3616
f 2522 2303 2310
f 2523 2310 2309
f 2305 2522 2524
f 2524 2523 2525
f 2519 2525 2521
f 2505 2524 2519
f 2308 2527 2526
f 2526 2529 2528
f 2531 2528 2530
f 2309 2526 2531
f 1214 2151 1211
f 2419 2418 2424
f 2533 2349 2317
f 2534 2317 2320
f 2535 2533 2534
f 2536 2345 2533
f 2537 2346 2536
f 2538 2536 2535
f 2539 2537 2538
f 2540 2351 2537
f 2312 2541 2527
f 2527 2542 2529
f 2543 2434 2544
f 2545 2544 2546
f 2319 2543 2545
f 2318 2435 2543
f 2514 2548 2547
f 2547 2550 2549
f 2552 2549 2551
f 2552 2514 2547
f 2520 2554 2553
f 2553 2556 2555
f 3590 2555 3593
f 3621 2553 3590
f 2523 2531 2557
f 2557 2530 2558
f 2525 2557 2559
f 2559 2558 2560
f 2554 2560 2556
f 2521 2559 2554
f 2561 2007 2006
f 2376 2225 2377
f 2564 2566 2563
f 2563 338 2567
f 2569 2567 2568
f 2570 2563 2569
f 2572 2574 2571
f 2571 2576 2575
f 2544 2575 2546
f 2544 2572 2571
f 2578 2569 2577
f 2579 2569 2568
f 2574 2579 2576
f 2573 2577 2574
f 2581 2583 2580
f 2584 2583 2585
f 3697 2580 2584
f 3676 2580 3675
f 2582 2552 2583
f 2583 2551 2585
f 2500 2589 2588
f 2590 2589 2591
f 3693 2588 2590
f 3695 2500 2588
f 2501 2591 2589
f 2592 2594 2595
f 2386 2503 2502
f 2596 2386 2374
f 2596 2373 2597
f 2599 2597 2598
f 2599 2379 2596
f 2600 2380 2599
f 2600 2598 2601
f 2603 2601 2602
f 2603 2446 2600
f 2604 2602 2605
f 2440 2605 2434
f 2444 2604 2440
f 2606 2581 2607
f 2606 2590 2591
f 2591 2582 2606
f 3676 2456 3689
f 3689 2372 3693
f 2478 2608 2481
f 2609 2611 2199
f 2564 2613 2612
f 2612 2598 2597
f 2457 2597 2373
f 2565 2612 2457
f 2614 2570 2578
f 2615 2578 2573
f 2602 2614 2615
f 2601 2613 2614
f 2572 2605 2616
f 2616 2602 2615
f 2573 2616 2615
f 1459 1045 1021
f 1265 1079 1082
f 1612 1609 1611
f 2067 2069 2068
f 1135 1136 1148
f 1938 2618 2617
f 95 458 128
f 2058 1608 1612
f 1454 1445 1367
f 655 1048 2619
f 722 2621 723
f 1131 1033 1134
f 562 366 1497
f 1723 1725 1591
f 1786 1122 1787
f 267 323 266
f 1325 1654 2038
f 1468 1435 1479
f 658 529 528
f 8 247 7
f 382 1559 3
f 788 1307 789
f 940 929 928
f 911 2623 912
f 2621 655 654
f 2624 2625 2626
f 998 27 26
f 635 2626 2625
f 2627 644 1840
f 2628 1840 2629
f 1200 2627 2628
f 1199 641 2627
f 1520 49 477
f 1452 1349 1451
f 2630 1859 1858
f 644 1335 1823
f 1197 717 2632
f 2632 719 1166
f 2628 1166 1200
f 2629 2632 2628
f 1762 1050 821
f 1823 873 1839
f 2634 794 652
f 1028 1027 1161
f 1042 2635 1043
f 93 1901 1924
f 2036 1458 1455
f 1527 1525 1526
f 877 1274 1277
f 134 797 1544
f 1328 931 1329
f 607 1091 1161
f 1043 2637 2636
f 2636 2639 2638
f 1275 2638 1276
f 1275 1043 2636
f 1272 2626 2640
f 2640 638 637
f 1110 2640 637
f 536 2640 2641
f 1472 1474 1473
f 2042 1951 649
f 1058 1105 1059
f 2642 2643 2644
f 1192 2644 1193
f 912 2642 1192
f 3898 3526 3786
f 1049 2620 2621
f 616 1885 613
f 1331 666 750
f 990 1198 525
f 1911 321 322
f 1298 1205 2645
f 76 1504 75
f 1502 421 422
f 610 658 691
f 1146 659 938
f 2646 914 936
f 1280 1238 1279
f 975 2647 2648
f 2647 975 974
f 1453 1452 1451
f 1514 158 151
f 835 1843 1842
f 1271 1173 1289
f 2649 813 2650
f 1893 1826 1894
f 1050 1937 1051
f 2651 814 813
f 1006 1281 977
f 2653 2654 2655
f 1001 1003 1002
f 585 679 558
f 2624 621 620
f 555 2028 556
f 1207 1197 2629
f 1626 478 472
f 426 419 1567
f 1030 1773 1031
f 3898 634 3880
f 534 138 262
f 1125 1042 1041
f 333 88 227
f 569 561 730
f 1489 871 870
f 1857 620 891
f 1673 3770 3763
f 622 864 1308
f 2647 974 2657
f 619 891 620
f 261 545 262
f 393 1556 404
f 2658 2647 2657
f 1075 2657 917
f 1081 2658 1075
f 1080 2659 2658
f 2644 1141 2660
f 2660 1140 1336
f 642 1336 643
f 1193 2660 642
f 679 555 558
f 1503 1500 1502
f 1318 1101 1100
f 2661 1139 1142
f 2661 2663 2662
f 2662 2659 2661
f 2662 2622 2664
f 2664 911 2646
f 2648 2646 1146
f 2648 2662 2664
f 2083 2093 2081
f 1442 1437 1439
f 519 330 51
f 1885 1209 613
f 799 805 804
f 1946 1952 1953
f 1302 1253 1252
f 566 224 533
f 1389 928 1388
f 683 681 680
f 836 1842 2665
f 2665 1845 1303
f 2666 1303 1302
f 24 2665 2666
f 831 2650 832
f 1845 1304 1303
f 2010 2012 2011
f 1051 2667 2668
f 1522 1511 1523
f 531 441 522
f 782 1251 1250
f 1250 2625 2669
f 2669 1857 1856
f 783 1856 1037
f 782 2669 783
f 720 2671 721
f 1055 1930 1056
f 1333 1251 2251
f 619 1308 1307
f 652 2619 2634
f 521 1539 1540
f 1838 537 2672
f 2672 536 2641
f 1113 2641 1110
f 1113 1838 2672
f 1016 1351 1045
f 3897 570 3894
f 226 104 101
f 3564 3827 1818
f 1036 1884 1883
f 2674 1304 2673
f 2673 1844 2675
f 1334 2675 1039
f 1333 2673 1334
f 2676 1039 2675
f 1843 2675 1844
f 942 2676 1843
f 1074 702 2676
f 811 859 858
f 752 1055 753
f 1200 656 1026
f 1120 874 2677
f 2677 877 1052
f 1241 1052 1005
f 1119 2677 1241
f 1560 151 1515
f 1208 611 523
f 215 736 214
f 1460 1462 1461
f 1208 1839 873
f 854 1282 1297
f 72 182 179
f 544 1565 512
f 217 456 457
f 2047 930 945
f 1204 1937 2633
f 913 686 685
f 840 1113 1112
f 1531 730 561
f 2678 1283 801
f 601 1914 602
f 1537 459 460
f 1819 3509 3527
f 991 862 538
f 2679 1073 1830
f 2680 983 2256
f 779 2256 1263
f 778 2680 779
f 2678 1830 2680
f 180 245 40
f 1886 1131 1134
f 1138 1274 1255
f 1841 1140 1139
f 75 314 74
f 193 420 192
f 2681 1099 1098
f 170 1565 169
f 349 417 432
f 1121 2684 2683
f 547 409 302
f 123 121 120
f 2643 1142 1141
f 1542 513 1543
f 899 907 919
f 1210 676 867
f 791 982 892
f 24 837 836
f 893 932 931
f 1860 863 862
f 535 862 861
f 832 813 812
f 2650 813 832
f 1569 1547 1568
f 181 542 180
f 660 937 688
f 2013 568 2012
f 887 2631 2630
f 1524 361 78
f 520 162 1529
f 2653 854 2685
f 1238 2655 2686
f 718 527 530
f 1492 518 1491
f 792 615 793
f 599 1835 596
f 290 456 175
f 312 1552 425
f 1248 1179 1249
f 153 177 178
f 1240 1222 1221
f 1257 1235 1071
f 1291 1083 1222
f 1052 1277 1053
f 743 2618 1204
f 444 430 443
f 23 1172 1187
f 2687 1180 1179
f 102 409 134
f 1283 610 801
f 373 650 651
f 1180 1084 1291
f 855 2655 1237
f 1173 1917 1174
f 2689 853 2688
f 2688 1108 1279
f 2686 1279 1238
f 2687 2688 2686
f 2691 1252 2690
f 2690 850 2689
f 1248 2689 2687
f 1248 2691 2690
f 2692 24 2666
f 2691 2666 1302
f 1247 2692 2691
f 1258 617 2692
f 394 1555 393
f 2693 1259 1223
f 1072 1262 1261
f 1257 1168 1258
f 398 1555 1554
f 871 1314 872
f 1178 1249 1179
f 1224 1173 1172
f 1010 2618 742
f 1175 1292 1269
f 2654 2686 2655
f 2694 1216 1264
f 71 1487 70
f 701 1111 1038
f 1072 2649 2650
f 1085 22 21
f 895 1264 896
f 1601 1605 1604
f 1259 1271 1289
f 21 1220 1083
f 988 538 537
f 598 1336 1140
f 820 1762 821
f 1050 818 821
f 1298 1761 2652
f 1168 618 617
f 858 1256 833
f 39 516 1536
f 2652 819 814
f 313 315 314
f 2026 1971 2027
f 2656 596 1835
f 814 818 811
f 2696 813 2649
f 1260 2649 1261
f 2693 2696 1260
f 2697 2651 2696
f 381 390 380
f 3818 1611 1609
f 1475 1428 1227
f 1292 1917 1235
f 1551 354 1518
f 1526 1523 1511
f 1593 1595 1573
f 1232 1246 1249
f 2695 1223 22
f 2698 1296 2697
f 2698 2693 2695
f 2685 2695 1085
f 2685 1297 2698
f 562 271 272
f 2652 1296 1298
f 1365 1364 1363
f 1958 1953 1957
f 585 2210 997
f 1561 1515 435
f 975 1146 976
f 347 68 346
f 1038 636 1068
f 2700 780 2699
f 2699 1036 1883
f 2701 1883 1829
f 851 2699 2701
f 2674 2251 2702
f 2702 781 2700
f 1253 2700 851
f 1301 2702 1253
f 1519 388 1550
f 1273 1280 2703
f 2703 1107 852
f 2701 852 851
f 1829 2703 2701
f 91 326 90
f 1784 2656 1785
f 2683 2705 2704
f 604 3499 3533
f 1669 3548 1662
f 2062 2060 2059
f 621 861 622
f 2023 732 2024
f 686 1263 687
f 857 2668 1328
f 883 882 879
f 637 1111 1110
f 2668 893 1328
f 2667 894 2668
f 1039 1068 1334
f 313 1504 1505
f 1911 305 453
f 1936 1964 2212
f 2707 2401 2183
f 2708 2183 2182
f 738 2116 554
f 2349 2432 2436
f 2711 2020 2019
f 2400 2019 2186
f 2714 2716 2713
f 2717 2719 2720
f 2721 2723 2724
f 2726 2728 2725
f 2725 2730 2729
f 2731 2729 2709
f 2732 2725 2731
f 2734 2736 2733
f 2738 2740 2737
f 2737 2741 2742
f 2744 2746 2743
f 2745 2748 2747
f 2749 2747 2751
f 2753 2751 2752
f 2250 2246 2248
f 2754 1614 2755
f 3598 2755 3609
f 3608 2747 3609
f 1617 2755 1614
f 2242 1620 2757
f 2191 2760 2759
f 2761 2760 2762
f 3648 2761 3649
f 3623 2759 3648
f 3209 3223 3224
f 1395 2236 2235
f 1395 1636 1615
f 1616 2229 2233
f 1617 2763 2756
f 2756 3628 3608
f 2765 2234 1630
f 2766 3628 3622
f 3202 3246 3247
f 1516 435 1515
f 2768 3552 3553
f 1495 578 1424
f 2135 28 17
f 3526 2773 2774
f 1690 3926 3925
f 2778 2780 2777
f 2777 2781 2782
f 2784 2777 2783
f 3555 575 576
f 1494 9 540
f 3529 2015 3566
f 451 505 450
f 2786 2788 2785
f 2779 2785 2780
f 2789 2741 2740
f 2790 2752 2789
f 2792 2794 2791
f 2793 2796 2794
f 2796 2750 2749
f 2794 2749 2753
f 2798 1396 2754
f 3591 2754 3598
f 2798 2800 1393
f 3591 2799 2798
f 2797 2795 2801
f 2791 2753 2790
f 216 232 54
f 3804 2807 3803
f 3805 2804 3803
f 2769 3557 3552
f 183 184 97
f 2811 2775 2776
f 2804 2776 2805
f 2809 2811 2804
f 2812 2813 2814
f 3805 2816 3795
f 3796 2815 3795
f 3798 2820 2821
f 3793 2819 3798
f 2824 2735 2819
f 2823 2824 2819
f 2825 2826 2724
f 3793 2827 3792
f 3796 2826 3792
f 2713 2829 2828
f 2828 2831 2830
f 2822 2828 2830
f 2821 2713 2828
f 2832 2822 2830
f 2833 2830 2831
f 2834 2832 2833
f 2835 2827 2832
f 2837 2839 2836
f 2836 2841 2840
f 2842 2840 2727
f 2843 2836 2842
f 2840 2845 2844
f 2718 2845 2719
f 2730 2844 2718
f 2727 2844 2728
f 2846 2719 2845
f 2846 2841 2847
f 2829 2847 2831
f 2829 2716 2846
f 2847 2839 2848
f 2848 2838 2849
f 2833 2849 2834
f 2831 2848 2833
f 2850 2851 2852
f 2853 2852 2854
f 2783 2782 2855
f 2785 2853 2856
f 2780 2856 2781
f 2857 2855 2782
f 2859 2782 2781
f 2861 2842 2860
f 2860 2727 2726
f 2862 2726 2732
f 2863 2860 2862
f 2861 2858 2857
f 2843 2857 2859
f 2856 2854 2864
f 2781 2864 2859
f 2837 2859 2864
f 2838 2864 2854
f 2852 2834 2849
f 2854 2849 2838
f 2865 2818 2835
f 2851 2835 2834
f 2813 2815 2865
f 2814 2865 2851
f 2866 2814 2850
f 2788 2850 2853
f 2866 2787 2867
f 2812 2867 2775
f 1892 1890 1891
f 2720 2846 2870
f 298 256 257
f 2872 2713 2820
f 3794 2735 2734
f 2729 2874 2873
f 2846 2715 2870
f 2876 2878 2875
f 2733 2878 2734
f 3806 2879 2880
f 3806 2872 3794
f 2882 2884 2881
f 2881 2715 2714
f 2880 2714 2872
f 2879 2881 2880
f 2885 2887 2888
f 2888 2890 2885
f 2885 2892 2891
f 2893 2885 2891
f 1942 2532 2894
f 2895 2720 2870
f 2884 2870 2715
f 2883 2895 2884
f 2896 2892 2895
f 2889 2717 2890
f 2890 2720 2892
f 2897 2891 2896
f 2898 2896 2883
f 2899 2883 2882
f 2900 2882 2879
f 3797 2879 3807
f 2876 2901 2877
f 2901 2904 2903
f 1785 1835 1834
f 2905 2899 2900
f 2907 2897 2898
f 3797 2903 3799
f 632 577 633
f 3532 2867 2787
f 434 550 350
f 2768 3640 3643
f 2910 1623 2249
f 2241 2758 2242
f 3640 2913 3652
f 1623 2757 1620
f 3587 2757 3652
f 2229 1380 2250
f 2765 1629 2914
f 2915 1629 2912
f 3642 2914 2915
f 3641 2765 2914
f 2919 3642 3613
f 2918 2912 2241
f 3614 2241 3586
f 3618 3613 3670
f 3541 2180 3496
f 3521 2188 3506
f 3705 714 3851
f 2925 2917 2924
f 2924 2916 2919
f 3610 2919 3618
f 3611 2924 3610
f 2926 2766 2925
f 3658 2925 3611
f 1715 1705 1710
f 785 498 796
f 1387 565 1791
f 374 1899 560
f 3573 2206 3556
f 2929 2886 2893
f 2932 2934 2931
f 1905 1908 1907
f 2930 2936 2937
f 2938 2930 2929
f 1493 517 518
f 1603 1586 1602
f 2939 2929 2908
f 2940 2908 2907
f 3665 1600 3661
f 2886 2937 2887
f 2906 2898 2899
f 2908 2893 2897
f 2942 2933 2941
f 2941 2937 2936
f 3501 2936 3513
f 3498 2941 3501
f 2943 2710 2873
f 2943 2874 2889
f 2945 2889 2888
f 2946 2943 2945
f 2932 2888 2887
f 2931 2945 2932
f 727 1929 728
f 2903 2947 2948
f 545 42 262
f 1480 533 251
f 2907 2949 2940
f 2906 2950 2949
f 1558 215 202
f 3799 2948 3801
f 2054 1644 2118
f 3705 2203 3573
f 1828 1849 1827
f 2953 2955 2952
f 2952 2957 2956
f 2956 2258 2952
f 2953 2258 2257
f 2454 2474 2496
f 3747 2959 3766
f 3747 2131 3737
f 2961 2963 2958
f 2958 2964 2959
f 222 2485 2965
f 2477 2966 2608
f 2631 2006 1859
f 2384 2496 2497
f 2967 2959 2964
f 2968 2970 2969
f 3759 2971 3784
f 3784 2960 3766
f 2972 2033 2032
f 2007 2973 2008
f 3560 2134 2133
f 1836 1832 1831
f 3506 2090 3551
f 955 959 956
f 672 674 673
f 633 713 632
f 2024 733 803
f 2025 803 798
f 425 1550 388
f 2975 888 887
f 1319 1157 2694
f 1212 2977 1213
f 889 2228 2227
f 1978 1975 1979
f 1138 1329 915
f 751 2979 2978
f 1619 1625 1624
f 2252 1728 1727
f 1157 845 1216
f 2706 1938 2617
f 2980 2254 2981
f 2982 887 2630
f 802 711 2679
f 678 2029 2028
f 527 690 528
f 1839 2629 1840
f 2983 602 1914
f 2983 1913 1331
f 2985 1331 1054
f 2986 2983 2985
f 2987 2635 2634
f 2985 2639 2986
f 2990 1318 2989
f 2991 2993 2994
f 2995 2994 2996
f 1106 2991 2995
f 1058 2992 2991
f 1415 1365 1367
f 1317 2217 2997
f 1932 2255 2980
f 926 2999 664
f 3001 2992 3000
f 3000 1057 2978
f 2999 2978 2979
f 2998 3000 2999
f 3002 2209 3003
f 3002 2996 2994
f 2993 3002 2994
f 3001 2998 3002
f 1103 2995 3004
f 3004 2996 3003
f 2209 3004 3003
f 588 3004 2210
f 295 433 381
f 2638 2988 3005
f 3005 1056 1930
f 1305 1930 1306
f 1276 3005 1305
f 1987 1993 1989
f 2633 1761 2645
f 1423 1417 1419
f 3561 739 703
f 2671 2704 2705
f 1473 2035 1472
f 922 2694 895
f 1401 1378 1384
f 556 1884 1037
f 842 3825 3836
f 1854 2617 1010
f 933 1081 1075
f 1440 1436 1437
f 529 719 530
f 1031 1027 1028
f 777 912 1871
f 2645 1204 2633
f 441 1538 1537
f 790 587 586
f 2065 1610 1607
f 1860 990 902
f 60 87 59
f 1424 1948 1947
f 332 1507 331
f 261 138 135
f 187 449 507
f 1719 1726 1725
f 1931 1059 3006
f 3006 1105 1104
f 1287 1104 587
f 1286 3006 1287
f 3007 3009 3010
f 3009 653 795
f 618 26 25
f 2029 1210 1209
f 957 600 2228
f 1049 2228 600
f 2631 3011 2561
f 890 2227 3011
f 3011 2145 3012
f 2561 3012 2375
f 1026 609 608
f 2706 1961 1964
f 3013 2485 3014
f 2148 1267 3015
f 3015 1266 1311
f 2997 1101 1317
f 642 1773 1193
f 186 461 511
f 1041 1320 901
f 1121 3017 1122
f 2984 2987 3018
f 3018 2634 2619
f 1048 3018 2619
f 603 2984 3018
f 2679 801 802
f 2062 2074 2061
f 2061 2076 2064
f 414 1545 1965
f 3016 2683 3019
f 3019 2704 2670
f 3020 2670 720
f 3007 3019 3020
f 1871 1091 777
f 3021 1122 3017
f 3022 3017 3010
f 1314 3022 1315
f 1784 3021 1314
f 1316 1763 611
f 3023 3010 3009
f 3023 795 1092
f 1763 1092 1125
f 1315 3023 1763
f 3016 3010 3017
f 752 2978 1057
f 2986 2637 2987
f 3024 653 3008
f 3020 3008 3007
f 720 3024 3020
f 723 654 3024
f 2681 1268 3025
f 2671 1268 721
f 2705 3025 2671
f 1313 3027 1311
f 3026 3029 3027
f 3027 3030 3031
f 1311 3031 3015
f 2012 731 2023
f 917 974 977
f 743 856 744
f 1888 2030 1425
f 2682 2684 3032
f 3032 1124 2989
f 1100 2989 1318
f 1099 3032 1100
f 1123 2989 1124
f 3033 1159 1158
f 2990 1158 1319
f 1123 3033 2990
f 1786 1834 3033
f 1054 2988 2985
f 2979 664 2999
f 2623 2663 2643
f 1095 688 687
f 3034 2261 2956
f 3036 2956 2957
f 3037 3034 3036
f 3038 3035 3034
f 3040 3026 1313
f 2263 3041 3040
f 3042 3043 3041
f 3041 3028 3026
f 3044 3043 3039
f 3046 3045 3044
f 3047 3049 3045
f 3043 3049 3028
f 3038 3051 3050
f 3050 3053 3052
f 3052 3044 3050
f 3039 3050 3044
f 3054 3039 3042
f 3042 2262 3054
f 2261 3054 2262
f 2216 2997 2217
f 2212 2667 1936
f 3056 2209 3055
f 934 1961 1854
f 2013 3757 567
f 3058 3060 3061
f 3059 3063 3060
f 3060 2213 1963
f 3061 1963 1962
f 3063 2214 2213
f 3062 3064 3063
f 3065 2260 3064
f 3064 2215 2214
f 3066 3031 3030
f 2608 3067 3066
f 2966 3068 3067
f 3031 3068 3015
f 2455 2461 2474
f 2476 2226 2477
f 3551 2089 3525
f 3526 3769 3786
f 433 355 381
f 2115 1419 2123
f 3509 2922 3527
f 3769 2131 2134
f 3069 2167 2166
f 2971 2928 2960
f 2961 2773 2962
f 3070 2478 2483
f 2610 3071 2954
f 2502 2374 2386
f 3072 2595 3073
f 2964 3052 2967
f 3048 3074 3049
f 2593 3075 3074
f 3075 3029 3074
f 3074 3028 3049
f 3072 3075 2592
f 3076 2482 2481
f 2481 3066 3076
f 3076 3030 3075
f 2967 3053 2970
f 2482 3073 2483
f 479 493 494
f 706 3873 709
f 3561 2221 3517
f 2013 3754 3755
f 3533 2016 3529
f 3562 2222 2974
f 1171 1155 1176
f 2586 2565 2587
f 2982 113 2484
f 2562 3077 3068
f 2376 3012 3077
f 3012 2148 3077
f 3077 3015 3068
f 2963 3046 2964
f 3051 2970 3053
f 1683 491 775
f 3850 1447 3860
f 1986 3734 3768
f 3079 2546 2575
f 3081 2575 2576
f 1983 3768 3765
f 3082 2319 2545
f 3080 2545 2546
f 3734 3082 3080
f 3732 2323 3082
f 1309 1888 748
f 3073 2772 2771
f 2760 3084 2762
f 2760 2088 3083
f 3085 3086 3087
f 3089 3090 3088
f 3089 3084 3085
f 3092 3090 3091
f 3093 2744 2743
f 2751 2748 3093
f 3093 2752 2751
f 2742 3093 3094
f 3094 2743 3095
f 3096 3098 3087
f 3099 3087 3086
f 3097 3095 3098
f 3100 2746 3101
f 3101 3102 3100
f 2764 2927 3101
f 2745 3101 2746
f 3102 3091 3100
f 3100 3095 2743
f 2869 3592 3634
f 3102 3104 3092
f 3658 2869 3634
f 2927 3103 3102
f 3098 3091 3090
f 3087 3090 3085
f 2088 3105 3083
f 3083 3086 3084
f 2483 2771 3070
f 2401 2185 2321
f 3099 3105 3106
f 2125 3106 3105
f 3108 2742 3107
f 3107 3094 3097
f 3110 3107 3109
f 3109 3097 3096
f 3111 3096 3099
f 3112 3109 3111
f 3113 2737 3108
f 3115 2722 3114
f 3117 3114 3116
f 3119 3116 3118
f 3118 3120 3121
f 3116 3113 3120
f 3122 3111 3123
f 3122 1755 1754
f 3124 3126 3127
f 3125 3121 3126
f 3128 3118 3125
f 3129 3125 3124
f 2020 3128 3129
f 3853 1346 1352
f 1065 1047 1066
f 1814 3830 1649
f 2021 3129 3130
f 3111 3106 3123
f 3123 2207 1755
f 2377 2224 2973
f 3014 113 112
f 1756 3782 3767
f 3131 2530 2528
f 3133 2528 2529
f 1753 3767 3775
f 3134 3127 3135
f 2327 2314 2313
f 2436 2317 2349
f 2018 3711 3712
f 2534 3137 2535
f 2320 3136 2534
f 2185 3712 3771
f 3138 2542 2539
f 3134 3744 3745
f 3785 3134 3745
f 3140 2539 2538
f 2535 3140 2538
f 3711 3130 3785
f 2558 3132 3141
f 3782 3141 3132
f 2560 3141 3142
f 3760 3142 3141
f 958 2976 2981
f 1933 2980 3143
f 2399 2418 2416
f 2348 2343 2432
f 2322 2319 2323
f 2718 2874 2730
f 2709 2873 2710
f 2894 1361 1942
f 346 176 347
f 1876 1882 1881
f 2802 3607 3592
f 3104 3088 3092
f 2974 3649 3603
f 3089 2761 2762
f 3088 3145 3089
f 2803 3603 3607
f 3870 692 628
f 2123 1418 2126
f 1365 1368 1367
f 1581 1782 1783
f 3569 2129 3520
f 3555 2002 3521
f 3146 2551 3147
f 3751 3147 3750
f 3742 3146 3751
f 3149 2585 3146
f 3196 3197 3195
f 3604 2191 3623
f 3142 2556 2560
f 3777 3150 3142
f 3646 2550 3593
f 3150 2555 2556
f 3778 3151 3150
f 3788 3152 3646
f 3153 2551 2549
f 3152 2549 2550
f 3781 3153 3152
f 3776 3147 3153
f 3148 2206 2205
f 2183 2321 2184
f 2132 2928 2133
f 3684 2204 2203
f 3719 2197 3721
f 2594 2773 2951
f 2595 2951 2772
f 1870 799 1869
f 3713 2178 3706
f 3706 3736 3790
f 336 3774 3722
f 339 3154 336
f 3789 3149 3742
f 3683 2584 3149
f 2963 3048 3047
f 3722 337 336
f 339 2566 2586
f 3156 2168 2167
f 2610 2167 2611
f 2954 3156 2610
f 3157 2953 2257
f 3707 2169 3709
f 2567 3159 2568
f 337 2567 338
f 3730 2166 3707
f 3764 1983 3765
f 2579 3081 2576
f 2568 3160 2579
f 3709 2190 3764
f 3065 3162 3161
f 3161 1984 2189
f 3157 2189 2168
f 2257 3161 3157
f 734 1922 806
f 3059 2708 3163
f 3163 2182 1985
f 3162 1985 1984
f 3062 3163 3162
f 3203 3205 3204
f 2122 1448 1447
f 3817 1685 3812
f 139 444 69
f 1570 566 533
f 2957 3165 3036
f 2955 3164 2957
f 1912 341 1973
f 3130 3124 3134
f 1548 319 1547
f 1949 1327 1887
f 2969 3078 3167
f 3167 3169 3168
f 3724 2017 3720
f 3720 2033 3759
f 3168 3165 3170
f 3170 3164 3171
f 3779 3171 3756
f 3724 3170 3779
f 3171 3166 3172
f 3172 3071 3173
f 3752 3173 3749
f 3756 3172 3752
f 3169 3036 3165
f 2593 2962 2594
f 3173 2609 3174
f 3174 2199 2198
f 3783 2198 3719
f 3749 3174 3783
f 2190 1984 1983
f 2196 2767 3148
f 2119 1414 1448
f 1464 1466 1465
f 2199 3069 2200
f 2457 2587 2565
f 2226 2562 2966
f 481 1627 1639
f 333 235 236
f 3078 3037 3169
f 3040 2997 2263
f 2219 1933 2220
f 2385 2497 2503
f 221 3175 2484
f 2220 3143 3175
f 3175 2976 2975
f 2484 2975 2982
f 2954 3166 2955
f 2630 110 2982
f 1547 1952 1955
f 2091 2188 2187
f 3733 2178 2177
f 1918 1927 1926
f 3563 111 3511
f 955 960 954
f 2037 112 3563
f 3143 2981 2976
f 2218 2214 2215
f 672 3787 3541
f 2152 3014 2037
f 1147 1143 1145
f 2248 1409 2245
f 1615 1635 1616
f 1410 2246 2247
f 3241 3242 3240
f 3177 1383 1382
f 2238 3176 1382
f 3176 2230 3178
f 1410 3179 1407
f 3179 2243 1407
f 1633 2800 2249
f 1621 2758 2912
f 1622 2245 1634
f 2236 3181 3182
f 2237 3182 3183
f 2250 2233 2229
f 2912 1628 1621
f 135 1564 1563
f 1567 512 1565
f 1085 2653 2685
f 3184 868 3056
f 869 3057 934
f 1266 1098 1312
f 1267 722 721
f 937 2646 936
f 2146 722 2147
f 2211 921 2667
f 1957 507 449
f 1313 2264 3040
f 1496 1493 1492
f 2681 2705 2682
f 2887 2933 2932
f 1687 1659 1694
f 145 1498 81
f 1317 1319 2694
f 37 418 71
f 1935 3185 2977
f 104 301 103
f 2101 2083 2084
f 543 360 207
f 1934 3186 3185
f 234 212 237
f 3845 1822 1824
f 1976 1874 1974
f 223 2219 220
f 3655 3605 3612
f 468 773 2165
f 1935 1728 1932
f 3240 3226 3235
f 3261 3250 3260
f 3215 3244 3264
f 3265 3215 3264
f 3267 3198 3196
f 3205 3269 3255
f 3214 3265 3270
f 3271 3214 3192
f 3251 3239 3236
f 3222 3266 3272
f 3232 3234 3233
f 3216 3243 3244
f 3196 3268 3267
f 3244 3254 3255
f 3238 3247 3246
f 3264 3255 3269
f 3253 3216 3217
f 3211 3221 3265
f 3257 3218 3256
f 3258 3272 3259
f 3274 3280 3273
f 3228 3262 3263
f 3275 3281 3280
f 3226 3273 3280
f 3236 3260 3251
f 3281 3236 3237
f 3287 3192 3189
f 3235 3280 3234
f 3234 3281 3237
f 3288 3259 3272
f 3260 3276 3251
f 3289 3278 3284
f 3210 3224 3283
f 3199 3201 3200
f 3228 3230 3229
f 3290 3285 3286
f 3282 3271 3287
f 3260 3262 3261
f 3243 3268 3254
f 3267 3241 3232
f 3194 3208 3193
f 3191 3269 3206
f 3270 3192 3214
f 3275 3230 3231
f 3264 3270 3265
f 3252 3276 3291
f 3248 3291 3223
f 3213 3279 3277
f 3272 3289 3288
f 3277 3212 3213
f 3228 3281 3231
f 3220 3253 3219
f 3219 3217 3257
f 3256 3222 3258
f 3247 3252 3248
f 3245 3232 3233
f 3266 3212 3289
f 3208 3255 3254
f 3288 3284 3285
f 3204 3208 3207
f 560 3187 559
f 3209 3201 3202
f 3189 3191 3190
f 448 807 447
f 647 122 270
f 1833 1780 1832
f 510 508 507
f 3210 1887 3201
f 1887 3200 3201
f 15 3197 3200
f 16 3195 3197
f 3195 3187 3194
f 3194 1899 3207
f 3207 375 3204
f 387 126 127
f 3189 1760 3287
f 3577 757 758
f 763 2172 2175
f 3583 3580 3581
f 3581 3579 3578
f 3594 3596 3595
f 3400 3602 3401
f 3626 3625 3627
f 3631 3599 3601
f 3636 3595 3596
f 3647 3588 3645
f 3650 3584 3647
f 3653 3580 3651
f 3653 3654 3579
f 1801 3656 3655
f 3651 3582 3650
f 3644 3595 3637
f 1767 3659 3660
f 1597 3661 1600
f 1708 3665 3664
f 3671 3667 3666
f 3666 3673 3672
f 1588 3664 1587
f 2080 3666 2082
f 2082 3672 2084
f 3674 3635 3631
f 3677 3636 3635
f 3682 3645 3681
f 3692 3650 3686
f 3681 3644 3680
f 786 3692 785
f 3694 3651 3692
f 785 3686 497
f 497 3682 650
f 650 3681 564
f 3696 3681 3680
f 3405 3605 3402
f 3702 3678 3677
f 3699 3679 3678
f 3645 3638 3644
f 1799 3659 1768
f 3708 3458 3460
f 3462 3708 3460
f 3714 564 3696
f 3615 3602 3600
f 3710 3696 3698
f 3635 3596 3599
f 3629 3627 3630
f 3597 3599 3596
f 3630 3715 3629
f 3627 3597 3594
f 3717 3723 3718
f 3715 3660 3629
f 3716 3725 3715
f 3668 3661 3725
f 3668 3717 3667
f 3667 3718 3673
f 3727 3673 3718
f 3728 3672 3673
f 3726 3718 3723
f 1576 2084 3672
f 3727 3731 3729
f 3203 1387 3190
f 3190 1791 3189
f 3283 1949 3210
f 317 259 391
f 2000 3653 3694
f 3601 3600 3602
f 3589 3584 3585
f 3577 756 2170
f 3585 3582 3583
f 3678 3637 3636
f 3204 376 3203
f 1801 3657 1799
f 3729 3728 3727
f 1575 3738 1088
f 3735 1576 3728
f 1776 1796 1775
f 1293 1290 1284
f 1326 1327 12
f 1294 1234 1290
f 878 1330 1337
f 497 374 498
f 122 413 121
f 3699 3704 3708
f 3606 3401 3602
f 3708 3698 3699
f 3464 3710 3462
f 3704 3443 3458
f 439 399 438
f 1512 1526 1511
f 1668 1738 1671
f 839 1362 838
f 1362 826 1012
f 3843 1896 3815
f 2053 2118 2117
f 3888 2120 2119
f 696 3816 3831
f 1826 639 640
f 3740 3729 3731
f 956 886 960
f 1980 1922 807
f 33 105 164
f 1343 3856 3857
f 3907 2128 3902
f 1766 1582 1594
f 14 2163 738
f 595 99 594
f 3233 3246 3245
f 1346 1044 1352
f 748 1425 747
f 3193 3254 3268
f 3190 3206 3203
f 3612 3606 3615
f 3624 3615 3625
f 3631 3443 3674
f 3679 3644 3637
f 3686 3647 3682
f 3702 3674 3704
f 3625 3600 3597
f 3601 3415 3631
f 3739 3735 3729
f 3630 3594 3741
f 3741 3716 3630
f 1284 1288 1285
f 3698 3680 3679
f 1778 1780 1779
f 1792 1584 1789
f 695 571 694
f 3638 3594 3595
f 3741 3588 3589
f 3247 3209 3202
f 3292 3294 3295
f 3296 3298 3299
f 3299 3300 3301
f 3302 3304 3305
f 3306 3308 3309
f 3307 3311 3308
f 3303 3301 3300
f 3312 3304 3313
f 3314 3316 3317
f 3318 3320 3321
f 3324 3321 3325
f 3326 3328 3323
f 3329 3331 3332
f 3333 3335 3336
f 3337 3339 3340
f 3333 3341 3342
f 3342 3343 3344
f 3319 3344 3343
f 3338 3334 3339
f 3346 3302 3347
f 3305 3347 3302
f 3312 3223 3349
f 3350 3340 3351
f 3312 3348 3305
f 3352 3341 3326
f 3311 3354 3308
f 3341 3327 3326
f 3359 3361 3362
f 3360 3250 3249
f 3318 3345 3319
f 3364 3318 3324
f 3314 3324 3365
f 3366 3301 3346
f 3299 3367 3296
f 3308 3368 3309
f 3369 3295 3294
f 3317 3364 3314
f 3370 3317 3316
f 3325 3365 3324
f 3352 3319 3343
f 3296 3353 3311
f 3297 3311 3310
f 3363 3354 3345
f 3345 3353 3344
f 3344 3367 3342
f 3366 3342 3367
f 3347 3334 3346
f 3339 3348 3340
f 3348 3351 3340
f 3363 3369 3368
f 3294 3368 3369
f 3293 3309 3294
f 3331 3374 3332
f 3346 3333 3366
f 3323 3352 3326
f 3356 3321 3320
f 3355 3325 3321
f 3357 3371 3325
f 3322 3320 3352
f 3361 3329 3362
f 3373 3375 3374
f 3374 3376 3332
f 3329 3376 3362
f 3327 3372 3328
f 3336 3375 3327
f 3335 3376 3375
f 3376 3337 3362
f 3337 3359 3362
f 3359 3276 3250
f 3377 3295 3370
f 3277 3315 3278
f 3371 3379 3365
f 3378 3358 3380
f 3365 3315 3314
f 3316 3279 3370
f 3282 3370 3279
f 3313 3224 3312
f 3378 3284 3379
f 3380 3285 3378
f 3379 3278 3315
f 3276 3351 3291
f 3291 3349 3223
f 3313 2965 3013
f 2965 3303 222
f 222 3300 223
f 223 3298 3186
f 3298 3185 3186
f 3297 2977 3185
f 3310 1213 2977
f 3307 1214 1213
f 2532 3306 3293
f 2894 3293 3292
f 2871 3292 3377
f 3253 3240 3242
f 3283 3013 2152
f 1997 1889 1892
f 1237 744 855
f 1535 120 121
f 1531 201 214
f 1119 1032 984
f 946 824 947
f 163 5 162
f 3589 3723 3741
f 1155 1162 1164
f 427 327 424
f 553 796 498
f 3381 2231 2237
f 3381 2230 2232
f 2237 3180 3381
f 3383 3385 3382
f 3384 3387 3385
f 3386 3389 3387
f 3388 3391 3389
f 3392 3394 3395
f 3395 3396 3397
f 3398 3397 3396
f 3400 3399 3398
f 3403 3405 3402
f 3406 3404 3403
f 3408 3407 3406
f 3410 3409 3408
f 3412 3411 3410
f 3415 3398 3414
f 3414 3396 3416
f 3416 3394 3417
f 3417 3393 3418
f 3393 3420 3418
f 3419 3421 3420
f 3390 3422 3421
f 3388 3423 3422
f 3386 3424 3423
f 3384 3425 3424
f 3425 3426 3184
f 2904 3428 2947
f 3429 2904 2902
f 3430 2902 2876
f 2875 3430 2876
f 3432 2733 2736
f 2825 3435 2824
f 3437 3439 3436
f 3441 3436 3440
f 2724 3434 2825
f 3436 3115 3117
f 3440 3117 3119
f 3443 3414 3442
f 3442 3416 3444
f 3444 3417 3445
f 3445 3418 3446
f 3446 3420 3447
f 3420 3448 3447
f 3421 3449 3448
f 3422 3450 3449
f 3423 3451 3450
f 3424 3452 3451
f 3425 3056 3452
f 3451 2253 2252
f 3450 2252 1727
f 3449 1727 2150
f 3448 2150 1941
f 3453 3448 1941
f 3454 3447 3453
f 3455 3446 3454
f 3456 3445 3455
f 3442 3456 3457
f 3443 3457 3458
f 3459 3458 3457
f 3457 3455 3459
f 3459 3454 3461
f 3462 3459 3461
f 3461 3453 3463
f 3464 3461 3463
f 3463 1941 1360
f 3404 3401 3405
f 3407 3399 3404
f 3409 3397 3407
f 3411 3395 3409
f 3465 3413 3412
f 3467 3469 3466
f 3465 3431 3433
f 3470 3466 3465
f 3438 3432 3435
f 3467 3438 3437
f 3468 3437 3441
f 3471 3468 3472
f 3472 3441 3473
f 3473 3440 2712
f 2712 3119 3128
f 3475 3472 3474
f 3474 3473 3476
f 3476 2712 2711
f 3477 2711 2400
f 3478 3476 3477
f 3479 3474 3478
f 3392 3413 3480
f 3466 3480 3413
f 3419 3392 3480
f 3390 3480 3391
f 3469 3391 3480
f 3389 3471 3475
f 3387 3475 3479
f 3385 3479 3481
f 3482 2400 2402
f 3483 3477 3482
f 3481 3478 3483
f 3484 2402 2707
f 3058 2707 2708
f 3061 3484 3058
f 3485 3482 3484
f 3382 3481 3486
f 3486 3483 3485
f 3426 3382 3487
f 3487 3486 1962
f 3486 3061 1962
f 1961 3487 1962
f 3057 3426 3487
f 3428 3402 3488
f 3427 3403 3428
f 3429 3406 3427
f 3430 3408 3429
f 3431 3410 3430
f 3470 3433 3432
f 3434 3438 3435
f 2723 3439 3434
f 2875 3433 3431
f 2736 3435 3432
f 2947 3488 3500
f 3464 1360 3497
f 1900 1924 1901
f 1736 1718 1750
f 1955 1943 1956
f 1671 1735 1751
f 1696 1698 1692
f 1800 1864 1801
f 2063 2056 2060
f 1737 1717 1736
f 1751 1697 1695
f 943 3899 684
f 3656 3402 3605
f 1577 1764 1703
f 3917 1599 3923
f 1945 82 1944
f 68 7 248
f 147 1543 148
f 1109 1133 1102
f 1503 1907 1908
f 1499 1909 1498
f 452 735 215
f 1824 3835 3845
f 1825 2068 1824
f 1463 1022 1194
f 841 1009 1011
f 1568 1955 1534
f 1926 1927 1923
f 1910 1502 1939
f 1939 422 442
f 309 1940 308
f 1804 1866 1803
f 269 1954 56
f 2065 2060 2056
f 3812 1758 3835
f 280 552 1940
f 1875 1869 1874
f 1739 1734 1737
f 1778 1790 1788
f 310 1915 279
f 1909 1906 1954
f 1789 1778 1788
f 978 980 979
f 1584 1731 1583
f 425 311 312
f 148 115 116
f 2044 3894 2046
f 277 1939 551
f 1943 1945 1944
f 1461 1463 1464
f 2253 3056 3055
f 2981 3489 958
f 2209 3489 3055
f 2254 3055 3489
f 2998 958 3489
f 2826 2721 2724
f 3490 2721 2817
f 2816 3490 2817
f 2334 2296 2335
f 2298 2334 2336
f 2301 2336 2338
f 2311 2338 2354
f 2312 2354 2355
f 2359 2361 2360
f 2335 2359 2360
f 2414 2365 2364
f 2413 2361 2365
f 2355 2540 2541
f 2541 2539 2542
f 2722 2739 2738
f 3114 2738 3113
f 3110 3121 3120
f 3108 3120 3113
f 3122 3127 3126
f 3112 3126 3121
f 3127 1753 3135
f 3139 2529 2542
f 3744 3133 3139
f 3490 2740 2739
f 3491 2789 3490
f 228 91 88
f 245 243 242
f 248 247 191
f 2 296 295
f 145 300 267
f 327 210 328
f 329 331 330
f 250 228 236
f 239 240 230
f 373 375 374
f 178 176 175
f 1218 1228 1321
f 3862 1295 3854
f 808 824 823
f 3858 1013 1014
f 3813 1411 1413
f 2154 2159 2160
f 3845 1758 1757
f 306 1922 452
f 2157 1976 1977
f 708 2031 1474
f 1450 1227 1428
f 1672 1605 1624
f 1813 1821 1816
f 1717 1715 1718
f 176 402 347
f 1710 3916 3915
f 1712 1577 1711
f 1705 1711 1704
f 971 979 970
f 822 1094 1102
f 2909 2793 2792
f 2810 2795 2793
f 2799 2249 2800
f 3662 2910 2799
f 2769 2801 2795
f 3177 3178 3179
f 3178 3180 3179
f 3181 1393 2800
f 3181 1632 3182
f 3182 2244 3183
f 3183 2243 3180
f 3492 2790 3491
f 2808 3491 2816
f 2239 3572 2240
f 1149 3571 3570
f 1150 3567 3571
f 2202 3566 2015
f 2921 3565 2923
f 3568 2133 2928
f 1777 1759 1792
f 1201 1183 1184
f 3561 2195 2194
f 3553 2770 2768
f 3927 1687 1692
f 1516 154 503
f 3549 2974 2803
f 3550 2779 2778
f 2771 3575 3546
f 3070 3546 3558
f 3547 2775 2867
f 1376 1370 1372
f 2767 3556 2206
f 2195 3543 2767
f 2775 3542 2776
f 3377 3545 2871
f 3804 3539 2806
f 2776 3538 2805
f 2240 3535 2920
f 2920 3669 3619
f 3548 2786 2779
f 1805 1851 1804
f 3534 2787 2786
f 2951 3540 3531
f 2772 3531 3575
f 2973 3530 3536
f 2224 3537 3530
f 1957 320 510
f 306 304 303
f 2770 3528 2913
f 2913 3574 2239
f 2923 3527 2922
f 308 431 47
f 207 132 543
f 1879 1881 1880
f 3733 3525 2089
f 2475 3558 3524
f 2476 3524 3523
f 2223 3523 3537
f 3522 2803 2802
f 2037 11 1950
f 1959 450 505
f 2003 3520 2129
f 9 334 540
f 2009 3518 3567
f 2008 3536 3518
f 3877 673 3879
f 3515 2778 2784
f 2935 3513 2936
f 111 3570 3511
f 3510 2935 2938
f 683 3885 943
f 3508 2810 2909
f 736 732 729
f 1795 1803 1796
f 3505 2938 2939
f 3507 2939 2940
f 2950 3504 2949
f 2940 3504 3507
f 3801 3512 2950
f 2868 3502 2869
f 2869 3522 2802
f 1024 1023 1020
f 3500 2948 2947
f 551 442 443
f 2972 3568 2928
f 2032 3499 2972
f 216 1924 1923
f 203 201 200
f 1828 1847 1837
f 1958 449 450
f 272 178 175
f 2871 3495 1361
f 3619 3564 2921
f 2801 3643 3662
f 2005 3654 2176
f 960 899 962
f 3657 3612 3624
f 3780 3646 3151
f 3151 3593 2555
f 2193 3623 2194
f 3607 3145 3144
f 3603 2761 3145
f 3592 3144 3104
f 2926 3634 3103
f 3634 3104 3103
f 3755 3746 3753
f 566 3758 2005
f 3488 1864 3500
f 1602 2079 2078
f 2868 3611 2922
f 2922 3610 2923
f 2923 3618 2921
f 3670 2918 3614
f 3619 3614 2920
f 2921 3670 3619
f 2920 3586 2240
f 3613 2915 2918
f 2917 3622 3641
f 2916 3641 3642
f 2239 3652 2913
f 2911 3652 2757
f 3643 2911 2910
f 2797 3662 3591
f 2797 3598 2750
f 3622 2763 2765
f 3608 2764 2745
f 2194 3648 2221
f 2221 3649 2222
f 2756 3609 2755
f 2750 3609 2747
f 3669 1817 3827
f 3763 1691 1699
f 2515 3590 2548
f 2548 3593 2550
f 2513 3632 3616
f 2513 3621 2515
f 2509 3620 2289
f 2510 3633 2509
f 2289 3639 2283
f 2283 3617 2286
f 2240 3587 2239
f 3659 3624 3626
f 716 3887 3888
f 727 3761 1923
f 2165 2170 2164
f 3660 3626 3629
f 3743 3578 3757
f 2175 769 770
f 2100 2095 2099
f 3758 3757 3578
f 640 3568 1826
f 1653 3553 1651
f 1895 3530 746
f 746 3537 741
f 1653 3528 3576
f 3762 1604 1672
f 2093 2073 2078
f 959 995 884
f 962 919 986
f 1400 1398 1399
f 1000 1127 1004
f 956 884 885
f 1662 3550 1661
f 2034 3546 1654
f 3926 3539 3802
f 3535 766 1817
f 3572 765 766
f 334 3571 335
f 1868 3540 1656
f 1684 1652 1678
f 1682 775 1807
f 1585 3762 1700
f 3763 1672 1673
f 2173 490 491
f 1658 3547 1752
f 3556 1650 724
f 1571 2010 1572
f 1587 3671 2080
f 2099 2077 2094
f 787 1999 786
f 2000 786 1999
f 3155 3697 3683
f 3713 3683 3789
f 2180 3685 3684
f 3496 3684 3705
f 1684 3840 1651
f 1760 3495 3545
f 2607 3693 2590
f 2581 3689 2607
f 2371 3700 3695
f 2371 3693 2372
f 2587 3675 2586
f 2586 3697 339
f 2497 3687 2503
f 2502 3687 3700
f 2494 3690 2495
f 3690 2472 2495
f 3688 2468 2472
f 3701 2469 2468
f 726 3892 630
f 581 3518 580
f 10 3570 334
f 1837 3510 1849
f 741 3523 1300
f 1299 3558 2034
f 1851 3504 1866
f 3527 1820 1819
f 580 3536 1895
f 1758 3522 3502
f 1693 3508 1806
f 3504 1867 1866
f 1894 3568 3499
f 2126 3813 3841
f 3906 3841 3912
f 2113 3867 2110
f 2179 3789 3685
f 624 3904 623
f 2192 3788 3780
f 2177 3787 3733
f 1364 3833 1338
f 3858 1470 1453
f 3135 3775 3744
f 2069 3835 2068
f 1351 3853 1352
f 2108 3901 499
f 2089 3736 3733
f 3828 1358 866
f 2001 3783 2187
f 2187 3719 2091
f 2130 3752 2004
f 2004 3749 2001
f 2014 3779 2201
f 2201 3756 2130
f 3167 3759 2969
f 3168 3720 3167
f 3159 3764 3160
f 3160 3765 3081
f 3730 3158 337
f 3158 3709 3159
f 2200 3730 3722
f 3685 3742 2204
f 3722 2197 2200
f 3790 2092 3721
f 3774 3721 2197
f 3154 3790 3774
f 3155 3706 3154
f 2091 3721 2092
f 2196 3750 3776
f 2193 3776 3781
f 3604 3781 3788
f 2086 3780 3778
f 2087 3778 3777
f 2204 3751 2205
f 2205 3750 3148
f 3909 574 692
f 2124 3777 3760
f 2208 3760 3782
f 3711 3140 3137
f 3785 3138 3140
f 3745 3139 3138
f 3771 3136 2322
f 3712 3137 3136
f 3775 3131 3133
f 3767 3132 3131
f 1813 3838 1814
f 1293 3856 1344
f 2184 3748 3732
f 2181 3732 3734
f 3765 3079 3081
f 3768 3080 3079
f 709 3875 2031
f 2774 3737 3769
f 3786 2134 3559
f 3809 766 765
f 2968 3766 2959
f 2969 3784 2968
f 2958 3737 2961
f 2132 3766 2960
f 2321 3771 3748
f 3860 1449 28
f 3905 582 710
f 3886 577 574
f 3847 1818 3827
f 705 3887 2121
f 3816 3907 698
f 2111 3911 2113
f 3810 1366 1411
f 1812 3822 1815
f 675 3852 674
f 3496 3851 675
f 2110 3868 2109
f 2104 3901 2106
f 2109 3899 944
f 3842 703 739
f 1680 3846 1684
f 1639 3819 3818
f 623 3906 697
f 2139 3866 3865
f 1808 3844 3837
f 3820 1819 1820
f 3872 3900 706
f 1646 3830 1648
f 3889 633 577
f 2139 3875 18
f 2156 3871 3874
f 674 3913 3869
f 2117 3812 2069
f 1815 3847 3823
f 3855 1444 1470
f 697 3912 3816
f 866 3836 3828
f 3864 2136 2135
f 3585 3726 3589
f 3583 3731 3585
f 3753 3738 3739
f 3740 3581 3743
f 1088 3746 1093
f 3739 3743 3753
f 2791 3493 2792
f 3492 2807 3493
f 2792 3494 2909
f 3493 2806 3494
f 3508 3494 3516
f 3516 2806 3539
f 2948 3791 3801
f 2105 3896 2104
f 3538 3804 2805
f 680 3876 683
f 1891 3910 3891
f 2905 3801 2950
f 2900 3799 2905
f 2901 3807 2877
f 2734 3806 3794
f 2877 3806 2878
f 2820 3794 2872
f 2818 3792 2827
f 2823 3792 2826
f 2822 3798 2821
f 2819 3800 3798
f 2817 3795 2816
f 2809 3795 2815
f 2808 3803 2807
f 2805 3803 2804
f 1702 3923 1599
f 3922 1797 1802
f 3915 1706 1709
f 3918 1692 1698
f 1657 3880 1879
f 1890 3895 3910
f 3772 1674 1675
f 1689 3772 3773
f 3926 3538 1688
f 3516 1689 3773
f 3917 1703 1764
f 1598 3928 1770
f 3880 1876 1879
f 1691 3925 3927
f 3925 1688 1687
f 1117 1118 3930
f 1066 1322 3930
f 1243 847 3930
f 3825 848 3930
f 1128 1117 3930
f 1129 1130 3930
f 841 1011 3930
f 1230 3863 3930
f 1242 1243 3930
f 1322 1229 3930
f 1064 1065 3930
f 1003 1128 3930
f 1229 1230 3930
f 3863 1285 3930
f 1285 1288 3930
f 848 839 3930
f 847 3825 3930
f 1118 1129 3930
f 1065 1066 3930
f 1087 1086 3930
f 1008 1002 3930
f 1011 1008 3930
f 1002 1003 3930
f 1076 1069 3930
f 838 841 3930
f 839 838 3930
f 1288 1242 3930
f 1130 1087 3930
f 1086 1076 3930
f 1069 1064 3930
f 2410 2414 3931
f 2411 2410 3931
f 3617 2285 3931
f 2394 2393 3931
f 2393 2396 3931
f 2281 2286 3931
f 2282 2280 3931
f 2398 2399 3931
f 2465 2464 3931
f 2396 2397 3931
f 2470 2469 3931
f 2399 2416 3931
f 2480 2395 3931
f 2459 2480 3931
f 2369 2282 3931
f 2460 2459 3931
f 2415 2411 3931
f 2416 2415 3931
f 2364 2363 3931
f 2286 3617 3931
f 2464 2470 3931
f 2469 3703 3931
f 2285 2465 3931
f 2414 2364 3931
f 2395 2394 3931
f 2363 2367 3931
f 2397 2398 3931
f 2280 2281 3931
f 3703 2460 3931
f 2367 2369 3931
f 3934 3937 3938
f 3934 3939 3935
f 3932 3937 3933
f 3938 3943 3939
f 3937 3940 3941
f 3937 3942 3938
f 3942 3947 3943
f 3941 3944 3945
f 3942 3945 3946
f 3947 3950 3951
f 3944 3949 3945
f 3945 3950 3946
f 3950 3955 3951
f 3949 3952 3953
f 3950 3953 3954
f 3955 3958 3959
f 3953 3956 3957
f 3953 3958 3954
f 3959 3962 3963
f 3957 3960 3961
f 3958 3961 3962
f 3962 3967 3963
f 3960 3965 3961
f 3961 3966 3962
f 3966 3971 3967
f 3965 3968 3969
f 3966 3969 3970
f 3970 3975 3971
f 3968 3973 3969
f 3969 3974 3970
f 3974 3979 3975
f 3973 3976 3977
f 3974 3977 3978
f 3979 3982 3983
f 3976 3981 3977
f 3977 3982 3978
f 3982 3987 3983
f 3981 3984 3985
f 3982 3985 3986
f 3987 3990 3991
f 3984 3989 3985
f 3985 3990 3986
f 3991 3994 3995
f 3989 3992 3993
f 3990 3993 3994
f 3995 3998 3999
f 3992 3997 3993
f 3993 3998 3994
f 3998 4003 3999
f 3997 4000 4001
f 3998 4001 4002
f 4002 4007 4003
f 4000 4005 4001
f 4001 4006 4002
f 4006 4011 4007
f 4005 4008 4009
f 4006 4009 4010
f 4011 4014 4015
f 4008 4013 4009
f 4009 4014 4010
f 4014 4019 4015
f 4013 4016 4017
f 4014 4017 4018
f 4019 4022 4023
f 4016 4021 4017
f 4017 4022 4018
f 4023 4026 4027
f 4021 4024 4025
f 4022 4025 4026
f 4027 4030 4031
f 4024 4029 4025
f 4025 4030 4026
f 4031 4034 4035
f 4029 4032 4033
f 4030 4033 4034
f 4034 4039 4035
f 4032 4037 4033
f 4033 4038 4034
f 4038 4043 4039
f 4037 4040 4041
f 4038 4041 4042
f 4043 4046 4047
f 4040 4045 4041
f 4041 4046 4042
f 4046 4051 4047
f 4045 4048 4049
f 4046 4049 4050
f 4051 4055 4056
f 4048 4054 4049
f 4049 4055 4050
f 4056 4059 4060
f 4053 4058 4054
f 4055 4058 4059
f 3932 4052 3936
f 3936 4052 3940
f 3940 4052 3944
f 3944 4052 3948
f 3948 4052 3952
f 3952 4052 3956
f 3956 4052 3960
f 3960 4052 3964
f 3964 4052 3968
f 3968 4052 3972
f 3972 4052 3976
f 3976 4052 3980
f 3980 4052 3984
f 3984 4052 3988
f 3988 4052 3992
f 3992 4052 3996
f 3996 4052 4000
f 4000 4052 4004
f 4004 4052 4008
f 4008 4052 4012
f 4012 4052 4016
f 4016 4052 4020
f 4020 4052 4024
f 4024 4052 4028
f 4028 4052 4032
f 4032 4052 4036
f 4036 4052 4040
f 4040 4052 4044
f 4044 4052 4048
f 4048 4052 4053
f 4053 4052 4057
f 4060 3934 3935
f 4058 3932 3933
f 4058 3934 4059
f 4057 4052 3932
f 4069 4081 4082
f 4066 4080 4067
f 4065 4077 4078
f 4063 4075 4076
f 4071 4085 4072
f 4069 4083 4070
f 4067 4081 4068
f 4066 4078 4079
f 4063 4077 4064
f 4061 4075 4062
f 4072 4086 4073
f 4071 4083 4084
f 4076 4090 4077
f 4074 4088 4075
f 4086 4098 4099
f 4083 4097 4084
f 4082 4094 4095
f 4079 4093 4080
f 4078 4090 4091
f 4076 4088 4089
f 4085 4097 4098
f 4082 4096 4083
f 4080 4094 4081
f 4079 4091 4092
f 4089 4103 4090
f 4088 4100 4101
f 4098 4112 4099
f 4096 4110 4097
f 4095 4107 4108
f 4092 4106 4093
f 4090 4104 4091
f 4089 4101 4102
f 4097 4111 4098
f 4095 4109 4096
f 4094 4106 4107
f 4092 4104 4105
f 4103 4115 4116
f 4100 4114 4101
f 4112 4124 4125
f 4110 4122 4123
f 4107 4121 4108
f 4105 4119 4106
f 4103 4117 4104
f 4101 4115 4102
f 4110 4124 4111
f 4109 4121 4122
f 4107 4119 4120
f 4105 4117 4118
f 4115 4129 4116
f 4114 4126 4127
f 4124 4138 4125
f 4123 4135 4136
f 4120 4134 4121
f 4119 4131 4132
f 4117 4129 4130
f 4114 4128 4115
f 4124 4136 4137
f 4122 4134 4135
f 4119 4133 4120
f 4117 4131 4118
f 4129 4141 4142
f 4126 4140 4127
f 4138 4150 4151
f 4136 4148 4149
f 4133 4147 4134
f 4131 4145 4132
f 4130 4142 4143
f 4127 4141 4128
f 4137 4149 4150
f 4135 4147 4148
f 4132 4146 4133
f 4131 4143 4144
f 4142 4154 4155
f 4140 4152 4153
f 4150 4164 4151
f 4149 4161 4162
f 4146 4160 4147
f 4144 4158 4145
f 4142 4156 4143
f 4140 4154 4141
f 4149 4163 4150
f 4148 4160 4161
f 4146 4158 4159
f 4144 4156 4157
f 4155 4167 4168
f 4153 4165 4166
f 4163 4177 4164
f 4161 4175 4162
f 4159 4173 4160
f 4158 4170 4171
f 4155 4169 4156
f 4153 4167 4154
f 4163 4175 4176
f 4161 4173 4174
f 4159 4171 4172
f 4156 4170 4157
f 4167 4181 4168
f 4165 4179 4166
f 4176 4190 4177
f 4175 4187 4188
f 4173 4185 4186
f 4170 4184 4171
f 4169 4181 4182
f 4167 4179 4180
f 4175 4189 4176
f 4173 4187 4174
f 4171 4185 4172
f 4170 4182 4183
f 4180 4194 4181
f 4178 4192 4179
f 4190 4202 4203
f 4187 4201 4188
f 4186 4198 4199
f 4183 4197 4184
f 4182 4194 4195
f 4180 4192 4193
f 4189 4201 4202
f 4186 4200 4187
f 4184 4198 4185
f 4183 4195 4196
f 4193 4207 4194
f 4192 4204 4205
f 4202 4216 4203
f 4200 4214 4201
f 4199 4211 4212
f 4196 4210 4197
f 4194 4208 4195
f 4193 4205 4206
f 4201 4215 4202
f 4199 4213 4200
f 4198 4210 4211
f 4196 4208 4209
f 4207 4219 4220
f 4204 4218 4205
f 4216 4228 4229
f 4213 4227 4214
f 4211 4225 4212
f 4209 4223 4210
f 4207 4221 4208
f 4205 4219 4206
f 4214 4228 4215
f 4213 4225 4226
f 4211 4223 4224
f 4209 4221 4222
f 4219 4233 4220
f 4218 4230 4231
f 4228 4242 4229
f 4226 4240 4227
f 4225 4237 4238
f 4223 4235 4236
f 4221 4233 4234
f 4218 4232 4219
f 4228 4240 4241
f 4226 4238 4239
f 4223 4237 4224
f 4221 4235 4222
f 4233 4245 4246
f 4230 4244 4231
f 4242 4254 4255
f 4240 4252 4253
f 4237 4251 4238
f 4235 4249 4236
f 4234 4246 4247
f 4231 4245 4232
f 4241 4253 4254
f 4239 4251 4252
f 4236 4250 4237
f 4235 4247 4248
f 4246 4258 4259
f 4244 4256 4257
f 4254 4268 4255
f 4253 4265 4266
f 4250 4264 4251
f 4248 4262 4249
f 4246 4260 4247
f 4244 4258 4245
f 4253 4267 4254
f 4252 4264 4265
f 4250 4262 4263
f 4248 4260 4261
f 4259 4271 4272
f 4257 4269 4270
f 4267 4281 4268
f 4265 4279 4266
f 4263 4277 4264
f 4262 4274 4275
f 4259 4273 4260
f 4257 4271 4258
f 4266 4280 4267
f 4265 4277 4278
f 4263 4275 4276
f 4260 4274 4261
f 4271 4285 4272
f 4269 4283 4270
f 4281 4293 4294
f 4279 4291 4292
f 4277 4289 4290
f 4274 4288 4275
f 4273 4285 4286
f 4271 4283 4284
f 4280 4292 4293
f 4277 4291 4278
f 4275 4289 4276
f 4274 4286 4287
f 4284 4298 4285
f 4282 4296 4283
f 4294 4306 4307
f 4291 4305 4292
f 4290 4302 4303
f 4287 4301 4288
f 4286 4298 4299
f 4284 4296 4297
f 4293 4305 4306
f 4290 4304 4291
f 4288 4302 4289
f 4287 4299 4300
f 4297 4311 4298
f 4296 4308 4309
f 4306 4320 4307
f 4304 4318 4305
f 4303 4315 4316
f 4300 4314 4301
f 4298 4312 4299
f 4297 4309 4310
f 4305 4319 4306
f 4304 4316 4317
f 4302 4314 4315
f 4300 4312 4313
f 4310 4324 4311
f 4308 4322 4309
f 4320 4332 4333
f 4318 4330 4331
f 4316 4328 4329
f 4313 4327 4314
f 4311 4325 4312
f 4310 4322 4323
f 4318 4332 4319
f 4316 4330 4317
f 4315 4327 4328
f 4312 4326 4313
f 4323 4337 4324
f 4322 4334 4335
f 4332 4346 4333
f 4330 4344 4331
f 4329 4341 4342
f 4327 4339 4340
f 4325 4337 4338
f 4322 4336 4323
f 4332 4344 4345
f 4330 4342 4343
f 4327 4341 4328
f 4325 4339 4326
f 4337 4350 4351
f 4334 4349 4335
f 4346 4359 4360
f 4344 4357 4358
f 4341 4356 4342
f 4340 4353 4354
f 4338 4351 4352
f 4335 4350 4336
f 4345 4358 4359
f 4343 4356 4357
f 4340 4355 4341
f 4338 4353 4339
f 4351 4363 4364
f 4349 4361 4362
f 4359 4373 4360
f 4358 4370 4371
f 4355 4369 4356
f 4354 4366 4367
f 4351 4365 4352
f 4349 4363 4350
f 4358 4372 4359
f 4357 4369 4370
f 4355 4367 4368
f 4352 4366 4353
f 4364 4376 4377
f 4362 4374 4375
f 4373 4385 4386
f 4370 4384 4371
f 4368 4382 4369
f 4367 4379 4380
f 4364 4378 4365
f 4362 4376 4363
f 4372 4384 4385
f 4370 4382 4383
f 4368 4380 4381
f 4365 4379 4366
f 4376 4390 4377
f 4374 4388 4375
f 4385 4399 4386
f 4384 4396 4397
f 4382 4394 4395
f 4379 4393 4380
f 4378 4390 4391
f 4376 4388 4389
f 4384 4398 4385
f 4382 4396 4383
f 4380 4394 4381
f 4379 4391 4392
f 4389 4403 4390
f 4387 4401 4388
f 4399 4411 4412
f 4396 4410 4397
f 4395 4407 4408
f 4393 4405 4406
f 4391 4403 4404
f 4389 4401 4402
f 4398 4410 4411
f 4395 4409 4396
f 4393 4407 4394
f 4391 4405 4392
f 4402 4416 4403
f 4401 4413 4414
f 4411 4425 4412
f 4409 4423 4410
f 4408 4420 4421
f 4406 4418 4419
f 4403 4417 4404
f 4402 4414 4415
f 4410 4424 4411
f 4408 4422 4409
f 4407 4419 4420
f 4404 4418 4405
f 4416 4428 4429
f 4413 4427 4414
f 4425 4437 4438
f 4423 4435 4436
f 4421 4433 4434
f 4418 4432 4419
f 4416 4430 4417
f 4415 4427 4428
f 4423 4437 4424
f 4421 4435 4422
f 4420 4432 4433
f 4418 4430 4431
f 4428 4442 4429
f 4426 4440 4427
f 4437 4451 4438
f 4435 4449 4436
f 4434 4446 4447
f 4432 4444 4445
f 4430 4442 4443
f 4427 4441 4428
f 4437 4449 4450
f 4435 4447 4448
f 4432 4446 4433
f 4430 4444 4431
f 4442 4454 4455
f 4439 4453 4440
f 4451 4463 4464
f 4449 4461 4462
f 4446 4460 4447
f 4444 4458 4445
f 4443 4455 4456
f 4440 4454 4441
f 4450 4462 4463
f 4447 4461 4448
f 4445 4459 4446
f 4444 4456 4457
f 4455 4467 4468
f 4453 4465 4466
f 4463 4477 4464
f 4462 4474 4475
f 4459 4473 4460
f 4457 4471 4458
f 4455 4469 4456
f 4453 4467 4454
f 4462 4476 4463
f 4461 4473 4474
f 4459 4471 4472
f 4457 4469 4470
f 4347 4073 4086
f 4347 4086 4099
f 4347 4099 4112
f 4347 4112 4125
f 4347 4125 4138
f 4347 4138 4151
f 4347 4151 4164
f 4347 4164 4177
f 4347 4177 4190
f 4347 4190 4203
f 4347 4203 4216
f 4347 4216 4229
f 4347 4229 4242
f 4347 4242 4255
f 4347 4255 4268
f 4347 4268 4281
f 4347 4281 4294
f 4347 4294 4307
f 4347 4307 4320
f 4347 4320 4333
f 4347 4333 4346
f 4347 4346 4360
f 4347 4360 4373
f 4347 4373 4386
f 4347 4386 4399
f 4347 4399 4412
f 4347 4412 4425
f 4347 4425 4438
f 4347 4438 4451
f 4347 4451 4464
f 4347 4464 4477
f 4468 4063 4064
f 4466 4061 4062
f 4477 4072 4073
f 4474 4071 4475
f 4472 4069 4473
f 4471 4066 4067
f 4468 4065 4469
f 4466 4063 4467
f 4347 4477 4073
f 4476 4071 4072
f 4474 4069 4070
f 4472 4067 4068
f 4469 4066 4470
f 3935 4465 4060
f 4465 4056 4060
f 4452 4051 4056
f 4439 4047 4051
f 4047 4413 4043
f 4043 4400 4039
f 4039 4387 4035
f 4387 4031 4035
f 4031 4361 4027
f 4361 4023 4027
f 4348 4019 4023
f 4334 4015 4019
f 4015 4308 4011
f 4011 4295 4007
f 4007 4282 4003
f 4282 3999 4003
f 3999 4256 3995
f 4256 3991 3995
f 4243 3987 3991
f 4230 3983 3987
f 3983 4204 3979
f 3979 4191 3975
f 3975 4178 3971
f 4178 3967 3971
f 3967 4152 3963
f 4152 3959 3963
f 4139 3955 3959
f 4126 3951 3955
f 3951 4100 3947
f 3947 4087 3943
f 3943 4074 3939
f 4074 3935 3939
f 4480 4483 4484
f 4480 4485 4481
f 4479 4482 4483
f 4484 4489 4485
f 4482 4487 4483
f 4483 4488 4484
f 4488 4493 4489
f 4487 4490 4491
f 4488 4491 4492
f 4493 4496 4497
f 4490 4495 4491
f 4491 4496 4492
f 4496 4501 4497
f 4495 4498 4499
f 4496 4499 4500
f 4501 4504 4505
f 4498 4503 4499
f 4499 4504 4500
f 4505 4508 4509
f 4503 4506 4507
f 4504 4507 4508
f 4509 4512 4513
f 4506 4511 4507
f 4507 4512 4508
f 4513 4516 4517
f 4511 4514 4515
f 4512 4515 4516
f 4516 4521 4517
f 4514 4519 4515
f 4515 4520 4516
f 4520 4525 4521
f 4518 4523 4519
f 4520 4523 4524
f 4525 4528 4529
f 4522 4527 4523
f 4523 4528 4524
f 4528 4533 4529
f 4527 4530 4531
f 4528 4531 4532
f 4533 4536 4537
f 4530 4535 4531
f 4531 4536 4532
f 4537 4540 4541
f 4534 4539 4535
f 4536 4539 4540
f 4541 4544 4545
f 4539 4542 4543
f 4539 4544 4540
f 4544 4549 4545
f 4542 4547 4543
f 4544 4547 4548
f 4548 4553 4549
f 4547 4550 4551
f 4547 4552 4548
f 4552 4557 4553
f 4551 4554 4555
f 4552 4555 4556
f 4557 4560 4561
f 4554 4559 4555
f 4555 4560 4556
f 4560 4565 4561
f 4559 4562 4563
f 4560 4563 4564
f 4565 4568 4569
f 4562 4567 4563
f 4563 4568 4564
f 4569 4572 4573
f 4567 4570 4571
f 4568 4571 4572
f 4572 4577 4573
f 4570 4575 4571
f 4571 4576 4572
f 4576 4581 4577
f 4575 4578 4579
f 4576 4579 4580
f 4580 4585 4581
f 4578 4583 4579
f 4579 4584 4580
f 4584 4589 4585
f 4583 4586 4587
f 4584 4587 4588
f 4589 4592 4593
f 4586 4591 4587
f 4587 4592 4588
f 4592 4597 4593
f 4591 4594 4595
f 4592 4595 4596
f 4597 4601 4602
f 4594 4600 4595
f 4595 4601 4596
f 4602 4605 4606
f 4600 4603 4604
f 4601 4604 4605
f 4478 4598 4482
f 4482 4598 4486
f 4486 4598 4490
f 4490 4598 4494
f 4494 4598 4498
f 4498 4598 4502
f 4502 4598 4506
f 4506 4598 4510
f 4510 4598 4514
f 4514 4598 4518
f 4518 4598 4522
f 4522 4598 4526
f 4526 4598 4530
f 4530 4598 4534
f 4534 4598 4538
f 4538 4598 4542
f 4542 4598 4546
f 4546 4598 4550
f 4550 4598 4554
f 4554 4598 4558
f 4558 4598 4562
f 4562 4598 4566
f 4566 4598 4570
f 4570 4598 4574
f 4574 4598 4578
f 4578 4598 4582
f 4582 4598 4586
f 4586 4598 4590
f 4590 4598 4594
f 4594 4598 4599
f 4599 4598 4603
f 4606 4480 4481
f 4603 4479 4604
f 4604 4480 4605
f 4603 4598 4478
f 4615 4627 4628
f 4612 4626 4613
f 4611 4623 4624
f 4609 4621 4622
f 4618 4630 4631
f 4615 4629 4616
f 4613 4627 4614
f 4612 4624 4625
f 4609 4623 4610
f 4607 4621 4608
f 4619 4631 4632
f 4617 4629 4630
f 4622 4636 4623
f 4620 4634 4621
f 4632 4644 4645
f 4629 4643 4630
f 4628 4640 4641
f 4626 4638 4639
f 4624 4636 4637
f 4622 4634 4635
f 4631 4643 4644
f 4628 4642 4629
f 4626 4640 4627
f 4624 4638 4625
f 4635 4649 4636
f 4634 4646 4647
f 4644 4658 4645
f 4642 4656 4643
f 4641 4653 4654
f 4639 4651 4652
f 4636 4650 4637
f 4635 4647 4648
f 4643 4657 4644
f 4642 4654 4655
f 4640 4652 4653
f 4637 4651 4638
f 4648 4662 4649
f 4646 4660 4647
f 4658 4670 4671
f 4656 4668 4669
f 4653 4667 4654
f 4651 4665 4652
f 4649 4663 4650
f 4648 4660 4661
f 4656 4670 4657
f 4654 4668 4655
f 4653 4665 4666
f 4651 4663 4664
f 4661 4675 4662
f 4660 4672 4673
f 4670 4684 4671
f 4668 4682 4669
f 4667 4679 4680
f 4665 4677 4678
f 4663 4675 4676
f 4661 4673 4674
f 4670 4682 4683
f 4667 4681 4668
f 4665 4679 4666
f 4663 4677 4664
f 4675 4687 4688
f 4672 4686 4673
f 4684 4696 4697
f 4682 4694 4695
f 4679 4693 4680
f 4678 4690 4691
f 4676 4688 4689
f 4673 4687 4674
f 4683 4695 4696
f 4681 4693 4694
f 4678 4692 4679
f 4676 4690 4677
f 4688 4700 4701
f 4686 4698 4699
f 4696 4710 4697
f 4695 4707 4708
f 4692 4706 4693
f 4691 4703 4704
f 4688 4702 4689
f 4686 4700 4687
f 4695 4709 4696
f 4694 4706 4707
f 4692 4704 4705
f 4689 4703 4690
f 4701 4713 4714
f 4699 4711 4712
f 4710 4722 4723
f 4707 4721 4708
f 4705 4719 4706
f 4704 4716 4717
f 4701 4715 4702
f 4699 4713 4700
f 4709 4721 4722
f 4707 4719 4720
f 4705 4717 4718
f 4702 4716 4703
f 4713 4727 4714
f 4711 4725 4712
f 4723 4735 4736
f 4721 4733 4734
f 4719 4731 4732
f 4716 4730 4717
f 4715 4727 4728
f 4713 4725 4726
f 4721 4735 4722
f 4719 4733 4720
f 4717 4731 4718
f 4716 4728 4729
f 4726 4740 4727
f 4724 4738 4725
f 4736 4748 4749
f 4733 4747 4734
f 4732 4744 4745
f 4730 4742 4743
f 4728 4740 4741
f 4726 4738 4739
f 4735 4747 4748
f 4732 4746 4733
f 4730 4744 4731
f 4728 4742 4729
f 4739 4753 4740
f 4738 4750 4751
f 4748 4762 4749
f 4746 4760 4747
f 4745 4757 4758
f 4743 4755 4756
f 4740 4754 4741
f 4739 4751 4752
f 4747 4761 4748
f 4745 4759 4746
f 4744 4756 4757
f 4741 4755 4742
f 4753 4765 4766
f 4750 4764 4751
f 4762 4774 4775
f 4759 4773 4760
f 4758 4770 4771
f 4755 4769 4756
f 4753 4767 4754
f 4752 4764 4765
f 4760 4774 4761
f 4758 4772 4759
f 4757 4769 4770
f 4755 4767 4768
f 4765 4779 4766
f 4764 4776 4777
f 4774 4788 4775
f 4772 4786 4773
f 4771 4783 4784
f 4769 4781 4782
f 4767 4779 4780
f 4765 4777 4778
f 4774 4786 4787
f 4771 4785 4772
f 4769 4783 4770
f 4767 4781 4768
f 4779 4791 4792
f 4776 4790 4777
f 4788 4800 4801
f 4786 4798 4799
f 4783 4797 4784
f 4782 4794 4795
f 4780 4792 4793
f 4777 4791 4778
f 4787 4799 4800
f 4785 4797 4798
f 4782 4796 4783
f 4780 4794 4781
f 4792 4804 4805
f 4790 4802 4803
f 4800 4814 4801
f 4799 4811 4812
f 4796 4810 4797
f 4795 4807 4808
f 4792 4806 4793
f 4790 4804 4791
f 4799 4813 4800
f 4798 4810 4811
f 4796 4808 4809
f 4793 4807 4794
f 4805 4817 4818
f 4803 4815 4816
f 4814 4826 4827
f 4811 4825 4812
f 4809 4823 4810
f 4808 4820 4821
f 4805 4819 4806
f 4803 4817 4804
f 4813 4825 4826
f 4811 4823 4824
f 4809 4821 4822
f 4806 4820 4807
f 4817 4831 4818
f 4815 4829 4816
f 4826 4840 4827
f 4825 4837 4838
f 4823 4835 4836
f 4820 4834 4821
f 4819 4831 4832
f 4817 4829 4830
f 4825 4839 4826
f 4823 4837 4824
f 4821 4835 4822
f 4820 4832 4833
f 4830 4844 4831
f 4828 4842 4829
f 4840 4852 4853
f 4837 4851 4838
f 4836 4848 4849
f 4834 4846 4847
f 4832 4844 4845
f 4830 4842 4843
f 4839 4851 4852
f 4836 4850 4837
f 4834 4848 4835
f 4832 4846 4833
f 4843 4857 4844
f 4842 4854 4855
f 4852 4866 4853
f 4850 4864 4851
f 4849 4861 4862
f 4847 4859 4860
f 4844 4858 4845
f 4843 4855 4856
f 4851 4865 4852
f 4849 4863 4850
f 4848 4860 4861
f 4845 4859 4846
f 4857 4869 4870
f 4855 4867 4868
f 4866 4878 4879
f 4864 4876 4877
f 4862 4874 4875
f 4859 4873 4860
f 4857 4871 4858
f 4856 4868 4869
f 4864 4878 4865
f 4862 4876 4863
f 4861 4873 4874
f 4859 4871 4872
f 4869 4883 4870
f 4868 4880 4881
f 4878 4892 4879
f 4877 4889 4890
f 4874 4888 4875
f 4873 4885 4886
f 4871 4883 4884
f 4868 4882 4869
f 4878 4890 4891
f 4876 4888 4889
f 4873 4887 4874
f 4871 4885 4872
f 4883 4896 4897
f 4880 4895 4881
f 4892 4905 4906
f 4890 4903 4904
f 4887 4902 4888
f 4885 4900 4886
f 4884 4897 4898
f 4881 4896 4882
f 4891 4904 4905
f 4889 4902 4903
f 4886 4901 4887
f 4885 4898 4899
f 4897 4909 4910
f 4895 4907 4908
f 4905 4919 4906
f 4904 4916 4917
f 4901 4915 4902
f 4899 4913 4900
f 4897 4911 4898
f 4895 4909 4896
f 4904 4918 4905
f 4903 4915 4916
f 4901 4913 4914
f 4899 4911 4912
f 4910 4922 4923
f 4908 4920 4921
f 4919 4931 4932
f 4916 4930 4917
f 4914 4928 4915
f 4913 4925 4926
f 4910 4924 4911
f 4908 4922 4909
f 4918 4930 4931
f 4916 4928 4929
f 4914 4926 4927
f 4911 4925 4912
f 4922 4936 4923
f 4920 4934 4921
f 4931 4945 4932
f 4930 4942 4943
f 4928 4940 4941
f 4925 4939 4926
f 4924 4936 4937
f 4922 4934 4935
f 4930 4944 4931
f 4928 4942 4929
f 4926 4940 4927
f 4925 4937 4938
f 4935 4949 4936
f 4933 4947 4934
f 4945 4957 4958
f 4942 4956 4943
f 4941 4953 4954
f 4938 4952 4939
f 4937 4949 4950
f 4935 4947 4948
f 4944 4956 4957
f 4941 4955 4942
f 4939 4953 4940
f 4938 4950 4951
f 4948 4962 4949
f 4947 4959 4960
f 4957 4971 4958
f 4955 4969 4956
f 4954 4966 4967
f 4951 4965 4952
f 4949 4963 4950
f 4948 4960 4961
f 4956 4970 4957
f 4954 4968 4955
f 4953 4965 4966
f 4951 4963 4964
f 4962 4974 4975
f 4959 4973 4960
f 4971 4983 4984
f 4968 4982 4969
f 4966 4980 4967
f 4964 4978 4965
f 4962 4976 4963
f 4960 4974 4961
f 4969 4983 4970
f 4967 4981 4968
f 4966 4978 4979
f 4964 4976 4977
f 4975 4987 4988
f 4973 4985 4986
f 4983 4997 4984
f 4981 4995 4982
f 4979 4993 4980
f 4978 4990 4991
f 4976 4988 4989
f 4973 4987 4974
f 4983 4995 4996
f 4981 4993 4994
f 4978 4992 4979
f 4976 4990 4977
f 4988 5000 5001
f 4985 4999 4986
f 4997 5009 5010
f 4995 5007 5008
f 4992 5006 4993
f 4991 5003 5004
f 4989 5001 5002
f 4986 5000 4987
f 4996 5008 5009
f 4994 5006 5007
f 4991 5005 4992
f 4989 5003 4990
f 5001 5013 5014
f 4999 5011 5012
f 5009 5023 5010
f 5008 5020 5021
f 5005 5019 5006
f 5004 5016 5017
f 5001 5015 5002
f 4999 5013 5000
f 5008 5022 5009
f 5007 5019 5020
f 5005 5017 5018
f 5002 5016 5003
f 4893 4619 4632
f 4893 4632 4645
f 4893 4645 4658
f 4893 4658 4671
f 4893 4671 4684
f 4893 4684 4697
f 4893 4697 4710
f 4893 4710 4723
f 4893 4723 4736
f 4893 4736 4749
f 4893 4749 4762
f 4893 4762 4775
f 4893 4775 4788
f 4893 4788 4801
f 4893 4801 4814
f 4893 4814 4827
f 4893 4827 4840
f 4893 4840 4853
f 4893 4853 4866
f 4893 4866 4879
f 4893 4879 4892
f 4893 4892 4906
f 4893 4906 4919
f 4893 4919 4932
f 4893 4932 4945
f 4893 4945 4958
f 4893 4958 4971
f 4893 4971 4984
f 4893 4984 4997
f 4893 4997 5010
f 4893 5010 5023
f 5014 4609 4610
f 5012 4607 4608
f 5022 4619 5023
f 5020 4617 5021
f 5018 4615 5019
f 5017 4612 4613
f 5014 4611 5015
f 5012 4609 5013
f 4893 5023 4619
f 5021 4618 5022
f 5020 4615 4616
f 5018 4613 4614
f 5015 4612 5016
f 4481 5011 4606
f 5011 4602 4606
f 4998 4597 4602
f 4985 4593 4597
f 4593 4959 4589
f 4589 4946 4585
f 4585 4933 4581
f 4933 4577 4581
f 4577 4907 4573
f 4907 4569 4573
f 4894 4565 4569
f 4880 4561 4565
f 4561 4854 4557
f 4557 4841 4553
f 4553 4828 4549
f 4828 4545 4549
f 4545 4802 4541
f 4802 4537 4541
f 4789 4533 4537
f 4776 4529 4533
f 4529 4750 4525
f 4525 4737 4521
f 4521 4724 4517
f 4724 4513 4517
f 4513 4698 4509
f 4698 4505 4509
f 4685 4501 4505
f 4672 4497 4501
f 4497 4646 4493
f 4493 4633 4489
f 4489 4620 4485
f 4620 4481 4485
f 4 3 2
f 8 7 6
f 13 16 15
f 17 28 19
f 32 31 30
f 36 35 34
f 37 40 39
f 21 22 23
f 25 26 27
f 41 44 43
f 48 47 46
f 52 51 50
f 53 56 55
f 60 59 58
f 29 30 62
f 66 65 64
f 67 5 6
f 72 71 70
f 76 75 74
f 77 80 79
f 81 84 83
f 59 87 86
f 88 91 90
f 96 95 94
f 100 99 98
f 101 104 103
f 106 105 34
f 108 116 115
f 117 119 36
f 124 127 126
f 131 130 129
f 132 102 134
f 142 141 140
f 148 106 60
f 144 143 127
f 149 152 151
f 156 155 154
f 159 150 158
f 116 108 164
f 171 170 169
f 174 126 173
f 179 182 181
f 186 189 188
f 194 197 196
f 199 142 139
f 206 209 208
f 213 212 211
f 202 215 214
f 96 93 216
f 92 238 43
f 97 184 246
f 250 249 229
f 252 254 58
f 258 257 256
f 260 91 229
f 110 111 112
f 114 264 263
f 265 268 267
f 56 53 270
f 274 273 249
f 185 183 63
f 280 279 278
f 285 284 283
f 288 219 211
f 141 142 92
f 289 290 175
f 148 116 105
f 312 311 170
f 238 262 42
f 318 163 160
f 310 309 308
f 241 239 325
f 160 230 240
f 47 48 307
f 108 109 315
f 345 85 86
f 348 351 350
f 356 359 358
f 355 354 353
f 363 31 32
f 364 252 253
f 366 125 368
f 183 372 371
f 163 162 161
f 209 226 101
f 378 377 165
f 379 295 381
f 383 382 3
f 284 285 386
f 387 127 389
f 391 259 229
f 73 281 397
f 405 408 407
f 203 218 411
f 414 121 413
f 1 356 357
f 277 276 131
f 254 344 57
f 358 384 415
f 417 416 386
f 401 400 192
f 419 389 127
f 421 181 182
f 103 301 302
f 428 367 368
f 380 390 359
f 62 204 266
f 140 141 431
f 357 358 351
f 356 1 379
f 415 392 403
f 437 428 436
f 438 441 440
f 188 451 450
f 265 455 181
f 224 185 64
f 237 212 213
f 275 131 128
f 281 282 460
f 50 462 79
f 73 74 282
f 468 467 466
f 390 355 352
f 482 485 484
f 489 488 487
f 493 496 495
f 472 471 470
f 502 501 500
f 220 221 222
f 512 419 143
f 518 517 511
f 513 239 230
f 205 30 31
f 189 370 451
f 163 318 532
f 533 224 225
f 446 448 447
f 335 541 540
f 544 512 546
f 329 519 291
f 199 534 262
f 385 386 416
f 532 190 191
f 363 117 118
f 578 581 580
f 573 572 571
f 561 563 562
f 241 260 259
f 590 593 592
f 545 546 595
f 503 154 155
f 606 625 624
f 478 481 480
f 646 649 648
f 590 591 689
f 564 565 651
f 728 246 184
f 714 724 716
f 692 574 575
f 541 335 581
f 346 68 248
f 161 231 230
f 128 129 94
f 698 705 704
f 574 577 576
f 290 289 401
f 630 631 725
f 733 736 735
f 755 466 496
f 759 480 481
f 757 763 762
f 764 496 466
f 768 767 3808
f 759 760 488
f 492 474 475
f 474 770 769
f 773 468 465
f 771 774 486
f 484 485 775
f 774 776 489
f 495 496 764
f 495 757 761
f 137 397 784
f 325 239 797
f 165 519 51
f 369 32 29
f 730 731 568
f 90 302 301
f 243 118 516
f 800 734 806
f 817 815 808
f 816 808 823
f 306 303 447
f 815 810 809
f 829 830 828
f 726 725 501
f 274 427 424
f 879 882 881
f 884 883 879
f 219 218 217
f 906 905 904
f 455 204 205
f 898 882 830
f 903 900 880
f 377 291 519
f 923 949 948
f 946 947 951
f 3519 740 739
f 900 899 886
f 225 64 65
f 182 445 442
f 809 952 947
f 954 960 962
f 927 950 965
f 885 879 880
f 925 927 966
f 343 342 341
f 965 964 971
f 968 971 970
f 972 968 969
f 963 961 981
f 336 337 338
f 992 993 827
f 810 815 996
f 1007 1001 1002
f 1012 826 827
f 1011 1009 1007
f 294 293 292
f 907 908 920
f 1017 579 1019
f 1020 1023 1022
f 1035 1024 1020
f 1061 1060 1047
f 1063 1061 1046
f 1044 1020 1021
f 1102 1094 1097
f 1116 1126 1118
f 1016 1015 1014
f 881 897 904
f 816 1116 1127
f 1094 948 949
f 514 342 167
f 146 145 81
f 1133 1135 1130
f 1102 1133 1126
f 822 1126 1116
f 1145 1143 1148
f 1076 1144 1151
f 1148 1143 1086
f 1109 1097 1114
f 1154 1153 1156
f 1153 925 967
f 3464 3497 463
f 1144 1147 1152
f 1156 967 1163
f 1164 1162 1169
f 1145 1171 1176
f 1114 1115 1154
f 1183 1155 1164
f 1184 1183 1177
f 1069 1151 1062
f 1023 1191 1194
f 1162 1163 1170
f 1195 1184 1185
f 1183 1196 1176
f 1201 1063 1152
f 1061 1063 1201
f 3825 847 843
f 1203 1202 1195
f 1202 1201 1184
f 1218 1060 1203
f 1060 1061 1202
f 1225 1218 1217
f 671 695 694
f 1219 1217 1024
f 1217 1203 1034
f 1226 1014 1015
f 1243 1242 1234
f 1231 1230 1229
f 847 1243 1233
f 843 1233 1244
f 1233 1234 1245
f 1923 3761 233
f 2100 2108 499
f 3914 3864 2135
f 61 62 323
f 210 211 217
f 1299 1310 1309
f 3863 1230 1231
f 1066 1047 1321
f 1322 1321 1228
f 1060 1218 1321
f 1325 1324 1323
f 1244 1245 1332
f 1290 1234 1242
f 1337 1330 1339
f 1330 1332 1340
f 1341 1332 1245
f 1342 1340 1332
f 1343 1342 1341
f 1344 1341 1294
f 3857 3856 1345
f 1347 1348 1342
f 3856 3854 1295
f 1349 1350 1348
f 3861 1349 1347
f 3853 1347 1343
f 906 898 829
f 905 906 1353
f 865 1356 1355
f 1355 1353 829
f 1357 1355 825
f 1356 1354 1353
f 3834 1337 1338
f 866 1358 1356
f 1358 1359 1354
f 3828 878 1337
f 838 1362 1012
f 1363 1364 1338
f 1368 1363 1339
f 1348 1368 1340
f 1371 1369 3824
f 524 525 526
f 528 529 530
f 1372 1370 1369
f 535 536 537
f 1367 1368 1348
f 1370 1354 1359
f 1369 1359 3833
f 1373 910 903
f 555 556 557
f 1374 909 910
f 1373 904 905
f 1374 1373 1375
f 1375 905 1354
f 1378 920 908
f 376 373 651
f 1388 928 973
f 586 587 588
f 1390 1389 1388
f 1391 1388 969
f 597 598 599
f 600 601 602
f 1392 1391 970
f 608 609 610
f 612 524 523
f 614 615 616
f 617 618 25
f 620 621 622
f 1397 1390 1391
f 1398 1397 1392
f 1400 987 920
f 1402 1403 1165
f 636 637 638
f 930 1404 1402
f 641 642 643
f 929 1402 1169
f 1404 1405 1403
f 1411 1366 1365
f 1412 1406 1415
f 652 653 654
f 609 656 657
f 659 660 661
f 558 663 586
f 665 666 667
f 1413 1411 1406
f 1418 1416 3810
f 1417 1372 1371
f 1416 1371 3829
f 1419 1417 1416
f 1386 909 1374
f 677 678 679
f 1385 1386 1420
f 1420 1374 1376
f 685 686 687
f 1421 1420 1422
f 528 690 691
f 1422 1376 1372
f 1018 1019 747
f 699 700 701
f 1424 578 579
f 3663 1597 1767
f 700 699 711
f 1093 3746 3754
f 717 718 530
f 721 722 723
f 704 1650 3543
f 19 1429 1426
f 1429 1428 1427
f 1658 1659 3542
f 1439 1437 1434
f 1437 1436 1435
f 1426 1427 1433
f 1442 1431 1432
f 742 743 744
f 1432 1433 1441
f 751 752 753
f 1438 1434 1403
f 1446 1445 1444
f 1447 1448 1446
f 3860 1447 1443
f 1415 1367 1445
f 1414 1415 1446
f 2173 1683 469
f 777 778 779
f 780 781 782
f 1676 1693 1806
f 3859 1451 1349
f 789 790 791
f 745 792 793
f 652 794 795
f 1455 1458 1457
f 1454 1367 1350
f 610 691 802
f 3831 3816 698
f 1352 1044 1045
f 1015 1016 1459
f 811 812 813
f 2118 3815 3817
f 819 820 821
f 1466 1463 1194
f 1467 1468 1465
f 1182 1165 1468
f 832 812 833
f 835 836 837
f 1467 1466 1190
f 1469 1470 1444
f 840 700 712
f 1453 1470 1469
f 599 844 845
f 1226 1450 3849
f 851 852 853
f 855 744 856
f 858 859 860
f 861 862 863
f 1014 1226 3855
f 867 676 868
f 870 871 872
f 874 875 876
f 1310 1323 1471
f 1476 1433 1427
f 1461 1476 1475
f 887 888 889
f 788 791 892
f 894 895 896
f 1460 1475 1227
f 901 902 524
f 1465 1478 1477
f 1865 3503 3500
f 911 912 913
f 916 917 918
f 1850 3505 3507
f 921 922 895
f 1479 1435 1436
f 926 664 667
f 1481 562 563
f 269 1483 84
f 931 932 933
f 934 935 614
f 936 685 688
f 938 659 662
f 1484 270 122
f 941 942 835
f 320 321 509
f 1849 3510 3505
f 84 1483 1484
f 1487 1490 1488
f 1757 1758 3502
f 365 1492 1491
f 461 79 80
f 117 363 362
f 1494 540 541
f 926 601 957
f 1477 1441 1433
f 1709 1588 1585
f 119 117 1496
f 271 1497 504
f 511 517 189
f 345 1496 1492
f 57 344 299
f 1501 1499 268
f 267 268 1499
f 974 975 976
f 1678 1652 1693
f 3846 1682 1807
f 557 982 663
f 983 941 984
f 1443 1444 3849
f 421 1500 268
f 989 990 991
f 1490 1487 418
f 279 280 309
f 997 868 676
f 998 26 999
f 1504 418 38
f 1506 1508 1507
f 360 361 1508
f 1506 1486 207
f 939 1005 1006
f 270 1484 1483
f 66 63 546
f 1010 742 793
f 367 428 437
f 244 31 363
f 1670 3532 3534
f 209 206 1510
f 388 389 426
f 427 274 250
f 161 520 521
f 100 246 45
f 1025 1026 608
f 1029 1030 1031
f 939 662 1033
f 41 42 594
f 1036 780 783
f 702 701 1038
f 1040 1041 1042
f 362 32 369
f 187 1520 477
f 70 1487 539
f 1049 600 603
f 613 867 869
f 860 1050 1051
f 1005 1052 1053
f 753 1055 1056
f 1057 1058 1059
f 293 288 1522
f 288 212 1521
f 292 1522 1523
f 331 1507 1508
f 306 452 453
f 100 44 41
f 462 1524 78
f 330 331 1524
f 635 1067 1068
f 1485 1527 1526
f 206 1485 1528
f 1070 1071 1072
f 942 941 1073
f 916 933 1075
f 440 1529 1530
f 157 158 1514
f 1529 162 5
f 371 595 546
f 790 586 663
f 1077 858 857
f 1403 1434 1435
f 1080 1081 1082
f 531 520 1529
f 21 1083 1084
f 272 1532 1531
f 690 712 802
f 335 3571 3567
f 1090 1030 1029
f 1092 795 794
f 1533 396 137
f 661 660 1095
f 69 444 445
f 1099 1100 1101
f 38 39 1536
f 1104 1105 1106
f 852 1107 1108
f 1377 908 909
f 291 377 411
f 316 1536 516
f 539 1488 1533
f 1505 1536 316
f 1110 1111 1112
f 1539 1537 460
f 522 441 1537
f 834 837 1120
f 1122 1123 1124
f 612 1125 1041
f 935 793 615
f 276 278 130
f 1686 3549 3522
f 193 190 1541
f 231 521 1540
f 556 1037 982
f 365 253 85
f 190 532 318
f 1810 765 3574
f 3924 1867 3512
f 1132 983 985
f 208 101 102
f 1134 1033 662
f 1491 518 80
f 429 133 1542
f 1137 1138 915
f 172 436 428
f 1139 1140 1141
f 549 96 54
f 1517 1519 1518
f 834 1119 984
f 1543 513 286
f 1544 797 239
f 133 134 1544
f 506 361 257
f 420 327 328
f 1158 1159 1160
f 587 1104 1103
f 607 1161 1027
f 304 1546 1545
f 364 1491 77
f 69 70 198
f 700 840 1112
f 3877 626 3525
f 1166 719 657
f 1167 1168 858
f 1300 3523 3524
f 1172 1173 1174
f 218 203 200
f 1179 1180 1181
f 372 183 97
f 89 104 227
f 1186 1187 1188
f 172 173 1517
f 1482 84 81
f 1090 1192 1193
f 394 395 353
f 526 525 1198
f 1199 1200 1026
f 606 623 697
f 1204 1205 1206
f 1207 1208 523
f 1209 1210 867
f 914 913 685
f 1478 1436 1441
f 1029 1028 1161
f 1211 1212 1213
f 3858 1453 1451
f 844 1215 1216
f 423 193 273
f 1220 1221 1222
f 22 1223 1224
f 882 898 897
f 1519 1517 173
f 1189 1188 1232
f 349 350 550
f 1071 1235 1236
f 1237 1238 1239
f 1221 1186 1189
f 1510 1528 1512
f 939 1032 1241
f 1556 1530 5
f 1553 1554 394
f 404 1556 67
f 1247 1248 1249
f 142 199 238
f 1251 1067 635
f 850 1252 1253
f 1254 1167 1077
f 57 132 133
f 443 430 552
f 1187 1172 1175
f 1256 1070 831
f 432 405 382
f 741 748 747
f 434 350 351
f 349 432 383
f 251 124 1481
f 395 384 352
f 1518 1519 1550
f 1558 410 378
f 109 263 314
f 285 1514 1513
f 395 394 393
f 202 203 410
f 417 408 405
f 1246 1257 1258
f 3 1559 297
f 1259 1260 1261
f 403 404 347
f 955 954 953
f 462 50 51
f 1096 1095 687
f 429 147 60
f 896 1264 1265
f 1267 721 1268
f 423 424 327
f 37 179 180
f 20 23 1187
f 1256 1168 1071
f 1188 1175 1269
f 1236 1270 1271
f 1272 536 535
f 565 564 463
f 1273 792 745
f 876 1254 1255
f 316 33 164
f 437 1516 503
f 194 1494 1495
f 1275 1276 864
f 624 625 631
f 1277 1274 1137
f 569 568 567
f 1481 124 125
f 324 325 547
f 1279 1108 1107
f 1525 332 329
f 1281 1278 1137
f 171 168 1553
f 1488 73 396
f 1557 1561 1562
f 1282 856 1206
f 1053 1277 1278
f 778 777 607
f 713 583 3566
f 251 225 144
f 4 357 348
f 709 708 707
f 728 48 45
f 261 135 1563
f 789 1286 1287
f 74 314 263
f 403 284 385
f 1178 1181 1240
f 1223 1259 1289
f 1220 20 1186
f 296 1518 354
f 784 459 1538
f 1181 1180 1291
f 1269 1292 1257
f 1566 1538 438
f 136 784 1566
f 1563 1564 169
f 107 114 109
f 1297 1282 1298
f 1464 1477 1476
f 1520 187 507
f 1301 1302 1303
f 1306 1307 1308
f 175 456 1532
f 1532 456 200
f 1311 1266 1312
f 872 1314 1315
f 3836 843 878
f 1305 1308 864
f 1040 1275 863
f 1564 1566 399
f 592 1576 1575
f 591 1575 1088
f 1581 1584 1583
f 1196 1152 1147
f 710 582 583
f 285 407 408
f 953 954 961
f 1594 1592 1589
f 1585 1588 1587
f 1592 1591 1590
f 3885 945 944
f 1600 1599 1598
f 1604 1603 1602
f 1399 1392 979
f 1589 1590 1596
f 1610 1609 1608
f 298 257 361
f 551 552 276
f 1627 1626 3814
f 859 811 818
f 1078 857 1328
f 1555 439 1530
f 572 573 680
f 772 465 776
f 977 1281 918
f 404 403 392
f 1054 1331 750
f 1644 1645 1643
f 932 1265 1082
f 1067 1333 1334
f 1540 1539 264
f 597 1335 643
f 471 761 762
f 1642 696 3831
f 1644 1642 3842
f 923 946 950
f 96 549 548
f 520 531 522
f 445 444 443
f 849 839 848
f 480 759 755
f 1646 760 481
f 311 426 1567
f 464 463 3497
f 3497 1360 1361
f 234 237 236
f 190 193 192
f 153 154 152
f 231 287 286
f 1552 1553 1551
f 760 1646 1648
f 3832 1647 1649
f 828 827 826
f 52 167 166
f 1663 1662 1661
f 287 107 115
f 668 671 670
f 634 645 640
f 553 560 559
f 118 36 33
f 492 484 491
f 3552 1652 1651
f 582 589 584
f 384 395 392
f 1381 1382 1383
f 1562 1561 435
f 952 953 951
f 3529 3566 583
f 1660 1661 1667
f 1394 1395 1396
f 1660 1665 1664
f 1671 1670 1669
f 1624 1625 1673
f 1407 1408 1409
f 1677 1676 1675
f 1613 1679 1677
f 1679 1678 1676
f 1626 1681 3811
f 534 199 198
f 803 733 734
f 400 248 191
f 65 66 143
f 3526 1657 1656
f 402 159 157
f 629 628 627
f 461 477 49
f 758 757 495
f 796 787 786
f 406 407 1513
f 342 343 166
f 1694 1659 1658
f 1692 1687 1694
f 3557 1693 1652
f 3921 1704 1703
f 326 547 302
f 3916 3921 1702
f 3919 3918 1698
f 1699 1691 3927
f 1557 406 1560
f 1127 1116 1117
f 400 401 289
f 1706 1702 1707
f 1707 1702 1599
f 1709 1706 1708
f 1714 1712 1711
f 3919 3915 1709
f 1704 1711 1577
f 1716 1714 1713
f 1559 1562 1549
f 1722 1721 1720
f 1335 597 596
f 410 411 377
f 973 1170 1163
f 168 169 399
f 1571 682 1089
f 1572 681 682
f 749 646 647
f 1730 1724 1723
f 1594 1582 1729
f 1729 1723 1591
f 1384 1378 1377
f 1732 1731 1712
f 1724 1730 1731
f 1722 1724 1732
f 1721 1722 1733
f 1734 1733 1716
f 1735 1737 1736
f 1733 1732 1714
f 1663 1664 1741
f 1742 1665 1740
f 1738 1739 1737
f 1665 1660 1666
f 1665 1742 1744
f 1725 1726 1746
f 1591 1725 1745
f 1590 1745 1747
f 1745 1746 1748
f 1659 1688 3538
f 3287 1760 3545
f 1185 1177 1182
f 1664 1744 1749
f 1741 1749 1739
f 1746 1742 1743
f 1726 1744 1742
f 1115 924 1153
f 1654 3546 3575
f 1896 3562 3549
f 1720 1749 1744
f 1721 1739 1749
f 1750 1718 1701
f 1697 1736 1750
f 1151 1152 1063
f 1751 1752 1670
f 1695 1658 1752
f 961 962 986
f 1770 1769 1768
f 1766 1594 1593
f 1731 1759 1579
f 1579 1777 1774
f 3928 1772 1771
f 1764 1772 3928
f 1777 1776 1775
f 3762 3763 1699
f 1004 1127 1128
f 1774 1775 1771
f 987 1400 1399
f 1578 1774 1772
f 1783 1782 1781
f 1597 1598 1770
f 639 1878 3895
f 3928 3929 1769
f 1793 1792 1789
f 3929 3920 1798
f 3508 3516 3773
f 1802 1867 3924
f 1788 1790 1794
f 1793 1794 1795
f 3773 3772 1675
f 1584 1581 1783
f 1771 1797 3920
f 1801 1799 1798
f 1768 1769 1798
f 1775 1796 1797
f 508 514 515
f 1796 1803 1802
f 1800 1798 3920
f 1794 1805 1804
f 3532 1670 1752
f 485 1808 1807
f 3809 3844 1640
f 3837 3844 1810
f 485 482 1640
f 1690 1691 3770
f 487 488 1648
f 3839 1813 1816
f 3838 1811 1648
f 3839 1812 1811
f 1812 1809 487
f 1641 1809 767
f 465 466 755
f 767 1815 3823
f 3822 1816 3826
f 1809 1812 1815
f 3837 1653 1651
f 675 672 3541
f 1814 1649 1822
f 1821 1822 3821
f 1824 1822 1649
f 1827 1849 1850
f 1668 1669 1662
f 1779 1780 1848
f 1790 1827 1805
f 1833 1836 1853
f 3521 3506 693
f 1614 1615 1616
f 1852 1853 3498
f 1620 1621 1622
f 1855 1765 1574
f 1847 1852 3501
f 1766 1765 1855
f 1629 1630 1631
f 1633 1622 1634
f 1635 1636 1637
f 1848 1833 1852
f 1855 1861 1863
f 1803 1866 1867
f 1862 1863 1831
f 1782 1855 1862
f 3922 3924 1865
f 1873 1872 1870
f 1874 1869 799
f 2045 3878 3897
f 1219 1345 1295
f 1615 1614 1396
f 3884 3895 1877
f 645 3898 3786
f 1345 1219 1035
f 634 639 3884
f 15 1887 1327
f 3910 3895 1878
f 1894 604 605
f 3506 3551 627
f 3560 640 645
f 340 341 454
f 1897 194 195
f 1889 1882 1877
f 1901 94 129
f 196 749 754
f 1705 1704 3921
f 340 378 166
f 1570 1480 563
f 1904 1494 194
f 1781 1862 1832
f 1905 549 55
f 1000 994 995
f 986 919 920
f 1191 1185 1190
f 2094 2077 2075
f 1920 1921 1919
f 453 454 1912
f 1915 1919 1918
f 3882 2112 2106
f 1655 3575 3531
f 1916 1918 1926
f 704 3554 3561
f 278 1916 1925
f 3565 3564 1818
f 1097 949 1115
f 1927 1928 727
f 3578 3579 3654
f 1920 310 307
f 1929 307 48
f 503 504 1497
f 1902 1903 787
f 1816 1821 3820
f 1925 1926 1923
f 1535 1569 1568
f 254 252 258
f 1509 1497 366
f 119 86 35
f 219 288 293
f 141 46 47
f 542 205 244
f 1940 552 430
f 1779 1828 1827
f 1701 1710 3915
f 1661 3550 3515
f 270 53 754
f 197 1947 749
f 1727 1728 1212
f 53 54 232
f 1465 1468 1479
f 1284 3862 3854
f 1951 446 412
f 168 398 1554
f 1486 1485 206
f 506 77 78
f 994 1001 1007
f 951 953 963
f 1013 3859 3861
f 3826 3820 1820
f 1498 1909 1954
f 299 298 543
f 1754 1755 1756
f 1681 469 1683
f 1696 1694 1695
f 13 14 738
f 473 476 475
f 482 1641 768
f 204 62 30
f 1761 1762 820
f 611 1763 1125
f 1501 1503 1908
f 1074 1073 711
f 1960 1944 82
f 120 1956 1960
f 35 86 87
f 1773 1199 1025
f 1965 1545 1569
f 494 761 471
f 1966 1967 1969
f 446 1951 1971
f 174 368 125
f 1580 1579 1578
f 1785 1786 1787
f 1972 1546 304
f 1254 876 875
f 1973 341 342
f 321 1912 1973
f 1910 277 275
f 509 1973 514
f 1486 1507 1527
f 1974 1874 804
f 1977 1976 1974
f 1980 448 1966
f 379 1 2
f 1718 1715 1710
f 884 995 992
f 1680 1684 1678
f 902 990 525
f 344 255 256
f 135 138 137
f 448 446 1967
f 589 605 604
f 910 909 908
f 1981 1966 1968
f 1982 1981 1987
f 1988 1979 1987
f 1990 1988 1989
f 1991 1989 1993
f 322 321 320
f 992 828 830
f 1144 1076 1086
f 1995 1977 1978
f 1133 1129 1118
f 1997 1995 1994
f 870 1823 1335
f 805 806 1982
f 727 184 2000
f 1996 1994 1988
f 1994 1978 1979
f 1829 616 792
f 1830 1073 941
f 798 803 800
f 729 732 731
f 2011 2012 2023
f 1834 1835 846
f 402 283 284
f 2022 2023 2024
f 1838 718 989
f 810 955 952
f 1823 1839 1840
f 1430 1426 1432
f 1215 844 1841
f 1316 1208 873
f 2112 1401 1384
f 1842 1843 1844
f 1159 846 845
f 837 27 1846
f 1971 1951 2030
f 517 369 370
f 1471 2026 2027
f 3551 3525 626
f 2174 2175 770
f 935 934 1854
f 1613 1619 1611
f 1231 1228 1225
f 1856 1857 891
f 1300 1309 748
f 1150 1149 1858
f 1643 606 696
f 1215 1265 1264
f 1320 1860 902
f 1956 1943 1944
f 2031 668 669
f 2034 1325 1310
f 1879 1880 1656
f 40 245 242
f 1992 1993 2039
f 888 958 957
f 1882 1889 1996
f 1078 1138 1255
f 1871 912 1192
f 294 411 218
f 1323 2041 2026
f 123 1960 83
f 1324 2036 2041
f 384 358 359
f 1324 1325 2038
f 1883 1884 1885
f 287 1540 114
f 1096 1886 1134
f 915 1329 931
f 806 1980 1981
f 3533 3529 584
f 1425 2030 2042
f 1018 2042 1948
f 3562 1896 740
f 1948 2042 649
f 1881 1882 1990
f 1900 129 130
f 992 995 994
f 923 927 925
f 3878 2045 2047
f 1643 2048 625
f 2050 2052 2051
f 2045 1405 1404
f 3876 2047 945
f 1139 1080 1079
f 1037 1856 892
f 2055 2053 2057
f 1198 989 718
f 1619 2058 1612
f 2058 1605 1606
f 2059 2060 1607
f 2058 1619 1624
f 71 72 179
f 405 406 1557
f 322 1548 1972
f 2061 2052 2063
f 2066 2065 2067
f 2052 2061 2064
f 1609 1610 2066
f 1515 151 152
f 1009 827 993
f 1644 3843 3815
f 279 1915 1916
f 1285 3863 3862
f 1647 2066 1825
f 2056 2057 2067
f 319 320 1953
f 667 666 1913
f 2070 631 625
f 2052 2050 2055
f 2038 1654 1655
f 1606 1601 2073
f 1235 1917 1270
f 2072 2073 2075
f 2059 1606 2072
f 2074 2075 2077
f 1601 1602 2078
f 2049 2048 1643
f 1000 1004 1001
f 1089 943 684
f 1931 1286 1306
f 1462 1459 1021
f 1932 1933 1934
f 875 874 1846
f 1936 1051 1937
f 44 45 46
f 1534 1955 1956
f 1541 318 317
f 2081 2082 2084
f 146 1945 1959
f 1360 1941 1942
f 985 984 1032
f 1995 1997 1892
f 2079 2080 2082
f 2095 2096 2076
f 2081 2093 2078
f 2055 2050 2054
f 501 2096 2095
f 2097 2100 2099
f 2098 2099 2094
f 2140 2141 3893
f 2141 2046 3894
f 2051 2070 2048
f 592 2102 2101
f 2071 2064 2076
f 2102 2097 2098
f 593 2103 2102
f 1019 1895 746
f 1950 11 12
f 725 2071 2096
f 1385 2105 2104
f 1379 2104 2106
f 2107 2108 2100
f 3908 726 502
f 3896 502 499
f 940 1389 2109
f 928 929 1170
f 3868 590 684
f 1962 1963 1964
f 3878 680 573
f 2039 1993 1968
f 1389 1390 2110
f 1398 2111 2113
f 3757 3755 3753
f 3911 3883 2107
f 949 923 924
f 260 241 324
f 1390 1397 2113
f 2070 2051 2064
f 3867 3911 2103
f 2105 1385 1421
f 2114 1421 1423
f 3892 2114 2115
f 3908 2105 2114
f 554 2116 1902
f 972 1163 967
f 1765 1593 1573
f 1984 1985 1986
f 2053 2117 2069
f 3573 3556 724
f 1625 1677 1674
f 3881 3888 2119
f 3903 2115 2123
f 56 1954 1906
f 626 3877 3879
f 2001 2002 2003
f 3912 3841 2127
f 2006 2007 2008
f 2127 1413 1412
f 2014 2015 2016
f 2018 2019 2020
f 1495 1424 1947
f 1379 1377 1386
f 3814 3811 1680
f 2029 1885 1884
f 3902 2128 2120
f 629 3879 3914
f 682 683 943
f 724 1650 2121
f 1757 1819 3821
f 765 1810 3844
f 3851 714 715
f 706 707 3870
f 981 986 987
f 1457 1868 1656
f 2017 2016 2032
f 1458 1655 1868
f 1776 1777 1792
f 1959 1945 1946
f 3663 3715 3725
f 3913 3881 2122
f 1093 1089 689
f 966 965 968
f 3852 715 3881
f 2172 3577 2170
f 670 2138 2137
f 3761 787 1903
f 1429 19 28
f 964 963 978
f 3841 3813 1413
f 1473 1474 669
f 3834 3833 1359
f 2138 798 1870
f 1872 1473 2137
f 715 716 3888
f 1881 1991 1992
f 3843 3842 739
f 1837 1847 3513
f 253 58 59
f 1808 3837 3840
f 1647 3832 3818
f 3865 3866 671
f 2112 3882 3883
f 1405 2045 2044
f 3829 3824 1364
f 273 1541 391
f 576 632 3520
f 3875 3865 668
f 1430 1431 2140
f 2136 3850 3860
f 1430 2139 18
f 3893 3894 570
f 1442 1439 2046
f 1431 1442 2141
f 3869 3913 3850
f 3808 3823 1817
f 3866 3893 695
f 2142 2025 798
f 571 2143 2142
f 3819 3814 1618
f 2143 2022 2025
f 694 2142 2138
f 681 1572 2144
f 2144 2011 2022
f 328 210 457
f 1572 2010 2011
f 630 3892 3903
f 2085 2086 2087
f 2090 2091 2092
f 572 2144 2143
f 1875 1976 2153
f 1873 1875 2149
f 2103 2107 2097
f 2157 2043 2155
f 2128 1412 1414
f 3874 3871 589
f 3872 3870 628
f 2149 2153 2158
f 2159 2158 3905
f 698 3907 3902
f 3823 3847 3827
f 2158 2156 3874
f 1438 2044 2046
f 2035 2154 2160
f 2161 2160 3889
f 3871 3891 605
f 3873 17 18
f 370 29 61
f 649 1951 413
f 2153 2157 2156
f 1428 1429 1449
f 1490 76 73
f 3890 3905 710
f 2155 1891 3891
f 1456 1457 1880
f 2125 2088 2087
f 2160 2159 3890
f 300 1959 505
f 1064 1062 1046
f 2043 1892 1891
f 2129 2130 2004
f 2131 2132 2133
f 3848 3849 1450
f 1998 1975 804
f 3879 673 3864
f 474 492 490
f 1164 1165 1182
f 707 2162 3909
f 708 1472 2162
f 2162 2161 3886
f 548 549 1905
f 1145 1136 1114
f 705 2121 1650
f 2043 2157 1977
f 737 738 554
f 1034 1195 1191
f 458 1905 1907
f 195 196 232
f 2040 2039 1969
f 2145 2146 2147
f 2054 2050 2049
f 3832 1646 1639
f 9 12 11
f 252 364 506
f 472 478 479
f 1865 3924 3791
f 900 903 910
f 1941 2150 2151
f 1921 1928 1927
f 2163 1897 1898
f 271 156 153
f 1904 1326 12
f 282 263 264
f 1872 1873 2154
f 1326 1904 1897
f 628 692 693
f 1724 1722 1719
f 1549 1562 436
f 1582 1583 1730
f 1921 1920 1929
f 3563 3511 10
f 2152 2037 1950
f 475 772 774
f 769 2172 2171
f 2171 2165 476
f 476 773 772
f 1791 565 464
f 2166 2167 2168
f 595 371 372
f 483 1809 1641
f 762 2174 2173
f 771 483 484
f 486 487 1809
f 297 1549 1517
f 763 2175 2174
f 776 755 759
f 184 185 2176
f 412 447 303
f 2005 2176 185
f 3811 1681 1682
f 2164 2170 756
f 1472 2035 2161
f 950 951 964
f 2177 2178 2179
f 227 226 1510
f 2182 2183 2184
f 2186 2019 2018
f 1985 2182 2181
f 214 736 729
f 865 849 842
f 849 865 1357
f 559 3187 3188
f 16 13 737
f 560 553 498
f 3193 3196 3195
f 3200 3197 3198
f 3211 3214 3213
f 3215 3218 3217
f 2187 2188 2002
f 2169 2168 2189
f 2192 2086 2085
f 2193 2194 2195
f 2198 2199 2200
f 1998 1982 1979
f 3664 3665 3668
f 2116 1898 1903
f 1859 2006 2009
f 3904 2123 2126
f 1135 1148 1087
f 2201 2202 2015
f 1149 111 110
f 3221 3222 3218
f 2203 2204 2205
f 579 580 1895
f 1755 2207 2208
f 3891 3910 1893
f 1211 2151 2150
f 868 997 2210
f 944 945 930
f 2130 2129 2202
f 233 1903 1898
f 665 751 750
f 1167 1254 999
f 2211 2212 2213
f 2215 2216 2217
f 3867 593 590
f 2220 221 220
f 823 824 948
f 3225 3220 3227
f 266 204 455
f 3882 2108 2107
f 2221 2222 3519
f 2223 2224 2225
f 2207 2125 2124
f 673 674 3869
f 817 1000 996
f 2227 2228 2146
f 1947 1948 646
f 3900 2135 17
f 2229 1635 1638
f 1679 1613 1618
f 1637 2231 2232
f 2233 2234 1617
f 2231 2235 2236
f 1381 1638 2238
f 3586 2241 2242
f 1630 2234 2233
f 1681 1626 472
f 1408 1407 2243
f 3236 3239 3238
f 3232 3241 3240
f 1637 2230 2238
f 3237 3238 3233
f 1409 1408 1634
f 1380 1383 2247
f 1628 2248 2245
f 2249 1623 1622
f 1632 1634 1408
f 2248 1628 1631
f 2235 2231 1637
f 3245 3246 3199
f 631 2070 2071
f 515 167 52
f 782 781 2251
f 2253 2254 2255
f 397 281 459
f 1456 2039 2040
f 2040 2041 2036
f 1401 2112 2111
f 2041 2040 1970
f 1535 121 414
f 1586 1587 2080
f 2256 983 1132
f 1700 1699 3918
f 3815 1896 1686
f 1263 2256 1886
f 598 1841 844
f 2257 2258 2259
f 2258 2261 2262
f 2259 2262 2263
f 2260 2259 2216
f 1967 1971 1970
f 2212 1964 1963
f 922 921 2218
f 1312 1098 1101
f 1307 1306 1286
f 1548 1569 1546
f 2266 2267 2268
f 2265 2268 2270
f 2272 2265 2269
f 2273 2266 2265
f 2275 2276 2277
f 2278 2274 2277
f 2284 2285 3617
f 2287 2283 2286
f 2288 2289 2283
f 2290 2284 3639
f 2291 2292 2293
f 2295 2291 2294
f 2296 2297 2291
f 2297 2298 2292
f 2294 2293 2299
f 2279 2294 2300
f 2298 2301 2302
f 2292 2302 2303
f 2293 2303 2304
f 2304 2305 2306
f 2308 2309 2310
f 2302 2307 2310
f 2301 2311 2307
f 2312 2308 2307
f 2313 2314 2315
f 2318 2319 2320
f 3748 3771 2322
f 2324 2325 2273
f 2313 2324 2326
f 2328 2324 2313
f 2329 2325 2324
f 2331 2332 2333
f 2330 2333 2267
f 2325 2330 2266
f 2329 2331 2330
f 2333 2334 2335
f 2336 2334 2333
f 2338 2336 2332
f 2331 2339 2337
f 2329 2340 2339
f 2328 2341 2340
f 2316 2342 2341
f 2342 2316 2315
f 2344 2345 2346
f 2341 2344 2347
f 2342 2348 2344
f 2348 2349 2345
f 2350 2351 2352
f 2339 2350 2353
f 2340 2347 2350
f 2347 2346 2351
f 2337 2353 2354
f 2353 2352 2355
f 2356 2277 2276
f 2356 2357 2358
f 2356 2359 2296
f 2279 2277 2356
f 2360 2361 2270
f 2267 2335 2360
f 2362 2363 2364
f 2362 2365 2361
f 2366 2362 2358
f 2366 2367 2363
f 2357 2276 2368
f 2366 2368 2369
f 2276 2275 2370
f 2368 2370 2282
f 2372 2373 2374
f 2375 2376 2377
f 2378 2379 2380
f 2382 2378 2381
f 2384 2385 2378
f 2385 2386 2379
f 2388 2389 2390
f 2387 2390 2392
f 2393 2394 2387
f 2394 2395 2388
f 2186 2401 2402
f 2403 2404 2327
f 2272 2403 2326
f 2271 2405 2403
f 2405 2406 2404
f 2404 2407 2408
f 2409 2410 2411
f 2409 2412 2271
f 2413 2409 2269
f 2413 2414 2410
f 2417 2415 2416
f 2417 2418 2406
f 2412 2417 2405
f 2411 2415 2417
f 2406 2419 2407
f 3569 3520 632
f 2420 2398 2397
f 2420 2421 2423
f 2424 2420 2422
f 2424 2399 2398
f 2425 2391 2392
f 2421 2425 2426
f 2397 2396 2425
f 2396 2393 2391
f 2427 2314 2408
f 2430 2427 2428
f 2343 2315 2427
f 2432 2343 2430
f 2431 2430 2429
f 2435 2431 2433
f 2436 2432 2431
f 2428 2408 2407
f 2422 2437 2407
f 2438 2437 2422
f 2429 2428 2437
f 2440 2434 2433
f 2441 2439 2433
f 2442 2443 2439
f 2443 2444 2440
f 2445 2446 2444
f 2447 2445 2443
f 2383 2381 2445
f 2381 2380 2446
f 2448 2438 2423
f 2449 2448 2426
f 2441 2448 2449
f 2441 2429 2438
f 2449 2392 2390
f 2450 2390 2389
f 2447 2450 2451
f 2442 2449 2450
f 2451 2389 2453
f 2452 2453 2455
f 2382 2452 2454
f 2383 2451 2452
f 2456 2457 2373
f 2459 2460 2461
f 2463 2464 2465
f 2462 2465 2285
f 2466 2462 2284
f 2467 2463 2462
f 2461 2460 3703
f 2468 2469 2470
f 2472 2468 2471
f 2474 2461 3701
f 2475 2476 2477
f 2458 2455 2453
f 2479 2453 2389
f 2395 2480 2479
f 2480 2459 2458
f 2481 2482 2483
f 2484 113 2485
f 2471 2470 2464
f 2473 2471 2463
f 2487 2467 2466
f 2486 2466 2290
f 2490 2486 2488
f 2491 2487 2486
f 2492 2473 2467
f 2493 2492 2487
f 2494 2495 2492
f 2495 2472 2473
f 3690 2496 2474
f 3691 2497 2496
f 2498 2494 2493
f 2500 2498 2499
f 3700 3687 2498
f 3687 3691 2494
f 2306 2504 2278
f 2305 2505 2504
f 2504 2505 2507
f 2506 2507 2288
f 2274 2506 2508
f 2278 2504 2506
f 3633 3632 2489
f 3620 3633 2488
f 2507 2509 2289
f 2505 2510 2509
f 2508 2288 2287
f 2511 2287 2281
f 2370 2511 2280
f 2275 2508 2511
f 2512 2490 2489
f 2514 2512 2513
f 2517 2512 2514
f 2517 2491 2490
f 2499 2493 2491
f 2499 2517 2516
f 2510 2505 2519
f 2518 2519 2521
f 3616 2518 2520
f 3632 2510 2518
f 2522 2304 2303
f 2523 2522 2310
f 2305 2304 2522
f 2524 2522 2523
f 2519 2524 2525
f 2505 2305 2524
f 2308 2312 2527
f 2526 2527 2529
f 2531 2526 2528
f 2309 2308 2526
f 1214 2532 2151
f 2419 2406 2418
f 2533 2345 2349
f 2534 2533 2317
f 2535 2536 2533
f 2536 2346 2345
f 2537 2351 2346
f 2538 2537 2536
f 2539 2540 2537
f 2540 2352 2351
f 2312 2355 2541
f 2527 2541 2542
f 2543 2435 2434
f 2545 2543 2544
f 2319 2318 2543
f 2318 2436 2435
f 2514 2515 2548
f 2547 2548 2550
f 2552 2547 2549
f 2552 2516 2514
f 2520 2521 2554
f 2553 2554 2556
f 3590 2553 2555
f 3621 2520 2553
f 2523 2309 2531
f 2557 2531 2530
f 2525 2523 2557
f 2559 2557 2558
f 2554 2559 2560
f 2521 2525 2559
f 2561 2375 2007
f 2376 2562 2225
f 2564 2565 2566
f 2563 2566 338
f 2569 2563 2567
f 2570 2564 2563
f 2572 2573 2574
f 2571 2574 2576
f 2544 2571 2575
f 2544 2434 2572
f 2578 2570 2569
f 2579 2577 2569
f 2574 2577 2579
f 2573 2578 2577
f 2581 2582 2583
f 2584 2580 2583
f 3697 3675 2580
f 3676 2581 2580
f 2582 2516 2552
f 2583 2552 2551
f 2500 2501 2589
f 2590 2588 2589
f 3693 3695 2588
f 3695 3700 2500
f 2501 2516 2591
f 2592 2593 2594
f 2386 2385 2503
f 2596 2379 2386
f 2596 2374 2373
f 2599 2596 2597
f 2599 2380 2379
f 2600 2446 2380
f 2600 2599 2598
f 2603 2600 2601
f 2603 2444 2446
f 2604 2603 2602
f 2440 2604 2605
f 2444 2603 2604
f 2606 2582 2581
f 2606 2607 2590
f 2591 2516 2582
f 3676 2587 2456
f 3689 2456 2372
f 2478 2477 2608
f 2609 2610 2611
f 2564 2570 2613
f 2612 2613 2598
f 2457 2612 2597
f 2565 2564 2612
f 2614 2613 2570
f 2615 2614 2578
f 2602 2601 2614
f 2601 2598 2613
f 2572 2434 2605
f 2616 2605 2602
f 2573 2572 2616
f 1459 1016 1045
f 1265 1215 1079
f 1612 1608 1609
f 2067 2057 2069
f 1135 1109 1136
f 1938 1937 2618
f 95 548 458
f 2058 1607 1608
f 1454 1469 1445
f 655 2620 1048
f 722 1049 2621
f 1131 985 1033
f 562 1481 366
f 1723 1719 1725
f 1786 1123 1122
f 267 300 323
f 1325 2034 1654
f 1468 1165 1435
f 658 657 529
f 8 532 247
f 382 1557 1559
f 788 619 1307
f 940 930 929
f 911 2622 2623
f 2621 2620 655
f 2624 1857 2625
f 998 1846 27
f 635 638 2626
f 2627 641 644
f 2628 2627 1840
f 1200 1199 2627
f 1199 1773 641
f 1520 515 49
f 1452 1350 1349
f 2630 2631 1859
f 644 643 1335
f 1197 1198 717
f 2632 717 719
f 2628 2632 1166
f 2629 1197 2632
f 1762 2633 1050
f 1823 870 873
f 2634 2635 794
f 1042 794 2635
f 93 94 1901
f 2036 2038 1458
f 1527 332 1525
f 877 876 1274
f 134 409 797
f 1328 893 931
f 607 777 1091
f 1043 2635 2637
f 2636 2637 2639
f 1275 2636 2638
f 1275 1040 1043
f 1272 2624 2626
f 2640 2626 638
f 1110 2641 2640
f 536 1272 2640
f 1472 708 1474
f 2042 2030 1951
f 1058 1106 1105
f 2642 2623 2643
f 1192 2642 2644
f 912 2623 2642
f 3898 1657 3526
f 1049 1048 2620
f 616 1829 1885
f 1331 1913 666
f 990 989 1198
f 1911 1912 321
f 1298 1282 1205
f 76 1490 1504
f 1502 1500 421
f 610 609 658
f 1146 937 659
f 2646 911 914
f 1280 1239 1238
f 1453 1454 1452
f 835 942 1843
f 1271 1270 1173
f 1893 1878 1826
f 1050 2633 1937
f 2651 2652 814
f 1006 1053 1281
f 2653 1084 2654
f 1001 1004 1003
f 585 997 679
f 2624 1272 621
f 555 678 2028
f 1207 526 1197
f 1626 1627 478
f 426 389 419
f 1030 1193 1773
f 3898 645 634
f 534 1533 138
f 1125 1092 1042
f 333 228 88
f 569 1570 561
f 1489 2656 871
f 1857 2624 620
f 1673 1674 3770
f 622 861 864
f 619 788 891
f 261 544 545
f 393 1555 1556
f 2658 2659 2647
f 1075 2658 2657
f 1081 1080 2658
f 1080 1139 2659
f 2644 2643 1141
f 2660 1141 1140
f 642 2660 1336
f 1193 2644 2660
f 679 678 555
f 1503 1501 1500
f 1318 1317 1101
f 2661 2659 1139
f 2661 1142 2663
f 2662 2647 2659
f 2662 2663 2622
f 2664 2622 911
f 2648 2664 2646
f 2648 2647 2662
f 2083 2094 2093
f 1442 1440 1437
f 519 329 330
f 1885 2029 1209
f 799 800 805
f 1946 1943 1952
f 1302 1301 1253
f 566 2005 224
f 1389 940 928
f 683 682 681
f 836 835 1842
f 2665 1842 1845
f 2666 2665 1303
f 24 836 2665
f 831 1072 2650
f 1845 1844 1304
f 2010 2013 2012
f 1051 1936 2667
f 1522 1521 1511
f 531 440 441
f 1250 635 2625
f 2669 2625 1857
f 783 2669 1856
f 782 1250 2669
f 720 2670 2671
f 1055 1931 1930
f 1333 1067 1251
f 619 622 1308
f 652 655 2619
f 521 522 1539
f 1838 988 537
f 2672 537 536
f 1113 2672 2641
f 1113 527 1838
f 1016 1013 1351
f 3897 573 570
f 226 227 104
f 3564 3669 3827
f 1036 1037 1884
f 2674 1301 1304
f 2673 1304 1844
f 1334 2673 2675
f 1333 2674 2673
f 2676 702 1039
f 1843 2676 2675
f 942 1074 2676
f 1074 699 702
f 752 1057 1055
f 1200 1166 656
f 1120 1846 874
f 2677 874 877
f 1241 2677 1052
f 1119 1120 2677
f 1560 1513 151
f 1208 1316 611
f 215 735 736
f 1460 1459 1462
f 1208 1207 1839
f 854 856 1282
f 72 445 182
f 544 1563 1565
f 217 200 456
f 2047 1404 930
f 1204 2618 1937
f 913 777 686
f 840 527 1113
f 1531 729 730
f 2678 778 1283
f 601 667 1914
f 1537 1538 459
f 1819 1757 3509
f 991 1860 862
f 2679 711 1073
f 2680 1830 983
f 779 2680 2256
f 778 2678 2680
f 2678 2679 1830
f 180 542 245
f 1886 1132 1131
f 1138 1137 1274
f 1841 598 1140
f 75 313 314
f 193 423 420
f 2681 2682 1099
f 170 1567 1565
f 349 416 417
f 1121 1124 2684
f 547 797 409
f 123 122 121
f 2643 2663 1142
f 1542 1544 513
f 899 900 907
f 1210 677 676
f 791 663 982
f 24 27 837
f 893 896 932
f 1860 1320 863
f 535 538 862
f 1569 1548 1547
f 181 455 542
f 660 659 937
f 2013 567 568
f 887 890 2631
f 1524 1508 361
f 520 161 162
f 2653 855 854
f 1238 1237 2655
f 718 1838 527
f 1492 1493 518
f 792 616 615
f 599 846 1835
f 290 457 456
f 312 171 1552
f 1248 2687 1179
f 153 149 177
f 1240 1181 1222
f 1257 1292 1235
f 1291 1084 1083
f 1052 877 1277
f 743 742 2618
f 444 140 430
f 23 1224 1172
f 2687 2654 1180
f 102 103 409
f 1283 607 610
f 373 497 650
f 1180 2654 1084
f 855 2653 2655
f 1173 1270 1917
f 2689 850 853
f 2688 853 1108
f 2686 2688 1279
f 2687 2689 2688
f 2691 1302 1252
f 2690 1252 850
f 1248 2690 2689
f 1248 1247 2691
f 2692 617 24
f 2691 2692 2666
f 1247 1258 2692
f 1258 1168 617
f 394 1554 1555
f 2693 1260 1259
f 1072 1236 1262
f 1257 1071 1168
f 398 439 1555
f 871 1784 1314
f 1178 1232 1249
f 1224 1289 1173
f 1010 2617 2618
f 1175 1174 1292
f 2654 2687 2686
f 2694 1157 1216
f 71 418 1487
f 701 1112 1111
f 1072 1261 2649
f 1085 2695 22
f 895 2694 1264
f 1601 1606 1605
f 1259 1262 1271
f 21 20 1220
f 988 991 538
f 598 597 1336
f 1050 860 818
f 1298 2645 1761
f 1168 1167 618
f 858 1168 1256
f 39 242 516
f 2652 1761 819
f 313 316 315
f 2026 1970 1971
f 2656 1489 596
f 814 819 818
f 2696 2651 813
f 1260 2696 2649
f 2693 2697 2696
f 2697 1296 2651
f 381 355 390
f 3818 3819 1611
f 1475 1427 1428
f 1292 1174 1917
f 1551 353 354
f 1526 1525 1523
f 1593 1589 1595
f 1232 1269 1246
f 2695 2693 1223
f 2698 1297 1296
f 2698 2697 2693
f 2685 2698 2695
f 2685 854 1297
f 562 1497 271
f 2652 2651 1296
f 1365 1366 1364
f 1958 1946 1953
f 585 588 2210
f 1561 1560 1515
f 975 2648 1146
f 347 67 68
f 1038 1111 636
f 2700 781 780
f 2699 780 1036
f 2701 2699 1883
f 851 2700 2699
f 2674 1333 2251
f 2702 2251 781
f 1253 2702 2700
f 1301 2674 2702
f 1519 387 388
f 1273 1239 1280
f 2703 1280 1107
f 2701 2703 852
f 1829 1273 2703
f 91 260 326
f 1784 871 2656
f 2683 2684 2705
f 604 1894 3499
f 1669 3534 3548
f 2062 2063 2060
f 621 535 861
f 2023 731 732
f 686 779 1263
f 857 1051 2668
f 883 830 882
f 637 636 1111
f 2668 894 893
f 2667 921 894
f 1039 1038 1068
f 313 75 1504
f 1911 1972 305
f 1936 2706 1964
f 2707 2402 2401
f 2708 2707 2183
f 738 2163 2116
f 2349 2348 2432
f 2711 2712 2020
f 2400 2711 2019
f 2714 2715 2716
f 2717 2718 2719
f 2721 2722 2723
f 2726 2727 2728
f 2725 2728 2730
f 2731 2725 2729
f 2732 2726 2725
f 2734 2735 2736
f 2738 2739 2740
f 2737 2740 2741
f 2744 2745 2746
f 2745 2744 2748
f 2749 2750 2747
f 2753 2749 2751
f 2250 1380 2246
f 2754 1396 1614
f 3598 2754 2755
f 3608 2745 2747
f 1617 2756 2755
f 2242 2758 1620
f 2191 2085 2760
f 2761 2759 2760
f 3648 2759 2761
f 3623 2191 2759
f 3209 3248 3223
f 1395 1394 2236
f 1395 2235 1636
f 1616 1635 2229
f 1617 2234 2763
f 2756 2763 3628
f 2765 2763 2234
f 2766 2764 3628
f 3202 3199 3246
f 1516 437 435
f 2768 2769 3552
f 1495 541 578
f 2135 2136 28
f 3526 3540 2773
f 1690 1689 3926
f 2778 2779 2780
f 2777 2780 2781
f 2784 2778 2777
f 3555 3521 575
f 1494 1904 9
f 3529 2016 2015
f 451 61 505
f 2786 2787 2788
f 2779 2786 2785
f 2789 2752 2741
f 2790 2753 2752
f 2792 2793 2794
f 2793 2795 2796
f 2796 2797 2750
f 2794 2796 2749
f 2798 1393 1396
f 3591 2798 2754
f 2798 2799 2800
f 3591 3662 2799
f 2797 2796 2795
f 2791 2794 2753
f 216 233 232
f 3804 2806 2807
f 3805 2809 2804
f 2769 2810 3557
f 183 185 184
f 2811 2812 2775
f 2804 2811 2776
f 2809 2813 2811
f 2812 2811 2813
f 3805 2808 2816
f 3796 2818 2815
f 3798 3800 2820
f 3793 2823 2819
f 2824 2736 2735
f 2823 2825 2824
f 2825 2823 2826
f 3793 2822 2827
f 3796 2817 2826
f 2713 2716 2829
f 2828 2829 2831
f 2822 2821 2828
f 2821 2820 2713
f 2832 2827 2822
f 2833 2832 2830
f 2834 2835 2832
f 2835 2818 2827
f 2837 2838 2839
f 2836 2839 2841
f 2842 2836 2840
f 2843 2837 2836
f 2840 2841 2845
f 2718 2844 2845
f 2730 2728 2844
f 2727 2840 2844
f 2846 2845 2841
f 2829 2846 2847
f 2847 2841 2839
f 2848 2839 2838
f 2833 2848 2849
f 2831 2847 2848
f 2850 2814 2851
f 2853 2850 2852
f 2783 2777 2782
f 2785 2788 2853
f 2780 2785 2856
f 2857 2858 2855
f 2859 2857 2782
f 2861 2843 2842
f 2860 2842 2727
f 2862 2860 2726
f 2863 2861 2860
f 2861 2863 2858
f 2843 2861 2857
f 2856 2853 2854
f 2781 2856 2864
f 2837 2843 2859
f 2838 2837 2864
f 2852 2851 2834
f 2854 2852 2849
f 2865 2815 2818
f 2851 2865 2835
f 2813 2809 2815
f 2814 2813 2865
f 2866 2812 2814
f 2788 2866 2850
f 2866 2788 2787
f 2812 2866 2867
f 1892 1889 1890
f 2720 2719 2846
f 298 299 256
f 2872 2714 2713
f 3794 3800 2735
f 2729 2730 2874
f 2846 2716 2715
f 2876 2877 2878
f 2733 2875 2878
f 3806 3807 2879
f 3806 2880 2872
f 2882 2883 2884
f 2881 2884 2715
f 2880 2881 2714
f 2879 2882 2881
f 2885 2886 2887
f 2888 2889 2890
f 2885 2890 2892
f 2893 2886 2885
f 1942 2151 2532
f 2895 2892 2720
f 2884 2895 2870
f 2883 2896 2895
f 2896 2891 2892
f 2889 2874 2717
f 2890 2717 2720
f 2897 2893 2891
f 2898 2897 2896
f 2899 2898 2883
f 2900 2899 2882
f 3797 2900 2879
f 2876 2902 2901
f 2901 2902 2904
f 1785 2656 1835
f 2905 2906 2899
f 2907 2908 2897
f 3797 2901 2903
f 632 576 577
f 3532 3547 2867
f 434 385 550
f 2768 2770 3640
f 2910 2911 1623
f 2241 2912 2758
f 3640 2770 2913
f 1623 2911 2757
f 3587 2242 2757
f 2229 1381 1380
f 2765 1630 1629
f 2915 2914 1629
f 3642 3641 2914
f 3641 3622 2765
f 2919 2916 3642
f 2918 2915 2912
f 3614 2918 2241
f 3618 2919 3613
f 3541 2177 2180
f 3521 2002 2188
f 3705 3573 714
f 2925 2766 2917
f 2924 2917 2916
f 3610 2924 2919
f 3611 2925 2924
f 2926 2927 2766
f 3658 2926 2925
f 1715 1713 1705
f 785 497 498
f 1387 651 565
f 374 375 1899
f 3573 2203 2206
f 2929 2930 2886
f 2932 2933 2934
f 1905 1906 1908
f 2930 2935 2936
f 2938 2935 2930
f 1493 369 517
f 1603 1585 1586
f 2939 2938 2929
f 2940 2939 2908
f 3665 1707 1600
f 2886 2930 2937
f 2906 2907 2898
f 2908 2929 2893
f 2942 2934 2933
f 2941 2933 2937
f 3501 2941 2936
f 3498 2942 2941
f 2943 2944 2710
f 2943 2873 2874
f 2945 2943 2889
f 2946 2944 2943
f 2932 2945 2888
f 2931 2946 2945
f 727 1928 1929
f 2903 2904 2947
f 545 594 42
f 1480 1570 533
f 2907 2906 2949
f 2906 2905 2950
f 1558 452 215
f 3799 2903 2948
f 2054 1645 1644
f 3705 3684 2203
f 1828 1837 1849
f 2953 2954 2955
f 2952 2955 2957
f 2956 2261 2258
f 2953 2952 2258
f 2454 2455 2474
f 3747 2958 2959
f 3747 2132 2131
f 2961 2962 2963
f 2958 2963 2964
f 222 221 2485
f 2477 2226 2966
f 2631 2561 2006
f 2384 2454 2496
f 2967 2968 2959
f 2968 2967 2970
f 3759 2033 2971
f 3784 2971 2960
f 2972 2971 2033
f 2007 2377 2973
f 3560 3559 2134
f 1836 1833 1832
f 3506 2188 2090
f 955 810 959
f 672 675 674
f 633 710 713
f 2024 732 733
f 2025 2024 803
f 425 1552 1550
f 2975 2976 888
f 1319 1158 1157
f 1212 1935 2977
f 889 957 2228
f 1978 1974 1975
f 1138 1078 1329
f 751 665 2979
f 1619 1613 1625
f 2252 2255 1728
f 1157 1160 845
f 2706 1936 1938
f 2980 2255 2254
f 2982 2975 887
f 802 712 711
f 678 677 2029
f 527 840 690
f 1839 1207 2629
f 2983 2984 602
f 2983 1914 1913
f 2985 2983 1331
f 2986 2984 2983
f 2987 2637 2635
f 2985 2988 2639
f 2990 1319 1318
f 2991 2992 2993
f 2995 2991 2994
f 1106 1058 2991
f 1058 1057 2992
f 1415 1406 1365
f 1317 922 2217
f 1932 1728 2255
f 926 2998 2999
f 3001 2993 2992
f 3000 2992 1057
f 2999 3000 2978
f 2998 3001 3000
f 3002 2998 2209
f 3002 3003 2996
f 2993 3001 3002
f 1103 1106 2995
f 3004 2995 2996
f 2209 2210 3004
f 588 1103 3004
f 295 296 433
f 2638 2639 2988
f 3005 2988 1056
f 1305 3005 1930
f 1276 2638 3005
f 1987 1968 1993
f 2633 1762 1761
f 1423 1422 1417
f 3561 3517 739
f 2671 2670 2704
f 1473 1872 2035
f 922 1317 2694
f 1401 1400 1378
f 556 2028 1884
f 842 848 3825
f 1854 2706 2617
f 933 1082 1081
f 1440 1441 1436
f 529 657 719
f 1031 1025 1027
f 777 913 912
f 2645 1205 1204
f 441 438 1538
f 790 1287 587
f 2065 2066 1610
f 1860 991 990
f 60 106 87
f 1424 1017 1948
f 332 1527 1507
f 261 262 138
f 187 188 449
f 1719 1720 1726
f 1931 1055 1059
f 3006 1059 1105
f 1287 3006 1104
f 1286 1931 3006
f 3007 3008 3009
f 3009 3008 653
f 618 999 26
f 2029 677 1210
f 957 601 600
f 1049 2146 2228
f 2631 890 3011
f 890 889 2227
f 3011 2227 2145
f 2561 3011 3012
f 1026 656 609
f 2706 1854 1961
f 3013 2965 2485
f 2148 2147 1267
f 3015 1267 1266
f 2997 2264 1101
f 642 641 1773
f 186 477 461
f 1041 1040 1320
f 1121 3016 3017
f 2984 2986 2987
f 3018 2987 2634
f 1048 603 3018
f 603 602 2984
f 2679 2678 801
f 2062 2072 2074
f 2061 2074 2076
f 414 303 1545
f 3016 1121 2683
f 3019 2683 2704
f 3020 3019 2670
f 3007 3016 3019
f 1871 1090 1091
f 3021 1787 1122
f 3022 3021 3017
f 1314 3021 3022
f 1784 1787 3021
f 1316 1315 1763
f 3023 3022 3010
f 3023 3009 795
f 1763 3023 1092
f 1315 3022 3023
f 3016 3007 3010
f 752 751 2978
f 2986 2639 2637
f 3024 654 653
f 3020 3024 3008
f 720 723 3024
f 723 2621 654
f 2681 1098 1268
f 2671 3025 1268
f 2705 2681 3025
f 1313 3026 3027
f 3026 3028 3029
f 3027 3029 3030
f 1311 3027 3031
f 2012 568 731
f 917 2657 974
f 743 1206 856
f 1888 2027 2030
f 2682 2705 2684
f 3032 2684 1124
f 1100 3032 2989
f 1099 2682 3032
f 1123 2990 2989
f 3033 1834 1159
f 2990 3033 1158
f 1123 1786 3033
f 1786 1785 1834
f 1054 1056 2988
f 2979 665 664
f 2623 2622 2663
f 1095 660 688
f 3034 3035 2261
f 3036 3034 2956
f 3037 3038 3034
f 3038 3039 3035
f 3040 3041 3026
f 2263 3042 3041
f 3042 3039 3043
f 3041 3043 3028
f 3044 3045 3043
f 3046 3047 3045
f 3047 3048 3049
f 3043 3045 3049
f 3038 3037 3051
f 3050 3051 3053
f 3052 3046 3044
f 3039 3038 3050
f 3054 3035 3039
f 3042 2263 2262
f 2261 3035 3054
f 2216 2263 2997
f 2212 2211 2667
f 3056 868 2209
f 934 3057 1961
f 2013 3755 3757
f 3058 3059 3060
f 3059 3062 3063
f 3060 3063 2213
f 3061 3060 1963
f 3063 3064 2214
f 3062 3065 3064
f 3065 2257 2260
f 3064 2260 2215
f 3066 3067 3031
f 2608 2966 3067
f 2966 2562 3068
f 3031 3067 3068
f 2455 2458 2461
f 2476 2223 2226
f 3551 2090 2089
f 3526 2774 3769
f 433 354 355
f 2115 1423 1419
f 3509 2868 2922
f 3769 3737 2131
f 3069 2611 2167
f 2971 2972 2928
f 2961 2774 2773
f 3070 2475 2478
f 2610 2609 3071
f 2502 2371 2374
f 3072 2592 2595
f 2964 3046 3052
f 3048 2593 3074
f 2593 2592 3075
f 3075 3030 3029
f 3074 3029 3028
f 3072 3076 3075
f 3076 3072 2482
f 2481 2608 3066
f 3076 3066 3030
f 2967 3052 3053
f 2482 3072 3073
f 479 480 493
f 706 3900 3873
f 3561 2194 2221
f 2013 2010 3754
f 3533 2032 2016
f 3562 3519 2222
f 1171 1154 1155
f 2586 2566 2565
f 2982 110 113
f 2562 2376 3077
f 2376 2375 3012
f 3012 2145 2148
f 3077 2148 3015
f 2963 3047 3046
f 3051 3078 2970
f 1683 2173 491
f 3850 2122 1447
f 1986 2181 3734
f 3079 3080 2546
f 3081 3079 2575
f 1983 1986 3768
f 3082 2323 2319
f 3080 3082 2545
f 3734 3732 3082
f 3732 3748 2323
f 1309 1471 1888
f 3073 2595 2772
f 2760 3083 3084
f 2760 2085 2088
f 3085 3084 3086
f 3089 3085 3090
f 3089 2762 3084
f 3092 3088 3090
f 3093 2748 2744
f 2751 2747 2748
f 3093 2741 2752
f 2742 2741 3093
f 3094 3093 2743
f 3096 3097 3098
f 3099 3096 3087
f 3097 3094 3095
f 3100 2743 2746
f 3101 2927 3102
f 2764 2766 2927
f 2745 2764 3101
f 3102 3092 3091
f 3100 3091 3095
f 2869 2802 3592
f 3102 3103 3104
f 3658 2868 2869
f 2927 2926 3103
f 3098 3095 3091
f 3087 3098 3090
f 2088 2125 3105
f 3083 3105 3086
f 2483 3073 2771
f 2401 2186 2185
f 3099 3086 3105
f 2125 2207 3106
f 3108 2737 2742
f 3107 2742 3094
f 3110 3108 3107
f 3109 3107 3097
f 3111 3109 3096
f 3112 3110 3109
f 3113 2738 2737
f 3115 2723 2722
f 3117 3115 3114
f 3119 3117 3116
f 3118 3116 3120
f 3116 3114 3113
f 3122 3112 3111
f 3122 3123 1755
f 3124 3125 3126
f 3125 3118 3121
f 3128 3119 3118
f 3129 3128 3125
f 2020 2712 3128
f 3853 3857 1346
f 1065 1046 1047
f 1814 3838 3830
f 2021 2020 3129
f 3111 3099 3106
f 3123 3106 2207
f 2377 2225 2224
f 3014 2485 113
f 1756 2208 3782
f 3131 3132 2530
f 3133 3131 2528
f 1753 1756 3767
f 3134 3124 3127
f 2327 2408 2314
f 2436 2318 2317
f 2018 2021 3711
f 2534 3136 3137
f 2320 2322 3136
f 2185 2018 3712
f 3138 3139 2542
f 3134 3135 3744
f 3785 3130 3134
f 3140 3138 2539
f 2535 3137 3140
f 3711 2021 3130
f 2558 2530 3132
f 3782 3760 3141
f 2560 2558 3141
f 3760 3777 3142
f 958 888 2976
f 1933 1932 2980
f 2399 2424 2418
f 2348 2342 2343
f 2322 2320 2319
f 2718 2717 2874
f 2709 2729 2873
f 2894 2871 1361
f 346 289 176
f 1876 1877 1882
f 2802 2803 3607
f 3104 3144 3088
f 2974 2222 3649
f 3089 3145 2761
f 3088 3144 3145
f 2803 2974 3603
f 3870 3909 692
f 2123 1419 1418
f 1365 1363 1368
f 1581 1766 1782
f 3569 2202 2129
f 3555 2003 2002
f 3146 2585 2551
f 3751 3146 3147
f 3742 3149 3146
f 3149 2584 2585
f 3196 3198 3197
f 3604 2192 2191
f 3142 3150 2556
f 3777 3778 3150
f 3646 3152 2550
f 3150 3151 2555
f 3778 3780 3151
f 3788 3781 3152
f 3153 3147 2551
f 3152 3153 2549
f 3781 3776 3153
f 3776 3750 3147
f 3148 2767 2206
f 2183 2401 2321
f 2132 2960 2928
f 3684 3685 2204
f 3719 2198 2197
f 2594 2962 2773
f 2595 2594 2951
f 1870 798 799
f 3713 2179 2178
f 3706 2178 3736
f 336 3154 3774
f 339 3155 3154
f 3789 3683 3149
f 3683 3697 2584
f 2963 2962 3048
f 3722 3730 337
f 339 338 2566
f 3156 3157 2168
f 2610 3156 2167
f 2954 2953 3156
f 3157 3156 2953
f 3707 2166 2169
f 2567 3158 3159
f 337 3158 2567
f 3730 3069 2166
f 3764 2190 1983
f 2579 3160 3081
f 2568 3159 3160
f 3709 2169 2190
f 3065 3062 3162
f 3161 3162 1984
f 3157 3161 2189
f 2257 3065 3161
f 734 735 1922
f 3059 3058 2708
f 3163 2708 2182
f 3162 3163 1985
f 3062 3059 3163
f 3203 3206 3205
f 2122 2119 1448
f 3817 1686 1685
f 139 140 444
f 1570 569 566
f 2957 3164 3165
f 2955 3166 3164
f 1912 454 341
f 3130 3129 3124
f 1548 322 319
f 1949 1950 1327
f 2969 2970 3078
f 3167 3078 3169
f 3724 2014 2017
f 3720 2017 2033
f 3168 3169 3165
f 3170 3165 3164
f 3779 3170 3171
f 3724 3168 3170
f 3171 3164 3166
f 3172 3166 3071
f 3752 3172 3173
f 3756 3171 3172
f 3169 3037 3036
f 2593 3048 2962
f 3173 3071 2609
f 3174 2609 2199
f 3783 3174 2198
f 3749 3173 3174
f 2190 2189 1984
f 2196 2195 2767
f 2119 2120 1414
f 1464 1463 1466
f 2199 2611 3069
f 2457 2456 2587
f 2226 2225 2562
f 481 478 1627
f 333 1512 235
f 3078 3051 3037
f 3040 2264 2997
f 2219 1934 1933
f 2385 2384 2497
f 221 2220 3175
f 2220 1933 3143
f 3175 3143 2976
f 2484 3175 2975
f 2954 3071 3166
f 2630 1858 110
f 1547 319 1952
f 2091 2090 2188
f 3733 3736 2178
f 1918 1919 1927
f 3563 112 111
f 955 956 960
f 2037 3014 112
f 3143 2980 2981
f 2218 2211 2214
f 672 3877 3787
f 2152 3013 3014
f 1147 1144 1143
f 2248 2246 1409
f 1615 1636 1635
f 1410 1409 2246
f 3241 3243 3242
f 1382 3176 3177
f 3177 1410 2247
f 2247 1383 3177
f 3176 2238 2230
f 1410 3177 3179
f 3179 3180 2243
f 1633 3181 2800
f 1621 1620 2758
f 1622 1621 2245
f 2236 1394 3181
f 2237 2236 3182
f 2250 1631 2233
f 2912 1629 1628
f 135 136 1564
f 1567 419 512
f 1085 1084 2653
f 3184 869 868
f 869 3184 3057
f 1266 1268 1098
f 1267 2147 722
f 937 1146 2646
f 2146 1049 722
f 2211 2218 921
f 1957 510 507
f 1313 1312 2264
f 1496 362 1493
f 2887 2937 2933
f 1687 1688 1659
f 145 1499 1498
f 37 38 418
f 1935 1934 3185
f 104 89 301
f 2101 2098 2083
f 543 298 360
f 1934 2219 3186
f 234 1521 212
f 3845 3821 1822
f 1976 1875 1874
f 223 3186 2219
f 3655 3656 3605
f 2165 2164 467
f 467 468 2165
f 773 476 2165
f 1935 1212 1728
f 3240 3225 3226
f 3261 3249 3250
f 3215 3216 3244
f 3265 3221 3215
f 3267 3245 3198
f 3205 3206 3269
f 3214 3211 3265
f 3271 3213 3214
f 3251 3252 3239
f 3222 3221 3266
f 3232 3235 3234
f 3216 3242 3243
f 3196 3193 3268
f 3244 3243 3254
f 3238 3239 3247
f 3264 3244 3255
f 3253 3242 3216
f 3211 3266 3221
f 3257 3217 3218
f 3258 3222 3272
f 3274 3275 3280
f 3228 3229 3262
f 3275 3231 3281
f 3226 3227 3273
f 3236 3263 3260
f 3281 3263 3236
f 3287 3271 3192
f 3235 3226 3280
f 3234 3280 3281
f 3288 3290 3259
f 3260 3250 3276
f 3289 3212 3278
f 3210 3209 3224
f 3199 3202 3201
f 3228 3231 3230
f 3290 3288 3285
f 3282 3279 3271
f 3260 3263 3262
f 3243 3241 3268
f 3267 3268 3241
f 3194 3207 3208
f 3191 3270 3269
f 3270 3191 3192
f 3275 3274 3230
f 3264 3269 3270
f 3252 3251 3276
f 3248 3252 3291
f 3213 3271 3279
f 3272 3266 3289
f 3277 3278 3212
f 3228 3263 3281
f 3220 3225 3253
f 3219 3253 3217
f 3256 3218 3222
f 3247 3239 3252
f 3245 3267 3232
f 3266 3211 3212
f 3208 3205 3255
f 3288 3289 3284
f 3204 3205 3208
f 560 1899 3187
f 3209 3210 3201
f 3189 3192 3191
f 448 1980 807
f 647 648 122
f 1833 1848 1780
f 510 509 508
f 3210 1949 1887
f 1887 15 3200
f 15 16 3197
f 16 3188 3195
f 3195 3188 3187
f 3194 3187 1899
f 3207 1899 375
f 387 173 126
f 3189 1791 1760
f 3577 763 757
f 763 3577 2172
f 3583 3582 3580
f 3581 3580 3579
f 3594 3597 3596
f 3400 3601 3602
f 3626 3624 3625
f 3631 3635 3599
f 3636 3637 3595
f 3647 3584 3588
f 3650 3582 3584
f 3653 3579 3580
f 3653 2176 3654
f 1801 1864 3656
f 3651 3580 3582
f 3644 3638 3595
f 1767 1768 3659
f 1597 3663 3661
f 1708 1707 3665
f 3671 3668 3667
f 3666 3667 3673
f 1588 1708 3664
f 2080 3671 3666
f 2082 3666 3672
f 3674 3677 3635
f 3677 3678 3636
f 3682 3647 3645
f 3692 3651 3650
f 3681 3645 3644
f 786 3694 3692
f 3694 3653 3651
f 785 3692 3686
f 497 3686 3682
f 650 3682 3681
f 3696 564 3681
f 3405 3606 3605
f 3702 3699 3678
f 3699 3698 3679
f 3645 3588 3638
f 1799 3657 3659
f 3708 3704 3458
f 3462 3710 3708
f 3714 463 564
f 3615 3606 3602
f 3710 3714 3696
f 3635 3636 3596
f 3629 3626 3627
f 3597 3600 3599
f 3630 3716 3715
f 3627 3625 3597
f 3717 3716 3723
f 3715 3663 3660
f 3716 3717 3725
f 3668 3665 3661
f 3668 3725 3717
f 3667 3717 3718
f 3727 3728 3673
f 3728 1576 3672
f 3726 3727 3718
f 1576 2101 2084
f 3727 3726 3731
f 3203 376 1387
f 3190 1387 1791
f 3283 2152 1949
f 317 240 259
f 2000 2176 3653
f 3601 3599 3600
f 3589 3588 3584
f 3577 758 756
f 3585 3584 3582
f 3678 3679 3637
f 3204 375 376
f 1801 3655 3657
f 3729 3735 3728
f 1575 3735 3738
f 3735 1575 1576
f 1776 1795 1796
f 1293 1294 1290
f 1326 14 1327
f 1294 1245 1234
f 878 1244 1330
f 497 373 374
f 122 648 413
f 3699 3702 3704
f 3606 3405 3401
f 3708 3710 3698
f 3464 3714 3710
f 3704 3674 3443
f 439 398 399
f 1512 1528 1526
f 1668 1741 1738
f 839 849 1362
f 1362 1357 826
f 3843 740 1896
f 2053 2054 2118
f 3888 3887 2120
f 696 697 3816
f 1826 1878 639
f 3740 3739 3729
f 956 885 886
f 1980 806 1922
f 33 34 105
f 1343 1344 3856
f 3907 2127 2128
f 1766 1581 1582
f 14 1326 2163
f 595 98 99
f 3233 3238 3246
f 1346 1035 1044
f 748 1888 1425
f 3193 3208 3254
f 3190 3191 3206
f 3612 3605 3606
f 3624 3612 3615
f 3631 3415 3443
f 3679 3680 3644
f 3686 3650 3647
f 3702 3677 3674
f 3625 3615 3600
f 3601 3400 3415
f 3739 3738 3735
f 3630 3627 3594
f 3741 3723 3716
f 1284 1290 1288
f 3698 3696 3680
f 1778 1781 1780
f 1792 1759 1584
f 695 570 571
f 3638 3741 3594
f 3741 3638 3588
f 3247 3248 3209
f 3292 3293 3294
f 3296 3297 3298
f 3299 3298 3300
f 3302 3303 3304
f 3306 3307 3308
f 3307 3310 3311
f 3303 3302 3301
f 3312 3305 3304
f 3314 3315 3316
f 3318 3319 3320
f 3324 3318 3321
f 3326 3327 3328
f 3329 3330 3331
f 3333 3334 3335
f 3337 3338 3339
f 3333 3336 3341
f 3342 3341 3343
f 3319 3345 3344
f 3338 3335 3334
f 3346 3301 3302
f 3305 3348 3347
f 3312 3224 3223
f 3350 3337 3340
f 3312 3349 3348
f 3352 3343 3341
f 3311 3353 3354
f 3341 3336 3327
f 3359 3360 3361
f 3360 3359 3250
f 3318 3363 3345
f 3364 3363 3318
f 3314 3364 3324
f 3366 3299 3301
f 3299 3366 3367
f 3308 3354 3368
f 3369 3317 3295
f 3317 3369 3364
f 3370 3295 3317
f 3325 3371 3365
f 3352 3320 3319
f 3296 3367 3353
f 3297 3296 3311
f 3363 3368 3354
f 3345 3354 3353
f 3344 3353 3367
f 3366 3333 3342
f 3347 3339 3334
f 3339 3347 3348
f 3348 3349 3351
f 3363 3364 3369
f 3294 3309 3368
f 3293 3306 3309
f 3331 3373 3374
f 3346 3334 3333
f 3323 3322 3352
f 3356 3355 3321
f 3355 3357 3325
f 3357 3358 3371
f 3322 3356 3320
f 3361 3330 3329
f 3373 3372 3375
f 3374 3375 3376
f 3329 3332 3376
f 3327 3375 3372
f 3336 3335 3375
f 3335 3338 3376
f 3376 3338 3337
f 3337 3350 3359
f 3359 3350 3276
f 3377 3292 3295
f 3277 3316 3315
f 3371 3378 3379
f 3378 3371 3358
f 3365 3379 3315
f 3316 3277 3279
f 3282 3377 3370
f 3313 3283 3224
f 3378 3285 3284
f 3380 3286 3285
f 3379 3284 3278
f 3276 3350 3351
f 3291 3351 3349
f 3313 3304 2965
f 2965 3304 3303
f 222 3303 3300
f 223 3300 3298
f 3298 3297 3185
f 3297 3310 2977
f 3310 3307 1213
f 3307 3306 1214
f 2532 1214 3306
f 2894 2532 3293
f 2871 2894 3292
f 3253 3225 3240
f 3283 3313 3013
f 1997 1996 1889
f 1237 745 744
f 1535 1534 120
f 1531 1532 201
f 1119 1241 1032
f 946 948 824
f 163 8 5
f 3589 3726 3723
f 1155 1156 1162
f 427 213 327
f 553 1902 796
f 3381 2232 2231
f 3381 3178 2230
f 2237 3183 3180
f 3383 3384 3385
f 3384 3386 3387
f 3386 3388 3389
f 3388 3390 3391
f 3392 3393 3394
f 3395 3394 3396
f 3398 3399 3397
f 3400 3401 3399
f 3403 3404 3405
f 3406 3407 3404
f 3408 3409 3407
f 3410 3411 3409
f 3412 3413 3411
f 3415 3400 3398
f 3414 3398 3396
f 3416 3396 3394
f 3417 3394 3393
f 3393 3419 3420
f 3419 3390 3421
f 3390 3388 3422
f 3388 3386 3423
f 3386 3384 3424
f 3384 3383 3425
f 3425 3383 3426
f 2904 3427 3428
f 3429 3427 2904
f 3430 3429 2902
f 2875 3431 3430
f 3432 3433 2733
f 2825 3434 3435
f 3437 3438 3439
f 3441 3437 3436
f 2724 2723 3434
f 3436 3439 3115
f 3440 3436 3117
f 3443 3415 3414
f 3442 3414 3416
f 3444 3416 3417
f 3445 3417 3418
f 3446 3418 3420
f 3420 3421 3448
f 3421 3422 3449
f 3422 3423 3450
f 3423 3424 3451
f 3424 3425 3452
f 3425 3184 3056
f 3451 3452 2253
f 3450 3451 2252
f 3449 3450 1727
f 3448 3449 2150
f 3453 3447 3448
f 3454 3446 3447
f 3455 3445 3446
f 3456 3444 3445
f 3442 3444 3456
f 3443 3442 3457
f 3459 3460 3458
f 3457 3456 3455
f 3459 3455 3454
f 3462 3460 3459
f 3461 3454 3453
f 3464 3462 3461
f 3463 3453 1941
f 3404 3399 3401
f 3407 3397 3399
f 3409 3395 3397
f 3411 3392 3395
f 3465 3466 3413
f 3467 3468 3469
f 3465 3412 3431
f 3470 3467 3466
f 3438 3470 3432
f 3467 3470 3438
f 3468 3467 3437
f 3471 3469 3468
f 3472 3468 3441
f 3473 3441 3440
f 2712 3440 3119
f 3475 3471 3472
f 3474 3472 3473
f 3476 3473 2712
f 3477 3476 2711
f 3478 3474 3476
f 3479 3475 3474
f 3392 3411 3413
f 3466 3469 3480
f 3419 3393 3392
f 3390 3419 3480
f 3469 3471 3391
f 3389 3391 3471
f 3387 3389 3475
f 3385 3387 3479
f 3482 3477 2400
f 3483 3478 3477
f 3481 3479 3478
f 3484 3482 2402
f 3058 3484 2707
f 3061 3485 3484
f 3485 3483 3482
f 3382 3385 3481
f 3486 3481 3483
f 3426 3383 3382
f 3487 3382 3486
f 3486 3485 3061
f 1961 3057 3487
f 3057 3184 3426
f 3428 3403 3402
f 3427 3406 3403
f 3429 3408 3406
f 3430 3410 3408
f 3431 3412 3410
f 3470 3465 3433
f 3434 3439 3438
f 2723 3115 3439
f 2875 2733 3433
f 2736 2824 3435
f 2947 3428 3488
f 3464 3463 1360
f 1900 1925 1924
f 1736 1717 1718
f 1955 1952 1943
f 1671 1738 1735
f 1696 1750 1698
f 1800 1865 1864
f 2063 2055 2056
f 1737 1734 1717
f 1751 1735 1697
f 943 3885 3899
f 3656 3488 3402
f 1577 1578 1764
f 3917 1598 1599
f 1945 146 82
f 68 6 7
f 147 1542 1543
f 1109 1135 1133
f 1503 1910 1907
f 1499 1501 1909
f 452 1922 735
f 1824 2068 3835
f 1825 2067 2068
f 1463 1462 1022
f 841 1012 1009
f 1568 1547 1955
f 1910 1503 1502
f 1939 1502 422
f 309 280 1940
f 1804 1851 1866
f 269 1482 1954
f 2065 1607 2060
f 3812 1685 1758
f 280 276 552
f 1875 1873 1869
f 1739 1721 1734
f 1778 1779 1790
f 310 1920 1915
f 1909 1908 1906
f 1789 1783 1778
f 978 981 980
f 1584 1759 1731
f 425 426 311
f 148 1543 115
f 2044 3897 3894
f 277 1910 1939
f 1943 1946 1945
f 1461 1462 1463
f 2253 3452 3056
f 2981 2254 3489
f 2209 2998 3489
f 2254 2253 3055
f 2998 926 958
f 2826 2817 2721
f 3490 2739 2721
f 2816 3491 3490
f 2334 2297 2296
f 2298 2297 2334
f 2301 2298 2336
f 2311 2301 2338
f 2312 2311 2354
f 2359 2358 2361
f 2335 2296 2359
f 2414 2413 2365
f 2413 2270 2361
f 2355 2352 2540
f 2541 2540 2539
f 2722 2721 2739
f 3114 2722 2738
f 3110 3112 3121
f 3108 3110 3120
f 3122 1754 3127
f 3112 3122 3126
f 3127 1754 1753
f 3139 3133 2529
f 3744 3775 3133
f 3490 2789 2740
f 3491 2790 2789
f 228 229 91
f 245 244 243
f 248 7 247
f 2 297 296
f 145 146 300
f 327 213 210
f 329 332 331
f 239 241 240
f 373 376 375
f 178 177 176
f 1218 1225 1228
f 3862 1231 1295
f 808 809 824
f 3858 3859 1013
f 3813 3810 1411
f 2154 2149 2159
f 3845 3835 1758
f 306 807 1922
f 2157 2153 1976
f 708 709 2031
f 1450 1226 1227
f 1672 1604 1605
f 1813 1814 1821
f 1717 1716 1715
f 176 159 402
f 1710 1705 3916
f 1712 1580 1577
f 1705 1713 1711
f 971 978 979
f 822 823 1094
f 2909 2810 2793
f 2810 2769 2795
f 2799 2910 2249
f 3662 3643 2910
f 2769 2768 2801
f 3177 3176 3178
f 3178 3381 3180
f 3181 1394 1393
f 3181 1633 1632
f 3182 1632 2244
f 3183 2244 2243
f 3492 2791 2790
f 2808 3492 3491
f 2239 3574 3572
f 1149 1150 3571
f 1150 2009 3567
f 2202 3569 3566
f 2921 3564 3565
f 3568 3560 2133
f 1777 1579 1759
f 1201 1196 1183
f 3561 3554 2195
f 3553 3576 2770
f 3927 3925 1687
f 1516 152 154
f 3549 3562 2974
f 3550 3548 2779
f 2771 2772 3575
f 3070 2771 3546
f 3547 3544 2775
f 1376 1375 1370
f 2767 3543 3556
f 2195 3554 3543
f 2775 3544 3542
f 3377 3282 3545
f 3804 3802 3539
f 2776 3542 3538
f 2240 3572 3535
f 2920 3535 3669
f 3548 3534 2786
f 1805 1850 1851
f 3534 3532 2787
f 2951 2773 3540
f 2772 2951 3531
f 2973 2224 3530
f 2224 2223 3537
f 1957 1953 320
f 306 305 304
f 2770 3576 3528
f 2913 3528 3574
f 2923 3565 3527
f 308 1940 431
f 207 208 132
f 1879 1876 1881
f 3733 3787 3525
f 2475 3070 3558
f 2476 2475 3524
f 2223 2476 3523
f 3522 3549 2803
f 2037 3563 11
f 1959 1958 450
f 2003 3555 3520
f 9 10 334
f 2009 2008 3518
f 2008 2973 3536
f 3877 672 673
f 3515 3550 2778
f 2935 3514 3513
f 111 1149 3570
f 3510 3514 2935
f 683 3876 3885
f 3508 3557 2810
f 736 733 732
f 1795 1804 1803
f 3505 3510 2938
f 3507 3505 2939
f 2950 3512 3504
f 2940 2949 3504
f 3801 3791 3512
f 2868 3509 3502
f 2869 3502 3522
f 1024 1034 1023
f 3500 3503 2948
f 551 1939 442
f 2972 3499 3568
f 2032 3533 3499
f 216 93 1924
f 203 202 201
f 1828 1848 1847
f 1958 1957 449
f 272 271 178
f 2871 3545 3495
f 3619 3669 3564
f 2801 2768 3643
f 2005 3758 3654
f 960 886 899
f 3657 3655 3612
f 3780 3788 3646
f 3151 3646 3593
f 2193 3604 3623
f 3607 3603 3145
f 3603 3649 2761
f 3592 3607 3144
f 2926 3658 3634
f 3634 3592 3104
f 3755 3754 3746
f 566 567 3758
f 3488 3656 1864
f 1602 1586 2079
f 2868 3658 3611
f 2922 3611 3610
f 2923 3610 3618
f 3670 3613 2918
f 3619 3670 3614
f 2921 3618 3670
f 2920 3614 3586
f 3613 3642 2915
f 2917 2766 3622
f 2916 2917 3641
f 2239 3587 3652
f 2911 3640 3652
f 3643 3640 2911
f 2797 2801 3662
f 2797 3591 3598
f 3622 3628 2763
f 3608 3628 2764
f 2194 3623 3648
f 2221 3648 3649
f 2756 3608 3609
f 2750 3598 3609
f 3669 3535 1817
f 3763 3770 1691
f 2515 3621 3590
f 2548 3590 3593
f 2513 2489 3632
f 2513 3616 3621
f 2509 3633 3620
f 2510 3632 3633
f 2289 3620 3639
f 2283 3639 3617
f 2240 3586 3587
f 3659 3657 3624
f 716 2121 3887
f 727 1999 3761
f 2165 2171 2170
f 3660 3659 3626
f 3743 3581 3578
f 2175 2172 769
f 2100 500 2095
f 3758 567 3757
f 640 3560 3568
f 1653 3576 3553
f 1895 3536 3530
f 746 3530 3537
f 1653 1810 3528
f 3762 1603 1604
f 2093 2075 2073
f 959 996 995
f 962 899 919
f 1400 1401 1398
f 1000 817 1127
f 956 959 884
f 1662 3548 3550
f 2034 3558 3546
f 3926 1689 3539
f 3535 3572 766
f 3572 3574 765
f 334 3570 3571
f 1868 3531 3540
f 1684 1651 1652
f 1682 1683 775
f 1585 1603 3762
f 3763 3762 1672
f 2173 2174 490
f 1658 3544 3547
f 3556 3543 1650
f 1571 3754 2010
f 1587 3664 3671
f 2099 2095 2077
f 787 3761 1999
f 2000 3694 786
f 3155 339 3697
f 3713 3155 3683
f 2180 2179 3685
f 3496 2180 3684
f 1684 3846 3840
f 1760 464 3495
f 2607 3689 3693
f 2581 3676 3689
f 2371 2502 3700
f 2371 3695 3693
f 2587 3676 3675
f 2586 3675 3697
f 2497 3691 3687
f 2502 2503 3687
f 2494 3691 3690
f 3690 3688 2472
f 3688 3701 2468
f 3701 3703 2469
f 726 3908 3892
f 581 3567 3518
f 10 3511 3570
f 1837 3514 3510
f 741 3537 3523
f 1299 3524 3558
f 1851 3507 3504
f 3527 3565 1820
f 580 3518 3536
f 1758 1685 3522
f 1693 3557 3508
f 3504 3512 1867
f 1894 1826 3568
f 2126 1418 3813
f 3906 2126 3841
f 2113 3911 3867
f 2179 3713 3789
f 624 3903 3904
f 2192 3604 3788
f 2177 3541 3787
f 1364 3824 3833
f 3858 3855 1470
f 3135 1753 3775
f 2069 3812 3835
f 1351 3861 3853
f 2108 3882 3901
f 2089 2092 3736
f 3828 3834 1358
f 2001 3749 3783
f 2187 3783 3719
f 2130 3756 3752
f 2004 3752 3749
f 2014 3724 3779
f 2201 3779 3756
f 3167 3720 3759
f 3168 3724 3720
f 3159 3709 3764
f 3160 3764 3765
f 3730 3707 3158
f 3158 3707 3709
f 2200 3069 3730
f 3685 3789 3742
f 3722 3774 2197
f 3790 3736 2092
f 3774 3790 3721
f 3154 3706 3790
f 3155 3713 3706
f 2091 3719 3721
f 2196 3148 3750
f 2193 2196 3776
f 3604 2193 3781
f 2086 2192 3780
f 2087 2086 3778
f 2204 3742 3751
f 2205 3751 3750
f 3909 3886 574
f 2124 2087 3777
f 2208 2124 3760
f 3711 3785 3140
f 3785 3745 3138
f 3745 3744 3139
f 3771 3712 3136
f 3712 3711 3137
f 3775 3767 3131
f 3767 3782 3132
f 1813 3839 3838
f 1293 3854 3856
f 2184 2321 3748
f 2181 2184 3732
f 3765 3768 3079
f 3768 3734 3080
f 709 3873 3875
f 2774 2961 3737
f 3786 3769 2134
f 3809 3808 766
f 2968 3784 3766
f 2969 3759 3784
f 2958 3747 3737
f 2132 3747 3766
f 2321 2185 3771
f 3860 3848 1449
f 3905 3874 582
f 3886 3889 577
f 3847 3826 1818
f 705 3902 3887
f 3816 3912 3907
f 2111 3883 3911
f 3810 3829 1366
f 1812 3839 3822
f 675 3851 3852
f 3496 3705 3851
f 2110 3867 3868
f 2104 3896 3901
f 2109 3868 3899
f 3842 3831 703
f 1680 3811 3846
f 1639 1627 3819
f 623 3904 3906
f 2139 2140 3866
f 1808 1640 3844
f 3820 3821 1819
f 3872 3914 3900
f 1646 3832 3830
f 3889 3890 633
f 2139 3865 3875
f 2156 2155 3871
f 674 3852 3913
f 2117 3817 3812
f 1815 3822 3847
f 3855 3849 1444
f 697 3906 3912
f 866 842 3836
f 3864 3869 2136
f 3585 3731 3726
f 3583 3740 3731
f 3753 3746 3738
f 3740 3583 3581
f 1088 3738 3746
f 3739 3740 3743
f 2791 3492 3493
f 3492 2808 2807
f 2792 3493 3494
f 3493 2807 2806
f 3508 2909 3494
f 3516 3494 2806
f 2948 3503 3791
f 2105 3908 3896
f 3538 3802 3804
f 680 3878 3876
f 1891 1890 3910
f 2905 3799 3801
f 2900 3797 3799
f 2901 3797 3807
f 2734 2878 3806
f 2877 3807 3806
f 2820 3800 3794
f 2818 3796 3792
f 2823 3793 3792
f 2822 3793 3798
f 2819 2735 3800
f 2817 3796 3795
f 2809 3805 3795
f 2808 3805 3803
f 2805 3804 3803
f 1702 3921 3923
f 3922 3920 1797
f 3915 3916 1706
f 3918 3927 1692
f 1657 3898 3880
f 1890 1877 3895
f 3772 3770 1674
f 1689 1690 3772
f 3926 3802 3538
f 3516 3539 1689
f 3917 3923 1703
f 1598 3917 3928
f 3880 3884 1876
f 1691 1690 3925
f 3925 3926 1688
f 3934 3933 3937
f 3934 3938 3939
f 3932 3936 3937
f 3938 3942 3943
f 3937 3936 3940
f 3937 3941 3942
f 3942 3946 3947
f 3941 3940 3944
f 3942 3941 3945
f 3947 3946 3950
f 3944 3948 3949
f 3945 3949 3950
f 3950 3954 3955
f 3949 3948 3952
f 3950 3949 3953
f 3955 3954 3958
f 3953 3952 3956
f 3953 3957 3958
f 3959 3958 3962
f 3957 3956 3960
f 3958 3957 3961
f 3962 3966 3967
f 3960 3964 3965
f 3961 3965 3966
f 3966 3970 3971
f 3965 3964 3968
f 3966 3965 3969
f 3970 3974 3975
f 3968 3972 3973
f 3969 3973 3974
f 3974 3978 3979
f 3973 3972 3976
f 3974 3973 3977
f 3979 3978 3982
f 3976 3980 3981
f 3977 3981 3982
f 3982 3986 3987
f 3981 3980 3984
f 3982 3981 3985
f 3987 3986 3990
f 3984 3988 3989
f 3985 3989 3990
f 3991 3990 3994
f 3989 3988 3992
f 3990 3989 3993
f 3995 3994 3998
f 3992 3996 3997
f 3993 3997 3998
f 3998 4002 4003
f 3997 3996 4000
f 3998 3997 4001
f 4002 4006 4007
f 4000 4004 4005
f 4001 4005 4006
f 4006 4010 4011
f 4005 4004 4008
f 4006 4005 4009
f 4011 4010 4014
f 4008 4012 4013
f 4009 4013 4014
f 4014 4018 4019
f 4013 4012 4016
f 4014 4013 4017
f 4019 4018 4022
f 4016 4020 4021
f 4017 4021 4022
f 4023 4022 4026
f 4021 4020 4024
f 4022 4021 4025
f 4027 4026 4030
f 4024 4028 4029
f 4025 4029 4030
f 4031 4030 4034
f 4029 4028 4032
f 4030 4029 4033
f 4034 4038 4039
f 4032 4036 4037
f 4033 4037 4038
f 4038 4042 4043
f 4037 4036 4040
f 4038 4037 4041
f 4043 4042 4046
f 4040 4044 4045
f 4041 4045 4046
f 4046 4050 4051
f 4045 4044 4048
f 4046 4045 4049
f 4051 4050 4055
f 4048 4053 4054
f 4049 4054 4055
f 4056 4055 4059
f 4053 4057 4058
f 4055 4054 4058
f 4060 4059 3934
f 4058 4057 3932
f 4058 3933 3934
f 4069 4068 4081
f 4066 4079 4080
f 4065 4064 4077
f 4063 4062 4075
f 4071 4084 4085
f 4069 4082 4083
f 4067 4080 4081
f 4066 4065 4078
f 4063 4076 4077
f 4061 4074 4075
f 4072 4085 4086
f 4071 4070 4083
f 4076 4089 4090
f 4074 4087 4088
f 4086 4085 4098
f 4083 4096 4097
f 4082 4081 4094
f 4079 4092 4093
f 4078 4077 4090
f 4076 4075 4088
f 4085 4084 4097
f 4082 4095 4096
f 4080 4093 4094
f 4079 4078 4091
f 4089 4102 4103
f 4088 4087 4100
f 4098 4111 4112
f 4096 4109 4110
f 4095 4094 4107
f 4092 4105 4106
f 4090 4103 4104
f 4089 4088 4101
f 4097 4110 4111
f 4095 4108 4109
f 4094 4093 4106
f 4092 4091 4104
f 4103 4102 4115
f 4100 4113 4114
f 4112 4111 4124
f 4110 4109 4122
f 4107 4120 4121
f 4105 4118 4119
f 4103 4116 4117
f 4101 4114 4115
f 4110 4123 4124
f 4109 4108 4121
f 4107 4106 4119
f 4105 4104 4117
f 4115 4128 4129
f 4114 4113 4126
f 4124 4137 4138
f 4123 4122 4135
f 4120 4133 4134
f 4119 4118 4131
f 4117 4116 4129
f 4114 4127 4128
f 4124 4123 4136
f 4122 4121 4134
f 4119 4132 4133
f 4117 4130 4131
f 4129 4128 4141
f 4126 4139 4140
f 4138 4137 4150
f 4136 4135 4148
f 4133 4146 4147
f 4131 4144 4145
f 4130 4129 4142
f 4127 4140 4141
f 4137 4136 4149
f 4135 4134 4147
f 4132 4145 4146
f 4131 4130 4143
f 4142 4141 4154
f 4140 4139 4152
f 4150 4163 4164
f 4149 4148 4161
f 4146 4159 4160
f 4144 4157 4158
f 4142 4155 4156
f 4140 4153 4154
f 4149 4162 4163
f 4148 4147 4160
f 4146 4145 4158
f 4144 4143 4156
f 4155 4154 4167
f 4153 4152 4165
f 4163 4176 4177
f 4161 4174 4175
f 4159 4172 4173
f 4158 4157 4170
f 4155 4168 4169
f 4153 4166 4167
f 4163 4162 4175
f 4161 4160 4173
f 4159 4158 4171
f 4156 4169 4170
f 4167 4180 4181
f 4165 4178 4179
f 4176 4189 4190
f 4175 4174 4187
f 4173 4172 4185
f 4170 4183 4184
f 4169 4168 4181
f 4167 4166 4179
f 4175 4188 4189
f 4173 4186 4187
f 4171 4184 4185
f 4170 4169 4182
f 4180 4193 4194
f 4178 4191 4192
f 4190 4189 4202
f 4187 4200 4201
f 4186 4185 4198
f 4183 4196 4197
f 4182 4181 4194
f 4180 4179 4192
f 4189 4188 4201
f 4186 4199 4200
f 4184 4197 4198
f 4183 4182 4195
f 4193 4206 4207
f 4192 4191 4204
f 4202 4215 4216
f 4200 4213 4214
f 4199 4198 4211
f 4196 4209 4210
f 4194 4207 4208
f 4193 4192 4205
f 4201 4214 4215
f 4199 4212 4213
f 4198 4197 4210
f 4196 4195 4208
f 4207 4206 4219
f 4204 4217 4218
f 4216 4215 4228
f 4213 4226 4227
f 4211 4224 4225
f 4209 4222 4223
f 4207 4220 4221
f 4205 4218 4219
f 4214 4227 4228
f 4213 4212 4225
f 4211 4210 4223
f 4209 4208 4221
f 4219 4232 4233
f 4218 4217 4230
f 4228 4241 4242
f 4226 4239 4240
f 4225 4224 4237
f 4223 4222 4235
f 4221 4220 4233
f 4218 4231 4232
f 4228 4227 4240
f 4226 4225 4238
f 4223 4236 4237
f 4221 4234 4235
f 4233 4232 4245
f 4230 4243 4244
f 4242 4241 4254
f 4240 4239 4252
f 4237 4250 4251
f 4235 4248 4249
f 4234 4233 4246
f 4231 4244 4245
f 4241 4240 4253
f 4239 4238 4251
f 4236 4249 4250
f 4235 4234 4247
f 4246 4245 4258
f 4244 4243 4256
f 4254 4267 4268
f 4253 4252 4265
f 4250 4263 4264
f 4248 4261 4262
f 4246 4259 4260
f 4244 4257 4258
f 4253 4266 4267
f 4252 4251 4264
f 4250 4249 4262
f 4248 4247 4260
f 4259 4258 4271
f 4257 4256 4269
f 4267 4280 4281
f 4265 4278 4279
f 4263 4276 4277
f 4262 4261 4274
f 4259 4272 4273
f 4257 4270 4271
f 4266 4279 4280
f 4265 4264 4277
f 4263 4262 4275
f 4260 4273 4274
f 4271 4284 4285
f 4269 4282 4283
f 4281 4280 4293
f 4279 4278 4291
f 4277 4276 4289
f 4274 4287 4288
f 4273 4272 4285
f 4271 4270 4283
f 4280 4279 4292
f 4277 4290 4291
f 4275 4288 4289
f 4274 4273 4286
f 4284 4297 4298
f 4282 4295 4296
f 4294 4293 4306
f 4291 4304 4305
f 4290 4289 4302
f 4287 4300 4301
f 4286 4285 4298
f 4284 4283 4296
f 4293 4292 4305
f 4290 4303 4304
f 4288 4301 4302
f 4287 4286 4299
f 4297 4310 4311
f 4296 4295 4308
f 4306 4319 4320
f 4304 4317 4318
f 4303 4302 4315
f 4300 4313 4314
f 4298 4311 4312
f 4297 4296 4309
f 4305 4318 4319
f 4304 4303 4316
f 4302 4301 4314
f 4300 4299 4312
f 4310 4323 4324
f 4308 4321 4322
f 4320 4319 4332
f 4318 4317 4330
f 4316 4315 4328
f 4313 4326 4327
f 4311 4324 4325
f 4310 4309 4322
f 4318 4331 4332
f 4316 4329 4330
f 4315 4314 4327
f 4312 4325 4326
f 4323 4336 4337
f 4322 4321 4334
f 4332 4345 4346
f 4330 4343 4344
f 4329 4328 4341
f 4327 4326 4339
f 4325 4324 4337
f 4322 4335 4336
f 4332 4331 4344
f 4330 4329 4342
f 4327 4340 4341
f 4325 4338 4339
f 4337 4336 4350
f 4334 4348 4349
f 4346 4345 4359
f 4344 4343 4357
f 4341 4355 4356
f 4340 4339 4353
f 4338 4337 4351
f 4335 4349 4350
f 4345 4344 4358
f 4343 4342 4356
f 4340 4354 4355
f 4338 4352 4353
f 4351 4350 4363
f 4349 4348 4361
f 4359 4372 4373
f 4358 4357 4370
f 4355 4368 4369
f 4354 4353 4366
f 4351 4364 4365
f 4349 4362 4363
f 4358 4371 4372
f 4357 4356 4369
f 4355 4354 4367
f 4352 4365 4366
f 4364 4363 4376
f 4362 4361 4374
f 4373 4372 4385
f 4370 4383 4384
f 4368 4381 4382
f 4367 4366 4379
f 4364 4377 4378
f 4362 4375 4376
f 4372 4371 4384
f 4370 4369 4382
f 4368 4367 4380
f 4365 4378 4379
f 4376 4389 4390
f 4374 4387 4388
f 4385 4398 4399
f 4384 4383 4396
f 4382 4381 4394
f 4379 4392 4393
f 4378 4377 4390
f 4376 4375 4388
f 4384 4397 4398
f 4382 4395 4396
f 4380 4393 4394
f 4379 4378 4391
f 4389 4402 4403
f 4387 4400 4401
f 4399 4398 4411
f 4396 4409 4410
f 4395 4394 4407
f 4393 4392 4405
f 4391 4390 4403
f 4389 4388 4401
f 4398 4397 4410
f 4395 4408 4409
f 4393 4406 4407
f 4391 4404 4405
f 4402 4415 4416
f 4401 4400 4413
f 4411 4424 4425
f 4409 4422 4423
f 4408 4407 4420
f 4406 4405 4418
f 4403 4416 4417
f 4402 4401 4414
f 4410 4423 4424
f 4408 4421 4422
f 4407 4406 4419
f 4404 4417 4418
f 4416 4415 4428
f 4413 4426 4427
f 4425 4424 4437
f 4423 4422 4435
f 4421 4420 4433
f 4418 4431 4432
f 4416 4429 4430
f 4415 4414 4427
f 4423 4436 4437
f 4421 4434 4435
f 4420 4419 4432
f 4418 4417 4430
f 4428 4441 4442
f 4426 4439 4440
f 4437 4450 4451
f 4435 4448 4449
f 4434 4433 4446
f 4432 4431 4444
f 4430 4429 4442
f 4427 4440 4441
f 4437 4436 4449
f 4435 4434 4447
f 4432 4445 4446
f 4430 4443 4444
f 4442 4441 4454
f 4439 4452 4453
f 4451 4450 4463
f 4449 4448 4461
f 4446 4459 4460
f 4444 4457 4458
f 4443 4442 4455
f 4440 4453 4454
f 4450 4449 4462
f 4447 4460 4461
f 4445 4458 4459
f 4444 4443 4456
f 4455 4454 4467
f 4453 4452 4465
f 4463 4476 4477
f 4462 4461 4474
f 4459 4472 4473
f 4457 4470 4471
f 4455 4468 4469
f 4453 4466 4467
f 4462 4475 4476
f 4461 4460 4473
f 4459 4458 4471
f 4457 4456 4469
f 4468 4467 4063
f 4466 4465 4061
f 4477 4476 4072
f 4474 4070 4071
f 4472 4068 4069
f 4471 4470 4066
f 4468 4064 4065
f 4466 4062 4063
f 4476 4475 4071
f 4474 4473 4069
f 4472 4471 4067
f 4469 4065 4066
f 3935 4061 4465
f 4465 4452 4056
f 4452 4439 4051
f 4439 4426 4047
f 4047 4426 4413
f 4043 4413 4400
f 4039 4400 4387
f 4387 4374 4031
f 4031 4374 4361
f 4361 4348 4023
f 4348 4334 4019
f 4334 4321 4015
f 4015 4321 4308
f 4011 4308 4295
f 4007 4295 4282
f 4282 4269 3999
f 3999 4269 4256
f 4256 4243 3991
f 4243 4230 3987
f 4230 4217 3983
f 3983 4217 4204
f 3979 4204 4191
f 3975 4191 4178
f 4178 4165 3967
f 3967 4165 4152
f 4152 4139 3959
f 4139 4126 3955
f 4126 4113 3951
f 3951 4113 4100
f 3947 4100 4087
f 3943 4087 4074
f 4074 4061 3935
f 4480 4479 4483
f 4480 4484 4485
f 4479 4478 4482
f 4484 4488 4489
f 4482 4486 4487
f 4483 4487 4488
f 4488 4492 4493
f 4487 4486 4490
f 4488 4487 4491
f 4493 4492 4496
f 4490 4494 4495
f 4491 4495 4496
f 4496 4500 4501
f 4495 4494 4498
f 4496 4495 4499
f 4501 4500 4504
f 4498 4502 4503
f 4499 4503 4504
f 4505 4504 4508
f 4503 4502 4506
f 4504 4503 4507
f 4509 4508 4512
f 4506 4510 4511
f 4507 4511 4512
f 4513 4512 4516
f 4511 4510 4514
f 4512 4511 4515
f 4516 4520 4521
f 4514 4518 4519
f 4515 4519 4520
f 4520 4524 4525
f 4518 4522 4523
f 4520 4519 4523
f 4525 4524 4528
f 4522 4526 4527
f 4523 4527 4528
f 4528 4532 4533
f 4527 4526 4530
f 4528 4527 4531
f 4533 4532 4536
f 4530 4534 4535
f 4531 4535 4536
f 4537 4536 4540
f 4534 4538 4539
f 4536 4535 4539
f 4541 4540 4544
f 4539 4538 4542
f 4539 4543 4544
f 4544 4548 4549
f 4542 4546 4547
f 4544 4543 4547
f 4548 4552 4553
f 4547 4546 4550
f 4547 4551 4552
f 4552 4556 4557
f 4551 4550 4554
f 4552 4551 4555
f 4557 4556 4560
f 4554 4558 4559
f 4555 4559 4560
f 4560 4564 4565
f 4559 4558 4562
f 4560 4559 4563
f 4565 4564 4568
f 4562 4566 4567
f 4563 4567 4568
f 4569 4568 4572
f 4567 4566 4570
f 4568 4567 4571
f 4572 4576 4577
f 4570 4574 4575
f 4571 4575 4576
f 4576 4580 4581
f 4575 4574 4578
f 4576 4575 4579
f 4580 4584 4585
f 4578 4582 4583
f 4579 4583 4584
f 4584 4588 4589
f 4583 4582 4586
f 4584 4583 4587
f 4589 4588 4592
f 4586 4590 4591
f 4587 4591 4592
f 4592 4596 4597
f 4591 4590 4594
f 4592 4591 4595
f 4597 4596 4601
f 4594 4599 4600
f 4595 4600 4601
f 4602 4601 4605
f 4600 4599 4603
f 4601 4600 4604
f 4606 4605 4480
f 4603 4478 4479
f 4604 4479 4480
f 4615 4614 4627
f 4612 4625 4626
f 4611 4610 4623
f 4609 4608 4621
f 4618 4617 4630
f 4615 4628 4629
f 4613 4626 4627
f 4612 4611 4624
f 4609 4622 4623
f 4607 4620 4621
f 4619 4618 4631
f 4617 4616 4629
f 4622 4635 4636
f 4620 4633 4634
f 4632 4631 4644
f 4629 4642 4643
f 4628 4627 4640
f 4626 4625 4638
f 4624 4623 4636
f 4622 4621 4634
f 4631 4630 4643
f 4628 4641 4642
f 4626 4639 4640
f 4624 4637 4638
f 4635 4648 4649
f 4634 4633 4646
f 4644 4657 4658
f 4642 4655 4656
f 4641 4640 4653
f 4639 4638 4651
f 4636 4649 4650
f 4635 4634 4647
f 4643 4656 4657
f 4642 4641 4654
f 4640 4639 4652
f 4637 4650 4651
f 4648 4661 4662
f 4646 4659 4660
f 4658 4657 4670
f 4656 4655 4668
f 4653 4666 4667
f 4651 4664 4665
f 4649 4662 4663
f 4648 4647 4660
f 4656 4669 4670
f 4654 4667 4668
f 4653 4652 4665
f 4651 4650 4663
f 4661 4674 4675
f 4660 4659 4672
f 4670 4683 4684
f 4668 4681 4682
f 4667 4666 4679
f 4665 4664 4677
f 4663 4662 4675
f 4661 4660 4673
f 4670 4669 4682
f 4667 4680 4681
f 4665 4678 4679
f 4663 4676 4677
f 4675 4674 4687
f 4672 4685 4686
f 4684 4683 4696
f 4682 4681 4694
f 4679 4692 4693
f 4678 4677 4690
f 4676 4675 4688
f 4673 4686 4687
f 4683 4682 4695
f 4681 4680 4693
f 4678 4691 4692
f 4676 4689 4690
f 4688 4687 4700
f 4686 4685 4698
f 4696 4709 4710
f 4695 4694 4707
f 4692 4705 4706
f 4691 4690 4703
f 4688 4701 4702
f 4686 4699 4700
f 4695 4708 4709
f 4694 4693 4706
f 4692 4691 4704
f 4689 4702 4703
f 4701 4700 4713
f 4699 4698 4711
f 4710 4709 4722
f 4707 4720 4721
f 4705 4718 4719
f 4704 4703 4716
f 4701 4714 4715
f 4699 4712 4713
f 4709 4708 4721
f 4707 4706 4719
f 4705 4704 4717
f 4702 4715 4716
f 4713 4726 4727
f 4711 4724 4725
f 4723 4722 4735
f 4721 4720 4733
f 4719 4718 4731
f 4716 4729 4730
f 4715 4714 4727
f 4713 4712 4725
f 4721 4734 4735
f 4719 4732 4733
f 4717 4730 4731
f 4716 4715 4728
f 4726 4739 4740
f 4724 4737 4738
f 4736 4735 4748
f 4733 4746 4747
f 4732 4731 4744
f 4730 4729 4742
f 4728 4727 4740
f 4726 4725 4738
f 4735 4734 4747
f 4732 4745 4746
f 4730 4743 4744
f 4728 4741 4742
f 4739 4752 4753
f 4738 4737 4750
f 4748 4761 4762
f 4746 4759 4760
f 4745 4744 4757
f 4743 4742 4755
f 4740 4753 4754
f 4739 4738 4751
f 4747 4760 4761
f 4745 4758 4759
f 4744 4743 4756
f 4741 4754 4755
f 4753 4752 4765
f 4750 4763 4764
f 4762 4761 4774
f 4759 4772 4773
f 4758 4757 4770
f 4755 4768 4769
f 4753 4766 4767
f 4752 4751 4764
f 4760 4773 4774
f 4758 4771 4772
f 4757 4756 4769
f 4755 4754 4767
f 4765 4778 4779
f 4764 4763 4776
f 4774 4787 4788
f 4772 4785 4786
f 4771 4770 4783
f 4769 4768 4781
f 4767 4766 4779
f 4765 4764 4777
f 4774 4773 4786
f 4771 4784 4785
f 4769 4782 4783
f 4767 4780 4781
f 4779 4778 4791
f 4776 4789 4790
f 4788 4787 4800
f 4786 4785 4798
f 4783 4796 4797
f 4782 4781 4794
f 4780 4779 4792
f 4777 4790 4791
f 4787 4786 4799
f 4785 4784 4797
f 4782 4795 4796
f 4780 4793 4794
f 4792 4791 4804
f 4790 4789 4802
f 4800 4813 4814
f 4799 4798 4811
f 4796 4809 4810
f 4795 4794 4807
f 4792 4805 4806
f 4790 4803 4804
f 4799 4812 4813
f 4798 4797 4810
f 4796 4795 4808
f 4793 4806 4807
f 4805 4804 4817
f 4803 4802 4815
f 4814 4813 4826
f 4811 4824 4825
f 4809 4822 4823
f 4808 4807 4820
f 4805 4818 4819
f 4803 4816 4817
f 4813 4812 4825
f 4811 4810 4823
f 4809 4808 4821
f 4806 4819 4820
f 4817 4830 4831
f 4815 4828 4829
f 4826 4839 4840
f 4825 4824 4837
f 4823 4822 4835
f 4820 4833 4834
f 4819 4818 4831
f 4817 4816 4829
f 4825 4838 4839
f 4823 4836 4837
f 4821 4834 4835
f 4820 4819 4832
f 4830 4843 4844
f 4828 4841 4842
f 4840 4839 4852
f 4837 4850 4851
f 4836 4835 4848
f 4834 4833 4846
f 4832 4831 4844
f 4830 4829 4842
f 4839 4838 4851
f 4836 4849 4850
f 4834 4847 4848
f 4832 4845 4846
f 4843 4856 4857
f 4842 4841 4854
f 4852 4865 4866
f 4850 4863 4864
f 4849 4848 4861
f 4847 4846 4859
f 4844 4857 4858
f 4843 4842 4855
f 4851 4864 4865
f 4849 4862 4863
f 4848 4847 4860
f 4845 4858 4859
f 4857 4856 4869
f 4855 4854 4867
f 4866 4865 4878
f 4864 4863 4876
f 4862 4861 4874
f 4859 4872 4873
f 4857 4870 4871
f 4856 4855 4868
f 4864 4877 4878
f 4862 4875 4876
f 4861 4860 4873
f 4859 4858 4871
f 4869 4882 4883
f 4868 4867 4880
f 4878 4891 4892
f 4877 4876 4889
f 4874 4887 4888
f 4873 4872 4885
f 4871 4870 4883
f 4868 4881 4882
f 4878 4877 4890
f 4876 4875 4888
f 4873 4886 4887
f 4871 4884 4885
f 4883 4882 4896
f 4880 4894 4895
f 4892 4891 4905
f 4890 4889 4903
f 4887 4901 4902
f 4885 4899 4900
f 4884 4883 4897
f 4881 4895 4896
f 4891 4890 4904
f 4889 4888 4902
f 4886 4900 4901
f 4885 4884 4898
f 4897 4896 4909
f 4895 4894 4907
f 4905 4918 4919
f 4904 4903 4916
f 4901 4914 4915
f 4899 4912 4913
f 4897 4910 4911
f 4895 4908 4909
f 4904 4917 4918
f 4903 4902 4915
f 4901 4900 4913
f 4899 4898 4911
f 4910 4909 4922
f 4908 4907 4920
f 4919 4918 4931
f 4916 4929 4930
f 4914 4927 4928
f 4913 4912 4925
f 4910 4923 4924
f 4908 4921 4922
f 4918 4917 4930
f 4916 4915 4928
f 4914 4913 4926
f 4911 4924 4925
f 4922 4935 4936
f 4920 4933 4934
f 4931 4944 4945
f 4930 4929 4942
f 4928 4927 4940
f 4925 4938 4939
f 4924 4923 4936
f 4922 4921 4934
f 4930 4943 4944
f 4928 4941 4942
f 4926 4939 4940
f 4925 4924 4937
f 4935 4948 4949
f 4933 4946 4947
f 4945 4944 4957
f 4942 4955 4956
f 4941 4940 4953
f 4938 4951 4952
f 4937 4936 4949
f 4935 4934 4947
f 4944 4943 4956
f 4941 4954 4955
f 4939 4952 4953
f 4938 4937 4950
f 4948 4961 4962
f 4947 4946 4959
f 4957 4970 4971
f 4955 4968 4969
f 4954 4953 4966
f 4951 4964 4965
f 4949 4962 4963
f 4948 4947 4960
f 4956 4969 4970
f 4954 4967 4968
f 4953 4952 4965
f 4951 4950 4963
f 4962 4961 4974
f 4959 4972 4973
f 4971 4970 4983
f 4968 4981 4982
f 4966 4979 4980
f 4964 4977 4978
f 4962 4975 4976
f 4960 4973 4974
f 4969 4982 4983
f 4967 4980 4981
f 4966 4965 4978
f 4964 4963 4976
f 4975 4974 4987
f 4973 4972 4985
f 4983 4996 4997
f 4981 4994 4995
f 4979 4992 4993
f 4978 4977 4990
f 4976 4975 4988
f 4973 4986 4987
f 4983 4982 4995
f 4981 4980 4993
f 4978 4991 4992
f 4976 4989 4990
f 4988 4987 5000
f 4985 4998 4999
f 4997 4996 5009
f 4995 4994 5007
f 4992 5005 5006
f 4991 4990 5003
f 4989 4988 5001
f 4986 4999 5000
f 4996 4995 5008
f 4994 4993 5006
f 4991 5004 5005
f 4989 5002 5003
f 5001 5000 5013
f 4999 4998 5011
f 5009 5022 5023
f 5008 5007 5020
f 5005 5018 5019
f 5004 5003 5016
f 5001 5014 5015
f 4999 5012 5013
f 5008 5021 5022
f 5007 5006 5019
f 5005 5004 5017
f 5002 5015 5016
f 5014 5013 4609
f 5012 5011 4607
f 5022 4618 4619
f 5020 4616 4617
f 5018 4614 4615
f 5017 5016 4612
f 5014 4610 4611
f 5012 4608 4609
f 5021 4617 4618
f 5020 5019 4615
f 5018 5017 4613
f 5015 4611 4612
f 4481 4607 5011
f 5011 4998 4602
f 4998 4985 4597
f 4985 4972 4593
f 4593 4972 4959
f 4589 4959 4946
f 4585 4946 4933
f 4933 4920 4577
f 4577 4920 4907
f 4907 4894 4569
f 4894 4880 4565
f 4880 4867 4561
f 4561 4867 4854
f 4557 4854 4841
f 4553 4841 4828
f 4828 4815 4545
f 4545 4815 4802
f 4802 4789 4537
f 4789 4776 4533
f 4776 4763 4529
f 4529 4763 4750
f 4525 4750 4737
f 4521 4737 4724
f 4724 4711 4513
f 4513 4711 4698
f 4698 4685 4505
f 4685 4672 4501
f 4672 4659 4497
f 4497 4659 4646
f 4493 4646 4633
f 4489 4633 4620
f 4620 4607 4481

