# https://github.com/mikedh/trimesh
v 0.06711875 -0.01114779 -0.05642850
v 0.07069106 -0.01214280 -0.05486010
v 0.07104109 -0.01054016 -0.05444811
v 0.06728797 -0.01005146 -0.05614477
v 0.07719495 -0.01062521 -0.06425622
v 0.07797430 -0.00686257 -0.06023873
v 0.07748386 -0.00446366 -0.05939227
v 0.07616495 -0.00439096 -0.06265461
v 0.02772129 -0.04898017 -0.11965220
v 0.01191764 -0.04889375 -0.12411822
v 0.01228347 -0.06018863 -0.12151874
v 0.02720306 -0.06308410 -0.11579902
v 0.04994883 -0.08725338 -0.09545072
v 0.04375147 -0.07916561 -0.10161097
v 0.04133767 -0.09148237 -0.10520227
v 0.05210335 -0.09488939 -0.09480198
v 0.04051536 0.04735205 0.04178809
v 0.04834757 0.04597151 0.03590761
v 0.04775129 0.03973107 0.03998914
v -0.06860253 -0.01041779 -0.05644365
v -0.07214554 -0.01141227 -0.05480363
v -0.07259955 -0.00995883 -0.05443637
v -0.06915675 -0.00950735 -0.05615209
v -0.07980244 -0.01024855 -0.06520785
v -0.08116021 -0.00661151 -0.06089973
v -0.07993706 -0.00416753 -0.06021609
v -0.07897358 -0.00406939 -0.06362905
v 0.04004773 0.04021431 0.04437522
v 0.09484137 0.01239088 -0.07215405
v 0.09501005 0.00977846 -0.07339869
v 0.09582540 0.00788332 -0.07174908
v 0.09574490 0.01002799 -0.07022072
v 0.09235375 -0.00540516 -0.07178941
v 0.09230084 0.00175646 -0.07306954
v 0.09335580 0.00431214 -0.07369518
v 0.09372338 0.00201089 -0.07297447
v 0.09262452 -0.01596253 -0.06824998
v 0.09140293 -0.01531830 -0.06816260
v 0.09258308 -0.01069055 -0.07022630
v 0.09384868 -0.01102211 -0.07079751
v 0.07937308 -0.03661926 -0.04188648
v 0.08200595 -0.03356218 -0.04482366
v 0.08199928 -0.03655427 -0.04630483
v 0.07740047 -0.03830356 -0.04449845
v 0.07403634 -0.03623096 -0.04621962
v 0.07838708 -0.03693748 -0.05082893
v 0.07769390 -0.03342116 -0.05255315
v 0.07418598 -0.03319262 -0.04911786
v 0.09007810 0.02191566 -0.05897217
v 0.09083178 0.01804694 -0.05838284
v 0.08965901 0.01703919 -0.05633065
v 0.08864429 0.02085704 -0.05666523
v 0.07641435 -0.01082644 -0.07046904
v 0.07483023 -0.01715030 -0.06856784
v 0.08086275 -0.01247773 -0.07081417
v 0.08134893 -0.00983937 -0.07106932
v 0.08981480 0.01201181 -0.06533130
v 0.09014842 0.01263070 -0.06839788
v 0.09079172 0.01041962 -0.06971377
v 0.08986049 0.00921503 -0.06744808
v 0.09203483 0.01381546 -0.07283124
v 0.09221807 0.01091975 -0.07420206
v 0.07672475 -0.02632482 -0.04247815
v 0.07538625 -0.02265343 -0.04206479
v 0.07580779 -0.02127683 -0.04354633
v 0.07624729 -0.02251731 -0.04505687
v 0.07645662 -0.01057040 -0.06142375
v 0.07840193 -0.00592061 -0.05881884
v 0.08949448 -0.02686558 -0.06278508
v 0.08931159 -0.02476855 -0.06172648
v 0.09143462 -0.02069643 -0.06525048
v 0.09127253 -0.02206983 -0.06660099
v 0.08578714 -0.02268004 -0.06018009
v 0.08826623 -0.01962151 -0.06353760
v 0.08911637 -0.01892848 -0.06551553
v 0.08824139 -0.02118938 -0.06335001
v 0.09144118 0.01434097 -0.06647150
v 0.09005515 0.01658905 -0.06140529
v 0.09155750 0.01560860 -0.06014421
v 0.09328569 0.01336141 -0.06437533
v 0.08276944 0.00234285 -0.06987342
v 0.08088584 0.00761578 -0.06775482
v 0.07991662 0.00678262 -0.06785490
v 0.08148015 0.00211036 -0.06992456
v 0.09222878 0.01149264 -0.07110593
v 0.09262030 0.00923661 -0.07239584
v 0.09133073 0.00795892 -0.07117425
v 0.08080585 0.00910080 -0.05393214
v 0.08249267 0.01069130 -0.05620369
v 0.08262586 0.00893891 -0.05712670
v 0.08221243 0.00770567 -0.05639657
v 0.08147059 -0.03741929 -0.05032256
v 0.07370523 -0.02596229 -0.06131731
v 0.07543864 -0.02556399 -0.06279225
v 0.07797826 -0.02128690 -0.06572291
v 0.07647090 -0.02013337 -0.06642998
v 0.07422002 -0.03401547 -0.04032267
v 0.07776366 -0.03421551 -0.04008466
v 0.07853610 -0.03548922 -0.04103670
v 0.07515937 -0.03668389 -0.04151925
v 0.08350276 0.01380962 -0.05629937
v 0.08557638 0.01305449 -0.05821349
v 0.08380377 0.01217503 -0.05762075
v 0.08251622 0.01263083 -0.05612666
v 0.09136932 0.00002455 -0.07138623
v 0.09025918 0.00650180 -0.06913979
v 0.09081669 -0.00923507 -0.06606289
v 0.09107617 -0.00884681 -0.06912263
v 0.09082145 -0.01299914 -0.06729571
v -0.03055954 -0.04886724 -0.11949930
v -0.01496592 -0.04884662 -0.12404726
v -0.01510920 -0.06013421 -0.12144259
v -0.02970314 -0.06300617 -0.11564074
v 0.09003425 -0.01323827 -0.06449518
v 0.09043261 -0.00109440 -0.06607407
v 0.09098431 -0.00099622 -0.06945378
v 0.09408645 0.00714585 -0.07061011
v 0.09449975 0.00122413 -0.07177415
v 0.09334677 0.00794874 -0.07141549
v 0.07908154 0.01033079 -0.06518027
v 0.07954349 0.01352545 -0.06916141
v 0.07841662 0.00713200 -0.07165615
v 0.07926517 0.00780198 -0.06704748
v 0.07635225 -0.01736492 -0.04436025
v 0.07722779 -0.01513195 -0.04614138
v 0.07587837 -0.01747471 -0.04793077
v 0.07503658 -0.02019312 -0.04697679
v 0.07874380 -0.02345061 -0.06428100
v 0.07611936 -0.02670492 -0.06196904
v 0.07675732 -0.02747984 -0.06127368
v 0.07941824 -0.02538938 -0.06294756
v 0.08768878 0.01382691 -0.06016276
v 0.08792872 0.00951280 -0.06141422
v 0.08634634 0.00949422 -0.06020216
v 0.08128264 -0.02174847 -0.05267168
v 0.08140103 -0.02057812 -0.05502430
v 0.08319139 -0.02330462 -0.05597616
v 0.08321907 -0.02526799 -0.05372716
v 0.08556409 -0.03353306 -0.05660949
v 0.08266343 -0.03354426 -0.05744565
v 0.08053376 -0.03552170 -0.05387261
v 0.08367533 -0.03568327 -0.05337442
v 0.07593306 -0.02118616 -0.04606380
v 0.07574332 -0.01987808 -0.04402741
v 0.08478820 0.00275305 -0.07151654
v 0.08332366 0.00889999 -0.06881843
v 0.08933760 0.00787741 -0.06538256
v 0.08993296 0.00542201 -0.06691788
v 0.07747822 -0.00461511 -0.05094363
v 0.07582305 -0.00440292 -0.05303193
v 0.07630033 -0.00534698 -0.05285040
v 0.07838754 -0.00607846 -0.05056221
v 0.07738984 -0.00480433 -0.04925559
v 0.07806116 -0.00648939 -0.04904647
v 0.07734275 -0.00643022 -0.04809130
v 0.07690146 -0.00552770 -0.04793266
v 0.07508516 -0.00433824 -0.05350048
v 0.07554785 -0.00460549 -0.05326532
v 0.07560515 -0.00401895 -0.05326428
v 0.08002176 -0.00202431 -0.06371989
v 0.08071630 -0.00959688 -0.06477382
v 0.07900641 -0.01058076 -0.06579138
v 0.07905292 -0.00430334 -0.06408004
v 0.09149686 -0.00778688 -0.07061803
v 0.08604097 0.01752608 -0.05282338
v 0.08505104 0.02063769 -0.05238260
v 0.08776987 0.02290318 -0.05638772
v 0.07536431 -0.01923594 -0.05823160
v 0.07883978 -0.01872837 -0.05538110
v 0.07849336 -0.01880541 -0.05370385
v 0.07578479 -0.01916252 -0.05637239
v 0.07639444 -0.01364740 -0.05165577
v 0.07432639 -0.01677722 -0.05132968
v 0.07773970 -0.01497858 -0.04901928
v 0.07721994 0.00139667 -0.04899384
v 0.07678255 -0.00284192 -0.05201228
v 0.07686628 -0.00371072 -0.05054958
v 0.07674237 -0.00320815 -0.04910289
v 0.09216010 -0.01653659 -0.06945366
v 0.09310514 -0.01115244 -0.07214106
v 0.09146840 -0.01121248 -0.07333129
v 0.09060112 -0.01692796 -0.07066768
v 0.07533009 -0.02968910 -0.03955767
v 0.07051986 -0.03189399 -0.04331385
v 0.07360949 -0.02635689 -0.04035279
v 0.09347150 0.01889537 -0.06702555
v 0.09166258 0.02048463 -0.06721725
v 0.09192856 0.01852305 -0.06934600
v 0.09412874 0.01701925 -0.06909892
v 0.07712419 0.00169439 -0.05713514
v 0.07675649 -0.00036768 -0.05719797
v 0.07752450 0.00092341 -0.05580638
v 0.07719346 0.00316364 -0.05556072
v 0.05372394 -0.03429573 -0.10146384
v 0.06290758 -0.03404319 -0.08209766
v 0.06661457 -0.02020631 -0.09038997
v 0.05880821 -0.02046271 -0.10637370
v 0.08661713 -0.03044724 -0.05572245
v 0.08590030 -0.03242350 -0.05289114
v 0.07967660 0.00939317 -0.04693919
v 0.07874706 0.01145541 -0.04579781
v 0.07909682 0.01735275 -0.04765750
v 0.08053711 0.01380992 -0.04785572
v 0.09292507 0.00317951 -0.07604548
v 0.09526979 0.00258239 -0.07491294
v 0.08316796 0.01359567 -0.05467642
v 0.08548061 0.01658970 -0.05766321
v 0.08371835 0.01453997 -0.05650210
v 0.08243376 0.01306666 -0.05482136
v 0.08250955 0.00555432 -0.05187517
v 0.08337169 0.00681337 -0.05158135
v 0.08153082 0.00770466 -0.05203059
v 0.08038986 0.00636312 -0.05245113
v 0.07735413 0.01704017 -0.04479912
v 0.07829633 0.02246433 -0.04810340
v 0.07144972 -0.02600761 -0.06125918
v 0.08182857 0.00787254 -0.04895464
v 0.08273581 0.01067334 -0.04912337
v 0.08412199 0.00874273 -0.05141589
v -0.05220218 -0.08759813 -0.09540611
v -0.04633423 -0.07943714 -0.10135362
v -0.04401227 -0.09174514 -0.10507118
v -0.05392714 -0.09545701 -0.09466194
v 0.07445339 -0.02156882 -0.04014567
v 0.07532472 -0.02010819 -0.04227789
v 0.08199496 0.01279443 -0.05466127
v 0.08131691 0.01151310 -0.05459433
v 0.07994186 0.00745294 -0.05288108
v 0.08086078 0.00646114 -0.05556723
v 0.08530577 -0.00059647 -0.06184718
v 0.08697005 -0.00882565 -0.06285509
v 0.07044781 -0.01957744 -0.07591654
v 0.06760930 -0.03231158 -0.06174392
v 0.08039019 0.00810223 -0.05236524
v 0.08056239 0.00854643 -0.05237847
v 0.07982067 0.00788928 -0.05212239
v 0.07936320 0.00700858 -0.05285582
v 0.08460317 -0.03414408 -0.05010378
v 0.08498684 0.00590428 -0.06006037
v 0.08215938 0.00350900 -0.05792226
v 0.08370612 0.00594522 -0.05800307
v 0.09425399 -0.00651096 -0.07107525
v 0.09556456 0.00098838 -0.07152684
v 0.09664235 0.00115129 -0.07310182
v 0.09526908 -0.00665640 -0.07238701
v 0.07217875 -0.03476722 -0.04479921
v 0.07631697 -0.00115049 -0.05857942
v 0.07781743 -0.00248244 -0.05799798
v 0.07933167 0.00501119 -0.05615866
v 0.07858814 0.00600176 -0.05302683
v 0.07524253 -0.01699009 -0.04206564
v 0.09118392 0.01512228 -0.06821843
v 0.09179997 0.01352996 -0.06960987
v 0.09018302 0.01414316 -0.06710819
v 0.08988675 0.01524246 -0.06556602
v 0.08893184 0.01794976 -0.06374203
v 0.08834034 0.01815352 -0.06333275
v 0.09059343 0.01671589 -0.06657133
v 0.08167484 0.00534240 -0.05667248
v 0.08284153 0.00664039 -0.05725237
v 0.08119057 -0.02277990 -0.05082191
v 0.08277202 -0.02848314 -0.05035589
v 0.08985945 -0.01668424 -0.06484679
v 0.08839895 -0.01607433 -0.06215531
v 0.08855433 -0.00566865 -0.07435577
v 0.08823860 0.00312406 -0.07443975
v 0.08651467 0.00291526 -0.07270414
v 0.08730878 -0.00552268 -0.07311762
v 0.08119712 -0.00405771 -0.07100143
v 0.07778968 -0.00329161 -0.07120326
v 0.07649276 -0.00454629 -0.04733573
v 0.07572656 -0.00033127 -0.04508572
v 0.07784270 0.00385188 -0.05526453
v 0.07806268 0.00582215 -0.05361124
v 0.08260712 -0.02092270 -0.06678382
v 0.07911317 -0.02815466 -0.05914351
v 0.08296095 -0.02310518 -0.06482891
v 0.07496973 -0.02844545 -0.05720030
v 0.07480796 -0.02916551 -0.05458347
v 0.07739908 -0.02949486 -0.05611632
v 0.08542097 -0.02076313 -0.05934787
v 0.08775761 -0.01936651 -0.06177773
v 0.07576135 -0.00474341 -0.05417537
v 0.07448585 -0.00642109 -0.05613875
v 0.07391374 -0.00504033 -0.05396481
v 0.08847641 -0.00082381 -0.06414881
v 0.08968761 -0.00894223 -0.06413825
v 0.08317426 0.00907693 -0.05221607
v 0.07956536 -0.00038248 -0.05270595
v 0.08033441 0.00316090 -0.05047565
v 0.08629206 0.01211390 -0.05243004
v 0.08513797 0.01059609 -0.05276126
v 0.08430234 0.00973433 -0.05246345
v 0.08504236 0.01038965 -0.05154707
v 0.06985527 -0.01439308 -0.05594421
v 0.07224320 -0.01605160 -0.05373145
v 0.07377671 -0.01286374 -0.05307341
v 0.08811776 0.01747656 -0.06089343
v 0.08867396 0.01577334 -0.06197548
v 0.08519182 0.00949408 -0.07010387
v 0.08319753 0.01091129 -0.05706280
v 0.08324540 0.00934217 -0.05815731
v 0.08166765 0.02311748 -0.06275152
v 0.08211738 0.02068659 -0.05931738
v 0.08180352 0.02121743 -0.05801082
v 0.08130752 0.02632718 -0.05794473
v 0.07439034 -0.03167668 -0.05066790
v 0.07703990 -0.03152295 -0.05346403
v 0.07660457 -0.03039057 -0.05423845
v 0.07475416 -0.03029623 -0.05236650
v 0.07787311 -0.01887993 -0.05315226
v 0.07577332 -0.01923666 -0.05529741
v 0.09029783 -0.01519539 -0.06794800
v 0.08983131 -0.01611323 -0.06680113
v 0.09089446 -0.01198718 -0.06913058
v 0.09105718 -0.01056874 -0.07021802
v 0.07817592 0.00280500 -0.06043866
v 0.07765154 0.00117236 -0.05915561
v 0.08040164 0.01526445 -0.06136335
v 0.08320908 0.01713368 -0.06258146
v 0.08336626 0.01970005 -0.05915222
v 0.08097871 0.01810581 -0.05918151
v 0.08710119 0.01022819 -0.07187515
v 0.08322235 0.00768437 -0.05796159
v 0.08372469 0.00782657 -0.05865821
v 0.08298063 0.00818478 -0.05750735
v 0.07943768 0.00544678 -0.05297804
v 0.08165248 0.00429178 -0.05297096
v 0.08640222 0.01227830 -0.05372768
v 0.08901612 0.01558127 -0.05642636
v 0.08822224 0.01630045 -0.05786947
v 0.08578496 0.01317456 -0.05397978
v 0.08121888 0.01036857 -0.05283532
v 0.01338379 -0.03659908 -0.13017492
v 0.01521076 -0.02606467 -0.13700154
v -0.04028394 0.04635199 0.04155654
v -0.04822915 0.04546722 0.03539934
v -0.04739690 0.03892998 0.03969389
v -0.03957340 0.03942604 0.04428576
v 0.08395306 0.02048643 -0.05192826
v 0.08404768 0.02194137 -0.05538940
v 0.08522002 0.02261064 -0.05598010
v 0.08465583 0.02109622 -0.05248781
v 0.08973231 0.01410843 -0.06519032
v 0.09251682 0.01054187 -0.07044191
v 0.07903310 -0.00427635 -0.05681041
v 0.07608382 -0.00717490 -0.05767601
v 0.06701700 -0.00850011 -0.05647718
v 0.06726705 -0.00725687 -0.05623694
v 0.06791005 -0.00758337 -0.05725652
v 0.06786712 -0.00851053 -0.05771374
v 0.07159375 -0.01417723 -0.05873949
v 0.07410567 -0.01481213 -0.05752627
v 0.07323468 -0.01622775 -0.05587189
v 0.07125511 -0.01547406 -0.05795544
v 0.06671356 -0.01120554 -0.05709710
v 0.06686541 -0.00973659 -0.05673343
v 0.06760096 -0.01024752 -0.05814873
v 0.06766903 -0.01192414 -0.05894422
v 0.08719889 0.01797537 -0.05925931
v 0.08891921 0.01764360 -0.06128295
v 0.09475063 0.00893829 -0.06903388
v 0.09503374 0.00690086 -0.07040218
v 0.09195282 0.01450098 -0.06746347
v 0.09232571 0.01262643 -0.06889600
v 0.07711322 -0.01233992 -0.04615372
v 0.07806774 -0.01226578 -0.04804531
v 0.07796075 -0.01391281 -0.04791983
v 0.09553404 0.01154155 -0.06870395
v 0.09452438 0.01464848 -0.07055359
v 0.07787745 -0.02978641 -0.04118035
v 0.07693948 -0.03141714 -0.03987806
v 0.05089470 -0.10330638 -0.02382644
v 0.06232415 -0.09832270 -0.03703173
v 0.06181354 -0.10872786 -0.03552083
v 0.05084053 -0.11413934 -0.02304055
v 0.08476166 0.01583786 -0.05148860
v 0.08307789 0.01898036 -0.05137824
v 0.06705989 -0.01332947 -0.05755192
v 0.06715450 -0.01351910 -0.05760452
v 0.06977154 -0.01531636 -0.05722326
v 0.07138717 -0.00906591 -0.05444651
v 0.06779926 -0.00875101 -0.05585762
v 0.07172059 -0.01238310 -0.05855456
v 0.07118059 -0.00683763 -0.05686384
v 0.07110557 -0.00582409 -0.05553158
v 0.07316750 -0.01849107 -0.05209247
v 0.07444415 -0.01944296 -0.05378988
v 0.07594725 -0.01983957 -0.05039983
v 0.06816829 -0.01394419 -0.05913472
v 0.07931097 0.00425826 -0.05832161
v 0.07436547 -0.01184891 -0.05812311
v 0.07616377 -0.01417101 -0.05986341
v 0.07578988 -0.01596865 -0.05874170
v 0.07406733 -0.01376151 -0.05799178
v 0.08424848 -0.02369807 -0.05738194
v 0.08386797 -0.02194535 -0.05759083
v 0.07590882 -0.01853702 -0.06032945
v 0.07889205 -0.01890035 -0.05839890
v 0.07943722 -0.00160362 -0.05681535
v 0.08066164 0.00153752 -0.05420907
v 0.07649688 -0.00461345 -0.05482567
v 0.07433771 -0.00946631 -0.05728093
v 0.07605500 -0.01175391 -0.05955704
v 0.07140733 -0.00793075 -0.05467176
v 0.07458641 -0.00734225 -0.05308673
v 0.07427082 -0.00630999 -0.05344896
v 0.07130027 -0.00694340 -0.05500403
v 0.08505252 0.00944866 -0.05940685
v 0.08156015 0.01710863 -0.04944063
v 0.08369888 0.01340190 -0.05007469
v 0.08222678 0.02740376 -0.07351819
v 0.08021840 0.01840619 -0.07912905
v 0.08120947 0.01922927 -0.06689806
v 0.07225224 -0.01061315 -0.05818529
v 0.06734379 -0.00685197 -0.05635469
v 0.06820686 -0.00743584 -0.05625666
v 0.09030895 -0.01949092 -0.06526200
v 0.07658691 -0.02061389 -0.04965996
v 0.07832843 0.00346277 -0.05378073
v 0.08809936 -0.01068683 -0.07290880
v 0.08736990 -0.01633262 -0.07071154
v 0.07804208 0.00491403 -0.05371067
v 0.07823871 0.00602621 -0.05368358
v 0.07520133 -0.01949829 -0.05482207
v 0.07739308 -0.01941510 -0.05189294
v 0.07862630 0.00628659 -0.05327553
v 0.07845949 -0.01294475 -0.04952422
v 0.08926502 0.00931097 -0.06409603
v 0.08083536 -0.03110000 -0.05835702
v 0.07911896 -0.03235651 -0.05516150
v 0.06817870 -0.00771279 -0.05573222
v 0.07184151 -0.01612459 -0.05534191
v 0.07151092 -0.00862521 -0.05721166
v 0.07694163 -0.00926215 -0.05189733
v 0.07686155 -0.01153039 -0.05155540
v 0.07825440 -0.01055184 -0.04942834
v 0.07997763 -0.01816681 -0.05986013
v 0.07620628 -0.01647236 -0.06238218
v 0.07750144 -0.01557303 -0.06433846
v 0.08199345 -0.01679824 -0.06080087
v 0.08627293 -0.02152173 -0.06817419
v 0.08460730 -0.02606490 -0.06481744
v 0.08723315 -0.02763969 -0.06428269
v 0.08953190 -0.02271480 -0.06781467
v 0.08236122 0.04441104 -0.08157900
v 0.08256088 0.03377891 -0.06616939
v 0.08270132 0.05136671 -0.06967023
v 0.08657836 0.01823763 -0.06722400
v 0.08644262 0.01585445 -0.06879529
v 0.09184988 0.01637404 -0.07113130
v 0.08068775 0.02484530 -0.05289159
v 0.08167184 0.02164853 -0.05660632
v 0.08374871 0.02142864 -0.05520643
v 0.09212887 -0.00620273 -0.07504156
v 0.07849274 0.00539053 -0.04745111
v 0.08080421 0.00535382 -0.04939128
v 0.08155556 -0.01957007 -0.06775306
v 0.08345495 -0.01874346 -0.05815980
v 0.08599885 -0.01777201 -0.05984196
v 0.09216628 0.01801686 -0.06063810
v 0.09023713 0.01592516 -0.05829392
v 0.01434142 -0.11696793 0.01184156
v 0.01356635 -0.12467579 0.00812992
v 0.00815202 -0.00932256 0.06220073
v 0.00924788 -0.00961186 0.06098611
v 0.00751516 -0.00806544 0.05987756
v 0.00714247 -0.00801840 0.06042913
v 0.00874974 -0.01816166 0.06186023
v 0.00798590 -0.01682022 0.06103414
v 0.00934884 -0.01709365 0.05995825
v 0.01052952 -0.01797886 0.06120184
v 0.00639059 -0.00782587 0.05976385
v 0.00539847 -0.00939446 0.06251477
v 0.00643673 -0.00929196 0.06313046
v 0.00669768 -0.00798196 0.06011331
v 0.09226463 0.02119437 -0.06133121
v 0.01335059 -0.01761505 0.06187505
v 0.01183856 -0.01578205 0.06097725
v 0.01238769 -0.01520645 0.06272385
v 0.01523040 -0.01639027 0.06357603
v 0.00456653 -0.01513627 0.06927297
v 0.00597421 -0.01325653 0.06922468
v 0.00473591 -0.01437468 0.06722154
v 0.00452330 -0.01599866 0.06671302
v 0.00842714 -0.01309006 0.06853279
v 0.01084356 -0.01293928 0.07053559
v 0.01298291 -0.01323560 0.06886160
v 0.01027498 -0.01385650 0.06707348
v 0.00527860 -0.01332469 0.06289975
v 0.00615884 -0.01513283 0.06401611
v 0.00448352 -0.01237960 0.06593040
v 0.01172081 -0.01313448 0.06108461
v 0.01140405 -0.01411005 0.05986498
v 0.00932011 -0.01050991 0.05976778
v 0.00958188 -0.01028638 0.05963835
v 0.05388086 -0.08529980 -0.02475047
v 0.06334515 -0.08384525 -0.03955581
v 0.03703556 0.00692766 0.03740688
v 0.03608681 0.00372665 0.03886475
v 0.03236036 0.00513904 0.03996707
v 0.03354394 0.00785470 0.03845115
v 0.07829836 -0.00829063 -0.04862963
v 0.07736397 -0.00745336 -0.04759153
v 0.08627159 0.01319335 -0.07031608
v 0.09035417 0.01584422 -0.06691289
v 0.08690022 0.01986539 -0.06529417
v 0.08630656 0.02173461 -0.06066766
v 0.08462716 0.02069731 -0.05983631
v 0.08476181 0.01857060 -0.06386548
v 0.09414695 0.01527969 -0.06545121
v 0.07783477 -0.02196842 -0.04906677
v 0.08665589 0.00513689 -0.06218534
v 0.08578432 0.02241198 -0.05817241
v 0.08893555 0.02333084 -0.05878058
v 0.09274122 -0.00622323 -0.07093825
v 0.09485734 0.01387277 -0.06724407
v 0.09370779 0.01225515 -0.06609843
v 0.08733236 0.01425100 -0.05326933
v 0.08049777 -0.01282723 -0.06516837
v 0.08596081 -0.01233503 -0.06214143
v 0.08420062 -0.01505762 -0.06138809
v -0.09596246 0.01305258 -0.07309843
v -0.09616593 0.01054321 -0.07443405
v -0.09696129 0.00865342 -0.07242095
v -0.09681834 0.01069420 -0.07091388
v -0.09332147 -0.00495272 -0.07241631
v -0.09329860 0.00209277 -0.07390168
v -0.09402012 0.00475382 -0.07451072
v -0.09477294 0.00248926 -0.07363696
v 0.07941893 -0.01463635 -0.06488044
v 0.07698084 0.00009382 -0.05904099
v 0.07520004 -0.01600943 -0.03966870
v 0.08440686 -0.02810245 -0.05404784
v -0.09316828 -0.01513720 -0.06902634
v -0.09214571 -0.01464048 -0.06873140
v -0.09340262 -0.01001984 -0.07065164
v -0.09471378 -0.01029833 -0.07134641
v 0.08525644 -0.02697707 -0.05670528
v 0.03031847 -0.03586040 -0.12424225
v 0.03412921 -0.02450813 -0.13024725
v 0.09412642 -0.00644826 -0.07398541
v 0.08757282 0.01858995 -0.06049456
v 0.07985049 -0.02246172 -0.05003531
v 0.08054520 -0.02788368 -0.04715533
v 0.07882047 -0.02699853 -0.04566501
v 0.08343386 0.00835350 -0.05864778
v 0.08080520 -0.01826747 -0.06800088
v 0.08066869 -0.01601969 -0.06955414
v 0.06804230 -0.00695405 -0.05697055
v 0.08356450 -0.02449473 -0.06463536
v 0.08011435 -0.02950791 -0.05865509
v 0.06588389 -0.08147341 -0.05463649
v 0.06204721 -0.07860649 -0.07214311
v -0.08069311 -0.03616320 -0.04220213
v -0.08332825 -0.03310103 -0.04509323
v -0.08339307 -0.03590690 -0.04650610
v -0.07848474 -0.03747897 -0.04485992
v 0.06305057 -0.09044772 -0.06903385
v 0.06611087 -0.09408667 -0.05249187
v 0.07495297 -0.00188375 -0.04126210
v 0.07576484 -0.00942325 -0.04395688
v 0.07551245 -0.01046307 -0.04190861
v 0.02928962 -0.10622504 0.00295569
v 0.02575124 -0.11978446 0.00039936
v 0.07500255 -0.01506484 -0.03587785
v 0.07421845 -0.01511958 -0.02370311
v 0.07506863 0.00115483 -0.02412569
v 0.07479382 -0.00486419 -0.03526061
v 0.06304473 0.03065406 0.01530671
v 0.06392886 0.03140180 0.01041092
v 0.06459376 0.02257514 0.00977889
v 0.06308054 0.02345562 0.01391601
v 0.01931956 0.08927896 0.03032487
v 0.00942447 0.09043834 0.03269993
v 0.00915522 0.09712154 0.02769568
v 0.01936973 0.09596426 0.02527620
v 0.03610931 -0.01564459 -0.13354135
v 0.03791917 -0.00448964 -0.13723797
v 0.01743221 -0.00762869 -0.14476402
v 0.01628012 -0.01794106 -0.14055617
v 0.01937257 0.11455256 0.00398249
v 0.00890636 0.11598384 0.00647682
v 0.00903075 0.12156810 -0.00317782
v -0.07501663 -0.03612660 -0.04642841
v -0.07912797 -0.03618049 -0.05100855
v -0.07845512 -0.03289417 -0.05273007
v -0.07518712 -0.03318623 -0.04933060
v 0.01970970 0.11989967 -0.00534723
v 0.05503065 0.00456006 0.02787549
v 0.05708901 -0.00134589 0.02836308
v 0.05307334 -0.00214570 0.03192918
v 0.05185383 0.00403516 0.03094182
v 0.08112509 -0.03237253 -0.04352230
v 0.07975821 -0.03117719 -0.04252366
v -0.09114520 0.02212590 -0.05989134
v -0.09188473 0.01826250 -0.05932481
v -0.09078769 0.01703753 -0.05735870
v -0.08977791 0.02087458 -0.05756237
v -0.07839676 -0.01054641 -0.07025598
v -0.07663509 -0.01694581 -0.06847783
v -0.08271353 -0.01211213 -0.07089888
v -0.08324804 -0.00937022 -0.07114602
v 0.00923623 0.12642182 -0.01456827
v 0.02021357 0.12457586 -0.01635758
v 0.01590311 0.01544976 0.04730675
v -0.09009175 0.01203799 -0.06693891
v -0.09093244 0.01263749 -0.06971428
v -0.09141595 0.01062720 -0.07080507
v -0.09043679 0.00933627 -0.06866343
v -0.09305464 0.01447096 -0.07388537
v -0.09316426 0.01164684 -0.07538489
v -0.07835332 -0.02701731 -0.04274581
v -0.07675336 -0.02344314 -0.04234742
v -0.07732955 -0.02168579 -0.04378615
v -0.07816594 -0.02283975 -0.04515462
v -0.07917360 -0.01034218 -0.06205450
v -0.08059090 -0.00566495 -0.05952515
v -0.08983162 -0.02544902 -0.06332465
v -0.09027250 -0.02365177 -0.06208431
v -0.09202482 -0.01952919 -0.06565824
v -0.09172981 -0.02087581 -0.06732295
v 0.01631088 0.01739759 0.04422775
v 0.01993697 0.01375048 0.04268691
v 0.01955936 0.01157818 0.04513710
v 0.00808727 0.06110332 0.04635727
v 0.00875403 0.06916889 0.04169877
v 0.01757707 0.06905250 0.04032283
v 0.01677178 0.06118612 0.04564771
v 0.02433867 0.01091103 0.04098042
v 0.02353298 0.00875519 0.04301347
v 0.00899626 0.10394507 0.02131695
v 0.01936583 0.10272320 0.01873681
v 0.01988083 0.13177446 -0.06590131
v -0.08739003 -0.02220074 -0.06039587
v -0.08966911 -0.01912880 -0.06392812
v -0.09015656 -0.01835662 -0.06599463
v -0.08959047 -0.02069894 -0.06376291
v 0.02030463 0.13176751 -0.05751433
v 0.00899088 0.13452505 -0.05787586
v -0.09176363 0.01479274 -0.06779933
v -0.09031940 0.01702867 -0.06283088
v -0.09238937 0.01603033 -0.06133194
v -0.09413460 0.01387634 -0.06552242
v 0.01007347 0.13385513 -0.07036594
v 0.07161150 -0.00117676 -0.09708415
v 0.07526652 -0.00296107 -0.08143908
v 0.07799949 0.00945059 -0.08238022
v 0.07559755 0.01595745 -0.09885167
v 0.03922471 -0.09882532 -0.00983829
v 0.03691936 -0.11207570 -0.01187273
v -0.08419298 0.00293846 -0.07050226
v -0.08251552 0.00796772 -0.06824848
v -0.08203042 0.00705546 -0.06809378
v -0.08366356 0.00253772 -0.07014380
v -0.09287803 0.01177577 -0.07214892
v -0.09328457 0.00954990 -0.07329882
v -0.09187574 0.00825832 -0.07217342
v -0.08183425 0.00876548 -0.05558807
v -0.08358712 0.01020224 -0.05797391
v -0.08293587 0.00873731 -0.05895808
v -0.08329135 0.00736773 -0.05807425
v -0.08232041 -0.03631954 -0.05066396
v -0.07530155 -0.02569236 -0.06129125
v -0.07683071 -0.02506613 -0.06300452
v -0.07972692 -0.02078348 -0.06598788
v -0.07816182 -0.01975599 -0.06647450
v 0.05381542 0.05257814 0.02287866
v 0.05575608 0.05839858 0.01809409
v 0.05908595 0.05099029 0.01450586
v 0.05751904 0.04632752 0.01980249
v 0.00672505 0.04825236 0.05221650
v 0.01460704 0.04780585 0.05235269
v 0.01288512 0.04137465 0.05268797
v 0.00618901 0.04206982 0.05251531
v -0.07538442 -0.03454228 -0.04058321
v -0.07899416 -0.03428950 -0.04030811
v -0.07970064 -0.03529909 -0.04144931
v -0.07625655 -0.03647061 -0.04189897
v 0.06258826 0.01615850 0.01377687
v 0.06489006 0.01377511 0.01101016
v 0.06379748 0.00573398 0.01634651
v 0.06062758 0.00907927 0.01834667
v 0.05749058 0.00555887 0.02459865
v -0.08437647 0.01351798 -0.05804931
v -0.08600581 0.01289806 -0.06006414
v -0.08434574 0.01202168 -0.05944815
v -0.08348490 0.01235122 -0.05785716
v 0.06004600 -0.00004981 0.02465229
v -0.09239712 0.00034232 -0.07225414
v -0.09097838 0.00677248 -0.07015190
v 0.01879901 0.07935143 0.03631853
v 0.00926736 0.08008556 0.03813374
v 0.06165003 0.04131143 0.01169733
v 0.06084196 0.03873690 0.01708093
v 0.01280946 0.01875610 0.04976529
v 0.01366451 0.02030181 0.04601341
v 0.01054053 0.02397762 0.04827244
v -0.09219112 -0.00887656 -0.06651139
v -0.09204597 -0.00847060 -0.06970362
v -0.09214366 -0.01258899 -0.06764065
v -0.09186291 -0.01286466 -0.06469017
v 0.00591844 0.02424649 0.05455610
v 0.00563973 0.02771850 0.05227229
v 0.00950062 0.02708275 0.04879557
v 0.03391137 0.06085196 0.03807620
v 0.03472543 0.06822698 0.03305557
v 0.04243308 0.06704295 0.02804927
v 0.04126776 0.05983854 0.03250428
v 0.01933036 0.10877910 0.01181291
v -0.09167733 -0.00086872 -0.06687002
v -0.09192725 -0.00071021 -0.07027997
v 0.00888827 0.11007863 0.01440725
v 0.00539325 0.03529903 0.05098736
v 0.01037069 0.03491157 0.04959449
v 0.00961882 0.03206584 0.04835269
v -0.09497573 0.00776448 -0.07129996
v -0.09557483 0.00183502 -0.07230298
v -0.09415313 0.00848417 -0.07222699
v -0.08056760 0.01082134 -0.06571139
v -0.08078066 0.01409549 -0.06962340
v -0.08047256 0.00770710 -0.07177652
v -0.08092698 0.00834675 -0.06743576
v 0.00537254 0.03254559 0.05066446
v 0.02786747 0.00662852 0.04133692
v 0.02883542 0.00905438 0.03978305
v 0.07051456 -0.03096505 -0.05081291
v 0.07262523 -0.03230219 -0.04892754
v 0.07560120 0.01734127 -0.03836617
v 0.07479604 0.00614187 -0.03636269
v 0.07446323 0.01441930 -0.02538794
v 0.07436856 0.02803424 -0.02747187
v 0.07614885 0.04122995 -0.03091434
v 0.07702682 0.04843042 -0.03537048
v 0.07901477 0.03196561 -0.04326613
v 0.07728231 0.02685754 -0.04045337
v 0.05773346 -0.08806585 -0.08349839
v 0.05434288 -0.07771399 -0.08755755
v 0.00583394 0.02133486 0.05744861
v 0.00552297 0.01820004 0.05998172
v 0.01980008 0.03669602 -0.15275301
v -0.07713725 -0.01731615 -0.04471992
v -0.07817492 -0.01506014 -0.04652604
v -0.07684288 -0.01712017 -0.04814409
v -0.07693724 -0.02004570 -0.04699807
v 0.01918873 0.02230441 -0.15201510
v 0.04034147 0.02663642 -0.14310965
v 0.04063353 0.04041656 -0.14340226
v 0.06864184 -0.01226280 -0.09385957
v -0.08046089 -0.02289093 -0.06468289
v -0.07763890 -0.02607012 -0.06207684
v -0.07816872 -0.02678189 -0.06140402
v -0.08068404 -0.02445400 -0.06319562
v 0.07275742 -0.01190001 -0.07918936
v 0.01076423 -0.01214676 0.06299641
v 0.00741801 -0.00779690 0.05915420
v 0.00822722 -0.01058701 0.06014745
v 0.00748295 -0.00776293 0.05908153
v 0.01178564 -0.01452793 0.06513301
v 0.01497528 -0.01430160 0.06654629
v 0.00861565 -0.01525934 0.05944254
v 0.00756436 -0.01507706 0.05985181
v 0.00754257 -0.01031387 0.06037397
v 0.00767560 -0.00782736 0.05927285
v 0.00116981 -0.01551550 0.07132274
v 0.00192680 -0.01389985 0.07423129
v 0.00651615 -0.01330485 0.07327915
v 0.00469038 -0.01498755 0.07123572
v 0.00674885 -0.00760010 0.05965660
v 0.00566325 -0.01002875 0.06134756
v 0.00539353 -0.01154900 0.06724226
v 0.00724628 -0.00928247 0.06299620
v 0.00690098 -0.00796618 0.06032363
v 0.00757070 -0.01142049 0.06637755
v 0.00593189 -0.01702878 0.06437683
v 0.00922932 -0.01166843 0.06494037
v -0.08799013 0.01378528 -0.06189312
v -0.08819620 0.00926847 -0.06310723
v -0.08667058 0.00928267 -0.06200003
v -0.08311114 -0.02147830 -0.05306685
v -0.08353001 -0.02021223 -0.05528574
v -0.08476969 -0.02288343 -0.05634615
v -0.08447601 -0.02489278 -0.05424118
v 0.08190795 -0.01970585 -0.05682227
v 0.06439099 -0.06493296 -0.03567524
v 0.06756156 -0.05053694 -0.04422423
v 0.06667019 -0.05193593 -0.05011971
v -0.08585506 -0.03217665 -0.05702987
v -0.08328045 -0.03263735 -0.05808603
v -0.08142460 -0.03476621 -0.05435735
v -0.08426262 -0.03457937 -0.05387021
v -0.07831854 -0.02126212 -0.04600787
v -0.07702863 -0.02009115 -0.04432940
v -0.08602400 0.00338482 -0.07227315
v -0.08548646 0.00919180 -0.06942820
v 0.06523646 -0.06721187 -0.04494850
v 0.08507857 0.00775735 -0.05985010
v 0.06661820 0.05978298 -0.00465220
v 0.06753577 0.07119234 -0.01363204
v 0.07346792 0.05988624 -0.02585200
v -0.08980586 0.00778630 -0.06670891
v -0.09064347 0.00559582 -0.06798944
v 0.07361226 0.05006573 -0.02191402
v 0.06809897 0.08160365 -0.02138487
v 0.07374073 0.07101507 -0.03266105
v 0.07768271 0.05897266 -0.04289034
v 0.08132324 0.03767684 -0.05741555
v 0.04433944 0.01849464 0.03181164
v 0.04453914 0.01839465 0.03202224
v 0.04304120 0.01821904 0.03330665
v -0.07924987 -0.00463877 -0.05128899
v -0.07761937 -0.00440082 -0.05331893
v -0.07796737 -0.00523376 -0.05312159
v -0.07996284 -0.00603424 -0.05086711
v 0.04305235 0.01829229 0.03298661
v 0.04382363 0.01883432 0.03121522
v 0.04240932 0.01857138 0.03233869
v -0.07917688 -0.00490692 -0.04960846
v -0.07969353 -0.00648077 -0.04939313
v -0.07900092 -0.00647197 -0.04843601
v -0.07863792 -0.00565947 -0.04828347
v 0.04469059 0.01910697 0.03023117
v 0.04533741 0.01864342 0.03073531
v 0.04567133 0.01848447 0.03096920
v 0.02712906 0.02033740 0.03510709
v 0.02811713 0.02063549 0.03471499
v 0.03057025 0.01995061 0.03477456
v 0.02969892 0.01969146 0.03564881
v 0.02701604 0.02004620 0.03557463
v 0.02983108 0.01928307 0.03614769
v -0.07693657 -0.00424610 -0.05376362
v -0.07733455 -0.00452093 -0.05354776
v -0.07749266 -0.00401941 -0.05356781
v -0.08063326 -0.00112450 -0.06615441
v -0.08232215 -0.00912681 -0.06625976
v -0.08072099 -0.01012790 -0.06681120
v -0.08079023 -0.00379711 -0.06565694
v 0.03070505 0.02191924 0.02976810
v 0.03016755 0.02215719 0.02967239
v -0.09242618 -0.00738015 -0.07134699
v 0.03154281 0.02164013 0.02988074
v 0.02558328 0.02156000 0.03303351
v 0.02588865 0.02196189 0.03300612
v -0.08767000 0.01725950 -0.05357722
v -0.08668550 0.02022411 -0.05319356
v -0.08938769 0.02259909 -0.05724809
v 0.03003285 0.02254920 0.02971028
v 0.02980542 0.02227637 0.02962007
v 0.02610256 0.02156312 0.03325450
v -0.07733919 -0.01868940 -0.05864886
v -0.08104718 -0.01823729 -0.05566807
v -0.08004727 -0.01808158 -0.05390405
v -0.07784874 -0.01864708 -0.05661512
v -0.07760844 -0.01319840 -0.05184197
v -0.07550783 -0.01626614 -0.05140201
v -0.07879876 -0.01467440 -0.04929694
v -0.07900252 0.00094105 -0.04961316
v -0.07866781 -0.00293555 -0.05229921
v -0.07873409 -0.00385715 -0.05091940
v -0.07870969 -0.00348354 -0.04953156
v -0.09302442 -0.01572846 -0.07039041
v -0.09400397 -0.01044938 -0.07299311
v -0.09242345 -0.01048749 -0.07439394
v -0.09149519 -0.01614158 -0.07177566
v 0.02437183 0.02114592 0.03351197
v 0.02321298 0.02119111 0.03317720
v -0.07650349 -0.03046088 -0.03972588
v -0.07133361 -0.03298895 -0.04366334
v -0.07514734 -0.02759646 -0.04059124
v -0.09468336 0.01931211 -0.06795041
v -0.09276686 0.02082387 -0.06807908
v -0.09305105 0.01896968 -0.07027808
v -0.09526577 0.01755012 -0.07008965
v -0.07862083 0.00189019 -0.05830723
v -0.07847904 -0.00021235 -0.05820279
v -0.07895909 0.00087628 -0.05675690
v -0.07868354 0.00315615 -0.05667496
v 0.02341993 0.02199262 0.03337250
v 0.03535886 0.01806675 0.03607246
v 0.03573278 0.01719546 0.03601700
v 0.03079934 0.01765623 0.03629006
v 0.03025966 0.01861585 0.03626484
v 0.03503684 0.01862233 0.03604671
v 0.03842511 0.01855346 0.03513234
v 0.03874332 0.01800214 0.03509300
v 0.03885391 0.01712452 0.03498402
v -0.05593726 -0.03394711 -0.10129152
v -0.06450140 -0.03371924 -0.08198050
v -0.06853952 -0.01966829 -0.09028935
v -0.06103844 -0.01994908 -0.10626537
v -0.08723624 -0.02930842 -0.05613277
v -0.08656862 -0.03152384 -0.05340648
v -0.08082719 0.00874336 -0.04837190
v -0.08030786 0.01057324 -0.04664413
v -0.08083823 0.01655544 -0.04822137
v -0.08188351 0.01319022 -0.04876854
v 0.02732079 0.01869152 0.03611519
v 0.02713998 0.01965657 0.03585908
v 0.03873964 0.01641836 0.03482614
v 0.03607942 0.01648482 0.03584366
v -0.09410621 0.00386034 -0.07734317
v -0.09657940 0.00330385 -0.07603772
v 0.03114359 0.01695480 0.03620692
v 0.02739665 0.01820180 0.03625350
v 0.02450608 0.01952657 0.03569330
v 0.02561991 0.01980121 0.03568621
v 0.03575490 0.01589493 0.03480308
v 0.03578060 0.01526106 0.03455387
v 0.03086624 0.01582560 0.03521030
v 0.03099373 0.01632547 0.03545444
v -0.08410779 0.01333813 -0.05642208
v -0.08592559 0.01649448 -0.05946322
v -0.08430819 0.01433722 -0.05827458
v -0.08335975 0.01274792 -0.05657309
v -0.08351876 0.00525984 -0.05347721
v -0.08425122 0.00651776 -0.05336802
v -0.08246195 0.00736696 -0.05374346
v -0.08146666 0.00604573 -0.05405230
v 0.03842148 0.01577654 0.03378207
v 0.03839877 0.01508064 0.03345847
v -0.07919046 0.01588062 -0.04525395
v -0.07987449 0.02125051 -0.04869889
v 0.04683020 0.01823631 0.02925939
v 0.04744948 0.01867034 0.02837452
v 0.04731594 0.01802353 0.02842402
v -0.07298934 -0.02590774 -0.06105712
v 0.04689305 0.01767657 0.02885575
v 0.04950765 0.01601382 0.02538659
v 0.05090642 0.01733631 0.02486254
v 0.05250646 0.01691817 0.02334632
v -0.08275250 0.00748059 -0.05067281
v -0.08357599 0.01022051 -0.05077799
v -0.08479101 0.00851250 -0.05317138
v -0.07548488 -0.02267778 -0.04061928
v -0.07623264 -0.02078491 -0.04277145
v -0.08304726 0.01242071 -0.05638072
v -0.08243288 0.01119879 -0.05620856
v -0.08108485 0.00712706 -0.05449716
v -0.08204605 0.00628449 -0.05709340
v 0.05108132 0.01545344 0.02451469
v -0.08699423 -0.00048279 -0.06316034
v -0.08855733 -0.00853589 -0.06337566
v 0.05937099 0.00699517 0.02112346
v 0.05326968 0.01271292 0.02425179
v 0.05475731 0.01414943 0.02198042
v 0.04627616 0.01820055 0.03000111
v 0.04564165 0.01806079 0.03090703
v 0.04628485 0.01854458 0.03006709
v 0.04684274 0.01876964 0.02914572
v 0.04629040 0.01740970 0.02965403
v 0.04562032 0.01731675 0.03059614
v 0.04457252 0.01802550 0.03192096
v 0.04454699 0.01729860 0.03163989
v 0.04303028 0.01712401 0.03292752
v 0.04308857 0.01790356 0.03316351
v 0.04140047 0.01793011 0.03418887
v -0.07197480 -0.01895492 -0.07591150
v -0.06889179 -0.03263640 -0.06154229
v 0.04141783 0.01833921 0.03420826
v 0.04130150 0.01702796 0.03400684
v 0.04287817 0.01643133 0.03256083
v 0.04110965 0.01634805 0.03375446
v 0.04438968 0.01651572 0.03117232
v 0.04565063 0.01662365 0.03011013
v 0.04641509 0.01688440 0.02910038
v 0.04716643 0.01718639 0.02831715
v 0.04774930 0.01773011 0.02783304
v 0.04678788 0.01648643 0.02833685
v 0.04745949 0.01600846 0.02745697
v 0.04609803 0.01555434 0.02868116
v 0.04584871 0.01612003 0.02940974
v 0.04779690 0.01692755 0.02752139
v 0.04865962 0.01651243 0.02644845
v -0.08135825 0.00773948 -0.05405960
v -0.08156477 0.00817383 -0.05409076
v -0.08096436 0.00752455 -0.05368722
v -0.08047300 0.00665718 -0.05444533
v 0.04459173 0.01598588 0.03044352
v 0.04471691 0.01531463 0.02995549
v 0.04264695 0.01512620 0.03123270
v 0.04266016 0.01590254 0.03168843
v -0.08564683 -0.03346058 -0.05065813
v -0.08557167 0.00593367 -0.06163593
v -0.08326838 0.00361893 -0.05947776
v -0.08424318 0.00597950 -0.05964719
v 0.04082303 0.01581608 0.03267533
v 0.04082398 0.01504518 0.03224443
v -0.09514496 -0.00578215 -0.07127381
v -0.09665430 0.00175092 -0.07174461
v -0.09775876 0.00198004 -0.07333900
v -0.09622689 -0.00581900 -0.07274761
v 0.03448997 0.01889670 0.03569778
v 0.03389974 0.01951252 0.03471805
v 0.03710215 0.01911096 0.03432732
v 0.03829461 0.01855626 0.03484509
v 0.04130690 0.01831711 0.03392980
v -0.07308272 -0.03519027 -0.04497518
v -0.07832073 -0.00090403 -0.05953851
v -0.07992747 -0.00236712 -0.05890208
v 0.04000803 0.01898942 0.03350260
v 0.03706295 0.01925754 0.03301505
v 0.03547198 0.02098934 0.02949138
v 0.03684834 0.02092728 0.02914361
v 0.03951861 0.01914814 0.03223565
v -0.08059709 0.00477086 -0.05753590
v -0.07982663 0.00570380 -0.05449261
v 0.03415202 0.01965578 0.03339515
v 0.03404863 0.02115020 0.02954558
v 0.03126306 0.02029071 0.03357755
v -0.07645395 -0.01755566 -0.04257843
v 0.03271416 0.02138742 0.02986036
v 0.02889318 0.02085973 0.03375728
v 0.03639097 0.02761067 0.03894160
v 0.03642112 0.02853998 0.03916086
v 0.04267895 0.02771446 0.03793816
v 0.04174253 0.02686108 0.03785940
v 0.05139959 -0.00082036 -0.12622151
v 0.05299814 0.01469384 -0.13091509
v 0.03975517 0.00991489 -0.14105333
v 0.04359493 0.02346051 0.03591862
v 0.04369163 0.02525198 0.03584990
v 0.04610838 0.02455314 0.03373871
v 0.04594614 0.02296509 0.03387720
v 0.04341163 0.02192247 0.03565945
v -0.09144247 0.01538598 -0.06964994
v -0.09231711 0.01375604 -0.07082156
v -0.09039592 0.01431403 -0.06863573
v -0.09014294 0.01542828 -0.06713057
v -0.08917819 0.01810540 -0.06530753
v -0.08861866 0.01837914 -0.06480683
v -0.09080661 0.01696078 -0.06811541
v -0.08273423 0.00529856 -0.05814140
v -0.08343106 0.00659359 -0.05891282
v 0.04559106 0.02145614 0.03359726
v 0.04073168 0.02236502 0.03748282
v -0.08311805 -0.02263965 -0.05114837
v -0.08404081 -0.02808783 -0.05080528
v -0.09117513 -0.01609040 -0.06512219
v -0.09101123 -0.01582279 -0.06199946
v -0.08973580 -0.00502963 -0.07537693
v -0.08959538 0.00371661 -0.07559682
v -0.08798320 0.00351349 -0.07361062
v -0.08859961 -0.00483746 -0.07400226
v 0.04087720 0.02406936 0.03760334
v 0.04123978 0.02576543 0.03771115
v 0.04404986 0.02269683 0.02876117
v 0.04337785 0.02279026 0.02956375
v -0.08308444 -0.00355821 -0.07106894
v -0.08002004 -0.00283193 -0.07094073
v -0.07835595 -0.00480108 -0.04769823
v -0.07758758 -0.00090011 -0.04558187
v -0.07923451 0.00376837 -0.05660482
v -0.07946873 0.00550031 -0.05497328
v -0.08427949 -0.02027005 -0.06737801
v -0.08041361 -0.02745894 -0.05947788
v -0.08443473 -0.02236710 -0.06546044
v -0.07635530 -0.02812489 -0.05738966
v -0.07611584 -0.02899642 -0.05484049
v -0.07861748 -0.02901527 -0.05647378
v 0.04426849 0.02208646 0.03120345
v 0.04526895 0.02197641 0.02985464
v 0.04454950 0.02243282 0.02808397
v 0.04577653 0.02206010 0.02872751
v 0.04007010 0.02253228 0.02687534
v 0.03976025 0.02257144 0.02725577
v 0.03925771 0.02259803 0.02777802
v -0.08770848 -0.02042581 -0.05916812
v -0.08945981 -0.01886207 -0.06199168
v 0.04025753 0.02237351 0.02663675
v -0.07765086 -0.00461856 -0.05437617
v -0.07666069 -0.00624691 -0.05641846
v -0.07571451 -0.00477944 -0.05419932
v -0.09014341 -0.00091744 -0.06481980
v -0.09133225 -0.00869712 -0.06467165
v -0.08388827 0.00879856 -0.05405328
v 0.04037546 0.02213277 0.02651541
v -0.08128764 -0.00054025 -0.05353819
v -0.08170277 0.00290099 -0.05169262
v -0.08715200 0.01197125 -0.05401439
v -0.08581547 0.01039828 -0.05460452
v -0.08483481 0.00955631 -0.05431149
v -0.08566883 0.01019426 -0.05334752
v -0.07129623 -0.01357480 -0.05588697
v -0.07365378 -0.01530465 -0.05370684
v -0.07516789 -0.01222281 -0.05305990
v 0.04049808 0.02185680 0.02651919
v 0.04016719 0.02166576 0.02658626
v 0.06212544 -0.00840246 0.02208290
v 0.06215443 0.00202258 0.02062264
v -0.08852777 0.01757316 -0.06253774
v -0.08904541 0.01583468 -0.06357791
v -0.08647674 0.01008483 -0.07100987
v 0.06476597 -0.00601026 0.01761195
v 0.04597544 0.01884257 0.02976011
v -0.08413170 0.01046143 -0.05886320
v -0.08346999 0.00923519 -0.06001613
v 0.04657854 0.01915917 0.02884674
v -0.08258270 0.02299067 -0.06341124
v -0.08324038 0.02043855 -0.06007219
v -0.08286206 0.02080169 -0.05882701
v -0.08219938 0.02565211 -0.05874453
v 0.04531667 0.01926932 0.02934342
v -0.07551693 -0.03160625 -0.05083606
v -0.07813626 -0.03121773 -0.05385297
v -0.07779386 -0.03006107 -0.05458615
v -0.07595186 -0.03015650 -0.05250551
v -0.07939585 -0.01815968 -0.05330647
v -0.07785510 -0.01869950 -0.05542109
v 0.04583199 0.01964870 0.02855361
v -0.09124759 -0.01467974 -0.06854797
v -0.09091303 -0.01559434 -0.06727155
v -0.09183471 -0.01152851 -0.06971045
v -0.09205840 -0.01010877 -0.07082161
v 0.04717477 0.01957862 0.02803924
v 0.04761314 0.01928583 0.02808311
v 0.04290494 0.01929490 0.03043329
v 0.03889333 0.02094600 0.02818554
v 0.03954801 0.02099909 0.02772652
v -0.07909172 0.00302694 -0.06185305
v -0.07883487 0.00163440 -0.06064321
v -0.08184932 0.01523676 -0.06207856
v -0.08438947 0.01709218 -0.06333117
v -0.08429976 0.01954674 -0.06003032
v -0.08232699 0.01793564 -0.05997736
v -0.08824169 0.01089813 -0.07288775
v 0.04380373 0.01954134 0.02963567
v 0.04144250 0.01907443 0.03142091
v 0.03797347 0.02092403 0.02868299
v 0.03951612 0.02128136 0.02713939
v 0.03992485 0.02140463 0.02683456
v -0.08366916 0.00765089 -0.05968113
v -0.08401525 0.00779043 -0.06045076
v 0.04396830 0.01991430 0.02880833
v -0.08342249 0.00808862 -0.05924467
v 0.04455779 0.02028303 0.02812039
v 0.04619116 0.02020097 0.02801240
v -0.08066773 0.00517285 -0.05436032
v -0.08285692 0.00406970 -0.05432890
v -0.08692165 0.01220888 -0.05553887
v -0.08953694 0.01575180 -0.05798374
v -0.08842055 0.01641783 -0.05962301
v -0.08641566 0.01300038 -0.05578452
v 0.04529928 0.02104314 0.02748678
v 0.04514456 0.02150682 0.02754832
v 0.04658355 0.02053742 0.02780774
v -0.08230199 0.00997739 -0.05445252
v 0.04661706 0.02101639 0.02790408
v 0.04494924 0.02076051 0.02761999
v -0.01646807 -0.03650734 -0.13010396
v -0.01825785 -0.02594212 -0.13694040
v 0.04494648 0.02196798 0.02776016
v 0.04635709 0.02147347 0.02826462
v 0.04776442 0.01867876 0.02798530
v 0.04801593 0.01959839 0.02771269
v 0.04852327 0.02011720 0.02722622
v 0.04816368 0.01847007 0.02753424
v -0.08548520 0.01992370 -0.05270497
v -0.08546720 0.02146251 -0.05621558
v -0.08675594 0.02223118 -0.05678309
v -0.08625470 0.02064441 -0.05324410
v -0.09011569 0.01417720 -0.06676632
v 0.04891212 0.01855348 0.02683441
v 0.04848441 0.01757941 0.02696142
v 0.04935827 0.02079793 0.02713178
v 0.05093876 0.02183741 0.02628920
v -0.09333995 0.01100878 -0.07141053
v -0.08108811 -0.00423902 -0.05753871
v -0.07848777 -0.00710929 -0.05817609
v 0.05022230 0.01885108 0.02575431
v 0.04941107 0.01753777 0.02589721
v 0.04776256 0.02009581 0.02774867
v -0.06890922 -0.00805413 -0.05656487
v -0.06920802 -0.00690294 -0.05634987
v -0.06984062 -0.00713611 -0.05730317
v -0.06977299 -0.00804870 -0.05783600
v 0.04770662 0.02037608 0.02764782
v 0.04893485 0.02153738 0.02856395
v -0.07318027 -0.01324925 -0.05886469
v -0.07550327 -0.01393641 -0.05767383
v -0.07459397 -0.01538813 -0.05592835
v -0.07262266 -0.01446158 -0.05787243
v 0.04965651 0.02278398 0.02827075
v 0.04816873 0.02086940 0.02844403
v 0.04768075 0.02119307 0.02982051
v 0.04838413 0.02203869 0.03011847
v -0.06852946 -0.01059625 -0.05712477
v -0.06871841 -0.00922382 -0.05681906
v -0.06948668 -0.00969287 -0.05831094
v -0.06912225 -0.01116497 -0.05892480
v 0.04881043 0.02318786 0.02978129
v 0.04753222 0.02231994 0.03202724
v -0.08757158 0.01799664 -0.06092801
v -0.08925621 0.01785428 -0.06281911
v 0.04784463 0.02382124 0.03170442
v 0.04688255 0.02123084 0.03151999
v 0.04742808 0.02086983 0.02833785
v -0.09579506 0.00957266 -0.06971971
v -0.09601210 0.00761788 -0.07080575
v -0.09238303 0.01492486 -0.06876773
v -0.09305194 0.01304756 -0.07001348
v 0.04689425 0.02123949 0.02933541
v 0.04611544 0.02123698 0.03082654
v 0.04494180 0.02120898 0.03260325
v -0.07818578 -0.01243412 -0.04661617
v -0.07927357 -0.01217444 -0.04838075
v -0.07904588 -0.01380587 -0.04827677
v -0.09691633 0.01208800 -0.06930435
v -0.09573359 0.01525537 -0.07151621
v -0.07909509 -0.03009145 -0.04148811
v -0.07817826 -0.03179970 -0.03987693
v -0.04851752 -0.10512298 -0.02391725
v -0.06111026 -0.09982464 -0.03707853
v -0.06092205 -0.11053137 -0.03594767
v -0.04875091 -0.11595729 -0.02331981
v -0.08648383 0.01551850 -0.05211976
v -0.08478132 0.01851303 -0.05200388
v 0.04308665 0.02150947 0.03458551
v 0.04248085 0.02244372 0.03288637
v 0.04043242 0.02187883 0.03629965
v -0.06851589 -0.01253587 -0.05751827
v -0.06857944 -0.01270497 -0.05752746
v -0.07120419 -0.01435758 -0.05711136
v -0.07300533 -0.00857357 -0.05450057
v -0.06945821 -0.00820757 -0.05591299
v 0.04000769 0.02252796 0.03435624
v 0.03650663 0.03010284 0.04002587
v 0.04336104 0.02967898 0.03842160
v 0.03935054 0.02339623 0.03210422
v 0.03701820 0.02265586 0.02913953
v 0.03549697 0.02278044 0.02941589
v 0.03656733 0.02304041 0.03320926
v -0.07366104 -0.01170324 -0.05888838
v 0.02651463 0.02261736 0.03346651
v 0.02751138 0.02296521 0.03406361
v -0.07325683 -0.00649641 -0.05694681
v -0.07290465 -0.00548151 -0.05574825
v -0.07508548 -0.01818252 -0.05201321
v -0.07650222 -0.01896535 -0.05374218
v -0.07802963 -0.01952747 -0.05038737
v -0.06949154 -0.01303932 -0.05896846
v -0.08034417 0.00436576 -0.05979137
v 0.03100889 0.02255621 0.03020835
v 0.03040685 0.02262518 0.02995465
v 0.02491973 0.02236820 0.03427477
v 0.02628293 0.02292227 0.03515529
v -0.07645678 -0.01129824 -0.05867318
v -0.07788607 -0.01347435 -0.06038222
v -0.07727525 -0.01520431 -0.05913509
v -0.07595777 -0.01306442 -0.05838655
v -0.08565614 -0.02325347 -0.05775107
v -0.08583812 -0.02155683 -0.05764894
v -0.07672608 -0.01798787 -0.06138001
v -0.08063085 -0.01826260 -0.05897780
v -0.08120167 -0.00147835 -0.05776854
v -0.08218177 0.00141627 -0.05530916
v -0.07845786 -0.00456362 -0.05512284
v -0.07657333 -0.00900668 -0.05772017
v -0.07849428 -0.01133686 -0.06002407
v -0.07309219 -0.00752322 -0.05482352
v -0.07624584 -0.00700184 -0.05329638
v -0.07599808 -0.00598256 -0.05369531
v -0.07305865 -0.00658341 -0.05518889
v -0.08516381 0.00938069 -0.06127695
v -0.08315761 0.01664612 -0.04984073
v -0.08470805 0.01310008 -0.05125935
v -0.08312681 0.02801557 -0.07421428
v -0.08135758 0.01934985 -0.07965671
v -0.08200838 0.01956356 -0.06747898
v -0.07428536 -0.00995198 -0.05869982
v -0.06936765 -0.00650139 -0.05645544
v -0.06996441 -0.00700770 -0.05639649
v -0.09098542 -0.01874422 -0.06588581
v -0.07888479 -0.02041259 -0.04963250
v -0.07973108 0.00327040 -0.05492829
v -0.08926158 -0.00999245 -0.07395647
v -0.08838310 -0.01553139 -0.07172173
v -0.07936452 0.00466791 -0.05499238
v -0.07959498 0.00571831 -0.05507688
v -0.07733625 -0.01900166 -0.05479123
v -0.07886253 -0.01874630 -0.05202458
v -0.07989761 0.00596732 -0.05478076
v -0.07958712 -0.01266847 -0.04981868
v -0.08971587 0.00917974 -0.06568386
v 0.03123641 0.02268255 0.03437191
v 0.03291029 0.02244014 0.03038361
v -0.08166482 -0.03030575 -0.05894302
v -0.07998602 -0.03177762 -0.05569007
v 0.03179711 0.02244986 0.03036118
v -0.06987220 -0.00724834 -0.05582707
v 0.02939399 0.02274584 0.03419234
v -0.07327099 -0.01523104 -0.05532945
v -0.07351976 -0.00813084 -0.05735537
v 0.03046466 0.02266301 0.03627198
v 0.02807320 0.02291381 0.03575383
v 0.03679755 0.02255323 0.03555762
v -0.07837332 -0.00900594 -0.05212919
v -0.07811393 -0.01115818 -0.05173895
v -0.07962629 -0.01040782 -0.04975929
v 0.02127196 0.07411390 -0.14765888
v 0.02079898 0.05772452 -0.15189075
v -0.08194435 -0.01765538 -0.06040365
v -0.07777821 -0.01589925 -0.06325774
v -0.07971653 -0.01507254 -0.06474788
v -0.08418841 -0.01638371 -0.06125269
v -0.08711327 -0.02060436 -0.06911188
v -0.08554919 -0.02512929 -0.06555348
v -0.08751728 -0.02643803 -0.06512383
v -0.09002065 -0.02166326 -0.06881431
v 0.04098319 0.05988417 -0.14256479
v 0.04086303 0.07416315 -0.13904443
v -0.08350491 0.04473838 -0.08214653
v -0.08343068 0.03401450 -0.06697921
v -0.08382180 0.05139558 -0.07035577
v -0.08773176 0.01848545 -0.06792352
v -0.08754990 0.01629341 -0.06960072
v -0.09324756 0.01684882 -0.07219272
v -0.08163586 0.02380315 -0.05372177
v -0.08251770 0.02101647 -0.05750157
v -0.08488320 0.02076988 -0.05606658
v -0.09325868 -0.00555141 -0.07626095
v 0.04168580 0.02316554 0.03098592
v 0.03829026 0.02263219 0.02849224
v 0.05121922 0.07547111 -0.13102673
v 0.05022779 0.08452629 -0.12759040
v 0.04125149 0.08639018 -0.13327363
v 0.03852686 -0.06478083 -0.10626696
v 0.02800118 -0.07660114 -0.11335508
v -0.07988317 0.00484824 -0.04864625
v -0.08192830 0.00500944 -0.05092570
v 0.02255861 0.02207126 0.03559611
v -0.08331097 -0.01911740 -0.06839271
v 0.02448216 0.02245924 0.03619847
v -0.08572047 -0.01828190 -0.05805308
v -0.08830202 -0.01731802 -0.05967439
v -0.09343363 0.01834038 -0.06148466
v -0.09094446 0.01624174 -0.05959817
v 0.02115909 0.02167393 0.03508851
v 0.02024712 0.02168952 0.03529938
v 0.02179999 0.02223898 0.03589753
v 0.02347250 0.02273139 0.03647296
v 0.02693793 0.02265442 0.03683168
v 0.02602633 0.02293106 0.03745878
v 0.02959221 0.02298735 0.03844183
v 0.02976202 0.02255999 0.03749871
v 0.03675725 0.02204175 0.03741741
v 0.03678239 0.02264268 0.03849442
v 0.02908114 0.02434938 0.03859121
v 0.02544340 0.02395129 0.03734580
v 0.02820150 0.02641638 0.03879055
v 0.02511116 0.02562420 0.03752728
v 0.03701563 0.02619678 0.03882370
v 0.03707876 0.02423805 0.03855452
v 0.02424294 0.02049860 0.03526245
v 0.02187497 0.02067508 0.03520392
v 0.02489646 0.02080923 0.03495072
v 0.02257777 0.02101471 0.03475668
v 0.02607548 0.02113005 0.03427931
v 0.02139027 0.02128531 0.03468500
v 0.02052899 0.02111888 0.03520264
v -0.00975537 -0.11786278 0.01257167
v -0.00997856 -0.12536944 0.00862347
v 0.02712469 0.02135483 0.03357255
v 0.02090062 0.02243686 0.03557167
v 0.01941265 0.02171981 0.03555952
v 0.01974893 0.02385986 0.03506688
v 0.01880015 0.02238066 0.03579147
v 0.02233316 0.02540453 0.03581102
v 0.02271578 0.02350789 0.03595249
v 0.01956926 0.02100847 0.03545796
v 0.02024673 0.02056079 0.03539600
v 0.01904605 0.02141207 0.03559245
v 0.01964169 0.02084573 0.03549029
v 0.02716245 0.01751512 0.03635859
v 0.02695328 0.01721112 0.03568269
v 0.02376257 0.01892550 0.03596421
v 0.02324004 0.01892514 0.03564989
v 0.03562428 0.01469357 0.03421491
v 0.03837855 0.01446134 0.03331001
v 0.03541327 0.01358534 0.03445892
v -0.00942737 -0.00862928 0.06157291
v -0.01052236 -0.00889265 0.06026561
v -0.00877024 -0.00732582 0.05918896
v -0.00839763 -0.00731621 0.05980083
v 0.03830580 0.01342442 0.03332466
v 0.03043227 0.01414615 0.03579996
v 0.03081769 0.01508190 0.03542402
v 0.03692233 -0.12057824 -0.01253316
v 0.04822428 0.01527912 0.02674162
v 0.04937991 0.01441393 0.02628895
v 0.04760025 0.01367792 0.02790514
v 0.04666081 0.01486303 0.02810475
v 0.04482885 0.01452556 0.02942355
v -0.01033661 -0.01750715 0.06124654
v -0.00951625 -0.01617973 0.06044592
v -0.01089619 -0.01641927 0.05926399
v -0.01209120 -0.01728841 0.06028018
v 0.04532011 0.01319086 0.02950966
v 0.04287593 0.01312740 0.03094140
v 0.04255760 0.01422909 0.03085884
v 0.04097532 0.01429054 0.03203090
v 0.04091459 0.01314050 0.03215117
v 0.05208657 0.01864354 0.02450702
v 0.05308422 0.02212260 0.02449635
v 0.05347795 0.01790755 0.02301851
v 0.05551273 0.02156821 0.02250967
v 0.01795058 0.02548201 0.03536143
v -0.00761373 -0.00720373 0.05919666
v -0.00661223 -0.00888931 0.06202800
v -0.00771811 -0.00871307 0.06262555
v -0.00793420 -0.00734259 0.05951451
v 0.01784131 0.02296036 0.03553862
v 0.01659997 0.02672163 0.03690287
v 0.01671609 0.02408658 0.03656972
v 0.01784880 0.02908035 0.03815876
v 0.01943094 0.02802552 0.03582209
v 0.01847657 0.02193279 0.03578920
v 0.01908911 0.02095837 0.03550910
v 0.01775727 0.02216895 0.03643259
v 0.01864971 0.02076488 0.03616997
v 0.02669104 0.01664488 0.03579790
v 0.02635158 0.01574106 0.03604944
v 0.02279759 0.01861374 0.03598007
v 0.02215124 0.01794131 0.03624946
v 0.04973027 -0.01243925 -0.12210489
v 0.05374521 0.03130239 -0.13254638
v 0.05021767 0.03381974 0.03674917
v 0.04774287 0.03119974 0.03702176
v 0.04451121 0.03236456 0.03939558
v 0.04588860 0.03549732 0.04017729
v 0.05320347 0.03726313 0.03502624
v 0.05609686 0.03424441 0.03160623
v 0.05323449 0.03168395 0.03342384
v 0.05059507 0.02958320 0.03428511
v 0.05457241 0.02473510 0.02580835
v 0.05235064 0.02474881 0.02709907
v 0.05256427 0.02633173 0.02885311
v 0.05470375 0.02695409 0.02770375
v 0.05697440 0.02470038 0.02360344
v 0.05764961 0.02760130 0.02594203
v 0.05416905 0.02915402 0.03036937
v 0.05187456 0.02786849 0.03134862
v 0.05730865 0.03054716 0.02878491
v 0.02513564 0.03299507 0.04087074
v 0.02587506 0.03162297 0.03923982
v 0.02351403 0.02942281 0.03736696
v 0.02201505 0.03027570 0.03830723
v 0.02420872 0.03413764 0.04235021
v 0.01981167 0.03147076 0.03960863
v 0.03862835 0.03598770 0.04343906
v 0.03767172 0.03350180 0.04139772
v 0.02778517 0.02794091 0.03860183
v 0.02581513 0.02685346 0.03801047
v 0.02694714 0.02842352 0.03825327
v 0.02497783 0.02711721 0.03754392
v 0.05895334 0.09591419 -0.10925750
v 0.06113563 0.10191628 -0.09667958
v 0.04429663 0.11305065 -0.10280018
v 0.04346745 0.10545000 -0.11533576
v 0.04390317 0.02613216 0.03635302
v 0.04482803 0.02684917 0.03604268
v 0.04710677 0.02616249 0.03382797
v 0.04627969 0.02549654 0.03421069
v 0.04827039 0.02477075 0.03181608
v 0.04898294 0.02560598 0.03166010
v 0.04992023 0.02495120 0.02985594
v 0.04934997 0.02428171 0.02997331
v 0.04994288 0.02376080 0.02861902
v 0.05046705 0.02417285 0.02818902
v 0.02474949 0.02828596 0.03773316
v 0.02652679 0.02958653 0.03863880
v 0.05275247 0.06296264 -0.13301440
v 0.04438084 0.07505088 0.02306229
v 0.05162049 0.07153594 0.01668924
v 0.04983104 0.06444018 0.02257441
v 0.04565820 0.02869278 0.03672538
v 0.04827772 0.02766727 0.03431199
v 0.05005265 0.02668036 0.03173840
v 0.05105834 0.02558088 0.02965311
v 0.05142434 0.02476803 0.02825782
v 0.07556996 -0.01339039 -0.04164418
v 0.07568154 -0.01353174 -0.04364494
v 0.08287167 -0.00460830 -0.07085370
v 0.08076406 0.00192509 -0.07012507
v 0.07937930 0.00553128 -0.06872276
v 0.08396206 0.01402502 -0.05427878
v 0.08605009 0.01728621 -0.05731389
v 0.08851200 -0.02288009 -0.06202755
v 0.08499595 -0.02499953 -0.05823175
v -0.09351465 0.02151161 -0.06217945
v 0.08813960 -0.02197015 -0.06274074
v 0.09303816 0.01274397 -0.06642667
v 0.09340238 0.01105879 -0.06786062
v 0.09427532 0.01064875 -0.06748493
v 0.04263492 -0.03499941 -0.11380485
v 0.04748562 -0.02189002 -0.11905257
v 0.09368446 0.00924001 -0.06927102
v 0.07690109 -0.00894407 -0.04671222
v 0.08399675 -0.00489097 -0.07096028
v 0.08577354 -0.00528829 -0.07243116
v 0.08696111 -0.01027677 -0.07218251
v 0.08605599 -0.00990658 -0.07177830
v 0.08639099 -0.01559618 -0.07009643
v 0.08553937 -0.01486551 -0.06980953
v 0.08967256 -0.01906113 -0.06557865
v 0.09006234 -0.01473888 -0.06847667
v 0.08708790 0.01760804 -0.05872615
v 0.08714098 0.01699900 -0.05791073
v 0.08790994 0.01750614 -0.05905248
v 0.07787775 -0.01024052 -0.04820707
v 0.08189832 0.01153313 -0.05433706
v 0.08181667 0.00986668 -0.05242600
v 0.08142021 0.01032611 -0.05300514
v 0.07561771 -0.00582347 -0.05300559
v 0.07529726 -0.00496518 -0.05325886
v 0.07695524 -0.00720738 -0.05247395
v 0.07864970 -0.00825287 -0.04995697
v 0.07360810 -0.01645172 -0.05225259
v 0.07347816 -0.01736861 -0.05362890
v 0.07320178 -0.01796579 -0.05256397
v 0.09026106 0.02305885 -0.06175388
v 0.08189677 0.00890157 -0.05196776
v 0.08326566 0.00996203 -0.05231266
v 0.08399659 0.01110898 -0.05267301
v 0.08884109 0.01662508 -0.05905980
v 0.08458656 0.01196588 -0.05287389
v 0.08335511 0.01210493 -0.05320367
v 0.08486237 0.01371592 -0.05401372
v 0.08254965 0.01216716 -0.05367682
v 0.07898053 -0.01392992 -0.06565228
v 0.07757539 -0.01402187 -0.06370823
v 0.07610195 0.00772267 -0.04244690
v 0.07681263 0.00534583 -0.04494335
v 0.08399757 -0.02574167 -0.05582740
v 0.07948099 0.01147852 -0.06262518
v 0.08058908 0.01507452 -0.06437000
v 0.09148511 -0.01048952 -0.07026207
v 0.08406961 -0.01697466 -0.05980229
v 0.08181605 -0.01811197 -0.05871523
v 0.08643495 -0.01548090 -0.06120000
v 0.08849474 -0.01281006 -0.06298146
v 0.07785099 0.00266516 -0.05705230
v 0.08776868 0.00728760 -0.06243103
v 0.08820417 0.00499032 -0.06358857
v 0.08629379 0.00748025 -0.06116891
v 0.08142967 0.01903181 -0.06238912
v 0.08158118 0.01902381 -0.05985860
v 0.07891322 0.01483304 -0.06147349
v 0.08140013 0.01709515 -0.05941997
v 0.07528564 -0.01302768 -0.05202435
v 0.07366630 -0.01872011 -0.05508646
v 0.07555780 -0.01754873 -0.05700823
v 0.07486885 -0.01926890 -0.05604395
v 0.07631651 -0.01856686 -0.05796093
v 0.07652188 -0.01742909 -0.05946919
v 0.07665683 -0.01579579 -0.06086468
v 0.07706375 -0.01348297 -0.06142183
v 0.07460690 -0.00893123 -0.05290085
v 0.08065707 0.02061863 -0.05046301
v 0.07427025 -0.01081541 -0.05286065
v 0.07600398 -0.00713212 -0.05270581
v 0.07602780 -0.00888638 -0.05229260
v 0.07562859 -0.01083283 -0.05197402
v 0.07991357 -0.02075493 -0.05243502
v 0.08006554 -0.01941167 -0.05512773
v 0.07908347 -0.02013256 -0.05177474
v 0.08054163 -0.01903696 -0.05737862
v 0.07796301 -0.01971758 -0.05152975
v 0.08095594 0.01284815 -0.06173798
v 0.08156134 0.01641833 -0.06128545
v 0.07539784 -0.00967720 -0.03989595
v 0.06695908 -0.00105714 0.01215482
v 0.06815527 0.00863195 0.00618192
v 0.02854609 -0.05283538 0.04501793
v 0.02820778 -0.05555087 0.04551067
v 0.05873097 -0.01106548 0.02645806
v 0.05354086 -0.01442824 0.03137834
v 0.02588456 -0.04642560 0.05535895
v 0.02495745 -0.04723733 0.05549261
v 0.02409478 -0.04665906 0.05602406
v 0.02484226 -0.04644144 0.05558558
v 0.02319517 -0.04545616 0.05550985
v 0.02403188 -0.04635278 0.05463165
v 0.02404845 -0.04648737 0.05579546
v 0.02350685 -0.04564955 0.05628816
v 0.03006479 -0.03132423 0.05418342
v 0.03301395 -0.02636519 0.04923736
v 0.03594433 -0.03065829 0.04884794
v 0.03276860 -0.03501203 0.05303452
v 0.02566354 -0.04927071 0.04714830
v 0.02532501 -0.04757459 0.04758414
v 0.02453287 -0.04668521 0.05068254
v 0.02463333 -0.04742700 0.05015692
v 0.02571817 -0.05046760 0.04728966
v 0.02447808 -0.04808206 0.05024198
v 0.02812723 -0.05112428 0.04471987
v 0.02746712 -0.04838974 0.04462223
v 0.03654379 -0.05197907 0.04935103
v 0.03225559 -0.05036436 0.05230678
v 0.03313510 -0.04736188 0.05269168
v 0.03729961 -0.04761744 0.04971170
v 0.02680429 -0.01857915 0.04912877
v 0.03029930 -0.02206784 0.04909329
v 0.02728091 -0.02770816 0.05342881
v 0.02382854 -0.02263647 0.05275727
v 0.02020942 -0.01788416 0.05260925
v 0.02331775 -0.01423969 0.04915376
v 0.02005433 -0.00877932 0.05471512
v 0.02093701 -0.01313478 0.05680389
v 0.02051219 -0.01433934 0.06065241
v 0.02081707 -0.01173285 0.05903836
v 0.01775527 -0.01913290 0.05966421
v 0.02084072 -0.01598634 0.05544802
v 0.01282977 -0.02019770 0.06058737
v -0.01473418 -0.01671840 0.06081643
v -0.01332603 -0.01503716 0.06004044
v -0.01372067 -0.01439344 0.06183866
v -0.01636359 -0.01539222 0.06255331
v 0.01245562 -0.01954555 0.06124378
v 0.01782466 -0.01954999 0.05845940
v -0.00619314 -0.01486683 0.06897665
v -0.00745420 -0.01287890 0.06883409
v -0.00625788 -0.01403101 0.06683643
v -0.00621610 -0.01575007 0.06642881
v 0.01755106 -0.02058109 0.05716810
v 0.01313832 -0.02091844 0.06004792
v 0.01130626 -0.01866422 0.06147883
v 0.01492983 -0.01853107 0.06153272
v -0.00978064 -0.01260764 0.06805085
v -0.01211070 -0.01241331 0.07007213
v -0.01418174 -0.01257881 0.06825849
v -0.01154980 -0.01324570 0.06649218
v -0.00662783 -0.01284120 0.06243262
v -0.00762043 -0.01469773 0.06359165
v -0.00586739 -0.01195795 0.06550892
v -0.01308562 -0.01238573 0.06028927
v -0.01280924 -0.01340820 0.05905577
v -0.01059101 -0.00983284 0.05904551
v -0.01087185 -0.00956350 0.05891268
v 0.01731529 -0.01606590 0.06301708
v 0.00379667 -0.01581069 0.06889704
v 0.00539188 -0.01482646 0.07102692
v 0.01234704 0.01636038 0.05284900
v 0.01578263 0.01282094 0.04981145
v 0.01209086 0.01358046 0.05497373
v 0.01547441 0.01024709 0.05194125
v 0.01664168 -0.01326679 0.06622779
v 0.01907106 -0.01111707 0.06478827
v 0.01352606 -0.01162595 0.06972333
v 0.01494948 -0.00871738 0.06932347
v 0.00537703 0.03022975 0.05121924
v 0.00133160 -0.01958790 0.06484228
v 0.00195608 -0.02052430 0.06482734
v 0.00091917 -0.01768799 0.06622052
v 0.02201308 0.09798045 -0.13389079
v 0.02250762 0.11076508 -0.12235469
v 0.02152900 0.12438934 -0.09858513
v 0.01906641 0.12878148 -0.08588517
v 0.00542651 -0.04090578 0.07003827
v 0.00498690 -0.03753722 0.06997452
v 0.01266925 -0.04635096 0.05421222
v 0.00764180 -0.04682934 0.05510090
v 0.00757548 -0.04810442 0.05856194
v 0.01293709 -0.04789389 0.05766053
v 0.01651652 -0.04709765 0.05619685
v 0.01712541 -0.04568333 0.05275189
v 0.01269310 -0.04483076 0.05170228
v 0.00740878 -0.04512283 0.05195712
v 0.01232080 -0.04908346 0.06395558
v 0.00709957 -0.04905092 0.06574052
v 0.00640470 -0.04701620 0.06810500
v 0.01197782 -0.04729315 0.06593098
v 0.02007027 -0.02494629 0.05664523
v 0.01571834 -0.02433281 0.05925545
v 0.01100228 -0.02391106 0.06248781
v 0.00717926 -0.02370923 0.06462772
v 0.00632791 -0.02129082 0.06390211
v 0.00938534 -0.02110460 0.06216633
v 0.00588376 -0.02011574 0.06357258
v 0.00894517 -0.02011883 0.06210111
v 0.00861330 -0.01933725 0.06222898
v 0.00882950 -0.01872334 0.06211684
v 0.00680039 -0.01827131 0.06322622
v 0.00734037 -0.01780447 0.06303821
v 0.00559184 -0.01909927 0.06341783
v 0.00504109 0.00781866 0.06870618
v 0.00491412 0.01142733 0.06538431
v 0.00995245 -0.03589214 0.06829766
v 0.00493561 -0.03476625 0.06969274
v 0.00435372 -0.02984712 0.06824651
v 0.00915313 -0.03025134 0.06733244
v 0.01399422 -0.03145893 0.06504560
v 0.01516612 -0.03775692 0.06575261
v 0.00253180 -0.02163588 0.06506711
v 0.01008618 -0.03858750 0.06829780
v 0.01052562 -0.04154654 0.06832201
v 0.01543714 -0.04040124 0.06573794
v 0.01566980 -0.04285543 0.06563474
v 0.02011221 -0.04020169 0.06265485
v 0.01976127 -0.03356220 0.06227608
v 0.02594337 -0.03550388 0.05894690
v 0.02450505 -0.04237297 0.05948022
v 0.03294544 -0.04443627 0.05375008
v 0.02746265 -0.04667015 0.05491807
v 0.02749839 -0.04550965 0.05546767
v 0.02731802 -0.04457904 0.05641728
v 0.03211900 -0.04144444 0.05483187
v 0.03661775 -0.04335910 0.05123791
v 0.03511936 -0.03893391 0.05219815
v 0.03000112 -0.03866012 0.05639395
v 0.02662686 -0.04358573 0.05756416
v 0.02605610 -0.04585713 0.05592356
v 0.02496428 -0.04612235 0.05593616
v 0.02577189 -0.04538627 0.05670999
v 0.02468570 -0.04592597 0.05655588
v 0.02526174 -0.04504289 0.05765330
v 0.02418708 -0.04589643 0.05728261
v 0.02321087 -0.04576942 0.05859742
v 0.02395472 -0.04442337 0.05918311
v 0.02297448 -0.04651351 0.05554057
v 0.02191259 -0.04687217 0.05615491
v 0.02197696 -0.04707129 0.05706742
v 0.02291374 -0.04682899 0.05612259
v 0.02377982 -0.04634277 0.05504597
v 0.02349709 -0.04672882 0.05576527
v 0.02408681 -0.04666047 0.05127585
v 0.02348437 -0.04617636 0.05175525
v -0.05174469 -0.08767437 -0.02413043
v -0.06221948 -0.08555846 -0.03946995
v 0.02431230 -0.04633179 0.05449330
v 0.02433440 -0.04660797 0.05537333
v 0.02413649 -0.04647098 0.05595842
v 0.02390408 -0.04639493 0.05622110
v 0.02335986 -0.04645774 0.05670615
v 0.02245211 -0.04661380 0.05773498
v 0.01585628 -0.04510824 0.06487231
v 0.01958144 -0.04442644 0.06240574
v 0.01936934 -0.04612357 0.06134203
v 0.01594465 -0.04755168 0.06339417
v 0.01918690 -0.04740934 0.06007821
v 0.01768433 -0.04420549 0.04981305
v 0.01593146 -0.04861037 0.06148705
v 0.02123269 -0.04548549 0.05019440
v 0.02218962 -0.04440333 0.04745721
v 0.02036925 -0.04642281 0.05360114
v 0.02487449 -0.04662591 0.04844807
v 0.02420866 -0.04608120 0.04849874
v 0.02659084 -0.04650325 0.04503511
v 0.02547278 -0.04521843 0.04564500
v 0.01921298 -0.04760719 0.05854537
v 0.01984825 -0.04250450 0.06267476
v 0.01112835 -0.04432865 0.06743723
v 0.00585627 -0.04395610 0.06934605
v -0.03654119 0.00753467 0.03757923
v -0.03578634 0.00448256 0.03891002
v -0.03188998 0.00603603 0.04016121
v -0.03279848 0.00866211 0.03878974
v 0.00540735 -0.00031335 0.07556050
v 0.00534384 0.00417163 0.07197773
v 0.02364423 -0.04598849 0.05631399
v 0.01310697 -0.13050728 0.00478262
v -0.07982720 -0.00832171 -0.04900302
v -0.07904245 -0.00755971 -0.04795455
v -0.08781385 0.01361825 -0.07121896
v 0.02657063 -0.04777929 0.05485870
v 0.02556407 -0.05246473 0.04768668
v 0.02359867 -0.04942937 0.05083309
v 0.03398387 -0.05622767 0.05031480
v 0.02930360 -0.06035676 0.05301279
v 0.02664390 -0.05628295 0.05540398
v 0.03023068 -0.05319434 0.05315174
v 0.02282968 -0.05026234 0.05795825
v 0.02515156 -0.04893294 0.05605874
v -0.09066556 0.01620031 -0.06837670
v 0.02379954 -0.04765778 0.05683284
v 0.02158611 -0.04827935 0.05896263
v 0.02074126 -0.04660510 0.05967831
v 0.02292773 -0.04654795 0.05722896
v 0.01936257 -0.04310367 0.05956496
v 0.01481388 -0.04172436 0.06227780
v 0.01471537 -0.04633324 0.05682077
v 0.01941153 -0.04729716 0.05463590
v 0.02353480 -0.04787880 0.05224167
v 0.02257939 -0.04437849 0.05626062
v -0.08792599 0.02009156 -0.06611169
v -0.08796296 0.02157936 -0.06144930
v -0.08574963 0.02057430 -0.06065031
v -0.08593231 0.01858696 -0.06462411
v 0.01981216 -0.04384942 0.06009131
v 0.02265366 -0.04486275 0.05737800
v 0.01522589 -0.04278311 0.06343644
v 0.02506796 -0.12638250 -0.00270309
v 0.02272464 -0.04542686 0.05749080
v 0.02012617 -0.04474103 0.05992355
v 0.01579703 -0.04419263 0.06358572
v 0.01665786 -0.04681383 0.06331996
v 0.01769788 -0.04922850 0.06297650
v 0.01892917 -0.05211961 0.06181964
v 0.02155353 -0.05939466 0.05825020
v 0.02352206 -0.06441954 0.05633483
v 0.01565560 -0.06140021 0.06028157
v 0.01701555 -0.06640363 0.05933943
v 0.01381382 -0.05368028 0.06547850
v 0.01291252 -0.04988420 0.06710194
v 0.01198442 -0.04678112 0.06714430
v 0.01127577 -0.04376015 0.06681443
v 0.00333147 -0.02373425 0.06561821
v 0.00522558 -0.01769204 0.06426027
v 0.00378206 -0.01657683 0.06621721
v 0.00816644 -0.01322126 0.07188463
v 0.00083926 -0.01655159 0.06857628
v 0.01154588 -0.01167421 0.07128497
v 0.00933296 -0.01201038 0.07272194
v 0.01006782 -0.01033642 0.07351828
v 0.01169841 -0.00974741 0.07244109
v 0.00739470 -0.01236404 0.07389003
v 0.00898701 -0.01047774 0.07445203
v 0.00247539 -0.01284296 0.07556475
v 0.00367581 -0.00956100 0.07756095
v 0.00514197 -0.00399444 0.07768675
v 0.00434595 -0.00745329 0.07809663
v 0.01054951 -0.00864850 0.07389143
v 0.01232005 -0.00680522 0.07221597
v -0.09548393 0.01576612 -0.06629012
v 0.01272937 -0.00360673 0.06999419
v 0.01578092 -0.00586368 0.06671298
v 0.00951990 0.13361923 -0.04210585
v 0.01066269 -0.04203138 0.06627192
v 0.00985216 -0.04098212 0.06445877
v -0.08042238 -0.02194440 -0.04893786
v -0.08730331 0.00515198 -0.06333304
v 0.01514476 -0.05857669 0.05022299
v 0.01511242 -0.05262129 0.05241364
v 0.01007917 -0.05294320 0.05379650
v -0.08738308 0.02214563 -0.05896960
v -0.09060950 0.02318206 -0.05960044
v 0.01012007 -0.05857870 0.05192186
v 0.00578529 -0.04087619 0.06542757
v -0.09364436 -0.00562220 -0.07141847
v -0.09612151 0.01439626 -0.06806999
v -0.09460591 0.01286142 -0.06718159
v -0.08853325 0.01403236 -0.05457967
v -0.08223166 -0.01233471 -0.06581491
v -0.08796524 -0.01186312 -0.06274012
v -0.08643556 -0.01464906 -0.06188308
v -0.08149847 -0.01415295 -0.06522382
v -0.07865052 0.00052996 -0.06028365
v 0.00599951 -0.04572111 0.05885577
v 0.00991252 -0.04566772 0.05827074
v 0.00592201 -0.04191149 0.06727944
v 0.00645161 -0.04366879 0.06826822
v 0.00714736 -0.04679537 0.06919573
v 0.00642127 -0.05301605 0.05412433
v 0.00639475 -0.05916480 0.05240376
v -0.07629546 -0.01697532 -0.04030398
v 0.02436008 -0.05324626 0.04880007
v -0.08538786 -0.02731072 -0.05443573
v -0.08621137 -0.02615421 -0.05707685
v -0.03326433 -0.03568592 -0.12410767
v -0.03699061 -0.02424829 -0.13013943
v -0.09526106 -0.00575658 -0.07493286
v 0.02560461 -0.05761471 0.04648972
v 0.01997031 -0.05397534 0.05109950
v 0.02039807 -0.05793500 0.04893910
v 0.01054625 -0.06733304 0.06152169
v 0.00943539 -0.06233331 0.06143149
v 0.00773567 -0.05065021 0.06936549
v 0.00818267 -0.05517731 0.06747203
v 0.02232662 0.11881264 -0.11112048
v 0.06201736 0.07798209 -0.00606927
v 0.06048875 0.07130072 0.00100984
v -0.08794475 0.01865222 -0.06215042
v 0.05371470 0.07856590 0.00815178
v 0.05538170 0.08382719 0.00162345
v 0.06271357 0.08642249 -0.01408252
v 0.05600002 0.09110416 -0.00591499
v 0.03977064 0.12581626 -0.06163431
v 0.04016802 0.12503350 -0.04735095
v 0.02078321 0.13099010 -0.04336771
v 0.03470215 0.12593564 -0.07568774
v 0.04747156 0.11746164 -0.08535952
v 0.04955239 0.12013597 -0.06585635
v 0.04923607 0.11988775 -0.05040519
v -0.08228879 -0.02237657 -0.04994097
v -0.08249249 -0.02798038 -0.04743513
v -0.08074113 -0.02723270 -0.04581973
v -0.08371000 0.00830699 -0.06048256
v 0.02771698 -0.08936295 -0.11494721
v 0.05366746 0.04478996 -0.13297063
v 0.04773351 0.11873511 -0.03658332
v 0.03934646 0.12300353 -0.03364195
v 0.03870326 0.11963479 -0.02140963
v 0.04625527 0.11622468 -0.02496326
v 0.02053013 0.12834287 -0.02906444
v 0.00939024 0.13049062 -0.02731013
v 0.01858249 0.00574828 -0.14923272
v 0.00514337 0.01509937 0.06253507
v 0.05009840 -0.05135259 -0.09672025
v 0.06102466 -0.05177332 -0.07876904
v 0.06644134 -0.10436344 -0.05122734
v 0.07400397 -0.02798161 -0.05829110
v 0.07362204 -0.02720487 -0.05905089
v 0.06541639 -0.06666507 -0.05791470
v 0.06539170 -0.05233795 -0.05936975
v 0.03946827 -0.05049382 -0.10903352
v 0.08240061 -0.01654324 -0.06934263
v 0.08298419 -0.01287914 -0.07073142
v 0.08382378 -0.01737871 -0.06855940
v 0.08432669 -0.01332198 -0.07016946
v 0.08439669 -0.00897635 -0.07100963
v 0.08465136 -0.01918389 -0.06755915
v 0.08150317 0.01937694 -0.05814366
v 0.08361471 0.02078878 -0.05704575
v -0.08225155 -0.01771274 -0.06845257
v -0.08213136 -0.01554255 -0.06984018
v 0.07353874 -0.02907263 -0.05357905
v 0.07336299 -0.02842863 -0.05546014
v -0.07001897 -0.00655106 -0.05703760
v 0.07268363 -0.02865166 -0.05468781
v 0.07254565 -0.02902430 -0.05314833
v 0.07345776 -0.02988841 -0.05176914
v 0.07244010 -0.02954002 -0.05187165
v 0.07994414 0.03720184 -0.04864857
v 0.07099021 -0.02889086 -0.05624145
v 0.07271786 -0.02753522 -0.05874790
v 0.07284267 -0.02797102 -0.05702125
v 0.07224111 -0.02848707 -0.05550443
v 0.07198803 -0.02936487 -0.05327011
v 0.07203826 -0.03014796 -0.05128485
v 0.07280684 -0.03090581 -0.05046717
v -0.08478149 -0.02370578 -0.06535018
v -0.08115239 -0.02878921 -0.05919223
v -0.06556947 -0.08214103 -0.05556411
v -0.06304906 -0.07985268 -0.07174911
v -0.06393722 -0.09147229 -0.06891868
v -0.06590275 -0.09533413 -0.05271811
v -0.07698973 -0.00280689 -0.04189637
v -0.07715140 -0.00983536 -0.04449888
v -0.07717761 -0.01123274 -0.04240644
v 0.08522760 -0.02032864 -0.06773576
v 0.07835824 -0.03067360 -0.05583651
v -0.02549613 -0.10833983 0.00409047
v -0.02264611 -0.12143748 0.00121563
v 0.08012867 0.01177419 -0.06410447
v 0.08037728 0.00966857 -0.06589982
v 0.08310301 0.01115679 -0.06706754
v 0.08289395 0.01347288 -0.06553400
v 0.06080765 -0.01168376 -0.10987894
v 0.06289152 -0.00003739 -0.11411493
v 0.01276642 -0.08725323 -0.11988089
v 0.01274614 -0.07366318 -0.11948535
v 0.07802315 0.03372009 -0.09735529
v 0.08013605 0.01348611 -0.06269351
v 0.08299676 0.01538923 -0.06407137
v 0.08326349 -0.00872943 -0.07120848
v 0.07841787 0.01305756 -0.06310332
v 0.07876915 0.01112294 -0.06453726
v 0.08451046 0.01696318 -0.06558286
v 0.08437804 0.01483815 -0.06713804
v 0.08417406 0.01238059 -0.06860754
v 0.07911515 0.00899767 -0.06611321
v -0.07626025 -0.01639634 -0.03662026
v -0.07513523 -0.01672031 -0.02470197
v -0.07683748 -0.00021424 -0.02519488
v -0.07624327 -0.00600793 -0.03617104
v 0.08137766 0.01718069 -0.06430548
v 0.08171923 0.06624225 -0.07153134
v 0.08120198 0.06005806 -0.08597355
v 0.07782241 0.08371850 -0.07422712
v 0.07711479 0.07852757 -0.08982105
v 0.07269852 0.07231158 -0.10607509
v 0.07646064 0.05261781 -0.10243255
v 0.08158038 0.01916755 -0.05856849
v 0.08458406 0.02156327 -0.05753263
v 0.06334783 0.09333844 -0.02162248
v 0.06874403 0.08853346 -0.02893806
v 0.05627164 0.09749288 -0.01282146
v 0.05623838 0.10323133 -0.01928746
v 0.06286978 0.09986120 -0.02837566
v 0.07050637 0.09315298 -0.04076159
v 0.08092222 0.05662333 -0.05707783
v 0.07948516 0.07181887 -0.05700442
v 0.07584775 0.07588153 -0.04302284
v -0.06290833 0.03028528 0.01424750
v -0.06414985 0.03131374 0.00915152
v -0.06483526 0.02210112 0.00874659
v -0.06280319 0.02311429 0.01289882
v 0.07530802 0.08873537 -0.05819495
v 0.06635059 0.10269576 -0.04678687
v 0.07027729 0.09917770 -0.06145420
v 0.05924022 0.11147974 -0.05036649
v 0.06159405 0.10952679 -0.06523674
v 0.06153587 0.10691927 -0.08132366
v 0.07217720 0.09513195 -0.07688008
v 0.06113766 0.10571048 -0.03433378
v 0.05474947 0.10840558 -0.02449821
v 0.05610194 0.11241325 -0.03756714
v 0.05256998 0.11270630 -0.02889089
v 0.07337083 0.07746422 -0.03556130
v 0.06757547 -0.03485423 -0.05165773
v 0.07028597 -0.03536287 -0.04571878
v -0.02026824 0.08926360 0.03021280
v -0.01011102 0.09035272 0.03265985
v -0.01042961 0.09728099 0.02745365
v -0.02079378 0.09623210 0.02486035
v 0.07414591 -0.02398051 -0.03692307
v -0.03888883 -0.01533451 -0.13345674
v -0.04059408 -0.00416390 -0.13718143
v -0.02028809 -0.00745913 -0.14472750
v -0.01925910 -0.01778801 -0.14050379
v 0.07145613 0.00169091 -0.00071651
v 0.07021775 0.01446383 -0.00362824
v 0.07445169 0.00645652 -0.01447485
v 0.07404489 -0.00831987 -0.01230432
v -0.02123294 0.11459392 0.00377098
v -0.01073088 0.11601697 0.00635490
v -0.01091794 0.12156816 -0.00328591
v -0.02160593 0.11987339 -0.00554533
v -0.05562457 0.00415990 0.02776509
v -0.05751913 -0.00204973 0.02795274
v -0.05356428 -0.00245709 0.03174650
v -0.05217454 0.00396501 0.03099249
v 0.06813400 0.02844964 -0.00530898
v 0.07238341 0.02095052 -0.01627865
v 0.07257564 0.03641685 -0.01834405
v 0.06831997 0.04306211 -0.00542570
v 0.06381391 0.06664225 -0.12147227
v 0.06612362 0.04918074 -0.12018296
v -0.08233975 -0.03209680 -0.04388884
v -0.08112986 -0.03110587 -0.04275801
v 0.06678101 0.03561815 -0.11921049
v 0.04829367 0.05777950 0.02706581
v -0.01114558 0.12639025 -0.01467237
v -0.02210615 0.12449468 -0.01655273
v 0.02171404 0.08849816 -0.14071669
v 0.04600526 0.08266938 0.01545984
v 0.05545240 0.08822569 -0.12039784
v -0.00138977 -0.07206919 -0.12110587
v 0.04199863 0.09435321 -0.12694740
v 0.07161998 0.09026296 -0.09221141
v 0.06847703 0.08496507 -0.10589700
v 0.06049459 0.07831059 -0.12112379
v 0.06593066 0.01843780 -0.11828656
v 0.04665224 0.11188579 -0.01759734
v 0.05981175 0.02448778 0.02045494
v 0.05837049 0.02031477 0.01902427
v 0.06068156 0.02884192 0.02263354
v 0.05573218 0.01563023 0.02060043
v 0.01925367 0.00928906 0.04729031
v 0.01870214 0.00682280 0.04923174
v 0.01802236 0.00413497 0.05131121
v 0.02192765 0.00369773 0.04674712
v 0.02100076 0.00045996 0.04857580
v 0.01422835 0.00436439 0.05664818
v 0.01495179 0.00736612 0.05427299
v 0.01718644 0.00136908 0.05330318
v 0.01694254 -0.00182583 0.05551764
v 0.01434126 0.00141833 0.05951189
v 0.02078217 -0.01591350 0.05297928
v 0.02134944 -0.01046541 0.04992247
v 0.01920879 -0.00593835 0.05190350
v 0.02430567 -0.00273452 0.04666867
v 0.02299906 -0.00625357 0.04807606
v 0.01994641 -0.00243861 0.05015492
v 0.02580935 0.00076018 0.04475312
v 0.01836662 -0.00531599 0.05870976
v 0.01962336 -0.00904417 0.06220724
v 0.01501936 -0.00218877 0.06325830
v 0.01237610 -0.00005063 0.06636102
v 0.01197388 0.00375061 0.06276233
v 0.02267632 0.00633302 0.04498767
v 0.02690120 0.00366656 0.04298910
v 0.02630570 -0.00974926 0.04738066
v 0.03043578 -0.01281004 0.04669680
v 0.02845224 -0.00528326 0.04539575
v 0.03230370 -0.00789479 0.04442923
v 0.02968314 -0.00175561 0.04337345
v 0.03362650 -0.00420697 0.04228956
v 0.03380536 -0.01686924 0.04636214
v 0.03707263 -0.02065135 0.04570817
v 0.03980804 -0.02645282 0.04507522
v 0.03982494 -0.01563596 0.04257140
v 0.04331656 -0.02100096 0.04117161
v 0.04209560 -0.01030049 0.03967092
v 0.04597627 -0.01577351 0.03805322
v -0.01477778 0.01592165 0.04736229
v -0.01503515 0.01791243 0.04426775
v -0.01895270 0.01440195 0.04294273
v -0.01860162 0.01221504 0.04519762
v -0.00768585 0.06086918 0.04621326
v -0.00855710 0.06903956 0.04167553
v -0.01764492 0.06862196 0.04019193
v -0.01643123 0.06065264 0.04546821
v 0.03644719 -0.01114941 0.04333653
v 0.03818704 -0.00724334 0.04096000
v 0.03500937 -0.00045118 0.04032772
v 0.03110738 0.00170451 0.04158621
v 0.04392551 0.00091932 0.03626099
v 0.04341531 -0.00496858 0.03768299
v 0.03926141 -0.00259918 0.03899161
v 0.04003240 0.00229348 0.03750633
v 0.04830702 -0.00859439 0.03566920
v 0.04847205 -0.00074556 0.03458637
v 0.04780467 0.00444735 0.03326812
v 0.03485618 0.01152170 0.03584886
v 0.02993177 0.01232005 0.03716938
v 0.03793401 0.01120159 0.03454812
v 0.04381929 0.00517724 0.03498678
v 0.04053445 0.00600154 0.03622675
v 0.05132523 0.01165833 0.02661130
v 0.04905155 0.01089779 0.02884655
v 0.04338078 0.01060181 0.03219287
v 0.04076296 0.01084213 0.03337494
v 0.04631120 0.01053943 0.03063336
v 0.02552229 0.01408855 0.03765053
v 0.02082263 0.01656262 0.03855919
v 0.06055908 -0.06519587 -0.07528730
v 0.01155005 0.00711254 0.05997445
v 0.01169222 0.01037069 0.05724040
v 0.01726494 0.03170267 0.04170223
v 0.01553094 0.02936666 0.04093985
v 0.00905064 0.02972413 0.04835585
v 0.02093982 0.03475863 0.04503385
v 0.01777788 0.01953064 0.03913504
v -0.02348771 0.01183795 0.04165817
v -0.02268180 0.00962215 0.04330801
v 0.01593355 0.02201554 0.03920964
v 0.01468970 0.02407465 0.03951566
v 0.01435290 0.02694615 0.04012758
v -0.01051410 0.10404897 0.02111571
v -0.02099221 0.10290480 0.01840867
v -0.02168152 0.13169953 -0.06603084
v -0.02214262 0.13164268 -0.05769425
v -0.01084024 0.13446310 -0.05796308
v -0.01190206 0.13384517 -0.07041218
v 0.03173512 0.04731660 0.04702474
v 0.02858770 0.03993857 0.04935884
v 0.05818936 0.06397503 0.01053692
v 0.06221014 0.05532384 0.00660644
v 0.05338553 0.04276446 0.03138209
v 0.05724282 0.03878887 0.02800109
v 0.05976257 0.03391530 0.02492117
v 0.06455847 0.04353482 0.00364859
v 0.06579302 0.03096874 0.00279257
v 0.06715429 0.01955835 0.00351255
v -0.07356483 -0.00043028 -0.09715106
v -0.07707033 -0.00202097 -0.08153491
v -0.07959923 0.01040984 -0.08263920
v -0.07727864 0.01670457 -0.09908527
v 0.04757862 0.09501410 0.00244552
v -0.03660623 -0.10127469 -0.00903719
v -0.03449801 -0.11411980 -0.01146746
v -0.00187748 -0.08621341 -0.12132976
v 0.04754525 0.10125205 -0.00413775
v 0.04713566 0.08831225 0.00938384
v 0.03827314 0.11511759 -0.01221056
v 0.03825027 0.11018067 -0.00407823
v 0.04728518 0.10691707 -0.01074756
v 0.03864968 0.10447534 0.00292530
v 0.03900216 0.09826411 0.00944617
v 0.03861685 0.09173739 0.01640172
v 0.03781163 0.08589550 0.02226536
v 0.03648432 0.07713284 0.02882149
v 0.05020474 -0.06481224 -0.09466636
v 0.00749227 -0.00779634 0.05942646
v 0.00703577 -0.00792116 0.05978410
v -0.05364891 0.05163625 0.02185385
v -0.05520380 0.05738426 0.01679395
v -0.05886802 0.05028348 0.01310296
v -0.05763142 0.04565290 0.01871379
v 0.00730847 -0.00778895 0.05910647
v 0.00673936 -0.00783153 0.05954099
v 0.00721206 -0.00793436 0.05949961
v 0.00704090 -0.01627203 0.06235455
v 0.00603305 -0.01430800 0.06135264
v 0.00655889 -0.01036335 0.06050743
v 0.07386569 -0.03087169 -0.03929377
v -0.00627849 0.04786344 0.05207084
v -0.01406629 0.04721553 0.05205842
v -0.01236694 0.04092190 0.05246407
v -0.00562764 0.04184004 0.05245165
v -0.06248541 0.01574610 0.01292496
v -0.06533448 0.01304023 0.01016794
v -0.06426318 0.00511978 0.01567631
v -0.06114207 0.00870931 0.01778366
v -0.05812829 0.00506288 0.02430725
v -0.06063686 -0.00085739 0.02412112
v -0.01922003 0.07908642 0.03628523
v -0.00940287 0.07987306 0.03806819
v -0.06182745 0.04098412 0.01030854
v -0.06099071 0.03818082 0.01609824
v -0.01167987 0.01913292 0.04978548
v -0.01240189 0.02073178 0.04605333
v -0.00940067 0.02427373 0.04833882
v -0.00478295 0.02430786 0.05454586
v -0.00440985 0.02770815 0.05226541
v -0.00851823 0.02724045 0.04888906
v -0.03410885 0.06019723 0.03792249
v -0.03522577 0.06779006 0.03284589
v -0.04274144 0.06648973 0.02722081
v -0.04152421 0.05916378 0.03226740
v -0.02110806 0.10889095 0.01156112
v -0.01059546 0.11014912 0.01425053
v -0.00454424 0.03535906 0.05092099
v -0.00952179 0.03497096 0.04953542
v -0.00870374 0.03214682 0.04844968
v -0.00446216 0.03259132 0.05069652
v -0.02738435 0.00765506 0.04186447
v -0.02807457 0.00993520 0.04026233
v -0.07125017 -0.03166232 -0.05084682
v -0.07347404 -0.03279608 -0.04913878
v -0.07707362 0.01619171 -0.03885527
v -0.07616615 0.00514254 -0.03707479
v -0.07642179 0.01316571 -0.02627676
v -0.07563686 0.02661010 -0.02835237
v -0.07764946 0.03988032 -0.03187053
v -0.07866170 0.04765928 -0.03631582
v -0.08041494 0.03117760 -0.04422057
v -0.07865395 0.02543742 -0.04111104
v -0.05935257 -0.08871808 -0.08342221
v -0.05622305 -0.07829484 -0.08736607
v -0.00466313 0.02136740 0.05728919
v -0.00464284 0.01835083 0.05996940
v -0.02205329 0.03683777 -0.15277678
v -0.02164093 0.02246253 -0.15202138
v -0.04260213 0.02694304 -0.14314088
v -0.04271093 0.04067668 -0.14346731
v -0.07066119 -0.01156861 -0.09382425
v -0.07457572 -0.01110061 -0.07915854
v -0.01207961 -0.01147465 0.06222633
v -0.00866191 -0.00713219 0.05848645
v -0.00949906 -0.00996784 0.05949984
v -0.00871969 -0.00709754 0.05843492
v -0.01302374 -0.01377883 0.06440428
v -0.01613825 -0.01346976 0.06576589
v -0.01001015 -0.01461309 0.05879946
v -0.00895811 -0.01445784 0.05932930
v -0.00879039 -0.00973899 0.05977775
v -0.00894178 -0.00708966 0.05856489
v -0.00296609 -0.01553151 0.07125618
v -0.00360896 -0.01391455 0.07415426
v -0.00806988 -0.01306368 0.07300374
v -0.00631574 -0.01479411 0.07099714
v -0.00794831 -0.00704893 0.05909158
v -0.00691327 -0.00952805 0.06085443
v -0.00674912 -0.01107617 0.06680249
v -0.00851732 -0.00862462 0.06244568
v -0.00814793 -0.00728897 0.05971222
v -0.00889159 -0.01083847 0.06586772
v -0.00754850 -0.01661974 0.06397903
v -0.01052408 -0.01102337 0.06431662
v -0.08393515 -0.01922257 -0.05696739
v -0.06382278 -0.06721829 -0.03518160
v -0.06829239 -0.05264600 -0.04389694
v -0.06785482 -0.05325740 -0.05001947
v -0.06515270 -0.06903142 -0.04489329
v -0.08526064 0.00772583 -0.06166651
v -0.06756675 0.05903962 -0.00538011
v -0.06939530 0.07087371 -0.01421967
v -0.07535866 0.05931311 -0.02662839
v -0.07499783 0.04894701 -0.02279126
v -0.06990187 0.08125573 -0.02195941
v -0.07555607 0.07055654 -0.03332621
v -0.07924399 0.05848660 -0.04366992
v -0.08231089 0.03758357 -0.05827164
v -0.04320904 0.01911116 0.03135994
v -0.04346283 0.01894259 0.03156191
v -0.04195552 0.01879121 0.03289188
v -0.04200090 0.01888056 0.03264114
v -0.04262505 0.01939796 0.03076921
v -0.04132165 0.01905712 0.03188369
v -0.04355455 0.01980125 0.02972812
v -0.04416481 0.01930829 0.03022163
v -0.04441441 0.01911334 0.03039850
v -0.02586814 0.02105882 0.03503498
v -0.02675746 0.02125645 0.03449547
v -0.02945294 0.02040881 0.03445208
v -0.02853184 0.02032517 0.03562133
v -0.02567960 0.02073802 0.03539262
v -0.02854146 0.01992681 0.03603873
v -0.02973274 0.02263441 0.02895591
v -0.02911909 0.02287717 0.02889811
v -0.03058381 0.02237340 0.02897373
v -0.02399142 0.02256594 0.03280105
v -0.02422089 0.02312133 0.03264962
v -0.02884891 0.02343408 0.02890303
v -0.02862388 0.02310315 0.02883306
v -0.02465944 0.02233709 0.03299812
v -0.02278622 0.02231055 0.03337381
v -0.02145648 0.02243777 0.03294193
v -0.02137945 0.02353926 0.03286434
v -0.03404376 0.01860141 0.03587487
v -0.03432418 0.01771897 0.03581111
v -0.02939693 0.01820322 0.03611766
v -0.02891733 0.01919722 0.03611936
v -0.03379383 0.01919636 0.03581262
v -0.03720457 0.01914030 0.03484079
v -0.03741748 0.01857016 0.03483695
v -0.03749264 0.01769504 0.03474387
v -0.02592374 0.01928629 0.03593522
v -0.02578073 0.02028623 0.03567187
v -0.03739922 0.01694314 0.03469221
v -0.03459582 0.01699747 0.03565136
v -0.02964823 0.01746928 0.03606583
v -0.02594461 0.01877805 0.03605236
v -0.02301964 0.02013156 0.03549675
v -0.02419007 0.02041196 0.03545867
v -0.03434485 0.01636188 0.03474989
v -0.03438270 0.01569482 0.03455523
v -0.02942302 0.01617694 0.03552423
v -0.02955250 0.01689469 0.03558031
v -0.03711389 0.01624279 0.03376551
v -0.03705513 0.01546034 0.03336486
v -0.04548266 0.01892906 0.02859143
v -0.04609301 0.01936948 0.02767815
v -0.04598912 0.01870731 0.02775935
v -0.04558397 0.01834328 0.02820869
v -0.04903904 0.01617201 0.02508103
v -0.05017997 0.01746248 0.02433431
v -0.05197890 0.01688745 0.02286243
v -0.05073726 0.01543102 0.02417624
v -0.06011027 0.00658418 0.02075009
v -0.05349361 0.01247195 0.02382878
v -0.05496101 0.01399274 0.02157874
v -0.04496401 0.01886495 0.02938956
v -0.04434497 0.01869191 0.03034902
v -0.04500583 0.01919344 0.02943881
v -0.04552238 0.01944072 0.02848277
v -0.04506966 0.01803921 0.02901465
v -0.04433224 0.01794116 0.03006503
v -0.04346170 0.01858345 0.03149149
v -0.04347352 0.01783139 0.03127649
v -0.04194739 0.01765640 0.03262234
v -0.04195870 0.01848156 0.03281059
v -0.04014724 0.01852107 0.03383956
v -0.04029272 0.01894768 0.03381654
v -0.04008102 0.01759908 0.03371212
v -0.04184419 0.01691743 0.03229859
v -0.03992129 0.01687426 0.03348549
v -0.04334316 0.01702133 0.03083576
v -0.04434577 0.01724941 0.02958118
v -0.04517625 0.01750324 0.02847127
v -0.04594112 0.01780165 0.02770251
v -0.04651140 0.01835928 0.02719545
v -0.04557096 0.01700926 0.02772837
v -0.04648746 0.01636631 0.02696234
v -0.04497861 0.01595808 0.02817085
v -0.04443209 0.01668793 0.02881612
v -0.04668965 0.01743762 0.02696647
v -0.04777538 0.01688357 0.02605083
v -0.04323640 0.01647039 0.02994805
v -0.04339702 0.01578181 0.02946197
v -0.04147179 0.01547334 0.03096753
v -0.04154256 0.01623725 0.03145614
v -0.03858611 0.01642687 0.03245395
v -0.03861111 0.01552120 0.03199259
v -0.03346710 0.01954686 0.03559807
v -0.03323865 0.01994050 0.03416989
v -0.03652261 0.01960048 0.03361038
v -0.03718254 0.01926400 0.03460626
v -0.04026738 0.01896404 0.03361108
v -0.03934314 0.01923141 0.03280884
v -0.03635384 0.01936900 0.03239876
v -0.03448347 0.02146134 0.02859084
v -0.03539550 0.02139425 0.02816677
v -0.03883283 0.01920372 0.03163552
v -0.03339396 0.01989309 0.03285712
v -0.03314689 0.02163836 0.02875897
v -0.03029616 0.02068343 0.03303514
v -0.03177478 0.02202408 0.02894620
v -0.02765643 0.02133942 0.03341808
v -0.03519532 0.02903277 0.03787746
v -0.03520626 0.02954111 0.03870075
v -0.04171469 0.02850851 0.03769052
v -0.04072839 0.02813915 0.03695773
v -0.05385028 -0.00038160 -0.12619136
v -0.05522925 0.01513852 -0.13095641
v -0.04224524 0.01024011 -0.14103730
v -0.04234634 0.02528760 0.03471326
v -0.04273483 0.02675849 0.03515323
v -0.04521238 0.02590885 0.03304113
v -0.04464364 0.02460486 0.03264943
v -0.04221586 0.02399178 0.03456876
v -0.04419600 0.02329044 0.03249986
v -0.03948820 0.02471675 0.03645909
v -0.03970197 0.02615122 0.03659493
v -0.04012925 0.02752597 0.03676713
v -0.04329099 0.02354937 0.02812523
v -0.04255214 0.02398180 0.02891915
v -0.04334992 0.02340211 0.03032670
v -0.04441263 0.02320594 0.02905399
v -0.04380197 0.02314561 0.02744360
v -0.04492382 0.02290870 0.02804985
v -0.03887354 0.02316897 0.02603108
v -0.03854274 0.02329665 0.02643925
v -0.03804263 0.02348031 0.02695192
v -0.03902919 0.02297377 0.02581722
v -0.03910388 0.02270809 0.02570475
v -0.03926498 0.02243994 0.02575621
v -0.03896025 0.02223742 0.02587814
v -0.06249255 -0.00969874 0.02139931
v -0.06269522 0.00131503 0.02001154
v -0.06497288 -0.00699459 0.01678393
v -0.04476298 0.01950888 0.02920091
v -0.04534035 0.01985251 0.02829833
v -0.04413756 0.02002756 0.02880494
v -0.04474171 0.02030442 0.02803715
v -0.04595226 0.02029067 0.02744631
v -0.04627059 0.01999855 0.02740178
v -0.04180609 0.01963693 0.02993949
v -0.03761017 0.02143240 0.02728354
v -0.03815221 0.02156605 0.02687624
v -0.04264878 0.02005989 0.02907075
v -0.04062434 0.01927623 0.03075212
v -0.03691450 0.02132087 0.02774778
v -0.03829421 0.02184095 0.02640576
v -0.03864109 0.02202429 0.02612103
v -0.04297957 0.02041869 0.02827234
v -0.04355985 0.02081957 0.02762767
v -0.04515588 0.02084752 0.02752412
v -0.04445141 0.02166410 0.02685758
v -0.04429907 0.02212168 0.02685845
v -0.04554041 0.02123687 0.02724125
v -0.04566634 0.02176940 0.02722308
v -0.04408156 0.02126935 0.02709385
v -0.04412154 0.02264678 0.02708245
v -0.04538718 0.02225993 0.02752439
v -0.04644990 0.01937093 0.02728761
v -0.04660274 0.02032259 0.02701279
v -0.04735044 0.02096229 0.02646343
v -0.04693831 0.01917262 0.02679249
v -0.04776516 0.01914460 0.02604508
v -0.04738097 0.01808697 0.02637312
v -0.04830115 0.02155422 0.02621207
v -0.04971391 0.02232507 0.02546567
v -0.04939851 0.01918836 0.02506207
v -0.04862909 0.01785853 0.02541598
v -0.04632365 0.02086239 0.02706133
v -0.04659428 0.02123487 0.02689130
v -0.04780089 0.02252243 0.02758714
v -0.04874706 0.02353026 0.02757923
v -0.04706062 0.02191223 0.02758186
v -0.04658285 0.02244239 0.02894469
v -0.04711174 0.02326018 0.02908218
v -0.04803862 0.02416440 0.02916924
v -0.04613157 0.02378805 0.03081491
v -0.04694832 0.02503121 0.03099084
v -0.04565639 0.02279040 0.03050145
v -0.04638844 0.02187410 0.02753855
v -0.04591408 0.02237437 0.02853866
v -0.04513173 0.02270476 0.02996232
v -0.04386935 0.02282104 0.03176519
v -0.04181489 0.02339278 0.03372808
v -0.04136979 0.02370727 0.03207230
v -0.03913388 0.02413557 0.03547355
v -0.03868940 0.02416240 0.03384088
v -0.03546822 0.03038411 0.04032363
v -0.04254564 0.02984822 0.03874349
v -0.03839548 0.02460458 0.03161114
v -0.03582172 0.02367178 0.02840527
v -0.03431158 0.02375025 0.02879107
v -0.03547945 0.02452216 0.03294490
v -0.02513824 0.02343516 0.03309987
v -0.02612414 0.02392217 0.03375917
v -0.02985189 0.02346198 0.02940648
v -0.02926582 0.02350564 0.02915655
v -0.02309475 0.02369865 0.03383320
v -0.02473985 0.02411018 0.03472534
v -0.03010280 0.02393539 0.03395746
v -0.03178383 0.02330680 0.02955510
v -0.03066772 0.02333112 0.02954739
v -0.02805196 0.02396707 0.03383338
v -0.02940657 0.02434161 0.03573365
v -0.02659057 0.02427008 0.03535134
v -0.03572185 0.02416575 0.03501215
v -0.02312927 0.07421068 -0.14770323
v -0.02283100 0.05784044 -0.15192664
v -0.04287809 0.06008697 -0.14264974
v -0.04264379 0.07431728 -0.13914037
v -0.04065459 0.02441101 0.03040273
v -0.03708712 0.02361840 0.02771989
v -0.05287546 0.07562244 -0.13119416
v -0.05184707 0.08463818 -0.12775248
v -0.04292839 0.08650824 -0.13337149
v -0.04054343 -0.06470165 -0.10607920
v -0.03004426 -0.07661596 -0.11323053
v -0.02072103 0.02357203 0.03506273
v -0.02272360 0.02415571 0.03558784
v -0.01932296 0.02297772 0.03458619
v -0.01849831 0.02285897 0.03491711
v -0.01991305 0.02368294 0.03540399
v -0.02163947 0.02437575 0.03587282
v -0.02528802 0.02453830 0.03612508
v -0.02434474 0.02480371 0.03675746
v -0.02807579 0.02523862 0.03769743
v -0.02824463 0.02482332 0.03686196
v -0.03551117 0.02468237 0.03673346
v -0.03566420 0.02520346 0.03776059
v -0.02743446 0.02635531 0.03770974
v -0.02369775 0.02565664 0.03662512
v -0.02650702 0.02793206 0.03782064
v -0.02338583 0.02701869 0.03678300
v -0.03577811 0.02807401 0.03769168
v -0.03586309 0.02653633 0.03767731
v -0.02278067 0.02118295 0.03503110
v -0.02045987 0.02141889 0.03490276
v -0.02341378 0.02158361 0.03487153
v -0.02108802 0.02179908 0.03451654
v -0.02464573 0.02185898 0.03418931
v -0.01975689 0.02220503 0.03431871
v -0.01899576 0.02196738 0.03484487
v -0.02573615 0.02189286 0.03339722
v -0.01906522 0.02382021 0.03519395
v -0.01766506 0.02273863 0.03516614
v -0.01800351 0.02488339 0.03471711
v -0.01720857 0.02310751 0.03542095
v -0.02056351 0.02658980 0.03524911
v -0.02082593 0.02501903 0.03549180
v -0.01801154 0.02183676 0.03508677
v -0.01877817 0.02130986 0.03510250
v -0.01751606 0.02216046 0.03540348
v -0.01818988 0.02154709 0.03547345
v -0.02566873 0.01806298 0.03617712
v -0.02542689 0.01769857 0.03608053
v -0.02230029 0.01954142 0.03578736
v -0.02180463 0.01954558 0.03588319
v -0.03427568 0.01497354 0.03447581
v -0.03715296 0.01473983 0.03344533
v -0.03409780 0.01396690 0.03489092
v -0.03724060 0.01368025 0.03364909
v -0.02911519 0.01461510 0.03644264
v -0.02937925 0.01541166 0.03589624
v -0.03434052 -0.12232221 -0.01244874
v -0.04761174 0.01548871 0.02644186
v -0.04895428 0.01445894 0.02603503
v -0.04708853 0.01384952 0.02771247
v -0.04586524 0.01512517 0.02777415
v -0.04394677 0.01484675 0.02919004
v -0.04465359 0.01343418 0.02936103
v -0.04202516 0.01336925 0.03082455
v -0.04148374 0.01455262 0.03064414
v -0.03876020 0.01481469 0.03174032
v -0.03993233 0.01338569 0.03214643
v -0.05111619 0.01879855 0.02364552
v -0.05174786 0.02235783 0.02335824
v -0.05267201 0.01789697 0.02218782
v -0.05425342 0.02155998 0.02132454
v -0.01633107 0.02622425 0.03528256
v -0.01613540 0.02359039 0.03527628
v -0.01508617 0.02716646 0.03681637
v -0.01519178 0.02455941 0.03640205
v -0.01637549 0.02938666 0.03815622
v -0.01792859 0.02865264 0.03584180
v -0.01696076 0.02254478 0.03568594
v -0.01775845 0.02159824 0.03566046
v -0.01612673 0.02265014 0.03634885
v -0.01717533 0.02126697 0.03639559
v -0.02527797 0.01714497 0.03613236
v -0.02493008 0.01634323 0.03669776
v -0.02150986 0.01925620 0.03623460
v -0.02083920 0.01858998 0.03687364
v -0.05226772 -0.01201663 -0.12203205
v -0.05576529 0.03168283 -0.13265018
v -0.04978994 0.03343095 0.03627496
v -0.04701302 0.03109268 0.03672259
v -0.04362838 0.03221463 0.03925069
v -0.04538470 0.03481655 0.03995286
v -0.05278888 0.03665359 0.03442397
v -0.05516248 0.03364506 0.03088443
v -0.05248169 0.03145046 0.03271976
v -0.04974580 0.02964389 0.03369115
v -0.05317714 0.02499459 0.02469252
v -0.05115424 0.02520566 0.02618031
v -0.05152703 0.02661221 0.02812755
v -0.05363930 0.02694676 0.02677128
v -0.05563877 0.02474220 0.02248564
v -0.05654092 0.02743947 0.02488059
v -0.05331548 0.02912373 0.02954153
v -0.05090046 0.02811959 0.03070313
v -0.05636222 0.03023369 0.02796304
v -0.02376673 0.03287641 0.04093600
v -0.02439479 0.03178839 0.03925375
v -0.02203973 0.02999423 0.03728998
v -0.02065925 0.03067979 0.03828002
v -0.02292513 0.03393384 0.04227167
v -0.01856821 0.03153115 0.03965204
v -0.03767651 0.03513537 0.04347376
v -0.03654982 0.03326083 0.04161350
v -0.02613097 0.02914621 0.03771948
v -0.02409359 0.02802204 0.03717619
v -0.02534950 0.02936515 0.03766636
v -0.02336563 0.02815738 0.03701217
v -0.06050393 0.09597512 -0.10946203
v -0.06263377 0.10190227 -0.09695426
v -0.04582443 0.11305185 -0.10297704
v -0.04501907 0.10550887 -0.11546582
v -0.04293075 0.02726512 0.03577043
v -0.04399572 0.02760394 0.03589986
v -0.04636332 0.02683216 0.03375055
v -0.04543040 0.02651072 0.03374841
v -0.04750126 0.02568446 0.03139753
v -0.04826027 0.02621717 0.03152706
v -0.04911834 0.02546766 0.02954924
v -0.04860938 0.02502264 0.02955322
v -0.04909582 0.02441810 0.02808291
v -0.04948646 0.02472099 0.02759524
v -0.02321249 0.02890951 0.03757491
v -0.02502597 0.03007669 0.03833047
v -0.05448335 0.06319111 -0.13317062
v -0.04479155 0.07469119 0.02244071
v -0.05180799 0.07103898 0.01579203
v -0.04946389 0.06360284 0.02133171
v -0.04492737 0.02894700 0.03675046
v -0.04754170 0.02804156 0.03421628
v -0.04926963 0.02710614 0.03151476
v -0.05016008 0.02607697 0.02924026
v -0.05043672 0.02523869 0.02767390
v -0.07677529 -0.01415929 -0.04220201
v -0.07707858 -0.01400616 -0.04415456
v -0.08470139 -0.00405719 -0.07134002
v -0.08302255 0.00230821 -0.06999397
v -0.08176389 0.00596798 -0.06882095
v -0.08485658 0.01364108 -0.05609135
v -0.08640759 0.01713020 -0.05915273
v -0.08951195 -0.02209566 -0.06245987
v -0.08639755 -0.02443345 -0.05854525
v -0.08936545 -0.02141354 -0.06319156
v -0.09366824 0.01322579 -0.06759849
v -0.09433151 0.01155415 -0.06887158
v -0.09545203 0.01121660 -0.06830289
v -0.04530791 -0.03475401 -0.11363024
v -0.05003621 -0.02150701 -0.11893591
v -0.09467401 0.00979865 -0.07016530
v -0.07842877 -0.00912505 -0.04714095
v -0.08571886 -0.00433941 -0.07151999
v -0.08729381 -0.00469768 -0.07319840
v -0.08829010 -0.00957262 -0.07299015
v -0.08758192 -0.00924880 -0.07246522
v -0.08764908 -0.01484952 -0.07100973
v -0.08703766 -0.01418842 -0.07060372
v -0.09056542 -0.01847181 -0.06615395
v -0.09072477 -0.01409631 -0.06906612
v -0.08739302 0.01758483 -0.06047185
v -0.08752777 0.01691437 -0.05972403
v -0.08811735 0.01763711 -0.06072174
v -0.07928961 -0.01028099 -0.04859473
v -0.08291074 0.01122527 -0.05604432
v -0.08264086 0.00953952 -0.05423008
v -0.08236033 0.00993395 -0.05475229
v -0.07732267 -0.00559049 -0.05328253
v -0.07706312 -0.00479679 -0.05353822
v -0.07847693 -0.00701705 -0.05273581
v -0.08010291 -0.00813927 -0.05028865
v -0.07496341 -0.01583317 -0.05227821
v -0.07485252 -0.01660341 -0.05368768
v -0.07454865 -0.01725210 -0.05257830
v -0.09131744 0.02329933 -0.06258715
v -0.08271242 0.00859852 -0.05374875
v -0.08393483 0.00971581 -0.05415866
v -0.08477083 0.01082231 -0.05454141
v -0.08905940 0.01693479 -0.06062797
v -0.08531108 0.01169472 -0.05469863
v -0.08426783 0.01171736 -0.05506571
v -0.08562548 0.01341267 -0.05585318
v -0.08358049 0.01174175 -0.05545277
v -0.08069609 -0.01334197 -0.06628565
v -0.07941104 -0.01335746 -0.06448276
v -0.07802351 0.00668956 -0.04312921
v -0.07850136 0.00461412 -0.04581885
v -0.08531757 -0.02523756 -0.05621150
v -0.08101538 0.01192747 -0.06324290
v -0.08153759 0.01549634 -0.06498825
v -0.09230776 -0.00988496 -0.07071690
v -0.08630571 -0.01642232 -0.05987128
v -0.08388541 -0.01758962 -0.05894769
v -0.08898813 -0.01507338 -0.06123858
v -0.09056963 -0.01242756 -0.06319358
v -0.07918135 0.00281602 -0.05839021
v -0.08822042 0.00713857 -0.06388877
v -0.08880384 0.00505542 -0.06472207
v -0.08685681 0.00728718 -0.06269099
v -0.08245358 0.01911806 -0.06310036
v -0.08291657 0.01893732 -0.06061647
v -0.08046958 0.01494364 -0.06227358
v -0.08289496 0.01708198 -0.06023233
v -0.07661632 -0.01250075 -0.05211246
v -0.07597475 -0.01812131 -0.05492540
v -0.07698610 -0.01677862 -0.05724183
v -0.07684212 -0.01882595 -0.05629133
v -0.07769261 -0.01781742 -0.05835010
v -0.07778593 -0.01669952 -0.06009677
v -0.07803769 -0.01508540 -0.06162331
v -0.07948285 -0.01296008 -0.06204215
v -0.07618091 -0.00851576 -0.05304166
v -0.08219508 0.01981861 -0.05113645
v -0.07577517 -0.01029551 -0.05291897
v -0.07760472 -0.00685874 -0.05293103
v -0.07754561 -0.00856197 -0.05248082
v -0.07711270 -0.01045184 -0.05216736
v -0.08219741 -0.02040163 -0.05254883
v -0.08218176 -0.01903179 -0.05548210
v -0.08080414 -0.01954967 -0.05187880
v -0.08243135 -0.01854356 -0.05774004
v -0.07957166 -0.01913540 -0.05163879
v -0.08232249 0.01317964 -0.06247796
v -0.08303844 0.01649875 -0.06203960
v -0.07695305 -0.01068647 -0.04046647
v -0.06742862 -0.00208427 0.01131333
v -0.06895491 0.00753040 0.00520416
v -0.02642471 -0.05322305 0.04140403
v -0.02551998 -0.05586313 0.04196484
v -0.05902920 -0.01215880 0.02585440
v -0.05399745 -0.01526247 0.03091697
v -0.02458225 -0.04693530 0.05166753
v -0.02356277 -0.04800091 0.05180094
v -0.02265731 -0.04742964 0.05247307
v -0.02359186 -0.04691107 0.05205602
v -0.02177056 -0.04578289 0.05214005
v -0.02261425 -0.04661112 0.05126841
v -0.02271344 -0.04689416 0.05241975
v -0.02194532 -0.04629636 0.05303175
v -0.03004827 -0.03125100 0.05233249
v -0.03328677 -0.02680983 0.04804215
v -0.03583416 -0.03136410 0.04732539
v -0.03242488 -0.03514294 0.05086512
v -0.02417391 -0.04950032 0.04369876
v -0.02399869 -0.04771431 0.04416769
v -0.02323864 -0.04708897 0.04734715
v -0.02316847 -0.04783175 0.04685488
v -0.02410553 -0.05049893 0.04382191
v -0.02307034 -0.04824029 0.04683053
v -0.02629748 -0.05147655 0.04109587
v -0.02600776 -0.04868822 0.04108989
v -0.03342461 -0.05401336 0.04578645
v -0.02978982 -0.05154894 0.04816015
v -0.03132503 -0.04810665 0.04868318
v -0.03516461 -0.04894548 0.04643471
v -0.02733347 -0.01816124 0.04817477
v -0.03069107 -0.02212718 0.04807772
v -0.02748155 -0.02741264 0.05197750
v -0.02411525 -0.02202097 0.05149766
v -0.02071485 -0.01687776 0.05147232
v -0.02373718 -0.01337265 0.04827383
v -0.02077010 -0.00754183 0.05428581
v -0.02183030 -0.01174476 0.05599847
v -0.02117001 -0.01287046 0.05970104
v -0.02171489 -0.01026605 0.05841617
v -0.01855609 -0.01758793 0.05828939
v -0.02158056 -0.01455340 0.05437926
v -0.01358799 -0.01888197 0.05927532
v -0.01340325 -0.01840181 0.06000823
v -0.01856097 -0.01798895 0.05703848
v -0.01815125 -0.01938716 0.05574934
v -0.01384313 -0.01981775 0.05864164
v -0.01269305 -0.01783674 0.06048306
v -0.01606395 -0.01735622 0.06026603
v -0.01812736 -0.01480116 0.06184388
v -0.00551950 -0.01564115 0.06866249
v -0.00698637 -0.01457239 0.07073860
v -0.01141425 0.01674877 0.05285123
v -0.01470934 0.01332115 0.04979031
v -0.01139018 0.01404722 0.05506235
v -0.01448487 0.01075771 0.05188645
v -0.01753437 -0.01229680 0.06538111
v -0.01961168 -0.00989564 0.06401128
v -0.01461510 -0.01097105 0.06919621
v -0.01581957 -0.00781941 0.06891985
v -0.00429242 0.03025802 0.05121510
v -0.00286980 -0.01948222 0.06464770
v -0.00320933 -0.02031835 0.06456590
v -0.00263772 -0.01757400 0.06607850
v -0.02365859 0.09804055 -0.13393547
v -0.02406844 0.11080527 -0.12240880
v -0.02312237 0.12433527 -0.09871630
v -0.02074144 0.12871648 -0.08600629
v -0.00630017 -0.04059746 0.06941781
v -0.00603276 -0.03732713 0.06925583
v -0.01264956 -0.04565957 0.05232698
v -0.00775539 -0.04635597 0.05410768
v -0.00771301 -0.04762064 0.05761074
v -0.01281902 -0.04717959 0.05583149
v -0.01631182 -0.04639563 0.05379229
v -0.01682259 -0.04508305 0.05025329
v -0.01256193 -0.04407643 0.04960205
v -0.00745962 -0.04449052 0.05070018
v -0.01235654 -0.04826322 0.06187903
v -0.00732185 -0.04851169 0.06469328
v -0.00680969 -0.04662652 0.06724337
v -0.01218393 -0.04663238 0.06419049
v -0.02065656 -0.02409677 0.05529266
v -0.01643026 -0.02342733 0.05786308
v -0.01181442 -0.02305435 0.06138315
v -0.00809213 -0.02306205 0.06390163
v -0.00712251 -0.02072825 0.06309699
v -0.01008265 -0.02023901 0.06103519
v -0.00683760 -0.01957939 0.06284837
v -0.00976381 -0.01927810 0.06108950
v -0.00952452 -0.01854961 0.06118134
v -0.01030263 -0.01806365 0.06135244
v -0.00822377 -0.01773746 0.06260320
v -0.00889805 -0.01725654 0.06253185
v -0.00671552 -0.01865746 0.06274580
v -0.00506580 0.00816828 0.06878632
v -0.00459394 0.01165750 0.06543022
v -0.01104228 -0.03548847 0.06713114
v -0.00609555 -0.03457136 0.06884640
v -0.00554147 -0.02965712 0.06756876
v -0.01033599 -0.02971831 0.06632347
v -0.01514125 -0.03079613 0.06378125
v -0.01589392 -0.03729180 0.06411515
v -0.00354500 -0.02139204 0.06464612
v -0.01100028 -0.03816875 0.06723849
v -0.01114267 -0.04109703 0.06712300
v -0.01592464 -0.03994482 0.06402935
v -0.01591569 -0.04232632 0.06353197
v -0.02045923 -0.03963010 0.06041441
v -0.02045579 -0.03299568 0.06040303
v -0.02600006 -0.03505689 0.05661463
v -0.02411435 -0.04186284 0.05659158
v -0.03163954 -0.04482398 0.05009929
v -0.02603040 -0.04712581 0.05098743
v -0.02611706 -0.04568648 0.05179093
v -0.02612220 -0.04446120 0.05293003
v -0.03122588 -0.04162996 0.05180378
v -0.03534948 -0.04410992 0.04806072
v -0.03449180 -0.03940240 0.04971075
v -0.02966457 -0.03856940 0.05373761
v -0.02572826 -0.04328253 0.05427489
v -0.02500032 -0.04598533 0.05236704
v -0.02387844 -0.04636198 0.05247681
v -0.02492849 -0.04523703 0.05322094
v -0.02384668 -0.04584607 0.05311676
v -0.02460521 -0.04477468 0.05428264
v -0.02357434 -0.04558222 0.05388429
v -0.02282208 -0.04532817 0.05533564
v -0.02355329 -0.04397444 0.05598350
v -0.02221237 -0.04642506 0.05230049
v -0.02144057 -0.04662419 0.05306445
v -0.02145521 -0.04664557 0.05392972
v -0.02219415 -0.04662224 0.05287569
v -0.02279882 -0.04671781 0.05161841
v -0.02257154 -0.04664106 0.05247618
v -0.02308176 -0.04697675 0.04800084
v -0.02272868 -0.04640801 0.04871816
v -0.02300266 -0.04659259 0.05101241
v -0.02312738 -0.04706874 0.05196108
v -0.02296744 -0.04670877 0.05262178
v -0.02298801 -0.04635866 0.05287418
v -0.02272046 -0.04615930 0.05337300
v -0.02203018 -0.04614559 0.05446558
v -0.01595467 -0.04460325 0.06261043
v -0.01960947 -0.04394729 0.05970289
v -0.01930230 -0.04564479 0.05854743
v -0.01592304 -0.04691233 0.06100883
v -0.01897141 -0.04684596 0.05724052
v -0.01726633 -0.04360051 0.04718003
v -0.01572818 -0.04782024 0.05888675
v -0.02052562 -0.04516716 0.04733332
v -0.02145468 -0.04414238 0.04441761
v -0.01993073 -0.04598686 0.05080618
v -0.02365380 -0.04694526 0.04504279
v -0.02323014 -0.04611580 0.04529946
v -0.02529771 -0.04667102 0.04161417
v -0.02444418 -0.04528675 0.04236734
v -0.01895832 -0.04696824 0.05564855
v -0.02009933 -0.04202193 0.06017464
v -0.01153750 -0.04385278 0.06590886
v -0.00646699 -0.04358489 0.06863091
v -0.00606645 0.00005590 0.07565746
v -0.00568520 0.00453029 0.07199158
v -0.02213471 -0.04684919 0.05290748
v -0.01060364 -0.13102357 0.00497247
v -0.02491791 -0.04865969 0.05087559
v -0.02354581 -0.05248547 0.04425005
v -0.02236387 -0.04886113 0.04735944
v -0.02991277 -0.05875834 0.04660609
v -0.02468835 -0.06297307 0.04942740
v -0.02297716 -0.05836583 0.05156125
v -0.02706691 -0.05499316 0.04897182
v -0.02048407 -0.05200517 0.05448346
v -0.02319844 -0.05013208 0.05219185
v -0.02206270 -0.04893044 0.05314190
v -0.01937862 -0.04988793 0.05550051
v -0.01873495 -0.04813280 0.05648723
v -0.02115732 -0.04780884 0.05372399
v -0.01802742 -0.04423727 0.05698465
v -0.01352660 -0.04306232 0.06011429
v -0.01266498 -0.04737631 0.05464548
v -0.01721517 -0.04833586 0.05193466
v -0.02139159 -0.04848392 0.04880023
v -0.02105385 -0.04520446 0.05305751
v -0.01827106 -0.04514891 0.05745768
v -0.02109384 -0.04591211 0.05422378
v -0.01388860 -0.04401987 0.06116914
v -0.02231464 -0.12797859 -0.00208823
v -0.02098130 -0.04668270 0.05417202
v -0.01832766 -0.04615280 0.05697165
v -0.01428456 -0.04558367 0.06107258
v -0.01479235 -0.04831969 0.06078124
v -0.01523762 -0.05082703 0.06035805
v -0.01599219 -0.05384535 0.05916601
v -0.01744167 -0.06138096 0.05514124
v -0.01827191 -0.06677335 0.05352909
v -0.01137790 -0.06290979 0.05798224
v -0.01177675 -0.06835742 0.05721976
v -0.01120581 -0.05516322 0.06349843
v -0.01086930 -0.05113775 0.06517844
v -0.01038710 -0.04806602 0.06518360
v -0.01010254 -0.04506317 0.06494027
v -0.00433523 -0.02341865 0.06508568
v -0.00677602 -0.01733253 0.06383675
v -0.00553381 -0.01643907 0.06598956
v -0.00962393 -0.01283169 0.07152595
v -0.00267671 -0.01655499 0.06851060
v -0.01280241 -0.01117037 0.07093113
v -0.01074433 -0.01163187 0.07246569
v -0.01150623 -0.00992456 0.07346629
v -0.01295591 -0.00915127 0.07227836
v -0.00890237 -0.01210876 0.07371707
v -0.01042292 -0.01013258 0.07442568
v -0.00408601 -0.01281492 0.07547229
v -0.00502967 -0.00950037 0.07765347
v -0.00594379 -0.00383648 0.07745431
v -0.00543466 -0.00732795 0.07803492
v -0.01191108 -0.00815029 0.07389564
v -0.01337924 -0.00608663 0.07208629
v -0.01367902 -0.00269388 0.06989643
v -0.01657933 -0.00482525 0.06632997
v -0.01138328 0.13350344 -0.04224836
v -0.00961070 -0.04320882 0.06466449
v -0.00879116 -0.04202448 0.06298053
v -0.01136904 -0.05894742 0.04769682
v -0.01184009 -0.05366801 0.05009271
v -0.00710940 -0.05378679 0.05186218
v -0.00636571 -0.05902057 0.04991767
v -0.00460379 -0.04163233 0.06473102
v -0.00402297 -0.04654336 0.05807083
v -0.00794810 -0.04678401 0.05670689
v -0.00486236 -0.04261697 0.06643476
v -0.00530579 -0.04455955 0.06719338
v -0.00559937 -0.04763560 0.06805116
v -0.00337304 -0.05357413 0.05322348
v -0.00256240 -0.05949206 0.05116818
v -0.02195912 -0.05333973 0.04541700
v -0.02248817 -0.05810791 0.04323157
v -0.01695804 -0.05437567 0.04802958
v -0.01704343 -0.05812890 0.04593825
v -0.00513118 -0.06840590 0.05996361
v -0.00526811 -0.06322972 0.06001576
v -0.00573019 -0.05139382 0.06809385
v -0.00567026 -0.05595333 0.06626305
v -0.02394297 0.11882549 -0.11119677
v -0.06380892 0.07788774 -0.00654855
v -0.06157205 0.07090378 0.00044944
v -0.05482615 0.07827880 0.00765106
v -0.05714909 0.08393418 0.00118886
v -0.06457334 0.08617990 -0.01459709
v -0.05784126 0.09103123 -0.00636861
v -0.04142376 0.12565681 -0.06190536
v -0.04187246 0.12483323 -0.04765979
v -0.02262385 0.13083525 -0.04358493
v -0.03631108 0.12582545 -0.07589895
v -0.04899542 0.11738818 -0.08560478
v -0.05111415 0.11994819 -0.06618780
v -0.05084680 0.11965889 -0.05077039
v -0.03102017 -0.08958186 -0.11473495
v -0.05554048 0.04509337 -0.13310699
v -0.04939876 0.11848298 -0.03697099
v -0.04109728 0.12278378 -0.03397795
v -0.04049093 0.11943080 -0.02175637
v -0.04796765 0.11596834 -0.02536664
v -0.02239970 0.12821685 -0.02927079
v -0.01128337 0.13042805 -0.02742028
v -0.02125330 0.00591589 -0.14921251
v -0.00450891 0.01528269 0.06254148
v -0.05194356 -0.05116479 -0.09653290
v -0.06295502 -0.05211369 -0.07842685
v -0.06667084 -0.10586053 -0.05140543
v -0.07555004 -0.02757330 -0.05830267
v -0.07520218 -0.02682010 -0.05903064
v -0.06614173 -0.06785527 -0.05803915
v -0.06665080 -0.05311343 -0.05915343
v -0.04187155 -0.05030509 -0.10884164
v -0.08394916 -0.01601103 -0.06989841
v -0.08487393 -0.01240354 -0.07106192
v -0.08533095 -0.01677654 -0.06938528
v -0.08611754 -0.01279335 -0.07078817
v -0.08603832 -0.00837248 -0.07155444
v -0.08601684 -0.01847036 -0.06843767
v -0.08266992 0.01907009 -0.05903532
v -0.08485500 0.02033314 -0.05793245
v -0.07506344 -0.02921643 -0.05371001
v -0.07499903 -0.02860057 -0.05562896
v -0.07428578 -0.02894555 -0.05475122
v -0.07413871 -0.02938009 -0.05326321
v -0.07471118 -0.03001058 -0.05186848
v -0.07374348 -0.02990235 -0.05197062
v -0.08110896 0.03676917 -0.04958438
v -0.07151764 -0.02887231 -0.05625910
v -0.07437624 -0.02745942 -0.05871880
v -0.07433803 -0.02800846 -0.05708238
v -0.07385389 -0.02880271 -0.05551152
v -0.07305717 -0.02961449 -0.05319606
v -0.07292262 -0.03050086 -0.05126802
v -0.07391419 -0.03127374 -0.05062716
v -0.08635969 -0.01948840 -0.06858308
v -0.07940178 -0.03012375 -0.05629083
v -0.08182389 0.01197465 -0.06464721
v -0.08205473 0.00995260 -0.06640509
v -0.08455568 0.01151638 -0.06772159
v -0.08428324 0.01374261 -0.06617488
v -0.06309210 -0.01111348 -0.10981116
v -0.06507642 0.00053580 -0.11414833
v -0.01635288 -0.08732887 -0.11980883
v -0.01529331 -0.07363242 -0.11940437
v -0.07941345 0.03430038 -0.09774562
v -0.08173858 0.01360092 -0.06330150
v -0.08433343 0.01550741 -0.06472392
v -0.08503084 -0.00817104 -0.07152163
v -0.08003785 0.01323757 -0.06367724
v -0.08042889 0.01144461 -0.06508292
v -0.08577714 0.01706645 -0.06627925
v -0.08570776 0.01505321 -0.06780416
v -0.08628428 0.01257914 -0.06931394
v -0.08081859 0.00936977 -0.06651508
v -0.08245876 0.01743618 -0.06497062
v -0.08303483 0.06614482 -0.07212122
v -0.08249687 0.06019005 -0.08646798
v -0.07924731 0.08356483 -0.07473287
v -0.07849311 0.07853933 -0.09025424
v -0.07413329 0.07246696 -0.10641445
v -0.07790469 0.05294124 -0.10278167
v -0.08282983 0.01897019 -0.05938827
v -0.08605491 0.02120868 -0.05834906
v -0.06515606 0.09304477 -0.02213865
v -0.07050689 0.08819474 -0.02948907
v -0.05810778 0.09730662 -0.01328474
v -0.05801461 0.10298860 -0.01974873
v -0.06458914 0.09955061 -0.02888533
v -0.07218060 0.09280555 -0.04130785
v -0.08218246 0.05635595 -0.05783864
v -0.08092866 0.07153495 -0.05764619
v -0.07747652 0.07550001 -0.04365746
v -0.07685124 0.08845466 -0.05873221
v -0.06793360 0.10240290 -0.04727083
v -0.07182875 0.09894248 -0.06190705
v -0.06077198 0.11123443 -0.05078616
v -0.06308059 0.10932459 -0.06564194
v -0.06302164 0.10680303 -0.08167572
v -0.07368554 0.09496175 -0.07732077
v -0.06278279 0.10540446 -0.03481690
v -0.05646133 0.10812698 -0.02495296
v -0.05769254 0.11213591 -0.03800403
v -0.05421763 0.11242400 -0.02933230
v -0.07515039 0.07708202 -0.03615473
v -0.06878525 -0.03602824 -0.05184307
v -0.07042077 -0.03661219 -0.04591466
v -0.07529053 -0.02556566 -0.03758620
v -0.07201264 0.00045937 -0.00169986
v -0.07152312 0.01324938 -0.00459803
v -0.07564448 0.00519371 -0.01551915
v -0.07422294 -0.00982621 -0.01330878
v -0.06934540 0.02733330 -0.00614504
v -0.07371233 0.01973951 -0.01724792
v -0.07354993 0.03527431 -0.01914107
v -0.06891515 0.04239642 -0.00623357
v -0.06538332 0.06686319 -0.12171559
v -0.06781113 0.04949984 -0.12039257
v -0.06852318 0.03602909 -0.11943123
v -0.04837150 0.05707432 0.02625085
v -0.02343488 0.08857764 -0.14076172
v -0.04707918 0.08248838 0.01501884
v -0.05704028 0.08831201 -0.12058718
v -0.04361470 0.09444514 -0.12705606
v -0.07310428 0.09019354 -0.09259754
v -0.06998321 0.08502271 -0.10618909
v -0.06205785 0.07843597 -0.12135684
v -0.06783918 0.01896871 -0.11844915
v -0.04842900 0.11165595 -0.01800797
v -0.05872705 0.02433344 0.01941776
v -0.05742062 0.02018595 0.01802894
v -0.05969858 0.02841367 0.02163613
v -0.05550068 0.01556140 0.01994793
v -0.01820372 0.00987632 0.04719467
v -0.01779147 0.00745760 0.04909962
v -0.01730108 0.00484895 0.05116181
v -0.02114932 0.00447632 0.04657143
v -0.02036436 0.00132585 0.04829882
v -0.01393170 0.00506537 0.05661084
v -0.01422616 0.00795767 0.05423545
v -0.01665891 0.00214280 0.05306502
v -0.01697472 -0.00089943 0.05531300
v -0.01436527 0.00223539 0.05938632
v -0.02156529 -0.01465480 0.05209810
v -0.02180522 -0.00944532 0.04939919
v -0.01948135 -0.00486165 0.05164241
v -0.02400237 -0.00173326 0.04653526
v -0.02291032 -0.00524710 0.04778124
v -0.01961333 -0.00150165 0.04977885
v -0.02534260 0.00174732 0.04480436
v -0.01885428 -0.00415923 0.05839454
v -0.02025167 -0.00772330 0.06166018
v -0.01552290 -0.00121555 0.06306053
v -0.01302136 0.00087122 0.06630851
v -0.01222683 0.00457842 0.06282205
v -0.02188671 0.00713152 0.04503957
v -0.02657196 0.00475138 0.04349688
v -0.02641844 -0.00889054 0.04677804
v -0.03102540 -0.01224015 0.04641947
v -0.02845341 -0.00438672 0.04519838
v -0.03253334 -0.00714197 0.04447680
v -0.02958449 -0.00067344 0.04361713
v -0.03371840 -0.00328239 0.04259094
v -0.03448980 -0.01678321 0.04595733
v -0.03763214 -0.02105680 0.04510650
v -0.04004046 -0.02729633 0.04403815
v -0.04047282 -0.01566747 0.04268773
v -0.04390846 -0.02166146 0.04076097
v -0.04258579 -0.00996306 0.04013884
v -0.04659697 -0.01609197 0.03804173
v -0.03689924 -0.01070777 0.04357010
v -0.03848587 -0.00647770 0.04147501
v -0.03486788 0.00050508 0.04060649
v -0.03086299 0.00275881 0.04193408
v -0.04399879 0.00150423 0.03671810
v -0.04368371 -0.00434966 0.03830294
v -0.03938430 -0.00174525 0.03959683
v -0.03988415 0.00298718 0.03770411
v -0.04868740 -0.00851365 0.03580171
v -0.04858431 -0.00042986 0.03476197
v -0.04780874 0.00475577 0.03348079
v -0.03369087 0.01199756 0.03618712
v -0.02875744 0.01290105 0.03755336
v -0.03707767 0.01151505 0.03493873
v -0.04363086 0.00562966 0.03517186
v -0.04015619 0.00646353 0.03628672
v -0.05131960 0.01148365 0.02632108
v -0.04889087 0.01088422 0.02864611
v -0.04286896 0.01084238 0.03229110
v -0.04008995 0.01108770 0.03359121
v -0.04593660 0.01074329 0.03060257
v -0.02426116 0.01471411 0.03825229
v -0.01956644 0.01710000 0.03886579
v -0.06205720 -0.06592352 -0.07509349
v -0.01145358 0.00777619 0.06008495
v -0.01130715 0.01092765 0.05735774
v -0.01608939 0.03178018 0.04163231
v -0.01421520 0.02966085 0.04086838
v -0.00810322 0.02980468 0.04849060
v -0.01978576 0.03455773 0.04481858
v -0.01638423 0.02003614 0.03925266
v -0.01435401 0.02253034 0.03919469
v -0.01325916 0.02448529 0.03942091
v -0.01283433 0.02733471 0.03998879
v -0.03122647 0.04648541 0.04681269
v -0.02777623 0.03952216 0.04937955
v -0.05838823 0.06339360 0.00958794
v -0.06219285 0.05491498 0.00554784
v -0.05342714 0.04226990 0.03056447
v -0.05708696 0.03824053 0.02733226
v -0.05937060 0.03322166 0.02428715
v -0.06485506 0.04300256 0.00281273
v -0.06655904 0.03055447 0.00198339
v -0.06793763 0.01877221 0.00237224
v -0.04939222 0.09509528 0.00203316
v -0.04938627 0.10119471 -0.00454505
v -0.04884380 0.08861530 0.00894147
v -0.04009287 0.11496517 -0.01256219
v -0.04009022 0.11011554 -0.00442486
v -0.04910173 0.10675742 -0.01115458
v -0.04048761 0.10453567 0.00257311
v -0.04076635 0.09846792 0.00905128
v -0.04023651 0.09211682 0.01591297
v -0.03890955 0.08586760 0.02201467
v -0.03709640 0.07683355 0.02840732
v -0.05256500 -0.06506783 -0.09447163
v -0.00874006 -0.00707368 0.05870000
v -0.00827509 -0.00723769 0.05913960
v -0.00852459 -0.00711914 0.05845800
v -0.00796792 -0.00718504 0.05894612
v -0.00846151 -0.00734976 0.05890420
v -0.00852047 -0.01569424 0.06186485
v -0.00733553 -0.01376853 0.06084741
v -0.00779224 -0.00983650 0.05997720
v -0.07485310 -0.03250951 -0.03960531
v -0.06453279 -0.10165180 -0.06781571
v -0.06021331 -0.09822154 -0.08243898
v 0.06397504 -0.10048839 -0.06787761
v 0.05924807 -0.09729686 -0.08258692
v 0.02448133 -0.13228746 -0.00520112
v 0.03750902 -0.12777612 -0.01352874
v 0.03951125 -0.13679215 -0.01421678
v 0.02519949 -0.14048120 -0.00723514
v 0.06704798 -0.11860848 -0.07354064
v 0.06539739 -0.10967039 -0.06874333
v 0.06059594 -0.10640555 -0.08498643
v 0.06320436 -0.11508407 -0.09083889
v 0.05222269 -0.10436964 -0.09909198
v 0.05493559 -0.11390129 -0.10541349
v 0.04306356 -0.11410016 -0.11636631
v 0.04117214 -0.10292329 -0.11004180
v 0.02788216 -0.10204003 -0.11800773
v 0.02922761 -0.11451634 -0.12338026
v 0.05140547 -0.12243858 -0.02313407
v 0.06214728 -0.11722035 -0.03604594
v 0.06362397 -0.12684786 -0.03865660
v 0.05331495 -0.13195236 -0.02460859
v 0.06716073 -0.11313713 -0.05152797
v 0.06805402 -0.12281939 -0.05556888
v 0.01394666 -0.11463852 -0.12676485
v 0.01323126 -0.10115916 -0.12170919
v 0.02649646 -0.15936711 -0.01125661
v 0.01156969 -0.16149588 -0.00881756
v 0.01228371 -0.15201990 -0.00522890
v 0.02590951 -0.14998704 -0.00935571
v 0.06058655 -0.16259007 -0.03243265
v 0.07487427 -0.15572380 -0.04789153
v 0.08122191 -0.16405281 -0.04406331
v 0.06414568 -0.17241476 -0.02966650
v 0.10379037 -0.16121675 -0.05699618
v 0.11336880 -0.14992450 -0.08043765
v 0.04304438 -0.16650300 -0.02020743
v 0.04513558 -0.17684503 -0.01707282
v -0.00205045 -0.12740879 -0.13428354
v -0.00183295 -0.11451607 -0.12711774
v 0.10282280 -0.14463109 -0.08396484
v 0.10155500 -0.14088726 -0.10933859
v 0.11461510 -0.14650571 -0.10693933
v 0.05721011 -0.16290787 -0.15124880
v 0.05745229 -0.16983068 -0.15423249
v 0.07364184 -0.16501807 -0.15162088
v 0.06908979 -0.15857439 -0.14793353
v 0.07940806 -0.12881379 -0.10447665
v 0.06703366 -0.12973265 -0.12082629
v 0.07595181 -0.13729416 -0.12611549
v 0.09011529 -0.13486606 -0.10869940
v 0.03871657 -0.14692295 -0.14402600
v 0.05798409 -0.14169829 -0.13720709
v 0.05135846 -0.13397482 -0.13234815
v 0.03396985 -0.13649681 -0.13846208
v 0.09264043 -0.13977708 -0.08496954
v 0.08220336 -0.13416229 -0.08298243
v 0.08511958 -0.14836146 -0.06540538
v 0.07706907 -0.14128907 -0.06412228
v 0.06964058 -0.14747207 -0.04659104
v 0.06027088 -0.12238197 -0.11313298
v 0.04660889 -0.12413019 -0.12415097
v 0.03072557 -0.12597623 -0.13110103
v 0.01426317 -0.12709063 -0.13402310
v -0.00129700 -0.17634174 -0.15331025
v -0.00145613 -0.16400398 -0.15116361
v 0.01813225 -0.14909002 -0.14597014
v 0.01622158 -0.13863130 -0.14095783
v 0.09407046 -0.15454401 -0.06311868
v 0.07100590 -0.13275516 -0.06080746
v 0.06581495 -0.13739851 -0.04262193
v 0.07129423 -0.17897128 -0.01830049
v 0.09016661 -0.17247291 -0.03559012
v 0.04961424 -0.18390922 -0.00649669
v 0.02995777 -0.18807086 0.00085843
v 0.01991032 -0.16274345 -0.14993368
v 0.01872924 -0.17481633 -0.15260826
v 0.04048903 -0.17175826 -0.15339993
v 0.04423825 -0.15905118 -0.14970206
v 0.05841934 -0.15300916 -0.02998072
v 0.04263209 -0.15657723 -0.01822871
v 0.02633117 -0.16923629 -0.01157430
v 0.06956874 -0.12263180 -0.09749588
v 0.07227086 -0.12706074 -0.07895841
v 0.05580717 -0.14244352 -0.02722261
v 0.04125863 -0.14692877 -0.01614923
v 0.01190923 -0.14300448 -0.00120673
v 0.02745760 -0.17938243 -0.00782291
v 0.10312078 -0.15105771 -0.12955765
v 0.08904433 -0.15856673 -0.14379002
v 0.08118542 -0.15476054 -0.14249921
v -0.00214325 -0.15013404 -0.14721689
v -0.00050515 -0.15233754 -0.00406881
v -0.00134550 -0.16156676 -0.00825152
v 0.00068148 -0.14358158 0.00075871
v 0.08627476 -0.14608976 -0.13193004
v 0.06434724 -0.15101680 -0.14303529
v 0.00057318 -0.13668293 0.00462151
v -0.00183762 -0.10064507 -0.12250336
v -0.00168045 -0.17301750 -0.01213516
v -0.00141349 -0.18577594 -0.00941013
v -0.00085975 -0.19501227 0.00010454
v 0.01267549 -0.13577025 0.00195742
v 0.01264155 -0.18305621 -0.00768059
v 0.01172178 -0.17167319 -0.01063759
v 0.01389861 -0.19282253 0.00095923
v -0.00195421 -0.13886161 -0.14179130
v -0.02256438 -0.13374592 -0.00467665
v -0.03530246 -0.12932023 -0.01356306
v -0.03699363 -0.13781247 -0.01478241
v -0.02333143 -0.14135934 -0.00710654
v -0.06781366 -0.11996438 -0.07341474
v -0.06581268 -0.11123172 -0.06872377
v -0.06161008 -0.10741459 -0.08479185
v -0.06502990 -0.11597585 -0.09069586
v -0.05436752 -0.10511867 -0.09884197
v -0.05745683 -0.11459304 -0.10526450
v -0.04599432 -0.11460108 -0.11629417
v -0.04394837 -0.10341550 -0.10981004
v -0.03102814 -0.10240465 -0.11785053
v -0.03251581 -0.11484281 -0.12331387
v -0.04961668 -0.12427144 -0.02353338
v -0.06101958 -0.11928670 -0.03645166
v -0.06210272 -0.12845702 -0.03894369
v -0.05149895 -0.13330401 -0.02506346
v -0.06725171 -0.11518317 -0.05173996
v -0.06767782 -0.12476921 -0.05541623
v -0.01736099 -0.11483577 -0.12661715
v -0.01667260 -0.10135519 -0.12157042
v -0.02735057 -0.15985858 -0.01128696
v -0.01329277 -0.16153474 -0.00859356
v -0.01239964 -0.15200649 -0.00550644
v -0.02576514 -0.15047534 -0.00954809
v -0.05968868 -0.16423856 -0.03416809
v -0.07480474 -0.15707035 -0.04923914
v -0.08106768 -0.16553490 -0.04577981
v -0.06391980 -0.17393528 -0.03095055
v -0.10352847 -0.16321307 -0.05880397
v -0.11373580 -0.15174757 -0.08196161
v -0.04324169 -0.16770640 -0.02116705
v -0.04606692 -0.17827579 -0.01758975
v -0.10394640 -0.14599191 -0.08521548
v -0.10336120 -0.14190161 -0.11031944
v -0.11579362 -0.14795999 -0.10818052
v -0.05999242 -0.16336040 -0.15187705
v -0.06024607 -0.17022726 -0.15486826
v -0.07590383 -0.16572520 -0.15232190
v -0.07170677 -0.15922280 -0.14848097
v -0.08195607 -0.12953706 -0.10470969
v -0.06998439 -0.13096938 -0.12129072
v -0.07861815 -0.13808630 -0.12650533
v -0.09232333 -0.13573404 -0.10931269
v -0.04190729 -0.14731677 -0.14424750
v -0.06093901 -0.14196880 -0.13750902
v -0.05443960 -0.13311909 -0.13196357
v -0.03718545 -0.13686024 -0.13847032
v -0.09409399 -0.14076804 -0.08579917
v -0.08316464 -0.13505474 -0.08319868
v -0.08597944 -0.14943290 -0.06634974
v -0.07757205 -0.14239135 -0.06464182
v -0.06890588 -0.14872675 -0.04773036
v -0.06284273 -0.12307800 -0.11316484
v -0.04972000 -0.12459322 -0.12418273
v -0.03425332 -0.12626919 -0.13099155
v -0.01767437 -0.12856956 -0.13459405
v -0.02194520 -0.15053681 -0.14622758
v -0.02078965 -0.13572814 -0.14087619
v -0.09456047 -0.15601721 -0.06458236
v -0.07081591 -0.13422468 -0.06106454
v -0.06480461 -0.13880399 -0.04341973
v -0.07139038 -0.18120624 -0.01934465
v -0.08970974 -0.17423920 -0.03722719
v -0.05089267 -0.18556108 -0.00634305
v -0.03171136 -0.18854745 0.00139775
v -0.02367757 -0.16261032 -0.15022062
v -0.02181731 -0.17487510 -0.15277608
v -0.04273144 -0.17244793 -0.15386005
v -0.04712334 -0.15949853 -0.15009153
v -0.05733259 -0.15423879 -0.03170086
v -0.04241364 -0.15757345 -0.01916547
v -0.02790901 -0.17025794 -0.01209284
v -0.07175291 -0.12344061 -0.09748678
v -0.07375075 -0.12798218 -0.07892763
v -0.05483570 -0.14359158 -0.02786052
v -0.04011046 -0.14781421 -0.01696710
v -0.01179290 -0.14335783 -0.00158677
v -0.02954183 -0.18001740 -0.00769538
v -0.10441660 -0.15237457 -0.13042636
v -0.09085937 -0.15957841 -0.14451218
v -0.08348854 -0.15558425 -0.14307065
v -0.08845703 -0.14699481 -0.13259712
v -0.06695917 -0.15168463 -0.14350227
v -0.01103654 -0.13633908 0.00190859
v -0.01486806 -0.18340707 -0.00717079
v -0.01398747 -0.17230815 -0.01078195
v -0.01515376 -0.19234885 0.00140136
v -0.00879225 -0.00730117 0.05860040
v -0.07187750 -0.03368142 -0.01666576
v -0.07163137 -0.04195433 -0.02456976
v -0.06762382 -0.05419856 -0.01635700
v -0.06819566 -0.04506271 -0.00824504
v -0.06200956 -0.06501621 -0.00775370
v -0.06444500 -0.05401422 -0.00185958
v -0.05459315 -0.07318098 0.00208545
v -0.05865012 -0.06235648 0.00582283
v -0.04818819 -0.07784870 0.01276015
v -0.05269805 -0.06737599 0.01455725
v -0.03221285 -0.08227474 0.03749274
v -0.03059782 -0.08758068 0.03390031
v -0.02315839 -0.09108810 0.04289160
v -0.02382475 -0.08659149 0.04702549
v -0.01498040 -0.09300549 0.05062086
v -0.01567265 -0.08850468 0.05454106
v -0.00602810 -0.09300464 0.05491129
v -0.00629263 -0.08866093 0.05910346
v 0.00473508 -0.09204574 0.05674803
v 0.00432688 -0.08784887 0.06110412
v 0.00353281 -0.07752036 0.06385473
v -0.00583389 -0.07829157 0.06225201
v -0.00601658 -0.08369677 0.06154785
v 0.00391164 -0.08358949 0.06315713
v -0.01353244 -0.07790285 0.05802703
v -0.01485300 -0.08360614 0.05683336
v -0.02051984 -0.07614322 0.05207936
v -0.02266021 -0.08185787 0.05016420
v -0.02903515 -0.07203878 0.04461004
v -0.03118098 -0.07762413 0.04129598
v -0.03610452 -0.06648455 0.03975540
v -0.03922203 -0.06984370 0.03455459
v -0.00547458 -0.09633533 0.04833541
v 0.00499435 -0.09528151 0.05097322
v -0.01403262 -0.09621946 0.04422031
v -0.02168155 -0.09416232 0.03735323
v -0.02836769 -0.09199243 0.02920627
v -0.04101321 -0.08140035 0.02359403
v -0.03558177 -0.08919687 0.01991738
v -0.04339000 -0.08443230 0.01006397
v -0.04993811 -0.07971058 -0.00165424
v -0.05957817 -0.07121259 -0.01330697
v -0.06676358 -0.05939918 -0.02406424
v -0.07138857 -0.04709271 -0.03236491
v -0.07406362 -0.03392016 -0.03019670
v -0.01266643 -0.07323795 0.05764143
v -0.00534720 -0.07330234 0.06136446
v -0.01917305 -0.07164504 0.05288194
v -0.02668918 -0.06751296 0.04716587
v -0.03308208 -0.06253229 0.04369888
v -0.03886905 -0.04991896 0.04305583
v -0.03743565 -0.05659602 0.04247735
v -0.03782788 -0.03706191 0.04609398
v -0.03896199 -0.04339187 0.04460065
v -0.04619787 -0.03009935 0.03843760
v -0.04734372 -0.03925432 0.03512035
v -0.04287788 -0.04183047 0.04008985
v -0.04199262 -0.03394372 0.04220440
v -0.05007586 -0.02352414 0.03428329
v -0.05194442 -0.03473024 0.03019791
v -0.00443734 -0.09911757 0.04223890
v 0.00506006 -0.09851952 0.04370264
v -0.01200882 -0.09930681 0.03839714
v -0.01893040 -0.09839288 0.03205355
v -0.02411277 -0.09752526 0.02460923
v -0.02980847 -0.09591983 0.01622749
v -0.03591035 -0.09305599 0.00662334
v -0.04367311 -0.08817895 -0.00505007
v -0.05458486 -0.07899171 -0.01852480
v -0.06498293 -0.06450102 -0.03064021
v -0.06928039 -0.05156145 -0.03961514
v -0.02149660 -0.10456038 0.01262197
v -0.01649315 -0.10447735 0.01912689
v -0.01179034 -0.10513399 0.02515574
v -0.00775725 -0.10470286 0.03033667
v -0.00233822 -0.10534533 0.02995994
v 0.00493853 -0.10560804 0.02980219
v -0.00224537 -0.10734932 0.02199948
v 0.00454691 -0.10781367 0.02285720
v -0.00558622 -0.10981202 0.01781980
v 0.00402106 -0.11031103 0.01926773
v -0.00873493 -0.11267196 0.01521382
v 0.00310108 -0.11426345 0.01669140
v -0.04110580 -0.05895482 0.03805098
v -0.04471046 -0.05984514 0.03198781
v -0.04711503 -0.04928700 0.03243683
v -0.05204521 -0.04630496 0.02638873
v -0.04957435 -0.05893700 0.02499873
v -0.04286317 -0.05041707 0.03840464
v -0.05586979 -0.05552921 0.01661288
v -0.05725570 -0.04183277 0.01975418
v -0.05657302 -0.02827019 0.02531400
v -0.06139848 -0.03537961 0.01428170
v -0.06111886 -0.04974689 0.00881710
v -0.06057053 -0.02398556 0.02047332
v -0.06368607 -0.01909705 0.01639135
v -0.06441572 -0.03060327 0.00983931
v -0.06491345 -0.04233895 0.00384931
v -0.04460864 -0.07241749 0.02547258
v -0.06775694 -0.03612527 -0.00150304
v -0.06627849 -0.01509928 0.01162718
v -0.06685907 -0.02486159 0.00531396
v -0.06907357 -0.00952470 0.00561685
v -0.07024057 -0.01884376 -0.00323702
v -0.07110125 -0.02745946 -0.01001395
v -0.07456803 -0.02515608 -0.02604129
v 0.00302662 -0.07272831 0.06330644
v -0.06902503 -0.03456965 -0.05662915
v -0.02364403 -0.03026916 0.05664175
v -0.01879564 -0.02801039 0.05969568
v -0.01359353 -0.02690019 0.06304301
v -0.00919328 -0.02636783 0.06530870
v -0.00488234 -0.02664750 0.06642273
v 0.00176991 -0.12619826 0.01168029
v 0.00037231 0.04219607 0.05246536
v 0.00220895 -0.11884841 0.01503130
v 0.00176751 -0.05924185 0.05216287
v -0.00095439 0.13127916 -0.02640310
v 0.00257183 -0.06795257 0.06214934
v 0.00143905 -0.05299916 0.05431904
v 0.00010750 0.00542541 0.07389718
v 0.00211140 -0.06302461 0.06158228
v 0.00099451 -0.05160913 0.06963583
v 0.00072065 -0.04388584 0.06840982
v 0.00015874 0.07990937 0.03894834
v 0.00075023 -0.04721468 0.06944291
v -0.00068996 -0.02406363 0.06563061
v -0.00010763 0.00114410 0.07747707
v 0.00069105 -0.04204350 0.06713313
v -0.00154861 -0.04874464 -0.12467299
v 0.00137079 -0.05576776 0.06740335
v 0.00091104 -0.04620545 0.05880802
v 0.00065172 -0.04116596 0.06548609
v 0.00000416 -0.04532773 0.05202837
v -0.00064945 -0.02750666 0.06722423
v 0.00074255 0.02274630 0.05880507
v -0.00148289 -0.00880717 -0.14690480
v 0.00048149 0.01968710 0.06152186
v -0.00071943 0.10436177 0.02226931
v -0.00025464 0.09090462 0.03351063
v 0.00014111 0.00923703 0.07043622
v -0.00105570 0.05696332 -0.15591370
v -0.00095785 0.07430194 -0.15174779
v 0.00017612 0.06121008 0.04629292
v -0.00083405 0.13050468 -0.08922818
v -0.00034345 -0.00301311 0.07938305
v -0.00093086 -0.01692425 0.06876849
v -0.00092806 0.12219428 -0.00222005
v -0.00128025 0.02086864 -0.15559921
v -0.00075995 0.12077177 -0.11432119
v -0.00029853 -0.04714642 0.06848713
v -0.00095847 0.12708382 -0.01375385
v -0.00019447 -0.04881098 0.06588098
v -0.00082780 -0.01310694 0.07626020
v -0.00139192 0.00440666 -0.15231682
v -0.00118137 0.03537891 -0.15651876
v -0.00063095 -0.03515362 0.06897135
v -0.00066844 -0.03047714 0.06808288
v -0.00077577 0.12658538 -0.10222586
v 0.00045994 0.04820437 0.05195715
v -0.00051515 -0.03815201 0.06973414
v 0.00055305 0.03066588 0.05275704
v -0.00047481 -0.04122348 0.07038920
v 0.00115239 -0.13174662 0.00795633
v -0.00084420 0.09965123 -0.13728502
v -0.00042157 -0.04417899 0.06956027
v -0.00007700 -0.04783858 0.05900321
v 0.00034399 0.01302215 0.06718203
v -0.00003693 -0.04671903 0.05556032
v 0.00022666 0.06908400 0.04227726
v -0.00081029 -0.02063962 0.06535292
v -0.00085264 -0.01973561 0.06555547
v 0.00072703 0.02858978 0.05397057
v -0.00061625 0.09765565 0.02850176
v 0.00053134 0.03277527 0.05228670
v -0.00062811 -0.02171645 0.06515512
v -0.00087655 0.08977976 -0.14439732
v -0.00090944 0.13515374 -0.07160424
v -0.00091505 0.13604619 -0.05841611
v 0.00080214 0.02571061 0.05655373
v 0.00044851 0.01657676 0.06398754
v -0.00149789 -0.05862115 -0.12289895
v -0.00072493 -0.00976394 0.07891212
v -0.00057490 -0.00694994 0.07979183
v -0.00088884 0.11647887 0.00760999
v -0.00153427 -0.01887717 -0.14243585
v -0.00093926 0.13504246 -0.04147301
v -0.00081687 0.11049971 0.01548733
v -0.00156391 -0.03712264 -0.13152036
v -0.00155885 -0.02697359 -0.13867386
v -0.00088020 -0.01414503 0.07452201
v 0.00029215 0.03560445 0.05175879
v -0.00095405 -0.01577909 0.07150006
v -0.00078179 0.11288729 -0.12551010
v -0.00087218 -0.01840137 0.06661653
v 0.00758105 -0.00794385 0.05923791
v 0.07222506 -0.03165422 -0.01585424
v 0.07227421 -0.03983264 -0.02409955
v 0.06935956 -0.05182896 -0.01557153
v 0.06943444 -0.04279918 -0.00727094
v 0.06494924 -0.06239169 -0.00704378
v 0.06647012 -0.05146853 -0.00087991
v 0.05862584 -0.07045172 0.00284660
v 0.06160314 -0.05947838 0.00702590
v -0.00587130 -0.01362062 0.07364969
v -0.00464848 -0.01523851 0.07114770
v 0.05298318 -0.07471631 0.01377583
v 0.05608969 -0.06426466 0.01594015
v -0.01656576 0.02304183 0.03546060
v -0.00993864 -0.01812016 0.06131210
v -0.00886281 0.00683741 0.06628257
v -0.01565850 0.02360993 0.03632653
v 0.03821565 -0.07895020 0.03944428
v 0.03775971 -0.08467812 0.03555578
v 0.03130570 -0.08826823 0.04452272
v 0.03149094 -0.08360530 0.04889410
v -0.01295738 -0.01793514 0.06035761
v 0.02424166 -0.09102580 0.05206765
v 0.02414727 -0.08624774 0.05593072
v 0.01560895 -0.09190811 0.05577050
v 0.01506106 -0.08746166 0.05991083
v -0.00820252 0.01374123 0.06038587
v -0.01066273 0.02278625 0.04723181
v 0.01276675 -0.07688464 0.06316098
v 0.01381596 -0.08236459 0.06233845
v -0.00826813 0.01015902 0.06342041
v -0.01970413 -0.01417016 0.06054292
v -0.01730489 -0.01741942 0.05929022
v -0.00897582 -0.00779128 0.07633404
v -0.00998233 -0.00478707 0.07544426
v 0.02066069 -0.07569849 0.05939309
v -0.00981722 -0.01095926 0.07418221
v -0.00656885 -0.01254052 0.07472597
v 0.02256761 -0.08123431 0.05827396
v -0.01764813 0.02237449 0.03514614
v -0.02845726 0.02328970 0.02889039
v -0.00807821 -0.00981963 0.07614376
v -0.00448372 -0.01150142 0.07653473
v -0.02069134 0.02315072 0.03272218
v -0.01720511 0.02270181 0.03537978
v -0.01519310 -0.00919360 0.06927034
v -0.00901272 0.02179892 0.05183972
v 0.02690290 -0.07328887 0.05422554
v 0.02957153 -0.07883528 0.05218249
v 0.03459053 -0.06872087 0.04743331
v 0.03689397 -0.07430954 0.04364596
v -0.01850469 -0.01096534 0.06481791
v 0.04064565 -0.06324233 0.04257611
v 0.04345112 -0.06672704 0.03700425
v 0.01512401 -0.09522227 0.04903604
v -0.01841467 0.02246772 0.03477371
v -0.01903304 0.02266564 0.03435906
v -0.00972686 0.00304029 0.06960587
v 0.02317937 -0.09447083 0.04535077
v 0.03017673 -0.09180430 0.03874248
v 0.03644477 -0.08908373 0.03059192
v 0.04645870 -0.07830694 0.02513122
v -0.02363119 0.02284477 0.03280269
v -0.00407722 -0.01701384 0.06603470
v -0.01296618 -0.01007102 0.07170233
v -0.01123485 -0.01063447 0.07313820
v -0.00457794 -0.01825800 0.06427505
v 0.04232899 -0.08649447 0.02115412
v 0.04914015 -0.08130503 0.01074938
v -0.01369367 0.02355943 0.03931269
v 0.05454401 -0.07724066 -0.00155322
v -0.00844272 0.01960518 0.05551013
v -0.00809769 0.01670760 0.05825430
v 0.06270127 -0.06876048 -0.01333559
v 0.06836196 -0.05713100 -0.02386844
v -0.00409797 -0.01611346 0.06857337
v 0.07180205 -0.04506220 -0.03210120
v 0.07354210 -0.03211756 -0.02959312
v 0.01888765 -0.07108328 0.05926877
v 0.01165526 -0.07203365 0.06269190
v 0.02493029 -0.06893398 0.05520430
v -0.01013261 -0.00101364 0.07317133
v 0.03181020 -0.06443241 0.05031100
v 0.03746383 -0.05940604 0.04691625
v 0.04129889 -0.04788412 0.04550334
v -0.00742333 -0.01783325 0.06277744
v 0.04064538 -0.05397902 0.04543379
v 0.03842209 -0.03597196 0.04797989
v 0.04022712 -0.04198340 0.04696932
v 0.04606236 -0.02892037 0.03951926
v 0.04802863 -0.03758613 0.03668164
v 0.04417307 -0.04016381 0.04206704
v -0.00081282 -0.01159367 0.07757410
v -0.00725327 -0.01136891 0.07553329
v 0.04237015 -0.03271978 0.04371118
v 0.04970519 -0.02256503 0.03473317
v 0.05192958 -0.03303215 0.03134836
v 0.01426690 -0.09813022 0.04263938
v -0.03006688 0.03432271 0.04311996
v -0.02989796 0.03263180 0.04112150
v 0.02153163 -0.09766868 0.03924244
v 0.02746912 -0.09613226 0.03302667
v 0.03176728 -0.09498217 0.02554046
v 0.03680373 -0.09341809 0.01687896
v 0.04140996 -0.09046029 0.00678579
v 0.04739148 -0.08562099 -0.00543737
v -0.02351362 0.03637064 0.04760715
v -0.00504928 0.03828402 0.05177621
v -0.01081817 0.03764253 0.05117697
v 0.05728363 -0.07644996 -0.01905004
v -0.03165491 0.02629942 0.03779395
v -0.03252790 0.02417665 0.03546979
v -0.02998128 0.03028047 0.03962679
v -0.03180521 0.02466826 0.03678308
v -0.03176902 0.02511797 0.03778369
v 0.06602206 -0.06226538 -0.03091778
v -0.03031232 0.02923762 0.03836730
v 0.06933676 -0.04938966 -0.03967366
v -0.03005636 0.02885288 0.03827546
v 0.02719047 -0.10246416 0.01181335
v -0.02832859 0.03573769 0.04521994
v 0.02366239 -0.10205698 0.01900412
v 0.02084037 -0.10310113 0.02544718
v -0.03093848 0.02778880 0.03786573
v -0.03266765 0.02409572 0.03373428
v 0.01776812 -0.10343792 0.03079968
v -0.03301355 0.02350615 0.02933767
v 0.01241553 -0.10467408 0.03015690
v 0.00034894 0.03871281 0.05212906
v -0.02224632 0.04681283 0.05036508
v -0.05327592 0.04669842 0.02644955
v 0.01080379 -0.10680979 0.02192878
v -0.05729143 0.04133192 0.02366671
v 0.01269407 -0.10888409 0.01709005
v -0.05045891 0.00798523 0.02973299
v -0.05317973 0.00863983 0.02700628
v -0.01960018 0.04007104 0.05129899
v 0.01463932 -0.11173268 0.01449081
v 0.04440115 -0.05589837 0.04056859
v 0.04761460 -0.05694583 0.03433257
v 0.04877576 -0.04693101 0.03432526
v 0.05298194 -0.04391246 0.02782986
v -0.02664565 0.06812251 0.03736262
v -0.03173323 0.11756323 -0.00863516
v -0.02564117 0.06052967 0.04268751
v -0.04043387 0.05234747 0.03769043
v 0.05215198 -0.05604718 0.02684182
v -0.03175940 0.11253568 0.00019783
v 0.04522512 -0.04794920 0.04069918
v 0.05783979 -0.05257470 0.01809578
v 0.05771868 -0.03931955 0.02103638
v 0.05650676 -0.02650917 0.02611496
v 0.06182483 -0.03304797 0.01545930
v -0.04788501 0.05085591 0.03098054
v 0.06255204 -0.04682025 0.01017806
v -0.05776484 0.01280426 0.01913542
v -0.00673644 0.05394752 0.05018197
v -0.05954798 0.01847051 0.01592764
v 0.06046301 -0.02210706 0.02137764
v -0.01528954 0.05356712 0.04997460
v -0.02854281 0.12916744 -0.07043219
v 0.06362143 -0.01741962 0.01714988
v 0.06468812 -0.02845442 0.01092656
v 0.06578882 -0.03987983 0.00497097
v 0.04875658 -0.06923195 0.02727943
v -0.01437676 0.03470926 0.04725970
v 0.06834075 -0.03400816 -0.00035608
v -0.04022608 0.00912509 0.03489533
v -0.04325944 0.00853101 0.03362828
v 0.06630481 -0.01373089 0.01253209
v -0.03243668 0.12880185 -0.05919636
v -0.05704399 0.01119523 0.02127021
v -0.03011739 0.08789627 0.02688803
v -0.01101373 0.02975740 0.04491828
v -0.01252951 0.03202260 0.04512671
v -0.03105285 0.09465365 0.02125720
v 0.06721014 -0.02319076 0.00625128
v 0.06906474 -0.00832823 0.00649713
v 0.07053480 -0.01726469 -0.00226412
v -0.03144541 0.10113247 0.01459976
v 0.07132931 -0.02560979 -0.00908952
v 0.07381555 -0.02345507 -0.02531201
v -0.03214963 0.12205412 -0.01901420
v -0.02395121 0.01340953 0.03984566
v 0.06782088 -0.03381380 -0.05657545
v 0.02315805 -0.03088958 0.05841572
v 0.01787782 -0.02879509 0.06114282
v -0.06014404 0.03535704 0.02092478
v -0.06118569 0.02919309 0.01877862
v -0.03298879 0.12798874 -0.04543624
v -0.03332448 0.01048759 0.03738752
v -0.06051280 0.02392103 0.01690124
v -0.01657655 0.13122337 -0.07833494
v 0.01250089 -0.02772262 0.06411682
v -0.05543375 0.00956209 0.02413882
v 0.00812752 -0.02698218 0.06617177
v 0.00372266 -0.02689487 0.06696240
v -0.03307720 0.05312780 0.04316822
v -0.03694031 0.00968160 0.03614579
v -0.01063771 0.02714689 0.04445927
v -0.01938737 0.01607450 0.04076567
v -0.01596638 0.01919330 0.04143561
v -0.03161881 0.10703159 0.00779410
v -0.01326593 0.02189142 0.04237924
v -0.01119130 0.02429546 0.04382337
v -0.02852263 0.01159573 0.03892860
v -0.02865879 0.07808845 0.03292795
v -0.03246054 0.12556565 -0.03151869
v -0.04692932 0.00820969 0.03196710
v -0.00089607 0.13253762 -0.08105446
v 0.00017219 0.05429656 0.04999302
v -0.01211290 0.02313771 0.04326037
v -0.01709213 0.03668169 0.04991408
v -0.02440401 0.05332987 0.04756496
v 0.00179080 -0.05892271 0.06342542
v -0.02749133 -0.04126829 0.05443854
v -0.02836714 -0.04322632 0.05261008
v -0.02702994 -0.04969781 0.04983052
v -0.02080762 -0.03652645 0.06055862
v -0.02509730 -0.03909514 0.05705240
v -0.01714246 -0.05729859 0.05732382
v -0.02852623 -0.04527778 0.05117782
v -0.01154247 -0.05877516 0.06079990
v -0.02832482 -0.04741952 0.05009999
v -0.00566835 -0.05938104 0.06317744
v -0.00066053 -0.03263849 0.06868232
v -0.01079726 -0.03252712 0.06699228
v -0.00575516 -0.03202720 0.06856751
v -0.01576618 -0.03417794 0.06397057
v -0.02460901 -0.05214970 0.05081665
v -0.02169580 -0.05486428 0.05322336
v 0.00425404 -0.01369151 0.07383651
v 0.00293905 -0.01525796 0.07128786
v 0.01823751 0.02247605 0.03568407
v 0.00871812 -0.01883799 0.06222207
v 0.00853095 0.00612692 0.06610493
v 0.01730516 0.02314760 0.03650487
v 0.01180078 -0.01888770 0.06147067
v 0.00857379 0.01330874 0.06024817
v 0.01187028 0.02244281 0.04720669
v 0.00829429 0.00963099 0.06324355
v 0.01905386 -0.01554123 0.06170767
v 0.01638047 -0.01877999 0.06069627
v 0.00767846 -0.00812929 0.07626107
v 0.00872168 -0.00541203 0.07518831
v 0.00834157 -0.01122138 0.07426713
v 0.00501369 -0.01266095 0.07485958
v 0.01930656 0.02148291 0.03553330
v 0.02967993 0.02228164 0.02971698
v 0.00670755 -0.01002031 0.07616788
v 0.00297198 -0.01158120 0.07659610
v 0.02257600 0.02180722 0.03323779
v 0.01884901 0.02193030 0.03570289
v 0.01434540 -0.00997058 0.06980308
v 0.01007166 0.02148651 0.05178976
v 0.01782257 -0.01206050 0.06566165
v 0.02013909 0.02150076 0.03521263
v 0.02079093 0.02160714 0.03479499
v 0.00902353 0.00217579 0.06941959
v 0.02528595 0.02138981 0.03315927
v 0.00235186 -0.01709154 0.06621918
v 0.01173287 -0.01058494 0.07197028
v 0.00983454 -0.01102107 0.07328968
v 0.00309062 -0.01846279 0.06464210
v 0.01519762 0.02311344 0.03939847
v 0.00929195 0.01930067 0.05548707
v 0.00870339 0.01634810 0.05815703
v 0.00232238 -0.01617830 0.06872184
v 0.00918975 -0.00173558 0.07300328
v 0.00626871 -0.01836804 0.06350436
v 0.00571506 -0.01145593 0.07551581
v 0.03134296 0.03485290 0.04307245
v 0.03126816 0.03266033 0.04112815
v 0.02448181 0.03670624 0.04771555
v 0.00576371 0.03837518 0.05161181
v 0.01158680 0.03759624 0.05151670
v 0.03302619 0.02418291 0.03871546
v 0.03330094 0.02261313 0.03589669
v 0.03133876 0.02982560 0.03975640
v 0.03309457 0.02224934 0.03739890
v 0.03304921 0.02274231 0.03861830
v 0.03169468 0.02817090 0.03925596
v 0.03154521 0.02752762 0.03937641
v 0.02956904 0.03617879 0.04551933
v 0.03229848 0.02614102 0.03919718
v 0.03373643 0.02279893 0.03413862
v 0.03421987 0.02254277 0.03006813
v 0.02293449 0.04721399 0.05059110
v 0.05328240 0.04750188 0.02741694
v 0.05724110 0.04200765 0.02457585
v 0.05039826 0.00805059 0.02985945
v 0.05286896 0.00892152 0.02721760
v 0.02016184 0.04063928 0.05149568
v 0.02621498 0.06859308 0.03752430
v 0.02984053 0.11765085 -0.00836293
v 0.02556108 0.06111940 0.04278319
v 0.04052498 0.05321215 0.03802403
v 0.02988462 0.11252266 0.00047646
v 0.04786942 0.05156890 0.03162647
v 0.05765731 0.01303745 0.01971854
v 0.00719875 0.05420240 0.05033077
v 0.06011819 0.01869238 0.01681924
v 0.01593118 0.05403554 0.05027640
v 0.02681782 0.12927584 -0.07025497
v 0.01541030 0.03451016 0.04771417
v 0.04075723 0.00880369 0.03472099
v 0.04362509 0.00824986 0.03350053
v 0.03066772 0.12894242 -0.05897413
v 0.05654896 0.01145304 0.02163881
v 0.02902168 0.08791730 0.02707145
v 0.01207309 0.02953972 0.04486982
v 0.01361168 0.03178499 0.04520446
v 0.02953203 0.09431639 0.02175374
v 0.02975482 0.10091312 0.01498485
v 0.03029921 0.12219524 -0.01873870
v 0.02502928 0.01270391 0.03930325
v 0.06015114 0.03597642 0.02168078
v 0.06161211 0.02963415 0.01972869
v 0.03118622 0.12815936 -0.04517843
v 0.03432801 0.00987321 0.03708057
v 0.06115985 0.02414008 0.01782607
v 0.01481810 0.13125436 -0.07826008
v 0.05499316 0.00986601 0.02444040
v 0.03311380 0.05399588 0.04350291
v 0.03764839 0.00925159 0.03591346
v 0.01186452 0.02686566 0.04447541
v 0.02046616 0.01543103 0.04038176
v 0.01726348 0.01861967 0.04131298
v 0.02980415 0.10691217 0.00810496
v 0.01476995 0.02145717 0.04240632
v 0.01255169 0.02393804 0.04387123
v 0.02950176 0.01084943 0.03842019
v 0.02794961 0.07837868 0.03324003
v 0.03063979 0.12573962 -0.03124277
v 0.04710599 0.00798106 0.03186832
v 0.01351423 0.02277118 0.04328906
v 0.01793987 0.03695080 0.05015077
v 0.02478929 0.05399554 0.04793847
v 0.02810722 -0.04153807 0.05748466
v 0.02943934 -0.04327726 0.05595228
v 0.02888997 -0.04889190 0.05397278
v 0.02038838 -0.03705676 0.06271492
v 0.02516511 -0.03960539 0.05969128
v 0.02018520 -0.05550040 0.06022123
v 0.02980454 -0.04504881 0.05491578
v 0.01476974 -0.05722846 0.06295828
v 0.02985292 -0.04694885 0.05414440
v 0.00884908 -0.05851135 0.06429833
v 0.00958229 -0.03298693 0.06804827
v 0.00453711 -0.03218115 0.06929819
v 0.01482883 -0.03464723 0.06553522
v 0.02711226 -0.05076742 0.05500197
v 0.02461688 -0.05293646 0.05697388
v 0.03366520 0.02306860 0.02432469
v -0.03244705 0.02345447 0.02338824
v 0.03230922 0.02392771 0.03727048
v 0.03074253 0.02392812 0.03679153
v 0.02929852 0.02392764 0.03601226
v 0.02808507 0.02392703 0.03500913
v 0.03234055 0.02424393 0.03727230
v 0.03080390 0.02455015 0.03679338
v 0.02938914 0.02482888 0.03601443
v 0.02820049 0.02506503 0.03501812
v 0.03243289 0.02454953 0.03727256
v 0.03098557 0.02514753 0.03679724
v 0.02965261 0.02569664 0.03602267
v 0.02853333 0.02615809 0.03502462
v 0.03258263 0.02483028 0.03727509
v 0.03128155 0.02569846 0.03679728
v 0.03008186 0.02649762 0.03602460
v 0.02907538 0.02716687 0.03502992
v 0.03278531 0.02507591 0.03727790
v 0.03167773 0.02618162 0.03680391
v 0.03065786 0.02719983 0.03602859
v 0.02980097 0.02805386 0.03503243
v 0.03303147 0.02527891 0.03727907
v 0.03216175 0.02657752 0.03680155
v 0.03136017 0.02777520 0.03602847
v 0.03068653 0.02878149 0.03503370
v 0.03331300 0.02542855 0.03727910
v 0.03271409 0.02687165 0.03680120
v 0.03216113 0.02820065 0.03602603
v 0.03169722 0.02931654 0.03502785
v 0.03361968 0.02552019 0.03727329
v 0.03331326 0.02705188 0.03679525
v 0.03303032 0.02846140 0.03601833
v 0.03279171 0.02963988 0.03501421
v 0.03393712 0.02555077 0.03727415
v 0.03393687 0.02711228 0.03679619
v 0.03393409 0.02854658 0.03601551
v 0.03393030 0.02974665 0.03500400
v 0.03425464 0.02551973 0.03727411
v 0.03456013 0.02705004 0.03679157
v 0.03483764 0.02845491 0.03600940
v 0.03506965 0.02962705 0.03500113
v 0.03456111 0.02542628 0.03727521
v 0.03515873 0.02686745 0.03679508
v 0.03570721 0.02819102 0.03601087
v 0.03616513 0.02929185 0.03499892
v 0.03484200 0.02527631 0.03727203
v 0.03571007 0.02657121 0.03678852
v 0.03650786 0.02776171 0.03600803
v 0.03717542 0.02875393 0.03500060
v 0.03508795 0.02507281 0.03727095
v 0.03619325 0.02617397 0.03678905
v 0.03720942 0.02718649 0.03600576
v 0.03806046 0.02803079 0.03499602
v 0.03529040 0.02482726 0.03726845
v 0.03658893 0.02569162 0.03678427
v 0.03778489 0.02648595 0.03600438
v 0.03878452 0.02714698 0.03499597
v 0.03544023 0.02454643 0.03726844
v 0.03688450 0.02514001 0.03678667
v 0.03821226 0.02568491 0.03600286
v 0.03932071 0.02613830 0.03499075
v 0.03553194 0.02424118 0.03726722
v 0.03706256 0.02454227 0.03677806
v 0.03847300 0.02481588 0.03599475
v 0.03965139 0.02504634 0.03499077
v 0.03556281 0.02392432 0.03726737
v 0.03712576 0.02392056 0.03678487
v 0.03856187 0.02391319 0.03599432
v 0.03976027 0.02390704 0.03498294
v 0.03553021 0.02360773 0.03726504
v 0.03706259 0.02329719 0.03677719
v 0.03847297 0.02301226 0.03598990
v 0.03965029 0.02276932 0.03498700
v 0.03543982 0.02330031 0.03726835
v 0.03688458 0.02269718 0.03678388
v 0.03821208 0.02214500 0.03599383
v 0.03931893 0.02167966 0.03498308
v 0.03528944 0.02301796 0.03726692
v 0.03658838 0.02214486 0.03677761
v 0.03778538 0.02134394 0.03599296
v 0.03878662 0.02067378 0.03498349
v 0.03508890 0.02277091 0.03727349
v 0.03619599 0.02165994 0.03678796
v 0.03721305 0.02064125 0.03599428
v 0.03807180 0.01978513 0.03498503
v 0.03484354 0.02256706 0.03727147
v 0.03571448 0.02126231 0.03678583
v 0.03651636 0.02006409 0.03599992
v 0.03719472 0.01905686 0.03499300
v 0.03456352 0.02241704 0.03727307
v 0.03516535 0.02096848 0.03679141
v 0.03571975 0.01963613 0.03600545
v 0.03618953 0.01851580 0.03500059
v 0.03425782 0.02232341 0.03727346
v 0.03456802 0.02078703 0.03678766
v 0.03485382 0.01937352 0.03600592
v 0.03509242 0.01818494 0.03500709
v 0.03394051 0.02229406 0.03727400
v 0.03394505 0.02072786 0.03679173
v 0.03395281 0.01928649 0.03600620
v 0.03394809 0.01807971 0.03499903
v 0.03362329 0.02232577 0.03727261
v 0.03332176 0.02079128 0.03678669
v 0.03304750 0.01937673 0.03600393
v 0.03280126 0.01819420 0.03500339
v 0.03331665 0.02242016 0.03727393
v 0.03272214 0.02097536 0.03679178
v 0.03217699 0.01964648 0.03600697
v 0.03171104 0.01853315 0.03499941
v 0.03303551 0.02257120 0.03727436
v 0.03217050 0.02127348 0.03678457
v 0.03137459 0.02007846 0.03600050
v 0.03070575 0.01907673 0.03500051
v 0.03278877 0.02277575 0.03727201
v 0.03168434 0.02167166 0.03678853
v 0.03066861 0.02065638 0.03599914
v 0.02980971 0.01980205 0.03499629
v 0.03258631 0.02302310 0.03726763
v 0.03128862 0.02215691 0.03677890
v 0.03009053 0.02135848 0.03599663
v 0.02908101 0.02069029 0.03499979
v 0.03393650 0.02392674 0.03743347
v 0.03243454 0.02330459 0.03727001
v 0.03098939 0.02270809 0.03678748
v 0.02965972 0.02215897 0.03600067
v 0.02853894 0.02169807 0.03500015
v 0.03234136 0.02361070 0.03727151
v 0.03080509 0.02330562 0.03678889
v 0.02939542 0.02302677 0.03599968
v 0.02820434 0.02279129 0.03500378
v 0.02689873 0.02392589 0.03415494
v 0.02505685 0.02392260 0.03271531
v 0.02348315 0.02391693 0.03082671
v 0.02231571 0.02389829 0.02866462
v 0.02159520 0.02387998 0.02631495
v 0.02134565 0.02386090 0.02386480
v 0.02158132 0.02384135 0.02142635
v 0.02233930 0.02382808 0.01905133
v 0.02349613 0.02381681 0.01688060
v 0.02505185 0.02380621 0.01497908
v 0.02694708 0.02379747 0.01341696
v 0.02911116 0.02379080 0.01225441
v 0.03145904 0.02378659 0.01153717
v 0.02703673 0.02529381 0.03416684
v 0.02523365 0.02563783 0.03271472
v 0.02368578 0.02593581 0.03081892
v 0.02254019 0.02613950 0.02865442
v 0.02183464 0.02625841 0.02630267
v 0.02159509 0.02628342 0.02385840
v 0.02182292 0.02621512 0.02141580
v 0.02251424 0.02604905 0.01907245
v 0.02369491 0.02584608 0.01687112
v 0.02522180 0.02553270 0.01496937
v 0.02708085 0.02515452 0.01340979
v 0.02920192 0.02472557 0.01225003
v 0.03150592 0.02426300 0.01153498
v 0.02743845 0.02660869 0.03417278
v 0.02574182 0.02729116 0.03271046
v 0.02428926 0.02786827 0.03080513
v 0.02321143 0.02829223 0.02863465
v 0.02254570 0.02854388 0.02628427
v 0.02231624 0.02861585 0.02384402
v 0.02252976 0.02850645 0.02140345
v 0.02318021 0.02821361 0.01905862
v 0.02428751 0.02779885 0.01686000
v 0.02572487 0.02719429 0.01496045
v 0.02747597 0.02645851 0.01340218
v 0.02947511 0.02562421 0.01224414
v 0.03164499 0.02472132 0.01153195
v 0.02808780 0.02782196 0.03417683
v 0.02655870 0.02880989 0.03269206
v 0.02525644 0.02964508 0.03078988
v 0.02428727 0.03027243 0.02862353
v 0.02368655 0.03064995 0.02627232
v 0.02347902 0.03076787 0.02383107
v 0.02367091 0.03061710 0.02139012
v 0.02425670 0.03020704 0.01904332
v 0.02524966 0.02959872 0.01684841
v 0.02654236 0.02872497 0.01495121
v 0.02811828 0.02766165 0.01339508
v 0.02991731 0.02645186 0.01223964
v 0.03187008 0.02514369 0.01152983
v 0.02896289 0.02888669 0.03417324
v 0.02765597 0.03013853 0.03267326
v 0.02655783 0.03119092 0.03077114
v 0.02572934 0.03199963 0.02860811
v 0.02521717 0.03249184 0.02626039
v 0.02504007 0.03265147 0.02381835
v 0.02520266 0.03247026 0.02137851
v 0.02570100 0.03195801 0.01903113
v 0.02654352 0.03117356 0.01683912
v 0.02764292 0.03006452 0.01494299
v 0.02898305 0.02871548 0.01338777
v 0.03051290 0.02717848 0.01223474
v 0.03217439 0.02551291 0.01152688
v 0.03002706 0.02977487 0.03417034
v 0.02900371 0.03120968 0.03267366
v 0.02813535 0.03244582 0.03075316
v 0.02748244 0.03341552 0.02859575
v 0.02707940 0.03400647 0.02625067
v 0.02693838 0.03420173 0.02380943
v 0.02706618 0.03399421 0.02136834
v 0.02745602 0.03339423 0.01902234
v 0.02809354 0.03242348 0.01685920
v 0.02898416 0.03116360 0.01493546
v 0.03003744 0.02958001 0.01338050
v 0.03123961 0.02777365 0.01222979
v 0.03254373 0.02581708 0.01152481
v 0.03124562 0.03040783 0.03416723
v 0.03052737 0.03203198 0.03266564
v 0.02992888 0.03338230 0.03074729
v 0.02948084 0.03447137 0.02858904
v 0.02920127 0.03513407 0.02624345
v 0.02910344 0.03535415 0.02380211
v 0.02918832 0.03512762 0.02136236
v 0.02945669 0.03446414 0.01901513
v 0.02989533 0.03339067 0.01685189
v 0.03051482 0.03198135 0.01492710
v 0.03124094 0.03022213 0.01337419
v 0.03206764 0.02821571 0.01222520
v 0.03296628 0.02604210 0.01152223
v 0.03255744 0.03078623 0.03413467
v 0.03219459 0.03253542 0.03268063
v 0.03187819 0.03398589 0.03076132
v 0.03164883 0.03513312 0.02859477
v 0.03150383 0.03583319 0.02624254
v 0.03145032 0.03606630 0.02379749
v 0.03149171 0.03582702 0.02135642
v 0.03162576 0.03512310 0.01900966
v 0.03184753 0.03398265 0.01684793
v 0.03217638 0.03248366 0.01492165
v 0.03254518 0.03061679 0.01336971
v 0.03296659 0.02848872 0.01222215
v 0.03342476 0.02618114 0.01152080
v 0.03392601 0.03091008 0.03411661
v 0.03391962 0.03270043 0.03267492
v 0.03391327 0.03421735 0.03078683
v 0.03390462 0.03536917 0.02860757
v 0.03389687 0.03607513 0.02624804
v 0.03389105 0.03631178 0.02379120
v 0.03388497 0.03606431 0.02135286
v 0.03387966 0.03534727 0.01900700
v 0.03387486 0.03418559 0.01684607
v 0.03387006 0.03262497 0.01495470
v 0.03390240 0.03074978 0.01336728
v 0.03390176 0.02858075 0.01221954
v 0.03390130 0.02622815 0.01151972
v 0.03529326 0.03077037 0.03411759
v 0.03564420 0.03251895 0.03267320
v 0.03594096 0.03402182 0.03078885
v 0.03615959 0.03516287 0.02862121
v 0.03628958 0.03584818 0.02625063
v 0.03632979 0.03607576 0.02379883
v 0.03627696 0.03583352 0.02135292
v 0.03613252 0.03512770 0.01900634
v 0.03590260 0.03398672 0.01684478
v 0.03559447 0.03245534 0.01495342
v 0.03525883 0.03061449 0.01336730
v 0.03483669 0.02848835 0.01221916
v 0.03437791 0.02618109 0.01151871
v 0.03660949 0.03036100 0.03411739
v 0.03730199 0.03202200 0.03266999
v 0.03788789 0.03342116 0.03075939
v 0.03832531 0.03450936 0.02861596
v 0.03859043 0.03515571 0.02624990
v 0.03867526 0.03536862 0.02380001
v 0.03857746 0.03513843 0.02135468
v 0.03829891 0.03447206 0.01900705
v 0.03785215 0.03339680 0.01684494
v 0.03725287 0.03195349 0.01495334
v 0.03652313 0.03019742 0.01340222
v 0.03573582 0.02821482 0.01221841
v 0.03483656 0.02604177 0.01151836
v 0.03782768 0.02972417 0.03412981
v 0.03883218 0.03121225 0.03266202
v 0.03968630 0.03247991 0.03075728
v 0.04031970 0.03343806 0.02860112
v 0.04070847 0.03402497 0.02624657
v 0.04083516 0.03421655 0.02379926
v 0.04069571 0.03400786 0.02135537
v 0.04029505 0.03340691 0.01900787
v 0.03964850 0.03243802 0.01684624
v 0.03878022 0.03113792 0.01495461
v 0.03772376 0.02955609 0.01340311
v 0.03656189 0.02777105 0.01222223
v 0.03525887 0.02581661 0.01151934
v 0.03889094 0.02885390 0.03412983
v 0.04017280 0.03012959 0.03265931
v 0.04126376 0.03120201 0.03075942
v 0.04207123 0.03200785 0.02859674
v 0.04256567 0.03250298 0.02624458
v 0.04272851 0.03266457 0.02379942
v 0.04255264 0.03248500 0.02135630
v 0.04204492 0.03197289 0.01900971
v 0.04122327 0.03114738 0.01684819
v 0.04011972 0.03003919 0.01495615
v 0.03877641 0.02869261 0.01340486
v 0.03724520 0.02715834 0.01225390
v 0.03562783 0.02551187 0.01152068
v 0.03976298 0.02779561 0.03413091
v 0.04127206 0.02879551 0.03266467
v 0.04255688 0.02963562 0.03076195
v 0.04350801 0.03025994 0.02859591
v 0.04409059 0.03064991 0.02624378
v 0.04428262 0.03077446 0.02380023
v 0.04407704 0.03062956 0.02135815
v 0.04348058 0.03022481 0.01901238
v 0.04251536 0.02957301 0.01685128
v 0.04121875 0.02870044 0.01495899
v 0.03964010 0.02763975 0.01340703
v 0.03784079 0.02643233 0.01225528
v 0.03593093 0.02514172 0.01152345
v 0.04040746 0.02658421 0.03412910
v 0.04208517 0.02727200 0.03266900
v 0.04351795 0.02784925 0.03076594
v 0.04457496 0.02827225 0.02859672
v 0.04522458 0.02853703 0.02624645
v 0.04543807 0.02861816 0.02380218
v 0.04520949 0.02851569 0.02136206
v 0.04454595 0.02823044 0.01901606
v 0.04347415 0.02777642 0.01685543
v 0.04203404 0.02717182 0.01496276
v 0.04028191 0.02643720 0.01341011
v 0.03828353 0.02560494 0.01225675
v 0.03615787 0.02471984 0.01152346
v 0.04080433 0.02526968 0.03412412
v 0.04258431 0.02561479 0.03266556
v 0.04410645 0.02590815 0.03077113
v 0.04522884 0.02611748 0.02860224
v 0.04592130 0.02624418 0.02625130
v 0.04614921 0.02627940 0.02380698
v 0.04590726 0.02621921 0.02136640
v 0.04520297 0.02606628 0.01902231
v 0.04406524 0.02582912 0.01686163
v 0.04253681 0.02551377 0.01496855
v 0.04067663 0.02513427 0.01341523
v 0.03855709 0.02470678 0.01225926
v 0.03629614 0.02426111 0.01152668
v 0.04093583 0.02390127 0.03411618
v 0.04275450 0.02389144 0.03266332
v 0.04430899 0.02388015 0.03077194
v 0.04545628 0.02387025 0.02860752
v 0.04615958 0.02386216 0.02625923
v 0.04639122 0.02384864 0.02381392
v 0.04614232 0.02383057 0.02137614
v 0.04542478 0.02381600 0.01903109
v 0.04426385 0.02380197 0.01686977
v 0.04270614 0.02379041 0.01497613
v 0.04081010 0.02377941 0.01342154
v 0.03864697 0.02376950 0.01226795
v 0.03634369 0.02378494 0.01152864
v 0.04080153 0.02253678 0.03411919
v 0.04258646 0.02216957 0.03266882
v 0.04411344 0.02185772 0.03078544
v 0.04524692 0.02162047 0.02862204
v 0.04590144 0.02146827 0.02624129
v 0.04614662 0.02141194 0.02383329
v 0.04590714 0.02144369 0.02139007
v 0.04520126 0.02156374 0.01904203
v 0.04406337 0.02177425 0.01687949
v 0.04253504 0.02206626 0.01498457
v 0.04067641 0.02242385 0.01342801
v 0.03860156 0.02285318 0.01224293
v 0.03629816 0.02330898 0.01152922
v 0.04040733 0.02122420 0.03411995
v 0.04208693 0.02051398 0.03267587
v 0.04351242 0.01990112 0.03077730
v 0.04455430 0.01944532 0.02860926
v 0.04519702 0.01916776 0.02628614
v 0.04542027 0.01905925 0.02384761
v 0.04519884 0.01913582 0.02140364
v 0.04454210 0.01939558 0.01905641
v 0.04347141 0.01982341 0.01689158
v 0.04203108 0.02040748 0.01499411
v 0.04027963 0.02112102 0.01343531
v 0.03833026 0.02195508 0.01224605
v 0.03615880 0.02285068 0.01153243
v 0.03977270 0.02000929 0.03412509
v 0.04128092 0.01898339 0.03268161
v 0.04254061 0.01810848 0.03080170
v 0.04346262 0.01745865 0.02865215
v 0.04404658 0.01704842 0.02630800
v 0.04424648 0.01689797 0.02386745
v 0.04404674 0.01701616 0.02142388
v 0.04345663 0.01739693 0.01907451
v 0.04249697 0.01802603 0.01690656
v 0.04120744 0.01887967 0.01500503
v 0.03963719 0.01991796 0.01344313
v 0.03788666 0.02112699 0.01225368
v 0.03593390 0.02242825 0.01153507
v 0.03891478 0.01893957 0.03413026
v 0.04020383 0.01763276 0.03267772
v 0.04119961 0.01653351 0.03083413
v 0.04199757 0.01570914 0.02868442
v 0.04249934 0.01519115 0.02633554
v 0.04267230 0.01500538 0.02388905
v 0.04250619 0.01516016 0.02144307
v 0.04200654 0.01564883 0.01909019
v 0.04119234 0.01645347 0.01692038
v 0.04009457 0.01754386 0.01501714
v 0.03882342 0.01887650 0.01342245
v 0.03729303 0.02040075 0.01225643
v 0.03562942 0.02205905 0.01153791
v 0.03785516 0.01806723 0.03412889
v 0.03879360 0.01653990 0.03271636
v 0.03954541 0.01525490 0.03088614
v 0.04020107 0.01428199 0.02872283
v 0.04061704 0.01367020 0.02635914
v 0.04076070 0.01345281 0.02390888
v 0.04063397 0.01363756 0.02145995
v 0.04024368 0.01421512 0.01910491
v 0.03960558 0.01516379 0.01693287
v 0.03874600 0.01644710 0.01502775
v 0.03777068 0.01801219 0.01342761
v 0.03656650 0.01980554 0.01226129
v 0.03526009 0.02175478 0.01154060
v 0.03390279 0.02378542 0.01128794
v 0.03662565 0.01742389 0.03414055
v 0.03719493 0.01573371 0.03275521
v 0.03770831 0.01430004 0.03091382
v 0.03818664 0.01321443 0.02873511
v 0.03848336 0.01253840 0.02637269
v 0.03858830 0.01229929 0.02392236
v 0.03850429 0.01250613 0.02147241
v 0.03823635 0.01315003 0.01911683
v 0.03779810 0.01420596 0.01694380
v 0.03729472 0.01562666 0.01500149
v 0.03656953 0.01736953 0.01343156
v 0.03573838 0.01936357 0.01226496
v 0.03483772 0.02152981 0.01154242
v 0.03528175 0.01702908 0.03414947
v 0.03550091 0.01523665 0.03277751
v 0.03575595 0.01370511 0.03092414
v 0.03601562 0.01255581 0.02874308
v 0.03617625 0.01184116 0.02638078
v 0.03623602 0.01158993 0.02392930
v 0.03619675 0.01181022 0.02147940
v 0.03606126 0.01249447 0.01912504
v 0.03584129 0.01361663 0.01695152
v 0.03563439 0.01512332 0.01500575
v 0.03526448 0.01697478 0.01343692
v 0.03483942 0.01909042 0.01226864
v 0.03437928 0.02139073 0.01154435
v 0.03390022 0.01689208 0.03415998
v 0.03377251 0.01506579 0.03278008
v 0.03373848 0.01350070 0.03092094
v 0.03376950 0.01233231 0.02874241
v 0.03378624 0.01160672 0.02638385
v 0.03379660 0.01135069 0.02392554
v 0.03380184 0.01157658 0.02148282
v 0.03380290 0.01227380 0.01912922
v 0.03379980 0.01341708 0.01695708
v 0.03390747 0.01495373 0.01501012
v 0.03390748 0.01684083 0.01343983
v 0.03390434 0.01899971 0.01227044
v 0.03390272 0.02134391 0.01154526
v 0.03253902 0.01703796 0.03415473
v 0.03205767 0.01522989 0.03277864
v 0.03174917 0.01369952 0.03089810
v 0.03153416 0.01255385 0.02873270
v 0.03140358 0.01184236 0.02637827
v 0.03136207 0.01159265 0.02393030
v 0.03141101 0.01181280 0.02148375
v 0.03154866 0.01249646 0.01913001
v 0.03187713 0.01360813 0.01692063
v 0.03218164 0.01512356 0.01501174
v 0.03254897 0.01697535 0.01344224
v 0.03296923 0.01909092 0.01227237
v 0.03342618 0.02139100 0.01154630
v 0.03123674 0.01744129 0.03414786
v 0.03041887 0.01573227 0.03276461
v 0.02982632 0.01429217 0.03088128
v 0.02938608 0.01321363 0.02872131
v 0.02911461 0.01254210 0.02637231
v 0.02902428 0.01230572 0.02392746
v 0.02911397 0.01251291 0.02148238
v 0.02938269 0.01315645 0.01912837
v 0.02992531 0.01420043 0.01692083
v 0.03052085 0.01562681 0.01501179
v 0.03124430 0.01737098 0.01344261
v 0.03207004 0.01936445 0.01227209
v 0.03296755 0.02153029 0.01154617
v 0.03004077 0.01809537 0.03414020
v 0.02894224 0.01655438 0.03274061
v 0.02805790 0.01525550 0.03086606
v 0.02740836 0.01428368 0.02871029
v 0.02700975 0.01367855 0.02636391
v 0.02687258 0.01346413 0.02392068
v 0.02700361 0.01364962 0.02147457
v 0.02739449 0.01422897 0.01912334
v 0.02812628 0.01516170 0.01691837
v 0.02898935 0.01644489 0.01501114
v 0.03004050 0.01801387 0.01344231
v 0.03124193 0.01980698 0.01227209
v 0.03254498 0.02175553 0.01154631
v 0.02896597 0.01896926 0.03414175
v 0.02762683 0.01766536 0.03273086
v 0.02650208 0.01655241 0.03085458
v 0.02567296 0.01572284 0.02870152
v 0.02516296 0.01520570 0.02635612
v 0.02498783 0.01502112 0.02391357
v 0.02515336 0.01517669 0.02146847
v 0.02573036 0.01565172 0.01908911
v 0.02654802 0.01645601 0.01691474
v 0.02764750 0.01754639 0.01500793
v 0.02898601 0.01887888 0.01343972
v 0.03051483 0.02040266 0.01227016
v 0.03217541 0.02205996 0.01154516
v 0.02809040 0.02003413 0.03414339
v 0.02653655 0.01901070 0.03272682
v 0.02521972 0.01812980 0.03085142
v 0.02424633 0.01747248 0.02869529
v 0.02364579 0.01706193 0.02634858
v 0.02343922 0.01691276 0.02390516
v 0.02363425 0.01703253 0.02145950
v 0.02422095 0.01741442 0.01910749
v 0.02525290 0.01803366 0.01690818
v 0.02654516 0.01888755 0.01500280
v 0.02812056 0.01993296 0.01343584
v 0.02991890 0.02112948 0.01226776
v 0.03187091 0.02242929 0.01154408
v 0.02744192 0.02124690 0.03414541
v 0.02573046 0.02054341 0.03271747
v 0.02426418 0.01992809 0.03084574
v 0.02318440 0.01946900 0.02868553
v 0.02251744 0.01917980 0.02633771
v 0.02228720 0.01907224 0.02389454
v 0.02250503 0.01914926 0.02145004
v 0.02316196 0.01940990 0.01909423
v 0.02428890 0.01983380 0.01690174
v 0.02572724 0.02041800 0.01499596
v 0.02747747 0.02113609 0.01343004
v 0.02947612 0.02195724 0.01226345
v 0.03164555 0.02285178 0.01154180
v 0.02703905 0.02256059 0.03414998
v 0.02522820 0.02220094 0.03271707
v 0.02367878 0.02187987 0.03083802
v 0.02253317 0.02164048 0.02867521
v 0.02182377 0.02148285 0.02632593
v 0.02158115 0.02141961 0.02388168
v 0.02180974 0.02144957 0.02143822
v 0.02250234 0.02157719 0.01908478
v 0.02369603 0.02178614 0.01689147
v 0.02522285 0.02207960 0.01498767
v 0.02708164 0.02244031 0.01342410
v 0.02920249 0.02285608 0.01225993
v 0.03150621 0.02331013 0.01153994
v -0.03446332 0.02410403 0.03681803
v -0.03602334 0.02410244 0.03633558
v -0.03745591 0.02410020 0.03555206
v -0.03865831 0.02410196 0.03455162
v -0.03442949 0.02442034 0.03681201
v -0.03595833 0.02472370 0.03632713
v -0.03736568 0.02500211 0.03555017
v -0.03854339 0.02523826 0.03455188
v -0.03434001 0.02472560 0.03681338
v -0.03578086 0.02532014 0.03633276
v -0.03710492 0.02586873 0.03555413
v -0.03821198 0.02632926 0.03455146
v -0.03419001 0.02500578 0.03681218
v -0.03548493 0.02587023 0.03632931
v -0.03667948 0.02666723 0.03555593
v -0.03767753 0.02733593 0.03455612
v -0.03398911 0.02525103 0.03681459
v -0.03509199 0.02635263 0.03633417
v -0.03610684 0.02736729 0.03555806
v -0.03695661 0.02821828 0.03455718
v -0.03374371 0.02545376 0.03681459
v -0.03460998 0.02674888 0.03633331
v -0.03540773 0.02794132 0.03555885
v -0.03607544 0.02893832 0.03455791
v -0.03346450 0.02560332 0.03681828
v -0.03406050 0.02704354 0.03633691
v -0.03460924 0.02836843 0.03555976
v -0.03507039 0.02947361 0.03455603
v -0.03315904 0.02569596 0.03681758
v -0.03346386 0.02722440 0.03633442
v -0.03374323 0.02863249 0.03555924
v -0.03397902 0.02980556 0.03455498
v -0.03284317 0.02572628 0.03681783
v -0.03284291 0.02728611 0.03633781
v -0.03284256 0.02872238 0.03556229
v -0.03284447 0.02992304 0.03455868
v -0.03252711 0.02569488 0.03681639
v -0.03222218 0.02722439 0.03633590
v -0.03194307 0.02863487 0.03556295
v -0.03171299 0.02981613 0.03456613
v -0.03222229 0.02560147 0.03681496
v -0.03162543 0.02704251 0.03633694
v -0.03107756 0.02837227 0.03556511
v -0.03062113 0.02949160 0.03457209
v -0.03194185 0.02545163 0.03681657
v -0.03107573 0.02674679 0.03633467
v -0.03027915 0.02794386 0.03556415
v -0.02961449 0.02895062 0.03457483
v -0.03169604 0.02524854 0.03681627
v -0.03059323 0.02635037 0.03633592
v -0.02957900 0.02736638 0.03556069
v -0.02872943 0.02822007 0.03456715
v -0.03149481 0.02500269 0.03681485
v -0.03019889 0.02586685 0.03633106
v -0.02900431 0.02666345 0.03555696
v -0.02800364 0.02733137 0.03456033
v -0.03134526 0.02472216 0.03681368
v -0.02990286 0.02531579 0.03633231
v -0.02857647 0.02586285 0.03555363
v -0.02746520 0.02632072 0.03455045
v -0.03125229 0.02441695 0.03681276
v -0.02972315 0.02471829 0.03632744
v -0.02831575 0.02499482 0.03554279
v -0.02713298 0.02522745 0.03454177
v -0.03122281 0.02410046 0.03681125
v -0.02966217 0.02409670 0.03632490
v -0.02822456 0.02409438 0.03554141
v -0.02701876 0.02409060 0.03453657
v -0.03125167 0.02378418 0.03681472
v -0.02972161 0.02347565 0.03632527
v -0.02831210 0.02319277 0.03553891
v -0.02712927 0.02295559 0.03453298
v -0.03134509 0.02347864 0.03681280
v -0.02990053 0.02287847 0.03632710
v -0.02857151 0.02232693 0.03554188
v -0.02745767 0.02186434 0.03453527
v -0.03149424 0.02319787 0.03681342
v -0.03019646 0.02232837 0.03632420
v -0.02899815 0.02152869 0.03554337
v -0.02799228 0.02085637 0.03454208
v -0.03169470 0.02295101 0.03681972
v -0.03058883 0.02184479 0.03633410
v -0.02957058 0.02082583 0.03555065
v -0.02871424 0.01997059 0.03454795
v -0.03194025 0.02274796 0.03681932
v -0.03107182 0.02144785 0.03633456
v -0.03027105 0.02024876 0.03555792
v -0.02960127 0.01924565 0.03455571
v -0.03221963 0.02259707 0.03682378
v -0.03162207 0.02115071 0.03634369
v -0.03107252 0.01981888 0.03556524
v -0.03061415 0.01870312 0.03456113
v -0.03252529 0.02250291 0.03682674
v -0.03221958 0.02096750 0.03634591
v -0.03194086 0.01955320 0.03556792
v -0.03170724 0.01836857 0.03456713
v -0.03284163 0.02247171 0.03682940
v -0.03284203 0.02090543 0.03635134
v -0.03284523 0.01946286 0.03557298
v -0.03285543 0.01825382 0.03456435
v -0.03315838 0.02250263 0.03682977
v -0.03346419 0.02096607 0.03635076
v -0.03374837 0.01955229 0.03557366
v -0.03399327 0.01836449 0.03457470
v -0.03346434 0.02259581 0.03683164
v -0.03406258 0.02114751 0.03635694
v -0.03461536 0.01981637 0.03557679
v -0.03508465 0.01869709 0.03457463
v -0.03374448 0.02274640 0.03683195
v -0.03461141 0.02144443 0.03635262
v -0.03541167 0.02024690 0.03557292
v -0.03608856 0.01924149 0.03457265
v -0.03399042 0.02295057 0.03683053
v -0.03509486 0.02184181 0.03635591
v -0.03610824 0.02082490 0.03557055
v -0.03696181 0.01997350 0.03456302
v -0.03419214 0.02319757 0.03682867
v -0.03548945 0.02232542 0.03635465
v -0.03668273 0.02152709 0.03557202
v -0.03767885 0.02086298 0.03455748
v -0.03284293 0.02410340 0.03698200
v -0.03434151 0.02348012 0.03682531
v -0.03578474 0.02287900 0.03635110
v -0.03710879 0.02232970 0.03556552
v -0.03821088 0.02187070 0.03455007
v -0.03443059 0.02378782 0.03682004
v -0.03596048 0.02347975 0.03633506
v -0.03736559 0.02320027 0.03555173
v -0.03854439 0.02296306 0.03455270
v -0.03983175 0.02410460 0.03369355
v -0.04164756 0.02410922 0.03224677
v -0.04320354 0.02411743 0.03035874
v -0.04436712 0.02411897 0.02820487
v -0.04508671 0.02411142 0.02585901
v -0.04533838 0.02409201 0.02342167
v -0.04510216 0.02407533 0.02097992
v -0.04439227 0.02405988 0.01863101
v -0.04323721 0.02404676 0.01646486
v -0.04168157 0.02403535 0.01456631
v -0.03978649 0.02402507 0.01300528
v -0.03762350 0.02401487 0.01184473
v -0.03532513 0.02396796 0.01113532
v -0.03969637 0.02546943 0.03369676
v -0.04147377 0.02582899 0.03224690
v -0.04299799 0.02614265 0.03035841
v -0.04413356 0.02636199 0.02819548
v -0.04484515 0.02649342 0.02585109
v -0.04508934 0.02652494 0.02340950
v -0.04485941 0.02646382 0.02096772
v -0.04416404 0.02631159 0.01862061
v -0.04303184 0.02607526 0.01645532
v -0.04150733 0.02576053 0.01455803
v -0.03964924 0.02538177 0.01299900
v -0.03752888 0.02495441 0.01183861
v -0.03527906 0.02444412 0.01113239
v -0.03929808 0.02678243 0.03370070
v -0.04096813 0.02749016 0.03224507
v -0.04240942 0.02808259 0.03035065
v -0.04347482 0.02851436 0.02818765
v -0.04414143 0.02878022 0.02583989
v -0.04437146 0.02886204 0.02339752
v -0.04415420 0.02875933 0.02095654
v -0.04349977 0.02847465 0.01860916
v -0.04243455 0.02802347 0.01644517
v -0.04099986 0.02741936 0.01454917
v -0.03925104 0.02668511 0.01299272
v -0.03730772 0.02580589 0.01184073
v -0.03514083 0.02490203 0.01112935
v -0.03865302 0.02799096 0.03370083
v -0.04015731 0.02901096 0.03223146
v -0.04144507 0.02985748 0.03033520
v -0.04240340 0.03049188 0.02817534
v -0.04300182 0.03088369 0.02582757
v -0.04320925 0.03101055 0.02338656
v -0.04301472 0.03086895 0.02094682
v -0.04242729 0.03046754 0.01860146
v -0.04146968 0.02981833 0.01643875
v -0.04017948 0.02894735 0.01454309
v -0.03860576 0.02788703 0.01298715
v -0.03680936 0.02667993 0.01182994
v -0.03491474 0.02532461 0.01112689
v -0.03778515 0.02904826 0.03369727
v -0.03906216 0.03033625 0.03222168
v -0.04015797 0.03141765 0.03032976
v -0.04096468 0.03221577 0.02816458
v -0.04147520 0.03272376 0.02581910
v -0.04165012 0.03289418 0.02337900
v -0.04148428 0.03272134 0.02093888
v -0.04098553 0.03221330 0.01859296
v -0.04017226 0.03139102 0.01643012
v -0.03907582 0.03028501 0.01453604
v -0.03773905 0.02893964 0.01298097
v -0.03626950 0.02735980 0.01183049
v -0.03461117 0.02569359 0.01112436
v -0.03672363 0.02991769 0.03368978
v -0.03773582 0.03141164 0.03222708
v -0.03858723 0.03269503 0.03033240
v -0.03922341 0.03364239 0.02816838
v -0.03961902 0.03423940 0.02581494
v -0.03975402 0.03444004 0.02337089
v -0.03962308 0.03423894 0.02093053
v -0.03923080 0.03364460 0.01858403
v -0.03859266 0.03267954 0.01642173
v -0.03773231 0.03138233 0.01452802
v -0.03668365 0.02980207 0.01297510
v -0.03554503 0.02795420 0.01182526
v -0.03424202 0.02599769 0.01112197
v -0.03551713 0.03054278 0.03368062
v -0.03621319 0.03220477 0.03222839
v -0.03679733 0.03364098 0.03033894
v -0.03723102 0.03470628 0.02816072
v -0.03750060 0.03536521 0.02580632
v -0.03759034 0.03558770 0.02336198
v -0.03750117 0.03536510 0.02092063
v -0.03723088 0.03470514 0.01857469
v -0.03679247 0.03363423 0.01641332
v -0.03620196 0.03219441 0.01452095
v -0.03554256 0.03040195 0.01296939
v -0.03471818 0.02839619 0.01182146
v -0.03381955 0.02622292 0.01112055
v -0.03420597 0.03094748 0.03367631
v -0.03455715 0.03271800 0.03222699
v -0.03485070 0.03424036 0.03033151
v -0.03506581 0.03535883 0.02814744
v -0.03519919 0.03605386 0.02579361
v -0.03524361 0.03628987 0.02335112
v -0.03519767 0.03605503 0.02091102
v -0.03506176 0.03535521 0.01856574
v -0.03484034 0.03421980 0.01640477
v -0.03454149 0.03269221 0.01451330
v -0.03423950 0.03079678 0.01296498
v -0.03381966 0.02866915 0.01181817
v -0.03336116 0.02636189 0.01111885
v -0.03284539 0.03109064 0.03367876
v -0.03282659 0.03289482 0.03220620
v -0.03281300 0.03442772 0.03029553
v -0.03280811 0.03556988 0.02812456
v -0.03280548 0.03627891 0.02577773
v -0.03280419 0.03652230 0.02334021
v -0.03280507 0.03628043 0.02089997
v -0.03280669 0.03556912 0.01855549
v -0.03281137 0.03441319 0.01639726
v -0.03287897 0.03283502 0.01450952
v -0.03288320 0.03093081 0.01296157
v -0.03288429 0.02876110 0.01181662
v -0.03288480 0.02640884 0.01111799
v -0.03149438 0.03096704 0.03370173
v -0.03109644 0.03271730 0.03219046
v -0.03076096 0.03418595 0.03024187
v -0.03054787 0.03532977 0.02809759
v -0.03041201 0.03603278 0.02576126
v -0.03036524 0.03627132 0.02332725
v -0.03041306 0.03603810 0.02088992
v -0.03055234 0.03534023 0.01854481
v -0.03077828 0.03420716 0.01637997
v -0.03115367 0.03266434 0.01450692
v -0.03152593 0.03079634 0.01296008
v -0.03194939 0.02866892 0.01181551
v -0.03240837 0.02636167 0.01111758
v -0.03017990 0.03060407 0.03371249
v -0.02944092 0.03222119 0.03218485
v -0.02881074 0.03357167 0.03021431
v -0.02838136 0.03466145 0.02808180
v -0.02811255 0.03532854 0.02575119
v -0.02802098 0.03555362 0.02331802
v -0.02811414 0.03533305 0.02088122
v -0.02838567 0.03467576 0.01853678
v -0.02889348 0.03360753 0.01639434
v -0.02949259 0.03216090 0.01450665
v -0.03022162 0.03040085 0.01296026
v -0.03105043 0.02839545 0.01181582
v -0.03194984 0.02622251 0.01111772
v -0.02897764 0.02993179 0.03371438
v -0.02792281 0.03139749 0.03218831
v -0.02702752 0.03262650 0.03022361
v -0.02639166 0.03359909 0.02808267
v -0.02599793 0.03419423 0.02574945
v -0.02586417 0.03439612 0.02331592
v -0.02599660 0.03419523 0.02087932
v -0.02638950 0.03360252 0.01853366
v -0.02709475 0.03264561 0.01639632
v -0.02796303 0.03134330 0.01450827
v -0.02901842 0.02975800 0.01296144
v -0.03022264 0.02795295 0.01181648
v -0.03152752 0.02599717 0.01111801
v -0.02790084 0.02905059 0.03369527
v -0.02658651 0.03030407 0.03219399
v -0.02546997 0.03136408 0.03025542
v -0.02465118 0.03217718 0.02809743
v -0.02414740 0.03267484 0.02575523
v -0.02397581 0.03284142 0.02331802
v -0.02414307 0.03266630 0.02088058
v -0.02464244 0.03216160 0.01853462
v -0.02551710 0.03135126 0.01640065
v -0.02662134 0.03024229 0.01451188
v -0.02796420 0.02889312 0.01296427
v -0.02949590 0.02735735 0.01181870
v -0.03115804 0.02569291 0.01111921
v -0.02702713 0.02798230 0.03369940
v -0.02549851 0.02897236 0.03221137
v -0.02418791 0.02981218 0.03028578
v -0.02322160 0.03044267 0.02811579
v -0.02262701 0.03082735 0.02576740
v -0.02242468 0.03095129 0.02332701
v -0.02262239 0.03080764 0.02088639
v -0.02320996 0.03040675 0.01853958
v -0.02422273 0.02977425 0.01640705
v -0.02552028 0.02890122 0.01451716
v -0.02709914 0.02783912 0.01296858
v -0.02890024 0.02663062 0.01182165
v -0.03085380 0.02532350 0.01112072
v -0.02637425 0.02676827 0.03369012
v -0.02468183 0.02745197 0.03221901
v -0.02322864 0.02803236 0.03030539
v -0.02215756 0.02845866 0.02813116
v -0.02149763 0.02871667 0.02578024
v -0.02127487 0.02879231 0.02333806
v -0.02149359 0.02868950 0.02089680
v -0.02214421 0.02840724 0.01854964
v -0.02325973 0.02797458 0.01641505
v -0.02470162 0.02737079 0.01452465
v -0.02645597 0.02663612 0.01297479
v -0.02845732 0.02580291 0.01182581
v -0.03062830 0.02490118 0.01112291
v -0.02597344 0.02545406 0.03368519
v -0.02417696 0.02579976 0.03222455
v -0.02263199 0.02609872 0.03032296
v -0.02149311 0.02630522 0.02815302
v -0.02079473 0.02642694 0.02580105
v -0.02056190 0.02645564 0.02335674
v -0.02080049 0.02638900 0.02091450
v -0.02150674 0.02622303 0.01857215
v -0.02266670 0.02602190 0.01642562
v -0.02419760 0.02570934 0.01453318
v -0.02606024 0.02533203 0.01298132
v -0.02818404 0.02490416 0.01183027
v -0.03048916 0.02444276 0.01112535
v -0.02583732 0.02408836 0.03367878
v -0.02399849 0.02408573 0.03222826
v -0.02242768 0.02408550 0.03033331
v -0.02126828 0.02406697 0.02816628
v -0.02055870 0.02404808 0.02581518
v -0.02031919 0.02402893 0.02337499
v -0.02056400 0.02400658 0.02093255
v -0.02130578 0.02400247 0.01860036
v -0.02246647 0.02399232 0.01643676
v -0.02402656 0.02398291 0.01454256
v -0.02592561 0.02397512 0.01298899
v -0.02809138 0.02396936 0.01183580
v -0.03044181 0.02396639 0.01112820
v -0.02596943 0.02272615 0.03367563
v -0.02416683 0.02236815 0.03223411
v -0.02262536 0.02205489 0.03034525
v -0.02149071 0.02181506 0.02818016
v -0.02079160 0.02165897 0.02583279
v -0.02055842 0.02159310 0.02338996
v -0.02079634 0.02162215 0.02094779
v -0.02150439 0.02174215 0.01859586
v -0.02266552 0.02196226 0.01644859
v -0.02419632 0.02225662 0.01455254
v -0.02605939 0.02261795 0.01299681
v -0.02818340 0.02303464 0.01184153
v -0.03048879 0.02348984 0.01113145
v -0.02636360 0.02141325 0.03367686
v -0.02466559 0.02071349 0.03224013
v -0.02321031 0.02010357 0.03036091
v -0.02214172 0.01964860 0.02819544
v -0.02148392 0.01935970 0.02584739
v -0.02126525 0.01925119 0.02340491
v -0.02149229 0.01932672 0.02096226
v -0.02215516 0.01958729 0.01861245
v -0.02325764 0.02000973 0.01646012
v -0.02469930 0.02059554 0.01456253
v -0.02645435 0.02131403 0.01300501
v -0.02845607 0.02213564 0.01184896
v -0.03062766 0.02303155 0.01113450
v -0.02700699 0.02020156 0.03368680
v -0.02547315 0.01918328 0.03225509
v -0.02417097 0.01830801 0.03036788
v -0.02320843 0.01765266 0.02820690
v -0.02261783 0.01724293 0.02585861
v -0.02242050 0.01709325 0.02341813
v -0.02262506 0.01721123 0.02097798
v -0.02325323 0.01758023 0.01863870
v -0.02421948 0.01821022 0.01647127
v -0.02551670 0.01906548 0.01457207
v -0.02709670 0.02011132 0.01301205
v -0.02889857 0.02130847 0.01185230
v -0.03085288 0.02260922 0.01113695
v -0.02787391 0.01913861 0.03369612
v -0.02656954 0.01784370 0.03226228
v -0.02546263 0.01673331 0.03037515
v -0.02464377 0.01590380 0.02821646
v -0.02414202 0.01538658 0.02587082
v -0.02397520 0.01520184 0.02343119
v -0.02414964 0.01535791 0.02099066
v -0.02469183 0.01582754 0.01865001
v -0.02551313 0.01663367 0.01648192
v -0.02661733 0.01772480 0.01458123
v -0.02796122 0.01905778 0.01301900
v -0.02949388 0.02058219 0.01185656
v -0.03115699 0.02224020 0.01113889
v -0.02893313 0.01826662 0.03370420
v -0.02790347 0.01674454 0.03227122
v -0.02703433 0.01544002 0.03038550
v -0.02639177 0.01446595 0.02822807
v -0.02599834 0.01386068 0.02588351
v -0.02586792 0.01364530 0.02344395
v -0.02600642 0.01383098 0.02100314
v -0.02644306 0.01439109 0.01866085
v -0.02709089 0.01533994 0.01649146
v -0.02795827 0.01662425 0.01458930
v -0.02901495 0.01819343 0.01302543
v -0.03022032 0.01998692 0.01186087
v -0.03152628 0.02193601 0.01114102
v -0.03288455 0.02396590 0.01089079
v -0.03013494 0.01761880 0.03371147
v -0.02942282 0.01592916 0.03228050
v -0.02882565 0.01448127 0.03039727
v -0.02838507 0.01339938 0.02824179
v -0.02811565 0.01272652 0.02589846
v -0.02802730 0.01248936 0.02345892
v -0.02812425 0.01269624 0.02101647
v -0.02840223 0.01333927 0.01866507
v -0.02888976 0.01437920 0.01649972
v -0.02948855 0.01580690 0.01459619
v -0.03021789 0.01755130 0.01303095
v -0.03104801 0.01954485 0.01186480
v -0.03194856 0.02171103 0.01114305
v -0.03144702 0.01721865 0.03371781
v -0.03106529 0.01542875 0.03229467
v -0.03076677 0.01389110 0.03041182
v -0.03054796 0.01274156 0.02825478
v -0.03041524 0.01202837 0.02591123
v -0.03037377 0.01177786 0.02347087
v -0.03042579 0.01199777 0.02102799
v -0.03056899 0.01268254 0.01867636
v -0.03084148 0.01378801 0.01650631
v -0.03115033 0.01530392 0.01460161
v -0.03152215 0.01715623 0.01303513
v -0.03194683 0.01927170 0.01186768
v -0.03240692 0.02157183 0.01114506
v -0.03281660 0.01707873 0.03372285
v -0.03275751 0.01526691 0.03231688
v -0.03278430 0.01369323 0.03042453
v -0.03279856 0.01252017 0.02826496
v -0.03280747 0.01179334 0.02591920
v -0.03281345 0.01153830 0.02348053
v -0.03281938 0.01176296 0.02103597
v -0.03282340 0.01246038 0.01868374
v -0.03287158 0.01358865 0.01651069
v -0.03287673 0.01513423 0.01460525
v -0.03287949 0.01702235 0.01303806
v -0.03288180 0.01918081 0.01187033
v -0.03288323 0.02152444 0.01114871
v -0.03419984 0.01721406 0.03371858
v -0.03447836 0.01544063 0.03232292
v -0.03481288 0.01389334 0.03042922
v -0.03505440 0.01274275 0.02826978
v -0.03520305 0.01202890 0.02592384
v -0.03525661 0.01177911 0.02348213
v -0.03521498 0.01200050 0.02103918
v -0.03507905 0.01268521 0.01868739
v -0.03485429 0.01380859 0.01651572
v -0.03460324 0.01530493 0.01460713
v -0.03423698 0.01715665 0.01303917
v -0.03381673 0.01927207 0.01187044
v -0.03335984 0.02157205 0.01114639
v -0.03552360 0.01761395 0.03371834
v -0.03616311 0.01593807 0.03231276
v -0.03677484 0.01448419 0.03042450
v -0.03722950 0.01340148 0.02826877
v -0.03751083 0.01272856 0.02592359
v -0.03760739 0.01249199 0.02348130
v -0.03752107 0.01270151 0.02103822
v -0.03725022 0.01334786 0.01868604
v -0.03680826 0.01440525 0.01651501
v -0.03626422 0.01580915 0.01460654
v -0.03554158 0.01755204 0.01303893
v -0.03471585 0.01954554 0.01187025
v -0.03381842 0.02171140 0.01114571
v -0.03673733 0.01826431 0.03372097
v -0.03772219 0.01674898 0.03230105
v -0.03858825 0.01544575 0.03041730
v -0.03923661 0.01447140 0.02826252
v -0.03963826 0.01386548 0.02591876
v -0.03977563 0.01365191 0.02347668
v -0.03964512 0.01384013 0.02103424
v -0.03925170 0.01442032 0.01868211
v -0.03861063 0.01537208 0.01651132
v -0.03779436 0.01662739 0.01460461
v -0.03674528 0.01819468 0.01303649
v -0.03554371 0.01998799 0.01186855
v -0.03424079 0.02193665 0.01114458
v -0.03779395 0.01914209 0.03371936
v -0.03907299 0.01785199 0.03229245
v -0.04017552 0.01674138 0.03041004
v -0.04099664 0.01591169 0.02825307
v -0.04150450 0.01539482 0.02591011
v -0.04167791 0.01521374 0.02346931
v -0.04150984 0.01537119 0.02102693
v -0.04100792 0.01586292 0.01867520
v -0.04019149 0.01667111 0.01650461
v -0.03909047 0.01776319 0.01459893
v -0.03779858 0.01905984 0.01303347
v -0.03627080 0.02058339 0.01186579
v -0.03461029 0.02224102 0.01114338
v -0.03865848 0.02021084 0.03370681
v -0.04017366 0.01919929 0.03227715
v -0.04147538 0.01832244 0.03039892
v -0.04244155 0.01766905 0.02824288
v -0.04303813 0.01726231 0.02589935
v -0.04324039 0.01711516 0.02346011
v -0.04304176 0.01723723 0.02101564
v -0.04245038 0.01762192 0.01866457
v -0.04148899 0.01825463 0.01649476
v -0.04019550 0.01911115 0.01459004
v -0.03866212 0.02011541 0.01302962
v -0.03686573 0.02131043 0.01186302
v -0.03491474 0.02261021 0.01114152
v -0.03929667 0.02142480 0.03369502
v -0.04098176 0.02073207 0.03225732
v -0.04243604 0.02013225 0.03038272
v -0.04351668 0.01967865 0.02823159
v -0.04417864 0.01939259 0.02588955
v -0.04440176 0.01928725 0.02344737
v -0.04418084 0.01936632 0.02100075
v -0.04352305 0.01963156 0.01864898
v -0.04245402 0.02006286 0.01648186
v -0.04101454 0.02064570 0.01458166
v -0.03926364 0.02136274 0.01301731
v -0.03730880 0.02213851 0.01185970
v -0.03514004 0.02303264 0.01113972
v -0.03969616 0.02273754 0.03369176
v -0.04148589 0.02238517 0.03225042
v -0.04302400 0.02208613 0.03036990
v -0.04416587 0.02186891 0.02821907
v -0.04487075 0.02171558 0.02587946
v -0.04510973 0.02164973 0.02343639
v -0.04487483 0.02168293 0.02098964
v -0.04417638 0.02180530 0.01864009
v -0.04304209 0.02201671 0.01647387
v -0.04151512 0.02230885 0.01457446
v -0.03965579 0.02266746 0.01301221
v -0.03758064 0.02303776 0.01185570
v -0.03527933 0.02349074 0.01113700
f 4 2 1
f 8 6 5
f 13 15 14
f 17 19 18
f 32 30 29
f 36 34 33
f 37 39 38
f 21 23 20
f 25 27 24
f 41 43 42
f 48 46 45
f 52 50 49
f 53 55 54
f 60 58 57
f 29 62 61
f 66 64 63
f 67 6 68
f 72 70 69
f 76 74 73
f 77 79 78
f 81 83 82
f 59 86 85
f 88 90 89
f 96 94 93
f 100 98 97
f 101 103 102
f 106 34 87
f 108 115 107
f 117 36 118
f 124 126 125
f 131 129 128
f 132 134 133
f 142 140 139
f 148 60 147
f 144 127 124
f 149 151 150
f 156 154 153
f 159 158 157
f 116 164 105
f 171 169 168
f 174 173 172
f 179 181 180
f 186 188 187
f 194 196 195
f 199 139 198
f 206 208 207
f 213 211 210
f 202 214 201
f 96 216 54
f 92 43 44
f 97 246 100
f 250 229 228
f 252 58 253
f 258 256 255
f 260 229 259
f 110 112 113
f 114 263 109
f 265 267 266
f 56 270 269
f 274 249 250
f 185 63 64
f 280 278 276
f 285 283 157
f 288 211 212
f 141 92 46
f 289 175 176
f 148 105 106
f 312 170 171
f 238 42 43
f 318 160 317
f 310 308 307
f 241 325 324
f 160 240 317
f 47 307 308
f 108 315 164
f 345 86 119
f 348 350 349
f 356 358 357
f 355 353 352
f 363 32 362
f 149 150 176
f 364 253 365
f 366 368 367
f 183 371 63
f 163 161 160
f 209 101 208
f 378 165 166
f 379 381 380
f 383 3 4
f 284 386 385
f 387 389 388
f 391 229 249
f 73 397 396
f 405 407 406
f 203 411 410
f 414 413 412
f 1 357 4
f 277 131 275
f 254 57 58
f 358 415 351
f 417 386 408
f 401 192 420
f 419 127 143
f 421 182 422
f 103 302 409
f 428 368 174
f 380 359 356
f 62 266 323
f 140 431 430
f 357 351 348
f 356 379 380
f 415 403 434
f 437 436 435
f 438 440 439
f 188 450 449
f 452 454 453
f 265 181 421
f 224 64 225
f 237 213 427
f 275 128 458
f 281 460 459
f 50 79 461
f 73 282 281
f 468 466 465
f 390 352 359
f 482 484 483
f 489 487 486
f 493 495 494
f 472 470 469
f 502 500 499
f 220 222 223
f 512 143 66
f 518 511 80
f 513 230 286
f 205 31 244
f 189 451 188
f 163 532 8
f 533 225 251
f 446 447 412
f 335 540 334
f 544 546 545
f 329 291 292
f 199 262 238
f 385 416 550
f 532 191 247
f 363 118 243
f 236 237 250
f 578 580 579
f 573 571 570
f 561 562 272
f 241 259 240
f 590 592 591
f 545 595 594
f 503 155 504
f 606 624 623
f 478 480 479
f 646 648 647
f 590 689 684
f 564 651 650
f 728 184 727
f 714 716 715
f 692 575 693
f 541 581 578
f 346 248 400
f 161 230 160
f 128 94 95
f 698 704 703
f 574 576 575
f 290 401 328
f 630 725 726
f 733 735 734
f 755 496 493
f 759 481 760
f 757 762 761
f 764 466 467
f 768 3808 3809
f 759 488 489
f 492 475 771
f 474 769 473
f 773 465 772
f 771 486 483
f 484 775 491
f 774 489 486
f 495 764 756
f 495 761 494
f 137 784 136
f 325 797 547
f 165 51 52
f 369 29 370
f 730 568 569
f 90 301 89
f 243 516 242
f 800 806 805
f 817 808 816
f 816 823 822
f 306 447 807
f 815 809 808
f 829 828 825
f 726 501 502
f 274 424 423
f 879 881 880
f 884 879 885
f 219 217 211
f 906 904 897
f 455 205 542
f 898 830 829
f 903 880 881
f 906 897 898
f 377 519 165
f 923 948 946
f 946 951 950
f 3519 739 3517
f 900 886 880
f 225 65 144
f 182 442 422
f 809 947 824
f 954 962 961
f 927 965 966
f 885 880 886
f 925 966 967
f 343 341 340
f 965 971 968
f 968 970 969
f 972 969 973
f 963 981 978
f 336 338 339
f 992 827 828
f 810 996 959
f 1007 1002 1008
f 1012 827 1009
f 1011 1007 1008
f 294 292 291
f 907 920 919
f 1017 1019 1018
f 1020 1022 1021
f 1035 1020 1044
f 1061 1047 1046
f 1063 1046 1062
f 1044 1021 1045
f 1102 1097 1109
f 1116 1118 1117
f 1016 1014 1013
f 881 904 903
f 816 1127 817
f 1094 949 1097
f 514 167 515
f 146 81 82
f 1133 1130 1129
f 1102 1126 822
f 822 1116 816
f 1145 1148 1136
f 1076 1151 1069
f 1148 1086 1087
f 1109 1114 1136
f 1154 1156 1155
f 1153 967 1156
f 3464 463 3714
f 1144 1152 1151
f 1156 1163 1162
f 1164 1169 1165
f 1145 1176 1147
f 1114 1154 1171
f 1183 1164 1177
f 1184 1177 1185
f 1069 1062 1064
f 1023 1194 1022
f 1162 1170 1169
f 1195 1185 1191
f 1183 1176 1155
f 1201 1152 1196
f 1061 1201 1202
f 3825 843 3836
f 1203 1195 1034
f 1202 1184 1195
f 1218 1203 1217
f 1060 1202 1203
f 1225 1217 1219
f 671 694 670
f 1219 1024 1035
f 1217 1034 1024
f 1226 1015 1227
f 1243 1234 1233
f 1231 1229 1228
f 847 1233 843
f 843 1244 878
f 1233 1245 1244
f 1923 233 216
f 2100 499 500
f 3914 2135 3900
f 61 323 505
f 210 217 457
f 1299 1309 1300
f 3863 1231 3862
f 1066 1321 1322
f 1322 1228 1229
f 1060 1321 1047
f 1325 1323 1310
f 1244 1332 1330
f 1290 1242 1288
f 1337 1339 1338
f 1330 1340 1339
f 1341 1245 1294
f 1342 1332 1341
f 1343 1341 1344
f 1344 1294 1293
f 3857 1345 1346
f 1347 1342 1343
f 3856 1295 1345
f 1349 1348 1347
f 3861 1347 3853
f 3853 1343 3857
f 906 829 1353
f 905 1353 1354
f 865 1355 1357
f 1355 829 825
f 1357 825 826
f 1356 1353 1355
f 3834 1338 3833
f 866 1356 865
f 1358 1354 1356
f 3828 1337 3834
f 838 1012 841
f 1363 1338 1339
f 1368 1339 1340
f 1348 1340 1342
f 1371 3824 3829
f 524 526 523
f 528 530 527
f 1372 1369 1371
f 535 537 538
f 1367 1348 1350
f 1370 1359 1369
f 1369 3833 3824
f 1373 903 904
f 555 557 558
f 1374 910 1373
f 1373 905 1375
f 1374 1375 1376
f 1375 1354 1370
f 1378 908 1377
f 376 651 1387
f 1388 973 969
f 586 588 585
f 1390 1388 1391
f 1391 969 970
f 597 599 596
f 600 602 603
f 1392 970 979
f 608 610 607
f 612 523 611
f 614 616 613
f 617 25 24
f 620 622 619
f 1397 1391 1392
f 1398 1392 1399
f 1400 920 1378
f 1402 1165 1169
f 636 638 635
f 930 1402 929
f 641 643 644
f 929 1169 1170
f 1404 1403 1402
f 1411 1365 1406
f 1412 1415 1414
f 652 654 655
f 609 657 658
f 659 661 662
f 558 586 585
f 665 667 664
f 1413 1406 1412
f 1418 3810 3813
f 1417 1371 1416
f 1416 3829 3810
f 1419 1416 1418
f 1386 1374 1420
f 677 679 676
f 1385 1420 1421
f 1420 1376 1422
f 685 687 688
f 1421 1422 1423
f 528 691 658
f 1422 1372 1417
f 1018 747 1425
f 699 701 702
f 1424 579 1017
f 3663 1767 3660
f 700 711 712
f 1093 3754 1571
f 717 530 719
f 721 723 720
f 704 3543 3554
f 19 1426 1430
f 1429 1427 1426
f 1658 3542 3544
f 1439 1434 1438
f 1437 1435 1434
f 1426 1433 1432
f 1442 1432 1440
f 742 744 745
f 1432 1441 1440
f 751 753 750
f 1438 1403 1405
f 1446 1444 1443
f 1447 1446 1443
f 3860 1443 3848
f 1415 1445 1446
f 1414 1446 1448
f 2173 469 470
f 777 779 686
f 780 782 783
f 1676 1806 1675
f 3859 1349 3861
f 789 791 788
f 745 793 742
f 652 795 653
f 1455 1457 1456
f 1454 1350 1452
f 610 802 801
f 3831 698 703
f 1352 1045 1351
f 1015 1459 1460
f 811 813 814
f 2118 3817 2117
f 819 821 818
f 1466 1194 1190
f 1467 1465 1466
f 1182 1468 1467
f 832 833 831
f 835 837 834
f 1467 1190 1182
f 1469 1444 1445
f 840 712 690
f 1453 1469 1454
f 599 845 846
f 1226 3849 3855
f 851 853 850
f 855 856 854
f 858 860 857
f 861 863 864
f 1014 3855 3858
f 867 868 869
f 870 872 873
f 874 876 877
f 1310 1471 1309
f 1476 1427 1475
f 1461 1475 1460
f 887 889 890
f 788 892 891
f 894 896 893
f 1460 1227 1015
f 901 524 612
f 1465 1477 1464
f 1865 3500 1864
f 911 913 914
f 916 918 915
f 1850 3507 1851
f 921 895 894
f 1479 1436 1478
f 926 667 601
f 1481 563 1480
f 269 84 1482
f 931 933 916
f 934 614 869
f 936 688 937
f 938 662 939
f 1484 122 123
f 941 835 834
f 320 509 510
f 1849 3505 1850
f 84 1484 83
f 1487 1488 539
f 1757 3502 3509
f 365 1491 364
f 461 80 511
f 117 362 1496
f 1494 541 1495
f 926 957 958
f 1477 1433 1476
f 1709 1585 1700
f 119 1496 345
f 271 504 156
f 511 189 186
f 345 1492 365
f 255 344 254
f 57 299 132
f 1501 268 1500
f 267 1499 145
f 974 976 977
f 1678 1693 1676
f 3846 1807 3840
f 557 663 558
f 983 984 985
f 1443 3849 3848
f 421 268 265
f 989 991 988
f 1490 418 1504
f 279 309 310
f 997 676 679
f 998 999 875
f 1504 38 1505
f 1506 1507 1486
f 360 1508 1506
f 1506 207 360
f 939 1006 938
f 270 1483 269
f 66 546 512
f 1010 793 935
f 367 437 1509
f 244 363 243
f 1670 3534 1669
f 209 1510 226
f 235 1512 1511
f 1511 234 235
f 388 426 425
f 427 250 237
f 161 521 231
f 100 45 44
f 1025 608 1027
f 1029 1031 1028
f 939 1033 1032
f 41 594 99
f 1036 783 1037
f 702 1038 1039
f 1040 1042 1043
f 362 369 1493
f 187 477 186
f 70 539 198
f 1511 1521 234
f 1049 603 1048
f 613 869 614
f 860 1051 857
f 1005 1053 1006
f 753 1056 1054
f 1057 1059 1055
f 293 1522 292
f 288 1521 1522
f 292 1523 329
f 331 1508 1524
f 306 453 305
f 100 41 99
f 462 78 79
f 330 1524 462
f 635 1068 636
f 1485 1526 1528
f 206 1528 1510
f 1070 1072 831
f 942 1073 1074
f 916 1075 917
f 440 1530 439
f 157 1514 285
f 1529 5 1530
f 371 546 63
f 790 663 791
f 1077 857 1078
f 1403 1435 1165
f 1080 1082 1079
f 531 1529 440
f 21 1084 1085
f 272 1531 561
f 137 396 397
f 690 802 691
f 335 3567 581
f 1090 1029 1091
f 1092 794 1042
f 1533 137 138
f 661 1095 1096
f 69 445 72
f 1099 1101 1098
f 38 1536 1505
f 1104 1106 1103
f 852 1108 853
f 1377 909 1386
f 291 411 294
f 316 516 33
f 539 1533 534
f 1505 316 313
f 1110 1112 1113
f 1539 460 264
f 522 1537 1539
f 834 1120 1119
f 1122 1124 1121
f 612 1041 901
f 935 615 614
f 276 130 131
f 1686 3522 1685
f 193 1541 273
f 231 1540 287
f 556 982 557
f 365 85 345
f 190 318 1541
f 1810 3574 3528
f 3924 3512 3791
f 1132 985 1131
f 208 102 132
f 1134 662 661
f 1491 80 77
f 429 1542 147
f 1137 915 918
f 172 428 174
f 1139 1141 1142
f 549 54 55
f 1517 1518 296
f 976 1146 938
f 834 984 941
f 1543 286 115
f 1544 239 513
f 133 1544 1542
f 506 257 258
f 420 328 401
f 1158 1160 1157
f 587 1103 588
f 1513 1514 151
f 607 1027 608
f 304 1545 303
f 364 77 506
f 69 198 139
f 1006 976 938
f 700 1112 701
f 3877 3525 3787
f 1166 657 656
f 1167 858 1077
f 1300 3524 1299
f 1172 1174 1175
f 218 200 217
f 1179 1181 1178
f 372 97 98
f 89 227 88
f 1186 1188 1189
f 172 1517 1549
f 1482 81 1498
f 1090 1193 1030
f 394 353 1551
f 526 1198 1197
f 811 858 812
f 1199 1026 1025
f 606 697 696
f 1204 1206 743
f 1207 523 526
f 1209 867 613
f 914 685 936
f 1478 1441 1477
f 1029 1161 1091
f 1211 1213 1214
f 3858 1451 3859
f 844 1216 845
f 423 273 274
f 1220 1222 1083
f 22 1224 23
f 882 897 881
f 1519 173 387
f 1189 1232 1178
f 349 550 416
f 1071 1236 1072
f 1237 1239 745
f 1221 1189 1240
f 1510 1512 333
f 939 1241 1005
f 1556 5 67
f 1553 394 1551
f 404 67 347
f 1247 1249 1246
f 142 238 92
f 1251 635 1250
f 850 1253 851
f 1254 1077 1255
f 57 133 429
f 443 552 551
f 1187 1175 1188
f 1256 831 833
f 432 382 383
f 741 747 746
f 434 351 415
f 349 383 348
f 251 1481 1480
f 395 352 353
f 1518 1550 1551
f 1558 378 340
f 109 314 315
f 285 1513 407
f 395 393 392
f 202 410 1558
f 417 405 432
f 1246 1258 1247
f 3 297 2
f 1259 1261 1262
f 403 347 284
f 955 953 952
f 462 51 330
f 1096 687 1263
f 429 60 57
f 896 1265 932
f 1267 1268 1266
f 423 327 420
f 37 180 40
f 20 1187 1186
f 1256 1071 1070
f 155 156 504
f 1188 1269 1232
f 1236 1271 1262
f 1272 535 621
f 565 463 464
f 1273 745 1239
f 876 1255 1274
f 316 164 315
f 437 503 1509
f 194 1495 197
f 1275 864 863
f 624 631 630
f 1277 1137 1278
f 569 567 566
f 1481 125 366
f 324 547 326
f 1279 1107 1280
f 1525 329 1523
f 1281 1137 918
f 171 1553 1552
f 1488 396 1533
f 1557 1562 1559
f 1282 1206 1205
f 1053 1278 1281
f 778 607 1283
f 713 3566 3569
f 251 144 124
f 4 348 383
f 709 707 706
f 728 45 246
f 261 1563 544
f 789 1287 790
f 74 263 282
f 403 385 434
f 1178 1240 1189
f 1223 1289 1224
f 158 150 151
f 1220 1186 1221
f 296 354 433
f 784 1538 1566
f 1181 1291 1222
f 1269 1257 1246
f 1566 438 399
f 136 1566 1564
f 1563 169 1565
f 107 109 108
f 1297 1298 1296
f 1464 1476 1461
f 1520 507 508
f 1301 1303 1304
f 1306 1308 1305
f 175 1532 272
f 1532 200 201
f 1311 1312 1313
f 872 1315 1316
f 1317 1318 1319
f 3836 878 3828
f 1305 864 1276
f 1040 863 1320
f 1564 399 169
f 592 1575 591
f 591 1088 689
f 1581 1583 1582
f 1196 1147 1176
f 710 583 713
f 285 408 386
f 953 961 963
f 1594 1589 1593
f 1585 1587 1586
f 1592 1590 1589
f 3885 944 3899
f 1600 1598 1597
f 1604 1602 1601
f 1399 979 980
f 1589 1596 1595
f 1610 1608 1607
f 298 361 360
f 551 276 277
f 1627 3814 3819
f 859 818 860
f 1078 1328 1329
f 1555 1530 1556
f 572 680 681
f 772 776 774
f 977 918 917
f 404 392 393
f 1054 750 753
f 1644 1643 1642
f 932 1082 933
f 1067 1334 1068
f 1540 264 114
f 597 643 1336
f 471 762 470
f 1642 3831 3842
f 1644 3842 3843
f 923 950 927
f 96 548 95
f 520 522 521
f 445 443 442
f 849 848 842
f 480 755 493
f 1646 481 1639
f 311 1567 170
f 464 3497 3495
f 3497 1361 3495
f 234 236 235
f 190 192 191
f 153 152 149
f 231 286 230
f 1552 1551 1550
f 760 1648 488
f 3832 1649 3830
f 828 826 825
f 52 166 165
f 1663 1661 1660
f 287 115 286
f 668 670 669
f 634 640 639
f 553 559 554
f 118 33 516
f 492 491 490
f 3552 1651 3553
f 582 584 583
f 384 392 415
f 1381 1383 1380
f 1562 435 436
f 952 951 947
f 3529 583 584
f 1660 1667 1666
f 1394 1396 1393
f 1660 1664 1663
f 1671 1669 1668
f 1624 1673 1672
f 1407 1409 1410
f 1677 1675 1674
f 1613 1677 1625
f 1679 1676 1677
f 1626 3811 3814
f 534 198 539
f 176 150 159
f 803 734 800
f 400 191 192
f 65 143 144
f 3526 1656 3540
f 402 157 283
f 629 627 626
f 461 49 50
f 758 495 756
f 796 786 785
f 406 1513 1560
f 342 166 167
f 1694 1658 1695
f 1692 1694 1696
f 3557 1652 3552
f 3921 1703 3923
f 326 302 90
f 3916 1702 1706
f 3919 1698 1701
f 1699 3927 3918
f 1557 1560 1561
f 1127 1117 1128
f 400 289 346
f 1706 1707 1708
f 1707 1599 1600
f 1709 1708 1588
f 1714 1711 1713
f 3919 1709 1700
f 1704 1577 1703
f 1716 1713 1715
f 1559 1549 297
f 1722 1720 1719
f 1335 596 1489
f 410 377 378
f 973 1163 972
f 168 399 398
f 1571 1089 1093
f 1572 682 1571
f 749 647 754
f 1730 1723 1729
f 1594 1729 1592
f 1729 1591 1592
f 1731 1730 1583
f 1384 1377 1379
f 1732 1712 1714
f 1724 1731 1732
f 1712 1731 1580
f 1722 1732 1733
f 1721 1733 1734
f 1734 1716 1717
f 1735 1736 1697
f 1733 1714 1716
f 1663 1741 1668
f 1742 1740 1743
f 1738 1737 1735
f 1665 1666 1740
f 1665 1744 1664
f 1725 1746 1745
f 1591 1745 1590
f 1590 1747 1596
f 1745 1748 1747
f 1659 3538 3542
f 3287 3545 3282
f 1185 1182 1190
f 1664 1749 1741
f 1741 1739 1738
f 1746 1743 1748
f 1726 1742 1746
f 1153 924 925
f 1115 1153 1154
f 1654 3575 1655
f 1896 3549 1686
f 1720 1744 1726
f 1721 1749 1720
f 1750 1701 1698
f 1697 1750 1696
f 1151 1063 1062
f 1751 1670 1671
f 1695 1752 1751
f 961 986 981
f 1770 1768 1767
f 1766 1593 1765
f 1731 1579 1580
f 1579 1774 1578
f 3928 1771 3929
f 1764 3928 3917
f 1777 1775 1774
f 3762 1699 1700
f 1004 1128 1003
f 1774 1771 1772
f 987 1399 980
f 1578 1772 1764
f 1783 1781 1778
f 1597 1770 1767
f 639 3895 3884
f 3928 1769 1770
f 1793 1789 1788
f 3929 1798 1769
f 3508 3773 1806
f 1802 3924 3922
f 1788 1794 1793
f 1793 1795 1776
f 3773 1675 1806
f 1584 1783 1789
f 1771 3920 3929
f 1801 1798 1800
f 1768 1798 1799
f 1775 1797 1771
f 508 515 1520
f 1796 1802 1797
f 1800 3920 3922
f 1794 1804 1795
f 3532 1752 3547
f 485 1807 775
f 3809 1640 768
f 3837 1810 1653
f 485 1640 1808
f 1690 3770 3772
f 487 1648 1811
f 3839 1816 3822
f 3838 1648 3830
f 3839 1811 3838
f 1812 487 1811
f 1641 767 768
f 465 755 776
f 767 3823 3808
f 3822 3826 3847
f 1809 1815 767
f 3837 1651 3840
f 675 3541 3496
f 1814 1822 1821
f 1821 3821 3820
f 1824 1649 1825
f 1827 1850 1805
f 1668 1662 1663
f 1779 1848 1828
f 1790 1805 1794
f 1833 1853 1852
f 3521 693 575
f 1614 1616 1617
f 1852 3498 3501
f 1620 1622 1623
f 1855 1574 1861
f 1847 3501 3513
f 1766 1855 1782
f 1629 1631 1628
f 1633 1634 1632
f 1635 1637 1638
f 1848 1852 1847
f 1855 1863 1862
f 1803 1867 1802
f 1862 1831 1832
f 1782 1862 1781
f 3922 1865 1800
f 1873 1870 1869
f 1874 799 804
f 2045 3897 2044
f 1219 1295 1225
f 1615 1396 1395
f 3884 1877 1876
f 645 3786 3559
f 1345 1035 1346
f 634 3884 3880
f 15 1327 14
f 3910 1878 1893
f 1894 605 1893
f 3506 627 693
f 3560 645 3559
f 340 454 1558
f 1897 195 1898
f 1889 1877 1890
f 1901 129 1900
f 196 754 232
f 1705 3921 3916
f 340 166 343
f 1570 563 561
f 1904 194 1897
f 1781 1832 1780
f 1905 55 1906
f 1000 995 996
f 986 920 987
f 1191 1190 1194
f 2094 2075 2093
f 1920 1919 1915
f 453 1912 1911
f 1915 1918 1916
f 3882 2106 3901
f 1655 3531 1868
f 1916 1926 1925
f 704 3561 703
f 278 1925 1900
f 3565 1818 1820
f 1097 1115 1114
f 1927 727 1923
f 3578 3654 3758
f 1920 307 1929
f 1929 48 728
f 503 1497 1509
f 1902 787 796
f 1816 3820 3826
f 1925 1923 1924
f 1535 1568 1534
f 254 258 255
f 1509 366 367
f 119 35 36
f 219 293 294
f 141 47 431
f 542 244 245
f 1940 430 431
f 1779 1827 1790
f 1701 3915 3919
f 1661 3515 1667
f 270 754 647
f 197 749 196
f 1727 1212 1211
f 53 232 754
f 1465 1479 1478
f 1284 3854 1293
f 1951 412 413
f 168 1554 1553
f 1486 206 207
f 506 78 361
f 994 1007 993
f 951 963 964
f 1013 3861 1351
f 3826 1820 1818
f 1498 1954 1482
f 299 543 132
f 1754 1756 1753
f 1681 1683 1682
f 1696 1695 1697
f 13 738 737
f 473 475 474
f 482 768 1640
f 204 30 205
f 1761 820 819
f 611 1125 612
f 1501 1908 1909
f 1074 711 699
f 1960 82 83
f 120 1960 123
f 35 87 34
f 1773 1025 1031
f 1965 1569 1535
f 494 471 479
f 1966 1969 1968
f 446 1971 1967
f 174 125 126
f 1580 1578 1577
f 1785 1787 1784
f 1972 304 305
f 1254 875 999
f 1973 342 514
f 321 1973 509
f 1910 275 1907
f 509 514 508
f 1486 1527 1485
f 1974 804 1975
f 1977 1974 1978
f 1980 1966 1981
f 379 2 295
f 1718 1710 1701
f 884 992 883
f 1680 1678 1679
f 902 525 524
f 344 256 299
f 135 137 136
f 236 228 333
f 448 1967 1966
f 589 604 584
f 910 908 907
f 1981 1968 1987
f 1982 1987 1979
f 1988 1987 1989
f 1990 1989 1991
f 1991 1993 1992
f 322 320 319
f 992 830 883
f 1144 1086 1143
f 1995 1978 1994
f 1133 1118 1126
f 1997 1994 1996
f 870 1335 1489
f 805 1982 1998
f 727 2000 1999
f 1996 1988 1990
f 1994 1979 1988
f 1829 792 1273
f 1830 941 983
f 798 800 799
f 729 731 730
f 2011 2023 2022
f 1834 846 1159
f 402 284 347
f 2022 2024 2025
f 1838 989 988
f 810 952 809
f 1823 1840 644
f 1430 1432 1431
f 1215 1841 1079
f 149 176 177
f 1316 873 872
f 2112 1384 2106
f 1842 1844 1845
f 1159 845 1160
f 837 1846 1120
f 1971 2030 2027
f 517 370 189
f 858 833 812
f 1471 2027 1888
f 3551 626 627
f 2174 770 490
f 935 1854 1010
f 1613 1611 1618
f 1231 1225 1295
f 1856 891 892
f 1300 748 741
f 1150 1858 1859
f 1643 696 1642
f 1215 1264 1216
f 1320 902 901
f 1956 1944 1960
f 2031 669 1474
f 2034 1310 1299
f 1879 1656 1657
f 40 242 39
f 1992 2039 1456
f 888 957 889
f 1882 1996 1990
f 1078 1255 1077
f 1871 1192 1090
f 294 218 219
f 1323 2026 1471
f 123 83 1484
f 1324 2041 1323
f 384 359 352
f 1324 2038 2036
f 1883 1885 1829
f 287 114 107
f 1096 1134 661
f 915 931 916
f 806 1981 1982
f 3533 584 604
f 1425 2042 1018
f 1018 1948 1017
f 3562 740 3519
f 1948 649 646
f 1881 1990 1991
f 1900 130 278
f 992 994 993
f 923 925 924
f 3878 2047 3876
f 1643 625 606
f 2050 2051 2049
f 2045 1404 2047
f 3876 945 3885
f 1139 1079 1841
f 1037 892 982
f 2055 2057 2056
f 1198 718 717
f 1619 1612 1611
f 2058 1606 2059
f 2059 1607 2058
f 2058 1624 1605
f 71 179 37
f 405 1557 382
f 976 1006 977
f 322 1972 1911
f 2061 2063 2062
f 2066 2067 1825
f 2052 2064 2051
f 1609 2066 1647
f 1515 152 1516
f 1009 993 1007
f 1644 3815 2118
f 279 1916 278
f 1285 3862 1284
f 1647 1825 1649
f 2056 2067 2065
f 319 1953 1952
f 667 1913 1914
f 2070 625 2048
f 2052 2055 2063
f 2038 1655 1458
f 1606 2073 2072
f 1235 1270 1236
f 2072 2075 2074
f 2059 2072 2062
f 2074 2077 2076
f 1601 2078 2073
f 2049 1643 1645
f 1000 1001 994
f 1089 684 689
f 1931 1306 1930
f 1462 1021 1022
f 1932 1934 1935
f 875 1846 998
f 1936 1937 1938
f 44 46 92
f 1534 1956 120
f 1541 317 391
f 2081 2084 2083
f 146 1959 300
f 1360 1942 1361
f 985 1032 1033
f 1995 1892 2043
f 2079 2082 2081
f 2095 2076 2077
f 2081 2078 2079
f 2055 2054 2053
f 501 2095 500
f 2097 2099 2098
f 2098 2094 2083
f 2140 3893 3866
f 2141 3894 3893
f 2051 2048 2049
f 592 2101 1576
f 2071 2076 2096
f 2102 2098 2101
f 593 2102 592
f 1019 746 747
f 1950 12 1327
f 725 2096 501
f 1385 2104 1379
f 1379 2106 1384
f 2107 2100 2097
f 3908 502 3896
f 3896 499 3901
f 940 2109 944
f 928 1170 973
f 3868 684 3899
f 1962 1964 1961
f 3878 573 3897
f 2039 1968 1969
f 1389 2110 2109
f 1398 2113 1397
f 3757 3753 3743
f 3911 2107 2103
f 949 924 1115
f 260 324 326
f 1390 2113 2110
f 2070 2064 2071
f 3867 2103 593
f 2105 1421 2114
f 2114 1423 2115
f 3892 2115 3903
f 3908 2114 3892
f 554 1902 553
f 972 967 966
f 1765 1573 1574
f 1984 1986 1983
f 2053 2069 2057
f 3573 724 714
f 1625 1674 1673
f 3881 2119 2122
f 3903 2123 3904
f 56 1906 55
f 626 3879 629
f 2001 2003 2004
f 3912 2127 3907
f 2006 2008 2009
f 2127 1412 2128
f 2014 2016 2017
f 2018 2020 2021
f 1495 1947 197
f 1379 1386 1385
f 3814 1680 1618
f 2029 1884 2028
f 3902 2120 3887
f 629 3914 3872
f 682 943 1089
f 724 2121 716
f 1757 3821 3845
f 765 3844 3809
f 3851 715 3852
f 706 3870 3872
f 981 987 980
f 1457 1656 1880
f 2017 2032 2033
f 1458 1868 1457
f 1776 1792 1793
f 1959 1946 1958
f 3663 3725 3661
f 3913 2122 3850
f 1093 689 1088
f 966 968 972
f 3852 3881 3913
f 2172 2170 2171
f 670 2137 669
f 3761 1903 233
f 1429 28 1449
f 964 978 971
f 3841 1413 2127
f 1473 669 2137
f 3834 1359 1358
f 2138 1870 2137
f 1872 2137 1870
f 715 3888 3881
f 1881 1992 1880
f 3843 739 740
f 1837 3513 3514
f 253 59 85
f 1808 3840 1807
f 1647 3818 1609
f 3865 671 668
f 2112 3883 2111
f 1405 2044 1438
f 3829 1364 1366
f 273 391 249
f 576 3520 3555
f 3875 668 2031
f 1430 2140 2139
f 2136 3860 28
f 1430 18 19
f 3893 570 695
f 1442 2046 2141
f 1431 2141 2140
f 3869 3850 2136
f 3808 1817 766
f 3866 695 671
f 2142 798 2138
f 571 2142 694
f 3819 1618 1611
f 2143 2025 2142
f 694 2138 670
f 681 2144 572
f 2144 2022 2143
f 328 457 290
f 1572 2011 2144
f 630 3903 624
f 2085 2087 2088
f 2090 2092 2089
f 572 2143 571
f 1875 2153 2149
f 1873 2149 2154
f 2103 2097 2102
f 2157 2155 2156
f 2128 1414 2120
f 3874 589 582
f 3872 628 629
f 2149 2158 2159
f 2159 3905 3890
f 698 3902 705
f 3823 3827 1817
f 2158 3874 3905
f 1438 2046 1439
f 2035 2160 2161
f 2161 3889 3886
f 3871 605 589
f 3873 18 3875
f 370 61 451
f 649 413 648
f 2153 2156 2158
f 1428 1449 1450
f 1490 73 1488
f 3890 710 633
f 2155 3891 3871
f 1456 1880 1992
f 2125 2087 2124
f 2160 3890 3889
f 300 505 323
f 1064 1046 1065
f 2043 1891 2155
f 2129 2004 2003
f 2131 2133 2134
f 3848 1450 1449
f 1998 804 805
f 3879 3864 3914
f 474 490 770
f 1164 1182 1177
f 707 3909 3870
f 708 2162 707
f 2162 3886 3909
f 548 1905 458
f 1145 1114 1171
f 705 1650 704
f 2043 1977 1995
f 737 554 559
f 1034 1191 1023
f 458 1907 275
f 195 232 233
f 2040 1969 1970
f 2145 2147 2148
f 2054 2049 1645
f 3832 1639 3818
f 9 11 10
f 252 506 258
f 472 479 471
f 1865 3791 3503
f 900 910 907
f 1941 2151 1942
f 1921 1927 1919
f 2163 1898 2116
f 271 153 178
f 1904 12 9
f 282 264 460
f 1872 2154 2035
f 1326 1897 2163
f 628 693 627
f 1724 1719 1723
f 1549 436 172
f 1582 1730 1729
f 1921 1929 1928
f 3563 10 11
f 2152 1950 1949
f 475 774 771
f 769 2171 473
f 2171 476 473
f 476 772 475
f 1791 464 1760
f 2166 2168 2169
f 595 372 98
f 483 1641 482
f 762 2173 470
f 771 484 492
f 486 1809 483
f 297 1517 296
f 763 2174 762
f 776 759 489
f 184 2176 2000
f 412 303 414
f 2005 185 224
f 3811 1682 3846
f 2164 756 764
f 1472 2161 2162
f 950 964 965
f 2177 2179 2180
f 227 1510 333
f 764 467 2164
f 2182 2184 2181
f 2186 2018 2185
f 1985 2181 1986
f 214 729 1531
f 1545 1546 1569
f 865 842 866
f 849 1357 1362
f 452 1558 454
f 559 3188 737
f 16 737 3188
f 560 498 374
f 3193 3195 3194
f 3200 3198 3199
f 3211 3213 3212
f 3215 3217 3216
f 2187 2002 2001
f 2169 2189 2190
f 2192 2085 2191
f 2193 2195 2196
f 2198 2200 2197
f 1998 1979 1975
f 3664 3668 3671
f 2116 1903 1902
f 1859 2009 1150
f 3904 2126 3906
f 1135 1087 1130
f 2201 2015 2014
f 1149 110 1858
f 3221 3218 3215
f 2203 2205 2206
f 579 1895 1019
f 1755 2208 1756
f 3891 1893 605
f 1211 2150 1727
f 868 2210 2209
f 944 930 940
f 2130 2202 2201
f 233 1898 195
f 665 750 666
f 1167 999 618
f 2211 2213 2214
f 2215 2217 2218
f 3867 590 3868
f 2220 220 2219
f 823 948 1094
f 3225 3227 3226
f 266 455 265
f 3882 2107 3883
f 2221 3519 3517
f 2223 2225 2226
f 2207 2124 2208
f 673 3869 3864
f 817 996 815
f 2227 2146 2145
f 1947 646 749
f 3900 17 3873
f 2229 1638 1381
f 1679 1618 1680
f 1637 2232 2230
f 2233 1617 1616
f 2231 2236 2237
f 1381 2238 1382
f 3586 2242 3587
f 1630 2233 1631
f 1681 472 469
f 1408 2243 2244
f 3236 3238 3237
f 3232 3240 3235
f 1637 2238 1638
f 3237 3233 3234
f 1409 1634 2245
f 1380 2247 2246
f 1628 2245 1621
f 2249 1622 1633
f 1632 1408 2244
f 2248 1631 2250
f 2235 1637 1636
f 3245 3199 3198
f 631 2071 725
f 515 52 49
f 782 2251 1251
f 2253 2255 2252
f 397 459 784
f 1456 2040 1455
f 2040 2036 1455
f 1401 2111 1398
f 2041 1970 2026
f 1535 414 1965
f 1586 2080 2079
f 2256 1132 1886
f 1700 3918 3919
f 3815 1686 3817
f 1263 1886 1096
f 598 844 599
f 2257 2259 2260
f 2258 2262 2259
f 2259 2263 2216
f 2260 2216 2215
f 1967 1970 1969
f 2212 1963 2213
f 922 2218 2217
f 1312 1101 2264
f 1307 1286 789
f 1548 1546 1972
f 2266 2268 2265
f 2265 2270 2269
f 2272 2269 2271
f 2273 2265 2272
f 2275 2277 2274
f 2278 2277 2279
f 2284 3617 3639
f 2287 2286 2281
f 2288 2283 2287
f 2290 3639 3620
f 2291 2293 2294
f 2295 2294 2279
f 2296 2291 2295
f 2297 2292 2291
f 2294 2299 2300
f 2279 2300 2278
f 2298 2302 2292
f 2292 2303 2293
f 2293 2304 2299
f 2304 2306 2299
f 2306 2300 2299
f 2308 2310 2307
f 2302 2310 2303
f 2301 2307 2302
f 2312 2307 2311
f 2313 2315 2316
f 2318 2320 2317
f 3748 2322 2323
f 2324 2273 2326
f 2313 2326 2327
f 2328 2313 2316
f 2329 2324 2328
f 2331 2333 2330
f 2330 2267 2266
f 2325 2266 2273
f 2329 2330 2325
f 2333 2335 2267
f 2336 2333 2332
f 2338 2332 2337
f 2331 2337 2332
f 2329 2339 2331
f 2328 2340 2329
f 2316 2341 2328
f 2342 2315 2343
f 2344 2346 2347
f 2341 2347 2340
f 2342 2344 2341
f 2348 2345 2344
f 2350 2352 2353
f 2339 2353 2337
f 2340 2350 2339
f 2347 2351 2350
f 2337 2354 2338
f 2353 2355 2354
f 2356 2276 2357
f 2356 2358 2359
f 2356 2296 2295
f 2279 2356 2295
f 2360 2270 2268
f 2267 2360 2268
f 2362 2364 2365
f 2362 2361 2358
f 2366 2358 2357
f 2366 2363 2362
f 2357 2368 2366
f 2366 2369 2367
f 2276 2370 2368
f 2368 2282 2369
f 2372 2374 2371
f 2375 2377 2007
f 2378 2380 2381
f 2382 2381 2383
f 2384 2378 2382
f 2385 2379 2378
f 2388 2390 2387
f 2387 2392 2391
f 2393 2387 2391
f 2394 2388 2387
f 2186 2402 2400
f 2403 2327 2326
f 2272 2326 2273
f 2271 2403 2272
f 2405 2404 2403
f 2404 2408 2327
f 2409 2411 2412
f 2409 2271 2269
f 2413 2269 2270
f 2413 2410 2409
f 2417 2416 2418
f 2417 2406 2405
f 2412 2405 2271
f 2411 2417 2412
f 2406 2407 2404
f 3569 632 713
f 2420 2397 2421
f 2420 2423 2422
f 2424 2422 2419
f 2424 2398 2420
f 2425 2392 2426
f 2421 2426 2423
f 2397 2425 2421
f 2396 2391 2425
f 2427 2315 2314
f 2427 2408 2428
f 2430 2428 2429
f 2343 2427 2430
f 2432 2430 2431
f 2431 2429 2433
f 2435 2433 2434
f 2436 2431 2435
f 2428 2407 2437
f 2422 2407 2419
f 2438 2422 2423
f 2429 2437 2438
f 2440 2433 2439
f 2441 2433 2429
f 2442 2439 2441
f 2443 2440 2439
f 2445 2444 2443
f 2447 2443 2442
f 2383 2445 2447
f 2381 2446 2445
f 2448 2423 2426
f 2449 2426 2392
f 2441 2449 2442
f 2441 2438 2448
f 2449 2390 2450
f 2450 2389 2451
f 2447 2451 2383
f 2442 2450 2447
f 2451 2453 2452
f 2452 2455 2454
f 2382 2454 2384
f 2383 2452 2382
f 2456 2373 2372
f 2459 2461 2458
f 2463 2465 2462
f 2462 2285 2284
f 2466 2284 2290
f 2467 2462 2466
f 2461 3703 3701
f 2468 2470 2471
f 2472 2471 2473
f 2474 3701 3688
f 2475 2477 2478
f 2458 2453 2479
f 2479 2389 2388
f 2395 2479 2388
f 2480 2458 2479
f 2481 2483 2478
f 2484 2485 221
f 2471 2464 2463
f 2473 2463 2467
f 2487 2466 2486
f 2486 2290 2488
f 2490 2488 2489
f 2491 2486 2490
f 2492 2467 2487
f 2493 2487 2491
f 2494 2492 2493
f 2495 2473 2492
f 3690 2474 3688
f 3691 2496 3690
f 2498 2493 2499
f 2500 2499 2501
f 3700 2498 2500
f 3687 2494 2498
f 2306 2278 2300
f 2305 2504 2306
f 2504 2507 2506
f 2506 2288 2508
f 2274 2508 2275
f 2278 2506 2274
f 3633 2489 2488
f 3620 2488 2290
f 2507 2289 2288
f 2505 2509 2507
f 2508 2287 2511
f 2511 2281 2280
f 2370 2280 2282
f 2275 2511 2370
f 2512 2489 2513
f 2514 2513 2515
f 2517 2514 2516
f 2517 2490 2512
f 2499 2491 2517
f 2499 2516 2501
f 2510 2519 2518
f 2518 2521 2520
f 3616 2520 3621
f 3632 2518 3616
f 2522 2303 2310
f 2523 2310 2309
f 2305 2522 2524
f 2524 2523 2525
f 2519 2525 2521
f 2505 2524 2519
f 2308 2527 2526
f 2526 2529 2528
f 2531 2528 2530
f 2309 2526 2531
f 1214 2151 1211
f 2419 2418 2424
f 2533 2349 2317
f 2534 2317 2320
f 2535 2533 2534
f 2536 2345 2533
f 2537 2346 2536
f 2538 2536 2535
f 2539 2537 2538
f 2540 2351 2537
f 2312 2541 2527
f 2527 2542 2529
f 2543 2434 2544
f 2545 2544 2546
f 2319 2543 2545
f 2318 2435 2543
f 2514 2548 2547
f 2547 2550 2549
f 2552 2549 2551
f 2552 2514 2547
f 2520 2554 2553
f 2553 2556 2555
f 3590 2555 3593
f 3621 2553 3590
f 2523 2531 2557
f 2557 2530 2558
f 2525 2557 2559
f 2559 2558 2560
f 2554 2560 2556
f 2521 2559 2554
f 2561 2007 2006
f 2376 2225 2377
f 2564 2566 2563
f 2563 338 2567
f 2569 2567 2568
f 2570 2563 2569
f 2572 2574 2571
f 2571 2576 2575
f 2544 2575 2546
f 2544 2572 2571
f 2578 2569 2577
f 2579 2569 2568
f 2574 2579 2576
f 2573 2577 2574
f 2581 2583 2580
f 2584 2583 2585
f 3697 2580 2584
f 3676 2580 3675
f 2582 2552 2583
f 2583 2551 2585
f 2500 2589 2588
f 2590 2589 2591
f 3693 2588 2590
f 3695 2500 2588
f 2501 2591 2589
f 2592 2594 2595
f 2386 2503 2502
f 2596 2386 2374
f 2596 2373 2597
f 2599 2597 2598
f 2599 2379 2596
f 2600 2380 2599
f 2600 2598 2601
f 2603 2601 2602
f 2603 2446 2600
f 2604 2602 2605
f 2440 2605 2434
f 2444 2604 2440
f 2606 2581 2607
f 2606 2590 2591
f 2591 2582 2606
f 3676 2456 3689
f 3689 2372 3693
f 2478 2608 2481
f 2609 2611 2199
f 2564 2613 2612
f 2612 2598 2597
f 2457 2597 2373
f 2565 2612 2457
f 2614 2570 2578
f 2615 2578 2573
f 2602 2614 2615
f 2601 2613 2614
f 2572 2605 2616
f 2616 2602 2615
f 2573 2616 2615
f 1459 1045 1021
f 1265 1079 1082
f 1612 1609 1611
f 2067 2069 2068
f 1135 1136 1148
f 1938 2618 2617
f 95 458 128
f 2058 1608 1612
f 1454 1445 1367
f 655 1048 2619
f 722 2621 723
f 1131 1033 1134
f 562 366 1497
f 1723 1725 1591
f 1786 1122 1787
f 267 323 266
f 1325 1654 2038
f 1468 1435 1479
f 658 529 528
f 8 247 7
f 382 1559 3
f 788 1307 789
f 940 929 928
f 911 2623 912
f 2621 655 654
f 2624 2625 2626
f 998 27 26
f 635 2626 2625
f 2627 644 1840
f 2628 1840 2629
f 1200 2627 2628
f 1199 641 2627
f 1520 49 477
f 1452 1349 1451
f 2630 1859 1858
f 644 1335 1823
f 1197 717 2632
f 2632 719 1166
f 2628 1166 1200
f 2629 2632 2628
f 1762 1050 821
f 1823 873 1839
f 2634 794 652
f 1028 1027 1161
f 1042 2635 1043
f 93 1901 1924
f 2036 1458 1455
f 1527 1525 1526
f 877 1274 1277
f 134 797 1544
f 1328 931 1329
f 607 1091 1161
f 1043 2637 2636
f 2636 2639 2638
f 1275 2638 1276
f 1275 1043 2636
f 1272 2626 2640
f 2640 638 637
f 1110 2640 637
f 536 2640 2641
f 1472 1474 1473
f 2042 1951 649
f 1058 1105 1059
f 2642 2643 2644
f 1192 2644 1193
f 912 2642 1192
f 3898 3526 3786
f 1049 2620 2621
f 616 1885 613
f 1331 666 750
f 990 1198 525
f 1911 321 322
f 1298 1205 2645
f 76 1504 75
f 1502 421 422
f 610 658 691
f 1146 659 938
f 2646 914 936
f 1280 1238 1279
f 975 2647 2648
f 2647 975 974
f 1453 1452 1451
f 1514 158 151
f 835 1843 1842
f 1271 1173 1289
f 2649 813 2650
f 1893 1826 1894
f 1050 1937 1051
f 2651 814 813
f 1006 1281 977
f 2653 2654 2655
f 1001 1003 1002
f 585 679 558
f 2624 621 620
f 555 2028 556
f 1207 1197 2629
f 1626 478 472
f 426 419 1567
f 1030 1773 1031
f 3898 634 3880
f 534 138 262
f 1125 1042 1041
f 333 88 227
f 569 561 730
f 1489 871 870
f 1857 620 891
f 1673 3770 3763
f 622 864 1308
f 2647 974 2657
f 619 891 620
f 261 545 262
f 393 1556 404
f 2658 2647 2657
f 1075 2657 917
f 1081 2658 1075
f 1080 2659 2658
f 2644 1141 2660
f 2660 1140 1336
f 642 1336 643
f 1193 2660 642
f 679 555 558
f 1503 1500 1502
f 1318 1101 1100
f 2661 1139 1142
f 2661 2663 2662
f 2662 2659 2661
f 2662 2622 2664
f 2664 911 2646
f 2648 2646 1146
f 2648 2662 2664
f 2083 2093 2081
f 1442 1437 1439
f 519 330 51
f 1885 1209 613
f 799 805 804
f 1946 1952 1953
f 1302 1253 1252
f 566 224 533
f 1389 928 1388
f 683 681 680
f 836 1842 2665
f 2665 1845 1303
f 2666 1303 1302
f 24 2665 2666
f 831 2650 832
f 1845 1304 1303
f 2010 2012 2011
f 1051 2667 2668
f 1522 1511 1523
f 531 441 522
f 782 1251 1250
f 1250 2625 2669
f 2669 1857 1856
f 783 1856 1037
f 782 2669 783
f 720 2671 721
f 1055 1930 1056
f 1333 1251 2251
f 619 1308 1307
f 652 2619 2634
f 521 1539 1540
f 1838 537 2672
f 2672 536 2641
f 1113 2641 1110
f 1113 1838 2672
f 1016 1351 1045
f 3897 570 3894
f 226 104 101
f 3564 3827 1818
f 1036 1884 1883
f 2674 1304 2673
f 2673 1844 2675
f 1334 2675 1039
f 1333 2673 1334
f 2676 1039 2675
f 1843 2675 1844
f 942 2676 1843
f 1074 702 2676
f 811 859 858
f 752 1055 753
f 1200 656 1026
f 1120 874 2677
f 2677 877 1052
f 1241 1052 1005
f 1119 2677 1241
f 1560 151 1515
f 1208 611 523
f 215 736 214
f 1460 1462 1461
f 1208 1839 873
f 854 1282 1297
f 72 182 179
f 544 1565 512
f 217 456 457
f 2047 930 945
f 1204 1937 2633
f 913 686 685
f 840 1113 1112
f 1531 730 561
f 2678 1283 801
f 601 1914 602
f 1537 459 460
f 1819 3509 3527
f 991 862 538
f 2679 1073 1830
f 2680 983 2256
f 779 2256 1263
f 778 2680 779
f 2678 1830 2680
f 180 245 40
f 1886 1131 1134
f 1138 1274 1255
f 1841 1140 1139
f 75 314 74
f 193 420 192
f 2681 1099 1098
f 170 1565 169
f 349 417 432
f 1121 2684 2683
f 547 409 302
f 123 121 120
f 2643 1142 1141
f 1542 513 1543
f 899 907 919
f 1210 676 867
f 791 982 892
f 24 837 836
f 893 932 931
f 1860 863 862
f 535 862 861
f 832 813 812
f 2650 813 832
f 1569 1547 1568
f 181 542 180
f 660 937 688
f 2013 568 2012
f 887 2631 2630
f 1524 361 78
f 520 162 1529
f 2653 854 2685
f 1238 2655 2686
f 718 527 530
f 1492 518 1491
f 792 615 793
f 599 1835 596
f 290 456 175
f 312 1552 425
f 1248 1179 1249
f 153 177 178
f 1240 1222 1221
f 1257 1235 1071
f 1291 1083 1222
f 1052 1277 1053
f 743 2618 1204
f 444 430 443
f 23 1172 1187
f 2687 1180 1179
f 102 409 134
f 1283 610 801
f 373 650 651
f 1180 1084 1291
f 855 2655 1237
f 1173 1917 1174
f 2689 853 2688
f 2688 1108 1279
f 2686 1279 1238
f 2687 2688 2686
f 2691 1252 2690
f 2690 850 2689
f 1248 2689 2687
f 1248 2691 2690
f 2692 24 2666
f 2691 2666 1302
f 1247 2692 2691
f 1258 617 2692
f 394 1555 393
f 2693 1259 1223
f 1072 1262 1261
f 1257 1168 1258
f 398 1555 1554
f 871 1314 872
f 1178 1249 1179
f 1224 1173 1172
f 1010 2618 742
f 1175 1292 1269
f 2654 2686 2655
f 2694 1216 1264
f 71 1487 70
f 701 1111 1038
f 1072 2649 2650
f 1085 22 21
f 895 1264 896
f 1601 1605 1604
f 1259 1271 1289
f 21 1220 1083
f 988 538 537
f 598 1336 1140
f 820 1762 821
f 1050 818 821
f 1298 1761 2652
f 1168 618 617
f 858 1256 833
f 39 516 1536
f 2652 819 814
f 313 315 314
f 2026 1971 2027
f 2656 596 1835
f 814 818 811
f 2696 813 2649
f 1260 2649 1261
f 2693 2696 1260
f 2697 2651 2696
f 381 390 380
f 3818 1611 1609
f 1475 1428 1227
f 1292 1917 1235
f 1551 354 1518
f 1526 1523 1511
f 1593 1595 1573
f 1232 1246 1249
f 2695 1223 22
f 2698 1296 2697
f 2698 2693 2695
f 2685 2695 1085
f 2685 1297 2698
f 562 271 272
f 2652 1296 1298
f 1365 1364 1363
f 1958 1953 1957
f 585 2210 997
f 1561 1515 435
f 975 1146 976
f 347 68 346
f 1038 636 1068
f 2700 780 2699
f 2699 1036 1883
f 2701 1883 1829
f 851 2699 2701
f 2674 2251 2702
f 2702 781 2700
f 1253 2700 851
f 1301 2702 1253
f 1519 388 1550
f 1273 1280 2703
f 2703 1107 852
f 2701 852 851
f 1829 2703 2701
f 91 326 90
f 1784 2656 1785
f 2683 2705 2704
f 604 3499 3533
f 1669 3548 1662
f 2062 2060 2059
f 621 861 622
f 2023 732 2024
f 686 1263 687
f 857 2668 1328
f 883 882 879
f 637 1111 1110
f 2668 893 1328
f 2667 894 2668
f 1039 1068 1334
f 313 1504 1505
f 1911 305 453
f 1936 1964 2212
f 2707 2401 2183
f 2708 2183 2182
f 738 2116 554
f 2349 2432 2436
f 2711 2020 2019
f 2400 2019 2186
f 2714 2716 2713
f 2717 2719 2720
f 2721 2723 2724
f 2726 2728 2725
f 2725 2730 2729
f 2731 2729 2709
f 2732 2725 2731
f 2734 2736 2733
f 2738 2740 2737
f 2737 2741 2742
f 2744 2746 2743
f 2745 2748 2747
f 2749 2747 2751
f 2753 2751 2752
f 2250 2246 2248
f 2754 1614 2755
f 3598 2755 3609
f 3608 2747 3609
f 1617 2755 1614
f 2242 1620 2757
f 2191 2760 2759
f 2761 2760 2762
f 3648 2761 3649
f 3623 2759 3648
f 3209 3223 3224
f 1395 2236 2235
f 1395 1636 1615
f 1616 2229 2233
f 1617 2763 2756
f 2756 3628 3608
f 2765 2234 1630
f 2766 3628 3622
f 3202 3246 3247
f 1516 435 1515
f 2768 3552 3553
f 1495 578 1424
f 2135 28 17
f 3526 2773 2774
f 1690 3926 3925
f 2778 2780 2777
f 2777 2781 2782
f 2784 2777 2783
f 3555 575 576
f 1494 9 540
f 3529 2015 3566
f 451 505 450
f 2786 2788 2785
f 2779 2785 2780
f 2789 2741 2740
f 2790 2752 2789
f 2792 2794 2791
f 2793 2796 2794
f 2796 2750 2749
f 2794 2749 2753
f 2798 1396 2754
f 3591 2754 3598
f 2798 2800 1393
f 3591 2799 2798
f 2797 2795 2801
f 2791 2753 2790
f 216 232 54
f 3804 2807 3803
f 3805 2804 3803
f 2769 3557 3552
f 183 184 97
f 2811 2775 2776
f 2804 2776 2805
f 2809 2811 2804
f 2812 2813 2814
f 3805 2816 3795
f 3796 2815 3795
f 3798 2820 2821
f 3793 2819 3798
f 2824 2735 2819
f 2823 2824 2819
f 2825 2826 2724
f 3793 2827 3792
f 3796 2826 3792
f 2713 2829 2828
f 2828 2831 2830
f 2822 2828 2830
f 2821 2713 2828
f 2832 2822 2830
f 2833 2830 2831
f 2834 2832 2833
f 2835 2827 2832
f 2837 2839 2836
f 2836 2841 2840
f 2842 2840 2727
f 2843 2836 2842
f 2840 2845 2844
f 2718 2845 2719
f 2730 2844 2718
f 2727 2844 2728
f 2846 2719 2845
f 2846 2841 2847
f 2829 2847 2831
f 2829 2716 2846
f 2847 2839 2848
f 2848 2838 2849
f 2833 2849 2834
f 2831 2848 2833
f 2850 2851 2852
f 2853 2852 2854
f 2783 2782 2855
f 2785 2853 2856
f 2780 2856 2781
f 2857 2855 2782
f 2859 2782 2781
f 2861 2842 2860
f 2860 2727 2726
f 2862 2726 2732
f 2863 2860 2862
f 2861 2858 2857
f 2843 2857 2859
f 2856 2854 2864
f 2781 2864 2859
f 2837 2859 2864
f 2838 2864 2854
f 2852 2834 2849
f 2854 2849 2838
f 2865 2818 2835
f 2851 2835 2834
f 2813 2815 2865
f 2814 2865 2851
f 2866 2814 2850
f 2788 2850 2853
f 2866 2787 2867
f 2812 2867 2775
f 1892 1890 1891
f 2720 2846 2870
f 298 256 257
f 2872 2713 2820
f 3794 2735 2734
f 2729 2874 2873
f 2846 2715 2870
f 2876 2878 2875
f 2733 2878 2734
f 3806 2879 2880
f 3806 2872 3794
f 2882 2884 2881
f 2881 2715 2714
f 2880 2714 2872
f 2879 2881 2880
f 2885 2887 2888
f 2888 2890 2885
f 2885 2892 2891
f 2893 2885 2891
f 1942 2532 2894
f 2895 2720 2870
f 2884 2870 2715
f 2883 2895 2884
f 2896 2892 2895
f 2889 2717 2890
f 2890 2720 2892
f 2897 2891 2896
f 2898 2896 2883
f 2899 2883 2882
f 2900 2882 2879
f 3797 2879 3807
f 2876 2901 2877
f 2901 2904 2903
f 1785 1835 1834
f 2905 2899 2900
f 2907 2897 2898
f 3797 2903 3799
f 632 577 633
f 3532 2867 2787
f 434 550 350
f 2768 3640 3643
f 2910 1623 2249
f 2241 2758 2242
f 3640 2913 3652
f 1623 2757 1620
f 3587 2757 3652
f 2229 1380 2250
f 2765 1629 2914
f 2915 1629 2912
f 3642 2914 2915
f 3641 2765 2914
f 2919 3642 3613
f 2918 2912 2241
f 3614 2241 3586
f 3618 3613 3670
f 3541 2180 3496
f 3521 2188 3506
f 3705 714 3851
f 2925 2917 2924
f 2924 2916 2919
f 3610 2919 3618
f 3611 2924 3610
f 2926 2766 2925
f 3658 2925 3611
f 1715 1705 1710
f 785 498 796
f 1387 565 1791
f 374 1899 560
f 3573 2206 3556
f 2929 2886 2893
f 2932 2934 2931
f 1905 1908 1907
f 2930 2936 2937
f 2938 2930 2929
f 1493 517 518
f 1603 1586 1602
f 2939 2929 2908
f 2940 2908 2907
f 3665 1600 3661
f 2886 2937 2887
f 2906 2898 2899
f 2908 2893 2897
f 2942 2933 2941
f 2941 2937 2936
f 3501 2936 3513
f 3498 2941 3501
f 2943 2710 2873
f 2943 2874 2889
f 2945 2889 2888
f 2946 2943 2945
f 2932 2888 2887
f 2931 2945 2932
f 727 1929 728
f 2903 2947 2948
f 545 42 262
f 1480 533 251
f 2907 2949 2940
f 2906 2950 2949
f 1558 215 202
f 3799 2948 3801
f 2054 1644 2118
f 3705 2203 3573
f 1828 1849 1827
f 2953 2955 2952
f 2952 2957 2956
f 2956 2258 2952
f 2953 2258 2257
f 2454 2474 2496
f 3747 2959 3766
f 3747 2131 3737
f 2961 2963 2958
f 2958 2964 2959
f 222 2485 2965
f 2477 2966 2608
f 2631 2006 1859
f 2384 2496 2497
f 2967 2959 2964
f 2968 2970 2969
f 3759 2971 3784
f 3784 2960 3766
f 2972 2033 2032
f 2007 2973 2008
f 3560 2134 2133
f 1836 1832 1831
f 3506 2090 3551
f 955 959 956
f 672 674 673
f 633 713 632
f 2024 733 803
f 2025 803 798
f 425 1550 388
f 2975 888 887
f 1319 1157 2694
f 1212 2977 1213
f 889 2228 2227
f 1978 1975 1979
f 1138 1329 915
f 751 2979 2978
f 1619 1625 1624
f 2252 1728 1727
f 1157 845 1216
f 2706 1938 2617
f 2980 2254 2981
f 2982 887 2630
f 802 711 2679
f 678 2029 2028
f 527 690 528
f 1839 2629 1840
f 2983 602 1914
f 2983 1913 1331
f 2985 1331 1054
f 2986 2983 2985
f 2987 2635 2634
f 2985 2639 2986
f 2990 1318 2989
f 2991 2993 2994
f 2995 2994 2996
f 1106 2991 2995
f 1058 2992 2991
f 1415 1365 1367
f 1317 2217 2997
f 1932 2255 2980
f 926 2999 664
f 3001 2992 3000
f 3000 1057 2978
f 2999 2978 2979
f 2998 3000 2999
f 3002 2209 3003
f 3002 2996 2994
f 2993 3002 2994
f 3001 2998 3002
f 1103 2995 3004
f 3004 2996 3003
f 2209 3004 3003
f 588 3004 2210
f 295 433 381
f 2638 2988 3005
f 3005 1056 1930
f 1305 1930 1306
f 1276 3005 1305
f 1987 1993 1989
f 2633 1761 2645
f 1423 1417 1419
f 3561 739 703
f 2671 2704 2705
f 1473 2035 1472
f 922 2694 895
f 1401 1378 1384
f 556 1884 1037
f 842 3825 3836
f 1854 2617 1010
f 933 1081 1075
f 1440 1436 1437
f 529 719 530
f 1031 1027 1028
f 777 912 1871
f 2645 1204 2633
f 441 1538 1537
f 790 587 586
f 2065 1610 1607
f 1860 990 902
f 60 87 59
f 1424 1948 1947
f 332 1507 331
f 261 138 135
f 187 449 507
f 1719 1726 1725
f 1931 1059 3006
f 3006 1105 1104
f 1287 1104 587
f 1286 3006 1287
f 3007 3009 3010
f 3009 653 795
f 618 26 25
f 2029 1210 1209
f 957 600 2228
f 1049 2228 600
f 2631 3011 2561
f 890 2227 3011
f 3011 2145 3012
f 2561 3012 2375
f 1026 609 608
f 2706 1961 1964
f 3013 2485 3014
f 2148 1267 3015
f 3015 1266 1311
f 2997 1101 1317
f 642 1773 1193
f 186 461 511
f 1041 1320 901
f 1121 3017 1122
f 2984 2987 3018
f 3018 2634 2619
f 1048 3018 2619
f 603 2984 3018
f 2679 801 802
f 2062 2074 2061
f 2061 2076 2064
f 414 1545 1965
f 3016 2683 3019
f 3019 2704 2670
f 3020 2670 720
f 3007 3019 3020
f 1871 1091 777
f 3021 1122 3017
f 3022 3017 3010
f 1314 3022 1315
f 1784 3021 1314
f 1316 1763 611
f 3023 3010 3009
f 3023 795 1092
f 1763 1092 1125
f 1315 3023 1763
f 3016 3010 3017
f 752 2978 1057
f 2986 2637 2987
f 3024 653 3008
f 3020 3008 3007
f 720 3024 3020
f 723 654 3024
f 2681 1268 3025
f 2671 1268 721
f 2705 3025 2671
f 1313 3027 1311
f 3026 3029 3027
f 3027 3030 3031
f 1311 3031 3015
f 2012 731 2023
f 917 974 977
f 743 856 744
f 1888 2030 1425
f 2682 2684 3032
f 3032 1124 2989
f 1100 2989 1318
f 1099 3032 1100
f 1123 2989 1124
f 3033 1159 1158
f 2990 1158 1319
f 1123 3033 2990
f 1786 1834 3033
f 1054 2988 2985
f 2979 664 2999
f 2623 2663 2643
f 1095 688 687
f 3034 2261 2956
f 3036 2956 2957
f 3037 3034 3036
f 3038 3035 3034
f 3040 3026 1313
f 2263 3041 3040
f 3042 3043 3041
f 3041 3028 3026
f 3044 3043 3039
f 3046 3045 3044
f 3047 3049 3045
f 3043 3049 3028
f 3038 3051 3050
f 3050 3053 3052
f 3052 3044 3050
f 3039 3050 3044
f 3054 3039 3042
f 3042 2262 3054
f 2261 3054 2262
f 2216 2997 2217
f 2212 2667 1936
f 3056 2209 3055
f 934 1961 1854
f 2013 3757 567
f 3058 3060 3061
f 3059 3063 3060
f 3060 2213 1963
f 3061 1963 1962
f 3063 2214 2213
f 3062 3064 3063
f 3065 2260 3064
f 3064 2215 2214
f 3066 3031 3030
f 2608 3067 3066
f 2966 3068 3067
f 3031 3068 3015
f 2455 2461 2474
f 2476 2226 2477
f 3551 2089 3525
f 3526 3769 3786
f 433 355 381
f 2115 1419 2123
f 3509 2922 3527
f 3769 2131 2134
f 3069 2167 2166
f 2971 2928 2960
f 2961 2773 2962
f 3070 2478 2483
f 2610 3071 2954
f 2502 2374 2386
f 3072 2595 3073
f 2964 3052 2967
f 3048 3074 3049
f 2593 3075 3074
f 3075 3029 3074
f 3074 3028 3049
f 3072 3075 2592
f 3076 2482 2481
f 2481 3066 3076
f 3076 3030 3075
f 2967 3053 2970
f 2482 3073 2483
f 479 493 494
f 706 3873 709
f 3561 2221 3517
f 2013 3754 3755
f 3533 2016 3529
f 3562 2222 2974
f 1171 1155 1176
f 2586 2565 2587
f 2982 113 2484
f 2562 3077 3068
f 2376 3012 3077
f 3012 2148 3077
f 3077 3015 3068
f 2963 3046 2964
f 3051 2970 3053
f 1683 491 775
f 3850 1447 3860
f 1986 3734 3768
f 3079 2546 2575
f 3081 2575 2576
f 1983 3768 3765
f 3082 2319 2545
f 3080 2545 2546
f 3734 3082 3080
f 3732 2323 3082
f 1309 1888 748
f 3073 2772 2771
f 2760 3084 2762
f 2760 2088 3083
f 3085 3086 3087
f 3089 3090 3088
f 3089 3084 3085
f 3092 3090 3091
f 3093 2744 2743
f 2751 2748 3093
f 3093 2752 2751
f 2742 3093 3094
f 3094 2743 3095
f 3096 3098 3087
f 3099 3087 3086
f 3097 3095 3098
f 3100 2746 3101
f 3101 3102 3100
f 2764 2927 3101
f 2745 3101 2746
f 3102 3091 3100
f 3100 3095 2743
f 2869 3592 3634
f 3102 3104 3092
f 3658 2869 3634
f 2927 3103 3102
f 3098 3091 3090
f 3087 3090 3085
f 2088 3105 3083
f 3083 3086 3084
f 2483 2771 3070
f 2401 2185 2321
f 3099 3105 3106
f 2125 3106 3105
f 3108 2742 3107
f 3107 3094 3097
f 3110 3107 3109
f 3109 3097 3096
f 3111 3096 3099
f 3112 3109 3111
f 3113 2737 3108
f 3115 2722 3114
f 3117 3114 3116
f 3119 3116 3118
f 3118 3120 3121
f 3116 3113 3120
f 3122 3111 3123
f 3122 1755 1754
f 3124 3126 3127
f 3125 3121 3126
f 3128 3118 3125
f 3129 3125 3124
f 2020 3128 3129
f 3853 1346 1352
f 1065 1047 1066
f 1814 3830 1649
f 2021 3129 3130
f 3111 3106 3123
f 3123 2207 1755
f 2377 2224 2973
f 3014 113 112
f 1756 3782 3767
f 3131 2530 2528
f 3133 2528 2529
f 1753 3767 3775
f 3134 3127 3135
f 2327 2314 2313
f 2436 2317 2349
f 2018 3711 3712
f 2534 3137 2535
f 2320 3136 2534
f 2185 3712 3771
f 3138 2542 2539
f 3134 3744 3745
f 3785 3134 3745
f 3140 2539 2538
f 2535 3140 2538
f 3711 3130 3785
f 2558 3132 3141
f 3782 3141 3132
f 2560 3141 3142
f 3760 3142 3141
f 958 2976 2981
f 1933 2980 3143
f 2399 2418 2416
f 2348 2343 2432
f 2322 2319 2323
f 2718 2874 2730
f 2709 2873 2710
f 2894 1361 1942
f 346 176 347
f 1876 1882 1881
f 2802 3607 3592
f 3104 3088 3092
f 2974 3649 3603
f 3089 2761 2762
f 3088 3145 3089
f 2803 3603 3607
f 3870 692 628
f 2123 1418 2126
f 1365 1368 1367
f 1581 1782 1783
f 3569 2129 3520
f 3555 2002 3521
f 3146 2551 3147
f 3751 3147 3750
f 3742 3146 3751
f 3149 2585 3146
f 3196 3197 3195
f 3604 2191 3623
f 3142 2556 2560
f 3777 3150 3142
f 3646 2550 3593
f 3150 2555 2556
f 3778 3151 3150
f 3788 3152 3646
f 3153 2551 2549
f 3152 2549 2550
f 3781 3153 3152
f 3776 3147 3153
f 3148 2206 2205
f 2183 2321 2184
f 2132 2928 2133
f 3684 2204 2203
f 3719 2197 3721
f 2594 2773 2951
f 2595 2951 2772
f 1870 799 1869
f 3713 2178 3706
f 3706 3736 3790
f 336 3774 3722
f 339 3154 336
f 3789 3149 3742
f 3683 2584 3149
f 2963 3048 3047
f 3722 337 336
f 339 2566 2586
f 3156 2168 2167
f 2610 2167 2611
f 2954 3156 2610
f 3157 2953 2257
f 3707 2169 3709
f 2567 3159 2568
f 337 2567 338
f 3730 2166 3707
f 3764 1983 3765
f 2579 3081 2576
f 2568 3160 2579
f 3709 2190 3764
f 3065 3162 3161
f 3161 1984 2189
f 3157 2189 2168
f 2257 3161 3157
f 734 1922 806
f 3059 2708 3163
f 3163 2182 1985
f 3162 1985 1984
f 3062 3163 3162
f 3203 3205 3204
f 2122 1448 1447
f 3817 1685 3812
f 139 444 69
f 1570 566 533
f 2957 3165 3036
f 2955 3164 2957
f 1912 341 1973
f 3130 3124 3134
f 1548 319 1547
f 1949 1327 1887
f 2969 3078 3167
f 3167 3169 3168
f 3724 2017 3720
f 3720 2033 3759
f 3168 3165 3170
f 3170 3164 3171
f 3779 3171 3756
f 3724 3170 3779
f 3171 3166 3172
f 3172 3071 3173
f 3752 3173 3749
f 3756 3172 3752
f 3169 3036 3165
f 2593 2962 2594
f 3173 2609 3174
f 3174 2199 2198
f 3783 2198 3719
f 3749 3174 3783
f 2190 1984 1983
f 2196 2767 3148
f 2119 1414 1448
f 1464 1466 1465
f 2199 3069 2200
f 2457 2587 2565
f 2226 2562 2966
f 481 1627 1639
f 333 235 236
f 3078 3037 3169
f 3040 2997 2263
f 2219 1933 2220
f 2385 2497 2503
f 221 3175 2484
f 2220 3143 3175
f 3175 2976 2975
f 2484 2975 2982
f 2954 3166 2955
f 2630 110 2982
f 1547 1952 1955
f 2091 2188 2187
f 3733 2178 2177
f 1918 1927 1926
f 3563 111 3511
f 955 960 954
f 2037 112 3563
f 3143 2981 2976
f 2218 2214 2215
f 672 3787 3541
f 2152 3014 2037
f 1147 1143 1145
f 2248 1409 2245
f 1615 1635 1616
f 1410 2246 2247
f 3241 3242 3240
f 3177 1383 1382
f 2238 3176 1382
f 3176 2230 3178
f 1410 3179 1407
f 3179 2243 1407
f 1633 2800 2249
f 1621 2758 2912
f 1622 2245 1634
f 2236 3181 3182
f 2237 3182 3183
f 2250 2233 2229
f 2912 1628 1621
f 135 1564 1563
f 1567 512 1565
f 1085 2653 2685
f 3184 868 3056
f 869 3057 934
f 1266 1098 1312
f 1267 722 721
f 937 2646 936
f 2146 722 2147
f 2211 921 2667
f 1957 507 449
f 1313 2264 3040
f 1496 1493 1492
f 2681 2705 2682
f 2887 2933 2932
f 1687 1659 1694
f 145 1498 81
f 1317 1319 2694
f 37 418 71
f 1935 3185 2977
f 104 301 103
f 2101 2083 2084
f 543 360 207
f 1934 3186 3185
f 234 212 237
f 3845 1822 1824
f 1976 1874 1974
f 223 2219 220
f 3655 3605 3612
f 468 773 2165
f 1935 1728 1932
f 3240 3226 3235
f 3261 3250 3260
f 3215 3244 3264
f 3265 3215 3264
f 3267 3198 3196
f 3205 3269 3255
f 3214 3265 3270
f 3271 3214 3192
f 3251 3239 3236
f 3222 3266 3272
f 3232 3234 3233
f 3216 3243 3244
f 3196 3268 3267
f 3244 3254 3255
f 3238 3247 3246
f 3264 3255 3269
f 3253 3216 3217
f 3211 3221 3265
f 3257 3218 3256
f 3258 3272 3259
f 3274 3280 3273
f 3228 3262 3263
f 3275 3281 3280
f 3226 3273 3280
f 3236 3260 3251
f 3281 3236 3237
f 3287 3192 3189
f 3235 3280 3234
f 3234 3281 3237
f 3288 3259 3272
f 3260 3276 3251
f 3289 3278 3284
f 3210 3224 3283
f 3199 3201 3200
f 3228 3230 3229
f 3290 3285 3286
f 3282 3271 3287
f 3260 3262 3261
f 3243 3268 3254
f 3267 3241 3232
f 3194 3208 3193
f 3191 3269 3206
f 3270 3192 3214
f 3275 3230 3231
f 3264 3270 3265
f 3252 3276 3291
f 3248 3291 3223
f 3213 3279 3277
f 3272 3289 3288
f 3277 3212 3213
f 3228 3281 3231
f 3220 3253 3219
f 3219 3217 3257
f 3256 3222 3258
f 3247 3252 3248
f 3245 3232 3233
f 3266 3212 3289
f 3208 3255 3254
f 3288 3284 3285
f 3204 3208 3207
f 560 3187 559
f 3209 3201 3202
f 3189 3191 3190
f 448 807 447
f 647 122 270
f 1833 1780 1832
f 510 508 507
f 3210 1887 3201
f 1887 3200 3201
f 15 3197 3200
f 16 3195 3197
f 3195 3187 3194
f 3194 1899 3207
f 3207 375 3204
f 387 126 127
f 3189 1760 3287
f 3577 757 758
f 763 2172 2175
f 3583 3580 3581
f 3581 3579 3578
f 3594 3596 3595
f 3400 3602 3401
f 3626 3625 3627
f 3631 3599 3601
f 3636 3595 3596
f 3647 3588 3645
f 3650 3584 3647
f 3653 3580 3651
f 3653 3654 3579
f 1801 3656 3655
f 3651 3582 3650
f 3644 3595 3637
f 1767 3659 3660
f 1597 3661 1600
f 1708 3665 3664
f 3671 3667 3666
f 3666 3673 3672
f 1588 3664 1587
f 2080 3666 2082
f 2082 3672 2084
f 3674 3635 3631
f 3677 3636 3635
f 3682 3645 3681
f 3692 3650 3686
f 3681 3644 3680
f 786 3692 785
f 3694 3651 3692
f 785 3686 497
f 497 3682 650
f 650 3681 564
f 3696 3681 3680
f 3405 3605 3402
f 3702 3678 3677
f 3699 3679 3678
f 3645 3638 3644
f 1799 3659 1768
f 3708 3458 3460
f 3462 3708 3460
f 3714 564 3696
f 3615 3602 3600
f 3710 3696 3698
f 3635 3596 3599
f 3629 3627 3630
f 3597 3599 3596
f 3630 3715 3629
f 3627 3597 3594
f 3717 3723 3718
f 3715 3660 3629
f 3716 3725 3715
f 3668 3661 3725
f 3668 3717 3667
f 3667 3718 3673
f 3727 3673 3718
f 3728 3672 3673
f 3726 3718 3723
f 1576 2084 3672
f 3727 3731 3729
f 3203 1387 3190
f 3190 1791 3189
f 3283 1949 3210
f 317 259 391
f 2000 3653 3694
f 3601 3600 3602
f 3589 3584 3585
f 3577 756 2170
f 3585 3582 3583
f 3678 3637 3636
f 3204 376 3203
f 1801 3657 1799
f 3729 3728 3727
f 1575 3738 1088
f 3735 1576 3728
f 1776 1796 1775
f 1293 1290 1284
f 1326 1327 12
f 1294 1234 1290
f 878 1330 1337
f 497 374 498
f 122 413 121
f 3699 3704 3708
f 3606 3401 3602
f 3708 3698 3699
f 3464 3710 3462
f 3704 3443 3458
f 439 399 438
f 1512 1526 1511
f 1668 1738 1671
f 839 1362 838
f 1362 826 1012
f 3843 1896 3815
f 2053 2118 2117
f 3888 2120 2119
f 696 3816 3831
f 1826 639 640
f 3740 3729 3731
f 956 886 960
f 1980 1922 807
f 33 105 164
f 1343 3856 3857
f 3907 2128 3902
f 1766 1582 1594
f 14 2163 738
f 595 99 594
f 3233 3246 3245
f 1346 1044 1352
f 748 1425 747
f 3193 3254 3268
f 3190 3206 3203
f 3612 3606 3615
f 3624 3615 3625
f 3631 3443 3674
f 3679 3644 3637
f 3686 3647 3682
f 3702 3674 3704
f 3625 3600 3597
f 3601 3415 3631
f 3739 3735 3729
f 3630 3594 3741
f 3741 3716 3630
f 1284 1288 1285
f 3698 3680 3679
f 1778 1780 1779
f 1792 1584 1789
f 695 571 694
f 3638 3594 3595
f 3741 3588 3589
f 3247 3209 3202
f 3292 3294 3295
f 3296 3298 3299
f 3299 3300 3301
f 3302 3304 3305
f 3306 3308 3309
f 3307 3311 3308
f 3303 3301 3300
f 3312 3304 3313
f 3314 3316 3317
f 3318 3320 3321
f 3324 3321 3325
f 3326 3328 3323
f 3329 3331 3332
f 3333 3335 3336
f 3337 3339 3340
f 3333 3341 3342
f 3342 3343 3344
f 3319 3344 3343
f 3338 3334 3339
f 3346 3302 3347
f 3305 3347 3302
f 3312 3223 3349
f 3350 3340 3351
f 3312 3348 3305
f 3352 3341 3326
f 3311 3354 3308
f 3341 3327 3326
f 3359 3361 3362
f 3360 3250 3249
f 3318 3345 3319
f 3364 3318 3324
f 3314 3324 3365
f 3366 3301 3346
f 3299 3367 3296
f 3308 3368 3309
f 3369 3295 3294
f 3317 3364 3314
f 3370 3317 3316
f 3325 3365 3324
f 3352 3319 3343
f 3296 3353 3311
f 3297 3311 3310
f 3363 3354 3345
f 3345 3353 3344
f 3344 3367 3342
f 3366 3342 3367
f 3347 3334 3346
f 3339 3348 3340
f 3348 3351 3340
f 3363 3369 3368
f 3294 3368 3369
f 3293 3309 3294
f 3331 3374 3332
f 3346 3333 3366
f 3323 3352 3326
f 3356 3321 3320
f 3355 3325 3321
f 3357 3371 3325
f 3322 3320 3352
f 3361 3329 3362
f 3373 3375 3374
f 3374 3376 3332
f 3329 3376 3362
f 3327 3372 3328
f 3336 3375 3327
f 3335 3376 3375
f 3376 3337 3362
f 3337 3359 3362
f 3359 3276 3250
f 3377 3295 3370
f 3277 3315 3278
f 3371 3379 3365
f 3378 3358 3380
f 3365 3315 3314
f 3316 3279 3370
f 3282 3370 3279
f 3313 3224 3312
f 3378 3284 3379
f 3380 3285 3378
f 3379 3278 3315
f 3276 3351 3291
f 3291 3349 3223
f 3313 2965 3013
f 2965 3303 222
f 222 3300 223
f 223 3298 3186
f 3298 3185 3186
f 3297 2977 3185
f 3310 1213 2977
f 3307 1214 1213
f 2532 3306 3293
f 2894 3293 3292
f 2871 3292 3377
f 3253 3240 3242
f 3283 3013 2152
f 1997 1889 1892
f 1237 744 855
f 1535 120 121
f 1531 201 214
f 1119 1032 984
f 946 824 947
f 163 5 162
f 3589 3723 3741
f 1155 1162 1164
f 427 327 424
f 553 796 498
f 3381 2231 2237
f 3381 2230 2232
f 2237 3180 3381
f 3383 3385 3382
f 3384 3387 3385
f 3386 3389 3387
f 3388 3391 3389
f 3392 3394 3395
f 3395 3396 3397
f 3398 3397 3396
f 3400 3399 3398
f 3403 3405 3402
f 3406 3404 3403
f 3408 3407 3406
f 3410 3409 3408
f 3412 3411 3410
f 3415 3398 3414
f 3414 3396 3416
f 3416 3394 3417
f 3417 3393 3418
f 3393 3420 3418
f 3419 3421 3420
f 3390 3422 3421
f 3388 3423 3422
f 3386 3424 3423
f 3384 3425 3424
f 3425 3426 3184
f 2904 3428 2947
f 3429 2904 2902
f 3430 2902 2876
f 2875 3430 2876
f 3432 2733 2736
f 2825 3435 2824
f 3437 3439 3436
f 3441 3436 3440
f 2724 3434 2825
f 3436 3115 3117
f 3440 3117 3119
f 3443 3414 3442
f 3442 3416 3444
f 3444 3417 3445
f 3445 3418 3446
f 3446 3420 3447
f 3420 3448 3447
f 3421 3449 3448
f 3422 3450 3449
f 3423 3451 3450
f 3424 3452 3451
f 3425 3056 3452
f 3451 2253 2252
f 3450 2252 1727
f 3449 1727 2150
f 3448 2150 1941
f 3453 3448 1941
f 3454 3447 3453
f 3455 3446 3454
f 3456 3445 3455
f 3442 3456 3457
f 3443 3457 3458
f 3459 3458 3457
f 3457 3455 3459
f 3459 3454 3461
f 3462 3459 3461
f 3461 3453 3463
f 3464 3461 3463
f 3463 1941 1360
f 3404 3401 3405
f 3407 3399 3404
f 3409 3397 3407
f 3411 3395 3409
f 3465 3413 3412
f 3467 3469 3466
f 3465 3431 3433
f 3470 3466 3465
f 3438 3432 3435
f 3467 3438 3437
f 3468 3437 3441
f 3471 3468 3472
f 3472 3441 3473
f 3473 3440 2712
f 2712 3119 3128
f 3475 3472 3474
f 3474 3473 3476
f 3476 2712 2711
f 3477 2711 2400
f 3478 3476 3477
f 3479 3474 3478
f 3392 3413 3480
f 3466 3480 3413
f 3419 3392 3480
f 3390 3480 3391
f 3469 3391 3480
f 3389 3471 3475
f 3387 3475 3479
f 3385 3479 3481
f 3482 2400 2402
f 3483 3477 3482
f 3481 3478 3483
f 3484 2402 2707
f 3058 2707 2708
f 3061 3484 3058
f 3485 3482 3484
f 3382 3481 3486
f 3486 3483 3485
f 3426 3382 3487
f 3487 3486 1962
f 3486 3061 1962
f 1961 3487 1962
f 3057 3426 3487
f 3428 3402 3488
f 3427 3403 3428
f 3429 3406 3427
f 3430 3408 3429
f 3431 3410 3430
f 3470 3433 3432
f 3434 3438 3435
f 2723 3439 3434
f 2875 3433 3431
f 2736 3435 3432
f 2947 3488 3500
f 3464 1360 3497
f 1900 1924 1901
f 1736 1718 1750
f 1955 1943 1956
f 1671 1735 1751
f 1696 1698 1692
f 1800 1864 1801
f 2063 2056 2060
f 1737 1717 1736
f 1751 1697 1695
f 943 3899 684
f 3656 3402 3605
f 1577 1764 1703
f 3917 1599 3923
f 1945 82 1944
f 68 7 248
f 147 1543 148
f 1109 1133 1102
f 1503 1907 1908
f 1499 1909 1498
f 452 735 215
f 1824 3835 3845
f 1825 2068 1824
f 1463 1022 1194
f 841 1009 1011
f 1568 1955 1534
f 1926 1927 1923
f 1910 1502 1939
f 1939 422 442
f 309 1940 308
f 1804 1866 1803
f 269 1954 56
f 2065 2060 2056
f 3812 1758 3835
f 280 552 1940
f 1875 1869 1874
f 1739 1734 1737
f 1778 1790 1788
f 310 1915 279
f 1909 1906 1954
f 1789 1778 1788
f 978 980 979
f 1584 1731 1583
f 425 311 312
f 148 115 116
f 2044 3894 2046
f 277 1939 551
f 1943 1945 1944
f 1461 1463 1464
f 2253 3056 3055
f 2981 3489 958
f 2209 3489 3055
f 2254 3055 3489
f 2998 958 3489
f 2826 2721 2724
f 3490 2721 2817
f 2816 3490 2817
f 2334 2296 2335
f 2298 2334 2336
f 2301 2336 2338
f 2311 2338 2354
f 2312 2354 2355
f 2359 2361 2360
f 2335 2359 2360
f 2414 2365 2364
f 2413 2361 2365
f 2355 2540 2541
f 2541 2539 2542
f 2722 2739 2738
f 3114 2738 3113
f 3110 3121 3120
f 3108 3120 3113
f 3122 3127 3126
f 3112 3126 3121
f 3127 1753 3135
f 3139 2529 2542
f 3744 3133 3139
f 3490 2740 2739
f 3491 2789 3490
f 228 91 88
f 245 243 242
f 248 247 191
f 2 296 295
f 145 300 267
f 327 210 328
f 329 331 330
f 250 228 236
f 239 240 230
f 373 375 374
f 178 176 175
f 1218 1228 1321
f 3862 1295 3854
f 808 824 823
f 3858 1013 1014
f 3813 1411 1413
f 2154 2159 2160
f 3845 1758 1757
f 306 1922 452
f 2157 1976 1977
f 708 2031 1474
f 1450 1227 1428
f 1672 1605 1624
f 1813 1821 1816
f 1717 1715 1718
f 176 402 347
f 1710 3916 3915
f 1712 1577 1711
f 1705 1711 1704
f 971 979 970
f 822 1094 1102
f 2909 2793 2792
f 2810 2795 2793
f 2799 2249 2800
f 3662 2910 2799
f 2769 2801 2795
f 3177 3178 3179
f 3178 3180 3179
f 3181 1393 2800
f 3181 1632 3182
f 3182 2244 3183
f 3183 2243 3180
f 3492 2790 3491
f 2808 3491 2816
f 2239 3572 2240
f 1149 3571 3570
f 1150 3567 3571
f 2202 3566 2015
f 2921 3565 2923
f 3568 2133 2928
f 1777 1759 1792
f 1201 1183 1184
f 3561 2195 2194
f 3553 2770 2768
f 3927 1687 1692
f 1516 154 503
f 3549 2974 2803
f 3550 2779 2778
f 2771 3575 3546
f 3070 3546 3558
f 3547 2775 2867
f 1376 1370 1372
f 2767 3556 2206
f 2195 3543 2767
f 2775 3542 2776
f 3377 3545 2871
f 3804 3539 2806
f 2776 3538 2805
f 2240 3535 2920
f 2920 3669 3619
f 3548 2786 2779
f 1805 1851 1804
f 3534 2787 2786
f 2951 3540 3531
f 2772 3531 3575
f 2973 3530 3536
f 2224 3537 3530
f 1957 320 510
f 306 304 303
f 2770 3528 2913
f 2913 3574 2239
f 2923 3527 2922
f 308 431 47
f 207 132 543
f 1879 1881 1880
f 3733 3525 2089
f 2475 3558 3524
f 2476 3524 3523
f 2223 3523 3537
f 3522 2803 2802
f 2037 11 1950
f 1959 450 505
f 2003 3520 2129
f 9 334 540
f 2009 3518 3567
f 2008 3536 3518
f 3877 673 3879
f 3515 2778 2784
f 2935 3513 2936
f 111 3570 3511
f 3510 2935 2938
f 683 3885 943
f 3508 2810 2909
f 736 732 729
f 1795 1803 1796
f 3505 2938 2939
f 3507 2939 2940
f 2950 3504 2949
f 2940 3504 3507
f 3801 3512 2950
f 2868 3502 2869
f 2869 3522 2802
f 1024 1023 1020
f 3500 2948 2947
f 551 442 443
f 2972 3568 2928
f 2032 3499 2972
f 216 1924 1923
f 203 201 200
f 1828 1847 1837
f 1958 449 450
f 272 178 175
f 2871 3495 1361
f 3619 3564 2921
f 2801 3643 3662
f 2005 3654 2176
f 960 899 962
f 3657 3612 3624
f 3780 3646 3151
f 3151 3593 2555
f 2193 3623 2194
f 3607 3145 3144
f 3603 2761 3145
f 3592 3144 3104
f 2926 3634 3103
f 3634 3104 3103
f 3755 3746 3753
f 566 3758 2005
f 3488 1864 3500
f 1602 2079 2078
f 2868 3611 2922
f 2922 3610 2923
f 2923 3618 2921
f 3670 2918 3614
f 3619 3614 2920
f 2921 3670 3619
f 2920 3586 2240
f 3613 2915 2918
f 2917 3622 3641
f 2916 3641 3642
f 2239 3652 2913
f 2911 3652 2757
f 3643 2911 2910
f 2797 3662 3591
f 2797 3598 2750
f 3622 2763 2765
f 3608 2764 2745
f 2194 3648 2221
f 2221 3649 2222
f 2756 3609 2755
f 2750 3609 2747
f 3669 1817 3827
f 3763 1691 1699
f 2515 3590 2548
f 2548 3593 2550
f 2513 3632 3616
f 2513 3621 2515
f 2509 3620 2289
f 2510 3633 2509
f 2289 3639 2283
f 2283 3617 2286
f 2240 3587 2239
f 3659 3624 3626
f 716 3887 3888
f 727 3761 1923
f 2165 2170 2164
f 3660 3626 3629
f 3743 3578 3757
f 2175 769 770
f 2100 2095 2099
f 3758 3757 3578
f 640 3568 1826
f 1653 3553 1651
f 1895 3530 746
f 746 3537 741
f 1653 3528 3576
f 3762 1604 1672
f 2093 2073 2078
f 959 995 884
f 962 919 986
f 1400 1398 1399
f 1000 1127 1004
f 956 884 885
f 1662 3550 1661
f 2034 3546 1654
f 3926 3539 3802
f 3535 766 1817
f 3572 765 766
f 334 3571 335
f 1868 3540 1656
f 1684 1652 1678
f 1682 775 1807
f 1585 3762 1700
f 3763 1672 1673
f 2173 490 491
f 1658 3547 1752
f 3556 1650 724
f 1571 2010 1572
f 1587 3671 2080
f 2099 2077 2094
f 787 1999 786
f 2000 786 1999
f 3155 3697 3683
f 3713 3683 3789
f 2180 3685 3684
f 3496 3684 3705
f 1684 3840 1651
f 1760 3495 3545
f 2607 3693 2590
f 2581 3689 2607
f 2371 3700 3695
f 2371 3693 2372
f 2587 3675 2586
f 2586 3697 339
f 2497 3687 2503
f 2502 3687 3700
f 2494 3690 2495
f 3690 2472 2495
f 3688 2468 2472
f 3701 2469 2468
f 726 3892 630
f 581 3518 580
f 10 3570 334
f 1837 3510 1849
f 741 3523 1300
f 1299 3558 2034
f 1851 3504 1866
f 3527 1820 1819
f 580 3536 1895
f 1758 3522 3502
f 1693 3508 1806
f 3504 1867 1866
f 1894 3568 3499
f 2126 3813 3841
f 3906 3841 3912
f 2113 3867 2110
f 2179 3789 3685
f 624 3904 623
f 2192 3788 3780
f 2177 3787 3733
f 1364 3833 1338
f 3858 1470 1453
f 3135 3775 3744
f 2069 3835 2068
f 1351 3853 1352
f 2108 3901 499
f 2089 3736 3733
f 3828 1358 866
f 2001 3783 2187
f 2187 3719 2091
f 2130 3752 2004
f 2004 3749 2001
f 2014 3779 2201
f 2201 3756 2130
f 3167 3759 2969
f 3168 3720 3167
f 3159 3764 3160
f 3160 3765 3081
f 3730 3158 337
f 3158 3709 3159
f 2200 3730 3722
f 3685 3742 2204
f 3722 2197 2200
f 3790 2092 3721
f 3774 3721 2197
f 3154 3790 3774
f 3155 3706 3154
f 2091 3721 2092
f 2196 3750 3776
f 2193 3776 3781
f 3604 3781 3788
f 2086 3780 3778
f 2087 3778 3777
f 2204 3751 2205
f 2205 3750 3148
f 3909 574 692
f 2124 3777 3760
f 2208 3760 3782
f 3711 3140 3137
f 3785 3138 3140
f 3745 3139 3138
f 3771 3136 2322
f 3712 3137 3136
f 3775 3131 3133
f 3767 3132 3131
f 1813 3838 1814
f 1293 3856 1344
f 2184 3748 3732
f 2181 3732 3734
f 3765 3079 3081
f 3768 3080 3079
f 709 3875 2031
f 2774 3737 3769
f 3786 2134 3559
f 3809 766 765
f 2968 3766 2959
f 2969 3784 2968
f 2958 3737 2961
f 2132 3766 2960
f 2321 3771 3748
f 3860 1449 28
f 3905 582 710
f 3886 577 574
f 3847 1818 3827
f 705 3887 2121
f 3816 3907 698
f 2111 3911 2113
f 3810 1366 1411
f 1812 3822 1815
f 675 3852 674
f 3496 3851 675
f 2110 3868 2109
f 2104 3901 2106
f 2109 3899 944
f 3842 703 739
f 1680 3846 1684
f 1639 3819 3818
f 623 3906 697
f 2139 3866 3865
f 1808 3844 3837
f 3820 1819 1820
f 3872 3900 706
f 1646 3830 1648
f 3889 633 577
f 2139 3875 18
f 2156 3871 3874
f 674 3913 3869
f 2117 3812 2069
f 1815 3847 3823
f 3855 1444 1470
f 697 3912 3816
f 866 3836 3828
f 3864 2136 2135
f 3585 3726 3589
f 3583 3731 3585
f 3753 3738 3739
f 3740 3581 3743
f 1088 3746 1093
f 3739 3743 3753
f 2791 3493 2792
f 3492 2807 3493
f 2792 3494 2909
f 3493 2806 3494
f 3508 3494 3516
f 3516 2806 3539
f 2948 3791 3801
f 2105 3896 2104
f 3538 3804 2805
f 680 3876 683
f 1891 3910 3891
f 2905 3801 2950
f 2900 3799 2905
f 2901 3807 2877
f 2734 3806 3794
f 2877 3806 2878
f 2820 3794 2872
f 2818 3792 2827
f 2823 3792 2826
f 2822 3798 2821
f 2819 3800 3798
f 2817 3795 2816
f 2809 3795 2815
f 2808 3803 2807
f 2805 3803 2804
f 1702 3923 1599
f 3922 1797 1802
f 3915 1706 1709
f 3918 1692 1698
f 1657 3880 1879
f 1890 3895 3910
f 3772 1674 1675
f 1689 3772 3773
f 3926 3538 1688
f 3516 1689 3773
f 3917 1703 1764
f 1598 3928 1770
f 3880 1876 1879
f 1691 3925 3927
f 3925 1688 1687
f 1117 1118 3930
f 1066 1322 3930
f 1243 847 3930
f 3825 848 3930
f 1128 1117 3930
f 1129 1130 3930
f 841 1011 3930
f 1230 3863 3930
f 1242 1243 3930
f 1322 1229 3930
f 1064 1065 3930
f 1003 1128 3930
f 1229 1230 3930
f 3863 1285 3930
f 1285 1288 3930
f 848 839 3930
f 847 3825 3930
f 1118 1129 3930
f 1065 1066 3930
f 1087 1086 3930
f 1008 1002 3930
f 1011 1008 3930
f 1002 1003 3930
f 1076 1069 3930
f 838 841 3930
f 839 838 3930
f 1288 1242 3930
f 1130 1087 3930
f 1086 1076 3930
f 1069 1064 3930
f 2410 2414 3931
f 2411 2410 3931
f 3617 2285 3931
f 2394 2393 3931
f 2393 2396 3931
f 2281 2286 3931
f 2282 2280 3931
f 2398 2399 3931
f 2465 2464 3931
f 2396 2397 3931
f 2470 2469 3931
f 2399 2416 3931
f 2480 2395 3931
f 2459 2480 3931
f 2369 2282 3931
f 2460 2459 3931
f 2415 2411 3931
f 2416 2415 3931
f 2364 2363 3931
f 2286 3617 3931
f 2464 2470 3931
f 2469 3703 3931
f 2285 2465 3931
f 2414 2364 3931
f 2395 2394 3931
f 2363 2367 3931
f 2397 2398 3931
f 2280 2281 3931
f 3703 2460 3931
f 2367 2369 3931
f 3934 3937 3938
f 3934 3939 3935
f 3932 3937 3933
f 3938 3943 3939
f 3937 3940 3941
f 3937 3942 3938
f 3942 3947 3943
f 3941 3944 3945
f 3942 3945 3946
f 3947 3950 3951
f 3944 3949 3945
f 3945 3950 3946
f 3950 3955 3951
f 3949 3952 3953
f 3950 3953 3954
f 3955 3958 3959
f 3953 3956 3957
f 3953 3958 3954
f 3959 3962 3963
f 3957 3960 3961
f 3958 3961 3962
f 3962 3967 3963
f 3960 3965 3961
f 3961 3966 3962
f 3966 3971 3967
f 3965 3968 3969
f 3966 3969 3970
f 3970 3975 3971
f 3968 3973 3969
f 3969 3974 3970
f 3974 3979 3975
f 3973 3976 3977
f 3974 3977 3978
f 3979 3982 3983
f 3976 3981 3977
f 3977 3982 3978
f 3982 3987 3983
f 3981 3984 3985
f 3982 3985 3986
f 3987 3990 3991
f 3984 3989 3985
f 3985 3990 3986
f 3991 3994 3995
f 3989 3992 3993
f 3990 3993 3994
f 3995 3998 3999
f 3992 3997 3993
f 3993 3998 3994
f 3998 4003 3999
f 3997 4000 4001
f 3998 4001 4002
f 4002 4007 4003
f 4000 4005 4001
f 4001 4006 4002
f 4006 4011 4007
f 4005 4008 4009
f 4006 4009 4010
f 4011 4014 4015
f 4008 4013 4009
f 4009 4014 4010
f 4014 4019 4015
f 4013 4016 4017
f 4014 4017 4018
f 4019 4022 4023
f 4016 4021 4017
f 4017 4022 4018
f 4023 4026 4027
f 4021 4024 4025
f 4022 4025 4026
f 4027 4030 4031
f 4024 4029 4025
f 4025 4030 4026
f 4031 4034 4035
f 4029 4032 4033
f 4030 4033 4034
f 4034 4039 4035
f 4032 4037 4033
f 4033 4038 4034
f 4038 4043 4039
f 4037 4040 4041
f 4038 4041 4042
f 4043 4046 4047
f 4040 4045 4041
f 4041 4046 4042
f 4046 4051 4047
f 4045 4048 4049
f 4046 4049 4050
f 4051 4055 4056
f 4048 4054 4049
f 4049 4055 4050
f 4056 4059 4060
f 4053 4058 4054
f 4055 4058 4059
f 3932 4052 3936
f 3936 4052 3940
f 3940 4052 3944
f 3944 4052 3948
f 3948 4052 3952
f 3952 4052 3956
f 3956 4052 3960
f 3960 4052 3964
f 3964 4052 3968
f 3968 4052 3972
f 3972 4052 3976
f 3976 4052 3980
f 3980 4052 3984
f 3984 4052 3988
f 3988 4052 3992
f 3992 4052 3996
f 3996 4052 4000
f 4000 4052 4004
f 4004 4052 4008
f 4008 4052 4012
f 4012 4052 4016
f 4016 4052 4020
f 4020 4052 4024
f 4024 4052 4028
f 4028 4052 4032
f 4032 4052 4036
f 4036 4052 4040
f 4040 4052 4044
f 4044 4052 4048
f 4048 4052 4053
f 4053 4052 4057
f 4060 3934 3935
f 4058 3932 3933
f 4058 3934 4059
f 4057 4052 3932
f 4069 4081 4082
f 4066 4080 4067
f 4065 4077 4078
f 4063 4075 4076
f 4071 4085 4072
f 4069 4083 4070
f 4067 4081 4068
f 4066 4078 4079
f 4063 4077 4064
f 4061 4075 4062
f 4072 4086 4073
f 4071 4083 4084
f 4076 4090 4077
f 4074 4088 4075
f 4086 4098 4099
f 4083 4097 4084
f 4082 4094 4095
f 4079 4093 4080
f 4078 4090 4091
f 4076 4088 4089
f 4085 4097 4098
f 4082 4096 4083
f 4080 4094 4081
f 4079 4091 4092
f 4089 4103 4090
f 4088 4100 4101
f 4098 4112 4099
f 4096 4110 4097
f 4095 4107 4108
f 4092 4106 4093
f 4090 4104 4091
f 4089 4101 4102
f 4097 4111 4098
f 4095 4109 4096
f 4094 4106 4107
f 4092 4104 4105
f 4103 4115 4116
f 4100 4114 4101
f 4112 4124 4125
f 4110 4122 4123
f 4107 4121 4108
f 4105 4119 4106
f 4103 4117 4104
f 4101 4115 4102
f 4110 4124 4111
f 4109 4121 4122
f 4107 4119 4120
f 4105 4117 4118
f 4115 4129 4116
f 4114 4126 4127
f 4124 4138 4125
f 4123 4135 4136
f 4120 4134 4121
f 4119 4131 4132
f 4117 4129 4130
f 4114 4128 4115
f 4124 4136 4137
f 4122 4134 4135
f 4119 4133 4120
f 4117 4131 4118
f 4129 4141 4142
f 4126 4140 4127
f 4138 4150 4151
f 4136 4148 4149
f 4133 4147 4134
f 4131 4145 4132
f 4130 4142 4143
f 4127 4141 4128
f 4137 4149 4150
f 4135 4147 4148
f 4132 4146 4133
f 4131 4143 4144
f 4142 4154 4155
f 4140 4152 4153
f 4150 4164 4151
f 4149 4161 4162
f 4146 4160 4147
f 4144 4158 4145
f 4142 4156 4143
f 4140 4154 4141
f 4149 4163 4150
f 4148 4160 4161
f 4146 4158 4159
f 4144 4156 4157
f 4155 4167 4168
f 4153 4165 4166
f 4163 4177 4164
f 4161 4175 4162
f 4159 4173 4160
f 4158 4170 4171
f 4155 4169 4156
f 4153 4167 4154
f 4163 4175 4176
f 4161 4173 4174
f 4159 4171 4172
f 4156 4170 4157
f 4167 4181 4168
f 4165 4179 4166
f 4176 4190 4177
f 4175 4187 4188
f 4173 4185 4186
f 4170 4184 4171
f 4169 4181 4182
f 4167 4179 4180
f 4175 4189 4176
f 4173 4187 4174
f 4171 4185 4172
f 4170 4182 4183
f 4180 4194 4181
f 4178 4192 4179
f 4190 4202 4203
f 4187 4201 4188
f 4186 4198 4199
f 4183 4197 4184
f 4182 4194 4195
f 4180 4192 4193
f 4189 4201 4202
f 4186 4200 4187
f 4184 4198 4185
f 4183 4195 4196
f 4193 4207 4194
f 4192 4204 4205
f 4202 4216 4203
f 4200 4214 4201
f 4199 4211 4212
f 4196 4210 4197
f 4194 4208 4195
f 4193 4205 4206
f 4201 4215 4202
f 4199 4213 4200
f 4198 4210 4211
f 4196 4208 4209
f 4207 4219 4220
f 4204 4218 4205
f 4216 4228 4229
f 4213 4227 4214
f 4211 4225 4212
f 4209 4223 4210
f 4207 4221 4208
f 4205 4219 4206
f 4214 4228 4215
f 4213 4225 4226
f 4211 4223 4224
f 4209 4221 4222
f 4219 4233 4220
f 4218 4230 4231
f 4228 4242 4229
f 4226 4240 4227
f 4225 4237 4238
f 4223 4235 4236
f 4221 4233 4234
f 4218 4232 4219
f 4228 4240 4241
f 4226 4238 4239
f 4223 4237 4224
f 4221 4235 4222
f 4233 4245 4246
f 4230 4244 4231
f 4242 4254 4255
f 4240 4252 4253
f 4237 4251 4238
f 4235 4249 4236
f 4234 4246 4247
f 4231 4245 4232
f 4241 4253 4254
f 4239 4251 4252
f 4236 4250 4237
f 4235 4247 4248
f 4246 4258 4259
f 4244 4256 4257
f 4254 4268 4255
f 4253 4265 4266
f 4250 4264 4251
f 4248 4262 4249
f 4246 4260 4247
f 4244 4258 4245
f 4253 4267 4254
f 4252 4264 4265
f 4250 4262 4263
f 4248 4260 4261
f 4259 4271 4272
f 4257 4269 4270
f 4267 4281 4268
f 4265 4279 4266
f 4263 4277 4264
f 4262 4274 4275
f 4259 4273 4260
f 4257 4271 4258
f 4266 4280 4267
f 4265 4277 4278
f 4263 4275 4276
f 4260 4274 4261
f 4271 4285 4272
f 4269 4283 4270
f 4281 4293 4294
f 4279 4291 4292
f 4277 4289 4290
f 4274 4288 4275
f 4273 4285 4286
f 4271 4283 4284
f 4280 4292 4293
f 4277 4291 4278
f 4275 4289 4276
f 4274 4286 4287
f 4284 4298 4285
f 4282 4296 4283
f 4294 4306 4307
f 4291 4305 4292
f 4290 4302 4303
f 4287 4301 4288
f 4286 4298 4299
f 4284 4296 4297
f 4293 4305 4306
f 4290 4304 4291
f 4288 4302 4289
f 4287 4299 4300
f 4297 4311 4298
f 4296 4308 4309
f 4306 4320 4307
f 4304 4318 4305
f 4303 4315 4316
f 4300 4314 4301
f 4298 4312 4299
f 4297 4309 4310
f 4305 4319 4306
f 4304 4316 4317
f 4302 4314 4315
f 4300 4312 4313
f 4310 4324 4311
f 4308 4322 4309
f 4320 4332 4333
f 4318 4330 4331
f 4316 4328 4329
f 4313 4327 4314
f 4311 4325 4312
f 4310 4322 4323
f 4318 4332 4319
f 4316 4330 4317
f 4315 4327 4328
f 4312 4326 4313
f 4323 4337 4324
f 4322 4334 4335
f 4332 4346 4333
f 4330 4344 4331
f 4329 4341 4342
f 4327 4339 4340
f 4325 4337 4338
f 4322 4336 4323
f 4332 4344 4345
f 4330 4342 4343
f 4327 4341 4328
f 4325 4339 4326
f 4337 4350 4351
f 4334 4349 4335
f 4346 4359 4360
f 4344 4357 4358
f 4341 4356 4342
f 4340 4353 4354
f 4338 4351 4352
f 4335 4350 4336
f 4345 4358 4359
f 4343 4356 4357
f 4340 4355 4341
f 4338 4353 4339
f 4351 4363 4364
f 4349 4361 4362
f 4359 4373 4360
f 4358 4370 4371
f 4355 4369 4356
f 4354 4366 4367
f 4351 4365 4352
f 4349 4363 4350
f 4358 4372 4359
f 4357 4369 4370
f 4355 4367 4368
f 4352 4366 4353
f 4364 4376 4377
f 4362 4374 4375
f 4373 4385 4386
f 4370 4384 4371
f 4368 4382 4369
f 4367 4379 4380
f 4364 4378 4365
f 4362 4376 4363
f 4372 4384 4385
f 4370 4382 4383
f 4368 4380 4381
f 4365 4379 4366
f 4376 4390 4377
f 4374 4388 4375
f 4385 4399 4386
f 4384 4396 4397
f 4382 4394 4395
f 4379 4393 4380
f 4378 4390 4391
f 4376 4388 4389
f 4384 4398 4385
f 4382 4396 4383
f 4380 4394 4381
f 4379 4391 4392
f 4389 4403 4390
f 4387 4401 4388
f 4399 4411 4412
f 4396 4410 4397
f 4395 4407 4408
f 4393 4405 4406
f 4391 4403 4404
f 4389 4401 4402
f 4398 4410 4411
f 4395 4409 4396
f 4393 4407 4394
f 4391 4405 4392
f 4402 4416 4403
f 4401 4413 4414
f 4411 4425 4412
f 4409 4423 4410
f 4408 4420 4421
f 4406 4418 4419
f 4403 4417 4404
f 4402 4414 4415
f 4410 4424 4411
f 4408 4422 4409
f 4407 4419 4420
f 4404 4418 4405
f 4416 4428 4429
f 4413 4427 4414
f 4425 4437 4438
f 4423 4435 4436
f 4421 4433 4434
f 4418 4432 4419
f 4416 4430 4417
f 4415 4427 4428
f 4423 4437 4424
f 4421 4435 4422
f 4420 4432 4433
f 4418 4430 4431
f 4428 4442 4429
f 4426 4440 4427
f 4437 4451 4438
f 4435 4449 4436
f 4434 4446 4447
f 4432 4444 4445
f 4430 4442 4443
f 4427 4441 4428
f 4437 4449 4450
f 4435 4447 4448
f 4432 4446 4433
f 4430 4444 4431
f 4442 4454 4455
f 4439 4453 4440
f 4451 4463 4464
f 4449 4461 4462
f 4446 4460 4447
f 4444 4458 4445
f 4443 4455 4456
f 4440 4454 4441
f 4450 4462 4463
f 4447 4461 4448
f 4445 4459 4446
f 4444 4456 4457
f 4455 4467 4468
f 4453 4465 4466
f 4463 4477 4464
f 4462 4474 4475
f 4459 4473 4460
f 4457 4471 4458
f 4455 4469 4456
f 4453 4467 4454
f 4462 4476 4463
f 4461 4473 4474
f 4459 4471 4472
f 4457 4469 4470
f 4347 4073 4086
f 4347 4086 4099
f 4347 4099 4112
f 4347 4112 4125
f 4347 4125 4138
f 4347 4138 4151
f 4347 4151 4164
f 4347 4164 4177
f 4347 4177 4190
f 4347 4190 4203
f 4347 4203 4216
f 4347 4216 4229
f 4347 4229 4242
f 4347 4242 4255
f 4347 4255 4268
f 4347 4268 4281
f 4347 4281 4294
f 4347 4294 4307
f 4347 4307 4320
f 4347 4320 4333
f 4347 4333 4346
f 4347 4346 4360
f 4347 4360 4373
f 4347 4373 4386
f 4347 4386 4399
f 4347 4399 4412
f 4347 4412 4425
f 4347 4425 4438
f 4347 4438 4451
f 4347 4451 4464
f 4347 4464 4477
f 4468 4063 4064
f 4466 4061 4062
f 4477 4072 4073
f 4474 4071 4475
f 4472 4069 4473
f 4471 4066 4067
f 4468 4065 4469
f 4466 4063 4467
f 4347 4477 4073
f 4476 4071 4072
f 4474 4069 4070
f 4472 4067 4068
f 4469 4066 4470
f 3935 4465 4060
f 4465 4056 4060
f 4452 4051 4056
f 4439 4047 4051
f 4047 4413 4043
f 4043 4400 4039
f 4039 4387 4035
f 4387 4031 4035
f 4031 4361 4027
f 4361 4023 4027
f 4348 4019 4023
f 4334 4015 4019
f 4015 4308 4011
f 4011 4295 4007
f 4007 4282 4003
f 4282 3999 4003
f 3999 4256 3995
f 4256 3991 3995
f 4243 3987 3991
f 4230 3983 3987
f 3983 4204 3979
f 3979 4191 3975
f 3975 4178 3971
f 4178 3967 3971
f 3967 4152 3963
f 4152 3959 3963
f 4139 3955 3959
f 4126 3951 3955
f 3951 4100 3947
f 3947 4087 3943
f 3943 4074 3939
f 4074 3935 3939
f 4480 4483 4484
f 4480 4485 4481
f 4479 4482 4483
f 4484 4489 4485
f 4482 4487 4483
f 4483 4488 4484
f 4488 4493 4489
f 4487 4490 4491
f 4488 4491 4492
f 4493 4496 4497
f 4490 4495 4491
f 4491 4496 4492
f 4496 4501 4497
f 4495 4498 4499
f 4496 4499 4500
f 4501 4504 4505
f 4498 4503 4499
f 4499 4504 4500
f 4505 4508 4509
f 4503 4506 4507
f 4504 4507 4508
f 4509 4512 4513
f 4506 4511 4507
f 4507 4512 4508
f 4513 4516 4517
f 4511 4514 4515
f 4512 4515 4516
f 4516 4521 4517
f 4514 4519 4515
f 4515 4520 4516
f 4520 4525 4521
f 4518 4523 4519
f 4520 4523 4524
f 4525 4528 4529
f 4522 4527 4523
f 4523 4528 4524
f 4528 4533 4529
f 4527 4530 4531
f 4528 4531 4532
f 4533 4536 4537
f 4530 4535 4531
f 4531 4536 4532
f 4537 4540 4541
f 4534 4539 4535
f 4536 4539 4540
f 4541 4544 4545
f 4539 4542 4543
f 4539 4544 4540
f 4544 4549 4545
f 4542 4547 4543
f 4544 4547 4548
f 4548 4553 4549
f 4547 4550 4551
f 4547 4552 4548
f 4552 4557 4553
f 4551 4554 4555
f 4552 4555 4556
f 4557 4560 4561
f 4554 4559 4555
f 4555 4560 4556
f 4560 4565 4561
f 4559 4562 4563
f 4560 4563 4564
f 4565 4568 4569
f 4562 4567 4563
f 4563 4568 4564
f 4569 4572 4573
f 4567 4570 4571
f 4568 4571 4572
f 4572 4577 4573
f 4570 4575 4571
f 4571 4576 4572
f 4576 4581 4577
f 4575 4578 4579
f 4576 4579 4580
f 4580 4585 4581
f 4578 4583 4579
f 4579 4584 4580
f 4584 4589 4585
f 4583 4586 4587
f 4584 4587 4588
f 4589 4592 4593
f 4586 4591 4587
f 4587 4592 4588
f 4592 4597 4593
f 4591 4594 4595
f 4592 4595 4596
f 4597 4601 4602
f 4594 4600 4595
f 4595 4601 4596
f 4602 4605 4606
f 4600 4603 4604
f 4601 4604 4605
f 4478 4598 4482
f 4482 4598 4486
f 4486 4598 4490
f 4490 4598 4494
f 4494 4598 4498
f 4498 4598 4502
f 4502 4598 4506
f 4506 4598 4510
f 4510 4598 4514
f 4514 4598 4518
f 4518 4598 4522
f 4522 4598 4526
f 4526 4598 4530
f 4530 4598 4534
f 4534 4598 4538
f 4538 4598 4542
f 4542 4598 4546
f 4546 4598 4550
f 4550 4598 4554
f 4554 4598 4558
f 4558 4598 4562
f 4562 4598 4566
f 4566 4598 4570
f 4570 4598 4574
f 4574 4598 4578
f 4578 4598 4582
f 4582 4598 4586
f 4586 4598 4590
f 4590 4598 4594
f 4594 4598 4599
f 4599 4598 4603
f 4606 4480 4481
f 4603 4479 4604
f 4604 4480 4605
f 4603 4598 4478
f 4615 4627 4628
f 4612 4626 4613
f 4611 4623 4624
f 4609 4621 4622
f 4618 4630 4631
f 4615 4629 4616
f 4613 4627 4614
f 4612 4624 4625
f 4609 4623 4610
f 4607 4621 4608
f 4619 4631 4632
f 4617 4629 4630
f 4622 4636 4623
f 4620 4634 4621
f 4632 4644 4645
f 4629 4643 4630
f 4628 4640 4641
f 4626 4638 4639
f 4624 4636 4637
f 4622 4634 4635
f 4631 4643 4644
f 4628 4642 4629
f 4626 4640 4627
f 4624 4638 4625
f 4635 4649 4636
f 4634 4646 4647
f 4644 4658 4645
f 4642 4656 4643
f 4641 4653 4654
f 4639 4651 4652
f 4636 4650 4637
f 4635 4647 4648
f 4643 4657 4644
f 4642 4654 4655
f 4640 4652 4653
f 4637 4651 4638
f 4648 4662 4649
f 4646 4660 4647
f 4658 4670 4671
f 4656 4668 4669
f 4653 4667 4654
f 4651 4665 4652
f 4649 4663 4650
f 4648 4660 4661
f 4656 4670 4657
f 4654 4668 4655
f 4653 4665 4666
f 4651 4663 4664
f 4661 4675 4662
f 4660 4672 4673
f 4670 4684 4671
f 4668 4682 4669
f 4667 4679 4680
f 4665 4677 4678
f 4663 4675 4676
f 4661 4673 4674
f 4670 4682 4683
f 4667 4681 4668
f 4665 4679 4666
f 4663 4677 4664
f 4675 4687 4688
f 4672 4686 4673
f 4684 4696 4697
f 4682 4694 4695
f 4679 4693 4680
f 4678 4690 4691
f 4676 4688 4689
f 4673 4687 4674
f 4683 4695 4696
f 4681 4693 4694
f 4678 4692 4679
f 4676 4690 4677
f 4688 4700 4701
f 4686 4698 4699
f 4696 4710 4697
f 4695 4707 4708
f 4692 4706 4693
f 4691 4703 4704
f 4688 4702 4689
f 4686 4700 4687
f 4695 4709 4696
f 4694 4706 4707
f 4692 4704 4705
f 4689 4703 4690
f 4701 4713 4714
f 4699 4711 4712
f 4710 4722 4723
f 4707 4721 4708
f 4705 4719 4706
f 4704 4716 4717
f 4701 4715 4702
f 4699 4713 4700
f 4709 4721 4722
f 4707 4719 4720
f 4705 4717 4718
f 4702 4716 4703
f 4713 4727 4714
f 4711 4725 4712
f 4723 4735 4736
f 4721 4733 4734
f 4719 4731 4732
f 4716 4730 4717
f 4715 4727 4728
f 4713 4725 4726
f 4721 4735 4722
f 4719 4733 4720
f 4717 4731 4718
f 4716 4728 4729
f 4726 4740 4727
f 4724 4738 4725
f 4736 4748 4749
f 4733 4747 4734
f 4732 4744 4745
f 4730 4742 4743
f 4728 4740 4741
f 4726 4738 4739
f 4735 4747 4748
f 4732 4746 4733
f 4730 4744 4731
f 4728 4742 4729
f 4739 4753 4740
f 4738 4750 4751
f 4748 4762 4749
f 4746 4760 4747
f 4745 4757 4758
f 4743 4755 4756
f 4740 4754 4741
f 4739 4751 4752
f 4747 4761 4748
f 4745 4759 4746
f 4744 4756 4757
f 4741 4755 4742
f 4753 4765 4766
f 4750 4764 4751
f 4762 4774 4775
f 4759 4773 4760
f 4758 4770 4771
f 4755 4769 4756
f 4753 4767 4754
f 4752 4764 4765
f 4760 4774 4761
f 4758 4772 4759
f 4757 4769 4770
f 4755 4767 4768
f 4765 4779 4766
f 4764 4776 4777
f 4774 4788 4775
f 4772 4786 4773
f 4771 4783 4784
f 4769 4781 4782
f 4767 4779 4780
f 4765 4777 4778
f 4774 4786 4787
f 4771 4785 4772
f 4769 4783 4770
f 4767 4781 4768
f 4779 4791 4792
f 4776 4790 4777
f 4788 4800 4801
f 4786 4798 4799
f 4783 4797 4784
f 4782 4794 4795
f 4780 4792 4793
f 4777 4791 4778
f 4787 4799 4800
f 4785 4797 4798
f 4782 4796 4783
f 4780 4794 4781
f 4792 4804 4805
f 4790 4802 4803
f 4800 4814 4801
f 4799 4811 4812
f 4796 4810 4797
f 4795 4807 4808
f 4792 4806 4793
f 4790 4804 4791
f 4799 4813 4800
f 4798 4810 4811
f 4796 4808 4809
f 4793 4807 4794
f 4805 4817 4818
f 4803 4815 4816
f 4814 4826 4827
f 4811 4825 4812
f 4809 4823 4810
f 4808 4820 4821
f 4805 4819 4806
f 4803 4817 4804
f 4813 4825 4826
f 4811 4823 4824
f 4809 4821 4822
f 4806 4820 4807
f 4817 4831 4818
f 4815 4829 4816
f 4826 4840 4827
f 4825 4837 4838
f 4823 4835 4836
f 4820 4834 4821
f 4819 4831 4832
f 4817 4829 4830
f 4825 4839 4826
f 4823 4837 4824
f 4821 4835 4822
f 4820 4832 4833
f 4830 4844 4831
f 4828 4842 4829
f 4840 4852 4853
f 4837 4851 4838
f 4836 4848 4849
f 4834 4846 4847
f 4832 4844 4845
f 4830 4842 4843
f 4839 4851 4852
f 4836 4850 4837
f 4834 4848 4835
f 4832 4846 4833
f 4843 4857 4844
f 4842 4854 4855
f 4852 4866 4853
f 4850 4864 4851
f 4849 4861 4862
f 4847 4859 4860
f 4844 4858 4845
f 4843 4855 4856
f 4851 4865 4852
f 4849 4863 4850
f 4848 4860 4861
f 4845 4859 4846
f 4857 4869 4870
f 4855 4867 4868
f 4866 4878 4879
f 4864 4876 4877
f 4862 4874 4875
f 4859 4873 4860
f 4857 4871 4858
f 4856 4868 4869
f 4864 4878 4865
f 4862 4876 4863
f 4861 4873 4874
f 4859 4871 4872
f 4869 4883 4870
f 4868 4880 4881
f 4878 4892 4879
f 4877 4889 4890
f 4874 4888 4875
f 4873 4885 4886
f 4871 4883 4884
f 4868 4882 4869
f 4878 4890 4891
f 4876 4888 4889
f 4873 4887 4874
f 4871 4885 4872
f 4883 4896 4897
f 4880 4895 4881
f 4892 4905 4906
f 4890 4903 4904
f 4887 4902 4888
f 4885 4900 4886
f 4884 4897 4898
f 4881 4896 4882
f 4891 4904 4905
f 4889 4902 4903
f 4886 4901 4887
f 4885 4898 4899
f 4897 4909 4910
f 4895 4907 4908
f 4905 4919 4906
f 4904 4916 4917
f 4901 4915 4902
f 4899 4913 4900
f 4897 4911 4898
f 4895 4909 4896
f 4904 4918 4905
f 4903 4915 4916
f 4901 4913 4914
f 4899 4911 4912
f 4910 4922 4923
f 4908 4920 4921
f 4919 4931 4932
f 4916 4930 4917
f 4914 4928 4915
f 4913 4925 4926
f 4910 4924 4911
f 4908 4922 4909
f 4918 4930 4931
f 4916 4928 4929
f 4914 4926 4927
f 4911 4925 4912
f 4922 4936 4923
f 4920 4934 4921
f 4931 4945 4932
f 4930 4942 4943
f 4928 4940 4941
f 4925 4939 4926
f 4924 4936 4937
f 4922 4934 4935
f 4930 4944 4931
f 4928 4942 4929
f 4926 4940 4927
f 4925 4937 4938
f 4935 4949 4936
f 4933 4947 4934
f 4945 4957 4958
f 4942 4956 4943
f 4941 4953 4954
f 4938 4952 4939
f 4937 4949 4950
f 4935 4947 4948
f 4944 4956 4957
f 4941 4955 4942
f 4939 4953 4940
f 4938 4950 4951
f 4948 4962 4949
f 4947 4959 4960
f 4957 4971 4958
f 4955 4969 4956
f 4954 4966 4967
f 4951 4965 4952
f 4949 4963 4950
f 4948 4960 4961
f 4956 4970 4957
f 4954 4968 4955
f 4953 4965 4966
f 4951 4963 4964
f 4962 4974 4975
f 4959 4973 4960
f 4971 4983 4984
f 4968 4982 4969
f 4966 4980 4967
f 4964 4978 4965
f 4962 4976 4963
f 4960 4974 4961
f 4969 4983 4970
f 4967 4981 4968
f 4966 4978 4979
f 4964 4976 4977
f 4975 4987 4988
f 4973 4985 4986
f 4983 4997 4984
f 4981 4995 4982
f 4979 4993 4980
f 4978 4990 4991
f 4976 4988 4989
f 4973 4987 4974
f 4983 4995 4996
f 4981 4993 4994
f 4978 4992 4979
f 4976 4990 4977
f 4988 5000 5001
f 4985 4999 4986
f 4997 5009 5010
f 4995 5007 5008
f 4992 5006 4993
f 4991 5003 5004
f 4989 5001 5002
f 4986 5000 4987
f 4996 5008 5009
f 4994 5006 5007
f 4991 5005 4992
f 4989 5003 4990
f 5001 5013 5014
f 4999 5011 5012
f 5009 5023 5010
f 5008 5020 5021
f 5005 5019 5006
f 5004 5016 5017
f 5001 5015 5002
f 4999 5013 5000
f 5008 5022 5009
f 5007 5019 5020
f 5005 5017 5018
f 5002 5016 5003
f 4893 4619 4632
f 4893 4632 4645
f 4893 4645 4658
f 4893 4658 4671
f 4893 4671 4684
f 4893 4684 4697
f 4893 4697 4710
f 4893 4710 4723
f 4893 4723 4736
f 4893 4736 4749
f 4893 4749 4762
f 4893 4762 4775
f 4893 4775 4788
f 4893 4788 4801
f 4893 4801 4814
f 4893 4814 4827
f 4893 4827 4840
f 4893 4840 4853
f 4893 4853 4866
f 4893 4866 4879
f 4893 4879 4892
f 4893 4892 4906
f 4893 4906 4919
f 4893 4919 4932
f 4893 4932 4945
f 4893 4945 4958
f 4893 4958 4971
f 4893 4971 4984
f 4893 4984 4997
f 4893 4997 5010
f 4893 5010 5023
f 5014 4609 4610
f 5012 4607 4608
f 5022 4619 5023
f 5020 4617 5021
f 5018 4615 5019
f 5017 4612 4613
f 5014 4611 5015
f 5012 4609 5013
f 4893 5023 4619
f 5021 4618 5022
f 5020 4615 4616
f 5018 4613 4614
f 5015 4612 5016
f 4481 5011 4606
f 5011 4602 4606
f 4998 4597 4602
f 4985 4593 4597
f 4593 4959 4589
f 4589 4946 4585
f 4585 4933 4581
f 4933 4577 4581
f 4577 4907 4573
f 4907 4569 4573
f 4894 4565 4569
f 4880 4561 4565
f 4561 4854 4557
f 4557 4841 4553
f 4553 4828 4549
f 4828 4545 4549
f 4545 4802 4541
f 4802 4537 4541
f 4789 4533 4537
f 4776 4529 4533
f 4529 4750 4525
f 4525 4737 4521
f 4521 4724 4517
f 4724 4513 4517
f 4513 4698 4509
f 4698 4505 4509
f 4685 4501 4505
f 4672 4497 4501
f 4497 4646 4493
f 4493 4633 4489
f 4489 4620 4485
f 4620 4481 4485
f 4 3 2
f 8 7 6
f 13 16 15
f 17 28 19
f 32 31 30
f 36 35 34
f 37 40 39
f 21 22 23
f 25 26 27
f 41 44 43
f 48 47 46
f 52 51 50
f 53 56 55
f 60 59 58
f 29 30 62
f 66 65 64
f 67 5 6
f 72 71 70
f 76 75 74
f 77 80 79
f 81 84 83
f 59 87 86
f 88 91 90
f 96 95 94
f 100 99 98
f 101 104 103
f 106 105 34
f 108 116 115
f 117 119 36
f 124 127 126
f 131 130 129
f 132 102 134
f 142 141 140
f 148 106 60
f 144 143 127
f 149 152 151
f 156 155 154
f 159 150 158
f 116 108 164
f 171 170 169
f 174 126 173
f 179 182 181
f 186 189 188
f 194 197 196
f 199 142 139
f 206 209 208
f 213 212 211
f 202 215 214
f 96 93 216
f 92 238 43
f 97 184 246
f 250 249 229
f 252 254 58
f 258 257 256
f 260 91 229
f 110 111 112
f 114 264 263
f 265 268 267
f 56 53 270
f 274 273 249
f 185 183 63
f 280 279 278
f 285 284 283
f 288 219 211
f 141 142 92
f 289 290 175
f 148 116 105
f 312 311 170
f 238 262 42
f 318 163 160
f 310 309 308
f 241 239 325
f 160 230 240
f 47 48 307
f 108 109 315
f 345 85 86
f 348 351 350
f 356 359 358
f 355 354 353
f 363 31 32
f 364 252 253
f 366 125 368
f 183 372 371
f 163 162 161
f 209 226 101
f 378 377 165
f 379 295 381
f 383 382 3
f 284 285 386
f 387 127 389
f 391 259 229
f 73 281 397
f 405 408 407
f 203 218 411
f 414 121 413
f 1 356 357
f 277 276 131
f 254 344 57
f 358 384 415
f 417 416 386
f 401 400 192
f 419 389 127
f 421 181 182
f 103 301 302
f 428 367 368
f 380 390 359
f 62 204 266
f 140 141 431
f 357 358 351
f 356 1 379
f 415 392 403
f 437 428 436
f 438 441 440
f 188 451 450
f 265 455 181
f 224 185 64
f 237 212 213
f 275 131 128
f 281 282 460
f 50 462 79
f 73 74 282
f 468 467 466
f 390 355 352
f 482 485 484
f 489 488 487
f 493 496 495
f 472 471 470
f 502 501 500
f 220 221 222
f 512 419 143
f 518 517 511
f 513 239 230
f 205 30 31
f 189 370 451
f 163 318 532
f 533 224 225
f 446 448 447
f 335 541 540
f 544 512 546
f 329 519 291
f 199 534 262
f 385 386 416
f 532 190 191
f 363 117 118
f 578 581 580
f 573 572 571
f 561 563 562
f 241 260 259
f 590 593 592
f 545 546 595
f 503 154 155
f 606 625 624
f 478 481 480
f 646 649 648
f 590 591 689
f 564 565 651
f 728 246 184
f 714 724 716
f 692 574 575
f 541 335 581
f 346 68 248
f 161 231 230
f 128 129 94
f 698 705 704
f 574 577 576
f 290 289 401
f 630 631 725
f 733 736 735
f 755 466 496
f 759 480 481
f 757 763 762
f 764 496 466
f 768 767 3808
f 759 760 488
f 492 474 475
f 474 770 769
f 773 468 465
f 771 774 486
f 484 485 775
f 774 776 489
f 495 496 764
f 495 757 761
f 137 397 784
f 325 239 797
f 165 519 51
f 369 32 29
f 730 731 568
f 90 302 301
f 243 118 516
f 800 734 806
f 817 815 808
f 816 808 823
f 306 303 447
f 815 810 809
f 829 830 828
f 726 725 501
f 274 427 424
f 879 882 881
f 884 883 879
f 219 218 217
f 906 905 904
f 455 204 205
f 898 882 830
f 903 900 880
f 377 291 519
f 923 949 948
f 946 947 951
f 3519 740 739
f 900 899 886
f 225 64 65
f 182 445 442
f 809 952 947
f 954 960 962
f 927 950 965
f 885 879 880
f 925 927 966
f 343 342 341
f 965 964 971
f 968 971 970
f 972 968 969
f 963 961 981
f 336 337 338
f 992 993 827
f 810 815 996
f 1007 1001 1002
f 1012 826 827
f 1011 1009 1007
f 294 293 292
f 907 908 920
f 1017 579 1019
f 1020 1023 1022
f 1035 1024 1020
f 1061 1060 1047
f 1063 1061 1046
f 1044 1020 1021
f 1102 1094 1097
f 1116 1126 1118
f 1016 1015 1014
f 881 897 904
f 816 1116 1127
f 1094 948 949
f 514 342 167
f 146 145 81
f 1133 1135 1130
f 1102 1133 1126
f 822 1126 1116
f 1145 1143 1148
f 1076 1144 1151
f 1148 1143 1086
f 1109 1097 1114
f 1154 1153 1156
f 1153 925 967
f 3464 3497 463
f 1144 1147 1152
f 1156 967 1163
f 1164 1162 1169
f 1145 1171 1176
f 1114 1115 1154
f 1183 1155 1164
f 1184 1183 1177
f 1069 1151 1062
f 1023 1191 1194
f 1162 1163 1170
f 1195 1184 1185
f 1183 1196 1176
f 1201 1063 1152
f 1061 1063 1201
f 3825 847 843
f 1203 1202 1195
f 1202 1201 1184
f 1218 1060 1203
f 1060 1061 1202
f 1225 1218 1217
f 671 695 694
f 1219 1217 1024
f 1217 1203 1034
f 1226 1014 1015
f 1243 1242 1234
f 1231 1230 1229
f 847 1243 1233
f 843 1233 1244
f 1233 1234 1245
f 1923 3761 233
f 2100 2108 499
f 3914 3864 2135
f 61 62 323
f 210 211 217
f 1299 1310 1309
f 3863 1230 1231
f 1066 1047 1321
f 1322 1321 1228
f 1060 1218 1321
f 1325 1324 1323
f 1244 1245 1332
f 1290 1234 1242
f 1337 1330 1339
f 1330 1332 1340
f 1341 1332 1245
f 1342 1340 1332
f 1343 1342 1341
f 1344 1341 1294
f 3857 3856 1345
f 1347 1348 1342
f 3856 3854 1295
f 1349 1350 1348
f 3861 1349 1347
f 3853 1347 1343
f 906 898 829
f 905 906 1353
f 865 1356 1355
f 1355 1353 829
f 1357 1355 825
f 1356 1354 1353
f 3834 1337 1338
f 866 1358 1356
f 1358 1359 1354
f 3828 878 1337
f 838 1362 1012
f 1363 1364 1338
f 1368 1363 1339
f 1348 1368 1340
f 1371 1369 3824
f 524 525 526
f 528 529 530
f 1372 1370 1369
f 535 536 537
f 1367 1368 1348
f 1370 1354 1359
f 1369 1359 3833
f 1373 910 903
f 555 556 557
f 1374 909 910
f 1373 904 905
f 1374 1373 1375
f 1375 905 1354
f 1378 920 908
f 376 373 651
f 1388 928 973
f 586 587 588
f 1390 1389 1388
f 1391 1388 969
f 597 598 599
f 600 601 602
f 1392 1391 970
f 608 609 610
f 612 524 523
f 614 615 616
f 617 618 25
f 620 621 622
f 1397 1390 1391
f 1398 1397 1392
f 1400 987 920
f 1402 1403 1165
f 636 637 638
f 930 1404 1402
f 641 642 643
f 929 1402 1169
f 1404 1405 1403
f 1411 1366 1365
f 1412 1406 1415
f 652 653 654
f 609 656 657
f 659 660 661
f 558 663 586
f 665 666 667
f 1413 1411 1406
f 1418 1416 3810
f 1417 1372 1371
f 1416 1371 3829
f 1419 1417 1416
f 1386 909 1374
f 677 678 679
f 1385 1386 1420
f 1420 1374 1376
f 685 686 687
f 1421 1420 1422
f 528 690 691
f 1422 1376 1372
f 1018 1019 747
f 699 700 701
f 1424 578 579
f 3663 1597 1767
f 700 699 711
f 1093 3746 3754
f 717 718 530
f 721 722 723
f 704 1650 3543
f 19 1429 1426
f 1429 1428 1427
f 1658 1659 3542
f 1439 1437 1434
f 1437 1436 1435
f 1426 1427 1433
f 1442 1431 1432
f 742 743 744
f 1432 1433 1441
f 751 752 753
f 1438 1434 1403
f 1446 1445 1444
f 1447 1448 1446
f 3860 1447 1443
f 1415 1367 1445
f 1414 1415 1446
f 2173 1683 469
f 777 778 779
f 780 781 782
f 1676 1693 1806
f 3859 1451 1349
f 789 790 791
f 745 792 793
f 652 794 795
f 1455 1458 1457
f 1454 1367 1350
f 610 691 802
f 3831 3816 698
f 1352 1044 1045
f 1015 1016 1459
f 811 812 813
f 2118 3815 3817
f 819 820 821
f 1466 1463 1194
f 1467 1468 1465
f 1182 1165 1468
f 832 812 833
f 835 836 837
f 1467 1466 1190
f 1469 1470 1444
f 840 700 712
f 1453 1470 1469
f 599 844 845
f 1226 1450 3849
f 851 852 853
f 855 744 856
f 858 859 860
f 861 862 863
f 1014 1226 3855
f 867 676 868
f 870 871 872
f 874 875 876
f 1310 1323 1471
f 1476 1433 1427
f 1461 1476 1475
f 887 888 889
f 788 791 892
f 894 895 896
f 1460 1475 1227
f 901 902 524
f 1465 1478 1477
f 1865 3503 3500
f 911 912 913
f 916 917 918
f 1850 3505 3507
f 921 922 895
f 1479 1435 1436
f 926 664 667
f 1481 562 563
f 269 1483 84
f 931 932 933
f 934 935 614
f 936 685 688
f 938 659 662
f 1484 270 122
f 941 942 835
f 320 321 509
f 1849 3510 3505
f 84 1483 1484
f 1487 1490 1488
f 1757 1758 3502
f 365 1492 1491
f 461 79 80
f 117 363 362
f 1494 540 541
f 926 601 957
f 1477 1441 1433
f 1709 1588 1585
f 119 117 1496
f 271 1497 504
f 511 517 189
f 345 1496 1492
f 57 344 299
f 1501 1499 268
f 267 268 1499
f 974 975 976
f 1678 1652 1693
f 3846 1682 1807
f 557 982 663
f 983 941 984
f 1443 1444 3849
f 421 1500 268
f 989 990 991
f 1490 1487 418
f 279 280 309
f 997 868 676
f 998 26 999
f 1504 418 38
f 1506 1508 1507
f 360 361 1508
f 1506 1486 207
f 939 1005 1006
f 270 1484 1483
f 66 63 546
f 1010 742 793
f 367 428 437
f 244 31 363
f 1670 3532 3534
f 209 206 1510
f 388 389 426
f 427 274 250
f 161 520 521
f 100 246 45
f 1025 1026 608
f 1029 1030 1031
f 939 662 1033
f 41 42 594
f 1036 780 783
f 702 701 1038
f 1040 1041 1042
f 362 32 369
f 187 1520 477
f 70 1487 539
f 1049 600 603
f 613 867 869
f 860 1050 1051
f 1005 1052 1053
f 753 1055 1056
f 1057 1058 1059
f 293 288 1522
f 288 212 1521
f 292 1522 1523
f 331 1507 1508
f 306 452 453
f 100 44 41
f 462 1524 78
f 330 331 1524
f 635 1067 1068
f 1485 1527 1526
f 206 1485 1528
f 1070 1071 1072
f 942 941 1073
f 916 933 1075
f 440 1529 1530
f 157 158 1514
f 1529 162 5
f 371 595 546
f 790 586 663
f 1077 858 857
f 1403 1434 1435
f 1080 1081 1082
f 531 520 1529
f 21 1083 1084
f 272 1532 1531
f 690 712 802
f 335 3571 3567
f 1090 1030 1029
f 1092 795 794
f 1533 396 137
f 661 660 1095
f 69 444 445
f 1099 1100 1101
f 38 39 1536
f 1104 1105 1106
f 852 1107 1108
f 1377 908 909
f 291 377 411
f 316 1536 516
f 539 1488 1533
f 1505 1536 316
f 1110 1111 1112
f 1539 1537 460
f 522 441 1537
f 834 837 1120
f 1122 1123 1124
f 612 1125 1041
f 935 793 615
f 276 278 130
f 1686 3549 3522
f 193 190 1541
f 231 521 1540
f 556 1037 982
f 365 253 85
f 190 532 318
f 1810 765 3574
f 3924 1867 3512
f 1132 983 985
f 208 101 102
f 1134 1033 662
f 1491 518 80
f 429 133 1542
f 1137 1138 915
f 172 436 428
f 1139 1140 1141
f 549 96 54
f 1517 1519 1518
f 834 1119 984
f 1543 513 286
f 1544 797 239
f 133 134 1544
f 506 361 257
f 420 327 328
f 1158 1159 1160
f 587 1104 1103
f 607 1161 1027
f 304 1546 1545
f 364 1491 77
f 69 70 198
f 700 840 1112
f 3877 626 3525
f 1166 719 657
f 1167 1168 858
f 1300 3523 3524
f 1172 1173 1174
f 218 203 200
f 1179 1180 1181
f 372 183 97
f 89 104 227
f 1186 1187 1188
f 172 173 1517
f 1482 84 81
f 1090 1192 1193
f 394 395 353
f 526 525 1198
f 1199 1200 1026
f 606 623 697
f 1204 1205 1206
f 1207 1208 523
f 1209 1210 867
f 914 913 685
f 1478 1436 1441
f 1029 1028 1161
f 1211 1212 1213
f 3858 1453 1451
f 844 1215 1216
f 423 193 273
f 1220 1221 1222
f 22 1223 1224
f 882 898 897
f 1519 1517 173
f 1189 1188 1232
f 349 350 550
f 1071 1235 1236
f 1237 1238 1239
f 1221 1186 1189
f 1510 1528 1512
f 939 1032 1241
f 1556 1530 5
f 1553 1554 394
f 404 1556 67
f 1247 1248 1249
f 142 199 238
f 1251 1067 635
f 850 1252 1253
f 1254 1167 1077
f 57 132 133
f 443 430 552
f 1187 1172 1175
f 1256 1070 831
f 432 405 382
f 741 748 747
f 434 350 351
f 349 432 383
f 251 124 1481
f 395 384 352
f 1518 1519 1550
f 1558 410 378
f 109 263 314
f 285 1514 1513
f 395 394 393
f 202 203 410
f 417 408 405
f 1246 1257 1258
f 3 1559 297
f 1259 1260 1261
f 403 404 347
f 955 954 953
f 462 50 51
f 1096 1095 687
f 429 147 60
f 896 1264 1265
f 1267 721 1268
f 423 424 327
f 37 179 180
f 20 23 1187
f 1256 1168 1071
f 1188 1175 1269
f 1236 1270 1271
f 1272 536 535
f 565 564 463
f 1273 792 745
f 876 1254 1255
f 316 33 164
f 437 1516 503
f 194 1494 1495
f 1275 1276 864
f 624 625 631
f 1277 1274 1137
f 569 568 567
f 1481 124 125
f 324 325 547
f 1279 1108 1107
f 1525 332 329
f 1281 1278 1137
f 171 168 1553
f 1488 73 396
f 1557 1561 1562
f 1282 856 1206
f 1053 1277 1278
f 778 777 607
f 713 583 3566
f 251 225 144
f 4 357 348
f 709 708 707
f 728 48 45
f 261 135 1563
f 789 1286 1287
f 74 314 263
f 403 284 385
f 1178 1181 1240
f 1223 1259 1289
f 1220 20 1186
f 296 1518 354
f 784 459 1538
f 1181 1180 1291
f 1269 1292 1257
f 1566 1538 438
f 136 784 1566
f 1563 1564 169
f 107 114 109
f 1297 1282 1298
f 1464 1477 1476
f 1520 187 507
f 1301 1302 1303
f 1306 1307 1308
f 175 456 1532
f 1532 456 200
f 1311 1266 1312
f 872 1314 1315
f 3836 843 878
f 1305 1308 864
f 1040 1275 863
f 1564 1566 399
f 592 1576 1575
f 591 1575 1088
f 1581 1584 1583
f 1196 1152 1147
f 710 582 583
f 285 407 408
f 953 954 961
f 1594 1592 1589
f 1585 1588 1587
f 1592 1591 1590
f 3885 945 944
f 1600 1599 1598
f 1604 1603 1602
f 1399 1392 979
f 1589 1590 1596
f 1610 1609 1608
f 298 257 361
f 551 552 276
f 1627 1626 3814
f 859 811 818
f 1078 857 1328
f 1555 439 1530
f 572 573 680
f 772 465 776
f 977 1281 918
f 404 403 392
f 1054 1331 750
f 1644 1645 1643
f 932 1265 1082
f 1067 1333 1334
f 1540 1539 264
f 597 1335 643
f 471 761 762
f 1642 696 3831
f 1644 1642 3842
f 923 946 950
f 96 549 548
f 520 531 522
f 445 444 443
f 849 839 848
f 480 759 755
f 1646 760 481
f 311 426 1567
f 464 463 3497
f 3497 1360 1361
f 234 237 236
f 190 193 192
f 153 154 152
f 231 287 286
f 1552 1553 1551
f 760 1646 1648
f 3832 1647 1649
f 828 827 826
f 52 167 166
f 1663 1662 1661
f 287 107 115
f 668 671 670
f 634 645 640
f 553 560 559
f 118 36 33
f 492 484 491
f 3552 1652 1651
f 582 589 584
f 384 395 392
f 1381 1382 1383
f 1562 1561 435
f 952 953 951
f 3529 3566 583
f 1660 1661 1667
f 1394 1395 1396
f 1660 1665 1664
f 1671 1670 1669
f 1624 1625 1673
f 1407 1408 1409
f 1677 1676 1675
f 1613 1679 1677
f 1679 1678 1676
f 1626 1681 3811
f 534 199 198
f 803 733 734
f 400 248 191
f 65 66 143
f 3526 1657 1656
f 402 159 157
f 629 628 627
f 461 477 49
f 758 757 495
f 796 787 786
f 406 407 1513
f 342 343 166
f 1694 1659 1658
f 1692 1687 1694
f 3557 1693 1652
f 3921 1704 1703
f 326 547 302
f 3916 3921 1702
f 3919 3918 1698
f 1699 1691 3927
f 1557 406 1560
f 1127 1116 1117
f 400 401 289
f 1706 1702 1707
f 1707 1702 1599
f 1709 1706 1708
f 1714 1712 1711
f 3919 3915 1709
f 1704 1711 1577
f 1716 1714 1713
f 1559 1562 1549
f 1722 1721 1720
f 1335 597 596
f 410 411 377
f 973 1170 1163
f 168 169 399
f 1571 682 1089
f 1572 681 682
f 749 646 647
f 1730 1724 1723
f 1594 1582 1729
f 1729 1723 1591
f 1384 1378 1377
f 1732 1731 1712
f 1724 1730 1731
f 1722 1724 1732
f 1721 1722 1733
f 1734 1733 1716
f 1735 1737 1736
f 1733 1732 1714
f 1663 1664 1741
f 1742 1665 1740
f 1738 1739 1737
f 1665 1660 1666
f 1665 1742 1744
f 1725 1726 1746
f 1591 1725 1745
f 1590 1745 1747
f 1745 1746 1748
f 1659 1688 3538
f 3287 1760 3545
f 1185 1177 1182
f 1664 1744 1749
f 1741 1749 1739
f 1746 1742 1743
f 1726 1744 1742
f 1115 924 1153
f 1654 3546 3575
f 1896 3562 3549
f 1720 1749 1744
f 1721 1739 1749
f 1750 1718 1701
f 1697 1736 1750
f 1151 1152 1063
f 1751 1752 1670
f 1695 1658 1752
f 961 962 986
f 1770 1769 1768
f 1766 1594 1593
f 1731 1759 1579
f 1579 1777 1774
f 3928 1772 1771
f 1764 1772 3928
f 1777 1776 1775
f 3762 3763 1699
f 1004 1127 1128
f 1774 1775 1771
f 987 1400 1399
f 1578 1774 1772
f 1783 1782 1781
f 1597 1598 1770
f 639 1878 3895
f 3928 3929 1769
f 1793 1792 1789
f 3929 3920 1798
f 3508 3516 3773
f 1802 1867 3924
f 1788 1790 1794
f 1793 1794 1795
f 3773 3772 1675
f 1584 1581 1783
f 1771 1797 3920
f 1801 1799 1798
f 1768 1769 1798
f 1775 1796 1797
f 508 514 515
f 1796 1803 1802
f 1800 1798 3920
f 1794 1805 1804
f 3532 1670 1752
f 485 1808 1807
f 3809 3844 1640
f 3837 3844 1810
f 485 482 1640
f 1690 1691 3770
f 487 488 1648
f 3839 1813 1816
f 3838 1811 1648
f 3839 1812 1811
f 1812 1809 487
f 1641 1809 767
f 465 466 755
f 767 1815 3823
f 3822 1816 3826
f 1809 1812 1815
f 3837 1653 1651
f 675 672 3541
f 1814 1649 1822
f 1821 1822 3821
f 1824 1822 1649
f 1827 1849 1850
f 1668 1669 1662
f 1779 1780 1848
f 1790 1827 1805
f 1833 1836 1853
f 3521 3506 693
f 1614 1615 1616
f 1852 1853 3498
f 1620 1621 1622
f 1855 1765 1574
f 1847 1852 3501
f 1766 1765 1855
f 1629 1630 1631
f 1633 1622 1634
f 1635 1636 1637
f 1848 1833 1852
f 1855 1861 1863
f 1803 1866 1867
f 1862 1863 1831
f 1782 1855 1862
f 3922 3924 1865
f 1873 1872 1870
f 1874 1869 799
f 2045 3878 3897
f 1219 1345 1295
f 1615 1614 1396
f 3884 3895 1877
f 645 3898 3786
f 1345 1219 1035
f 634 639 3884
f 15 1887 1327
f 3910 3895 1878
f 1894 604 605
f 3506 3551 627
f 3560 640 645
f 340 341 454
f 1897 194 195
f 1889 1882 1877
f 1901 94 129
f 196 749 754
f 1705 1704 3921
f 340 378 166
f 1570 1480 563
f 1904 1494 194
f 1781 1862 1832
f 1905 549 55
f 1000 994 995
f 986 919 920
f 1191 1185 1190
f 2094 2077 2075
f 1920 1921 1919
f 453 454 1912
f 1915 1919 1918
f 3882 2112 2106
f 1655 3575 3531
f 1916 1918 1926
f 704 3554 3561
f 278 1916 1925
f 3565 3564 1818
f 1097 949 1115
f 1927 1928 727
f 3578 3579 3654
f 1920 310 307
f 1929 307 48
f 503 504 1497
f 1902 1903 787
f 1816 1821 3820
f 1925 1926 1923
f 1535 1569 1568
f 254 252 258
f 1509 1497 366
f 119 86 35
f 219 288 293
f 141 46 47
f 542 205 244
f 1940 552 430
f 1779 1828 1827
f 1701 1710 3915
f 1661 3550 3515
f 270 53 754
f 197 1947 749
f 1727 1728 1212
f 53 54 232
f 1465 1468 1479
f 1284 3862 3854
f 1951 446 412
f 168 398 1554
f 1486 1485 206
f 506 77 78
f 994 1001 1007
f 951 953 963
f 1013 3859 3861
f 3826 3820 1820
f 1498 1909 1954
f 299 298 543
f 1754 1755 1756
f 1681 469 1683
f 1696 1694 1695
f 13 14 738
f 473 476 475
f 482 1641 768
f 204 62 30
f 1761 1762 820
f 611 1763 1125
f 1501 1503 1908
f 1074 1073 711
f 1960 1944 82
f 120 1956 1960
f 35 86 87
f 1773 1199 1025
f 1965 1545 1569
f 494 761 471
f 1966 1967 1969
f 446 1951 1971
f 174 368 125
f 1580 1579 1578
f 1785 1786 1787
f 1972 1546 304
f 1254 876 875
f 1973 341 342
f 321 1912 1973
f 1910 277 275
f 509 1973 514
f 1486 1507 1527
f 1974 1874 804
f 1977 1976 1974
f 1980 448 1966
f 379 1 2
f 1718 1715 1710
f 884 995 992
f 1680 1684 1678
f 902 990 525
f 344 255 256
f 135 138 137
f 448 446 1967
f 589 605 604
f 910 909 908
f 1981 1966 1968
f 1982 1981 1987
f 1988 1979 1987
f 1990 1988 1989
f 1991 1989 1993
f 322 321 320
f 992 828 830
f 1144 1076 1086
f 1995 1977 1978
f 1133 1129 1118
f 1997 1995 1994
f 870 1823 1335
f 805 806 1982
f 727 184 2000
f 1996 1994 1988
f 1994 1978 1979
f 1829 616 792
f 1830 1073 941
f 798 803 800
f 729 732 731
f 2011 2012 2023
f 1834 1835 846
f 402 283 284
f 2022 2023 2024
f 1838 718 989
f 810 955 952
f 1823 1839 1840
f 1430 1426 1432
f 1215 844 1841
f 1316 1208 873
f 2112 1401 1384
f 1842 1843 1844
f 1159 846 845
f 837 27 1846
f 1971 1951 2030
f 517 369 370
f 1471 2026 2027
f 3551 3525 626
f 2174 2175 770
f 935 934 1854
f 1613 1619 1611
f 1231 1228 1225
f 1856 1857 891
f 1300 1309 748
f 1150 1149 1858
f 1643 606 696
f 1215 1265 1264
f 1320 1860 902
f 1956 1943 1944
f 2031 668 669
f 2034 1325 1310
f 1879 1880 1656
f 40 245 242
f 1992 1993 2039
f 888 958 957
f 1882 1889 1996
f 1078 1138 1255
f 1871 912 1192
f 294 411 218
f 1323 2041 2026
f 123 1960 83
f 1324 2036 2041
f 384 358 359
f 1324 1325 2038
f 1883 1884 1885
f 287 1540 114
f 1096 1886 1134
f 915 1329 931
f 806 1980 1981
f 3533 3529 584
f 1425 2030 2042
f 1018 2042 1948
f 3562 1896 740
f 1948 2042 649
f 1881 1882 1990
f 1900 129 130
f 992 995 994
f 923 927 925
f 3878 2045 2047
f 1643 2048 625
f 2050 2052 2051
f 2045 1405 1404
f 3876 2047 945
f 1139 1080 1079
f 1037 1856 892
f 2055 2053 2057
f 1198 989 718
f 1619 2058 1612
f 2058 1605 1606
f 2059 2060 1607
f 2058 1619 1624
f 71 72 179
f 405 406 1557
f 322 1548 1972
f 2061 2052 2063
f 2066 2065 2067
f 2052 2061 2064
f 1609 1610 2066
f 1515 151 152
f 1009 827 993
f 1644 3843 3815
f 279 1915 1916
f 1285 3863 3862
f 1647 2066 1825
f 2056 2057 2067
f 319 320 1953
f 667 666 1913
f 2070 631 625
f 2052 2050 2055
f 2038 1654 1655
f 1606 1601 2073
f 1235 1917 1270
f 2072 2073 2075
f 2059 1606 2072
f 2074 2075 2077
f 1601 1602 2078
f 2049 2048 1643
f 1000 1004 1001
f 1089 943 684
f 1931 1286 1306
f 1462 1459 1021
f 1932 1933 1934
f 875 874 1846
f 1936 1051 1937
f 44 45 46
f 1534 1955 1956
f 1541 318 317
f 2081 2082 2084
f 146 1945 1959
f 1360 1941 1942
f 985 984 1032
f 1995 1997 1892
f 2079 2080 2082
f 2095 2096 2076
f 2081 2093 2078
f 2055 2050 2054
f 501 2096 2095
f 2097 2100 2099
f 2098 2099 2094
f 2140 2141 3893
f 2141 2046 3894
f 2051 2070 2048
f 592 2102 2101
f 2071 2064 2076
f 2102 2097 2098
f 593 2103 2102
f 1019 1895 746
f 1950 11 12
f 725 2071 2096
f 1385 2105 2104
f 1379 2104 2106
f 2107 2108 2100
f 3908 726 502
f 3896 502 499
f 940 1389 2109
f 928 929 1170
f 3868 590 684
f 1962 1963 1964
f 3878 680 573
f 2039 1993 1968
f 1389 1390 2110
f 1398 2111 2113
f 3757 3755 3753
f 3911 3883 2107
f 949 923 924
f 260 241 324
f 1390 1397 2113
f 2070 2051 2064
f 3867 3911 2103
f 2105 1385 1421
f 2114 1421 1423
f 3892 2114 2115
f 3908 2105 2114
f 554 2116 1902
f 972 1163 967
f 1765 1593 1573
f 1984 1985 1986
f 2053 2117 2069
f 3573 3556 724
f 1625 1677 1674
f 3881 3888 2119
f 3903 2115 2123
f 56 1954 1906
f 626 3877 3879
f 2001 2002 2003
f 3912 3841 2127
f 2006 2007 2008
f 2127 1413 1412
f 2014 2015 2016
f 2018 2019 2020
f 1495 1424 1947
f 1379 1377 1386
f 3814 3811 1680
f 2029 1885 1884
f 3902 2128 2120
f 629 3879 3914
f 682 683 943
f 724 1650 2121
f 1757 1819 3821
f 765 1810 3844
f 3851 714 715
f 706 707 3870
f 981 986 987
f 1457 1868 1656
f 2017 2016 2032
f 1458 1655 1868
f 1776 1777 1792
f 1959 1945 1946
f 3663 3715 3725
f 3913 3881 2122
f 1093 1089 689
f 966 965 968
f 3852 715 3881
f 2172 3577 2170
f 670 2138 2137
f 3761 787 1903
f 1429 19 28
f 964 963 978
f 3841 3813 1413
f 1473 1474 669
f 3834 3833 1359
f 2138 798 1870
f 1872 1473 2137
f 715 716 3888
f 1881 1991 1992
f 3843 3842 739
f 1837 1847 3513
f 253 58 59
f 1808 3837 3840
f 1647 3832 3818
f 3865 3866 671
f 2112 3882 3883
f 1405 2045 2044
f 3829 3824 1364
f 273 1541 391
f 576 632 3520
f 3875 3865 668
f 1430 1431 2140
f 2136 3850 3860
f 1430 2139 18
f 3893 3894 570
f 1442 1439 2046
f 1431 1442 2141
f 3869 3913 3850
f 3808 3823 1817
f 3866 3893 695
f 2142 2025 798
f 571 2143 2142
f 3819 3814 1618
f 2143 2022 2025
f 694 2142 2138
f 681 1572 2144
f 2144 2011 2022
f 328 210 457
f 1572 2010 2011
f 630 3892 3903
f 2085 2086 2087
f 2090 2091 2092
f 572 2144 2143
f 1875 1976 2153
f 1873 1875 2149
f 2103 2107 2097
f 2157 2043 2155
f 2128 1412 1414
f 3874 3871 589
f 3872 3870 628
f 2149 2153 2158
f 2159 2158 3905
f 698 3907 3902
f 3823 3847 3827
f 2158 2156 3874
f 1438 2044 2046
f 2035 2154 2160
f 2161 2160 3889
f 3871 3891 605
f 3873 17 18
f 370 29 61
f 649 1951 413
f 2153 2157 2156
f 1428 1429 1449
f 1490 76 73
f 3890 3905 710
f 2155 1891 3891
f 1456 1457 1880
f 2125 2088 2087
f 2160 2159 3890
f 300 1959 505
f 1064 1062 1046
f 2043 1892 1891
f 2129 2130 2004
f 2131 2132 2133
f 3848 3849 1450
f 1998 1975 804
f 3879 673 3864
f 474 492 490
f 1164 1165 1182
f 707 2162 3909
f 708 1472 2162
f 2162 2161 3886
f 548 549 1905
f 1145 1136 1114
f 705 2121 1650
f 2043 2157 1977
f 737 738 554
f 1034 1195 1191
f 458 1905 1907
f 195 196 232
f 2040 2039 1969
f 2145 2146 2147
f 2054 2050 2049
f 3832 1646 1639
f 9 12 11
f 252 364 506
f 472 478 479
f 1865 3924 3791
f 900 903 910
f 1941 2150 2151
f 1921 1928 1927
f 2163 1897 1898
f 271 156 153
f 1904 1326 12
f 282 263 264
f 1872 1873 2154
f 1326 1904 1897
f 628 692 693
f 1724 1722 1719
f 1549 1562 436
f 1582 1583 1730
f 1921 1920 1929
f 3563 3511 10
f 2152 2037 1950
f 475 772 774
f 769 2172 2171
f 2171 2165 476
f 476 773 772
f 1791 565 464
f 2166 2167 2168
f 595 371 372
f 483 1809 1641
f 762 2174 2173
f 771 483 484
f 486 487 1809
f 297 1549 1517
f 763 2175 2174
f 776 755 759
f 184 185 2176
f 412 447 303
f 2005 2176 185
f 3811 1681 1682
f 2164 2170 756
f 1472 2035 2161
f 950 951 964
f 2177 2178 2179
f 227 226 1510
f 2182 2183 2184
f 2186 2019 2018
f 1985 2182 2181
f 214 736 729
f 865 849 842
f 849 865 1357
f 559 3187 3188
f 16 13 737
f 560 553 498
f 3193 3196 3195
f 3200 3197 3198
f 3211 3214 3213
f 3215 3218 3217
f 2187 2188 2002
f 2169 2168 2189
f 2192 2086 2085
f 2193 2194 2195
f 2198 2199 2200
f 1998 1982 1979
f 3664 3665 3668
f 2116 1898 1903
f 1859 2006 2009
f 3904 2123 2126
f 1135 1148 1087
f 2201 2202 2015
f 1149 111 110
f 3221 3222 3218
f 2203 2204 2205
f 579 580 1895
f 1755 2207 2208
f 3891 3910 1893
f 1211 2151 2150
f 868 997 2210
f 944 945 930
f 2130 2129 2202
f 233 1903 1898
f 665 751 750
f 1167 1254 999
f 2211 2212 2213
f 2215 2216 2217
f 3867 593 590
f 2220 221 220
f 823 824 948
f 3225 3220 3227
f 266 204 455
f 3882 2108 2107
f 2221 2222 3519
f 2223 2224 2225
f 2207 2125 2124
f 673 674 3869
f 817 1000 996
f 2227 2228 2146
f 1947 1948 646
f 3900 2135 17
f 2229 1635 1638
f 1679 1613 1618
f 1637 2231 2232
f 2233 2234 1617
f 2231 2235 2236
f 1381 1638 2238
f 3586 2241 2242
f 1630 2234 2233
f 1681 1626 472
f 1408 1407 2243
f 3236 3239 3238
f 3232 3241 3240
f 1637 2230 2238
f 3237 3238 3233
f 1409 1408 1634
f 1380 1383 2247
f 1628 2248 2245
f 2249 1623 1622
f 1632 1634 1408
f 2248 1628 1631
f 2235 2231 1637
f 3245 3246 3199
f 631 2070 2071
f 515 167 52
f 782 781 2251
f 2253 2254 2255
f 397 281 459
f 1456 2039 2040
f 2040 2041 2036
f 1401 2112 2111
f 2041 2040 1970
f 1535 121 414
f 1586 1587 2080
f 2256 983 1132
f 1700 1699 3918
f 3815 1896 1686
f 1263 2256 1886
f 598 1841 844
f 2257 2258 2259
f 2258 2261 2262
f 2259 2262 2263
f 2260 2259 2216
f 1967 1971 1970
f 2212 1964 1963
f 922 921 2218
f 1312 1098 1101
f 1307 1306 1286
f 1548 1569 1546
f 2266 2267 2268
f 2265 2268 2270
f 2272 2265 2269
f 2273 2266 2265
f 2275 2276 2277
f 2278 2274 2277
f 2284 2285 3617
f 2287 2283 2286
f 2288 2289 2283
f 2290 2284 3639
f 2291 2292 2293
f 2295 2291 2294
f 2296 2297 2291
f 2297 2298 2292
f 2294 2293 2299
f 2279 2294 2300
f 2298 2301 2302
f 2292 2302 2303
f 2293 2303 2304
f 2304 2305 2306
f 2308 2309 2310
f 2302 2307 2310
f 2301 2311 2307
f 2312 2308 2307
f 2313 2314 2315
f 2318 2319 2320
f 3748 3771 2322
f 2324 2325 2273
f 2313 2324 2326
f 2328 2324 2313
f 2329 2325 2324
f 2331 2332 2333
f 2330 2333 2267
f 2325 2330 2266
f 2329 2331 2330
f 2333 2334 2335
f 2336 2334 2333
f 2338 2336 2332
f 2331 2339 2337
f 2329 2340 2339
f 2328 2341 2340
f 2316 2342 2341
f 2342 2316 2315
f 2344 2345 2346
f 2341 2344 2347
f 2342 2348 2344
f 2348 2349 2345
f 2350 2351 2352
f 2339 2350 2353
f 2340 2347 2350
f 2347 2346 2351
f 2337 2353 2354
f 2353 2352 2355
f 2356 2277 2276
f 2356 2357 2358
f 2356 2359 2296
f 2279 2277 2356
f 2360 2361 2270
f 2267 2335 2360
f 2362 2363 2364
f 2362 2365 2361
f 2366 2362 2358
f 2366 2367 2363
f 2357 2276 2368
f 2366 2368 2369
f 2276 2275 2370
f 2368 2370 2282
f 2372 2373 2374
f 2375 2376 2377
f 2378 2379 2380
f 2382 2378 2381
f 2384 2385 2378
f 2385 2386 2379
f 2388 2389 2390
f 2387 2390 2392
f 2393 2394 2387
f 2394 2395 2388
f 2186 2401 2402
f 2403 2404 2327
f 2272 2403 2326
f 2271 2405 2403
f 2405 2406 2404
f 2404 2407 2408
f 2409 2410 2411
f 2409 2412 2271
f 2413 2409 2269
f 2413 2414 2410
f 2417 2415 2416
f 2417 2418 2406
f 2412 2417 2405
f 2411 2415 2417
f 2406 2419 2407
f 3569 3520 632
f 2420 2398 2397
f 2420 2421 2423
f 2424 2420 2422
f 2424 2399 2398
f 2425 2391 2392
f 2421 2425 2426
f 2397 2396 2425
f 2396 2393 2391
f 2427 2314 2408
f 2430 2427 2428
f 2343 2315 2427
f 2432 2343 2430
f 2431 2430 2429
f 2435 2431 2433
f 2436 2432 2431
f 2428 2408 2407
f 2422 2437 2407
f 2438 2437 2422
f 2429 2428 2437
f 2440 2434 2433
f 2441 2439 2433
f 2442 2443 2439
f 2443 2444 2440
f 2445 2446 2444
f 2447 2445 2443
f 2383 2381 2445
f 2381 2380 2446
f 2448 2438 2423
f 2449 2448 2426
f 2441 2448 2449
f 2441 2429 2438
f 2449 2392 2390
f 2450 2390 2389
f 2447 2450 2451
f 2442 2449 2450
f 2451 2389 2453
f 2452 2453 2455
f 2382 2452 2454
f 2383 2451 2452
f 2456 2457 2373
f 2459 2460 2461
f 2463 2464 2465
f 2462 2465 2285
f 2466 2462 2284
f 2467 2463 2462
f 2461 2460 3703
f 2468 2469 2470
f 2472 2468 2471
f 2474 2461 3701
f 2475 2476 2477
f 2458 2455 2453
f 2479 2453 2389
f 2395 2480 2479
f 2480 2459 2458
f 2481 2482 2483
f 2484 113 2485
f 2471 2470 2464
f 2473 2471 2463
f 2487 2467 2466
f 2486 2466 2290
f 2490 2486 2488
f 2491 2487 2486
f 2492 2473 2467
f 2493 2492 2487
f 2494 2495 2492
f 2495 2472 2473
f 3690 2496 2474
f 3691 2497 2496
f 2498 2494 2493
f 2500 2498 2499
f 3700 3687 2498
f 3687 3691 2494
f 2306 2504 2278
f 2305 2505 2504
f 2504 2505 2507
f 2506 2507 2288
f 2274 2506 2508
f 2278 2504 2506
f 3633 3632 2489
f 3620 3633 2488
f 2507 2509 2289
f 2505 2510 2509
f 2508 2288 2287
f 2511 2287 2281
f 2370 2511 2280
f 2275 2508 2511
f 2512 2490 2489
f 2514 2512 2513
f 2517 2512 2514
f 2517 2491 2490
f 2499 2493 2491
f 2499 2517 2516
f 2510 2505 2519
f 2518 2519 2521
f 3616 2518 2520
f 3632 2510 2518
f 2522 2304 2303
f 2523 2522 2310
f 2305 2304 2522
f 2524 2522 2523
f 2519 2524 2525
f 2505 2305 2524
f 2308 2312 2527
f 2526 2527 2529
f 2531 2526 2528
f 2309 2308 2526
f 1214 2532 2151
f 2419 2406 2418
f 2533 2345 2349
f 2534 2533 2317
f 2535 2536 2533
f 2536 2346 2345
f 2537 2351 2346
f 2538 2537 2536
f 2539 2540 2537
f 2540 2352 2351
f 2312 2355 2541
f 2527 2541 2542
f 2543 2435 2434
f 2545 2543 2544
f 2319 2318 2543
f 2318 2436 2435
f 2514 2515 2548
f 2547 2548 2550
f 2552 2547 2549
f 2552 2516 2514
f 2520 2521 2554
f 2553 2554 2556
f 3590 2553 2555
f 3621 2520 2553
f 2523 2309 2531
f 2557 2531 2530
f 2525 2523 2557
f 2559 2557 2558
f 2554 2559 2560
f 2521 2525 2559
f 2561 2375 2007
f 2376 2562 2225
f 2564 2565 2566
f 2563 2566 338
f 2569 2563 2567
f 2570 2564 2563
f 2572 2573 2574
f 2571 2574 2576
f 2544 2571 2575
f 2544 2434 2572
f 2578 2570 2569
f 2579 2577 2569
f 2574 2577 2579
f 2573 2578 2577
f 2581 2582 2583
f 2584 2580 2583
f 3697 3675 2580
f 3676 2581 2580
f 2582 2516 2552
f 2583 2552 2551
f 2500 2501 2589
f 2590 2588 2589
f 3693 3695 2588
f 3695 3700 2500
f 2501 2516 2591
f 2592 2593 2594
f 2386 2385 2503
f 2596 2379 2386
f 2596 2374 2373
f 2599 2596 2597
f 2599 2380 2379
f 2600 2446 2380
f 2600 2599 2598
f 2603 2600 2601
f 2603 2444 2446
f 2604 2603 2602
f 2440 2604 2605
f 2444 2603 2604
f 2606 2582 2581
f 2606 2607 2590
f 2591 2516 2582
f 3676 2587 2456
f 3689 2456 2372
f 2478 2477 2608
f 2609 2610 2611
f 2564 2570 2613
f 2612 2613 2598
f 2457 2612 2597
f 2565 2564 2612
f 2614 2613 2570
f 2615 2614 2578
f 2602 2601 2614
f 2601 2598 2613
f 2572 2434 2605
f 2616 2605 2602
f 2573 2572 2616
f 1459 1016 1045
f 1265 1215 1079
f 1612 1608 1609
f 2067 2057 2069
f 1135 1109 1136
f 1938 1937 2618
f 95 548 458
f 2058 1607 1608
f 1454 1469 1445
f 655 2620 1048
f 722 1049 2621
f 1131 985 1033
f 562 1481 366
f 1723 1719 1725
f 1786 1123 1122
f 267 300 323
f 1325 2034 1654
f 1468 1165 1435
f 658 657 529
f 8 532 247
f 382 1557 1559
f 788 619 1307
f 940 930 929
f 911 2622 2623
f 2621 2620 655
f 2624 1857 2625
f 998 1846 27
f 635 638 2626
f 2627 641 644
f 2628 2627 1840
f 1200 1199 2627
f 1199 1773 641
f 1520 515 49
f 1452 1350 1349
f 2630 2631 1859
f 644 643 1335
f 1197 1198 717
f 2632 717 719
f 2628 2632 1166
f 2629 1197 2632
f 1762 2633 1050
f 1823 870 873
f 2634 2635 794
f 1042 794 2635
f 93 94 1901
f 2036 2038 1458
f 1527 332 1525
f 877 876 1274
f 134 409 797
f 1328 893 931
f 607 777 1091
f 1043 2635 2637
f 2636 2637 2639
f 1275 2636 2638
f 1275 1040 1043
f 1272 2624 2626
f 2640 2626 638
f 1110 2641 2640
f 536 1272 2640
f 1472 708 1474
f 2042 2030 1951
f 1058 1106 1105
f 2642 2623 2643
f 1192 2642 2644
f 912 2623 2642
f 3898 1657 3526
f 1049 1048 2620
f 616 1829 1885
f 1331 1913 666
f 990 989 1198
f 1911 1912 321
f 1298 1282 1205
f 76 1490 1504
f 1502 1500 421
f 610 609 658
f 1146 937 659
f 2646 911 914
f 1280 1239 1238
f 1453 1454 1452
f 835 942 1843
f 1271 1270 1173
f 1893 1878 1826
f 1050 2633 1937
f 2651 2652 814
f 1006 1053 1281
f 2653 1084 2654
f 1001 1004 1003
f 585 997 679
f 2624 1272 621
f 555 678 2028
f 1207 526 1197
f 1626 1627 478
f 426 389 419
f 1030 1193 1773
f 3898 645 634
f 534 1533 138
f 1125 1092 1042
f 333 228 88
f 569 1570 561
f 1489 2656 871
f 1857 2624 620
f 1673 1674 3770
f 622 861 864
f 619 788 891
f 261 544 545
f 393 1555 1556
f 2658 2659 2647
f 1075 2658 2657
f 1081 1080 2658
f 1080 1139 2659
f 2644 2643 1141
f 2660 1141 1140
f 642 2660 1336
f 1193 2644 2660
f 679 678 555
f 1503 1501 1500
f 1318 1317 1101
f 2661 2659 1139
f 2661 1142 2663
f 2662 2647 2659
f 2662 2663 2622
f 2664 2622 911
f 2648 2664 2646
f 2648 2647 2662
f 2083 2094 2093
f 1442 1440 1437
f 519 329 330
f 1885 2029 1209
f 799 800 805
f 1946 1943 1952
f 1302 1301 1253
f 566 2005 224
f 1389 940 928
f 683 682 681
f 836 835 1842
f 2665 1842 1845
f 2666 2665 1303
f 24 836 2665
f 831 1072 2650
f 1845 1844 1304
f 2010 2013 2012
f 1051 1936 2667
f 1522 1521 1511
f 531 440 441
f 1250 635 2625
f 2669 2625 1857
f 783 2669 1856
f 782 1250 2669
f 720 2670 2671
f 1055 1931 1930
f 1333 1067 1251
f 619 622 1308
f 652 655 2619
f 521 522 1539
f 1838 988 537
f 2672 537 536
f 1113 2672 2641
f 1113 527 1838
f 1016 1013 1351
f 3897 573 570
f 226 227 104
f 3564 3669 3827
f 1036 1037 1884
f 2674 1301 1304
f 2673 1304 1844
f 1334 2673 2675
f 1333 2674 2673
f 2676 702 1039
f 1843 2676 2675
f 942 1074 2676
f 1074 699 702
f 752 1057 1055
f 1200 1166 656
f 1120 1846 874
f 2677 874 877
f 1241 2677 1052
f 1119 1120 2677
f 1560 1513 151
f 1208 1316 611
f 215 735 736
f 1460 1459 1462
f 1208 1207 1839
f 854 856 1282
f 72 445 182
f 544 1563 1565
f 217 200 456
f 2047 1404 930
f 1204 2618 1937
f 913 777 686
f 840 527 1113
f 1531 729 730
f 2678 778 1283
f 601 667 1914
f 1537 1538 459
f 1819 1757 3509
f 991 1860 862
f 2679 711 1073
f 2680 1830 983
f 779 2680 2256
f 778 2678 2680
f 2678 2679 1830
f 180 542 245
f 1886 1132 1131
f 1138 1137 1274
f 1841 598 1140
f 75 313 314
f 193 423 420
f 2681 2682 1099
f 170 1567 1565
f 349 416 417
f 1121 1124 2684
f 547 797 409
f 123 122 121
f 2643 2663 1142
f 1542 1544 513
f 899 900 907
f 1210 677 676
f 791 663 982
f 24 27 837
f 893 896 932
f 1860 1320 863
f 535 538 862
f 1569 1548 1547
f 181 455 542
f 660 659 937
f 2013 567 568
f 887 890 2631
f 1524 1508 361
f 520 161 162
f 2653 855 854
f 1238 1237 2655
f 718 1838 527
f 1492 1493 518
f 792 616 615
f 599 846 1835
f 290 457 456
f 312 171 1552
f 1248 2687 1179
f 153 149 177
f 1240 1181 1222
f 1257 1292 1235
f 1291 1084 1083
f 1052 877 1277
f 743 742 2618
f 444 140 430
f 23 1224 1172
f 2687 2654 1180
f 102 103 409
f 1283 607 610
f 373 497 650
f 1180 2654 1084
f 855 2653 2655
f 1173 1270 1917
f 2689 850 853
f 2688 853 1108
f 2686 2688 1279
f 2687 2689 2688
f 2691 1302 1252
f 2690 1252 850
f 1248 2690 2689
f 1248 1247 2691
f 2692 617 24
f 2691 2692 2666
f 1247 1258 2692
f 1258 1168 617
f 394 1554 1555
f 2693 1260 1259
f 1072 1236 1262
f 1257 1071 1168
f 398 439 1555
f 871 1784 1314
f 1178 1232 1249
f 1224 1289 1173
f 1010 2617 2618
f 1175 1174 1292
f 2654 2687 2686
f 2694 1157 1216
f 71 418 1487
f 701 1112 1111
f 1072 1261 2649
f 1085 2695 22
f 895 2694 1264
f 1601 1606 1605
f 1259 1262 1271
f 21 20 1220
f 988 991 538
f 598 597 1336
f 1050 860 818
f 1298 2645 1761
f 1168 1167 618
f 858 1168 1256
f 39 242 516
f 2652 1761 819
f 313 316 315
f 2026 1970 1971
f 2656 1489 596
f 814 819 818
f 2696 2651 813
f 1260 2696 2649
f 2693 2697 2696
f 2697 1296 2651
f 381 355 390
f 3818 3819 1611
f 1475 1427 1428
f 1292 1174 1917
f 1551 353 354
f 1526 1525 1523
f 1593 1589 1595
f 1232 1269 1246
f 2695 2693 1223
f 2698 1297 1296
f 2698 2697 2693
f 2685 2698 2695
f 2685 854 1297
f 562 1497 271
f 2652 2651 1296
f 1365 1366 1364
f 1958 1946 1953
f 585 588 2210
f 1561 1560 1515
f 975 2648 1146
f 347 67 68
f 1038 1111 636
f 2700 781 780
f 2699 780 1036
f 2701 2699 1883
f 851 2700 2699
f 2674 1333 2251
f 2702 2251 781
f 1253 2702 2700
f 1301 2674 2702
f 1519 387 388
f 1273 1239 1280
f 2703 1280 1107
f 2701 2703 852
f 1829 1273 2703
f 91 260 326
f 1784 871 2656
f 2683 2684 2705
f 604 1894 3499
f 1669 3534 3548
f 2062 2063 2060
f 621 535 861
f 2023 731 732
f 686 779 1263
f 857 1051 2668
f 883 830 882
f 637 636 1111
f 2668 894 893
f 2667 921 894
f 1039 1038 1068
f 313 75 1504
f 1911 1972 305
f 1936 2706 1964
f 2707 2402 2401
f 2708 2707 2183
f 738 2163 2116
f 2349 2348 2432
f 2711 2712 2020
f 2400 2711 2019
f 2714 2715 2716
f 2717 2718 2719
f 2721 2722 2723
f 2726 2727 2728
f 2725 2728 2730
f 2731 2725 2729
f 2732 2726 2725
f 2734 2735 2736
f 2738 2739 2740
f 2737 2740 2741
f 2744 2745 2746
f 2745 2744 2748
f 2749 2750 2747
f 2753 2749 2751
f 2250 1380 2246
f 2754 1396 1614
f 3598 2754 2755
f 3608 2745 2747
f 1617 2756 2755
f 2242 2758 1620
f 2191 2085 2760
f 2761 2759 2760
f 3648 2759 2761
f 3623 2191 2759
f 3209 3248 3223
f 1395 1394 2236
f 1395 2235 1636
f 1616 1635 2229
f 1617 2234 2763
f 2756 2763 3628
f 2765 2763 2234
f 2766 2764 3628
f 3202 3199 3246
f 1516 437 435
f 2768 2769 3552
f 1495 541 578
f 2135 2136 28
f 3526 3540 2773
f 1690 1689 3926
f 2778 2779 2780
f 2777 2780 2781
f 2784 2778 2777
f 3555 3521 575
f 1494 1904 9
f 3529 2016 2015
f 451 61 505
f 2786 2787 2788
f 2779 2786 2785
f 2789 2752 2741
f 2790 2753 2752
f 2792 2793 2794
f 2793 2795 2796
f 2796 2797 2750
f 2794 2796 2749
f 2798 1393 1396
f 3591 2798 2754
f 2798 2799 2800
f 3591 3662 2799
f 2797 2796 2795
f 2791 2794 2753
f 216 233 232
f 3804 2806 2807
f 3805 2809 2804
f 2769 2810 3557
f 183 185 184
f 2811 2812 2775
f 2804 2811 2776
f 2809 2813 2811
f 2812 2811 2813
f 3805 2808 2816
f 3796 2818 2815
f 3798 3800 2820
f 3793 2823 2819
f 2824 2736 2735
f 2823 2825 2824
f 2825 2823 2826
f 3793 2822 2827
f 3796 2817 2826
f 2713 2716 2829
f 2828 2829 2831
f 2822 2821 2828
f 2821 2820 2713
f 2832 2827 2822
f 2833 2832 2830
f 2834 2835 2832
f 2835 2818 2827
f 2837 2838 2839
f 2836 2839 2841
f 2842 2836 2840
f 2843 2837 2836
f 2840 2841 2845
f 2718 2844 2845
f 2730 2728 2844
f 2727 2840 2844
f 2846 2845 2841
f 2829 2846 2847
f 2847 2841 2839
f 2848 2839 2838
f 2833 2848 2849
f 2831 2847 2848
f 2850 2814 2851
f 2853 2850 2852
f 2783 2777 2782
f 2785 2788 2853
f 2780 2785 2856
f 2857 2858 2855
f 2859 2857 2782
f 2861 2843 2842
f 2860 2842 2727
f 2862 2860 2726
f 2863 2861 2860
f 2861 2863 2858
f 2843 2861 2857
f 2856 2853 2854
f 2781 2856 2864
f 2837 2843 2859
f 2838 2837 2864
f 2852 2851 2834
f 2854 2852 2849
f 2865 2815 2818
f 2851 2865 2835
f 2813 2809 2815
f 2814 2813 2865
f 2866 2812 2814
f 2788 2866 2850
f 2866 2788 2787
f 2812 2866 2867
f 1892 1889 1890
f 2720 2719 2846
f 298 299 256
f 2872 2714 2713
f 3794 3800 2735
f 2729 2730 2874
f 2846 2716 2715
f 2876 2877 2878
f 2733 2875 2878
f 3806 3807 2879
f 3806 2880 2872
f 2882 2883 2884
f 2881 2884 2715
f 2880 2881 2714
f 2879 2882 2881
f 2885 2886 2887
f 2888 2889 2890
f 2885 2890 2892
f 2893 2886 2885
f 1942 2151 2532
f 2895 2892 2720
f 2884 2895 2870
f 2883 2896 2895
f 2896 2891 2892
f 2889 2874 2717
f 2890 2717 2720
f 2897 2893 2891
f 2898 2897 2896
f 2899 2898 2883
f 2900 2899 2882
f 3797 2900 2879
f 2876 2902 2901
f 2901 2902 2904
f 1785 2656 1835
f 2905 2906 2899
f 2907 2908 2897
f 3797 2901 2903
f 632 576 577
f 3532 3547 2867
f 434 385 550
f 2768 2770 3640
f 2910 2911 1623
f 2241 2912 2758
f 3640 2770 2913
f 1623 2911 2757
f 3587 2242 2757
f 2229 1381 1380
f 2765 1630 1629
f 2915 2914 1629
f 3642 3641 2914
f 3641 3622 2765
f 2919 2916 3642
f 2918 2915 2912
f 3614 2918 2241
f 3618 2919 3613
f 3541 2177 2180
f 3521 2002 2188
f 3705 3573 714
f 2925 2766 2917
f 2924 2917 2916
f 3610 2924 2919
f 3611 2925 2924
f 2926 2927 2766
f 3658 2926 2925
f 1715 1713 1705
f 785 497 498
f 1387 651 565
f 374 375 1899
f 3573 2203 2206
f 2929 2930 2886
f 2932 2933 2934
f 1905 1906 1908
f 2930 2935 2936
f 2938 2935 2930
f 1493 369 517
f 1603 1585 1586
f 2939 2938 2929
f 2940 2939 2908
f 3665 1707 1600
f 2886 2930 2937
f 2906 2907 2898
f 2908 2929 2893
f 2942 2934 2933
f 2941 2933 2937
f 3501 2941 2936
f 3498 2942 2941
f 2943 2944 2710
f 2943 2873 2874
f 2945 2943 2889
f 2946 2944 2943
f 2932 2945 2888
f 2931 2946 2945
f 727 1928 1929
f 2903 2904 2947
f 545 594 42
f 1480 1570 533
f 2907 2906 2949
f 2906 2905 2950
f 1558 452 215
f 3799 2903 2948
f 2054 1645 1644
f 3705 3684 2203
f 1828 1837 1849
f 2953 2954 2955
f 2952 2955 2957
f 2956 2261 2258
f 2953 2952 2258
f 2454 2455 2474
f 3747 2958 2959
f 3747 2132 2131
f 2961 2962 2963
f 2958 2963 2964
f 222 221 2485
f 2477 2226 2966
f 2631 2561 2006
f 2384 2454 2496
f 2967 2968 2959
f 2968 2967 2970
f 3759 2033 2971
f 3784 2971 2960
f 2972 2971 2033
f 2007 2377 2973
f 3560 3559 2134
f 1836 1833 1832
f 3506 2188 2090
f 955 810 959
f 672 675 674
f 633 710 713
f 2024 732 733
f 2025 2024 803
f 425 1552 1550
f 2975 2976 888
f 1319 1158 1157
f 1212 1935 2977
f 889 957 2228
f 1978 1974 1975
f 1138 1078 1329
f 751 665 2979
f 1619 1613 1625
f 2252 2255 1728
f 1157 1160 845
f 2706 1936 1938
f 2980 2255 2254
f 2982 2975 887
f 802 712 711
f 678 677 2029
f 527 840 690
f 1839 1207 2629
f 2983 2984 602
f 2983 1914 1913
f 2985 2983 1331
f 2986 2984 2983
f 2987 2637 2635
f 2985 2988 2639
f 2990 1319 1318
f 2991 2992 2993
f 2995 2991 2994
f 1106 1058 2991
f 1058 1057 2992
f 1415 1406 1365
f 1317 922 2217
f 1932 1728 2255
f 926 2998 2999
f 3001 2993 2992
f 3000 2992 1057
f 2999 3000 2978
f 2998 3001 3000
f 3002 2998 2209
f 3002 3003 2996
f 2993 3001 3002
f 1103 1106 2995
f 3004 2995 2996
f 2209 2210 3004
f 588 1103 3004
f 295 296 433
f 2638 2639 2988
f 3005 2988 1056
f 1305 3005 1930
f 1276 2638 3005
f 1987 1968 1993
f 2633 1762 1761
f 1423 1422 1417
f 3561 3517 739
f 2671 2670 2704
f 1473 1872 2035
f 922 1317 2694
f 1401 1400 1378
f 556 2028 1884
f 842 848 3825
f 1854 2706 2617
f 933 1082 1081
f 1440 1441 1436
f 529 657 719
f 1031 1025 1027
f 777 913 912
f 2645 1205 1204
f 441 438 1538
f 790 1287 587
f 2065 2066 1610
f 1860 991 990
f 60 106 87
f 1424 1017 1948
f 332 1527 1507
f 261 262 138
f 187 188 449
f 1719 1720 1726
f 1931 1055 1059
f 3006 1059 1105
f 1287 3006 1104
f 1286 1931 3006
f 3007 3008 3009
f 3009 3008 653
f 618 999 26
f 2029 677 1210
f 957 601 600
f 1049 2146 2228
f 2631 890 3011
f 890 889 2227
f 3011 2227 2145
f 2561 3011 3012
f 1026 656 609
f 2706 1854 1961
f 3013 2965 2485
f 2148 2147 1267
f 3015 1267 1266
f 2997 2264 1101
f 642 641 1773
f 186 477 461
f 1041 1040 1320
f 1121 3016 3017
f 2984 2986 2987
f 3018 2987 2634
f 1048 603 3018
f 603 602 2984
f 2679 2678 801
f 2062 2072 2074
f 2061 2074 2076
f 414 303 1545
f 3016 1121 2683
f 3019 2683 2704
f 3020 3019 2670
f 3007 3016 3019
f 1871 1090 1091
f 3021 1787 1122
f 3022 3021 3017
f 1314 3021 3022
f 1784 1787 3021
f 1316 1315 1763
f 3023 3022 3010
f 3023 3009 795
f 1763 3023 1092
f 1315 3022 3023
f 3016 3007 3010
f 752 751 2978
f 2986 2639 2637
f 3024 654 653
f 3020 3024 3008
f 720 723 3024
f 723 2621 654
f 2681 1098 1268
f 2671 3025 1268
f 2705 2681 3025
f 1313 3026 3027
f 3026 3028 3029
f 3027 3029 3030
f 1311 3027 3031
f 2012 568 731
f 917 2657 974
f 743 1206 856
f 1888 2027 2030
f 2682 2705 2684
f 3032 2684 1124
f 1100 3032 2989
f 1099 2682 3032
f 1123 2990 2989
f 3033 1834 1159
f 2990 3033 1158
f 1123 1786 3033
f 1786 1785 1834
f 1054 1056 2988
f 2979 665 664
f 2623 2622 2663
f 1095 660 688
f 3034 3035 2261
f 3036 3034 2956
f 3037 3038 3034
f 3038 3039 3035
f 3040 3041 3026
f 2263 3042 3041
f 3042 3039 3043
f 3041 3043 3028
f 3044 3045 3043
f 3046 3047 3045
f 3047 3048 3049
f 3043 3045 3049
f 3038 3037 3051
f 3050 3051 3053
f 3052 3046 3044
f 3039 3038 3050
f 3054 3035 3039
f 3042 2263 2262
f 2261 3035 3054
f 2216 2263 2997
f 2212 2211 2667
f 3056 868 2209
f 934 3057 1961
f 2013 3755 3757
f 3058 3059 3060
f 3059 3062 3063
f 3060 3063 2213
f 3061 3060 1963
f 3063 3064 2214
f 3062 3065 3064
f 3065 2257 2260
f 3064 2260 2215
f 3066 3067 3031
f 2608 2966 3067
f 2966 2562 3068
f 3031 3067 3068
f 2455 2458 2461
f 2476 2223 2226
f 3551 2090 2089
f 3526 2774 3769
f 433 354 355
f 2115 1423 1419
f 3509 2868 2922
f 3769 3737 2131
f 3069 2611 2167
f 2971 2972 2928
f 2961 2774 2773
f 3070 2475 2478
f 2610 2609 3071
f 2502 2371 2374
f 3072 2592 2595
f 2964 3046 3052
f 3048 2593 3074
f 2593 2592 3075
f 3075 3030 3029
f 3074 3029 3028
f 3072 3076 3075
f 3076 3072 2482
f 2481 2608 3066
f 3076 3066 3030
f 2967 3052 3053
f 2482 3072 3073
f 479 480 493
f 706 3900 3873
f 3561 2194 2221
f 2013 2010 3754
f 3533 2032 2016
f 3562 3519 2222
f 1171 1154 1155
f 2586 2566 2565
f 2982 110 113
f 2562 2376 3077
f 2376 2375 3012
f 3012 2145 2148
f 3077 2148 3015
f 2963 3047 3046
f 3051 3078 2970
f 1683 2173 491
f 3850 2122 1447
f 1986 2181 3734
f 3079 3080 2546
f 3081 3079 2575
f 1983 1986 3768
f 3082 2323 2319
f 3080 3082 2545
f 3734 3732 3082
f 3732 3748 2323
f 1309 1471 1888
f 3073 2595 2772
f 2760 3083 3084
f 2760 2085 2088
f 3085 3084 3086
f 3089 3085 3090
f 3089 2762 3084
f 3092 3088 3090
f 3093 2748 2744
f 2751 2747 2748
f 3093 2741 2752
f 2742 2741 3093
f 3094 3093 2743
f 3096 3097 3098
f 3099 3096 3087
f 3097 3094 3095
f 3100 2743 2746
f 3101 2927 3102
f 2764 2766 2927
f 2745 2764 3101
f 3102 3092 3091
f 3100 3091 3095
f 2869 2802 3592
f 3102 3103 3104
f 3658 2868 2869
f 2927 2926 3103
f 3098 3095 3091
f 3087 3098 3090
f 2088 2125 3105
f 3083 3105 3086
f 2483 3073 2771
f 2401 2186 2185
f 3099 3086 3105
f 2125 2207 3106
f 3108 2737 2742
f 3107 2742 3094
f 3110 3108 3107
f 3109 3107 3097
f 3111 3109 3096
f 3112 3110 3109
f 3113 2738 2737
f 3115 2723 2722
f 3117 3115 3114
f 3119 3117 3116
f 3118 3116 3120
f 3116 3114 3113
f 3122 3112 3111
f 3122 3123 1755
f 3124 3125 3126
f 3125 3118 3121
f 3128 3119 3118
f 3129 3128 3125
f 2020 2712 3128
f 3853 3857 1346
f 1065 1046 1047
f 1814 3838 3830
f 2021 2020 3129
f 3111 3099 3106
f 3123 3106 2207
f 2377 2225 2224
f 3014 2485 113
f 1756 2208 3782
f 3131 3132 2530
f 3133 3131 2528
f 1753 1756 3767
f 3134 3124 3127
f 2327 2408 2314
f 2436 2318 2317
f 2018 2021 3711
f 2534 3136 3137
f 2320 2322 3136
f 2185 2018 3712
f 3138 3139 2542
f 3134 3135 3744
f 3785 3130 3134
f 3140 3138 2539
f 2535 3137 3140
f 3711 2021 3130
f 2558 2530 3132
f 3782 3760 3141
f 2560 2558 3141
f 3760 3777 3142
f 958 888 2976
f 1933 1932 2980
f 2399 2424 2418
f 2348 2342 2343
f 2322 2320 2319
f 2718 2717 2874
f 2709 2729 2873
f 2894 2871 1361
f 346 289 176
f 1876 1877 1882
f 2802 2803 3607
f 3104 3144 3088
f 2974 2222 3649
f 3089 3145 2761
f 3088 3144 3145
f 2803 2974 3603
f 3870 3909 692
f 2123 1419 1418
f 1365 1363 1368
f 1581 1766 1782
f 3569 2202 2129
f 3555 2003 2002
f 3146 2585 2551
f 3751 3146 3147
f 3742 3149 3146
f 3149 2584 2585
f 3196 3198 3197
f 3604 2192 2191
f 3142 3150 2556
f 3777 3778 3150
f 3646 3152 2550
f 3150 3151 2555
f 3778 3780 3151
f 3788 3781 3152
f 3153 3147 2551
f 3152 3153 2549
f 3781 3776 3153
f 3776 3750 3147
f 3148 2767 2206
f 2183 2401 2321
f 2132 2960 2928
f 3684 3685 2204
f 3719 2198 2197
f 2594 2962 2773
f 2595 2594 2951
f 1870 798 799
f 3713 2179 2178
f 3706 2178 3736
f 336 3154 3774
f 339 3155 3154
f 3789 3683 3149
f 3683 3697 2584
f 2963 2962 3048
f 3722 3730 337
f 339 338 2566
f 3156 3157 2168
f 2610 3156 2167
f 2954 2953 3156
f 3157 3156 2953
f 3707 2166 2169
f 2567 3158 3159
f 337 3158 2567
f 3730 3069 2166
f 3764 2190 1983
f 2579 3160 3081
f 2568 3159 3160
f 3709 2169 2190
f 3065 3062 3162
f 3161 3162 1984
f 3157 3161 2189
f 2257 3065 3161
f 734 735 1922
f 3059 3058 2708
f 3163 2708 2182
f 3162 3163 1985
f 3062 3059 3163
f 3203 3206 3205
f 2122 2119 1448
f 3817 1686 1685
f 139 140 444
f 1570 569 566
f 2957 3164 3165
f 2955 3166 3164
f 1912 454 341
f 3130 3129 3124
f 1548 322 319
f 1949 1950 1327
f 2969 2970 3078
f 3167 3078 3169
f 3724 2014 2017
f 3720 2017 2033
f 3168 3169 3165
f 3170 3165 3164
f 3779 3170 3171
f 3724 3168 3170
f 3171 3164 3166
f 3172 3166 3071
f 3752 3172 3173
f 3756 3171 3172
f 3169 3037 3036
f 2593 3048 2962
f 3173 3071 2609
f 3174 2609 2199
f 3783 3174 2198
f 3749 3173 3174
f 2190 2189 1984
f 2196 2195 2767
f 2119 2120 1414
f 1464 1463 1466
f 2199 2611 3069
f 2457 2456 2587
f 2226 2225 2562
f 481 478 1627
f 333 1512 235
f 3078 3051 3037
f 3040 2264 2997
f 2219 1934 1933
f 2385 2384 2497
f 221 2220 3175
f 2220 1933 3143
f 3175 3143 2976
f 2484 3175 2975
f 2954 3071 3166
f 2630 1858 110
f 1547 319 1952
f 2091 2090 2188
f 3733 3736 2178
f 1918 1919 1927
f 3563 112 111
f 955 956 960
f 2037 3014 112
f 3143 2980 2981
f 2218 2211 2214
f 672 3877 3787
f 2152 3013 3014
f 1147 1144 1143
f 2248 2246 1409
f 1615 1636 1635
f 1410 1409 2246
f 3241 3243 3242
f 1382 3176 3177
f 3177 1410 2247
f 2247 1383 3177
f 3176 2238 2230
f 1410 3177 3179
f 3179 3180 2243
f 1633 3181 2800
f 1621 1620 2758
f 1622 1621 2245
f 2236 1394 3181
f 2237 2236 3182
f 2250 1631 2233
f 2912 1629 1628
f 135 136 1564
f 1567 419 512
f 1085 1084 2653
f 3184 869 868
f 869 3184 3057
f 1266 1268 1098
f 1267 2147 722
f 937 1146 2646
f 2146 1049 722
f 2211 2218 921
f 1957 510 507
f 1313 1312 2264
f 1496 362 1493
f 2887 2937 2933
f 1687 1688 1659
f 145 1499 1498
f 37 38 418
f 1935 1934 3185
f 104 89 301
f 2101 2098 2083
f 543 298 360
f 1934 2219 3186
f 234 1521 212
f 3845 3821 1822
f 1976 1875 1874
f 223 3186 2219
f 3655 3656 3605
f 2165 2164 467
f 467 468 2165
f 773 476 2165
f 1935 1212 1728
f 3240 3225 3226
f 3261 3249 3250
f 3215 3216 3244
f 3265 3221 3215
f 3267 3245 3198
f 3205 3206 3269
f 3214 3211 3265
f 3271 3213 3214
f 3251 3252 3239
f 3222 3221 3266
f 3232 3235 3234
f 3216 3242 3243
f 3196 3193 3268
f 3244 3243 3254
f 3238 3239 3247
f 3264 3244 3255
f 3253 3242 3216
f 3211 3266 3221
f 3257 3217 3218
f 3258 3222 3272
f 3274 3275 3280
f 3228 3229 3262
f 3275 3231 3281
f 3226 3227 3273
f 3236 3263 3260
f 3281 3263 3236
f 3287 3271 3192
f 3235 3226 3280
f 3234 3280 3281
f 3288 3290 3259
f 3260 3250 3276
f 3289 3212 3278
f 3210 3209 3224
f 3199 3202 3201
f 3228 3231 3230
f 3290 3288 3285
f 3282 3279 3271
f 3260 3263 3262
f 3243 3241 3268
f 3267 3268 3241
f 3194 3207 3208
f 3191 3270 3269
f 3270 3191 3192
f 3275 3274 3230
f 3264 3269 3270
f 3252 3251 3276
f 3248 3252 3291
f 3213 3271 3279
f 3272 3266 3289
f 3277 3278 3212
f 3228 3263 3281
f 3220 3225 3253
f 3219 3253 3217
f 3256 3218 3222
f 3247 3239 3252
f 3245 3267 3232
f 3266 3211 3212
f 3208 3205 3255
f 3288 3289 3284
f 3204 3205 3208
f 560 1899 3187
f 3209 3210 3201
f 3189 3192 3191
f 448 1980 807
f 647 648 122
f 1833 1848 1780
f 510 509 508
f 3210 1949 1887
f 1887 15 3200
f 15 16 3197
f 16 3188 3195
f 3195 3188 3187
f 3194 3187 1899
f 3207 1899 375
f 387 173 126
f 3189 1791 1760
f 3577 763 757
f 763 3577 2172
f 3583 3582 3580
f 3581 3580 3579
f 3594 3597 3596
f 3400 3601 3602
f 3626 3624 3625
f 3631 3635 3599
f 3636 3637 3595
f 3647 3584 3588
f 3650 3582 3584
f 3653 3579 3580
f 3653 2176 3654
f 1801 1864 3656
f 3651 3580 3582
f 3644 3638 3595
f 1767 1768 3659
f 1597 3663 3661
f 1708 1707 3665
f 3671 3668 3667
f 3666 3667 3673
f 1588 1708 3664
f 2080 3671 3666
f 2082 3666 3672
f 3674 3677 3635
f 3677 3678 3636
f 3682 3647 3645
f 3692 3651 3650
f 3681 3645 3644
f 786 3694 3692
f 3694 3653 3651
f 785 3692 3686
f 497 3686 3682
f 650 3682 3681
f 3696 564 3681
f 3405 3606 3605
f 3702 3699 3678
f 3699 3698 3679
f 3645 3588 3638
f 1799 3657 3659
f 3708 3704 3458
f 3462 3710 3708
f 3714 463 564
f 3615 3606 3602
f 3710 3714 3696
f 3635 3636 3596
f 3629 3626 3627
f 3597 3600 3599
f 3630 3716 3715
f 3627 3625 3597
f 3717 3716 3723
f 3715 3663 3660
f 3716 3717 3725
f 3668 3665 3661
f 3668 3725 3717
f 3667 3717 3718
f 3727 3728 3673
f 3728 1576 3672
f 3726 3727 3718
f 1576 2101 2084
f 3727 3726 3731
f 3203 376 1387
f 3190 1387 1791
f 3283 2152 1949
f 317 240 259
f 2000 2176 3653
f 3601 3599 3600
f 3589 3588 3584
f 3577 758 756
f 3585 3584 3582
f 3678 3679 3637
f 3204 375 376
f 1801 3655 3657
f 3729 3735 3728
f 1575 3735 3738
f 3735 1575 1576
f 1776 1795 1796
f 1293 1294 1290
f 1326 14 1327
f 1294 1245 1234
f 878 1244 1330
f 497 373 374
f 122 648 413
f 3699 3702 3704
f 3606 3405 3401
f 3708 3710 3698
f 3464 3714 3710
f 3704 3674 3443
f 439 398 399
f 1512 1528 1526
f 1668 1741 1738
f 839 849 1362
f 1362 1357 826
f 3843 740 1896
f 2053 2054 2118
f 3888 3887 2120
f 696 697 3816
f 1826 1878 639
f 3740 3739 3729
f 956 885 886
f 1980 806 1922
f 33 34 105
f 1343 1344 3856
f 3907 2127 2128
f 1766 1581 1582
f 14 1326 2163
f 595 98 99
f 3233 3238 3246
f 1346 1035 1044
f 748 1888 1425
f 3193 3208 3254
f 3190 3191 3206
f 3612 3605 3606
f 3624 3612 3615
f 3631 3415 3443
f 3679 3680 3644
f 3686 3650 3647
f 3702 3677 3674
f 3625 3615 3600
f 3601 3400 3415
f 3739 3738 3735
f 3630 3627 3594
f 3741 3723 3716
f 1284 1290 1288
f 3698 3696 3680
f 1778 1781 1780
f 1792 1759 1584
f 695 570 571
f 3638 3741 3594
f 3741 3638 3588
f 3247 3248 3209
f 3292 3293 3294
f 3296 3297 3298
f 3299 3298 3300
f 3302 3303 3304
f 3306 3307 3308
f 3307 3310 3311
f 3303 3302 3301
f 3312 3305 3304
f 3314 3315 3316
f 3318 3319 3320
f 3324 3318 3321
f 3326 3327 3328
f 3329 3330 3331
f 3333 3334 3335
f 3337 3338 3339
f 3333 3336 3341
f 3342 3341 3343
f 3319 3345 3344
f 3338 3335 3334
f 3346 3301 3302
f 3305 3348 3347
f 3312 3224 3223
f 3350 3337 3340
f 3312 3349 3348
f 3352 3343 3341
f 3311 3353 3354
f 3341 3336 3327
f 3359 3360 3361
f 3360 3359 3250
f 3318 3363 3345
f 3364 3363 3318
f 3314 3364 3324
f 3366 3299 3301
f 3299 3366 3367
f 3308 3354 3368
f 3369 3317 3295
f 3317 3369 3364
f 3370 3295 3317
f 3325 3371 3365
f 3352 3320 3319
f 3296 3367 3353
f 3297 3296 3311
f 3363 3368 3354
f 3345 3354 3353
f 3344 3353 3367
f 3366 3333 3342
f 3347 3339 3334
f 3339 3347 3348
f 3348 3349 3351
f 3363 3364 3369
f 3294 3309 3368
f 3293 3306 3309
f 3331 3373 3374
f 3346 3334 3333
f 3323 3322 3352
f 3356 3355 3321
f 3355 3357 3325
f 3357 3358 3371
f 3322 3356 3320
f 3361 3330 3329
f 3373 3372 3375
f 3374 3375 3376
f 3329 3332 3376
f 3327 3375 3372
f 3336 3335 3375
f 3335 3338 3376
f 3376 3338 3337
f 3337 3350 3359
f 3359 3350 3276
f 3377 3292 3295
f 3277 3316 3315
f 3371 3378 3379
f 3378 3371 3358
f 3365 3379 3315
f 3316 3277 3279
f 3282 3377 3370
f 3313 3283 3224
f 3378 3285 3284
f 3380 3286 3285
f 3379 3284 3278
f 3276 3350 3351
f 3291 3351 3349
f 3313 3304 2965
f 2965 3304 3303
f 222 3303 3300
f 223 3300 3298
f 3298 3297 3185
f 3297 3310 2977
f 3310 3307 1213
f 3307 3306 1214
f 2532 1214 3306
f 2894 2532 3293
f 2871 2894 3292
f 3253 3225 3240
f 3283 3313 3013
f 1997 1996 1889
f 1237 745 744
f 1535 1534 120
f 1531 1532 201
f 1119 1241 1032
f 946 948 824
f 163 8 5
f 3589 3726 3723
f 1155 1156 1162
f 427 213 327
f 553 1902 796
f 3381 2232 2231
f 3381 3178 2230
f 2237 3183 3180
f 3383 3384 3385
f 3384 3386 3387
f 3386 3388 3389
f 3388 3390 3391
f 3392 3393 3394
f 3395 3394 3396
f 3398 3399 3397
f 3400 3401 3399
f 3403 3404 3405
f 3406 3407 3404
f 3408 3409 3407
f 3410 3411 3409
f 3412 3413 3411
f 3415 3400 3398
f 3414 3398 3396
f 3416 3396 3394
f 3417 3394 3393
f 3393 3419 3420
f 3419 3390 3421
f 3390 3388 3422
f 3388 3386 3423
f 3386 3384 3424
f 3384 3383 3425
f 3425 3383 3426
f 2904 3427 3428
f 3429 3427 2904
f 3430 3429 2902
f 2875 3431 3430
f 3432 3433 2733
f 2825 3434 3435
f 3437 3438 3439
f 3441 3437 3436
f 2724 2723 3434
f 3436 3439 3115
f 3440 3436 3117
f 3443 3415 3414
f 3442 3414 3416
f 3444 3416 3417
f 3445 3417 3418
f 3446 3418 3420
f 3420 3421 3448
f 3421 3422 3449
f 3422 3423 3450
f 3423 3424 3451
f 3424 3425 3452
f 3425 3184 3056
f 3451 3452 2253
f 3450 3451 2252
f 3449 3450 1727
f 3448 3449 2150
f 3453 3447 3448
f 3454 3446 3447
f 3455 3445 3446
f 3456 3444 3445
f 3442 3444 3456
f 3443 3442 3457
f 3459 3460 3458
f 3457 3456 3455
f 3459 3455 3454
f 3462 3460 3459
f 3461 3454 3453
f 3464 3462 3461
f 3463 3453 1941
f 3404 3399 3401
f 3407 3397 3399
f 3409 3395 3397
f 3411 3392 3395
f 3465 3466 3413
f 3467 3468 3469
f 3465 3412 3431
f 3470 3467 3466
f 3438 3470 3432
f 3467 3470 3438
f 3468 3467 3437
f 3471 3469 3468
f 3472 3468 3441
f 3473 3441 3440
f 2712 3440 3119
f 3475 3471 3472
f 3474 3472 3473
f 3476 3473 2712
f 3477 3476 2711
f 3478 3474 3476
f 3479 3475 3474
f 3392 3411 3413
f 3466 3469 3480
f 3419 3393 3392
f 3390 3419 3480
f 3469 3471 3391
f 3389 3391 3471
f 3387 3389 3475
f 3385 3387 3479
f 3482 3477 2400
f 3483 3478 3477
f 3481 3479 3478
f 3484 3482 2402
f 3058 3484 2707
f 3061 3485 3484
f 3485 3483 3482
f 3382 3385 3481
f 3486 3481 3483
f 3426 3383 3382
f 3487 3382 3486
f 3486 3485 3061
f 1961 3057 3487
f 3057 3184 3426
f 3428 3403 3402
f 3427 3406 3403
f 3429 3408 3406
f 3430 3410 3408
f 3431 3412 3410
f 3470 3465 3433
f 3434 3439 3438
f 2723 3115 3439
f 2875 2733 3433
f 2736 2824 3435
f 2947 3428 3488
f 3464 3463 1360
f 1900 1925 1924
f 1736 1717 1718
f 1955 1952 1943
f 1671 1738 1735
f 1696 1750 1698
f 1800 1865 1864
f 2063 2055 2056
f 1737 1734 1717
f 1751 1735 1697
f 943 3885 3899
f 3656 3488 3402
f 1577 1578 1764
f 3917 1598 1599
f 1945 146 82
f 68 6 7
f 147 1542 1543
f 1109 1135 1133
f 1503 1910 1907
f 1499 1501 1909
f 452 1922 735
f 1824 2068 3835
f 1825 2067 2068
f 1463 1462 1022
f 841 1012 1009
f 1568 1547 1955
f 1910 1503 1502
f 1939 1502 422
f 309 280 1940
f 1804 1851 1866
f 269 1482 1954
f 2065 1607 2060
f 3812 1685 1758
f 280 276 552
f 1875 1873 1869
f 1739 1721 1734
f 1778 1779 1790
f 310 1920 1915
f 1909 1908 1906
f 1789 1783 1778
f 978 981 980
f 1584 1759 1731
f 425 426 311
f 148 1543 115
f 2044 3897 3894
f 277 1910 1939
f 1943 1946 1945
f 1461 1462 1463
f 2253 3452 3056
f 2981 2254 3489
f 2209 2998 3489
f 2254 2253 3055
f 2998 926 958
f 2826 2817 2721
f 3490 2739 2721
f 2816 3491 3490
f 2334 2297 2296
f 2298 2297 2334
f 2301 2298 2336
f 2311 2301 2338
f 2312 2311 2354
f 2359 2358 2361
f 2335 2296 2359
f 2414 2413 2365
f 2413 2270 2361
f 2355 2352 2540
f 2541 2540 2539
f 2722 2721 2739
f 3114 2722 2738
f 3110 3112 3121
f 3108 3110 3120
f 3122 1754 3127
f 3112 3122 3126
f 3127 1754 1753
f 3139 3133 2529
f 3744 3775 3133
f 3490 2789 2740
f 3491 2790 2789
f 228 229 91
f 245 244 243
f 248 7 247
f 2 297 296
f 145 146 300
f 327 213 210
f 329 332 331
f 239 241 240
f 373 376 375
f 178 177 176
f 1218 1225 1228
f 3862 1231 1295
f 808 809 824
f 3858 3859 1013
f 3813 3810 1411
f 2154 2149 2159
f 3845 3835 1758
f 306 807 1922
f 2157 2153 1976
f 708 709 2031
f 1450 1226 1227
f 1672 1604 1605
f 1813 1814 1821
f 1717 1716 1715
f 176 159 402
f 1710 1705 3916
f 1712 1580 1577
f 1705 1713 1711
f 971 978 979
f 822 823 1094
f 2909 2810 2793
f 2810 2769 2795
f 2799 2910 2249
f 3662 3643 2910
f 2769 2768 2801
f 3177 3176 3178
f 3178 3381 3180
f 3181 1394 1393
f 3181 1633 1632
f 3182 1632 2244
f 3183 2244 2243
f 3492 2791 2790
f 2808 3492 3491
f 2239 3574 3572
f 1149 1150 3571
f 1150 2009 3567
f 2202 3569 3566
f 2921 3564 3565
f 3568 3560 2133
f 1777 1579 1759
f 1201 1196 1183
f 3561 3554 2195
f 3553 3576 2770
f 3927 3925 1687
f 1516 152 154
f 3549 3562 2974
f 3550 3548 2779
f 2771 2772 3575
f 3070 2771 3546
f 3547 3544 2775
f 1376 1375 1370
f 2767 3543 3556
f 2195 3554 3543
f 2775 3544 3542
f 3377 3282 3545
f 3804 3802 3539
f 2776 3542 3538
f 2240 3572 3535
f 2920 3535 3669
f 3548 3534 2786
f 1805 1850 1851
f 3534 3532 2787
f 2951 2773 3540
f 2772 2951 3531
f 2973 2224 3530
f 2224 2223 3537
f 1957 1953 320
f 306 305 304
f 2770 3576 3528
f 2913 3528 3574
f 2923 3565 3527
f 308 1940 431
f 207 208 132
f 1879 1876 1881
f 3733 3787 3525
f 2475 3070 3558
f 2476 2475 3524
f 2223 2476 3523
f 3522 3549 2803
f 2037 3563 11
f 1959 1958 450
f 2003 3555 3520
f 9 10 334
f 2009 2008 3518
f 2008 2973 3536
f 3877 672 673
f 3515 3550 2778
f 2935 3514 3513
f 111 1149 3570
f 3510 3514 2935
f 683 3876 3885
f 3508 3557 2810
f 736 733 732
f 1795 1804 1803
f 3505 3510 2938
f 3507 3505 2939
f 2950 3512 3504
f 2940 2949 3504
f 3801 3791 3512
f 2868 3509 3502
f 2869 3502 3522
f 1024 1034 1023
f 3500 3503 2948
f 551 1939 442
f 2972 3499 3568
f 2032 3533 3499
f 216 93 1924
f 203 202 201
f 1828 1848 1847
f 1958 1957 449
f 272 271 178
f 2871 3545 3495
f 3619 3669 3564
f 2801 2768 3643
f 2005 3758 3654
f 960 886 899
f 3657 3655 3612
f 3780 3788 3646
f 3151 3646 3593
f 2193 3604 3623
f 3607 3603 3145
f 3603 3649 2761
f 3592 3607 3144
f 2926 3658 3634
f 3634 3592 3104
f 3755 3754 3746
f 566 567 3758
f 3488 3656 1864
f 1602 1586 2079
f 2868 3658 3611
f 2922 3611 3610
f 2923 3610 3618
f 3670 3613 2918
f 3619 3670 3614
f 2921 3618 3670
f 2920 3614 3586
f 3613 3642 2915
f 2917 2766 3622
f 2916 2917 3641
f 2239 3587 3652
f 2911 3640 3652
f 3643 3640 2911
f 2797 2801 3662
f 2797 3591 3598
f 3622 3628 2763
f 3608 3628 2764
f 2194 3623 3648
f 2221 3648 3649
f 2756 3608 3609
f 2750 3598 3609
f 3669 3535 1817
f 3763 3770 1691
f 2515 3621 3590
f 2548 3590 3593
f 2513 2489 3632
f 2513 3616 3621
f 2509 3633 3620
f 2510 3632 3633
f 2289 3620 3639
f 2283 3639 3617
f 2240 3586 3587
f 3659 3657 3624
f 716 2121 3887
f 727 1999 3761
f 2165 2171 2170
f 3660 3659 3626
f 3743 3581 3578
f 2175 2172 769
f 2100 500 2095
f 3758 567 3757
f 640 3560 3568
f 1653 3576 3553
f 1895 3536 3530
f 746 3530 3537
f 1653 1810 3528
f 3762 1603 1604
f 2093 2075 2073
f 959 996 995
f 962 899 919
f 1400 1401 1398
f 1000 817 1127
f 956 959 884
f 1662 3548 3550
f 2034 3558 3546
f 3926 1689 3539
f 3535 3572 766
f 3572 3574 765
f 334 3570 3571
f 1868 3531 3540
f 1684 1651 1652
f 1682 1683 775
f 1585 1603 3762
f 3763 3762 1672
f 2173 2174 490
f 1658 3544 3547
f 3556 3543 1650
f 1571 3754 2010
f 1587 3664 3671
f 2099 2095 2077
f 787 3761 1999
f 2000 3694 786
f 3155 339 3697
f 3713 3155 3683
f 2180 2179 3685
f 3496 2180 3684
f 1684 3846 3840
f 1760 464 3495
f 2607 3689 3693
f 2581 3676 3689
f 2371 2502 3700
f 2371 3695 3693
f 2587 3676 3675
f 2586 3675 3697
f 2497 3691 3687
f 2502 2503 3687
f 2494 3691 3690
f 3690 3688 2472
f 3688 3701 2468
f 3701 3703 2469
f 726 3908 3892
f 581 3567 3518
f 10 3511 3570
f 1837 3514 3510
f 741 3537 3523
f 1299 3524 3558
f 1851 3507 3504
f 3527 3565 1820
f 580 3518 3536
f 1758 1685 3522
f 1693 3557 3508
f 3504 3512 1867
f 1894 1826 3568
f 2126 1418 3813
f 3906 2126 3841
f 2113 3911 3867
f 2179 3713 3789
f 624 3903 3904
f 2192 3604 3788
f 2177 3541 3787
f 1364 3824 3833
f 3858 3855 1470
f 3135 1753 3775
f 2069 3812 3835
f 1351 3861 3853
f 2108 3882 3901
f 2089 2092 3736
f 3828 3834 1358
f 2001 3749 3783
f 2187 3783 3719
f 2130 3756 3752
f 2004 3752 3749
f 2014 3724 3779
f 2201 3779 3756
f 3167 3720 3759
f 3168 3724 3720
f 3159 3709 3764
f 3160 3764 3765
f 3730 3707 3158
f 3158 3707 3709
f 2200 3069 3730
f 3685 3789 3742
f 3722 3774 2197
f 3790 3736 2092
f 3774 3790 3721
f 3154 3706 3790
f 3155 3713 3706
f 2091 3719 3721
f 2196 3148 3750
f 2193 2196 3776
f 3604 2193 3781
f 2086 2192 3780
f 2087 2086 3778
f 2204 3742 3751
f 2205 3751 3750
f 3909 3886 574
f 2124 2087 3777
f 2208 2124 3760
f 3711 3785 3140
f 3785 3745 3138
f 3745 3744 3139
f 3771 3712 3136
f 3712 3711 3137
f 3775 3767 3131
f 3767 3782 3132
f 1813 3839 3838
f 1293 3854 3856
f 2184 2321 3748
f 2181 2184 3732
f 3765 3768 3079
f 3768 3734 3080
f 709 3873 3875
f 2774 2961 3737
f 3786 3769 2134
f 3809 3808 766
f 2968 3784 3766
f 2969 3759 3784
f 2958 3747 3737
f 2132 3747 3766
f 2321 2185 3771
f 3860 3848 1449
f 3905 3874 582
f 3886 3889 577
f 3847 3826 1818
f 705 3902 3887
f 3816 3912 3907
f 2111 3883 3911
f 3810 3829 1366
f 1812 3839 3822
f 675 3851 3852
f 3496 3705 3851
f 2110 3867 3868
f 2104 3896 3901
f 2109 3868 3899
f 3842 3831 703
f 1680 3811 3846
f 1639 1627 3819
f 623 3904 3906
f 2139 2140 3866
f 1808 1640 3844
f 3820 3821 1819
f 3872 3914 3900
f 1646 3832 3830
f 3889 3890 633
f 2139 3865 3875
f 2156 2155 3871
f 674 3852 3913
f 2117 3817 3812
f 1815 3822 3847
f 3855 3849 1444
f 697 3906 3912
f 866 842 3836
f 3864 3869 2136
f 3585 3731 3726
f 3583 3740 3731
f 3753 3746 3738
f 3740 3583 3581
f 1088 3738 3746
f 3739 3740 3743
f 2791 3492 3493
f 3492 2808 2807
f 2792 3493 3494
f 3493 2807 2806
f 3508 2909 3494
f 3516 3494 2806
f 2948 3503 3791
f 2105 3908 3896
f 3538 3802 3804
f 680 3878 3876
f 1891 1890 3910
f 2905 3799 3801
f 2900 3797 3799
f 2901 3797 3807
f 2734 2878 3806
f 2877 3807 3806
f 2820 3800 3794
f 2818 3796 3792
f 2823 3793 3792
f 2822 3793 3798
f 2819 2735 3800
f 2817 3796 3795
f 2809 3805 3795
f 2808 3805 3803
f 2805 3804 3803
f 1702 3921 3923
f 3922 3920 1797
f 3915 3916 1706
f 3918 3927 1692
f 1657 3898 3880
f 1890 1877 3895
f 3772 3770 1674
f 1689 1690 3772
f 3926 3802 3538
f 3516 3539 1689
f 3917 3923 1703
f 1598 3917 3928
f 3880 3884 1876
f 1691 1690 3925
f 3925 3926 1688
f 3934 3933 3937
f 3934 3938 3939
f 3932 3936 3937
f 3938 3942 3943
f 3937 3936 3940
f 3937 3941 3942
f 3942 3946 3947
f 3941 3940 3944
f 3942 3941 3945
f 3947 3946 3950
f 3944 3948 3949
f 3945 3949 3950
f 3950 3954 3955
f 3949 3948 3952
f 3950 3949 3953
f 3955 3954 3958
f 3953 3952 3956
f 3953 3957 3958
f 3959 3958 3962
f 3957 3956 3960
f 3958 3957 3961
f 3962 3966 3967
f 3960 3964 3965
f 3961 3965 3966
f 3966 3970 3971
f 3965 3964 3968
f 3966 3965 3969
f 3970 3974 3975
f 3968 3972 3973
f 3969 3973 3974
f 3974 3978 3979
f 3973 3972 3976
f 3974 3973 3977
f 3979 3978 3982
f 3976 3980 3981
f 3977 3981 3982
f 3982 3986 3987
f 3981 3980 3984
f 3982 3981 3985
f 3987 3986 3990
f 3984 3988 3989
f 3985 3989 3990
f 3991 3990 3994
f 3989 3988 3992
f 3990 3989 3993
f 3995 3994 3998
f 3992 3996 3997
f 3993 3997 3998
f 3998 4002 4003
f 3997 3996 4000
f 3998 3997 4001
f 4002 4006 4007
f 4000 4004 4005
f 4001 4005 4006
f 4006 4010 4011
f 4005 4004 4008
f 4006 4005 4009
f 4011 4010 4014
f 4008 4012 4013
f 4009 4013 4014
f 4014 4018 4019
f 4013 4012 4016
f 4014 4013 4017
f 4019 4018 4022
f 4016 4020 4021
f 4017 4021 4022
f 4023 4022 4026
f 4021 4020 4024
f 4022 4021 4025
f 4027 4026 4030
f 4024 4028 4029
f 4025 4029 4030
f 4031 4030 4034
f 4029 4028 4032
f 4030 4029 4033
f 4034 4038 4039
f 4032 4036 4037
f 4033 4037 4038
f 4038 4042 4043
f 4037 4036 4040
f 4038 4037 4041
f 4043 4042 4046
f 4040 4044 4045
f 4041 4045 4046
f 4046 4050 4051
f 4045 4044 4048
f 4046 4045 4049
f 4051 4050 4055
f 4048 4053 4054
f 4049 4054 4055
f 4056 4055 4059
f 4053 4057 4058
f 4055 4054 4058
f 4060 4059 3934
f 4058 4057 3932
f 4058 3933 3934
f 4069 4068 4081
f 4066 4079 4080
f 4065 4064 4077
f 4063 4062 4075
f 4071 4084 4085
f 4069 4082 4083
f 4067 4080 4081
f 4066 4065 4078
f 4063 4076 4077
f 4061 4074 4075
f 4072 4085 4086
f 4071 4070 4083
f 4076 4089 4090
f 4074 4087 4088
f 4086 4085 4098
f 4083 4096 4097
f 4082 4081 4094
f 4079 4092 4093
f 4078 4077 4090
f 4076 4075 4088
f 4085 4084 4097
f 4082 4095 4096
f 4080 4093 4094
f 4079 4078 4091
f 4089 4102 4103
f 4088 4087 4100
f 4098 4111 4112
f 4096 4109 4110
f 4095 4094 4107
f 4092 4105 4106
f 4090 4103 4104
f 4089 4088 4101
f 4097 4110 4111
f 4095 4108 4109
f 4094 4093 4106
f 4092 4091 4104
f 4103 4102 4115
f 4100 4113 4114
f 4112 4111 4124
f 4110 4109 4122
f 4107 4120 4121
f 4105 4118 4119
f 4103 4116 4117
f 4101 4114 4115
f 4110 4123 4124
f 4109 4108 4121
f 4107 4106 4119
f 4105 4104 4117
f 4115 4128 4129
f 4114 4113 4126
f 4124 4137 4138
f 4123 4122 4135
f 4120 4133 4134
f 4119 4118 4131
f 4117 4116 4129
f 4114 4127 4128
f 4124 4123 4136
f 4122 4121 4134
f 4119 4132 4133
f 4117 4130 4131
f 4129 4128 4141
f 4126 4139 4140
f 4138 4137 4150
f 4136 4135 4148
f 4133 4146 4147
f 4131 4144 4145
f 4130 4129 4142
f 4127 4140 4141
f 4137 4136 4149
f 4135 4134 4147
f 4132 4145 4146
f 4131 4130 4143
f 4142 4141 4154
f 4140 4139 4152
f 4150 4163 4164
f 4149 4148 4161
f 4146 4159 4160
f 4144 4157 4158
f 4142 4155 4156
f 4140 4153 4154
f 4149 4162 4163
f 4148 4147 4160
f 4146 4145 4158
f 4144 4143 4156
f 4155 4154 4167
f 4153 4152 4165
f 4163 4176 4177
f 4161 4174 4175
f 4159 4172 4173
f 4158 4157 4170
f 4155 4168 4169
f 4153 4166 4167
f 4163 4162 4175
f 4161 4160 4173
f 4159 4158 4171
f 4156 4169 4170
f 4167 4180 4181
f 4165 4178 4179
f 4176 4189 4190
f 4175 4174 4187
f 4173 4172 4185
f 4170 4183 4184
f 4169 4168 4181
f 4167 4166 4179
f 4175 4188 4189
f 4173 4186 4187
f 4171 4184 4185
f 4170 4169 4182
f 4180 4193 4194
f 4178 4191 4192
f 4190 4189 4202
f 4187 4200 4201
f 4186 4185 4198
f 4183 4196 4197
f 4182 4181 4194
f 4180 4179 4192
f 4189 4188 4201
f 4186 4199 4200
f 4184 4197 4198
f 4183 4182 4195
f 4193 4206 4207
f 4192 4191 4204
f 4202 4215 4216
f 4200 4213 4214
f 4199 4198 4211
f 4196 4209 4210
f 4194 4207 4208
f 4193 4192 4205
f 4201 4214 4215
f 4199 4212 4213
f 4198 4197 4210
f 4196 4195 4208
f 4207 4206 4219
f 4204 4217 4218
f 4216 4215 4228
f 4213 4226 4227
f 4211 4224 4225
f 4209 4222 4223
f 4207 4220 4221
f 4205 4218 4219
f 4214 4227 4228
f 4213 4212 4225
f 4211 4210 4223
f 4209 4208 4221
f 4219 4232 4233
f 4218 4217 4230
f 4228 4241 4242
f 4226 4239 4240
f 4225 4224 4237
f 4223 4222 4235
f 4221 4220 4233
f 4218 4231 4232
f 4228 4227 4240
f 4226 4225 4238
f 4223 4236 4237
f 4221 4234 4235
f 4233 4232 4245
f 4230 4243 4244
f 4242 4241 4254
f 4240 4239 4252
f 4237 4250 4251
f 4235 4248 4249
f 4234 4233 4246
f 4231 4244 4245
f 4241 4240 4253
f 4239 4238 4251
f 4236 4249 4250
f 4235 4234 4247
f 4246 4245 4258
f 4244 4243 4256
f 4254 4267 4268
f 4253 4252 4265
f 4250 4263 4264
f 4248 4261 4262
f 4246 4259 4260
f 4244 4257 4258
f 4253 4266 4267
f 4252 4251 4264
f 4250 4249 4262
f 4248 4247 4260
f 4259 4258 4271
f 4257 4256 4269
f 4267 4280 4281
f 4265 4278 4279
f 4263 4276 4277
f 4262 4261 4274
f 4259 4272 4273
f 4257 4270 4271
f 4266 4279 4280
f 4265 4264 4277
f 4263 4262 4275
f 4260 4273 4274
f 4271 4284 4285
f 4269 4282 4283
f 4281 4280 4293
f 4279 4278 4291
f 4277 4276 4289
f 4274 4287 4288
f 4273 4272 4285
f 4271 4270 4283
f 4280 4279 4292
f 4277 4290 4291
f 4275 4288 4289
f 4274 4273 4286
f 4284 4297 4298
f 4282 4295 4296
f 4294 4293 4306
f 4291 4304 4305
f 4290 4289 4302
f 4287 4300 4301
f 4286 4285 4298
f 4284 4283 4296
f 4293 4292 4305
f 4290 4303 4304
f 4288 4301 4302
f 4287 4286 4299
f 4297 4310 4311
f 4296 4295 4308
f 4306 4319 4320
f 4304 4317 4318
f 4303 4302 4315
f 4300 4313 4314
f 4298 4311 4312
f 4297 4296 4309
f 4305 4318 4319
f 4304 4303 4316
f 4302 4301 4314
f 4300 4299 4312
f 4310 4323 4324
f 4308 4321 4322
f 4320 4319 4332
f 4318 4317 4330
f 4316 4315 4328
f 4313 4326 4327
f 4311 4324 4325
f 4310 4309 4322
f 4318 4331 4332
f 4316 4329 4330
f 4315 4314 4327
f 4312 4325 4326
f 4323 4336 4337
f 4322 4321 4334
f 4332 4345 4346
f 4330 4343 4344
f 4329 4328 4341
f 4327 4326 4339
f 4325 4324 4337
f 4322 4335 4336
f 4332 4331 4344
f 4330 4329 4342
f 4327 4340 4341
f 4325 4338 4339
f 4337 4336 4350
f 4334 4348 4349
f 4346 4345 4359
f 4344 4343 4357
f 4341 4355 4356
f 4340 4339 4353
f 4338 4337 4351
f 4335 4349 4350
f 4345 4344 4358
f 4343 4342 4356
f 4340 4354 4355
f 4338 4352 4353
f 4351 4350 4363
f 4349 4348 4361
f 4359 4372 4373
f 4358 4357 4370
f 4355 4368 4369
f 4354 4353 4366
f 4351 4364 4365
f 4349 4362 4363
f 4358 4371 4372
f 4357 4356 4369
f 4355 4354 4367
f 4352 4365 4366
f 4364 4363 4376
f 4362 4361 4374
f 4373 4372 4385
f 4370 4383 4384
f 4368 4381 4382
f 4367 4366 4379
f 4364 4377 4378
f 4362 4375 4376
f 4372 4371 4384
f 4370 4369 4382
f 4368 4367 4380
f 4365 4378 4379
f 4376 4389 4390
f 4374 4387 4388
f 4385 4398 4399
f 4384 4383 4396
f 4382 4381 4394
f 4379 4392 4393
f 4378 4377 4390
f 4376 4375 4388
f 4384 4397 4398
f 4382 4395 4396
f 4380 4393 4394
f 4379 4378 4391
f 4389 4402 4403
f 4387 4400 4401
f 4399 4398 4411
f 4396 4409 4410
f 4395 4394 4407
f 4393 4392 4405
f 4391 4390 4403
f 4389 4388 4401
f 4398 4397 4410
f 4395 4408 4409
f 4393 4406 4407
f 4391 4404 4405
f 4402 4415 4416
f 4401 4400 4413
f 4411 4424 4425
f 4409 4422 4423
f 4408 4407 4420
f 4406 4405 4418
f 4403 4416 4417
f 4402 4401 4414
f 4410 4423 4424
f 4408 4421 4422
f 4407 4406 4419
f 4404 4417 4418
f 4416 4415 4428
f 4413 4426 4427
f 4425 4424 4437
f 4423 4422 4435
f 4421 4420 4433
f 4418 4431 4432
f 4416 4429 4430
f 4415 4414 4427
f 4423 4436 4437
f 4421 4434 4435
f 4420 4419 4432
f 4418 4417 4430
f 4428 4441 4442
f 4426 4439 4440
f 4437 4450 4451
f 4435 4448 4449
f 4434 4433 4446
f 4432 4431 4444
f 4430 4429 4442
f 4427 4440 4441
f 4437 4436 4449
f 4435 4434 4447
f 4432 4445 4446
f 4430 4443 4444
f 4442 4441 4454
f 4439 4452 4453
f 4451 4450 4463
f 4449 4448 4461
f 4446 4459 4460
f 4444 4457 4458
f 4443 4442 4455
f 4440 4453 4454
f 4450 4449 4462
f 4447 4460 4461
f 4445 4458 4459
f 4444 4443 4456
f 4455 4454 4467
f 4453 4452 4465
f 4463 4476 4477
f 4462 4461 4474
f 4459 4472 4473
f 4457 4470 4471
f 4455 4468 4469
f 4453 4466 4467
f 4462 4475 4476
f 4461 4460 4473
f 4459 4458 4471
f 4457 4456 4469
f 4468 4467 4063
f 4466 4465 4061
f 4477 4476 4072
f 4474 4070 4071
f 4472 4068 4069
f 4471 4470 4066
f 4468 4064 4065
f 4466 4062 4063
f 4476 4475 4071
f 4474 4473 4069
f 4472 4471 4067
f 4469 4065 4066
f 3935 4061 4465
f 4465 4452 4056
f 4452 4439 4051
f 4439 4426 4047
f 4047 4426 4413
f 4043 4413 4400
f 4039 4400 4387
f 4387 4374 4031
f 4031 4374 4361
f 4361 4348 4023
f 4348 4334 4019
f 4334 4321 4015
f 4015 4321 4308
f 4011 4308 4295
f 4007 4295 4282
f 4282 4269 3999
f 3999 4269 4256
f 4256 4243 3991
f 4243 4230 3987
f 4230 4217 3983
f 3983 4217 4204
f 3979 4204 4191
f 3975 4191 4178
f 4178 4165 3967
f 3967 4165 4152
f 4152 4139 3959
f 4139 4126 3955
f 4126 4113 3951
f 3951 4113 4100
f 3947 4100 4087
f 3943 4087 4074
f 4074 4061 3935
f 4480 4479 4483
f 4480 4484 4485
f 4479 4478 4482
f 4484 4488 4489
f 4482 4486 4487
f 4483 4487 4488
f 4488 4492 4493
f 4487 4486 4490
f 4488 4487 4491
f 4493 4492 4496
f 4490 4494 4495
f 4491 4495 4496
f 4496 4500 4501
f 4495 4494 4498
f 4496 4495 4499
f 4501 4500 4504
f 4498 4502 4503
f 4499 4503 4504
f 4505 4504 4508
f 4503 4502 4506
f 4504 4503 4507
f 4509 4508 4512
f 4506 4510 4511
f 4507 4511 4512
f 4513 4512 4516
f 4511 4510 4514
f 4512 4511 4515
f 4516 4520 4521
f 4514 4518 4519
f 4515 4519 4520
f 4520 4524 4525
f 4518 4522 4523
f 4520 4519 4523
f 4525 4524 4528
f 4522 4526 4527
f 4523 4527 4528
f 4528 4532 4533
f 4527 4526 4530
f 4528 4527 4531
f 4533 4532 4536
f 4530 4534 4535
f 4531 4535 4536
f 4537 4536 4540
f 4534 4538 4539
f 4536 4535 4539
f 4541 4540 4544
f 4539 4538 4542
f 4539 4543 4544
f 4544 4548 4549
f 4542 4546 4547
f 4544 4543 4547
f 4548 4552 4553
f 4547 4546 4550
f 4547 4551 4552
f 4552 4556 4557
f 4551 4550 4554
f 4552 4551 4555
f 4557 4556 4560
f 4554 4558 4559
f 4555 4559 4560
f 4560 4564 4565
f 4559 4558 4562
f 4560 4559 4563
f 4565 4564 4568
f 4562 4566 4567
f 4563 4567 4568
f 4569 4568 4572
f 4567 4566 4570
f 4568 4567 4571
f 4572 4576 4577
f 4570 4574 4575
f 4571 4575 4576
f 4576 4580 4581
f 4575 4574 4578
f 4576 4575 4579
f 4580 4584 4585
f 4578 4582 4583
f 4579 4583 4584
f 4584 4588 4589
f 4583 4582 4586
f 4584 4583 4587
f 4589 4588 4592
f 4586 4590 4591
f 4587 4591 4592
f 4592 4596 4597
f 4591 4590 4594
f 4592 4591 4595
f 4597 4596 4601
f 4594 4599 4600
f 4595 4600 4601
f 4602 4601 4605
f 4600 4599 4603
f 4601 4600 4604
f 4606 4605 4480
f 4603 4478 4479
f 4604 4479 4480
f 4615 4614 4627
f 4612 4625 4626
f 4611 4610 4623
f 4609 4608 4621
f 4618 4617 4630
f 4615 4628 4629
f 4613 4626 4627
f 4612 4611 4624
f 4609 4622 4623
f 4607 4620 4621
f 4619 4618 4631
f 4617 4616 4629
f 4622 4635 4636
f 4620 4633 4634
f 4632 4631 4644
f 4629 4642 4643
f 4628 4627 4640
f 4626 4625 4638
f 4624 4623 4636
f 4622 4621 4634
f 4631 4630 4643
f 4628 4641 4642
f 4626 4639 4640
f 4624 4637 4638
f 4635 4648 4649
f 4634 4633 4646
f 4644 4657 4658
f 4642 4655 4656
f 4641 4640 4653
f 4639 4638 4651
f 4636 4649 4650
f 4635 4634 4647
f 4643 4656 4657
f 4642 4641 4654
f 4640 4639 4652
f 4637 4650 4651
f 4648 4661 4662
f 4646 4659 4660
f 4658 4657 4670
f 4656 4655 4668
f 4653 4666 4667
f 4651 4664 4665
f 4649 4662 4663
f 4648 4647 4660
f 4656 4669 4670
f 4654 4667 4668
f 4653 4652 4665
f 4651 4650 4663
f 4661 4674 4675
f 4660 4659 4672
f 4670 4683 4684
f 4668 4681 4682
f 4667 4666 4679
f 4665 4664 4677
f 4663 4662 4675
f 4661 4660 4673
f 4670 4669 4682
f 4667 4680 4681
f 4665 4678 4679
f 4663 4676 4677
f 4675 4674 4687
f 4672 4685 4686
f 4684 4683 4696
f 4682 4681 4694
f 4679 4692 4693
f 4678 4677 4690
f 4676 4675 4688
f 4673 4686 4687
f 4683 4682 4695
f 4681 4680 4693
f 4678 4691 4692
f 4676 4689 4690
f 4688 4687 4700
f 4686 4685 4698
f 4696 4709 4710
f 4695 4694 4707
f 4692 4705 4706
f 4691 4690 4703
f 4688 4701 4702
f 4686 4699 4700
f 4695 4708 4709
f 4694 4693 4706
f 4692 4691 4704
f 4689 4702 4703
f 4701 4700 4713
f 4699 4698 4711
f 4710 4709 4722
f 4707 4720 4721
f 4705 4718 4719
f 4704 4703 4716
f 4701 4714 4715
f 4699 4712 4713
f 4709 4708 4721
f 4707 4706 4719
f 4705 4704 4717
f 4702 4715 4716
f 4713 4726 4727
f 4711 4724 4725
f 4723 4722 4735
f 4721 4720 4733
f 4719 4718 4731
f 4716 4729 4730
f 4715 4714 4727
f 4713 4712 4725
f 4721 4734 4735
f 4719 4732 4733
f 4717 4730 4731
f 4716 4715 4728
f 4726 4739 4740
f 4724 4737 4738
f 4736 4735 4748
f 4733 4746 4747
f 4732 4731 4744
f 4730 4729 4742
f 4728 4727 4740
f 4726 4725 4738
f 4735 4734 4747
f 4732 4745 4746
f 4730 4743 4744
f 4728 4741 4742
f 4739 4752 4753
f 4738 4737 4750
f 4748 4761 4762
f 4746 4759 4760
f 4745 4744 4757
f 4743 4742 4755
f 4740 4753 4754
f 4739 4738 4751
f 4747 4760 4761
f 4745 4758 4759
f 4744 4743 4756
f 4741 4754 4755
f 4753 4752 4765
f 4750 4763 4764
f 4762 4761 4774
f 4759 4772 4773
f 4758 4757 4770
f 4755 4768 4769
f 4753 4766 4767
f 4752 4751 4764
f 4760 4773 4774
f 4758 4771 4772
f 4757 4756 4769
f 4755 4754 4767
f 4765 4778 4779
f 4764 4763 4776
f 4774 4787 4788
f 4772 4785 4786
f 4771 4770 4783
f 4769 4768 4781
f 4767 4766 4779
f 4765 4764 4777
f 4774 4773 4786
f 4771 4784 4785
f 4769 4782 4783
f 4767 4780 4781
f 4779 4778 4791
f 4776 4789 4790
f 4788 4787 4800
f 4786 4785 4798
f 4783 4796 4797
f 4782 4781 4794
f 4780 4779 4792
f 4777 4790 4791
f 4787 4786 4799
f 4785 4784 4797
f 4782 4795 4796
f 4780 4793 4794
f 4792 4791 4804
f 4790 4789 4802
f 4800 4813 4814
f 4799 4798 4811
f 4796 4809 4810
f 4795 4794 4807
f 4792 4805 4806
f 4790 4803 4804
f 4799 4812 4813
f 4798 4797 4810
f 4796 4795 4808
f 4793 4806 4807
f 4805 4804 4817
f 4803 4802 4815
f 4814 4813 4826
f 4811 4824 4825
f 4809 4822 4823
f 4808 4807 4820
f 4805 4818 4819
f 4803 4816 4817
f 4813 4812 4825
f 4811 4810 4823
f 4809 4808 4821
f 4806 4819 4820
f 4817 4830 4831
f 4815 4828 4829
f 4826 4839 4840
f 4825 4824 4837
f 4823 4822 4835
f 4820 4833 4834
f 4819 4818 4831
f 4817 4816 4829
f 4825 4838 4839
f 4823 4836 4837
f 4821 4834 4835
f 4820 4819 4832
f 4830 4843 4844
f 4828 4841 4842
f 4840 4839 4852
f 4837 4850 4851
f 4836 4835 4848
f 4834 4833 4846
f 4832 4831 4844
f 4830 4829 4842
f 4839 4838 4851
f 4836 4849 4850
f 4834 4847 4848
f 4832 4845 4846
f 4843 4856 4857
f 4842 4841 4854
f 4852 4865 4866
f 4850 4863 4864
f 4849 4848 4861
f 4847 4846 4859
f 4844 4857 4858
f 4843 4842 4855
f 4851 4864 4865
f 4849 4862 4863
f 4848 4847 4860
f 4845 4858 4859
f 4857 4856 4869
f 4855 4854 4867
f 4866 4865 4878
f 4864 4863 4876
f 4862 4861 4874
f 4859 4872 4873
f 4857 4870 4871
f 4856 4855 4868
f 4864 4877 4878
f 4862 4875 4876
f 4861 4860 4873
f 4859 4858 4871
f 4869 4882 4883
f 4868 4867 4880
f 4878 4891 4892
f 4877 4876 4889
f 4874 4887 4888
f 4873 4872 4885
f 4871 4870 4883
f 4868 4881 4882
f 4878 4877 4890
f 4876 4875 4888
f 4873 4886 4887
f 4871 4884 4885
f 4883 4882 4896
f 4880 4894 4895
f 4892 4891 4905
f 4890 4889 4903
f 4887 4901 4902
f 4885 4899 4900
f 4884 4883 4897
f 4881 4895 4896
f 4891 4890 4904
f 4889 4888 4902
f 4886 4900 4901
f 4885 4884 4898
f 4897 4896 4909
f 4895 4894 4907
f 4905 4918 4919
f 4904 4903 4916
f 4901 4914 4915
f 4899 4912 4913
f 4897 4910 4911
f 4895 4908 4909
f 4904 4917 4918
f 4903 4902 4915
f 4901 4900 4913
f 4899 4898 4911
f 4910 4909 4922
f 4908 4907 4920
f 4919 4918 4931
f 4916 4929 4930
f 4914 4927 4928
f 4913 4912 4925
f 4910 4923 4924
f 4908 4921 4922
f 4918 4917 4930
f 4916 4915 4928
f 4914 4913 4926
f 4911 4924 4925
f 4922 4935 4936
f 4920 4933 4934
f 4931 4944 4945
f 4930 4929 4942
f 4928 4927 4940
f 4925 4938 4939
f 4924 4923 4936
f 4922 4921 4934
f 4930 4943 4944
f 4928 4941 4942
f 4926 4939 4940
f 4925 4924 4937
f 4935 4948 4949
f 4933 4946 4947
f 4945 4944 4957
f 4942 4955 4956
f 4941 4940 4953
f 4938 4951 4952
f 4937 4936 4949
f 4935 4934 4947
f 4944 4943 4956
f 4941 4954 4955
f 4939 4952 4953
f 4938 4937 4950
f 4948 4961 4962
f 4947 4946 4959
f 4957 4970 4971
f 4955 4968 4969
f 4954 4953 4966
f 4951 4964 4965
f 4949 4962 4963
f 4948 4947 4960
f 4956 4969 4970
f 4954 4967 4968
f 4953 4952 4965
f 4951 4950 4963
f 4962 4961 4974
f 4959 4972 4973
f 4971 4970 4983
f 4968 4981 4982
f 4966 4979 4980
f 4964 4977 4978
f 4962 4975 4976
f 4960 4973 4974
f 4969 4982 4983
f 4967 4980 4981
f 4966 4965 4978
f 4964 4963 4976
f 4975 4974 4987
f 4973 4972 4985
f 4983 4996 4997
f 4981 4994 4995
f 4979 4992 4993
f 4978 4977 4990
f 4976 4975 4988
f 4973 4986 4987
f 4983 4982 4995
f 4981 4980 4993
f 4978 4991 4992
f 4976 4989 4990
f 4988 4987 5000
f 4985 4998 4999
f 4997 4996 5009
f 4995 4994 5007
f 4992 5005 5006
f 4991 4990 5003
f 4989 4988 5001
f 4986 4999 5000
f 4996 4995 5008
f 4994 4993 5006
f 4991 5004 5005
f 4989 5002 5003
f 5001 5000 5013
f 4999 4998 5011
f 5009 5022 5023
f 5008 5007 5020
f 5005 5018 5019
f 5004 5003 5016
f 5001 5014 5015
f 4999 5012 5013
f 5008 5021 5022
f 5007 5006 5019
f 5005 5004 5017
f 5002 5015 5016
f 5014 5013 4609
f 5012 5011 4607
f 5022 4618 4619
f 5020 4616 4617
f 5018 4614 4615
f 5017 5016 4612
f 5014 4610 4611
f 5012 4608 4609
f 5021 4617 4618
f 5020 5019 4615
f 5018 5017 4613
f 5015 4611 4612
f 4481 4607 5011
f 5011 4998 4602
f 4998 4985 4597
f 4985 4972 4593
f 4593 4972 4959
f 4589 4959 4946
f 4585 4946 4933
f 4933 4920 4577
f 4577 4920 4907
f 4907 4894 4569
f 4894 4880 4565
f 4880 4867 4561
f 4561 4867 4854
f 4557 4854 4841
f 4553 4841 4828
f 4828 4815 4545
f 4545 4815 4802
f 4802 4789 4537
f 4789 4776 4533
f 4776 4763 4529
f 4529 4763 4750
f 4525 4750 4737
f 4521 4737 4724
f 4724 4711 4513
f 4513 4711 4698
f 4698 4685 4505
f 4685 4672 4501
f 4672 4659 4497
f 4497 4659 4646
f 4493 4646 4633
f 4489 4633 4620
f 4620 4607 4481

