# https://github.com/mikedh/trimesh
v 0.06454837 -0.01074926 -0.05141679
v 0.06811030 -0.01180529 -0.05003636
v 0.06853307 -0.01033449 -0.04963224
v 0.06494785 -0.00974940 -0.05110584
v 0.07490743 -0.01054464 -0.05947266
v 0.07592197 -0.00705568 -0.05527060
v 0.07536161 -0.00469648 -0.05446390
v 0.07447406 -0.00459850 -0.05750093
v 0.02723989 -0.04812564 -0.11237408
v 0.01224534 -0.04787103 -0.11652292
v 0.01230089 -0.05900662 -0.11411832
v 0.02625677 -0.06201213 -0.10878565
v 0.04647556 -0.08575643 -0.08985464
v 0.04089951 -0.07767245 -0.09522048
v 0.03863835 -0.08987635 -0.09897503
v 0.04810525 -0.09365405 -0.08956381
v 0.03855495 0.04860330 0.03681041
v 0.04588569 0.04703600 0.03123692
v 0.04513165 0.04167320 0.03501293
v -0.06545684 -0.01071576 -0.05250633
v -0.06894371 -0.01173773 -0.05109919
v -0.06945647 -0.01028603 -0.05078037
v -0.06600684 -0.00975784 -0.05222879
v -0.07657643 -0.01044484 -0.06076197
v -0.07812524 -0.00702693 -0.05650942
v -0.07727329 -0.00455074 -0.05580315
v -0.07661492 -0.00442299 -0.05887722
v 0.03799731 0.04272215 0.03907933
v 0.09139053 0.01158696 -0.06710481
v 0.09152521 0.00908301 -0.06826878
v 0.09216685 0.00726056 -0.06662517
v 0.09202814 0.00928239 -0.06515601
v 0.08833408 -0.00557953 -0.06717730
v 0.08851039 0.00148573 -0.06821834
v 0.08958324 0.00392756 -0.06874267
v 0.08982000 0.00168459 -0.06800950
v 0.08822236 -0.01591122 -0.06392251
v 0.08706117 -0.01524633 -0.06384848
v 0.08831765 -0.01074264 -0.06562360
v 0.08970401 -0.01116863 -0.06620195
v 0.07470433 -0.03663830 -0.03954328
v 0.07738848 -0.03356093 -0.04220235
v 0.07727379 -0.03661003 -0.04370426
v 0.07292822 -0.03870663 -0.04188666
v 0.06983898 -0.03660095 -0.04342578
v 0.07417551 -0.03719383 -0.04783792
v 0.07373036 -0.03362186 -0.04919690
v 0.07019329 -0.03357731 -0.04593048
v 0.08665375 0.02055402 -0.05460139
v 0.08725960 0.01684911 -0.05402232
v 0.08618543 0.01575553 -0.05210206
v 0.08530740 0.01939308 -0.05242550
v 0.07300352 -0.01118558 -0.06502531
v 0.07132334 -0.01740161 -0.06339350
v 0.07739574 -0.01276113 -0.06572460
v 0.07791363 -0.01019430 -0.06594744
v 0.08661145 0.01117438 -0.06070648
v 0.08667408 0.01181813 -0.06363884
v 0.08715151 0.00974178 -0.06487048
v 0.08648741 0.00856076 -0.06268768
v 0.08854213 0.01306777 -0.06794513
v 0.08876142 0.01025762 -0.06919954
v 0.07320347 -0.02675475 -0.03978693
v 0.07222795 -0.02319481 -0.03936513
v 0.07279097 -0.02170841 -0.04064927
v 0.07312942 -0.02279062 -0.04199928
v 0.07444412 -0.01064986 -0.05639250
v 0.07611212 -0.00617285 -0.05390888
v 0.08495761 -0.02669975 -0.05896782
v 0.08479950 -0.02461090 -0.05789857
v 0.08692878 -0.02054390 -0.06114172
v 0.08688410 -0.02196135 -0.06250977
v 0.08153428 -0.02250599 -0.05635805
v 0.08403265 -0.01955298 -0.05957877
v 0.08489599 -0.01881255 -0.06139823
v 0.08400997 -0.02105676 -0.05934106
v 0.08778597 0.01354574 -0.06188338
v 0.08649909 0.01569500 -0.05699898
v 0.08789168 0.01458701 -0.05573965
v 0.08953732 0.01249060 -0.05979439
v 0.07955537 0.00165576 -0.06493615
v 0.07783195 0.00665431 -0.06282336
v 0.07682967 0.00582711 -0.06279113
v 0.07826010 0.00141794 -0.06480400
v 0.08852394 0.01081290 -0.06622617
v 0.08890385 0.00865544 -0.06747678
v 0.08766846 0.00744078 -0.06626669
v 0.07799238 0.00822139 -0.04999407
v 0.07967337 0.00956803 -0.05200626
v 0.07983137 0.00798327 -0.05293056
v 0.07941770 0.00680380 -0.05220302
v 0.07695819 -0.03760571 -0.04736740
v 0.07009723 -0.02593854 -0.05676720
v 0.07179952 -0.02547081 -0.05831791
v 0.07444342 -0.02125864 -0.06104318
v 0.07284050 -0.02015582 -0.06161553
v 0.06998375 -0.03437216 -0.03803216
v 0.07338315 -0.03438831 -0.03791713
v 0.07400621 -0.03556810 -0.03884241
v 0.07072286 -0.03687926 -0.03924245
v 0.08063560 0.01268676 -0.05213387
v 0.08268797 0.01200609 -0.05391371
v 0.08098081 0.01117753 -0.05341631
v 0.07970064 0.01161130 -0.05202017
v 0.08745237 -0.00021090 -0.06662864
v 0.08681651 0.00603392 -0.06429412
v 0.08680291 -0.00935206 -0.06173327
v 0.08693146 -0.00894122 -0.06465349
v 0.08662201 -0.01302661 -0.06301061
v -0.02878636 -0.04792966 -0.11234378
v -0.01386104 -0.04778872 -0.11651132
v -0.01378576 -0.05890646 -0.11411023
v -0.02762115 -0.06180640 -0.10874948
v 0.08594856 -0.01327290 -0.06032778
v 0.08654509 -0.00137143 -0.06160978
v 0.08697073 -0.00124525 -0.06481724
v 0.09023170 0.00657588 -0.06556040
v 0.09044940 0.00089290 -0.06673360
v 0.08960834 0.00735038 -0.06647056
v 0.07598868 0.00925951 -0.06040870
v 0.07646692 0.01229228 -0.06421196
v 0.07532194 0.00610257 -0.06618275
v 0.07606292 0.00677210 -0.06197057
v 0.07333749 -0.01778503 -0.04120770
v 0.07429209 -0.01555673 -0.04270610
v 0.07292041 -0.01765250 -0.04444113
v 0.07202725 -0.02028277 -0.04368251
v 0.07522538 -0.02340968 -0.05982332
v 0.07255929 -0.02656626 -0.05759741
v 0.07318406 -0.02727485 -0.05696790
v 0.07585772 -0.02522648 -0.05856215
v 0.08469238 0.01269288 -0.05573194
v 0.08500585 0.00870051 -0.05689622
v 0.08342814 0.00864522 -0.05580148
v 0.07740091 -0.02164845 -0.04899685
v 0.07758934 -0.02040889 -0.05118832
v 0.07910839 -0.02312768 -0.05226064
v 0.07894693 -0.02516909 -0.05025365
v 0.08105657 -0.03340809 -0.05316569
v 0.07850712 -0.03363753 -0.05404249
v 0.07628463 -0.03571917 -0.05069194
v 0.07909872 -0.03572090 -0.05019810
v 0.07285739 -0.02139790 -0.04288946
v 0.07278791 -0.02027470 -0.04104612
v 0.08159724 0.00211267 -0.06646499
v 0.08026124 0.00799690 -0.06381597
v 0.08607686 0.00725646 -0.06073395
v 0.08639389 0.00494674 -0.06220853
v 0.07508982 -0.00513644 -0.04661087
v 0.07346869 -0.00477662 -0.04844790
v 0.07386374 -0.00565017 -0.04826808
v 0.07589359 -0.00657604 -0.04631456
v 0.07498942 -0.00545503 -0.04514106
v 0.07556453 -0.00705527 -0.04494904
v 0.07483254 -0.00705207 -0.04412797
v 0.07443468 -0.00621376 -0.04398587
v 0.07277074 -0.00463055 -0.04876506
v 0.07319009 -0.00490253 -0.04859166
v 0.07330158 -0.00437671 -0.04862533
v 0.07685203 -0.00185224 -0.05947736
v 0.07687981 -0.00921434 -0.06066846
v 0.07595400 -0.01033637 -0.06130480
v 0.07703103 -0.00452697 -0.05924055
v 0.08739972 -0.00790577 -0.06611007
v 0.08284669 0.01599680 -0.04879917
v 0.08196145 0.01888465 -0.04845437
v 0.08443302 0.02139488 -0.05215942
v 0.07200184 -0.01870077 -0.05400362
v 0.07544395 -0.01853011 -0.05137904
v 0.07518636 -0.01861853 -0.04976580
v 0.07257369 -0.01875302 -0.05221003
v 0.07361022 -0.01368487 -0.04749748
v 0.07145384 -0.01669198 -0.04733767
v 0.07484329 -0.01520769 -0.04527739
v 0.07498307 0.00038784 -0.04505043
v 0.07452943 -0.00346166 -0.04758761
v 0.07455494 -0.00434547 -0.04630991
v 0.07448280 -0.00399269 -0.04508032
v 0.08804519 -0.01660860 -0.06520261
v 0.08924108 -0.01138131 -0.06761274
v 0.08765576 -0.01149287 -0.06890412
v 0.08667301 -0.01710498 -0.06658220
v 0.07142733 -0.03024795 -0.03719931
v 0.06655543 -0.03227891 -0.04093258
v 0.07017486 -0.02699885 -0.03796079
v 0.08988668 0.01785044 -0.06237914
v 0.08804791 0.01953891 -0.06266204
v 0.08829840 0.01767256 -0.06471747
v 0.09056476 0.01606254 -0.06432198
v 0.07473664 0.00129127 -0.05258052
v 0.07448803 -0.00073701 -0.05251462
v 0.07506810 0.00041914 -0.05127070
v 0.07467312 0.00258789 -0.05112931
v 0.05172964 -0.03399021 -0.09530008
v 0.06004024 -0.03387067 -0.07668135
v 0.06405204 -0.02025598 -0.08482599
v 0.05678174 -0.02048012 -0.10044226
v 0.08190472 -0.03022162 -0.05226507
v 0.08114895 -0.03237405 -0.04968181
v 0.07698223 0.00793309 -0.04352467
v 0.07637289 0.00966483 -0.04271599
v 0.07670283 0.01526915 -0.04447518
v 0.07790636 0.01205863 -0.04444251
v 0.08945205 0.00276758 -0.07104955
v 0.09168291 0.00211833 -0.06982908
v 0.08015863 0.01261747 -0.05060381
v 0.08231755 0.01529186 -0.05342440
v 0.08080433 0.01334240 -0.05234733
v 0.07955900 0.01198898 -0.05081261
v 0.07968188 0.00465064 -0.04796696
v 0.08030760 0.00591839 -0.04784984
v 0.07850076 0.00680191 -0.04806223
v 0.07748343 0.00552879 -0.04839440
v 0.07542187 0.01477995 -0.04210851
v 0.07607176 0.01997450 -0.04527675
v 0.06797541 -0.02620962 -0.05645224
v 0.07896098 0.00667513 -0.04527513
v 0.07974569 0.00931009 -0.04556511
v 0.08096760 0.00770427 -0.04774372
v -0.04760899 -0.08553351 -0.08985113
v -0.04219560 -0.07749321 -0.09511671
v -0.03991116 -0.08970138 -0.09893352
v -0.04913511 -0.09342614 -0.08959654
v 0.07128719 -0.02226235 -0.03784176
v 0.07233295 -0.02068394 -0.03958080
v 0.07919315 0.01168873 -0.05062716
v 0.07849921 0.01052892 -0.05057750
v 0.07708891 0.00666652 -0.04896986
v 0.07798554 0.00571059 -0.05130863
v 0.08186964 -0.00074014 -0.05783397
v 0.08302268 -0.00890019 -0.05887234
v 0.06735917 -0.01970978 -0.07098493
v 0.06375521 -0.03240347 -0.05673440
v 0.07736310 0.00723251 -0.04835002
v 0.07757870 0.00772899 -0.04844524
v 0.07689451 0.00703616 -0.04823057
v 0.07641649 0.00620647 -0.04877695
v 0.07985262 -0.03423480 -0.04717671
v 0.08186662 0.00537346 -0.05587825
v 0.07909775 0.00314545 -0.05384392
v 0.08071198 0.00530020 -0.05391043
v 0.09010857 -0.00671689 -0.06629030
v 0.09147376 0.00063956 -0.06656246
v 0.09273032 0.00076052 -0.06791779
v 0.09126075 -0.00691631 -0.06754985
v 0.06806013 -0.03516065 -0.04211126
v 0.07430705 -0.00141512 -0.05374795
v 0.07552376 -0.00283238 -0.05318052
v 0.07646386 0.00428220 -0.05181449
v 0.07571441 0.00530283 -0.04905315
v 0.07229023 -0.01762461 -0.03925480
v 0.08759467 0.01430408 -0.06353001
v 0.08816371 0.01274779 -0.06481660
v 0.08665122 0.01326123 -0.06243482
v 0.08643519 0.01429723 -0.06093463
v 0.08566648 0.01673791 -0.05913815
v 0.08497591 0.01723976 -0.05880564
v 0.08707488 0.01582352 -0.06193956
v 0.07877426 0.00472013 -0.05237839
v 0.07998428 0.00586222 -0.05306061
v 0.07737841 -0.02278906 -0.04726485
v 0.07837185 -0.02843429 -0.04717580
v 0.08558019 -0.01660410 -0.06074607
v 0.08427770 -0.01604183 -0.05817606
v 0.08511550 -0.00605643 -0.06953403
v 0.08491780 0.00262068 -0.06939082
v 0.08327372 0.00233492 -0.06763630
v 0.08397918 -0.00594256 -0.06827147
v 0.07791664 -0.00458657 -0.06584641
v 0.07452133 -0.00389177 -0.06573890
v 0.07404903 -0.00534142 -0.04355536
v 0.07356150 -0.00153913 -0.04163124
v 0.07514004 0.00328625 -0.05097889
v 0.07521690 0.00510833 -0.04950887
v 0.07908602 -0.02092949 -0.06237660
v 0.07547973 -0.02801276 -0.05501117
v 0.07938270 -0.02305963 -0.06052117
v 0.07137992 -0.02838337 -0.05307846
v 0.07117635 -0.02925091 -0.05067351
v 0.07371335 -0.02945174 -0.05217364
v 0.08127318 -0.02058522 -0.05551497
v 0.08352695 -0.01922505 -0.05786429
v 0.07340733 -0.00505447 -0.04936498
v 0.07223470 -0.00664844 -0.05115461
v 0.07157199 -0.00519167 -0.04911972
v 0.08490536 -0.00118083 -0.05971111
v 0.08570468 -0.00910393 -0.05993067
v 0.08002821 0.00816540 -0.04842252
v 0.07717957 -0.00114163 -0.04840013
v 0.07784203 0.00221607 -0.04645036
v 0.08293378 0.01100339 -0.04864959
v 0.08180175 0.00964177 -0.04895317
v 0.08102764 0.00881311 -0.04869942
v 0.08178914 0.00931491 -0.04788587
v 0.06725480 -0.01391655 -0.05113370
v 0.06951250 -0.01564977 -0.04914140
v 0.07110924 -0.01267651 -0.04847553
v 0.08476635 0.01633220 -0.05643853
v 0.08538256 0.01464297 -0.05746396
v 0.08206880 0.00867755 -0.06503467
v 0.08034843 0.00980954 -0.05282223
v 0.08037367 0.00839799 -0.05393315
v 0.07883898 0.02116309 -0.05875006
v 0.07919828 0.01874707 -0.05542182
v 0.07885801 0.01920744 -0.05424272
v 0.07851465 0.02403082 -0.05448092
v 0.07054904 -0.03194835 -0.04721797
v 0.07318968 -0.03169237 -0.04987501
v 0.07286724 -0.03045650 -0.05046616
v 0.07103106 -0.03044586 -0.04865794
v 0.07467146 -0.01868965 -0.04921446
v 0.07263699 -0.01888045 -0.05120760
v 0.08607773 -0.01513290 -0.06367698
v 0.08567897 -0.01607299 -0.06261367
v 0.08677057 -0.01201909 -0.06474663
v 0.08684311 -0.01058166 -0.06571548
v 0.07543524 0.00233556 -0.05601312
v 0.07513597 0.00098258 -0.05461323
v 0.07754066 0.01376410 -0.05704706
v 0.08007626 0.01571650 -0.05826833
v 0.08021015 0.01796689 -0.05513500
v 0.07809690 0.01634610 -0.05513112
v 0.08381028 0.00951406 -0.06684559
v 0.08033770 0.00691458 -0.05378808
v 0.08075023 0.00710148 -0.05452186
v 0.08017526 0.00732696 -0.05331568
v 0.07666588 0.00466605 -0.04876744
v 0.07896808 0.00348327 -0.04882941
v 0.08297765 0.01128969 -0.04980056
v 0.08554085 0.01449387 -0.05224852
v 0.08483028 0.01516891 -0.05361141
v 0.08244769 0.01214870 -0.04998486
v 0.07829902 0.00939470 -0.04891735
v 0.01362025 -0.03571897 -0.12267984
v 0.01542950 -0.02539192 -0.12970421
v -0.03906574 0.04861367 0.03737540
v -0.04644808 0.04711607 0.03178275
v -0.04542999 0.04168102 0.03540536
v -0.03820394 0.04271368 0.03944576
v 0.08076816 0.01869917 -0.04823277
v 0.08080093 0.02012114 -0.05151368
v 0.08191514 0.02091593 -0.05190906
v 0.08137757 0.01937534 -0.04862842
v 0.08639442 0.01318519 -0.06057051
v 0.08892471 0.00980345 -0.06551350
v 0.07667835 -0.00475982 -0.05211320
v 0.07394502 -0.00744906 -0.05274338
v 0.06467279 -0.00823555 -0.05148289
v 0.06495778 -0.00707793 -0.05123879
v 0.06560805 -0.00740067 -0.05223316
v 0.06555496 -0.00827094 -0.05264828
v 0.06903438 -0.01358984 -0.05363748
v 0.07137050 -0.01428137 -0.05266249
v 0.07048856 -0.01570097 -0.05117721
v 0.06858338 -0.01480286 -0.05299255
v 0.06429072 -0.01082167 -0.05212089
v 0.06448437 -0.00942054 -0.05175413
v 0.06522016 -0.00987132 -0.05313178
v 0.06508920 -0.01139654 -0.05395424
v 0.08403599 0.01689690 -0.05485596
v 0.08550431 0.01669036 -0.05687604
v 0.09097606 0.00822575 -0.06402030
v 0.09118561 0.00630711 -0.06529184
v 0.08838771 0.01356384 -0.06274648
v 0.08876927 0.01177563 -0.06406054
v 0.07422035 -0.01286651 -0.04266904
v 0.07524214 -0.01269357 -0.04426820
v 0.07507411 -0.01429689 -0.04423286
v 0.09193359 0.01072769 -0.06368034
v 0.09106162 0.01374663 -0.06564769
v 0.07392348 -0.03014176 -0.03869246
v 0.07284144 -0.03181184 -0.03749097
v 0.04555115 -0.10271391 -0.02356922
v 0.05608910 -0.09781089 -0.03561690
v 0.05550522 -0.10815259 -0.03504371
v 0.04541852 -0.11310545 -0.02343821
v 0.08171142 0.01426286 -0.04759478
v 0.08013806 0.01713174 -0.04753546
v 0.06448302 -0.01277903 -0.05255627
v 0.06453475 -0.01298619 -0.05268164
v 0.06715243 -0.01472576 -0.05235726
v 0.06892420 -0.00893243 -0.04960766
v 0.06535452 -0.00848482 -0.05083793
v 0.06941915 -0.01203487 -0.05343133
v 0.06890716 -0.00687906 -0.05179430
v 0.06873001 -0.00577287 -0.05054952
v 0.07026511 -0.01835600 -0.04826728
v 0.07140778 -0.01913879 -0.04984811
v 0.07288494 -0.01977342 -0.04675843
v 0.06557546 -0.01340630 -0.05423586
v 0.07649191 0.00363455 -0.05398422
v 0.07209208 -0.01167026 -0.05303342
v 0.07346100 -0.01382662 -0.05499069
v 0.07290420 -0.01547678 -0.05405613
v 0.07161734 -0.01339452 -0.05298669
v 0.07996452 -0.02351087 -0.05367113
v 0.07976343 -0.02175179 -0.05378039
v 0.07235257 -0.01793085 -0.05606457
v 0.07531866 -0.01848364 -0.05429696
v 0.07688795 -0.00202646 -0.05217188
v 0.07815854 0.00087098 -0.04985041
v 0.07413118 -0.00495354 -0.05004421
v 0.07213589 -0.00949760 -0.05223687
v 0.07378472 -0.01172451 -0.05458763
v 0.06898633 -0.00783073 -0.04978583
v 0.07214649 -0.00744095 -0.04836358
v 0.07187580 -0.00640886 -0.04864325
v 0.06891823 -0.00688594 -0.05004846
v 0.08210849 0.00857893 -0.05514039
v 0.07887243 0.01523617 -0.04583802
v 0.08080870 0.01188482 -0.04641455
v 0.07961471 0.02566024 -0.06984595
v 0.07751141 0.01717480 -0.07474218
v 0.07829203 0.01764313 -0.06238402
v 0.07007290 -0.01044372 -0.05297602
v 0.06512960 -0.00663396 -0.05129325
v 0.06583536 -0.00720318 -0.05116590
v 0.08587001 -0.01936848 -0.06118263
v 0.07340639 -0.02063689 -0.04617193
v 0.07571945 0.00277016 -0.04935760
v 0.08452693 -0.01100371 -0.06834357
v 0.08371092 -0.01645559 -0.06639285
v 0.07530701 0.00421487 -0.04941762
v 0.07543725 0.00528136 -0.04943385
v 0.07213327 -0.01915221 -0.05075257
v 0.07422414 -0.01929442 -0.04808606
v 0.07576652 0.00552368 -0.04911416
v 0.07561193 -0.01319340 -0.04561194
v 0.08628879 0.00859384 -0.05944970
v 0.07703292 -0.03096962 -0.05452770
v 0.07512825 -0.03245911 -0.05165364
v 0.06575705 -0.00751247 -0.05070780
v 0.06915104 -0.01561602 -0.05063042
v 0.06927040 -0.00855042 -0.05209403
v 0.07434895 -0.00947392 -0.04753723
v 0.07413378 -0.01164429 -0.04728644
v 0.07555769 -0.01091698 -0.04544652
v 0.07618827 -0.01785333 -0.05590981
v 0.07274722 -0.01587211 -0.05804192
v 0.07376773 -0.01498696 -0.06014125
v 0.07804625 -0.01659211 -0.05703568
v 0.08247763 -0.02147615 -0.06400366
v 0.08079997 -0.02596498 -0.06076217
v 0.08309429 -0.02768745 -0.06061729
v 0.08540506 -0.02275894 -0.06393296
v 0.08013561 0.04215044 -0.07834813
v 0.07999378 0.03162894 -0.06314938
v 0.08047623 0.04872273 -0.06715094
v 0.08313702 0.01721792 -0.06267284
v 0.08300995 0.01495301 -0.06412237
v 0.08836391 0.01556101 -0.06640984
v 0.07795221 0.02239406 -0.04977519
v 0.07866106 0.01953345 -0.05299389
v 0.08060208 0.01940813 -0.05154414
v 0.08854988 -0.00651540 -0.07038429
v 0.07601400 0.00416617 -0.04374465
v 0.07812715 0.00428848 -0.04553925
v 0.07805103 -0.01965126 -0.06323584
v 0.07949546 -0.01855535 -0.05429809
v 0.08196910 -0.01768897 -0.05597286
v 0.08856155 0.01689345 -0.05616793
v 0.08665822 0.01482197 -0.05398626
v 0.01086101 -0.11413589 0.00764155
v 0.01059533 -0.12161895 0.00406199
v 0.00848782 -0.01000291 0.05637287
v 0.00952490 -0.01017984 0.05510576
v 0.00794640 -0.00857382 0.05402661
v 0.00758987 -0.00857453 0.05462644
v 0.00910199 -0.01853702 0.05563133
v 0.00831960 -0.01721787 0.05488441
v 0.00961589 -0.01732583 0.05378972
v 0.01074031 -0.01820170 0.05486372
v 0.00681690 -0.00842316 0.05404634
v 0.00577779 -0.01024164 0.05678543
v 0.00682905 -0.01017414 0.05739738
v 0.00714686 -0.00855146 0.05437570
v 0.08880738 0.02000733 -0.05687919
v 0.01325995 -0.01787009 0.05555269
v 0.01194881 -0.01610910 0.05483475
v 0.01233526 -0.01567972 0.05660304
v 0.01475921 -0.01686637 0.05722577
v 0.00528630 -0.01666561 0.06343872
v 0.00647187 -0.01469318 0.06341472
v 0.00542517 -0.01565211 0.06136326
v 0.00533319 -0.01741428 0.06086977
v 0.00863675 -0.01437098 0.06267317
v 0.01065886 -0.01441238 0.06461157
v 0.01259024 -0.01447441 0.06283049
v 0.01028555 -0.01487563 0.06108950
v 0.00574525 -0.01413175 0.05696521
v 0.00671208 -0.01608296 0.05806174
v 0.00500679 -0.01342686 0.06006975
v 0.01178855 -0.01357786 0.05515723
v 0.01152727 -0.01447087 0.05391792
v 0.00959517 -0.01100403 0.05389594
v 0.00982217 -0.01072533 0.05379470
v 0.04811748 -0.08532222 -0.02348075
v 0.05727974 -0.08356922 -0.03735058
v 0.03516124 0.00658340 0.03600251
v 0.03432213 0.00336466 0.03656568
v 0.03032629 0.00469614 0.03741949
v 0.03131681 0.00750342 0.03695725
v 0.07568603 -0.00884298 -0.04466912
v 0.07480149 -0.00809135 -0.04373772
v 0.08299991 0.01236593 -0.06545140
v 0.08698419 0.01492651 -0.06236904
v 0.08345177 0.01875685 -0.06086379
v 0.08291052 0.02035861 -0.05633840
v 0.08135436 0.01914396 -0.05566431
v 0.08147524 0.01727708 -0.05948345
v 0.09043284 0.01433412 -0.06075159
v 0.07457390 -0.02204406 -0.04565053
v 0.08344030 0.00465001 -0.05781203
v 0.08240455 0.02088588 -0.05395963
v 0.08555494 0.02198186 -0.05441140
v 0.08853798 -0.00630822 -0.06620315
v 0.09117697 0.01298984 -0.06238146
v 0.09000224 0.01139778 -0.06133167
v 0.08396962 0.01297430 -0.04929817
v 0.07632200 -0.01230440 -0.06113601
v 0.08190437 -0.01226663 -0.05845169
v 0.08016577 -0.01496235 -0.05779494
v -0.09150217 0.01200137 -0.06838605
v -0.09165929 0.00958704 -0.06954897
v -0.09231296 0.00776626 -0.06770974
v -0.09212097 0.00974292 -0.06633646
v -0.08844855 -0.00528948 -0.06824537
v -0.08866181 0.00163093 -0.06946867
v -0.08954932 0.00418541 -0.07006253
v -0.09010524 0.00196400 -0.06921181
v 0.07543807 -0.01421395 -0.06091154
v 0.07484216 -0.00013537 -0.05431587
v 0.07218256 -0.01690292 -0.03721667
v 0.07990639 -0.02794804 -0.05065271
v -0.08834387 -0.01539710 -0.06496121
v -0.08723453 -0.01485700 -0.06482066
v -0.08839214 -0.01027856 -0.06649130
v -0.08992968 -0.01065392 -0.06698458
v 0.08080722 -0.02674341 -0.05308124
v 0.02999740 -0.03521167 -0.11699879
v 0.03366541 -0.02406733 -0.12328088
v 0.09043728 -0.00674986 -0.06920640
v 0.08445573 0.01721713 -0.05608989
v 0.07628693 -0.02253903 -0.04653113
v 0.07648835 -0.02796224 -0.04413237
v 0.07512525 -0.02717119 -0.04273349
v 0.08054221 0.00755687 -0.05447033
v 0.07728625 -0.01837013 -0.06327996
v 0.07714596 -0.01620728 -0.06467736
v 0.06575342 -0.00680486 -0.05192909
v 0.07989273 -0.02441293 -0.06044195
v 0.07639745 -0.02936835 -0.05468998
v 0.06007533 -0.08058256 -0.05139742
v 0.05687909 -0.07759346 -0.06744645
v -0.07585118 -0.03586860 -0.03980613
v -0.07845699 -0.03282074 -0.04259038
v -0.07839092 -0.03570423 -0.04403463
v -0.07366681 -0.03728106 -0.04234377
v 0.05781111 -0.08950248 -0.06509673
v 0.06011119 -0.09346782 -0.04986538
v 0.07253952 -0.00321190 -0.03855117
v 0.07299462 -0.01023433 -0.04073204
v 0.07266524 -0.01137960 -0.03903865
v 0.02463717 -0.10438283 0.00054175
v 0.02172001 -0.11739319 -0.00231294
v 0.07156501 -0.01613104 -0.03396741
v 0.07031780 -0.01651648 -0.02269937
v 0.07168398 -0.00062745 -0.02310137
v 0.07165323 -0.00627429 -0.03342669
v 0.05967788 0.03066476 0.01298449
v 0.06095150 0.03071558 0.00850181
v 0.06179634 0.02162807 0.00864126
v 0.05990827 0.02308623 0.01241587
v 0.01819818 0.08508006 0.02690264
v 0.00860018 0.08628893 0.02897111
v 0.00860066 0.09312792 0.02417860
v 0.01851473 0.09186438 0.02189365
v 0.03558048 -0.01561594 -0.12696764
v 0.03742688 -0.00488984 -0.13109143
v 0.01756423 -0.00773478 -0.13824140
v 0.01643888 -0.01763263 -0.13359825
v 0.01879628 0.10975081 0.00178263
v 0.00859821 0.11122150 0.00409713
v 0.00877066 0.11662226 -0.00518836
v -0.07040384 -0.03580304 -0.04374276
v -0.07433168 -0.03605645 -0.04825550
v -0.07376074 -0.03282455 -0.04969916
v -0.07060951 -0.03294234 -0.04638702
v 0.01917922 0.11491559 -0.00718790
v 0.05306854 0.00351993 0.02632410
v 0.05481693 -0.00257989 0.02656730
v 0.05107113 -0.00308887 0.02987072
v 0.04993626 0.00319933 0.02914640
v 0.07666792 -0.03245633 -0.04099016
v 0.07551715 -0.03135883 -0.04002574
v -0.08709903 0.02052069 -0.05587935
v -0.08773486 0.01681490 -0.05540100
v -0.08665381 0.01563170 -0.05359839
v -0.08576644 0.01928600 -0.05373409
v -0.07406193 -0.01070408 -0.06514223
v -0.07237251 -0.01695236 -0.06353160
v -0.07834253 -0.01225306 -0.06601159
v -0.07880753 -0.00963990 -0.06632411
v 0.00901027 0.12133607 -0.01622276
v 0.01970302 0.11946278 -0.01786309
v 0.01339693 0.01440685 0.04347330
v -0.08598374 0.01110402 -0.06264678
v -0.08657903 0.01172808 -0.06532718
v -0.08703177 0.00978830 -0.06638148
v -0.08625516 0.00853017 -0.06423251
v -0.08861975 0.01343672 -0.06922868
v -0.08872715 0.01074309 -0.07059646
v -0.07459172 -0.02639840 -0.04021225
v -0.07325727 -0.02294792 -0.03994641
v -0.07369600 -0.02141580 -0.04134718
v -0.07439296 -0.02248096 -0.04256588
v -0.07615712 -0.01062234 -0.05770342
v -0.07762312 -0.00606640 -0.05524246
v -0.08497933 -0.02562845 -0.05985785
v -0.08518487 -0.02384138 -0.05872159
v -0.08714555 -0.01980837 -0.06194934
v -0.08697537 -0.02114104 -0.06354705
v 0.01376652 0.01649585 0.04089348
v 0.01738033 0.01292014 0.03948002
v 0.01698719 0.01065521 0.04128307
v 0.00729653 0.06033073 0.04154574
v 0.00790512 0.06717977 0.03763260
v 0.01640277 0.06679986 0.03628466
v 0.01557672 0.06014552 0.04080322
v 0.02185202 0.01036099 0.03840766
v 0.02097878 0.00809371 0.03954410
v 0.00854218 0.09964627 0.01816926
v 0.01862634 0.09836168 0.01574161
v 0.01962903 0.12669441 -0.06633486
v -0.08250111 -0.02221460 -0.05703467
v -0.08470705 -0.01921943 -0.06038298
v -0.08528019 -0.01845897 -0.06232171
v -0.08465004 -0.02075518 -0.06022074
v 0.01991605 0.12665406 -0.05824231
v 0.00890681 0.12936290 -0.05858139
v -0.08765451 0.01366186 -0.06359611
v -0.08636799 0.01576986 -0.05878757
v -0.08813641 0.01470622 -0.05733916
v -0.08972599 0.01272172 -0.06138652
v 0.01012364 0.12875585 -0.07077963
v 0.06935740 -0.00184167 -0.09178148
v 0.07250351 -0.00354703 -0.07633862
v 0.07536997 0.00855343 -0.07745108
v 0.07342567 0.01487359 -0.09398319
v 0.03439641 -0.09759315 -0.01021815
v 0.03256069 -0.11047397 -0.01280355
v -0.08004119 0.00212644 -0.06587186
v -0.07839964 0.00696786 -0.06378002
v -0.07780565 0.00614042 -0.06352039
v -0.07925565 0.00187722 -0.06556318
v -0.08847049 0.01095043 -0.06773590
v -0.08886092 0.00882140 -0.06886295
v -0.08747796 0.00754566 -0.06765302
v -0.07851493 0.00779122 -0.05178011
v -0.08029881 0.00911565 -0.05390400
v -0.07988049 0.00769499 -0.05483647
v -0.08003365 0.00640003 -0.05400994
v -0.07741287 -0.03626413 -0.04792690
v -0.07095763 -0.02553141 -0.05710597
v -0.07252246 -0.02493724 -0.05877414
v -0.07534869 -0.02071606 -0.06155076
v -0.07387571 -0.01967763 -0.06194889
v 0.05139579 0.05174853 0.01921599
v 0.05298747 0.05637133 0.01463601
v 0.05646932 0.04963709 0.01146095
v 0.05488778 0.04603125 0.01643817
v 0.00603374 0.04926138 0.04640124
v 0.01358559 0.04905303 0.04622699
v 0.01184000 0.04330781 0.04645617
v 0.00547556 0.04332735 0.04683139
v -0.07088386 -0.03389310 -0.03813319
v -0.07450373 -0.03381111 -0.03791557
v -0.07508165 -0.03490156 -0.03904616
v -0.07162189 -0.03605146 -0.03943033
v 0.05986000 0.01555992 0.01289328
v 0.06228953 0.01265880 0.01024263
v 0.06140371 0.00464169 0.01534601
v 0.05851037 0.00837938 0.01727508
v 0.05551697 0.00454641 0.02332678
v -0.08091545 0.01236072 -0.05402853
v -0.08246063 0.01178684 -0.05593867
v -0.08096039 0.01095686 -0.05537431
v -0.08011615 0.01127287 -0.05386694
v 0.05775732 -0.00127832 0.02312387
v -0.08760131 -0.00010790 -0.06784296
v -0.08658737 0.00610699 -0.06565769
v 0.01752116 0.07584350 0.03269057
v 0.00832258 0.07674135 0.03418721
v 0.05902014 0.04054101 0.00909535
v 0.05775664 0.03864278 0.01426175
v 0.01069374 0.01772064 0.04576378
v 0.01136945 0.01942485 0.04249919
v 0.00870943 0.02348761 0.04417817
v -0.08734445 -0.00914445 -0.06247567
v -0.08712198 -0.00871987 -0.06554709
v -0.08713588 -0.01277093 -0.06372937
v -0.08687087 -0.01302564 -0.06089723
v 0.00479557 0.02310111 0.04989082
v 0.00459750 0.02704529 0.04771486
v 0.00797560 0.02701521 0.04451009
v 0.03230072 0.05950394 0.03363185
v 0.03316745 0.06564647 0.02933996
v 0.04053797 0.06445715 0.02445995
v 0.03941138 0.05849170 0.02843511
v 0.01868477 0.10419148 0.00922423
v -0.08708940 -0.00136721 -0.06253980
v -0.08714928 -0.00115719 -0.06586588
v 0.00852029 0.10553569 0.01163707
v 0.00470048 0.03632377 0.04607667
v 0.00929287 0.03647195 0.04463006
v 0.00844237 0.03293253 0.04389056
v -0.09036514 0.00698724 -0.06682937
v -0.09082238 0.00126318 -0.06782694
v -0.08968402 0.00765743 -0.06776708
v -0.07658386 0.00960442 -0.06116666
v -0.07691825 0.01272358 -0.06494881
v -0.07640777 0.00669722 -0.06682888
v -0.07684322 0.00731559 -0.06279616
v 0.00463123 0.03306604 0.04599138
v 0.02556452 0.00612123 0.03837210
v 0.02646005 0.00863736 0.03779026
v 0.06706534 -0.03146212 -0.04741851
v 0.06874990 -0.03279644 -0.04579458
v 0.07363600 0.01506224 -0.03621533
v 0.07237399 0.00432890 -0.03439590
v 0.07197420 0.01236049 -0.02411399
v 0.07226484 0.02552850 -0.02612744
v 0.07431150 0.03813947 -0.02950506
v 0.07514393 0.04571797 -0.03429741
v 0.07692957 0.02954999 -0.04146900
v 0.07542124 0.02420900 -0.03825586
v 0.05322383 -0.08685668 -0.07857899
v 0.05046527 -0.07638800 -0.08205787
v 0.00498638 0.01976278 0.05265412
v 0.00495456 0.01647813 0.05526323
v 0.01988097 0.03518805 -0.14793117
v -0.07347517 -0.01740692 -0.04222797
v -0.07455300 -0.01525958 -0.04386198
v -0.07311144 -0.01729202 -0.04540850
v -0.07291605 -0.02003065 -0.04442650
v 0.01929769 0.02131153 -0.14655605
v 0.03984535 0.02537390 -0.13802907
v 0.04013621 0.03863751 -0.13896690
v 0.06623639 -0.01257491 -0.08835081
v -0.07603767 -0.02280003 -0.06037584
v -0.07324883 -0.02596007 -0.05801756
v -0.07375986 -0.02667625 -0.05744985
v -0.07632056 -0.02442184 -0.05905718
v 0.06987058 -0.01222032 -0.07405914
v 0.01084959 -0.01282295 0.05701606
v 0.00779030 -0.00827885 0.05333008
v 0.00854390 -0.01123288 0.05425587
v 0.00787643 -0.00823429 0.05332204
v 0.01166238 -0.01527266 0.05904321
v 0.01442558 -0.01519417 0.06035529
v 0.00890459 -0.01558733 0.05333278
v 0.00787326 -0.01549926 0.05378980
v 0.00788447 -0.01101110 0.05451374
v 0.00805860 -0.00829269 0.05343122
v 0.00216292 -0.01778995 0.06567554
v 0.00272978 -0.01631277 0.06865165
v 0.00692761 -0.01530801 0.06755872
v 0.00533616 -0.01683483 0.06546240
v 0.00705672 -0.00824284 0.05405451
v 0.00605697 -0.01079972 0.05561501
v 0.00584077 -0.01272371 0.06141245
v 0.00761378 -0.01005758 0.05721348
v 0.00735287 -0.00853348 0.05455407
v 0.00783790 -0.01244255 0.06052841
v 0.00665560 -0.01804244 0.05840398
v 0.00938096 -0.01252299 0.05900846
v -0.08412179 0.01262281 -0.05775670
v -0.08452585 0.00840202 -0.05885123
v -0.08312071 0.00835774 -0.05779978
v -0.07853983 -0.02141174 -0.04989076
v -0.07896769 -0.02021024 -0.05196918
v -0.08009490 -0.02282353 -0.05308733
v -0.07969818 -0.02476636 -0.05117428
v 0.07804523 -0.01949484 -0.05292941
v 0.05826634 -0.06496549 -0.03318970
v 0.06223217 -0.05046000 -0.04099416
v 0.06138339 -0.05156782 -0.04608744
v -0.08101181 -0.03216480 -0.05390821
v -0.07849918 -0.03257328 -0.05491327
v -0.07660963 -0.03466970 -0.05140633
v -0.07932632 -0.03447847 -0.05095588
v -0.07426124 -0.02111526 -0.04346389
v -0.07334785 -0.01998317 -0.04188827
v -0.08181226 0.00260524 -0.06761503
v -0.08114734 0.00821890 -0.06485491
v 0.05948328 -0.06697366 -0.04173385
v 0.08206408 0.00707184 -0.05562051
v 0.06458628 0.05684404 -0.00542282
v 0.06593500 0.06782125 -0.01429832
v 0.07176342 0.05691445 -0.02567198
v -0.08579382 0.00706547 -0.06227265
v -0.08630908 0.00493782 -0.06351006
v 0.07164495 0.04709959 -0.02116142
v 0.06654556 0.07776041 -0.02185731
v 0.07209220 0.06753451 -0.03258270
v 0.07579679 0.05585980 -0.04194088
v 0.07888865 0.03521056 -0.05501029
v 0.04333508 0.01967463 0.03179336
v 0.04343796 0.01953648 0.03189100
v 0.04186963 0.01930676 0.03321510
v -0.07610962 -0.00510805 -0.04802288
v -0.07453385 -0.00477299 -0.04983732
v -0.07485033 -0.00561151 -0.04966411
v -0.07679354 -0.00651417 -0.04770947
v 0.04190224 0.01938597 0.03307602
v 0.04300026 0.01977368 0.03119666
v 0.04138271 0.01943420 0.03227957
v -0.07596940 -0.00539246 -0.04648509
v -0.07647459 -0.00695879 -0.04629947
v -0.07572152 -0.00694997 -0.04545047
v -0.07536381 -0.00613407 -0.04529770
v 0.04390905 0.02010845 0.03022335
v 0.04437021 0.01986469 0.03072563
v 0.04459449 0.01967252 0.03081678
v 0.02570515 0.02116398 0.03546634
v 0.02650316 0.02146414 0.03490015
v 0.02910444 0.02044190 0.03500325
v 0.02838375 0.02045015 0.03608993
v 0.02545553 0.02091281 0.03585268
v 0.02825728 0.02011352 0.03642998
v -0.07387808 -0.00461713 -0.05016911
v -0.07425845 -0.00488786 -0.04999296
v -0.07441991 -0.00437228 -0.05003364
v -0.07733485 -0.00171776 -0.06133696
v -0.07824080 -0.00916961 -0.06184980
v -0.07733422 -0.01025798 -0.06223949
v -0.07817524 -0.00436227 -0.06067895
v 0.02971851 0.02309800 0.02897169
v 0.02923061 0.02338953 0.02890714
v -0.08754049 -0.00764928 -0.06717296
v 0.03048251 0.02271074 0.02909665
v 0.02392760 0.02281199 0.03329331
v 0.02402053 0.02395542 0.03312136
v -0.08370073 0.01572642 -0.05003785
v -0.08281132 0.01851241 -0.04960670
v -0.08529080 0.02102624 -0.05341427
v 0.02895250 0.02419115 0.02887265
v 0.02893056 0.02358631 0.02887490
v 0.02421877 0.02244883 0.03351269
v -0.07339568 -0.01859090 -0.05506829
v -0.07680970 -0.01828403 -0.05233978
v -0.07596626 -0.01820450 -0.05072240
v -0.07383098 -0.01867177 -0.05322079
v -0.07408033 -0.01347160 -0.04863324
v -0.07180909 -0.01643962 -0.04828345
v -0.07515946 -0.01492101 -0.04639600
v -0.07580545 0.00033813 -0.04648251
v -0.07552372 -0.00343033 -0.04887267
v -0.07559634 -0.00432031 -0.04767758
v -0.07547729 -0.00398498 -0.04644282
v -0.08835642 -0.01603782 -0.06631495
v -0.08942426 -0.01084373 -0.06865369
v -0.08789136 -0.01097228 -0.07015539
v -0.08687839 -0.01651345 -0.06779613
v 0.02258538 0.02229545 0.03359604
v 0.02160812 0.02253239 0.03312418
v -0.07235757 -0.02991019 -0.03735805
v -0.06694259 -0.03196720 -0.04125001
v -0.07132746 -0.02683253 -0.03837566
v -0.09034160 0.01797460 -0.06364571
v -0.08847022 0.01955999 -0.06384305
v -0.08866785 0.01777748 -0.06595898
v -0.09086361 0.01626512 -0.06563322
v -0.07579862 0.00123322 -0.05405260
v -0.07563724 -0.00072259 -0.05395926
v -0.07602706 0.00028621 -0.05271994
v -0.07574408 0.00242734 -0.05264280
v 0.02168074 0.02403937 0.03309270
v 0.03356719 0.01894668 0.03634247
v 0.03373849 0.01810722 0.03630750
v 0.02891158 0.01852327 0.03661687
v 0.02851608 0.01946707 0.03659621
v 0.03342039 0.01946152 0.03625021
v 0.03685340 0.01946672 0.03524526
v 0.03692694 0.01896988 0.03532143
v 0.03696799 0.01813423 0.03524243
v -0.05295004 -0.03350458 -0.09537156
v -0.06100021 -0.03325318 -0.07682665
v -0.06506467 -0.01956417 -0.08504789
v -0.05792309 -0.01991351 -0.10062057
v -0.08218785 -0.02934086 -0.05308717
v -0.08149653 -0.03142455 -0.05050342
v -0.07751194 0.00767196 -0.04526825
v -0.07693871 0.00943884 -0.04387667
v -0.07742897 0.01498216 -0.04538817
v -0.07834280 0.01182048 -0.04581794
v 0.02551787 0.01955616 0.03644185
v 0.02544202 0.02050454 0.03619017
v 0.03690938 0.01740761 0.03515780
v 0.03392572 0.01738134 0.03616174
v -0.08952986 0.00328970 -0.07252375
v -0.09189167 0.00265809 -0.07113580
v 0.02911481 0.01779764 0.03653224
v 0.02553092 0.01906605 0.03654436
v 0.02274896 0.02041950 0.03594974
v 0.02387924 0.02066497 0.03599104
v 0.03386670 0.01652788 0.03592700
v 0.03389162 0.01564909 0.03583088
v 0.02900858 0.01605766 0.03646710
v 0.02909333 0.01695437 0.03643158
v -0.08058082 0.01223421 -0.05251674
v -0.08211196 0.01520360 -0.05540034
v -0.08074428 0.01306252 -0.05429487
v -0.07990151 0.01159281 -0.05273212
v -0.08035359 0.00440727 -0.04994833
v -0.08094302 0.00559684 -0.04987060
v -0.07916673 0.00640620 -0.05008659
v -0.07825197 0.00516647 -0.05031496
v 0.03687202 0.01657322 0.03481427
v 0.03686166 0.01561243 0.03469682
v -0.07608698 0.01444011 -0.04276112
v -0.07674720 0.01942134 -0.04591329
v 0.04573768 0.01956909 0.02909543
v 0.04629161 0.02002161 0.02819070
v 0.04621368 0.01940440 0.02824845
v -0.06882233 -0.02582574 -0.05660876
v 0.04584295 0.01904060 0.02872078
v 0.04822684 0.01637851 0.02520515
v 0.04924365 0.01764295 0.02443072
v 0.05062563 0.01681977 0.02276909
v -0.07948159 0.00644810 -0.04726960
v -0.08018686 0.00903776 -0.04747995
v -0.08142824 0.00745281 -0.04974270
v -0.07195740 -0.02210566 -0.03856228
v -0.07275373 -0.02044126 -0.04045448
v -0.07963903 0.01131408 -0.05246714
v -0.07908185 0.01015450 -0.05231193
v -0.07780371 0.00621469 -0.05077427
v -0.07876512 0.00542751 -0.05294254
v 0.04957101 0.01541294 0.02407131
v -0.08289966 -0.00091052 -0.05898241
v -0.08402497 -0.00874783 -0.05944139
v 0.05735578 0.00608948 0.02004578
v 0.05168000 0.01225837 0.02330367
v 0.05296776 0.01365331 0.02112444
v 0.04521892 0.01947914 0.02987562
v 0.04458374 0.01928449 0.03080620
v 0.04518813 0.01977307 0.02989703
v 0.04568539 0.02003177 0.02896718
v 0.04529320 0.01874744 0.02954232
v 0.04461834 0.01859493 0.03055217
v 0.04348218 0.01920652 0.03187448
v 0.04350713 0.01849321 0.03170514
v 0.04187868 0.01825502 0.03306897
v 0.04183464 0.01902402 0.03320271
v 0.03979478 0.01897109 0.03431176
v -0.06818339 -0.01888777 -0.07130152
v -0.06457151 -0.03211720 -0.05677152
v 0.04006403 0.01935101 0.03418076
v 0.03979800 0.01811970 0.03418634
v 0.04191463 0.01754687 0.03274553
v 0.03983842 0.01741606 0.03400607
v 0.04344238 0.01773891 0.03125851
v 0.04466330 0.01793463 0.03007960
v 0.04542264 0.01821123 0.02900724
v 0.04613395 0.01851337 0.02819343
v 0.04663129 0.01909595 0.02763829
v 0.04573914 0.01756778 0.02834965
v 0.04635697 0.01672038 0.02747200
v 0.04512070 0.01633708 0.02886759
v 0.04486155 0.01723843 0.02956064
v 0.04664258 0.01797495 0.02741557
v 0.04741025 0.01721629 0.02634114
v -0.07804165 0.00676694 -0.05032155
v -0.07820380 0.00723881 -0.05038112
v -0.07766506 0.00655869 -0.05006380
v -0.07724469 0.00574349 -0.05064633
v 0.04370848 0.01702113 0.03080361
v 0.04380776 0.01614844 0.03035248
v 0.04185258 0.01589597 0.03189654
v 0.04190018 0.01679427 0.03233678
v -0.08060853 -0.03329621 -0.04789228
v -0.08196677 0.00519291 -0.05749937
v -0.07980650 0.00293942 -0.05530379
v -0.08100338 0.00508335 -0.05557235
v 0.03982499 0.01667774 0.03360042
v 0.03985720 0.01566356 0.03323085
v -0.09024243 -0.00621168 -0.06690331
v -0.09191315 0.00109723 -0.06714942
v -0.09302150 0.00128377 -0.06863034
v -0.09137345 -0.00629166 -0.06823667
v 0.03332990 0.01953738 0.03603753
v 0.03302250 0.01970893 0.03493214
v 0.03645292 0.01941057 0.03433968
v 0.03682379 0.01941889 0.03502434
v 0.04006815 0.01929597 0.03405476
v -0.06860656 -0.03461249 -0.04235566
v -0.07568468 -0.00136615 -0.05512534
v -0.07701173 -0.00274499 -0.05462493
v 0.03934686 0.01938808 0.03345982
v 0.03623452 0.01932918 0.03317915
v 0.03461074 0.02173837 0.02885005
v 0.03593608 0.02172611 0.02845165
v 0.03902142 0.01929012 0.03239062
v -0.07746606 0.00396998 -0.05336184
v -0.07661177 0.00486534 -0.05079543
v 0.03313503 0.01966221 0.03371309
v 0.03309060 0.02187323 0.02912559
v 0.02985593 0.02053216 0.03379099
v -0.07276645 -0.01745280 -0.04026131
v 0.03160354 0.02228322 0.02917920
v 0.02716682 0.02135164 0.03408721
v 0.03507398 0.03191289 0.03681057
v 0.03471619 0.03199789 0.03719695
v 0.04057895 0.03104349 0.03601630
v 0.04025815 0.03084346 0.03579794
v 0.05042497 -0.00150574 -0.12049273
v 0.05195522 0.01365731 -0.12566520
v 0.03928630 0.00911799 -0.13539746
v 0.04248035 0.02845181 0.03484410
v 0.04242711 0.02945505 0.03469173
v 0.04482855 0.02808248 0.03273442
v 0.04471483 0.02715990 0.03278018
v 0.04245229 0.02735577 0.03500346
v -0.08727103 0.01438578 -0.06531302
v -0.08801506 0.01284050 -0.06646230
v -0.08624808 0.01325394 -0.06429275
v -0.08605849 0.01429275 -0.06283576
v -0.08531498 0.01673482 -0.06108414
v -0.08476273 0.01718180 -0.06063683
v -0.08668768 0.01586537 -0.06379577
v -0.07945991 0.00447927 -0.05388387
v -0.08029941 0.00562717 -0.05480391
v 0.04449456 0.02601884 0.03286864
v 0.03975647 0.02865733 0.03708755
v -0.07853272 -0.02250901 -0.04815635
v -0.07916176 -0.02787405 -0.04798038
v -0.08619928 -0.01624946 -0.06144226
v -0.08584118 -0.01589834 -0.05850362
v -0.08528241 -0.00552373 -0.07076075
v -0.08526149 0.00304674 -0.07076442
v -0.08374818 0.00276044 -0.06879401
v -0.08414375 -0.00536674 -0.06939233
v 0.03984462 0.02987838 0.03686951
v 0.03984264 0.03067424 0.03636342
v 0.04342229 0.02493687 0.02847389
v 0.04268217 0.02581811 0.02923721
v -0.07873845 -0.00403512 -0.06644739
v -0.07563575 -0.00330055 -0.06611574
v -0.07504427 -0.00527357 -0.04477577
v -0.07438368 -0.00151641 -0.04280341
v -0.07618302 0.00302717 -0.05262398
v -0.07631709 0.00468024 -0.05119152
v -0.07978399 -0.02030648 -0.06307413
v -0.07592347 -0.02740069 -0.05567577
v -0.07992005 -0.02239897 -0.06135026
v -0.07196458 -0.02805434 -0.05364067
v -0.07167534 -0.02893752 -0.05130689
v -0.07410575 -0.02898193 -0.05291026
v 0.04327360 0.02550127 0.03073851
v 0.04426480 0.02478020 0.02939137
v 0.04413772 0.02431796 0.02783766
v 0.04496223 0.02418379 0.02842423
v 0.03871224 0.02423232 0.02619433
v 0.03836903 0.02454057 0.02651653
v 0.03787178 0.02493566 0.02696818
v -0.08280762 -0.02043956 -0.05584412
v -0.08455908 -0.01893256 -0.05849838
v 0.03889655 0.02392534 0.02600319
v -0.07455206 -0.00503834 -0.05066094
v -0.07348116 -0.00662560 -0.05247492
v -0.07266065 -0.00513174 -0.05051282
v -0.08570095 -0.00137603 -0.06058428
v -0.08659900 -0.00900731 -0.06060698
v -0.08052718 0.00779234 -0.05052243
v 0.03895875 0.02358508 0.02591975
v -0.07818529 -0.00112125 -0.04992659
v -0.07858933 0.00216200 -0.04822072
v -0.08357410 0.01072453 -0.05052528
v -0.08228749 0.00926846 -0.05106365
v -0.08142159 0.00847897 -0.05082170
v -0.08220777 0.00905534 -0.04991112
v -0.06806204 -0.01384696 -0.05216893
v -0.07025587 -0.01556529 -0.05020596
v -0.07183829 -0.01255917 -0.04960176
v 0.03890635 0.02322860 0.02591577
v 0.03883938 0.02291402 0.02604592
v 0.05963005 -0.00981478 0.02060491
v 0.05986188 0.00091056 0.01938404
v -0.08448107 0.01632584 -0.05837769
v -0.08499180 0.01463581 -0.05938565
v -0.08233146 0.00905635 -0.06627879
v 0.06209040 -0.00719370 0.01642199
v 0.04493789 0.02007982 0.02974742
v -0.08078318 0.00940107 -0.05477697
v -0.08032639 0.00819614 -0.05585619
v 0.04547397 0.02042013 0.02884774
v -0.07902241 0.02089682 -0.05932770
v -0.07952701 0.01841252 -0.05615538
v -0.07922488 0.01882255 -0.05507267
v -0.07875453 0.02350345 -0.05511154
v 0.04444139 0.02037939 0.02935616
v -0.07094435 -0.03144707 -0.04773394
v -0.07354277 -0.03111814 -0.05061133
v -0.07325657 -0.02999888 -0.05119207
v -0.07141382 -0.03008005 -0.04920259
v -0.07536400 -0.01830399 -0.05016928
v -0.07380199 -0.01878402 -0.05216586
v 0.04492535 0.02082213 0.02859516
v -0.08642110 -0.01484618 -0.06464694
v -0.08606984 -0.01574800 -0.06347533
v -0.08701253 -0.01173503 -0.06568164
v -0.08710875 -0.01030403 -0.06672351
v 0.04604167 0.02098271 0.02799593
v 0.04638663 0.02066075 0.02792568
v 0.04239028 0.01981464 0.03050390
v 0.03780513 0.02192400 0.02751688
v 0.03826297 0.02208240 0.02707077
v -0.07623083 0.00209686 -0.05724338
v -0.07602472 0.00095991 -0.05609122
v -0.07825314 0.01354685 -0.05796738
v -0.08063870 0.01548080 -0.05925700
v -0.08060701 0.01770134 -0.05621494
v -0.07875960 0.01605264 -0.05612913
v -0.08403160 0.00991236 -0.06807894
v 0.04313628 0.02032532 0.02960255
v 0.04085699 0.01948247 0.03142494
v 0.03696558 0.02181179 0.02799298
v 0.03856304 0.02233732 0.02670968
v 0.03875451 0.02257299 0.02631776
v -0.08045320 0.00666711 -0.05559285
v -0.08071642 0.00684662 -0.05636303
v 0.04350937 0.02073038 0.02888195
v -0.08028335 0.00706655 -0.05514559
v 0.04396260 0.02122603 0.02813345
v 0.04530068 0.02151757 0.02801119
v -0.07754683 0.00434784 -0.05053987
v -0.07974920 0.00331452 -0.05069228
v -0.08321857 0.01101295 -0.05189586
v -0.08558358 0.01441993 -0.05415374
v -0.08465446 0.01505367 -0.05563425
v -0.08271760 0.01180794 -0.05202584
v 0.04439257 0.02239908 0.02726344
v 0.04448827 0.02304007 0.02729446
v 0.04541164 0.02205975 0.02778477
v -0.07892957 0.00893616 -0.05074183
v 0.04550829 0.02275663 0.02772660
v 0.04424248 0.02186633 0.02751878
v -0.01518380 -0.03561576 -0.12268212
v -0.01691244 -0.02527603 -0.12972547
v 0.04440201 0.02368635 0.02745515
v 0.04535116 0.02341134 0.02798214
v 0.04658369 0.02007921 0.02777259
v 0.04667380 0.02104991 0.02758858
v 0.04704695 0.02209325 0.02697126
v 0.04702508 0.02001720 0.02723723
v -0.08162872 0.01824988 -0.04926918
v -0.08158736 0.01970103 -0.05259245
v -0.08275192 0.02051052 -0.05305238
v -0.08227145 0.01894668 -0.04970625
v -0.08594676 0.01313989 -0.06250037
v 0.04763867 0.01993143 0.02643020
v 0.04720508 0.01868243 0.02673867
v 0.04798181 0.02271249 0.02647502
v 0.04921240 0.02293430 0.02558594
v -0.08897290 0.01004970 -0.06688868
v -0.07799542 -0.00469214 -0.05351578
v -0.07539346 -0.00747584 -0.05407592
v 0.04867237 0.01979104 0.02526194
v 0.04801686 0.01830640 0.02564729
v 0.04638462 0.02163395 0.02762238
v -0.06574908 -0.00825198 -0.05269854
v -0.06606045 -0.00710756 -0.05249269
v -0.06671979 -0.00737673 -0.05342941
v -0.06667847 -0.00827459 -0.05387601
v 0.04641281 0.02232384 0.02733199
v 0.04752535 0.02393394 0.02782462
v -0.07002611 -0.01346094 -0.05487979
v -0.07224722 -0.01419869 -0.05380863
v -0.07121422 -0.01562334 -0.05228548
v -0.06938300 -0.01471270 -0.05409010
v 0.04822759 0.02478450 0.02756569
v 0.04683986 0.02334576 0.02803738
v 0.04636367 0.02416261 0.02932224
v 0.04689025 0.02490764 0.02925576
v -0.06531277 -0.01081237 -0.05320391
v -0.06553866 -0.00942657 -0.05290335
v -0.06634295 -0.00987487 -0.05431965
v -0.06597712 -0.01133571 -0.05497121
v 0.04744986 0.02569648 0.02904994
v 0.04611072 0.02586083 0.03091615
v -0.08373140 0.01677181 -0.05681908
v -0.08531573 0.01665062 -0.05875848
v 0.04649812 0.02677177 0.03083563
v 0.04563805 0.02498765 0.03089171
v 0.04624846 0.02319191 0.02802374
v -0.09109513 0.00869088 -0.06533343
v -0.09135161 0.00680164 -0.06627563
v -0.08825795 0.01374822 -0.06439468
v -0.08877999 0.01198853 -0.06555889
v 0.04575790 0.02391861 0.02903865
v 0.04499256 0.02468707 0.03037816
v 0.04398025 0.02525697 0.03235677
v -0.07468171 -0.01269548 -0.04390603
v -0.07579914 -0.01252479 -0.04550778
v -0.07550322 -0.01408360 -0.04543440
v -0.09215919 0.01108306 -0.06492748
v -0.09126190 0.01406820 -0.06694557
v -0.07499965 -0.02963489 -0.03902462
v -0.07386551 -0.03135569 -0.03753157
v -0.04494412 -0.10250227 -0.02388383
v -0.05589268 -0.09739998 -0.03594408
v -0.05557605 -0.10789935 -0.03539339
v -0.04509425 -0.11292770 -0.02375967
v -0.08263999 0.01400174 -0.04882391
v -0.08105029 0.01680114 -0.04855355
v 0.04222427 0.02631897 0.03455438
v 0.04137621 0.02641875 0.03261750
v 0.03949453 0.02762782 0.03653447
v -0.06535974 -0.01275191 -0.05361535
v -0.06537427 -0.01291644 -0.05364927
v -0.06796820 -0.01461964 -0.05335934
v -0.06989402 -0.00888674 -0.05080109
v -0.06640147 -0.00849131 -0.05200378
v 0.03867516 0.02717180 0.03438496
v 0.03488258 0.03280946 0.03806057
v 0.04127312 0.03207261 0.03653933
v 0.03814950 0.02743034 0.03236794
v 0.03566075 0.02566194 0.02842577
v 0.03406398 0.02581723 0.02899474
v 0.03495976 0.02749967 0.03346585
v -0.07063717 -0.01199629 -0.05469766
v 0.02453163 0.02494267 0.03362624
v 0.02540921 0.02589355 0.03424993
v -0.07011259 -0.00685236 -0.05299810
v -0.06984763 -0.00578917 -0.05187623
v -0.07107364 -0.01826147 -0.04902210
v -0.07232698 -0.01917821 -0.05074235
v -0.07387998 -0.01962292 -0.04756429
v -0.06629808 -0.01329637 -0.05511655
v -0.07727303 0.00356872 -0.05549089
v 0.02961278 0.02499455 0.02936886
v 0.02917568 0.02463013 0.02910058
v 0.02303400 0.02492472 0.03421584
v 0.02438356 0.02599882 0.03508154
v -0.07345033 -0.01165932 -0.05438614
v -0.07474358 -0.01374655 -0.05618102
v -0.07393894 -0.01537071 -0.05518341
v -0.07282171 -0.01333218 -0.05428751
v -0.08084606 -0.02321154 -0.05446792
v -0.08105671 -0.02151328 -0.05433193
v -0.07313866 -0.01780712 -0.05750079
v -0.07655434 -0.01821318 -0.05537210
v -0.07801989 -0.00191297 -0.05370884
v -0.07912937 0.00079473 -0.05153469
v -0.07533671 -0.00497310 -0.05132866
v -0.07348289 -0.00942833 -0.05363346
v -0.07538503 -0.01170523 -0.05580547
v -0.07001267 -0.00781381 -0.05106258
v -0.07313064 -0.00738761 -0.04971335
v -0.07291521 -0.00636716 -0.05002739
v -0.07000756 -0.00687780 -0.05135943
v -0.08182494 0.00837311 -0.05712135
v -0.07948257 0.01502462 -0.04680155
v -0.08117960 0.01172676 -0.04796671
v -0.07969926 0.02607300 -0.07057787
v -0.07779738 0.01790962 -0.07551625
v -0.07840484 0.01771655 -0.06298833
v -0.07134575 -0.01036771 -0.05443536
v -0.06627356 -0.00665525 -0.05261558
v -0.06694737 -0.00722651 -0.05240210
v -0.08604091 -0.01892829 -0.06221617
v -0.07460355 -0.02039742 -0.04690105
v -0.07670943 0.00253281 -0.05096601
v -0.08482803 -0.01046555 -0.06950063
v -0.08391537 -0.01583100 -0.06750805
v -0.07631424 0.00387806 -0.05105378
v -0.07646817 0.00487807 -0.05112914
v -0.07323462 -0.01915040 -0.05164806
v -0.07482093 -0.01891183 -0.04901813
v -0.07674354 0.00509482 -0.05088960
v -0.07605430 -0.01298347 -0.04683205
v -0.08583341 0.00838127 -0.06131263
v 0.02905501 0.02712736 0.03456230
v 0.03120550 0.02550590 0.02962253
v -0.07704608 -0.03026623 -0.05554204
v -0.07528228 -0.03170436 -0.05251361
v 0.03024372 0.02527661 0.02956450
v -0.06682756 -0.00753107 -0.05191663
v 0.02725361 0.02655085 0.03434280
v -0.06995144 -0.01549007 -0.05169578
v -0.07044014 -0.00848291 -0.05340854
v 0.02839721 0.02768971 0.03658947
v 0.02603171 0.02681221 0.03577763
v 0.03524885 0.02775942 0.03570870
v -0.07510585 -0.00936935 -0.04886422
v -0.07469617 -0.01147452 -0.04850524
v -0.07624656 -0.01079188 -0.04676503
v 0.02130263 0.07157432 -0.14403178
v 0.02085435 0.05569348 -0.14766434
v -0.07771830 -0.01757041 -0.05673098
v -0.07406590 -0.01578755 -0.05931277
v -0.07574481 -0.01483158 -0.06081571
v -0.07977378 -0.01635829 -0.05759627
v -0.08258267 -0.02080671 -0.06520124
v -0.08093146 -0.02519468 -0.06182694
v -0.08292718 -0.02663168 -0.06161455
v -0.08535451 -0.02194595 -0.06510071
v 0.04049548 0.05758746 -0.13871242
v 0.04040347 0.07138150 -0.13576190
v -0.08043624 0.04239659 -0.07889050
v -0.08007239 0.03179949 -0.06386815
v -0.08079232 0.04881052 -0.06768931
v -0.08366580 0.01712770 -0.06367724
v -0.08339219 0.01504701 -0.06518968
v -0.08870237 0.01575591 -0.06771509
v -0.07845158 0.02176287 -0.05047980
v -0.07903547 0.01904456 -0.05387886
v -0.08125319 0.01893166 -0.05252395
v -0.08861900 -0.00596452 -0.07166341
v 0.04061574 0.02674003 0.03090345
v 0.03690986 0.02534873 0.02770149
v 0.05034522 0.07249548 -0.12808999
v 0.04944018 0.08120627 -0.12507492
v 0.04078864 0.08318158 -0.13050736
v 0.03654524 -0.06378957 -0.09991934
v 0.02658498 -0.07528619 -0.10669971
v -0.07666031 0.00400331 -0.04546811
v -0.07875654 0.00412897 -0.04747583
v 0.02076520 0.02470343 0.03556735
v -0.07887458 -0.01913091 -0.06392530
v 0.02255623 0.02597739 0.03608884
v -0.08106030 -0.01833802 -0.05465367
v -0.08343945 -0.01741623 -0.05628631
v -0.08911643 0.01693399 -0.05746081
v -0.08678261 0.01491424 -0.05569985
v 0.01958597 0.02358326 0.03517141
v 0.01895117 0.02339894 0.03523532
v 0.02008200 0.02479396 0.03556202
v 0.02163924 0.02617988 0.03610584
v 0.02478272 0.02704508 0.03667980
v 0.02409196 0.02743024 0.03715834
v 0.02766951 0.02873794 0.03834778
v 0.02778428 0.02796491 0.03788583
v 0.03531427 0.02852632 0.03776690
v 0.03541444 0.02952521 0.03833425
v 0.02711959 0.02971405 0.03791302
v 0.02354874 0.02801105 0.03670174
v 0.02633247 0.03077706 0.03754568
v 0.02321849 0.02899255 0.03657651
v 0.03544810 0.03146345 0.03725830
v 0.03552971 0.03062301 0.03803337
v 0.02263076 0.02140808 0.03552833
v 0.02033470 0.02172887 0.03533429
v 0.02316530 0.02175489 0.03539910
v 0.02066181 0.02210459 0.03518127
v 0.02437962 0.02206055 0.03450373
v 0.01980901 0.02253496 0.03498422
v 0.01914271 0.02228070 0.03514051
v -0.01047011 -0.11408188 0.00783088
v -0.01037927 -0.12169398 0.00420348
v 0.02517889 0.02202073 0.03393923
v 0.01936517 0.02486009 0.03514094
v 0.01804494 0.02319106 0.03512388
v 0.01819561 0.02530589 0.03433898
v 0.01736974 0.02327091 0.03463783
v 0.02046262 0.02760276 0.03510639
v 0.02098573 0.02649402 0.03528959
v 0.01817072 0.02211184 0.03507660
v 0.01877210 0.02160165 0.03525033
v 0.01747519 0.02207895 0.03492940
v 0.01809649 0.02137225 0.03519201
v 0.02531226 0.01833430 0.03660228
v 0.02507915 0.01759507 0.03659048
v 0.02201399 0.01982644 0.03604896
v 0.02145827 0.01931522 0.03596133
v 0.03373770 0.01469103 0.03574212
v 0.03684754 0.01461884 0.03472219
v 0.03346576 0.01345480 0.03588867
v -0.00807743 -0.00973054 0.05641735
v -0.00911137 -0.00987071 0.05515157
v -0.00749730 -0.00827833 0.05409131
v -0.00713193 -0.00831034 0.05468516
v 0.03678088 0.01334576 0.03472020
v 0.02836272 0.01403550 0.03680117
v 0.02883742 0.01507570 0.03660488
v 0.03262608 -0.11886632 -0.01397366
v 0.04707812 0.01568447 0.02670017
v 0.04808968 0.01447078 0.02602243
v 0.04651033 0.01386237 0.02786365
v 0.04564057 0.01533048 0.02823601
v 0.04398371 0.01506193 0.02985684
v -0.00874850 -0.01835331 0.05566544
v -0.00798008 -0.01703961 0.05496934
v -0.00929473 -0.01712145 0.05392692
v -0.01038348 -0.01800708 0.05483820
v 0.04441757 0.01351900 0.02979445
v 0.04203989 0.01337194 0.03159319
v 0.04184040 0.01479090 0.03158237
v 0.03993757 0.01466867 0.03307136
v 0.03982671 0.01321043 0.03316659
v 0.05018492 0.01903102 0.02382735
v 0.05097638 0.02250450 0.02339328
v 0.05145396 0.01807269 0.02215096
v 0.05297848 0.02183709 0.02111177
v 0.01651832 0.02629750 0.03453934
v -0.00627567 -0.00821036 0.05409991
v -0.00522252 -0.01007484 0.05692108
v -0.00639148 -0.00993746 0.05744823
v -0.00661163 -0.00833998 0.05440822
v 0.01629276 0.02351781 0.03430054
v 0.01506572 0.02685060 0.03551558
v 0.01505836 0.02405822 0.03505963
v 0.01621761 0.02956186 0.03633072
v 0.01794328 0.02908138 0.03523789
v 0.01675266 0.02215589 0.03484238
v 0.01743352 0.02109014 0.03497991
v 0.01578996 0.02202483 0.03509414
v 0.01669271 0.02060048 0.03529779
v 0.02466350 0.01672217 0.03659425
v 0.02422245 0.01575502 0.03663694
v 0.02091821 0.01868440 0.03615271
v 0.02010127 0.01784397 0.03616618
v 0.04858414 -0.01279658 -0.11605749
v 0.05270458 0.02974971 -0.12791955
v 0.04750377 0.03541334 0.03270338
v 0.04550122 0.03284485 0.03391335
v 0.04225856 0.03431612 0.03624956
v 0.04350744 0.03753857 0.03572874
v 0.05016759 0.03883159 0.03061355
v 0.05254489 0.03541681 0.02787800
v 0.05016007 0.03292536 0.02993136
v 0.04805679 0.03100360 0.03155149
v 0.05189108 0.02535518 0.02407610
v 0.05021682 0.02555413 0.02585412
v 0.05018504 0.02726717 0.02709181
v 0.05184935 0.02780335 0.02548576
v 0.05396032 0.02526979 0.02177161
v 0.05433052 0.02853267 0.02347667
v 0.05130776 0.03022007 0.02764452
v 0.04934698 0.02901311 0.02914063
v 0.05377962 0.03164956 0.02568186
v 0.02354315 0.03455275 0.03865502
v 0.02427891 0.03320417 0.03795083
v 0.02175093 0.03101597 0.03657670
v 0.02026870 0.03139491 0.03685252
v 0.02254450 0.03592955 0.03911077
v 0.01814350 0.03235843 0.03721921
v 0.03658034 0.03842449 0.03887118
v 0.03594750 0.03550457 0.03873026
v 0.02581827 0.03144534 0.03701560
v 0.02379313 0.03003218 0.03684738
v 0.02531021 0.03147064 0.03690538
v 0.02322035 0.02993421 0.03661232
v 0.05804584 0.09206379 -0.10756171
v 0.06005423 0.09790066 -0.09532913
v 0.04364293 0.10889170 -0.10145465
v 0.04291956 0.10156640 -0.11350470
v 0.04243226 0.02966472 0.03481357
v 0.04306239 0.02991134 0.03441062
v 0.04536037 0.02869927 0.03249832
v 0.04489249 0.02849630 0.03291062
v 0.04678426 0.02730475 0.03070112
v 0.04719970 0.02760595 0.03050905
v 0.04817208 0.02654666 0.02877366
v 0.04785390 0.02636372 0.02901388
v 0.04841679 0.02554781 0.02773422
v 0.04875449 0.02554030 0.02728496
v 0.02303001 0.03067825 0.03674305
v 0.02493665 0.03191898 0.03732020
v 0.05181724 0.06042521 -0.12954152
v 0.04235882 0.07150138 0.01996949
v 0.04941586 0.06823724 0.01395283
v 0.04754019 0.06190215 0.01907002
v 0.04381413 0.03087966 0.03476111
v 0.04630659 0.02952793 0.03254118
v 0.04798999 0.02819613 0.03018951
v 0.04897095 0.02687057 0.02824738
v 0.04943913 0.02593200 0.02707585
v 0.07260973 -0.01422285 -0.03888612
v 0.07282270 -0.01418840 -0.04053670
v 0.07959419 -0.00512534 -0.06584067
v 0.07753083 0.00121082 -0.06487257
v 0.07619195 0.00464297 -0.06337658
v 0.08084024 0.01296930 -0.05019315
v 0.08289417 0.01612566 -0.05301160
v 0.08405283 -0.02269572 -0.05813003
v 0.08063693 -0.02480197 -0.05451234
v -0.08931731 0.01998118 -0.05807363
v 0.08379057 -0.02182112 -0.05881686
v 0.08930989 0.01190283 -0.06172000
v 0.08969648 0.01029262 -0.06302857
v 0.09056956 0.00986842 -0.06260832
v 0.04160502 -0.03450058 -0.10694420
v 0.04618610 -0.02177008 -0.11264741
v 0.08992636 0.00856900 -0.06434561
v 0.07422486 -0.00958513 -0.04306223
v 0.08074571 -0.00539588 -0.06601356
v 0.08244395 -0.00575168 -0.06759460
v 0.08351973 -0.01062878 -0.06751955
v 0.08266449 -0.01026805 -0.06703272
v 0.08285086 -0.01573502 -0.06565227
v 0.08206735 -0.01504242 -0.06529452
v 0.08533982 -0.01893721 -0.06148737
v 0.08562259 -0.01456561 -0.06434815
v 0.08391173 0.01648669 -0.05438211
v 0.08388292 0.01581072 -0.05362482
v 0.08456214 0.01646144 -0.05472032
v 0.07516696 -0.01074706 -0.04439123
v 0.07899442 0.01063528 -0.05033628
v 0.07872573 0.00899754 -0.04852717
v 0.07841165 0.00940783 -0.04903405
v 0.07320262 -0.00603927 -0.04830743
v 0.07292990 -0.00521339 -0.04854387
v 0.07442849 -0.00746750 -0.04801711
v 0.07607773 -0.00868404 -0.04584122
v 0.07080764 -0.01623453 -0.04793701
v 0.07059166 -0.01696229 -0.04931078
v 0.07019245 -0.01759607 -0.04859979
v 0.08671108 0.02189797 -0.05728836
v 0.07880041 0.00805899 -0.04812708
v 0.08006975 0.00906001 -0.04847633
v 0.08075067 0.01015657 -0.04877869
v 0.08536891 0.01569519 -0.05473993
v 0.08130478 0.01098352 -0.04895166
v 0.08021382 0.01111212 -0.04921977
v 0.08163320 0.01266655 -0.04998250
v 0.07951201 0.01118178 -0.04963349
v 0.07566264 -0.01352817 -0.06119974
v 0.07456689 -0.01358862 -0.05917557
v 0.07396920 0.00601183 -0.03974349
v 0.07459147 0.00391479 -0.04158401
v 0.07969357 -0.02556052 -0.05221147
v 0.07646172 0.01040706 -0.05809197
v 0.07761905 0.01368599 -0.05981963
v 0.08720352 -0.01046157 -0.06572632
v 0.08008957 -0.01684336 -0.05603448
v 0.07795931 -0.01790921 -0.05483784
v 0.08235252 -0.01542006 -0.05743806
v 0.08442952 -0.01284697 -0.05897860
v 0.07528042 0.00219864 -0.05261352
v 0.08463018 0.00665963 -0.05796254
v 0.08487848 0.00448090 -0.05907089
v 0.08325952 0.00681562 -0.05676619
v 0.07849773 0.01732871 -0.05822476
v 0.07868099 0.01722481 -0.05581906
v 0.07585817 0.01358293 -0.05713164
v 0.07848722 0.01535915 -0.05535820
v 0.07257064 -0.01297375 -0.04761666
v 0.07062270 -0.01823257 -0.05095623
v 0.07262763 -0.01706881 -0.05249912
v 0.07177249 -0.01876351 -0.05181573
v 0.07321034 -0.01803551 -0.05355162
v 0.07336176 -0.01687290 -0.05499488
v 0.07362168 -0.01524457 -0.05626328
v 0.07460085 -0.01325531 -0.05657668
v 0.07210353 -0.00896725 -0.04822872
v 0.07790447 0.01843571 -0.04710323
v 0.07171076 -0.01076111 -0.04822912
v 0.07352427 -0.00731995 -0.04809799
v 0.07348551 -0.00902826 -0.04776084
v 0.07304116 -0.01091167 -0.04750129
v 0.07631919 -0.02070506 -0.04868487
v 0.07642007 -0.01926026 -0.05122672
v 0.07559740 -0.02008574 -0.04806244
v 0.07681025 -0.01881124 -0.05343394
v 0.07464549 -0.01965230 -0.04781562
v 0.07794997 0.01150290 -0.05740626
v 0.07866416 0.01476258 -0.05711351
v 0.07233155 -0.01073636 -0.03739097
v 0.06418787 -0.00221832 0.01123489
v 0.06553394 0.00719977 0.00553903
v 0.02766545 -0.05211665 0.03607047
v 0.02699772 -0.05510272 0.03657262
v 0.05639470 -0.01237163 0.02458838
v 0.05169143 -0.01537377 0.02899641
v 0.02593480 -0.04682321 0.04777673
v 0.02515960 -0.04767946 0.04817673
v 0.02426504 -0.04709953 0.04845225
v 0.02496814 -0.04670734 0.04792416
v 0.02290576 -0.04572655 0.04670652
v 0.02377553 -0.04607880 0.04581217
v 0.02391476 -0.04623055 0.04714185
v 0.02320294 -0.04605215 0.04792899
v 0.02916372 -0.03090999 0.04642205
v 0.03212923 -0.02682626 0.04317426
v 0.03511562 -0.03123241 0.04274092
v 0.03213820 -0.03479368 0.04566737
v 0.02529439 -0.04871767 0.03838443
v 0.02511024 -0.04706221 0.03883100
v 0.02437003 -0.04647452 0.04185980
v 0.02431103 -0.04724767 0.04145192
v 0.02531950 -0.04979496 0.03843461
v 0.02420232 -0.04765522 0.04145120
v 0.02745713 -0.05034803 0.03588577
v 0.02703784 -0.04766329 0.03596558
v 0.03495182 -0.05335564 0.04343716
v 0.03136100 -0.05121098 0.04543211
v 0.03239640 -0.04795167 0.04547096
v 0.03606111 -0.04863666 0.04350635
v 0.02559384 -0.01862351 0.04302461
v 0.02920292 -0.02236974 0.04301950
v 0.02630805 -0.02715191 0.04577455
v 0.02269178 -0.02222229 0.04520242
v 0.01927189 -0.01746097 0.04559847
v 0.02203186 -0.01406398 0.04317049
v 0.01871343 -0.00897391 0.04890644
v 0.01960550 -0.01303764 0.05042221
v 0.01907331 -0.01439066 0.05408070
v 0.01949556 -0.01185271 0.05278329
v 0.01690329 -0.01868769 0.05262435
v 0.01958402 -0.01551668 0.04881257
v 0.01238256 -0.01981045 0.05347033
v -0.01286792 -0.01759871 0.05551020
v -0.01160312 -0.01585575 0.05483481
v -0.01196336 -0.01540049 0.05659590
v -0.01434268 -0.01657390 0.05719348
v 0.01216890 -0.01938784 0.05432465
v 0.01697962 -0.01891816 0.05122851
v -0.00504916 -0.01653628 0.06342313
v -0.00622299 -0.01452903 0.06339297
v -0.00508166 -0.01551720 0.06137420
v -0.00499632 -0.01730545 0.06087359
v 0.01685534 -0.01990913 0.04972858
v 0.01272962 -0.02047957 0.05272992
v 0.01138655 -0.01881559 0.05499649
v 0.01460145 -0.01858065 0.05494441
v -0.00837843 -0.01418260 0.06265277
v -0.01047495 -0.01421568 0.06462576
v -0.01235062 -0.01421408 0.06284037
v -0.00998408 -0.01462884 0.06109676
v -0.00528880 -0.01395648 0.05705499
v -0.00630295 -0.01589362 0.05808892
v -0.00460110 -0.01327658 0.06015427
v -0.01143271 -0.01329158 0.05518752
v -0.01116222 -0.01421499 0.05396122
v -0.00913672 -0.01076000 0.05397508
v -0.00943276 -0.01044179 0.05384693
v 0.01642258 -0.01632826 0.05645624
v 0.00463836 -0.01753385 0.06311933
v 0.00593355 -0.01646334 0.06518883
v 0.01058350 0.01522966 0.04852510
v 0.01349885 0.01171441 0.04553843
v 0.01057761 0.01227083 0.05048997
v 0.01340309 0.00911058 0.04742993
v 0.01569098 -0.01405325 0.05991676
v 0.01753600 -0.01185411 0.05850333
v 0.01292281 -0.01298791 0.06371427
v 0.01388118 -0.01011615 0.06334766
v 0.00449554 0.03025627 0.04660486
v 0.00238064 -0.02084993 0.05888229
v 0.00283514 -0.02145238 0.05861527
v 0.00207837 -0.01942723 0.06049918
v 0.02199122 0.09454960 -0.13135950
v 0.02243089 0.10695010 -0.12031324
v 0.02126192 0.11990740 -0.09776291
v 0.01884522 0.12400351 -0.08562302
v 0.00639304 -0.03902351 0.06207114
v 0.00596654 -0.03604048 0.06208802
v 0.01341853 -0.04451689 0.04603941
v 0.00825257 -0.04473577 0.04731841
v 0.00816921 -0.04571269 0.05052886
v 0.01356327 -0.04577968 0.04936640
v 0.01710277 -0.04555252 0.04775234
v 0.01763298 -0.04437027 0.04438104
v 0.01346986 -0.04310346 0.04352878
v 0.00812008 -0.04322917 0.04429099
v 0.01304727 -0.04665440 0.05521897
v 0.00776410 -0.04643050 0.05719861
v 0.00726444 -0.04449940 0.05970664
v 0.01270564 -0.04484190 0.05724660
v 0.01921615 -0.02423218 0.04869369
v 0.01533753 -0.02363333 0.05147227
v 0.01099609 -0.02361084 0.05499286
v 0.00752865 -0.02382036 0.05740334
v 0.00670620 -0.02167472 0.05715352
v 0.00937589 -0.02108132 0.05518804
v 0.00633564 -0.02073618 0.05712805
v 0.00893903 -0.02029085 0.05535738
v 0.00871701 -0.01971817 0.05566778
v 0.00914629 -0.01910730 0.05580020
v 0.00730474 -0.01901353 0.05705459
v 0.00783169 -0.01845285 0.05688483
v 0.00616682 -0.02002707 0.05721648
v 0.00458577 0.00566931 0.06332675
v 0.00454964 0.00943575 0.06036120
v 0.01072662 -0.03431537 0.06009987
v 0.00576405 -0.03373017 0.06140835
v 0.00499548 -0.02956066 0.05985569
v 0.00954819 -0.02961885 0.05877964
v 0.01421426 -0.03043997 0.05645264
v 0.01592458 -0.03608119 0.05757649
v 0.00328645 -0.02234252 0.05852001
v 0.01106871 -0.03676378 0.06031483
v 0.01145808 -0.03947020 0.06009391
v 0.01634372 -0.03859965 0.05763349
v 0.01654967 -0.04095406 0.05724318
v 0.02071193 -0.03870260 0.05441013
v 0.01966148 -0.03244094 0.05362458
v 0.02543019 -0.03462957 0.05035021
v 0.02461426 -0.04138007 0.05123485
v 0.03231150 -0.04469750 0.04617631
v 0.02733503 -0.04711032 0.04734905
v 0.02741821 -0.04571478 0.04769495
v 0.02720112 -0.04443146 0.04843492
v 0.03151696 -0.04142788 0.04703567
v 0.03577771 -0.04394164 0.04431182
v 0.03448910 -0.03914985 0.04503201
v 0.02945251 -0.03816853 0.04829120
v 0.02652211 -0.04309778 0.04941979
v 0.02610918 -0.04597829 0.04808167
v 0.02507648 -0.04627247 0.04807864
v 0.02585409 -0.04524610 0.04870339
v 0.02485153 -0.04587951 0.04855460
v 0.02536615 -0.04459519 0.04956633
v 0.02442674 -0.04556813 0.04919262
v 0.02347255 -0.04498084 0.05033282
v 0.02413980 -0.04350525 0.05099005
v 0.02305119 -0.04627980 0.04686186
v 0.02207517 -0.04646893 0.04762425
v 0.02213782 -0.04653671 0.04868303
v 0.02303347 -0.04648055 0.04770613
v 0.02375597 -0.04618189 0.04620318
v 0.02356781 -0.04640026 0.04728214
v 0.02404477 -0.04624004 0.04248033
v 0.02349580 -0.04587919 0.04300161
v -0.04741076 -0.08535343 -0.02353922
v -0.05673805 -0.08327945 -0.03760037
v 0.02418107 -0.04604523 0.04568014
v 0.02425444 -0.04627180 0.04667775
v 0.02419586 -0.04644965 0.04785765
v 0.02405109 -0.04626504 0.04803518
v 0.02359060 -0.04619740 0.04854461
v 0.02272880 -0.04601000 0.04946871
v 0.01659533 -0.04317371 0.05624874
v 0.02020753 -0.04294457 0.05402432
v 0.01990306 -0.04474959 0.05281971
v 0.01651947 -0.04557574 0.05458379
v 0.01956014 -0.04617590 0.05153573
v 0.01818065 -0.04300375 0.04159269
v 0.01650830 -0.04674027 0.05273309
v 0.02147051 -0.04461000 0.04176841
v 0.02242013 -0.04349864 0.03911293
v 0.02064614 -0.04557441 0.04513355
v 0.02476006 -0.04607357 0.03959184
v 0.02420112 -0.04534682 0.03987308
v 0.02635376 -0.04580561 0.03645189
v 0.02542170 -0.04448613 0.03716384
v 0.01956458 -0.04659029 0.05003155
v 0.02057165 -0.04102498 0.05446381
v 0.01195831 -0.04206000 0.05895078
v 0.00674333 -0.04170254 0.06110537
v -0.03482446 0.00699289 0.03662447
v -0.03397636 0.00380265 0.03720320
v -0.02990139 0.00515322 0.03815656
v -0.03090390 0.00794451 0.03772745
v 0.00521882 -0.00269675 0.06970295
v 0.00495895 0.00188067 0.06636305
v 0.02362048 -0.04651716 0.04850087
v 0.01054678 -0.12750827 0.00099570
v -0.07650305 -0.00874579 -0.04600332
v -0.07570621 -0.00798852 -0.04503359
v -0.08346097 0.01256382 -0.06664938
v 0.02653129 -0.04841023 0.04765978
v 0.02491670 -0.05194873 0.03873334
v 0.02361800 -0.04855769 0.04183951
v 0.03200652 -0.05790260 0.04445228
v 0.02726109 -0.06197885 0.04755034
v 0.02533074 -0.05773630 0.04946144
v 0.02910764 -0.05459256 0.04667344
v 0.02265957 -0.05151814 0.05166159
v 0.02511725 -0.04980245 0.04905741
v -0.08679140 0.01493631 -0.06411351
v 0.02387269 -0.04850328 0.04975219
v 0.02147963 -0.04936178 0.05228161
v 0.02054841 -0.04762182 0.05256348
v 0.02294138 -0.04734814 0.04989325
v 0.01878453 -0.04441577 0.05154063
v 0.01447066 -0.04334981 0.05435196
v 0.01391297 -0.04782460 0.04903333
v 0.01846476 -0.04845795 0.04646979
v 0.02262707 -0.04855094 0.04327475
v 0.02200436 -0.04534961 0.04780281
v -0.08390962 0.01867624 -0.06198360
v -0.08376654 0.02007874 -0.05747486
v -0.08186966 0.01886764 -0.05675204
v -0.08201024 0.01708320 -0.06055725
v 0.01926798 -0.04498701 0.05217103
v 0.02221093 -0.04563059 0.04916167
v 0.01483753 -0.04404537 0.05550648
v 0.02134745 -0.12409010 -0.00530588
v 0.02247960 -0.04632716 0.04970467
v 0.01972076 -0.04594896 0.05231445
v 0.01538948 -0.04550906 0.05603712
v 0.01635287 -0.04784667 0.05651527
v 0.01740902 -0.05036196 0.05675905
v 0.01830928 -0.05334428 0.05602787
v 0.01995393 -0.06075034 0.05298877
v 0.02121270 -0.06596513 0.05134864
v 0.01391813 -0.06243421 0.05573655
v 0.01465330 -0.06769945 0.05490188
v 0.01310200 -0.05475182 0.05979977
v 0.01250552 -0.05096017 0.06099400
v 0.01168852 -0.04783751 0.06047428
v 0.01101052 -0.04512997 0.05940878
v 0.00395794 -0.02411452 0.05850705
v 0.00594999 -0.01878654 0.05827536
v 0.00472504 -0.01817686 0.06044467
v 0.00839395 -0.01493947 0.06605949
v 0.00194767 -0.01858699 0.06289312
v 0.01126614 -0.01329151 0.06544906
v 0.00934038 -0.01379518 0.06694879
v 0.00988533 -0.01214406 0.06774946
v 0.01123672 -0.01142856 0.06659285
v 0.00766987 -0.01438063 0.06822002
v 0.00895673 -0.01241141 0.06872727
v 0.00319992 -0.01526351 0.07004093
v 0.00415338 -0.01194230 0.07199468
v 0.00517259 -0.00640104 0.07174050
v 0.00463023 -0.00977066 0.07240804
v 0.01030861 -0.01053955 0.06816351
v 0.01163280 -0.00858623 0.06640473
v -0.09092962 0.01454518 -0.06206992
v 0.01176198 -0.00530981 0.06427751
v 0.01446503 -0.00718036 0.06085708
v 0.00925362 0.12841842 -0.04310542
v 0.01045391 -0.04333150 0.05854932
v 0.00973113 -0.04254791 0.05675399
v -0.07602862 -0.02181298 -0.04629240
v -0.08351799 0.00449456 -0.05907942
v 0.01359625 -0.05911132 0.04202214
v 0.01374212 -0.05406116 0.04444858
v 0.00885670 -0.05407143 0.04622008
v -0.08328393 0.02051408 -0.05511775
v -0.08639097 0.02171401 -0.05561390
v 0.00860329 -0.05918426 0.04405654
v 0.00574276 -0.04217636 0.05795795
v -0.08857545 -0.00588016 -0.06719029
v -0.09139658 0.01327143 -0.06376279
v -0.09008156 0.01177404 -0.06295343
v -0.08459773 0.01270470 -0.05101403
v -0.07790993 -0.01217388 -0.06174160
v -0.08330755 -0.01193647 -0.05880755
v -0.08181696 -0.01464070 -0.05811493
v -0.07724662 -0.01403456 -0.06137404
v -0.07603366 -0.00004275 -0.05574142
v 0.00547514 -0.04704358 0.05175469
v 0.00923148 -0.04719776 0.05085390
v 0.00588027 -0.04305337 0.05980505
v 0.00627804 -0.04490965 0.06103318
v 0.00680005 -0.04781621 0.06254322
v 0.00528411 -0.05397435 0.04696453
v 0.00497595 -0.05951929 0.04492446
v -0.07260561 -0.01674386 -0.03818374
v 0.02339800 -0.05322162 0.03991385
v -0.08036688 -0.02731003 -0.05148365
v -0.08122960 -0.02619648 -0.05394505
v -0.03153883 -0.03499780 -0.11700314
v -0.03508101 -0.02380984 -0.12333904
v -0.09059305 -0.00618762 -0.07032537
v 0.02426795 -0.05737313 0.03768668
v 0.01871130 -0.05451832 0.04257145
v 0.01905415 -0.05814337 0.04029648
v 0.00829040 -0.06817099 0.05762949
v 0.00768257 -0.06307419 0.05761028
v 0.00727546 -0.05148175 0.06311204
v 0.00735591 -0.05579827 0.06178339
v 0.02224496 0.11466092 -0.10962318
v 0.06046936 0.07439231 -0.00732461
v 0.05852613 0.06786475 -0.00029160
v -0.08410729 0.01725978 -0.05807608
v 0.05185620 0.07494016 0.00609359
v 0.05390458 0.08019219 -0.00014231
v 0.06123865 0.08250986 -0.01503035
v 0.05461039 0.08710007 -0.00735050
v 0.03898282 0.12095016 -0.06171416
v 0.03929080 0.12005713 -0.04780926
v 0.02026781 0.12584072 -0.04431831
v 0.03407987 0.12121283 -0.07534114
v 0.04662941 0.11306412 -0.08450347
v 0.04852474 0.11553023 -0.06548173
v 0.04814335 0.11510406 -0.05053117
v -0.07773484 -0.02225102 -0.04719146
v -0.07786606 -0.02759336 -0.04475937
v -0.07655935 -0.02675048 -0.04323220
v -0.08049284 0.00733672 -0.05635228
v 0.02635661 -0.08760975 -0.10779228
v 0.05268096 0.04272757 -0.12896293
v 0.04660787 0.11384869 -0.03707292
v 0.03840980 0.11797381 -0.03441740
v 0.03773015 0.11462732 -0.02246989
v 0.04510146 0.11132532 -0.02574056
v 0.02002065 0.12316938 -0.03026599
v 0.00917429 0.12531042 -0.02861523
v 0.01871108 0.00522584 -0.14321537
v 0.00468628 0.01322008 0.05769727
v 0.04763308 -0.05071675 -0.09080228
v 0.05716332 -0.05106717 -0.07300556
v 0.06013746 -0.10378699 -0.04927997
v 0.07041484 -0.02790393 -0.05404919
v 0.07002415 -0.02719587 -0.05470643
v 0.05980770 -0.06580534 -0.05382816
v 0.06048378 -0.05171449 -0.05476182
v 0.03797148 -0.04974395 -0.10237999
v 0.07889596 -0.01669522 -0.06463118
v 0.07953649 -0.01313082 -0.06583182
v 0.08033942 -0.01753428 -0.06414164
v 0.08090451 -0.01357153 -0.06549707
v 0.08104864 -0.00936897 -0.06616724
v 0.08112058 -0.01925304 -0.06320305
v 0.07856312 0.01742043 -0.05428360
v 0.08041082 0.01889103 -0.05317820
v -0.07799458 -0.01775766 -0.06384170
v -0.07788227 -0.01560732 -0.06509377
v 0.06993087 -0.02926221 -0.04977216
v 0.06977312 -0.02855798 -0.05147599
v -0.06689731 -0.00678895 -0.05317355
v 0.06913844 -0.02888138 -0.05078815
v 0.06900313 -0.02934765 -0.04938728
v 0.06980141 -0.03018972 -0.04813159
v 0.06887164 -0.02993746 -0.04824689
v 0.07764690 0.03465311 -0.04673853
v 0.06761008 -0.02930101 -0.05203891
v 0.06916879 -0.02759056 -0.05440136
v 0.06927503 -0.02803339 -0.05285414
v 0.06874992 -0.02876829 -0.05151009
v 0.06856295 -0.02971708 -0.04952911
v 0.06856719 -0.03063388 -0.04781299
v 0.06909243 -0.03133707 -0.04706364
v -0.08024067 -0.02374467 -0.06142577
v -0.07661376 -0.02876190 -0.05559516
v -0.05980287 -0.08003302 -0.05195622
v -0.05738943 -0.07755342 -0.06734991
v -0.05835742 -0.08922630 -0.06514028
v -0.06024905 -0.09303365 -0.05006798
v -0.07358319 -0.00323151 -0.03953176
v -0.07364867 -0.01015669 -0.04194652
v -0.07349584 -0.01137354 -0.04007827
v 0.08161046 -0.02033358 -0.06342752
v 0.07456970 -0.03066713 -0.05205688
v -0.02441786 -0.10463137 0.00109452
v -0.02177539 -0.11758071 -0.00203281
v 0.07727202 0.01052688 -0.05946621
v 0.07740776 0.00859450 -0.06108588
v 0.08002213 0.01012208 -0.06222572
v 0.07983302 0.01232718 -0.06087169
v 0.05899382 -0.01201582 -0.10406257
v 0.06129046 -0.00081595 -0.10869708
v 0.01257507 -0.08546771 -0.11220968
v 0.01251833 -0.07232203 -0.11227578
v 0.07591216 0.03202474 -0.09325957
v 0.07727849 0.01212217 -0.05821576
v 0.07992253 0.01410237 -0.05959411
v 0.07988416 -0.00911627 -0.06622780
v 0.07547235 0.01181686 -0.05852310
v 0.07576311 0.01000417 -0.05980978
v 0.08126623 0.01578113 -0.06109744
v 0.08111905 0.01379412 -0.06250626
v 0.08103033 0.01142197 -0.06376158
v 0.07606809 0.00800009 -0.06117247
v -0.07227551 -0.01601402 -0.03478760
v -0.07060648 -0.01631314 -0.02336603
v -0.07206609 -0.00052343 -0.02364793
v -0.07241718 -0.00608297 -0.03425648
v 0.07844836 0.01562821 -0.05995590
v 0.07978489 0.06309376 -0.06962452
v 0.07927959 0.05723976 -0.08337248
v 0.07614232 0.08008619 -0.07289124
v 0.07545768 0.07518509 -0.08783992
v 0.07116482 0.06929202 -0.10347136
v 0.07471740 0.05019921 -0.09908210
v 0.07862994 0.01732623 -0.05463672
v 0.08128957 0.01985518 -0.05348144
v 0.06189637 0.08915299 -0.02235025
v 0.06722459 0.08444479 -0.02931169
v 0.05491707 0.09320279 -0.01397912
v 0.05490223 0.09872445 -0.02019597
v 0.06142942 0.09549317 -0.02888140
v 0.06897092 0.08901884 -0.04076895
v 0.07880623 0.05369676 -0.05524229
v 0.07764170 0.06839188 -0.05582323
v 0.07414050 0.07220279 -0.04258473
v -0.05970354 0.03080895 0.01321779
v -0.06134228 0.03088960 0.00870985
v -0.06184664 0.02171287 0.00879214
v -0.05973279 0.02323245 0.01261419
v 0.07369424 0.08478802 -0.05757371
v 0.06489901 0.09831741 -0.04667262
v 0.06883205 0.09491909 -0.06100320
v 0.05792842 0.10691530 -0.05018935
v 0.06026752 0.10516163 -0.06468086
v 0.06031359 0.10270745 -0.08042786
v 0.07071383 0.09111142 -0.07601427
v 0.05973314 0.10118615 -0.03464127
v 0.05343607 0.10373422 -0.02518628
v 0.05479448 0.10771522 -0.03777491
v 0.05128789 0.10793401 -0.02940221
v 0.07177895 0.07363579 -0.03565013
v 0.06391156 -0.03503785 -0.04809824
v 0.06607772 -0.03555325 -0.04302652
v -0.01977483 0.08537550 0.02717341
v -0.01006705 0.08646113 0.02915800
v -0.01018571 0.09339858 0.02418819
v -0.02012811 0.09230392 0.02194116
v 0.07049155 -0.02477625 -0.03510000
v -0.03693759 -0.01534275 -0.12704681
v -0.03870307 -0.00462741 -0.13118602
v -0.01892181 -0.00760336 -0.13828216
v -0.01788004 -0.01750587 -0.13362692
v 0.06839216 0.00027187 -0.00105357
v 0.06801893 0.01265315 -0.00371175
v 0.07153939 0.00478486 -0.01398070
v 0.07013716 -0.00980797 -0.01223363
v -0.02058359 0.10992239 0.00187878
v -0.01040075 0.11132758 0.00414720
v -0.01056363 0.11669277 -0.00514131
v -0.02094245 0.11502447 -0.00710577
v -0.05285462 0.00382103 0.02692736
v -0.05445375 -0.00232251 0.02701299
v -0.05072927 -0.00279305 0.03038582
v -0.04961498 0.00355908 0.02979904
v 0.06610679 0.02629878 -0.00545144
v 0.06983522 0.01876724 -0.01561762
v 0.07034511 0.03382944 -0.01761445
v 0.06597067 0.04088064 -0.00594709
v 0.06252488 0.06389594 -0.11837653
v 0.06480499 0.04683694 -0.11659409
v -0.07767953 -0.03177622 -0.04136709
v -0.07672199 -0.03071427 -0.04023716
v 0.06529334 0.03373118 -0.11514251
v 0.04620979 0.05643888 0.02314680
v -0.01075586 0.12137681 -0.01618248
v -0.02140715 0.11951920 -0.01779514
v 0.02171906 0.08547945 -0.13764974
v 0.04423150 0.07880319 0.01284018
v 0.05457873 0.08465484 -0.11828869
v -0.00072465 -0.07074814 -0.11372757
v 0.04151620 0.09079542 -0.12466425
v 0.07020732 0.08647819 -0.09082649
v 0.06721366 0.08140443 -0.10395875
v 0.05936094 0.07510795 -0.11859594
v 0.06433724 0.01712404 -0.11355881
v 0.04547935 0.10708743 -0.01862333
v 0.05649496 0.02493274 0.01855668
v 0.05562600 0.02035639 0.01778286
v 0.05688834 0.02973144 0.01997380
v 0.05379536 0.01542617 0.01969051
v 0.01672120 0.00832865 0.04304153
v 0.01638795 0.00593759 0.04475819
v 0.01587962 0.00326573 0.04660894
v 0.01960471 0.00311912 0.04245564
v 0.01889999 -0.00004175 0.04401160
v 0.01272530 0.00320473 0.05175321
v 0.01311880 0.00622610 0.04955265
v 0.01531293 0.00054524 0.04831264
v 0.01532554 -0.00255599 0.05016565
v 0.01282343 0.00020470 0.05426649
v 0.01965370 -0.01541153 0.04645903
v 0.01996321 -0.01043332 0.04425995
v 0.01770025 -0.00617123 0.04654549
v 0.02241870 -0.00302669 0.04228030
v 0.02131831 -0.00643533 0.04325936
v 0.01806716 -0.00284646 0.04518386
v 0.02365507 0.00039029 0.04065771
v 0.01688476 -0.00599711 0.05296434
v 0.01815033 -0.00968915 0.05617901
v 0.01354203 -0.00342818 0.05762932
v 0.01118201 -0.00166219 0.06085822
v 0.01072785 0.00221745 0.05757880
v 0.02020546 0.00565962 0.04099636
v 0.02466548 0.00319352 0.03940450
v 0.02478409 -0.00992112 0.04249142
v 0.02906685 -0.01319476 0.04201989
v 0.02679342 -0.00557728 0.04108366
v 0.03080875 -0.00826172 0.04045380
v 0.02787099 -0.00201123 0.03968312
v 0.03200205 -0.00447582 0.03882125
v 0.03266083 -0.01750582 0.04163660
v 0.03597031 -0.02152580 0.04093933
v 0.03886744 -0.02729256 0.04007506
v 0.03868758 -0.01635682 0.03882044
v 0.04220645 -0.02189214 0.03727532
v 0.04068763 -0.01086286 0.03669187
v 0.04462976 -0.01643732 0.03497762
v -0.01280738 0.01455837 0.04382420
v -0.01318577 0.01667308 0.04131902
v -0.01697142 0.01321237 0.04008804
v -0.01644552 0.01091017 0.04170828
v -0.00774555 0.06036703 0.04163778
v -0.00857766 0.06721835 0.03776252
v -0.01728042 0.06686585 0.03654667
v -0.01615458 0.06020530 0.04099916
v 0.03512207 -0.01172049 0.03961862
v 0.03668049 -0.00755289 0.03781402
v 0.03326995 -0.00071398 0.03743475
v 0.02915520 0.00135932 0.03841289
v 0.04214318 0.00049472 0.03407373
v 0.04173280 -0.00533748 0.03520079
v 0.03759471 -0.00286911 0.03634936
v 0.03832674 0.00195921 0.03531235
v 0.04658883 -0.00920722 0.03317418
v 0.04662370 -0.00133666 0.03238518
v 0.04601944 0.00393446 0.03150377
v 0.03271840 0.01137446 0.03647830
v 0.02772577 0.01215129 0.03723145
v 0.03622792 0.01106455 0.03539445
v 0.04217286 0.00483470 0.03339986
v 0.03888192 0.00568390 0.03480315
v 0.04980931 0.01128145 0.02570751
v 0.04770010 0.01068870 0.02807750
v 0.04228092 0.01058282 0.03239899
v 0.03949270 0.01076181 0.03397949
v 0.04515727 0.01056248 0.03036163
v 0.02329712 0.01391672 0.03722530
v 0.01871558 0.01618826 0.03733065
v 0.05611597 -0.06417972 -0.07006704
v 0.01036864 0.00561860 0.05507763
v 0.01043701 0.00895651 0.05259338
v 0.01565964 0.03273737 0.03850568
v 0.01377903 0.02980021 0.03778997
v 0.00786300 0.03012952 0.04402830
v 0.01938455 0.03689524 0.04082780
v 0.01558212 0.01902056 0.03723555
v -0.02148604 0.01079137 0.03924114
v -0.02051986 0.00848158 0.04021098
v 0.01377045 0.02153298 0.03704612
v 0.01284398 0.02379793 0.03711876
v 0.01257674 0.02690060 0.03750720
v -0.01023705 0.09984750 0.01819867
v -0.02033551 0.09869993 0.01582832
v -0.02099873 0.12668818 -0.06633084
v -0.02136973 0.12663268 -0.05821544
v -0.01037625 0.12935047 -0.05856909
v -0.01150204 0.12877026 -0.07078721
v 0.03004170 0.04894352 0.04172053
v 0.02683874 0.04294904 0.04364485
v 0.05588749 0.06115264 0.00815451
v 0.05976738 0.05302994 0.00469372
v 0.05058845 0.04370303 0.02711440
v 0.05399771 0.03980315 0.02427125
v 0.05609635 0.03489131 0.02171751
v 0.06207183 0.04180681 0.00223128
v 0.06331248 0.02946456 0.00184494
v 0.06474252 0.01802468 0.00286646
v -0.07024814 -0.00115068 -0.09219292
v -0.07331952 -0.00263847 -0.07691711
v -0.07602075 0.00938893 -0.07810758
v -0.07407726 0.01548483 -0.09448709
v 0.04630542 0.09091932 0.00052482
v -0.03441757 -0.09790830 -0.00990699
v -0.03259580 -0.11062637 -0.01274660
v -0.00090068 -0.08440752 -0.11342421
v 0.04632998 0.09686145 -0.00572148
v 0.04575571 0.08458869 0.00702189
v 0.03727611 0.11021992 -0.01355110
v 0.03723035 0.10546185 -0.00572067
v 0.04609486 0.10228850 -0.01203652
v 0.03758962 0.09999596 0.00094205
v 0.03785210 0.09406158 0.00706926
v 0.03733725 0.08784603 0.01355442
v 0.03621641 0.08179820 0.01921243
v 0.03473115 0.07349386 0.02546676
v 0.04685821 -0.06358261 -0.08843695
v 0.00786558 -0.00823938 0.05354885
v 0.00744471 -0.00841228 0.05398077
v -0.05175104 0.05174521 0.01931409
v -0.05340155 0.05635227 0.01459290
v -0.05681124 0.04966239 0.01132438
v -0.05525136 0.04610826 0.01653499
v 0.00766832 -0.00824206 0.05331620
v 0.00714563 -0.00834644 0.05378317
v 0.00751654 -0.00855631 0.05383833
v 0.00743280 -0.01688109 0.05624728
v 0.00639901 -0.01490690 0.05532733
v 0.00689486 -0.01105142 0.05472289
v 0.06985331 -0.03144066 -0.03727936
v -0.00629168 0.04929087 0.04638916
v -0.01383269 0.04909757 0.04615451
v -0.01203928 0.04337682 0.04643625
v -0.00564446 0.04338326 0.04690263
v -0.05971581 0.01568629 0.01317155
v -0.06232672 0.01272957 0.01048471
v -0.06132385 0.00483306 0.01566454
v -0.05853181 0.00854276 0.01772497
v -0.05534687 0.00482035 0.02388344
v -0.05751904 -0.00098739 0.02354443
v -0.01875078 0.07599717 0.03299464
v -0.00935781 0.07679111 0.03434911
v -0.05956107 0.04067740 0.00911628
v -0.05812223 0.03878203 0.01447494
v -0.01003483 0.01781219 0.04597652
v -0.01071437 0.01954421 0.04280310
v -0.00814254 0.02351480 0.04424458
v -0.00410127 0.02307831 0.04997334
v -0.00401656 0.02698598 0.04772057
v -0.00753832 0.02702545 0.04450417
v -0.03317111 0.05959902 0.03412802
v -0.03418805 0.06580766 0.02974596
v -0.04132781 0.06454369 0.02478608
v -0.04015896 0.05857951 0.02893362
v -0.02045516 0.10443909 0.00932578
v -0.01028995 0.10568602 0.01168292
v -0.00463416 0.03626711 0.04623654
v -0.00918376 0.03645783 0.04480551
v -0.00823557 0.03290672 0.04408230
v -0.00443352 0.03300547 0.04611859
v -0.02526649 0.00655918 0.03916798
v -0.02617554 0.00903313 0.03860193
v -0.06702872 -0.03109233 -0.04760127
v -0.06907493 -0.03236040 -0.04617296
v -0.07399993 0.01489764 -0.03671039
v -0.07288610 0.00443553 -0.03503302
v -0.07270151 0.01236770 -0.02452080
v -0.07256910 0.02514710 -0.02659387
v -0.07460899 0.03761934 -0.03003534
v -0.07565893 0.04556374 -0.03487093
v -0.07723150 0.02934638 -0.04224346
v -0.07563279 0.02368294 -0.03879792
v -0.05409912 -0.08661411 -0.07861222
v -0.05147576 -0.07620952 -0.08201088
v -0.00427766 0.01982220 0.05266229
v -0.00422889 0.01655260 0.05524714
v -0.02081725 0.03528537 -0.14799830
v -0.02034984 0.02142336 -0.14662156
v -0.04080231 0.02558967 -0.13816795
v -0.04098747 0.03881321 -0.13910413
v -0.06722055 -0.01185154 -0.08868758
v -0.07075872 -0.01133763 -0.07445595
v -0.01047733 -0.01252084 0.05703918
v -0.00731202 -0.00803214 0.05341512
v -0.00805590 -0.01099487 0.05437202
v -0.00729995 -0.00805263 0.05342446
v -0.01131636 -0.01498780 0.05904864
v -0.01413027 -0.01490587 0.06033886
v -0.00853003 -0.01536720 0.05350028
v -0.00750739 -0.01528367 0.05399058
v -0.00737123 -0.01079149 0.05462084
v -0.00759775 -0.00800728 0.05349566
v -0.00189512 -0.01768713 0.06563074
v -0.00253519 -0.01619528 0.06859796
v -0.00677471 -0.01513850 0.06751680
v -0.00512107 -0.01669546 0.06543121
v -0.00645694 -0.00805091 0.05415042
v -0.00553894 -0.01064069 0.05571666
v -0.00549839 -0.01251460 0.06144743
v -0.00719683 -0.00980627 0.05726296
v -0.00686197 -0.00829208 0.05459919
v -0.00750680 -0.01219747 0.06055826
v -0.00626744 -0.01786881 0.05841100
v -0.00902314 -0.01225640 0.05903173
v -0.07936557 -0.01924227 -0.05357640
v -0.05812849 -0.06482913 -0.03316077
v -0.06270747 -0.05042754 -0.04100554
v -0.06209172 -0.05130346 -0.04624387
v -0.05946577 -0.06694852 -0.04196627
v -0.08187604 0.00683900 -0.05748384
v -0.06529436 0.05669606 -0.00538929
v -0.06716935 0.06800875 -0.01436716
v -0.07269391 0.05692267 -0.02598201
v -0.07212932 0.04674219 -0.02147862
v -0.06777818 0.07784408 -0.02192939
v -0.07312021 0.06755942 -0.03279194
v -0.07648847 0.05579830 -0.04235525
v -0.07909384 0.03522756 -0.05568831
v -0.04297004 0.02001822 0.03244583
v -0.04315742 0.01985091 0.03259932
v -0.04160920 0.01963540 0.03393552
v -0.04165174 0.01971125 0.03377668
v -0.04253671 0.02005925 0.03182389
v -0.04107801 0.01965974 0.03289505
v -0.04348614 0.02047174 0.03079898
v -0.04395874 0.02022675 0.03133634
v -0.04415493 0.02002873 0.03145365
v -0.02551276 0.02153330 0.03626662
v -0.02628053 0.02165223 0.03560528
v -0.02898817 0.02064463 0.03549606
v -0.02819783 0.02072726 0.03685690
v -0.02523873 0.02121066 0.03661391
v -0.02805261 0.02038264 0.03722481
v -0.02946967 0.02322113 0.02960202
v -0.02891375 0.02354448 0.02959978
v -0.03026423 0.02286344 0.02958767
v -0.02350465 0.02329235 0.03398535
v -0.02355663 0.02424373 0.03389970
v -0.02854194 0.02432785 0.02960129
v -0.02850910 0.02382732 0.02956255
v -0.02393816 0.02276898 0.03422327
v -0.02226175 0.02281453 0.03434887
v -0.02117682 0.02312881 0.03384256
v -0.02111794 0.02449946 0.03382073
v -0.03336759 0.01920191 0.03710138
v -0.03352413 0.01838101 0.03709597
v -0.02870790 0.01876858 0.03742549
v -0.02831871 0.01970136 0.03738565
v -0.03322691 0.01973197 0.03698129
v -0.03663602 0.01977391 0.03595786
v -0.03670008 0.01927621 0.03607133
v -0.03672461 0.01846031 0.03599753
v -0.02531264 0.01978950 0.03724419
v -0.02523662 0.02075133 0.03697068
v -0.03665528 0.01772532 0.03596146
v -0.03368654 0.01767552 0.03693723
v -0.02888603 0.01805074 0.03737872
v -0.02531301 0.01931406 0.03733999
v -0.02250062 0.02067384 0.03677764
v -0.02364722 0.02091057 0.03677721
v -0.03362091 0.01681346 0.03669396
v -0.03364035 0.01593439 0.03658375
v -0.02875228 0.01632589 0.03729079
v -0.02884774 0.01721442 0.03726113
v -0.03659544 0.01687102 0.03561588
v -0.03658207 0.01590227 0.03546316
v -0.04524581 0.01990869 0.02972968
v -0.04580456 0.02033706 0.02882000
v -0.04572691 0.01971661 0.02891212
v -0.04535674 0.01937319 0.02938188
v -0.04810052 0.01655815 0.02602974
v -0.04909632 0.01775845 0.02521969
v -0.05051147 0.01693350 0.02351958
v -0.04945067 0.01560757 0.02491942
v -0.05735437 0.00630904 0.02057730
v -0.05169123 0.01243309 0.02402938
v -0.05301881 0.01380525 0.02181218
v -0.04474393 0.01983661 0.03052073
v -0.04412263 0.01964908 0.03146468
v -0.04473832 0.02012138 0.03051481
v -0.04522308 0.02035866 0.02958077
v -0.04487508 0.01908430 0.03018366
v -0.04415447 0.01896373 0.03124054
v -0.04318024 0.01953223 0.03260563
v -0.04322404 0.01881821 0.03247225
v -0.04161509 0.01858864 0.03384404
v -0.04156731 0.01937279 0.03396269
v -0.03953952 0.01933204 0.03502300
v -0.03982665 0.01970853 0.03487682
v -0.03953560 0.01847558 0.03493016
v -0.04163710 0.01785084 0.03353400
v -0.03953766 0.01774301 0.03473791
v -0.04316118 0.01803067 0.03205395
v -0.04417576 0.01829157 0.03077681
v -0.04497431 0.01854070 0.02966245
v -0.04568547 0.01881835 0.02888569
v -0.04619034 0.01936534 0.02833502
v -0.04534721 0.01786371 0.02906318
v -0.04605212 0.01698818 0.02823593
v -0.04473973 0.01663798 0.02958089
v -0.04434932 0.01758762 0.03025187
v -0.04626211 0.01824180 0.02817339
v -0.04710123 0.01745627 0.02715366
v -0.04325035 0.01736400 0.03152545
v -0.04332402 0.01648916 0.03104558
v -0.04147522 0.01618495 0.03269696
v -0.04155826 0.01708035 0.03316762
v -0.03873286 0.01711301 0.03431746
v -0.03876671 0.01607689 0.03393343
v -0.03316041 0.01984998 0.03675044
v -0.03301129 0.02000333 0.03518608
v -0.03642517 0.01973694 0.03453695
v -0.03662544 0.01976109 0.03569414
v -0.03984636 0.01965461 0.03472499
v -0.03922000 0.01952063 0.03379858
v -0.03614002 0.01943570 0.03342760
v -0.03432878 0.02189011 0.02922982
v -0.03535670 0.02188151 0.02880249
v -0.03885908 0.01935351 0.03270422
v -0.03305769 0.01983627 0.03397688
v -0.03288758 0.02202804 0.02954732
v -0.02975466 0.02070172 0.03413391
v -0.03141451 0.02244710 0.02958832
v -0.02699903 0.02149483 0.03461958
v -0.03482907 0.03194069 0.03728110
v -0.03452027 0.03192692 0.03770132
v -0.04043148 0.03095959 0.03652972
v -0.04002578 0.03086045 0.03620558
v -0.05157562 -0.00115193 -0.12065739
v -0.05292170 0.01398539 -0.12587249
v -0.04040019 0.00936119 -0.13551903
v -0.04208550 0.02849210 0.03511058
v -0.04209282 0.02941149 0.03499945
v -0.04446997 0.02809020 0.03303865
v -0.04426663 0.02723885 0.03305368
v -0.04205221 0.02747203 0.03529935
v -0.04394566 0.02616849 0.03317792
v -0.03935297 0.02878666 0.03736749
v -0.03949086 0.02989361 0.03717553
v -0.03953171 0.03065270 0.03670554
v -0.04314805 0.02500315 0.02901093
v -0.04242697 0.02593255 0.02972153
v -0.04307253 0.02560200 0.03112508
v -0.04402951 0.02484533 0.02985712
v -0.04380411 0.02438482 0.02839854
v -0.04463980 0.02422352 0.02899308
v -0.03837006 0.02428477 0.02675553
v -0.03805359 0.02461491 0.02704869
v -0.03756254 0.02505919 0.02749825
v -0.03852328 0.02398346 0.02659527
v -0.03857480 0.02364880 0.02652220
v -0.03858073 0.02334204 0.02653462
v -0.03848063 0.02304203 0.02667790
v -0.05916838 -0.00953107 0.02078914
v -0.05965251 0.00117141 0.01975205
v -0.06167540 -0.00689885 0.01652560
v -0.04451454 0.02041277 0.03034025
v -0.04504668 0.02073789 0.02945391
v -0.04402683 0.02072726 0.02990383
v -0.04455171 0.02106962 0.02916668
v -0.04562135 0.02125264 0.02858875
v -0.04592030 0.02096057 0.02854002
v -0.04193782 0.01999981 0.03107788
v -0.03737808 0.02203113 0.02799166
v -0.03780901 0.02222922 0.02760008
v -0.04269964 0.02058506 0.03012842
v -0.04063903 0.01954167 0.03183628
v -0.03668169 0.02188323 0.02840418
v -0.03811809 0.02250530 0.02727490
v -0.03831537 0.02275120 0.02693149
v -0.04310123 0.02096573 0.02940143
v -0.04356220 0.02142872 0.02871927
v -0.04494429 0.02170893 0.02861143
v -0.04413623 0.02257841 0.02784433
v -0.04415873 0.02314310 0.02785702
v -0.04510979 0.02224281 0.02836414
v -0.04523818 0.02290963 0.02828148
v -0.04394153 0.02201336 0.02812394
v -0.04404259 0.02377133 0.02804068
v -0.04500483 0.02348535 0.02854312
v -0.04611892 0.02036181 0.02841573
v -0.04616711 0.02129995 0.02819606
v -0.04674443 0.02225869 0.02758878
v -0.04658206 0.02025959 0.02786660
v -0.04726813 0.02011616 0.02707247
v -0.04682782 0.01890848 0.02747908
v -0.04768972 0.02282003 0.02705606
v -0.04874881 0.02303722 0.02603098
v -0.04849864 0.01987959 0.02595337
v -0.04781074 0.01845356 0.02642029
v -0.04584758 0.02187207 0.02820992
v -0.04609569 0.02249713 0.02791351
v -0.04718020 0.02402623 0.02830775
v -0.04788145 0.02484620 0.02799470
v -0.04650714 0.02347875 0.02854095
v -0.04602807 0.02425491 0.02977197
v -0.04646828 0.02499575 0.02966273
v -0.04709345 0.02574202 0.02941627
v -0.04557509 0.02598225 0.03122647
v -0.04605561 0.02682227 0.03112864
v -0.04520660 0.02510308 0.03127744
v -0.04592068 0.02333426 0.02853550
v -0.04543598 0.02402051 0.02950181
v -0.04468424 0.02477368 0.03080542
v -0.04361716 0.02539432 0.03272290
v -0.04173997 0.02650888 0.03486739
v -0.04108994 0.02657020 0.03295859
v -0.03902271 0.02783212 0.03683668
v -0.03828113 0.02764621 0.03491698
v -0.03472242 0.03265523 0.03860603
v -0.04119889 0.03192449 0.03715611
v -0.03788502 0.02766332 0.03287195
v -0.03531773 0.02584464 0.02899156
v -0.03370518 0.02595020 0.02956536
v -0.03466382 0.02769603 0.03403914
v -0.02418633 0.02496192 0.03439263
v -0.02506776 0.02578381 0.03497464
v -0.02923310 0.02494763 0.03001605
v -0.02879435 0.02464689 0.02980166
v -0.02254753 0.02508789 0.03495380
v -0.02395304 0.02594717 0.03578292
v -0.02878288 0.02699438 0.03510882
v -0.03086807 0.02546400 0.03017427
v -0.02988143 0.02519612 0.03015730
v -0.02691944 0.02642137 0.03497292
v -0.02823172 0.02754231 0.03702866
v -0.02564361 0.02667627 0.03643194
v -0.03497682 0.02806116 0.03617872
v -0.02203476 0.07163604 -0.14409409
v -0.02166146 0.05576935 -0.14773075
v -0.04125125 0.05772185 -0.13883947
v -0.04111817 0.07148609 -0.13587686
v -0.04035755 0.02689725 0.03136587
v -0.03659484 0.02551406 0.02824862
v -0.05102633 0.07259109 -0.12823851
v -0.05014492 0.08128019 -0.12520459
v -0.04149681 0.08326342 -0.13060878
v -0.03768688 -0.06348544 -0.09989422
v -0.02763743 -0.07508758 -0.10668544
v -0.02035464 0.02494381 0.03613872
v -0.02218145 0.02617943 0.03660967
v -0.01915785 0.02386623 0.03578252
v -0.01852860 0.02366514 0.03588115
v -0.01965311 0.02504846 0.03617583
v -0.02123691 0.02639018 0.03666847
v -0.02446454 0.02722285 0.03714443
v -0.02375855 0.02758915 0.03764401
v -0.02738051 0.02887287 0.03874712
v -0.02747780 0.02818016 0.03826923
v -0.03504308 0.02871769 0.03804700
v -0.03524130 0.02957981 0.03871660
v -0.02682083 0.02981728 0.03838776
v -0.02322844 0.02815321 0.03718319
v -0.02608037 0.03083662 0.03796019
v -0.02300387 0.02905899 0.03688912
v -0.03520309 0.03148850 0.03766781
v -0.03531682 0.03060267 0.03841273
v -0.02235596 0.02170281 0.03632515
v -0.02008585 0.02199832 0.03617265
v -0.02290444 0.02213268 0.03620524
v -0.02044526 0.02240033 0.03596602
v -0.02414181 0.02233271 0.03532355
v -0.01947157 0.02282807 0.03571001
v -0.01882535 0.02253003 0.03590698
v -0.02497817 0.02218761 0.03465918
v -0.01892924 0.02512299 0.03575784
v -0.01762840 0.02343937 0.03572311
v -0.01780142 0.02553477 0.03479689
v -0.01695448 0.02350993 0.03516807
v -0.02018263 0.02771610 0.03540995
v -0.02054714 0.02672666 0.03590484
v -0.01782969 0.02233576 0.03579783
v -0.01848015 0.02183424 0.03605065
v -0.01709347 0.02229477 0.03561447
v -0.01775793 0.02157933 0.03593143
v -0.02507251 0.01859010 0.03738819
v -0.02481909 0.01786540 0.03739246
v -0.02178289 0.02007277 0.03688259
v -0.02118961 0.01956211 0.03679092
v -0.03346790 0.01500540 0.03646750
v -0.03654544 0.01493528 0.03541734
v -0.03307428 0.01380879 0.03660277
v -0.03647548 0.01367878 0.03536860
v -0.02805340 0.01436972 0.03763144
v -0.02855789 0.01538200 0.03743953
v -0.03234848 -0.11891231 -0.01400949
v -0.04689187 0.01591832 0.02751759
v -0.04790603 0.01470166 0.02683436
v -0.04625617 0.01412206 0.02863093
v -0.04537373 0.01559715 0.02901193
v -0.04365664 0.01534354 0.03061374
v -0.04412327 0.01378242 0.03052942
v -0.04167071 0.01365854 0.03227609
v -0.04142842 0.01508806 0.03233636
v -0.03880706 0.01513698 0.03365147
v -0.03946033 0.01354554 0.03379193
v -0.04995006 0.01911636 0.02441155
v -0.05056069 0.02258716 0.02374816
v -0.05127217 0.01812709 0.02267603
v -0.05258452 0.02192461 0.02144704
v -0.01613273 0.02648471 0.03480144
v -0.01588346 0.02374508 0.03474437
v -0.01468375 0.02698549 0.03566463
v -0.01467211 0.02424651 0.03539600
v -0.01585588 0.02962409 0.03643519
v -0.01765694 0.02917455 0.03540029
v -0.01634767 0.02237254 0.03548947
v -0.01705709 0.02128442 0.03578047
v -0.01535094 0.02222897 0.03569615
v -0.01628065 0.02078721 0.03606175
v -0.02437814 0.01700988 0.03741083
v -0.02384669 0.01608402 0.03753313
v -0.02060210 0.01894294 0.03697844
v -0.01978686 0.01814363 0.03708484
v -0.04984120 -0.01241409 -0.11619085
v -0.05353510 0.03001628 -0.12813093
v -0.04765360 0.03545574 0.03306609
v -0.04549147 0.03277166 0.03447575
v -0.04222085 0.03419654 0.03688332
v -0.04366383 0.03747723 0.03616896
v -0.05039049 0.03895008 0.03094501
v -0.05241659 0.03556868 0.02814246
v -0.05008611 0.03304203 0.03024581
v -0.04805786 0.03100208 0.03199811
v -0.05149117 0.02541658 0.02438476
v -0.04990427 0.02560395 0.02620765
v -0.04999177 0.02727107 0.02749703
v -0.05164562 0.02783459 0.02585244
v -0.05352145 0.02536525 0.02205587
v -0.05397182 0.02864492 0.02374297
v -0.05115242 0.03027816 0.02800594
v -0.04923292 0.02902422 0.02954307
v -0.05351453 0.03177084 0.02597614
v -0.02336057 0.03447115 0.03896236
v -0.02408374 0.03311708 0.03824077
v -0.02156307 0.03099540 0.03687579
v -0.02011213 0.03140810 0.03702610
v -0.02243460 0.03583812 0.03936284
v -0.01799782 0.03227973 0.03742776
v -0.03657875 0.03831536 0.03937791
v -0.03577355 0.03537927 0.03929808
v -0.02559920 0.03146309 0.03752270
v -0.02359477 0.03004097 0.03720782
v -0.02512845 0.03142827 0.03732827
v -0.02306271 0.02993111 0.03692517
v -0.05883549 0.09212398 -0.10769422
v -0.06087457 0.09792572 -0.09546354
v -0.04448482 0.10891440 -0.10154062
v -0.04369093 0.10161638 -0.11359403
v -0.04220032 0.02962239 0.03521638
v -0.04292498 0.02980604 0.03493904
v -0.04521823 0.02860811 0.03299436
v -0.04465066 0.02845321 0.03329142
v -0.04653627 0.02729218 0.03109745
v -0.04704495 0.02754716 0.03098771
v -0.04793787 0.02653728 0.02919856
v -0.04756823 0.02637532 0.02941039
v -0.04810123 0.02558700 0.02812743
v -0.04844468 0.02558045 0.02768874
v -0.02288592 0.03058469 0.03712737
v -0.02477977 0.03177814 0.03780915
v -0.05250511 0.06057183 -0.12971407
v -0.04328572 0.07172026 0.02027366
v -0.05014639 0.06835067 0.01408865
v -0.04809957 0.06194597 0.01919136
v -0.04377864 0.03073426 0.03535577
v -0.04626528 0.02943262 0.03306748
v -0.04789216 0.02814495 0.03065709
v -0.04878452 0.02685380 0.02866740
v -0.04918146 0.02595154 0.02746616
v -0.07314752 -0.01412401 -0.03992629
v -0.07339686 -0.01411534 -0.04169639
v -0.08033098 -0.00458700 -0.06673340
v -0.07857809 0.00172390 -0.06545147
v -0.07740662 0.00515916 -0.06409119
v -0.08128931 0.01246990 -0.05221777
v -0.08275558 0.01583065 -0.05509624
v -0.08446868 -0.02222889 -0.05905991
v -0.08142499 -0.02443110 -0.05532079
v -0.08436241 -0.02147837 -0.05971052
v -0.08929840 0.01216748 -0.06336993
v -0.08979296 0.01058506 -0.06456055
v -0.09073608 0.01024806 -0.06405828
v -0.04303042 -0.03417483 -0.10696170
v -0.04747812 -0.02136923 -0.11275398
v -0.09005797 0.00892087 -0.06577409
v -0.07502110 -0.00949955 -0.04433175
v -0.08135029 -0.00490092 -0.06689754
v -0.08290816 -0.00524640 -0.06855934
v -0.08382194 -0.01003911 -0.06849771
v -0.08312831 -0.00970141 -0.06790248
v -0.08318303 -0.01514590 -0.06670318
v -0.08258392 -0.01446795 -0.06619330
v -0.08563859 -0.01859316 -0.06246136
v -0.08566131 -0.01420310 -0.06524922
v -0.08366763 0.01630453 -0.05638998
v -0.08383309 0.01556355 -0.05567276
v -0.08437084 0.01636426 -0.05667783
v -0.07593408 -0.01062979 -0.04565407
v -0.07949889 0.01020678 -0.05221673
v -0.07921688 0.00854476 -0.05056867
v -0.07895351 0.00891792 -0.05098840
v -0.07422142 -0.00598944 -0.04972059
v -0.07398964 -0.00518207 -0.04995381
v -0.07529001 -0.00739835 -0.04939555
v -0.07689347 -0.00859354 -0.04721865
v -0.07140917 -0.01608979 -0.04897140
v -0.07124609 -0.01681594 -0.05034100
v -0.07071117 -0.01740705 -0.04952090
v -0.08711094 0.02185658 -0.05846186
v -0.07934519 0.00762772 -0.05018022
v -0.08049399 0.00866907 -0.05059188
v -0.08123853 0.00970177 -0.05090015
v -0.08516364 0.01569893 -0.05665768
v -0.08169711 0.01056813 -0.05102403
v -0.08074443 0.01059963 -0.05128542
v -0.08198854 0.01223809 -0.05203323
v -0.08008628 0.01065022 -0.05161716
v -0.07704863 -0.01332147 -0.06200735
v -0.07595883 -0.01346104 -0.06030824
v -0.07495886 0.00581882 -0.04062996
v -0.07531167 0.00376361 -0.04294668
v -0.08039667 -0.02517786 -0.05308998
v -0.07701098 0.01062867 -0.05879026
v -0.07776110 0.01385040 -0.06055758
v -0.08725002 -0.01007238 -0.06662741
v -0.08167482 -0.01650384 -0.05634524
v -0.07943019 -0.01761764 -0.05541926
v -0.08410365 -0.01516780 -0.05765359
v -0.08570950 -0.01261114 -0.05938907
v -0.07623922 0.00208112 -0.05414706
v -0.08452796 0.00640123 -0.05951791
v -0.08481832 0.00440117 -0.06035100
v -0.08322696 0.00651323 -0.05844894
v -0.07877736 0.01719031 -0.05893244
v -0.07918479 0.01699540 -0.05662110
v -0.07648493 0.01352915 -0.05802784
v -0.07912976 0.01519291 -0.05627137
v -0.07320461 -0.01281818 -0.04877723
v -0.07182308 -0.01826050 -0.05181933
v -0.07339997 -0.01695700 -0.05362362
v -0.07286732 -0.01887801 -0.05292691
v -0.07401694 -0.01788631 -0.05470104
v -0.07428157 -0.01671284 -0.05622349
v -0.07469440 -0.01511662 -0.05755234
v -0.07623170 -0.01316324 -0.05780394
v -0.07301479 -0.00889710 -0.04953523
v -0.07879466 0.01798047 -0.04794838
v -0.07254842 -0.01066144 -0.04945241
v -0.07445668 -0.00725534 -0.04946889
v -0.07434005 -0.00894673 -0.04911479
v -0.07384012 -0.01081096 -0.04882723
v -0.07770566 -0.02041487 -0.04949324
v -0.07782491 -0.01904562 -0.05210384
v -0.07647343 -0.01963024 -0.04893035
v -0.07809830 -0.01851930 -0.05422370
v -0.07541579 -0.01921481 -0.04868005
v -0.07848792 0.01158440 -0.05829641
v -0.07925589 0.01464782 -0.05792876
v -0.07327085 -0.01067937 -0.03830769
v -0.06407056 -0.00213630 0.01131080
v -0.06575058 0.00722403 0.00567079
v -0.02630388 -0.05164659 0.03557406
v -0.02559621 -0.05438492 0.03610357
v -0.05593953 -0.01207043 0.02489075
v -0.05124290 -0.01509608 0.02928792
v -0.02489240 -0.04679189 0.04762257
v -0.02417436 -0.04762734 0.04802947
v -0.02325605 -0.04697751 0.04826782
v -0.02393683 -0.04659952 0.04773475
v -0.02175487 -0.04521083 0.04644348
v -0.02253231 -0.04573632 0.04551166
v -0.02274289 -0.04596389 0.04683467
v -0.02208715 -0.04578999 0.04768201
v -0.02826765 -0.03092729 0.04648045
v -0.03136357 -0.02678273 0.04336927
v -0.03417620 -0.03120532 0.04285517
v -0.03115049 -0.03480550 0.04570051
v -0.02410136 -0.04830535 0.03797941
v -0.02390835 -0.04669778 0.03840811
v -0.02315246 -0.04611010 0.04147233
v -0.02309389 -0.04683815 0.04108154
v -0.02410047 -0.04927353 0.03806867
v -0.02301079 -0.04719374 0.04109620
v -0.02610482 -0.04995554 0.03535983
v -0.02573849 -0.04733744 0.03546624
v -0.03371133 -0.05334550 0.04319803
v -0.03024828 -0.05124452 0.04522670
v -0.03120766 -0.04795855 0.04515942
v -0.03480096 -0.04859594 0.04323375
v -0.02495156 -0.01847231 0.04322593
v -0.02848606 -0.02227566 0.04329710
v -0.02552636 -0.02711933 0.04590776
v -0.02184558 -0.02214216 0.04522542
v -0.01857449 -0.01728418 0.04566742
v -0.02143808 -0.01381659 0.04347070
v -0.01818290 -0.00865271 0.04916536
v -0.01905305 -0.01266774 0.05051686
v -0.01832514 -0.01396480 0.05403364
v -0.01891420 -0.01144653 0.05289873
v -0.01617509 -0.01829449 0.05247946
v -0.01888072 -0.01513790 0.04879455
v -0.01151574 -0.01945410 0.05320160
v -0.01143107 -0.01908967 0.05415145
v -0.01616210 -0.01856319 0.05107225
v -0.01599988 -0.01966674 0.04951402
v -0.01178520 -0.02021991 0.05236915
v -0.01092684 -0.01859779 0.05493446
v -0.01407658 -0.01826808 0.05485446
v -0.01583468 -0.01597005 0.05636057
v -0.00433342 -0.01741221 0.06309430
v -0.00576749 -0.01633869 0.06516263
v -0.00997906 0.01535526 0.04867980
v -0.01283355 0.01187795 0.04577102
v -0.01002354 0.01245260 0.05067449
v -0.01270644 0.00927376 0.04761556
v -0.01530727 -0.01375179 0.05989691
v -0.01695489 -0.01144965 0.05847900
v -0.01271157 -0.01274574 0.06375080
v -0.01362308 -0.00976503 0.06340598
v -0.00410952 0.03017882 0.04665200
v -0.00186407 -0.02080322 0.05886491
v -0.00219779 -0.02141280 0.05857294
v -0.00162938 -0.01935459 0.06047449
v -0.02270400 0.09459064 -0.13140562
v -0.02317246 0.10698033 -0.12035581
v -0.02222734 0.11988945 -0.09779219
v -0.01997781 0.12398764 -0.08563474
v -0.00508457 -0.03902892 0.06195446
v -0.00479995 -0.03609108 0.06188665
v -0.01199381 -0.04424915 0.04566242
v -0.00672408 -0.04455312 0.04708680
v -0.00661999 -0.04551927 0.05027558
v -0.01204768 -0.04553384 0.04895459
v -0.01571465 -0.04530115 0.04727595
v -0.01623952 -0.04406849 0.04391780
v -0.01199467 -0.04287228 0.04314535
v -0.00660344 -0.04298700 0.04404182
v -0.01153555 -0.04639954 0.05468558
v -0.00622795 -0.04619062 0.05686070
v -0.00583172 -0.04443822 0.05951177
v -0.01130936 -0.04470700 0.05682882
v -0.01829360 -0.02413003 0.04848388
v -0.01438264 -0.02346360 0.05115508
v -0.01003514 -0.02343089 0.05462074
v -0.00658342 -0.02369270 0.05702498
v -0.00583203 -0.02153678 0.05685726
v -0.00843539 -0.02088385 0.05481520
v -0.00559585 -0.02058837 0.05693970
v -0.00812861 -0.02006256 0.05511076
v -0.00802594 -0.01950205 0.05548289
v -0.00873762 -0.01892377 0.05577570
v -0.00686297 -0.01884690 0.05701773
v -0.00746321 -0.01825845 0.05692874
v -0.00556204 -0.01990934 0.05712358
v -0.00430982 0.00586661 0.06350333
v -0.00405638 0.00954771 0.06042927
v -0.00962392 -0.03438747 0.05977385
v -0.00476017 -0.03378258 0.06112819
v -0.00405199 -0.02959313 0.05958717
v -0.00857127 -0.02961967 0.05839393
v -0.01324674 -0.03039756 0.05611519
v -0.01469424 -0.03611425 0.05719970
v -0.00248017 -0.02228787 0.05834449
v -0.00984111 -0.03679204 0.06006011
v -0.01010399 -0.03945405 0.05987423
v -0.01502504 -0.03860430 0.05730193
v -0.01517007 -0.04095048 0.05687248
v -0.01940978 -0.03867480 0.05405143
v -0.01859477 -0.03246315 0.05326925
v -0.02421677 -0.03463143 0.05006936
v -0.02327177 -0.04137481 0.05094693
v -0.03111559 -0.04469476 0.04589975
v -0.02627112 -0.04709426 0.04720936
v -0.02618596 -0.04567458 0.04761492
v -0.02591805 -0.04440428 0.04829923
v -0.03032884 -0.04142913 0.04688264
v -0.03458534 -0.04391622 0.04404518
v -0.03344492 -0.03915982 0.04495838
v -0.02832302 -0.03819224 0.04808479
v -0.02518410 -0.04308928 0.04917659
v -0.02502059 -0.04595708 0.04792098
v -0.02400166 -0.04618618 0.04786941
v -0.02474147 -0.04525927 0.04850352
v -0.02373269 -0.04583628 0.04832423
v -0.02420148 -0.04462396 0.04929644
v -0.02326720 -0.04556327 0.04892060
v -0.02227716 -0.04501700 0.05000925
v -0.02291837 -0.04354732 0.05062810
v -0.02193714 -0.04609151 0.04649301
v -0.02093845 -0.04628613 0.04722397
v -0.02091322 -0.04643349 0.04830014
v -0.02184846 -0.04636338 0.04735337
v -0.02262607 -0.04598175 0.04582462
v -0.02240486 -0.04625408 0.04693523
v -0.02288312 -0.04600211 0.04205930
v -0.02232759 -0.04564543 0.04258516
v -0.02294019 -0.04570748 0.04530786
v -0.02306393 -0.04605284 0.04631840
v -0.02310109 -0.04626442 0.04760297
v -0.02291535 -0.04615851 0.04776150
v -0.02241556 -0.04612078 0.04823703
v -0.02152145 -0.04597567 0.04912306
v -0.01519375 -0.04313818 0.05585691
v -0.01895156 -0.04294750 0.05362197
v -0.01865201 -0.04472329 0.05242606
v -0.01515944 -0.04544640 0.05412161
v -0.01828334 -0.04608219 0.05110925
v -0.01679737 -0.04270238 0.04111758
v -0.01510042 -0.04646990 0.05217422
v -0.02011284 -0.04434031 0.04130686
v -0.02109303 -0.04324194 0.03861602
v -0.01940860 -0.04533762 0.04466380
v -0.02348652 -0.04587142 0.03913102
v -0.02293688 -0.04514025 0.03938520
v -0.02506522 -0.04552779 0.03594947
v -0.02415419 -0.04425770 0.03663719
v -0.01830977 -0.04632643 0.04955499
v -0.01931884 -0.04103374 0.05405908
v -0.01058203 -0.04203894 0.05867418
v -0.00537941 -0.04166120 0.06097239
v -0.00511439 -0.00247686 0.06989253
v -0.00472657 0.00205412 0.06649220
v -0.02256550 -0.04634558 0.04828377
v -0.01068487 -0.12759139 0.00100329
v -0.02547036 -0.04841681 0.04747983
v -0.02366811 -0.05130471 0.03837764
v -0.02241645 -0.04794055 0.04155944
v -0.03081089 -0.05786534 0.04413613
v -0.02605242 -0.06190411 0.04701637
v -0.02413683 -0.05762894 0.04902487
v -0.02802665 -0.05461372 0.04635956
v -0.02164242 -0.05145809 0.05143030
v -0.02406864 -0.04977336 0.04890577
v -0.02291534 -0.04842194 0.04959510
v -0.02043464 -0.04925057 0.05203490
v -0.01951042 -0.04744680 0.05233349
v -0.02195521 -0.04721385 0.04970612
v -0.01785937 -0.04399890 0.05140479
v -0.01340789 -0.04323885 0.05414152
v -0.01275993 -0.04750155 0.04894542
v -0.01729619 -0.04791975 0.04633790
v -0.02145320 -0.04784692 0.04302953
v -0.02093936 -0.04478109 0.04759868
v -0.01824778 -0.04470329 0.05194973
v -0.02115123 -0.04536423 0.04894043
v -0.01371639 -0.04389427 0.05522203
v -0.02130443 -0.12435073 -0.00510580
v -0.02144809 -0.04614224 0.04948466
v -0.01871645 -0.04571717 0.05208656
v -0.01431183 -0.04536707 0.05571887
v -0.01530920 -0.04769438 0.05624631
v -0.01618448 -0.05018014 0.05651020
v -0.01708389 -0.05318038 0.05579387
v -0.01873777 -0.06061262 0.05253957
v -0.01997977 -0.06583164 0.05079602
v -0.01273847 -0.06228878 0.05534565
v -0.01355825 -0.06759442 0.05438533
v -0.01201797 -0.05470712 0.05959597
v -0.01146576 -0.05087316 0.06070519
v -0.01063330 -0.04784600 0.06006239
v -0.00995844 -0.04516703 0.05904237
v -0.00308387 -0.02405001 0.05827001
v -0.00552656 -0.01866605 0.05826760
v -0.00435459 -0.01809156 0.06045327
v -0.00822757 -0.01476430 0.06604356
v -0.00159910 -0.01853078 0.06287690
v -0.01113295 -0.01308792 0.06548962
v -0.00923897 -0.01363067 0.06698905
v -0.00991009 -0.01196097 0.06789678
v -0.01119192 -0.01117934 0.06672169
v -0.00757775 -0.01423052 0.06824300
v -0.00899682 -0.01224843 0.06886509
v -0.00306257 -0.01515342 0.06998839
v -0.00409874 -0.01190845 0.07202166
v -0.00508786 -0.00628618 0.07179005
v -0.00457685 -0.00972239 0.07244162
v -0.01037378 -0.01028812 0.06834843
v -0.01164800 -0.00823592 0.06659494
v -0.01174996 -0.00490912 0.06448908
v -0.01423637 -0.00679871 0.06098472
v -0.01081172 0.12839305 -0.04306351
v -0.00938659 -0.04338074 0.05829075
v -0.00863401 -0.04260954 0.05658359
v -0.01229156 -0.05844635 0.04187704
v -0.01245249 -0.05358877 0.04434821
v -0.00763704 -0.05379548 0.04615720
v -0.00737601 -0.05871606 0.04395006
v -0.00442483 -0.04229831 0.05787215
v -0.00420770 -0.04714834 0.05168635
v -0.00802912 -0.04719999 0.05075661
v -0.00463607 -0.04311428 0.05967348
v -0.00507872 -0.04504922 0.06078947
v -0.00561990 -0.04790522 0.06219674
v -0.00404219 -0.05390079 0.04693547
v -0.00369907 -0.05923440 0.04488551
v -0.02217583 -0.05239030 0.03954662
v -0.02287517 -0.05676486 0.03737957
v -0.01744050 -0.05368765 0.04224013
v -0.01772917 -0.05738512 0.04006953
v -0.00713924 -0.06812596 0.05706906
v -0.00658370 -0.06303720 0.05720247
v -0.00607275 -0.05148780 0.06279111
v -0.00630560 -0.05575986 0.06159280
v -0.02307351 0.11468367 -0.10966141
v -0.06185791 0.07472535 -0.00723952
v -0.05963555 0.06800679 -0.00011729
v -0.05310228 0.07511421 0.00643847
v -0.05536565 0.08064835 0.00006948
v -0.06260750 0.08269923 -0.01499943
v -0.05609684 0.08739528 -0.00722187
v -0.04020055 0.12091888 -0.06172483
v -0.04063201 0.12002496 -0.04779196
v -0.02179281 0.12582006 -0.04426683
v -0.03517552 0.12118880 -0.07536622
v -0.04756892 0.11305812 -0.08457799
v -0.04957880 0.11548527 -0.06553233
v -0.04935532 0.11505619 -0.05054799
v -0.02782684 -0.08753874 -0.10772139
v -0.05343454 0.04292790 -0.12915754
v -0.04794523 0.11381430 -0.03705876
v -0.03985995 0.11795808 -0.03437494
v -0.03927253 0.11465096 -0.02240269
v -0.04653529 0.11131769 -0.02569780
v -0.02163946 0.12318074 -0.03021121
v -0.01083709 0.12532212 -0.02858052
v -0.01991809 0.00534926 -0.14326528
v -0.00406339 0.01331992 0.05774467
v -0.04873638 -0.05027893 -0.09082989
v -0.05834816 -0.05082363 -0.07288807
v -0.06089112 -0.10347096 -0.04938973
v -0.07116128 -0.02747861 -0.05443629
v -0.07081515 -0.02670711 -0.05502769
v -0.06012619 -0.06559912 -0.05391905
v -0.06148375 -0.05146410 -0.05479200
v -0.03930736 -0.04941978 -0.10236710
v -0.07959767 -0.01611982 -0.06525755
v -0.08044985 -0.01262630 -0.06636744
v -0.08091551 -0.01692879 -0.06491937
v -0.08168259 -0.01305806 -0.06619792
v -0.08164562 -0.00882796 -0.06690808
v -0.08154263 -0.01863267 -0.06416050
v -0.07913481 0.01705716 -0.05532118
v -0.08108101 0.01848617 -0.05423328
v -0.07060545 -0.02908215 -0.05027383
v -0.07056671 -0.02844464 -0.05200511
v -0.06989229 -0.02875031 -0.05120709
v -0.06973308 -0.02917353 -0.04983464
v -0.07025775 -0.02984780 -0.04858103
v -0.06940238 -0.02966484 -0.04866052
v -0.07796296 0.03455243 -0.04743955
v -0.06756205 -0.02881498 -0.05234651
v -0.07005825 -0.02727594 -0.05472571
v -0.07005844 -0.02790461 -0.05328239
v -0.06954052 -0.02871069 -0.05187795
v -0.06876565 -0.02950452 -0.04978424
v -0.06864561 -0.03031486 -0.04808415
v -0.06952061 -0.03093874 -0.04748913
v -0.08187065 -0.01966594 -0.06446789
v -0.07481866 -0.03007887 -0.05289092
v -0.07798988 0.01058526 -0.06024975
v -0.07809149 0.00877046 -0.06189043
v -0.08045023 0.01035504 -0.06318333
v -0.08032600 0.01241164 -0.06176789
v -0.06012221 -0.01147107 -0.10427382
v -0.06229385 -0.00033352 -0.10897268
v -0.01424131 -0.08541939 -0.11221094
v -0.01382590 -0.07222201 -0.11226309
v -0.07635263 0.03245415 -0.09377022
v -0.07800337 0.01206543 -0.05902440
v -0.08048686 0.01401147 -0.06047663
v -0.08061204 -0.00856570 -0.06687135
v -0.07608443 0.01187207 -0.05927669
v -0.07639322 0.01020976 -0.06059003
v -0.08181721 0.01563653 -0.06207594
v -0.08166339 0.01375653 -0.06342800
v -0.08199299 0.01146205 -0.06478123
v -0.07669521 0.00832610 -0.06196344
v -0.07875498 0.01562286 -0.06064111
v -0.08032370 0.06312636 -0.07001061
v -0.07975528 0.05736988 -0.08377099
v -0.07686268 0.08008832 -0.07314623
v -0.07607226 0.07524317 -0.08811948
v -0.07174961 0.06940921 -0.10374158
v -0.07524559 0.05043170 -0.09944516
v -0.07914051 0.01704475 -0.05552808
v -0.08213702 0.01944764 -0.05457209
v -0.06323881 0.08924908 -0.02234661
v -0.06845377 0.08448824 -0.02937440
v -0.05638845 0.09337313 -0.01390182
v -0.05633258 0.09880349 -0.02014995
v -0.06271698 0.09552105 -0.02889918
v -0.07008069 0.08901168 -0.04087348
v -0.07924483 0.05367379 -0.05575262
v -0.07834305 0.06836870 -0.05615591
v -0.07507606 0.07218338 -0.04281700
v -0.07460964 0.08476429 -0.05776101
v -0.06599552 0.09828280 -0.04675806
v -0.06983165 0.09489314 -0.06112515
v -0.05902690 0.10686760 -0.05025261
v -0.06123963 0.10511993 -0.06477839
v -0.06120833 0.10269313 -0.08054685
v -0.07158640 0.09109972 -0.07617840
v -0.06097122 0.10116852 -0.03467066
v -0.05481552 0.10374601 -0.02516088
v -0.05602046 0.10767323 -0.03779927
v -0.05261866 0.10790863 -0.02939257
v -0.07290825 0.07366228 -0.03578579
v -0.06412905 -0.03473884 -0.04834066
v -0.06552106 -0.03514139 -0.04327629
v -0.07129868 -0.02472295 -0.03579771
v -0.06835232 0.00040354 -0.00111926
v -0.06846014 0.01268764 -0.00361641
v -0.07197031 0.00483753 -0.01429787
v -0.06999971 -0.00960125 -0.01261459
v -0.06674489 0.02619620 -0.00531744
v -0.07075605 0.01871467 -0.01570624
v -0.07078960 0.03352402 -0.01780907
v -0.06631017 0.04069459 -0.00590576
v -0.06314632 0.06403785 -0.11860351
v -0.06547695 0.04705012 -0.11684795
v -0.06596897 0.03402214 -0.11544897
v -0.04676971 0.05643287 0.02339666
v -0.02241872 0.08553050 -0.13770355
v -0.04548423 0.07902697 0.01319857
v -0.05531546 0.08472042 -0.11842474
v -0.04225004 0.09086178 -0.12475786
v -0.07097546 0.08649403 -0.09101765
v -0.06792840 0.08146857 -0.10414897
v -0.06003011 0.07519209 -0.11877457
v -0.06511448 0.01752734 -0.11388836
v -0.04698382 0.10713258 -0.01855669
v -0.05604286 0.02506279 0.01887393
v -0.05524177 0.02048440 0.01817767
v -0.05655055 0.02984643 0.02026857
v -0.05372139 0.01552960 0.02026439
v -0.01604840 0.00853704 0.04333333
v -0.01569445 0.00614220 0.04496417
v -0.01515503 0.00343773 0.04680545
v -0.01892776 0.00338081 0.04269112
v -0.01817376 0.00019057 0.04420001
v -0.01224359 0.00344632 0.05198667
v -0.01246875 0.00639017 0.04977136
v -0.01462649 0.00074371 0.04853678
v -0.01471660 -0.00234599 0.05045911
v -0.01234678 0.00044907 0.05450276
v -0.01907150 -0.01509418 0.04660862
v -0.01948291 -0.01013261 0.04460261
v -0.01715876 -0.00591043 0.04688892
v -0.02176301 -0.00271875 0.04261452
v -0.02063194 -0.00615737 0.04352531
v -0.01742734 -0.00261489 0.04542239
v -0.02306375 0.00077558 0.04110457
v -0.01630853 -0.00571061 0.05320209
v -0.01757464 -0.00929228 0.05626034
v -0.01319191 -0.00312612 0.05785609
v -0.01110837 -0.00126961 0.06113330
v -0.01049416 0.00255631 0.05787434
v -0.01965613 0.00597881 0.04146069
v -0.02427053 0.00362363 0.04010589
v -0.02408907 -0.00961345 0.04274592
v -0.02852412 -0.01293036 0.04242713
v -0.02616790 -0.00523499 0.04150876
v -0.03018492 -0.00789767 0.04099015
v -0.02735684 -0.00158459 0.04029240
v -0.03149073 -0.00404481 0.03952391
v -0.03208249 -0.01730016 0.04195872
v -0.03526235 -0.02137703 0.04114499
v -0.03796711 -0.02716018 0.04013624
v -0.03801658 -0.01603751 0.03925350
v -0.04143104 -0.02163740 0.03750847
v -0.04011223 -0.01046376 0.03733385
v -0.04406268 -0.01611846 0.03540555
v -0.03447352 -0.01135605 0.04020071
v -0.03613110 -0.00711522 0.03852230
v -0.03281459 -0.00023851 0.03814600
v -0.02871522 0.00182151 0.03913662
v -0.04178219 0.00093392 0.03480045
v -0.04119654 -0.00488647 0.03592098
v -0.03710268 -0.00240725 0.03707276
v -0.03796960 0.00241104 0.03593240
v -0.04608561 -0.00880345 0.03381113
v -0.04609990 -0.00090229 0.03304383
v -0.04565369 0.00432664 0.03219720
v -0.03231595 0.01174185 0.03715670
v -0.02743036 0.01251140 0.03806747
v -0.03591368 0.01140202 0.03599791
v -0.04182044 0.00523894 0.03401426
v -0.03852865 0.00609839 0.03536984
v -0.04970937 0.01150135 0.02646552
v -0.04748791 0.01093212 0.02879656
v -0.04195512 0.01089575 0.03302594
v -0.03917214 0.01110131 0.03460002
v -0.04487830 0.01084885 0.03105466
v -0.02291994 0.01426011 0.03812447
v -0.01834065 0.01640647 0.03807728
v -0.05703998 -0.06400245 -0.07007259
v -0.01002944 0.00591971 0.05533821
v -0.00997002 0.00918062 0.05281271
v -0.01547584 0.03275981 0.03866099
v -0.01346214 0.02987441 0.03795138
v -0.00750063 0.03010287 0.04408285
v -0.01931180 0.03690296 0.04096493
v -0.01515601 0.01921173 0.03789904
v -0.01325084 0.02172946 0.03760295
v -0.01235863 0.02396059 0.03735911
v -0.01206478 0.02703836 0.03761818
v -0.03044990 0.04891458 0.04199556
v -0.02695732 0.04302067 0.04376926
v -0.05648737 0.06117738 0.00820665
v -0.06010511 0.05308649 0.00464798
v -0.05108691 0.04381596 0.02749725
v -0.05422836 0.03995270 0.02465247
v -0.05600898 0.03503291 0.02206785
v -0.06240598 0.04176774 0.00234361
v -0.06384221 0.02953494 0.00212702
v -0.06505052 0.01808145 0.00298648
v -0.04788608 0.09129876 0.00072669
v -0.04791735 0.09710147 -0.00557976
v -0.04728854 0.08513822 0.00731379
v -0.03888980 0.11030634 -0.01345961
v -0.03889072 0.10563530 -0.00559263
v -0.04765129 0.10241761 -0.01193794
v -0.03926585 0.10028285 0.00111034
v -0.03950091 0.09448706 0.00727989
v -0.03890683 0.08843094 0.01379810
v -0.03759366 0.08216727 0.01966866
v -0.03583843 0.07373651 0.02581277
v -0.04810423 -0.06335213 -0.08837967
v -0.00737123 -0.00797503 0.05361392
v -0.00692758 -0.00817363 0.05403315
v -0.00714698 -0.00799807 0.05339098
v -0.00662537 -0.00811915 0.05385333
v -0.00697671 -0.00835798 0.05392715
v -0.00707766 -0.01667188 0.05634885
v -0.00595607 -0.01472681 0.05545589
v -0.00635830 -0.01085912 0.05484144
v -0.07067947 -0.03139953 -0.03770528
v -0.05913600 -0.09939919 -0.06464934
v -0.05518553 -0.09603334 -0.07830750
v 0.05844949 -0.09969821 -0.06456279
v 0.05441600 -0.09626912 -0.07824354
v 0.02121854 -0.13012744 -0.00759199
v 0.03326840 -0.12608460 -0.01501397
v 0.03494233 -0.13508938 -0.01626940
v 0.02205399 -0.13842332 -0.00986749
v 0.06210729 -0.11807445 -0.07050508
v 0.05987432 -0.10905745 -0.06608395
v 0.05593655 -0.10551947 -0.08083351
v 0.05917953 -0.11424533 -0.08615078
v 0.04865061 -0.10329070 -0.09360904
v 0.05177890 -0.11289338 -0.09948120
v 0.04083806 -0.11293831 -0.10949139
v 0.03864362 -0.10168765 -0.10346833
v 0.02648701 -0.10070984 -0.11069215
v 0.02795761 -0.11317169 -0.11589051
v 0.04596486 -0.12131450 -0.02401691
v 0.05588408 -0.11658534 -0.03594062
v 0.05742369 -0.12616284 -0.03874526
v 0.04765330 -0.13071130 -0.02586882
v 0.06076406 -0.11260693 -0.05024917
v 0.06221050 -0.12231664 -0.05415587
v 0.01381938 -0.11316885 -0.11892469
v 0.01299930 -0.09964686 -0.11408586
v 0.02409360 -0.15800624 -0.01357496
v 0.01051983 -0.15998562 -0.01156411
v 0.01077947 -0.14987044 -0.00838127
v 0.02310860 -0.14811683 -0.01196725
v 0.05599423 -0.16175014 -0.03264723
v 0.06987270 -0.15531793 -0.04646049
v 0.07628800 -0.16369428 -0.04314859
v 0.06001474 -0.17173666 -0.02989913
v 0.09827822 -0.16094933 -0.05517324
v 0.10778162 -0.14963427 -0.07709701
v 0.03967868 -0.16555426 -0.02160396
v 0.04208235 -0.17600641 -0.01848307
v -0.00077561 -0.12565467 -0.12625881
v -0.00076235 -0.11294133 -0.11928855
v 0.09770233 -0.14415973 -0.07986545
v 0.09684780 -0.14022875 -0.10403000
v 0.10926980 -0.14604412 -0.10228118
v 0.05468078 -0.16118869 -0.14313769
v 0.05497635 -0.16800974 -0.14590997
v 0.07025703 -0.16337502 -0.14366721
v 0.06601273 -0.15696695 -0.14013183
v 0.07560871 -0.12820174 -0.09877798
v 0.06433801 -0.12863669 -0.11388789
v 0.07263934 -0.13621782 -0.11940818
v 0.08600064 -0.13409564 -0.10291824
v 0.03730766 -0.14529118 -0.13610193
v 0.05555480 -0.14033286 -0.12985447
v 0.04956060 -0.13224037 -0.12453265
v 0.03314011 -0.13485421 -0.13048679
v 0.08792952 -0.13920088 -0.08051819
v 0.07757019 -0.13373026 -0.07881265
v 0.08026122 -0.14787538 -0.06237702
v 0.07211966 -0.14090542 -0.06156026
v 0.06446217 -0.14690916 -0.04572823
v 0.05729307 -0.12144364 -0.10679459
v 0.04466459 -0.12289187 -0.11694328
v 0.03000791 -0.12447085 -0.12324172
v 0.01463070 -0.12544908 -0.12594159
v -0.00035041 -0.17419416 -0.14444800
v -0.00041807 -0.16194300 -0.14252788
v 0.01811790 -0.14780127 -0.13770881
v 0.01634769 -0.13687864 -0.13283463
v 0.08882076 -0.15416911 -0.06041796
v 0.06574710 -0.13232641 -0.05877565
v 0.06021440 -0.13682021 -0.04246914
v 0.06708157 -0.17853716 -0.01897758
v 0.08508422 -0.17211942 -0.03506198
v 0.04649436 -0.18326174 -0.00832778
v 0.02785472 -0.18691580 -0.00176518
v 0.01974553 -0.16077404 -0.14147089
v 0.01898862 -0.17270923 -0.14377859
v 0.03882457 -0.16993839 -0.14481089
v 0.04244149 -0.15736820 -0.14152373
v 0.05286991 -0.15204503 -0.03137320
v 0.03864445 -0.15542327 -0.02016792
v 0.02429085 -0.16826631 -0.01398845
v 0.06580240 -0.12193088 -0.09237803
v 0.06788379 -0.12645704 -0.07526272
v 0.05011753 -0.14118680 -0.02873408
v 0.03677490 -0.14538431 -0.01845147
v 0.01022754 -0.14068544 -0.00469036
v 0.02550375 -0.17828186 -0.01022418
v 0.09811614 -0.15023437 -0.12361439
v 0.08480654 -0.15727039 -0.13670500
v 0.07754148 -0.15333480 -0.13508482
v -0.00079926 -0.14867632 -0.13879052
v -0.00067316 -0.15017821 -0.00738333
v -0.00114227 -0.16020544 -0.01142295
v 0.00000603 -0.14112420 -0.00293096
v 0.08223981 -0.14500335 -0.12534681
v 0.06150849 -0.14953977 -0.13548277
v -0.00022074 -0.13391565 0.00068406
v -0.00083710 -0.09900000 -0.11482424
v -0.00132579 -0.17186986 -0.01530603
v -0.00129933 -0.18421228 -0.01263270
v -0.00110012 -0.19313057 -0.00280215
v 0.01048185 -0.13311461 -0.00157999
v 0.01169108 -0.18189079 -0.01064364
v 0.01083841 -0.17075917 -0.01361956
v 0.01273057 -0.19125703 -0.00192363
v -0.00067870 -0.13720550 -0.13345958
v -0.02124237 -0.13039671 -0.00744126
v -0.03298442 -0.12610030 -0.01520501
v -0.03434728 -0.13481486 -0.01659602
v -0.02176631 -0.13833714 -0.00978730
v -0.06260097 -0.11796918 -0.07041101
v -0.06055205 -0.10889901 -0.06607920
v -0.05672675 -0.10533106 -0.08082629
v -0.05993143 -0.11414442 -0.08612847
v -0.04971317 -0.10319329 -0.09357916
v -0.05280305 -0.11279859 -0.09949100
v -0.04197512 -0.11289480 -0.10954765
v -0.03985303 -0.10164504 -0.10345501
v -0.02776993 -0.10070790 -0.11072267
v -0.02919047 -0.11314656 -0.11596057
v -0.04578457 -0.12127665 -0.02432933
v -0.05580136 -0.11661611 -0.03621039
v -0.05716006 -0.12595004 -0.03878771
v -0.04749045 -0.13042182 -0.02609674
v -0.06142624 -0.11261193 -0.05030028
v -0.06241842 -0.12234779 -0.05390339
v -0.01513230 -0.11318281 -0.11891724
v -0.01449352 -0.09966277 -0.11406589
v -0.02492167 -0.15779555 -0.01373086
v -0.01209415 -0.15977949 -0.01154399
v -0.01139611 -0.14959292 -0.00852281
v -0.02353278 -0.14783226 -0.01218367
v -0.05564785 -0.16194473 -0.03363838
v -0.06980233 -0.15511727 -0.04707246
v -0.07638357 -0.16352750 -0.04405060
v -0.06021407 -0.17182930 -0.03074682
v -0.09838261 -0.16076772 -0.05603777
v -0.10804077 -0.14937867 -0.07781947
v -0.04014735 -0.16563180 -0.02218407
v -0.04315128 -0.17604651 -0.01887003
v -0.09810095 -0.14392279 -0.08047546
v -0.09749963 -0.13994256 -0.10453172
v -0.10985274 -0.14569823 -0.10292222
v -0.05556564 -0.16116099 -0.14353842
v -0.05586387 -0.16796260 -0.14631689
v -0.07102548 -0.16334495 -0.14410314
v -0.06687406 -0.15695909 -0.14047503
v -0.07643186 -0.12806873 -0.09891548
v -0.06526727 -0.12901255 -0.11415831
v -0.07353283 -0.13616580 -0.11961527
v -0.08671581 -0.13392256 -0.10321266
v -0.03832848 -0.14532062 -0.13626073
v -0.05655060 -0.14013524 -0.13002507
v -0.05051918 -0.13138340 -0.12435064
v -0.03417632 -0.13490121 -0.13052046
v -0.08836443 -0.13895398 -0.08090381
v -0.07783788 -0.13353081 -0.07895460
v -0.08052646 -0.14758141 -0.06275532
v -0.07229977 -0.14062156 -0.06180345
v -0.06391535 -0.14674293 -0.04643086
v -0.05821120 -0.12136553 -0.10687355
v -0.04576373 -0.12285286 -0.11702800
v -0.03123950 -0.12447087 -0.12324011
v -0.01570465 -0.12637965 -0.12624404
v -0.01946478 -0.14856251 -0.13794546
v -0.01814061 -0.13509369 -0.13260609
v -0.08903044 -0.15395713 -0.06109078
v -0.06565457 -0.13215686 -0.05881983
v -0.05980255 -0.13656478 -0.04284507
v -0.06767379 -0.17874707 -0.01970218
v -0.08524135 -0.17195755 -0.03594011
v -0.04796872 -0.18328862 -0.00832790
v -0.02978165 -0.18653792 -0.00160296
v -0.02097158 -0.16063553 -0.14167731
v -0.01991562 -0.17268470 -0.14387399
v -0.03943599 -0.17011577 -0.14509693
v -0.04333122 -0.15740834 -0.14178418
v -0.05264869 -0.15186515 -0.03237179
v -0.03879647 -0.15530336 -0.02092480
v -0.02573041 -0.16836539 -0.01439588
v -0.06655020 -0.12181064 -0.09242359
v -0.06835077 -0.12630671 -0.07528921
v -0.05032378 -0.14086658 -0.02898789
v -0.03675255 -0.14507581 -0.01895653
v -0.01108442 -0.14061899 -0.00487489
v -0.02737711 -0.17807068 -0.01031312
v -0.09870982 -0.15007743 -0.12405701
v -0.08551937 -0.15719669 -0.13712800
v -0.07831483 -0.15330981 -0.13543038
v -0.08299699 -0.14491546 -0.12571426
v -0.06234032 -0.14956808 -0.13576174
v -0.01075942 -0.13322404 -0.00160658
v -0.01377315 -0.18175443 -0.01044020
v -0.01276867 -0.17081524 -0.01375537
v -0.01454680 -0.19059202 -0.00172486
v -0.00735252 -0.00827292 0.05359158
v -0.06782385 -0.03273946 -0.01583870
v -0.06738406 -0.04051376 -0.02338680
v -0.06390314 -0.05251777 -0.01538700
v -0.06477230 -0.04377288 -0.00762964
v -0.05880434 -0.06289504 -0.00716881
v -0.06153364 -0.05251063 -0.00142826
v -0.05213185 -0.07078502 0.00225023
v -0.05658793 -0.06044470 0.00593307
v -0.04680949 -0.07526144 0.01239918
v -0.05138758 -0.06536946 0.01434173
v -0.03322196 -0.07987066 0.03574936
v -0.03183702 -0.08504862 0.03216531
v -0.02536186 -0.08860610 0.04053503
v -0.02584545 -0.08435108 0.04455425
v -0.01800300 -0.09116299 0.04772203
v -0.01848284 -0.08688074 0.05159012
v -0.00977134 -0.09206679 0.05175620
v -0.00969466 -0.08784678 0.05581479
v 0.00037289 -0.09198181 0.05354276
v 0.00037134 -0.08778231 0.05757627
v 0.00051880 -0.07765536 0.06016884
v -0.00847168 -0.07771982 0.05889406
v -0.00896817 -0.08284013 0.05816173
v 0.00039585 -0.08338346 0.05943879
v -0.01580087 -0.07679565 0.05490563
v -0.01732772 -0.08215631 0.05377106
v -0.02233414 -0.07456922 0.04921957
v -0.02443372 -0.07978959 0.04749354
v -0.03014793 -0.07030901 0.04227206
v -0.03209846 -0.07546900 0.03931746
v -0.03637386 -0.06497253 0.03780154
v -0.03927068 -0.06801838 0.03304489
v -0.00924063 -0.09519072 0.04510540
v 0.00031250 -0.09512808 0.04762712
v -0.01699036 -0.09421448 0.04124256
v -0.02388853 -0.09158783 0.03476016
v -0.02983481 -0.08905844 0.02716596
v -0.04076190 -0.07886982 0.02261399
v -0.03569545 -0.08625911 0.01846637
v -0.04220104 -0.08155967 0.00953923
v -0.04732482 -0.07709444 -0.00152264
v -0.05563102 -0.06889363 -0.01266303
v -0.06235098 -0.05741926 -0.02281959
v -0.06640825 -0.04528173 -0.03071435
v -0.06950614 -0.03272364 -0.02871111
v -0.01470673 -0.07240641 0.05476404
v -0.00775385 -0.07293661 0.05831490
v -0.02077809 -0.07047190 0.05012691
v -0.02797626 -0.06612597 0.04471459
v -0.03367784 -0.06130151 0.04139866
v -0.03847750 -0.04917785 0.04030788
v -0.03740603 -0.05556359 0.04026090
v -0.03668898 -0.03666496 0.04201499
v -0.03813705 -0.04286135 0.04116939
v -0.04396978 -0.02969538 0.03539471
v -0.04582227 -0.03857408 0.03293458
v -0.04196385 -0.04130151 0.03735271
v -0.04040936 -0.03359573 0.03872181
v -0.04747418 -0.02326745 0.03195805
v -0.04975494 -0.03415683 0.02838639
v -0.00817835 -0.09709508 0.03883405
v 0.00028248 -0.09712233 0.04012595
v -0.01505222 -0.09659091 0.03523283
v -0.02099358 -0.09507781 0.02915643
v -0.02536570 -0.09403434 0.02200398
v -0.03019018 -0.09234066 0.01400958
v -0.03483351 -0.08945391 0.00521741
v -0.04100754 -0.08518188 -0.00534774
v -0.05026601 -0.07647678 -0.01787895
v -0.05993099 -0.06220995 -0.02909858
v -0.06396693 -0.04933945 -0.03742261
v -0.02136884 -0.10030930 0.00928603
v -0.01755085 -0.09996568 0.01545389
v -0.01415241 -0.10072082 0.02129200
v -0.01088835 -0.10098191 0.02639740
v -0.00603085 -0.10170160 0.02570879
v 0.00045892 -0.10217720 0.02525533
v -0.00499336 -0.10300051 0.01744360
v 0.00074849 -0.10376149 0.01804768
v -0.00740328 -0.10532942 0.01297120
v 0.00080845 -0.10616210 0.01424979
v -0.00986377 -0.10869852 0.01065191
v 0.00051898 -0.11071759 0.01146190
v -0.04081194 -0.05769182 0.03620511
v -0.04432305 -0.05839597 0.03068843
v -0.04621624 -0.04832127 0.03093095
v -0.05048495 -0.04543809 0.02522305
v -0.04872504 -0.05752908 0.02405686
v -0.04234608 -0.04954636 0.03628030
v -0.05440297 -0.05394209 0.01623981
v -0.05519938 -0.04073544 0.01907951
v -0.05390544 -0.02762961 0.02408290
v -0.05877408 -0.03441371 0.01396390
v -0.05884564 -0.04820396 0.00884419
v -0.05754909 -0.02323048 0.01975708
v -0.06041737 -0.01856809 0.01591614
v -0.06130776 -0.02960522 0.00974897
v -0.06196813 -0.04111355 0.00403733
v -0.04401669 -0.07042962 0.02449373
v -0.06435688 -0.03497641 -0.00111053
v -0.06289408 -0.01468984 0.01145354
v -0.06352757 -0.02416402 0.00523484
v -0.06550938 -0.00928398 0.00567444
v -0.06651696 -0.01827590 -0.00304276
v -0.06727590 -0.02676026 -0.00953449
v -0.07003421 -0.02438699 -0.02472469
v 0.00050799 -0.07295595 0.05971761
v -0.06451423 -0.03366970 -0.05245934
v -0.02153763 -0.03003921 0.04967460
v -0.01656230 -0.02787843 0.05236239
v -0.01157448 -0.02701638 0.05550920
v -0.00747103 -0.02673397 0.05772989
v -0.00340404 -0.02693105 0.05882717
v 0.00011270 -0.12284233 0.00686765
v 0.00002616 0.04330678 0.04711523
v 0.00022718 -0.11549207 0.00984317
v 0.00051839 -0.05928957 0.04525594
v -0.00084624 0.12617749 -0.02779779
v 0.00053393 -0.06817909 0.05880705
v 0.00059087 -0.05364361 0.04752528
v 0.00029216 0.00284246 0.06820357
v 0.00050312 -0.06335065 0.05814117
v 0.00056709 -0.05202010 0.06373376
v 0.00068919 -0.04473303 0.06142311
v -0.00031639 0.07692669 0.03491498
v 0.00060488 -0.04778857 0.06296602
v 0.00032057 -0.02447715 0.05857746
v 0.00018857 -0.00152693 0.07152712
v 0.00070399 -0.04282757 0.06001628
v -0.00080781 -0.04766419 -0.11704641
v 0.00057042 -0.05601452 0.06227997
v 0.00053440 -0.04713882 0.05201355
v 0.00066919 -0.04207823 0.05828866
v 0.00083401 -0.04343618 0.04459343
v 0.00044535 -0.02753402 0.05927212
v 0.00045316 0.02116727 0.05404710
v -0.00071195 -0.00870424 -0.14009985
v 0.00034855 0.01788380 0.05668726
v -0.00082161 0.10022676 0.01906177
v -0.00062076 0.08698633 0.02959864
v 0.00027274 0.00687392 0.06500000
v -0.00041706 0.05517852 -0.15132193
v -0.00036955 0.07199388 -0.14777459
v -0.00020112 0.06075570 0.04156450
v -0.00055659 0.12574820 -0.08883677
v 0.00009940 -0.00557248 0.07355446
v 0.00019421 -0.01896089 0.06305775
v -0.00089589 0.11736110 -0.00433363
v -0.00055309 0.02011892 -0.14979716
v -0.00038641 0.11672428 -0.11254394
v 0.00067193 -0.04478301 0.06029854
v -0.00088163 0.12210057 -0.01551106
v 0.00073227 -0.04640846 0.05746017
v 0.00006924 -0.01563246 0.07072141
v -0.00063394 0.00411305 -0.14598565
v -0.00049279 0.03411793 -0.15132982
v 0.00045157 -0.03417647 0.06114513
v 0.00042935 -0.03021901 0.05982899
v -0.00045001 0.12219730 -0.10106451
v 0.00012805 0.04925763 0.04655078
v 0.00052574 -0.03679401 0.06220731
v 0.00016566 0.03032253 0.04804438
v 0.00059010 -0.03961677 0.06263066
v -0.00012686 -0.12856545 0.00352079
v -0.00034512 0.09638850 -0.13446203
v 0.00061484 -0.04225250 0.06161133
v 0.00082030 -0.04550303 0.05105242
v 0.00039632 0.01087405 0.06205199
v 0.00083757 -0.04464114 0.04783710
v -0.00021862 0.06739491 0.03815009
v 0.00025094 -0.02174782 0.05919785
v 0.00025245 -0.02118604 0.05963096
v 0.00025534 0.02773880 0.04923253
v -0.00075550 0.09386218 0.02492828
v 0.00016233 0.03294589 0.04749829
v 0.00037145 -0.02256398 0.05878790
v -0.00034368 0.08696543 -0.14100891
v -0.00068789 0.13005544 -0.07199860
v -0.00072629 0.13086803 -0.05900957
v 0.00037173 0.02433437 0.05167207
v 0.00044400 0.01462155 0.05910594
v -0.00076712 -0.05739852 -0.11539330
v 0.00004887 -0.01230343 0.07328838
v 0.00003940 -0.00945044 0.07404739
v -0.00089235 0.11183994 0.00513024
v -0.00074739 -0.01838151 -0.13523935
v -0.00078882 0.12985064 -0.04243875
v -0.00086672 0.10609323 0.01263131
v -0.00078893 -0.03611040 -0.12390079
v -0.00075994 -0.02614190 -0.13120271
v 0.00008536 -0.01673791 0.06900173
v -0.00006644 0.03631025 0.04692424
v 0.00010926 -0.01810873 0.06581303
v -0.00035186 0.10920048 -0.12319338
v 0.00025023 -0.02014890 0.06084615
v 0.00792914 -0.00846700 0.05350747
v 0.06794748 -0.03299519 -0.01538169
v 0.06757930 -0.04082699 -0.02305815
v 0.06441731 -0.05270657 -0.01510142
v 0.06526840 -0.04401824 -0.00728568
v 0.05974030 -0.06320228 -0.00699064
v 0.06240383 -0.05285090 -0.00120366
v 0.05343780 -0.07120720 0.00232887
v 0.05770120 -0.06088765 0.00607662
v -0.00470625 -0.01578374 0.06813080
v -0.00355178 -0.01729313 0.06556568
v 0.04808833 -0.07574747 0.01255766
v 0.05253465 -0.06581728 0.01450442
v -0.01612862 0.02305143 0.03505494
v -0.00840341 -0.01906556 0.05571640
v -0.00761004 0.00461184 0.06117134
v -0.01499332 0.02322177 0.03543429
v 0.03402711 -0.08030371 0.03636836
v 0.03280745 -0.08543675 0.03271188
v 0.02622762 -0.08896612 0.04123878
v 0.02691185 -0.08478920 0.04545093
v -0.01112194 -0.01869329 0.05471954
v 0.01895883 -0.09154215 0.04839408
v 0.01946563 -0.08723012 0.05225089
v 0.01056535 -0.09224114 0.05212262
v 0.01056418 -0.08808392 0.05617271
v -0.00724489 0.01183799 0.05569427
v -0.00918930 0.02180273 0.04366430
v 0.00936829 -0.07776918 0.05921520
v 0.00990424 -0.08300399 0.05850513
v -0.00717942 0.00809010 0.05849623
v -0.01714538 -0.01522153 0.05496321
v -0.01513502 -0.01819691 0.05371001
v -0.00774817 -0.01005770 0.07073100
v -0.00861959 -0.00711637 0.06975948
v 0.01697358 -0.07704244 0.05534644
v -0.00842952 -0.01310150 0.06866817
v -0.00541845 -0.01476707 0.06924318
v 0.01836532 -0.08237164 0.05435321
v -0.01753725 0.02292402 0.03572312
v -0.02841452 0.02407390 0.02954084
v -0.00689058 -0.01208211 0.07058021
v -0.00352408 -0.01391353 0.07104021
v -0.02073573 0.02398441 0.03360073
v -0.01687305 0.02301727 0.03541698
v -0.01317055 -0.01108265 0.06379914
v -0.00776888 0.02061337 0.04772799
v 0.02349414 -0.07477578 0.04998462
v 0.02557642 -0.08005424 0.04831406
v 0.03133677 -0.07055733 0.04307964
v 0.03325218 -0.07581965 0.04009656
v -0.01602567 -0.01248355 0.05929367
v 0.03748846 -0.06519880 0.03838584
v 0.04029679 -0.06836133 0.03356649
v 0.00992966 -0.09534950 0.04544463
v -0.01834516 0.02305258 0.03566092
v -0.01893919 0.02330106 0.03559408
v -0.00823521 0.00068650 0.06428210
v 0.01764788 -0.09450244 0.04173734
v 0.02456440 -0.09188833 0.03533514
v 0.03074094 -0.08941463 0.02768996
v 0.04181335 -0.07930879 0.02297581
v -0.02340872 0.02384847 0.03389494
v -0.00301589 -0.01875562 0.06048798
v -0.01122364 -0.01203178 0.06619149
v -0.00968489 -0.01266989 0.06761003
v -0.00351422 -0.01960809 0.05866284
v 0.03676482 -0.08668354 0.01882973
v 0.04334356 -0.08183027 0.00957067
v -0.01268495 0.02288703 0.03748389
v 0.04840178 -0.07726683 -0.00169738
v -0.00740909 0.01810758 0.05108009
v -0.00722072 0.01497697 0.05364801
v 0.05641084 -0.06913708 -0.01278563
v 0.06257535 -0.05762811 -0.02281934
v -0.00300432 -0.01800776 0.06298637
v 0.06640123 -0.04555406 -0.03050489
v 0.06911127 -0.03298864 -0.02814493
v 0.01576570 -0.07251777 0.05521986
v 0.00878613 -0.07301357 0.05867241
v 0.02193527 -0.07063214 0.05077447
v -0.00868744 -0.00341778 0.06759965
v 0.02914991 -0.06619713 0.04537083
v 0.03483133 -0.06139543 0.04182759
v 0.03970660 -0.04933498 0.04046178
v -0.00616131 -0.01906795 0.05721357
v 0.03845738 -0.05566135 0.04053456
v 0.03764782 -0.03669488 0.04197207
v 0.03921868 -0.04294066 0.04126854
v 0.04479202 -0.02990702 0.03537587
v 0.04668289 -0.03881295 0.03301832
v 0.04303593 -0.04147466 0.03749437
v 0.00003802 -0.01418015 0.07207893
v -0.00609044 -0.01362410 0.07000995
v 0.04136048 -0.03373086 0.03872390
v 0.04819018 -0.02355813 0.03173384
v 0.05046404 -0.03441322 0.02837115
v 0.00882488 -0.09703609 0.03897131
v -0.02954582 0.03690231 0.04021114
v -0.02953505 0.03453271 0.03955750
v 0.01568789 -0.09674229 0.03554461
v 0.02176941 -0.09528481 0.02954797
v 0.02617288 -0.09423741 0.02232290
v 0.03092085 -0.09251761 0.01416999
v 0.03565674 -0.08951530 0.00501654
v 0.04159993 -0.08501536 -0.00561132
v -0.02284727 0.03973386 0.04240972
v -0.00510588 0.03965939 0.04654928
v -0.01048448 0.03974422 0.04568199
v 0.05097345 -0.07651877 -0.01803247
v -0.03101405 0.03016621 0.03844681
v -0.03141819 0.02785911 0.03666566
v -0.02951573 0.03247714 0.03839322
v -0.03120427 0.02841829 0.03820058
v -0.03123695 0.02916558 0.03871360
v 0.06000387 -0.06240296 -0.02918730
v -0.02988403 0.03167399 0.03798995
v 0.06361762 -0.04933469 -0.03722738
v -0.02976780 0.03190942 0.03816964
v 0.02203280 -0.10029417 0.00893826
v -0.02760772 0.03892777 0.04093606
v 0.01839059 -0.09988912 0.01538650
v 0.01503752 -0.10071814 0.02140965
v -0.03038882 0.03121100 0.03798061
v -0.03147108 0.02743522 0.03483461
v 0.01187155 -0.10106531 0.02656316
v -0.03215801 0.02576126 0.02999459
v 0.00700519 -0.10176282 0.02579547
v -0.00000072 0.03981400 0.04705799
v -0.02176609 0.04898791 0.04482077
v -0.05113783 0.04756517 0.02371125
v 0.00634534 -0.10309708 0.01747620
v -0.05462382 0.04255288 0.02124279
v 0.00842248 -0.10534871 0.01274003
v -0.04842370 0.00771712 0.02913618
v -0.05100374 0.00841543 0.02661636
v -0.01902656 0.04329155 0.04552869
v 0.01052104 -0.10881021 0.01033021
v 0.04181385 -0.05786245 0.03651221
v 0.04522697 -0.05867187 0.03099441
v 0.04709808 -0.04860713 0.03117396
v 0.05129810 -0.04571810 0.02535640
v -0.02597813 0.06627546 0.03395942
v -0.03076928 0.11279806 -0.00987442
v -0.02503588 0.05998845 0.03847110
v -0.03922981 0.05318316 0.03384431
v 0.04979547 -0.05783549 0.02432329
v -0.03081582 0.10794009 -0.00134516
v 0.04345172 -0.04976232 0.03647587
v 0.05535321 -0.05427543 0.01638015
v 0.05587800 -0.04092972 0.01919278
v 0.05455068 -0.02792237 0.02396770
v 0.05939178 -0.03468231 0.01406830
v -0.04620915 0.05152649 0.02777800
v 0.05968297 -0.04845880 0.00909640
v -0.05562466 0.01270725 0.01921123
v -0.00681814 0.05450106 0.04481007
v -0.05700051 0.01857010 0.01602891
v 0.05807510 -0.02349253 0.01971920
v -0.01508742 0.05442448 0.04458337
v -0.02763283 0.12430996 -0.07035649
v 0.06089945 -0.01883553 0.01588515
v 0.06178966 -0.02985832 0.00990218
v 0.06251533 -0.04137765 0.00423574
v 0.04519030 -0.07079841 0.02477072
v -0.01390102 0.03677404 0.04282530
v 0.06477605 -0.03526343 -0.00075642
v -0.03888278 0.00891959 0.03484549
v -0.04188637 0.00837629 0.03347011
v 0.06330287 -0.01496569 0.01149960
v -0.03144944 0.12388804 -0.05940490
v -0.05474722 0.01088388 0.02125418
v -0.02918363 0.08408520 0.02420520
v -0.01008149 0.03009411 0.04097077
v -0.01181895 0.03298561 0.04115839
v -0.03001613 0.09080212 0.01871205
v 0.06393395 -0.02447065 0.00541435
v 0.06572882 -0.00952231 0.00572886
v 0.06677977 -0.01857569 -0.00281356
v -0.03046184 0.09700961 0.01240353
v 0.06733453 -0.02699229 -0.00916899
v 0.06963450 -0.02464478 -0.02409333
v -0.03117457 0.11716456 -0.01997041
v -0.02226120 0.01265526 0.03857632
v 0.06376005 -0.03384139 -0.05229274
v 0.02249971 -0.03006479 0.04989260
v 0.01749673 -0.02796019 0.05267194
v -0.05699676 0.03667060 0.01896194
v -0.05785879 0.03030101 0.01748713
v -0.03196875 0.12304387 -0.04589003
v -0.03166682 0.01004041 0.03740452
v -0.05753646 0.02439411 0.01637330
v -0.01602340 0.12629546 -0.07836180
v 0.01250274 -0.02714287 0.05585632
v -0.05316539 0.00934319 0.02394056
v 0.00845737 -0.02677952 0.05813468
v 0.00434015 -0.02694244 0.05909958
v -0.03216162 0.05405216 0.03868324
v -0.03548273 0.00941132 0.03627235
v -0.00947604 0.02699122 0.04085368
v -0.01775157 0.01508565 0.03887899
v -0.01434000 0.01806819 0.03916718
v -0.03066440 0.10265577 0.00592820
v -0.01181931 0.02089190 0.03991412
v -0.00992931 0.02373251 0.04063240
v -0.02687751 0.01096043 0.03835175
v -0.02777939 0.07499968 0.03003358
v -0.03144978 0.12062325 -0.03221146
v -0.04523931 0.00797465 0.03144122
v -0.00064791 0.12754911 -0.08122601
v -0.00015259 0.05481359 0.04461521
v -0.01077434 0.02232775 0.04048305
v -0.01651763 0.03982225 0.04440164
v -0.02384998 0.05431321 0.04248927
v 0.00057346 -0.05936259 0.05958050
v -0.02652921 -0.04099800 0.04904986
v -0.02784476 -0.04313672 0.04784067
v -0.02745135 -0.04951992 0.04652560
v -0.01934496 -0.03573241 0.05380760
v -0.02379716 -0.03855881 0.05098400
v -0.01812709 -0.05662076 0.05432506
v -0.02833030 -0.04524364 0.04700268
v -0.01249485 -0.05822306 0.05759900
v -0.02838241 -0.04738858 0.04637875
v -0.00653643 -0.05916492 0.05942022
v 0.00045075 -0.03204564 0.06057898
v -0.00912033 -0.03190217 0.05916194
v -0.00431155 -0.03163240 0.06054756
v -0.01419486 -0.03329212 0.05669892
v -0.02556798 -0.05185127 0.04796386
v -0.02278451 -0.05435010 0.05050680
v 0.00487196 -0.01590891 0.06817812
v 0.00376878 -0.01735091 0.06558133
v 0.01654698 0.02282942 0.03452898
v 0.00893560 -0.01926288 0.05581839
v 0.00775291 0.00426050 0.06087073
v 0.01542987 0.02301458 0.03497029
v 0.01171012 -0.01892808 0.05481858
v 0.00770507 0.01162727 0.05551187
v 0.00979148 0.02172784 0.04347029
v 0.00748920 0.00784247 0.05826659
v 0.01788907 -0.01563786 0.05508118
v 0.01578368 -0.01852829 0.05383250
v 0.00769199 -0.01023082 0.07054564
v 0.00849735 -0.00741660 0.06946001
v 0.00844534 -0.01322215 0.06857906
v 0.00553454 -0.01489681 0.06926762
v 0.01792707 0.02269315 0.03506768
v 0.02888513 0.02377081 0.02882148
v 0.00689086 -0.01217789 0.07048281
v 0.00360005 -0.01397484 0.07105990
v 0.02126145 0.02349472 0.03291338
v 0.01729702 0.02277821 0.03481546
v 0.01346663 -0.01138150 0.06378248
v 0.00839767 0.02055016 0.04757463
v 0.01656060 -0.01284824 0.05935818
v 0.01875715 0.02279905 0.03499036
v 0.01934185 0.02301820 0.03491021
v 0.00821859 0.00026400 0.06392606
v 0.02392585 0.02330047 0.03317005
v 0.00342570 -0.01881543 0.06048912
v 0.01133270 -0.01224633 0.06611546
v 0.00972063 -0.01283555 0.06751955
v 0.00397558 -0.01965794 0.05865112
v 0.01318231 0.02270987 0.03708312
v 0.00797941 0.01798025 0.05095601
v 0.00775512 0.01479085 0.05351393
v 0.00334558 -0.01811922 0.06301674
v 0.00860875 -0.00379872 0.06728003
v 0.00670186 -0.01920883 0.05729055
v 0.00612949 -0.01370735 0.06994975
v 0.02970111 0.03699271 0.03975075
v 0.02975910 0.03462192 0.03917512
v 0.02284525 0.03960481 0.04233971
v 0.00509235 0.03965908 0.04641022
v 0.01048241 0.03968240 0.04567603
v 0.03124279 0.03015016 0.03806881
v 0.03153616 0.02792253 0.03620725
v 0.02969385 0.03261730 0.03784659
v 0.03147076 0.02822411 0.03788852
v 0.03147358 0.02905967 0.03840312
v 0.03008217 0.03174539 0.03746421
v 0.03002246 0.03191894 0.03773398
v 0.02766888 0.03896704 0.04069506
v 0.03063574 0.03118998 0.03754894
v 0.03174136 0.02746635 0.03427604
v 0.03250376 0.02570219 0.02943144
v 0.02151186 0.04898328 0.04483879
v 0.05066057 0.04748773 0.02345633
v 0.05419331 0.04241456 0.02093967
v 0.04872001 0.00741652 0.02850484
v 0.05117698 0.00816430 0.02597230
v 0.01883614 0.04313712 0.04543741
v 0.02480296 0.06615236 0.03354532
v 0.02906451 0.11268847 -0.00997784
v 0.02418927 0.05992791 0.03811903
v 0.03856572 0.05313415 0.03337213
v 0.02907549 0.10774449 -0.00147127
v 0.04563524 0.05144797 0.02736595
v 0.05563258 0.01255048 0.01867811
v 0.00646861 0.05448933 0.04483144
v 0.05732063 0.01844377 0.01572264
v 0.01472760 0.05440521 0.04457698
v 0.02638629 0.12433132 -0.07034954
v 0.01400458 0.03673490 0.04272971
v 0.03923706 0.00856498 0.03428140
v 0.04223635 0.00802603 0.03287394
v 0.03009589 0.12390880 -0.05941737
v 0.05472761 0.01071040 0.02064584
v 0.02763139 0.08372848 0.02381252
v 0.01042877 0.03005466 0.04085306
v 0.01204468 0.03294473 0.04101584
v 0.02842071 0.09025969 0.01857590
v 0.02877141 0.09659690 0.01224438
v 0.02953863 0.11711551 -0.02004784
v 0.02265149 0.01230772 0.03775356
v 0.05678710 0.03652335 0.01862298
v 0.05804787 0.03018009 0.01720938
v 0.03051450 0.12306152 -0.04592779
v 0.03208576 0.00964332 0.03670083
v 0.05789769 0.02426944 0.01608450
v 0.01476235 0.12629083 -0.07835270
v 0.05326317 0.00911224 0.02329257
v 0.03151428 0.05406954 0.03838273
v 0.03581673 0.00904668 0.03568354
v 0.00988777 0.02692224 0.04072836
v 0.01811917 0.01480861 0.03814038
v 0.01478538 0.01783656 0.03855346
v 0.02892685 0.10236002 0.00578021
v 0.01242354 0.02073848 0.03948544
v 0.01044804 0.02361781 0.04045969
v 0.02717151 0.01058337 0.03749592
v 0.02643806 0.07483597 0.02974869
v 0.02990060 0.12062012 -0.03226924
v 0.04557632 0.00762225 0.03082057
v 0.01133459 0.02219424 0.04018607
v 0.01649784 0.03970430 0.04434450
v 0.02335185 0.05429940 0.04247437
v 0.02778132 -0.04098992 0.04923556
v 0.02909423 -0.04314823 0.04795741
v 0.02851858 -0.04951341 0.04669609
v 0.02062680 -0.03571344 0.05420526
v 0.02504104 -0.03857654 0.05125269
v 0.01907242 -0.05673006 0.05469431
v 0.02946629 -0.04524233 0.04713930
v 0.01356060 -0.05828210 0.05788910
v 0.02949710 -0.04738724 0.04657691
v 0.00755964 -0.05916749 0.05955927
v 0.01014466 -0.03185728 0.05952550
v 0.00526244 -0.03157967 0.06081523
v 0.01528950 -0.03323553 0.05710708
v 0.02673692 -0.05185880 0.04819616
v 0.02385121 -0.05441638 0.05092839
v 0.03251857 0.02426928 0.02360581
v -0.03210367 0.02434380 0.02419961
v 0.03066682 0.02415164 0.03689646
v 0.02910071 0.02415228 0.03642164
v 0.02765637 0.02415294 0.03565203
v 0.02644567 0.02415320 0.03465576
v 0.03069871 0.02446940 0.03689539
v 0.02916168 0.02477692 0.03642089
v 0.02774535 0.02505924 0.03565167
v 0.02655805 0.02529629 0.03465512
v 0.03079084 0.02477615 0.03689548
v 0.02934388 0.02537619 0.03641991
v 0.02800906 0.02593024 0.03565135
v 0.02688953 0.02639423 0.03465610
v 0.03094077 0.02505783 0.03689616
v 0.02963872 0.02592966 0.03642191
v 0.02843733 0.02673328 0.03565211
v 0.02742995 0.02740679 0.03465608
v 0.03114360 0.02530434 0.03689611
v 0.03003563 0.02641373 0.03642202
v 0.02901367 0.02743694 0.03565275
v 0.02815620 0.02829530 0.03465829
v 0.03138971 0.02550784 0.03689747
v 0.03051920 0.02681148 0.03642277
v 0.02971666 0.02801402 0.03565239
v 0.02904423 0.02902220 0.03465571
v 0.03167119 0.02565783 0.03689722
v 0.03107207 0.02710646 0.03642108
v 0.03051887 0.02844268 0.03565180
v 0.03005606 0.02956298 0.03465506
v 0.03197786 0.02574996 0.03689418
v 0.03167111 0.02728850 0.03642083
v 0.03138945 0.02870704 0.03565194
v 0.03115294 0.02989549 0.03465487
v 0.03229514 0.02578137 0.03689434
v 0.03229488 0.02734926 0.03641921
v 0.03229477 0.02879552 0.03564997
v 0.03229482 0.03000793 0.03465379
v 0.03261255 0.02575064 0.03689587
v 0.03291877 0.02728829 0.03642030
v 0.03320006 0.02870595 0.03564951
v 0.03343645 0.02989402 0.03465199
v 0.03291879 0.02565750 0.03689605
v 0.03351738 0.02710588 0.03641992
v 0.03407001 0.02844103 0.03564821
v 0.03453301 0.02956058 0.03465083
v 0.03319981 0.02550696 0.03689461
v 0.03406978 0.02680983 0.03641878
v 0.03487172 0.02801143 0.03564665
v 0.03554408 0.02901882 0.03464895
v 0.03344568 0.02530326 0.03689288
v 0.03455271 0.02641165 0.03641651
v 0.03557388 0.02743376 0.03564459
v 0.03643091 0.02829068 0.03464724
v 0.03364821 0.02505662 0.03689149
v 0.03494919 0.02592728 0.03641450
v 0.03614928 0.02672962 0.03564171
v 0.03715555 0.02740180 0.03464259
v 0.03379823 0.02477512 0.03689094
v 0.03524427 0.02537409 0.03641390
v 0.03657619 0.02592635 0.03563873
v 0.03769320 0.02638893 0.03463738
v 0.03389072 0.02446876 0.03689164
v 0.03542366 0.02477451 0.03640949
v 0.03683793 0.02505525 0.03563442
v 0.03802313 0.02529138 0.03463319
v 0.03392147 0.02415083 0.03688962
v 0.03548572 0.02415056 0.03641056
v 0.03692612 0.02414965 0.03563242
v 0.03813515 0.02414900 0.03463089
v 0.03388953 0.02383307 0.03688721
v 0.03542322 0.02352592 0.03640675
v 0.03683766 0.02324375 0.03563225
v 0.03802228 0.02300666 0.03463041
v 0.03379736 0.02352620 0.03688829
v 0.03524281 0.02292642 0.03640838
v 0.03657529 0.02237263 0.03563359
v 0.03769228 0.02190896 0.03463273
v 0.03364692 0.02324462 0.03688758
v 0.03494705 0.02237352 0.03640624
v 0.03614783 0.02156967 0.03563441
v 0.03715457 0.02089624 0.03463601
v 0.03344517 0.02299769 0.03689093
v 0.03455199 0.02188869 0.03641085
v 0.03557323 0.02086531 0.03563802
v 0.03643161 0.02000642 0.03464229
v 0.03319931 0.02279412 0.03689016
v 0.03406973 0.02148991 0.03641385
v 0.03487291 0.02028633 0.03564385
v 0.03554619 0.01927786 0.03464599
v 0.03291897 0.02264346 0.03689227
v 0.03351814 0.02119418 0.03641570
v 0.03407205 0.01985684 0.03564641
v 0.03453637 0.01873579 0.03464970
v 0.03261313 0.02254992 0.03689319
v 0.03292043 0.02101081 0.03641853
v 0.03320286 0.01959173 0.03564846
v 0.03344030 0.01840287 0.03465120
v 0.03229605 0.02251909 0.03689348
v 0.03229683 0.02095025 0.03641844
v 0.03229789 0.01950283 0.03564924
v 0.03229927 0.01829003 0.03465314
v 0.03197899 0.02255005 0.03689446
v 0.03167356 0.02101100 0.03642106
v 0.03139313 0.01959220 0.03565129
v 0.03115754 0.01840355 0.03465398
v 0.03167250 0.02264346 0.03689577
v 0.03107445 0.02119404 0.03642125
v 0.03052271 0.01985800 0.03565097
v 0.03006085 0.01873741 0.03465389
v 0.03139125 0.02279360 0.03689880
v 0.03052205 0.02148994 0.03642314
v 0.02972097 0.02028809 0.03565088
v 0.02904934 0.01927986 0.03465376
v 0.03114487 0.02299778 0.03689659
v 0.03003811 0.02188884 0.03642163
v 0.02901772 0.02086614 0.03565075
v 0.02816195 0.02000840 0.03465495
v 0.03094187 0.02324472 0.03689614
v 0.02964097 0.02237358 0.03642134
v 0.02844058 0.02157047 0.03565064
v 0.02743486 0.02089796 0.03465281
v 0.03229509 0.02415103 0.03705473
v 0.03079138 0.02352679 0.03689564
v 0.02934497 0.02292744 0.03642049
v 0.02801184 0.02237433 0.03564993
v 0.02689436 0.02191149 0.03465183
v 0.03069883 0.02383368 0.03689615
v 0.02916219 0.02352725 0.03642136
v 0.02774748 0.02324610 0.03565022
v 0.02656071 0.02300997 0.03465279
v 0.02526388 0.02415359 0.03380189
v 0.02343772 0.02415400 0.03234958
v 0.02187996 0.02415446 0.03044989
v 0.02072332 0.02415464 0.02828252
v 0.02001217 0.02415464 0.02592933
v 0.01977372 0.02415496 0.02348460
v 0.02001542 0.02415345 0.02103500
v 0.02072784 0.02415254 0.01868106
v 0.02188603 0.02415171 0.01651086
v 0.02344494 0.02415079 0.01460974
v 0.02534320 0.02414990 0.01304857
v 0.02751003 0.02414910 0.01188893
v 0.02985998 0.02414832 0.01117561
v 0.02539785 0.02552747 0.03380147
v 0.02360615 0.02588403 0.03235076
v 0.02207682 0.02618963 0.03045246
v 0.02094336 0.02641473 0.02828387
v 0.02024660 0.02655398 0.02593043
v 0.02001272 0.02660058 0.02348298
v 0.02024949 0.02655271 0.02103538
v 0.02094935 0.02641235 0.01868146
v 0.02208552 0.02618591 0.01651105
v 0.02361465 0.02588016 0.01460987
v 0.02547701 0.02550941 0.01304883
v 0.02760069 0.02508550 0.01188904
v 0.02990677 0.02462554 0.01117561
v 0.02579734 0.02684835 0.03380222
v 0.02410813 0.02754915 0.03235198
v 0.02266915 0.02814591 0.03045287
v 0.02160171 0.02858840 0.02828326
v 0.02094482 0.02886149 0.02593020
v 0.02072381 0.02895314 0.02348230
v 0.02094724 0.02886030 0.02103499
v 0.02160726 0.02858573 0.01868137
v 0.02267769 0.02814178 0.01651100
v 0.02411771 0.02754441 0.01460996
v 0.02587220 0.02681564 0.01304888
v 0.02787403 0.02598573 0.01188908
v 0.03004594 0.02508467 0.01117563
v 0.02644527 0.02806613 0.03380445
v 0.02492628 0.02908212 0.03235284
v 0.02363154 0.02994841 0.03045271
v 0.02267072 0.03059136 0.02828265
v 0.02207967 0.03098658 0.02592974
v 0.02188114 0.03112011 0.02348179
v 0.02208249 0.03098521 0.02103456
v 0.02267656 0.03058836 0.01868102
v 0.02363968 0.02994401 0.01651098
v 0.02493532 0.02907708 0.01460993
v 0.02651459 0.02802056 0.01304871
v 0.02831623 0.02681471 0.01188900
v 0.03027103 0.02550772 0.01117563
v 0.02732008 0.02913231 0.03380347
v 0.02602900 0.03042466 0.03235049
v 0.02492747 0.03152756 0.03045142
v 0.02411033 0.03234609 0.02828188
v 0.02360796 0.03284980 0.02592881
v 0.02343917 0.03301944 0.02348142
v 0.02361052 0.03284834 0.02103404
v 0.02411544 0.03234335 0.01868080
v 0.02493429 0.03152359 0.01651089
v 0.02603684 0.03042012 0.01460979
v 0.02737971 0.02907600 0.01304865
v 0.02891208 0.02754247 0.01188911
v 0.03057549 0.02587756 0.01117555
v 0.02838662 0.03000647 0.03380190
v 0.02737233 0.03152613 0.03234872
v 0.02650657 0.03282281 0.03044964
v 0.02586447 0.03378578 0.02828071
v 0.02547021 0.03437871 0.02592781
v 0.02533720 0.03457863 0.02348092
v 0.02547248 0.03437762 0.02103370
v 0.02586880 0.03378345 0.01868053
v 0.02651255 0.03281939 0.01651089
v 0.02737880 0.03152246 0.01460963
v 0.02843433 0.02994183 0.01304853
v 0.02963907 0.02813869 0.01188875
v 0.03094496 0.02618220 0.01117547
v 0.02960307 0.03065497 0.03379942
v 0.02890416 0.03234412 0.03234661
v 0.02830831 0.03378492 0.03044831
v 0.02786680 0.03485518 0.02827958
v 0.02759422 0.03551473 0.02592767
v 0.02750402 0.03573703 0.02348074
v 0.02759548 0.03551396 0.02103340
v 0.02786985 0.03485374 0.01868026
v 0.02831325 0.03378228 0.01651061
v 0.02891017 0.03234106 0.01460938
v 0.02963828 0.03058504 0.01304838
v 0.03046749 0.02858154 0.01188879
v 0.03136772 0.02640765 0.01117547
v 0.03092257 0.03105536 0.03379862
v 0.03056735 0.03284762 0.03234565
v 0.03026300 0.03437762 0.03044709
v 0.03003857 0.03551428 0.02827849
v 0.02990031 0.03621397 0.02592736
v 0.02985413 0.03644928 0.02348084
v 0.02990161 0.03621310 0.02103337
v 0.03004159 0.03551263 0.01867994
v 0.03026742 0.03437515 0.01651023
v 0.03057287 0.03284473 0.01460902
v 0.03094327 0.03098064 0.01304816
v 0.03136675 0.02885491 0.01188851
v 0.03182637 0.02654684 0.01117534
v 0.03229517 0.03118980 0.03379794
v 0.03229525 0.03301727 0.03234480
v 0.03229559 0.03457716 0.03044552
v 0.03229623 0.03573600 0.02827757
v 0.03229691 0.03644870 0.02592580
v 0.03229910 0.03669079 0.02348205
v 0.03229889 0.03644788 0.02103300
v 0.03229925 0.03573444 0.01867951
v 0.03229984 0.03457509 0.01650970
v 0.03230060 0.03301465 0.01460886
v 0.03230140 0.03111453 0.01304782
v 0.03230228 0.02894686 0.01188831
v 0.03230311 0.02659385 0.01117520
v 0.03366700 0.03105369 0.03379560
v 0.03402294 0.03284595 0.03234343
v 0.03432796 0.03437581 0.03044395
v 0.03455397 0.03551261 0.02827678
v 0.03469422 0.03621220 0.02592511
v 0.03474209 0.03644745 0.02347837
v 0.03469566 0.03621148 0.02103194
v 0.03455688 0.03551117 0.01867891
v 0.03433215 0.03437377 0.01650880
v 0.03402841 0.03284365 0.01460842
v 0.03365961 0.03097974 0.01304753
v 0.03323772 0.02885435 0.01188803
v 0.03277988 0.02654651 0.01117495
v 0.03498581 0.03065215 0.03379390
v 0.03568547 0.03234114 0.03234163
v 0.03628212 0.03378136 0.03044226
v 0.03672576 0.03485212 0.02827538
v 0.03700011 0.03551143 0.02592386
v 0.03709275 0.03573359 0.02347659
v 0.03700116 0.03551077 0.02103032
v 0.03672836 0.03485067 0.01867759
v 0.03628640 0.03377959 0.01650787
v 0.03569116 0.03233884 0.01460769
v 0.03496480 0.03058330 0.01304738
v 0.03413734 0.02858032 0.01188788
v 0.03323874 0.02640702 0.01117495
v 0.03620173 0.03000210 0.03379293
v 0.03721724 0.03152144 0.03234068
v 0.03808310 0.03281728 0.03044119
v 0.03872674 0.03378045 0.02827296
v 0.03912351 0.03437384 0.02592207
v 0.03925839 0.03457377 0.02347515
v 0.03912482 0.03437305 0.02102920
v 0.03872995 0.03377908 0.01867649
v 0.03808752 0.03281551 0.01650730
v 0.03722277 0.03151919 0.01460684
v 0.03616885 0.02993930 0.01304670
v 0.03496568 0.02813692 0.01188743
v 0.03366141 0.02618128 0.01117458
v 0.03726703 0.02912660 0.03379132
v 0.03855867 0.03041826 0.03233825
v 0.03966170 0.03152046 0.03043997
v 0.04048077 0.03233913 0.02827176
v 0.04098564 0.03284312 0.02592016
v 0.04115686 0.03301318 0.02347420
v 0.04098728 0.03284232 0.02102797
v 0.04048415 0.03233784 0.01867574
v 0.03966636 0.03151864 0.01650659
v 0.03856532 0.03041588 0.01460633
v 0.03722374 0.02907274 0.01304613
v 0.03569306 0.02754019 0.01188727
v 0.03403115 0.02587638 0.01117455
v 0.03814049 0.02805945 0.03378883
v 0.03966042 0.02907459 0.03233666
v 0.04095643 0.02994006 0.03043792
v 0.04192013 0.03058317 0.02827024
v 0.04251423 0.03097867 0.02591862
v 0.04271590 0.03111267 0.02347339
v 0.04251651 0.03097799 0.02102740
v 0.04192410 0.03058188 0.01867533
v 0.04096207 0.02993820 0.01650642
v 0.03966750 0.02907210 0.01460589
v 0.03808951 0.02801676 0.01304582
v 0.03628928 0.02681205 0.01188693
v 0.03433572 0.02550631 0.01117425
v 0.03878669 0.02684190 0.03378382
v 0.04047664 0.02754121 0.03233243
v 0.04191919 0.02813718 0.03043646
v 0.04299069 0.02857952 0.02826931
v 0.04365133 0.02885279 0.02591886
v 0.04387479 0.02894369 0.02347296
v 0.04365286 0.02885223 0.02102658
v 0.04299448 0.02857846 0.01867454
v 0.04192517 0.02813528 0.01650584
v 0.04048635 0.02753887 0.01460575
v 0.03873305 0.02681137 0.01304587
v 0.03673233 0.02598282 0.01188717
v 0.03456130 0.02508314 0.01117443
v 0.03918467 0.02552150 0.03377917
v 0.04097847 0.02587673 0.03232818
v 0.04251155 0.02618089 0.03043386
v 0.04365016 0.02640550 0.02826830
v 0.04435153 0.02654468 0.02591844
v 0.04458827 0.02659154 0.02347324
v 0.04435330 0.02654413 0.02102675
v 0.04365448 0.02640454 0.01867463
v 0.04251882 0.02617898 0.01650564
v 0.04099075 0.02587446 0.01460573
v 0.03912911 0.02550484 0.01304566
v 0.03700601 0.02508236 0.01188677
v 0.03470065 0.02462392 0.01117421
v 0.03931838 0.02414842 0.03377622
v 0.04114830 0.02414756 0.03232651
v 0.04271168 0.02414613 0.03043143
v 0.04387390 0.02414539 0.02826781
v 0.04458824 0.02414502 0.02591673
v 0.04483195 0.02414567 0.02347495
v 0.04458975 0.02414474 0.02102726
v 0.04387757 0.02414459 0.01867450
v 0.04271982 0.02414455 0.01650542
v 0.04116153 0.02414485 0.01460539
v 0.03926365 0.02414525 0.01304515
v 0.03709839 0.02414588 0.01188637
v 0.03474783 0.02414657 0.01117390
v 0.03918163 0.02277543 0.03377316
v 0.04097663 0.02241807 0.03232422
v 0.04251337 0.02211134 0.03043222
v 0.04365337 0.02188520 0.02826827
v 0.04435508 0.02174542 0.02591778
v 0.04459039 0.02169817 0.02347256
v 0.04435517 0.02174551 0.02102658
v 0.04365584 0.02188484 0.01867423
v 0.04252007 0.02211025 0.01650515
v 0.04099179 0.02241554 0.01460541
v 0.03912992 0.02278588 0.01304542
v 0.03700657 0.02320945 0.01188641
v 0.03470095 0.02366938 0.01117412
v 0.03878460 0.02145492 0.03377665
v 0.04047633 0.02075327 0.03232708
v 0.04192250 0.02015443 0.03043452
v 0.04299526 0.01971122 0.02826939
v 0.04365582 0.01943749 0.02591808
v 0.04387837 0.01934503 0.02347203
v 0.04365635 0.01943742 0.02102565
v 0.04299735 0.01971121 0.01867359
v 0.04192762 0.02015435 0.01650488
v 0.04048840 0.02075126 0.01460511
v 0.03873461 0.02147950 0.01304529
v 0.03673343 0.02230931 0.01188668
v 0.03456187 0.02321025 0.01117422
v 0.03814083 0.02023617 0.03378338
v 0.03966326 0.01921881 0.03233373
v 0.04096120 0.01835155 0.03043657
v 0.04192469 0.01770824 0.02826925
v 0.04251967 0.01731207 0.02591770
v 0.04272079 0.01717772 0.02347217
v 0.04252091 0.01731219 0.02102575
v 0.04192807 0.01770821 0.01867373
v 0.04096561 0.01835199 0.01650517
v 0.03967054 0.01921849 0.01460514
v 0.03809192 0.02027462 0.01304511
v 0.03629090 0.02148016 0.01188627
v 0.03433660 0.02278716 0.01117401
v 0.03726972 0.01916832 0.03378838
v 0.03856321 0.01787502 0.03233657
v 0.03966734 0.01677159 0.03043822
v 0.04048624 0.01595260 0.02827007
v 0.04099113 0.01544860 0.02591782
v 0.04116241 0.01527824 0.02347174
v 0.04099275 0.01544877 0.02102596
v 0.04048931 0.01595318 0.01867414
v 0.03967097 0.01677235 0.01650526
v 0.03856917 0.01787549 0.01460535
v 0.03722684 0.01921904 0.01304513
v 0.03569514 0.02075252 0.01188640
v 0.03403223 0.02241736 0.01117419
v 0.03620520 0.01829325 0.03379053
v 0.03722202 0.01677264 0.03233852
v 0.03808863 0.01547609 0.03043831
v 0.03873305 0.01451253 0.02827139
v 0.03912992 0.01391931 0.02591949
v 0.03926489 0.01371883 0.02347262
v 0.03913125 0.01391951 0.02102692
v 0.03873593 0.01451311 0.01867455
v 0.03809293 0.01547660 0.01650565
v 0.03722734 0.01677305 0.01460549
v 0.03617241 0.01835314 0.01304525
v 0.03496816 0.02015612 0.01188657
v 0.03366273 0.02211262 0.01117418
v 0.03230420 0.02414767 0.01093371
v 0.03498982 0.01764376 0.03379207
v 0.03569089 0.01595421 0.03233986
v 0.03628840 0.01451347 0.03043988
v 0.03673274 0.01344300 0.02827383
v 0.03700738 0.01278346 0.02592121
v 0.03710001 0.01256074 0.02347389
v 0.03700832 0.01278342 0.02102777
v 0.03673504 0.01344301 0.01867522
v 0.03629235 0.01451376 0.01650593
v 0.03569619 0.01595432 0.01460586
v 0.03496877 0.01771007 0.01304593
v 0.03414007 0.01971340 0.01188701
v 0.03324016 0.02188728 0.01117447
v 0.03367167 0.01724292 0.03379424
v 0.03402903 0.01545050 0.03234193
v 0.03433476 0.01392077 0.03044155
v 0.03456156 0.01278407 0.02827510
v 0.03470208 0.01208465 0.02592236
v 0.03474991 0.01184900 0.02347556
v 0.03470331 0.01208472 0.02102926
v 0.03456404 0.01278430 0.01867642
v 0.03433850 0.01392100 0.01650663
v 0.03403378 0.01545059 0.01460640
v 0.03366381 0.01731438 0.01304609
v 0.03324065 0.01943984 0.01188696
v 0.03278144 0.02174802 0.01117447
v 0.03230045 0.01710794 0.03379687
v 0.03230161 0.01528074 0.03234301
v 0.03230288 0.01372096 0.03044324
v 0.03230413 0.01256230 0.02827585
v 0.03230517 0.01184973 0.02592290
v 0.03230726 0.01160911 0.02347887
v 0.03230677 0.01185002 0.02103020
v 0.03230659 0.01256248 0.01867689
v 0.03230633 0.01372120 0.01650737
v 0.03230608 0.01528077 0.01460678
v 0.03230570 0.01718060 0.01304644
v 0.03230527 0.01934907 0.01188739
v 0.03230473 0.02170112 0.01117471
v 0.03092801 0.01724340 0.03379771
v 0.03057392 0.01545173 0.03234385
v 0.03027068 0.01392229 0.03044439
v 0.03004660 0.01278563 0.02827661
v 0.02990865 0.01208642 0.02592427
v 0.02986242 0.01185095 0.02347780
v 0.02990960 0.01208636 0.02103054
v 0.03004888 0.01278578 0.01867723
v 0.03027392 0.01392214 0.01650774
v 0.03057829 0.01545183 0.01460709
v 0.03094749 0.01731530 0.01304664
v 0.03136966 0.01944053 0.01188741
v 0.03182790 0.02174835 0.01117473
v 0.02960901 0.01764574 0.03379758
v 0.02891106 0.01595659 0.03234470
v 0.02831637 0.01451664 0.03044509
v 0.02787497 0.01344633 0.02827748
v 0.02760251 0.01278684 0.02592440
v 0.02751209 0.01256434 0.02347753
v 0.02760333 0.01278671 0.02103037
v 0.02787695 0.01344622 0.01867750
v 0.02831951 0.01451636 0.01650814
v 0.02891533 0.01595668 0.01460748
v 0.02964227 0.01771173 0.01304695
v 0.03047022 0.01971461 0.01188776
v 0.03136915 0.02188791 0.01117494
v 0.02839322 0.01829639 0.03379860
v 0.02737971 0.01677673 0.03234550
v 0.02651509 0.01548085 0.03044554
v 0.02587298 0.01451766 0.02827775
v 0.02547836 0.01392434 0.02592428
v 0.02534483 0.01372389 0.02347782
v 0.02547964 0.01392433 0.02103086
v 0.02587532 0.01451751 0.01867798
v 0.02651827 0.01548046 0.01650852
v 0.02738353 0.01677623 0.01460773
v 0.02843801 0.01835583 0.01304718
v 0.02964165 0.02015801 0.01188787
v 0.03094632 0.02211362 0.01117498
v 0.02732737 0.01917247 0.03379894
v 0.02603717 0.01788030 0.03234590
v 0.02493642 0.01677804 0.03044626
v 0.02411877 0.01595917 0.02827837
v 0.02361582 0.01545524 0.02592494
v 0.02344621 0.01528471 0.02347831
v 0.02361707 0.01545503 0.02103123
v 0.02412109 0.01595868 0.01867841
v 0.02493932 0.01677732 0.01650891
v 0.02604108 0.01787961 0.01460830
v 0.02738305 0.01922243 0.01304753
v 0.02891421 0.02075469 0.01188808
v 0.03057667 0.02241857 0.01117518
v 0.02645274 0.02024003 0.03379796
v 0.02493484 0.01922473 0.03234572
v 0.02364046 0.01835860 0.03044624
v 0.02267875 0.01771544 0.02827874
v 0.02208650 0.01731984 0.02592573
v 0.02188693 0.01718536 0.02347923
v 0.02208791 0.01731946 0.02103221
v 0.02268123 0.01771485 0.01867911
v 0.02364391 0.01835786 0.01650938
v 0.02493891 0.01922339 0.01460857
v 0.02651731 0.02027853 0.01304782
v 0.02831804 0.02148294 0.01188842
v 0.03027197 0.02278862 0.01117524
v 0.02580440 0.02145823 0.03379564
v 0.02411606 0.02075889 0.03234504
v 0.02267756 0.02016222 0.03044646
v 0.02160836 0.01971984 0.02828005
v 0.02095021 0.01944605 0.02592704
v 0.02072833 0.01935492 0.02348056
v 0.02095119 0.01944549 0.02103285
v 0.02161065 0.01971876 0.01867986
v 0.02268062 0.02016087 0.01650980
v 0.02412008 0.02075672 0.01460905
v 0.02587394 0.02148379 0.01304816
v 0.02787520 0.02231221 0.01188862
v 0.03004658 0.02321183 0.01117544
v 0.02540269 0.02277925 0.03379679
v 0.02361034 0.02242408 0.03234723
v 0.02208328 0.02211931 0.03044757
v 0.02094765 0.02189439 0.02828132
v 0.02025001 0.02175487 0.02592860
v 0.02001553 0.02170764 0.02348202
v 0.02025140 0.02175409 0.02103432
v 0.02095093 0.02189268 0.01868072
v 0.02208706 0.02211720 0.01651035
v 0.02361580 0.02242129 0.01460944
v 0.02547790 0.02279037 0.01304848
v 0.02760134 0.02321270 0.01188886
v 0.02990710 0.02367104 0.01117545
v -0.03361573 0.02404737 0.03726123
v -0.03517860 0.02404786 0.03677858
v -0.03661808 0.02404865 0.03600005
v -0.03782979 0.02404911 0.03500331
v -0.03358296 0.02436499 0.03725850
v -0.03511645 0.02467204 0.03677588
v -0.03653071 0.02495414 0.03600140
v -0.03771712 0.02519137 0.03500281
v -0.03349245 0.02467168 0.03726019
v -0.03493752 0.02527137 0.03678001
v -0.03626991 0.02582515 0.03600545
v -0.03738764 0.02628872 0.03500623
v -0.03334262 0.02495317 0.03726023
v -0.03464295 0.02582433 0.03678054
v -0.03584437 0.02662819 0.03600965
v -0.03685146 0.02730144 0.03501241
v -0.03314082 0.02519971 0.03726251
v -0.03424784 0.02630862 0.03678393
v -0.03526977 0.02733210 0.03601306
v -0.03612810 0.02819031 0.03501851
v -0.03289513 0.02540317 0.03726315
v -0.03376562 0.02670671 0.03678663
v -0.03456865 0.02790956 0.03601626
v -0.03524203 0.02891793 0.03502017
v -0.03261477 0.02555387 0.03726617
v -0.03321397 0.02700260 0.03678877
v -0.03376755 0.02833873 0.03601813
v -0.03423189 0.02945962 0.03502294
v -0.03230896 0.02564728 0.03726735
v -0.03261616 0.02718534 0.03679121
v -0.03289851 0.02860400 0.03602117
v -0.03313607 0.02979316 0.03502518
v -0.03199191 0.02567835 0.03726812
v -0.03199272 0.02724651 0.03679233
v -0.03199375 0.02869308 0.03602254
v -0.03199500 0.02990544 0.03502655
v -0.03167498 0.02564721 0.03726877
v -0.03136957 0.02718551 0.03679416
v -0.03108907 0.02860367 0.03602459
v -0.03085345 0.02979184 0.03502734
v -0.03136882 0.02555384 0.03726883
v -0.03077072 0.02700248 0.03679358
v -0.03021878 0.02833825 0.03602394
v -0.02975673 0.02945855 0.03502760
v -0.03108745 0.02540333 0.03726928
v -0.03021823 0.02670649 0.03679425
v -0.02941669 0.02790883 0.03602443
v -0.02874507 0.02891709 0.03502840
v -0.03084100 0.02519963 0.03726923
v -0.02973444 0.02630811 0.03679402
v -0.02871392 0.02733083 0.03602439
v -0.02785812 0.02818843 0.03502932
v -0.03063819 0.02495285 0.03726980
v -0.02933767 0.02582362 0.03679455
v -0.02813736 0.02662649 0.03602397
v -0.02713102 0.02729933 0.03502768
v -0.03048766 0.02467103 0.03727055
v -0.02904170 0.02527003 0.03679436
v -0.02770881 0.02582295 0.03602336
v -0.02659064 0.02628615 0.03502713
v -0.03039418 0.02436422 0.03727067
v -0.02885945 0.02467049 0.03679533
v -0.02744537 0.02495142 0.03602257
v -0.02625799 0.02518807 0.03502711
v -0.03036312 0.02404630 0.03727196
v -0.02879786 0.02404575 0.03679635
v -0.02735461 0.02404533 0.03602498
v -0.02614398 0.02404530 0.03502946
v -0.03039373 0.02372855 0.03727135
v -0.02885825 0.02342113 0.03679696
v -0.02744224 0.02313895 0.03602742
v -0.02625591 0.02290210 0.03502951
v -0.03048685 0.02342176 0.03727167
v -0.02903989 0.02282156 0.03679735
v -0.02770590 0.02226760 0.03602758
v -0.02658780 0.02180417 0.03503026
v -0.03063697 0.02313995 0.03727253
v -0.02933542 0.02226801 0.03679854
v -0.02813448 0.02146436 0.03602817
v -0.02712828 0.02079152 0.03503066
v -0.03083985 0.02289333 0.03727281
v -0.02973240 0.02178380 0.03679780
v -0.02871120 0.02076047 0.03602840
v -0.02785552 0.01990315 0.03503212
v -0.03108647 0.02268989 0.03727242
v -0.03021644 0.02138566 0.03679853
v -0.02941421 0.02018289 0.03602833
v -0.02874252 0.01917515 0.03503086
v -0.03136762 0.02253957 0.03727121
v -0.03076895 0.02109022 0.03679666
v -0.03021637 0.01975395 0.03602761
v -0.02975415 0.01863370 0.03503070
v -0.03167424 0.02244610 0.03727153
v -0.03136810 0.02090728 0.03679820
v -0.03108703 0.01948900 0.03602845
v -0.03085081 0.01830070 0.03503099
v -0.03199134 0.02241496 0.03727124
v -0.03199150 0.02084639 0.03679656
v -0.03199191 0.01939991 0.03602695
v -0.03199254 0.01818753 0.03503054
v -0.03230878 0.02244598 0.03727103
v -0.03261555 0.02090704 0.03679737
v -0.03289719 0.01948903 0.03602669
v -0.03313385 0.01830088 0.03502917
v -0.03261470 0.02253959 0.03726955
v -0.03321358 0.02109034 0.03679483
v -0.03376689 0.01975409 0.03602526
v -0.03423027 0.01863407 0.03502806
v -0.03289557 0.02269011 0.03726864
v -0.03376585 0.02138618 0.03679387
v -0.03456816 0.02018378 0.03602288
v -0.03524069 0.01917614 0.03502499
v -0.03314124 0.02289399 0.03726687
v -0.03424815 0.02178516 0.03679033
v -0.03526913 0.02076271 0.03601859
v -0.03612669 0.01990516 0.03502157
v -0.03334327 0.02314076 0.03726488
v -0.03464434 0.02226928 0.03678912
v -0.03584411 0.02146662 0.03601553
v -0.03684942 0.02079484 0.03501416
v -0.03199080 0.02404718 0.03742877
v -0.03349276 0.02342277 0.03726345
v -0.03493789 0.02282355 0.03678474
v -0.03626942 0.02227080 0.03600944
v -0.03738490 0.02180851 0.03500604
v -0.03358307 0.02372970 0.03726074
v -0.03511627 0.02342354 0.03677807
v -0.03652825 0.02314284 0.03600091
v -0.03771342 0.02290671 0.03499993
v -0.03901418 0.02405007 0.03415110
v -0.04084222 0.02405032 0.03270048
v -0.04240644 0.02405018 0.03080665
v -0.04357160 0.02405038 0.02864529
v -0.04428619 0.02405106 0.02629500
v -0.04452795 0.02405335 0.02385394
v -0.04428597 0.02405181 0.02140607
v -0.04357360 0.02405111 0.01905327
v -0.04241565 0.02405049 0.01688432
v -0.04085722 0.02404992 0.01498428
v -0.03895924 0.02404926 0.01342407
v -0.03679292 0.02404864 0.01226528
v -0.03444335 0.02404806 0.01155288
v -0.03887920 0.02542269 0.03415018
v -0.04067416 0.02577950 0.03270226
v -0.04220814 0.02608479 0.03080873
v -0.04334852 0.02631055 0.02864523
v -0.04404986 0.02645085 0.02629603
v -0.04428582 0.02649833 0.02385135
v -0.04405060 0.02645080 0.02140504
v -0.04335162 0.02631088 0.01905309
v -0.04221558 0.02608473 0.01688405
v -0.04068734 0.02577924 0.01498438
v -0.03882542 0.02540881 0.01342448
v -0.03670201 0.02498514 0.01226559
v -0.03439640 0.02452534 0.01155305
v -0.03848222 0.02674282 0.03415468
v -0.04017292 0.02744344 0.03270507
v -0.04161646 0.02804074 0.03081072
v -0.04268879 0.02848401 0.02864499
v -0.04334993 0.02875821 0.02629546
v -0.04357360 0.02885068 0.02385038
v -0.04335126 0.02875818 0.02140411
v -0.04269260 0.02848412 0.01905252
v -0.04162290 0.02804047 0.01688389
v -0.04018373 0.02744343 0.01498413
v -0.03843005 0.02671510 0.01342451
v -0.03642887 0.02588532 0.01226576
v -0.03425731 0.02498456 0.01155323
v -0.03783757 0.02796034 0.03416112
v -0.03935817 0.02897657 0.03271011
v -0.04065473 0.02984276 0.03081214
v -0.04161882 0.03048667 0.02864492
v -0.04221343 0.03088296 0.02629436
v -0.04241538 0.03101753 0.02384998
v -0.04221592 0.03088317 0.02140473
v -0.04162321 0.03048685 0.01905291
v -0.04066091 0.02984285 0.01688461
v -0.03936581 0.02897612 0.01498441
v -0.03778717 0.02791985 0.01342432
v -0.03598622 0.02671437 0.01226556
v -0.03403198 0.02540746 0.01155298
v -0.03696495 0.02902703 0.03416375
v -0.03825729 0.03031959 0.03271142
v -0.03936065 0.03142247 0.03081361
v -0.04017973 0.03224154 0.02864526
v -0.04068556 0.03274637 0.02629539
v -0.04085710 0.03291693 0.02385034
v -0.04068760 0.03274651 0.02140484
v -0.04018423 0.03224192 0.01905307
v -0.03936600 0.03142244 0.01688435
v -0.03826438 0.03031924 0.01498461
v -0.03692206 0.02897537 0.01342452
v -0.03539048 0.02744199 0.01226549
v -0.03372761 0.02577743 0.01155320
v -0.03590037 0.02990204 0.03416545
v -0.03691668 0.03142196 0.03271393
v -0.03778313 0.03271845 0.03081493
v -0.03842724 0.03368206 0.02864719
v -0.03882444 0.03427600 0.02629718
v -0.03895955 0.03447647 0.02385108
v -0.03882601 0.03427604 0.02140567
v -0.03843085 0.03368218 0.01905358
v -0.03778786 0.03271836 0.01688473
v -0.03692233 0.03142167 0.01498447
v -0.03586755 0.02984139 0.01342465
v -0.03466345 0.02803828 0.01226568
v -0.03335804 0.02608203 0.01155311
v -0.03468529 0.03055168 0.03416673
v -0.03538600 0.03224099 0.03271499
v -0.03598309 0.03368167 0.03081613
v -0.03642743 0.03475295 0.02864987
v -0.03670207 0.03541287 0.02629918
v -0.03679370 0.03563523 0.02385244
v -0.03670307 0.03541272 0.02140659
v -0.03642995 0.03475265 0.01905439
v -0.03598733 0.03368142 0.01688522
v -0.03539129 0.03224039 0.01498524
v -0.03466403 0.03048454 0.01342517
v -0.03383538 0.02848134 0.01226618
v -0.03293552 0.02630760 0.01155346
v -0.03336723 0.03095226 0.03416848
v -0.03372440 0.03274479 0.03271680
v -0.03402986 0.03427492 0.03081767
v -0.03425660 0.03541219 0.02865105
v -0.03439686 0.03611243 0.02630030
v -0.03444464 0.03634800 0.02385424
v -0.03439810 0.03611239 0.02140834
v -0.03425903 0.03541196 0.01905562
v -0.03403353 0.03427452 0.01688597
v -0.03372896 0.03274439 0.01498594
v -0.03335910 0.03088026 0.01342538
v -0.03293595 0.02875469 0.01226607
v -0.03247676 0.02644677 0.01155337
v -0.03199617 0.03108718 0.03417078
v -0.03199722 0.03291478 0.03271784
v -0.03199835 0.03447496 0.03081916
v -0.03199937 0.03563416 0.02865170
v -0.03200020 0.03634737 0.02630060
v -0.03200182 0.03659086 0.02385816
v -0.03200178 0.03634739 0.02140945
v -0.03200168 0.03563394 0.01905618
v -0.03200153 0.03447460 0.01688674
v -0.03200141 0.03291420 0.01498614
v -0.03200101 0.03101426 0.01342566
v -0.03200061 0.02884671 0.01226646
v -0.03200006 0.02649382 0.01155357
v -0.03062401 0.03095164 0.03417121
v -0.03026969 0.03274387 0.03271848
v -0.02996648 0.03427372 0.03082003
v -0.02974202 0.03541091 0.02865237
v -0.02960395 0.03611118 0.02630212
v -0.02955751 0.03634702 0.02385637
v -0.02960473 0.03611101 0.02140930
v -0.02974408 0.03541068 0.01905640
v -0.02996930 0.03427344 0.01688706
v -0.03027370 0.03274327 0.01498644
v -0.03064292 0.03087953 0.01342590
v -0.03106509 0.02875423 0.01226656
v -0.03152333 0.02644656 0.01155371
v -0.02930491 0.03055019 0.03417192
v -0.02860703 0.03223911 0.03271919
v -0.02801241 0.03367946 0.03082077
v -0.02757075 0.03475030 0.02865315
v -0.02729814 0.03541025 0.02630205
v -0.02720651 0.03563289 0.02385585
v -0.02729878 0.03541002 0.02140890
v -0.02757239 0.03475012 0.01905634
v -0.02801512 0.03367916 0.01688713
v -0.02861089 0.03223853 0.01498656
v -0.02933777 0.03048314 0.01342610
v -0.03016571 0.02848030 0.01226690
v -0.03106462 0.02630713 0.01155388
v -0.02808924 0.02990024 0.03417348
v -0.02707586 0.03141958 0.03272051
v -0.02621133 0.03271535 0.03082092
v -0.02556909 0.03367880 0.02865310
v -0.02517422 0.03427234 0.02630149
v -0.02504066 0.03447289 0.02385567
v -0.02517532 0.03427233 0.02140924
v -0.02557103 0.03367871 0.01905662
v -0.02621406 0.03271510 0.01688733
v -0.02707923 0.03141894 0.01498669
v -0.02813364 0.02983911 0.01342608
v -0.02933716 0.02803690 0.01226670
v -0.03064179 0.02608134 0.01155373
v -0.02702312 0.02902478 0.03417417
v -0.02573304 0.03031640 0.03272112
v -0.02463278 0.03141852 0.03082186
v -0.02381500 0.03223759 0.02865384
v -0.02331191 0.03274177 0.02630213
v -0.02314224 0.03291225 0.02385590
v -0.02331294 0.03274171 0.02140944
v -0.02381700 0.03223745 0.01905691
v -0.02463523 0.03141837 0.01688751
v -0.02573680 0.03031572 0.01498679
v -0.02707866 0.02897261 0.01342609
v -0.02860987 0.02744016 0.01226691
v -0.03027218 0.02577653 0.01155389
v -0.02614879 0.02795738 0.03417394
v -0.02463192 0.02897200 0.03272118
v -0.02333710 0.02983814 0.03082223
v -0.02237492 0.03048188 0.02865435
v -0.02178290 0.03087786 0.02630327
v -0.02158329 0.03101206 0.02385633
v -0.02178409 0.03087768 0.02141002
v -0.02237728 0.03048161 0.01905715
v -0.02333978 0.02983799 0.01688761
v -0.02463465 0.02897201 0.01498685
v -0.02621303 0.02791665 0.01342623
v -0.02801372 0.02671213 0.01226693
v -0.02996756 0.02540643 0.01155389
v -0.02549950 0.02673949 0.03417265
v -0.02381226 0.02743912 0.03272131
v -0.02237282 0.02803579 0.03082347
v -0.02130440 0.02847893 0.02865609
v -0.02064684 0.02875251 0.02630443
v -0.02042503 0.02884343 0.02385711
v -0.02064779 0.02875223 0.02141063
v -0.02130704 0.02847841 0.01905763
v -0.02237680 0.02803521 0.01688777
v -0.02381610 0.02743891 0.01498719
v -0.02556985 0.02671143 0.01342662
v -0.02757095 0.02588293 0.01226717
v -0.02974219 0.02498336 0.01155405
v -0.02509866 0.02541885 0.03417311
v -0.02330784 0.02577472 0.03272230
v -0.02177871 0.02607982 0.03082420
v -0.02064405 0.02630520 0.02865769
v -0.01994689 0.02644476 0.02630512
v -0.01971264 0.02649181 0.02385835
v -0.01994842 0.02644458 0.02141166
v -0.02064769 0.02630482 0.01905826
v -0.02178344 0.02607914 0.01688811
v -0.02331202 0.02577459 0.01498745
v -0.02517392 0.02540499 0.01342665
v -0.02729719 0.02498251 0.01226708
v -0.02960279 0.02452409 0.01155402
v -0.02496311 0.02404545 0.03417503
v -0.02313743 0.02404518 0.03272245
v -0.02157896 0.02404517 0.03082398
v -0.02042130 0.02404528 0.02865739
v -0.01971056 0.02404544 0.02630469
v -0.01947125 0.02404724 0.02386136
v -0.01971260 0.02404547 0.02141190
v -0.02042475 0.02404504 0.01905820
v -0.02158266 0.02404490 0.01688828
v -0.02314126 0.02404509 0.01498744
v -0.02503930 0.02404556 0.01342665
v -0.02720490 0.02404611 0.01226721
v -0.02955567 0.02404692 0.01155411
v -0.02509747 0.02267139 0.03417443
v -0.02330711 0.02231553 0.03272243
v -0.02177963 0.02201065 0.03082338
v -0.02064426 0.02178537 0.02865683
v -0.01994617 0.02164642 0.02630497
v -0.01971144 0.02159949 0.02385883
v -0.01994704 0.02164624 0.02141139
v -0.02064647 0.02178528 0.01905804
v -0.02178238 0.02201065 0.01688811
v -0.02331108 0.02231576 0.01498734
v -0.02517319 0.02268603 0.01342658
v -0.02729669 0.02310973 0.01226708
v -0.02960254 0.02356963 0.01155396
v -0.02549753 0.02135080 0.03417445
v -0.02381061 0.02065100 0.03272199
v -0.02237195 0.02005421 0.03082333
v -0.02130301 0.01961156 0.02865669
v -0.02064469 0.01933802 0.02630397
v -0.02042271 0.01924603 0.02385761
v -0.02064532 0.01933792 0.02141026
v -0.02130477 0.01961171 0.01905741
v -0.02237474 0.02005466 0.01688776
v -0.02381433 0.02065150 0.01498707
v -0.02556845 0.02137979 0.01342648
v -0.02756996 0.02220952 0.01226708
v -0.02974170 0.02311056 0.01155405
v -0.02614635 0.02013362 0.03417547
v -0.02462843 0.01911792 0.03272284
v -0.02333381 0.01825147 0.03082327
v -0.02237194 0.01760812 0.02865587
v -0.02177951 0.01721239 0.02630292
v -0.02157990 0.01707827 0.02385662
v -0.02178065 0.01721264 0.02140993
v -0.02237391 0.01760853 0.01905695
v -0.02333678 0.01825218 0.01688750
v -0.02463212 0.01911870 0.01498680
v -0.02621101 0.02017478 0.01342627
v -0.02801232 0.02138046 0.01226688
v -0.02996686 0.02268743 0.01155392
v -0.02702066 0.01906698 0.03417635
v -0.02573020 0.01777479 0.03272303
v -0.02462888 0.01667200 0.03082361
v -0.02381081 0.01585287 0.02865584
v -0.02330738 0.01534871 0.02630267
v -0.02313776 0.01517857 0.02385621
v -0.02330846 0.01534914 0.02140943
v -0.02381281 0.01585341 0.01905677
v -0.02463140 0.01667254 0.01688731
v -0.02573349 0.01777560 0.01498660
v -0.02707610 0.01911928 0.01342605
v -0.02860810 0.02065269 0.01226669
v -0.03027130 0.02231761 0.01155391
v -0.02808625 0.01819191 0.03417567
v -0.02707211 0.01667218 0.03272275
v -0.02620679 0.01537585 0.03082288
v -0.02556417 0.01441264 0.02865545
v -0.02516902 0.01381930 0.02630239
v -0.02503547 0.01361919 0.02385608
v -0.02517013 0.01381978 0.02140938
v -0.02556609 0.01441319 0.01905650
v -0.02620950 0.01537665 0.01688706
v -0.02707538 0.01667311 0.01498651
v -0.02813061 0.01825340 0.01342598
v -0.02933510 0.02005635 0.01226668
v -0.03064078 0.02201287 0.01155382
v -0.03199963 0.02404792 0.01131259
v -0.02930169 0.01754225 0.03417453
v -0.02860300 0.01585303 0.03272187
v -0.02800747 0.01441290 0.03082274
v -0.02756536 0.01334252 0.02865574
v -0.02729244 0.01268337 0.02630293
v -0.02720071 0.01246108 0.02385642
v -0.02729305 0.01268355 0.02140918
v -0.02756698 0.01334324 0.01905633
v -0.02801009 0.01441377 0.01688695
v -0.02860663 0.01585451 0.01498636
v -0.02933443 0.01761016 0.01342597
v -0.03016337 0.01961359 0.01226671
v -0.03106345 0.02178748 0.01155383
v -0.03062076 0.01714125 0.03417449
v -0.03026564 0.01534904 0.03272161
v -0.02996146 0.01381979 0.03082244
v -0.02973662 0.01268339 0.02865523
v -0.02959808 0.01198464 0.02630324
v -0.02955149 0.01174948 0.02385709
v -0.02959879 0.01198491 0.02140974
v -0.02973842 0.01268435 0.01905650
v -0.02996410 0.01382089 0.01688687
v -0.03026920 0.01535066 0.01498621
v -0.03063938 0.01721449 0.01342573
v -0.03106266 0.01933999 0.01226642
v -0.03152211 0.02164819 0.01155370
v -0.03199323 0.01700609 0.03417467
v -0.03199337 0.01517903 0.03272130
v -0.03199365 0.01361960 0.03082180
v -0.03199407 0.01246134 0.02865474
v -0.03199449 0.01174922 0.02630213
v -0.03199587 0.01150996 0.02385895
v -0.03199580 0.01175009 0.02140974
v -0.03199599 0.01246246 0.01905632
v -0.03199636 0.01362089 0.01688649
v -0.03199689 0.01518075 0.01498604
v -0.03199746 0.01708050 0.01342565
v -0.03199819 0.01924914 0.01226647
v -0.03199889 0.02160126 0.01155370
v -0.03336469 0.01714129 0.03417273
v -0.03372094 0.01534987 0.03272035
v -0.03402583 0.01382036 0.03082055
v -0.03425172 0.01268440 0.02865419
v -0.03439161 0.01198552 0.02630190
v -0.03443920 0.01175020 0.02385529
v -0.03439249 0.01198613 0.02140893
v -0.03425357 0.01268556 0.01905589
v -0.03402862 0.01382203 0.01688612
v -0.03372466 0.01535162 0.01498575
v -0.03335567 0.01721519 0.01342534
v -0.03293363 0.01934048 0.01226615
v -0.03247563 0.02164845 0.01155353
v -0.03468323 0.01754244 0.03417097
v -0.03538331 0.01585406 0.03271862
v -0.03598010 0.01441395 0.03081939
v -0.03642350 0.01334442 0.02865322
v -0.03669752 0.01268548 0.02630083
v -0.03678894 0.01246297 0.02385362
v -0.03669810 0.01268584 0.02140744
v -0.03642510 0.01334540 0.01905480
v -0.03598285 0.01441590 0.01688544
v -0.03538741 0.01585620 0.01498525
v -0.03466083 0.01761161 0.01342524
v -0.03383317 0.01961451 0.01226617
v -0.03293442 0.02178796 0.01155354
v -0.03589919 0.01819259 0.03416972
v -0.03691550 0.01667304 0.03271835
v -0.03778130 0.01537750 0.03081862
v -0.03842473 0.01441469 0.02865113
v -0.03882100 0.01382230 0.02629921
v -0.03895573 0.01362198 0.02385240
v -0.03882181 0.01382296 0.02140654
v -0.03842665 0.01441645 0.01905402
v -0.03778401 0.01537971 0.01688507
v -0.03691904 0.01667559 0.01498480
v -0.03586487 0.01825540 0.01342472
v -0.03466155 0.02005772 0.01226583
v -0.03335711 0.02201357 0.01155325
v -0.03696406 0.01906818 0.03416725
v -0.03825711 0.01777559 0.03271579
v -0.03936019 0.01667380 0.03081778
v -0.04017900 0.01585544 0.02864973
v -0.04068353 0.01535226 0.02629766
v -0.04085427 0.01518236 0.02385177
v -0.04068425 0.01535324 0.02140559
v -0.04018088 0.01585748 0.01905355
v -0.03936280 0.01667630 0.01688461
v -0.03826143 0.01777888 0.01498438
v -0.03691975 0.01912175 0.01342432
v -0.03538886 0.02065439 0.01226560
v -0.03372680 0.02231848 0.01155327
v -0.03783590 0.02013645 0.03416215
v -0.03935829 0.01911999 0.03271289
v -0.04065583 0.01825385 0.03081629
v -0.04161939 0.01761141 0.02864903
v -0.04221338 0.01721636 0.02629698
v -0.04241355 0.01708255 0.02385141
v -0.04221356 0.01721728 0.02140505
v -0.04162068 0.01761332 0.01905309
v -0.04065830 0.01825671 0.01688441
v -0.03936356 0.01912257 0.01498415
v -0.03778543 0.02017774 0.01342416
v -0.03598500 0.02138246 0.01226538
v -0.03403137 0.02268844 0.01155304
v -0.03847989 0.02135514 0.03415447
v -0.04017158 0.02065502 0.03270528
v -0.04161811 0.02005724 0.03081360
v -0.04269090 0.01961511 0.02864847
v -0.04335145 0.01934198 0.02629762
v -0.04357253 0.01925162 0.02385132
v -0.04335014 0.01934337 0.02140493
v -0.04269100 0.01961705 0.01905285
v -0.04162140 0.02005964 0.01688427
v -0.04018229 0.02065588 0.01498424
v -0.03842881 0.02138332 0.01342445
v -0.03642797 0.02221187 0.01226573
v -0.03425687 0.02311171 0.01155324
v -0.03887728 0.02267615 0.03414932
v -0.04067160 0.02232053 0.03270058
v -0.04220857 0.02201479 0.03080961
v -0.04334922 0.02178992 0.02864598
v -0.04405055 0.02165131 0.02629672
v -0.04428553 0.02160457 0.02385171
v -0.04405002 0.02165218 0.02140569
v -0.04335071 0.02179118 0.01905320
v -0.04221489 0.02201601 0.01688426
v -0.04068656 0.02232043 0.01498438
v -0.03882474 0.02268983 0.01342442
v -0.03670162 0.02311217 0.01226543
v -0.03439619 0.02357086 0.01155308
f 4 2 1
f 8 6 5
f 13 15 14
f 17 19 18
f 32 30 29
f 36 34 33
f 37 39 38
f 21 23 20
f 25 27 24
f 41 43 42
f 48 46 45
f 52 50 49
f 53 55 54
f 60 58 57
f 29 62 61
f 66 64 63
f 67 6 68
f 72 70 69
f 76 74 73
f 77 79 78
f 81 83 82
f 59 86 85
f 88 90 89
f 96 94 93
f 100 98 97
f 101 103 102
f 106 34 87
f 108 115 107
f 117 36 118
f 124 126 125
f 131 129 128
f 132 134 133
f 142 140 139
f 148 60 147
f 144 127 124
f 149 151 150
f 156 154 153
f 159 158 157
f 116 164 105
f 171 169 168
f 174 173 172
f 179 181 180
f 186 188 187
f 194 196 195
f 199 139 198
f 206 208 207
f 213 211 210
f 202 214 201
f 96 216 54
f 92 43 44
f 97 246 100
f 250 229 228
f 252 58 253
f 258 256 255
f 260 229 259
f 110 112 113
f 114 263 109
f 265 267 266
f 56 270 269
f 274 249 250
f 185 63 64
f 280 278 276
f 285 283 157
f 288 211 212
f 141 92 46
f 289 175 176
f 148 105 106
f 312 170 171
f 238 42 43
f 318 160 317
f 310 308 307
f 241 325 324
f 160 240 317
f 47 307 308
f 108 315 164
f 345 86 119
f 348 350 349
f 356 358 357
f 355 353 352
f 363 32 362
f 149 150 176
f 364 253 365
f 366 368 367
f 183 371 63
f 163 161 160
f 209 101 208
f 378 165 166
f 379 381 380
f 383 3 4
f 284 386 385
f 387 389 388
f 391 229 249
f 73 397 396
f 405 407 406
f 203 411 410
f 414 413 412
f 1 357 4
f 277 131 275
f 254 57 58
f 358 415 351
f 417 386 408
f 401 192 420
f 419 127 143
f 421 182 422
f 103 302 409
f 428 368 174
f 380 359 356
f 62 266 323
f 140 431 430
f 357 351 348
f 356 379 380
f 415 403 434
f 437 436 435
f 438 440 439
f 188 450 449
f 452 454 453
f 265 181 421
f 224 64 225
f 237 213 427
f 275 128 458
f 281 460 459
f 50 79 461
f 73 282 281
f 468 466 465
f 390 352 359
f 482 484 483
f 489 487 486
f 493 495 494
f 472 470 469
f 502 500 499
f 220 222 223
f 512 143 66
f 518 511 80
f 513 230 286
f 205 31 244
f 189 451 188
f 163 532 8
f 533 225 251
f 446 447 412
f 335 540 334
f 544 546 545
f 329 291 292
f 199 262 238
f 385 416 550
f 532 191 247
f 363 118 243
f 236 237 250
f 578 580 579
f 573 571 570
f 561 562 272
f 241 259 240
f 590 592 591
f 545 595 594
f 503 155 504
f 606 624 623
f 478 480 479
f 646 648 647
f 590 689 684
f 564 651 650
f 728 184 727
f 714 716 715
f 692 575 693
f 541 581 578
f 346 248 400
f 161 230 160
f 128 94 95
f 698 704 703
f 574 576 575
f 290 401 328
f 630 725 726
f 733 735 734
f 755 496 493
f 759 481 760
f 757 762 761
f 764 466 467
f 768 3808 3809
f 759 488 489
f 492 475 771
f 474 769 473
f 773 465 772
f 771 486 483
f 484 775 491
f 774 489 486
f 495 764 756
f 495 761 494
f 137 784 136
f 325 797 547
f 165 51 52
f 369 29 370
f 730 568 569
f 90 301 89
f 243 516 242
f 800 806 805
f 817 808 816
f 816 823 822
f 306 447 807
f 815 809 808
f 829 828 825
f 726 501 502
f 274 424 423
f 879 881 880
f 884 879 885
f 219 217 211
f 906 904 897
f 455 205 542
f 898 830 829
f 903 880 881
f 906 897 898
f 377 519 165
f 923 948 946
f 946 951 950
f 3519 739 3517
f 900 886 880
f 225 65 144
f 182 442 422
f 809 947 824
f 954 962 961
f 927 965 966
f 885 880 886
f 925 966 967
f 343 341 340
f 965 971 968
f 968 970 969
f 972 969 973
f 963 981 978
f 336 338 339
f 992 827 828
f 810 996 959
f 1007 1002 1008
f 1012 827 1009
f 1011 1007 1008
f 294 292 291
f 907 920 919
f 1017 1019 1018
f 1020 1022 1021
f 1035 1020 1044
f 1061 1047 1046
f 1063 1046 1062
f 1044 1021 1045
f 1102 1097 1109
f 1116 1118 1117
f 1016 1014 1013
f 881 904 903
f 816 1127 817
f 1094 949 1097
f 514 167 515
f 146 81 82
f 1133 1130 1129
f 1102 1126 822
f 822 1116 816
f 1145 1148 1136
f 1076 1151 1069
f 1148 1086 1087
f 1109 1114 1136
f 1154 1156 1155
f 1153 967 1156
f 3464 463 3714
f 1144 1152 1151
f 1156 1163 1162
f 1164 1169 1165
f 1145 1176 1147
f 1114 1154 1171
f 1183 1164 1177
f 1184 1177 1185
f 1069 1062 1064
f 1023 1194 1022
f 1162 1170 1169
f 1195 1185 1191
f 1183 1176 1155
f 1201 1152 1196
f 1061 1201 1202
f 3825 843 3836
f 1203 1195 1034
f 1202 1184 1195
f 1218 1203 1217
f 1060 1202 1203
f 1225 1217 1219
f 671 694 670
f 1219 1024 1035
f 1217 1034 1024
f 1226 1015 1227
f 1243 1234 1233
f 1231 1229 1228
f 847 1233 843
f 843 1244 878
f 1233 1245 1244
f 1923 233 216
f 2100 499 500
f 3914 2135 3900
f 61 323 505
f 210 217 457
f 1299 1309 1300
f 3863 1231 3862
f 1066 1321 1322
f 1322 1228 1229
f 1060 1321 1047
f 1325 1323 1310
f 1244 1332 1330
f 1290 1242 1288
f 1337 1339 1338
f 1330 1340 1339
f 1341 1245 1294
f 1342 1332 1341
f 1343 1341 1344
f 1344 1294 1293
f 3857 1345 1346
f 1347 1342 1343
f 3856 1295 1345
f 1349 1348 1347
f 3861 1347 3853
f 3853 1343 3857
f 906 829 1353
f 905 1353 1354
f 865 1355 1357
f 1355 829 825
f 1357 825 826
f 1356 1353 1355
f 3834 1338 3833
f 866 1356 865
f 1358 1354 1356
f 3828 1337 3834
f 838 1012 841
f 1363 1338 1339
f 1368 1339 1340
f 1348 1340 1342
f 1371 3824 3829
f 524 526 523
f 528 530 527
f 1372 1369 1371
f 535 537 538
f 1367 1348 1350
f 1370 1359 1369
f 1369 3833 3824
f 1373 903 904
f 555 557 558
f 1374 910 1373
f 1373 905 1375
f 1374 1375 1376
f 1375 1354 1370
f 1378 908 1377
f 376 651 1387
f 1388 973 969
f 586 588 585
f 1390 1388 1391
f 1391 969 970
f 597 599 596
f 600 602 603
f 1392 970 979
f 608 610 607
f 612 523 611
f 614 616 613
f 617 25 24
f 620 622 619
f 1397 1391 1392
f 1398 1392 1399
f 1400 920 1378
f 1402 1165 1169
f 636 638 635
f 930 1402 929
f 641 643 644
f 929 1169 1170
f 1404 1403 1402
f 1411 1365 1406
f 1412 1415 1414
f 652 654 655
f 609 657 658
f 659 661 662
f 558 586 585
f 665 667 664
f 1413 1406 1412
f 1418 3810 3813
f 1417 1371 1416
f 1416 3829 3810
f 1419 1416 1418
f 1386 1374 1420
f 677 679 676
f 1385 1420 1421
f 1420 1376 1422
f 685 687 688
f 1421 1422 1423
f 528 691 658
f 1422 1372 1417
f 1018 747 1425
f 699 701 702
f 1424 579 1017
f 3663 1767 3660
f 700 711 712
f 1093 3754 1571
f 717 530 719
f 721 723 720
f 704 3543 3554
f 19 1426 1430
f 1429 1427 1426
f 1658 3542 3544
f 1439 1434 1438
f 1437 1435 1434
f 1426 1433 1432
f 1442 1432 1440
f 742 744 745
f 1432 1441 1440
f 751 753 750
f 1438 1403 1405
f 1446 1444 1443
f 1447 1446 1443
f 3860 1443 3848
f 1415 1445 1446
f 1414 1446 1448
f 2173 469 470
f 777 779 686
f 780 782 783
f 1676 1806 1675
f 3859 1349 3861
f 789 791 788
f 745 793 742
f 652 795 653
f 1455 1457 1456
f 1454 1350 1452
f 610 802 801
f 3831 698 703
f 1352 1045 1351
f 1015 1459 1460
f 811 813 814
f 2118 3817 2117
f 819 821 818
f 1466 1194 1190
f 1467 1465 1466
f 1182 1468 1467
f 832 833 831
f 835 837 834
f 1467 1190 1182
f 1469 1444 1445
f 840 712 690
f 1453 1469 1454
f 599 845 846
f 1226 3849 3855
f 851 853 850
f 855 856 854
f 858 860 857
f 861 863 864
f 1014 3855 3858
f 867 868 869
f 870 872 873
f 874 876 877
f 1310 1471 1309
f 1476 1427 1475
f 1461 1475 1460
f 887 889 890
f 788 892 891
f 894 896 893
f 1460 1227 1015
f 901 524 612
f 1465 1477 1464
f 1865 3500 1864
f 911 913 914
f 916 918 915
f 1850 3507 1851
f 921 895 894
f 1479 1436 1478
f 926 667 601
f 1481 563 1480
f 269 84 1482
f 931 933 916
f 934 614 869
f 936 688 937
f 938 662 939
f 1484 122 123
f 941 835 834
f 320 509 510
f 1849 3505 1850
f 84 1484 83
f 1487 1488 539
f 1757 3502 3509
f 365 1491 364
f 461 80 511
f 117 362 1496
f 1494 541 1495
f 926 957 958
f 1477 1433 1476
f 1709 1585 1700
f 119 1496 345
f 271 504 156
f 511 189 186
f 345 1492 365
f 255 344 254
f 57 299 132
f 1501 268 1500
f 267 1499 145
f 974 976 977
f 1678 1693 1676
f 3846 1807 3840
f 557 663 558
f 983 984 985
f 1443 3849 3848
f 421 268 265
f 989 991 988
f 1490 418 1504
f 279 309 310
f 997 676 679
f 998 999 875
f 1504 38 1505
f 1506 1507 1486
f 360 1508 1506
f 1506 207 360
f 939 1006 938
f 270 1483 269
f 66 546 512
f 1010 793 935
f 367 437 1509
f 244 363 243
f 1670 3534 1669
f 209 1510 226
f 235 1512 1511
f 1511 234 235
f 388 426 425
f 427 250 237
f 161 521 231
f 100 45 44
f 1025 608 1027
f 1029 1031 1028
f 939 1033 1032
f 41 594 99
f 1036 783 1037
f 702 1038 1039
f 1040 1042 1043
f 362 369 1493
f 187 477 186
f 70 539 198
f 1511 1521 234
f 1049 603 1048
f 613 869 614
f 860 1051 857
f 1005 1053 1006
f 753 1056 1054
f 1057 1059 1055
f 293 1522 292
f 288 1521 1522
f 292 1523 329
f 331 1508 1524
f 306 453 305
f 100 41 99
f 462 78 79
f 330 1524 462
f 635 1068 636
f 1485 1526 1528
f 206 1528 1510
f 1070 1072 831
f 942 1073 1074
f 916 1075 917
f 440 1530 439
f 157 1514 285
f 1529 5 1530
f 371 546 63
f 790 663 791
f 1077 857 1078
f 1403 1435 1165
f 1080 1082 1079
f 531 1529 440
f 21 1084 1085
f 272 1531 561
f 137 396 397
f 690 802 691
f 335 3567 581
f 1090 1029 1091
f 1092 794 1042
f 1533 137 138
f 661 1095 1096
f 69 445 72
f 1099 1101 1098
f 38 1536 1505
f 1104 1106 1103
f 852 1108 853
f 1377 909 1386
f 291 411 294
f 316 516 33
f 539 1533 534
f 1505 316 313
f 1110 1112 1113
f 1539 460 264
f 522 1537 1539
f 834 1120 1119
f 1122 1124 1121
f 612 1041 901
f 935 615 614
f 276 130 131
f 1686 3522 1685
f 193 1541 273
f 231 1540 287
f 556 982 557
f 365 85 345
f 190 318 1541
f 1810 3574 3528
f 3924 3512 3791
f 1132 985 1131
f 208 102 132
f 1134 662 661
f 1491 80 77
f 429 1542 147
f 1137 915 918
f 172 428 174
f 1139 1141 1142
f 549 54 55
f 1517 1518 296
f 976 1146 938
f 834 984 941
f 1543 286 115
f 1544 239 513
f 133 1544 1542
f 506 257 258
f 420 328 401
f 1158 1160 1157
f 587 1103 588
f 1513 1514 151
f 607 1027 608
f 304 1545 303
f 364 77 506
f 69 198 139
f 1006 976 938
f 700 1112 701
f 3877 3525 3787
f 1166 657 656
f 1167 858 1077
f 1300 3524 1299
f 1172 1174 1175
f 218 200 217
f 1179 1181 1178
f 372 97 98
f 89 227 88
f 1186 1188 1189
f 172 1517 1549
f 1482 81 1498
f 1090 1193 1030
f 394 353 1551
f 526 1198 1197
f 811 858 812
f 1199 1026 1025
f 606 697 696
f 1204 1206 743
f 1207 523 526
f 1209 867 613
f 914 685 936
f 1478 1441 1477
f 1029 1161 1091
f 1211 1213 1214
f 3858 1451 3859
f 844 1216 845
f 423 273 274
f 1220 1222 1083
f 22 1224 23
f 882 897 881
f 1519 173 387
f 1189 1232 1178
f 349 550 416
f 1071 1236 1072
f 1237 1239 745
f 1221 1189 1240
f 1510 1512 333
f 939 1241 1005
f 1556 5 67
f 1553 394 1551
f 404 67 347
f 1247 1249 1246
f 142 238 92
f 1251 635 1250
f 850 1253 851
f 1254 1077 1255
f 57 133 429
f 443 552 551
f 1187 1175 1188
f 1256 831 833
f 432 382 383
f 741 747 746
f 434 351 415
f 349 383 348
f 251 1481 1480
f 395 352 353
f 1518 1550 1551
f 1558 378 340
f 109 314 315
f 285 1513 407
f 395 393 392
f 202 410 1558
f 417 405 432
f 1246 1258 1247
f 3 297 2
f 1259 1261 1262
f 403 347 284
f 955 953 952
f 462 51 330
f 1096 687 1263
f 429 60 57
f 896 1265 932
f 1267 1268 1266
f 423 327 420
f 37 180 40
f 20 1187 1186
f 1256 1071 1070
f 155 156 504
f 1188 1269 1232
f 1236 1271 1262
f 1272 535 621
f 565 463 464
f 1273 745 1239
f 876 1255 1274
f 316 164 315
f 437 503 1509
f 194 1495 197
f 1275 864 863
f 624 631 630
f 1277 1137 1278
f 569 567 566
f 1481 125 366
f 324 547 326
f 1279 1107 1280
f 1525 329 1523
f 1281 1137 918
f 171 1553 1552
f 1488 396 1533
f 1557 1562 1559
f 1282 1206 1205
f 1053 1278 1281
f 778 607 1283
f 713 3566 3569
f 251 144 124
f 4 348 383
f 709 707 706
f 728 45 246
f 261 1563 544
f 789 1287 790
f 74 263 282
f 403 385 434
f 1178 1240 1189
f 1223 1289 1224
f 158 150 151
f 1220 1186 1221
f 296 354 433
f 784 1538 1566
f 1181 1291 1222
f 1269 1257 1246
f 1566 438 399
f 136 1566 1564
f 1563 169 1565
f 107 109 108
f 1297 1298 1296
f 1464 1476 1461
f 1520 507 508
f 1301 1303 1304
f 1306 1308 1305
f 175 1532 272
f 1532 200 201
f 1311 1312 1313
f 872 1315 1316
f 1317 1318 1319
f 3836 878 3828
f 1305 864 1276
f 1040 863 1320
f 1564 399 169
f 592 1575 591
f 591 1088 689
f 1581 1583 1582
f 1196 1147 1176
f 710 583 713
f 285 408 386
f 953 961 963
f 1594 1589 1593
f 1585 1587 1586
f 1592 1590 1589
f 3885 944 3899
f 1600 1598 1597
f 1604 1602 1601
f 1399 979 980
f 1589 1596 1595
f 1610 1608 1607
f 298 361 360
f 551 276 277
f 1627 3814 3819
f 859 818 860
f 1078 1328 1329
f 1555 1530 1556
f 572 680 681
f 772 776 774
f 977 918 917
f 404 392 393
f 1054 750 753
f 1644 1643 1642
f 932 1082 933
f 1067 1334 1068
f 1540 264 114
f 597 643 1336
f 471 762 470
f 1642 3831 3842
f 1644 3842 3843
f 923 950 927
f 96 548 95
f 520 522 521
f 445 443 442
f 849 848 842
f 480 755 493
f 1646 481 1639
f 311 1567 170
f 464 3497 3495
f 3497 1361 3495
f 234 236 235
f 190 192 191
f 153 152 149
f 231 286 230
f 1552 1551 1550
f 760 1648 488
f 3832 1649 3830
f 828 826 825
f 52 166 165
f 1663 1661 1660
f 287 115 286
f 668 670 669
f 634 640 639
f 553 559 554
f 118 33 516
f 492 491 490
f 3552 1651 3553
f 582 584 583
f 384 392 415
f 1381 1383 1380
f 1562 435 436
f 952 951 947
f 3529 583 584
f 1660 1667 1666
f 1394 1396 1393
f 1660 1664 1663
f 1671 1669 1668
f 1624 1673 1672
f 1407 1409 1410
f 1677 1675 1674
f 1613 1677 1625
f 1679 1676 1677
f 1626 3811 3814
f 534 198 539
f 176 150 159
f 803 734 800
f 400 191 192
f 65 143 144
f 3526 1656 3540
f 402 157 283
f 629 627 626
f 461 49 50
f 758 495 756
f 796 786 785
f 406 1513 1560
f 342 166 167
f 1694 1658 1695
f 1692 1694 1696
f 3557 1652 3552
f 3921 1703 3923
f 326 302 90
f 3916 1702 1706
f 3919 1698 1701
f 1699 3927 3918
f 1557 1560 1561
f 1127 1117 1128
f 400 289 346
f 1706 1707 1708
f 1707 1599 1600
f 1709 1708 1588
f 1714 1711 1713
f 3919 1709 1700
f 1704 1577 1703
f 1716 1713 1715
f 1559 1549 297
f 1722 1720 1719
f 1335 596 1489
f 410 377 378
f 973 1163 972
f 168 399 398
f 1571 1089 1093
f 1572 682 1571
f 749 647 754
f 1730 1723 1729
f 1594 1729 1592
f 1729 1591 1592
f 1731 1730 1583
f 1384 1377 1379
f 1732 1712 1714
f 1724 1731 1732
f 1712 1731 1580
f 1722 1732 1733
f 1721 1733 1734
f 1734 1716 1717
f 1735 1736 1697
f 1733 1714 1716
f 1663 1741 1668
f 1742 1740 1743
f 1738 1737 1735
f 1665 1666 1740
f 1665 1744 1664
f 1725 1746 1745
f 1591 1745 1590
f 1590 1747 1596
f 1745 1748 1747
f 1659 3538 3542
f 3287 3545 3282
f 1185 1182 1190
f 1664 1749 1741
f 1741 1739 1738
f 1746 1743 1748
f 1726 1742 1746
f 1153 924 925
f 1115 1153 1154
f 1654 3575 1655
f 1896 3549 1686
f 1720 1744 1726
f 1721 1749 1720
f 1750 1701 1698
f 1697 1750 1696
f 1151 1063 1062
f 1751 1670 1671
f 1695 1752 1751
f 961 986 981
f 1770 1768 1767
f 1766 1593 1765
f 1731 1579 1580
f 1579 1774 1578
f 3928 1771 3929
f 1764 3928 3917
f 1777 1775 1774
f 3762 1699 1700
f 1004 1128 1003
f 1774 1771 1772
f 987 1399 980
f 1578 1772 1764
f 1783 1781 1778
f 1597 1770 1767
f 639 3895 3884
f 3928 1769 1770
f 1793 1789 1788
f 3929 1798 1769
f 3508 3773 1806
f 1802 3924 3922
f 1788 1794 1793
f 1793 1795 1776
f 3773 1675 1806
f 1584 1783 1789
f 1771 3920 3929
f 1801 1798 1800
f 1768 1798 1799
f 1775 1797 1771
f 508 515 1520
f 1796 1802 1797
f 1800 3920 3922
f 1794 1804 1795
f 3532 1752 3547
f 485 1807 775
f 3809 1640 768
f 3837 1810 1653
f 485 1640 1808
f 1690 3770 3772
f 487 1648 1811
f 3839 1816 3822
f 3838 1648 3830
f 3839 1811 3838
f 1812 487 1811
f 1641 767 768
f 465 755 776
f 767 3823 3808
f 3822 3826 3847
f 1809 1815 767
f 3837 1651 3840
f 675 3541 3496
f 1814 1822 1821
f 1821 3821 3820
f 1824 1649 1825
f 1827 1850 1805
f 1668 1662 1663
f 1779 1848 1828
f 1790 1805 1794
f 1833 1853 1852
f 3521 693 575
f 1614 1616 1617
f 1852 3498 3501
f 1620 1622 1623
f 1855 1574 1861
f 1847 3501 3513
f 1766 1855 1782
f 1629 1631 1628
f 1633 1634 1632
f 1635 1637 1638
f 1848 1852 1847
f 1855 1863 1862
f 1803 1867 1802
f 1862 1831 1832
f 1782 1862 1781
f 3922 1865 1800
f 1873 1870 1869
f 1874 799 804
f 2045 3897 2044
f 1219 1295 1225
f 1615 1396 1395
f 3884 1877 1876
f 645 3786 3559
f 1345 1035 1346
f 634 3884 3880
f 15 1327 14
f 3910 1878 1893
f 1894 605 1893
f 3506 627 693
f 3560 645 3559
f 340 454 1558
f 1897 195 1898
f 1889 1877 1890
f 1901 129 1900
f 196 754 232
f 1705 3921 3916
f 340 166 343
f 1570 563 561
f 1904 194 1897
f 1781 1832 1780
f 1905 55 1906
f 1000 995 996
f 986 920 987
f 1191 1190 1194
f 2094 2075 2093
f 1920 1919 1915
f 453 1912 1911
f 1915 1918 1916
f 3882 2106 3901
f 1655 3531 1868
f 1916 1926 1925
f 704 3561 703
f 278 1925 1900
f 3565 1818 1820
f 1097 1115 1114
f 1927 727 1923
f 3578 3654 3758
f 1920 307 1929
f 1929 48 728
f 503 1497 1509
f 1902 787 796
f 1816 3820 3826
f 1925 1923 1924
f 1535 1568 1534
f 254 258 255
f 1509 366 367
f 119 35 36
f 219 293 294
f 141 47 431
f 542 244 245
f 1940 430 431
f 1779 1827 1790
f 1701 3915 3919
f 1661 3515 1667
f 270 754 647
f 197 749 196
f 1727 1212 1211
f 53 232 754
f 1465 1479 1478
f 1284 3854 1293
f 1951 412 413
f 168 1554 1553
f 1486 206 207
f 506 78 361
f 994 1007 993
f 951 963 964
f 1013 3861 1351
f 3826 1820 1818
f 1498 1954 1482
f 299 543 132
f 1754 1756 1753
f 1681 1683 1682
f 1696 1695 1697
f 13 738 737
f 473 475 474
f 482 768 1640
f 204 30 205
f 1761 820 819
f 611 1125 612
f 1501 1908 1909
f 1074 711 699
f 1960 82 83
f 120 1960 123
f 35 87 34
f 1773 1025 1031
f 1965 1569 1535
f 494 471 479
f 1966 1969 1968
f 446 1971 1967
f 174 125 126
f 1580 1578 1577
f 1785 1787 1784
f 1972 304 305
f 1254 875 999
f 1973 342 514
f 321 1973 509
f 1910 275 1907
f 509 514 508
f 1486 1527 1485
f 1974 804 1975
f 1977 1974 1978
f 1980 1966 1981
f 379 2 295
f 1718 1710 1701
f 884 992 883
f 1680 1678 1679
f 902 525 524
f 344 256 299
f 135 137 136
f 236 228 333
f 448 1967 1966
f 589 604 584
f 910 908 907
f 1981 1968 1987
f 1982 1987 1979
f 1988 1987 1989
f 1990 1989 1991
f 1991 1993 1992
f 322 320 319
f 992 830 883
f 1144 1086 1143
f 1995 1978 1994
f 1133 1118 1126
f 1997 1994 1996
f 870 1335 1489
f 805 1982 1998
f 727 2000 1999
f 1996 1988 1990
f 1994 1979 1988
f 1829 792 1273
f 1830 941 983
f 798 800 799
f 729 731 730
f 2011 2023 2022
f 1834 846 1159
f 402 284 347
f 2022 2024 2025
f 1838 989 988
f 810 952 809
f 1823 1840 644
f 1430 1432 1431
f 1215 1841 1079
f 149 176 177
f 1316 873 872
f 2112 1384 2106
f 1842 1844 1845
f 1159 845 1160
f 837 1846 1120
f 1971 2030 2027
f 517 370 189
f 858 833 812
f 1471 2027 1888
f 3551 626 627
f 2174 770 490
f 935 1854 1010
f 1613 1611 1618
f 1231 1225 1295
f 1856 891 892
f 1300 748 741
f 1150 1858 1859
f 1643 696 1642
f 1215 1264 1216
f 1320 902 901
f 1956 1944 1960
f 2031 669 1474
f 2034 1310 1299
f 1879 1656 1657
f 40 242 39
f 1992 2039 1456
f 888 957 889
f 1882 1996 1990
f 1078 1255 1077
f 1871 1192 1090
f 294 218 219
f 1323 2026 1471
f 123 83 1484
f 1324 2041 1323
f 384 359 352
f 1324 2038 2036
f 1883 1885 1829
f 287 114 107
f 1096 1134 661
f 915 931 916
f 806 1981 1982
f 3533 584 604
f 1425 2042 1018
f 1018 1948 1017
f 3562 740 3519
f 1948 649 646
f 1881 1990 1991
f 1900 130 278
f 992 994 993
f 923 925 924
f 3878 2047 3876
f 1643 625 606
f 2050 2051 2049
f 2045 1404 2047
f 3876 945 3885
f 1139 1079 1841
f 1037 892 982
f 2055 2057 2056
f 1198 718 717
f 1619 1612 1611
f 2058 1606 2059
f 2059 1607 2058
f 2058 1624 1605
f 71 179 37
f 405 1557 382
f 976 1006 977
f 322 1972 1911
f 2061 2063 2062
f 2066 2067 1825
f 2052 2064 2051
f 1609 2066 1647
f 1515 152 1516
f 1009 993 1007
f 1644 3815 2118
f 279 1916 278
f 1285 3862 1284
f 1647 1825 1649
f 2056 2067 2065
f 319 1953 1952
f 667 1913 1914
f 2070 625 2048
f 2052 2055 2063
f 2038 1655 1458
f 1606 2073 2072
f 1235 1270 1236
f 2072 2075 2074
f 2059 2072 2062
f 2074 2077 2076
f 1601 2078 2073
f 2049 1643 1645
f 1000 1001 994
f 1089 684 689
f 1931 1306 1930
f 1462 1021 1022
f 1932 1934 1935
f 875 1846 998
f 1936 1937 1938
f 44 46 92
f 1534 1956 120
f 1541 317 391
f 2081 2084 2083
f 146 1959 300
f 1360 1942 1361
f 985 1032 1033
f 1995 1892 2043
f 2079 2082 2081
f 2095 2076 2077
f 2081 2078 2079
f 2055 2054 2053
f 501 2095 500
f 2097 2099 2098
f 2098 2094 2083
f 2140 3893 3866
f 2141 3894 3893
f 2051 2048 2049
f 592 2101 1576
f 2071 2076 2096
f 2102 2098 2101
f 593 2102 592
f 1019 746 747
f 1950 12 1327
f 725 2096 501
f 1385 2104 1379
f 1379 2106 1384
f 2107 2100 2097
f 3908 502 3896
f 3896 499 3901
f 940 2109 944
f 928 1170 973
f 3868 684 3899
f 1962 1964 1961
f 3878 573 3897
f 2039 1968 1969
f 1389 2110 2109
f 1398 2113 1397
f 3757 3753 3743
f 3911 2107 2103
f 949 924 1115
f 260 324 326
f 1390 2113 2110
f 2070 2064 2071
f 3867 2103 593
f 2105 1421 2114
f 2114 1423 2115
f 3892 2115 3903
f 3908 2114 3892
f 554 1902 553
f 972 967 966
f 1765 1573 1574
f 1984 1986 1983
f 2053 2069 2057
f 3573 724 714
f 1625 1674 1673
f 3881 2119 2122
f 3903 2123 3904
f 56 1906 55
f 626 3879 629
f 2001 2003 2004
f 3912 2127 3907
f 2006 2008 2009
f 2127 1412 2128
f 2014 2016 2017
f 2018 2020 2021
f 1495 1947 197
f 1379 1386 1385
f 3814 1680 1618
f 2029 1884 2028
f 3902 2120 3887
f 629 3914 3872
f 682 943 1089
f 724 2121 716
f 1757 3821 3845
f 765 3844 3809
f 3851 715 3852
f 706 3870 3872
f 981 987 980
f 1457 1656 1880
f 2017 2032 2033
f 1458 1868 1457
f 1776 1792 1793
f 1959 1946 1958
f 3663 3725 3661
f 3913 2122 3850
f 1093 689 1088
f 966 968 972
f 3852 3881 3913
f 2172 2170 2171
f 670 2137 669
f 3761 1903 233
f 1429 28 1449
f 964 978 971
f 3841 1413 2127
f 1473 669 2137
f 3834 1359 1358
f 2138 1870 2137
f 1872 2137 1870
f 715 3888 3881
f 1881 1992 1880
f 3843 739 740
f 1837 3513 3514
f 253 59 85
f 1808 3840 1807
f 1647 3818 1609
f 3865 671 668
f 2112 3883 2111
f 1405 2044 1438
f 3829 1364 1366
f 273 391 249
f 576 3520 3555
f 3875 668 2031
f 1430 2140 2139
f 2136 3860 28
f 1430 18 19
f 3893 570 695
f 1442 2046 2141
f 1431 2141 2140
f 3869 3850 2136
f 3808 1817 766
f 3866 695 671
f 2142 798 2138
f 571 2142 694
f 3819 1618 1611
f 2143 2025 2142
f 694 2138 670
f 681 2144 572
f 2144 2022 2143
f 328 457 290
f 1572 2011 2144
f 630 3903 624
f 2085 2087 2088
f 2090 2092 2089
f 572 2143 571
f 1875 2153 2149
f 1873 2149 2154
f 2103 2097 2102
f 2157 2155 2156
f 2128 1414 2120
f 3874 589 582
f 3872 628 629
f 2149 2158 2159
f 2159 3905 3890
f 698 3902 705
f 3823 3827 1817
f 2158 3874 3905
f 1438 2046 1439
f 2035 2160 2161
f 2161 3889 3886
f 3871 605 589
f 3873 18 3875
f 370 61 451
f 649 413 648
f 2153 2156 2158
f 1428 1449 1450
f 1490 73 1488
f 3890 710 633
f 2155 3891 3871
f 1456 1880 1992
f 2125 2087 2124
f 2160 3890 3889
f 300 505 323
f 1064 1046 1065
f 2043 1891 2155
f 2129 2004 2003
f 2131 2133 2134
f 3848 1450 1449
f 1998 804 805
f 3879 3864 3914
f 474 490 770
f 1164 1182 1177
f 707 3909 3870
f 708 2162 707
f 2162 3886 3909
f 548 1905 458
f 1145 1114 1171
f 705 1650 704
f 2043 1977 1995
f 737 554 559
f 1034 1191 1023
f 458 1907 275
f 195 232 233
f 2040 1969 1970
f 2145 2147 2148
f 2054 2049 1645
f 3832 1639 3818
f 9 11 10
f 252 506 258
f 472 479 471
f 1865 3791 3503
f 900 910 907
f 1941 2151 1942
f 1921 1927 1919
f 2163 1898 2116
f 271 153 178
f 1904 12 9
f 282 264 460
f 1872 2154 2035
f 1326 1897 2163
f 628 693 627
f 1724 1719 1723
f 1549 436 172
f 1582 1730 1729
f 1921 1929 1928
f 3563 10 11
f 2152 1950 1949
f 475 774 771
f 769 2171 473
f 2171 476 473
f 476 772 475
f 1791 464 1760
f 2166 2168 2169
f 595 372 98
f 483 1641 482
f 762 2173 470
f 771 484 492
f 486 1809 483
f 297 1517 296
f 763 2174 762
f 776 759 489
f 184 2176 2000
f 412 303 414
f 2005 185 224
f 3811 1682 3846
f 2164 756 764
f 1472 2161 2162
f 950 964 965
f 2177 2179 2180
f 227 1510 333
f 764 467 2164
f 2182 2184 2181
f 2186 2018 2185
f 1985 2181 1986
f 214 729 1531
f 1545 1546 1569
f 865 842 866
f 849 1357 1362
f 452 1558 454
f 559 3188 737
f 16 737 3188
f 560 498 374
f 3193 3195 3194
f 3200 3198 3199
f 3211 3213 3212
f 3215 3217 3216
f 2187 2002 2001
f 2169 2189 2190
f 2192 2085 2191
f 2193 2195 2196
f 2198 2200 2197
f 1998 1979 1975
f 3664 3668 3671
f 2116 1903 1902
f 1859 2009 1150
f 3904 2126 3906
f 1135 1087 1130
f 2201 2015 2014
f 1149 110 1858
f 3221 3218 3215
f 2203 2205 2206
f 579 1895 1019
f 1755 2208 1756
f 3891 1893 605
f 1211 2150 1727
f 868 2210 2209
f 944 930 940
f 2130 2202 2201
f 233 1898 195
f 665 750 666
f 1167 999 618
f 2211 2213 2214
f 2215 2217 2218
f 3867 590 3868
f 2220 220 2219
f 823 948 1094
f 3225 3227 3226
f 266 455 265
f 3882 2107 3883
f 2221 3519 3517
f 2223 2225 2226
f 2207 2124 2208
f 673 3869 3864
f 817 996 815
f 2227 2146 2145
f 1947 646 749
f 3900 17 3873
f 2229 1638 1381
f 1679 1618 1680
f 1637 2232 2230
f 2233 1617 1616
f 2231 2236 2237
f 1381 2238 1382
f 3586 2242 3587
f 1630 2233 1631
f 1681 472 469
f 1408 2243 2244
f 3236 3238 3237
f 3232 3240 3235
f 1637 2238 1638
f 3237 3233 3234
f 1409 1634 2245
f 1380 2247 2246
f 1628 2245 1621
f 2249 1622 1633
f 1632 1408 2244
f 2248 1631 2250
f 2235 1637 1636
f 3245 3199 3198
f 631 2071 725
f 515 52 49
f 782 2251 1251
f 2253 2255 2252
f 397 459 784
f 1456 2040 1455
f 2040 2036 1455
f 1401 2111 1398
f 2041 1970 2026
f 1535 414 1965
f 1586 2080 2079
f 2256 1132 1886
f 1700 3918 3919
f 3815 1686 3817
f 1263 1886 1096
f 598 844 599
f 2257 2259 2260
f 2258 2262 2259
f 2259 2263 2216
f 2260 2216 2215
f 1967 1970 1969
f 2212 1963 2213
f 922 2218 2217
f 1312 1101 2264
f 1307 1286 789
f 1548 1546 1972
f 2266 2268 2265
f 2265 2270 2269
f 2272 2269 2271
f 2273 2265 2272
f 2275 2277 2274
f 2278 2277 2279
f 2284 3617 3639
f 2287 2286 2281
f 2288 2283 2287
f 2290 3639 3620
f 2291 2293 2294
f 2295 2294 2279
f 2296 2291 2295
f 2297 2292 2291
f 2294 2299 2300
f 2279 2300 2278
f 2298 2302 2292
f 2292 2303 2293
f 2293 2304 2299
f 2304 2306 2299
f 2306 2300 2299
f 2308 2310 2307
f 2302 2310 2303
f 2301 2307 2302
f 2312 2307 2311
f 2313 2315 2316
f 2318 2320 2317
f 3748 2322 2323
f 2324 2273 2326
f 2313 2326 2327
f 2328 2313 2316
f 2329 2324 2328
f 2331 2333 2330
f 2330 2267 2266
f 2325 2266 2273
f 2329 2330 2325
f 2333 2335 2267
f 2336 2333 2332
f 2338 2332 2337
f 2331 2337 2332
f 2329 2339 2331
f 2328 2340 2329
f 2316 2341 2328
f 2342 2315 2343
f 2344 2346 2347
f 2341 2347 2340
f 2342 2344 2341
f 2348 2345 2344
f 2350 2352 2353
f 2339 2353 2337
f 2340 2350 2339
f 2347 2351 2350
f 2337 2354 2338
f 2353 2355 2354
f 2356 2276 2357
f 2356 2358 2359
f 2356 2296 2295
f 2279 2356 2295
f 2360 2270 2268
f 2267 2360 2268
f 2362 2364 2365
f 2362 2361 2358
f 2366 2358 2357
f 2366 2363 2362
f 2357 2368 2366
f 2366 2369 2367
f 2276 2370 2368
f 2368 2282 2369
f 2372 2374 2371
f 2375 2377 2007
f 2378 2380 2381
f 2382 2381 2383
f 2384 2378 2382
f 2385 2379 2378
f 2388 2390 2387
f 2387 2392 2391
f 2393 2387 2391
f 2394 2388 2387
f 2186 2402 2400
f 2403 2327 2326
f 2272 2326 2273
f 2271 2403 2272
f 2405 2404 2403
f 2404 2408 2327
f 2409 2411 2412
f 2409 2271 2269
f 2413 2269 2270
f 2413 2410 2409
f 2417 2416 2418
f 2417 2406 2405
f 2412 2405 2271
f 2411 2417 2412
f 2406 2407 2404
f 3569 632 713
f 2420 2397 2421
f 2420 2423 2422
f 2424 2422 2419
f 2424 2398 2420
f 2425 2392 2426
f 2421 2426 2423
f 2397 2425 2421
f 2396 2391 2425
f 2427 2315 2314
f 2427 2408 2428
f 2430 2428 2429
f 2343 2427 2430
f 2432 2430 2431
f 2431 2429 2433
f 2435 2433 2434
f 2436 2431 2435
f 2428 2407 2437
f 2422 2407 2419
f 2438 2422 2423
f 2429 2437 2438
f 2440 2433 2439
f 2441 2433 2429
f 2442 2439 2441
f 2443 2440 2439
f 2445 2444 2443
f 2447 2443 2442
f 2383 2445 2447
f 2381 2446 2445
f 2448 2423 2426
f 2449 2426 2392
f 2441 2449 2442
f 2441 2438 2448
f 2449 2390 2450
f 2450 2389 2451
f 2447 2451 2383
f 2442 2450 2447
f 2451 2453 2452
f 2452 2455 2454
f 2382 2454 2384
f 2383 2452 2382
f 2456 2373 2372
f 2459 2461 2458
f 2463 2465 2462
f 2462 2285 2284
f 2466 2284 2290
f 2467 2462 2466
f 2461 3703 3701
f 2468 2470 2471
f 2472 2471 2473
f 2474 3701 3688
f 2475 2477 2478
f 2458 2453 2479
f 2479 2389 2388
f 2395 2479 2388
f 2480 2458 2479
f 2481 2483 2478
f 2484 2485 221
f 2471 2464 2463
f 2473 2463 2467
f 2487 2466 2486
f 2486 2290 2488
f 2490 2488 2489
f 2491 2486 2490
f 2492 2467 2487
f 2493 2487 2491
f 2494 2492 2493
f 2495 2473 2492
f 3690 2474 3688
f 3691 2496 3690
f 2498 2493 2499
f 2500 2499 2501
f 3700 2498 2500
f 3687 2494 2498
f 2306 2278 2300
f 2305 2504 2306
f 2504 2507 2506
f 2506 2288 2508
f 2274 2508 2275
f 2278 2506 2274
f 3633 2489 2488
f 3620 2488 2290
f 2507 2289 2288
f 2505 2509 2507
f 2508 2287 2511
f 2511 2281 2280
f 2370 2280 2282
f 2275 2511 2370
f 2512 2489 2513
f 2514 2513 2515
f 2517 2514 2516
f 2517 2490 2512
f 2499 2491 2517
f 2499 2516 2501
f 2510 2519 2518
f 2518 2521 2520
f 3616 2520 3621
f 3632 2518 3616
f 2522 2303 2310
f 2523 2310 2309
f 2305 2522 2524
f 2524 2523 2525
f 2519 2525 2521
f 2505 2524 2519
f 2308 2527 2526
f 2526 2529 2528
f 2531 2528 2530
f 2309 2526 2531
f 1214 2151 1211
f 2419 2418 2424
f 2533 2349 2317
f 2534 2317 2320
f 2535 2533 2534
f 2536 2345 2533
f 2537 2346 2536
f 2538 2536 2535
f 2539 2537 2538
f 2540 2351 2537
f 2312 2541 2527
f 2527 2542 2529
f 2543 2434 2544
f 2545 2544 2546
f 2319 2543 2545
f 2318 2435 2543
f 2514 2548 2547
f 2547 2550 2549
f 2552 2549 2551
f 2552 2514 2547
f 2520 2554 2553
f 2553 2556 2555
f 3590 2555 3593
f 3621 2553 3590
f 2523 2531 2557
f 2557 2530 2558
f 2525 2557 2559
f 2559 2558 2560
f 2554 2560 2556
f 2521 2559 2554
f 2561 2007 2006
f 2376 2225 2377
f 2564 2566 2563
f 2563 338 2567
f 2569 2567 2568
f 2570 2563 2569
f 2572 2574 2571
f 2571 2576 2575
f 2544 2575 2546
f 2544 2572 2571
f 2578 2569 2577
f 2579 2569 2568
f 2574 2579 2576
f 2573 2577 2574
f 2581 2583 2580
f 2584 2583 2585
f 3697 2580 2584
f 3676 2580 3675
f 2582 2552 2583
f 2583 2551 2585
f 2500 2589 2588
f 2590 2589 2591
f 3693 2588 2590
f 3695 2500 2588
f 2501 2591 2589
f 2592 2594 2595
f 2386 2503 2502
f 2596 2386 2374
f 2596 2373 2597
f 2599 2597 2598
f 2599 2379 2596
f 2600 2380 2599
f 2600 2598 2601
f 2603 2601 2602
f 2603 2446 2600
f 2604 2602 2605
f 2440 2605 2434
f 2444 2604 2440
f 2606 2581 2607
f 2606 2590 2591
f 2591 2582 2606
f 3676 2456 3689
f 3689 2372 3693
f 2478 2608 2481
f 2609 2611 2199
f 2564 2613 2612
f 2612 2598 2597
f 2457 2597 2373
f 2565 2612 2457
f 2614 2570 2578
f 2615 2578 2573
f 2602 2614 2615
f 2601 2613 2614
f 2572 2605 2616
f 2616 2602 2615
f 2573 2616 2615
f 1459 1045 1021
f 1265 1079 1082
f 1612 1609 1611
f 2067 2069 2068
f 1135 1136 1148
f 1938 2618 2617
f 95 458 128
f 2058 1608 1612
f 1454 1445 1367
f 655 1048 2619
f 722 2621 723
f 1131 1033 1134
f 562 366 1497
f 1723 1725 1591
f 1786 1122 1787
f 267 323 266
f 1325 1654 2038
f 1468 1435 1479
f 658 529 528
f 8 247 7
f 382 1559 3
f 788 1307 789
f 940 929 928
f 911 2623 912
f 2621 655 654
f 2624 2625 2626
f 998 27 26
f 635 2626 2625
f 2627 644 1840
f 2628 1840 2629
f 1200 2627 2628
f 1199 641 2627
f 1520 49 477
f 1452 1349 1451
f 2630 1859 1858
f 644 1335 1823
f 1197 717 2632
f 2632 719 1166
f 2628 1166 1200
f 2629 2632 2628
f 1762 1050 821
f 1823 873 1839
f 2634 794 652
f 1028 1027 1161
f 1042 2635 1043
f 93 1901 1924
f 2036 1458 1455
f 1527 1525 1526
f 877 1274 1277
f 134 797 1544
f 1328 931 1329
f 607 1091 1161
f 1043 2637 2636
f 2636 2639 2638
f 1275 2638 1276
f 1275 1043 2636
f 1272 2626 2640
f 2640 638 637
f 1110 2640 637
f 536 2640 2641
f 1472 1474 1473
f 2042 1951 649
f 1058 1105 1059
f 2642 2643 2644
f 1192 2644 1193
f 912 2642 1192
f 3898 3526 3786
f 1049 2620 2621
f 616 1885 613
f 1331 666 750
f 990 1198 525
f 1911 321 322
f 1298 1205 2645
f 76 1504 75
f 1502 421 422
f 610 658 691
f 1146 659 938
f 2646 914 936
f 1280 1238 1279
f 975 2647 2648
f 2647 975 974
f 1453 1452 1451
f 1514 158 151
f 835 1843 1842
f 1271 1173 1289
f 2649 813 2650
f 1893 1826 1894
f 1050 1937 1051
f 2651 814 813
f 1006 1281 977
f 2653 2654 2655
f 1001 1003 1002
f 585 679 558
f 2624 621 620
f 555 2028 556
f 1207 1197 2629
f 1626 478 472
f 426 419 1567
f 1030 1773 1031
f 3898 634 3880
f 534 138 262
f 1125 1042 1041
f 333 88 227
f 569 561 730
f 1489 871 870
f 1857 620 891
f 1673 3770 3763
f 622 864 1308
f 2647 974 2657
f 619 891 620
f 261 545 262
f 393 1556 404
f 2658 2647 2657
f 1075 2657 917
f 1081 2658 1075
f 1080 2659 2658
f 2644 1141 2660
f 2660 1140 1336
f 642 1336 643
f 1193 2660 642
f 679 555 558
f 1503 1500 1502
f 1318 1101 1100
f 2661 1139 1142
f 2661 2663 2662
f 2662 2659 2661
f 2662 2622 2664
f 2664 911 2646
f 2648 2646 1146
f 2648 2662 2664
f 2083 2093 2081
f 1442 1437 1439
f 519 330 51
f 1885 1209 613
f 799 805 804
f 1946 1952 1953
f 1302 1253 1252
f 566 224 533
f 1389 928 1388
f 683 681 680
f 836 1842 2665
f 2665 1845 1303
f 2666 1303 1302
f 24 2665 2666
f 831 2650 832
f 1845 1304 1303
f 2010 2012 2011
f 1051 2667 2668
f 1522 1511 1523
f 531 441 522
f 782 1251 1250
f 1250 2625 2669
f 2669 1857 1856
f 783 1856 1037
f 782 2669 783
f 720 2671 721
f 1055 1930 1056
f 1333 1251 2251
f 619 1308 1307
f 652 2619 2634
f 521 1539 1540
f 1838 537 2672
f 2672 536 2641
f 1113 2641 1110
f 1113 1838 2672
f 1016 1351 1045
f 3897 570 3894
f 226 104 101
f 3564 3827 1818
f 1036 1884 1883
f 2674 1304 2673
f 2673 1844 2675
f 1334 2675 1039
f 1333 2673 1334
f 2676 1039 2675
f 1843 2675 1844
f 942 2676 1843
f 1074 702 2676
f 811 859 858
f 752 1055 753
f 1200 656 1026
f 1120 874 2677
f 2677 877 1052
f 1241 1052 1005
f 1119 2677 1241
f 1560 151 1515
f 1208 611 523
f 215 736 214
f 1460 1462 1461
f 1208 1839 873
f 854 1282 1297
f 72 182 179
f 544 1565 512
f 217 456 457
f 2047 930 945
f 1204 1937 2633
f 913 686 685
f 840 1113 1112
f 1531 730 561
f 2678 1283 801
f 601 1914 602
f 1537 459 460
f 1819 3509 3527
f 991 862 538
f 2679 1073 1830
f 2680 983 2256
f 779 2256 1263
f 778 2680 779
f 2678 1830 2680
f 180 245 40
f 1886 1131 1134
f 1138 1274 1255
f 1841 1140 1139
f 75 314 74
f 193 420 192
f 2681 1099 1098
f 170 1565 169
f 349 417 432
f 1121 2684 2683
f 547 409 302
f 123 121 120
f 2643 1142 1141
f 1542 513 1543
f 899 907 919
f 1210 676 867
f 791 982 892
f 24 837 836
f 893 932 931
f 1860 863 862
f 535 862 861
f 832 813 812
f 2650 813 832
f 1569 1547 1568
f 181 542 180
f 660 937 688
f 2013 568 2012
f 887 2631 2630
f 1524 361 78
f 520 162 1529
f 2653 854 2685
f 1238 2655 2686
f 718 527 530
f 1492 518 1491
f 792 615 793
f 599 1835 596
f 290 456 175
f 312 1552 425
f 1248 1179 1249
f 153 177 178
f 1240 1222 1221
f 1257 1235 1071
f 1291 1083 1222
f 1052 1277 1053
f 743 2618 1204
f 444 430 443
f 23 1172 1187
f 2687 1180 1179
f 102 409 134
f 1283 610 801
f 373 650 651
f 1180 1084 1291
f 855 2655 1237
f 1173 1917 1174
f 2689 853 2688
f 2688 1108 1279
f 2686 1279 1238
f 2687 2688 2686
f 2691 1252 2690
f 2690 850 2689
f 1248 2689 2687
f 1248 2691 2690
f 2692 24 2666
f 2691 2666 1302
f 1247 2692 2691
f 1258 617 2692
f 394 1555 393
f 2693 1259 1223
f 1072 1262 1261
f 1257 1168 1258
f 398 1555 1554
f 871 1314 872
f 1178 1249 1179
f 1224 1173 1172
f 1010 2618 742
f 1175 1292 1269
f 2654 2686 2655
f 2694 1216 1264
f 71 1487 70
f 701 1111 1038
f 1072 2649 2650
f 1085 22 21
f 895 1264 896
f 1601 1605 1604
f 1259 1271 1289
f 21 1220 1083
f 988 538 537
f 598 1336 1140
f 820 1762 821
f 1050 818 821
f 1298 1761 2652
f 1168 618 617
f 858 1256 833
f 39 516 1536
f 2652 819 814
f 313 315 314
f 2026 1971 2027
f 2656 596 1835
f 814 818 811
f 2696 813 2649
f 1260 2649 1261
f 2693 2696 1260
f 2697 2651 2696
f 381 390 380
f 3818 1611 1609
f 1475 1428 1227
f 1292 1917 1235
f 1551 354 1518
f 1526 1523 1511
f 1593 1595 1573
f 1232 1246 1249
f 2695 1223 22
f 2698 1296 2697
f 2698 2693 2695
f 2685 2695 1085
f 2685 1297 2698
f 562 271 272
f 2652 1296 1298
f 1365 1364 1363
f 1958 1953 1957
f 585 2210 997
f 1561 1515 435
f 975 1146 976
f 347 68 346
f 1038 636 1068
f 2700 780 2699
f 2699 1036 1883
f 2701 1883 1829
f 851 2699 2701
f 2674 2251 2702
f 2702 781 2700
f 1253 2700 851
f 1301 2702 1253
f 1519 388 1550
f 1273 1280 2703
f 2703 1107 852
f 2701 852 851
f 1829 2703 2701
f 91 326 90
f 1784 2656 1785
f 2683 2705 2704
f 604 3499 3533
f 1669 3548 1662
f 2062 2060 2059
f 621 861 622
f 2023 732 2024
f 686 1263 687
f 857 2668 1328
f 883 882 879
f 637 1111 1110
f 2668 893 1328
f 2667 894 2668
f 1039 1068 1334
f 313 1504 1505
f 1911 305 453
f 1936 1964 2212
f 2707 2401 2183
f 2708 2183 2182
f 738 2116 554
f 2349 2432 2436
f 2711 2020 2019
f 2400 2019 2186
f 2714 2716 2713
f 2717 2719 2720
f 2721 2723 2724
f 2726 2728 2725
f 2725 2730 2729
f 2731 2729 2709
f 2732 2725 2731
f 2734 2736 2733
f 2738 2740 2737
f 2737 2741 2742
f 2744 2746 2743
f 2745 2748 2747
f 2749 2747 2751
f 2753 2751 2752
f 2250 2246 2248
f 2754 1614 2755
f 3598 2755 3609
f 3608 2747 3609
f 1617 2755 1614
f 2242 1620 2757
f 2191 2760 2759
f 2761 2760 2762
f 3648 2761 3649
f 3623 2759 3648
f 3209 3223 3224
f 1395 2236 2235
f 1395 1636 1615
f 1616 2229 2233
f 1617 2763 2756
f 2756 3628 3608
f 2765 2234 1630
f 2766 3628 3622
f 3202 3246 3247
f 1516 435 1515
f 2768 3552 3553
f 1495 578 1424
f 2135 28 17
f 3526 2773 2774
f 1690 3926 3925
f 2778 2780 2777
f 2777 2781 2782
f 2784 2777 2783
f 3555 575 576
f 1494 9 540
f 3529 2015 3566
f 451 505 450
f 2786 2788 2785
f 2779 2785 2780
f 2789 2741 2740
f 2790 2752 2789
f 2792 2794 2791
f 2793 2796 2794
f 2796 2750 2749
f 2794 2749 2753
f 2798 1396 2754
f 3591 2754 3598
f 2798 2800 1393
f 3591 2799 2798
f 2797 2795 2801
f 2791 2753 2790
f 216 232 54
f 3804 2807 3803
f 3805 2804 3803
f 2769 3557 3552
f 183 184 97
f 2811 2775 2776
f 2804 2776 2805
f 2809 2811 2804
f 2812 2813 2814
f 3805 2816 3795
f 3796 2815 3795
f 3798 2820 2821
f 3793 2819 3798
f 2824 2735 2819
f 2823 2824 2819
f 2825 2826 2724
f 3793 2827 3792
f 3796 2826 3792
f 2713 2829 2828
f 2828 2831 2830
f 2822 2828 2830
f 2821 2713 2828
f 2832 2822 2830
f 2833 2830 2831
f 2834 2832 2833
f 2835 2827 2832
f 2837 2839 2836
f 2836 2841 2840
f 2842 2840 2727
f 2843 2836 2842
f 2840 2845 2844
f 2718 2845 2719
f 2730 2844 2718
f 2727 2844 2728
f 2846 2719 2845
f 2846 2841 2847
f 2829 2847 2831
f 2829 2716 2846
f 2847 2839 2848
f 2848 2838 2849
f 2833 2849 2834
f 2831 2848 2833
f 2850 2851 2852
f 2853 2852 2854
f 2783 2782 2855
f 2785 2853 2856
f 2780 2856 2781
f 2857 2855 2782
f 2859 2782 2781
f 2861 2842 2860
f 2860 2727 2726
f 2862 2726 2732
f 2863 2860 2862
f 2861 2858 2857
f 2843 2857 2859
f 2856 2854 2864
f 2781 2864 2859
f 2837 2859 2864
f 2838 2864 2854
f 2852 2834 2849
f 2854 2849 2838
f 2865 2818 2835
f 2851 2835 2834
f 2813 2815 2865
f 2814 2865 2851
f 2866 2814 2850
f 2788 2850 2853
f 2866 2787 2867
f 2812 2867 2775
f 1892 1890 1891
f 2720 2846 2870
f 298 256 257
f 2872 2713 2820
f 3794 2735 2734
f 2729 2874 2873
f 2846 2715 2870
f 2876 2878 2875
f 2733 2878 2734
f 3806 2879 2880
f 3806 2872 3794
f 2882 2884 2881
f 2881 2715 2714
f 2880 2714 2872
f 2879 2881 2880
f 2885 2887 2888
f 2888 2890 2885
f 2885 2892 2891
f 2893 2885 2891
f 1942 2532 2894
f 2895 2720 2870
f 2884 2870 2715
f 2883 2895 2884
f 2896 2892 2895
f 2889 2717 2890
f 2890 2720 2892
f 2897 2891 2896
f 2898 2896 2883
f 2899 2883 2882
f 2900 2882 2879
f 3797 2879 3807
f 2876 2901 2877
f 2901 2904 2903
f 1785 1835 1834
f 2905 2899 2900
f 2907 2897 2898
f 3797 2903 3799
f 632 577 633
f 3532 2867 2787
f 434 550 350
f 2768 3640 3643
f 2910 1623 2249
f 2241 2758 2242
f 3640 2913 3652
f 1623 2757 1620
f 3587 2757 3652
f 2229 1380 2250
f 2765 1629 2914
f 2915 1629 2912
f 3642 2914 2915
f 3641 2765 2914
f 2919 3642 3613
f 2918 2912 2241
f 3614 2241 3586
f 3618 3613 3670
f 3541 2180 3496
f 3521 2188 3506
f 3705 714 3851
f 2925 2917 2924
f 2924 2916 2919
f 3610 2919 3618
f 3611 2924 3610
f 2926 2766 2925
f 3658 2925 3611
f 1715 1705 1710
f 785 498 796
f 1387 565 1791
f 374 1899 560
f 3573 2206 3556
f 2929 2886 2893
f 2932 2934 2931
f 1905 1908 1907
f 2930 2936 2937
f 2938 2930 2929
f 1493 517 518
f 1603 1586 1602
f 2939 2929 2908
f 2940 2908 2907
f 3665 1600 3661
f 2886 2937 2887
f 2906 2898 2899
f 2908 2893 2897
f 2942 2933 2941
f 2941 2937 2936
f 3501 2936 3513
f 3498 2941 3501
f 2943 2710 2873
f 2943 2874 2889
f 2945 2889 2888
f 2946 2943 2945
f 2932 2888 2887
f 2931 2945 2932
f 727 1929 728
f 2903 2947 2948
f 545 42 262
f 1480 533 251
f 2907 2949 2940
f 2906 2950 2949
f 1558 215 202
f 3799 2948 3801
f 2054 1644 2118
f 3705 2203 3573
f 1828 1849 1827
f 2953 2955 2952
f 2952 2957 2956
f 2956 2258 2952
f 2953 2258 2257
f 2454 2474 2496
f 3747 2959 3766
f 3747 2131 3737
f 2961 2963 2958
f 2958 2964 2959
f 222 2485 2965
f 2477 2966 2608
f 2631 2006 1859
f 2384 2496 2497
f 2967 2959 2964
f 2968 2970 2969
f 3759 2971 3784
f 3784 2960 3766
f 2972 2033 2032
f 2007 2973 2008
f 3560 2134 2133
f 1836 1832 1831
f 3506 2090 3551
f 955 959 956
f 672 674 673
f 633 713 632
f 2024 733 803
f 2025 803 798
f 425 1550 388
f 2975 888 887
f 1319 1157 2694
f 1212 2977 1213
f 889 2228 2227
f 1978 1975 1979
f 1138 1329 915
f 751 2979 2978
f 1619 1625 1624
f 2252 1728 1727
f 1157 845 1216
f 2706 1938 2617
f 2980 2254 2981
f 2982 887 2630
f 802 711 2679
f 678 2029 2028
f 527 690 528
f 1839 2629 1840
f 2983 602 1914
f 2983 1913 1331
f 2985 1331 1054
f 2986 2983 2985
f 2987 2635 2634
f 2985 2639 2986
f 2990 1318 2989
f 2991 2993 2994
f 2995 2994 2996
f 1106 2991 2995
f 1058 2992 2991
f 1415 1365 1367
f 1317 2217 2997
f 1932 2255 2980
f 926 2999 664
f 3001 2992 3000
f 3000 1057 2978
f 2999 2978 2979
f 2998 3000 2999
f 3002 2209 3003
f 3002 2996 2994
f 2993 3002 2994
f 3001 2998 3002
f 1103 2995 3004
f 3004 2996 3003
f 2209 3004 3003
f 588 3004 2210
f 295 433 381
f 2638 2988 3005
f 3005 1056 1930
f 1305 1930 1306
f 1276 3005 1305
f 1987 1993 1989
f 2633 1761 2645
f 1423 1417 1419
f 3561 739 703
f 2671 2704 2705
f 1473 2035 1472
f 922 2694 895
f 1401 1378 1384
f 556 1884 1037
f 842 3825 3836
f 1854 2617 1010
f 933 1081 1075
f 1440 1436 1437
f 529 719 530
f 1031 1027 1028
f 777 912 1871
f 2645 1204 2633
f 441 1538 1537
f 790 587 586
f 2065 1610 1607
f 1860 990 902
f 60 87 59
f 1424 1948 1947
f 332 1507 331
f 261 138 135
f 187 449 507
f 1719 1726 1725
f 1931 1059 3006
f 3006 1105 1104
f 1287 1104 587
f 1286 3006 1287
f 3007 3009 3010
f 3009 653 795
f 618 26 25
f 2029 1210 1209
f 957 600 2228
f 1049 2228 600
f 2631 3011 2561
f 890 2227 3011
f 3011 2145 3012
f 2561 3012 2375
f 1026 609 608
f 2706 1961 1964
f 3013 2485 3014
f 2148 1267 3015
f 3015 1266 1311
f 2997 1101 1317
f 642 1773 1193
f 186 461 511
f 1041 1320 901
f 1121 3017 1122
f 2984 2987 3018
f 3018 2634 2619
f 1048 3018 2619
f 603 2984 3018
f 2679 801 802
f 2062 2074 2061
f 2061 2076 2064
f 414 1545 1965
f 3016 2683 3019
f 3019 2704 2670
f 3020 2670 720
f 3007 3019 3020
f 1871 1091 777
f 3021 1122 3017
f 3022 3017 3010
f 1314 3022 1315
f 1784 3021 1314
f 1316 1763 611
f 3023 3010 3009
f 3023 795 1092
f 1763 1092 1125
f 1315 3023 1763
f 3016 3010 3017
f 752 2978 1057
f 2986 2637 2987
f 3024 653 3008
f 3020 3008 3007
f 720 3024 3020
f 723 654 3024
f 2681 1268 3025
f 2671 1268 721
f 2705 3025 2671
f 1313 3027 1311
f 3026 3029 3027
f 3027 3030 3031
f 1311 3031 3015
f 2012 731 2023
f 917 974 977
f 743 856 744
f 1888 2030 1425
f 2682 2684 3032
f 3032 1124 2989
f 1100 2989 1318
f 1099 3032 1100
f 1123 2989 1124
f 3033 1159 1158
f 2990 1158 1319
f 1123 3033 2990
f 1786 1834 3033
f 1054 2988 2985
f 2979 664 2999
f 2623 2663 2643
f 1095 688 687
f 3034 2261 2956
f 3036 2956 2957
f 3037 3034 3036
f 3038 3035 3034
f 3040 3026 1313
f 2263 3041 3040
f 3042 3043 3041
f 3041 3028 3026
f 3044 3043 3039
f 3046 3045 3044
f 3047 3049 3045
f 3043 3049 3028
f 3038 3051 3050
f 3050 3053 3052
f 3052 3044 3050
f 3039 3050 3044
f 3054 3039 3042
f 3042 2262 3054
f 2261 3054 2262
f 2216 2997 2217
f 2212 2667 1936
f 3056 2209 3055
f 934 1961 1854
f 2013 3757 567
f 3058 3060 3061
f 3059 3063 3060
f 3060 2213 1963
f 3061 1963 1962
f 3063 2214 2213
f 3062 3064 3063
f 3065 2260 3064
f 3064 2215 2214
f 3066 3031 3030
f 2608 3067 3066
f 2966 3068 3067
f 3031 3068 3015
f 2455 2461 2474
f 2476 2226 2477
f 3551 2089 3525
f 3526 3769 3786
f 433 355 381
f 2115 1419 2123
f 3509 2922 3527
f 3769 2131 2134
f 3069 2167 2166
f 2971 2928 2960
f 2961 2773 2962
f 3070 2478 2483
f 2610 3071 2954
f 2502 2374 2386
f 3072 2595 3073
f 2964 3052 2967
f 3048 3074 3049
f 2593 3075 3074
f 3075 3029 3074
f 3074 3028 3049
f 3072 3075 2592
f 3076 2482 2481
f 2481 3066 3076
f 3076 3030 3075
f 2967 3053 2970
f 2482 3073 2483
f 479 493 494
f 706 3873 709
f 3561 2221 3517
f 2013 3754 3755
f 3533 2016 3529
f 3562 2222 2974
f 1171 1155 1176
f 2586 2565 2587
f 2982 113 2484
f 2562 3077 3068
f 2376 3012 3077
f 3012 2148 3077
f 3077 3015 3068
f 2963 3046 2964
f 3051 2970 3053
f 1683 491 775
f 3850 1447 3860
f 1986 3734 3768
f 3079 2546 2575
f 3081 2575 2576
f 1983 3768 3765
f 3082 2319 2545
f 3080 2545 2546
f 3734 3082 3080
f 3732 2323 3082
f 1309 1888 748
f 3073 2772 2771
f 2760 3084 2762
f 2760 2088 3083
f 3085 3086 3087
f 3089 3090 3088
f 3089 3084 3085
f 3092 3090 3091
f 3093 2744 2743
f 2751 2748 3093
f 3093 2752 2751
f 2742 3093 3094
f 3094 2743 3095
f 3096 3098 3087
f 3099 3087 3086
f 3097 3095 3098
f 3100 2746 3101
f 3101 3102 3100
f 2764 2927 3101
f 2745 3101 2746
f 3102 3091 3100
f 3100 3095 2743
f 2869 3592 3634
f 3102 3104 3092
f 3658 2869 3634
f 2927 3103 3102
f 3098 3091 3090
f 3087 3090 3085
f 2088 3105 3083
f 3083 3086 3084
f 2483 2771 3070
f 2401 2185 2321
f 3099 3105 3106
f 2125 3106 3105
f 3108 2742 3107
f 3107 3094 3097
f 3110 3107 3109
f 3109 3097 3096
f 3111 3096 3099
f 3112 3109 3111
f 3113 2737 3108
f 3115 2722 3114
f 3117 3114 3116
f 3119 3116 3118
f 3118 3120 3121
f 3116 3113 3120
f 3122 3111 3123
f 3122 1755 1754
f 3124 3126 3127
f 3125 3121 3126
f 3128 3118 3125
f 3129 3125 3124
f 2020 3128 3129
f 3853 1346 1352
f 1065 1047 1066
f 1814 3830 1649
f 2021 3129 3130
f 3111 3106 3123
f 3123 2207 1755
f 2377 2224 2973
f 3014 113 112
f 1756 3782 3767
f 3131 2530 2528
f 3133 2528 2529
f 1753 3767 3775
f 3134 3127 3135
f 2327 2314 2313
f 2436 2317 2349
f 2018 3711 3712
f 2534 3137 2535
f 2320 3136 2534
f 2185 3712 3771
f 3138 2542 2539
f 3134 3744 3745
f 3785 3134 3745
f 3140 2539 2538
f 2535 3140 2538
f 3711 3130 3785
f 2558 3132 3141
f 3782 3141 3132
f 2560 3141 3142
f 3760 3142 3141
f 958 2976 2981
f 1933 2980 3143
f 2399 2418 2416
f 2348 2343 2432
f 2322 2319 2323
f 2718 2874 2730
f 2709 2873 2710
f 2894 1361 1942
f 346 176 347
f 1876 1882 1881
f 2802 3607 3592
f 3104 3088 3092
f 2974 3649 3603
f 3089 2761 2762
f 3088 3145 3089
f 2803 3603 3607
f 3870 692 628
f 2123 1418 2126
f 1365 1368 1367
f 1581 1782 1783
f 3569 2129 3520
f 3555 2002 3521
f 3146 2551 3147
f 3751 3147 3750
f 3742 3146 3751
f 3149 2585 3146
f 3196 3197 3195
f 3604 2191 3623
f 3142 2556 2560
f 3777 3150 3142
f 3646 2550 3593
f 3150 2555 2556
f 3778 3151 3150
f 3788 3152 3646
f 3153 2551 2549
f 3152 2549 2550
f 3781 3153 3152
f 3776 3147 3153
f 3148 2206 2205
f 2183 2321 2184
f 2132 2928 2133
f 3684 2204 2203
f 3719 2197 3721
f 2594 2773 2951
f 2595 2951 2772
f 1870 799 1869
f 3713 2178 3706
f 3706 3736 3790
f 336 3774 3722
f 339 3154 336
f 3789 3149 3742
f 3683 2584 3149
f 2963 3048 3047
f 3722 337 336
f 339 2566 2586
f 3156 2168 2167
f 2610 2167 2611
f 2954 3156 2610
f 3157 2953 2257
f 3707 2169 3709
f 2567 3159 2568
f 337 2567 338
f 3730 2166 3707
f 3764 1983 3765
f 2579 3081 2576
f 2568 3160 2579
f 3709 2190 3764
f 3065 3162 3161
f 3161 1984 2189
f 3157 2189 2168
f 2257 3161 3157
f 734 1922 806
f 3059 2708 3163
f 3163 2182 1985
f 3162 1985 1984
f 3062 3163 3162
f 3203 3205 3204
f 2122 1448 1447
f 3817 1685 3812
f 139 444 69
f 1570 566 533
f 2957 3165 3036
f 2955 3164 2957
f 1912 341 1973
f 3130 3124 3134
f 1548 319 1547
f 1949 1327 1887
f 2969 3078 3167
f 3167 3169 3168
f 3724 2017 3720
f 3720 2033 3759
f 3168 3165 3170
f 3170 3164 3171
f 3779 3171 3756
f 3724 3170 3779
f 3171 3166 3172
f 3172 3071 3173
f 3752 3173 3749
f 3756 3172 3752
f 3169 3036 3165
f 2593 2962 2594
f 3173 2609 3174
f 3174 2199 2198
f 3783 2198 3719
f 3749 3174 3783
f 2190 1984 1983
f 2196 2767 3148
f 2119 1414 1448
f 1464 1466 1465
f 2199 3069 2200
f 2457 2587 2565
f 2226 2562 2966
f 481 1627 1639
f 333 235 236
f 3078 3037 3169
f 3040 2997 2263
f 2219 1933 2220
f 2385 2497 2503
f 221 3175 2484
f 2220 3143 3175
f 3175 2976 2975
f 2484 2975 2982
f 2954 3166 2955
f 2630 110 2982
f 1547 1952 1955
f 2091 2188 2187
f 3733 2178 2177
f 1918 1927 1926
f 3563 111 3511
f 955 960 954
f 2037 112 3563
f 3143 2981 2976
f 2218 2214 2215
f 672 3787 3541
f 2152 3014 2037
f 1147 1143 1145
f 2248 1409 2245
f 1615 1635 1616
f 1410 2246 2247
f 3241 3242 3240
f 3177 1383 1382
f 2238 3176 1382
f 3176 2230 3178
f 1410 3179 1407
f 3179 2243 1407
f 1633 2800 2249
f 1621 2758 2912
f 1622 2245 1634
f 2236 3181 3182
f 2237 3182 3183
f 2250 2233 2229
f 2912 1628 1621
f 135 1564 1563
f 1567 512 1565
f 1085 2653 2685
f 3184 868 3056
f 869 3057 934
f 1266 1098 1312
f 1267 722 721
f 937 2646 936
f 2146 722 2147
f 2211 921 2667
f 1957 507 449
f 1313 2264 3040
f 1496 1493 1492
f 2681 2705 2682
f 2887 2933 2932
f 1687 1659 1694
f 145 1498 81
f 1317 1319 2694
f 37 418 71
f 1935 3185 2977
f 104 301 103
f 2101 2083 2084
f 543 360 207
f 1934 3186 3185
f 234 212 237
f 3845 1822 1824
f 1976 1874 1974
f 223 2219 220
f 3655 3605 3612
f 468 773 2165
f 1935 1728 1932
f 3240 3226 3235
f 3261 3250 3260
f 3215 3244 3264
f 3265 3215 3264
f 3267 3198 3196
f 3205 3269 3255
f 3214 3265 3270
f 3271 3214 3192
f 3251 3239 3236
f 3222 3266 3272
f 3232 3234 3233
f 3216 3243 3244
f 3196 3268 3267
f 3244 3254 3255
f 3238 3247 3246
f 3264 3255 3269
f 3253 3216 3217
f 3211 3221 3265
f 3257 3218 3256
f 3258 3272 3259
f 3274 3280 3273
f 3228 3262 3263
f 3275 3281 3280
f 3226 3273 3280
f 3236 3260 3251
f 3281 3236 3237
f 3287 3192 3189
f 3235 3280 3234
f 3234 3281 3237
f 3288 3259 3272
f 3260 3276 3251
f 3289 3278 3284
f 3210 3224 3283
f 3199 3201 3200
f 3228 3230 3229
f 3290 3285 3286
f 3282 3271 3287
f 3260 3262 3261
f 3243 3268 3254
f 3267 3241 3232
f 3194 3208 3193
f 3191 3269 3206
f 3270 3192 3214
f 3275 3230 3231
f 3264 3270 3265
f 3252 3276 3291
f 3248 3291 3223
f 3213 3279 3277
f 3272 3289 3288
f 3277 3212 3213
f 3228 3281 3231
f 3220 3253 3219
f 3219 3217 3257
f 3256 3222 3258
f 3247 3252 3248
f 3245 3232 3233
f 3266 3212 3289
f 3208 3255 3254
f 3288 3284 3285
f 3204 3208 3207
f 560 3187 559
f 3209 3201 3202
f 3189 3191 3190
f 448 807 447
f 647 122 270
f 1833 1780 1832
f 510 508 507
f 3210 1887 3201
f 1887 3200 3201
f 15 3197 3200
f 16 3195 3197
f 3195 3187 3194
f 3194 1899 3207
f 3207 375 3204
f 387 126 127
f 3189 1760 3287
f 3577 757 758
f 763 2172 2175
f 3583 3580 3581
f 3581 3579 3578
f 3594 3596 3595
f 3400 3602 3401
f 3626 3625 3627
f 3631 3599 3601
f 3636 3595 3596
f 3647 3588 3645
f 3650 3584 3647
f 3653 3580 3651
f 3653 3654 3579
f 1801 3656 3655
f 3651 3582 3650
f 3644 3595 3637
f 1767 3659 3660
f 1597 3661 1600
f 1708 3665 3664
f 3671 3667 3666
f 3666 3673 3672
f 1588 3664 1587
f 2080 3666 2082
f 2082 3672 2084
f 3674 3635 3631
f 3677 3636 3635
f 3682 3645 3681
f 3692 3650 3686
f 3681 3644 3680
f 786 3692 785
f 3694 3651 3692
f 785 3686 497
f 497 3682 650
f 650 3681 564
f 3696 3681 3680
f 3405 3605 3402
f 3702 3678 3677
f 3699 3679 3678
f 3645 3638 3644
f 1799 3659 1768
f 3708 3458 3460
f 3462 3708 3460
f 3714 564 3696
f 3615 3602 3600
f 3710 3696 3698
f 3635 3596 3599
f 3629 3627 3630
f 3597 3599 3596
f 3630 3715 3629
f 3627 3597 3594
f 3717 3723 3718
f 3715 3660 3629
f 3716 3725 3715
f 3668 3661 3725
f 3668 3717 3667
f 3667 3718 3673
f 3727 3673 3718
f 3728 3672 3673
f 3726 3718 3723
f 1576 2084 3672
f 3727 3731 3729
f 3203 1387 3190
f 3190 1791 3189
f 3283 1949 3210
f 317 259 391
f 2000 3653 3694
f 3601 3600 3602
f 3589 3584 3585
f 3577 756 2170
f 3585 3582 3583
f 3678 3637 3636
f 3204 376 3203
f 1801 3657 1799
f 3729 3728 3727
f 1575 3738 1088
f 3735 1576 3728
f 1776 1796 1775
f 1293 1290 1284
f 1326 1327 12
f 1294 1234 1290
f 878 1330 1337
f 497 374 498
f 122 413 121
f 3699 3704 3708
f 3606 3401 3602
f 3708 3698 3699
f 3464 3710 3462
f 3704 3443 3458
f 439 399 438
f 1512 1526 1511
f 1668 1738 1671
f 839 1362 838
f 1362 826 1012
f 3843 1896 3815
f 2053 2118 2117
f 3888 2120 2119
f 696 3816 3831
f 1826 639 640
f 3740 3729 3731
f 956 886 960
f 1980 1922 807
f 33 105 164
f 1343 3856 3857
f 3907 2128 3902
f 1766 1582 1594
f 14 2163 738
f 595 99 594
f 3233 3246 3245
f 1346 1044 1352
f 748 1425 747
f 3193 3254 3268
f 3190 3206 3203
f 3612 3606 3615
f 3624 3615 3625
f 3631 3443 3674
f 3679 3644 3637
f 3686 3647 3682
f 3702 3674 3704
f 3625 3600 3597
f 3601 3415 3631
f 3739 3735 3729
f 3630 3594 3741
f 3741 3716 3630
f 1284 1288 1285
f 3698 3680 3679
f 1778 1780 1779
f 1792 1584 1789
f 695 571 694
f 3638 3594 3595
f 3741 3588 3589
f 3247 3209 3202
f 3292 3294 3295
f 3296 3298 3299
f 3299 3300 3301
f 3302 3304 3305
f 3306 3308 3309
f 3307 3311 3308
f 3303 3301 3300
f 3312 3304 3313
f 3314 3316 3317
f 3318 3320 3321
f 3324 3321 3325
f 3326 3328 3323
f 3329 3331 3332
f 3333 3335 3336
f 3337 3339 3340
f 3333 3341 3342
f 3342 3343 3344
f 3319 3344 3343
f 3338 3334 3339
f 3346 3302 3347
f 3305 3347 3302
f 3312 3223 3349
f 3350 3340 3351
f 3312 3348 3305
f 3352 3341 3326
f 3311 3354 3308
f 3341 3327 3326
f 3359 3361 3362
f 3360 3250 3249
f 3318 3345 3319
f 3364 3318 3324
f 3314 3324 3365
f 3366 3301 3346
f 3299 3367 3296
f 3308 3368 3309
f 3369 3295 3294
f 3317 3364 3314
f 3370 3317 3316
f 3325 3365 3324
f 3352 3319 3343
f 3296 3353 3311
f 3297 3311 3310
f 3363 3354 3345
f 3345 3353 3344
f 3344 3367 3342
f 3366 3342 3367
f 3347 3334 3346
f 3339 3348 3340
f 3348 3351 3340
f 3363 3369 3368
f 3294 3368 3369
f 3293 3309 3294
f 3331 3374 3332
f 3346 3333 3366
f 3323 3352 3326
f 3356 3321 3320
f 3355 3325 3321
f 3357 3371 3325
f 3322 3320 3352
f 3361 3329 3362
f 3373 3375 3374
f 3374 3376 3332
f 3329 3376 3362
f 3327 3372 3328
f 3336 3375 3327
f 3335 3376 3375
f 3376 3337 3362
f 3337 3359 3362
f 3359 3276 3250
f 3377 3295 3370
f 3277 3315 3278
f 3371 3379 3365
f 3378 3358 3380
f 3365 3315 3314
f 3316 3279 3370
f 3282 3370 3279
f 3313 3224 3312
f 3378 3284 3379
f 3380 3285 3378
f 3379 3278 3315
f 3276 3351 3291
f 3291 3349 3223
f 3313 2965 3013
f 2965 3303 222
f 222 3300 223
f 223 3298 3186
f 3298 3185 3186
f 3297 2977 3185
f 3310 1213 2977
f 3307 1214 1213
f 2532 3306 3293
f 2894 3293 3292
f 2871 3292 3377
f 3253 3240 3242
f 3283 3013 2152
f 1997 1889 1892
f 1237 744 855
f 1535 120 121
f 1531 201 214
f 1119 1032 984
f 946 824 947
f 163 5 162
f 3589 3723 3741
f 1155 1162 1164
f 427 327 424
f 553 796 498
f 3381 2231 2237
f 3381 2230 2232
f 2237 3180 3381
f 3383 3385 3382
f 3384 3387 3385
f 3386 3389 3387
f 3388 3391 3389
f 3392 3394 3395
f 3395 3396 3397
f 3398 3397 3396
f 3400 3399 3398
f 3403 3405 3402
f 3406 3404 3403
f 3408 3407 3406
f 3410 3409 3408
f 3412 3411 3410
f 3415 3398 3414
f 3414 3396 3416
f 3416 3394 3417
f 3417 3393 3418
f 3393 3420 3418
f 3419 3421 3420
f 3390 3422 3421
f 3388 3423 3422
f 3386 3424 3423
f 3384 3425 3424
f 3425 3426 3184
f 2904 3428 2947
f 3429 2904 2902
f 3430 2902 2876
f 2875 3430 2876
f 3432 2733 2736
f 2825 3435 2824
f 3437 3439 3436
f 3441 3436 3440
f 2724 3434 2825
f 3436 3115 3117
f 3440 3117 3119
f 3443 3414 3442
f 3442 3416 3444
f 3444 3417 3445
f 3445 3418 3446
f 3446 3420 3447
f 3420 3448 3447
f 3421 3449 3448
f 3422 3450 3449
f 3423 3451 3450
f 3424 3452 3451
f 3425 3056 3452
f 3451 2253 2252
f 3450 2252 1727
f 3449 1727 2150
f 3448 2150 1941
f 3453 3448 1941
f 3454 3447 3453
f 3455 3446 3454
f 3456 3445 3455
f 3442 3456 3457
f 3443 3457 3458
f 3459 3458 3457
f 3457 3455 3459
f 3459 3454 3461
f 3462 3459 3461
f 3461 3453 3463
f 3464 3461 3463
f 3463 1941 1360
f 3404 3401 3405
f 3407 3399 3404
f 3409 3397 3407
f 3411 3395 3409
f 3465 3413 3412
f 3467 3469 3466
f 3465 3431 3433
f 3470 3466 3465
f 3438 3432 3435
f 3467 3438 3437
f 3468 3437 3441
f 3471 3468 3472
f 3472 3441 3473
f 3473 3440 2712
f 2712 3119 3128
f 3475 3472 3474
f 3474 3473 3476
f 3476 2712 2711
f 3477 2711 2400
f 3478 3476 3477
f 3479 3474 3478
f 3392 3413 3480
f 3466 3480 3413
f 3419 3392 3480
f 3390 3480 3391
f 3469 3391 3480
f 3389 3471 3475
f 3387 3475 3479
f 3385 3479 3481
f 3482 2400 2402
f 3483 3477 3482
f 3481 3478 3483
f 3484 2402 2707
f 3058 2707 2708
f 3061 3484 3058
f 3485 3482 3484
f 3382 3481 3486
f 3486 3483 3485
f 3426 3382 3487
f 3487 3486 1962
f 3486 3061 1962
f 1961 3487 1962
f 3057 3426 3487
f 3428 3402 3488
f 3427 3403 3428
f 3429 3406 3427
f 3430 3408 3429
f 3431 3410 3430
f 3470 3433 3432
f 3434 3438 3435
f 2723 3439 3434
f 2875 3433 3431
f 2736 3435 3432
f 2947 3488 3500
f 3464 1360 3497
f 1900 1924 1901
f 1736 1718 1750
f 1955 1943 1956
f 1671 1735 1751
f 1696 1698 1692
f 1800 1864 1801
f 2063 2056 2060
f 1737 1717 1736
f 1751 1697 1695
f 943 3899 684
f 3656 3402 3605
f 1577 1764 1703
f 3917 1599 3923
f 1945 82 1944
f 68 7 248
f 147 1543 148
f 1109 1133 1102
f 1503 1907 1908
f 1499 1909 1498
f 452 735 215
f 1824 3835 3845
f 1825 2068 1824
f 1463 1022 1194
f 841 1009 1011
f 1568 1955 1534
f 1926 1927 1923
f 1910 1502 1939
f 1939 422 442
f 309 1940 308
f 1804 1866 1803
f 269 1954 56
f 2065 2060 2056
f 3812 1758 3835
f 280 552 1940
f 1875 1869 1874
f 1739 1734 1737
f 1778 1790 1788
f 310 1915 279
f 1909 1906 1954
f 1789 1778 1788
f 978 980 979
f 1584 1731 1583
f 425 311 312
f 148 115 116
f 2044 3894 2046
f 277 1939 551
f 1943 1945 1944
f 1461 1463 1464
f 2253 3056 3055
f 2981 3489 958
f 2209 3489 3055
f 2254 3055 3489
f 2998 958 3489
f 2826 2721 2724
f 3490 2721 2817
f 2816 3490 2817
f 2334 2296 2335
f 2298 2334 2336
f 2301 2336 2338
f 2311 2338 2354
f 2312 2354 2355
f 2359 2361 2360
f 2335 2359 2360
f 2414 2365 2364
f 2413 2361 2365
f 2355 2540 2541
f 2541 2539 2542
f 2722 2739 2738
f 3114 2738 3113
f 3110 3121 3120
f 3108 3120 3113
f 3122 3127 3126
f 3112 3126 3121
f 3127 1753 3135
f 3139 2529 2542
f 3744 3133 3139
f 3490 2740 2739
f 3491 2789 3490
f 228 91 88
f 245 243 242
f 248 247 191
f 2 296 295
f 145 300 267
f 327 210 328
f 329 331 330
f 250 228 236
f 239 240 230
f 373 375 374
f 178 176 175
f 1218 1228 1321
f 3862 1295 3854
f 808 824 823
f 3858 1013 1014
f 3813 1411 1413
f 2154 2159 2160
f 3845 1758 1757
f 306 1922 452
f 2157 1976 1977
f 708 2031 1474
f 1450 1227 1428
f 1672 1605 1624
f 1813 1821 1816
f 1717 1715 1718
f 176 402 347
f 1710 3916 3915
f 1712 1577 1711
f 1705 1711 1704
f 971 979 970
f 822 1094 1102
f 2909 2793 2792
f 2810 2795 2793
f 2799 2249 2800
f 3662 2910 2799
f 2769 2801 2795
f 3177 3178 3179
f 3178 3180 3179
f 3181 1393 2800
f 3181 1632 3182
f 3182 2244 3183
f 3183 2243 3180
f 3492 2790 3491
f 2808 3491 2816
f 2239 3572 2240
f 1149 3571 3570
f 1150 3567 3571
f 2202 3566 2015
f 2921 3565 2923
f 3568 2133 2928
f 1777 1759 1792
f 1201 1183 1184
f 3561 2195 2194
f 3553 2770 2768
f 3927 1687 1692
f 1516 154 503
f 3549 2974 2803
f 3550 2779 2778
f 2771 3575 3546
f 3070 3546 3558
f 3547 2775 2867
f 1376 1370 1372
f 2767 3556 2206
f 2195 3543 2767
f 2775 3542 2776
f 3377 3545 2871
f 3804 3539 2806
f 2776 3538 2805
f 2240 3535 2920
f 2920 3669 3619
f 3548 2786 2779
f 1805 1851 1804
f 3534 2787 2786
f 2951 3540 3531
f 2772 3531 3575
f 2973 3530 3536
f 2224 3537 3530
f 1957 320 510
f 306 304 303
f 2770 3528 2913
f 2913 3574 2239
f 2923 3527 2922
f 308 431 47
f 207 132 543
f 1879 1881 1880
f 3733 3525 2089
f 2475 3558 3524
f 2476 3524 3523
f 2223 3523 3537
f 3522 2803 2802
f 2037 11 1950
f 1959 450 505
f 2003 3520 2129
f 9 334 540
f 2009 3518 3567
f 2008 3536 3518
f 3877 673 3879
f 3515 2778 2784
f 2935 3513 2936
f 111 3570 3511
f 3510 2935 2938
f 683 3885 943
f 3508 2810 2909
f 736 732 729
f 1795 1803 1796
f 3505 2938 2939
f 3507 2939 2940
f 2950 3504 2949
f 2940 3504 3507
f 3801 3512 2950
f 2868 3502 2869
f 2869 3522 2802
f 1024 1023 1020
f 3500 2948 2947
f 551 442 443
f 2972 3568 2928
f 2032 3499 2972
f 216 1924 1923
f 203 201 200
f 1828 1847 1837
f 1958 449 450
f 272 178 175
f 2871 3495 1361
f 3619 3564 2921
f 2801 3643 3662
f 2005 3654 2176
f 960 899 962
f 3657 3612 3624
f 3780 3646 3151
f 3151 3593 2555
f 2193 3623 2194
f 3607 3145 3144
f 3603 2761 3145
f 3592 3144 3104
f 2926 3634 3103
f 3634 3104 3103
f 3755 3746 3753
f 566 3758 2005
f 3488 1864 3500
f 1602 2079 2078
f 2868 3611 2922
f 2922 3610 2923
f 2923 3618 2921
f 3670 2918 3614
f 3619 3614 2920
f 2921 3670 3619
f 2920 3586 2240
f 3613 2915 2918
f 2917 3622 3641
f 2916 3641 3642
f 2239 3652 2913
f 2911 3652 2757
f 3643 2911 2910
f 2797 3662 3591
f 2797 3598 2750
f 3622 2763 2765
f 3608 2764 2745
f 2194 3648 2221
f 2221 3649 2222
f 2756 3609 2755
f 2750 3609 2747
f 3669 1817 3827
f 3763 1691 1699
f 2515 3590 2548
f 2548 3593 2550
f 2513 3632 3616
f 2513 3621 2515
f 2509 3620 2289
f 2510 3633 2509
f 2289 3639 2283
f 2283 3617 2286
f 2240 3587 2239
f 3659 3624 3626
f 716 3887 3888
f 727 3761 1923
f 2165 2170 2164
f 3660 3626 3629
f 3743 3578 3757
f 2175 769 770
f 2100 2095 2099
f 3758 3757 3578
f 640 3568 1826
f 1653 3553 1651
f 1895 3530 746
f 746 3537 741
f 1653 3528 3576
f 3762 1604 1672
f 2093 2073 2078
f 959 995 884
f 962 919 986
f 1400 1398 1399
f 1000 1127 1004
f 956 884 885
f 1662 3550 1661
f 2034 3546 1654
f 3926 3539 3802
f 3535 766 1817
f 3572 765 766
f 334 3571 335
f 1868 3540 1656
f 1684 1652 1678
f 1682 775 1807
f 1585 3762 1700
f 3763 1672 1673
f 2173 490 491
f 1658 3547 1752
f 3556 1650 724
f 1571 2010 1572
f 1587 3671 2080
f 2099 2077 2094
f 787 1999 786
f 2000 786 1999
f 3155 3697 3683
f 3713 3683 3789
f 2180 3685 3684
f 3496 3684 3705
f 1684 3840 1651
f 1760 3495 3545
f 2607 3693 2590
f 2581 3689 2607
f 2371 3700 3695
f 2371 3693 2372
f 2587 3675 2586
f 2586 3697 339
f 2497 3687 2503
f 2502 3687 3700
f 2494 3690 2495
f 3690 2472 2495
f 3688 2468 2472
f 3701 2469 2468
f 726 3892 630
f 581 3518 580
f 10 3570 334
f 1837 3510 1849
f 741 3523 1300
f 1299 3558 2034
f 1851 3504 1866
f 3527 1820 1819
f 580 3536 1895
f 1758 3522 3502
f 1693 3508 1806
f 3504 1867 1866
f 1894 3568 3499
f 2126 3813 3841
f 3906 3841 3912
f 2113 3867 2110
f 2179 3789 3685
f 624 3904 623
f 2192 3788 3780
f 2177 3787 3733
f 1364 3833 1338
f 3858 1470 1453
f 3135 3775 3744
f 2069 3835 2068
f 1351 3853 1352
f 2108 3901 499
f 2089 3736 3733
f 3828 1358 866
f 2001 3783 2187
f 2187 3719 2091
f 2130 3752 2004
f 2004 3749 2001
f 2014 3779 2201
f 2201 3756 2130
f 3167 3759 2969
f 3168 3720 3167
f 3159 3764 3160
f 3160 3765 3081
f 3730 3158 337
f 3158 3709 3159
f 2200 3730 3722
f 3685 3742 2204
f 3722 2197 2200
f 3790 2092 3721
f 3774 3721 2197
f 3154 3790 3774
f 3155 3706 3154
f 2091 3721 2092
f 2196 3750 3776
f 2193 3776 3781
f 3604 3781 3788
f 2086 3780 3778
f 2087 3778 3777
f 2204 3751 2205
f 2205 3750 3148
f 3909 574 692
f 2124 3777 3760
f 2208 3760 3782
f 3711 3140 3137
f 3785 3138 3140
f 3745 3139 3138
f 3771 3136 2322
f 3712 3137 3136
f 3775 3131 3133
f 3767 3132 3131
f 1813 3838 1814
f 1293 3856 1344
f 2184 3748 3732
f 2181 3732 3734
f 3765 3079 3081
f 3768 3080 3079
f 709 3875 2031
f 2774 3737 3769
f 3786 2134 3559
f 3809 766 765
f 2968 3766 2959
f 2969 3784 2968
f 2958 3737 2961
f 2132 3766 2960
f 2321 3771 3748
f 3860 1449 28
f 3905 582 710
f 3886 577 574
f 3847 1818 3827
f 705 3887 2121
f 3816 3907 698
f 2111 3911 2113
f 3810 1366 1411
f 1812 3822 1815
f 675 3852 674
f 3496 3851 675
f 2110 3868 2109
f 2104 3901 2106
f 2109 3899 944
f 3842 703 739
f 1680 3846 1684
f 1639 3819 3818
f 623 3906 697
f 2139 3866 3865
f 1808 3844 3837
f 3820 1819 1820
f 3872 3900 706
f 1646 3830 1648
f 3889 633 577
f 2139 3875 18
f 2156 3871 3874
f 674 3913 3869
f 2117 3812 2069
f 1815 3847 3823
f 3855 1444 1470
f 697 3912 3816
f 866 3836 3828
f 3864 2136 2135
f 3585 3726 3589
f 3583 3731 3585
f 3753 3738 3739
f 3740 3581 3743
f 1088 3746 1093
f 3739 3743 3753
f 2791 3493 2792
f 3492 2807 3493
f 2792 3494 2909
f 3493 2806 3494
f 3508 3494 3516
f 3516 2806 3539
f 2948 3791 3801
f 2105 3896 2104
f 3538 3804 2805
f 680 3876 683
f 1891 3910 3891
f 2905 3801 2950
f 2900 3799 2905
f 2901 3807 2877
f 2734 3806 3794
f 2877 3806 2878
f 2820 3794 2872
f 2818 3792 2827
f 2823 3792 2826
f 2822 3798 2821
f 2819 3800 3798
f 2817 3795 2816
f 2809 3795 2815
f 2808 3803 2807
f 2805 3803 2804
f 1702 3923 1599
f 3922 1797 1802
f 3915 1706 1709
f 3918 1692 1698
f 1657 3880 1879
f 1890 3895 3910
f 3772 1674 1675
f 1689 3772 3773
f 3926 3538 1688
f 3516 1689 3773
f 3917 1703 1764
f 1598 3928 1770
f 3880 1876 1879
f 1691 3925 3927
f 3925 1688 1687
f 1117 1118 3930
f 1066 1322 3930
f 1243 847 3930
f 3825 848 3930
f 1128 1117 3930
f 1129 1130 3930
f 841 1011 3930
f 1230 3863 3930
f 1242 1243 3930
f 1322 1229 3930
f 1064 1065 3930
f 1003 1128 3930
f 1229 1230 3930
f 3863 1285 3930
f 1285 1288 3930
f 848 839 3930
f 847 3825 3930
f 1118 1129 3930
f 1065 1066 3930
f 1087 1086 3930
f 1008 1002 3930
f 1011 1008 3930
f 1002 1003 3930
f 1076 1069 3930
f 838 841 3930
f 839 838 3930
f 1288 1242 3930
f 1130 1087 3930
f 1086 1076 3930
f 1069 1064 3930
f 2410 2414 3931
f 2411 2410 3931
f 3617 2285 3931
f 2394 2393 3931
f 2393 2396 3931
f 2281 2286 3931
f 2282 2280 3931
f 2398 2399 3931
f 2465 2464 3931
f 2396 2397 3931
f 2470 2469 3931
f 2399 2416 3931
f 2480 2395 3931
f 2459 2480 3931
f 2369 2282 3931
f 2460 2459 3931
f 2415 2411 3931
f 2416 2415 3931
f 2364 2363 3931
f 2286 3617 3931
f 2464 2470 3931
f 2469 3703 3931
f 2285 2465 3931
f 2414 2364 3931
f 2395 2394 3931
f 2363 2367 3931
f 2397 2398 3931
f 2280 2281 3931
f 3703 2460 3931
f 2367 2369 3931
f 3934 3937 3938
f 3934 3939 3935
f 3932 3937 3933
f 3938 3943 3939
f 3937 3940 3941
f 3937 3942 3938
f 3942 3947 3943
f 3941 3944 3945
f 3942 3945 3946
f 3947 3950 3951
f 3944 3949 3945
f 3945 3950 3946
f 3950 3955 3951
f 3949 3952 3953
f 3950 3953 3954
f 3955 3958 3959
f 3953 3956 3957
f 3953 3958 3954
f 3959 3962 3963
f 3957 3960 3961
f 3958 3961 3962
f 3962 3967 3963
f 3960 3965 3961
f 3961 3966 3962
f 3966 3971 3967
f 3965 3968 3969
f 3966 3969 3970
f 3970 3975 3971
f 3968 3973 3969
f 3969 3974 3970
f 3974 3979 3975
f 3973 3976 3977
f 3974 3977 3978
f 3979 3982 3983
f 3976 3981 3977
f 3977 3982 3978
f 3982 3987 3983
f 3981 3984 3985
f 3982 3985 3986
f 3987 3990 3991
f 3984 3989 3985
f 3985 3990 3986
f 3991 3994 3995
f 3989 3992 3993
f 3990 3993 3994
f 3995 3998 3999
f 3992 3997 3993
f 3993 3998 3994
f 3998 4003 3999
f 3997 4000 4001
f 3998 4001 4002
f 4002 4007 4003
f 4000 4005 4001
f 4001 4006 4002
f 4006 4011 4007
f 4005 4008 4009
f 4006 4009 4010
f 4011 4014 4015
f 4008 4013 4009
f 4009 4014 4010
f 4014 4019 4015
f 4013 4016 4017
f 4014 4017 4018
f 4019 4022 4023
f 4016 4021 4017
f 4017 4022 4018
f 4023 4026 4027
f 4021 4024 4025
f 4022 4025 4026
f 4027 4030 4031
f 4024 4029 4025
f 4025 4030 4026
f 4031 4034 4035
f 4029 4032 4033
f 4030 4033 4034
f 4034 4039 4035
f 4032 4037 4033
f 4033 4038 4034
f 4038 4043 4039
f 4037 4040 4041
f 4038 4041 4042
f 4043 4046 4047
f 4040 4045 4041
f 4041 4046 4042
f 4046 4051 4047
f 4045 4048 4049
f 4046 4049 4050
f 4051 4055 4056
f 4048 4054 4049
f 4049 4055 4050
f 4056 4059 4060
f 4053 4058 4054
f 4055 4058 4059
f 3932 4052 3936
f 3936 4052 3940
f 3940 4052 3944
f 3944 4052 3948
f 3948 4052 3952
f 3952 4052 3956
f 3956 4052 3960
f 3960 4052 3964
f 3964 4052 3968
f 3968 4052 3972
f 3972 4052 3976
f 3976 4052 3980
f 3980 4052 3984
f 3984 4052 3988
f 3988 4052 3992
f 3992 4052 3996
f 3996 4052 4000
f 4000 4052 4004
f 4004 4052 4008
f 4008 4052 4012
f 4012 4052 4016
f 4016 4052 4020
f 4020 4052 4024
f 4024 4052 4028
f 4028 4052 4032
f 4032 4052 4036
f 4036 4052 4040
f 4040 4052 4044
f 4044 4052 4048
f 4048 4052 4053
f 4053 4052 4057
f 4060 3934 3935
f 4058 3932 3933
f 4058 3934 4059
f 4057 4052 3932
f 4069 4081 4082
f 4066 4080 4067
f 4065 4077 4078
f 4063 4075 4076
f 4071 4085 4072
f 4069 4083 4070
f 4067 4081 4068
f 4066 4078 4079
f 4063 4077 4064
f 4061 4075 4062
f 4072 4086 4073
f 4071 4083 4084
f 4076 4090 4077
f 4074 4088 4075
f 4086 4098 4099
f 4083 4097 4084
f 4082 4094 4095
f 4079 4093 4080
f 4078 4090 4091
f 4076 4088 4089
f 4085 4097 4098
f 4082 4096 4083
f 4080 4094 4081
f 4079 4091 4092
f 4089 4103 4090
f 4088 4100 4101
f 4098 4112 4099
f 4096 4110 4097
f 4095 4107 4108
f 4092 4106 4093
f 4090 4104 4091
f 4089 4101 4102
f 4097 4111 4098
f 4095 4109 4096
f 4094 4106 4107
f 4092 4104 4105
f 4103 4115 4116
f 4100 4114 4101
f 4112 4124 4125
f 4110 4122 4123
f 4107 4121 4108
f 4105 4119 4106
f 4103 4117 4104
f 4101 4115 4102
f 4110 4124 4111
f 4109 4121 4122
f 4107 4119 4120
f 4105 4117 4118
f 4115 4129 4116
f 4114 4126 4127
f 4124 4138 4125
f 4123 4135 4136
f 4120 4134 4121
f 4119 4131 4132
f 4117 4129 4130
f 4114 4128 4115
f 4124 4136 4137
f 4122 4134 4135
f 4119 4133 4120
f 4117 4131 4118
f 4129 4141 4142
f 4126 4140 4127
f 4138 4150 4151
f 4136 4148 4149
f 4133 4147 4134
f 4131 4145 4132
f 4130 4142 4143
f 4127 4141 4128
f 4137 4149 4150
f 4135 4147 4148
f 4132 4146 4133
f 4131 4143 4144
f 4142 4154 4155
f 4140 4152 4153
f 4150 4164 4151
f 4149 4161 4162
f 4146 4160 4147
f 4144 4158 4145
f 4142 4156 4143
f 4140 4154 4141
f 4149 4163 4150
f 4148 4160 4161
f 4146 4158 4159
f 4144 4156 4157
f 4155 4167 4168
f 4153 4165 4166
f 4163 4177 4164
f 4161 4175 4162
f 4159 4173 4160
f 4158 4170 4171
f 4155 4169 4156
f 4153 4167 4154
f 4163 4175 4176
f 4161 4173 4174
f 4159 4171 4172
f 4156 4170 4157
f 4167 4181 4168
f 4165 4179 4166
f 4176 4190 4177
f 4175 4187 4188
f 4173 4185 4186
f 4170 4184 4171
f 4169 4181 4182
f 4167 4179 4180
f 4175 4189 4176
f 4173 4187 4174
f 4171 4185 4172
f 4170 4182 4183
f 4180 4194 4181
f 4178 4192 4179
f 4190 4202 4203
f 4187 4201 4188
f 4186 4198 4199
f 4183 4197 4184
f 4182 4194 4195
f 4180 4192 4193
f 4189 4201 4202
f 4186 4200 4187
f 4184 4198 4185
f 4183 4195 4196
f 4193 4207 4194
f 4192 4204 4205
f 4202 4216 4203
f 4200 4214 4201
f 4199 4211 4212
f 4196 4210 4197
f 4194 4208 4195
f 4193 4205 4206
f 4201 4215 4202
f 4199 4213 4200
f 4198 4210 4211
f 4196 4208 4209
f 4207 4219 4220
f 4204 4218 4205
f 4216 4228 4229
f 4213 4227 4214
f 4211 4225 4212
f 4209 4223 4210
f 4207 4221 4208
f 4205 4219 4206
f 4214 4228 4215
f 4213 4225 4226
f 4211 4223 4224
f 4209 4221 4222
f 4219 4233 4220
f 4218 4230 4231
f 4228 4242 4229
f 4226 4240 4227
f 4225 4237 4238
f 4223 4235 4236
f 4221 4233 4234
f 4218 4232 4219
f 4228 4240 4241
f 4226 4238 4239
f 4223 4237 4224
f 4221 4235 4222
f 4233 4245 4246
f 4230 4244 4231
f 4242 4254 4255
f 4240 4252 4253
f 4237 4251 4238
f 4235 4249 4236
f 4234 4246 4247
f 4231 4245 4232
f 4241 4253 4254
f 4239 4251 4252
f 4236 4250 4237
f 4235 4247 4248
f 4246 4258 4259
f 4244 4256 4257
f 4254 4268 4255
f 4253 4265 4266
f 4250 4264 4251
f 4248 4262 4249
f 4246 4260 4247
f 4244 4258 4245
f 4253 4267 4254
f 4252 4264 4265
f 4250 4262 4263
f 4248 4260 4261
f 4259 4271 4272
f 4257 4269 4270
f 4267 4281 4268
f 4265 4279 4266
f 4263 4277 4264
f 4262 4274 4275
f 4259 4273 4260
f 4257 4271 4258
f 4266 4280 4267
f 4265 4277 4278
f 4263 4275 4276
f 4260 4274 4261
f 4271 4285 4272
f 4269 4283 4270
f 4281 4293 4294
f 4279 4291 4292
f 4277 4289 4290
f 4274 4288 4275
f 4273 4285 4286
f 4271 4283 4284
f 4280 4292 4293
f 4277 4291 4278
f 4275 4289 4276
f 4274 4286 4287
f 4284 4298 4285
f 4282 4296 4283
f 4294 4306 4307
f 4291 4305 4292
f 4290 4302 4303
f 4287 4301 4288
f 4286 4298 4299
f 4284 4296 4297
f 4293 4305 4306
f 4290 4304 4291
f 4288 4302 4289
f 4287 4299 4300
f 4297 4311 4298
f 4296 4308 4309
f 4306 4320 4307
f 4304 4318 4305
f 4303 4315 4316
f 4300 4314 4301
f 4298 4312 4299
f 4297 4309 4310
f 4305 4319 4306
f 4304 4316 4317
f 4302 4314 4315
f 4300 4312 4313
f 4310 4324 4311
f 4308 4322 4309
f 4320 4332 4333
f 4318 4330 4331
f 4316 4328 4329
f 4313 4327 4314
f 4311 4325 4312
f 4310 4322 4323
f 4318 4332 4319
f 4316 4330 4317
f 4315 4327 4328
f 4312 4326 4313
f 4323 4337 4324
f 4322 4334 4335
f 4332 4346 4333
f 4330 4344 4331
f 4329 4341 4342
f 4327 4339 4340
f 4325 4337 4338
f 4322 4336 4323
f 4332 4344 4345
f 4330 4342 4343
f 4327 4341 4328
f 4325 4339 4326
f 4337 4350 4351
f 4334 4349 4335
f 4346 4359 4360
f 4344 4357 4358
f 4341 4356 4342
f 4340 4353 4354
f 4338 4351 4352
f 4335 4350 4336
f 4345 4358 4359
f 4343 4356 4357
f 4340 4355 4341
f 4338 4353 4339
f 4351 4363 4364
f 4349 4361 4362
f 4359 4373 4360
f 4358 4370 4371
f 4355 4369 4356
f 4354 4366 4367
f 4351 4365 4352
f 4349 4363 4350
f 4358 4372 4359
f 4357 4369 4370
f 4355 4367 4368
f 4352 4366 4353
f 4364 4376 4377
f 4362 4374 4375
f 4373 4385 4386
f 4370 4384 4371
f 4368 4382 4369
f 4367 4379 4380
f 4364 4378 4365
f 4362 4376 4363
f 4372 4384 4385
f 4370 4382 4383
f 4368 4380 4381
f 4365 4379 4366
f 4376 4390 4377
f 4374 4388 4375
f 4385 4399 4386
f 4384 4396 4397
f 4382 4394 4395
f 4379 4393 4380
f 4378 4390 4391
f 4376 4388 4389
f 4384 4398 4385
f 4382 4396 4383
f 4380 4394 4381
f 4379 4391 4392
f 4389 4403 4390
f 4387 4401 4388
f 4399 4411 4412
f 4396 4410 4397
f 4395 4407 4408
f 4393 4405 4406
f 4391 4403 4404
f 4389 4401 4402
f 4398 4410 4411
f 4395 4409 4396
f 4393 4407 4394
f 4391 4405 4392
f 4402 4416 4403
f 4401 4413 4414
f 4411 4425 4412
f 4409 4423 4410
f 4408 4420 4421
f 4406 4418 4419
f 4403 4417 4404
f 4402 4414 4415
f 4410 4424 4411
f 4408 4422 4409
f 4407 4419 4420
f 4404 4418 4405
f 4416 4428 4429
f 4413 4427 4414
f 4425 4437 4438
f 4423 4435 4436
f 4421 4433 4434
f 4418 4432 4419
f 4416 4430 4417
f 4415 4427 4428
f 4423 4437 4424
f 4421 4435 4422
f 4420 4432 4433
f 4418 4430 4431
f 4428 4442 4429
f 4426 4440 4427
f 4437 4451 4438
f 4435 4449 4436
f 4434 4446 4447
f 4432 4444 4445
f 4430 4442 4443
f 4427 4441 4428
f 4437 4449 4450
f 4435 4447 4448
f 4432 4446 4433
f 4430 4444 4431
f 4442 4454 4455
f 4439 4453 4440
f 4451 4463 4464
f 4449 4461 4462
f 4446 4460 4447
f 4444 4458 4445
f 4443 4455 4456
f 4440 4454 4441
f 4450 4462 4463
f 4447 4461 4448
f 4445 4459 4446
f 4444 4456 4457
f 4455 4467 4468
f 4453 4465 4466
f 4463 4477 4464
f 4462 4474 4475
f 4459 4473 4460
f 4457 4471 4458
f 4455 4469 4456
f 4453 4467 4454
f 4462 4476 4463
f 4461 4473 4474
f 4459 4471 4472
f 4457 4469 4470
f 4347 4073 4086
f 4347 4086 4099
f 4347 4099 4112
f 4347 4112 4125
f 4347 4125 4138
f 4347 4138 4151
f 4347 4151 4164
f 4347 4164 4177
f 4347 4177 4190
f 4347 4190 4203
f 4347 4203 4216
f 4347 4216 4229
f 4347 4229 4242
f 4347 4242 4255
f 4347 4255 4268
f 4347 4268 4281
f 4347 4281 4294
f 4347 4294 4307
f 4347 4307 4320
f 4347 4320 4333
f 4347 4333 4346
f 4347 4346 4360
f 4347 4360 4373
f 4347 4373 4386
f 4347 4386 4399
f 4347 4399 4412
f 4347 4412 4425
f 4347 4425 4438
f 4347 4438 4451
f 4347 4451 4464
f 4347 4464 4477
f 4468 4063 4064
f 4466 4061 4062
f 4477 4072 4073
f 4474 4071 4475
f 4472 4069 4473
f 4471 4066 4067
f 4468 4065 4469
f 4466 4063 4467
f 4347 4477 4073
f 4476 4071 4072
f 4474 4069 4070
f 4472 4067 4068
f 4469 4066 4470
f 3935 4465 4060
f 4465 4056 4060
f 4452 4051 4056
f 4439 4047 4051
f 4047 4413 4043
f 4043 4400 4039
f 4039 4387 4035
f 4387 4031 4035
f 4031 4361 4027
f 4361 4023 4027
f 4348 4019 4023
f 4334 4015 4019
f 4015 4308 4011
f 4011 4295 4007
f 4007 4282 4003
f 4282 3999 4003
f 3999 4256 3995
f 4256 3991 3995
f 4243 3987 3991
f 4230 3983 3987
f 3983 4204 3979
f 3979 4191 3975
f 3975 4178 3971
f 4178 3967 3971
f 3967 4152 3963
f 4152 3959 3963
f 4139 3955 3959
f 4126 3951 3955
f 3951 4100 3947
f 3947 4087 3943
f 3943 4074 3939
f 4074 3935 3939
f 4480 4483 4484
f 4480 4485 4481
f 4479 4482 4483
f 4484 4489 4485
f 4482 4487 4483
f 4483 4488 4484
f 4488 4493 4489
f 4487 4490 4491
f 4488 4491 4492
f 4493 4496 4497
f 4490 4495 4491
f 4491 4496 4492
f 4496 4501 4497
f 4495 4498 4499
f 4496 4499 4500
f 4501 4504 4505
f 4498 4503 4499
f 4499 4504 4500
f 4505 4508 4509
f 4503 4506 4507
f 4504 4507 4508
f 4509 4512 4513
f 4506 4511 4507
f 4507 4512 4508
f 4513 4516 4517
f 4511 4514 4515
f 4512 4515 4516
f 4516 4521 4517
f 4514 4519 4515
f 4515 4520 4516
f 4520 4525 4521
f 4518 4523 4519
f 4520 4523 4524
f 4525 4528 4529
f 4522 4527 4523
f 4523 4528 4524
f 4528 4533 4529
f 4527 4530 4531
f 4528 4531 4532
f 4533 4536 4537
f 4530 4535 4531
f 4531 4536 4532
f 4537 4540 4541
f 4534 4539 4535
f 4536 4539 4540
f 4541 4544 4545
f 4539 4542 4543
f 4539 4544 4540
f 4544 4549 4545
f 4542 4547 4543
f 4544 4547 4548
f 4548 4553 4549
f 4547 4550 4551
f 4547 4552 4548
f 4552 4557 4553
f 4551 4554 4555
f 4552 4555 4556
f 4557 4560 4561
f 4554 4559 4555
f 4555 4560 4556
f 4560 4565 4561
f 4559 4562 4563
f 4560 4563 4564
f 4565 4568 4569
f 4562 4567 4563
f 4563 4568 4564
f 4569 4572 4573
f 4567 4570 4571
f 4568 4571 4572
f 4572 4577 4573
f 4570 4575 4571
f 4571 4576 4572
f 4576 4581 4577
f 4575 4578 4579
f 4576 4579 4580
f 4580 4585 4581
f 4578 4583 4579
f 4579 4584 4580
f 4584 4589 4585
f 4583 4586 4587
f 4584 4587 4588
f 4589 4592 4593
f 4586 4591 4587
f 4587 4592 4588
f 4592 4597 4593
f 4591 4594 4595
f 4592 4595 4596
f 4597 4601 4602
f 4594 4600 4595
f 4595 4601 4596
f 4602 4605 4606
f 4600 4603 4604
f 4601 4604 4605
f 4478 4598 4482
f 4482 4598 4486
f 4486 4598 4490
f 4490 4598 4494
f 4494 4598 4498
f 4498 4598 4502
f 4502 4598 4506
f 4506 4598 4510
f 4510 4598 4514
f 4514 4598 4518
f 4518 4598 4522
f 4522 4598 4526
f 4526 4598 4530
f 4530 4598 4534
f 4534 4598 4538
f 4538 4598 4542
f 4542 4598 4546
f 4546 4598 4550
f 4550 4598 4554
f 4554 4598 4558
f 4558 4598 4562
f 4562 4598 4566
f 4566 4598 4570
f 4570 4598 4574
f 4574 4598 4578
f 4578 4598 4582
f 4582 4598 4586
f 4586 4598 4590
f 4590 4598 4594
f 4594 4598 4599
f 4599 4598 4603
f 4606 4480 4481
f 4603 4479 4604
f 4604 4480 4605
f 4603 4598 4478
f 4615 4627 4628
f 4612 4626 4613
f 4611 4623 4624
f 4609 4621 4622
f 4618 4630 4631
f 4615 4629 4616
f 4613 4627 4614
f 4612 4624 4625
f 4609 4623 4610
f 4607 4621 4608
f 4619 4631 4632
f 4617 4629 4630
f 4622 4636 4623
f 4620 4634 4621
f 4632 4644 4645
f 4629 4643 4630
f 4628 4640 4641
f 4626 4638 4639
f 4624 4636 4637
f 4622 4634 4635
f 4631 4643 4644
f 4628 4642 4629
f 4626 4640 4627
f 4624 4638 4625
f 4635 4649 4636
f 4634 4646 4647
f 4644 4658 4645
f 4642 4656 4643
f 4641 4653 4654
f 4639 4651 4652
f 4636 4650 4637
f 4635 4647 4648
f 4643 4657 4644
f 4642 4654 4655
f 4640 4652 4653
f 4637 4651 4638
f 4648 4662 4649
f 4646 4660 4647
f 4658 4670 4671
f 4656 4668 4669
f 4653 4667 4654
f 4651 4665 4652
f 4649 4663 4650
f 4648 4660 4661
f 4656 4670 4657
f 4654 4668 4655
f 4653 4665 4666
f 4651 4663 4664
f 4661 4675 4662
f 4660 4672 4673
f 4670 4684 4671
f 4668 4682 4669
f 4667 4679 4680
f 4665 4677 4678
f 4663 4675 4676
f 4661 4673 4674
f 4670 4682 4683
f 4667 4681 4668
f 4665 4679 4666
f 4663 4677 4664
f 4675 4687 4688
f 4672 4686 4673
f 4684 4696 4697
f 4682 4694 4695
f 4679 4693 4680
f 4678 4690 4691
f 4676 4688 4689
f 4673 4687 4674
f 4683 4695 4696
f 4681 4693 4694
f 4678 4692 4679
f 4676 4690 4677
f 4688 4700 4701
f 4686 4698 4699
f 4696 4710 4697
f 4695 4707 4708
f 4692 4706 4693
f 4691 4703 4704
f 4688 4702 4689
f 4686 4700 4687
f 4695 4709 4696
f 4694 4706 4707
f 4692 4704 4705
f 4689 4703 4690
f 4701 4713 4714
f 4699 4711 4712
f 4710 4722 4723
f 4707 4721 4708
f 4705 4719 4706
f 4704 4716 4717
f 4701 4715 4702
f 4699 4713 4700
f 4709 4721 4722
f 4707 4719 4720
f 4705 4717 4718
f 4702 4716 4703
f 4713 4727 4714
f 4711 4725 4712
f 4723 4735 4736
f 4721 4733 4734
f 4719 4731 4732
f 4716 4730 4717
f 4715 4727 4728
f 4713 4725 4726
f 4721 4735 4722
f 4719 4733 4720
f 4717 4731 4718
f 4716 4728 4729
f 4726 4740 4727
f 4724 4738 4725
f 4736 4748 4749
f 4733 4747 4734
f 4732 4744 4745
f 4730 4742 4743
f 4728 4740 4741
f 4726 4738 4739
f 4735 4747 4748
f 4732 4746 4733
f 4730 4744 4731
f 4728 4742 4729
f 4739 4753 4740
f 4738 4750 4751
f 4748 4762 4749
f 4746 4760 4747
f 4745 4757 4758
f 4743 4755 4756
f 4740 4754 4741
f 4739 4751 4752
f 4747 4761 4748
f 4745 4759 4746
f 4744 4756 4757
f 4741 4755 4742
f 4753 4765 4766
f 4750 4764 4751
f 4762 4774 4775
f 4759 4773 4760
f 4758 4770 4771
f 4755 4769 4756
f 4753 4767 4754
f 4752 4764 4765
f 4760 4774 4761
f 4758 4772 4759
f 4757 4769 4770
f 4755 4767 4768
f 4765 4779 4766
f 4764 4776 4777
f 4774 4788 4775
f 4772 4786 4773
f 4771 4783 4784
f 4769 4781 4782
f 4767 4779 4780
f 4765 4777 4778
f 4774 4786 4787
f 4771 4785 4772
f 4769 4783 4770
f 4767 4781 4768
f 4779 4791 4792
f 4776 4790 4777
f 4788 4800 4801
f 4786 4798 4799
f 4783 4797 4784
f 4782 4794 4795
f 4780 4792 4793
f 4777 4791 4778
f 4787 4799 4800
f 4785 4797 4798
f 4782 4796 4783
f 4780 4794 4781
f 4792 4804 4805
f 4790 4802 4803
f 4800 4814 4801
f 4799 4811 4812
f 4796 4810 4797
f 4795 4807 4808
f 4792 4806 4793
f 4790 4804 4791
f 4799 4813 4800
f 4798 4810 4811
f 4796 4808 4809
f 4793 4807 4794
f 4805 4817 4818
f 4803 4815 4816
f 4814 4826 4827
f 4811 4825 4812
f 4809 4823 4810
f 4808 4820 4821
f 4805 4819 4806
f 4803 4817 4804
f 4813 4825 4826
f 4811 4823 4824
f 4809 4821 4822
f 4806 4820 4807
f 4817 4831 4818
f 4815 4829 4816
f 4826 4840 4827
f 4825 4837 4838
f 4823 4835 4836
f 4820 4834 4821
f 4819 4831 4832
f 4817 4829 4830
f 4825 4839 4826
f 4823 4837 4824
f 4821 4835 4822
f 4820 4832 4833
f 4830 4844 4831
f 4828 4842 4829
f 4840 4852 4853
f 4837 4851 4838
f 4836 4848 4849
f 4834 4846 4847
f 4832 4844 4845
f 4830 4842 4843
f 4839 4851 4852
f 4836 4850 4837
f 4834 4848 4835
f 4832 4846 4833
f 4843 4857 4844
f 4842 4854 4855
f 4852 4866 4853
f 4850 4864 4851
f 4849 4861 4862
f 4847 4859 4860
f 4844 4858 4845
f 4843 4855 4856
f 4851 4865 4852
f 4849 4863 4850
f 4848 4860 4861
f 4845 4859 4846
f 4857 4869 4870
f 4855 4867 4868
f 4866 4878 4879
f 4864 4876 4877
f 4862 4874 4875
f 4859 4873 4860
f 4857 4871 4858
f 4856 4868 4869
f 4864 4878 4865
f 4862 4876 4863
f 4861 4873 4874
f 4859 4871 4872
f 4869 4883 4870
f 4868 4880 4881
f 4878 4892 4879
f 4877 4889 4890
f 4874 4888 4875
f 4873 4885 4886
f 4871 4883 4884
f 4868 4882 4869
f 4878 4890 4891
f 4876 4888 4889
f 4873 4887 4874
f 4871 4885 4872
f 4883 4896 4897
f 4880 4895 4881
f 4892 4905 4906
f 4890 4903 4904
f 4887 4902 4888
f 4885 4900 4886
f 4884 4897 4898
f 4881 4896 4882
f 4891 4904 4905
f 4889 4902 4903
f 4886 4901 4887
f 4885 4898 4899
f 4897 4909 4910
f 4895 4907 4908
f 4905 4919 4906
f 4904 4916 4917
f 4901 4915 4902
f 4899 4913 4900
f 4897 4911 4898
f 4895 4909 4896
f 4904 4918 4905
f 4903 4915 4916
f 4901 4913 4914
f 4899 4911 4912
f 4910 4922 4923
f 4908 4920 4921
f 4919 4931 4932
f 4916 4930 4917
f 4914 4928 4915
f 4913 4925 4926
f 4910 4924 4911
f 4908 4922 4909
f 4918 4930 4931
f 4916 4928 4929
f 4914 4926 4927
f 4911 4925 4912
f 4922 4936 4923
f 4920 4934 4921
f 4931 4945 4932
f 4930 4942 4943
f 4928 4940 4941
f 4925 4939 4926
f 4924 4936 4937
f 4922 4934 4935
f 4930 4944 4931
f 4928 4942 4929
f 4926 4940 4927
f 4925 4937 4938
f 4935 4949 4936
f 4933 4947 4934
f 4945 4957 4958
f 4942 4956 4943
f 4941 4953 4954
f 4938 4952 4939
f 4937 4949 4950
f 4935 4947 4948
f 4944 4956 4957
f 4941 4955 4942
f 4939 4953 4940
f 4938 4950 4951
f 4948 4962 4949
f 4947 4959 4960
f 4957 4971 4958
f 4955 4969 4956
f 4954 4966 4967
f 4951 4965 4952
f 4949 4963 4950
f 4948 4960 4961
f 4956 4970 4957
f 4954 4968 4955
f 4953 4965 4966
f 4951 4963 4964
f 4962 4974 4975
f 4959 4973 4960
f 4971 4983 4984
f 4968 4982 4969
f 4966 4980 4967
f 4964 4978 4965
f 4962 4976 4963
f 4960 4974 4961
f 4969 4983 4970
f 4967 4981 4968
f 4966 4978 4979
f 4964 4976 4977
f 4975 4987 4988
f 4973 4985 4986
f 4983 4997 4984
f 4981 4995 4982
f 4979 4993 4980
f 4978 4990 4991
f 4976 4988 4989
f 4973 4987 4974
f 4983 4995 4996
f 4981 4993 4994
f 4978 4992 4979
f 4976 4990 4977
f 4988 5000 5001
f 4985 4999 4986
f 4997 5009 5010
f 4995 5007 5008
f 4992 5006 4993
f 4991 5003 5004
f 4989 5001 5002
f 4986 5000 4987
f 4996 5008 5009
f 4994 5006 5007
f 4991 5005 4992
f 4989 5003 4990
f 5001 5013 5014
f 4999 5011 5012
f 5009 5023 5010
f 5008 5020 5021
f 5005 5019 5006
f 5004 5016 5017
f 5001 5015 5002
f 4999 5013 5000
f 5008 5022 5009
f 5007 5019 5020
f 5005 5017 5018
f 5002 5016 5003
f 4893 4619 4632
f 4893 4632 4645
f 4893 4645 4658
f 4893 4658 4671
f 4893 4671 4684
f 4893 4684 4697
f 4893 4697 4710
f 4893 4710 4723
f 4893 4723 4736
f 4893 4736 4749
f 4893 4749 4762
f 4893 4762 4775
f 4893 4775 4788
f 4893 4788 4801
f 4893 4801 4814
f 4893 4814 4827
f 4893 4827 4840
f 4893 4840 4853
f 4893 4853 4866
f 4893 4866 4879
f 4893 4879 4892
f 4893 4892 4906
f 4893 4906 4919
f 4893 4919 4932
f 4893 4932 4945
f 4893 4945 4958
f 4893 4958 4971
f 4893 4971 4984
f 4893 4984 4997
f 4893 4997 5010
f 4893 5010 5023
f 5014 4609 4610
f 5012 4607 4608
f 5022 4619 5023
f 5020 4617 5021
f 5018 4615 5019
f 5017 4612 4613
f 5014 4611 5015
f 5012 4609 5013
f 4893 5023 4619
f 5021 4618 5022
f 5020 4615 4616
f 5018 4613 4614
f 5015 4612 5016
f 4481 5011 4606
f 5011 4602 4606
f 4998 4597 4602
f 4985 4593 4597
f 4593 4959 4589
f 4589 4946 4585
f 4585 4933 4581
f 4933 4577 4581
f 4577 4907 4573
f 4907 4569 4573
f 4894 4565 4569
f 4880 4561 4565
f 4561 4854 4557
f 4557 4841 4553
f 4553 4828 4549
f 4828 4545 4549
f 4545 4802 4541
f 4802 4537 4541
f 4789 4533 4537
f 4776 4529 4533
f 4529 4750 4525
f 4525 4737 4521
f 4521 4724 4517
f 4724 4513 4517
f 4513 4698 4509
f 4698 4505 4509
f 4685 4501 4505
f 4672 4497 4501
f 4497 4646 4493
f 4493 4633 4489
f 4489 4620 4485
f 4620 4481 4485
f 4 3 2
f 8 7 6
f 13 16 15
f 17 28 19
f 32 31 30
f 36 35 34
f 37 40 39
f 21 22 23
f 25 26 27
f 41 44 43
f 48 47 46
f 52 51 50
f 53 56 55
f 60 59 58
f 29 30 62
f 66 65 64
f 67 5 6
f 72 71 70
f 76 75 74
f 77 80 79
f 81 84 83
f 59 87 86
f 88 91 90
f 96 95 94
f 100 99 98
f 101 104 103
f 106 105 34
f 108 116 115
f 117 119 36
f 124 127 126
f 131 130 129
f 132 102 134
f 142 141 140
f 148 106 60
f 144 143 127
f 149 152 151
f 156 155 154
f 159 150 158
f 116 108 164
f 171 170 169
f 174 126 173
f 179 182 181
f 186 189 188
f 194 197 196
f 199 142 139
f 206 209 208
f 213 212 211
f 202 215 214
f 96 93 216
f 92 238 43
f 97 184 246
f 250 249 229
f 252 254 58
f 258 257 256
f 260 91 229
f 110 111 112
f 114 264 263
f 265 268 267
f 56 53 270
f 274 273 249
f 185 183 63
f 280 279 278
f 285 284 283
f 288 219 211
f 141 142 92
f 289 290 175
f 148 116 105
f 312 311 170
f 238 262 42
f 318 163 160
f 310 309 308
f 241 239 325
f 160 230 240
f 47 48 307
f 108 109 315
f 345 85 86
f 348 351 350
f 356 359 358
f 355 354 353
f 363 31 32
f 364 252 253
f 366 125 368
f 183 372 371
f 163 162 161
f 209 226 101
f 378 377 165
f 379 295 381
f 383 382 3
f 284 285 386
f 387 127 389
f 391 259 229
f 73 281 397
f 405 408 407
f 203 218 411
f 414 121 413
f 1 356 357
f 277 276 131
f 254 344 57
f 358 384 415
f 417 416 386
f 401 400 192
f 419 389 127
f 421 181 182
f 103 301 302
f 428 367 368
f 380 390 359
f 62 204 266
f 140 141 431
f 357 358 351
f 356 1 379
f 415 392 403
f 437 428 436
f 438 441 440
f 188 451 450
f 265 455 181
f 224 185 64
f 237 212 213
f 275 131 128
f 281 282 460
f 50 462 79
f 73 74 282
f 468 467 466
f 390 355 352
f 482 485 484
f 489 488 487
f 493 496 495
f 472 471 470
f 502 501 500
f 220 221 222
f 512 419 143
f 518 517 511
f 513 239 230
f 205 30 31
f 189 370 451
f 163 318 532
f 533 224 225
f 446 448 447
f 335 541 540
f 544 512 546
f 329 519 291
f 199 534 262
f 385 386 416
f 532 190 191
f 363 117 118
f 578 581 580
f 573 572 571
f 561 563 562
f 241 260 259
f 590 593 592
f 545 546 595
f 503 154 155
f 606 625 624
f 478 481 480
f 646 649 648
f 590 591 689
f 564 565 651
f 728 246 184
f 714 724 716
f 692 574 575
f 541 335 581
f 346 68 248
f 161 231 230
f 128 129 94
f 698 705 704
f 574 577 576
f 290 289 401
f 630 631 725
f 733 736 735
f 755 466 496
f 759 480 481
f 757 763 762
f 764 496 466
f 768 767 3808
f 759 760 488
f 492 474 475
f 474 770 769
f 773 468 465
f 771 774 486
f 484 485 775
f 774 776 489
f 495 496 764
f 495 757 761
f 137 397 784
f 325 239 797
f 165 519 51
f 369 32 29
f 730 731 568
f 90 302 301
f 243 118 516
f 800 734 806
f 817 815 808
f 816 808 823
f 306 303 447
f 815 810 809
f 829 830 828
f 726 725 501
f 274 427 424
f 879 882 881
f 884 883 879
f 219 218 217
f 906 905 904
f 455 204 205
f 898 882 830
f 903 900 880
f 377 291 519
f 923 949 948
f 946 947 951
f 3519 740 739
f 900 899 886
f 225 64 65
f 182 445 442
f 809 952 947
f 954 960 962
f 927 950 965
f 885 879 880
f 925 927 966
f 343 342 341
f 965 964 971
f 968 971 970
f 972 968 969
f 963 961 981
f 336 337 338
f 992 993 827
f 810 815 996
f 1007 1001 1002
f 1012 826 827
f 1011 1009 1007
f 294 293 292
f 907 908 920
f 1017 579 1019
f 1020 1023 1022
f 1035 1024 1020
f 1061 1060 1047
f 1063 1061 1046
f 1044 1020 1021
f 1102 1094 1097
f 1116 1126 1118
f 1016 1015 1014
f 881 897 904
f 816 1116 1127
f 1094 948 949
f 514 342 167
f 146 145 81
f 1133 1135 1130
f 1102 1133 1126
f 822 1126 1116
f 1145 1143 1148
f 1076 1144 1151
f 1148 1143 1086
f 1109 1097 1114
f 1154 1153 1156
f 1153 925 967
f 3464 3497 463
f 1144 1147 1152
f 1156 967 1163
f 1164 1162 1169
f 1145 1171 1176
f 1114 1115 1154
f 1183 1155 1164
f 1184 1183 1177
f 1069 1151 1062
f 1023 1191 1194
f 1162 1163 1170
f 1195 1184 1185
f 1183 1196 1176
f 1201 1063 1152
f 1061 1063 1201
f 3825 847 843
f 1203 1202 1195
f 1202 1201 1184
f 1218 1060 1203
f 1060 1061 1202
f 1225 1218 1217
f 671 695 694
f 1219 1217 1024
f 1217 1203 1034
f 1226 1014 1015
f 1243 1242 1234
f 1231 1230 1229
f 847 1243 1233
f 843 1233 1244
f 1233 1234 1245
f 1923 3761 233
f 2100 2108 499
f 3914 3864 2135
f 61 62 323
f 210 211 217
f 1299 1310 1309
f 3863 1230 1231
f 1066 1047 1321
f 1322 1321 1228
f 1060 1218 1321
f 1325 1324 1323
f 1244 1245 1332
f 1290 1234 1242
f 1337 1330 1339
f 1330 1332 1340
f 1341 1332 1245
f 1342 1340 1332
f 1343 1342 1341
f 1344 1341 1294
f 3857 3856 1345
f 1347 1348 1342
f 3856 3854 1295
f 1349 1350 1348
f 3861 1349 1347
f 3853 1347 1343
f 906 898 829
f 905 906 1353
f 865 1356 1355
f 1355 1353 829
f 1357 1355 825
f 1356 1354 1353
f 3834 1337 1338
f 866 1358 1356
f 1358 1359 1354
f 3828 878 1337
f 838 1362 1012
f 1363 1364 1338
f 1368 1363 1339
f 1348 1368 1340
f 1371 1369 3824
f 524 525 526
f 528 529 530
f 1372 1370 1369
f 535 536 537
f 1367 1368 1348
f 1370 1354 1359
f 1369 1359 3833
f 1373 910 903
f 555 556 557
f 1374 909 910
f 1373 904 905
f 1374 1373 1375
f 1375 905 1354
f 1378 920 908
f 376 373 651
f 1388 928 973
f 586 587 588
f 1390 1389 1388
f 1391 1388 969
f 597 598 599
f 600 601 602
f 1392 1391 970
f 608 609 610
f 612 524 523
f 614 615 616
f 617 618 25
f 620 621 622
f 1397 1390 1391
f 1398 1397 1392
f 1400 987 920
f 1402 1403 1165
f 636 637 638
f 930 1404 1402
f 641 642 643
f 929 1402 1169
f 1404 1405 1403
f 1411 1366 1365
f 1412 1406 1415
f 652 653 654
f 609 656 657
f 659 660 661
f 558 663 586
f 665 666 667
f 1413 1411 1406
f 1418 1416 3810
f 1417 1372 1371
f 1416 1371 3829
f 1419 1417 1416
f 1386 909 1374
f 677 678 679
f 1385 1386 1420
f 1420 1374 1376
f 685 686 687
f 1421 1420 1422
f 528 690 691
f 1422 1376 1372
f 1018 1019 747
f 699 700 701
f 1424 578 579
f 3663 1597 1767
f 700 699 711
f 1093 3746 3754
f 717 718 530
f 721 722 723
f 704 1650 3543
f 19 1429 1426
f 1429 1428 1427
f 1658 1659 3542
f 1439 1437 1434
f 1437 1436 1435
f 1426 1427 1433
f 1442 1431 1432
f 742 743 744
f 1432 1433 1441
f 751 752 753
f 1438 1434 1403
f 1446 1445 1444
f 1447 1448 1446
f 3860 1447 1443
f 1415 1367 1445
f 1414 1415 1446
f 2173 1683 469
f 777 778 779
f 780 781 782
f 1676 1693 1806
f 3859 1451 1349
f 789 790 791
f 745 792 793
f 652 794 795
f 1455 1458 1457
f 1454 1367 1350
f 610 691 802
f 3831 3816 698
f 1352 1044 1045
f 1015 1016 1459
f 811 812 813
f 2118 3815 3817
f 819 820 821
f 1466 1463 1194
f 1467 1468 1465
f 1182 1165 1468
f 832 812 833
f 835 836 837
f 1467 1466 1190
f 1469 1470 1444
f 840 700 712
f 1453 1470 1469
f 599 844 845
f 1226 1450 3849
f 851 852 853
f 855 744 856
f 858 859 860
f 861 862 863
f 1014 1226 3855
f 867 676 868
f 870 871 872
f 874 875 876
f 1310 1323 1471
f 1476 1433 1427
f 1461 1476 1475
f 887 888 889
f 788 791 892
f 894 895 896
f 1460 1475 1227
f 901 902 524
f 1465 1478 1477
f 1865 3503 3500
f 911 912 913
f 916 917 918
f 1850 3505 3507
f 921 922 895
f 1479 1435 1436
f 926 664 667
f 1481 562 563
f 269 1483 84
f 931 932 933
f 934 935 614
f 936 685 688
f 938 659 662
f 1484 270 122
f 941 942 835
f 320 321 509
f 1849 3510 3505
f 84 1483 1484
f 1487 1490 1488
f 1757 1758 3502
f 365 1492 1491
f 461 79 80
f 117 363 362
f 1494 540 541
f 926 601 957
f 1477 1441 1433
f 1709 1588 1585
f 119 117 1496
f 271 1497 504
f 511 517 189
f 345 1496 1492
f 57 344 299
f 1501 1499 268
f 267 268 1499
f 974 975 976
f 1678 1652 1693
f 3846 1682 1807
f 557 982 663
f 983 941 984
f 1443 1444 3849
f 421 1500 268
f 989 990 991
f 1490 1487 418
f 279 280 309
f 997 868 676
f 998 26 999
f 1504 418 38
f 1506 1508 1507
f 360 361 1508
f 1506 1486 207
f 939 1005 1006
f 270 1484 1483
f 66 63 546
f 1010 742 793
f 367 428 437
f 244 31 363
f 1670 3532 3534
f 209 206 1510
f 388 389 426
f 427 274 250
f 161 520 521
f 100 246 45
f 1025 1026 608
f 1029 1030 1031
f 939 662 1033
f 41 42 594
f 1036 780 783
f 702 701 1038
f 1040 1041 1042
f 362 32 369
f 187 1520 477
f 70 1487 539
f 1049 600 603
f 613 867 869
f 860 1050 1051
f 1005 1052 1053
f 753 1055 1056
f 1057 1058 1059
f 293 288 1522
f 288 212 1521
f 292 1522 1523
f 331 1507 1508
f 306 452 453
f 100 44 41
f 462 1524 78
f 330 331 1524
f 635 1067 1068
f 1485 1527 1526
f 206 1485 1528
f 1070 1071 1072
f 942 941 1073
f 916 933 1075
f 440 1529 1530
f 157 158 1514
f 1529 162 5
f 371 595 546
f 790 586 663
f 1077 858 857
f 1403 1434 1435
f 1080 1081 1082
f 531 520 1529
f 21 1083 1084
f 272 1532 1531
f 690 712 802
f 335 3571 3567
f 1090 1030 1029
f 1092 795 794
f 1533 396 137
f 661 660 1095
f 69 444 445
f 1099 1100 1101
f 38 39 1536
f 1104 1105 1106
f 852 1107 1108
f 1377 908 909
f 291 377 411
f 316 1536 516
f 539 1488 1533
f 1505 1536 316
f 1110 1111 1112
f 1539 1537 460
f 522 441 1537
f 834 837 1120
f 1122 1123 1124
f 612 1125 1041
f 935 793 615
f 276 278 130
f 1686 3549 3522
f 193 190 1541
f 231 521 1540
f 556 1037 982
f 365 253 85
f 190 532 318
f 1810 765 3574
f 3924 1867 3512
f 1132 983 985
f 208 101 102
f 1134 1033 662
f 1491 518 80
f 429 133 1542
f 1137 1138 915
f 172 436 428
f 1139 1140 1141
f 549 96 54
f 1517 1519 1518
f 834 1119 984
f 1543 513 286
f 1544 797 239
f 133 134 1544
f 506 361 257
f 420 327 328
f 1158 1159 1160
f 587 1104 1103
f 607 1161 1027
f 304 1546 1545
f 364 1491 77
f 69 70 198
f 700 840 1112
f 3877 626 3525
f 1166 719 657
f 1167 1168 858
f 1300 3523 3524
f 1172 1173 1174
f 218 203 200
f 1179 1180 1181
f 372 183 97
f 89 104 227
f 1186 1187 1188
f 172 173 1517
f 1482 84 81
f 1090 1192 1193
f 394 395 353
f 526 525 1198
f 1199 1200 1026
f 606 623 697
f 1204 1205 1206
f 1207 1208 523
f 1209 1210 867
f 914 913 685
f 1478 1436 1441
f 1029 1028 1161
f 1211 1212 1213
f 3858 1453 1451
f 844 1215 1216
f 423 193 273
f 1220 1221 1222
f 22 1223 1224
f 882 898 897
f 1519 1517 173
f 1189 1188 1232
f 349 350 550
f 1071 1235 1236
f 1237 1238 1239
f 1221 1186 1189
f 1510 1528 1512
f 939 1032 1241
f 1556 1530 5
f 1553 1554 394
f 404 1556 67
f 1247 1248 1249
f 142 199 238
f 1251 1067 635
f 850 1252 1253
f 1254 1167 1077
f 57 132 133
f 443 430 552
f 1187 1172 1175
f 1256 1070 831
f 432 405 382
f 741 748 747
f 434 350 351
f 349 432 383
f 251 124 1481
f 395 384 352
f 1518 1519 1550
f 1558 410 378
f 109 263 314
f 285 1514 1513
f 395 394 393
f 202 203 410
f 417 408 405
f 1246 1257 1258
f 3 1559 297
f 1259 1260 1261
f 403 404 347
f 955 954 953
f 462 50 51
f 1096 1095 687
f 429 147 60
f 896 1264 1265
f 1267 721 1268
f 423 424 327
f 37 179 180
f 20 23 1187
f 1256 1168 1071
f 1188 1175 1269
f 1236 1270 1271
f 1272 536 535
f 565 564 463
f 1273 792 745
f 876 1254 1255
f 316 33 164
f 437 1516 503
f 194 1494 1495
f 1275 1276 864
f 624 625 631
f 1277 1274 1137
f 569 568 567
f 1481 124 125
f 324 325 547
f 1279 1108 1107
f 1525 332 329
f 1281 1278 1137
f 171 168 1553
f 1488 73 396
f 1557 1561 1562
f 1282 856 1206
f 1053 1277 1278
f 778 777 607
f 713 583 3566
f 251 225 144
f 4 357 348
f 709 708 707
f 728 48 45
f 261 135 1563
f 789 1286 1287
f 74 314 263
f 403 284 385
f 1178 1181 1240
f 1223 1259 1289
f 1220 20 1186
f 296 1518 354
f 784 459 1538
f 1181 1180 1291
f 1269 1292 1257
f 1566 1538 438
f 136 784 1566
f 1563 1564 169
f 107 114 109
f 1297 1282 1298
f 1464 1477 1476
f 1520 187 507
f 1301 1302 1303
f 1306 1307 1308
f 175 456 1532
f 1532 456 200
f 1311 1266 1312
f 872 1314 1315
f 3836 843 878
f 1305 1308 864
f 1040 1275 863
f 1564 1566 399
f 592 1576 1575
f 591 1575 1088
f 1581 1584 1583
f 1196 1152 1147
f 710 582 583
f 285 407 408
f 953 954 961
f 1594 1592 1589
f 1585 1588 1587
f 1592 1591 1590
f 3885 945 944
f 1600 1599 1598
f 1604 1603 1602
f 1399 1392 979
f 1589 1590 1596
f 1610 1609 1608
f 298 257 361
f 551 552 276
f 1627 1626 3814
f 859 811 818
f 1078 857 1328
f 1555 439 1530
f 572 573 680
f 772 465 776
f 977 1281 918
f 404 403 392
f 1054 1331 750
f 1644 1645 1643
f 932 1265 1082
f 1067 1333 1334
f 1540 1539 264
f 597 1335 643
f 471 761 762
f 1642 696 3831
f 1644 1642 3842
f 923 946 950
f 96 549 548
f 520 531 522
f 445 444 443
f 849 839 848
f 480 759 755
f 1646 760 481
f 311 426 1567
f 464 463 3497
f 3497 1360 1361
f 234 237 236
f 190 193 192
f 153 154 152
f 231 287 286
f 1552 1553 1551
f 760 1646 1648
f 3832 1647 1649
f 828 827 826
f 52 167 166
f 1663 1662 1661
f 287 107 115
f 668 671 670
f 634 645 640
f 553 560 559
f 118 36 33
f 492 484 491
f 3552 1652 1651
f 582 589 584
f 384 395 392
f 1381 1382 1383
f 1562 1561 435
f 952 953 951
f 3529 3566 583
f 1660 1661 1667
f 1394 1395 1396
f 1660 1665 1664
f 1671 1670 1669
f 1624 1625 1673
f 1407 1408 1409
f 1677 1676 1675
f 1613 1679 1677
f 1679 1678 1676
f 1626 1681 3811
f 534 199 198
f 803 733 734
f 400 248 191
f 65 66 143
f 3526 1657 1656
f 402 159 157
f 629 628 627
f 461 477 49
f 758 757 495
f 796 787 786
f 406 407 1513
f 342 343 166
f 1694 1659 1658
f 1692 1687 1694
f 3557 1693 1652
f 3921 1704 1703
f 326 547 302
f 3916 3921 1702
f 3919 3918 1698
f 1699 1691 3927
f 1557 406 1560
f 1127 1116 1117
f 400 401 289
f 1706 1702 1707
f 1707 1702 1599
f 1709 1706 1708
f 1714 1712 1711
f 3919 3915 1709
f 1704 1711 1577
f 1716 1714 1713
f 1559 1562 1549
f 1722 1721 1720
f 1335 597 596
f 410 411 377
f 973 1170 1163
f 168 169 399
f 1571 682 1089
f 1572 681 682
f 749 646 647
f 1730 1724 1723
f 1594 1582 1729
f 1729 1723 1591
f 1384 1378 1377
f 1732 1731 1712
f 1724 1730 1731
f 1722 1724 1732
f 1721 1722 1733
f 1734 1733 1716
f 1735 1737 1736
f 1733 1732 1714
f 1663 1664 1741
f 1742 1665 1740
f 1738 1739 1737
f 1665 1660 1666
f 1665 1742 1744
f 1725 1726 1746
f 1591 1725 1745
f 1590 1745 1747
f 1745 1746 1748
f 1659 1688 3538
f 3287 1760 3545
f 1185 1177 1182
f 1664 1744 1749
f 1741 1749 1739
f 1746 1742 1743
f 1726 1744 1742
f 1115 924 1153
f 1654 3546 3575
f 1896 3562 3549
f 1720 1749 1744
f 1721 1739 1749
f 1750 1718 1701
f 1697 1736 1750
f 1151 1152 1063
f 1751 1752 1670
f 1695 1658 1752
f 961 962 986
f 1770 1769 1768
f 1766 1594 1593
f 1731 1759 1579
f 1579 1777 1774
f 3928 1772 1771
f 1764 1772 3928
f 1777 1776 1775
f 3762 3763 1699
f 1004 1127 1128
f 1774 1775 1771
f 987 1400 1399
f 1578 1774 1772
f 1783 1782 1781
f 1597 1598 1770
f 639 1878 3895
f 3928 3929 1769
f 1793 1792 1789
f 3929 3920 1798
f 3508 3516 3773
f 1802 1867 3924
f 1788 1790 1794
f 1793 1794 1795
f 3773 3772 1675
f 1584 1581 1783
f 1771 1797 3920
f 1801 1799 1798
f 1768 1769 1798
f 1775 1796 1797
f 508 514 515
f 1796 1803 1802
f 1800 1798 3920
f 1794 1805 1804
f 3532 1670 1752
f 485 1808 1807
f 3809 3844 1640
f 3837 3844 1810
f 485 482 1640
f 1690 1691 3770
f 487 488 1648
f 3839 1813 1816
f 3838 1811 1648
f 3839 1812 1811
f 1812 1809 487
f 1641 1809 767
f 465 466 755
f 767 1815 3823
f 3822 1816 3826
f 1809 1812 1815
f 3837 1653 1651
f 675 672 3541
f 1814 1649 1822
f 1821 1822 3821
f 1824 1822 1649
f 1827 1849 1850
f 1668 1669 1662
f 1779 1780 1848
f 1790 1827 1805
f 1833 1836 1853
f 3521 3506 693
f 1614 1615 1616
f 1852 1853 3498
f 1620 1621 1622
f 1855 1765 1574
f 1847 1852 3501
f 1766 1765 1855
f 1629 1630 1631
f 1633 1622 1634
f 1635 1636 1637
f 1848 1833 1852
f 1855 1861 1863
f 1803 1866 1867
f 1862 1863 1831
f 1782 1855 1862
f 3922 3924 1865
f 1873 1872 1870
f 1874 1869 799
f 2045 3878 3897
f 1219 1345 1295
f 1615 1614 1396
f 3884 3895 1877
f 645 3898 3786
f 1345 1219 1035
f 634 639 3884
f 15 1887 1327
f 3910 3895 1878
f 1894 604 605
f 3506 3551 627
f 3560 640 645
f 340 341 454
f 1897 194 195
f 1889 1882 1877
f 1901 94 129
f 196 749 754
f 1705 1704 3921
f 340 378 166
f 1570 1480 563
f 1904 1494 194
f 1781 1862 1832
f 1905 549 55
f 1000 994 995
f 986 919 920
f 1191 1185 1190
f 2094 2077 2075
f 1920 1921 1919
f 453 454 1912
f 1915 1919 1918
f 3882 2112 2106
f 1655 3575 3531
f 1916 1918 1926
f 704 3554 3561
f 278 1916 1925
f 3565 3564 1818
f 1097 949 1115
f 1927 1928 727
f 3578 3579 3654
f 1920 310 307
f 1929 307 48
f 503 504 1497
f 1902 1903 787
f 1816 1821 3820
f 1925 1926 1923
f 1535 1569 1568
f 254 252 258
f 1509 1497 366
f 119 86 35
f 219 288 293
f 141 46 47
f 542 205 244
f 1940 552 430
f 1779 1828 1827
f 1701 1710 3915
f 1661 3550 3515
f 270 53 754
f 197 1947 749
f 1727 1728 1212
f 53 54 232
f 1465 1468 1479
f 1284 3862 3854
f 1951 446 412
f 168 398 1554
f 1486 1485 206
f 506 77 78
f 994 1001 1007
f 951 953 963
f 1013 3859 3861
f 3826 3820 1820
f 1498 1909 1954
f 299 298 543
f 1754 1755 1756
f 1681 469 1683
f 1696 1694 1695
f 13 14 738
f 473 476 475
f 482 1641 768
f 204 62 30
f 1761 1762 820
f 611 1763 1125
f 1501 1503 1908
f 1074 1073 711
f 1960 1944 82
f 120 1956 1960
f 35 86 87
f 1773 1199 1025
f 1965 1545 1569
f 494 761 471
f 1966 1967 1969
f 446 1951 1971
f 174 368 125
f 1580 1579 1578
f 1785 1786 1787
f 1972 1546 304
f 1254 876 875
f 1973 341 342
f 321 1912 1973
f 1910 277 275
f 509 1973 514
f 1486 1507 1527
f 1974 1874 804
f 1977 1976 1974
f 1980 448 1966
f 379 1 2
f 1718 1715 1710
f 884 995 992
f 1680 1684 1678
f 902 990 525
f 344 255 256
f 135 138 137
f 448 446 1967
f 589 605 604
f 910 909 908
f 1981 1966 1968
f 1982 1981 1987
f 1988 1979 1987
f 1990 1988 1989
f 1991 1989 1993
f 322 321 320
f 992 828 830
f 1144 1076 1086
f 1995 1977 1978
f 1133 1129 1118
f 1997 1995 1994
f 870 1823 1335
f 805 806 1982
f 727 184 2000
f 1996 1994 1988
f 1994 1978 1979
f 1829 616 792
f 1830 1073 941
f 798 803 800
f 729 732 731
f 2011 2012 2023
f 1834 1835 846
f 402 283 284
f 2022 2023 2024
f 1838 718 989
f 810 955 952
f 1823 1839 1840
f 1430 1426 1432
f 1215 844 1841
f 1316 1208 873
f 2112 1401 1384
f 1842 1843 1844
f 1159 846 845
f 837 27 1846
f 1971 1951 2030
f 517 369 370
f 1471 2026 2027
f 3551 3525 626
f 2174 2175 770
f 935 934 1854
f 1613 1619 1611
f 1231 1228 1225
f 1856 1857 891
f 1300 1309 748
f 1150 1149 1858
f 1643 606 696
f 1215 1265 1264
f 1320 1860 902
f 1956 1943 1944
f 2031 668 669
f 2034 1325 1310
f 1879 1880 1656
f 40 245 242
f 1992 1993 2039
f 888 958 957
f 1882 1889 1996
f 1078 1138 1255
f 1871 912 1192
f 294 411 218
f 1323 2041 2026
f 123 1960 83
f 1324 2036 2041
f 384 358 359
f 1324 1325 2038
f 1883 1884 1885
f 287 1540 114
f 1096 1886 1134
f 915 1329 931
f 806 1980 1981
f 3533 3529 584
f 1425 2030 2042
f 1018 2042 1948
f 3562 1896 740
f 1948 2042 649
f 1881 1882 1990
f 1900 129 130
f 992 995 994
f 923 927 925
f 3878 2045 2047
f 1643 2048 625
f 2050 2052 2051
f 2045 1405 1404
f 3876 2047 945
f 1139 1080 1079
f 1037 1856 892
f 2055 2053 2057
f 1198 989 718
f 1619 2058 1612
f 2058 1605 1606
f 2059 2060 1607
f 2058 1619 1624
f 71 72 179
f 405 406 1557
f 322 1548 1972
f 2061 2052 2063
f 2066 2065 2067
f 2052 2061 2064
f 1609 1610 2066
f 1515 151 152
f 1009 827 993
f 1644 3843 3815
f 279 1915 1916
f 1285 3863 3862
f 1647 2066 1825
f 2056 2057 2067
f 319 320 1953
f 667 666 1913
f 2070 631 625
f 2052 2050 2055
f 2038 1654 1655
f 1606 1601 2073
f 1235 1917 1270
f 2072 2073 2075
f 2059 1606 2072
f 2074 2075 2077
f 1601 1602 2078
f 2049 2048 1643
f 1000 1004 1001
f 1089 943 684
f 1931 1286 1306
f 1462 1459 1021
f 1932 1933 1934
f 875 874 1846
f 1936 1051 1937
f 44 45 46
f 1534 1955 1956
f 1541 318 317
f 2081 2082 2084
f 146 1945 1959
f 1360 1941 1942
f 985 984 1032
f 1995 1997 1892
f 2079 2080 2082
f 2095 2096 2076
f 2081 2093 2078
f 2055 2050 2054
f 501 2096 2095
f 2097 2100 2099
f 2098 2099 2094
f 2140 2141 3893
f 2141 2046 3894
f 2051 2070 2048
f 592 2102 2101
f 2071 2064 2076
f 2102 2097 2098
f 593 2103 2102
f 1019 1895 746
f 1950 11 12
f 725 2071 2096
f 1385 2105 2104
f 1379 2104 2106
f 2107 2108 2100
f 3908 726 502
f 3896 502 499
f 940 1389 2109
f 928 929 1170
f 3868 590 684
f 1962 1963 1964
f 3878 680 573
f 2039 1993 1968
f 1389 1390 2110
f 1398 2111 2113
f 3757 3755 3753
f 3911 3883 2107
f 949 923 924
f 260 241 324
f 1390 1397 2113
f 2070 2051 2064
f 3867 3911 2103
f 2105 1385 1421
f 2114 1421 1423
f 3892 2114 2115
f 3908 2105 2114
f 554 2116 1902
f 972 1163 967
f 1765 1593 1573
f 1984 1985 1986
f 2053 2117 2069
f 3573 3556 724
f 1625 1677 1674
f 3881 3888 2119
f 3903 2115 2123
f 56 1954 1906
f 626 3877 3879
f 2001 2002 2003
f 3912 3841 2127
f 2006 2007 2008
f 2127 1413 1412
f 2014 2015 2016
f 2018 2019 2020
f 1495 1424 1947
f 1379 1377 1386
f 3814 3811 1680
f 2029 1885 1884
f 3902 2128 2120
f 629 3879 3914
f 682 683 943
f 724 1650 2121
f 1757 1819 3821
f 765 1810 3844
f 3851 714 715
f 706 707 3870
f 981 986 987
f 1457 1868 1656
f 2017 2016 2032
f 1458 1655 1868
f 1776 1777 1792
f 1959 1945 1946
f 3663 3715 3725
f 3913 3881 2122
f 1093 1089 689
f 966 965 968
f 3852 715 3881
f 2172 3577 2170
f 670 2138 2137
f 3761 787 1903
f 1429 19 28
f 964 963 978
f 3841 3813 1413
f 1473 1474 669
f 3834 3833 1359
f 2138 798 1870
f 1872 1473 2137
f 715 716 3888
f 1881 1991 1992
f 3843 3842 739
f 1837 1847 3513
f 253 58 59
f 1808 3837 3840
f 1647 3832 3818
f 3865 3866 671
f 2112 3882 3883
f 1405 2045 2044
f 3829 3824 1364
f 273 1541 391
f 576 632 3520
f 3875 3865 668
f 1430 1431 2140
f 2136 3850 3860
f 1430 2139 18
f 3893 3894 570
f 1442 1439 2046
f 1431 1442 2141
f 3869 3913 3850
f 3808 3823 1817
f 3866 3893 695
f 2142 2025 798
f 571 2143 2142
f 3819 3814 1618
f 2143 2022 2025
f 694 2142 2138
f 681 1572 2144
f 2144 2011 2022
f 328 210 457
f 1572 2010 2011
f 630 3892 3903
f 2085 2086 2087
f 2090 2091 2092
f 572 2144 2143
f 1875 1976 2153
f 1873 1875 2149
f 2103 2107 2097
f 2157 2043 2155
f 2128 1412 1414
f 3874 3871 589
f 3872 3870 628
f 2149 2153 2158
f 2159 2158 3905
f 698 3907 3902
f 3823 3847 3827
f 2158 2156 3874
f 1438 2044 2046
f 2035 2154 2160
f 2161 2160 3889
f 3871 3891 605
f 3873 17 18
f 370 29 61
f 649 1951 413
f 2153 2157 2156
f 1428 1429 1449
f 1490 76 73
f 3890 3905 710
f 2155 1891 3891
f 1456 1457 1880
f 2125 2088 2087
f 2160 2159 3890
f 300 1959 505
f 1064 1062 1046
f 2043 1892 1891
f 2129 2130 2004
f 2131 2132 2133
f 3848 3849 1450
f 1998 1975 804
f 3879 673 3864
f 474 492 490
f 1164 1165 1182
f 707 2162 3909
f 708 1472 2162
f 2162 2161 3886
f 548 549 1905
f 1145 1136 1114
f 705 2121 1650
f 2043 2157 1977
f 737 738 554
f 1034 1195 1191
f 458 1905 1907
f 195 196 232
f 2040 2039 1969
f 2145 2146 2147
f 2054 2050 2049
f 3832 1646 1639
f 9 12 11
f 252 364 506
f 472 478 479
f 1865 3924 3791
f 900 903 910
f 1941 2150 2151
f 1921 1928 1927
f 2163 1897 1898
f 271 156 153
f 1904 1326 12
f 282 263 264
f 1872 1873 2154
f 1326 1904 1897
f 628 692 693
f 1724 1722 1719
f 1549 1562 436
f 1582 1583 1730
f 1921 1920 1929
f 3563 3511 10
f 2152 2037 1950
f 475 772 774
f 769 2172 2171
f 2171 2165 476
f 476 773 772
f 1791 565 464
f 2166 2167 2168
f 595 371 372
f 483 1809 1641
f 762 2174 2173
f 771 483 484
f 486 487 1809
f 297 1549 1517
f 763 2175 2174
f 776 755 759
f 184 185 2176
f 412 447 303
f 2005 2176 185
f 3811 1681 1682
f 2164 2170 756
f 1472 2035 2161
f 950 951 964
f 2177 2178 2179
f 227 226 1510
f 2182 2183 2184
f 2186 2019 2018
f 1985 2182 2181
f 214 736 729
f 865 849 842
f 849 865 1357
f 559 3187 3188
f 16 13 737
f 560 553 498
f 3193 3196 3195
f 3200 3197 3198
f 3211 3214 3213
f 3215 3218 3217
f 2187 2188 2002
f 2169 2168 2189
f 2192 2086 2085
f 2193 2194 2195
f 2198 2199 2200
f 1998 1982 1979
f 3664 3665 3668
f 2116 1898 1903
f 1859 2006 2009
f 3904 2123 2126
f 1135 1148 1087
f 2201 2202 2015
f 1149 111 110
f 3221 3222 3218
f 2203 2204 2205
f 579 580 1895
f 1755 2207 2208
f 3891 3910 1893
f 1211 2151 2150
f 868 997 2210
f 944 945 930
f 2130 2129 2202
f 233 1903 1898
f 665 751 750
f 1167 1254 999
f 2211 2212 2213
f 2215 2216 2217
f 3867 593 590
f 2220 221 220
f 823 824 948
f 3225 3220 3227
f 266 204 455
f 3882 2108 2107
f 2221 2222 3519
f 2223 2224 2225
f 2207 2125 2124
f 673 674 3869
f 817 1000 996
f 2227 2228 2146
f 1947 1948 646
f 3900 2135 17
f 2229 1635 1638
f 1679 1613 1618
f 1637 2231 2232
f 2233 2234 1617
f 2231 2235 2236
f 1381 1638 2238
f 3586 2241 2242
f 1630 2234 2233
f 1681 1626 472
f 1408 1407 2243
f 3236 3239 3238
f 3232 3241 3240
f 1637 2230 2238
f 3237 3238 3233
f 1409 1408 1634
f 1380 1383 2247
f 1628 2248 2245
f 2249 1623 1622
f 1632 1634 1408
f 2248 1628 1631
f 2235 2231 1637
f 3245 3246 3199
f 631 2070 2071
f 515 167 52
f 782 781 2251
f 2253 2254 2255
f 397 281 459
f 1456 2039 2040
f 2040 2041 2036
f 1401 2112 2111
f 2041 2040 1970
f 1535 121 414
f 1586 1587 2080
f 2256 983 1132
f 1700 1699 3918
f 3815 1896 1686
f 1263 2256 1886
f 598 1841 844
f 2257 2258 2259
f 2258 2261 2262
f 2259 2262 2263
f 2260 2259 2216
f 1967 1971 1970
f 2212 1964 1963
f 922 921 2218
f 1312 1098 1101
f 1307 1306 1286
f 1548 1569 1546
f 2266 2267 2268
f 2265 2268 2270
f 2272 2265 2269
f 2273 2266 2265
f 2275 2276 2277
f 2278 2274 2277
f 2284 2285 3617
f 2287 2283 2286
f 2288 2289 2283
f 2290 2284 3639
f 2291 2292 2293
f 2295 2291 2294
f 2296 2297 2291
f 2297 2298 2292
f 2294 2293 2299
f 2279 2294 2300
f 2298 2301 2302
f 2292 2302 2303
f 2293 2303 2304
f 2304 2305 2306
f 2308 2309 2310
f 2302 2307 2310
f 2301 2311 2307
f 2312 2308 2307
f 2313 2314 2315
f 2318 2319 2320
f 3748 3771 2322
f 2324 2325 2273
f 2313 2324 2326
f 2328 2324 2313
f 2329 2325 2324
f 2331 2332 2333
f 2330 2333 2267
f 2325 2330 2266
f 2329 2331 2330
f 2333 2334 2335
f 2336 2334 2333
f 2338 2336 2332
f 2331 2339 2337
f 2329 2340 2339
f 2328 2341 2340
f 2316 2342 2341
f 2342 2316 2315
f 2344 2345 2346
f 2341 2344 2347
f 2342 2348 2344
f 2348 2349 2345
f 2350 2351 2352
f 2339 2350 2353
f 2340 2347 2350
f 2347 2346 2351
f 2337 2353 2354
f 2353 2352 2355
f 2356 2277 2276
f 2356 2357 2358
f 2356 2359 2296
f 2279 2277 2356
f 2360 2361 2270
f 2267 2335 2360
f 2362 2363 2364
f 2362 2365 2361
f 2366 2362 2358
f 2366 2367 2363
f 2357 2276 2368
f 2366 2368 2369
f 2276 2275 2370
f 2368 2370 2282
f 2372 2373 2374
f 2375 2376 2377
f 2378 2379 2380
f 2382 2378 2381
f 2384 2385 2378
f 2385 2386 2379
f 2388 2389 2390
f 2387 2390 2392
f 2393 2394 2387
f 2394 2395 2388
f 2186 2401 2402
f 2403 2404 2327
f 2272 2403 2326
f 2271 2405 2403
f 2405 2406 2404
f 2404 2407 2408
f 2409 2410 2411
f 2409 2412 2271
f 2413 2409 2269
f 2413 2414 2410
f 2417 2415 2416
f 2417 2418 2406
f 2412 2417 2405
f 2411 2415 2417
f 2406 2419 2407
f 3569 3520 632
f 2420 2398 2397
f 2420 2421 2423
f 2424 2420 2422
f 2424 2399 2398
f 2425 2391 2392
f 2421 2425 2426
f 2397 2396 2425
f 2396 2393 2391
f 2427 2314 2408
f 2430 2427 2428
f 2343 2315 2427
f 2432 2343 2430
f 2431 2430 2429
f 2435 2431 2433
f 2436 2432 2431
f 2428 2408 2407
f 2422 2437 2407
f 2438 2437 2422
f 2429 2428 2437
f 2440 2434 2433
f 2441 2439 2433
f 2442 2443 2439
f 2443 2444 2440
f 2445 2446 2444
f 2447 2445 2443
f 2383 2381 2445
f 2381 2380 2446
f 2448 2438 2423
f 2449 2448 2426
f 2441 2448 2449
f 2441 2429 2438
f 2449 2392 2390
f 2450 2390 2389
f 2447 2450 2451
f 2442 2449 2450
f 2451 2389 2453
f 2452 2453 2455
f 2382 2452 2454
f 2383 2451 2452
f 2456 2457 2373
f 2459 2460 2461
f 2463 2464 2465
f 2462 2465 2285
f 2466 2462 2284
f 2467 2463 2462
f 2461 2460 3703
f 2468 2469 2470
f 2472 2468 2471
f 2474 2461 3701
f 2475 2476 2477
f 2458 2455 2453
f 2479 2453 2389
f 2395 2480 2479
f 2480 2459 2458
f 2481 2482 2483
f 2484 113 2485
f 2471 2470 2464
f 2473 2471 2463
f 2487 2467 2466
f 2486 2466 2290
f 2490 2486 2488
f 2491 2487 2486
f 2492 2473 2467
f 2493 2492 2487
f 2494 2495 2492
f 2495 2472 2473
f 3690 2496 2474
f 3691 2497 2496
f 2498 2494 2493
f 2500 2498 2499
f 3700 3687 2498
f 3687 3691 2494
f 2306 2504 2278
f 2305 2505 2504
f 2504 2505 2507
f 2506 2507 2288
f 2274 2506 2508
f 2278 2504 2506
f 3633 3632 2489
f 3620 3633 2488
f 2507 2509 2289
f 2505 2510 2509
f 2508 2288 2287
f 2511 2287 2281
f 2370 2511 2280
f 2275 2508 2511
f 2512 2490 2489
f 2514 2512 2513
f 2517 2512 2514
f 2517 2491 2490
f 2499 2493 2491
f 2499 2517 2516
f 2510 2505 2519
f 2518 2519 2521
f 3616 2518 2520
f 3632 2510 2518
f 2522 2304 2303
f 2523 2522 2310
f 2305 2304 2522
f 2524 2522 2523
f 2519 2524 2525
f 2505 2305 2524
f 2308 2312 2527
f 2526 2527 2529
f 2531 2526 2528
f 2309 2308 2526
f 1214 2532 2151
f 2419 2406 2418
f 2533 2345 2349
f 2534 2533 2317
f 2535 2536 2533
f 2536 2346 2345
f 2537 2351 2346
f 2538 2537 2536
f 2539 2540 2537
f 2540 2352 2351
f 2312 2355 2541
f 2527 2541 2542
f 2543 2435 2434
f 2545 2543 2544
f 2319 2318 2543
f 2318 2436 2435
f 2514 2515 2548
f 2547 2548 2550
f 2552 2547 2549
f 2552 2516 2514
f 2520 2521 2554
f 2553 2554 2556
f 3590 2553 2555
f 3621 2520 2553
f 2523 2309 2531
f 2557 2531 2530
f 2525 2523 2557
f 2559 2557 2558
f 2554 2559 2560
f 2521 2525 2559
f 2561 2375 2007
f 2376 2562 2225
f 2564 2565 2566
f 2563 2566 338
f 2569 2563 2567
f 2570 2564 2563
f 2572 2573 2574
f 2571 2574 2576
f 2544 2571 2575
f 2544 2434 2572
f 2578 2570 2569
f 2579 2577 2569
f 2574 2577 2579
f 2573 2578 2577
f 2581 2582 2583
f 2584 2580 2583
f 3697 3675 2580
f 3676 2581 2580
f 2582 2516 2552
f 2583 2552 2551
f 2500 2501 2589
f 2590 2588 2589
f 3693 3695 2588
f 3695 3700 2500
f 2501 2516 2591
f 2592 2593 2594
f 2386 2385 2503
f 2596 2379 2386
f 2596 2374 2373
f 2599 2596 2597
f 2599 2380 2379
f 2600 2446 2380
f 2600 2599 2598
f 2603 2600 2601
f 2603 2444 2446
f 2604 2603 2602
f 2440 2604 2605
f 2444 2603 2604
f 2606 2582 2581
f 2606 2607 2590
f 2591 2516 2582
f 3676 2587 2456
f 3689 2456 2372
f 2478 2477 2608
f 2609 2610 2611
f 2564 2570 2613
f 2612 2613 2598
f 2457 2612 2597
f 2565 2564 2612
f 2614 2613 2570
f 2615 2614 2578
f 2602 2601 2614
f 2601 2598 2613
f 2572 2434 2605
f 2616 2605 2602
f 2573 2572 2616
f 1459 1016 1045
f 1265 1215 1079
f 1612 1608 1609
f 2067 2057 2069
f 1135 1109 1136
f 1938 1937 2618
f 95 548 458
f 2058 1607 1608
f 1454 1469 1445
f 655 2620 1048
f 722 1049 2621
f 1131 985 1033
f 562 1481 366
f 1723 1719 1725
f 1786 1123 1122
f 267 300 323
f 1325 2034 1654
f 1468 1165 1435
f 658 657 529
f 8 532 247
f 382 1557 1559
f 788 619 1307
f 940 930 929
f 911 2622 2623
f 2621 2620 655
f 2624 1857 2625
f 998 1846 27
f 635 638 2626
f 2627 641 644
f 2628 2627 1840
f 1200 1199 2627
f 1199 1773 641
f 1520 515 49
f 1452 1350 1349
f 2630 2631 1859
f 644 643 1335
f 1197 1198 717
f 2632 717 719
f 2628 2632 1166
f 2629 1197 2632
f 1762 2633 1050
f 1823 870 873
f 2634 2635 794
f 1042 794 2635
f 93 94 1901
f 2036 2038 1458
f 1527 332 1525
f 877 876 1274
f 134 409 797
f 1328 893 931
f 607 777 1091
f 1043 2635 2637
f 2636 2637 2639
f 1275 2636 2638
f 1275 1040 1043
f 1272 2624 2626
f 2640 2626 638
f 1110 2641 2640
f 536 1272 2640
f 1472 708 1474
f 2042 2030 1951
f 1058 1106 1105
f 2642 2623 2643
f 1192 2642 2644
f 912 2623 2642
f 3898 1657 3526
f 1049 1048 2620
f 616 1829 1885
f 1331 1913 666
f 990 989 1198
f 1911 1912 321
f 1298 1282 1205
f 76 1490 1504
f 1502 1500 421
f 610 609 658
f 1146 937 659
f 2646 911 914
f 1280 1239 1238
f 1453 1454 1452
f 835 942 1843
f 1271 1270 1173
f 1893 1878 1826
f 1050 2633 1937
f 2651 2652 814
f 1006 1053 1281
f 2653 1084 2654
f 1001 1004 1003
f 585 997 679
f 2624 1272 621
f 555 678 2028
f 1207 526 1197
f 1626 1627 478
f 426 389 419
f 1030 1193 1773
f 3898 645 634
f 534 1533 138
f 1125 1092 1042
f 333 228 88
f 569 1570 561
f 1489 2656 871
f 1857 2624 620
f 1673 1674 3770
f 622 861 864
f 619 788 891
f 261 544 545
f 393 1555 1556
f 2658 2659 2647
f 1075 2658 2657
f 1081 1080 2658
f 1080 1139 2659
f 2644 2643 1141
f 2660 1141 1140
f 642 2660 1336
f 1193 2644 2660
f 679 678 555
f 1503 1501 1500
f 1318 1317 1101
f 2661 2659 1139
f 2661 1142 2663
f 2662 2647 2659
f 2662 2663 2622
f 2664 2622 911
f 2648 2664 2646
f 2648 2647 2662
f 2083 2094 2093
f 1442 1440 1437
f 519 329 330
f 1885 2029 1209
f 799 800 805
f 1946 1943 1952
f 1302 1301 1253
f 566 2005 224
f 1389 940 928
f 683 682 681
f 836 835 1842
f 2665 1842 1845
f 2666 2665 1303
f 24 836 2665
f 831 1072 2650
f 1845 1844 1304
f 2010 2013 2012
f 1051 1936 2667
f 1522 1521 1511
f 531 440 441
f 1250 635 2625
f 2669 2625 1857
f 783 2669 1856
f 782 1250 2669
f 720 2670 2671
f 1055 1931 1930
f 1333 1067 1251
f 619 622 1308
f 652 655 2619
f 521 522 1539
f 1838 988 537
f 2672 537 536
f 1113 2672 2641
f 1113 527 1838
f 1016 1013 1351
f 3897 573 570
f 226 227 104
f 3564 3669 3827
f 1036 1037 1884
f 2674 1301 1304
f 2673 1304 1844
f 1334 2673 2675
f 1333 2674 2673
f 2676 702 1039
f 1843 2676 2675
f 942 1074 2676
f 1074 699 702
f 752 1057 1055
f 1200 1166 656
f 1120 1846 874
f 2677 874 877
f 1241 2677 1052
f 1119 1120 2677
f 1560 1513 151
f 1208 1316 611
f 215 735 736
f 1460 1459 1462
f 1208 1207 1839
f 854 856 1282
f 72 445 182
f 544 1563 1565
f 217 200 456
f 2047 1404 930
f 1204 2618 1937
f 913 777 686
f 840 527 1113
f 1531 729 730
f 2678 778 1283
f 601 667 1914
f 1537 1538 459
f 1819 1757 3509
f 991 1860 862
f 2679 711 1073
f 2680 1830 983
f 779 2680 2256
f 778 2678 2680
f 2678 2679 1830
f 180 542 245
f 1886 1132 1131
f 1138 1137 1274
f 1841 598 1140
f 75 313 314
f 193 423 420
f 2681 2682 1099
f 170 1567 1565
f 349 416 417
f 1121 1124 2684
f 547 797 409
f 123 122 121
f 2643 2663 1142
f 1542 1544 513
f 899 900 907
f 1210 677 676
f 791 663 982
f 24 27 837
f 893 896 932
f 1860 1320 863
f 535 538 862
f 1569 1548 1547
f 181 455 542
f 660 659 937
f 2013 567 568
f 887 890 2631
f 1524 1508 361
f 520 161 162
f 2653 855 854
f 1238 1237 2655
f 718 1838 527
f 1492 1493 518
f 792 616 615
f 599 846 1835
f 290 457 456
f 312 171 1552
f 1248 2687 1179
f 153 149 177
f 1240 1181 1222
f 1257 1292 1235
f 1291 1084 1083
f 1052 877 1277
f 743 742 2618
f 444 140 430
f 23 1224 1172
f 2687 2654 1180
f 102 103 409
f 1283 607 610
f 373 497 650
f 1180 2654 1084
f 855 2653 2655
f 1173 1270 1917
f 2689 850 853
f 2688 853 1108
f 2686 2688 1279
f 2687 2689 2688
f 2691 1302 1252
f 2690 1252 850
f 1248 2690 2689
f 1248 1247 2691
f 2692 617 24
f 2691 2692 2666
f 1247 1258 2692
f 1258 1168 617
f 394 1554 1555
f 2693 1260 1259
f 1072 1236 1262
f 1257 1071 1168
f 398 439 1555
f 871 1784 1314
f 1178 1232 1249
f 1224 1289 1173
f 1010 2617 2618
f 1175 1174 1292
f 2654 2687 2686
f 2694 1157 1216
f 71 418 1487
f 701 1112 1111
f 1072 1261 2649
f 1085 2695 22
f 895 2694 1264
f 1601 1606 1605
f 1259 1262 1271
f 21 20 1220
f 988 991 538
f 598 597 1336
f 1050 860 818
f 1298 2645 1761
f 1168 1167 618
f 858 1168 1256
f 39 242 516
f 2652 1761 819
f 313 316 315
f 2026 1970 1971
f 2656 1489 596
f 814 819 818
f 2696 2651 813
f 1260 2696 2649
f 2693 2697 2696
f 2697 1296 2651
f 381 355 390
f 3818 3819 1611
f 1475 1427 1428
f 1292 1174 1917
f 1551 353 354
f 1526 1525 1523
f 1593 1589 1595
f 1232 1269 1246
f 2695 2693 1223
f 2698 1297 1296
f 2698 2697 2693
f 2685 2698 2695
f 2685 854 1297
f 562 1497 271
f 2652 2651 1296
f 1365 1366 1364
f 1958 1946 1953
f 585 588 2210
f 1561 1560 1515
f 975 2648 1146
f 347 67 68
f 1038 1111 636
f 2700 781 780
f 2699 780 1036
f 2701 2699 1883
f 851 2700 2699
f 2674 1333 2251
f 2702 2251 781
f 1253 2702 2700
f 1301 2674 2702
f 1519 387 388
f 1273 1239 1280
f 2703 1280 1107
f 2701 2703 852
f 1829 1273 2703
f 91 260 326
f 1784 871 2656
f 2683 2684 2705
f 604 1894 3499
f 1669 3534 3548
f 2062 2063 2060
f 621 535 861
f 2023 731 732
f 686 779 1263
f 857 1051 2668
f 883 830 882
f 637 636 1111
f 2668 894 893
f 2667 921 894
f 1039 1038 1068
f 313 75 1504
f 1911 1972 305
f 1936 2706 1964
f 2707 2402 2401
f 2708 2707 2183
f 738 2163 2116
f 2349 2348 2432
f 2711 2712 2020
f 2400 2711 2019
f 2714 2715 2716
f 2717 2718 2719
f 2721 2722 2723
f 2726 2727 2728
f 2725 2728 2730
f 2731 2725 2729
f 2732 2726 2725
f 2734 2735 2736
f 2738 2739 2740
f 2737 2740 2741
f 2744 2745 2746
f 2745 2744 2748
f 2749 2750 2747
f 2753 2749 2751
f 2250 1380 2246
f 2754 1396 1614
f 3598 2754 2755
f 3608 2745 2747
f 1617 2756 2755
f 2242 2758 1620
f 2191 2085 2760
f 2761 2759 2760
f 3648 2759 2761
f 3623 2191 2759
f 3209 3248 3223
f 1395 1394 2236
f 1395 2235 1636
f 1616 1635 2229
f 1617 2234 2763
f 2756 2763 3628
f 2765 2763 2234
f 2766 2764 3628
f 3202 3199 3246
f 1516 437 435
f 2768 2769 3552
f 1495 541 578
f 2135 2136 28
f 3526 3540 2773
f 1690 1689 3926
f 2778 2779 2780
f 2777 2780 2781
f 2784 2778 2777
f 3555 3521 575
f 1494 1904 9
f 3529 2016 2015
f 451 61 505
f 2786 2787 2788
f 2779 2786 2785
f 2789 2752 2741
f 2790 2753 2752
f 2792 2793 2794
f 2793 2795 2796
f 2796 2797 2750
f 2794 2796 2749
f 2798 1393 1396
f 3591 2798 2754
f 2798 2799 2800
f 3591 3662 2799
f 2797 2796 2795
f 2791 2794 2753
f 216 233 232
f 3804 2806 2807
f 3805 2809 2804
f 2769 2810 3557
f 183 185 184
f 2811 2812 2775
f 2804 2811 2776
f 2809 2813 2811
f 2812 2811 2813
f 3805 2808 2816
f 3796 2818 2815
f 3798 3800 2820
f 3793 2823 2819
f 2824 2736 2735
f 2823 2825 2824
f 2825 2823 2826
f 3793 2822 2827
f 3796 2817 2826
f 2713 2716 2829
f 2828 2829 2831
f 2822 2821 2828
f 2821 2820 2713
f 2832 2827 2822
f 2833 2832 2830
f 2834 2835 2832
f 2835 2818 2827
f 2837 2838 2839
f 2836 2839 2841
f 2842 2836 2840
f 2843 2837 2836
f 2840 2841 2845
f 2718 2844 2845
f 2730 2728 2844
f 2727 2840 2844
f 2846 2845 2841
f 2829 2846 2847
f 2847 2841 2839
f 2848 2839 2838
f 2833 2848 2849
f 2831 2847 2848
f 2850 2814 2851
f 2853 2850 2852
f 2783 2777 2782
f 2785 2788 2853
f 2780 2785 2856
f 2857 2858 2855
f 2859 2857 2782
f 2861 2843 2842
f 2860 2842 2727
f 2862 2860 2726
f 2863 2861 2860
f 2861 2863 2858
f 2843 2861 2857
f 2856 2853 2854
f 2781 2856 2864
f 2837 2843 2859
f 2838 2837 2864
f 2852 2851 2834
f 2854 2852 2849
f 2865 2815 2818
f 2851 2865 2835
f 2813 2809 2815
f 2814 2813 2865
f 2866 2812 2814
f 2788 2866 2850
f 2866 2788 2787
f 2812 2866 2867
f 1892 1889 1890
f 2720 2719 2846
f 298 299 256
f 2872 2714 2713
f 3794 3800 2735
f 2729 2730 2874
f 2846 2716 2715
f 2876 2877 2878
f 2733 2875 2878
f 3806 3807 2879
f 3806 2880 2872
f 2882 2883 2884
f 2881 2884 2715
f 2880 2881 2714
f 2879 2882 2881
f 2885 2886 2887
f 2888 2889 2890
f 2885 2890 2892
f 2893 2886 2885
f 1942 2151 2532
f 2895 2892 2720
f 2884 2895 2870
f 2883 2896 2895
f 2896 2891 2892
f 2889 2874 2717
f 2890 2717 2720
f 2897 2893 2891
f 2898 2897 2896
f 2899 2898 2883
f 2900 2899 2882
f 3797 2900 2879
f 2876 2902 2901
f 2901 2902 2904
f 1785 2656 1835
f 2905 2906 2899
f 2907 2908 2897
f 3797 2901 2903
f 632 576 577
f 3532 3547 2867
f 434 385 550
f 2768 2770 3640
f 2910 2911 1623
f 2241 2912 2758
f 3640 2770 2913
f 1623 2911 2757
f 3587 2242 2757
f 2229 1381 1380
f 2765 1630 1629
f 2915 2914 1629
f 3642 3641 2914
f 3641 3622 2765
f 2919 2916 3642
f 2918 2915 2912
f 3614 2918 2241
f 3618 2919 3613
f 3541 2177 2180
f 3521 2002 2188
f 3705 3573 714
f 2925 2766 2917
f 2924 2917 2916
f 3610 2924 2919
f 3611 2925 2924
f 2926 2927 2766
f 3658 2926 2925
f 1715 1713 1705
f 785 497 498
f 1387 651 565
f 374 375 1899
f 3573 2203 2206
f 2929 2930 2886
f 2932 2933 2934
f 1905 1906 1908
f 2930 2935 2936
f 2938 2935 2930
f 1493 369 517
f 1603 1585 1586
f 2939 2938 2929
f 2940 2939 2908
f 3665 1707 1600
f 2886 2930 2937
f 2906 2907 2898
f 2908 2929 2893
f 2942 2934 2933
f 2941 2933 2937
f 3501 2941 2936
f 3498 2942 2941
f 2943 2944 2710
f 2943 2873 2874
f 2945 2943 2889
f 2946 2944 2943
f 2932 2945 2888
f 2931 2946 2945
f 727 1928 1929
f 2903 2904 2947
f 545 594 42
f 1480 1570 533
f 2907 2906 2949
f 2906 2905 2950
f 1558 452 215
f 3799 2903 2948
f 2054 1645 1644
f 3705 3684 2203
f 1828 1837 1849
f 2953 2954 2955
f 2952 2955 2957
f 2956 2261 2258
f 2953 2952 2258
f 2454 2455 2474
f 3747 2958 2959
f 3747 2132 2131
f 2961 2962 2963
f 2958 2963 2964
f 222 221 2485
f 2477 2226 2966
f 2631 2561 2006
f 2384 2454 2496
f 2967 2968 2959
f 2968 2967 2970
f 3759 2033 2971
f 3784 2971 2960
f 2972 2971 2033
f 2007 2377 2973
f 3560 3559 2134
f 1836 1833 1832
f 3506 2188 2090
f 955 810 959
f 672 675 674
f 633 710 713
f 2024 732 733
f 2025 2024 803
f 425 1552 1550
f 2975 2976 888
f 1319 1158 1157
f 1212 1935 2977
f 889 957 2228
f 1978 1974 1975
f 1138 1078 1329
f 751 665 2979
f 1619 1613 1625
f 2252 2255 1728
f 1157 1160 845
f 2706 1936 1938
f 2980 2255 2254
f 2982 2975 887
f 802 712 711
f 678 677 2029
f 527 840 690
f 1839 1207 2629
f 2983 2984 602
f 2983 1914 1913
f 2985 2983 1331
f 2986 2984 2983
f 2987 2637 2635
f 2985 2988 2639
f 2990 1319 1318
f 2991 2992 2993
f 2995 2991 2994
f 1106 1058 2991
f 1058 1057 2992
f 1415 1406 1365
f 1317 922 2217
f 1932 1728 2255
f 926 2998 2999
f 3001 2993 2992
f 3000 2992 1057
f 2999 3000 2978
f 2998 3001 3000
f 3002 2998 2209
f 3002 3003 2996
f 2993 3001 3002
f 1103 1106 2995
f 3004 2995 2996
f 2209 2210 3004
f 588 1103 3004
f 295 296 433
f 2638 2639 2988
f 3005 2988 1056
f 1305 3005 1930
f 1276 2638 3005
f 1987 1968 1993
f 2633 1762 1761
f 1423 1422 1417
f 3561 3517 739
f 2671 2670 2704
f 1473 1872 2035
f 922 1317 2694
f 1401 1400 1378
f 556 2028 1884
f 842 848 3825
f 1854 2706 2617
f 933 1082 1081
f 1440 1441 1436
f 529 657 719
f 1031 1025 1027
f 777 913 912
f 2645 1205 1204
f 441 438 1538
f 790 1287 587
f 2065 2066 1610
f 1860 991 990
f 60 106 87
f 1424 1017 1948
f 332 1527 1507
f 261 262 138
f 187 188 449
f 1719 1720 1726
f 1931 1055 1059
f 3006 1059 1105
f 1287 3006 1104
f 1286 1931 3006
f 3007 3008 3009
f 3009 3008 653
f 618 999 26
f 2029 677 1210
f 957 601 600
f 1049 2146 2228
f 2631 890 3011
f 890 889 2227
f 3011 2227 2145
f 2561 3011 3012
f 1026 656 609
f 2706 1854 1961
f 3013 2965 2485
f 2148 2147 1267
f 3015 1267 1266
f 2997 2264 1101
f 642 641 1773
f 186 477 461
f 1041 1040 1320
f 1121 3016 3017
f 2984 2986 2987
f 3018 2987 2634
f 1048 603 3018
f 603 602 2984
f 2679 2678 801
f 2062 2072 2074
f 2061 2074 2076
f 414 303 1545
f 3016 1121 2683
f 3019 2683 2704
f 3020 3019 2670
f 3007 3016 3019
f 1871 1090 1091
f 3021 1787 1122
f 3022 3021 3017
f 1314 3021 3022
f 1784 1787 3021
f 1316 1315 1763
f 3023 3022 3010
f 3023 3009 795
f 1763 3023 1092
f 1315 3022 3023
f 3016 3007 3010
f 752 751 2978
f 2986 2639 2637
f 3024 654 653
f 3020 3024 3008
f 720 723 3024
f 723 2621 654
f 2681 1098 1268
f 2671 3025 1268
f 2705 2681 3025
f 1313 3026 3027
f 3026 3028 3029
f 3027 3029 3030
f 1311 3027 3031
f 2012 568 731
f 917 2657 974
f 743 1206 856
f 1888 2027 2030
f 2682 2705 2684
f 3032 2684 1124
f 1100 3032 2989
f 1099 2682 3032
f 1123 2990 2989
f 3033 1834 1159
f 2990 3033 1158
f 1123 1786 3033
f 1786 1785 1834
f 1054 1056 2988
f 2979 665 664
f 2623 2622 2663
f 1095 660 688
f 3034 3035 2261
f 3036 3034 2956
f 3037 3038 3034
f 3038 3039 3035
f 3040 3041 3026
f 2263 3042 3041
f 3042 3039 3043
f 3041 3043 3028
f 3044 3045 3043
f 3046 3047 3045
f 3047 3048 3049
f 3043 3045 3049
f 3038 3037 3051
f 3050 3051 3053
f 3052 3046 3044
f 3039 3038 3050
f 3054 3035 3039
f 3042 2263 2262
f 2261 3035 3054
f 2216 2263 2997
f 2212 2211 2667
f 3056 868 2209
f 934 3057 1961
f 2013 3755 3757
f 3058 3059 3060
f 3059 3062 3063
f 3060 3063 2213
f 3061 3060 1963
f 3063 3064 2214
f 3062 3065 3064
f 3065 2257 2260
f 3064 2260 2215
f 3066 3067 3031
f 2608 2966 3067
f 2966 2562 3068
f 3031 3067 3068
f 2455 2458 2461
f 2476 2223 2226
f 3551 2090 2089
f 3526 2774 3769
f 433 354 355
f 2115 1423 1419
f 3509 2868 2922
f 3769 3737 2131
f 3069 2611 2167
f 2971 2972 2928
f 2961 2774 2773
f 3070 2475 2478
f 2610 2609 3071
f 2502 2371 2374
f 3072 2592 2595
f 2964 3046 3052
f 3048 2593 3074
f 2593 2592 3075
f 3075 3030 3029
f 3074 3029 3028
f 3072 3076 3075
f 3076 3072 2482
f 2481 2608 3066
f 3076 3066 3030
f 2967 3052 3053
f 2482 3072 3073
f 479 480 493
f 706 3900 3873
f 3561 2194 2221
f 2013 2010 3754
f 3533 2032 2016
f 3562 3519 2222
f 1171 1154 1155
f 2586 2566 2565
f 2982 110 113
f 2562 2376 3077
f 2376 2375 3012
f 3012 2145 2148
f 3077 2148 3015
f 2963 3047 3046
f 3051 3078 2970
f 1683 2173 491
f 3850 2122 1447
f 1986 2181 3734
f 3079 3080 2546
f 3081 3079 2575
f 1983 1986 3768
f 3082 2323 2319
f 3080 3082 2545
f 3734 3732 3082
f 3732 3748 2323
f 1309 1471 1888
f 3073 2595 2772
f 2760 3083 3084
f 2760 2085 2088
f 3085 3084 3086
f 3089 3085 3090
f 3089 2762 3084
f 3092 3088 3090
f 3093 2748 2744
f 2751 2747 2748
f 3093 2741 2752
f 2742 2741 3093
f 3094 3093 2743
f 3096 3097 3098
f 3099 3096 3087
f 3097 3094 3095
f 3100 2743 2746
f 3101 2927 3102
f 2764 2766 2927
f 2745 2764 3101
f 3102 3092 3091
f 3100 3091 3095
f 2869 2802 3592
f 3102 3103 3104
f 3658 2868 2869
f 2927 2926 3103
f 3098 3095 3091
f 3087 3098 3090
f 2088 2125 3105
f 3083 3105 3086
f 2483 3073 2771
f 2401 2186 2185
f 3099 3086 3105
f 2125 2207 3106
f 3108 2737 2742
f 3107 2742 3094
f 3110 3108 3107
f 3109 3107 3097
f 3111 3109 3096
f 3112 3110 3109
f 3113 2738 2737
f 3115 2723 2722
f 3117 3115 3114
f 3119 3117 3116
f 3118 3116 3120
f 3116 3114 3113
f 3122 3112 3111
f 3122 3123 1755
f 3124 3125 3126
f 3125 3118 3121
f 3128 3119 3118
f 3129 3128 3125
f 2020 2712 3128
f 3853 3857 1346
f 1065 1046 1047
f 1814 3838 3830
f 2021 2020 3129
f 3111 3099 3106
f 3123 3106 2207
f 2377 2225 2224
f 3014 2485 113
f 1756 2208 3782
f 3131 3132 2530
f 3133 3131 2528
f 1753 1756 3767
f 3134 3124 3127
f 2327 2408 2314
f 2436 2318 2317
f 2018 2021 3711
f 2534 3136 3137
f 2320 2322 3136
f 2185 2018 3712
f 3138 3139 2542
f 3134 3135 3744
f 3785 3130 3134
f 3140 3138 2539
f 2535 3137 3140
f 3711 2021 3130
f 2558 2530 3132
f 3782 3760 3141
f 2560 2558 3141
f 3760 3777 3142
f 958 888 2976
f 1933 1932 2980
f 2399 2424 2418
f 2348 2342 2343
f 2322 2320 2319
f 2718 2717 2874
f 2709 2729 2873
f 2894 2871 1361
f 346 289 176
f 1876 1877 1882
f 2802 2803 3607
f 3104 3144 3088
f 2974 2222 3649
f 3089 3145 2761
f 3088 3144 3145
f 2803 2974 3603
f 3870 3909 692
f 2123 1419 1418
f 1365 1363 1368
f 1581 1766 1782
f 3569 2202 2129
f 3555 2003 2002
f 3146 2585 2551
f 3751 3146 3147
f 3742 3149 3146
f 3149 2584 2585
f 3196 3198 3197
f 3604 2192 2191
f 3142 3150 2556
f 3777 3778 3150
f 3646 3152 2550
f 3150 3151 2555
f 3778 3780 3151
f 3788 3781 3152
f 3153 3147 2551
f 3152 3153 2549
f 3781 3776 3153
f 3776 3750 3147
f 3148 2767 2206
f 2183 2401 2321
f 2132 2960 2928
f 3684 3685 2204
f 3719 2198 2197
f 2594 2962 2773
f 2595 2594 2951
f 1870 798 799
f 3713 2179 2178
f 3706 2178 3736
f 336 3154 3774
f 339 3155 3154
f 3789 3683 3149
f 3683 3697 2584
f 2963 2962 3048
f 3722 3730 337
f 339 338 2566
f 3156 3157 2168
f 2610 3156 2167
f 2954 2953 3156
f 3157 3156 2953
f 3707 2166 2169
f 2567 3158 3159
f 337 3158 2567
f 3730 3069 2166
f 3764 2190 1983
f 2579 3160 3081
f 2568 3159 3160
f 3709 2169 2190
f 3065 3062 3162
f 3161 3162 1984
f 3157 3161 2189
f 2257 3065 3161
f 734 735 1922
f 3059 3058 2708
f 3163 2708 2182
f 3162 3163 1985
f 3062 3059 3163
f 3203 3206 3205
f 2122 2119 1448
f 3817 1686 1685
f 139 140 444
f 1570 569 566
f 2957 3164 3165
f 2955 3166 3164
f 1912 454 341
f 3130 3129 3124
f 1548 322 319
f 1949 1950 1327
f 2969 2970 3078
f 3167 3078 3169
f 3724 2014 2017
f 3720 2017 2033
f 3168 3169 3165
f 3170 3165 3164
f 3779 3170 3171
f 3724 3168 3170
f 3171 3164 3166
f 3172 3166 3071
f 3752 3172 3173
f 3756 3171 3172
f 3169 3037 3036
f 2593 3048 2962
f 3173 3071 2609
f 3174 2609 2199
f 3783 3174 2198
f 3749 3173 3174
f 2190 2189 1984
f 2196 2195 2767
f 2119 2120 1414
f 1464 1463 1466
f 2199 2611 3069
f 2457 2456 2587
f 2226 2225 2562
f 481 478 1627
f 333 1512 235
f 3078 3051 3037
f 3040 2264 2997
f 2219 1934 1933
f 2385 2384 2497
f 221 2220 3175
f 2220 1933 3143
f 3175 3143 2976
f 2484 3175 2975
f 2954 3071 3166
f 2630 1858 110
f 1547 319 1952
f 2091 2090 2188
f 3733 3736 2178
f 1918 1919 1927
f 3563 112 111
f 955 956 960
f 2037 3014 112
f 3143 2980 2981
f 2218 2211 2214
f 672 3877 3787
f 2152 3013 3014
f 1147 1144 1143
f 2248 2246 1409
f 1615 1636 1635
f 1410 1409 2246
f 3241 3243 3242
f 1382 3176 3177
f 3177 1410 2247
f 2247 1383 3177
f 3176 2238 2230
f 1410 3177 3179
f 3179 3180 2243
f 1633 3181 2800
f 1621 1620 2758
f 1622 1621 2245
f 2236 1394 3181
f 2237 2236 3182
f 2250 1631 2233
f 2912 1629 1628
f 135 136 1564
f 1567 419 512
f 1085 1084 2653
f 3184 869 868
f 869 3184 3057
f 1266 1268 1098
f 1267 2147 722
f 937 1146 2646
f 2146 1049 722
f 2211 2218 921
f 1957 510 507
f 1313 1312 2264
f 1496 362 1493
f 2887 2937 2933
f 1687 1688 1659
f 145 1499 1498
f 37 38 418
f 1935 1934 3185
f 104 89 301
f 2101 2098 2083
f 543 298 360
f 1934 2219 3186
f 234 1521 212
f 3845 3821 1822
f 1976 1875 1874
f 223 3186 2219
f 3655 3656 3605
f 2165 2164 467
f 467 468 2165
f 773 476 2165
f 1935 1212 1728
f 3240 3225 3226
f 3261 3249 3250
f 3215 3216 3244
f 3265 3221 3215
f 3267 3245 3198
f 3205 3206 3269
f 3214 3211 3265
f 3271 3213 3214
f 3251 3252 3239
f 3222 3221 3266
f 3232 3235 3234
f 3216 3242 3243
f 3196 3193 3268
f 3244 3243 3254
f 3238 3239 3247
f 3264 3244 3255
f 3253 3242 3216
f 3211 3266 3221
f 3257 3217 3218
f 3258 3222 3272
f 3274 3275 3280
f 3228 3229 3262
f 3275 3231 3281
f 3226 3227 3273
f 3236 3263 3260
f 3281 3263 3236
f 3287 3271 3192
f 3235 3226 3280
f 3234 3280 3281
f 3288 3290 3259
f 3260 3250 3276
f 3289 3212 3278
f 3210 3209 3224
f 3199 3202 3201
f 3228 3231 3230
f 3290 3288 3285
f 3282 3279 3271
f 3260 3263 3262
f 3243 3241 3268
f 3267 3268 3241
f 3194 3207 3208
f 3191 3270 3269
f 3270 3191 3192
f 3275 3274 3230
f 3264 3269 3270
f 3252 3251 3276
f 3248 3252 3291
f 3213 3271 3279
f 3272 3266 3289
f 3277 3278 3212
f 3228 3263 3281
f 3220 3225 3253
f 3219 3253 3217
f 3256 3218 3222
f 3247 3239 3252
f 3245 3267 3232
f 3266 3211 3212
f 3208 3205 3255
f 3288 3289 3284
f 3204 3205 3208
f 560 1899 3187
f 3209 3210 3201
f 3189 3192 3191
f 448 1980 807
f 647 648 122
f 1833 1848 1780
f 510 509 508
f 3210 1949 1887
f 1887 15 3200
f 15 16 3197
f 16 3188 3195
f 3195 3188 3187
f 3194 3187 1899
f 3207 1899 375
f 387 173 126
f 3189 1791 1760
f 3577 763 757
f 763 3577 2172
f 3583 3582 3580
f 3581 3580 3579
f 3594 3597 3596
f 3400 3601 3602
f 3626 3624 3625
f 3631 3635 3599
f 3636 3637 3595
f 3647 3584 3588
f 3650 3582 3584
f 3653 3579 3580
f 3653 2176 3654
f 1801 1864 3656
f 3651 3580 3582
f 3644 3638 3595
f 1767 1768 3659
f 1597 3663 3661
f 1708 1707 3665
f 3671 3668 3667
f 3666 3667 3673
f 1588 1708 3664
f 2080 3671 3666
f 2082 3666 3672
f 3674 3677 3635
f 3677 3678 3636
f 3682 3647 3645
f 3692 3651 3650
f 3681 3645 3644
f 786 3694 3692
f 3694 3653 3651
f 785 3692 3686
f 497 3686 3682
f 650 3682 3681
f 3696 564 3681
f 3405 3606 3605
f 3702 3699 3678
f 3699 3698 3679
f 3645 3588 3638
f 1799 3657 3659
f 3708 3704 3458
f 3462 3710 3708
f 3714 463 564
f 3615 3606 3602
f 3710 3714 3696
f 3635 3636 3596
f 3629 3626 3627
f 3597 3600 3599
f 3630 3716 3715
f 3627 3625 3597
f 3717 3716 3723
f 3715 3663 3660
f 3716 3717 3725
f 3668 3665 3661
f 3668 3725 3717
f 3667 3717 3718
f 3727 3728 3673
f 3728 1576 3672
f 3726 3727 3718
f 1576 2101 2084
f 3727 3726 3731
f 3203 376 1387
f 3190 1387 1791
f 3283 2152 1949
f 317 240 259
f 2000 2176 3653
f 3601 3599 3600
f 3589 3588 3584
f 3577 758 756
f 3585 3584 3582
f 3678 3679 3637
f 3204 375 376
f 1801 3655 3657
f 3729 3735 3728
f 1575 3735 3738
f 3735 1575 1576
f 1776 1795 1796
f 1293 1294 1290
f 1326 14 1327
f 1294 1245 1234
f 878 1244 1330
f 497 373 374
f 122 648 413
f 3699 3702 3704
f 3606 3405 3401
f 3708 3710 3698
f 3464 3714 3710
f 3704 3674 3443
f 439 398 399
f 1512 1528 1526
f 1668 1741 1738
f 839 849 1362
f 1362 1357 826
f 3843 740 1896
f 2053 2054 2118
f 3888 3887 2120
f 696 697 3816
f 1826 1878 639
f 3740 3739 3729
f 956 885 886
f 1980 806 1922
f 33 34 105
f 1343 1344 3856
f 3907 2127 2128
f 1766 1581 1582
f 14 1326 2163
f 595 98 99
f 3233 3238 3246
f 1346 1035 1044
f 748 1888 1425
f 3193 3208 3254
f 3190 3191 3206
f 3612 3605 3606
f 3624 3612 3615
f 3631 3415 3443
f 3679 3680 3644
f 3686 3650 3647
f 3702 3677 3674
f 3625 3615 3600
f 3601 3400 3415
f 3739 3738 3735
f 3630 3627 3594
f 3741 3723 3716
f 1284 1290 1288
f 3698 3696 3680
f 1778 1781 1780
f 1792 1759 1584
f 695 570 571
f 3638 3741 3594
f 3741 3638 3588
f 3247 3248 3209
f 3292 3293 3294
f 3296 3297 3298
f 3299 3298 3300
f 3302 3303 3304
f 3306 3307 3308
f 3307 3310 3311
f 3303 3302 3301
f 3312 3305 3304
f 3314 3315 3316
f 3318 3319 3320
f 3324 3318 3321
f 3326 3327 3328
f 3329 3330 3331
f 3333 3334 3335
f 3337 3338 3339
f 3333 3336 3341
f 3342 3341 3343
f 3319 3345 3344
f 3338 3335 3334
f 3346 3301 3302
f 3305 3348 3347
f 3312 3224 3223
f 3350 3337 3340
f 3312 3349 3348
f 3352 3343 3341
f 3311 3353 3354
f 3341 3336 3327
f 3359 3360 3361
f 3360 3359 3250
f 3318 3363 3345
f 3364 3363 3318
f 3314 3364 3324
f 3366 3299 3301
f 3299 3366 3367
f 3308 3354 3368
f 3369 3317 3295
f 3317 3369 3364
f 3370 3295 3317
f 3325 3371 3365
f 3352 3320 3319
f 3296 3367 3353
f 3297 3296 3311
f 3363 3368 3354
f 3345 3354 3353
f 3344 3353 3367
f 3366 3333 3342
f 3347 3339 3334
f 3339 3347 3348
f 3348 3349 3351
f 3363 3364 3369
f 3294 3309 3368
f 3293 3306 3309
f 3331 3373 3374
f 3346 3334 3333
f 3323 3322 3352
f 3356 3355 3321
f 3355 3357 3325
f 3357 3358 3371
f 3322 3356 3320
f 3361 3330 3329
f 3373 3372 3375
f 3374 3375 3376
f 3329 3332 3376
f 3327 3375 3372
f 3336 3335 3375
f 3335 3338 3376
f 3376 3338 3337
f 3337 3350 3359
f 3359 3350 3276
f 3377 3292 3295
f 3277 3316 3315
f 3371 3378 3379
f 3378 3371 3358
f 3365 3379 3315
f 3316 3277 3279
f 3282 3377 3370
f 3313 3283 3224
f 3378 3285 3284
f 3380 3286 3285
f 3379 3284 3278
f 3276 3350 3351
f 3291 3351 3349
f 3313 3304 2965
f 2965 3304 3303
f 222 3303 3300
f 223 3300 3298
f 3298 3297 3185
f 3297 3310 2977
f 3310 3307 1213
f 3307 3306 1214
f 2532 1214 3306
f 2894 2532 3293
f 2871 2894 3292
f 3253 3225 3240
f 3283 3313 3013
f 1997 1996 1889
f 1237 745 744
f 1535 1534 120
f 1531 1532 201
f 1119 1241 1032
f 946 948 824
f 163 8 5
f 3589 3726 3723
f 1155 1156 1162
f 427 213 327
f 553 1902 796
f 3381 2232 2231
f 3381 3178 2230
f 2237 3183 3180
f 3383 3384 3385
f 3384 3386 3387
f 3386 3388 3389
f 3388 3390 3391
f 3392 3393 3394
f 3395 3394 3396
f 3398 3399 3397
f 3400 3401 3399
f 3403 3404 3405
f 3406 3407 3404
f 3408 3409 3407
f 3410 3411 3409
f 3412 3413 3411
f 3415 3400 3398
f 3414 3398 3396
f 3416 3396 3394
f 3417 3394 3393
f 3393 3419 3420
f 3419 3390 3421
f 3390 3388 3422
f 3388 3386 3423
f 3386 3384 3424
f 3384 3383 3425
f 3425 3383 3426
f 2904 3427 3428
f 3429 3427 2904
f 3430 3429 2902
f 2875 3431 3430
f 3432 3433 2733
f 2825 3434 3435
f 3437 3438 3439
f 3441 3437 3436
f 2724 2723 3434
f 3436 3439 3115
f 3440 3436 3117
f 3443 3415 3414
f 3442 3414 3416
f 3444 3416 3417
f 3445 3417 3418
f 3446 3418 3420
f 3420 3421 3448
f 3421 3422 3449
f 3422 3423 3450
f 3423 3424 3451
f 3424 3425 3452
f 3425 3184 3056
f 3451 3452 2253
f 3450 3451 2252
f 3449 3450 1727
f 3448 3449 2150
f 3453 3447 3448
f 3454 3446 3447
f 3455 3445 3446
f 3456 3444 3445
f 3442 3444 3456
f 3443 3442 3457
f 3459 3460 3458
f 3457 3456 3455
f 3459 3455 3454
f 3462 3460 3459
f 3461 3454 3453
f 3464 3462 3461
f 3463 3453 1941
f 3404 3399 3401
f 3407 3397 3399
f 3409 3395 3397
f 3411 3392 3395
f 3465 3466 3413
f 3467 3468 3469
f 3465 3412 3431
f 3470 3467 3466
f 3438 3470 3432
f 3467 3470 3438
f 3468 3467 3437
f 3471 3469 3468
f 3472 3468 3441
f 3473 3441 3440
f 2712 3440 3119
f 3475 3471 3472
f 3474 3472 3473
f 3476 3473 2712
f 3477 3476 2711
f 3478 3474 3476
f 3479 3475 3474
f 3392 3411 3413
f 3466 3469 3480
f 3419 3393 3392
f 3390 3419 3480
f 3469 3471 3391
f 3389 3391 3471
f 3387 3389 3475
f 3385 3387 3479
f 3482 3477 2400
f 3483 3478 3477
f 3481 3479 3478
f 3484 3482 2402
f 3058 3484 2707
f 3061 3485 3484
f 3485 3483 3482
f 3382 3385 3481
f 3486 3481 3483
f 3426 3383 3382
f 3487 3382 3486
f 3486 3485 3061
f 1961 3057 3487
f 3057 3184 3426
f 3428 3403 3402
f 3427 3406 3403
f 3429 3408 3406
f 3430 3410 3408
f 3431 3412 3410
f 3470 3465 3433
f 3434 3439 3438
f 2723 3115 3439
f 2875 2733 3433
f 2736 2824 3435
f 2947 3428 3488
f 3464 3463 1360
f 1900 1925 1924
f 1736 1717 1718
f 1955 1952 1943
f 1671 1738 1735
f 1696 1750 1698
f 1800 1865 1864
f 2063 2055 2056
f 1737 1734 1717
f 1751 1735 1697
f 943 3885 3899
f 3656 3488 3402
f 1577 1578 1764
f 3917 1598 1599
f 1945 146 82
f 68 6 7
f 147 1542 1543
f 1109 1135 1133
f 1503 1910 1907
f 1499 1501 1909
f 452 1922 735
f 1824 2068 3835
f 1825 2067 2068
f 1463 1462 1022
f 841 1012 1009
f 1568 1547 1955
f 1910 1503 1502
f 1939 1502 422
f 309 280 1940
f 1804 1851 1866
f 269 1482 1954
f 2065 1607 2060
f 3812 1685 1758
f 280 276 552
f 1875 1873 1869
f 1739 1721 1734
f 1778 1779 1790
f 310 1920 1915
f 1909 1908 1906
f 1789 1783 1778
f 978 981 980
f 1584 1759 1731
f 425 426 311
f 148 1543 115
f 2044 3897 3894
f 277 1910 1939
f 1943 1946 1945
f 1461 1462 1463
f 2253 3452 3056
f 2981 2254 3489
f 2209 2998 3489
f 2254 2253 3055
f 2998 926 958
f 2826 2817 2721
f 3490 2739 2721
f 2816 3491 3490
f 2334 2297 2296
f 2298 2297 2334
f 2301 2298 2336
f 2311 2301 2338
f 2312 2311 2354
f 2359 2358 2361
f 2335 2296 2359
f 2414 2413 2365
f 2413 2270 2361
f 2355 2352 2540
f 2541 2540 2539
f 2722 2721 2739
f 3114 2722 2738
f 3110 3112 3121
f 3108 3110 3120
f 3122 1754 3127
f 3112 3122 3126
f 3127 1754 1753
f 3139 3133 2529
f 3744 3775 3133
f 3490 2789 2740
f 3491 2790 2789
f 228 229 91
f 245 244 243
f 248 7 247
f 2 297 296
f 145 146 300
f 327 213 210
f 329 332 331
f 239 241 240
f 373 376 375
f 178 177 176
f 1218 1225 1228
f 3862 1231 1295
f 808 809 824
f 3858 3859 1013
f 3813 3810 1411
f 2154 2149 2159
f 3845 3835 1758
f 306 807 1922
f 2157 2153 1976
f 708 709 2031
f 1450 1226 1227
f 1672 1604 1605
f 1813 1814 1821
f 1717 1716 1715
f 176 159 402
f 1710 1705 3916
f 1712 1580 1577
f 1705 1713 1711
f 971 978 979
f 822 823 1094
f 2909 2810 2793
f 2810 2769 2795
f 2799 2910 2249
f 3662 3643 2910
f 2769 2768 2801
f 3177 3176 3178
f 3178 3381 3180
f 3181 1394 1393
f 3181 1633 1632
f 3182 1632 2244
f 3183 2244 2243
f 3492 2791 2790
f 2808 3492 3491
f 2239 3574 3572
f 1149 1150 3571
f 1150 2009 3567
f 2202 3569 3566
f 2921 3564 3565
f 3568 3560 2133
f 1777 1579 1759
f 1201 1196 1183
f 3561 3554 2195
f 3553 3576 2770
f 3927 3925 1687
f 1516 152 154
f 3549 3562 2974
f 3550 3548 2779
f 2771 2772 3575
f 3070 2771 3546
f 3547 3544 2775
f 1376 1375 1370
f 2767 3543 3556
f 2195 3554 3543
f 2775 3544 3542
f 3377 3282 3545
f 3804 3802 3539
f 2776 3542 3538
f 2240 3572 3535
f 2920 3535 3669
f 3548 3534 2786
f 1805 1850 1851
f 3534 3532 2787
f 2951 2773 3540
f 2772 2951 3531
f 2973 2224 3530
f 2224 2223 3537
f 1957 1953 320
f 306 305 304
f 2770 3576 3528
f 2913 3528 3574
f 2923 3565 3527
f 308 1940 431
f 207 208 132
f 1879 1876 1881
f 3733 3787 3525
f 2475 3070 3558
f 2476 2475 3524
f 2223 2476 3523
f 3522 3549 2803
f 2037 3563 11
f 1959 1958 450
f 2003 3555 3520
f 9 10 334
f 2009 2008 3518
f 2008 2973 3536
f 3877 672 673
f 3515 3550 2778
f 2935 3514 3513
f 111 1149 3570
f 3510 3514 2935
f 683 3876 3885
f 3508 3557 2810
f 736 733 732
f 1795 1804 1803
f 3505 3510 2938
f 3507 3505 2939
f 2950 3512 3504
f 2940 2949 3504
f 3801 3791 3512
f 2868 3509 3502
f 2869 3502 3522
f 1024 1034 1023
f 3500 3503 2948
f 551 1939 442
f 2972 3499 3568
f 2032 3533 3499
f 216 93 1924
f 203 202 201
f 1828 1848 1847
f 1958 1957 449
f 272 271 178
f 2871 3545 3495
f 3619 3669 3564
f 2801 2768 3643
f 2005 3758 3654
f 960 886 899
f 3657 3655 3612
f 3780 3788 3646
f 3151 3646 3593
f 2193 3604 3623
f 3607 3603 3145
f 3603 3649 2761
f 3592 3607 3144
f 2926 3658 3634
f 3634 3592 3104
f 3755 3754 3746
f 566 567 3758
f 3488 3656 1864
f 1602 1586 2079
f 2868 3658 3611
f 2922 3611 3610
f 2923 3610 3618
f 3670 3613 2918
f 3619 3670 3614
f 2921 3618 3670
f 2920 3614 3586
f 3613 3642 2915
f 2917 2766 3622
f 2916 2917 3641
f 2239 3587 3652
f 2911 3640 3652
f 3643 3640 2911
f 2797 2801 3662
f 2797 3591 3598
f 3622 3628 2763
f 3608 3628 2764
f 2194 3623 3648
f 2221 3648 3649
f 2756 3608 3609
f 2750 3598 3609
f 3669 3535 1817
f 3763 3770 1691
f 2515 3621 3590
f 2548 3590 3593
f 2513 2489 3632
f 2513 3616 3621
f 2509 3633 3620
f 2510 3632 3633
f 2289 3620 3639
f 2283 3639 3617
f 2240 3586 3587
f 3659 3657 3624
f 716 2121 3887
f 727 1999 3761
f 2165 2171 2170
f 3660 3659 3626
f 3743 3581 3578
f 2175 2172 769
f 2100 500 2095
f 3758 567 3757
f 640 3560 3568
f 1653 3576 3553
f 1895 3536 3530
f 746 3530 3537
f 1653 1810 3528
f 3762 1603 1604
f 2093 2075 2073
f 959 996 995
f 962 899 919
f 1400 1401 1398
f 1000 817 1127
f 956 959 884
f 1662 3548 3550
f 2034 3558 3546
f 3926 1689 3539
f 3535 3572 766
f 3572 3574 765
f 334 3570 3571
f 1868 3531 3540
f 1684 1651 1652
f 1682 1683 775
f 1585 1603 3762
f 3763 3762 1672
f 2173 2174 490
f 1658 3544 3547
f 3556 3543 1650
f 1571 3754 2010
f 1587 3664 3671
f 2099 2095 2077
f 787 3761 1999
f 2000 3694 786
f 3155 339 3697
f 3713 3155 3683
f 2180 2179 3685
f 3496 2180 3684
f 1684 3846 3840
f 1760 464 3495
f 2607 3689 3693
f 2581 3676 3689
f 2371 2502 3700
f 2371 3695 3693
f 2587 3676 3675
f 2586 3675 3697
f 2497 3691 3687
f 2502 2503 3687
f 2494 3691 3690
f 3690 3688 2472
f 3688 3701 2468
f 3701 3703 2469
f 726 3908 3892
f 581 3567 3518
f 10 3511 3570
f 1837 3514 3510
f 741 3537 3523
f 1299 3524 3558
f 1851 3507 3504
f 3527 3565 1820
f 580 3518 3536
f 1758 1685 3522
f 1693 3557 3508
f 3504 3512 1867
f 1894 1826 3568
f 2126 1418 3813
f 3906 2126 3841
f 2113 3911 3867
f 2179 3713 3789
f 624 3903 3904
f 2192 3604 3788
f 2177 3541 3787
f 1364 3824 3833
f 3858 3855 1470
f 3135 1753 3775
f 2069 3812 3835
f 1351 3861 3853
f 2108 3882 3901
f 2089 2092 3736
f 3828 3834 1358
f 2001 3749 3783
f 2187 3783 3719
f 2130 3756 3752
f 2004 3752 3749
f 2014 3724 3779
f 2201 3779 3756
f 3167 3720 3759
f 3168 3724 3720
f 3159 3709 3764
f 3160 3764 3765
f 3730 3707 3158
f 3158 3707 3709
f 2200 3069 3730
f 3685 3789 3742
f 3722 3774 2197
f 3790 3736 2092
f 3774 3790 3721
f 3154 3706 3790
f 3155 3713 3706
f 2091 3719 3721
f 2196 3148 3750
f 2193 2196 3776
f 3604 2193 3781
f 2086 2192 3780
f 2087 2086 3778
f 2204 3742 3751
f 2205 3751 3750
f 3909 3886 574
f 2124 2087 3777
f 2208 2124 3760
f 3711 3785 3140
f 3785 3745 3138
f 3745 3744 3139
f 3771 3712 3136
f 3712 3711 3137
f 3775 3767 3131
f 3767 3782 3132
f 1813 3839 3838
f 1293 3854 3856
f 2184 2321 3748
f 2181 2184 3732
f 3765 3768 3079
f 3768 3734 3080
f 709 3873 3875
f 2774 2961 3737
f 3786 3769 2134
f 3809 3808 766
f 2968 3784 3766
f 2969 3759 3784
f 2958 3747 3737
f 2132 3747 3766
f 2321 2185 3771
f 3860 3848 1449
f 3905 3874 582
f 3886 3889 577
f 3847 3826 1818
f 705 3902 3887
f 3816 3912 3907
f 2111 3883 3911
f 3810 3829 1366
f 1812 3839 3822
f 675 3851 3852
f 3496 3705 3851
f 2110 3867 3868
f 2104 3896 3901
f 2109 3868 3899
f 3842 3831 703
f 1680 3811 3846
f 1639 1627 3819
f 623 3904 3906
f 2139 2140 3866
f 1808 1640 3844
f 3820 3821 1819
f 3872 3914 3900
f 1646 3832 3830
f 3889 3890 633
f 2139 3865 3875
f 2156 2155 3871
f 674 3852 3913
f 2117 3817 3812
f 1815 3822 3847
f 3855 3849 1444
f 697 3906 3912
f 866 842 3836
f 3864 3869 2136
f 3585 3731 3726
f 3583 3740 3731
f 3753 3746 3738
f 3740 3583 3581
f 1088 3738 3746
f 3739 3740 3743
f 2791 3492 3493
f 3492 2808 2807
f 2792 3493 3494
f 3493 2807 2806
f 3508 2909 3494
f 3516 3494 2806
f 2948 3503 3791
f 2105 3908 3896
f 3538 3802 3804
f 680 3878 3876
f 1891 1890 3910
f 2905 3799 3801
f 2900 3797 3799
f 2901 3797 3807
f 2734 2878 3806
f 2877 3807 3806
f 2820 3800 3794
f 2818 3796 3792
f 2823 3793 3792
f 2822 3793 3798
f 2819 2735 3800
f 2817 3796 3795
f 2809 3805 3795
f 2808 3805 3803
f 2805 3804 3803
f 1702 3921 3923
f 3922 3920 1797
f 3915 3916 1706
f 3918 3927 1692
f 1657 3898 3880
f 1890 1877 3895
f 3772 3770 1674
f 1689 1690 3772
f 3926 3802 3538
f 3516 3539 1689
f 3917 3923 1703
f 1598 3917 3928
f 3880 3884 1876
f 1691 1690 3925
f 3925 3926 1688
f 3934 3933 3937
f 3934 3938 3939
f 3932 3936 3937
f 3938 3942 3943
f 3937 3936 3940
f 3937 3941 3942
f 3942 3946 3947
f 3941 3940 3944
f 3942 3941 3945
f 3947 3946 3950
f 3944 3948 3949
f 3945 3949 3950
f 3950 3954 3955
f 3949 3948 3952
f 3950 3949 3953
f 3955 3954 3958
f 3953 3952 3956
f 3953 3957 3958
f 3959 3958 3962
f 3957 3956 3960
f 3958 3957 3961
f 3962 3966 3967
f 3960 3964 3965
f 3961 3965 3966
f 3966 3970 3971
f 3965 3964 3968
f 3966 3965 3969
f 3970 3974 3975
f 3968 3972 3973
f 3969 3973 3974
f 3974 3978 3979
f 3973 3972 3976
f 3974 3973 3977
f 3979 3978 3982
f 3976 3980 3981
f 3977 3981 3982
f 3982 3986 3987
f 3981 3980 3984
f 3982 3981 3985
f 3987 3986 3990
f 3984 3988 3989
f 3985 3989 3990
f 3991 3990 3994
f 3989 3988 3992
f 3990 3989 3993
f 3995 3994 3998
f 3992 3996 3997
f 3993 3997 3998
f 3998 4002 4003
f 3997 3996 4000
f 3998 3997 4001
f 4002 4006 4007
f 4000 4004 4005
f 4001 4005 4006
f 4006 4010 4011
f 4005 4004 4008
f 4006 4005 4009
f 4011 4010 4014
f 4008 4012 4013
f 4009 4013 4014
f 4014 4018 4019
f 4013 4012 4016
f 4014 4013 4017
f 4019 4018 4022
f 4016 4020 4021
f 4017 4021 4022
f 4023 4022 4026
f 4021 4020 4024
f 4022 4021 4025
f 4027 4026 4030
f 4024 4028 4029
f 4025 4029 4030
f 4031 4030 4034
f 4029 4028 4032
f 4030 4029 4033
f 4034 4038 4039
f 4032 4036 4037
f 4033 4037 4038
f 4038 4042 4043
f 4037 4036 4040
f 4038 4037 4041
f 4043 4042 4046
f 4040 4044 4045
f 4041 4045 4046
f 4046 4050 4051
f 4045 4044 4048
f 4046 4045 4049
f 4051 4050 4055
f 4048 4053 4054
f 4049 4054 4055
f 4056 4055 4059
f 4053 4057 4058
f 4055 4054 4058
f 4060 4059 3934
f 4058 4057 3932
f 4058 3933 3934
f 4069 4068 4081
f 4066 4079 4080
f 4065 4064 4077
f 4063 4062 4075
f 4071 4084 4085
f 4069 4082 4083
f 4067 4080 4081
f 4066 4065 4078
f 4063 4076 4077
f 4061 4074 4075
f 4072 4085 4086
f 4071 4070 4083
f 4076 4089 4090
f 4074 4087 4088
f 4086 4085 4098
f 4083 4096 4097
f 4082 4081 4094
f 4079 4092 4093
f 4078 4077 4090
f 4076 4075 4088
f 4085 4084 4097
f 4082 4095 4096
f 4080 4093 4094
f 4079 4078 4091
f 4089 4102 4103
f 4088 4087 4100
f 4098 4111 4112
f 4096 4109 4110
f 4095 4094 4107
f 4092 4105 4106
f 4090 4103 4104
f 4089 4088 4101
f 4097 4110 4111
f 4095 4108 4109
f 4094 4093 4106
f 4092 4091 4104
f 4103 4102 4115
f 4100 4113 4114
f 4112 4111 4124
f 4110 4109 4122
f 4107 4120 4121
f 4105 4118 4119
f 4103 4116 4117
f 4101 4114 4115
f 4110 4123 4124
f 4109 4108 4121
f 4107 4106 4119
f 4105 4104 4117
f 4115 4128 4129
f 4114 4113 4126
f 4124 4137 4138
f 4123 4122 4135
f 4120 4133 4134
f 4119 4118 4131
f 4117 4116 4129
f 4114 4127 4128
f 4124 4123 4136
f 4122 4121 4134
f 4119 4132 4133
f 4117 4130 4131
f 4129 4128 4141
f 4126 4139 4140
f 4138 4137 4150
f 4136 4135 4148
f 4133 4146 4147
f 4131 4144 4145
f 4130 4129 4142
f 4127 4140 4141
f 4137 4136 4149
f 4135 4134 4147
f 4132 4145 4146
f 4131 4130 4143
f 4142 4141 4154
f 4140 4139 4152
f 4150 4163 4164
f 4149 4148 4161
f 4146 4159 4160
f 4144 4157 4158
f 4142 4155 4156
f 4140 4153 4154
f 4149 4162 4163
f 4148 4147 4160
f 4146 4145 4158
f 4144 4143 4156
f 4155 4154 4167
f 4153 4152 4165
f 4163 4176 4177
f 4161 4174 4175
f 4159 4172 4173
f 4158 4157 4170
f 4155 4168 4169
f 4153 4166 4167
f 4163 4162 4175
f 4161 4160 4173
f 4159 4158 4171
f 4156 4169 4170
f 4167 4180 4181
f 4165 4178 4179
f 4176 4189 4190
f 4175 4174 4187
f 4173 4172 4185
f 4170 4183 4184
f 4169 4168 4181
f 4167 4166 4179
f 4175 4188 4189
f 4173 4186 4187
f 4171 4184 4185
f 4170 4169 4182
f 4180 4193 4194
f 4178 4191 4192
f 4190 4189 4202
f 4187 4200 4201
f 4186 4185 4198
f 4183 4196 4197
f 4182 4181 4194
f 4180 4179 4192
f 4189 4188 4201
f 4186 4199 4200
f 4184 4197 4198
f 4183 4182 4195
f 4193 4206 4207
f 4192 4191 4204
f 4202 4215 4216
f 4200 4213 4214
f 4199 4198 4211
f 4196 4209 4210
f 4194 4207 4208
f 4193 4192 4205
f 4201 4214 4215
f 4199 4212 4213
f 4198 4197 4210
f 4196 4195 4208
f 4207 4206 4219
f 4204 4217 4218
f 4216 4215 4228
f 4213 4226 4227
f 4211 4224 4225
f 4209 4222 4223
f 4207 4220 4221
f 4205 4218 4219
f 4214 4227 4228
f 4213 4212 4225
f 4211 4210 4223
f 4209 4208 4221
f 4219 4232 4233
f 4218 4217 4230
f 4228 4241 4242
f 4226 4239 4240
f 4225 4224 4237
f 4223 4222 4235
f 4221 4220 4233
f 4218 4231 4232
f 4228 4227 4240
f 4226 4225 4238
f 4223 4236 4237
f 4221 4234 4235
f 4233 4232 4245
f 4230 4243 4244
f 4242 4241 4254
f 4240 4239 4252
f 4237 4250 4251
f 4235 4248 4249
f 4234 4233 4246
f 4231 4244 4245
f 4241 4240 4253
f 4239 4238 4251
f 4236 4249 4250
f 4235 4234 4247
f 4246 4245 4258
f 4244 4243 4256
f 4254 4267 4268
f 4253 4252 4265
f 4250 4263 4264
f 4248 4261 4262
f 4246 4259 4260
f 4244 4257 4258
f 4253 4266 4267
f 4252 4251 4264
f 4250 4249 4262
f 4248 4247 4260
f 4259 4258 4271
f 4257 4256 4269
f 4267 4280 4281
f 4265 4278 4279
f 4263 4276 4277
f 4262 4261 4274
f 4259 4272 4273
f 4257 4270 4271
f 4266 4279 4280
f 4265 4264 4277
f 4263 4262 4275
f 4260 4273 4274
f 4271 4284 4285
f 4269 4282 4283
f 4281 4280 4293
f 4279 4278 4291
f 4277 4276 4289
f 4274 4287 4288
f 4273 4272 4285
f 4271 4270 4283
f 4280 4279 4292
f 4277 4290 4291
f 4275 4288 4289
f 4274 4273 4286
f 4284 4297 4298
f 4282 4295 4296
f 4294 4293 4306
f 4291 4304 4305
f 4290 4289 4302
f 4287 4300 4301
f 4286 4285 4298
f 4284 4283 4296
f 4293 4292 4305
f 4290 4303 4304
f 4288 4301 4302
f 4287 4286 4299
f 4297 4310 4311
f 4296 4295 4308
f 4306 4319 4320
f 4304 4317 4318
f 4303 4302 4315
f 4300 4313 4314
f 4298 4311 4312
f 4297 4296 4309
f 4305 4318 4319
f 4304 4303 4316
f 4302 4301 4314
f 4300 4299 4312
f 4310 4323 4324
f 4308 4321 4322
f 4320 4319 4332
f 4318 4317 4330
f 4316 4315 4328
f 4313 4326 4327
f 4311 4324 4325
f 4310 4309 4322
f 4318 4331 4332
f 4316 4329 4330
f 4315 4314 4327
f 4312 4325 4326
f 4323 4336 4337
f 4322 4321 4334
f 4332 4345 4346
f 4330 4343 4344
f 4329 4328 4341
f 4327 4326 4339
f 4325 4324 4337
f 4322 4335 4336
f 4332 4331 4344
f 4330 4329 4342
f 4327 4340 4341
f 4325 4338 4339
f 4337 4336 4350
f 4334 4348 4349
f 4346 4345 4359
f 4344 4343 4357
f 4341 4355 4356
f 4340 4339 4353
f 4338 4337 4351
f 4335 4349 4350
f 4345 4344 4358
f 4343 4342 4356
f 4340 4354 4355
f 4338 4352 4353
f 4351 4350 4363
f 4349 4348 4361
f 4359 4372 4373
f 4358 4357 4370
f 4355 4368 4369
f 4354 4353 4366
f 4351 4364 4365
f 4349 4362 4363
f 4358 4371 4372
f 4357 4356 4369
f 4355 4354 4367
f 4352 4365 4366
f 4364 4363 4376
f 4362 4361 4374
f 4373 4372 4385
f 4370 4383 4384
f 4368 4381 4382
f 4367 4366 4379
f 4364 4377 4378
f 4362 4375 4376
f 4372 4371 4384
f 4370 4369 4382
f 4368 4367 4380
f 4365 4378 4379
f 4376 4389 4390
f 4374 4387 4388
f 4385 4398 4399
f 4384 4383 4396
f 4382 4381 4394
f 4379 4392 4393
f 4378 4377 4390
f 4376 4375 4388
f 4384 4397 4398
f 4382 4395 4396
f 4380 4393 4394
f 4379 4378 4391
f 4389 4402 4403
f 4387 4400 4401
f 4399 4398 4411
f 4396 4409 4410
f 4395 4394 4407
f 4393 4392 4405
f 4391 4390 4403
f 4389 4388 4401
f 4398 4397 4410
f 4395 4408 4409
f 4393 4406 4407
f 4391 4404 4405
f 4402 4415 4416
f 4401 4400 4413
f 4411 4424 4425
f 4409 4422 4423
f 4408 4407 4420
f 4406 4405 4418
f 4403 4416 4417
f 4402 4401 4414
f 4410 4423 4424
f 4408 4421 4422
f 4407 4406 4419
f 4404 4417 4418
f 4416 4415 4428
f 4413 4426 4427
f 4425 4424 4437
f 4423 4422 4435
f 4421 4420 4433
f 4418 4431 4432
f 4416 4429 4430
f 4415 4414 4427
f 4423 4436 4437
f 4421 4434 4435
f 4420 4419 4432
f 4418 4417 4430
f 4428 4441 4442
f 4426 4439 4440
f 4437 4450 4451
f 4435 4448 4449
f 4434 4433 4446
f 4432 4431 4444
f 4430 4429 4442
f 4427 4440 4441
f 4437 4436 4449
f 4435 4434 4447
f 4432 4445 4446
f 4430 4443 4444
f 4442 4441 4454
f 4439 4452 4453
f 4451 4450 4463
f 4449 4448 4461
f 4446 4459 4460
f 4444 4457 4458
f 4443 4442 4455
f 4440 4453 4454
f 4450 4449 4462
f 4447 4460 4461
f 4445 4458 4459
f 4444 4443 4456
f 4455 4454 4467
f 4453 4452 4465
f 4463 4476 4477
f 4462 4461 4474
f 4459 4472 4473
f 4457 4470 4471
f 4455 4468 4469
f 4453 4466 4467
f 4462 4475 4476
f 4461 4460 4473
f 4459 4458 4471
f 4457 4456 4469
f 4468 4467 4063
f 4466 4465 4061
f 4477 4476 4072
f 4474 4070 4071
f 4472 4068 4069
f 4471 4470 4066
f 4468 4064 4065
f 4466 4062 4063
f 4476 4475 4071
f 4474 4473 4069
f 4472 4471 4067
f 4469 4065 4066
f 3935 4061 4465
f 4465 4452 4056
f 4452 4439 4051
f 4439 4426 4047
f 4047 4426 4413
f 4043 4413 4400
f 4039 4400 4387
f 4387 4374 4031
f 4031 4374 4361
f 4361 4348 4023
f 4348 4334 4019
f 4334 4321 4015
f 4015 4321 4308
f 4011 4308 4295
f 4007 4295 4282
f 4282 4269 3999
f 3999 4269 4256
f 4256 4243 3991
f 4243 4230 3987
f 4230 4217 3983
f 3983 4217 4204
f 3979 4204 4191
f 3975 4191 4178
f 4178 4165 3967
f 3967 4165 4152
f 4152 4139 3959
f 4139 4126 3955
f 4126 4113 3951
f 3951 4113 4100
f 3947 4100 4087
f 3943 4087 4074
f 4074 4061 3935
f 4480 4479 4483
f 4480 4484 4485
f 4479 4478 4482
f 4484 4488 4489
f 4482 4486 4487
f 4483 4487 4488
f 4488 4492 4493
f 4487 4486 4490
f 4488 4487 4491
f 4493 4492 4496
f 4490 4494 4495
f 4491 4495 4496
f 4496 4500 4501
f 4495 4494 4498
f 4496 4495 4499
f 4501 4500 4504
f 4498 4502 4503
f 4499 4503 4504
f 4505 4504 4508
f 4503 4502 4506
f 4504 4503 4507
f 4509 4508 4512
f 4506 4510 4511
f 4507 4511 4512
f 4513 4512 4516
f 4511 4510 4514
f 4512 4511 4515
f 4516 4520 4521
f 4514 4518 4519
f 4515 4519 4520
f 4520 4524 4525
f 4518 4522 4523
f 4520 4519 4523
f 4525 4524 4528
f 4522 4526 4527
f 4523 4527 4528
f 4528 4532 4533
f 4527 4526 4530
f 4528 4527 4531
f 4533 4532 4536
f 4530 4534 4535
f 4531 4535 4536
f 4537 4536 4540
f 4534 4538 4539
f 4536 4535 4539
f 4541 4540 4544
f 4539 4538 4542
f 4539 4543 4544
f 4544 4548 4549
f 4542 4546 4547
f 4544 4543 4547
f 4548 4552 4553
f 4547 4546 4550
f 4547 4551 4552
f 4552 4556 4557
f 4551 4550 4554
f 4552 4551 4555
f 4557 4556 4560
f 4554 4558 4559
f 4555 4559 4560
f 4560 4564 4565
f 4559 4558 4562
f 4560 4559 4563
f 4565 4564 4568
f 4562 4566 4567
f 4563 4567 4568
f 4569 4568 4572
f 4567 4566 4570
f 4568 4567 4571
f 4572 4576 4577
f 4570 4574 4575
f 4571 4575 4576
f 4576 4580 4581
f 4575 4574 4578
f 4576 4575 4579
f 4580 4584 4585
f 4578 4582 4583
f 4579 4583 4584
f 4584 4588 4589
f 4583 4582 4586
f 4584 4583 4587
f 4589 4588 4592
f 4586 4590 4591
f 4587 4591 4592
f 4592 4596 4597
f 4591 4590 4594
f 4592 4591 4595
f 4597 4596 4601
f 4594 4599 4600
f 4595 4600 4601
f 4602 4601 4605
f 4600 4599 4603
f 4601 4600 4604
f 4606 4605 4480
f 4603 4478 4479
f 4604 4479 4480
f 4615 4614 4627
f 4612 4625 4626
f 4611 4610 4623
f 4609 4608 4621
f 4618 4617 4630
f 4615 4628 4629
f 4613 4626 4627
f 4612 4611 4624
f 4609 4622 4623
f 4607 4620 4621
f 4619 4618 4631
f 4617 4616 4629
f 4622 4635 4636
f 4620 4633 4634
f 4632 4631 4644
f 4629 4642 4643
f 4628 4627 4640
f 4626 4625 4638
f 4624 4623 4636
f 4622 4621 4634
f 4631 4630 4643
f 4628 4641 4642
f 4626 4639 4640
f 4624 4637 4638
f 4635 4648 4649
f 4634 4633 4646
f 4644 4657 4658
f 4642 4655 4656
f 4641 4640 4653
f 4639 4638 4651
f 4636 4649 4650
f 4635 4634 4647
f 4643 4656 4657
f 4642 4641 4654
f 4640 4639 4652
f 4637 4650 4651
f 4648 4661 4662
f 4646 4659 4660
f 4658 4657 4670
f 4656 4655 4668
f 4653 4666 4667
f 4651 4664 4665
f 4649 4662 4663
f 4648 4647 4660
f 4656 4669 4670
f 4654 4667 4668
f 4653 4652 4665
f 4651 4650 4663
f 4661 4674 4675
f 4660 4659 4672
f 4670 4683 4684
f 4668 4681 4682
f 4667 4666 4679
f 4665 4664 4677
f 4663 4662 4675
f 4661 4660 4673
f 4670 4669 4682
f 4667 4680 4681
f 4665 4678 4679
f 4663 4676 4677
f 4675 4674 4687
f 4672 4685 4686
f 4684 4683 4696
f 4682 4681 4694
f 4679 4692 4693
f 4678 4677 4690
f 4676 4675 4688
f 4673 4686 4687
f 4683 4682 4695
f 4681 4680 4693
f 4678 4691 4692
f 4676 4689 4690
f 4688 4687 4700
f 4686 4685 4698
f 4696 4709 4710
f 4695 4694 4707
f 4692 4705 4706
f 4691 4690 4703
f 4688 4701 4702
f 4686 4699 4700
f 4695 4708 4709
f 4694 4693 4706
f 4692 4691 4704
f 4689 4702 4703
f 4701 4700 4713
f 4699 4698 4711
f 4710 4709 4722
f 4707 4720 4721
f 4705 4718 4719
f 4704 4703 4716
f 4701 4714 4715
f 4699 4712 4713
f 4709 4708 4721
f 4707 4706 4719
f 4705 4704 4717
f 4702 4715 4716
f 4713 4726 4727
f 4711 4724 4725
f 4723 4722 4735
f 4721 4720 4733
f 4719 4718 4731
f 4716 4729 4730
f 4715 4714 4727
f 4713 4712 4725
f 4721 4734 4735
f 4719 4732 4733
f 4717 4730 4731
f 4716 4715 4728
f 4726 4739 4740
f 4724 4737 4738
f 4736 4735 4748
f 4733 4746 4747
f 4732 4731 4744
f 4730 4729 4742
f 4728 4727 4740
f 4726 4725 4738
f 4735 4734 4747
f 4732 4745 4746
f 4730 4743 4744
f 4728 4741 4742
f 4739 4752 4753
f 4738 4737 4750
f 4748 4761 4762
f 4746 4759 4760
f 4745 4744 4757
f 4743 4742 4755
f 4740 4753 4754
f 4739 4738 4751
f 4747 4760 4761
f 4745 4758 4759
f 4744 4743 4756
f 4741 4754 4755
f 4753 4752 4765
f 4750 4763 4764
f 4762 4761 4774
f 4759 4772 4773
f 4758 4757 4770
f 4755 4768 4769
f 4753 4766 4767
f 4752 4751 4764
f 4760 4773 4774
f 4758 4771 4772
f 4757 4756 4769
f 4755 4754 4767
f 4765 4778 4779
f 4764 4763 4776
f 4774 4787 4788
f 4772 4785 4786
f 4771 4770 4783
f 4769 4768 4781
f 4767 4766 4779
f 4765 4764 4777
f 4774 4773 4786
f 4771 4784 4785
f 4769 4782 4783
f 4767 4780 4781
f 4779 4778 4791
f 4776 4789 4790
f 4788 4787 4800
f 4786 4785 4798
f 4783 4796 4797
f 4782 4781 4794
f 4780 4779 4792
f 4777 4790 4791
f 4787 4786 4799
f 4785 4784 4797
f 4782 4795 4796
f 4780 4793 4794
f 4792 4791 4804
f 4790 4789 4802
f 4800 4813 4814
f 4799 4798 4811
f 4796 4809 4810
f 4795 4794 4807
f 4792 4805 4806
f 4790 4803 4804
f 4799 4812 4813
f 4798 4797 4810
f 4796 4795 4808
f 4793 4806 4807
f 4805 4804 4817
f 4803 4802 4815
f 4814 4813 4826
f 4811 4824 4825
f 4809 4822 4823
f 4808 4807 4820
f 4805 4818 4819
f 4803 4816 4817
f 4813 4812 4825
f 4811 4810 4823
f 4809 4808 4821
f 4806 4819 4820
f 4817 4830 4831
f 4815 4828 4829
f 4826 4839 4840
f 4825 4824 4837
f 4823 4822 4835
f 4820 4833 4834
f 4819 4818 4831
f 4817 4816 4829
f 4825 4838 4839
f 4823 4836 4837
f 4821 4834 4835
f 4820 4819 4832
f 4830 4843 4844
f 4828 4841 4842
f 4840 4839 4852
f 4837 4850 4851
f 4836 4835 4848
f 4834 4833 4846
f 4832 4831 4844
f 4830 4829 4842
f 4839 4838 4851
f 4836 4849 4850
f 4834 4847 4848
f 4832 4845 4846
f 4843 4856 4857
f 4842 4841 4854
f 4852 4865 4866
f 4850 4863 4864
f 4849 4848 4861
f 4847 4846 4859
f 4844 4857 4858
f 4843 4842 4855
f 4851 4864 4865
f 4849 4862 4863
f 4848 4847 4860
f 4845 4858 4859
f 4857 4856 4869
f 4855 4854 4867
f 4866 4865 4878
f 4864 4863 4876
f 4862 4861 4874
f 4859 4872 4873
f 4857 4870 4871
f 4856 4855 4868
f 4864 4877 4878
f 4862 4875 4876
f 4861 4860 4873
f 4859 4858 4871
f 4869 4882 4883
f 4868 4867 4880
f 4878 4891 4892
f 4877 4876 4889
f 4874 4887 4888
f 4873 4872 4885
f 4871 4870 4883
f 4868 4881 4882
f 4878 4877 4890
f 4876 4875 4888
f 4873 4886 4887
f 4871 4884 4885
f 4883 4882 4896
f 4880 4894 4895
f 4892 4891 4905
f 4890 4889 4903
f 4887 4901 4902
f 4885 4899 4900
f 4884 4883 4897
f 4881 4895 4896
f 4891 4890 4904
f 4889 4888 4902
f 4886 4900 4901
f 4885 4884 4898
f 4897 4896 4909
f 4895 4894 4907
f 4905 4918 4919
f 4904 4903 4916
f 4901 4914 4915
f 4899 4912 4913
f 4897 4910 4911
f 4895 4908 4909
f 4904 4917 4918
f 4903 4902 4915
f 4901 4900 4913
f 4899 4898 4911
f 4910 4909 4922
f 4908 4907 4920
f 4919 4918 4931
f 4916 4929 4930
f 4914 4927 4928
f 4913 4912 4925
f 4910 4923 4924
f 4908 4921 4922
f 4918 4917 4930
f 4916 4915 4928
f 4914 4913 4926
f 4911 4924 4925
f 4922 4935 4936
f 4920 4933 4934
f 4931 4944 4945
f 4930 4929 4942
f 4928 4927 4940
f 4925 4938 4939
f 4924 4923 4936
f 4922 4921 4934
f 4930 4943 4944
f 4928 4941 4942
f 4926 4939 4940
f 4925 4924 4937
f 4935 4948 4949
f 4933 4946 4947
f 4945 4944 4957
f 4942 4955 4956
f 4941 4940 4953
f 4938 4951 4952
f 4937 4936 4949
f 4935 4934 4947
f 4944 4943 4956
f 4941 4954 4955
f 4939 4952 4953
f 4938 4937 4950
f 4948 4961 4962
f 4947 4946 4959
f 4957 4970 4971
f 4955 4968 4969
f 4954 4953 4966
f 4951 4964 4965
f 4949 4962 4963
f 4948 4947 4960
f 4956 4969 4970
f 4954 4967 4968
f 4953 4952 4965
f 4951 4950 4963
f 4962 4961 4974
f 4959 4972 4973
f 4971 4970 4983
f 4968 4981 4982
f 4966 4979 4980
f 4964 4977 4978
f 4962 4975 4976
f 4960 4973 4974
f 4969 4982 4983
f 4967 4980 4981
f 4966 4965 4978
f 4964 4963 4976
f 4975 4974 4987
f 4973 4972 4985
f 4983 4996 4997
f 4981 4994 4995
f 4979 4992 4993
f 4978 4977 4990
f 4976 4975 4988
f 4973 4986 4987
f 4983 4982 4995
f 4981 4980 4993
f 4978 4991 4992
f 4976 4989 4990
f 4988 4987 5000
f 4985 4998 4999
f 4997 4996 5009
f 4995 4994 5007
f 4992 5005 5006
f 4991 4990 5003
f 4989 4988 5001
f 4986 4999 5000
f 4996 4995 5008
f 4994 4993 5006
f 4991 5004 5005
f 4989 5002 5003
f 5001 5000 5013
f 4999 4998 5011
f 5009 5022 5023
f 5008 5007 5020
f 5005 5018 5019
f 5004 5003 5016
f 5001 5014 5015
f 4999 5012 5013
f 5008 5021 5022
f 5007 5006 5019
f 5005 5004 5017
f 5002 5015 5016
f 5014 5013 4609
f 5012 5011 4607
f 5022 4618 4619
f 5020 4616 4617
f 5018 4614 4615
f 5017 5016 4612
f 5014 4610 4611
f 5012 4608 4609
f 5021 4617 4618
f 5020 5019 4615
f 5018 5017 4613
f 5015 4611 4612
f 4481 4607 5011
f 5011 4998 4602
f 4998 4985 4597
f 4985 4972 4593
f 4593 4972 4959
f 4589 4959 4946
f 4585 4946 4933
f 4933 4920 4577
f 4577 4920 4907
f 4907 4894 4569
f 4894 4880 4565
f 4880 4867 4561
f 4561 4867 4854
f 4557 4854 4841
f 4553 4841 4828
f 4828 4815 4545
f 4545 4815 4802
f 4802 4789 4537
f 4789 4776 4533
f 4776 4763 4529
f 4529 4763 4750
f 4525 4750 4737
f 4521 4737 4724
f 4724 4711 4513
f 4513 4711 4698
f 4698 4685 4505
f 4685 4672 4501
f 4672 4659 4497
f 4497 4659 4646
f 4493 4646 4633
f 4489 4633 4620
f 4620 4607 4481

