# https://github.com/mikedh/trimesh
v 0.06450096 -0.01100270 -0.05217414
v 0.06806223 -0.01204909 -0.05078822
v 0.06848551 -0.01058088 -0.05038123
v 0.06490043 -0.01000760 -0.05186626
v 0.07484506 -0.01079160 -0.06027060
v 0.07586914 -0.00731337 -0.05604624
v 0.07531230 -0.00495316 -0.05522366
v 0.07441819 -0.00485428 -0.05827179
v 0.02727142 -0.04832696 -0.11299425
v 0.01225051 -0.04809656 -0.11716655
v 0.01235784 -0.05923930 -0.11473437
v 0.02637520 -0.06225459 -0.10930662
v 0.04684912 -0.08582068 -0.09015299
v 0.04119269 -0.07777341 -0.09563956
v 0.03897925 -0.09006375 -0.09923456
v 0.04848899 -0.09385334 -0.08981144
v 0.03683079 0.04724286 0.03737540
v 0.04437903 0.04562670 0.03215978
v 0.04356153 0.04056866 0.03572672
v -0.06546657 -0.01100048 -0.05309203
v -0.06895161 -0.01203902 -0.05169269
v -0.06946474 -0.01058692 -0.05136579
v -0.06601661 -0.01004137 -0.05280591
v -0.07659686 -0.01069906 -0.06132633
v -0.07813309 -0.00730560 -0.05706818
v -0.07728105 -0.00483610 -0.05635600
v -0.07662529 -0.00468687 -0.05942080
v 0.03584753 0.04183638 0.03966053
v 0.09131331 0.01134477 -0.06790318
v 0.09144526 0.00884176 -0.06907642
v 0.09209062 0.00701273 -0.06743778
v 0.09195647 0.00903163 -0.06596026
v 0.08824816 -0.00582761 -0.06802438
v 0.08842196 0.00123890 -0.06904461
v 0.08949566 0.00368221 -0.06956374
v 0.08973447 0.00143698 -0.06883891
v 0.08814734 -0.01615445 -0.06479015
v 0.08698580 -0.01549597 -0.06471527
v 0.08823924 -0.01099198 -0.06648643
v 0.08962481 -0.01141491 -0.06707073
v 0.07469907 -0.03665628 -0.04014262
v 0.07737649 -0.03362384 -0.04284167
v 0.07726974 -0.03664954 -0.04434407
v 0.07293825 -0.03870302 -0.04249594
v 0.06984929 -0.03654069 -0.04396636
v 0.07418624 -0.03717548 -0.04842713
v 0.07372538 -0.03362864 -0.04979585
v 0.07019295 -0.03352243 -0.04646870
v 0.08659801 0.02029654 -0.05532599
v 0.08720591 0.01658590 -0.05475817
v 0.08613347 0.01549625 -0.05282264
v 0.08525024 0.01914056 -0.05313129
v 0.07293773 -0.01128493 -0.06571173
v 0.07127156 -0.01745691 -0.06405733
v 0.07732669 -0.01287659 -0.06644069
v 0.07783902 -0.01034284 -0.06668801
v 0.08654521 0.01090790 -0.06149307
v 0.08660026 0.01156026 -0.06442388
v 0.08707481 0.00948709 -0.06566454
v 0.08641285 0.00829872 -0.06348600
v 0.08846078 0.01283794 -0.06872309
v 0.08867792 0.01002938 -0.06998723
v 0.07313816 -0.02665302 -0.04020903
v 0.07212890 -0.02308453 -0.03974761
v 0.07270433 -0.02166188 -0.04109611
v 0.07306200 -0.02275227 -0.04246805
v 0.07438819 -0.01089810 -0.05717352
v 0.07606021 -0.00642223 -0.05466513
v 0.08490048 -0.02688169 -0.05978817
v 0.08474186 -0.02481749 -0.05873102
v 0.08685933 -0.02077403 -0.06199951
v 0.08681177 -0.02216968 -0.06335685
v 0.08148104 -0.02275705 -0.05720297
v 0.08396981 -0.01980993 -0.06043861
v 0.08482630 -0.01906905 -0.06226452
v 0.08394689 -0.02130952 -0.06020274
v 0.08771768 0.01329248 -0.06265322
v 0.08644174 0.01542787 -0.05775204
v 0.08783711 0.01431957 -0.05649880
v 0.08947258 0.01223284 -0.06057080
v 0.07947994 0.00143657 -0.06570671
v 0.07775794 0.00642730 -0.06357902
v 0.07675117 0.00561251 -0.06353193
v 0.07818078 0.00121766 -0.06555118
v 0.08844584 0.01056315 -0.06701740
v 0.08882108 0.00840820 -0.06827754
v 0.08758742 0.00718862 -0.06707054
v 0.07795845 0.00792409 -0.05074915
v 0.07963793 0.00927593 -0.05276454
v 0.07979342 0.00769420 -0.05369462
v 0.07937621 0.00651815 -0.05296712
v 0.07696009 -0.03764581 -0.04803179
v 0.07006961 -0.02598003 -0.05741669
v 0.07176208 -0.02555743 -0.05901716
v 0.07439277 -0.02136581 -0.06176305
v 0.07279370 -0.02021141 -0.06228388
v 0.06996501 -0.03426925 -0.03847298
v 0.07336529 -0.03434166 -0.03842930
v 0.07399829 -0.03555625 -0.03940200
v 0.07072392 -0.03684029 -0.03978495
v 0.08059720 0.01239426 -0.05288776
v 0.08264425 0.01171840 -0.05468003
v 0.08094128 0.01088808 -0.05417735
v 0.07966460 0.01131771 -0.05277303
v 0.08736298 -0.00046315 -0.06745894
v 0.08673521 0.00577554 -0.06510278
v 0.08673794 -0.00962145 -0.06258607
v 0.08685553 -0.00920225 -0.06550949
v 0.08655720 -0.01329109 -0.06387367
v -0.02872536 -0.04824503 -0.11299509
v -0.01383981 -0.04805407 -0.11716032
v -0.01370913 -0.05919275 -0.11474082
v -0.02747295 -0.06219457 -0.10933468
v 0.08588841 -0.01354259 -0.06118684
v 0.08647305 -0.00164195 -0.06244281
v 0.08688731 -0.00150485 -0.06565046
v 0.09015725 0.00632184 -0.06637162
v 0.09037074 0.00064257 -0.06756516
v 0.08952789 0.00710062 -0.06727859
v 0.07591501 0.00903944 -0.06113926
v 0.07637702 0.01210404 -0.06491943
v 0.07522828 0.00593369 -0.06689330
v 0.07598181 0.00656705 -0.06269784
v 0.07325138 -0.01783693 -0.04173807
v 0.07421495 -0.01564766 -0.04327286
v 0.07285600 -0.01775223 -0.04503668
v 0.07196600 -0.02034578 -0.04425174
v 0.07517529 -0.02353878 -0.06056684
v 0.07252193 -0.02666519 -0.05830523
v 0.07314766 -0.02737448 -0.05767658
v 0.07581097 -0.02536247 -0.05930931
v 0.08463959 0.01241543 -0.05650139
v 0.08494791 0.00842614 -0.05768263
v 0.08337533 0.00836751 -0.05658155
v 0.07735904 -0.02182519 -0.04972760
v 0.07754453 -0.02061927 -0.05195624
v 0.07906721 -0.02333437 -0.05304254
v 0.07890902 -0.02533045 -0.05099433
v 0.08102483 -0.03355994 -0.05395035
v 0.07848212 -0.03375143 -0.05479300
v 0.07627749 -0.03577631 -0.05138216
v 0.07908193 -0.03582311 -0.05093617
v 0.07279142 -0.02141385 -0.04341182
v 0.07270312 -0.02027422 -0.04153404
v 0.08152095 0.00188923 -0.06724630
v 0.08018815 0.00776604 -0.06457869
v 0.08600556 0.00699193 -0.06153297
v 0.08631488 0.00468488 -0.06301962
v 0.07503197 -0.00535915 -0.04729538
v 0.07341526 -0.00500954 -0.04914624
v 0.07381072 -0.00588596 -0.04897172
v 0.07583398 -0.00678924 -0.04699275
v 0.07492215 -0.00564816 -0.04578425
v 0.07549907 -0.00724608 -0.04559670
v 0.07476336 -0.00723050 -0.04475595
v 0.07436056 -0.00638466 -0.04460040
v 0.07272166 -0.00488446 -0.04948961
v 0.07313902 -0.00514737 -0.04930514
v 0.07324878 -0.00461619 -0.04933169
v 0.07678964 -0.00211483 -0.06026582
v 0.07681049 -0.00947297 -0.06148611
v 0.07588260 -0.01058873 -0.06212126
v 0.07697044 -0.00478889 -0.06003775
v 0.08731473 -0.00815423 -0.06695873
v 0.08278755 0.01574998 -0.04948239
v 0.08189834 0.01864582 -0.04912280
v 0.08437214 0.02114871 -0.05284767
v 0.07195092 -0.01890854 -0.05476263
v 0.07539403 -0.01869989 -0.05209481
v 0.07513582 -0.01876166 -0.05044677
v 0.07252498 -0.01893971 -0.05294443
v 0.07355490 -0.01386404 -0.04816973
v 0.07140126 -0.01684717 -0.04799722
v 0.07477923 -0.01533946 -0.04589954
v 0.07490811 0.00019151 -0.04567234
v 0.07447232 -0.00368932 -0.04827617
v 0.07449339 -0.00455584 -0.04697285
v 0.07441036 -0.00417857 -0.04570750
v 0.08796687 -0.01683318 -0.06605759
v 0.08915992 -0.01161529 -0.06847162
v 0.08757014 -0.01171541 -0.06975304
v 0.08659385 -0.01731345 -0.06742252
v 0.07137402 -0.03012530 -0.03759887
v 0.06653013 -0.03211330 -0.04131178
v 0.07008354 -0.02682959 -0.03829284
v 0.08981915 0.01760457 -0.06313954
v 0.08797894 0.01929904 -0.06340800
v 0.08822479 0.01743549 -0.06547669
v 0.09049300 0.01581942 -0.06509606
v 0.07468795 0.00102067 -0.05332583
v 0.07443725 -0.00099301 -0.05325019
v 0.07501688 0.00016480 -0.05199572
v 0.07462361 0.00232010 -0.05186016
v 0.05172136 -0.03405819 -0.09596191
v 0.06005717 -0.03386332 -0.07729688
v 0.06400009 -0.02028973 -0.08549236
v 0.05670807 -0.02053461 -0.10114353
v 0.08186909 -0.03040277 -0.05305891
v 0.08112222 -0.03251172 -0.05042992
v 0.07689125 0.00773956 -0.04410983
v 0.07624783 0.00951266 -0.04323159
v 0.07658245 0.01509505 -0.04501538
v 0.07780841 0.01186594 -0.04502219
v 0.08936428 0.00253972 -0.07186630
v 0.09159636 0.00188310 -0.07065582
v 0.08011907 0.01232330 -0.05135192
v 0.08227202 0.01500442 -0.05417680
v 0.08076274 0.01305219 -0.05310186
v 0.07952051 0.01169506 -0.05156282
v 0.07961775 0.00441025 -0.04865324
v 0.08024310 0.00567344 -0.04854060
v 0.07844994 0.00653072 -0.04878015
v 0.07743020 0.00526426 -0.04910621
v 0.07527027 0.01464856 -0.04256071
v 0.07594245 0.01981090 -0.04578592
v 0.06795656 -0.02621155 -0.05705836
v 0.07888642 0.00645446 -0.04591786
v 0.07966587 0.00909571 -0.04619529
v 0.08089883 0.00747058 -0.04841634
v -0.04725081 -0.08602636 -0.09045264
v -0.04191427 -0.07793246 -0.09574737
v -0.03958420 -0.09019896 -0.09938313
v -0.04834118 -0.09423483 -0.09015914
v 0.07115533 -0.02211039 -0.03816138
v 0.07222381 -0.02060620 -0.03997925
v 0.07915570 0.01139636 -0.05137325
v 0.07846121 0.01023731 -0.05132225
v 0.07705134 0.00637127 -0.04972113
v 0.07794406 0.00542268 -0.05206808
v 0.08181237 -0.00101635 -0.05864440
v 0.08296357 -0.00917258 -0.05971271
v 0.06731445 -0.01972206 -0.07161146
v 0.06378456 -0.03233813 -0.05730082
v 0.07732072 0.00694620 -0.04908446
v 0.07754038 0.00743512 -0.04918908
v 0.07685528 0.00674064 -0.04897419
v 0.07637156 0.00592470 -0.04950712
v 0.07983733 -0.03432551 -0.04787459
v 0.08181354 0.00509092 -0.05666969
v 0.07904965 0.00285898 -0.05463016
v 0.08066530 0.00501450 -0.05469128
v 0.09003192 -0.00696477 -0.06714568
v 0.09139747 0.00038926 -0.06739875
v 0.09264972 0.00051487 -0.06875326
v 0.09118177 -0.00715975 -0.06840602
v 0.06806234 -0.03505047 -0.04257878
v 0.07425934 -0.00167791 -0.05449666
v 0.07547215 -0.00308280 -0.05391859
v 0.07641813 0.00399886 -0.05256893
v 0.07567253 0.00501345 -0.04979833
v 0.07218065 -0.01762515 -0.03971395
v 0.08752343 0.01404816 -0.06430420
v 0.08808833 0.01249414 -0.06559975
v 0.08658269 0.01300094 -0.06321204
v 0.08637092 0.01403278 -0.06170658
v 0.08560482 0.01646915 -0.05990002
v 0.08491495 0.01696962 -0.05956158
v 0.08700828 0.01556238 -0.06270580
v 0.07873132 0.00443201 -0.05315188
v 0.07994044 0.00557556 -0.05383312
v 0.07733656 -0.02290929 -0.04793345
v 0.07834272 -0.02854982 -0.04786544
v 0.08551847 -0.01686901 -0.06161139
v 0.08422006 -0.01631446 -0.05903603
v 0.08502935 -0.00627706 -0.07035896
v 0.08483362 0.00239192 -0.07019461
v 0.08319436 0.00210958 -0.06842826
v 0.08389701 -0.00615807 -0.06908442
v 0.07783820 -0.00476268 -0.06659605
v 0.07444138 -0.00404533 -0.06645415
v 0.07396438 -0.00549412 -0.04414020
v 0.07345681 -0.00168123 -0.04217383
v 0.07509069 0.00301064 -0.05172025
v 0.07516704 0.00483053 -0.05024170
v 0.07902487 -0.02108653 -0.06315249
v 0.07544017 -0.02814935 -0.05575536
v 0.07932352 -0.02322553 -0.06130744
v 0.07135218 -0.02846009 -0.05375340
v 0.07115178 -0.02931521 -0.05132785
v 0.07368228 -0.02956312 -0.05288436
v 0.08122354 -0.02084268 -0.05635454
v 0.08347018 -0.01948789 -0.05872095
v 0.07335844 -0.00531328 -0.05010162
v 0.07218451 -0.00689297 -0.05190623
v 0.07152592 -0.00544094 -0.04985895
v 0.08484213 -0.00145521 -0.06053843
v 0.08564120 -0.00937370 -0.06077860
v 0.07997099 0.00790722 -0.04912338
v 0.07711932 -0.00137090 -0.04909329
v 0.07777476 0.00199513 -0.04710764
v 0.08287134 0.01075850 -0.04933840
v 0.08174442 0.00938466 -0.04965908
v 0.08096734 0.00856230 -0.04939470
v 0.08172213 0.00907832 -0.04856103
v 0.06720552 -0.01415739 -0.05189206
v 0.06946562 -0.01587405 -0.04988908
v 0.07106100 -0.01290016 -0.04921012
v 0.08471216 0.01605527 -0.05719538
v 0.08532742 0.01436796 -0.05823043
v 0.08199494 0.00844468 -0.06580706
v 0.08030897 0.00952553 -0.05357683
v 0.08033018 0.00811826 -0.05469320
v 0.07875000 0.02097652 -0.05941994
v 0.07911769 0.01854282 -0.05609720
v 0.07877665 0.01900203 -0.05490323
v 0.07842230 0.02384824 -0.05510283
v 0.07054014 -0.03193296 -0.04778803
v 0.07317270 -0.03174148 -0.05052694
v 0.07284360 -0.03053464 -0.05114080
v 0.07101332 -0.03047469 -0.04926758
v 0.07462038 -0.01882264 -0.04988189
v 0.07258947 -0.01905011 -0.05191883
v 0.08600289 -0.01538962 -0.06454483
v 0.08560969 -0.01633282 -0.06348154
v 0.08669390 -0.01227824 -0.06561101
v 0.08676168 -0.01083476 -0.06657583
v 0.07538299 0.00206257 -0.05678469
v 0.07508831 0.00070678 -0.05537812
v 0.07747466 0.01352505 -0.05777657
v 0.08000702 0.01548128 -0.05899069
v 0.08014205 0.01773560 -0.05582912
v 0.07802754 0.01611463 -0.05583612
v 0.08373205 0.00928295 -0.06762442
v 0.08029171 0.00663284 -0.05455698
v 0.08070206 0.00682142 -0.05529394
v 0.08013201 0.00704423 -0.05408094
v 0.07661270 0.00440394 -0.04947618
v 0.07890540 0.00324611 -0.04951417
v 0.08292606 0.01102299 -0.05052201
v 0.08548838 0.01422882 -0.05297801
v 0.08477820 0.01490001 -0.05434686
v 0.08240264 0.01187096 -0.05072068
v 0.07826158 0.00909996 -0.04966129
v 0.01353580 -0.03585825 -0.12337948
v 0.01528418 -0.02543603 -0.13042618
v -0.03815859 0.04682846 0.03743690
v -0.04564469 0.04573759 0.03205473
v -0.04435175 0.04006283 0.03552386
v -0.03687693 0.04101302 0.03966353
v 0.08069208 0.01847773 -0.04887188
v 0.08072937 0.01989517 -0.05216824
v 0.08185237 0.02067614 -0.05258299
v 0.08131291 0.01913715 -0.04929264
v 0.08633031 0.01291874 -0.06134807
v 0.08884729 0.00955141 -0.06631173
v 0.07662310 -0.00499194 -0.05283767
v 0.07389192 -0.00769338 -0.05349066
v 0.06462491 -0.00849888 -0.05224382
v 0.06491123 -0.00734138 -0.05199448
v 0.06555884 -0.00766248 -0.05299445
v 0.06550398 -0.00853125 -0.05341215
v 0.06898005 -0.01383933 -0.05441684
v 0.07131787 -0.01451406 -0.05343029
v 0.07043868 -0.01592435 -0.05193318
v 0.06853110 -0.01504140 -0.05376086
v 0.06424036 -0.01108332 -0.05288997
v 0.06443552 -0.00968312 -0.05251882
v 0.06516714 -0.01013079 -0.05390045
v 0.06503618 -0.01165302 -0.05472524
v 0.08398589 0.01661650 -0.05560609
v 0.08544739 0.01641776 -0.05762855
v 0.09090638 0.00797237 -0.06482575
v 0.09111287 0.00605498 -0.06610633
v 0.08831689 0.01330793 -0.06352603
v 0.08869497 0.01152247 -0.06484933
v 0.07414288 -0.01297643 -0.04323924
v 0.07517637 -0.01283682 -0.04488606
v 0.07500674 -0.01441975 -0.04483595
v 0.09186588 0.01047478 -0.06447886
v 0.09098683 0.01350446 -0.06643448
v 0.07388453 -0.03007337 -0.03916265
v 0.07280831 -0.03174199 -0.03796185
v 0.04649668 -0.10242173 -0.02411815
v 0.05690291 -0.09747609 -0.03586190
v 0.05643007 -0.10788634 -0.03513552
v 0.04641519 -0.11315894 -0.02409247
v 0.08164244 0.01402958 -0.04825117
v 0.08006298 0.01691172 -0.04817082
v 0.06443327 -0.01302618 -0.05331780
v 0.06448469 -0.01323852 -0.05344965
v 0.06710078 -0.01497197 -0.05312749
v 0.06887758 -0.00918056 -0.05035490
v 0.06530853 -0.00873999 -0.05158965
v 0.06936310 -0.01229147 -0.05421501
v 0.06885777 -0.00713336 -0.05255274
v 0.06868271 -0.00602509 -0.05129380
v 0.07021382 -0.01847258 -0.04889887
v 0.07136025 -0.01927728 -0.05051877
v 0.07283095 -0.01986763 -0.04737628
v 0.06552210 -0.01365730 -0.05500987
v 0.07644222 0.00336066 -0.05474079
v 0.07203785 -0.01192095 -0.05381843
v 0.07340506 -0.01407773 -0.05577539
v 0.07284915 -0.01571849 -0.05483403
v 0.07156298 -0.01364311 -0.05377276
v 0.07991965 -0.02374101 -0.05448656
v 0.07971707 -0.02199229 -0.05459929
v 0.07229752 -0.01815288 -0.05684322
v 0.07526576 -0.01869856 -0.05507368
v 0.07683229 -0.00226588 -0.05289098
v 0.07809816 0.00063153 -0.05054984
v 0.07407795 -0.00519599 -0.05076562
v 0.07208371 -0.00974499 -0.05300846
v 0.07372967 -0.01197911 -0.05537080
v 0.06894093 -0.00808197 -0.05053278
v 0.07210010 -0.00768604 -0.04910297
v 0.07182886 -0.00665817 -0.04938399
v 0.06887274 -0.00713829 -0.05079509
v 0.08205930 0.00830457 -0.05590596
v 0.07878394 0.01502513 -0.04644246
v 0.08073016 0.01166427 -0.04705292
v 0.07951529 0.02548473 -0.07052802
v 0.07740027 0.01700554 -0.07544569
v 0.07820007 0.01745944 -0.06307391
v 0.07001634 -0.01069705 -0.05375703
v 0.06508264 -0.00689308 -0.05204527
v 0.06578948 -0.00745804 -0.05191550
v 0.08580009 -0.01960931 -0.06204487
v 0.07335292 -0.02069652 -0.04675487
v 0.07566587 0.00251201 -0.05007152
v 0.08444331 -0.01121900 -0.06917486
v 0.08363368 -0.01665738 -0.06721866
v 0.07525801 0.00394223 -0.05014271
v 0.07538812 0.00500881 -0.05015612
v 0.07208636 -0.01930872 -0.05144701
v 0.07417197 -0.01940578 -0.04872847
v 0.07571825 0.00524832 -0.04983797
v 0.07555083 -0.01335281 -0.04625625
v 0.08622240 0.00832526 -0.06024292
v 0.07700000 -0.03110599 -0.05528674
v 0.07510898 -0.03254374 -0.05235585
v 0.06571171 -0.00776816 -0.05145674
v 0.06910186 -0.01585475 -0.05139580
v 0.06921873 -0.00880865 -0.05286476
v 0.07429413 -0.00968481 -0.04822659
v 0.07407906 -0.01183948 -0.04796561
v 0.07549691 -0.01109639 -0.04610122
v 0.07613253 -0.01809141 -0.05671570
v 0.07268321 -0.01610470 -0.05883199
v 0.07370022 -0.01522835 -0.06094869
v 0.07798725 -0.01684453 -0.05786172
v 0.08240774 -0.02166331 -0.06482454
v 0.08074332 -0.02612607 -0.06156337
v 0.08304210 -0.02783040 -0.06140739
v 0.08533459 -0.02293799 -0.06475851
v 0.08002584 0.04200858 -0.07897173
v 0.07990332 0.03144544 -0.06378537
v 0.08038588 0.04854952 -0.06772468
v 0.08306548 0.01698198 -0.06341662
v 0.08293577 0.01471854 -0.06487700
v 0.08828443 0.01533530 -0.06717322
v 0.07785004 0.02221140 -0.05034846
v 0.07857621 0.01933565 -0.05363019
v 0.08051300 0.01920754 -0.05216783
v 0.08846215 -0.00673561 -0.07121853
v 0.07593603 0.00396502 -0.04435524
v 0.07805923 0.00406526 -0.04619129
v 0.07799003 -0.01979008 -0.06399415
v 0.07944635 -0.01880721 -0.05511871
v 0.08191627 -0.01795381 -0.05681799
v 0.08850823 0.01662902 -0.05692750
v 0.08660817 0.01455829 -0.05473658
v 0.01180136 -0.11549464 0.00636322
v 0.01152395 -0.12255196 0.00303629
v 0.00835157 -0.00815083 0.05691699
v 0.00938326 -0.00827612 0.05573819
v 0.00779048 -0.00674924 0.05466110
v 0.00743603 -0.00675394 0.05521978
v 0.00895435 -0.01671247 0.05602311
v 0.00820921 -0.01537597 0.05530551
v 0.00953498 -0.01539020 0.05421266
v 0.01065419 -0.01629743 0.05519235
v 0.00663520 -0.00665154 0.05467002
v 0.00559211 -0.00851726 0.05732873
v 0.00663857 -0.00840916 0.05798310
v 0.00697171 -0.00675425 0.05499142
v 0.08875025 0.01975140 -0.05762198
v 0.01323847 -0.01572679 0.05586030
v 0.01186928 -0.01413777 0.05525485
v 0.01229623 -0.01358222 0.05699823
v 0.01469964 -0.01462308 0.05760101
v 0.00509470 -0.01497712 0.06403254
v 0.00626628 -0.01293880 0.06396218
v 0.00525116 -0.01398336 0.06191343
v 0.00514755 -0.01582842 0.06145762
v 0.00842849 -0.01254872 0.06319167
v 0.01037928 -0.01241603 0.06499013
v 0.01232196 -0.01238565 0.06321120
v 0.01015012 -0.01285056 0.06160139
v 0.00557602 -0.01237215 0.05744071
v 0.00653008 -0.01436953 0.05855645
v 0.00482718 -0.01169639 0.06059811
v 0.01166213 -0.01162132 0.05565405
v 0.01138527 -0.01256202 0.05442204
v 0.00947255 -0.00917547 0.05444084
v 0.00968246 -0.00888435 0.05434994
v 0.04892323 -0.08512314 -0.02400436
v 0.05781909 -0.08311681 -0.03747157
v 0.03406887 0.00767372 0.03563402
v 0.03331293 0.00458440 0.03627408
v 0.02952856 0.00596956 0.03718247
v 0.03041784 0.00868350 0.03662087
v 0.07561811 -0.00901295 -0.04530103
v 0.07472873 -0.00825430 -0.04435280
v 0.08292330 0.01213214 -0.06621949
v 0.08691250 0.01467296 -0.06313580
v 0.08338299 0.01851892 -0.06159632
v 0.08284862 0.02011489 -0.05705166
v 0.08129038 0.01890399 -0.05637015
v 0.08140662 0.01703968 -0.06020944
v 0.09036975 0.01407706 -0.06152768
v 0.07452293 -0.02207547 -0.04621103
v 0.08338113 0.00437180 -0.05861622
v 0.08234520 0.02064134 -0.05465489
v 0.08549745 0.02172978 -0.05512036
v 0.08846057 -0.00655763 -0.06705247
v 0.09111214 0.01273467 -0.06316733
v 0.08993727 0.01113873 -0.06211866
v 0.08391520 0.01271762 -0.05000486
v 0.07625171 -0.01255819 -0.06196132
v 0.08184191 -0.01253399 -0.05929426
v 0.08010473 -0.01522603 -0.05863523
v -0.09151451 0.01183130 -0.06880739
v -0.09167428 0.00941716 -0.06997968
v -0.09232623 0.00759036 -0.06814885
v -0.09213080 0.00956468 -0.06676713
v -0.08847555 -0.00547244 -0.06873357
v -0.08868616 0.00145004 -0.06993435
v -0.08957069 0.00401012 -0.07051712
v -0.09012707 0.00178683 -0.06967169
v 0.07536832 -0.01446121 -0.06173229
v 0.07479459 -0.00040357 -0.05506899
v 0.07203034 -0.01682683 -0.03757239
v 0.07987121 -0.02811793 -0.05140983
v -0.08836638 -0.01560801 -0.06550315
v -0.08725902 -0.01506696 -0.06535769
v -0.08841676 -0.01047602 -0.06700619
v -0.08995380 -0.01084787 -0.06749627
v 0.08076733 -0.02695104 -0.05388364
v 0.02994356 -0.03534019 -0.11769309
v 0.03353924 -0.02410899 -0.12401465
v 0.09035163 -0.00698039 -0.07005492
v 0.08440134 0.01693979 -0.05684176
v 0.07624221 -0.02260423 -0.04713145
v 0.07645714 -0.02801243 -0.04473949
v 0.07508601 -0.02715800 -0.04326148
v 0.08049530 0.00727753 -0.05523701
v 0.07722797 -0.01847649 -0.06400215
v 0.07708396 -0.01629242 -0.06537643
v 0.06570587 -0.00706677 -0.05268822
v 0.07983419 -0.02458005 -0.06123561
v 0.07635847 -0.02951507 -0.05544912
v 0.06059203 -0.08029659 -0.05148713
v 0.05738483 -0.07745568 -0.06767870
v -0.07580572 -0.03649068 -0.04081630
v -0.07842461 -0.03337116 -0.04350463
v -0.07834100 -0.03626176 -0.04498071
v -0.07360551 -0.03788719 -0.04336910
v 0.05836600 -0.08939969 -0.06521787
v 0.06094553 -0.09320824 -0.04984371
v 0.07238000 -0.00326455 -0.03896266
v 0.07289753 -0.01033627 -0.04126979
v 0.07253529 -0.01141756 -0.03949732
v 0.02562844 -0.10544141 -0.00036714
v 0.02276384 -0.11824716 -0.00313918
v 0.07135503 -0.01599988 -0.03421438
v 0.06990677 -0.01633179 -0.02278501
v 0.07134494 -0.00062944 -0.02316021
v 0.07142179 -0.00621779 -0.03367316
v 0.05899644 0.03010090 0.01355523
v 0.06027141 0.03038189 0.00877988
v 0.06124078 0.02149548 0.00891399
v 0.05932020 0.02287163 0.01278714
v 0.01846649 0.08467142 0.02665608
v 0.00887215 0.08583514 0.02876206
v 0.00888644 0.09272148 0.02398680
v 0.01879187 0.09149346 0.02166817
v 0.03541956 -0.01564912 -0.12770359
v 0.03723678 -0.00492078 -0.13182054
v 0.01736566 -0.00774274 -0.13894238
v 0.01626895 -0.01766403 -0.13431151
v 0.01900491 0.10939544 0.00157899
v 0.00882156 0.11087804 0.00393531
v 0.00896073 0.11629147 -0.00534971
v -0.07033122 -0.03646753 -0.04483320
v -0.07426202 -0.03661927 -0.04922572
v -0.07370556 -0.03335212 -0.05062015
v -0.07054584 -0.03357299 -0.04743585
v 0.01935303 0.11457691 -0.00738933
v 0.05133572 0.00404726 0.02659834
v 0.05310544 -0.00216314 0.02686169
v 0.04935796 -0.00259859 0.02996349
v 0.04828136 0.00381135 0.02927744
v 0.07664844 -0.03247510 -0.04157071
v 0.07548992 -0.03133759 -0.04055653
v -0.08708861 0.02028618 -0.05629361
v -0.08772742 0.01657541 -0.05582798
v -0.08664673 0.01536676 -0.05404012
v -0.08575605 0.01902347 -0.05416529
v -0.07406937 -0.01100166 -0.06579889
v -0.07236394 -0.01730657 -0.06427993
v -0.07835004 -0.01254002 -0.06665350
v -0.07881927 -0.00989343 -0.06691999
v 0.00916481 0.12103028 -0.01638460
v 0.01984539 0.11915043 -0.01806339
v 0.01352782 0.01567224 0.04374521
v -0.08598380 0.01089167 -0.06309139
v -0.08658786 0.01152846 -0.06576653
v -0.08704273 0.00959555 -0.06682601
v -0.08625812 0.00832569 -0.06468546
v -0.08863565 0.01326509 -0.06965335
v -0.08874531 0.01057259 -0.07103242
v -0.07458707 -0.02719810 -0.04135093
v -0.07328034 -0.02376736 -0.04107913
v -0.07371919 -0.02214197 -0.04237861
v -0.07440676 -0.02318629 -0.04358365
v -0.07617598 -0.01090068 -0.05827592
v -0.07763288 -0.00636326 -0.05580618
v -0.08498599 -0.02592319 -0.06051529
v -0.08519360 -0.02412029 -0.05934853
v -0.08716291 -0.02004674 -0.06252594
v -0.08699243 -0.02138582 -0.06414168
v 0.01378774 0.01760499 0.04110466
v 0.01726384 0.01418982 0.03962147
v 0.01694959 0.01205212 0.04155900
v 0.00694017 0.05963207 0.04146909
v 0.00776780 0.06661100 0.03728952
v 0.01606134 0.06642285 0.03601187
v 0.01490174 0.05958815 0.04070657
v 0.02147044 0.01158494 0.03825091
v 0.02076044 0.00952236 0.03965670
v 0.00882148 0.09928551 0.01800244
v 0.01890320 0.09802233 0.01554846
v 0.01963619 0.12654085 -0.06654214
v -0.08251497 -0.02248632 -0.05763608
v -0.08472884 -0.01945949 -0.06094963
v -0.08530384 -0.01868189 -0.06287403
v -0.08467038 -0.02099674 -0.06079605
v 0.01994723 0.12646870 -0.05843718
v 0.00894135 0.12918869 -0.05874644
v -0.08765693 0.01346365 -0.06402336
v -0.08635949 0.01554835 -0.05921320
v -0.08812763 0.01448413 -0.05776666
v -0.08972484 0.01252330 -0.06181386
v 0.01011627 0.12862633 -0.07095908
v 0.06923369 -0.00193571 -0.09250717
v 0.07239880 -0.00367043 -0.07706002
v 0.07525508 0.00839872 -0.07817308
v 0.07328098 0.01477289 -0.09468953
v 0.03546513 -0.09803191 -0.01101819
v 0.03367243 -0.11083893 -0.01336922
v -0.08005030 0.00192782 -0.06636510
v -0.07840150 0.00677028 -0.06425363
v -0.07781146 0.00593154 -0.06400509
v -0.07926898 0.00166441 -0.06607214
v -0.08848486 0.01076614 -0.06817189
v -0.08887786 0.00864017 -0.06930404
v -0.08749270 0.00735722 -0.06810398
v -0.07850341 0.00752580 -0.05224481
v -0.08028816 0.00886108 -0.05436229
v -0.07987205 0.00743707 -0.05530651
v -0.08002485 0.00614157 -0.05447950
v -0.07735769 -0.03678104 -0.04884750
v -0.07092537 -0.02595193 -0.05793536
v -0.07250152 -0.02530323 -0.05954069
v -0.07534256 -0.02104707 -0.06226683
v -0.07386175 -0.02004653 -0.06271327
v 0.05050537 0.05036195 0.02013844
v 0.05329784 0.05572539 0.01569429
v 0.05613807 0.04882497 0.01206717
v 0.05388658 0.04478741 0.01734802
v 0.00522305 0.04825692 0.04672179
v 0.01244135 0.04828132 0.04678544
v 0.01066285 0.04227080 0.04698909
v 0.00472082 0.04207939 0.04718386
v -0.07082672 -0.03467156 -0.03930093
v -0.07446606 -0.03454267 -0.03902195
v -0.07504044 -0.03557149 -0.04009527
v -0.07156671 -0.03674475 -0.04052892
v 0.05914489 0.01571515 0.01336148
v 0.06160901 0.01285257 0.01063401
v 0.06042772 0.00498499 0.01571517
v 0.05751312 0.00881469 0.01770483
v 0.05395388 0.00502688 0.02375814
v -0.08090398 0.01210366 -0.05448152
v -0.08245052 0.01154007 -0.05638740
v -0.08095194 0.01070636 -0.05582677
v -0.08010636 0.01101335 -0.05432450
v 0.05610103 -0.00082924 0.02359372
v -0.08762158 -0.00030119 -0.06832164
v -0.08659593 0.00590978 -0.06611521
v 0.01778267 0.07546227 0.03240453
v 0.00857913 0.07623654 0.03388319
v 0.05840108 0.03986722 0.00964377
v 0.05688527 0.03773981 0.01488915
v 0.01077312 0.01866649 0.04594519
v 0.01145086 0.02031405 0.04272535
v 0.00855236 0.02388726 0.04423446
v -0.08736286 -0.00935970 -0.06298077
v -0.08714760 -0.00892101 -0.06605054
v -0.08716250 -0.01298307 -0.06425085
v -0.08689413 -0.01325222 -0.06142190
v 0.00463053 0.02356547 0.05000365
v 0.00428557 0.02725324 0.04787054
v 0.00750969 0.02723718 0.04454647
v 0.03112489 0.05857738 0.03380005
v 0.03247014 0.06509902 0.02925016
v 0.04018860 0.06363925 0.02459929
v 0.03841802 0.05725844 0.02875732
v 0.01892982 0.10383894 0.00902418
v -0.08709820 -0.00158245 -0.06302399
v -0.08716452 -0.00135815 -0.06634802
v 0.00877179 0.10519028 0.01148002
v 0.00415110 0.03560553 0.04639537
v 0.00836981 0.03582173 0.04457210
v 0.00762540 0.03265378 0.04373446
v -0.09037735 0.00680441 -0.06727461
v -0.09084196 0.00108201 -0.06829039
v -0.08969745 0.00747688 -0.06821037
v -0.07658068 0.00939941 -0.06162903
v -0.07692860 0.01253385 -0.06540120
v -0.07642333 0.00649710 -0.06732301
v -0.07684537 0.00710770 -0.06327665
v 0.00412260 0.03268130 0.04619113
v 0.02503993 0.00752389 0.03827370
v 0.02582420 0.00989930 0.03756540
v 0.06707186 -0.03129422 -0.04781870
v 0.06875263 -0.03266273 -0.04624296
v 0.07344004 0.01495536 -0.03653216
v 0.07215597 0.00429342 -0.03469670
v 0.07170364 0.01231407 -0.02440949
v 0.07200968 0.02535251 -0.02643396
v 0.07411973 0.03782190 -0.02985185
v 0.07503082 0.04540694 -0.03469691
v 0.07678766 0.02933799 -0.04190345
v 0.07522611 0.02404008 -0.03863233
v 0.05362083 -0.08688185 -0.07879510
v 0.05083051 -0.07632513 -0.08244123
v 0.00487955 0.02047854 0.05265941
v 0.00479670 0.01738085 0.05513378
v 0.01964258 0.03529646 -0.14850470
v -0.07350719 -0.01801749 -0.04311500
v -0.07458443 -0.01581057 -0.04467890
v -0.07313269 -0.01781569 -0.04621982
v -0.07293589 -0.02059839 -0.04529824
v 0.01905965 0.02140132 -0.14717354
v 0.03961150 0.02542147 -0.13867964
v 0.03990672 0.03870735 -0.13957176
v 0.06613911 -0.01263733 -0.08907035
v -0.07603146 -0.02312048 -0.06108361
v -0.07322802 -0.02632748 -0.05877655
v -0.07373738 -0.02704989 -0.05821414
v -0.07631025 -0.02475188 -0.05976374
v 0.06979129 -0.01230030 -0.07474960
v 0.01075587 -0.01081215 0.05763489
v 0.00764829 -0.00649415 0.05393823
v 0.00840247 -0.00944942 0.05478889
v 0.00774570 -0.00647694 0.05390720
v 0.01160197 -0.01316954 0.05953510
v 0.01419949 -0.01301718 0.06079232
v 0.00882841 -0.01366101 0.05381099
v 0.00775907 -0.01364266 0.05425420
v 0.00770317 -0.00924765 0.05505519
v 0.00792457 -0.00650670 0.05404510
v 0.00188468 -0.01585592 0.06622715
v 0.00246531 -0.01437707 0.06908051
v 0.00665770 -0.01347828 0.06799574
v 0.00507568 -0.01501701 0.06600861
v 0.00687471 -0.00649084 0.05465959
v 0.00587009 -0.00905251 0.05615051
v 0.00563716 -0.01099277 0.06196783
v 0.00744094 -0.00823303 0.05777970
v 0.00718978 -0.00672073 0.05516004
v 0.00763182 -0.01060837 0.06106194
v 0.00649645 -0.01641541 0.05893037
v 0.00925866 -0.01058952 0.05956608
v -0.08411286 0.01239122 -0.05819578
v -0.08451574 0.00817385 -0.05930616
v -0.08311179 0.00812243 -0.05825550
v -0.07853960 -0.02180887 -0.05060075
v -0.07897341 -0.02055940 -0.05263017
v -0.08009677 -0.02316549 -0.05375488
v -0.07968799 -0.02516630 -0.05190939
v 0.07799808 -0.01972799 -0.05372469
v 0.05860094 -0.06453337 -0.03326057
v 0.06195847 -0.04992555 -0.04113173
v 0.06124405 -0.05123642 -0.04632344
v -0.08099337 -0.03252916 -0.05465145
v -0.07847120 -0.03296151 -0.05570012
v -0.07655970 -0.03514280 -0.05229845
v -0.07928842 -0.03491474 -0.05178838
v -0.07427853 -0.02174832 -0.04440571
v -0.07337371 -0.02065011 -0.04285019
v -0.08182328 0.00241484 -0.06810011
v -0.08115266 0.00802392 -0.06532016
v 0.05951840 -0.06645360 -0.04185816
v 0.08201138 0.00679801 -0.05639666
v 0.06459618 0.05641580 -0.00575483
v 0.06596826 0.06753124 -0.01465592
v 0.07168313 0.05662514 -0.02602303
v -0.08578966 0.00684886 -0.06273402
v -0.08631070 0.00472709 -0.06397641
v 0.07152065 0.04677474 -0.02151495
v 0.06657082 0.07746229 -0.02225164
v 0.07202470 0.06728057 -0.03294979
v 0.07571585 0.05564679 -0.04238035
v 0.07880861 0.03504808 -0.05562286
v 0.04215657 0.02008947 0.03250317
v 0.04225128 0.01996582 0.03258630
v 0.04064343 0.01974363 0.03391395
v -0.07612908 -0.00548116 -0.04862672
v -0.07455076 -0.00512412 -0.05042630
v -0.07486683 -0.00596184 -0.05025298
v -0.07681484 -0.00689926 -0.04832597
v 0.04068730 0.01981158 0.03378406
v 0.04182347 0.02018879 0.03191914
v 0.04016338 0.01986909 0.03300745
v -0.07599963 -0.00580750 -0.04712461
v -0.07650451 -0.00737878 -0.04694590
v -0.07575826 -0.00739077 -0.04611530
v -0.07540557 -0.00658930 -0.04597581
v 0.04275674 0.02051361 0.03093460
v 0.04321885 0.02027556 0.03142232
v 0.04342904 0.02009783 0.03150249
v 0.02444775 0.02164500 0.03604342
v 0.02526602 0.02194151 0.03552832
v 0.02782583 0.02091597 0.03559935
v 0.02709054 0.02090877 0.03664550
v 0.02418700 0.02138993 0.03641835
v 0.02696803 0.02058239 0.03696018
v -0.07388822 -0.00494423 -0.05073677
v -0.07427155 -0.00522611 -0.05057054
v -0.07443368 -0.00471434 -0.05061359
v -0.07734875 -0.00196424 -0.06184801
v -0.07826387 -0.00940353 -0.06239099
v -0.07735550 -0.01049909 -0.06279405
v -0.07819167 -0.00461241 -0.06120790
v 0.02850102 0.02342199 0.02996782
v 0.02800819 0.02370451 0.02991511
v -0.08756903 -0.00784196 -0.06767121
v 0.02927142 0.02304661 0.03007524
v 0.02265602 0.02310171 0.03404107
v 0.02275282 0.02405071 0.03388202
v -0.08369165 0.01542940 -0.05049891
v -0.08280243 0.01821664 -0.05006107
v -0.08528033 0.02075808 -0.05384518
v 0.02771339 0.02441759 0.02989913
v 0.02769519 0.02387885 0.02989316
v 0.02299470 0.02285347 0.03424032
v -0.07341082 -0.01892289 -0.05572315
v -0.07681758 -0.01867310 -0.05303962
v -0.07597338 -0.01863216 -0.05145850
v -0.07384146 -0.01903678 -0.05390263
v -0.07409795 -0.01389016 -0.04932090
v -0.07182462 -0.01688072 -0.04901461
v -0.07518039 -0.01540443 -0.04714966
v -0.07583490 -0.00007679 -0.04710184
v -0.07554098 -0.00379278 -0.04946656
v -0.07562067 -0.00470791 -0.04829251
v -0.07550872 -0.00440605 -0.04708603
v -0.08837846 -0.01625175 -0.06686468
v -0.08944862 -0.01103588 -0.06917031
v -0.08791864 -0.01116056 -0.07067852
v -0.08690291 -0.01672899 -0.06835727
v 0.02138020 0.02269635 0.03423375
v 0.02039372 0.02285783 0.03383216
v -0.07233918 -0.03074252 -0.03854435
v -0.06688562 -0.03278460 -0.04248210
v -0.07132979 -0.02774565 -0.03963096
v -0.09034597 0.01778340 -0.06404854
v -0.08847277 0.01936617 -0.06424321
v -0.08867557 0.01759593 -0.06636481
v -0.09087071 0.01608510 -0.06603965
v -0.07580048 0.00094644 -0.05457297
v -0.07564298 -0.00102044 -0.05450122
v -0.07603233 -0.00002304 -0.05326363
v -0.07574414 0.00213271 -0.05316111
v 0.02045169 0.02422123 0.03383917
v 0.03216362 0.01944326 0.03695661
v 0.03231326 0.01864200 0.03690962
v 0.02754667 0.01907195 0.03714011
v 0.02720338 0.01996445 0.03711729
v 0.03202272 0.01994700 0.03685350
v 0.03549438 0.01991864 0.03591591
v 0.03553421 0.01944193 0.03599984
v 0.03558179 0.01864966 0.03589948
v -0.05290845 -0.03379010 -0.09609470
v -0.06090847 -0.03362685 -0.07765328
v -0.06504361 -0.01984697 -0.08577633
v -0.05794526 -0.02011208 -0.10129248
v -0.08217805 -0.02968714 -0.05378770
v -0.08147029 -0.03184053 -0.05128393
v -0.07754630 0.00724362 -0.04585964
v -0.07699528 0.00895470 -0.04450186
v -0.07747274 0.01455289 -0.04594766
v -0.07837377 0.01140814 -0.04637740
v 0.02425905 0.02006707 0.03696425
v 0.02419822 0.02098013 0.03674085
v 0.03553415 0.01795077 0.03579172
v 0.03248073 0.01794545 0.03673798
v -0.08955605 0.00312619 -0.07298294
v -0.09191430 0.00248990 -0.07159209
v 0.02775188 0.01837492 0.03703436
v 0.02424607 0.01960501 0.03705478
v 0.02152907 0.02092163 0.03650138
v 0.02264528 0.02115056 0.03655899
v 0.03254397 0.01694509 0.03637692
v 0.03264863 0.01616605 0.03639302
v 0.02778632 0.01676543 0.03685461
v 0.02778335 0.01746867 0.03668055
v -0.08056714 0.01197243 -0.05297013
v -0.08210102 0.01495840 -0.05583866
v -0.08073169 0.01281246 -0.05474090
v -0.07988775 0.01133348 -0.05318621
v -0.08035947 0.00406526 -0.05048621
v -0.08094674 0.00526524 -0.05039570
v -0.07916161 0.00609931 -0.05058920
v -0.07825036 0.00485157 -0.05083075
v 0.03560316 0.01700862 0.03530341
v 0.03569819 0.01604289 0.03520602
v -0.07616013 0.01392575 -0.04337793
v -0.07678825 0.01900772 -0.04643820
v 0.04457965 0.02002838 0.02976389
v 0.04512056 0.02046696 0.02886400
v 0.04503586 0.01987794 0.02890738
v -0.06878322 -0.02627924 -0.05748379
v 0.04466995 0.01952272 0.02938302
v 0.04699404 0.01673822 0.02556082
v 0.04820850 0.01796166 0.02485941
v 0.04958247 0.01704004 0.02313792
v -0.07949840 0.00607066 -0.04782672
v -0.08020326 0.00866117 -0.04802608
v -0.08143498 0.00711127 -0.05026904
v -0.07199904 -0.02299031 -0.03974972
v -0.07278880 -0.02121395 -0.04152340
v -0.07962658 0.01104881 -0.05292654
v -0.07907054 0.00988556 -0.05277651
v -0.07779308 0.00593528 -0.05125508
v -0.07875824 0.00515281 -0.05342785
v 0.04831666 0.01577417 0.02446673
v -0.08290724 -0.00115950 -0.05948752
v -0.08404339 -0.00898190 -0.05997304
v 0.05598532 0.00647128 0.02042771
v 0.05024564 0.01275326 0.02372939
v 0.05172222 0.01402583 0.02152084
v 0.04406048 0.01993064 0.03055739
v 0.04341028 0.01973606 0.03149364
v 0.04402970 0.02020695 0.03057643
v 0.04452027 0.02046689 0.02964838
v 0.04412526 0.01924082 0.03020563
v 0.04342599 0.01908642 0.03122941
v 0.04227976 0.01966230 0.03256765
v 0.04227820 0.01898780 0.03239504
v 0.04060875 0.01875973 0.03375733
v 0.04057196 0.01949083 0.03390970
v 0.03844261 0.01944197 0.03502416
v -0.06815290 -0.01922953 -0.07208115
v -0.06449158 -0.03265766 -0.05777735
v 0.03876285 0.01979602 0.03489371
v 0.03847679 0.01863375 0.03486602
v 0.04067431 0.01807482 0.03340615
v 0.03854705 0.01794591 0.03465852
v 0.04223990 0.01825649 0.03191521
v 0.04347277 0.01844857 0.03073497
v 0.04423747 0.01871739 0.02966605
v 0.04493537 0.01901441 0.02885237
v 0.04543177 0.01957646 0.02828814
v 0.04472455 0.01802815 0.02901971
v 0.04529431 0.01714924 0.02802958
v 0.04412274 0.01678715 0.02947896
v 0.04380188 0.01771938 0.03019858
v 0.04553287 0.01841477 0.02802075
v 0.04622878 0.01761888 0.02679129
v -0.07803262 0.00648206 -0.05080983
v -0.07819142 0.00695928 -0.05085924
v -0.07765236 0.00627655 -0.05054614
v -0.07723723 0.00545387 -0.05114447
v 0.04263938 0.01750008 0.03145451
v 0.04279476 0.01660735 0.03095094
v 0.04081421 0.01638825 0.03248625
v 0.04075528 0.01726279 0.03295528
v -0.08056721 -0.03377974 -0.04875403
v -0.08196391 0.00494671 -0.05797127
v -0.07980382 0.00267601 -0.05579260
v -0.08099676 0.00482930 -0.05604704
v 0.03863673 0.01711542 0.03422183
v 0.03878499 0.01614543 0.03381392
v -0.09026626 -0.00639991 -0.06739634
v -0.09193096 0.00091332 -0.06761356
v -0.09304288 0.00110705 -0.06908940
v -0.09139763 -0.00647468 -0.06872693
v 0.03198922 0.02000931 0.03664384
v 0.03171416 0.02016881 0.03556264
v 0.03515804 0.01986581 0.03500126
v 0.03549585 0.01987463 0.03570989
v 0.03879438 0.01974099 0.03476572
v -0.06853630 -0.03535185 -0.04351899
v -0.07569198 -0.00165377 -0.05566546
v -0.07702027 -0.00304866 -0.05518116
v 0.03806997 0.01985507 0.03416885
v 0.03496480 0.01978547 0.03388317
v 0.03343445 0.02212279 0.02978680
v 0.03477400 0.02211020 0.02938717
v 0.03777752 0.01973685 0.03311728
v -0.07746331 0.00369355 -0.05385527
v -0.07660319 0.00458054 -0.05128628
v 0.03184662 0.02014404 0.03441625
v 0.03190036 0.02225493 0.03007576
v 0.02859479 0.02103995 0.03445919
v -0.07281294 -0.01815426 -0.04123435
v 0.03039736 0.02264130 0.03014177
v 0.02593677 0.02186133 0.03475616
v 0.03371789 0.03184591 0.03663273
v 0.03346921 0.03172509 0.03697743
v 0.03927113 0.03061872 0.03628349
v 0.03886769 0.03067849 0.03593990
v 0.05024733 -0.00153993 -0.12123500
v 0.05175377 0.01365041 -0.12636492
v 0.03906935 0.00914066 -0.13609116
v 0.04104681 0.02831220 0.03544636
v 0.04101699 0.02911754 0.03513252
v 0.04352431 0.02790786 0.03330406
v 0.04333139 0.02711597 0.03345208
v 0.04105186 0.02729770 0.03564702
v -0.08727725 0.01418759 -0.06574131
v -0.08802543 0.01264943 -0.06689309
v -0.08625202 0.01305037 -0.06472907
v -0.08605844 0.01408377 -0.06326872
v -0.08530934 0.01651991 -0.06150969
v -0.08475708 0.01696330 -0.06106225
v -0.08668967 0.01566108 -0.06421921
v -0.07945266 0.00421225 -0.05436541
v -0.08029072 0.00537036 -0.05527674
v 0.04312347 0.02605454 0.03354059
v 0.03837428 0.02853936 0.03765072
v -0.07852452 -0.02298341 -0.04895075
v -0.07913915 -0.02834352 -0.04879449
v -0.08622371 -0.01647556 -0.06198397
v -0.08586077 -0.01613919 -0.05904979
v -0.08531030 -0.00570403 -0.07126537
v -0.08528415 0.00287304 -0.07123654
v -0.08376529 0.00257473 -0.06927216
v -0.08416762 -0.00555876 -0.06990403
v 0.03845084 0.02964009 0.03740264
v 0.03844349 0.03039305 0.03662455
v 0.04214404 0.02531160 0.02930966
v 0.04139278 0.02600991 0.03006651
v -0.07875290 -0.00426375 -0.06699980
v -0.07565142 -0.00354442 -0.06668936
v -0.07509155 -0.00574774 -0.04546236
v -0.07444479 -0.00203130 -0.04350910
v -0.07618127 0.00273764 -0.05313432
v -0.07631378 0.00438554 -0.05169623
v -0.07978875 -0.02059022 -0.06372550
v -0.07590496 -0.02776060 -0.05641278
v -0.07992097 -0.02269110 -0.06200996
v -0.07193211 -0.02848454 -0.05446297
v -0.07163797 -0.02940516 -0.05216668
v -0.07407697 -0.02939083 -0.05370163
v 0.04195191 0.02562858 0.03155015
v 0.04300075 0.02501381 0.03017228
v 0.04288284 0.02468424 0.02863254
v 0.04370624 0.02455117 0.02916546
v 0.03756956 0.02460819 0.02717001
v 0.03722891 0.02489138 0.02750323
v 0.03673289 0.02521490 0.02796606
v -0.08282211 -0.02071446 -0.05643664
v -0.08457801 -0.01918461 -0.05906884
v 0.03775371 0.02429957 0.02696666
v -0.07456060 -0.00535638 -0.05122367
v -0.07349191 -0.00691449 -0.05303875
v -0.07266907 -0.00542885 -0.05107083
v -0.08570787 -0.00160487 -0.06107691
v -0.08661462 -0.00923148 -0.06111851
v -0.08052633 0.00747912 -0.05102395
v 0.03781702 0.02395907 0.02687298
v -0.07819749 -0.00147988 -0.05051046
v -0.07860494 0.00178346 -0.04880081
v -0.08357044 0.01041299 -0.05101430
v -0.08228137 0.00896811 -0.05154939
v -0.08142127 0.00816559 -0.05132127
v -0.08221033 0.00872515 -0.05042056
v -0.06807155 -0.01414652 -0.05277429
v -0.07026325 -0.01589010 -0.05083571
v -0.07184775 -0.01289011 -0.05021965
v 0.03776775 0.02360041 0.02685483
v 0.03770700 0.02328217 0.02699047
v 0.05793991 -0.00965308 0.02098399
v 0.05848625 0.00124798 0.01980123
v -0.08447427 0.01609517 -0.05881124
v -0.08498549 0.01441069 -0.05981923
v -0.08233735 0.00887115 -0.06673383
v 0.06077820 -0.00702608 0.01674937
v 0.04378980 0.02049625 0.03044188
v -0.08077423 0.00914487 -0.05523962
v -0.08031889 0.00794452 -0.05632277
v 0.04431163 0.02084122 0.02954465
v -0.07902215 0.02068287 -0.05974916
v -0.07952108 0.01817495 -0.05659229
v -0.07922151 0.01856543 -0.05551950
v -0.07876061 0.02324563 -0.05553855
v 0.04328895 0.02079062 0.03007131
v -0.07089095 -0.03202413 -0.04871515
v -0.07349741 -0.03160840 -0.05150322
v -0.07321949 -0.03045354 -0.05203846
v -0.07137005 -0.03059754 -0.05011069
v -0.07537197 -0.01874555 -0.05091960
v -0.07381172 -0.01917521 -0.05287310
v 0.04375536 0.02123653 0.02930911
v -0.08644719 -0.01505763 -0.06518177
v -0.08609568 -0.01596298 -0.06401122
v -0.08704061 -0.01193658 -0.06619589
v -0.08713685 -0.01049796 -0.06723270
v 0.04485275 0.02142145 0.02869833
v 0.04519773 0.02108862 0.02861568
v 0.04121703 0.02023298 0.03124317
v 0.03666886 0.02229219 0.02845818
v 0.03713292 0.02244536 0.02800401
v -0.07623534 0.00183499 -0.05773916
v -0.07602777 0.00068949 -0.05660242
v -0.07823810 0.01332507 -0.05841457
v -0.08063119 0.01525821 -0.05969664
v -0.08059882 0.01745652 -0.05665586
v -0.07874823 0.01581418 -0.05657370
v -0.08404372 0.00973203 -0.06852850
v 0.04197636 0.02073770 0.03034115
v 0.03964822 0.01992148 0.03216336
v 0.03581995 0.02219132 0.02893013
v 0.03743894 0.02270325 0.02765875
v 0.03762722 0.02293983 0.02726054
v -0.08044571 0.00641200 -0.05606509
v -0.08070947 0.00659470 -0.05683450
v 0.04234718 0.02113977 0.02963195
v -0.08027502 0.00681059 -0.05561602
v 0.04278707 0.02162682 0.02887833
v 0.04411371 0.02193645 0.02871932
v -0.07754688 0.00402967 -0.05106336
v -0.07975668 0.00297134 -0.05123892
v -0.08320954 0.01073090 -0.05236518
v -0.08557416 0.01416032 -0.05459718
v -0.08464582 0.01480389 -0.05607163
v -0.08270429 0.01154273 -0.05248072
v 0.04317924 0.02278712 0.02800753
v 0.04325590 0.02341594 0.02805095
v 0.04420956 0.02247561 0.02848858
v -0.07891407 0.00866499 -0.05120320
v 0.04427513 0.02314486 0.02844098
v 0.04305063 0.02225650 0.02826057
v -0.01524767 -0.03577963 -0.12336428
v -0.01703600 -0.02532950 -0.13040994
v 0.04315567 0.02405122 0.02822719
v 0.04410956 0.02378476 0.02870129
v 0.04539519 0.02052795 0.02843090
v 0.04548058 0.02146361 0.02826836
v 0.04582260 0.02250328 0.02767628
v 0.04581796 0.02047988 0.02788677
v -0.08163182 0.01793004 -0.04974215
v -0.08158638 0.01941426 -0.05304251
v -0.08274554 0.02023672 -0.05348772
v -0.08226530 0.01864881 -0.05016225
v -0.08594855 0.01293621 -0.06293546
v 0.04641857 0.02038594 0.02708548
v 0.04602167 0.01910621 0.02728152
v 0.04673734 0.02310180 0.02718841
v 0.04814709 0.02318788 0.02596966
v -0.08898371 0.00987032 -0.06732427
v -0.07800559 -0.00501367 -0.05409282
v -0.07540695 -0.00778148 -0.05465427
v 0.04759628 0.02015279 0.02570911
v 0.04690598 0.01867365 0.02609958
v 0.04518581 0.02204151 0.02831426
v -0.06575871 -0.00852650 -0.05326139
v -0.06606989 -0.00738400 -0.05305222
v -0.06673028 -0.00764745 -0.05398473
v -0.06668964 -0.00854394 -0.05443405
v 0.04519701 0.02273631 0.02803538
v 0.04626570 0.02428511 0.02855553
v -0.07003812 -0.01373697 -0.05546259
v -0.07225917 -0.01449435 -0.05441201
v -0.07122384 -0.01593859 -0.05291103
v -0.06939420 -0.01500248 -0.05469192
v 0.04695680 0.02511694 0.02807930
v 0.04559753 0.02371263 0.02875032
v 0.04512252 0.02450415 0.03005597
v 0.04562638 0.02521290 0.03001369
v -0.06532269 -0.01108709 -0.05377757
v -0.06554792 -0.00970059 -0.05347035
v -0.06635594 -0.01014177 -0.05488462
v -0.06599085 -0.01160695 -0.05554793
v 0.04614665 0.02599294 0.02956938
v 0.04479290 0.02598694 0.03165103
v -0.08372109 0.01653455 -0.05724873
v -0.08530834 0.01642373 -0.05918470
v 0.04527945 0.02680713 0.03148706
v 0.04434973 0.02516687 0.03164650
v 0.04501443 0.02357570 0.02872511
v -0.09110351 0.00850683 -0.06577242
v -0.09136207 0.00661825 -0.06672321
v -0.08826065 0.01355098 -0.06482304
v -0.08878677 0.01179838 -0.06599131
v 0.04450202 0.02429704 0.02974934
v 0.04373805 0.02491133 0.03114104
v 0.04262478 0.02531038 0.03303527
v -0.07472271 -0.01322538 -0.04468193
v -0.07582954 -0.01300292 -0.04623703
v -0.07553145 -0.01458319 -0.04619458
v -0.09216705 0.01090358 -0.06535107
v -0.09127325 0.01389629 -0.06735628
v -0.07498331 -0.03037768 -0.04011823
v -0.07384329 -0.03212164 -0.03865364
v -0.04463556 -0.10372549 -0.02539939
v -0.05520596 -0.09850122 -0.03741864
v -0.05493932 -0.10914664 -0.03685412
v -0.04454722 -0.11434982 -0.02504568
v -0.08264145 0.01367815 -0.04930915
v -0.08105484 0.01647429 -0.04903466
v 0.04083962 0.02627537 0.03522437
v 0.03996946 0.02642922 0.03333648
v 0.03812418 0.02752587 0.03715746
v -0.06537218 -0.01303342 -0.05421037
v -0.06538595 -0.01319733 -0.05424085
v -0.06797729 -0.01490730 -0.05395859
v -0.06990293 -0.00918333 -0.05137663
v -0.06641071 -0.00877363 -0.05257411
v 0.03730264 0.02711899 0.03500677
v 0.03365872 0.03219548 0.03827262
v 0.03988732 0.03163891 0.03682220
v 0.03673126 0.02746179 0.03299693
v 0.03449509 0.02577874 0.02942914
v 0.03287647 0.02588222 0.02997792
v 0.03361512 0.02726920 0.03423043
v -0.07064830 -0.01226688 -0.05526625
v 0.02326833 0.02501609 0.03436591
v 0.02415622 0.02592503 0.03498562
v -0.07012311 -0.00713098 -0.05355488
v -0.06985644 -0.00607369 -0.05243280
v -0.07108959 -0.01872939 -0.04979556
v -0.07233754 -0.01960558 -0.05148316
v -0.07389088 -0.02012319 -0.04837353
v -0.06631155 -0.01357149 -0.05570376
v -0.07727419 0.00329982 -0.05598413
v 0.02839809 0.02511944 0.03037717
v 0.02794377 0.02479092 0.03011393
v 0.02178640 0.02504894 0.03493630
v 0.02312530 0.02607567 0.03578762
v -0.07346128 -0.01193164 -0.05495464
v -0.07475980 -0.01403209 -0.05676351
v -0.07395329 -0.01567263 -0.05578593
v -0.07283324 -0.01360857 -0.05486654
v -0.08085148 -0.02351869 -0.05510152
v -0.08106609 -0.02181437 -0.05495213
v -0.07316253 -0.01810700 -0.05812372
v -0.07656699 -0.01853711 -0.05601230
v -0.07802901 -0.00222998 -0.05427154
v -0.07913643 0.00045737 -0.05209141
v -0.07534819 -0.00530000 -0.05190227
v -0.07349351 -0.00970571 -0.05420141
v -0.07539935 -0.01199112 -0.05638136
v -0.07002221 -0.00810502 -0.05163053
v -0.07314014 -0.00769367 -0.05028382
v -0.07292280 -0.00666746 -0.05059097
v -0.07001638 -0.00716458 -0.05192130
v -0.08181720 0.00813295 -0.05757911
v -0.07950170 0.01465288 -0.04731849
v -0.08119043 0.01136988 -0.04848475
v -0.07971802 0.02592151 -0.07097748
v -0.07782409 0.01776446 -0.07594928
v -0.07840661 0.01752508 -0.06341372
v -0.07135524 -0.01063548 -0.05499513
v -0.06628395 -0.00693215 -0.05317358
v -0.06695716 -0.00750673 -0.05296680
v -0.08606151 -0.01915775 -0.06278104
v -0.07461464 -0.02094483 -0.04776198
v -0.07671136 0.00221289 -0.05150142
v -0.08485332 -0.01066327 -0.07003333
v -0.08393846 -0.01605154 -0.06807612
v -0.07631160 0.00357356 -0.05156988
v -0.07646456 0.00457540 -0.05164041
v -0.07324412 -0.01955706 -0.05236990
v -0.07482875 -0.01938689 -0.04980295
v -0.07673879 0.00479601 -0.05139510
v -0.07607594 -0.01343278 -0.04753882
v -0.08582548 0.00816294 -0.06176796
v 0.02781184 0.02699851 0.03530827
v 0.03001629 0.02560501 0.03061612
v -0.07702658 -0.03063186 -0.05629510
v -0.07524415 -0.03214712 -0.05335661
v 0.02904224 0.02538901 0.03056257
v -0.06683765 -0.00781428 -0.05248354
v 0.02602830 0.02649868 0.03508740
v -0.06995916 -0.01579153 -0.05230641
v -0.07044825 -0.00875547 -0.05396350
v 0.02715891 0.02757140 0.03727037
v 0.02478350 0.02682918 0.03647660
v 0.03387804 0.02764467 0.03632945
v -0.07512552 -0.00975144 -0.04949459
v -0.07471614 -0.01187533 -0.04916350
v -0.07627112 -0.01122067 -0.04743944
v 0.02109003 0.07167006 -0.14446837
v 0.02062577 0.05579874 -0.14815798
v -0.07773361 -0.01786076 -0.05734089
v -0.07408760 -0.01607095 -0.05991888
v -0.07576649 -0.01509237 -0.06140660
v -0.07979210 -0.01662558 -0.05818269
v -0.08259949 -0.02105326 -0.06581207
v -0.08093467 -0.02548866 -0.06249904
v -0.08292707 -0.02694246 -0.06230422
v -0.08537205 -0.02219932 -0.06571740
v 0.04027936 0.05765571 -0.13924463
v 0.04020197 0.07145076 -0.13623756
v -0.08047214 0.04228328 -0.07921541
v -0.08008562 0.03161602 -0.06424605
v -0.08081530 0.04863736 -0.06799603
v -0.08366636 0.01693631 -0.06409488
v -0.08339597 0.01486220 -0.06561530
v -0.08871547 0.01558221 -0.06812681
v -0.07846574 0.02143909 -0.05093969
v -0.07903562 0.01876962 -0.05433127
v -0.08125869 0.01862803 -0.05298931
v -0.08864919 -0.00613598 -0.07215786
v 0.03932772 0.02688560 0.03168145
v 0.03575574 0.02554135 0.02870139
v 0.05016293 0.07252200 -0.12858643
v 0.04927106 0.08122308 -0.12554008
v 0.04060487 0.08322253 -0.13094848
v 0.03669785 -0.06395488 -0.10041741
v 0.02679727 -0.07552053 -0.10714095
v -0.07668854 0.00359046 -0.04606616
v -0.07877097 0.00375534 -0.04804099
v 0.01955700 0.02494527 0.03617425
v -0.07887939 -0.01941946 -0.06458578
v 0.02132431 0.02614806 0.03671982
v -0.08107289 -0.01862412 -0.05524906
v -0.08345567 -0.01767742 -0.05685411
v -0.08910926 0.01671266 -0.05787536
v -0.08677406 0.01467273 -0.05613545
v 0.01839522 0.02389505 0.03578147
v 0.01777477 0.02375827 0.03583870
v 0.01887068 0.02508246 0.03612844
v 0.02041803 0.02639218 0.03670038
v 0.02353609 0.02713587 0.03733587
v 0.02287720 0.02754690 0.03777134
v 0.02646421 0.02867199 0.03893151
v 0.02654534 0.02790281 0.03851997
v 0.03397652 0.02835568 0.03833319
v 0.03410371 0.02932644 0.03883293
v 0.02593500 0.02962962 0.03849162
v 0.02235585 0.02809211 0.03723488
v 0.02526588 0.03084259 0.03755890
v 0.02230820 0.02916382 0.03629462
v 0.03411631 0.03134535 0.03737180
v 0.03423052 0.03034611 0.03852670
v 0.02142226 0.02188619 0.03611168
v 0.01917271 0.02213370 0.03591203
v 0.02195622 0.02222320 0.03597009
v 0.01948106 0.02248013 0.03576554
v 0.02319420 0.02250718 0.03511794
v 0.01862070 0.02285995 0.03561367
v 0.01797412 0.02264453 0.03573801
v -0.00945649 -0.11606365 0.00627917
v -0.00935012 -0.12317743 0.00291153
v 0.02399045 0.02249472 0.03462808
v 0.01815983 0.02519695 0.03570338
v 0.01686610 0.02360170 0.03570796
v 0.01722179 0.02583339 0.03474263
v 0.01640792 0.02391984 0.03534102
v 0.01958068 0.02800902 0.03490714
v 0.01977142 0.02672394 0.03583946
v 0.01702025 0.02248924 0.03566864
v 0.01764685 0.02198583 0.03582334
v 0.01656504 0.02263437 0.03535313
v 0.01718182 0.02190660 0.03555413
v 0.02402934 0.01889245 0.03705347
v 0.02393770 0.01824905 0.03656653
v 0.02080422 0.02035820 0.03656615
v 0.02046942 0.01999675 0.03611813
v 0.03251172 0.01552222 0.03588483
v 0.03569172 0.01527527 0.03503556
v 0.03232674 0.01444909 0.03580144
v -0.00826198 -0.00774740 0.05674510
v -0.00933756 -0.00784146 0.05543602
v -0.00769419 -0.00629980 0.05442824
v -0.00732078 -0.00634107 0.05503025
v 0.03557773 0.01420274 0.03470642
v 0.02743712 0.01515266 0.03654126
v 0.02774207 0.01599844 0.03664652
v 0.03372134 -0.11922029 -0.01457971
v 0.04587595 0.01607895 0.02710056
v 0.04676832 0.01485887 0.02634072
v 0.04523046 0.01429765 0.02815659
v 0.04455175 0.01577128 0.02871480
v 0.04297675 0.01554458 0.03038831
v -0.00911828 -0.01625470 0.05592166
v -0.00836391 -0.01494265 0.05524088
v -0.00967917 -0.01492555 0.05414873
v -0.01080468 -0.01585283 0.05499618
v 0.04325216 0.01403158 0.03011054
v 0.04090404 0.01394402 0.03185581
v 0.04076737 0.01532933 0.03208290
v 0.03889504 0.01516396 0.03359031
v 0.03866862 0.01386503 0.03336817
v 0.04920145 0.01928057 0.02416768
v 0.05006002 0.02263323 0.02362799
v 0.05049848 0.01826624 0.02236428
v 0.05218722 0.02187600 0.02135363
v 0.01570566 0.02683527 0.03466321
v -0.00644144 -0.00626547 0.05451251
v -0.00536800 -0.00819413 0.05728412
v -0.00651063 -0.00799074 0.05786969
v -0.00677407 -0.00637697 0.05480039
v 0.01561067 0.02427945 0.03466618
v 0.01434867 0.02739514 0.03546097
v 0.01449829 0.02477714 0.03523523
v 0.01540369 0.02992362 0.03614087
v 0.01708907 0.02948027 0.03509467
v 0.01611432 0.02286114 0.03511453
v 0.01678840 0.02184351 0.03513353
v 0.01543235 0.02288159 0.03532136
v 0.01631195 0.02145001 0.03528471
v 0.02372641 0.01766502 0.03657530
v 0.02350137 0.01684658 0.03637599
v 0.02011861 0.01954023 0.03616546
v 0.01956665 0.01882500 0.03602906
v 0.04844658 -0.01286778 -0.11679610
v 0.05250268 0.02975561 -0.12857254
v 0.04608164 0.03466970 0.03333265
v 0.04409588 0.03239610 0.03454082
v 0.04077685 0.03385320 0.03683733
v 0.04159772 0.03667841 0.03620202
v 0.04903631 0.03771562 0.03151518
v 0.05171847 0.03464481 0.02847797
v 0.04901441 0.03237470 0.03044564
v 0.04682677 0.03068214 0.03205838
v 0.05094335 0.02536061 0.02428410
v 0.04920705 0.02562452 0.02614583
v 0.04911346 0.02724146 0.02738529
v 0.05085000 0.02768100 0.02578917
v 0.05311844 0.02518196 0.02203277
v 0.05334284 0.02832217 0.02378052
v 0.05013362 0.02995231 0.02800328
v 0.04819934 0.02886418 0.02948400
v 0.05294408 0.03119384 0.02610923
v 0.02250055 0.03433645 0.03859701
v 0.02335116 0.03320114 0.03763313
v 0.02086782 0.03133063 0.03603657
v 0.01935762 0.03156361 0.03656115
v 0.02136875 0.03556370 0.03917880
v 0.01713001 0.03256166 0.03694861
v 0.03493375 0.03768442 0.03955093
v 0.03454700 0.03492228 0.03918244
v 0.02485764 0.03159924 0.03665882
v 0.02289032 0.03023577 0.03651125
v 0.02433626 0.03155056 0.03653792
v 0.02232518 0.03014632 0.03614935
v 0.05791925 0.09202400 -0.10800287
v 0.05996776 0.09781316 -0.09574828
v 0.04354980 0.10882864 -0.10180144
v 0.04279097 0.10154472 -0.11388393
v 0.04113344 0.02940677 0.03521139
v 0.04176690 0.02957661 0.03480097
v 0.04407339 0.02855735 0.03288266
v 0.04359598 0.02834053 0.03335620
v 0.04555389 0.02732842 0.03124029
v 0.04596028 0.02758061 0.03089761
v 0.04698939 0.02664767 0.02913251
v 0.04661340 0.02657901 0.02948823
v 0.04716231 0.02586742 0.02815994
v 0.04760521 0.02573571 0.02765900
v 0.02214966 0.03086758 0.03624309
v 0.02402584 0.03200643 0.03687189
v 0.05162131 0.06045771 -0.13008422
v 0.04263153 0.07116422 0.01972867
v 0.04963627 0.06787637 0.01383609
v 0.04752305 0.06126260 0.01953508
v 0.04243691 0.03051880 0.03516326
v 0.04497988 0.02930206 0.03294368
v 0.04674069 0.02810594 0.03052244
v 0.04782716 0.02687273 0.02854506
v 0.04833466 0.02602402 0.02741258
v 0.07247552 -0.01421526 -0.03930868
v 0.07272274 -0.01425232 -0.04104771
v 0.07951573 -0.00532531 -0.06662005
v 0.07744972 0.00102973 -0.06559937
v 0.07610829 0.00445074 -0.06409636
v 0.08079983 0.01267699 -0.05093668
v 0.08284868 0.01584006 -0.05375500
v 0.08399523 -0.02292861 -0.05897472
v 0.08058964 -0.02504037 -0.05534603
v -0.08930779 0.01976522 -0.05847585
v 0.08372972 -0.02206843 -0.05967397
v 0.08924324 0.01164386 -0.06250479
v 0.08962709 0.01003525 -0.06382190
v 0.09050277 0.00961059 -0.06340428
v 0.04157922 -0.03461508 -0.10761975
v 0.04609499 -0.02182664 -0.11336538
v 0.08985412 0.00831427 -0.06514749
v 0.07414874 -0.00972796 -0.04365600
v 0.08066916 -0.00560646 -0.06680711
v 0.08236393 -0.00596559 -0.06840098
v 0.08343853 -0.01084059 -0.06834077
v 0.08258540 -0.01047390 -0.06784569
v 0.08277544 -0.01593995 -0.06647587
v 0.08199328 -0.01524056 -0.06610706
v 0.08526942 -0.01919020 -0.06235689
v 0.08554586 -0.01481670 -0.06520946
v 0.08386195 0.01620618 -0.05512819
v 0.08383385 0.01553197 -0.05436587
v 0.08451001 0.01618527 -0.05546521
v 0.07509761 -0.01089639 -0.04500579
v 0.07895570 0.01034212 -0.05108280
v 0.07868224 0.00871277 -0.04925907
v 0.07837221 0.00911688 -0.04977501
v 0.07315360 -0.00629195 -0.04903287
v 0.07288157 -0.00546662 -0.04926789
v 0.07437491 -0.00769280 -0.04871581
v 0.07601774 -0.00888370 -0.04651207
v 0.07076056 -0.01644293 -0.04865241
v 0.07054496 -0.01718173 -0.05004529
v 0.07014488 -0.01777425 -0.04929170
v 0.08665204 0.02164815 -0.05801031
v 0.07875262 0.00778233 -0.04884918
v 0.08001925 0.00878821 -0.04919320
v 0.08070363 0.00987824 -0.04950540
v 0.08531656 0.01542298 -0.05548379
v 0.08126084 0.01069993 -0.04968691
v 0.08017287 0.01082283 -0.04995852
v 0.08159140 0.01237687 -0.05072451
v 0.07947364 0.01088739 -0.05037924
v 0.07559272 -0.01377474 -0.06201831
v 0.07450090 -0.01383228 -0.05997638
v 0.07381908 0.00590229 -0.04018639
v 0.07449359 0.00374473 -0.04213484
v 0.07965412 -0.02576769 -0.05300837
v 0.07639509 0.01017069 -0.05882718
v 0.07754172 0.01346946 -0.06053844
v 0.08712445 -0.01071261 -0.06658592
v 0.08003425 -0.01710382 -0.05687144
v 0.07790652 -0.01815634 -0.05565265
v 0.08229394 -0.01568986 -0.05828892
v 0.08436994 -0.01311906 -0.05983279
v 0.07523225 0.00192097 -0.05336794
v 0.08456891 0.00638296 -0.05876248
v 0.08481214 0.00420486 -0.05988251
v 0.08320425 0.00653607 -0.05755860
v 0.07841768 0.01712321 -0.05891969
v 0.07860780 0.01700362 -0.05651733
v 0.07579691 0.01334192 -0.05785531
v 0.07842135 0.01512397 -0.05607139
v 0.07252211 -0.01319329 -0.04832958
v 0.07057482 -0.01841967 -0.05167082
v 0.07257508 -0.01729279 -0.05325799
v 0.07172462 -0.01896034 -0.05255375
v 0.07315744 -0.01825294 -0.05431613
v 0.07330590 -0.01710296 -0.05577270
v 0.07356279 -0.01548653 -0.05704868
v 0.07454235 -0.01350731 -0.05737265
v 0.07205711 -0.00920916 -0.04896958
v 0.07780652 0.01823843 -0.04769083
v 0.07166283 -0.01099366 -0.04896642
v 0.07347438 -0.00756486 -0.04881997
v 0.07343641 -0.00926651 -0.04848070
v 0.07299045 -0.01113835 -0.04821428
v 0.07627317 -0.02084508 -0.04936962
v 0.07637224 -0.01945083 -0.05196777
v 0.07554804 -0.02019138 -0.04870601
v 0.07676029 -0.01904018 -0.05422354
v 0.07459422 -0.01974460 -0.04843855
v 0.07788185 0.01127112 -0.05813789
v 0.07859182 0.01453920 -0.05782836
v 0.07215629 -0.01069985 -0.03773914
v 0.06327435 -0.00204650 0.01147351
v 0.06484351 0.00741458 0.00582846
v 0.02603862 -0.05223344 0.03445753
v 0.02540240 -0.05527866 0.03491891
v 0.05463504 -0.01221886 0.02488305
v 0.04986557 -0.01521017 0.02911633
v 0.02418628 -0.04759519 0.04677457
v 0.02295670 -0.04850382 0.04698002
v 0.02206435 -0.04785876 0.04721982
v 0.02326860 -0.04745124 0.04676520
v 0.02082175 -0.04660584 0.04532366
v 0.02199350 -0.04685080 0.04448115
v 0.02207620 -0.04704391 0.04583415
v 0.02101986 -0.04696301 0.04672492
v 0.02858696 -0.03037989 0.04648890
v 0.03093329 -0.02616323 0.04332649
v 0.03383534 -0.03109438 0.04293361
v 0.03121384 -0.03497059 0.04569452
v 0.02381543 -0.04909625 0.03693942
v 0.02382032 -0.04752310 0.03750310
v 0.02299036 -0.04696716 0.04055964
v 0.02281065 -0.04787420 0.04015113
v 0.02360553 -0.05005549 0.03676432
v 0.02243953 -0.04812746 0.03992129
v 0.02596671 -0.05052351 0.03441210
v 0.02573006 -0.04796489 0.03466568
v 0.03368648 -0.05483330 0.04293461
v 0.02994572 -0.05253893 0.04485555
v 0.03117880 -0.04913051 0.04531169
v 0.03494718 -0.04997106 0.04336734
v 0.02489221 -0.01717539 0.04319773
v 0.02821454 -0.02132612 0.04327341
v 0.02583214 -0.02615860 0.04568491
v 0.02241518 -0.02069292 0.04512787
v 0.01906578 -0.01547076 0.04552499
v 0.02157471 -0.01216864 0.04334748
v 0.01866476 -0.00673050 0.04922879
v 0.01978361 -0.01069075 0.05070439
v 0.01944491 -0.01211181 0.05446234
v 0.01959224 -0.00949291 0.05312468
v 0.01709455 -0.01640374 0.05281828
v 0.01978156 -0.01319296 0.04912730
v 0.01253312 -0.01795223 0.05362535
v -0.01339516 -0.01539174 0.05561665
v -0.01198473 -0.01370725 0.05500975
v -0.01229992 -0.01315521 0.05678396
v -0.01469622 -0.01432789 0.05738277
v 0.01219389 -0.01744965 0.05446245
v 0.01709549 -0.01674427 0.05136125
v -0.00502227 -0.01459273 0.06401819
v -0.00618266 -0.01251164 0.06391207
v -0.00517061 -0.01361938 0.06190579
v -0.00515237 -0.01544868 0.06144382
v 0.01685891 -0.01787446 0.04971158
v 0.01302415 -0.01875897 0.05292968
v 0.01132045 -0.01684746 0.05524825
v 0.01461378 -0.01633907 0.05522259
v -0.00838455 -0.01209131 0.06307773
v -0.01044749 -0.01216142 0.06491698
v -0.01238414 -0.01213248 0.06310032
v -0.01008222 -0.01250789 0.06146602
v -0.00553641 -0.01202881 0.05739855
v -0.00658409 -0.01399140 0.05854404
v -0.00472669 -0.01137582 0.06057646
v -0.01168545 -0.01118523 0.05541957
v -0.01146433 -0.01207667 0.05421290
v -0.00941577 -0.00873201 0.05425627
v -0.00969755 -0.00841534 0.05413520
v 0.01646800 -0.01410193 0.05690639
v 0.00438801 -0.01581901 0.06372959
v 0.00571589 -0.01465505 0.06571060
v 0.01059489 0.01634072 0.04865908
v 0.01353922 0.01310099 0.04584572
v 0.01056134 0.01354482 0.05065155
v 0.01350945 0.01065587 0.04780445
v 0.01553740 -0.01190582 0.06042582
v 0.01766868 -0.00977803 0.05910105
v 0.01259941 -0.01091786 0.06406544
v 0.01381760 -0.00814179 0.06381004
v 0.00413417 0.03014501 0.04683712
v 0.00213461 -0.01923089 0.05938357
v 0.00259624 -0.01990704 0.05903290
v 0.00175823 -0.01771190 0.06107428
v 0.02181915 0.09460262 -0.13171206
v 0.02229415 0.10696251 -0.12062332
v 0.02119125 0.11985215 -0.09800448
v 0.01880610 0.12391403 -0.08584101
v 0.00581662 -0.03942156 0.05984471
v 0.00550861 -0.03625070 0.06009236
v 0.01325046 -0.04421326 0.04438995
v 0.00801716 -0.04443259 0.04551752
v 0.00790526 -0.04554161 0.04866352
v 0.01330571 -0.04553100 0.04763689
v 0.01679237 -0.04526061 0.04621217
v 0.01721706 -0.04417167 0.04288901
v 0.01335870 -0.04283867 0.04197356
v 0.00797526 -0.04292603 0.04261079
v 0.01264169 -0.04662104 0.05336571
v 0.00766705 -0.04656491 0.05520594
v 0.00680920 -0.04508995 0.05738834
v 0.01216763 -0.04503468 0.05528216
v 0.01922420 -0.02240081 0.04853931
v 0.01554477 -0.02191436 0.05146635
v 0.01121447 -0.02211680 0.05520646
v 0.00756814 -0.02245942 0.05751697
v 0.00661696 -0.02014472 0.05739213
v 0.00953980 -0.01948030 0.05544987
v 0.00619159 -0.01910823 0.05745199
v 0.00897046 -0.01853523 0.05562879
v 0.00863383 -0.01787996 0.05598208
v 0.00901525 -0.01727642 0.05615331
v 0.00714894 -0.01729168 0.05749106
v 0.00767722 -0.01670453 0.05733207
v 0.00596014 -0.01836065 0.05764384
v 0.00448095 0.00705560 0.06318673
v 0.00438295 0.01065757 0.06018944
v 0.01042152 -0.03440543 0.05847384
v 0.00549908 -0.03354556 0.06010413
v 0.00482478 -0.02873163 0.05943464
v 0.00949665 -0.02885240 0.05839287
v 0.01424067 -0.02971602 0.05606659
v 0.01534791 -0.03588687 0.05609147
v 0.00306414 -0.02087868 0.05884966
v 0.01026617 -0.03702519 0.05804457
v 0.01056807 -0.03974337 0.05779994
v 0.01540720 -0.03848466 0.05562008
v 0.01558046 -0.04089607 0.05508877
v 0.01991843 -0.03832528 0.05311174
v 0.01968173 -0.03140507 0.05335066
v 0.02524178 -0.03377217 0.05035388
v 0.02375278 -0.04130467 0.05013910
v 0.03108576 -0.04564637 0.04622062
v 0.02572137 -0.04799894 0.04655851
v 0.02597998 -0.04642680 0.04692109
v 0.02598566 -0.04499184 0.04760796
v 0.03053491 -0.04201080 0.04716746
v 0.03463111 -0.04499581 0.04459884
v 0.03346969 -0.03983527 0.04527813
v 0.02877331 -0.03810897 0.04829494
v 0.02543994 -0.04330587 0.04846914
v 0.02463164 -0.04655695 0.04711225
v 0.02351649 -0.04685062 0.04693538
v 0.02459627 -0.04565747 0.04762233
v 0.02349920 -0.04625641 0.04739385
v 0.02418422 -0.04479915 0.04829428
v 0.02326108 -0.04573992 0.04790935
v 0.02238550 -0.04501096 0.04888408
v 0.02304351 -0.04349861 0.04952772
v 0.02196169 -0.04650279 0.04550077
v 0.02130251 -0.04637619 0.04633414
v 0.02143948 -0.04633194 0.04742644
v 0.02205688 -0.04657893 0.04639588
v 0.02226584 -0.04669817 0.04480247
v 0.02225736 -0.04679636 0.04585481
v 0.02283093 -0.04658424 0.04115650
v 0.02246612 -0.04587809 0.04176505
v -0.04744500 -0.08673778 -0.02521240
v -0.05628050 -0.08431091 -0.03903078
v 0.02257616 -0.04676610 0.04430719
v 0.02260167 -0.04697513 0.04535668
v 0.02258364 -0.04714073 0.04656861
v 0.02272970 -0.04660339 0.04678714
v 0.02251983 -0.04625670 0.04725752
v 0.02185705 -0.04589980 0.04815072
v 0.01584623 -0.04306208 0.05422217
v 0.01928199 -0.04273949 0.05218262
v 0.01932347 -0.04452733 0.05122102
v 0.01611594 -0.04552085 0.05290258
v 0.01931817 -0.04578115 0.05016723
v 0.01769730 -0.04290004 0.04018921
v 0.01626401 -0.04654185 0.05110296
v 0.02072866 -0.04458328 0.04042614
v 0.02162213 -0.04359656 0.03784005
v 0.02006627 -0.04539683 0.04379512
v 0.02356790 -0.04662676 0.03830140
v 0.02318427 -0.04555536 0.03860060
v 0.02517771 -0.04618473 0.03523957
v 0.02437146 -0.04477369 0.03597789
v 0.01935865 -0.04608580 0.04877574
v 0.01951439 -0.04078653 0.05266047
v 0.01123910 -0.04235726 0.05680990
v 0.00623576 -0.04223881 0.05877967
v -0.03437676 0.00808037 0.03634390
v -0.03361372 0.00504383 0.03688315
v -0.02957444 0.00638410 0.03778773
v -0.03047084 0.00904918 0.03737666
v 0.00513445 -0.00097799 0.06975245
v 0.00489152 0.00345456 0.06631051
v 0.02129826 -0.04738338 0.04716864
v 0.01130163 -0.12808953 -0.00001149
v -0.07653594 -0.00918946 -0.04668039
v -0.07574601 -0.00844532 -0.04571868
v -0.08347089 0.01238094 -0.06709088
v 0.02450413 -0.04937123 0.04658598
v 0.02311457 -0.05221317 0.03695274
v 0.02119045 -0.04864440 0.03967732
v 0.03060207 -0.05983442 0.04357744
v 0.02547354 -0.06420838 0.04619337
v 0.02328261 -0.05964041 0.04823582
v 0.02743078 -0.05621607 0.04570417
v 0.01942619 -0.05293605 0.05006350
v 0.02251399 -0.05088481 0.04773263
v -0.08679482 0.01473361 -0.06454556
v 0.02108577 -0.04952527 0.04839865
v 0.01802602 -0.05052415 0.05063976
v 0.01715184 -0.04860616 0.05093766
v 0.02018606 -0.04834891 0.04853348
v 0.01565963 -0.04535573 0.05015917
v 0.01070819 -0.04414097 0.05269286
v 0.01092354 -0.04858878 0.04727916
v 0.01612590 -0.04941817 0.04502162
v 0.02145569 -0.05002893 0.04230535
v 0.01972224 -0.04637314 0.04657773
v -0.08390726 0.01847152 -0.06240153
v -0.08375866 0.01984883 -0.05789567
v -0.08186057 0.01863096 -0.05718196
v -0.08200584 0.01686965 -0.06098523
v 0.01612423 -0.04588219 0.05089295
v 0.01962404 -0.04679097 0.04805768
v 0.01124116 -0.04490422 0.05400889
v 0.02248019 -0.12478204 -0.00614676
v 0.01979189 -0.04735051 0.04849648
v 0.01651197 -0.04682866 0.05086147
v 0.01181137 -0.04633182 0.05444787
v 0.01250147 -0.04870785 0.05448861
v 0.01346168 -0.05128213 0.05467960
v 0.01476394 -0.05470620 0.05419196
v 0.01748266 -0.06282569 0.05151379
v 0.01899985 -0.06824704 0.04964905
v 0.01098868 -0.06463706 0.05427421
v 0.01194525 -0.07000691 0.05313599
v 0.00914527 -0.05571867 0.05757890
v 0.00829609 -0.05168163 0.05854274
v 0.00753307 -0.04848889 0.05821292
v 0.00695027 -0.04578811 0.05755001
v 0.00386500 -0.02280045 0.05860589
v 0.00576858 -0.01717669 0.05877945
v 0.00448547 -0.01655042 0.06102309
v 0.00814115 -0.01306051 0.06649423
v 0.00164127 -0.01674106 0.06348383
v 0.01092101 -0.01129369 0.06579576
v 0.00908469 -0.01189652 0.06731999
v 0.00960477 -0.01016891 0.06802710
v 0.01096186 -0.00941085 0.06686239
v 0.00737635 -0.01249433 0.06859794
v 0.00876122 -0.01051322 0.06910975
v 0.00294712 -0.01334712 0.07040911
v 0.00396274 -0.01010272 0.07219768
v 0.00509737 -0.00466314 0.07197555
v 0.00454682 -0.00801198 0.07269478
v 0.01008150 -0.00860688 0.06846642
v 0.01156914 -0.00664315 0.06674444
v -0.09092973 0.01435242 -0.06248218
v 0.01166780 -0.00345720 0.06455009
v 0.01436863 -0.00526709 0.06134224
v 0.00933605 0.12819062 -0.04327153
v 0.00631413 -0.04411915 0.05674911
v 0.00555759 -0.04335837 0.05484100
v -0.07603345 -0.02239852 -0.04719620
v -0.08351506 0.00426029 -0.05954984
v 0.01187021 -0.05969528 0.04005488
v 0.01138380 -0.05460481 0.04261213
v 0.00625216 -0.05477041 0.04398526
v -0.08327767 0.02026043 -0.05554731
v -0.08638290 0.02146657 -0.05603243
v 0.00653147 -0.05976351 0.04178101
v 0.00137337 -0.04301566 0.05577181
v -0.08859894 -0.00607152 -0.06768867
v -0.09140202 0.01307958 -0.06418671
v -0.09008470 0.01157690 -0.06338823
v -0.08458918 0.01241194 -0.05148401
v -0.07793508 -0.01241472 -0.06230510
v -0.08332902 -0.01217785 -0.05935477
v -0.08183678 -0.01489384 -0.05868077
v -0.07727200 -0.01428254 -0.06194998
v -0.07603835 -0.00032460 -0.05627166
v 0.00185160 -0.04781166 0.04941205
v 0.00584811 -0.04794182 0.04877645
v 0.00147711 -0.04374224 0.05779611
v 0.00193242 -0.04541434 0.05895162
v 0.00252009 -0.04828585 0.06016781
v 0.00240097 -0.05470568 0.04443136
v 0.00262945 -0.06013500 0.04231701
v -0.07267836 -0.01756292 -0.03926112
v 0.02171458 -0.05375699 0.03825190
v -0.08035173 -0.02769527 -0.05221038
v -0.08122586 -0.02651763 -0.05460607
v -0.03156981 -0.03520760 -0.11767821
v -0.03517503 -0.02389088 -0.12400334
v -0.09061935 -0.00636778 -0.07082129
v 0.02278558 -0.05769548 0.03599676
v 0.01694947 -0.05528971 0.04093932
v 0.01753959 -0.05871169 0.03850732
v 0.00537418 -0.07065285 0.05592036
v 0.00446408 -0.06533571 0.05608667
v 0.00311114 -0.05193071 0.06084271
v 0.00338239 -0.05646497 0.05936717
v 0.02211474 0.11465931 -0.10988630
v 0.06057541 0.07413150 -0.00764910
v 0.05868403 0.06754266 -0.00062820
v -0.08409869 0.01702896 -0.05850194
v 0.05199903 0.07455876 0.00590153
v 0.05406466 0.07986071 -0.00041647
v 0.06131618 0.08220955 -0.01534431
v 0.05473999 0.08677486 -0.00764349
v 0.03899777 0.12076776 -0.06198559
v 0.03934117 0.11982491 -0.04807903
v 0.02034006 0.12560599 -0.04451196
v 0.03406214 0.12107982 -0.07560813
v 0.04658102 0.11295131 -0.08483237
v 0.04851472 0.11536183 -0.06579116
v 0.04818419 0.11487786 -0.05083892
v -0.07772910 -0.02279699 -0.04805485
v -0.07784643 -0.02816722 -0.04567635
v -0.07654479 -0.02741295 -0.04423391
v -0.08048638 0.00708386 -0.05682433
v 0.02660167 -0.08793918 -0.10805128
v 0.05248016 0.04275170 -0.12957183
v 0.04668500 0.11357976 -0.03737514
v 0.03849742 0.11770024 -0.03468558
v 0.03784826 0.11431469 -0.02274185
v 0.04520781 0.11101808 -0.02604453
v 0.02012699 0.12289278 -0.03046673
v 0.00929308 0.12504105 -0.02877746
v 0.01848249 0.00528159 -0.14388201
v 0.00457663 0.01431532 0.05757501
v 0.04772629 -0.05077652 -0.09138328
v 0.05731270 -0.05099012 -0.07352335
v 0.06109412 -0.10354318 -0.04930803
v 0.07038902 -0.02796781 -0.05471237
v 0.06999696 -0.02726442 -0.05537453
v 0.05991062 -0.06550130 -0.05397536
v 0.06065080 -0.05150762 -0.05525623
v 0.03802655 -0.04989273 -0.10298331
v 0.07883037 -0.01683682 -0.06538875
v 0.07946318 -0.01329653 -0.06660482
v 0.08027145 -0.01770462 -0.06492911
v 0.08083099 -0.01375681 -0.06629121
v 0.08097187 -0.00956628 -0.06696287
v 0.08105298 -0.01943837 -0.06400869
v 0.07848800 0.01720345 -0.05496060
v 0.08033689 0.01867183 -0.05384053
v -0.07799380 -0.01806873 -0.06452821
v -0.07788170 -0.01592347 -0.06578217
v 0.06991252 -0.02927224 -0.05036457
v 0.06975218 -0.02858435 -0.05209561
v -0.06690856 -0.00706134 -0.05372853
v 0.06912469 -0.02886184 -0.05135312
v 0.06898889 -0.02931225 -0.04993367
v 0.06978835 -0.03015598 -0.04867658
v 0.06886097 -0.02986613 -0.04875425
v 0.07755326 0.03447682 -0.04727393
v 0.06760930 -0.02923800 -0.05257140
v 0.06915167 -0.02759938 -0.05501375
v 0.06925660 -0.02804161 -0.05345992
v 0.06873754 -0.02873871 -0.05207225
v 0.06855350 -0.02965154 -0.05003661
v 0.06856231 -0.03052144 -0.04827229
v 0.06908780 -0.03123759 -0.04754737
v -0.08024195 -0.02403821 -0.06209189
v -0.07659678 -0.02911539 -0.05633047
v -0.05921556 -0.08095191 -0.05330194
v -0.05709380 -0.07830557 -0.06846220
v -0.05778172 -0.09014736 -0.06620473
v -0.05957588 -0.09407409 -0.05146259
v -0.07369398 -0.00389338 -0.04036193
v -0.07370533 -0.01071099 -0.04272797
v -0.07356950 -0.01202811 -0.04096342
v 0.08154064 -0.02051964 -0.06424276
v 0.07454219 -0.03077700 -0.05277118
v -0.02354139 -0.10687613 -0.00070979
v -0.02080507 -0.11931603 -0.00350251
v 0.07720201 0.01028876 -0.06021438
v 0.07733534 0.00836315 -0.06183640
v 0.07994916 0.00988878 -0.06298115
v 0.07976063 0.01209244 -0.06162207
v 0.05887778 -0.01210441 -0.10478995
v 0.06113287 -0.00087651 -0.10944048
v 0.01277595 -0.08585070 -0.11254888
v 0.01265936 -0.07262921 -0.11276717
v 0.07577378 0.03191675 -0.09392670
v 0.07721289 0.01188044 -0.05895714
v 0.07985231 0.01386323 -0.06033395
v 0.07980691 -0.00930027 -0.06700745
v 0.07540718 0.01157879 -0.05925690
v 0.07569420 0.00977148 -0.06054709
v 0.08119505 0.01554366 -0.06183735
v 0.08104625 0.01355823 -0.06325738
v 0.08095630 0.01118749 -0.06452239
v 0.07599404 0.00777548 -0.06191189
v -0.07238940 -0.01696427 -0.03596268
v -0.07080066 -0.01719323 -0.02465416
v -0.07274333 -0.00130668 -0.02467767
v -0.07265471 -0.00695372 -0.03526607
v 0.07836752 0.01541908 -0.06066639
v 0.07970066 0.06294349 -0.07015105
v 0.07917462 0.05711954 -0.08394948
v 0.07608118 0.07993601 -0.07336544
v 0.07536174 0.07507416 -0.08835071
v 0.07103198 0.06922487 -0.10400995
v 0.07457702 0.05012121 -0.09969916
v 0.07855699 0.01710472 -0.05532601
v 0.08122288 0.01962176 -0.05416087
v 0.06195365 0.08885894 -0.02269134
v 0.06723107 0.08417194 -0.02969708
v 0.05502950 0.09288658 -0.01429400
v 0.05499974 0.09841403 -0.02052332
v 0.06148260 0.09520515 -0.02923424
v 0.06896547 0.08877584 -0.04115091
v 0.07872496 0.05349089 -0.05575749
v 0.07757967 0.06820143 -0.05630139
v 0.07409915 0.07197796 -0.04302414
v -0.05944977 0.02993623 0.01308017
v -0.06094358 0.03040996 0.00812421
v -0.06195015 0.02134600 0.00837451
v -0.05978814 0.02269941 0.01244981
v 0.07366823 0.08460119 -0.05800498
v 0.06492029 0.09808946 -0.04705161
v 0.06881898 0.09474643 -0.06140843
v 0.05796327 0.10669472 -0.05054873
v 0.06027016 0.10498583 -0.06505645
v 0.06027105 0.10257965 -0.08081856
v 0.07066435 0.09098101 -0.07644409
v 0.05978796 0.10091730 -0.03499080
v 0.05352563 0.10343421 -0.02551623
v 0.05486219 0.10745415 -0.03811712
v 0.05138068 0.10764453 -0.02973377
v 0.07173357 0.07341450 -0.03604664
v 0.06395017 -0.03487529 -0.04849853
v 0.06609320 -0.03529793 -0.04331556
v -0.01950138 0.08498922 0.02698807
v -0.00979247 0.08601396 0.02895823
v -0.00992060 0.09300038 0.02402743
v -0.01987416 0.09194230 0.02179857
v 0.07032818 -0.02454927 -0.03530369
v -0.03706491 -0.01539809 -0.12767896
v -0.03885651 -0.00465540 -0.13177742
v -0.01910750 -0.00761167 -0.13891387
v -0.01804192 -0.01754025 -0.13428843
v 0.06771417 0.00036497 -0.00104319
v 0.06747942 0.01280454 -0.00371650
v 0.07111716 0.00485696 -0.01409195
v 0.06969836 -0.00996313 -0.01225967
v -0.02038788 0.10958577 0.00177398
v -0.01019193 0.11098757 0.00403275
v -0.01037967 0.11637102 -0.00525414
v -0.02076922 0.11470874 -0.00720770
v -0.05284334 0.00392398 0.02638496
v -0.05493610 -0.00261413 0.02611239
v -0.05097174 -0.00276881 0.02959098
v -0.04939697 0.00391821 0.02932235
v 0.06513774 0.02657356 -0.00579370
v 0.06969567 0.01895969 -0.01589100
v 0.07010318 0.03359378 -0.01790315
v 0.06583316 0.04043736 -0.00610764
v 0.06235616 0.06387820 -0.11892527
v 0.06462742 0.04682017 -0.11721427
v -0.07764918 -0.03239372 -0.04233919
v -0.07669692 -0.03139109 -0.04126522
v 0.06511632 0.03370437 -0.11579752
v 0.04542972 0.05504816 0.02393397
v -0.01060345 0.12108314 -0.01629453
v -0.02126236 0.11923341 -0.01789526
v 0.02152714 0.08555239 -0.13803543
v 0.04445060 0.07844277 0.01263209
v 0.05442536 0.08465212 -0.11874864
v -0.00062243 -0.07106587 -0.11427862
v 0.04135191 0.09081841 -0.12507635
v 0.07012001 0.08638562 -0.09128428
v 0.06708930 0.08134973 -0.10444991
v 0.05920075 0.07509818 -0.11909845
v 0.06415948 0.01708573 -0.11425869
v 0.04559804 0.10675745 -0.01892768
v 0.05578328 0.02470913 0.01897508
v 0.05485788 0.02037988 0.01815682
v 0.05620135 0.02934924 0.02054531
v 0.05277722 0.01572258 0.02013817
v 0.01680587 0.00991116 0.04347924
v 0.01660058 0.00775977 0.04533044
v 0.01609774 0.00513421 0.04717031
v 0.01971937 0.00503995 0.04309303
v 0.01904633 0.00198892 0.04474130
v 0.01262332 0.00492902 0.05208579
v 0.01322033 0.00786871 0.04992661
v 0.01526234 0.00246802 0.04873984
v 0.01508342 -0.00057965 0.05048950
v 0.01258272 0.00197804 0.05451928
v 0.01955698 -0.01309252 0.04668958
v 0.01968906 -0.00828552 0.04457829
v 0.01749460 -0.00406910 0.04691093
v 0.02225333 -0.00102054 0.04301408
v 0.02102674 -0.00439701 0.04382210
v 0.01795180 -0.00083087 0.04573641
v 0.02344622 0.00231614 0.04122505
v 0.01678094 -0.00383665 0.05330687
v 0.01814887 -0.00750085 0.05668268
v 0.01335900 -0.00151872 0.05796592
v 0.01107153 0.00004036 0.06108844
v 0.01066603 0.00387086 0.05781219
v 0.02015619 0.00732805 0.04138744
v 0.02432709 0.00489632 0.03968969
v 0.02421163 -0.00805949 0.04306107
v 0.02819832 -0.01183297 0.04243303
v 0.02622341 -0.00378090 0.04179696
v 0.02993800 -0.00693345 0.04079247
v 0.02727413 -0.00033485 0.03997117
v 0.03113001 -0.00314111 0.03894090
v 0.03151251 -0.01654395 0.04199887
v 0.03459444 -0.02091282 0.04115924
v 0.03740646 -0.02706840 0.04022283
v 0.03733031 -0.01581318 0.03895956
v 0.04065609 -0.02162679 0.03725888
v 0.03935707 -0.01028076 0.03667679
v 0.04306776 -0.01619981 0.03485029
v -0.01305132 0.01574819 0.04399286
v -0.01338229 0.01775081 0.04144167
v -0.01696382 0.01445632 0.04013187
v -0.01650788 0.01228153 0.04187017
v -0.00763183 0.05962874 0.04152461
v -0.00832833 0.06690989 0.03742351
v -0.01704410 0.06655649 0.03613966
v -0.01581158 0.05957711 0.04081301
v 0.03396665 -0.01081354 0.03978564
v 0.03553582 -0.00660001 0.03784540
v 0.03236960 0.00054207 0.03722076
v 0.02846851 0.00283389 0.03836617
v 0.04082828 0.00129725 0.03384700
v 0.04038497 -0.00461246 0.03507589
v 0.03646370 -0.00192380 0.03611827
v 0.03716400 0.00298926 0.03502155
v 0.04498713 -0.00872885 0.03310045
v 0.04509870 -0.00065398 0.03232177
v 0.04452208 0.00463536 0.03139189
v 0.03168075 0.01246474 0.03633028
v 0.02690302 0.01330815 0.03701223
v 0.03504944 0.01202512 0.03522426
v 0.04081458 0.00571226 0.03314163
v 0.03768002 0.00676588 0.03462767
v 0.04832118 0.01182201 0.02608517
v 0.04624524 0.01124415 0.02828093
v 0.04094611 0.01128777 0.03234646
v 0.03826385 0.01160551 0.03393080
v 0.04379342 0.01118300 0.03046005
v 0.02270596 0.01502643 0.03705761
v 0.01833262 0.01721818 0.03721303
v 0.05639723 -0.06401607 -0.07051362
v 0.01024651 0.00714323 0.05526640
v 0.01032683 0.01035261 0.05277373
v 0.01462658 0.03291893 0.03826665
v 0.01293312 0.03019067 0.03760804
v 0.00718453 0.03008636 0.04398360
v 0.01812187 0.03637724 0.04082642
v 0.01535124 0.01996083 0.03729983
v -0.02125176 0.01203806 0.03916174
v -0.02041939 0.00990959 0.04020094
v 0.01356189 0.02240085 0.03726695
v 0.01246693 0.02450419 0.03720646
v 0.01201204 0.02744921 0.03740082
v -0.00998699 0.09948192 0.01806878
v -0.02010031 0.09834234 0.01570987
v -0.02098124 0.12656324 -0.06643905
v -0.02133192 0.12647967 -0.05830975
v -0.01033951 0.12919243 -0.05868529
v -0.01149230 0.12865680 -0.07091085
v 0.02824831 0.04764815 0.04175938
v 0.02512816 0.04172482 0.04410930
v 0.05585568 0.06072515 0.00804827
v 0.05980308 0.05255501 0.00462427
v 0.04943570 0.04207767 0.02808272
v 0.05283485 0.03853723 0.02510951
v 0.05548079 0.03408232 0.02247970
v 0.06187606 0.04128857 0.00214883
v 0.06255239 0.02932926 0.00175733
v 0.06424119 0.01810660 0.00305605
v -0.07030194 -0.00129044 -0.09275373
v -0.07334483 -0.00281821 -0.07748227
v -0.07605356 0.00923561 -0.07859633
v -0.07414646 0.01540966 -0.09493712
v 0.04647741 0.09057122 0.00025506
v -0.03396410 -0.09976259 -0.01177618
v -0.03188878 -0.11220878 -0.01406715
v -0.00072993 -0.08482044 -0.11382426
v 0.04647345 0.09651112 -0.00601644
v 0.04596170 0.08424362 0.00678199
v 0.03742142 0.10988235 -0.01382772
v 0.03739635 0.10510349 -0.00599475
v 0.04622675 0.10194785 -0.01233714
v 0.03777561 0.09963141 0.00067204
v 0.03808076 0.09371619 0.00682188
v 0.03760136 0.08750090 0.01331791
v 0.03649001 0.08143563 0.01896868
v 0.03492892 0.07313038 0.02512520
v 0.04708801 -0.06358838 -0.08893599
v 0.00767436 -0.00644589 0.05424684
v 0.00727074 -0.00659681 0.05460503
v -0.05106929 0.04980639 0.01960255
v -0.05305406 0.05498039 0.01491908
v -0.05640386 0.04828046 0.01143859
v -0.05481008 0.04442850 0.01671142
v 0.00750280 -0.00644572 0.05393707
v 0.00696942 -0.00655250 0.05439510
v 0.00733018 -0.00678139 0.05443186
v 0.00727584 -0.01508479 0.05668817
v 0.00624112 -0.01305593 0.05578135
v 0.00670029 -0.00927009 0.05526144
v 0.06978553 -0.03117467 -0.03751924
v -0.00623243 0.04820431 0.04671672
v -0.01328026 0.04797543 0.04655483
v -0.01153751 0.04216030 0.04668104
v -0.00553451 0.04246739 0.04706614
v -0.05980912 0.01554764 0.01302076
v -0.06253456 0.01257517 0.01009262
v -0.06137646 0.00480427 0.01502222
v -0.05856959 0.00869769 0.01737154
v -0.05541089 0.00479212 0.02331326
v -0.05793837 -0.00131835 0.02270464
v -0.01847250 0.07560488 0.03273572
v -0.00908206 0.07633994 0.03410732
v -0.05896084 0.03981036 0.00881352
v -0.05780346 0.03746824 0.01445694
v -0.01028789 0.01870016 0.04609859
v -0.01104024 0.02041721 0.04298152
v -0.00813876 0.02394059 0.04428639
v -0.00421094 0.02358532 0.05007235
v -0.00400994 0.02728346 0.04791020
v -0.00726413 0.02728214 0.04448707
v -0.03248836 0.05865589 0.03398853
v -0.03367924 0.06525505 0.02942511
v -0.04091345 0.06376494 0.02417989
v -0.03954659 0.05736845 0.02889531
v -0.02024349 0.10408857 0.00921766
v -0.01005941 0.10533290 0.01156576
v -0.00440484 0.03592758 0.04634174
v -0.00870390 0.03603297 0.04460889
v -0.00777607 0.03282553 0.04390303
v -0.00425679 0.03287918 0.04627635
v -0.02498762 0.00796983 0.03896410
v -0.02577855 0.01024992 0.03828161
v -0.06695300 -0.03181577 -0.04874287
v -0.06899999 -0.03307993 -0.04731868
v -0.07414576 0.01425199 -0.03737144
v -0.07311405 0.00370585 -0.03584753
v -0.07335498 0.01158999 -0.02524015
v -0.07272132 0.02443535 -0.02724510
v -0.07466718 0.03693077 -0.03054828
v -0.07568729 0.04503528 -0.03526497
v -0.07724902 0.02891895 -0.04268369
v -0.07570121 0.02312872 -0.03934310
v -0.05357712 -0.08734211 -0.07944460
v -0.05112619 -0.07668906 -0.08279879
v -0.00434936 0.02051340 0.05263156
v -0.00423027 0.01745153 0.05516701
v -0.02103499 0.03541524 -0.14847188
v -0.02056920 0.02153483 -0.14714286
v -0.04098889 0.02568216 -0.13862765
v -0.04117759 0.03892188 -0.13951725
v -0.06724788 -0.01203277 -0.08932551
v -0.07076471 -0.01159162 -0.07512370
v -0.01073048 -0.01042079 0.05726446
v -0.00754417 -0.00606716 0.05375431
v -0.00833247 -0.00898313 0.05466500
v -0.00756199 -0.00612042 0.05376759
v -0.01159595 -0.01282795 0.05933610
v -0.01425311 -0.01274961 0.06061608
v -0.00889002 -0.01320395 0.05375731
v -0.00784462 -0.01318236 0.05429447
v -0.00762251 -0.00879526 0.05493996
v -0.00783612 -0.00605178 0.05383172
v -0.00202044 -0.01575512 0.06617543
v -0.00263954 -0.01433211 0.06907336
v -0.00678680 -0.01326242 0.06794767
v -0.00517146 -0.01480093 0.06596389
v -0.00663855 -0.00612204 0.05454384
v -0.00576232 -0.00870954 0.05605262
v -0.00554720 -0.01052944 0.06189712
v -0.00732214 -0.00785112 0.05763539
v -0.00703490 -0.00632774 0.05496975
v -0.00758078 -0.01018866 0.06092027
v -0.00657960 -0.01595695 0.05889077
v -0.00914759 -0.01024036 0.05935027
v -0.07937392 -0.01955881 -0.05420328
v -0.05791985 -0.06626186 -0.03488185
v -0.06230823 -0.05148979 -0.04247000
v -0.06169694 -0.05221662 -0.04776851
v -0.05911547 -0.06794011 -0.04347157
v -0.08186980 0.00659079 -0.05795836
v -0.06525954 0.05605007 -0.00576541
v -0.06713814 0.06761418 -0.01459760
v -0.07270022 0.05646141 -0.02628670
v -0.07214259 0.04609580 -0.02191513
v -0.06774936 0.07752398 -0.02211033
v -0.07313026 0.06722902 -0.03299927
v -0.07650401 0.05549739 -0.04263946
v -0.07910719 0.03503348 -0.05607980
v -0.04199998 0.02031248 0.03277165
v -0.04218872 0.02014956 0.03292370
v -0.04063771 0.01992681 0.03424700
v -0.04068199 0.02000636 0.03408382
v -0.04156724 0.02035805 0.03215370
v -0.04010467 0.01996809 0.03322520
v -0.04251989 0.02076973 0.03112971
v -0.04299097 0.02052433 0.03166831
v -0.04319115 0.02032894 0.03179115
v -0.02454895 0.02182423 0.03640652
v -0.02534774 0.02195184 0.03575489
v -0.02803178 0.02097429 0.03565866
v -0.02719516 0.02104743 0.03699573
v -0.02426098 0.02150993 0.03675394
v -0.02705665 0.02071423 0.03736752
v -0.02856840 0.02343827 0.03003793
v -0.02799369 0.02375329 0.03003614
v -0.02938909 0.02308696 0.03001987
v -0.02254473 0.02344568 0.03418046
v -0.02258579 0.02421501 0.03406848
v -0.02759190 0.02449299 0.03004869
v -0.02757126 0.02403014 0.03000107
v -0.02302737 0.02303054 0.03440862
v -0.02134329 0.02305122 0.03456732
v -0.02021529 0.02329165 0.03406265
v -0.02013249 0.02453355 0.03399787
v -0.03227476 0.01954548 0.03731440
v -0.03242563 0.01874677 0.03730000
v -0.02767300 0.01914863 0.03755965
v -0.02730859 0.02005460 0.03753151
v -0.03213708 0.02006777 0.03718773
v -0.03557903 0.02006512 0.03625073
v -0.03562270 0.01958550 0.03636333
v -0.03567586 0.01878590 0.03628292
v -0.02433810 0.02013924 0.03736351
v -0.02428210 0.02106886 0.03710415
v -0.03562757 0.01810203 0.03622688
v -0.03259821 0.01806961 0.03714010
v -0.02784003 0.01844867 0.03750733
v -0.02430829 0.01967018 0.03744056
v -0.02154136 0.02096775 0.03688466
v -0.02269479 0.02120188 0.03690461
v -0.03265699 0.01729581 0.03691365
v -0.03276907 0.01643842 0.03683738
v -0.02783659 0.01669396 0.03747869
v -0.02792438 0.01772285 0.03753017
v -0.03570827 0.01728432 0.03593975
v -0.03577868 0.01631888 0.03576237
v -0.04429204 0.02024049 0.03006291
v -0.04484732 0.02066357 0.02915781
v -0.04477200 0.02006383 0.02923843
v -0.04439892 0.01972235 0.02970835
v -0.04741817 0.01682089 0.02607788
v -0.04836431 0.01795678 0.02515796
v -0.05003582 0.01703386 0.02331396
v -0.04886727 0.01573024 0.02472295
v -0.05746540 0.00639048 0.02016676
v -0.05134783 0.01259914 0.02374732
v -0.05282931 0.01400545 0.02164500
v -0.04378672 0.02015944 0.03086445
v -0.04315354 0.01997161 0.03180701
v -0.04377853 0.02043320 0.03085102
v -0.04426144 0.02067843 0.02991786
v -0.04390466 0.01944727 0.03051184
v -0.04317002 0.01932683 0.03157906
v -0.04220436 0.01984670 0.03293458
v -0.04221920 0.01918242 0.03280751
v -0.04060846 0.01893984 0.03416147
v -0.04059163 0.01965743 0.03429142
v -0.03851470 0.01959500 0.03536693
v -0.03882669 0.01998040 0.03519731
v -0.03854517 0.01877637 0.03524131
v -0.04062390 0.01826872 0.03383581
v -0.03853061 0.01813190 0.03503707
v -0.04215976 0.01844990 0.03237526
v -0.04318484 0.01869836 0.03110133
v -0.04400447 0.01893084 0.02998556
v -0.04472835 0.01919060 0.02920808
v -0.04524191 0.01972115 0.02865579
v -0.04445628 0.01822908 0.02936638
v -0.04524198 0.01735445 0.02848272
v -0.04387483 0.01704672 0.02984337
v -0.04341364 0.01796627 0.03055278
v -0.04543404 0.01860036 0.02849365
v -0.04636354 0.01780261 0.02740021
v -0.04230121 0.01777234 0.03185385
v -0.04243892 0.01691499 0.03132932
v -0.04060003 0.01663328 0.03298989
v -0.04061343 0.01747947 0.03347185
v -0.03787930 0.01747971 0.03467727
v -0.03802442 0.01646766 0.03428434
v -0.03210694 0.02016714 0.03695459
v -0.03200517 0.02031887 0.03539957
v -0.03540678 0.02003250 0.03480688
v -0.03562612 0.02004101 0.03596881
v -0.03886186 0.01994481 0.03502063
v -0.03821439 0.01982819 0.03409816
v -0.03516552 0.01975811 0.03368733
v -0.03345792 0.02214124 0.02966761
v -0.03451467 0.02212830 0.02925837
v -0.03785889 0.01969120 0.03298493
v -0.03210392 0.02016206 0.03420417
v -0.03201040 0.02228583 0.02996548
v -0.02883434 0.02103710 0.03432726
v -0.03054438 0.02268787 0.03001667
v -0.02609872 0.02182028 0.03477343
v -0.03381048 0.03189754 0.03700213
v -0.03363734 0.03191333 0.03752799
v -0.03949228 0.03058229 0.03683329
v -0.03890698 0.03068377 0.03620174
v -0.05170799 -0.00117222 -0.12121625
v -0.05307894 0.01402499 -0.12634884
v -0.04058078 0.00941921 -0.13604389
v -0.04087695 0.02829298 0.03530061
v -0.04093777 0.02916132 0.03514572
v -0.04331835 0.02791272 0.03329092
v -0.04308370 0.02711955 0.03331944
v -0.04085332 0.02730507 0.03550815
v -0.04278480 0.02607859 0.03344836
v -0.03818285 0.02854474 0.03752002
v -0.03831351 0.02960937 0.03729766
v -0.03836961 0.03036553 0.03665362
v -0.04210170 0.02516589 0.02935889
v -0.04136351 0.02595607 0.03007788
v -0.04193832 0.02556349 0.03143906
v -0.04295973 0.02494111 0.03018359
v -0.04275607 0.02457414 0.02872878
v -0.04360234 0.02440559 0.02930786
v -0.03754541 0.02448918 0.02722791
v -0.03719700 0.02472797 0.02752983
v -0.03668996 0.02514885 0.02798251
v -0.03770376 0.02419289 0.02706172
v -0.03777422 0.02386372 0.02698310
v -0.03776515 0.02356189 0.02699526
v -0.03766078 0.02326830 0.02713944
v -0.05996970 -0.01034382 0.01956658
v -0.05987843 0.00095001 0.01901230
v -0.06218742 -0.00750878 0.01542472
v -0.04355226 0.02072403 0.03067466
v -0.04407745 0.02105384 0.02978676
v -0.04305651 0.02103761 0.03023686
v -0.04357130 0.02137447 0.02950246
v -0.04465030 0.02155819 0.02891581
v -0.04495970 0.02126620 0.02887488
v -0.04096618 0.02031373 0.03139344
v -0.03655084 0.02226520 0.02845809
v -0.03699452 0.02246472 0.02806227
v -0.04173269 0.02088932 0.03045812
v -0.03965773 0.01986485 0.03215770
v -0.03583425 0.02212404 0.02886668
v -0.03727582 0.02274673 0.02773592
v -0.03748548 0.02298536 0.02739512
v -0.04212118 0.02126386 0.02973384
v -0.04257135 0.02171298 0.02905887
v -0.04395107 0.02199461 0.02894154
v -0.04313187 0.02282033 0.02818298
v -0.04315258 0.02335970 0.02819389
v -0.04412326 0.02250587 0.02868243
v -0.04423657 0.02314956 0.02859015
v -0.04294360 0.02227746 0.02846446
v -0.04301124 0.02397358 0.02837151
v -0.04399129 0.02370602 0.02885194
v -0.04516495 0.02068812 0.02874383
v -0.04519862 0.02159397 0.02852084
v -0.04578093 0.02249335 0.02791868
v -0.04564030 0.02058131 0.02819393
v -0.04633989 0.02042810 0.02739790
v -0.04595624 0.01925518 0.02777542
v -0.04673859 0.02301773 0.02737367
v -0.04793783 0.02313986 0.02614870
v -0.04770778 0.02008582 0.02612949
v -0.04701170 0.01874690 0.02660665
v -0.04487202 0.02214334 0.02852683
v -0.04510949 0.02274786 0.02823635
v -0.04616874 0.02421416 0.02864720
v -0.04684784 0.02495062 0.02826155
v -0.04551748 0.02367632 0.02885332
v -0.04499775 0.02441329 0.03009317
v -0.04541306 0.02512395 0.02999680
v -0.04602264 0.02575617 0.02975347
v -0.04446055 0.02599973 0.03154803
v -0.04490820 0.02675751 0.03141985
v -0.04412408 0.02515078 0.03159349
v -0.04492176 0.02355380 0.02883979
v -0.04442234 0.02421289 0.02980620
v -0.04364187 0.02488343 0.03111824
v -0.04247180 0.02531675 0.03299004
v -0.04054990 0.02635520 0.03507523
v -0.03997891 0.02647431 0.03322320
v -0.03785485 0.02761250 0.03697817
v -0.03716213 0.02746578 0.03510267
v -0.03395089 0.03202485 0.03909316
v -0.04028461 0.03125395 0.03761566
v -0.03685176 0.02755369 0.03302030
v -0.03438313 0.02583321 0.02943934
v -0.03277765 0.02592593 0.02999503
v -0.03360636 0.02750404 0.03429505
v -0.02324439 0.02485737 0.03452464
v -0.02411480 0.02568956 0.03512543
v -0.02829671 0.02504680 0.03046100
v -0.02785303 0.02477591 0.03024836
v -0.02156477 0.02506399 0.03509866
v -0.02297022 0.02586769 0.03592986
v -0.02782022 0.02681232 0.03529003
v -0.02994177 0.02550342 0.03060754
v -0.02895253 0.02526868 0.03059532
v -0.02595787 0.02628761 0.03515695
v -0.02723393 0.02734535 0.03715160
v -0.02465469 0.02654869 0.03657439
v -0.03384558 0.02786155 0.03632420
v -0.02223328 0.07175871 -0.14442596
v -0.02187369 0.05589999 -0.14812218
v -0.04143558 0.05783511 -0.13917953
v -0.04129179 0.07159348 -0.13616632
v -0.03932508 0.02688556 0.03166037
v -0.03569259 0.02554717 0.02871892
v -0.05118437 0.07267664 -0.12850223
v -0.05029268 0.08135592 -0.12544101
v -0.04165194 0.08334987 -0.13086313
v -0.03749799 -0.06388360 -0.10052057
v -0.02739249 -0.07549848 -0.10722948
v -0.01939417 0.02500355 0.03623146
v -0.02120646 0.02615180 0.03672381
v -0.01821860 0.02399747 0.03585997
v -0.01756689 0.02384266 0.03595690
v -0.01867875 0.02513578 0.03626548
v -0.02025994 0.02638647 0.03677089
v -0.02347763 0.02711402 0.03727209
v -0.02277255 0.02748952 0.03774830
v -0.02638558 0.02866392 0.03883857
v -0.02645915 0.02797583 0.03835266
v -0.03393632 0.02848156 0.03819794
v -0.03415010 0.02932167 0.03884000
v -0.02582325 0.02959317 0.03848184
v -0.02223967 0.02807299 0.03726084
v -0.02519263 0.03079478 0.03752496
v -0.02221866 0.02926251 0.03629697
v -0.03416947 0.03129850 0.03765596
v -0.03423708 0.03031675 0.03842707
v -0.02142142 0.02196445 0.03645466
v -0.01917140 0.02219478 0.03625940
v -0.02198739 0.02237798 0.03634376
v -0.01955768 0.02258133 0.03606225
v -0.02321847 0.02259794 0.03548943
v -0.01856087 0.02297311 0.03580011
v -0.01789234 0.02270710 0.03599761
v -0.02408486 0.02247977 0.03481627
v -0.01797077 0.02523651 0.03584855
v -0.01668241 0.02364694 0.03578664
v -0.01715678 0.02583976 0.03474683
v -0.01638989 0.02382954 0.03543400
v -0.01953468 0.02803255 0.03484093
v -0.01957920 0.02674827 0.03601381
v -0.01690819 0.02254180 0.03586680
v -0.01758791 0.02203045 0.03612819
v -0.01643517 0.02267345 0.03566714
v -0.01711740 0.02204321 0.03599093
v -0.02405787 0.01897262 0.03745821
v -0.02391553 0.01827002 0.03745192
v -0.02081886 0.02038841 0.03695524
v -0.02047484 0.02011082 0.03680198
v -0.03256443 0.01558272 0.03649465
v -0.03575256 0.01545069 0.03559477
v -0.03227425 0.01458511 0.03650114
v -0.03568104 0.01433923 0.03539608
v -0.02735070 0.01516395 0.03748244
v -0.02770773 0.01593459 0.03749304
v -0.03146783 -0.12026460 -0.01518232
v -0.04617636 0.01624054 0.02763054
v -0.04730278 0.01492364 0.02675846
v -0.04558681 0.01449430 0.02865566
v -0.04458743 0.01600337 0.02917327
v -0.04288640 0.01581332 0.03084655
v -0.04341156 0.01427391 0.03060825
v -0.04093205 0.01419724 0.03231793
v -0.04062307 0.01559123 0.03258950
v -0.03810329 0.01560137 0.03394677
v -0.03870872 0.01412233 0.03384280
v -0.04931078 0.01924958 0.02440238
v -0.04994230 0.02258723 0.02367670
v -0.05081138 0.01822834 0.02251713
v -0.05207865 0.02178162 0.02128606
v -0.01563041 0.02690861 0.03472180
v -0.01543140 0.02423344 0.03484789
v -0.01423492 0.02745828 0.03551735
v -0.01424033 0.02485981 0.03532195
v -0.01535218 0.02993813 0.03626021
v -0.01709818 0.02945480 0.03507040
v -0.01592208 0.02287131 0.03548572
v -0.01666226 0.02187499 0.03565224
v -0.01504830 0.02282574 0.03565613
v -0.01595180 0.02143373 0.03592524
v -0.02374692 0.01773082 0.03727960
v -0.02328755 0.01687528 0.03738613
v -0.02021419 0.01971390 0.03666393
v -0.01936021 0.01887207 0.03685497
v -0.04993828 -0.01251933 -0.11680661
v -0.05369790 0.03007445 -0.12855010
v -0.04664907 0.03436524 0.03325203
v -0.04451173 0.03205996 0.03473221
v -0.04117849 0.03335191 0.03722122
v -0.04246478 0.03621009 0.03640140
v -0.04950545 0.03750148 0.03111402
v -0.05172383 0.03427620 0.02829450
v -0.04923295 0.03215341 0.03030166
v -0.04711802 0.03046738 0.03212858
v -0.05078933 0.02527647 0.02429605
v -0.04913985 0.02557714 0.02626317
v -0.04916988 0.02708355 0.02760340
v -0.05095354 0.02738990 0.02589424
v -0.05290744 0.02502464 0.02193088
v -0.05335426 0.02801327 0.02370304
v -0.05027338 0.02973498 0.02797242
v -0.04831270 0.02871130 0.02963141
v -0.05277812 0.03091132 0.02598434
v -0.02262811 0.03397577 0.03883882
v -0.02338977 0.03299513 0.03785829
v -0.02092778 0.03117110 0.03634864
v -0.01944837 0.03168039 0.03663336
v -0.02163190 0.03520571 0.03935374
v -0.01736442 0.03241332 0.03718467
v -0.03544818 0.03674990 0.03986214
v -0.03483757 0.03433251 0.03980669
v -0.02482477 0.03160222 0.03682433
v -0.02283109 0.03024415 0.03655573
v -0.02431589 0.03158611 0.03669049
v -0.02232514 0.03013517 0.03622546
v -0.05892756 0.09215582 -0.10786486
v -0.06093784 0.09791102 -0.09560431
v -0.04455958 0.10890815 -0.10168423
v -0.04379646 0.10164903 -0.11376992
v -0.04116931 0.02937678 0.03544080
v -0.04204354 0.02946293 0.03537201
v -0.04433095 0.02834439 0.03343365
v -0.04368238 0.02825966 0.03369680
v -0.04555481 0.02722305 0.03155432
v -0.04613462 0.02741981 0.03139654
v -0.04708190 0.02641791 0.02959791
v -0.04663128 0.02632665 0.02986665
v -0.04715526 0.02560443 0.02851405
v -0.04759056 0.02558793 0.02794102
v -0.02218591 0.03077583 0.03656396
v -0.02403840 0.03187505 0.03727278
v -0.05266831 0.06065805 -0.13001607
v -0.04294873 0.07121190 0.02003372
v -0.04977304 0.06779214 0.01390693
v -0.04732626 0.06071979 0.01846314
v -0.04284242 0.03023245 0.03569016
v -0.04534287 0.02910350 0.03337374
v -0.04701300 0.02791427 0.03097314
v -0.04794424 0.02674008 0.02893700
v -0.04835332 0.02591761 0.02770012
v -0.07321472 -0.01484089 -0.04088686
v -0.07344448 -0.01472735 -0.04255826
v -0.08034451 -0.00479660 -0.06726399
v -0.07859302 0.00149222 -0.06598671
v -0.07741803 0.00493407 -0.06459973
v -0.08127525 0.01220289 -0.05267410
v -0.08274381 0.01558134 -0.05553129
v -0.08448239 -0.02249233 -0.05966273
v -0.08143077 -0.02472328 -0.05594856
v -0.08437931 -0.02172923 -0.06029646
v -0.08930168 0.01197017 -0.06380168
v -0.08979992 0.01039411 -0.06499677
v -0.09074229 0.01005939 -0.06449232
v -0.04302980 -0.03442522 -0.10764447
v -0.04753566 -0.02151189 -0.11341604
v -0.09006900 0.00873088 -0.06621922
v -0.07506544 -0.00998836 -0.04505043
v -0.08136469 -0.00510620 -0.06742166
v -0.08292764 -0.00544184 -0.06907579
v -0.08384474 -0.01024263 -0.06903537
v -0.08314833 -0.00990916 -0.06844400
v -0.08320213 -0.01536846 -0.06727241
v -0.08260019 -0.01469588 -0.06676681
v -0.08566055 -0.01881654 -0.06301811
v -0.08569186 -0.01440660 -0.06577932
v -0.08365708 0.01606505 -0.05681924
v -0.08382352 0.01531771 -0.05610674
v -0.08436081 0.01612549 -0.05710739
v -0.07596868 -0.01110425 -0.04636670
v -0.07948498 0.00994369 -0.05267368
v -0.07920510 0.00826159 -0.05104338
v -0.07893986 0.00864551 -0.05145383
v -0.07423243 -0.00632114 -0.05029428
v -0.07400064 -0.00551052 -0.05052307
v -0.07530911 -0.00776236 -0.05000091
v -0.07691602 -0.00899613 -0.04785724
v -0.07141975 -0.01646768 -0.04963656
v -0.07125532 -0.01717437 -0.05099265
v -0.07072368 -0.01781079 -0.05022229
v -0.08710149 0.02163550 -0.05886282
v -0.07933719 0.00733131 -0.05066856
v -0.08048671 0.00837176 -0.05107646
v -0.08122703 0.00941667 -0.05137329
v -0.08515449 0.01546054 -0.05708925
v -0.08168461 0.01028776 -0.05149380
v -0.08073157 0.01032161 -0.05175329
v -0.08197504 0.01196962 -0.05249192
v -0.08007273 0.01037830 -0.05208175
v -0.07707081 -0.01357064 -0.06258014
v -0.07597908 -0.01372802 -0.06089163
v -0.07505140 0.00524238 -0.04133535
v -0.07536166 0.00328726 -0.04359391
v -0.08039254 -0.02551819 -0.05376492
v -0.07700276 0.01041330 -0.05924695
v -0.07775641 0.01364614 -0.06099688
v -0.08727727 -0.01026747 -0.06713787
v -0.08169200 -0.01676885 -0.05691909
v -0.07944474 -0.01790521 -0.05601768
v -0.08412386 -0.01541571 -0.05820575
v -0.08573009 -0.01284522 -0.05992065
v -0.07623794 0.00180215 -0.05465443
v -0.08452015 0.00617334 -0.05998303
v -0.08481328 0.00417524 -0.06082283
v -0.08321919 0.00627726 -0.05891469
v -0.07877080 0.01697887 -0.05936096
v -0.07917404 0.01677009 -0.05705132
v -0.07647657 0.01330994 -0.05847197
v -0.07911625 0.01496824 -0.05670741
v -0.07321787 -0.01319274 -0.04941994
v -0.07183579 -0.01863755 -0.05250307
v -0.07341000 -0.01728881 -0.05425755
v -0.07287764 -0.01923705 -0.05360067
v -0.07402849 -0.01821355 -0.05534044
v -0.07429706 -0.01701852 -0.05684049
v -0.07471351 -0.01540101 -0.05814560
v -0.07624899 -0.01343679 -0.05838102
v -0.07302429 -0.00920867 -0.05011559
v -0.07881367 0.01762337 -0.04844838
v -0.07255796 -0.01098365 -0.05005035
v -0.07446978 -0.00759610 -0.05005426
v -0.07435406 -0.00929774 -0.04971488
v -0.07385474 -0.01117548 -0.04944892
v -0.07770623 -0.02085338 -0.05024293
v -0.07783180 -0.01941184 -0.05277903
v -0.07647771 -0.02011281 -0.04972633
v -0.07810803 -0.01884069 -0.05485750
v -0.07542403 -0.01971371 -0.04949119
v -0.07847633 0.01137114 -0.05874429
v -0.07924576 0.01443267 -0.05836458
v -0.07338002 -0.01146149 -0.03929849
v -0.06436599 -0.00249113 0.01047738
v -0.06604219 0.00698347 0.00494710
v -0.02857273 -0.05291713 0.03169721
v -0.02783838 -0.05587013 0.03203877
v -0.05674825 -0.01287187 0.02357633
v -0.05211769 -0.01573497 0.02801221
v -0.02716008 -0.04801984 0.04421150
v -0.02646216 -0.04916355 0.04427464
v -0.02556827 -0.04842554 0.04449510
v -0.02615171 -0.04783082 0.04426726
v -0.02484598 -0.04689375 0.04267399
v -0.02527697 -0.04715191 0.04193554
v -0.02537867 -0.04739844 0.04330394
v -0.02510092 -0.04744843 0.04394886
v -0.02998103 -0.03044187 0.04535241
v -0.03280333 -0.02663464 0.04246927
v -0.03595550 -0.03186272 0.04155539
v -0.03297814 -0.03528832 0.04418747
v -0.02668495 -0.04922479 0.03433960
v -0.02655383 -0.04718671 0.03492143
v -0.02563597 -0.04683295 0.03801545
v -0.02579280 -0.04780313 0.03745135
v -0.02665426 -0.05050272 0.03430519
v -0.02574123 -0.04842918 0.03742059
v -0.02842829 -0.05093830 0.03166246
v -0.02817441 -0.04796296 0.03199110
v -0.03593105 -0.05675850 0.03949587
v -0.03255982 -0.05378323 0.04161713
v -0.03351631 -0.04995137 0.04219944
v -0.03710681 -0.05130096 0.04024793
v -0.02577207 -0.01704735 0.04287196
v -0.02961526 -0.02148150 0.04275250
v -0.02692001 -0.02605373 0.04503008
v -0.02291153 -0.02039776 0.04455151
v -0.01918933 -0.01500943 0.04517174
v -0.02195693 -0.01180161 0.04326963
v -0.01852521 -0.00622427 0.04932746
v -0.01958310 -0.01012054 0.05065285
v -0.01889751 -0.01154479 0.05428450
v -0.01932263 -0.00889270 0.05318282
v -0.01687409 -0.01588132 0.05254422
v -0.01955503 -0.01256868 0.04891209
v -0.01205742 -0.01734883 0.05315557
v -0.01191024 -0.01696570 0.05420870
v -0.01682115 -0.01623072 0.05094900
v -0.01661642 -0.01733256 0.04915386
v -0.01237364 -0.01820755 0.05221111
v -0.01138448 -0.01649329 0.05504645
v -0.01461360 -0.01601016 0.05499327
v -0.01622670 -0.01372469 0.05659512
v -0.00444438 -0.01554087 0.06368974
v -0.00572521 -0.01433578 0.06570261
v -0.01019925 0.01641105 0.04878319
v -0.01303225 0.01319821 0.04599215
v -0.01015570 0.01363403 0.05083141
v -0.01289138 0.01072057 0.04790314
v -0.01546166 -0.01170988 0.06026442
v -0.01723940 -0.00939110 0.05888272
v -0.01275360 -0.01082970 0.06405475
v -0.01377157 -0.00787399 0.06376621
v -0.00401984 0.03025511 0.04685088
v -0.00204523 -0.01912954 0.05931541
v -0.00235367 -0.01979279 0.05900152
v -0.00179889 -0.01760003 0.06104220
v -0.02286088 0.09467193 -0.13165462
v -0.02329693 0.10702236 -0.12056042
v -0.02229786 0.11986463 -0.09793368
v -0.02001440 0.12392526 -0.08576266
v -0.00497457 -0.03921447 0.05970034
v -0.00483700 -0.03608069 0.06001873
v -0.01258899 -0.04353831 0.04340678
v -0.00696719 -0.04396975 0.04505860
v -0.00674134 -0.04510066 0.04817303
v -0.01247944 -0.04492492 0.04663491
v -0.01667023 -0.04477429 0.04471114
v -0.01739563 -0.04352823 0.04134648
v -0.01283484 -0.04217254 0.04088869
v -0.00712388 -0.04239423 0.04203647
v -0.01182748 -0.04604179 0.05223661
v -0.00641269 -0.04618364 0.05454473
v -0.00564243 -0.04479445 0.05693831
v -0.01120729 -0.04459050 0.05421808
v -0.01917024 -0.02201275 0.04773528
v -0.01509366 -0.02143395 0.05081173
v -0.01057183 -0.02168525 0.05460007
v -0.00701212 -0.02221895 0.05720848
v -0.00605546 -0.01993487 0.05710624
v -0.00892749 -0.01910587 0.05493157
v -0.00576206 -0.01888797 0.05719229
v -0.00849939 -0.01819702 0.05524875
v -0.00830010 -0.01756918 0.05562483
v -0.00910928 -0.01687440 0.05598294
v -0.00718986 -0.01690026 0.05733672
v -0.00782613 -0.01626455 0.05728232
v -0.00570947 -0.01813735 0.05740995
v -0.00436954 0.00727622 0.06343921
v -0.00403562 0.01074491 0.06030155
v -0.00998711 -0.03406319 0.05832168
v -0.00498978 -0.03340214 0.05996469
v -0.00424832 -0.02865012 0.05912880
v -0.00911742 -0.02860787 0.05791032
v -0.01402886 -0.02935648 0.05543492
v -0.01522323 -0.03559194 0.05552356
v -0.00262366 -0.02080544 0.05871533
v -0.00990131 -0.03667161 0.05797234
v -0.01001831 -0.03938874 0.05738559
v -0.01529741 -0.03818597 0.05501849
v -0.01531962 -0.04058285 0.05405537
v -0.02006852 -0.03805580 0.05206722
v -0.01966484 -0.03121109 0.05239521
v -0.02572456 -0.03358595 0.04891713
v -0.02436382 -0.04106393 0.04848809
v -0.03329074 -0.04613548 0.04335658
v -0.02858792 -0.04849404 0.04389683
v -0.02834889 -0.04669610 0.04447633
v -0.02779846 -0.04507295 0.04533349
v -0.03242808 -0.04226892 0.04476734
v -0.03678678 -0.04581180 0.04179618
v -0.03549542 -0.04035522 0.04324190
v -0.03024764 -0.03814180 0.04642126
v -0.02672619 -0.04327464 0.04642565
v -0.02710954 -0.04672782 0.04467853
v -0.02617999 -0.04707454 0.04452213
v -0.02653784 -0.04566840 0.04532853
v -0.02564484 -0.04625700 0.04506764
v -0.02566954 -0.04477255 0.04624232
v -0.02480182 -0.04567415 0.04577006
v -0.02332549 -0.04484702 0.04691573
v -0.02392333 -0.04331539 0.04770911
v -0.02392032 -0.04635966 0.04336257
v -0.02266641 -0.04626627 0.04425978
v -0.02249246 -0.04625636 0.04530398
v -0.02373265 -0.04655191 0.04425064
v -0.02492933 -0.04673248 0.04247364
v -0.02452175 -0.04684843 0.04371137
v -0.02503761 -0.04635490 0.03881334
v -0.02425176 -0.04570815 0.03953002
v -0.02553623 -0.04688414 0.04178816
v -0.02555655 -0.04727015 0.04288189
v -0.02534566 -0.04735478 0.04416004
v -0.02498361 -0.04665982 0.04446772
v -0.02418525 -0.04614317 0.04505388
v -0.02286263 -0.04572342 0.04609961
v -0.01546869 -0.04278365 0.05299752
v -0.01947868 -0.04251534 0.05069131
v -0.01931358 -0.04429237 0.04946364
v -0.01564732 -0.04511154 0.05138595
v -0.01927651 -0.04572517 0.04829315
v -0.01815429 -0.04217691 0.03856075
v -0.01591727 -0.04599077 0.04946785
v -0.02176465 -0.04405873 0.03851993
v -0.02298373 -0.04292087 0.03580304
v -0.02084103 -0.04508176 0.04192641
v -0.02595573 -0.04605766 0.03584432
v -0.02511459 -0.04490091 0.03627750
v -0.02770479 -0.04574966 0.03272087
v -0.02659249 -0.04410363 0.03358824
v -0.01963811 -0.04603568 0.04671736
v -0.01980353 -0.04055615 0.05139838
v -0.01049558 -0.04190366 0.05593121
v -0.00521104 -0.04196578 0.05852116
v -0.00512796 -0.00067637 0.07005800
v -0.00486830 0.00369474 0.06655975
v -0.02521984 -0.04792196 0.04443456
v -0.00969634 -0.12868403 -0.00020360
v -0.02782127 -0.05012769 0.04372996
v -0.02621964 -0.05276404 0.03443966
v -0.02523036 -0.04947203 0.03774574
v -0.03307627 -0.06194083 0.03980983
v -0.02812768 -0.06614107 0.04213575
v -0.02661647 -0.06127357 0.04431400
v -0.03050501 -0.05790459 0.04196449
v -0.02421161 -0.05442096 0.04683047
v -0.02650564 -0.05190215 0.04469398
v -0.02533393 -0.05046480 0.04536484
v -0.02297917 -0.05185861 0.04747511
v -0.02238969 -0.04986645 0.04792134
v -0.02448126 -0.04915246 0.04552060
v -0.02167297 -0.04622999 0.04760969
v -0.01741196 -0.04514370 0.05063855
v -0.01626956 -0.04929487 0.04529329
v -0.02068330 -0.05023200 0.04251976
v -0.02437578 -0.04956870 0.03904838
v -0.02425695 -0.04678397 0.04377243
v -0.02211032 -0.04701932 0.04818266
v -0.02444074 -0.04740822 0.04516947
v -0.01782530 -0.04578363 0.05172272
v -0.02031416 -0.12572111 -0.00646996
v -0.02441020 -0.04813454 0.04542482
v -0.02216393 -0.04803241 0.04796282
v -0.01804848 -0.04731477 0.05186487
v -0.01839134 -0.04990739 0.05193562
v -0.01878109 -0.05262180 0.05194159
v -0.01971849 -0.05615677 0.05137598
v -0.02153290 -0.06444589 0.04823618
v -0.02222085 -0.06995174 0.04627312
v -0.01567597 -0.06583397 0.05192749
v -0.01610687 -0.07128926 0.05081672
v -0.01496895 -0.05703971 0.05552419
v -0.01444755 -0.05276122 0.05645778
v -0.01409031 -0.04957666 0.05611276
v -0.01398418 -0.04674343 0.05565812
v -0.00336713 -0.02271390 0.05850911
v -0.00580446 -0.01680291 0.05870426
v -0.00456558 -0.01631121 0.06104009
v -0.00818508 -0.01276321 0.06643225
v -0.00176701 -0.01665320 0.06346472
v -0.01113801 -0.01117232 0.06579642
v -0.00922780 -0.01170823 0.06731141
v -0.00992555 -0.01009509 0.06817932
v -0.01126916 -0.00932278 0.06702641
v -0.00758505 -0.01234705 0.06862192
v -0.00898270 -0.01037462 0.06917597
v -0.00312232 -0.01332102 0.07040414
v -0.00411529 -0.01009082 0.07235606
v -0.00503349 -0.00448290 0.07199004
v -0.00452457 -0.00792483 0.07264987
v -0.01038858 -0.00845125 0.06865436
v -0.01155975 -0.00640589 0.06680420
v -0.01176446 -0.00302209 0.06470641
v -0.01444065 -0.00491144 0.06135060
v -0.01074132 0.12818304 -0.04318177
v -0.01365198 -0.04495012 0.05514575
v -0.01273961 -0.04417749 0.05350216
v -0.01491873 -0.06000471 0.03802025
v -0.01524917 -0.05552575 0.04064280
v -0.01088676 -0.05493023 0.04240126
v -0.01018216 -0.05995724 0.04023039
v -0.00849581 -0.04354614 0.05515995
v -0.00772904 -0.04825473 0.04871560
v -0.01157910 -0.04854362 0.04741451
v -0.00885224 -0.04420544 0.05702463
v -0.00918367 -0.04601877 0.05792967
v -0.00943600 -0.04889883 0.05909546
v -0.00712200 -0.05496216 0.04364739
v -0.00651447 -0.06009551 0.04138391
v -0.02477241 -0.05405702 0.03552197
v -0.02517019 -0.05831382 0.03327448
v -0.02022991 -0.05553345 0.03827854
v -0.02027773 -0.05898562 0.03606310
v -0.00980738 -0.07139415 0.05434099
v -0.00961256 -0.06599866 0.05475192
v -0.00957989 -0.05255579 0.05939358
v -0.00962663 -0.05725262 0.05818435
v -0.02316958 0.11469331 -0.10983074
v -0.06176983 0.07439766 -0.00739521
v -0.05958695 0.06753390 -0.00035778
v -0.05294079 0.07463061 0.00631876
v -0.05527571 0.08025426 -0.00005961
v -0.06257999 0.08236563 -0.01513079
v -0.05601528 0.08704656 -0.00733783
v -0.04017569 0.12078687 -0.06181355
v -0.04057396 0.11984814 -0.04787460
v -0.02172160 0.12561876 -0.04436134
v -0.03518794 0.12109650 -0.07547724
v -0.04760244 0.11299989 -0.08469412
v -0.04956892 0.11536518 -0.06562432
v -0.04930890 0.11489293 -0.05062851
v -0.02759348 -0.08804779 -0.10808322
v -0.05360249 0.04300895 -0.12952435
v -0.04786582 0.11360634 -0.03713942
v -0.03977013 0.11773446 -0.03445888
v -0.03915234 0.11438611 -0.02249064
v -0.04643195 0.11107022 -0.02578528
v -0.02152975 0.12293743 -0.03030796
v -0.01072152 0.12506741 -0.02869094
v -0.02012829 0.00541937 -0.14385450
v -0.00404477 0.01436637 0.05758810
v -0.04859578 -0.05063140 -0.09157763
v -0.05816662 -0.05126283 -0.07377105
v -0.06026727 -0.10465641 -0.05071227
v -0.07112870 -0.02790713 -0.05526658
v -0.07078534 -0.02712247 -0.05584455
v -0.05976501 -0.06639742 -0.05531634
v -0.06122209 -0.05204641 -0.05593677
v -0.03921895 -0.04975129 -0.10304184
v -0.07960457 -0.01639170 -0.06589288
v -0.08046172 -0.01287096 -0.06696209
v -0.08092583 -0.01718409 -0.06553246
v -0.08169734 -0.01329163 -0.06677739
v -0.08166187 -0.00904353 -0.06745555
v -0.08155331 -0.01888431 -0.06477126
v -0.07912677 0.01680650 -0.05576720
v -0.08107793 0.01821658 -0.05468273
v -0.07056091 -0.02960831 -0.05119644
v -0.07052516 -0.02893895 -0.05290461
v -0.06984351 -0.02929481 -0.05215647
v -0.06968166 -0.02974941 -0.05081601
v -0.07020611 -0.03043144 -0.04956691
v -0.06934524 -0.03028531 -0.04968908
v -0.07797573 0.03427435 -0.04783690
v -0.06750243 -0.02937540 -0.05332938
v -0.07001514 -0.02775093 -0.05561686
v -0.07001374 -0.02839883 -0.05418664
v -0.06948867 -0.02925254 -0.05283028
v -0.06870983 -0.03009362 -0.05077003
v -0.06858195 -0.03097070 -0.04914552
v -0.06945600 -0.03160183 -0.04856874
v -0.08188328 -0.01991614 -0.06507862
v -0.07478850 -0.03049154 -0.05369170
v -0.07798053 0.01038070 -0.06070043
v -0.07808758 0.00856985 -0.06235127
v -0.08044986 0.01015935 -0.06363409
v -0.08032158 0.01221173 -0.06220938
v -0.06018263 -0.01163230 -0.10489050
v -0.06239264 -0.00039717 -0.10951728
v -0.01404650 -0.08588882 -0.11257696
v -0.01367261 -0.07259850 -0.11278278
v -0.07642201 0.03238964 -0.09414007
v -0.07798822 0.01185706 -0.05946734
v -0.08047963 0.01380465 -0.06091341
v -0.08062694 -0.00878653 -0.06742760
v -0.07607652 0.01166097 -0.05972711
v -0.07638753 0.01000267 -0.06104901
v -0.08181316 0.01543667 -0.06250298
v -0.08166358 0.01356274 -0.06386150
v -0.08199787 0.01127310 -0.06522471
v -0.07669301 0.00812025 -0.06243380
v -0.07875023 0.01542102 -0.06107146
v -0.08034587 0.06299027 -0.07025154
v -0.07980155 0.05729393 -0.08403308
v -0.07688813 0.07997398 -0.07331876
v -0.07612815 0.07518867 -0.08831194
v -0.07184271 0.06941097 -0.10396501
v -0.07532856 0.05041386 -0.09974237
v -0.07913233 0.01680098 -0.05597338
v -0.08213142 0.01918734 -0.05501187
v -0.06318826 0.08896092 -0.02245932
v -0.06840503 0.08422721 -0.02951152
v -0.05631302 0.09306608 -0.01400477
v -0.05624743 0.09853470 -0.02023717
v -0.06265563 0.09526949 -0.02899700
v -0.07005141 0.08878652 -0.04099245
v -0.07926881 0.05341859 -0.05605662
v -0.07834517 0.06816883 -0.05637524
v -0.07506306 0.07194079 -0.04301525
v -0.07460588 0.08460030 -0.05790744
v -0.06595609 0.09809733 -0.04685887
v -0.06981718 0.09476431 -0.06123636
v -0.05898138 0.10670111 -0.05034850
v -0.06123283 0.10499787 -0.06488077
v -0.06123615 0.10262597 -0.08066213
v -0.07161087 0.09101683 -0.07630682
v -0.06090616 0.10094849 -0.03475914
v -0.05472727 0.10350025 -0.02524805
v -0.05594818 0.10746780 -0.03789018
v -0.05252980 0.10767657 -0.02948286
v -0.07287941 0.07342540 -0.03595243
v -0.06404720 -0.03547049 -0.04949139
v -0.06539159 -0.03601903 -0.04458475
v -0.07136074 -0.02576246 -0.03712546
v -0.06871079 -0.00022733 -0.00210665
v -0.06888597 0.01230563 -0.00442813
v -0.07233159 0.00430003 -0.01514772
v -0.07039912 -0.01059585 -0.01376612
v -0.06665868 0.02605374 -0.00628357
v -0.07114240 0.01832562 -0.01656896
v -0.07083905 0.03282163 -0.01839272
v -0.06620155 0.03997953 -0.00638780
v -0.06327878 0.06409071 -0.11886544
v -0.06560548 0.04710167 -0.11717431
v -0.06609721 0.03405042 -0.11582504
v -0.04617534 0.05493330 0.02364591
v -0.02259528 0.08562935 -0.13798836
v -0.04526224 0.07856498 0.01307728
v -0.05544325 0.08478370 -0.11863255
v -0.04238831 0.09093578 -0.12497590
v -0.07103962 0.08646421 -0.09117138
v -0.06802235 0.08148652 -0.10433789
v -0.06016245 0.07525309 -0.11900563
v -0.06523535 0.01752732 -0.11433795
v -0.04687282 0.10685536 -0.01864636
v -0.05563603 0.02454827 0.01876769
v -0.05498649 0.02030663 0.01811657
v -0.05612882 0.02897372 0.02031743
v -0.05343938 0.01572056 0.02009601
v -0.01614472 0.01001355 0.04356126
v -0.01594300 0.00788494 0.04535674
v -0.01549084 0.00528898 0.04724863
v -0.01910188 0.00527949 0.04309590
v -0.01837812 0.00220660 0.04468605
v -0.01234456 0.00515653 0.05235738
v -0.01264598 0.00796174 0.05009374
v -0.01474355 0.00264893 0.04887102
v -0.01474858 -0.00036005 0.05074550
v -0.01235402 0.00220694 0.05476997
v -0.01969275 -0.01251347 0.04655140
v -0.01987604 -0.00788457 0.04469582
v -0.01732456 -0.00375034 0.04710759
v -0.02196314 -0.00067278 0.04315777
v -0.02085540 -0.00410688 0.04388477
v -0.01751924 -0.00059108 0.04577040
v -0.02311762 0.00273506 0.04145890
v -0.01643194 -0.00348094 0.05350691
v -0.01784220 -0.00705496 0.05669921
v -0.01323649 -0.00122109 0.05814529
v -0.01120505 0.00049524 0.06139456
v -0.01066209 0.00423445 0.05820167
v -0.01969704 0.00764254 0.04166151
v -0.02420136 0.00535950 0.04026278
v -0.02442097 -0.00776675 0.04291038
v -0.02906474 -0.01169395 0.04237786
v -0.02633128 -0.00344499 0.04189587
v -0.03047914 -0.00662845 0.04103138
v -0.02735009 0.00020517 0.04043213
v -0.03155493 -0.00263508 0.03942605
v -0.03292692 -0.01669492 0.04163349
v -0.03650397 -0.02139114 0.04051787
v -0.03969907 -0.02785493 0.03901145
v -0.03898073 -0.01591327 0.03882333
v -0.04288450 -0.02222030 0.03652599
v -0.04073348 -0.01002866 0.03698667
v -0.04508777 -0.01635708 0.03455020
v -0.03504101 -0.01064384 0.04000100
v -0.03640056 -0.00616595 0.03829565
v -0.03265947 0.00115619 0.03788577
v -0.02854388 0.00340138 0.03905379
v -0.04151970 0.00178644 0.03433639
v -0.04132753 -0.00414181 0.03548705
v -0.03706888 -0.00133630 0.03669853
v -0.03759895 0.00348796 0.03553121
v -0.04653870 -0.00861593 0.03310625
v -0.04597069 -0.00033695 0.03244340
v -0.04527505 0.00501177 0.03182961
v -0.03163455 0.01262517 0.03697185
v -0.02682913 0.01349023 0.03780682
v -0.03521540 0.01223185 0.03587930
v -0.04131958 0.00614412 0.03369210
v -0.03800318 0.00708143 0.03503397
v -0.04930107 0.01172532 0.02618821
v -0.04689925 0.01127494 0.02853642
v -0.04127711 0.01158544 0.03289557
v -0.03845349 0.01185199 0.03444845
v -0.04419641 0.01139409 0.03090549
v -0.02246637 0.01517772 0.03790964
v -0.01804300 0.01726905 0.03782619
v -0.05672175 -0.06451512 -0.07104505
v -0.01017462 0.00744315 0.05564632
v -0.01003741 0.01051425 0.05304274
v -0.01482815 0.03279764 0.03842956
v -0.01290365 0.03019715 0.03780148
v -0.00718176 0.03017661 0.04406814
v -0.01845263 0.03615748 0.04097885
v -0.01492745 0.01996856 0.03773726
v -0.01298442 0.02237308 0.03747928
v -0.01205820 0.02462827 0.03726329
v -0.01166366 0.02750682 0.03749662
v -0.02918966 0.04707676 0.04169573
v -0.02584703 0.04161491 0.04401527
v -0.05618975 0.06061811 0.00811348
v -0.05984322 0.05244250 0.00450218
v -0.05058283 0.04228466 0.02773597
v -0.05381804 0.03846329 0.02492764
v -0.05576334 0.03371359 0.02234296
v -0.06214340 0.04096990 0.00205935
v -0.06365190 0.02929786 0.00140447
v -0.06534697 0.01782481 0.00229896
v -0.04775034 0.09092784 0.00062316
v -0.04777995 0.09676556 -0.00568304
v -0.04712929 0.08473048 0.00720914
v -0.03874645 0.11000993 -0.01354928
v -0.03872881 0.10531255 -0.00568915
v -0.04752503 0.10211505 -0.01202881
v -0.03909498 0.09994093 0.00101440
v -0.03932132 0.09412447 0.00718637
v -0.03869594 0.08803347 0.01368029
v -0.03734759 0.08173207 0.01953314
v -0.03557289 0.07329759 0.02558655
v -0.04788391 -0.06375607 -0.08914126
v -0.00757986 -0.00599616 0.05395681
v -0.00711512 -0.00619082 0.05438823
v -0.00735008 -0.00601968 0.05374738
v -0.00681072 -0.00614937 0.05422904
v -0.00718142 -0.00640245 0.05429069
v -0.00742031 -0.01463795 0.05666393
v -0.00626617 -0.01267519 0.05573565
v -0.00659597 -0.00886765 0.05516586
v -0.07062422 -0.03242069 -0.03909082
v -0.05817124 -0.10053570 -0.06552948
v -0.05408454 -0.09698942 -0.07899503
v 0.05919037 -0.09964459 -0.06463667
v 0.05492241 -0.09634240 -0.07842210
v 0.02216925 -0.13059232 -0.00842200
v 0.03428743 -0.12645921 -0.01592064
v 0.03612233 -0.13541077 -0.01659021
v 0.02308074 -0.13875440 -0.01009475
v 0.06267472 -0.11831077 -0.07062607
v 0.06073125 -0.10898815 -0.06606806
v 0.05634659 -0.10576063 -0.08096384
v 0.05948775 -0.11486275 -0.08644994
v 0.04892119 -0.10368709 -0.09383301
v 0.05193369 -0.11349313 -0.09979858
v 0.04091654 -0.11360816 -0.10989474
v 0.03882691 -0.10213052 -0.10375206
v 0.02655660 -0.10124189 -0.11108737
v 0.02795204 -0.11396133 -0.11636084
v 0.04700901 -0.12142669 -0.02458486
v 0.05701408 -0.11643761 -0.03614739
v 0.05872359 -0.12616508 -0.03889208
v 0.04886583 -0.13083135 -0.02623980
v 0.06193515 -0.11238146 -0.05027609
v 0.06344057 -0.12225828 -0.05419445
v 0.01380716 -0.11396173 -0.11946428
v 0.01310553 -0.10016138 -0.11455342
v 0.02444393 -0.15832368 -0.01392734
v 0.01076580 -0.16038410 -0.01202648
v 0.01136096 -0.15025920 -0.00880113
v 0.02389856 -0.14841731 -0.01212149
v 0.05626016 -0.16195959 -0.03287011
v 0.07006505 -0.15551321 -0.04663096
v 0.07656678 -0.16380033 -0.04323047
v 0.06033609 -0.17189626 -0.03004711
v 0.09862118 -0.16095163 -0.05520287
v 0.10809584 -0.14970170 -0.07717033
v 0.03991674 -0.16585235 -0.02189187
v 0.04233113 -0.17625687 -0.01868795
v -0.00086009 -0.12666906 -0.12664464
v -0.00072963 -0.11368536 -0.11986707
v 0.09782021 -0.14442390 -0.08001037
v 0.09693810 -0.14067096 -0.10422218
v 0.10955583 -0.14629449 -0.10240439
v 0.05460173 -0.16226040 -0.14328235
v 0.05490673 -0.16912645 -0.14599939
v 0.07030173 -0.16431545 -0.14383490
v 0.06597269 -0.15793942 -0.14030495
v 0.07580084 -0.12843348 -0.09902666
v 0.06432451 -0.12927844 -0.11426363
v 0.07257089 -0.13697253 -0.11969693
v 0.08597572 -0.13464177 -0.10317907
v 0.03710226 -0.14640024 -0.13634592
v 0.05541389 -0.14128144 -0.13014685
v 0.04940062 -0.13311538 -0.12490858
v 0.03294897 -0.13589218 -0.13081947
v 0.08796731 -0.13955773 -0.08073895
v 0.07789449 -0.13383837 -0.07894000
v 0.08037283 -0.14813340 -0.06255578
v 0.07271904 -0.14105436 -0.06185269
v 0.06453176 -0.14728712 -0.04643843
v 0.05738085 -0.12201297 -0.10712554
v 0.04463293 -0.12368194 -0.11731653
v 0.02988013 -0.12541521 -0.12360748
v 0.01450057 -0.12644370 -0.12631068
v -0.00050563 -0.17551768 -0.14455101
v -0.00061466 -0.16323707 -0.14268342
v 0.01787458 -0.14904456 -0.13798483
v 0.01616232 -0.13797590 -0.13318525
v 0.08901488 -0.15433161 -0.06052954
v 0.06639377 -0.13259004 -0.05924965
v 0.06083437 -0.13705386 -0.04306011
v 0.06733594 -0.17860875 -0.01910147
v 0.08542480 -0.17210332 -0.03510351
v 0.04670009 -0.18342371 -0.00848921
v 0.02807429 -0.18717653 -0.00198133
v 0.01955329 -0.16199979 -0.14162788
v 0.01883719 -0.17396863 -0.14386247
v 0.03871824 -0.17111091 -0.14492454
v 0.04230466 -0.15848419 -0.14170361
v 0.05354920 -0.15225266 -0.03165022
v 0.03915286 -0.15569630 -0.02037739
v 0.02447117 -0.16863722 -0.01429342
v 0.06598672 -0.12242278 -0.09263267
v 0.06844804 -0.12685274 -0.07554340
v 0.05123309 -0.14134400 -0.02899920
v 0.03776861 -0.14561677 -0.01848802
v 0.01099414 -0.14110762 -0.00534045
v 0.02571243 -0.17862003 -0.01046272
v 0.09845597 -0.15065429 -0.12382840
v 0.08502644 -0.15795650 -0.13692947
v 0.07758212 -0.15415540 -0.13529259
v -0.00104825 -0.14997965 -0.13906689
v -0.00022797 -0.15061487 -0.00805972
v -0.00097833 -0.16072172 -0.01202968
v 0.00063154 -0.14163698 -0.00376018
v 0.08228965 -0.14571053 -0.12557690
v 0.06142422 -0.15050445 -0.13569927
v 0.00056705 -0.13458994 -0.00045522
v -0.00071836 -0.09951434 -0.11535924
v -0.00118536 -0.17244925 -0.01558141
v -0.00104259 -0.18471681 -0.01285796
v -0.00075379 -0.19356383 -0.00307399
v 0.01129897 -0.13365425 -0.00250503
v 0.01190048 -0.18232769 -0.01086745
v 0.01099318 -0.17124194 -0.01390995
v 0.01302508 -0.19160183 -0.00215343
v -0.00085573 -0.13836828 -0.13376462
v -0.02032808 -0.13148256 -0.00874126
v -0.03215846 -0.12732333 -0.01647740
v -0.03350863 -0.13592643 -0.01797284
v -0.02095657 -0.13914318 -0.01097461
v -0.06159914 -0.11928538 -0.07127441
v -0.05934238 -0.11024250 -0.06705099
v -0.05554102 -0.10639497 -0.08137207
v -0.05949027 -0.11539381 -0.08689161
v -0.04913342 -0.10413150 -0.09413096
v -0.05261117 -0.11397481 -0.10022978
v -0.04196604 -0.11397305 -0.11019201
v -0.03976505 -0.10238330 -0.10407429
v -0.02780863 -0.10143785 -0.11128987
v -0.02928644 -0.11416212 -0.11653428
v -0.04502990 -0.12263748 -0.02557775
v -0.05513488 -0.11793256 -0.03758541
v -0.05621722 -0.12726045 -0.04009750
v -0.04666694 -0.13167173 -0.02737912
v -0.06062848 -0.11399087 -0.05150430
v -0.06122119 -0.12380061 -0.05503900
v -0.01520491 -0.11408129 -0.11947966
v -0.01445540 -0.10025853 -0.11461833
v -0.02466181 -0.15840660 -0.01449045
v -0.01187502 -0.16030382 -0.01226259
v -0.01086063 -0.15009984 -0.00941689
v -0.02293009 -0.14848012 -0.01314026
v -0.05544063 -0.16286479 -0.03443771
v -0.06966746 -0.15620582 -0.04788789
v -0.07612792 -0.16466497 -0.04492299
v -0.05998558 -0.17273918 -0.03150716
v -0.09802645 -0.16214505 -0.05716619
v -0.10773308 -0.15085605 -0.07897643
v -0.03998930 -0.16639329 -0.02287202
v -0.04294397 -0.17675464 -0.01949290
v -0.09798133 -0.14526242 -0.08138654
v -0.09743260 -0.14134338 -0.10535590
v -0.10951935 -0.14723548 -0.10407474
v -0.05568424 -0.16259757 -0.14383329
v -0.05597101 -0.16943882 -0.14655043
v -0.07099292 -0.16479741 -0.14458764
v -0.06693924 -0.15839426 -0.14089109
v -0.07656764 -0.12976713 -0.09971636
v -0.06542161 -0.13040318 -0.11473773
v -0.07365909 -0.13751312 -0.12019674
v -0.08678968 -0.13524614 -0.10391922
v -0.03855831 -0.14666325 -0.13659091
v -0.05673690 -0.14149231 -0.13048206
v -0.05070780 -0.13269988 -0.12482187
v -0.03440233 -0.13617453 -0.13092218
v -0.08840469 -0.14020163 -0.08168547
v -0.07828669 -0.13533440 -0.08027861
v -0.08049557 -0.14876659 -0.06357362
v -0.07204781 -0.14237323 -0.06315991
v -0.06341508 -0.14813472 -0.04755047
v -0.05826826 -0.12273502 -0.10756158
v -0.04587451 -0.12412571 -0.11753148
v -0.03141039 -0.12565590 -0.12365644
v -0.01591735 -0.12744057 -0.12660433
v -0.01971878 -0.14988102 -0.13821214
v -0.01828748 -0.13639919 -0.13303982
v -0.08887795 -0.15519664 -0.06197485
v -0.06494326 -0.13375288 -0.06012264
v -0.05893841 -0.13795233 -0.04410752
v -0.06730030 -0.17963688 -0.02056563
v -0.08486415 -0.17313662 -0.03695063
v -0.04763709 -0.18399094 -0.00903896
v -0.02947331 -0.18713413 -0.00216396
v -0.02117746 -0.16198248 -0.14185864
v -0.02007789 -0.17406358 -0.14399643
v -0.03957011 -0.17154527 -0.14528047
v -0.04350539 -0.15879720 -0.14205670
v -0.05207777 -0.15300007 -0.03347714
v -0.03835504 -0.15615730 -0.02193435
v -0.02562648 -0.16899116 -0.01493867
v -0.06655554 -0.12340360 -0.09326717
v -0.06816494 -0.12797332 -0.07648915
v -0.04951826 -0.14200202 -0.03017919
v -0.03594058 -0.14603966 -0.02016560
v -0.01029768 -0.14124021 -0.00608814
v -0.02720818 -0.17865942 -0.01082155
v -0.09846523 -0.15157872 -0.12496067
v -0.08536331 -0.15867138 -0.13782220
v -0.07834463 -0.15475094 -0.13594837
v -0.08300357 -0.14633362 -0.12633854
v -0.06247674 -0.15097390 -0.13615939
v -0.00979904 -0.13406239 -0.00295937
v -0.01355383 -0.18231830 -0.01081086
v -0.01265685 -0.17141132 -0.01415434
v -0.01419096 -0.19112472 -0.00212777
v -0.00758174 -0.00631392 0.05393986
v -0.06803787 -0.03421667 -0.01791398
v -0.06717250 -0.04185675 -0.02557197
v -0.06361541 -0.05416540 -0.01807277
v -0.06511912 -0.04554674 -0.01018110
v -0.05840007 -0.06472867 -0.01048450
v -0.06178090 -0.05452095 -0.00448289
v -0.05170692 -0.07302842 -0.00165597
v -0.05674936 -0.06296699 0.00228638
v -0.04661466 -0.07840286 0.00796698
v -0.05186683 -0.06855965 0.01031426
v -0.03381151 -0.08487950 0.03062422
v -0.03207852 -0.09004932 0.02723520
v -0.02587368 -0.09401232 0.03554241
v -0.02643818 -0.08938771 0.03943224
v -0.01869284 -0.09619997 0.04271504
v -0.01941081 -0.09149185 0.04647599
v -0.01049726 -0.09624257 0.04686412
v -0.01092900 -0.09200093 0.05102989
v -0.00085962 -0.09547761 0.04924524
v -0.00134269 -0.09147757 0.05372105
v -0.00187448 -0.08089993 0.05682525
v -0.01070423 -0.08159232 0.05494099
v -0.01077405 -0.08691513 0.05380665
v -0.00171009 -0.08695080 0.05583197
v -0.01776503 -0.08098301 0.05053442
v -0.01883705 -0.08644572 0.04895752
v -0.02409300 -0.07923193 0.04456554
v -0.02557372 -0.08462859 0.04260490
v -0.03160027 -0.07536672 0.03752166
v -0.03295299 -0.08038661 0.03438036
v -0.03783755 -0.06976129 0.03323638
v -0.04024480 -0.07240812 0.02833780
v -0.00955300 -0.09944031 0.04052535
v -0.00036178 -0.09859164 0.04333258
v -0.01722369 -0.09911754 0.03645730
v -0.02395730 -0.09654082 0.02998095
v -0.02953041 -0.09378657 0.02233717
v -0.04095378 -0.08312417 0.01783027
v -0.03515209 -0.09031839 0.01394775
v -0.04162268 -0.08476553 0.00513193
v -0.04661024 -0.07921736 -0.00523905
v -0.05507216 -0.07058813 -0.01579242
v -0.06195086 -0.05893736 -0.02531708
v -0.06588678 -0.04639470 -0.03259087
v -0.06945565 -0.03394252 -0.03044999
v -0.01692854 -0.07641406 0.05088052
v -0.01019355 -0.07649869 0.05488991
v -0.02275747 -0.07484267 0.04564333
v -0.02967882 -0.07105049 0.03995589
v -0.03563764 -0.06593069 0.03704493
v -0.04069123 -0.05257473 0.03717882
v -0.03936337 -0.05952801 0.03629878
v -0.03874048 -0.03832173 0.04031721
v -0.04035465 -0.04543927 0.03891484
v -0.04588433 -0.03112709 0.03378890
v -0.04804038 -0.04116417 0.03064930
v -0.04418315 -0.04417200 0.03495289
v -0.04242602 -0.03532890 0.03705232
v -0.04892435 -0.02433863 0.03047804
v -0.05187373 -0.03625642 0.02627226
v -0.00818266 -0.10113014 0.03455830
v 0.00010012 -0.10063590 0.03615777
v -0.01484144 -0.10100838 0.03070320
v -0.02049129 -0.09938691 0.02471974
v -0.02452015 -0.09783933 0.01788457
v -0.02921806 -0.09587531 0.01029223
v -0.03393169 -0.09246445 0.00193428
v -0.04045570 -0.08739165 -0.00831560
v -0.05002321 -0.07809231 -0.02044946
v -0.05948838 -0.06363584 -0.03119047
v -0.06340574 -0.05040942 -0.03905673
v -0.02037019 -0.10329643 0.00676009
v -0.01645673 -0.10326587 0.01243442
v -0.01318151 -0.10436487 0.01772668
v -0.01018684 -0.10477968 0.02257393
v -0.00527825 -0.10512926 0.02225240
v 0.00115488 -0.10529947 0.02226318
v -0.00402834 -0.10607561 0.01495292
v 0.00170432 -0.10675609 0.01576380
v -0.00642006 -0.10813407 0.01094873
v 0.00181277 -0.10876008 0.01235689
v -0.00870937 -0.11097108 0.00855020
v 0.00147625 -0.11280034 0.00997390
v -0.04228208 -0.06204826 0.03194097
v -0.04553723 -0.06230360 0.02647207
v -0.04818526 -0.05177868 0.02767470
v -0.05263683 -0.04849688 0.02243733
v -0.05003865 -0.06081943 0.02019156
v -0.04442289 -0.05346794 0.03284385
v -0.05564862 -0.05684528 0.01278440
v -0.05721410 -0.04350355 0.01658424
v -0.05575012 -0.02951106 0.02220684
v -0.06041575 -0.03686542 0.01159727
v -0.05978705 -0.05075729 0.00584472
v -0.05908867 -0.02495852 0.01794278
v -0.06173564 -0.02001028 0.01424292
v -0.06264549 -0.03156212 0.00756228
v -0.06293675 -0.04323668 0.00148877
v -0.04465440 -0.07439508 0.02002606
v -0.06521291 -0.03665325 -0.00336848
v -0.06369402 -0.01573325 0.00999075
v -0.06448040 -0.02560704 0.00330516
v -0.06599633 -0.01010520 0.00446314
v -0.06709737 -0.01943266 -0.00451127
v -0.06777392 -0.02793336 -0.01143376
v -0.07021455 -0.02556878 -0.02626775
v -0.00219343 -0.07597164 0.05695366
v -0.06442201 -0.03428770 -0.05350988
v -0.02292078 -0.02858415 0.04874306
v -0.01760207 -0.02623628 0.05174123
v -0.01234846 -0.02556309 0.05516604
v -0.00792280 -0.02542382 0.05770956
v -0.00360931 -0.02580638 0.05888152
v 0.00101577 -0.12402462 0.00562353
v -0.00035190 0.04223925 0.04763059
v 0.00110194 -0.11705455 0.00853454
v -0.00210155 -0.05999397 0.04222464
v -0.00072329 0.12591033 -0.02792125
v -0.00238659 -0.07118718 0.05674578
v -0.00244256 -0.05449726 0.04466255
v 0.00021117 0.00429162 0.06810915
v -0.00266590 -0.06616434 0.05651766
v -0.00336090 -0.05268650 0.06122066
v -0.00364340 -0.04530780 0.05915796
v -0.00010376 0.07634332 0.03466678
v -0.00354355 -0.04845054 0.06038148
v 0.00017332 -0.02322038 0.05882544
v 0.00014215 0.00012120 0.07152603
v -0.00366052 -0.04360499 0.05759516
v -0.00081892 -0.04788640 -0.11770662
v -0.00317279 -0.05744836 0.05974537
v -0.00313422 -0.04801383 0.04938399
v -0.00363370 -0.04313035 0.05579064
v 0.00054209 -0.04300901 0.04268267
v 0.00031933 -0.02665394 0.05918929
v 0.00039496 0.02163642 0.05380431
v -0.00089894 -0.00875040 -0.14076588
v 0.00023827 0.01867790 0.05647236
v -0.00057712 0.09981640 0.01893974
v -0.00044602 0.08642338 0.02944680
v 0.00016405 0.00813154 0.06477766
v -0.00064367 0.05529683 -0.15176392
v -0.00058148 0.07210824 -0.14815943
v -0.00045402 0.05992346 0.04145945
v -0.00060095 0.12568220 -0.08900649
v 0.00011221 -0.00393732 0.07353633
v -0.00004664 -0.01708069 0.06363796
v -0.00070063 0.11703175 -0.00444905
v -0.00079064 0.02021238 -0.15036486
v -0.00049446 0.11672799 -0.11276288
v 0.00056182 -0.04538730 0.05787418
v -0.00072472 0.12180059 -0.01562832
v 0.00063971 -0.04659624 0.05541878
v -0.00012242 -0.01365794 0.07106524
v -0.00085546 0.00415178 -0.14661278
v -0.00072229 0.03423293 -0.15184850
v 0.00025885 -0.03388417 0.05969284
v 0.00022770 -0.02947835 0.05930661
v -0.00052763 0.12216605 -0.10125843
v -0.00035476 0.04817345 0.04676545
v 0.00033809 -0.03691016 0.06004097
v -0.00002431 0.03030806 0.04826403
v 0.00043412 -0.04003985 0.06027406
v 0.00081701 -0.12956338 0.00236457
v -0.00051608 0.09646077 -0.13476276
v 0.00049402 -0.04276455 0.05911553
v 0.00065435 -0.04532037 0.04897415
v 0.00031212 0.01194117 0.06170415
v 0.00059073 -0.04427202 0.04581786
v -0.00018094 0.06679324 0.03784656
v 0.00005909 -0.02014828 0.05963239
v 0.00001966 -0.01951363 0.06012767
v 0.00008551 0.02796769 0.04940725
v -0.00054377 0.09337905 0.02478200
v -0.00003716 0.03271779 0.04780769
v 0.00019634 -0.02104498 0.05918705
v -0.00053322 0.08705488 -0.14134197
v -0.00068563 0.12993322 -0.07214490
v -0.00069002 0.13070098 -0.05915652
v 0.00028261 0.02477879 0.05176117
v 0.00035482 0.01562182 0.05888668
v -0.00076511 -0.05758902 -0.11607777
v -0.00007063 -0.01043832 0.07342663
v -0.00002560 -0.00765901 0.07402464
v -0.00067354 0.11149042 0.00501623
v -0.00089808 -0.01844774 -0.13592444
v -0.00071016 0.12963110 -0.04257593
v -0.00062945 0.10572490 0.01251635
v -0.00085254 -0.03627050 -0.12458494
v -0.00088574 -0.02622538 -0.13189606
v -0.00011208 -0.01475049 0.06941003
v -0.00029180 0.03577894 0.04735054
v -0.00009492 -0.01615717 0.06634483
v -0.00048981 0.10923449 -0.12344786
v -0.00001348 -0.01835970 0.06139375
v 0.00777844 -0.00669399 0.05409580
v 0.06767459 -0.03295064 -0.01573929
v 0.06737561 -0.04051377 -0.02353985
v 0.06409279 -0.05243268 -0.01570426
v 0.06494460 -0.04402021 -0.00773442
v 0.05932596 -0.06283035 -0.00792470
v 0.06193033 -0.05281720 -0.00193794
v 0.05316652 -0.07115632 0.00092870
v 0.05714483 -0.06090467 0.00525738
v -0.00472425 -0.01392024 0.06857004
v -0.00361715 -0.01536442 0.06609865
v 0.04788682 -0.07632526 0.01092321
v 0.05206621 -0.06628894 0.01338301
v -0.01569433 0.02352720 0.03513438
v -0.00874648 -0.01706963 0.05589390
v -0.00778324 0.00616996 0.06134378
v -0.01464520 0.02382497 0.03545405
v 0.03312606 -0.08260062 0.03405732
v 0.03252370 -0.08789243 0.03043366
v 0.02546560 -0.09194247 0.03852619
v 0.02554518 -0.08752158 0.04282363
v -0.01155798 -0.01659152 0.05481760
v 0.01799830 -0.09488205 0.04522611
v 0.01790682 -0.09006670 0.04909006
v 0.00928985 -0.09552655 0.04830232
v 0.00878440 -0.09119691 0.05238216
v -0.00729025 0.01296340 0.05568111
v -0.00934614 0.02240369 0.04377452
v 0.00686519 -0.08061817 0.05634720
v 0.00771590 -0.08601467 0.05515690
v -0.00731248 0.00945231 0.05858532
v -0.01767926 -0.01291826 0.05525414
v -0.01572295 -0.01585231 0.05385990
v -0.00769391 -0.00819245 0.07097431
v -0.00852163 -0.00526839 0.06998932
v 0.01465085 -0.07958273 0.05291208
v -0.00842864 -0.01123711 0.06900787
v -0.00542476 -0.01289270 0.06962049
v 0.01656928 -0.08497655 0.05147563
v -0.01660260 0.02312949 0.03578876
v -0.02744642 0.02427435 0.02998781
v -0.00689109 -0.01023864 0.07090437
v -0.00353394 -0.01203755 0.07135317
v -0.01973663 0.02403383 0.03382089
v -0.01620537 0.02334905 0.03554198
v -0.01323353 -0.00924939 0.06413642
v -0.00791482 0.02124966 0.04778868
v 0.02145750 -0.07731551 0.04771299
v 0.02389799 -0.08284144 0.04591300
v 0.02970484 -0.07321105 0.04142151
v 0.03183720 -0.07822332 0.03804203
v -0.01621804 -0.01047668 0.05966368
v 0.03613431 -0.06727615 0.03700901
v 0.03910524 -0.07004806 0.03189930
v 0.00926593 -0.09872600 0.04180798
v -0.01739287 0.02323525 0.03573810
v -0.01800035 0.02344129 0.03567843
v -0.00844940 0.00243816 0.06447367
v 0.01731461 -0.09787740 0.03859551
v 0.02447944 -0.09478445 0.03266042
v 0.03061435 -0.09158500 0.02532192
v 0.04161173 -0.08083002 0.02103135
v -0.02240657 0.02387030 0.03408952
v -0.00324060 -0.01702106 0.06109178
v -0.01128269 -0.01019335 0.06649829
v -0.00969586 -0.01080149 0.06790534
v -0.00378049 -0.01786101 0.05913611
v 0.03687828 -0.08811283 0.01681963
v 0.04353978 -0.08259701 0.00780543
v -0.01240555 0.02356402 0.03739426
v 0.04859587 -0.07747706 -0.00325962
v -0.00751467 0.01891672 0.05111308
v -0.00733584 0.01601184 0.05366542
v 0.05633966 -0.06871932 -0.01375980
v 0.06251319 -0.05724609 -0.02331915
v -0.00315006 -0.01614869 0.06357829
v 0.06619076 -0.04507746 -0.03086269
v 0.06884591 -0.03272253 -0.02845636
v 0.01314528 -0.07507019 0.05322756
v 0.00607160 -0.07576614 0.05648411
v 0.01973290 -0.07299062 0.04890163
v -0.00868273 -0.00156057 0.06777085
v 0.02743220 -0.06886712 0.04390058
v 0.03351201 -0.06346714 0.04081752
v 0.03858432 -0.05066704 0.03994549
v -0.00638735 -0.01720813 0.05748112
v 0.03723326 -0.05727411 0.03967183
v 0.03646188 -0.03723257 0.04217381
v 0.03803825 -0.04409203 0.04145886
v 0.04350447 -0.03009712 0.03521422
v 0.04580792 -0.03971940 0.03271417
v 0.04199674 -0.04263539 0.03745449
v -0.00011236 -0.01227764 0.07236120
v -0.00610698 -0.01176611 0.07038059
v 0.04017251 -0.03415042 0.03879739
v 0.04665319 -0.02365184 0.03157552
v 0.04945328 -0.03498176 0.02831701
v 0.00862806 -0.10029288 0.03542748
v -0.02863617 0.03570846 0.04057536
v -0.02872206 0.03387074 0.03954717
v 0.01563163 -0.09977689 0.03236680
v 0.02180059 -0.09780363 0.02681929
v 0.02625805 -0.09596679 0.02005412
v 0.03125529 -0.09379072 0.01245532
v 0.03620679 -0.09026095 0.00367132
v 0.04222853 -0.08532366 -0.00689779
v -0.02192254 0.03838081 0.04287178
v -0.00492158 0.03901944 0.04666365
v -0.01001093 0.03896583 0.04553336
v 0.05134867 -0.07614638 -0.01899367
v -0.03001774 0.02989681 0.03855194
v -0.03037892 0.02762586 0.03680831
v -0.02874832 0.03220772 0.03841059
v -0.03014802 0.02818279 0.03830205
v -0.03023280 0.02890103 0.03884067
v 0.06009008 -0.06196863 -0.02957186
v -0.02901418 0.03191590 0.03716036
v 0.06321280 -0.04877459 -0.03746248
v -0.02886731 0.03189436 0.03758869
v 0.02284861 -0.10177937 0.00750750
v -0.02661518 0.03771722 0.04127435
v 0.01893815 -0.10167099 0.01342818
v 0.01563484 -0.10316363 0.01891092
v -0.02944535 0.03108849 0.03786723
v -0.03047475 0.02722131 0.03504609
v 0.01243630 -0.10384679 0.02363742
v -0.03123221 0.02576892 0.03042316
v 0.00761091 -0.10469285 0.02286124
v -0.00026461 0.03896885 0.04762100
v -0.02076629 0.04768675 0.04464021
v -0.05056916 0.04581694 0.02393041
v 0.00720865 -0.10590490 0.01538231
v -0.05423184 0.04091815 0.02148120
v 0.00934400 -0.10773393 0.01119832
v -0.04797254 0.00808881 0.02875994
v -0.05077666 0.00860159 0.02625742
v -0.01821610 0.04175592 0.04579396
v 0.01144112 -0.11059126 0.00890233
v 0.04059366 -0.05965622 0.03539376
v 0.04431118 -0.06020545 0.02979165
v 0.04647975 -0.04987506 0.03037694
v 0.05091995 -0.04657407 0.02494361
v -0.02546192 0.06594166 0.03351017
v -0.03062227 0.11249074 -0.00997122
v -0.02452942 0.05930952 0.03834501
v -0.03847118 0.05170316 0.03398998
v 0.04926146 -0.05883393 0.02339355
v -0.03063508 0.10761096 -0.00143861
v 0.04240698 -0.05130348 0.03570766
v 0.05493239 -0.05488321 0.01595005
v 0.05534095 -0.04172995 0.01918201
v 0.05335033 -0.02832110 0.02418432
v 0.05855722 -0.03534251 0.01413347
v -0.04553977 0.04987256 0.02800015
v 0.05896167 -0.04885444 0.00871183
v -0.05554434 0.01287848 0.01901847
v -0.00671865 0.05354668 0.04502197
v -0.05703005 0.01839656 0.01600123
v 0.05678910 -0.02381350 0.01993760
v -0.01461618 0.05341297 0.04479022
v -0.02763876 0.12420311 -0.07046489
v 0.05969097 -0.01908850 0.01606133
v 0.06099474 -0.03028939 0.00993837
v 0.06187655 -0.04167144 0.00389298
v 0.04453080 -0.07201276 0.02321828
v -0.01317519 0.03621362 0.04262445
v 0.06437179 -0.03545225 -0.00103706
v -0.03828432 0.00980194 0.03465789
v -0.04123334 0.00920690 0.03325859
v 0.06231396 -0.01508122 0.01164761
v -0.03141975 0.12374334 -0.05950095
v -0.05470268 0.01107171 0.02104902
v -0.02891994 0.08368034 0.02404300
v -0.00961998 0.03028494 0.04083418
v -0.01119823 0.03301004 0.04088175
v -0.02977441 0.09042897 0.01858581
v 0.06329653 -0.02468614 0.00542642
v 0.06486867 -0.00955984 0.00583252
v 0.06632327 -0.01868719 -0.00275714
v -0.03024322 0.09664943 0.01229711
v 0.06705839 -0.02700338 -0.00940838
v 0.06935678 -0.02449909 -0.02432307
v -0.03103969 0.11688950 -0.02006037
v -0.02194040 0.01374407 0.03835033
v 0.06380682 -0.03372445 -0.05275101
v 0.02258308 -0.02882430 0.04990846
v 0.01769233 -0.02659103 0.05261033
v -0.05668307 0.03532181 0.01902758
v -0.05762366 0.02937841 0.01748447
v -0.03190261 0.12285732 -0.04597797
v -0.03112935 0.01104149 0.03716260
v -0.05740080 0.02379667 0.01629965
v -0.01603773 0.12621401 -0.07848515
v 0.01266807 -0.02598960 0.05574438
v -0.05302041 0.00946389 0.02359427
v 0.00846947 -0.02564883 0.05814842
v 0.00419305 -0.02584398 0.05899930
v -0.03137724 0.05266560 0.03871870
v -0.03489244 0.01035980 0.03604212
v -0.00916148 0.02730625 0.04076327
v -0.01765163 0.01615097 0.03876214
v -0.01430227 0.01898946 0.03913783
v -0.03046749 0.10231193 0.00583314
v -0.01178780 0.02164543 0.03989995
v -0.00988565 0.02427940 0.04064141
v -0.02641037 0.01209630 0.03809167
v -0.02750822 0.07459756 0.02977712
v -0.03134729 0.12038843 -0.03230025
v -0.04462563 0.00867006 0.03122955
v -0.00067132 0.12745994 -0.08137989
v -0.00055412 0.05384750 0.04473047
v -0.01082554 0.02298474 0.04053041
v -0.01581964 0.03865585 0.04464499
v -0.02308833 0.05319868 0.04265937
v -0.00289091 -0.06149999 0.05770681
v -0.02826665 -0.04110098 0.04686419
v -0.02979736 -0.04385683 0.04525137
v -0.02979420 -0.05140012 0.04295376
v -0.02031772 -0.03487033 0.05246311
v -0.02511183 -0.03799499 0.04917122
v -0.02105054 -0.06016803 0.05021714
v -0.03053498 -0.04647528 0.04420231
v -0.01562265 -0.06124178 0.05387308
v -0.03071273 -0.04894586 0.04329352
v -0.00978959 -0.06135274 0.05649249
v 0.00023051 -0.03147422 0.05967279
v -0.00962069 -0.03125851 0.05832096
v -0.00449593 -0.03098342 0.05966851
v -0.01495076 -0.03255624 0.05561863
v -0.02800287 -0.05440262 0.04357774
v -0.02544098 -0.05783708 0.04594035
v 0.00461247 -0.01405289 0.06863704
v 0.00348458 -0.01547151 0.06614987
v 0.01589214 0.02361006 0.03479265
v 0.00880870 -0.01739995 0.05614117
v 0.00770851 0.00576873 0.06092645
v 0.01499728 0.02382506 0.03525107
v 0.01165699 -0.01693664 0.05502876
v 0.00756306 0.01282611 0.05548130
v 0.00984781 0.02233966 0.04367480
v 0.00733906 0.00919421 0.05823360
v 0.01808374 -0.01338509 0.05550206
v 0.01590781 -0.01628345 0.05410798
v 0.00759920 -0.00840598 0.07089434
v 0.00841224 -0.00563488 0.06968999
v 0.00816072 -0.01132222 0.06894450
v 0.00527760 -0.01304618 0.06967750
v 0.01676670 0.02307810 0.03567120
v 0.02763227 0.02403355 0.02984767
v 0.00674250 -0.01032273 0.07087480
v 0.00338149 -0.01214596 0.07141721
v 0.02004061 0.02373695 0.03366600
v 0.01636797 0.02337461 0.03531966
v 0.01328615 -0.00936603 0.06419869
v 0.00836290 0.02123320 0.04769320
v 0.01654174 -0.01078529 0.05991708
v 0.01756987 0.02315771 0.03559491
v 0.01814852 0.02333856 0.03553664
v 0.00818910 0.00191935 0.06400798
v 0.02266728 0.02336494 0.03392988
v 0.00316000 -0.01714046 0.06106714
v 0.01103071 -0.01023120 0.06642081
v 0.00944549 -0.01089603 0.06784394
v 0.00380674 -0.01802423 0.05917308
v 0.01284907 0.02348657 0.03720763
v 0.00786619 0.01882616 0.05098451
v 0.00760939 0.01584692 0.05349449
v 0.00305455 -0.01631584 0.06361170
v 0.00862631 -0.00197868 0.06744055
v 0.00655504 -0.01748870 0.05771100
v 0.00586367 -0.01183057 0.07030171
v 0.02835132 0.03646663 0.04022219
v 0.02860076 0.03419684 0.03925443
v 0.02138077 0.03869777 0.04286208
v 0.00444275 0.03862152 0.04672601
v 0.00945743 0.03879840 0.04577249
v 0.03000795 0.02994584 0.03857769
v 0.03024665 0.02773379 0.03687763
v 0.02858979 0.03230741 0.03768234
v 0.03016723 0.02807334 0.03847688
v 0.03023728 0.02891367 0.03892699
v 0.02890744 0.03170565 0.03701080
v 0.02882327 0.03202775 0.03743617
v 0.02624379 0.03810833 0.04141579
v 0.02937713 0.03124747 0.03774616
v 0.03046746 0.02725339 0.03503794
v 0.03131136 0.02575862 0.03040277
v 0.02004677 0.04786937 0.04494730
v 0.04939047 0.04598127 0.02432446
v 0.05320185 0.04108571 0.02188679
v 0.04711360 0.00805669 0.02861449
v 0.04957184 0.00873965 0.02630986
v 0.01727765 0.04223793 0.04573464
v 0.02423206 0.06585457 0.03343692
v 0.02922027 0.11234742 -0.01021143
v 0.02323647 0.05927287 0.03799669
v 0.03718311 0.05178061 0.03388139
v 0.02925546 0.10738278 -0.00171027
v 0.04428809 0.04982376 0.02818130
v 0.05466787 0.01292282 0.01910032
v 0.00591305 0.05364868 0.04496489
v 0.05666334 0.01848468 0.01620437
v 0.01391661 0.05370752 0.04493207
v 0.02638306 0.12418867 -0.07058404
v 0.01286177 0.03611849 0.04264120
v 0.03803266 0.00952978 0.03419602
v 0.04086726 0.00889538 0.03276655
v 0.03011655 0.12372452 -0.05965561
v 0.05339080 0.01112606 0.02103657
v 0.02788915 0.08334576 0.02355238
v 0.00964687 0.03020577 0.04071087
v 0.01108697 0.03287040 0.04077161
v 0.02870663 0.08990953 0.01833938
v 0.02904464 0.09625909 0.01201936
v 0.02966746 0.11680155 -0.02028316
v 0.02216382 0.01343799 0.03755093
v 0.05583117 0.03557363 0.01924363
v 0.05726560 0.02964139 0.01776795
v 0.03056754 0.12283166 -0.04616001
v 0.03112216 0.01074792 0.03642827
v 0.05728348 0.02399317 0.01652008
v 0.01473613 0.12618724 -0.07855135
v 0.05173146 0.00958977 0.02367791
v 0.02990691 0.05289650 0.03865815
v 0.03470529 0.01008790 0.03548410
v 0.00955312 0.02720773 0.04074804
v 0.01785623 0.01590348 0.03813196
v 0.01465746 0.01883355 0.03868697
v 0.02914732 0.10199928 0.00554004
v 0.01237790 0.02162718 0.03967818
v 0.01045553 0.02419172 0.04060804
v 0.02641220 0.01172797 0.03721580
v 0.02664921 0.07444078 0.02941027
v 0.02999738 0.12034220 -0.03250469
v 0.04404056 0.00835874 0.03074687
v 0.01132135 0.02293334 0.04038336
v 0.01520105 0.03877988 0.04436692
v 0.02215729 0.05346257 0.04273704
v 0.02700053 -0.04116048 0.04887498
v 0.02803011 -0.04370898 0.04763464
v 0.02694381 -0.05056834 0.04601755
v 0.02037718 -0.03505664 0.05351811
v 0.02447822 -0.03822131 0.05074507
v 0.01614489 -0.05864276 0.05330943
v 0.02815595 -0.04606562 0.04673849
v 0.01017001 -0.05991948 0.05612987
v 0.02812238 -0.04836008 0.04619375
v 0.00393485 -0.06068867 0.05768810
v 0.01008382 -0.03153494 0.05866664
v 0.00498463 -0.03106652 0.06002402
v 0.01518160 -0.03282855 0.05624022
v 0.02455000 -0.05323996 0.04696729
v 0.02129329 -0.05628791 0.04964352
v 0.03150217 0.02470682 0.02487945
v -0.03140501 0.02458172 0.02485401
v 0.03007550 0.02420215 0.03722754
v 0.02850271 0.02420681 0.03676495
v 0.02705232 0.02421517 0.03600046
v 0.02584056 0.02422645 0.03500290
v 0.03011077 0.02451961 0.03722373
v 0.02856750 0.02483192 0.03676552
v 0.02714733 0.02512120 0.03600315
v 0.02595885 0.02536830 0.03501338
v 0.03020396 0.02482644 0.03722584
v 0.02875489 0.02543075 0.03676391
v 0.02741931 0.02599062 0.03600239
v 0.02629779 0.02646382 0.03501707
v 0.03035685 0.02510787 0.03722444
v 0.02905461 0.02598263 0.03676143
v 0.02785362 0.02679147 0.03600018
v 0.02684573 0.02747294 0.03501571
v 0.03056307 0.02535322 0.03721939
v 0.02945566 0.02646483 0.03675879
v 0.02843455 0.02749323 0.03599828
v 0.02757713 0.02835848 0.03501286
v 0.03081071 0.02555624 0.03721833
v 0.02994275 0.02686098 0.03675249
v 0.02914054 0.02806731 0.03599237
v 0.02846561 0.02907934 0.03500332
v 0.03109403 0.02570531 0.03721302
v 0.03049754 0.02715400 0.03674563
v 0.02994428 0.02849229 0.03598543
v 0.02947990 0.02961531 0.03499177
v 0.03140228 0.02579672 0.03720459
v 0.03109853 0.02733476 0.03673841
v 0.03081769 0.02875412 0.03597596
v 0.03058035 0.02994212 0.03497927
v 0.03171951 0.02582710 0.03720248
v 0.03172213 0.02739473 0.03673470
v 0.03172243 0.02883910 0.03596701
v 0.03172325 0.03005094 0.03496700
v 0.03203722 0.02579586 0.03719817
v 0.03234645 0.02733298 0.03672718
v 0.03262800 0.02874874 0.03595836
v 0.03286312 0.02993368 0.03496101
v 0.03234293 0.02570225 0.03719703
v 0.03294319 0.02714884 0.03672306
v 0.03349703 0.02848365 0.03595268
v 0.03395979 0.02959895 0.03495423
v 0.03262336 0.02555165 0.03718919
v 0.03349450 0.02685220 0.03671129
v 0.03429714 0.02805327 0.03594260
v 0.03497016 0.02905866 0.03494683
v 0.03286843 0.02534840 0.03718644
v 0.03397576 0.02645455 0.03670717
v 0.03499827 0.02747670 0.03593359
v 0.03585849 0.02833414 0.03493624
v 0.03307011 0.02510244 0.03717899
v 0.03437107 0.02597156 0.03669647
v 0.03557279 0.02677429 0.03592420
v 0.03658059 0.02744695 0.03492538
v 0.03321937 0.02482224 0.03717850
v 0.03466478 0.02541968 0.03669511
v 0.03599805 0.02597146 0.03591474
v 0.03711673 0.02643616 0.03491218
v 0.03331056 0.02451734 0.03717267
v 0.03484272 0.02482213 0.03668049
v 0.03625870 0.02510186 0.03590208
v 0.03744487 0.02534163 0.03490244
v 0.03334133 0.02420074 0.03717273
v 0.03490430 0.02420039 0.03668287
v 0.03634524 0.02419781 0.03589506
v 0.03755820 0.02420023 0.03489320
v 0.03330870 0.02388464 0.03716638
v 0.03484074 0.02357656 0.03667463
v 0.03625390 0.02329589 0.03588703
v 0.03744011 0.02306086 0.03488620
v 0.03321788 0.02357577 0.03717531
v 0.03466237 0.02297433 0.03668705
v 0.03599367 0.02242495 0.03589598
v 0.03710823 0.02196774 0.03488390
v 0.03306871 0.02329209 0.03717811
v 0.03436953 0.02241870 0.03669076
v 0.03557064 0.02161865 0.03590754
v 0.03657709 0.02095399 0.03489573
v 0.03286786 0.02304368 0.03718779
v 0.03397607 0.02193092 0.03670605
v 0.03500003 0.02090944 0.03592186
v 0.03586051 0.02005857 0.03490752
v 0.03262348 0.02283788 0.03719303
v 0.03349636 0.02152886 0.03671587
v 0.03430055 0.02032744 0.03593392
v 0.03497440 0.01932512 0.03491751
v 0.03234202 0.02268705 0.03719744
v 0.03294240 0.02123400 0.03671942
v 0.03349805 0.01989861 0.03593651
v 0.03396352 0.01878428 0.03492324
v 0.03203573 0.02259288 0.03720145
v 0.03234416 0.02105160 0.03672014
v 0.03262792 0.01963591 0.03593480
v 0.03286664 0.01845725 0.03492476
v 0.03171702 0.02256310 0.03720149
v 0.03171812 0.02099190 0.03672260
v 0.03172195 0.01954594 0.03593578
v 0.03172776 0.01835346 0.03491165
v 0.03139877 0.02259414 0.03720492
v 0.03109358 0.02105521 0.03672289
v 0.03081529 0.01963955 0.03593491
v 0.03058560 0.01847445 0.03491526
v 0.03109077 0.02268876 0.03720548
v 0.03049173 0.02123979 0.03672689
v 0.02994195 0.01990899 0.03594182
v 0.02948997 0.01881002 0.03491627
v 0.03080731 0.02283956 0.03721210
v 0.02993708 0.02153885 0.03672927
v 0.02913823 0.02034404 0.03594607
v 0.02847396 0.01935397 0.03493861
v 0.03055959 0.02304482 0.03721098
v 0.02945049 0.02193889 0.03673445
v 0.02843204 0.02092599 0.03595252
v 0.02757923 0.02008368 0.03494931
v 0.03035369 0.02329233 0.03721636
v 0.02904958 0.02242512 0.03674028
v 0.02785077 0.02163128 0.03596203
v 0.02684595 0.02097555 0.03496465
v 0.03171645 0.02420069 0.03735653
v 0.03020161 0.02357570 0.03721946
v 0.02875189 0.02298006 0.03674699
v 0.02741825 0.02243662 0.03597303
v 0.02629638 0.02198638 0.03498131
v 0.03010941 0.02388344 0.03722065
v 0.02856555 0.02358094 0.03675564
v 0.02714770 0.02330780 0.03598656
v 0.02595834 0.02308518 0.03499480
v 0.02466094 0.02423520 0.03414890
v 0.02283995 0.02425170 0.03270366
v 0.02129145 0.02426992 0.03080191
v 0.02014487 0.02427678 0.02863058
v 0.01943976 0.02428249 0.02627119
v 0.01921368 0.02428956 0.02380748
v 0.01944775 0.02429088 0.02136111
v 0.02013944 0.02428160 0.01896583
v 0.02129351 0.02428793 0.01678709
v 0.02285020 0.02429351 0.01487895
v 0.02474714 0.02429759 0.01331141
v 0.02691399 0.02430034 0.01214387
v 0.02926428 0.02430137 0.01142311
v 0.02480389 0.02560872 0.03416015
v 0.02301819 0.02597407 0.03271165
v 0.02149875 0.02629940 0.03080817
v 0.02037049 0.02652686 0.02864030
v 0.01968224 0.02667071 0.02627834
v 0.01945187 0.02671965 0.02382486
v 0.01968505 0.02667298 0.02137387
v 0.02037672 0.02652711 0.01902058
v 0.02149418 0.02632148 0.01679507
v 0.02302097 0.02602315 0.01488409
v 0.02488166 0.02565720 0.01331599
v 0.02700420 0.02523662 0.01214827
v 0.02931078 0.02477852 0.01142539
v 0.02521116 0.02692690 0.03416486
v 0.02353180 0.02763486 0.03271218
v 0.02210758 0.02824343 0.03080973
v 0.02104555 0.02869275 0.02863958
v 0.02039301 0.02896795 0.02628160
v 0.02017041 0.02906154 0.02383167
v 0.02038900 0.02897284 0.02138228
v 0.02104241 0.02869863 0.01902566
v 0.02208728 0.02827746 0.01680026
v 0.02352436 0.02768745 0.01488929
v 0.02527772 0.02696341 0.01331934
v 0.02727901 0.02613702 0.01214935
v 0.02945076 0.02523775 0.01142585
v 0.02586618 0.02813939 0.03416630
v 0.02435793 0.02915955 0.03270035
v 0.02308224 0.03003524 0.03081443
v 0.02212617 0.03068592 0.02864644
v 0.02153576 0.03108445 0.02628956
v 0.02133552 0.03122276 0.02383686
v 0.02153150 0.03109139 0.02138675
v 0.02212093 0.03069960 0.01902677
v 0.02305002 0.03007980 0.01680362
v 0.02434189 0.02921994 0.01489313
v 0.02592018 0.02816810 0.01332232
v 0.02772080 0.02696572 0.01215225
v 0.02967552 0.02566064 0.01142751
v 0.02674278 0.02920027 0.03416070
v 0.02547332 0.03048481 0.03269526
v 0.02439750 0.03160563 0.03082199
v 0.02357833 0.03242734 0.02865027
v 0.02307240 0.03293647 0.02629292
v 0.02290053 0.03311434 0.02384064
v 0.02306671 0.03295144 0.02138954
v 0.02356798 0.03245740 0.01902977
v 0.02434682 0.03165795 0.01680740
v 0.02544577 0.03056201 0.01489531
v 0.02678611 0.02922347 0.01332307
v 0.02831755 0.02769337 0.01215271
v 0.02998077 0.02603048 0.01142714
v 0.02780237 0.03007285 0.03415006
v 0.02682666 0.03157621 0.03270081
v 0.02599940 0.03288147 0.03082589
v 0.02534308 0.03385531 0.02865268
v 0.02494231 0.03445876 0.02629424
v 0.02480450 0.03467038 0.02384270
v 0.02493515 0.03448048 0.02138998
v 0.02532579 0.03389725 0.01903168
v 0.02596408 0.03294200 0.01685436
v 0.02678969 0.03166340 0.01489585
v 0.02784211 0.03008913 0.01332206
v 0.02904534 0.02828938 0.01215196
v 0.03035029 0.02633495 0.01142735
v 0.02902099 0.03071195 0.03414011
v 0.02836452 0.03239138 0.03269667
v 0.02780654 0.03382451 0.03082276
v 0.02735198 0.03491479 0.02864833
v 0.02707139 0.03558941 0.02629279
v 0.02697614 0.03582531 0.02383982
v 0.02706028 0.03561506 0.02139060
v 0.02733033 0.03496838 0.01903054
v 0.02776915 0.03391043 0.01685368
v 0.02832245 0.03248181 0.01489303
v 0.02904751 0.03073198 0.01331994
v 0.02987499 0.02873203 0.01215039
v 0.03077395 0.02656035 0.01142616
v 0.03035387 0.03110257 0.03411222
v 0.03002222 0.03288903 0.03269779
v 0.02975139 0.03441352 0.03082442
v 0.02951977 0.03556976 0.02864658
v 0.02937767 0.03628600 0.02628853
v 0.02932836 0.03653649 0.02383506
v 0.02936962 0.03631428 0.02138484
v 0.02950378 0.03562693 0.01902570
v 0.02972413 0.03450191 0.01685003
v 0.02998669 0.03298474 0.01489001
v 0.03035300 0.03112678 0.01331781
v 0.03077415 0.02900490 0.01214891
v 0.03123255 0.02669931 0.01142555
v 0.03173146 0.03122827 0.03409448
v 0.03174778 0.03305671 0.03268443
v 0.03176623 0.03462063 0.03082406
v 0.03176739 0.03579323 0.02864467
v 0.03176736 0.03651986 0.02628388
v 0.03177781 0.03677913 0.02382206
v 0.03176586 0.03654862 0.02137754
v 0.03175976 0.03584854 0.01902072
v 0.03175460 0.03470255 0.01684508
v 0.03175010 0.03315451 0.01493542
v 0.03171181 0.03125979 0.01331587
v 0.03171007 0.02909647 0.01214641
v 0.03170932 0.02674608 0.01142438
v 0.03309455 0.03109363 0.03409049
v 0.03346890 0.03287823 0.03267392
v 0.03378362 0.03441496 0.03079887
v 0.03401538 0.03557404 0.02863840
v 0.03415929 0.03628490 0.02627388
v 0.03420662 0.03653416 0.02382092
v 0.03415811 0.03631238 0.02136999
v 0.03401389 0.03562516 0.01901401
v 0.03378416 0.03450048 0.01683830
v 0.03347664 0.03298279 0.01493016
v 0.03307030 0.03112434 0.01331383
v 0.03264526 0.02900333 0.01214453
v 0.03218601 0.02669852 0.01142253
v 0.03441210 0.03068544 0.03408455
v 0.03512219 0.03237402 0.03265480
v 0.03573073 0.03381239 0.03076232
v 0.03618047 0.03491343 0.02861791
v 0.03645797 0.03558450 0.02626053
v 0.03654887 0.03581971 0.02381058
v 0.03645645 0.03561088 0.02136099
v 0.03618054 0.03496451 0.01900489
v 0.03573529 0.03390679 0.01683036
v 0.03513724 0.03247813 0.01492382
v 0.03440863 0.03073323 0.01335498
v 0.03354532 0.02872904 0.01214082
v 0.03264522 0.02655886 0.01142048
v 0.03563140 0.03004073 0.03408611
v 0.03665459 0.03155620 0.03263714
v 0.03752656 0.03285563 0.03074497
v 0.03817381 0.03383552 0.02859058
v 0.03857411 0.03444538 0.02624328
v 0.03870850 0.03466019 0.02379655
v 0.03857491 0.03447394 0.02134912
v 0.03817787 0.03389364 0.01899377
v 0.03753325 0.03294335 0.01682136
v 0.03666637 0.03165885 0.01491584
v 0.03561097 0.03008929 0.01334893
v 0.03437378 0.02828527 0.01214025
v 0.03306744 0.02633289 0.01141896
v 0.03669654 0.02916839 0.03407845
v 0.03799559 0.03046542 0.03262760
v 0.03910558 0.03156669 0.03073747
v 0.03992807 0.03239762 0.02857516
v 0.04043164 0.03291545 0.02622542
v 0.04060270 0.03310080 0.02378038
v 0.04043287 0.03294441 0.02133435
v 0.03992878 0.03245405 0.01898134
v 0.03910948 0.03164797 0.01681057
v 0.03800728 0.03055663 0.01490690
v 0.03666468 0.02922352 0.01334229
v 0.03513408 0.02769903 0.01217709
v 0.03343754 0.02602787 0.01141772
v 0.03756962 0.02810601 0.03406968
v 0.03909507 0.02912252 0.03261798
v 0.04039687 0.02998868 0.03072311
v 0.04136325 0.03063988 0.02855537
v 0.04195723 0.03105343 0.02620664
v 0.04215899 0.03120333 0.02376325
v 0.04195965 0.03108275 0.02131821
v 0.04136645 0.03070020 0.01896749
v 0.04040357 0.03006936 0.01679896
v 0.03910794 0.02921442 0.01489724
v 0.03752984 0.02816822 0.01333465
v 0.03573001 0.02697130 0.01217167
v 0.03374210 0.02565769 0.01141698
v 0.03821370 0.02689098 0.03405806
v 0.03990951 0.02759335 0.03260647
v 0.04135804 0.02819141 0.03070610
v 0.04243241 0.02864123 0.02853717
v 0.04309526 0.02893280 0.02619041
v 0.04331895 0.02903997 0.02374581
v 0.04309479 0.02896195 0.02130300
v 0.04243523 0.02870073 0.01895303
v 0.04136475 0.02826828 0.01678643
v 0.03992566 0.02768271 0.01488717
v 0.03817349 0.02696377 0.01332709
v 0.03617358 0.02614263 0.01216618
v 0.03396775 0.02523427 0.01141335
v 0.03861189 0.02557367 0.03404634
v 0.04040999 0.02593398 0.03259471
v 0.04194908 0.02624543 0.03069757
v 0.04308959 0.02647911 0.02852827
v 0.04379633 0.02663300 0.02617573
v 0.04403615 0.02669578 0.02373038
v 0.04379850 0.02666113 0.02128824
v 0.04309626 0.02653230 0.01894136
v 0.04195843 0.02631740 0.01677709
v 0.04043037 0.02602225 0.01487994
v 0.03856947 0.02565898 0.01332098
v 0.03644679 0.02524273 0.01216055
v 0.03410683 0.02477501 0.01141241
v 0.03874948 0.02420255 0.03403781
v 0.04058339 0.02420615 0.03258407
v 0.04215087 0.02421541 0.03068765
v 0.04331758 0.02422797 0.02851988
v 0.04403508 0.02424445 0.02616779
v 0.04428994 0.02426160 0.02371633
v 0.04403801 0.02426851 0.02127922
v 0.04332047 0.02427879 0.01893270
v 0.04216008 0.02428753 0.01676901
v 0.04060148 0.02429653 0.01487338
v 0.03870417 0.02430234 0.01331597
v 0.03654087 0.02430494 0.01215957
v 0.03415346 0.02429756 0.01140990
v 0.03860847 0.02283385 0.03403069
v 0.04041254 0.02248210 0.03258147
v 0.04195872 0.02218982 0.03069606
v 0.04310181 0.02197684 0.02852029
v 0.04378878 0.02184842 0.02616156
v 0.04404313 0.02182383 0.02372598
v 0.04380513 0.02187833 0.02127611
v 0.04309987 0.02202460 0.01892700
v 0.04196104 0.02225867 0.01676376
v 0.04043274 0.02257133 0.01486851
v 0.03857181 0.02294569 0.01331207
v 0.03641294 0.02335718 0.01211661
v 0.03410582 0.02381987 0.01140619
v 0.03820998 0.02151702 0.03403175
v 0.03991010 0.02082165 0.03258804
v 0.04135412 0.02023898 0.03068889
v 0.04242538 0.01980664 0.02851836
v 0.04309580 0.01956239 0.02618028
v 0.04331757 0.01947780 0.02373314
v 0.04309637 0.01957796 0.02128242
v 0.04244014 0.01985922 0.01892924
v 0.04136965 0.02030820 0.01676258
v 0.03993072 0.02091254 0.01486617
v 0.03817717 0.02164295 0.01330974
v 0.03613883 0.02245650 0.01211179
v 0.03396708 0.02336122 0.01140568
v 0.03757039 0.02029790 0.03403893
v 0.03909448 0.01929160 0.03258979
v 0.04039337 0.01845079 0.03070306
v 0.04135342 0.01783268 0.02854058
v 0.04194869 0.01745002 0.02618836
v 0.04214977 0.01732346 0.02374067
v 0.04195054 0.01746473 0.02129132
v 0.04135936 0.01786721 0.01893876
v 0.04039966 0.01851706 0.01677015
v 0.03911021 0.01938909 0.01486977
v 0.03753504 0.02043981 0.01330835
v 0.03569605 0.02162814 0.01211256
v 0.03374084 0.02293776 0.01140462
v 0.03670013 0.01922367 0.03404239
v 0.03799470 0.01793973 0.03258160
v 0.03909181 0.01689712 0.03071846
v 0.03990887 0.01609848 0.02855826
v 0.04041263 0.01560353 0.02620273
v 0.04058408 0.01543852 0.02374892
v 0.04041603 0.01561584 0.02129959
v 0.03991475 0.01612593 0.01894470
v 0.03909948 0.01695083 0.01677598
v 0.03800305 0.01806017 0.01487641
v 0.03663217 0.01936279 0.01326402
v 0.03509893 0.02089920 0.01210886
v 0.03343681 0.02256836 0.01140465
v 0.03563665 0.01834739 0.03404036
v 0.03664524 0.01687664 0.03260939
v 0.03750405 0.01565274 0.03075746
v 0.03815109 0.01469047 0.02858480
v 0.03854879 0.01409378 0.02621538
v 0.03868323 0.01389526 0.02375841
v 0.03855085 0.01410047 0.02130756
v 0.03815733 0.01469892 0.01895131
v 0.03751779 0.01566773 0.01678157
v 0.03665765 0.01696946 0.01488232
v 0.03557661 0.01849652 0.01326189
v 0.03437148 0.02030333 0.01210919
v 0.03306678 0.02226364 0.01140501
v 0.03171054 0.02430080 0.01117045
v 0.03441844 0.01771041 0.03404637
v 0.03510378 0.01609997 0.03263787
v 0.03570048 0.01471651 0.03077884
v 0.03614885 0.01363426 0.02859182
v 0.03642626 0.01297126 0.02622109
v 0.03651793 0.01274894 0.02376423
v 0.03642685 0.01297530 0.02131222
v 0.03615443 0.01363965 0.01895716
v 0.03571408 0.01471586 0.01678735
v 0.03510206 0.01609481 0.01481973
v 0.03437232 0.01785198 0.01326060
v 0.03354375 0.01986134 0.01210980
v 0.03264447 0.02203862 0.01140532
v 0.03309628 0.01732929 0.03404553
v 0.03343992 0.01561944 0.03265828
v 0.03374825 0.01412672 0.03078990
v 0.03397707 0.01298051 0.02859885
v 0.03412158 0.01227884 0.02622569
v 0.03417028 0.01204484 0.02376704
v 0.03412344 0.01228469 0.02131538
v 0.03398260 0.01298962 0.01896290
v 0.03375927 0.01413104 0.01679219
v 0.03343885 0.01559015 0.01482026
v 0.03306713 0.01745752 0.01326369
v 0.03264345 0.01958796 0.01211191
v 0.03218522 0.02189943 0.01140652
v 0.03172613 0.01720162 0.03406561
v 0.03171303 0.01545269 0.03266318
v 0.03171745 0.01391997 0.03079020
v 0.03172082 0.01275521 0.02859825
v 0.03172392 0.01204349 0.02622937
v 0.03173642 0.01180941 0.02376347
v 0.03172710 0.01205368 0.02131930
v 0.03172407 0.01277164 0.01896721
v 0.03172231 0.01393712 0.01680133
v 0.03171064 0.01542112 0.01482450
v 0.03170863 0.01732379 0.01326635
v 0.03170843 0.01949779 0.01211353
v 0.03170876 0.02185287 0.01140735
v 0.03036047 0.01734623 0.03405663
v 0.02999050 0.01561531 0.03267064
v 0.02968621 0.01410098 0.03077503
v 0.02946539 0.01296982 0.02859304
v 0.02932939 0.01227601 0.02622832
v 0.02928454 0.01204703 0.02377316
v 0.02932815 0.01228862 0.02132510
v 0.02946513 0.01299551 0.01897255
v 0.02967952 0.01405829 0.01673129
v 0.02998215 0.01559130 0.01482849
v 0.03035005 0.01745975 0.01327130
v 0.03077188 0.01958943 0.01211732
v 0.03123133 0.02190016 0.01140944
v 0.02904185 0.01774075 0.03406212
v 0.02832838 0.01610809 0.03266758
v 0.02773226 0.01467945 0.03076840
v 0.02729463 0.01361958 0.02859028
v 0.02702277 0.01296865 0.02622987
v 0.02693282 0.01275450 0.02377667
v 0.02701963 0.01298441 0.02133051
v 0.02729108 0.01365339 0.01897866
v 0.02772355 0.01465105 0.01673816
v 0.02831778 0.01609492 0.01483447
v 0.02904461 0.01785677 0.01327632
v 0.02987294 0.01986412 0.01211999
v 0.03077286 0.02204004 0.01141085
v 0.02782367 0.01838474 0.03407165
v 0.02680227 0.01690122 0.03265857
v 0.02593188 0.01562711 0.03076645
v 0.02529028 0.01467886 0.02859424
v 0.02489794 0.01409737 0.02623363
v 0.02476448 0.01390649 0.02378145
v 0.02489820 0.01411585 0.02133063
v 0.02528937 0.01471589 0.01897742
v 0.02592109 0.01561389 0.01674527
v 0.02678515 0.01691561 0.01484324
v 0.02783925 0.01850133 0.01328358
v 0.02904337 0.02030765 0.01212511
v 0.03034926 0.02226576 0.01141381
v 0.02674597 0.01926063 0.03409387
v 0.02545612 0.01799497 0.03266086
v 0.02435647 0.01691258 0.03076543
v 0.02353884 0.01610862 0.02859747
v 0.02303778 0.01561655 0.02623899
v 0.02286927 0.01545651 0.02378646
v 0.02303870 0.01563580 0.02133452
v 0.02352744 0.01608862 0.01892863
v 0.02434225 0.01691134 0.01675440
v 0.02544289 0.01801980 0.01485076
v 0.02678438 0.01936848 0.01328954
v 0.02831590 0.02090470 0.01212935
v 0.02997998 0.02257101 0.01141550
v 0.02586437 0.02032738 0.03410890
v 0.02434446 0.01933000 0.03267649
v 0.02305404 0.01848022 0.03077913
v 0.02209747 0.01785153 0.02860727
v 0.02150893 0.01746733 0.02624836
v 0.02131257 0.01734340 0.02379336
v 0.02151282 0.01748653 0.02133972
v 0.02210142 0.01789007 0.01898229
v 0.02304839 0.01849316 0.01676219
v 0.02434124 0.01936452 0.01485850
v 0.02591876 0.02042503 0.01329579
v 0.02771970 0.02163327 0.01213394
v 0.02967487 0.02294111 0.01141831
v 0.02521080 0.02154526 0.03412108
v 0.02352308 0.02086011 0.03268502
v 0.02208491 0.02027527 0.03079038
v 0.02102765 0.01984721 0.02861440
v 0.02037701 0.01958394 0.02625274
v 0.02015625 0.01950179 0.02380089
v 0.02037630 0.01959957 0.02134876
v 0.02103274 0.01988079 0.01898790
v 0.02208518 0.02029746 0.01677395
v 0.02352262 0.02089803 0.01486582
v 0.02527659 0.02163093 0.01330072
v 0.02727821 0.02246307 0.01213656
v 0.02945036 0.02336465 0.01141945
v 0.02480109 0.02286268 0.03413933
v 0.02301502 0.02252229 0.03269561
v 0.02148901 0.02222922 0.03079821
v 0.02036795 0.02201788 0.02862180
v 0.01967891 0.02188633 0.02626007
v 0.01944816 0.02184626 0.02380652
v 0.01967932 0.02189811 0.02135500
v 0.02037383 0.02204679 0.01899402
v 0.02149316 0.02225371 0.01678104
v 0.02302021 0.02256364 0.01487228
v 0.02488107 0.02293782 0.01330652
v 0.02700380 0.02336358 0.01214185
v 0.02931056 0.02382387 0.01142209
v -0.03312533 0.02402418 0.03728425
v -0.03468542 0.02402838 0.03679900
v -0.03611985 0.02403436 0.03601669
v -0.03733059 0.02404504 0.03501995
v -0.03309131 0.02434092 0.03728022
v -0.03462061 0.02465082 0.03679452
v -0.03603144 0.02493800 0.03602232
v -0.03721479 0.02518424 0.03502666
v -0.03300174 0.02464665 0.03728646
v -0.03444308 0.02524839 0.03680741
v -0.03577037 0.02580637 0.03603309
v -0.03688392 0.02627788 0.03503494
v -0.03285159 0.02492706 0.03728715
v -0.03414742 0.02579896 0.03680791
v -0.03534446 0.02660611 0.03603994
v -0.03634880 0.02728686 0.03504780
v -0.03265102 0.02517297 0.03729417
v -0.03375405 0.02628267 0.03681922
v -0.03477185 0.02730785 0.03604930
v -0.03562831 0.02817238 0.03505853
v -0.03240564 0.02537590 0.03729597
v -0.03327237 0.02667924 0.03682226
v -0.03407258 0.02788374 0.03605754
v -0.03474443 0.02889553 0.03506698
v -0.03212623 0.02552632 0.03730356
v -0.03272239 0.02697493 0.03683086
v -0.03327349 0.02831150 0.03606405
v -0.03373757 0.02943370 0.03507353
v -0.03182080 0.02561927 0.03730528
v -0.03212567 0.02715672 0.03683324
v -0.03240668 0.02857575 0.03606894
v -0.03264407 0.02976520 0.03507756
v -0.03150415 0.02564991 0.03730801
v -0.03150357 0.02721731 0.03683782
v -0.03150377 0.02866366 0.03607256
v -0.03150678 0.02987736 0.03508020
v -0.03118753 0.02561814 0.03730810
v -0.03088162 0.02715500 0.03683750
v -0.03060192 0.02857377 0.03607381
v -0.03037062 0.02976387 0.03508233
v -0.03088158 0.02552431 0.03730883
v -0.03028358 0.02697163 0.03683831
v -0.02973363 0.02830789 0.03607388
v -0.02927638 0.02943167 0.03508266
v -0.03060036 0.02537354 0.03730933
v -0.02973212 0.02667468 0.03683677
v -0.02893305 0.02787756 0.03607157
v -0.02826622 0.02888861 0.03508141
v -0.03035414 0.02516947 0.03730829
v -0.02924862 0.02627638 0.03683655
v -0.02823105 0.02729873 0.03606724
v -0.02737804 0.02815918 0.03507638
v -0.03015118 0.02492251 0.03730921
v -0.02885224 0.02579097 0.03683289
v -0.02765547 0.02659359 0.03606117
v -0.02665133 0.02726899 0.03506734
v -0.03000067 0.02464017 0.03730743
v -0.02855622 0.02523779 0.03683121
v -0.02722692 0.02579025 0.03605546
v -0.02611016 0.02625515 0.03505890
v -0.02990770 0.02433349 0.03730446
v -0.02837431 0.02463767 0.03682583
v -0.02696291 0.02491869 0.03604680
v -0.02577527 0.02515769 0.03505247
v -0.02987697 0.02401537 0.03730256
v -0.02831246 0.02401335 0.03682167
v -0.02687029 0.02401366 0.03604364
v -0.02565707 0.02401508 0.03505144
v -0.02990763 0.02369822 0.03730075
v -0.02837355 0.02338982 0.03681559
v -0.02695794 0.02310926 0.03603823
v -0.02576985 0.02287657 0.03504141
v -0.03000127 0.02339229 0.03729512
v -0.02855632 0.02279253 0.03680712
v -0.02722409 0.02224281 0.03602681
v -0.02610194 0.02178304 0.03503520
v -0.03015191 0.02311168 0.03729102
v -0.02885269 0.02224179 0.03679999
v -0.02765277 0.02144317 0.03602187
v -0.02664618 0.02077384 0.03502574
v -0.03035448 0.02286546 0.03729234
v -0.02924898 0.02175895 0.03680078
v -0.02822910 0.02074047 0.03602117
v -0.02737466 0.01988865 0.03502087
v -0.03060063 0.02266293 0.03729029
v -0.02973194 0.02136172 0.03680062
v -0.02893283 0.02016398 0.03602023
v -0.02826682 0.01916589 0.03501358
v -0.03088140 0.02251248 0.03729319
v -0.03028422 0.02106631 0.03680402
v -0.02973514 0.01973484 0.03602232
v -0.02927912 0.01862189 0.03501195
v -0.03118773 0.02241953 0.03729353
v -0.03088239 0.02088400 0.03680644
v -0.03060463 0.01946943 0.03602468
v -0.03037401 0.01828921 0.03501565
v -0.03150482 0.02238818 0.03729806
v -0.03150539 0.02082253 0.03681253
v -0.03150902 0.01937942 0.03602976
v -0.03151669 0.01817069 0.03501677
v -0.03182201 0.02241955 0.03730027
v -0.03212821 0.02088474 0.03681434
v -0.03241284 0.01946940 0.03603450
v -0.03265513 0.01828369 0.03503064
v -0.03212785 0.02251306 0.03730309
v -0.03272628 0.02106717 0.03682218
v -0.03328060 0.01973623 0.03603989
v -0.03374859 0.01861801 0.03503522
v -0.03240863 0.02266405 0.03730216
v -0.03327698 0.02136489 0.03681984
v -0.03407957 0.02016934 0.03603881
v -0.03475659 0.01916686 0.03503667
v -0.03265408 0.02286886 0.03729983
v -0.03375957 0.02176406 0.03682228
v -0.03477833 0.02075039 0.03603597
v -0.03563808 0.01990351 0.03502693
v -0.03285504 0.02311688 0.03729352
v -0.03415313 0.02225025 0.03681400
v -0.03535164 0.02145590 0.03603242
v -0.03635621 0.02079628 0.03501988
v -0.03150545 0.02401973 0.03745820
v -0.03300382 0.02339984 0.03728927
v -0.03444636 0.02280475 0.03680911
v -0.03577491 0.02226068 0.03602286
v -0.03688464 0.02181012 0.03500857
v -0.03309281 0.02370743 0.03728119
v -0.03462164 0.02340526 0.03679297
v -0.03602860 0.02313282 0.03600755
v -0.03721211 0.02290558 0.03500860
v -0.03851717 0.02405553 0.03417062
v -0.04034478 0.02407468 0.03272564
v -0.04191005 0.02409803 0.03083646
v -0.04308397 0.02411871 0.02867989
v -0.04380868 0.02413368 0.02633108
v -0.04406251 0.02414119 0.02388574
v -0.04382092 0.02414873 0.02144400
v -0.04311075 0.02415650 0.01909270
v -0.04195588 0.02416426 0.01692415
v -0.04040048 0.02417091 0.01502292
v -0.03850504 0.02417597 0.01345953
v -0.03634175 0.02417727 0.01229707
v -0.03402786 0.02411225 0.01156128
v -0.03837704 0.02542407 0.03417756
v -0.04016923 0.02579856 0.03273486
v -0.04170368 0.02612787 0.03084864
v -0.04285161 0.02637058 0.02868854
v -0.04356400 0.02652479 0.02634164
v -0.04380925 0.02658169 0.02389713
v -0.04357883 0.02654424 0.02145237
v -0.04288334 0.02641392 0.01910198
v -0.04175089 0.02619738 0.01693250
v -0.04022653 0.02589992 0.01503023
v -0.03836831 0.02553526 0.01346579
v -0.03624730 0.02511710 0.01230054
v -0.03398129 0.02458875 0.01156258
v -0.03797795 0.02673983 0.03419023
v -0.03966189 0.02746091 0.03274485
v -0.04111105 0.02807470 0.03085740
v -0.04218720 0.02853356 0.02869750
v -0.04285687 0.02882267 0.02635116
v -0.04308917 0.02892766 0.02390661
v -0.04287190 0.02884742 0.02146236
v -0.04221878 0.02858393 0.01910998
v -0.04115338 0.02815107 0.01693978
v -0.03971893 0.02756297 0.01503620
v -0.03796982 0.02684132 0.01347115
v -0.03601008 0.02594925 0.01228570
v -0.03384281 0.02504686 0.01156337
v -0.03733312 0.02795280 0.03420149
v -0.03884869 0.02898751 0.03275032
v -0.04014537 0.02986435 0.03086298
v -0.04111221 0.03052562 0.02870498
v -0.04171440 0.03093779 0.02635798
v -0.04192430 0.03108597 0.02391551
v -0.04173154 0.03096536 0.02147193
v -0.04114441 0.03058309 0.01912060
v -0.04018746 0.02995135 0.01694934
v -0.03889730 0.02909466 0.01504347
v -0.03732365 0.02804575 0.01347599
v -0.03552699 0.02684620 0.01230711
v -0.03361632 0.02547058 0.01156491
v -0.03646249 0.02901467 0.03420830
v -0.03774946 0.03032153 0.03275656
v -0.03885398 0.03143637 0.03087238
v -0.03967092 0.03226593 0.02871138
v -0.04018464 0.03279012 0.02636639
v -0.04036229 0.03297893 0.02392522
v -0.04019853 0.03282512 0.02148094
v -0.03970094 0.03233498 0.01912772
v -0.03888835 0.03152858 0.01695487
v -0.03779270 0.03043597 0.01504866
v -0.03645601 0.02910060 0.01347956
v -0.03497041 0.02750546 0.01228907
v -0.03331243 0.02583966 0.01156541
v -0.03539915 0.02988712 0.03421232
v -0.03641800 0.03141434 0.03276975
v -0.03727993 0.03272514 0.03088165
v -0.03792412 0.03370072 0.02872295
v -0.03832453 0.03431416 0.02637578
v -0.03846323 0.03453276 0.02393154
v -0.03833442 0.03434929 0.02148654
v -0.03794433 0.03377159 0.01913213
v -0.03730728 0.03282120 0.01695830
v -0.03644759 0.03153625 0.01505075
v -0.03539966 0.02996511 0.01348173
v -0.03424424 0.02809941 0.01228841
v -0.03294268 0.02614411 0.01156571
v -0.03418873 0.03052426 0.03421724
v -0.03489119 0.03222119 0.03277782
v -0.03548552 0.03368220 0.03088916
v -0.03592773 0.03476860 0.02872627
v -0.03620358 0.03544568 0.02637832
v -0.03629675 0.03568595 0.02393372
v -0.03621028 0.03548058 0.02148804
v -0.03594195 0.03483655 0.01913327
v -0.03550506 0.03377952 0.01695886
v -0.03491564 0.03235087 0.01505146
v -0.03424003 0.03054259 0.01345771
v -0.03341705 0.02854127 0.01228855
v -0.03252005 0.02636964 0.01156667
v -0.03287526 0.03092430 0.03421813
v -0.03323171 0.03273157 0.03278138
v -0.03353438 0.03428267 0.03088879
v -0.03375815 0.03542620 0.02872435
v -0.03389940 0.03614004 0.02637533
v -0.03394867 0.03639263 0.02393157
v -0.03390558 0.03617413 0.02148642
v -0.03377063 0.03548979 0.01913216
v -0.03355061 0.03436765 0.01695706
v -0.03325305 0.03285060 0.01504959
v -0.03293560 0.03093698 0.01345649
v -0.03251743 0.02881419 0.01228776
v -0.03206099 0.02650861 0.01156635
v -0.03151004 0.03105956 0.03422475
v -0.03150200 0.03290465 0.03277334
v -0.03149767 0.03448202 0.03087733
v -0.03149916 0.03564423 0.02871522
v -0.03150186 0.03636976 0.02636953
v -0.03151147 0.03662884 0.02392517
v -0.03151011 0.03640259 0.02148150
v -0.03151301 0.03570613 0.01912687
v -0.03151940 0.03456242 0.01695332
v -0.03157218 0.03296537 0.01502306
v -0.03157819 0.03106964 0.01345423
v -0.03158179 0.02890595 0.01228723
v -0.03158430 0.02655535 0.01156610
v -0.03014892 0.03092515 0.03422945
v -0.02977249 0.03272999 0.03276620
v -0.02945236 0.03426700 0.03085669
v -0.02923912 0.03541309 0.02870174
v -0.02910636 0.03612695 0.02636066
v -0.02906405 0.03637905 0.02391922
v -0.02911355 0.03616053 0.02147439
v -0.02925559 0.03547794 0.01911862
v -0.02948293 0.03435886 0.01694332
v -0.02984555 0.03279272 0.01501900
v -0.03022013 0.03093413 0.01345168
v -0.03064612 0.02881297 0.01228558
v -0.03110760 0.02650779 0.01156540
v -0.02883262 0.03053267 0.03423550
v -0.02811223 0.03222300 0.03276153
v -0.02749746 0.03366057 0.03084069
v -0.02706845 0.03474501 0.02869124
v -0.02680155 0.03542023 0.02635201
v -0.02671411 0.03565931 0.02390993
v -0.02680865 0.03545390 0.02146565
v -0.02708469 0.03481254 0.01910975
v -0.02758004 0.03372082 0.01692133
v -0.02818262 0.03228680 0.01501493
v -0.02891509 0.03053698 0.01344847
v -0.02974699 0.02853847 0.01228353
v -0.03064903 0.02636809 0.01156431
v -0.02762237 0.02987493 0.03423142
v -0.02658710 0.03139726 0.03275716
v -0.02570463 0.03269381 0.03083732
v -0.02507046 0.03367044 0.02868561
v -0.02468090 0.03427775 0.02634330
v -0.02455140 0.03449475 0.02390173
v -0.02468851 0.03431135 0.02145569
v -0.02508520 0.03373607 0.01910056
v -0.02577983 0.03275538 0.01691540
v -0.02665152 0.03146608 0.01500973
v -0.02771058 0.02989219 0.01344477
v -0.02891807 0.02809462 0.01228079
v -0.03022587 0.02614204 0.01156305
v -0.02654824 0.02899805 0.03422051
v -0.02524727 0.03029145 0.03275489
v -0.02414008 0.03139844 0.03083935
v -0.02332533 0.03222827 0.02868041
v -0.02282564 0.03274480 0.02633468
v -0.02265918 0.03293047 0.02389132
v -0.02283105 0.03277589 0.02144555
v -0.02333593 0.03228991 0.01908984
v -0.02420129 0.03145749 0.01690888
v -0.02530896 0.03036200 0.01500431
v -0.02665538 0.02902509 0.01344066
v -0.02819078 0.02749736 0.01227819
v -0.02985648 0.02583697 0.01156160
v -0.02567185 0.02792920 0.03421445
v -0.02415206 0.02894650 0.03275042
v -0.02285390 0.02981993 0.03084021
v -0.02189344 0.03047316 0.02867400
v -0.02130404 0.03088040 0.02632591
v -0.02110733 0.03102794 0.02388029
v -0.02130884 0.03090796 0.02143471
v -0.02190191 0.03052930 0.01907900
v -0.02290655 0.02987614 0.01690106
v -0.02420675 0.02901758 0.01499831
v -0.02578999 0.02796849 0.01343614
v -0.02759469 0.02676883 0.01227532
v -0.02955169 0.02546661 0.01156035
v -0.02502002 0.02671148 0.03420342
v -0.02333070 0.02741571 0.03274688
v -0.02189358 0.02802041 0.03083688
v -0.02082967 0.02847103 0.02866662
v -0.02017706 0.02875491 0.02631404
v -0.01995832 0.02885701 0.02386879
v -0.02018103 0.02877956 0.02142302
v -0.02083701 0.02852314 0.01906823
v -0.02194400 0.02807287 0.01689342
v -0.02338919 0.02748380 0.01499199
v -0.02514767 0.02676270 0.01343140
v -0.02715278 0.02593933 0.01227161
v -0.02932684 0.02504336 0.01155851
v -0.02461651 0.02539086 0.03419764
v -0.02282397 0.02575255 0.03274388
v -0.02129748 0.02606900 0.03083249
v -0.02016790 0.02630043 0.02866386
v -0.01947951 0.02644934 0.02630695
v -0.01925213 0.02650618 0.02385877
v -0.01949210 0.02646723 0.02141448
v -0.02019596 0.02633434 0.01907003
v -0.02135189 0.02611586 0.01688674
v -0.02288612 0.02581901 0.01498590
v -0.02475225 0.02545584 0.01342671
v -0.02687892 0.02503854 0.01226902
v -0.02918740 0.02458387 0.01155741
v -0.02447573 0.02401798 0.03419657
v -0.02265071 0.02402589 0.03273803
v -0.02109594 0.02403845 0.03082701
v -0.01994863 0.02404663 0.02865375
v -0.01924637 0.02405418 0.02629769
v -0.01902065 0.02406337 0.02384738
v -0.01926301 0.02406871 0.02140371
v -0.01998956 0.02407264 0.01904972
v -0.02115238 0.02408111 0.01687959
v -0.02271589 0.02408915 0.01498013
v -0.02461831 0.02409614 0.01342231
v -0.02678769 0.02410198 0.01226571
v -0.02914088 0.02410661 0.01155580
v -0.02461013 0.02264891 0.03418703
v -0.02282044 0.02230092 0.03273297
v -0.02129818 0.02200689 0.03082339
v -0.02017525 0.02178783 0.02864646
v -0.01948816 0.02165730 0.02628849
v -0.01926230 0.02161875 0.02384036
v -0.01950325 0.02167437 0.02139503
v -0.02020780 0.02181352 0.01904315
v -0.02135296 0.02204712 0.01687384
v -0.02288646 0.02235966 0.01497490
v -0.02475284 0.02273647 0.01341846
v -0.02687957 0.02316532 0.01226431
v -0.02918789 0.02362908 0.01155565
v -0.02501273 0.02133420 0.03417464
v -0.02332624 0.02064132 0.03272525
v -0.02189033 0.02005282 0.03081973
v -0.02083597 0.01962190 0.02863955
v -0.02018892 0.01935794 0.02628049
v -0.01997563 0.01927425 0.02383232
v -0.02020451 0.01937389 0.02138655
v -0.02086985 0.01965685 0.01903322
v -0.02194542 0.02009108 0.01686770
v -0.02338998 0.02069547 0.01497036
v -0.02514884 0.02143028 0.01341506
v -0.02715463 0.02226481 0.01226416
v -0.02932764 0.02317004 0.01155435
v -0.02566433 0.02012214 0.03416936
v -0.02414521 0.01911286 0.03271941
v -0.02285942 0.01825794 0.03080795
v -0.02190735 0.01762528 0.02863216
v -0.02132458 0.01723927 0.02627393
v -0.02113485 0.01711451 0.02382459
v -0.02134422 0.01725657 0.02138163
v -0.02194048 0.01763832 0.01903049
v -0.02290805 0.01828872 0.01686221
v -0.02420801 0.01916305 0.01496647
v -0.02579116 0.02022562 0.01341150
v -0.02759592 0.02143630 0.01225959
v -0.02955249 0.02274701 0.01155331
v -0.02654153 0.01906182 0.03416227
v -0.02525622 0.01778050 0.03270364
v -0.02416132 0.01668855 0.03079682
v -0.02335014 0.01587972 0.02862345
v -0.02285515 0.01538552 0.02626600
v -0.02269384 0.01522477 0.02381789
v -0.02287170 0.01540447 0.02137289
v -0.02337996 0.01588296 0.01902442
v -0.02420359 0.01671008 0.01685840
v -0.02531017 0.01782060 0.01496295
v -0.02665669 0.01917068 0.01340837
v -0.02819189 0.02070908 0.01225633
v -0.02985713 0.02237757 0.01155104
v -0.02761199 0.01819596 0.03415366
v -0.02660138 0.01668851 0.03269594
v -0.02573938 0.01540177 0.03079326
v -0.02510379 0.01444866 0.02861972
v -0.02471692 0.01386549 0.02626156
v -0.02459044 0.01367419 0.02381478
v -0.02473161 0.01388403 0.02137027
v -0.02513427 0.01444606 0.01902215
v -0.02578245 0.01541475 0.01685581
v -0.02665298 0.01671891 0.01496017
v -0.02771212 0.01830549 0.01340617
v -0.02891928 0.02011326 0.01225469
v -0.03022655 0.02207305 0.01155040
v -0.03158695 0.02410968 0.01131587
v -0.02882831 0.01755964 0.03414779
v -0.02813273 0.01588184 0.03269188
v -0.02754068 0.01445072 0.03079141
v -0.02710689 0.01338917 0.02861800
v -0.02684075 0.01273789 0.02626335
v -0.02675566 0.01252448 0.02381567
v -0.02685196 0.01275539 0.02137325
v -0.02713018 0.01342343 0.01902534
v -0.02758402 0.01445392 0.01685481
v -0.02818514 0.01590096 0.01495865
v -0.02891683 0.01766302 0.01340514
v -0.02974842 0.01967097 0.01225412
v -0.03064984 0.02184794 0.01154989
v -0.03014691 0.01716198 0.03414673
v -0.02979378 0.01539368 0.03269372
v -0.02949405 0.01387070 0.03079412
v -0.02927687 0.01273988 0.02862079
v -0.02914579 0.01204707 0.02626709
v -0.02910604 0.01181933 0.02381986
v -0.02915741 0.01206268 0.02137649
v -0.02930116 0.01277023 0.01902735
v -0.02953905 0.01386374 0.01685497
v -0.02984872 0.01539812 0.01495840
v -0.03022209 0.01726810 0.01340553
v -0.03064758 0.01939787 0.01225464
v -0.03110866 0.02170878 0.01155106
v -0.03151553 0.01702195 0.03415290
v -0.03151397 0.01524953 0.03270303
v -0.03152318 0.01368319 0.03079884
v -0.03153168 0.01252496 0.02862719
v -0.03153962 0.01181753 0.02627159
v -0.03155281 0.01158424 0.02382361
v -0.03155368 0.01183179 0.02138123
v -0.03155696 0.01255177 0.01903283
v -0.03157211 0.01366664 0.01685662
v -0.03157658 0.01522936 0.01496022
v -0.03158041 0.01713483 0.01340698
v -0.03158393 0.01930742 0.01225649
v -0.03158702 0.02166149 0.01155570
v -0.03288646 0.01715008 0.03415189
v -0.03323820 0.01542524 0.03270905
v -0.03355303 0.01388735 0.03080346
v -0.03378739 0.01275122 0.02863419
v -0.03393574 0.01205695 0.02627785
v -0.03398981 0.01182830 0.02383007
v -0.03394826 0.01207162 0.02138626
v -0.03381206 0.01277798 0.01903828
v -0.03358849 0.01392153 0.01687282
v -0.03330441 0.01540223 0.01496366
v -0.03293858 0.01727035 0.01340903
v -0.03251870 0.01939954 0.01225690
v -0.03206227 0.02170967 0.01155200
v -0.03420292 0.01754799 0.03415856
v -0.03490055 0.01591406 0.03271236
v -0.03550597 0.01447561 0.03080736
v -0.03595755 0.01341131 0.02864022
v -0.03623942 0.01275836 0.02628540
v -0.03633589 0.01254361 0.02383750
v -0.03625023 0.01277449 0.02139346
v -0.03598043 0.01344184 0.01904424
v -0.03554038 0.01451934 0.01687925
v -0.03496659 0.01590938 0.01496751
v -0.03424366 0.01766726 0.01341203
v -0.03341846 0.01967411 0.01225886
v -0.03252096 0.02184963 0.01155194
v -0.03541615 0.01820224 0.03416710
v -0.03643422 0.01671663 0.03271685
v -0.03730613 0.01543343 0.03081402
v -0.03795542 0.01448087 0.02864629
v -0.03835928 0.01389623 0.02629369
v -0.03849905 0.01370491 0.02384583
v -0.03837018 0.01391443 0.02140223
v -0.03797863 0.01451580 0.01905203
v -0.03733897 0.01548630 0.01688689
v -0.03649743 0.01673073 0.01497287
v -0.03544714 0.01831161 0.01341471
v -0.03424615 0.02011800 0.01226082
v -0.03294314 0.02207565 0.01155251
v -0.03647615 0.01908492 0.03416696
v -0.03777216 0.01781644 0.03272071
v -0.03888292 0.01672717 0.03082246
v -0.03970717 0.01592003 0.02865237
v -0.04021868 0.01542632 0.02630097
v -0.04039536 0.01526628 0.02385520
v -0.04022996 0.01544626 0.02141088
v -0.03973064 0.01595877 0.01906070
v -0.03891512 0.01678532 0.01689433
v -0.03781613 0.01789390 0.01499645
v -0.03650118 0.01918004 0.01341950
v -0.03497329 0.02071469 0.01226269
v -0.03331285 0.02238081 0.01155386
v -0.03734509 0.02015417 0.03416522
v -0.03886904 0.01916140 0.03271929
v -0.04017583 0.01830622 0.03082746
v -0.04114578 0.01767565 0.02865996
v -0.04174742 0.01729150 0.02630873
v -0.04195276 0.01716735 0.02386523
v -0.04175799 0.01731144 0.02141844
v -0.04116850 0.01771636 0.01906793
v -0.04020902 0.01836785 0.01690121
v -0.03891721 0.01924007 0.01500182
v -0.03736584 0.02023929 0.01342604
v -0.03556871 0.02144437 0.01226672
v -0.03361716 0.02275087 0.01155494
v -0.03798443 0.02136973 0.03416217
v -0.03967938 0.02069267 0.03271596
v -0.04113209 0.02011286 0.03082864
v -0.04221747 0.01968149 0.02866757
v -0.04288608 0.01941864 0.02631869
v -0.04311119 0.01933710 0.02387287
v -0.04289364 0.01943830 0.02142481
v -0.04223794 0.01972212 0.01907304
v -0.04117051 0.02017328 0.01690676
v -0.03973316 0.02077540 0.01500832
v -0.03798125 0.02150861 0.01344813
v -0.03601188 0.02227382 0.01227097
v -0.03384276 0.02317423 0.01155716
v -0.03838063 0.02268578 0.03416132
v -0.04018329 0.02234803 0.03271948
v -0.04172416 0.02206564 0.03083246
v -0.04287367 0.02186273 0.02867402
v -0.04358301 0.02173332 0.02632610
v -0.04382256 0.02169305 0.02388015
v -0.04359082 0.02174946 0.02143302
v -0.04289339 0.02189763 0.01908253
v -0.04175950 0.02213026 0.01691534
v -0.04023381 0.02244105 0.01501583
v -0.03837425 0.02281552 0.01345448
v -0.03628416 0.02317611 0.01227564
v -0.03398190 0.02363312 0.01155826
f 4 2 1
f 8 6 5
f 13 15 14
f 17 19 18
f 32 30 29
f 36 34 33
f 37 39 38
f 21 23 20
f 25 27 24
f 41 43 42
f 48 46 45
f 52 50 49
f 53 55 54
f 60 58 57
f 29 62 61
f 66 64 63
f 67 6 68
f 72 70 69
f 76 74 73
f 77 79 78
f 81 83 82
f 59 86 85
f 88 90 89
f 96 94 93
f 100 98 97
f 101 103 102
f 106 34 87
f 108 115 107
f 117 36 118
f 124 126 125
f 131 129 128
f 132 134 133
f 142 140 139
f 148 60 147
f 144 127 124
f 149 151 150
f 156 154 153
f 159 158 157
f 116 164 105
f 171 169 168
f 174 173 172
f 179 181 180
f 186 188 187
f 194 196 195
f 199 139 198
f 206 208 207
f 213 211 210
f 202 214 201
f 96 216 54
f 92 43 44
f 97 246 100
f 250 229 228
f 252 58 253
f 258 256 255
f 260 229 259
f 110 112 113
f 114 263 109
f 265 267 266
f 56 270 269
f 274 249 250
f 185 63 64
f 280 278 276
f 285 283 157
f 288 211 212
f 141 92 46
f 289 175 176
f 148 105 106
f 312 170 171
f 238 42 43
f 318 160 317
f 310 308 307
f 241 325 324
f 160 240 317
f 47 307 308
f 108 315 164
f 345 86 119
f 348 350 349
f 356 358 357
f 355 353 352
f 363 32 362
f 149 150 176
f 364 253 365
f 366 368 367
f 183 371 63
f 163 161 160
f 209 101 208
f 378 165 166
f 379 381 380
f 383 3 4
f 284 386 385
f 387 389 388
f 391 229 249
f 73 397 396
f 405 407 406
f 203 411 410
f 414 413 412
f 1 357 4
f 277 131 275
f 254 57 58
f 358 415 351
f 417 386 408
f 401 192 420
f 419 127 143
f 421 182 422
f 103 302 409
f 428 368 174
f 380 359 356
f 62 266 323
f 140 431 430
f 357 351 348
f 356 379 380
f 415 403 434
f 437 436 435
f 438 440 439
f 188 450 449
f 452 454 453
f 265 181 421
f 224 64 225
f 237 213 427
f 275 128 458
f 281 460 459
f 50 79 461
f 73 282 281
f 468 466 465
f 390 352 359
f 482 484 483
f 489 487 486
f 493 495 494
f 472 470 469
f 502 500 499
f 220 222 223
f 512 143 66
f 518 511 80
f 513 230 286
f 205 31 244
f 189 451 188
f 163 532 8
f 533 225 251
f 446 447 412
f 335 540 334
f 544 546 545
f 329 291 292
f 199 262 238
f 385 416 550
f 532 191 247
f 363 118 243
f 236 237 250
f 578 580 579
f 573 571 570
f 561 562 272
f 241 259 240
f 590 592 591
f 545 595 594
f 503 155 504
f 606 624 623
f 478 480 479
f 646 648 647
f 590 689 684
f 564 651 650
f 728 184 727
f 714 716 715
f 692 575 693
f 541 581 578
f 346 248 400
f 161 230 160
f 128 94 95
f 698 704 703
f 574 576 575
f 290 401 328
f 630 725 726
f 733 735 734
f 755 496 493
f 759 481 760
f 757 762 761
f 764 466 467
f 768 3808 3809
f 759 488 489
f 492 475 771
f 474 769 473
f 773 465 772
f 771 486 483
f 484 775 491
f 774 489 486
f 495 764 756
f 495 761 494
f 137 784 136
f 325 797 547
f 165 51 52
f 369 29 370
f 730 568 569
f 90 301 89
f 243 516 242
f 800 806 805
f 817 808 816
f 816 823 822
f 306 447 807
f 815 809 808
f 829 828 825
f 726 501 502
f 274 424 423
f 879 881 880
f 884 879 885
f 219 217 211
f 906 904 897
f 455 205 542
f 898 830 829
f 903 880 881
f 906 897 898
f 377 519 165
f 923 948 946
f 946 951 950
f 3519 739 3517
f 900 886 880
f 225 65 144
f 182 442 422
f 809 947 824
f 954 962 961
f 927 965 966
f 885 880 886
f 925 966 967
f 343 341 340
f 965 971 968
f 968 970 969
f 972 969 973
f 963 981 978
f 336 338 339
f 992 827 828
f 810 996 959
f 1007 1002 1008
f 1012 827 1009
f 1011 1007 1008
f 294 292 291
f 907 920 919
f 1017 1019 1018
f 1020 1022 1021
f 1035 1020 1044
f 1061 1047 1046
f 1063 1046 1062
f 1044 1021 1045
f 1102 1097 1109
f 1116 1118 1117
f 1016 1014 1013
f 881 904 903
f 816 1127 817
f 1094 949 1097
f 514 167 515
f 146 81 82
f 1133 1130 1129
f 1102 1126 822
f 822 1116 816
f 1145 1148 1136
f 1076 1151 1069
f 1148 1086 1087
f 1109 1114 1136
f 1154 1156 1155
f 1153 967 1156
f 3464 463 3714
f 1144 1152 1151
f 1156 1163 1162
f 1164 1169 1165
f 1145 1176 1147
f 1114 1154 1171
f 1183 1164 1177
f 1184 1177 1185
f 1069 1062 1064
f 1023 1194 1022
f 1162 1170 1169
f 1195 1185 1191
f 1183 1176 1155
f 1201 1152 1196
f 1061 1201 1202
f 3825 843 3836
f 1203 1195 1034
f 1202 1184 1195
f 1218 1203 1217
f 1060 1202 1203
f 1225 1217 1219
f 671 694 670
f 1219 1024 1035
f 1217 1034 1024
f 1226 1015 1227
f 1243 1234 1233
f 1231 1229 1228
f 847 1233 843
f 843 1244 878
f 1233 1245 1244
f 1923 233 216
f 2100 499 500
f 3914 2135 3900
f 61 323 505
f 210 217 457
f 1299 1309 1300
f 3863 1231 3862
f 1066 1321 1322
f 1322 1228 1229
f 1060 1321 1047
f 1325 1323 1310
f 1244 1332 1330
f 1290 1242 1288
f 1337 1339 1338
f 1330 1340 1339
f 1341 1245 1294
f 1342 1332 1341
f 1343 1341 1344
f 1344 1294 1293
f 3857 1345 1346
f 1347 1342 1343
f 3856 1295 1345
f 1349 1348 1347
f 3861 1347 3853
f 3853 1343 3857
f 906 829 1353
f 905 1353 1354
f 865 1355 1357
f 1355 829 825
f 1357 825 826
f 1356 1353 1355
f 3834 1338 3833
f 866 1356 865
f 1358 1354 1356
f 3828 1337 3834
f 838 1012 841
f 1363 1338 1339
f 1368 1339 1340
f 1348 1340 1342
f 1371 3824 3829
f 524 526 523
f 528 530 527
f 1372 1369 1371
f 535 537 538
f 1367 1348 1350
f 1370 1359 1369
f 1369 3833 3824
f 1373 903 904
f 555 557 558
f 1374 910 1373
f 1373 905 1375
f 1374 1375 1376
f 1375 1354 1370
f 1378 908 1377
f 376 651 1387
f 1388 973 969
f 586 588 585
f 1390 1388 1391
f 1391 969 970
f 597 599 596
f 600 602 603
f 1392 970 979
f 608 610 607
f 612 523 611
f 614 616 613
f 617 25 24
f 620 622 619
f 1397 1391 1392
f 1398 1392 1399
f 1400 920 1378
f 1402 1165 1169
f 636 638 635
f 930 1402 929
f 641 643 644
f 929 1169 1170
f 1404 1403 1402
f 1411 1365 1406
f 1412 1415 1414
f 652 654 655
f 609 657 658
f 659 661 662
f 558 586 585
f 665 667 664
f 1413 1406 1412
f 1418 3810 3813
f 1417 1371 1416
f 1416 3829 3810
f 1419 1416 1418
f 1386 1374 1420
f 677 679 676
f 1385 1420 1421
f 1420 1376 1422
f 685 687 688
f 1421 1422 1423
f 528 691 658
f 1422 1372 1417
f 1018 747 1425
f 699 701 702
f 1424 579 1017
f 3663 1767 3660
f 700 711 712
f 1093 3754 1571
f 717 530 719
f 721 723 720
f 704 3543 3554
f 19 1426 1430
f 1429 1427 1426
f 1658 3542 3544
f 1439 1434 1438
f 1437 1435 1434
f 1426 1433 1432
f 1442 1432 1440
f 742 744 745
f 1432 1441 1440
f 751 753 750
f 1438 1403 1405
f 1446 1444 1443
f 1447 1446 1443
f 3860 1443 3848
f 1415 1445 1446
f 1414 1446 1448
f 2173 469 470
f 777 779 686
f 780 782 783
f 1676 1806 1675
f 3859 1349 3861
f 789 791 788
f 745 793 742
f 652 795 653
f 1455 1457 1456
f 1454 1350 1452
f 610 802 801
f 3831 698 703
f 1352 1045 1351
f 1015 1459 1460
f 811 813 814
f 2118 3817 2117
f 819 821 818
f 1466 1194 1190
f 1467 1465 1466
f 1182 1468 1467
f 832 833 831
f 835 837 834
f 1467 1190 1182
f 1469 1444 1445
f 840 712 690
f 1453 1469 1454
f 599 845 846
f 1226 3849 3855
f 851 853 850
f 855 856 854
f 858 860 857
f 861 863 864
f 1014 3855 3858
f 867 868 869
f 870 872 873
f 874 876 877
f 1310 1471 1309
f 1476 1427 1475
f 1461 1475 1460
f 887 889 890
f 788 892 891
f 894 896 893
f 1460 1227 1015
f 901 524 612
f 1465 1477 1464
f 1865 3500 1864
f 911 913 914
f 916 918 915
f 1850 3507 1851
f 921 895 894
f 1479 1436 1478
f 926 667 601
f 1481 563 1480
f 269 84 1482
f 931 933 916
f 934 614 869
f 936 688 937
f 938 662 939
f 1484 122 123
f 941 835 834
f 320 509 510
f 1849 3505 1850
f 84 1484 83
f 1487 1488 539
f 1757 3502 3509
f 365 1491 364
f 461 80 511
f 117 362 1496
f 1494 541 1495
f 926 957 958
f 1477 1433 1476
f 1709 1585 1700
f 119 1496 345
f 271 504 156
f 511 189 186
f 345 1492 365
f 255 344 254
f 57 299 132
f 1501 268 1500
f 267 1499 145
f 974 976 977
f 1678 1693 1676
f 3846 1807 3840
f 557 663 558
f 983 984 985
f 1443 3849 3848
f 421 268 265
f 989 991 988
f 1490 418 1504
f 279 309 310
f 997 676 679
f 998 999 875
f 1504 38 1505
f 1506 1507 1486
f 360 1508 1506
f 1506 207 360
f 939 1006 938
f 270 1483 269
f 66 546 512
f 1010 793 935
f 367 437 1509
f 244 363 243
f 1670 3534 1669
f 209 1510 226
f 235 1512 1511
f 1511 234 235
f 388 426 425
f 427 250 237
f 161 521 231
f 100 45 44
f 1025 608 1027
f 1029 1031 1028
f 939 1033 1032
f 41 594 99
f 1036 783 1037
f 702 1038 1039
f 1040 1042 1043
f 362 369 1493
f 187 477 186
f 70 539 198
f 1511 1521 234
f 1049 603 1048
f 613 869 614
f 860 1051 857
f 1005 1053 1006
f 753 1056 1054
f 1057 1059 1055
f 293 1522 292
f 288 1521 1522
f 292 1523 329
f 331 1508 1524
f 306 453 305
f 100 41 99
f 462 78 79
f 330 1524 462
f 635 1068 636
f 1485 1526 1528
f 206 1528 1510
f 1070 1072 831
f 942 1073 1074
f 916 1075 917
f 440 1530 439
f 157 1514 285
f 1529 5 1530
f 371 546 63
f 790 663 791
f 1077 857 1078
f 1403 1435 1165
f 1080 1082 1079
f 531 1529 440
f 21 1084 1085
f 272 1531 561
f 137 396 397
f 690 802 691
f 335 3567 581
f 1090 1029 1091
f 1092 794 1042
f 1533 137 138
f 661 1095 1096
f 69 445 72
f 1099 1101 1098
f 38 1536 1505
f 1104 1106 1103
f 852 1108 853
f 1377 909 1386
f 291 411 294
f 316 516 33
f 539 1533 534
f 1505 316 313
f 1110 1112 1113
f 1539 460 264
f 522 1537 1539
f 834 1120 1119
f 1122 1124 1121
f 612 1041 901
f 935 615 614
f 276 130 131
f 1686 3522 1685
f 193 1541 273
f 231 1540 287
f 556 982 557
f 365 85 345
f 190 318 1541
f 1810 3574 3528
f 3924 3512 3791
f 1132 985 1131
f 208 102 132
f 1134 662 661
f 1491 80 77
f 429 1542 147
f 1137 915 918
f 172 428 174
f 1139 1141 1142
f 549 54 55
f 1517 1518 296
f 976 1146 938
f 834 984 941
f 1543 286 115
f 1544 239 513
f 133 1544 1542
f 506 257 258
f 420 328 401
f 1158 1160 1157
f 587 1103 588
f 1513 1514 151
f 607 1027 608
f 304 1545 303
f 364 77 506
f 69 198 139
f 1006 976 938
f 700 1112 701
f 3877 3525 3787
f 1166 657 656
f 1167 858 1077
f 1300 3524 1299
f 1172 1174 1175
f 218 200 217
f 1179 1181 1178
f 372 97 98
f 89 227 88
f 1186 1188 1189
f 172 1517 1549
f 1482 81 1498
f 1090 1193 1030
f 394 353 1551
f 526 1198 1197
f 811 858 812
f 1199 1026 1025
f 606 697 696
f 1204 1206 743
f 1207 523 526
f 1209 867 613
f 914 685 936
f 1478 1441 1477
f 1029 1161 1091
f 1211 1213 1214
f 3858 1451 3859
f 844 1216 845
f 423 273 274
f 1220 1222 1083
f 22 1224 23
f 882 897 881
f 1519 173 387
f 1189 1232 1178
f 349 550 416
f 1071 1236 1072
f 1237 1239 745
f 1221 1189 1240
f 1510 1512 333
f 939 1241 1005
f 1556 5 67
f 1553 394 1551
f 404 67 347
f 1247 1249 1246
f 142 238 92
f 1251 635 1250
f 850 1253 851
f 1254 1077 1255
f 57 133 429
f 443 552 551
f 1187 1175 1188
f 1256 831 833
f 432 382 383
f 741 747 746
f 434 351 415
f 349 383 348
f 251 1481 1480
f 395 352 353
f 1518 1550 1551
f 1558 378 340
f 109 314 315
f 285 1513 407
f 395 393 392
f 202 410 1558
f 417 405 432
f 1246 1258 1247
f 3 297 2
f 1259 1261 1262
f 403 347 284
f 955 953 952
f 462 51 330
f 1096 687 1263
f 429 60 57
f 896 1265 932
f 1267 1268 1266
f 423 327 420
f 37 180 40
f 20 1187 1186
f 1256 1071 1070
f 155 156 504
f 1188 1269 1232
f 1236 1271 1262
f 1272 535 621
f 565 463 464
f 1273 745 1239
f 876 1255 1274
f 316 164 315
f 437 503 1509
f 194 1495 197
f 1275 864 863
f 624 631 630
f 1277 1137 1278
f 569 567 566
f 1481 125 366
f 324 547 326
f 1279 1107 1280
f 1525 329 1523
f 1281 1137 918
f 171 1553 1552
f 1488 396 1533
f 1557 1562 1559
f 1282 1206 1205
f 1053 1278 1281
f 778 607 1283
f 713 3566 3569
f 251 144 124
f 4 348 383
f 709 707 706
f 728 45 246
f 261 1563 544
f 789 1287 790
f 74 263 282
f 403 385 434
f 1178 1240 1189
f 1223 1289 1224
f 158 150 151
f 1220 1186 1221
f 296 354 433
f 784 1538 1566
f 1181 1291 1222
f 1269 1257 1246
f 1566 438 399
f 136 1566 1564
f 1563 169 1565
f 107 109 108
f 1297 1298 1296
f 1464 1476 1461
f 1520 507 508
f 1301 1303 1304
f 1306 1308 1305
f 175 1532 272
f 1532 200 201
f 1311 1312 1313
f 872 1315 1316
f 1317 1318 1319
f 3836 878 3828
f 1305 864 1276
f 1040 863 1320
f 1564 399 169
f 592 1575 591
f 591 1088 689
f 1581 1583 1582
f 1196 1147 1176
f 710 583 713
f 285 408 386
f 953 961 963
f 1594 1589 1593
f 1585 1587 1586
f 1592 1590 1589
f 3885 944 3899
f 1600 1598 1597
f 1604 1602 1601
f 1399 979 980
f 1589 1596 1595
f 1610 1608 1607
f 298 361 360
f 551 276 277
f 1627 3814 3819
f 859 818 860
f 1078 1328 1329
f 1555 1530 1556
f 572 680 681
f 772 776 774
f 977 918 917
f 404 392 393
f 1054 750 753
f 1644 1643 1642
f 932 1082 933
f 1067 1334 1068
f 1540 264 114
f 597 643 1336
f 471 762 470
f 1642 3831 3842
f 1644 3842 3843
f 923 950 927
f 96 548 95
f 520 522 521
f 445 443 442
f 849 848 842
f 480 755 493
f 1646 481 1639
f 311 1567 170
f 464 3497 3495
f 3497 1361 3495
f 234 236 235
f 190 192 191
f 153 152 149
f 231 286 230
f 1552 1551 1550
f 760 1648 488
f 3832 1649 3830
f 828 826 825
f 52 166 165
f 1663 1661 1660
f 287 115 286
f 668 670 669
f 634 640 639
f 553 559 554
f 118 33 516
f 492 491 490
f 3552 1651 3553
f 582 584 583
f 384 392 415
f 1381 1383 1380
f 1562 435 436
f 952 951 947
f 3529 583 584
f 1660 1667 1666
f 1394 1396 1393
f 1660 1664 1663
f 1671 1669 1668
f 1624 1673 1672
f 1407 1409 1410
f 1677 1675 1674
f 1613 1677 1625
f 1679 1676 1677
f 1626 3811 3814
f 534 198 539
f 176 150 159
f 803 734 800
f 400 191 192
f 65 143 144
f 3526 1656 3540
f 402 157 283
f 629 627 626
f 461 49 50
f 758 495 756
f 796 786 785
f 406 1513 1560
f 342 166 167
f 1694 1658 1695
f 1692 1694 1696
f 3557 1652 3552
f 3921 1703 3923
f 326 302 90
f 3916 1702 1706
f 3919 1698 1701
f 1699 3927 3918
f 1557 1560 1561
f 1127 1117 1128
f 400 289 346
f 1706 1707 1708
f 1707 1599 1600
f 1709 1708 1588
f 1714 1711 1713
f 3919 1709 1700
f 1704 1577 1703
f 1716 1713 1715
f 1559 1549 297
f 1722 1720 1719
f 1335 596 1489
f 410 377 378
f 973 1163 972
f 168 399 398
f 1571 1089 1093
f 1572 682 1571
f 749 647 754
f 1730 1723 1729
f 1594 1729 1592
f 1729 1591 1592
f 1731 1730 1583
f 1384 1377 1379
f 1732 1712 1714
f 1724 1731 1732
f 1712 1731 1580
f 1722 1732 1733
f 1721 1733 1734
f 1734 1716 1717
f 1735 1736 1697
f 1733 1714 1716
f 1663 1741 1668
f 1742 1740 1743
f 1738 1737 1735
f 1665 1666 1740
f 1665 1744 1664
f 1725 1746 1745
f 1591 1745 1590
f 1590 1747 1596
f 1745 1748 1747
f 1659 3538 3542
f 3287 3545 3282
f 1185 1182 1190
f 1664 1749 1741
f 1741 1739 1738
f 1746 1743 1748
f 1726 1742 1746
f 1153 924 925
f 1115 1153 1154
f 1654 3575 1655
f 1896 3549 1686
f 1720 1744 1726
f 1721 1749 1720
f 1750 1701 1698
f 1697 1750 1696
f 1151 1063 1062
f 1751 1670 1671
f 1695 1752 1751
f 961 986 981
f 1770 1768 1767
f 1766 1593 1765
f 1731 1579 1580
f 1579 1774 1578
f 3928 1771 3929
f 1764 3928 3917
f 1777 1775 1774
f 3762 1699 1700
f 1004 1128 1003
f 1774 1771 1772
f 987 1399 980
f 1578 1772 1764
f 1783 1781 1778
f 1597 1770 1767
f 639 3895 3884
f 3928 1769 1770
f 1793 1789 1788
f 3929 1798 1769
f 3508 3773 1806
f 1802 3924 3922
f 1788 1794 1793
f 1793 1795 1776
f 3773 1675 1806
f 1584 1783 1789
f 1771 3920 3929
f 1801 1798 1800
f 1768 1798 1799
f 1775 1797 1771
f 508 515 1520
f 1796 1802 1797
f 1800 3920 3922
f 1794 1804 1795
f 3532 1752 3547
f 485 1807 775
f 3809 1640 768
f 3837 1810 1653
f 485 1640 1808
f 1690 3770 3772
f 487 1648 1811
f 3839 1816 3822
f 3838 1648 3830
f 3839 1811 3838
f 1812 487 1811
f 1641 767 768
f 465 755 776
f 767 3823 3808
f 3822 3826 3847
f 1809 1815 767
f 3837 1651 3840
f 675 3541 3496
f 1814 1822 1821
f 1821 3821 3820
f 1824 1649 1825
f 1827 1850 1805
f 1668 1662 1663
f 1779 1848 1828
f 1790 1805 1794
f 1833 1853 1852
f 3521 693 575
f 1614 1616 1617
f 1852 3498 3501
f 1620 1622 1623
f 1855 1574 1861
f 1847 3501 3513
f 1766 1855 1782
f 1629 1631 1628
f 1633 1634 1632
f 1635 1637 1638
f 1848 1852 1847
f 1855 1863 1862
f 1803 1867 1802
f 1862 1831 1832
f 1782 1862 1781
f 3922 1865 1800
f 1873 1870 1869
f 1874 799 804
f 2045 3897 2044
f 1219 1295 1225
f 1615 1396 1395
f 3884 1877 1876
f 645 3786 3559
f 1345 1035 1346
f 634 3884 3880
f 15 1327 14
f 3910 1878 1893
f 1894 605 1893
f 3506 627 693
f 3560 645 3559
f 340 454 1558
f 1897 195 1898
f 1889 1877 1890
f 1901 129 1900
f 196 754 232
f 1705 3921 3916
f 340 166 343
f 1570 563 561
f 1904 194 1897
f 1781 1832 1780
f 1905 55 1906
f 1000 995 996
f 986 920 987
f 1191 1190 1194
f 2094 2075 2093
f 1920 1919 1915
f 453 1912 1911
f 1915 1918 1916
f 3882 2106 3901
f 1655 3531 1868
f 1916 1926 1925
f 704 3561 703
f 278 1925 1900
f 3565 1818 1820
f 1097 1115 1114
f 1927 727 1923
f 3578 3654 3758
f 1920 307 1929
f 1929 48 728
f 503 1497 1509
f 1902 787 796
f 1816 3820 3826
f 1925 1923 1924
f 1535 1568 1534
f 254 258 255
f 1509 366 367
f 119 35 36
f 219 293 294
f 141 47 431
f 542 244 245
f 1940 430 431
f 1779 1827 1790
f 1701 3915 3919
f 1661 3515 1667
f 270 754 647
f 197 749 196
f 1727 1212 1211
f 53 232 754
f 1465 1479 1478
f 1284 3854 1293
f 1951 412 413
f 168 1554 1553
f 1486 206 207
f 506 78 361
f 994 1007 993
f 951 963 964
f 1013 3861 1351
f 3826 1820 1818
f 1498 1954 1482
f 299 543 132
f 1754 1756 1753
f 1681 1683 1682
f 1696 1695 1697
f 13 738 737
f 473 475 474
f 482 768 1640
f 204 30 205
f 1761 820 819
f 611 1125 612
f 1501 1908 1909
f 1074 711 699
f 1960 82 83
f 120 1960 123
f 35 87 34
f 1773 1025 1031
f 1965 1569 1535
f 494 471 479
f 1966 1969 1968
f 446 1971 1967
f 174 125 126
f 1580 1578 1577
f 1785 1787 1784
f 1972 304 305
f 1254 875 999
f 1973 342 514
f 321 1973 509
f 1910 275 1907
f 509 514 508
f 1486 1527 1485
f 1974 804 1975
f 1977 1974 1978
f 1980 1966 1981
f 379 2 295
f 1718 1710 1701
f 884 992 883
f 1680 1678 1679
f 902 525 524
f 344 256 299
f 135 137 136
f 236 228 333
f 448 1967 1966
f 589 604 584
f 910 908 907
f 1981 1968 1987
f 1982 1987 1979
f 1988 1987 1989
f 1990 1989 1991
f 1991 1993 1992
f 322 320 319
f 992 830 883
f 1144 1086 1143
f 1995 1978 1994
f 1133 1118 1126
f 1997 1994 1996
f 870 1335 1489
f 805 1982 1998
f 727 2000 1999
f 1996 1988 1990
f 1994 1979 1988
f 1829 792 1273
f 1830 941 983
f 798 800 799
f 729 731 730
f 2011 2023 2022
f 1834 846 1159
f 402 284 347
f 2022 2024 2025
f 1838 989 988
f 810 952 809
f 1823 1840 644
f 1430 1432 1431
f 1215 1841 1079
f 149 176 177
f 1316 873 872
f 2112 1384 2106
f 1842 1844 1845
f 1159 845 1160
f 837 1846 1120
f 1971 2030 2027
f 517 370 189
f 858 833 812
f 1471 2027 1888
f 3551 626 627
f 2174 770 490
f 935 1854 1010
f 1613 1611 1618
f 1231 1225 1295
f 1856 891 892
f 1300 748 741
f 1150 1858 1859
f 1643 696 1642
f 1215 1264 1216
f 1320 902 901
f 1956 1944 1960
f 2031 669 1474
f 2034 1310 1299
f 1879 1656 1657
f 40 242 39
f 1992 2039 1456
f 888 957 889
f 1882 1996 1990
f 1078 1255 1077
f 1871 1192 1090
f 294 218 219
f 1323 2026 1471
f 123 83 1484
f 1324 2041 1323
f 384 359 352
f 1324 2038 2036
f 1883 1885 1829
f 287 114 107
f 1096 1134 661
f 915 931 916
f 806 1981 1982
f 3533 584 604
f 1425 2042 1018
f 1018 1948 1017
f 3562 740 3519
f 1948 649 646
f 1881 1990 1991
f 1900 130 278
f 992 994 993
f 923 925 924
f 3878 2047 3876
f 1643 625 606
f 2050 2051 2049
f 2045 1404 2047
f 3876 945 3885
f 1139 1079 1841
f 1037 892 982
f 2055 2057 2056
f 1198 718 717
f 1619 1612 1611
f 2058 1606 2059
f 2059 1607 2058
f 2058 1624 1605
f 71 179 37
f 405 1557 382
f 976 1006 977
f 322 1972 1911
f 2061 2063 2062
f 2066 2067 1825
f 2052 2064 2051
f 1609 2066 1647
f 1515 152 1516
f 1009 993 1007
f 1644 3815 2118
f 279 1916 278
f 1285 3862 1284
f 1647 1825 1649
f 2056 2067 2065
f 319 1953 1952
f 667 1913 1914
f 2070 625 2048
f 2052 2055 2063
f 2038 1655 1458
f 1606 2073 2072
f 1235 1270 1236
f 2072 2075 2074
f 2059 2072 2062
f 2074 2077 2076
f 1601 2078 2073
f 2049 1643 1645
f 1000 1001 994
f 1089 684 689
f 1931 1306 1930
f 1462 1021 1022
f 1932 1934 1935
f 875 1846 998
f 1936 1937 1938
f 44 46 92
f 1534 1956 120
f 1541 317 391
f 2081 2084 2083
f 146 1959 300
f 1360 1942 1361
f 985 1032 1033
f 1995 1892 2043
f 2079 2082 2081
f 2095 2076 2077
f 2081 2078 2079
f 2055 2054 2053
f 501 2095 500
f 2097 2099 2098
f 2098 2094 2083
f 2140 3893 3866
f 2141 3894 3893
f 2051 2048 2049
f 592 2101 1576
f 2071 2076 2096
f 2102 2098 2101
f 593 2102 592
f 1019 746 747
f 1950 12 1327
f 725 2096 501
f 1385 2104 1379
f 1379 2106 1384
f 2107 2100 2097
f 3908 502 3896
f 3896 499 3901
f 940 2109 944
f 928 1170 973
f 3868 684 3899
f 1962 1964 1961
f 3878 573 3897
f 2039 1968 1969
f 1389 2110 2109
f 1398 2113 1397
f 3757 3753 3743
f 3911 2107 2103
f 949 924 1115
f 260 324 326
f 1390 2113 2110
f 2070 2064 2071
f 3867 2103 593
f 2105 1421 2114
f 2114 1423 2115
f 3892 2115 3903
f 3908 2114 3892
f 554 1902 553
f 972 967 966
f 1765 1573 1574
f 1984 1986 1983
f 2053 2069 2057
f 3573 724 714
f 1625 1674 1673
f 3881 2119 2122
f 3903 2123 3904
f 56 1906 55
f 626 3879 629
f 2001 2003 2004
f 3912 2127 3907
f 2006 2008 2009
f 2127 1412 2128
f 2014 2016 2017
f 2018 2020 2021
f 1495 1947 197
f 1379 1386 1385
f 3814 1680 1618
f 2029 1884 2028
f 3902 2120 3887
f 629 3914 3872
f 682 943 1089
f 724 2121 716
f 1757 3821 3845
f 765 3844 3809
f 3851 715 3852
f 706 3870 3872
f 981 987 980
f 1457 1656 1880
f 2017 2032 2033
f 1458 1868 1457
f 1776 1792 1793
f 1959 1946 1958
f 3663 3725 3661
f 3913 2122 3850
f 1093 689 1088
f 966 968 972
f 3852 3881 3913
f 2172 2170 2171
f 670 2137 669
f 3761 1903 233
f 1429 28 1449
f 964 978 971
f 3841 1413 2127
f 1473 669 2137
f 3834 1359 1358
f 2138 1870 2137
f 1872 2137 1870
f 715 3888 3881
f 1881 1992 1880
f 3843 739 740
f 1837 3513 3514
f 253 59 85
f 1808 3840 1807
f 1647 3818 1609
f 3865 671 668
f 2112 3883 2111
f 1405 2044 1438
f 3829 1364 1366
f 273 391 249
f 576 3520 3555
f 3875 668 2031
f 1430 2140 2139
f 2136 3860 28
f 1430 18 19
f 3893 570 695
f 1442 2046 2141
f 1431 2141 2140
f 3869 3850 2136
f 3808 1817 766
f 3866 695 671
f 2142 798 2138
f 571 2142 694
f 3819 1618 1611
f 2143 2025 2142
f 694 2138 670
f 681 2144 572
f 2144 2022 2143
f 328 457 290
f 1572 2011 2144
f 630 3903 624
f 2085 2087 2088
f 2090 2092 2089
f 572 2143 571
f 1875 2153 2149
f 1873 2149 2154
f 2103 2097 2102
f 2157 2155 2156
f 2128 1414 2120
f 3874 589 582
f 3872 628 629
f 2149 2158 2159
f 2159 3905 3890
f 698 3902 705
f 3823 3827 1817
f 2158 3874 3905
f 1438 2046 1439
f 2035 2160 2161
f 2161 3889 3886
f 3871 605 589
f 3873 18 3875
f 370 61 451
f 649 413 648
f 2153 2156 2158
f 1428 1449 1450
f 1490 73 1488
f 3890 710 633
f 2155 3891 3871
f 1456 1880 1992
f 2125 2087 2124
f 2160 3890 3889
f 300 505 323
f 1064 1046 1065
f 2043 1891 2155
f 2129 2004 2003
f 2131 2133 2134
f 3848 1450 1449
f 1998 804 805
f 3879 3864 3914
f 474 490 770
f 1164 1182 1177
f 707 3909 3870
f 708 2162 707
f 2162 3886 3909
f 548 1905 458
f 1145 1114 1171
f 705 1650 704
f 2043 1977 1995
f 737 554 559
f 1034 1191 1023
f 458 1907 275
f 195 232 233
f 2040 1969 1970
f 2145 2147 2148
f 2054 2049 1645
f 3832 1639 3818
f 9 11 10
f 252 506 258
f 472 479 471
f 1865 3791 3503
f 900 910 907
f 1941 2151 1942
f 1921 1927 1919
f 2163 1898 2116
f 271 153 178
f 1904 12 9
f 282 264 460
f 1872 2154 2035
f 1326 1897 2163
f 628 693 627
f 1724 1719 1723
f 1549 436 172
f 1582 1730 1729
f 1921 1929 1928
f 3563 10 11
f 2152 1950 1949
f 475 774 771
f 769 2171 473
f 2171 476 473
f 476 772 475
f 1791 464 1760
f 2166 2168 2169
f 595 372 98
f 483 1641 482
f 762 2173 470
f 771 484 492
f 486 1809 483
f 297 1517 296
f 763 2174 762
f 776 759 489
f 184 2176 2000
f 412 303 414
f 2005 185 224
f 3811 1682 3846
f 2164 756 764
f 1472 2161 2162
f 950 964 965
f 2177 2179 2180
f 227 1510 333
f 764 467 2164
f 2182 2184 2181
f 2186 2018 2185
f 1985 2181 1986
f 214 729 1531
f 1545 1546 1569
f 865 842 866
f 849 1357 1362
f 452 1558 454
f 559 3188 737
f 16 737 3188
f 560 498 374
f 3193 3195 3194
f 3200 3198 3199
f 3211 3213 3212
f 3215 3217 3216
f 2187 2002 2001
f 2169 2189 2190
f 2192 2085 2191
f 2193 2195 2196
f 2198 2200 2197
f 1998 1979 1975
f 3664 3668 3671
f 2116 1903 1902
f 1859 2009 1150
f 3904 2126 3906
f 1135 1087 1130
f 2201 2015 2014
f 1149 110 1858
f 3221 3218 3215
f 2203 2205 2206
f 579 1895 1019
f 1755 2208 1756
f 3891 1893 605
f 1211 2150 1727
f 868 2210 2209
f 944 930 940
f 2130 2202 2201
f 233 1898 195
f 665 750 666
f 1167 999 618
f 2211 2213 2214
f 2215 2217 2218
f 3867 590 3868
f 2220 220 2219
f 823 948 1094
f 3225 3227 3226
f 266 455 265
f 3882 2107 3883
f 2221 3519 3517
f 2223 2225 2226
f 2207 2124 2208
f 673 3869 3864
f 817 996 815
f 2227 2146 2145
f 1947 646 749
f 3900 17 3873
f 2229 1638 1381
f 1679 1618 1680
f 1637 2232 2230
f 2233 1617 1616
f 2231 2236 2237
f 1381 2238 1382
f 3586 2242 3587
f 1630 2233 1631
f 1681 472 469
f 1408 2243 2244
f 3236 3238 3237
f 3232 3240 3235
f 1637 2238 1638
f 3237 3233 3234
f 1409 1634 2245
f 1380 2247 2246
f 1628 2245 1621
f 2249 1622 1633
f 1632 1408 2244
f 2248 1631 2250
f 2235 1637 1636
f 3245 3199 3198
f 631 2071 725
f 515 52 49
f 782 2251 1251
f 2253 2255 2252
f 397 459 784
f 1456 2040 1455
f 2040 2036 1455
f 1401 2111 1398
f 2041 1970 2026
f 1535 414 1965
f 1586 2080 2079
f 2256 1132 1886
f 1700 3918 3919
f 3815 1686 3817
f 1263 1886 1096
f 598 844 599
f 2257 2259 2260
f 2258 2262 2259
f 2259 2263 2216
f 2260 2216 2215
f 1967 1970 1969
f 2212 1963 2213
f 922 2218 2217
f 1312 1101 2264
f 1307 1286 789
f 1548 1546 1972
f 2266 2268 2265
f 2265 2270 2269
f 2272 2269 2271
f 2273 2265 2272
f 2275 2277 2274
f 2278 2277 2279
f 2284 3617 3639
f 2287 2286 2281
f 2288 2283 2287
f 2290 3639 3620
f 2291 2293 2294
f 2295 2294 2279
f 2296 2291 2295
f 2297 2292 2291
f 2294 2299 2300
f 2279 2300 2278
f 2298 2302 2292
f 2292 2303 2293
f 2293 2304 2299
f 2304 2306 2299
f 2306 2300 2299
f 2308 2310 2307
f 2302 2310 2303
f 2301 2307 2302
f 2312 2307 2311
f 2313 2315 2316
f 2318 2320 2317
f 3748 2322 2323
f 2324 2273 2326
f 2313 2326 2327
f 2328 2313 2316
f 2329 2324 2328
f 2331 2333 2330
f 2330 2267 2266
f 2325 2266 2273
f 2329 2330 2325
f 2333 2335 2267
f 2336 2333 2332
f 2338 2332 2337
f 2331 2337 2332
f 2329 2339 2331
f 2328 2340 2329
f 2316 2341 2328
f 2342 2315 2343
f 2344 2346 2347
f 2341 2347 2340
f 2342 2344 2341
f 2348 2345 2344
f 2350 2352 2353
f 2339 2353 2337
f 2340 2350 2339
f 2347 2351 2350
f 2337 2354 2338
f 2353 2355 2354
f 2356 2276 2357
f 2356 2358 2359
f 2356 2296 2295
f 2279 2356 2295
f 2360 2270 2268
f 2267 2360 2268
f 2362 2364 2365
f 2362 2361 2358
f 2366 2358 2357
f 2366 2363 2362
f 2357 2368 2366
f 2366 2369 2367
f 2276 2370 2368
f 2368 2282 2369
f 2372 2374 2371
f 2375 2377 2007
f 2378 2380 2381
f 2382 2381 2383
f 2384 2378 2382
f 2385 2379 2378
f 2388 2390 2387
f 2387 2392 2391
f 2393 2387 2391
f 2394 2388 2387
f 2186 2402 2400
f 2403 2327 2326
f 2272 2326 2273
f 2271 2403 2272
f 2405 2404 2403
f 2404 2408 2327
f 2409 2411 2412
f 2409 2271 2269
f 2413 2269 2270
f 2413 2410 2409
f 2417 2416 2418
f 2417 2406 2405
f 2412 2405 2271
f 2411 2417 2412
f 2406 2407 2404
f 3569 632 713
f 2420 2397 2421
f 2420 2423 2422
f 2424 2422 2419
f 2424 2398 2420
f 2425 2392 2426
f 2421 2426 2423
f 2397 2425 2421
f 2396 2391 2425
f 2427 2315 2314
f 2427 2408 2428
f 2430 2428 2429
f 2343 2427 2430
f 2432 2430 2431
f 2431 2429 2433
f 2435 2433 2434
f 2436 2431 2435
f 2428 2407 2437
f 2422 2407 2419
f 2438 2422 2423
f 2429 2437 2438
f 2440 2433 2439
f 2441 2433 2429
f 2442 2439 2441
f 2443 2440 2439
f 2445 2444 2443
f 2447 2443 2442
f 2383 2445 2447
f 2381 2446 2445
f 2448 2423 2426
f 2449 2426 2392
f 2441 2449 2442
f 2441 2438 2448
f 2449 2390 2450
f 2450 2389 2451
f 2447 2451 2383
f 2442 2450 2447
f 2451 2453 2452
f 2452 2455 2454
f 2382 2454 2384
f 2383 2452 2382
f 2456 2373 2372
f 2459 2461 2458
f 2463 2465 2462
f 2462 2285 2284
f 2466 2284 2290
f 2467 2462 2466
f 2461 3703 3701
f 2468 2470 2471
f 2472 2471 2473
f 2474 3701 3688
f 2475 2477 2478
f 2458 2453 2479
f 2479 2389 2388
f 2395 2479 2388
f 2480 2458 2479
f 2481 2483 2478
f 2484 2485 221
f 2471 2464 2463
f 2473 2463 2467
f 2487 2466 2486
f 2486 2290 2488
f 2490 2488 2489
f 2491 2486 2490
f 2492 2467 2487
f 2493 2487 2491
f 2494 2492 2493
f 2495 2473 2492
f 3690 2474 3688
f 3691 2496 3690
f 2498 2493 2499
f 2500 2499 2501
f 3700 2498 2500
f 3687 2494 2498
f 2306 2278 2300
f 2305 2504 2306
f 2504 2507 2506
f 2506 2288 2508
f 2274 2508 2275
f 2278 2506 2274
f 3633 2489 2488
f 3620 2488 2290
f 2507 2289 2288
f 2505 2509 2507
f 2508 2287 2511
f 2511 2281 2280
f 2370 2280 2282
f 2275 2511 2370
f 2512 2489 2513
f 2514 2513 2515
f 2517 2514 2516
f 2517 2490 2512
f 2499 2491 2517
f 2499 2516 2501
f 2510 2519 2518
f 2518 2521 2520
f 3616 2520 3621
f 3632 2518 3616
f 2522 2303 2310
f 2523 2310 2309
f 2305 2522 2524
f 2524 2523 2525
f 2519 2525 2521
f 2505 2524 2519
f 2308 2527 2526
f 2526 2529 2528
f 2531 2528 2530
f 2309 2526 2531
f 1214 2151 1211
f 2419 2418 2424
f 2533 2349 2317
f 2534 2317 2320
f 2535 2533 2534
f 2536 2345 2533
f 2537 2346 2536
f 2538 2536 2535
f 2539 2537 2538
f 2540 2351 2537
f 2312 2541 2527
f 2527 2542 2529
f 2543 2434 2544
f 2545 2544 2546
f 2319 2543 2545
f 2318 2435 2543
f 2514 2548 2547
f 2547 2550 2549
f 2552 2549 2551
f 2552 2514 2547
f 2520 2554 2553
f 2553 2556 2555
f 3590 2555 3593
f 3621 2553 3590
f 2523 2531 2557
f 2557 2530 2558
f 2525 2557 2559
f 2559 2558 2560
f 2554 2560 2556
f 2521 2559 2554
f 2561 2007 2006
f 2376 2225 2377
f 2564 2566 2563
f 2563 338 2567
f 2569 2567 2568
f 2570 2563 2569
f 2572 2574 2571
f 2571 2576 2575
f 2544 2575 2546
f 2544 2572 2571
f 2578 2569 2577
f 2579 2569 2568
f 2574 2579 2576
f 2573 2577 2574
f 2581 2583 2580
f 2584 2583 2585
f 3697 2580 2584
f 3676 2580 3675
f 2582 2552 2583
f 2583 2551 2585
f 2500 2589 2588
f 2590 2589 2591
f 3693 2588 2590
f 3695 2500 2588
f 2501 2591 2589
f 2592 2594 2595
f 2386 2503 2502
f 2596 2386 2374
f 2596 2373 2597
f 2599 2597 2598
f 2599 2379 2596
f 2600 2380 2599
f 2600 2598 2601
f 2603 2601 2602
f 2603 2446 2600
f 2604 2602 2605
f 2440 2605 2434
f 2444 2604 2440
f 2606 2581 2607
f 2606 2590 2591
f 2591 2582 2606
f 3676 2456 3689
f 3689 2372 3693
f 2478 2608 2481
f 2609 2611 2199
f 2564 2613 2612
f 2612 2598 2597
f 2457 2597 2373
f 2565 2612 2457
f 2614 2570 2578
f 2615 2578 2573
f 2602 2614 2615
f 2601 2613 2614
f 2572 2605 2616
f 2616 2602 2615
f 2573 2616 2615
f 1459 1045 1021
f 1265 1079 1082
f 1612 1609 1611
f 2067 2069 2068
f 1135 1136 1148
f 1938 2618 2617
f 95 458 128
f 2058 1608 1612
f 1454 1445 1367
f 655 1048 2619
f 722 2621 723
f 1131 1033 1134
f 562 366 1497
f 1723 1725 1591
f 1786 1122 1787
f 267 323 266
f 1325 1654 2038
f 1468 1435 1479
f 658 529 528
f 8 247 7
f 382 1559 3
f 788 1307 789
f 940 929 928
f 911 2623 912
f 2621 655 654
f 2624 2625 2626
f 998 27 26
f 635 2626 2625
f 2627 644 1840
f 2628 1840 2629
f 1200 2627 2628
f 1199 641 2627
f 1520 49 477
f 1452 1349 1451
f 2630 1859 1858
f 644 1335 1823
f 1197 717 2632
f 2632 719 1166
f 2628 1166 1200
f 2629 2632 2628
f 1762 1050 821
f 1823 873 1839
f 2634 794 652
f 1028 1027 1161
f 1042 2635 1043
f 93 1901 1924
f 2036 1458 1455
f 1527 1525 1526
f 877 1274 1277
f 134 797 1544
f 1328 931 1329
f 607 1091 1161
f 1043 2637 2636
f 2636 2639 2638
f 1275 2638 1276
f 1275 1043 2636
f 1272 2626 2640
f 2640 638 637
f 1110 2640 637
f 536 2640 2641
f 1472 1474 1473
f 2042 1951 649
f 1058 1105 1059
f 2642 2643 2644
f 1192 2644 1193
f 912 2642 1192
f 3898 3526 3786
f 1049 2620 2621
f 616 1885 613
f 1331 666 750
f 990 1198 525
f 1911 321 322
f 1298 1205 2645
f 76 1504 75
f 1502 421 422
f 610 658 691
f 1146 659 938
f 2646 914 936
f 1280 1238 1279
f 975 2647 2648
f 2647 975 974
f 1453 1452 1451
f 1514 158 151
f 835 1843 1842
f 1271 1173 1289
f 2649 813 2650
f 1893 1826 1894
f 1050 1937 1051
f 2651 814 813
f 1006 1281 977
f 2653 2654 2655
f 1001 1003 1002
f 585 679 558
f 2624 621 620
f 555 2028 556
f 1207 1197 2629
f 1626 478 472
f 426 419 1567
f 1030 1773 1031
f 3898 634 3880
f 534 138 262
f 1125 1042 1041
f 333 88 227
f 569 561 730
f 1489 871 870
f 1857 620 891
f 1673 3770 3763
f 622 864 1308
f 2647 974 2657
f 619 891 620
f 261 545 262
f 393 1556 404
f 2658 2647 2657
f 1075 2657 917
f 1081 2658 1075
f 1080 2659 2658
f 2644 1141 2660
f 2660 1140 1336
f 642 1336 643
f 1193 2660 642
f 679 555 558
f 1503 1500 1502
f 1318 1101 1100
f 2661 1139 1142
f 2661 2663 2662
f 2662 2659 2661
f 2662 2622 2664
f 2664 911 2646
f 2648 2646 1146
f 2648 2662 2664
f 2083 2093 2081
f 1442 1437 1439
f 519 330 51
f 1885 1209 613
f 799 805 804
f 1946 1952 1953
f 1302 1253 1252
f 566 224 533
f 1389 928 1388
f 683 681 680
f 836 1842 2665
f 2665 1845 1303
f 2666 1303 1302
f 24 2665 2666
f 831 2650 832
f 1845 1304 1303
f 2010 2012 2011
f 1051 2667 2668
f 1522 1511 1523
f 531 441 522
f 782 1251 1250
f 1250 2625 2669
f 2669 1857 1856
f 783 1856 1037
f 782 2669 783
f 720 2671 721
f 1055 1930 1056
f 1333 1251 2251
f 619 1308 1307
f 652 2619 2634
f 521 1539 1540
f 1838 537 2672
f 2672 536 2641
f 1113 2641 1110
f 1113 1838 2672
f 1016 1351 1045
f 3897 570 3894
f 226 104 101
f 3564 3827 1818
f 1036 1884 1883
f 2674 1304 2673
f 2673 1844 2675
f 1334 2675 1039
f 1333 2673 1334
f 2676 1039 2675
f 1843 2675 1844
f 942 2676 1843
f 1074 702 2676
f 811 859 858
f 752 1055 753
f 1200 656 1026
f 1120 874 2677
f 2677 877 1052
f 1241 1052 1005
f 1119 2677 1241
f 1560 151 1515
f 1208 611 523
f 215 736 214
f 1460 1462 1461
f 1208 1839 873
f 854 1282 1297
f 72 182 179
f 544 1565 512
f 217 456 457
f 2047 930 945
f 1204 1937 2633
f 913 686 685
f 840 1113 1112
f 1531 730 561
f 2678 1283 801
f 601 1914 602
f 1537 459 460
f 1819 3509 3527
f 991 862 538
f 2679 1073 1830
f 2680 983 2256
f 779 2256 1263
f 778 2680 779
f 2678 1830 2680
f 180 245 40
f 1886 1131 1134
f 1138 1274 1255
f 1841 1140 1139
f 75 314 74
f 193 420 192
f 2681 1099 1098
f 170 1565 169
f 349 417 432
f 1121 2684 2683
f 547 409 302
f 123 121 120
f 2643 1142 1141
f 1542 513 1543
f 899 907 919
f 1210 676 867
f 791 982 892
f 24 837 836
f 893 932 931
f 1860 863 862
f 535 862 861
f 832 813 812
f 2650 813 832
f 1569 1547 1568
f 181 542 180
f 660 937 688
f 2013 568 2012
f 887 2631 2630
f 1524 361 78
f 520 162 1529
f 2653 854 2685
f 1238 2655 2686
f 718 527 530
f 1492 518 1491
f 792 615 793
f 599 1835 596
f 290 456 175
f 312 1552 425
f 1248 1179 1249
f 153 177 178
f 1240 1222 1221
f 1257 1235 1071
f 1291 1083 1222
f 1052 1277 1053
f 743 2618 1204
f 444 430 443
f 23 1172 1187
f 2687 1180 1179
f 102 409 134
f 1283 610 801
f 373 650 651
f 1180 1084 1291
f 855 2655 1237
f 1173 1917 1174
f 2689 853 2688
f 2688 1108 1279
f 2686 1279 1238
f 2687 2688 2686
f 2691 1252 2690
f 2690 850 2689
f 1248 2689 2687
f 1248 2691 2690
f 2692 24 2666
f 2691 2666 1302
f 1247 2692 2691
f 1258 617 2692
f 394 1555 393
f 2693 1259 1223
f 1072 1262 1261
f 1257 1168 1258
f 398 1555 1554
f 871 1314 872
f 1178 1249 1179
f 1224 1173 1172
f 1010 2618 742
f 1175 1292 1269
f 2654 2686 2655
f 2694 1216 1264
f 71 1487 70
f 701 1111 1038
f 1072 2649 2650
f 1085 22 21
f 895 1264 896
f 1601 1605 1604
f 1259 1271 1289
f 21 1220 1083
f 988 538 537
f 598 1336 1140
f 820 1762 821
f 1050 818 821
f 1298 1761 2652
f 1168 618 617
f 858 1256 833
f 39 516 1536
f 2652 819 814
f 313 315 314
f 2026 1971 2027
f 2656 596 1835
f 814 818 811
f 2696 813 2649
f 1260 2649 1261
f 2693 2696 1260
f 2697 2651 2696
f 381 390 380
f 3818 1611 1609
f 1475 1428 1227
f 1292 1917 1235
f 1551 354 1518
f 1526 1523 1511
f 1593 1595 1573
f 1232 1246 1249
f 2695 1223 22
f 2698 1296 2697
f 2698 2693 2695
f 2685 2695 1085
f 2685 1297 2698
f 562 271 272
f 2652 1296 1298
f 1365 1364 1363
f 1958 1953 1957
f 585 2210 997
f 1561 1515 435
f 975 1146 976
f 347 68 346
f 1038 636 1068
f 2700 780 2699
f 2699 1036 1883
f 2701 1883 1829
f 851 2699 2701
f 2674 2251 2702
f 2702 781 2700
f 1253 2700 851
f 1301 2702 1253
f 1519 388 1550
f 1273 1280 2703
f 2703 1107 852
f 2701 852 851
f 1829 2703 2701
f 91 326 90
f 1784 2656 1785
f 2683 2705 2704
f 604 3499 3533
f 1669 3548 1662
f 2062 2060 2059
f 621 861 622
f 2023 732 2024
f 686 1263 687
f 857 2668 1328
f 883 882 879
f 637 1111 1110
f 2668 893 1328
f 2667 894 2668
f 1039 1068 1334
f 313 1504 1505
f 1911 305 453
f 1936 1964 2212
f 2707 2401 2183
f 2708 2183 2182
f 738 2116 554
f 2349 2432 2436
f 2711 2020 2019
f 2400 2019 2186
f 2714 2716 2713
f 2717 2719 2720
f 2721 2723 2724
f 2726 2728 2725
f 2725 2730 2729
f 2731 2729 2709
f 2732 2725 2731
f 2734 2736 2733
f 2738 2740 2737
f 2737 2741 2742
f 2744 2746 2743
f 2745 2748 2747
f 2749 2747 2751
f 2753 2751 2752
f 2250 2246 2248
f 2754 1614 2755
f 3598 2755 3609
f 3608 2747 3609
f 1617 2755 1614
f 2242 1620 2757
f 2191 2760 2759
f 2761 2760 2762
f 3648 2761 3649
f 3623 2759 3648
f 3209 3223 3224
f 1395 2236 2235
f 1395 1636 1615
f 1616 2229 2233
f 1617 2763 2756
f 2756 3628 3608
f 2765 2234 1630
f 2766 3628 3622
f 3202 3246 3247
f 1516 435 1515
f 2768 3552 3553
f 1495 578 1424
f 2135 28 17
f 3526 2773 2774
f 1690 3926 3925
f 2778 2780 2777
f 2777 2781 2782
f 2784 2777 2783
f 3555 575 576
f 1494 9 540
f 3529 2015 3566
f 451 505 450
f 2786 2788 2785
f 2779 2785 2780
f 2789 2741 2740
f 2790 2752 2789
f 2792 2794 2791
f 2793 2796 2794
f 2796 2750 2749
f 2794 2749 2753
f 2798 1396 2754
f 3591 2754 3598
f 2798 2800 1393
f 3591 2799 2798
f 2797 2795 2801
f 2791 2753 2790
f 216 232 54
f 3804 2807 3803
f 3805 2804 3803
f 2769 3557 3552
f 183 184 97
f 2811 2775 2776
f 2804 2776 2805
f 2809 2811 2804
f 2812 2813 2814
f 3805 2816 3795
f 3796 2815 3795
f 3798 2820 2821
f 3793 2819 3798
f 2824 2735 2819
f 2823 2824 2819
f 2825 2826 2724
f 3793 2827 3792
f 3796 2826 3792
f 2713 2829 2828
f 2828 2831 2830
f 2822 2828 2830
f 2821 2713 2828
f 2832 2822 2830
f 2833 2830 2831
f 2834 2832 2833
f 2835 2827 2832
f 2837 2839 2836
f 2836 2841 2840
f 2842 2840 2727
f 2843 2836 2842
f 2840 2845 2844
f 2718 2845 2719
f 2730 2844 2718
f 2727 2844 2728
f 2846 2719 2845
f 2846 2841 2847
f 2829 2847 2831
f 2829 2716 2846
f 2847 2839 2848
f 2848 2838 2849
f 2833 2849 2834
f 2831 2848 2833
f 2850 2851 2852
f 2853 2852 2854
f 2783 2782 2855
f 2785 2853 2856
f 2780 2856 2781
f 2857 2855 2782
f 2859 2782 2781
f 2861 2842 2860
f 2860 2727 2726
f 2862 2726 2732
f 2863 2860 2862
f 2861 2858 2857
f 2843 2857 2859
f 2856 2854 2864
f 2781 2864 2859
f 2837 2859 2864
f 2838 2864 2854
f 2852 2834 2849
f 2854 2849 2838
f 2865 2818 2835
f 2851 2835 2834
f 2813 2815 2865
f 2814 2865 2851
f 2866 2814 2850
f 2788 2850 2853
f 2866 2787 2867
f 2812 2867 2775
f 1892 1890 1891
f 2720 2846 2870
f 298 256 257
f 2872 2713 2820
f 3794 2735 2734
f 2729 2874 2873
f 2846 2715 2870
f 2876 2878 2875
f 2733 2878 2734
f 3806 2879 2880
f 3806 2872 3794
f 2882 2884 2881
f 2881 2715 2714
f 2880 2714 2872
f 2879 2881 2880
f 2885 2887 2888
f 2888 2890 2885
f 2885 2892 2891
f 2893 2885 2891
f 1942 2532 2894
f 2895 2720 2870
f 2884 2870 2715
f 2883 2895 2884
f 2896 2892 2895
f 2889 2717 2890
f 2890 2720 2892
f 2897 2891 2896
f 2898 2896 2883
f 2899 2883 2882
f 2900 2882 2879
f 3797 2879 3807
f 2876 2901 2877
f 2901 2904 2903
f 1785 1835 1834
f 2905 2899 2900
f 2907 2897 2898
f 3797 2903 3799
f 632 577 633
f 3532 2867 2787
f 434 550 350
f 2768 3640 3643
f 2910 1623 2249
f 2241 2758 2242
f 3640 2913 3652
f 1623 2757 1620
f 3587 2757 3652
f 2229 1380 2250
f 2765 1629 2914
f 2915 1629 2912
f 3642 2914 2915
f 3641 2765 2914
f 2919 3642 3613
f 2918 2912 2241
f 3614 2241 3586
f 3618 3613 3670
f 3541 2180 3496
f 3521 2188 3506
f 3705 714 3851
f 2925 2917 2924
f 2924 2916 2919
f 3610 2919 3618
f 3611 2924 3610
f 2926 2766 2925
f 3658 2925 3611
f 1715 1705 1710
f 785 498 796
f 1387 565 1791
f 374 1899 560
f 3573 2206 3556
f 2929 2886 2893
f 2932 2934 2931
f 1905 1908 1907
f 2930 2936 2937
f 2938 2930 2929
f 1493 517 518
f 1603 1586 1602
f 2939 2929 2908
f 2940 2908 2907
f 3665 1600 3661
f 2886 2937 2887
f 2906 2898 2899
f 2908 2893 2897
f 2942 2933 2941
f 2941 2937 2936
f 3501 2936 3513
f 3498 2941 3501
f 2943 2710 2873
f 2943 2874 2889
f 2945 2889 2888
f 2946 2943 2945
f 2932 2888 2887
f 2931 2945 2932
f 727 1929 728
f 2903 2947 2948
f 545 42 262
f 1480 533 251
f 2907 2949 2940
f 2906 2950 2949
f 1558 215 202
f 3799 2948 3801
f 2054 1644 2118
f 3705 2203 3573
f 1828 1849 1827
f 2953 2955 2952
f 2952 2957 2956
f 2956 2258 2952
f 2953 2258 2257
f 2454 2474 2496
f 3747 2959 3766
f 3747 2131 3737
f 2961 2963 2958
f 2958 2964 2959
f 222 2485 2965
f 2477 2966 2608
f 2631 2006 1859
f 2384 2496 2497
f 2967 2959 2964
f 2968 2970 2969
f 3759 2971 3784
f 3784 2960 3766
f 2972 2033 2032
f 2007 2973 2008
f 3560 2134 2133
f 1836 1832 1831
f 3506 2090 3551
f 955 959 956
f 672 674 673
f 633 713 632
f 2024 733 803
f 2025 803 798
f 425 1550 388
f 2975 888 887
f 1319 1157 2694
f 1212 2977 1213
f 889 2228 2227
f 1978 1975 1979
f 1138 1329 915
f 751 2979 2978
f 1619 1625 1624
f 2252 1728 1727
f 1157 845 1216
f 2706 1938 2617
f 2980 2254 2981
f 2982 887 2630
f 802 711 2679
f 678 2029 2028
f 527 690 528
f 1839 2629 1840
f 2983 602 1914
f 2983 1913 1331
f 2985 1331 1054
f 2986 2983 2985
f 2987 2635 2634
f 2985 2639 2986
f 2990 1318 2989
f 2991 2993 2994
f 2995 2994 2996
f 1106 2991 2995
f 1058 2992 2991
f 1415 1365 1367
f 1317 2217 2997
f 1932 2255 2980
f 926 2999 664
f 3001 2992 3000
f 3000 1057 2978
f 2999 2978 2979
f 2998 3000 2999
f 3002 2209 3003
f 3002 2996 2994
f 2993 3002 2994
f 3001 2998 3002
f 1103 2995 3004
f 3004 2996 3003
f 2209 3004 3003
f 588 3004 2210
f 295 433 381
f 2638 2988 3005
f 3005 1056 1930
f 1305 1930 1306
f 1276 3005 1305
f 1987 1993 1989
f 2633 1761 2645
f 1423 1417 1419
f 3561 739 703
f 2671 2704 2705
f 1473 2035 1472
f 922 2694 895
f 1401 1378 1384
f 556 1884 1037
f 842 3825 3836
f 1854 2617 1010
f 933 1081 1075
f 1440 1436 1437
f 529 719 530
f 1031 1027 1028
f 777 912 1871
f 2645 1204 2633
f 441 1538 1537
f 790 587 586
f 2065 1610 1607
f 1860 990 902
f 60 87 59
f 1424 1948 1947
f 332 1507 331
f 261 138 135
f 187 449 507
f 1719 1726 1725
f 1931 1059 3006
f 3006 1105 1104
f 1287 1104 587
f 1286 3006 1287
f 3007 3009 3010
f 3009 653 795
f 618 26 25
f 2029 1210 1209
f 957 600 2228
f 1049 2228 600
f 2631 3011 2561
f 890 2227 3011
f 3011 2145 3012
f 2561 3012 2375
f 1026 609 608
f 2706 1961 1964
f 3013 2485 3014
f 2148 1267 3015
f 3015 1266 1311
f 2997 1101 1317
f 642 1773 1193
f 186 461 511
f 1041 1320 901
f 1121 3017 1122
f 2984 2987 3018
f 3018 2634 2619
f 1048 3018 2619
f 603 2984 3018
f 2679 801 802
f 2062 2074 2061
f 2061 2076 2064
f 414 1545 1965
f 3016 2683 3019
f 3019 2704 2670
f 3020 2670 720
f 3007 3019 3020
f 1871 1091 777
f 3021 1122 3017
f 3022 3017 3010
f 1314 3022 1315
f 1784 3021 1314
f 1316 1763 611
f 3023 3010 3009
f 3023 795 1092
f 1763 1092 1125
f 1315 3023 1763
f 3016 3010 3017
f 752 2978 1057
f 2986 2637 2987
f 3024 653 3008
f 3020 3008 3007
f 720 3024 3020
f 723 654 3024
f 2681 1268 3025
f 2671 1268 721
f 2705 3025 2671
f 1313 3027 1311
f 3026 3029 3027
f 3027 3030 3031
f 1311 3031 3015
f 2012 731 2023
f 917 974 977
f 743 856 744
f 1888 2030 1425
f 2682 2684 3032
f 3032 1124 2989
f 1100 2989 1318
f 1099 3032 1100
f 1123 2989 1124
f 3033 1159 1158
f 2990 1158 1319
f 1123 3033 2990
f 1786 1834 3033
f 1054 2988 2985
f 2979 664 2999
f 2623 2663 2643
f 1095 688 687
f 3034 2261 2956
f 3036 2956 2957
f 3037 3034 3036
f 3038 3035 3034
f 3040 3026 1313
f 2263 3041 3040
f 3042 3043 3041
f 3041 3028 3026
f 3044 3043 3039
f 3046 3045 3044
f 3047 3049 3045
f 3043 3049 3028
f 3038 3051 3050
f 3050 3053 3052
f 3052 3044 3050
f 3039 3050 3044
f 3054 3039 3042
f 3042 2262 3054
f 2261 3054 2262
f 2216 2997 2217
f 2212 2667 1936
f 3056 2209 3055
f 934 1961 1854
f 2013 3757 567
f 3058 3060 3061
f 3059 3063 3060
f 3060 2213 1963
f 3061 1963 1962
f 3063 2214 2213
f 3062 3064 3063
f 3065 2260 3064
f 3064 2215 2214
f 3066 3031 3030
f 2608 3067 3066
f 2966 3068 3067
f 3031 3068 3015
f 2455 2461 2474
f 2476 2226 2477
f 3551 2089 3525
f 3526 3769 3786
f 433 355 381
f 2115 1419 2123
f 3509 2922 3527
f 3769 2131 2134
f 3069 2167 2166
f 2971 2928 2960
f 2961 2773 2962
f 3070 2478 2483
f 2610 3071 2954
f 2502 2374 2386
f 3072 2595 3073
f 2964 3052 2967
f 3048 3074 3049
f 2593 3075 3074
f 3075 3029 3074
f 3074 3028 3049
f 3072 3075 2592
f 3076 2482 2481
f 2481 3066 3076
f 3076 3030 3075
f 2967 3053 2970
f 2482 3073 2483
f 479 493 494
f 706 3873 709
f 3561 2221 3517
f 2013 3754 3755
f 3533 2016 3529
f 3562 2222 2974
f 1171 1155 1176
f 2586 2565 2587
f 2982 113 2484
f 2562 3077 3068
f 2376 3012 3077
f 3012 2148 3077
f 3077 3015 3068
f 2963 3046 2964
f 3051 2970 3053
f 1683 491 775
f 3850 1447 3860
f 1986 3734 3768
f 3079 2546 2575
f 3081 2575 2576
f 1983 3768 3765
f 3082 2319 2545
f 3080 2545 2546
f 3734 3082 3080
f 3732 2323 3082
f 1309 1888 748
f 3073 2772 2771
f 2760 3084 2762
f 2760 2088 3083
f 3085 3086 3087
f 3089 3090 3088
f 3089 3084 3085
f 3092 3090 3091
f 3093 2744 2743
f 2751 2748 3093
f 3093 2752 2751
f 2742 3093 3094
f 3094 2743 3095
f 3096 3098 3087
f 3099 3087 3086
f 3097 3095 3098
f 3100 2746 3101
f 3101 3102 3100
f 2764 2927 3101
f 2745 3101 2746
f 3102 3091 3100
f 3100 3095 2743
f 2869 3592 3634
f 3102 3104 3092
f 3658 2869 3634
f 2927 3103 3102
f 3098 3091 3090
f 3087 3090 3085
f 2088 3105 3083
f 3083 3086 3084
f 2483 2771 3070
f 2401 2185 2321
f 3099 3105 3106
f 2125 3106 3105
f 3108 2742 3107
f 3107 3094 3097
f 3110 3107 3109
f 3109 3097 3096
f 3111 3096 3099
f 3112 3109 3111
f 3113 2737 3108
f 3115 2722 3114
f 3117 3114 3116
f 3119 3116 3118
f 3118 3120 3121
f 3116 3113 3120
f 3122 3111 3123
f 3122 1755 1754
f 3124 3126 3127
f 3125 3121 3126
f 3128 3118 3125
f 3129 3125 3124
f 2020 3128 3129
f 3853 1346 1352
f 1065 1047 1066
f 1814 3830 1649
f 2021 3129 3130
f 3111 3106 3123
f 3123 2207 1755
f 2377 2224 2973
f 3014 113 112
f 1756 3782 3767
f 3131 2530 2528
f 3133 2528 2529
f 1753 3767 3775
f 3134 3127 3135
f 2327 2314 2313
f 2436 2317 2349
f 2018 3711 3712
f 2534 3137 2535
f 2320 3136 2534
f 2185 3712 3771
f 3138 2542 2539
f 3134 3744 3745
f 3785 3134 3745
f 3140 2539 2538
f 2535 3140 2538
f 3711 3130 3785
f 2558 3132 3141
f 3782 3141 3132
f 2560 3141 3142
f 3760 3142 3141
f 958 2976 2981
f 1933 2980 3143
f 2399 2418 2416
f 2348 2343 2432
f 2322 2319 2323
f 2718 2874 2730
f 2709 2873 2710
f 2894 1361 1942
f 346 176 347
f 1876 1882 1881
f 2802 3607 3592
f 3104 3088 3092
f 2974 3649 3603
f 3089 2761 2762
f 3088 3145 3089
f 2803 3603 3607
f 3870 692 628
f 2123 1418 2126
f 1365 1368 1367
f 1581 1782 1783
f 3569 2129 3520
f 3555 2002 3521
f 3146 2551 3147
f 3751 3147 3750
f 3742 3146 3751
f 3149 2585 3146
f 3196 3197 3195
f 3604 2191 3623
f 3142 2556 2560
f 3777 3150 3142
f 3646 2550 3593
f 3150 2555 2556
f 3778 3151 3150
f 3788 3152 3646
f 3153 2551 2549
f 3152 2549 2550
f 3781 3153 3152
f 3776 3147 3153
f 3148 2206 2205
f 2183 2321 2184
f 2132 2928 2133
f 3684 2204 2203
f 3719 2197 3721
f 2594 2773 2951
f 2595 2951 2772
f 1870 799 1869
f 3713 2178 3706
f 3706 3736 3790
f 336 3774 3722
f 339 3154 336
f 3789 3149 3742
f 3683 2584 3149
f 2963 3048 3047
f 3722 337 336
f 339 2566 2586
f 3156 2168 2167
f 2610 2167 2611
f 2954 3156 2610
f 3157 2953 2257
f 3707 2169 3709
f 2567 3159 2568
f 337 2567 338
f 3730 2166 3707
f 3764 1983 3765
f 2579 3081 2576
f 2568 3160 2579
f 3709 2190 3764
f 3065 3162 3161
f 3161 1984 2189
f 3157 2189 2168
f 2257 3161 3157
f 734 1922 806
f 3059 2708 3163
f 3163 2182 1985
f 3162 1985 1984
f 3062 3163 3162
f 3203 3205 3204
f 2122 1448 1447
f 3817 1685 3812
f 139 444 69
f 1570 566 533
f 2957 3165 3036
f 2955 3164 2957
f 1912 341 1973
f 3130 3124 3134
f 1548 319 1547
f 1949 1327 1887
f 2969 3078 3167
f 3167 3169 3168
f 3724 2017 3720
f 3720 2033 3759
f 3168 3165 3170
f 3170 3164 3171
f 3779 3171 3756
f 3724 3170 3779
f 3171 3166 3172
f 3172 3071 3173
f 3752 3173 3749
f 3756 3172 3752
f 3169 3036 3165
f 2593 2962 2594
f 3173 2609 3174
f 3174 2199 2198
f 3783 2198 3719
f 3749 3174 3783
f 2190 1984 1983
f 2196 2767 3148
f 2119 1414 1448
f 1464 1466 1465
f 2199 3069 2200
f 2457 2587 2565
f 2226 2562 2966
f 481 1627 1639
f 333 235 236
f 3078 3037 3169
f 3040 2997 2263
f 2219 1933 2220
f 2385 2497 2503
f 221 3175 2484
f 2220 3143 3175
f 3175 2976 2975
f 2484 2975 2982
f 2954 3166 2955
f 2630 110 2982
f 1547 1952 1955
f 2091 2188 2187
f 3733 2178 2177
f 1918 1927 1926
f 3563 111 3511
f 955 960 954
f 2037 112 3563
f 3143 2981 2976
f 2218 2214 2215
f 672 3787 3541
f 2152 3014 2037
f 1147 1143 1145
f 2248 1409 2245
f 1615 1635 1616
f 1410 2246 2247
f 3241 3242 3240
f 3177 1383 1382
f 2238 3176 1382
f 3176 2230 3178
f 1410 3179 1407
f 3179 2243 1407
f 1633 2800 2249
f 1621 2758 2912
f 1622 2245 1634
f 2236 3181 3182
f 2237 3182 3183
f 2250 2233 2229
f 2912 1628 1621
f 135 1564 1563
f 1567 512 1565
f 1085 2653 2685
f 3184 868 3056
f 869 3057 934
f 1266 1098 1312
f 1267 722 721
f 937 2646 936
f 2146 722 2147
f 2211 921 2667
f 1957 507 449
f 1313 2264 3040
f 1496 1493 1492
f 2681 2705 2682
f 2887 2933 2932
f 1687 1659 1694
f 145 1498 81
f 1317 1319 2694
f 37 418 71
f 1935 3185 2977
f 104 301 103
f 2101 2083 2084
f 543 360 207
f 1934 3186 3185
f 234 212 237
f 3845 1822 1824
f 1976 1874 1974
f 223 2219 220
f 3655 3605 3612
f 468 773 2165
f 1935 1728 1932
f 3240 3226 3235
f 3261 3250 3260
f 3215 3244 3264
f 3265 3215 3264
f 3267 3198 3196
f 3205 3269 3255
f 3214 3265 3270
f 3271 3214 3192
f 3251 3239 3236
f 3222 3266 3272
f 3232 3234 3233
f 3216 3243 3244
f 3196 3268 3267
f 3244 3254 3255
f 3238 3247 3246
f 3264 3255 3269
f 3253 3216 3217
f 3211 3221 3265
f 3257 3218 3256
f 3258 3272 3259
f 3274 3280 3273
f 3228 3262 3263
f 3275 3281 3280
f 3226 3273 3280
f 3236 3260 3251
f 3281 3236 3237
f 3287 3192 3189
f 3235 3280 3234
f 3234 3281 3237
f 3288 3259 3272
f 3260 3276 3251
f 3289 3278 3284
f 3210 3224 3283
f 3199 3201 3200
f 3228 3230 3229
f 3290 3285 3286
f 3282 3271 3287
f 3260 3262 3261
f 3243 3268 3254
f 3267 3241 3232
f 3194 3208 3193
f 3191 3269 3206
f 3270 3192 3214
f 3275 3230 3231
f 3264 3270 3265
f 3252 3276 3291
f 3248 3291 3223
f 3213 3279 3277
f 3272 3289 3288
f 3277 3212 3213
f 3228 3281 3231
f 3220 3253 3219
f 3219 3217 3257
f 3256 3222 3258
f 3247 3252 3248
f 3245 3232 3233
f 3266 3212 3289
f 3208 3255 3254
f 3288 3284 3285
f 3204 3208 3207
f 560 3187 559
f 3209 3201 3202
f 3189 3191 3190
f 448 807 447
f 647 122 270
f 1833 1780 1832
f 510 508 507
f 3210 1887 3201
f 1887 3200 3201
f 15 3197 3200
f 16 3195 3197
f 3195 3187 3194
f 3194 1899 3207
f 3207 375 3204
f 387 126 127
f 3189 1760 3287
f 3577 757 758
f 763 2172 2175
f 3583 3580 3581
f 3581 3579 3578
f 3594 3596 3595
f 3400 3602 3401
f 3626 3625 3627
f 3631 3599 3601
f 3636 3595 3596
f 3647 3588 3645
f 3650 3584 3647
f 3653 3580 3651
f 3653 3654 3579
f 1801 3656 3655
f 3651 3582 3650
f 3644 3595 3637
f 1767 3659 3660
f 1597 3661 1600
f 1708 3665 3664
f 3671 3667 3666
f 3666 3673 3672
f 1588 3664 1587
f 2080 3666 2082
f 2082 3672 2084
f 3674 3635 3631
f 3677 3636 3635
f 3682 3645 3681
f 3692 3650 3686
f 3681 3644 3680
f 786 3692 785
f 3694 3651 3692
f 785 3686 497
f 497 3682 650
f 650 3681 564
f 3696 3681 3680
f 3405 3605 3402
f 3702 3678 3677
f 3699 3679 3678
f 3645 3638 3644
f 1799 3659 1768
f 3708 3458 3460
f 3462 3708 3460
f 3714 564 3696
f 3615 3602 3600
f 3710 3696 3698
f 3635 3596 3599
f 3629 3627 3630
f 3597 3599 3596
f 3630 3715 3629
f 3627 3597 3594
f 3717 3723 3718
f 3715 3660 3629
f 3716 3725 3715
f 3668 3661 3725
f 3668 3717 3667
f 3667 3718 3673
f 3727 3673 3718
f 3728 3672 3673
f 3726 3718 3723
f 1576 2084 3672
f 3727 3731 3729
f 3203 1387 3190
f 3190 1791 3189
f 3283 1949 3210
f 317 259 391
f 2000 3653 3694
f 3601 3600 3602
f 3589 3584 3585
f 3577 756 2170
f 3585 3582 3583
f 3678 3637 3636
f 3204 376 3203
f 1801 3657 1799
f 3729 3728 3727
f 1575 3738 1088
f 3735 1576 3728
f 1776 1796 1775
f 1293 1290 1284
f 1326 1327 12
f 1294 1234 1290
f 878 1330 1337
f 497 374 498
f 122 413 121
f 3699 3704 3708
f 3606 3401 3602
f 3708 3698 3699
f 3464 3710 3462
f 3704 3443 3458
f 439 399 438
f 1512 1526 1511
f 1668 1738 1671
f 839 1362 838
f 1362 826 1012
f 3843 1896 3815
f 2053 2118 2117
f 3888 2120 2119
f 696 3816 3831
f 1826 639 640
f 3740 3729 3731
f 956 886 960
f 1980 1922 807
f 33 105 164
f 1343 3856 3857
f 3907 2128 3902
f 1766 1582 1594
f 14 2163 738
f 595 99 594
f 3233 3246 3245
f 1346 1044 1352
f 748 1425 747
f 3193 3254 3268
f 3190 3206 3203
f 3612 3606 3615
f 3624 3615 3625
f 3631 3443 3674
f 3679 3644 3637
f 3686 3647 3682
f 3702 3674 3704
f 3625 3600 3597
f 3601 3415 3631
f 3739 3735 3729
f 3630 3594 3741
f 3741 3716 3630
f 1284 1288 1285
f 3698 3680 3679
f 1778 1780 1779
f 1792 1584 1789
f 695 571 694
f 3638 3594 3595
f 3741 3588 3589
f 3247 3209 3202
f 3292 3294 3295
f 3296 3298 3299
f 3299 3300 3301
f 3302 3304 3305
f 3306 3308 3309
f 3307 3311 3308
f 3303 3301 3300
f 3312 3304 3313
f 3314 3316 3317
f 3318 3320 3321
f 3324 3321 3325
f 3326 3328 3323
f 3329 3331 3332
f 3333 3335 3336
f 3337 3339 3340
f 3333 3341 3342
f 3342 3343 3344
f 3319 3344 3343
f 3338 3334 3339
f 3346 3302 3347
f 3305 3347 3302
f 3312 3223 3349
f 3350 3340 3351
f 3312 3348 3305
f 3352 3341 3326
f 3311 3354 3308
f 3341 3327 3326
f 3359 3361 3362
f 3360 3250 3249
f 3318 3345 3319
f 3364 3318 3324
f 3314 3324 3365
f 3366 3301 3346
f 3299 3367 3296
f 3308 3368 3309
f 3369 3295 3294
f 3317 3364 3314
f 3370 3317 3316
f 3325 3365 3324
f 3352 3319 3343
f 3296 3353 3311
f 3297 3311 3310
f 3363 3354 3345
f 3345 3353 3344
f 3344 3367 3342
f 3366 3342 3367
f 3347 3334 3346
f 3339 3348 3340
f 3348 3351 3340
f 3363 3369 3368
f 3294 3368 3369
f 3293 3309 3294
f 3331 3374 3332
f 3346 3333 3366
f 3323 3352 3326
f 3356 3321 3320
f 3355 3325 3321
f 3357 3371 3325
f 3322 3320 3352
f 3361 3329 3362
f 3373 3375 3374
f 3374 3376 3332
f 3329 3376 3362
f 3327 3372 3328
f 3336 3375 3327
f 3335 3376 3375
f 3376 3337 3362
f 3337 3359 3362
f 3359 3276 3250
f 3377 3295 3370
f 3277 3315 3278
f 3371 3379 3365
f 3378 3358 3380
f 3365 3315 3314
f 3316 3279 3370
f 3282 3370 3279
f 3313 3224 3312
f 3378 3284 3379
f 3380 3285 3378
f 3379 3278 3315
f 3276 3351 3291
f 3291 3349 3223
f 3313 2965 3013
f 2965 3303 222
f 222 3300 223
f 223 3298 3186
f 3298 3185 3186
f 3297 2977 3185
f 3310 1213 2977
f 3307 1214 1213
f 2532 3306 3293
f 2894 3293 3292
f 2871 3292 3377
f 3253 3240 3242
f 3283 3013 2152
f 1997 1889 1892
f 1237 744 855
f 1535 120 121
f 1531 201 214
f 1119 1032 984
f 946 824 947
f 163 5 162
f 3589 3723 3741
f 1155 1162 1164
f 427 327 424
f 553 796 498
f 3381 2231 2237
f 3381 2230 2232
f 2237 3180 3381
f 3383 3385 3382
f 3384 3387 3385
f 3386 3389 3387
f 3388 3391 3389
f 3392 3394 3395
f 3395 3396 3397
f 3398 3397 3396
f 3400 3399 3398
f 3403 3405 3402
f 3406 3404 3403
f 3408 3407 3406
f 3410 3409 3408
f 3412 3411 3410
f 3415 3398 3414
f 3414 3396 3416
f 3416 3394 3417
f 3417 3393 3418
f 3393 3420 3418
f 3419 3421 3420
f 3390 3422 3421
f 3388 3423 3422
f 3386 3424 3423
f 3384 3425 3424
f 3425 3426 3184
f 2904 3428 2947
f 3429 2904 2902
f 3430 2902 2876
f 2875 3430 2876
f 3432 2733 2736
f 2825 3435 2824
f 3437 3439 3436
f 3441 3436 3440
f 2724 3434 2825
f 3436 3115 3117
f 3440 3117 3119
f 3443 3414 3442
f 3442 3416 3444
f 3444 3417 3445
f 3445 3418 3446
f 3446 3420 3447
f 3420 3448 3447
f 3421 3449 3448
f 3422 3450 3449
f 3423 3451 3450
f 3424 3452 3451
f 3425 3056 3452
f 3451 2253 2252
f 3450 2252 1727
f 3449 1727 2150
f 3448 2150 1941
f 3453 3448 1941
f 3454 3447 3453
f 3455 3446 3454
f 3456 3445 3455
f 3442 3456 3457
f 3443 3457 3458
f 3459 3458 3457
f 3457 3455 3459
f 3459 3454 3461
f 3462 3459 3461
f 3461 3453 3463
f 3464 3461 3463
f 3463 1941 1360
f 3404 3401 3405
f 3407 3399 3404
f 3409 3397 3407
f 3411 3395 3409
f 3465 3413 3412
f 3467 3469 3466
f 3465 3431 3433
f 3470 3466 3465
f 3438 3432 3435
f 3467 3438 3437
f 3468 3437 3441
f 3471 3468 3472
f 3472 3441 3473
f 3473 3440 2712
f 2712 3119 3128
f 3475 3472 3474
f 3474 3473 3476
f 3476 2712 2711
f 3477 2711 2400
f 3478 3476 3477
f 3479 3474 3478
f 3392 3413 3480
f 3466 3480 3413
f 3419 3392 3480
f 3390 3480 3391
f 3469 3391 3480
f 3389 3471 3475
f 3387 3475 3479
f 3385 3479 3481
f 3482 2400 2402
f 3483 3477 3482
f 3481 3478 3483
f 3484 2402 2707
f 3058 2707 2708
f 3061 3484 3058
f 3485 3482 3484
f 3382 3481 3486
f 3486 3483 3485
f 3426 3382 3487
f 3487 3486 1962
f 3486 3061 1962
f 1961 3487 1962
f 3057 3426 3487
f 3428 3402 3488
f 3427 3403 3428
f 3429 3406 3427
f 3430 3408 3429
f 3431 3410 3430
f 3470 3433 3432
f 3434 3438 3435
f 2723 3439 3434
f 2875 3433 3431
f 2736 3435 3432
f 2947 3488 3500
f 3464 1360 3497
f 1900 1924 1901
f 1736 1718 1750
f 1955 1943 1956
f 1671 1735 1751
f 1696 1698 1692
f 1800 1864 1801
f 2063 2056 2060
f 1737 1717 1736
f 1751 1697 1695
f 943 3899 684
f 3656 3402 3605
f 1577 1764 1703
f 3917 1599 3923
f 1945 82 1944
f 68 7 248
f 147 1543 148
f 1109 1133 1102
f 1503 1907 1908
f 1499 1909 1498
f 452 735 215
f 1824 3835 3845
f 1825 2068 1824
f 1463 1022 1194
f 841 1009 1011
f 1568 1955 1534
f 1926 1927 1923
f 1910 1502 1939
f 1939 422 442
f 309 1940 308
f 1804 1866 1803
f 269 1954 56
f 2065 2060 2056
f 3812 1758 3835
f 280 552 1940
f 1875 1869 1874
f 1739 1734 1737
f 1778 1790 1788
f 310 1915 279
f 1909 1906 1954
f 1789 1778 1788
f 978 980 979
f 1584 1731 1583
f 425 311 312
f 148 115 116
f 2044 3894 2046
f 277 1939 551
f 1943 1945 1944
f 1461 1463 1464
f 2253 3056 3055
f 2981 3489 958
f 2209 3489 3055
f 2254 3055 3489
f 2998 958 3489
f 2826 2721 2724
f 3490 2721 2817
f 2816 3490 2817
f 2334 2296 2335
f 2298 2334 2336
f 2301 2336 2338
f 2311 2338 2354
f 2312 2354 2355
f 2359 2361 2360
f 2335 2359 2360
f 2414 2365 2364
f 2413 2361 2365
f 2355 2540 2541
f 2541 2539 2542
f 2722 2739 2738
f 3114 2738 3113
f 3110 3121 3120
f 3108 3120 3113
f 3122 3127 3126
f 3112 3126 3121
f 3127 1753 3135
f 3139 2529 2542
f 3744 3133 3139
f 3490 2740 2739
f 3491 2789 3490
f 228 91 88
f 245 243 242
f 248 247 191
f 2 296 295
f 145 300 267
f 327 210 328
f 329 331 330
f 250 228 236
f 239 240 230
f 373 375 374
f 178 176 175
f 1218 1228 1321
f 3862 1295 3854
f 808 824 823
f 3858 1013 1014
f 3813 1411 1413
f 2154 2159 2160
f 3845 1758 1757
f 306 1922 452
f 2157 1976 1977
f 708 2031 1474
f 1450 1227 1428
f 1672 1605 1624
f 1813 1821 1816
f 1717 1715 1718
f 176 402 347
f 1710 3916 3915
f 1712 1577 1711
f 1705 1711 1704
f 971 979 970
f 822 1094 1102
f 2909 2793 2792
f 2810 2795 2793
f 2799 2249 2800
f 3662 2910 2799
f 2769 2801 2795
f 3177 3178 3179
f 3178 3180 3179
f 3181 1393 2800
f 3181 1632 3182
f 3182 2244 3183
f 3183 2243 3180
f 3492 2790 3491
f 2808 3491 2816
f 2239 3572 2240
f 1149 3571 3570
f 1150 3567 3571
f 2202 3566 2015
f 2921 3565 2923
f 3568 2133 2928
f 1777 1759 1792
f 1201 1183 1184
f 3561 2195 2194
f 3553 2770 2768
f 3927 1687 1692
f 1516 154 503
f 3549 2974 2803
f 3550 2779 2778
f 2771 3575 3546
f 3070 3546 3558
f 3547 2775 2867
f 1376 1370 1372
f 2767 3556 2206
f 2195 3543 2767
f 2775 3542 2776
f 3377 3545 2871
f 3804 3539 2806
f 2776 3538 2805
f 2240 3535 2920
f 2920 3669 3619
f 3548 2786 2779
f 1805 1851 1804
f 3534 2787 2786
f 2951 3540 3531
f 2772 3531 3575
f 2973 3530 3536
f 2224 3537 3530
f 1957 320 510
f 306 304 303
f 2770 3528 2913
f 2913 3574 2239
f 2923 3527 2922
f 308 431 47
f 207 132 543
f 1879 1881 1880
f 3733 3525 2089
f 2475 3558 3524
f 2476 3524 3523
f 2223 3523 3537
f 3522 2803 2802
f 2037 11 1950
f 1959 450 505
f 2003 3520 2129
f 9 334 540
f 2009 3518 3567
f 2008 3536 3518
f 3877 673 3879
f 3515 2778 2784
f 2935 3513 2936
f 111 3570 3511
f 3510 2935 2938
f 683 3885 943
f 3508 2810 2909
f 736 732 729
f 1795 1803 1796
f 3505 2938 2939
f 3507 2939 2940
f 2950 3504 2949
f 2940 3504 3507
f 3801 3512 2950
f 2868 3502 2869
f 2869 3522 2802
f 1024 1023 1020
f 3500 2948 2947
f 551 442 443
f 2972 3568 2928
f 2032 3499 2972
f 216 1924 1923
f 203 201 200
f 1828 1847 1837
f 1958 449 450
f 272 178 175
f 2871 3495 1361
f 3619 3564 2921
f 2801 3643 3662
f 2005 3654 2176
f 960 899 962
f 3657 3612 3624
f 3780 3646 3151
f 3151 3593 2555
f 2193 3623 2194
f 3607 3145 3144
f 3603 2761 3145
f 3592 3144 3104
f 2926 3634 3103
f 3634 3104 3103
f 3755 3746 3753
f 566 3758 2005
f 3488 1864 3500
f 1602 2079 2078
f 2868 3611 2922
f 2922 3610 2923
f 2923 3618 2921
f 3670 2918 3614
f 3619 3614 2920
f 2921 3670 3619
f 2920 3586 2240
f 3613 2915 2918
f 2917 3622 3641
f 2916 3641 3642
f 2239 3652 2913
f 2911 3652 2757
f 3643 2911 2910
f 2797 3662 3591
f 2797 3598 2750
f 3622 2763 2765
f 3608 2764 2745
f 2194 3648 2221
f 2221 3649 2222
f 2756 3609 2755
f 2750 3609 2747
f 3669 1817 3827
f 3763 1691 1699
f 2515 3590 2548
f 2548 3593 2550
f 2513 3632 3616
f 2513 3621 2515
f 2509 3620 2289
f 2510 3633 2509
f 2289 3639 2283
f 2283 3617 2286
f 2240 3587 2239
f 3659 3624 3626
f 716 3887 3888
f 727 3761 1923
f 2165 2170 2164
f 3660 3626 3629
f 3743 3578 3757
f 2175 769 770
f 2100 2095 2099
f 3758 3757 3578
f 640 3568 1826
f 1653 3553 1651
f 1895 3530 746
f 746 3537 741
f 1653 3528 3576
f 3762 1604 1672
f 2093 2073 2078
f 959 995 884
f 962 919 986
f 1400 1398 1399
f 1000 1127 1004
f 956 884 885
f 1662 3550 1661
f 2034 3546 1654
f 3926 3539 3802
f 3535 766 1817
f 3572 765 766
f 334 3571 335
f 1868 3540 1656
f 1684 1652 1678
f 1682 775 1807
f 1585 3762 1700
f 3763 1672 1673
f 2173 490 491
f 1658 3547 1752
f 3556 1650 724
f 1571 2010 1572
f 1587 3671 2080
f 2099 2077 2094
f 787 1999 786
f 2000 786 1999
f 3155 3697 3683
f 3713 3683 3789
f 2180 3685 3684
f 3496 3684 3705
f 1684 3840 1651
f 1760 3495 3545
f 2607 3693 2590
f 2581 3689 2607
f 2371 3700 3695
f 2371 3693 2372
f 2587 3675 2586
f 2586 3697 339
f 2497 3687 2503
f 2502 3687 3700
f 2494 3690 2495
f 3690 2472 2495
f 3688 2468 2472
f 3701 2469 2468
f 726 3892 630
f 581 3518 580
f 10 3570 334
f 1837 3510 1849
f 741 3523 1300
f 1299 3558 2034
f 1851 3504 1866
f 3527 1820 1819
f 580 3536 1895
f 1758 3522 3502
f 1693 3508 1806
f 3504 1867 1866
f 1894 3568 3499
f 2126 3813 3841
f 3906 3841 3912
f 2113 3867 2110
f 2179 3789 3685
f 624 3904 623
f 2192 3788 3780
f 2177 3787 3733
f 1364 3833 1338
f 3858 1470 1453
f 3135 3775 3744
f 2069 3835 2068
f 1351 3853 1352
f 2108 3901 499
f 2089 3736 3733
f 3828 1358 866
f 2001 3783 2187
f 2187 3719 2091
f 2130 3752 2004
f 2004 3749 2001
f 2014 3779 2201
f 2201 3756 2130
f 3167 3759 2969
f 3168 3720 3167
f 3159 3764 3160
f 3160 3765 3081
f 3730 3158 337
f 3158 3709 3159
f 2200 3730 3722
f 3685 3742 2204
f 3722 2197 2200
f 3790 2092 3721
f 3774 3721 2197
f 3154 3790 3774
f 3155 3706 3154
f 2091 3721 2092
f 2196 3750 3776
f 2193 3776 3781
f 3604 3781 3788
f 2086 3780 3778
f 2087 3778 3777
f 2204 3751 2205
f 2205 3750 3148
f 3909 574 692
f 2124 3777 3760
f 2208 3760 3782
f 3711 3140 3137
f 3785 3138 3140
f 3745 3139 3138
f 3771 3136 2322
f 3712 3137 3136
f 3775 3131 3133
f 3767 3132 3131
f 1813 3838 1814
f 1293 3856 1344
f 2184 3748 3732
f 2181 3732 3734
f 3765 3079 3081
f 3768 3080 3079
f 709 3875 2031
f 2774 3737 3769
f 3786 2134 3559
f 3809 766 765
f 2968 3766 2959
f 2969 3784 2968
f 2958 3737 2961
f 2132 3766 2960
f 2321 3771 3748
f 3860 1449 28
f 3905 582 710
f 3886 577 574
f 3847 1818 3827
f 705 3887 2121
f 3816 3907 698
f 2111 3911 2113
f 3810 1366 1411
f 1812 3822 1815
f 675 3852 674
f 3496 3851 675
f 2110 3868 2109
f 2104 3901 2106
f 2109 3899 944
f 3842 703 739
f 1680 3846 1684
f 1639 3819 3818
f 623 3906 697
f 2139 3866 3865
f 1808 3844 3837
f 3820 1819 1820
f 3872 3900 706
f 1646 3830 1648
f 3889 633 577
f 2139 3875 18
f 2156 3871 3874
f 674 3913 3869
f 2117 3812 2069
f 1815 3847 3823
f 3855 1444 1470
f 697 3912 3816
f 866 3836 3828
f 3864 2136 2135
f 3585 3726 3589
f 3583 3731 3585
f 3753 3738 3739
f 3740 3581 3743
f 1088 3746 1093
f 3739 3743 3753
f 2791 3493 2792
f 3492 2807 3493
f 2792 3494 2909
f 3493 2806 3494
f 3508 3494 3516
f 3516 2806 3539
f 2948 3791 3801
f 2105 3896 2104
f 3538 3804 2805
f 680 3876 683
f 1891 3910 3891
f 2905 3801 2950
f 2900 3799 2905
f 2901 3807 2877
f 2734 3806 3794
f 2877 3806 2878
f 2820 3794 2872
f 2818 3792 2827
f 2823 3792 2826
f 2822 3798 2821
f 2819 3800 3798
f 2817 3795 2816
f 2809 3795 2815
f 2808 3803 2807
f 2805 3803 2804
f 1702 3923 1599
f 3922 1797 1802
f 3915 1706 1709
f 3918 1692 1698
f 1657 3880 1879
f 1890 3895 3910
f 3772 1674 1675
f 1689 3772 3773
f 3926 3538 1688
f 3516 1689 3773
f 3917 1703 1764
f 1598 3928 1770
f 3880 1876 1879
f 1691 3925 3927
f 3925 1688 1687
f 1117 1118 3930
f 1066 1322 3930
f 1243 847 3930
f 3825 848 3930
f 1128 1117 3930
f 1129 1130 3930
f 841 1011 3930
f 1230 3863 3930
f 1242 1243 3930
f 1322 1229 3930
f 1064 1065 3930
f 1003 1128 3930
f 1229 1230 3930
f 3863 1285 3930
f 1285 1288 3930
f 848 839 3930
f 847 3825 3930
f 1118 1129 3930
f 1065 1066 3930
f 1087 1086 3930
f 1008 1002 3930
f 1011 1008 3930
f 1002 1003 3930
f 1076 1069 3930
f 838 841 3930
f 839 838 3930
f 1288 1242 3930
f 1130 1087 3930
f 1086 1076 3930
f 1069 1064 3930
f 2410 2414 3931
f 2411 2410 3931
f 3617 2285 3931
f 2394 2393 3931
f 2393 2396 3931
f 2281 2286 3931
f 2282 2280 3931
f 2398 2399 3931
f 2465 2464 3931
f 2396 2397 3931
f 2470 2469 3931
f 2399 2416 3931
f 2480 2395 3931
f 2459 2480 3931
f 2369 2282 3931
f 2460 2459 3931
f 2415 2411 3931
f 2416 2415 3931
f 2364 2363 3931
f 2286 3617 3931
f 2464 2470 3931
f 2469 3703 3931
f 2285 2465 3931
f 2414 2364 3931
f 2395 2394 3931
f 2363 2367 3931
f 2397 2398 3931
f 2280 2281 3931
f 3703 2460 3931
f 2367 2369 3931
f 3934 3937 3938
f 3934 3939 3935
f 3932 3937 3933
f 3938 3943 3939
f 3937 3940 3941
f 3937 3942 3938
f 3942 3947 3943
f 3941 3944 3945
f 3942 3945 3946
f 3947 3950 3951
f 3944 3949 3945
f 3945 3950 3946
f 3950 3955 3951
f 3949 3952 3953
f 3950 3953 3954
f 3955 3958 3959
f 3953 3956 3957
f 3953 3958 3954
f 3959 3962 3963
f 3957 3960 3961
f 3958 3961 3962
f 3962 3967 3963
f 3960 3965 3961
f 3961 3966 3962
f 3966 3971 3967
f 3965 3968 3969
f 3966 3969 3970
f 3970 3975 3971
f 3968 3973 3969
f 3969 3974 3970
f 3974 3979 3975
f 3973 3976 3977
f 3974 3977 3978
f 3979 3982 3983
f 3976 3981 3977
f 3977 3982 3978
f 3982 3987 3983
f 3981 3984 3985
f 3982 3985 3986
f 3987 3990 3991
f 3984 3989 3985
f 3985 3990 3986
f 3991 3994 3995
f 3989 3992 3993
f 3990 3993 3994
f 3995 3998 3999
f 3992 3997 3993
f 3993 3998 3994
f 3998 4003 3999
f 3997 4000 4001
f 3998 4001 4002
f 4002 4007 4003
f 4000 4005 4001
f 4001 4006 4002
f 4006 4011 4007
f 4005 4008 4009
f 4006 4009 4010
f 4011 4014 4015
f 4008 4013 4009
f 4009 4014 4010
f 4014 4019 4015
f 4013 4016 4017
f 4014 4017 4018
f 4019 4022 4023
f 4016 4021 4017
f 4017 4022 4018
f 4023 4026 4027
f 4021 4024 4025
f 4022 4025 4026
f 4027 4030 4031
f 4024 4029 4025
f 4025 4030 4026
f 4031 4034 4035
f 4029 4032 4033
f 4030 4033 4034
f 4034 4039 4035
f 4032 4037 4033
f 4033 4038 4034
f 4038 4043 4039
f 4037 4040 4041
f 4038 4041 4042
f 4043 4046 4047
f 4040 4045 4041
f 4041 4046 4042
f 4046 4051 4047
f 4045 4048 4049
f 4046 4049 4050
f 4051 4055 4056
f 4048 4054 4049
f 4049 4055 4050
f 4056 4059 4060
f 4053 4058 4054
f 4055 4058 4059
f 3932 4052 3936
f 3936 4052 3940
f 3940 4052 3944
f 3944 4052 3948
f 3948 4052 3952
f 3952 4052 3956
f 3956 4052 3960
f 3960 4052 3964
f 3964 4052 3968
f 3968 4052 3972
f 3972 4052 3976
f 3976 4052 3980
f 3980 4052 3984
f 3984 4052 3988
f 3988 4052 3992
f 3992 4052 3996
f 3996 4052 4000
f 4000 4052 4004
f 4004 4052 4008
f 4008 4052 4012
f 4012 4052 4016
f 4016 4052 4020
f 4020 4052 4024
f 4024 4052 4028
f 4028 4052 4032
f 4032 4052 4036
f 4036 4052 4040
f 4040 4052 4044
f 4044 4052 4048
f 4048 4052 4053
f 4053 4052 4057
f 4060 3934 3935
f 4058 3932 3933
f 4058 3934 4059
f 4057 4052 3932
f 4069 4081 4082
f 4066 4080 4067
f 4065 4077 4078
f 4063 4075 4076
f 4071 4085 4072
f 4069 4083 4070
f 4067 4081 4068
f 4066 4078 4079
f 4063 4077 4064
f 4061 4075 4062
f 4072 4086 4073
f 4071 4083 4084
f 4076 4090 4077
f 4074 4088 4075
f 4086 4098 4099
f 4083 4097 4084
f 4082 4094 4095
f 4079 4093 4080
f 4078 4090 4091
f 4076 4088 4089
f 4085 4097 4098
f 4082 4096 4083
f 4080 4094 4081
f 4079 4091 4092
f 4089 4103 4090
f 4088 4100 4101
f 4098 4112 4099
f 4096 4110 4097
f 4095 4107 4108
f 4092 4106 4093
f 4090 4104 4091
f 4089 4101 4102
f 4097 4111 4098
f 4095 4109 4096
f 4094 4106 4107
f 4092 4104 4105
f 4103 4115 4116
f 4100 4114 4101
f 4112 4124 4125
f 4110 4122 4123
f 4107 4121 4108
f 4105 4119 4106
f 4103 4117 4104
f 4101 4115 4102
f 4110 4124 4111
f 4109 4121 4122
f 4107 4119 4120
f 4105 4117 4118
f 4115 4129 4116
f 4114 4126 4127
f 4124 4138 4125
f 4123 4135 4136
f 4120 4134 4121
f 4119 4131 4132
f 4117 4129 4130
f 4114 4128 4115
f 4124 4136 4137
f 4122 4134 4135
f 4119 4133 4120
f 4117 4131 4118
f 4129 4141 4142
f 4126 4140 4127
f 4138 4150 4151
f 4136 4148 4149
f 4133 4147 4134
f 4131 4145 4132
f 4130 4142 4143
f 4127 4141 4128
f 4137 4149 4150
f 4135 4147 4148
f 4132 4146 4133
f 4131 4143 4144
f 4142 4154 4155
f 4140 4152 4153
f 4150 4164 4151
f 4149 4161 4162
f 4146 4160 4147
f 4144 4158 4145
f 4142 4156 4143
f 4140 4154 4141
f 4149 4163 4150
f 4148 4160 4161
f 4146 4158 4159
f 4144 4156 4157
f 4155 4167 4168
f 4153 4165 4166
f 4163 4177 4164
f 4161 4175 4162
f 4159 4173 4160
f 4158 4170 4171
f 4155 4169 4156
f 4153 4167 4154
f 4163 4175 4176
f 4161 4173 4174
f 4159 4171 4172
f 4156 4170 4157
f 4167 4181 4168
f 4165 4179 4166
f 4176 4190 4177
f 4175 4187 4188
f 4173 4185 4186
f 4170 4184 4171
f 4169 4181 4182
f 4167 4179 4180
f 4175 4189 4176
f 4173 4187 4174
f 4171 4185 4172
f 4170 4182 4183
f 4180 4194 4181
f 4178 4192 4179
f 4190 4202 4203
f 4187 4201 4188
f 4186 4198 4199
f 4183 4197 4184
f 4182 4194 4195
f 4180 4192 4193
f 4189 4201 4202
f 4186 4200 4187
f 4184 4198 4185
f 4183 4195 4196
f 4193 4207 4194
f 4192 4204 4205
f 4202 4216 4203
f 4200 4214 4201
f 4199 4211 4212
f 4196 4210 4197
f 4194 4208 4195
f 4193 4205 4206
f 4201 4215 4202
f 4199 4213 4200
f 4198 4210 4211
f 4196 4208 4209
f 4207 4219 4220
f 4204 4218 4205
f 4216 4228 4229
f 4213 4227 4214
f 4211 4225 4212
f 4209 4223 4210
f 4207 4221 4208
f 4205 4219 4206
f 4214 4228 4215
f 4213 4225 4226
f 4211 4223 4224
f 4209 4221 4222
f 4219 4233 4220
f 4218 4230 4231
f 4228 4242 4229
f 4226 4240 4227
f 4225 4237 4238
f 4223 4235 4236
f 4221 4233 4234
f 4218 4232 4219
f 4228 4240 4241
f 4226 4238 4239
f 4223 4237 4224
f 4221 4235 4222
f 4233 4245 4246
f 4230 4244 4231
f 4242 4254 4255
f 4240 4252 4253
f 4237 4251 4238
f 4235 4249 4236
f 4234 4246 4247
f 4231 4245 4232
f 4241 4253 4254
f 4239 4251 4252
f 4236 4250 4237
f 4235 4247 4248
f 4246 4258 4259
f 4244 4256 4257
f 4254 4268 4255
f 4253 4265 4266
f 4250 4264 4251
f 4248 4262 4249
f 4246 4260 4247
f 4244 4258 4245
f 4253 4267 4254
f 4252 4264 4265
f 4250 4262 4263
f 4248 4260 4261
f 4259 4271 4272
f 4257 4269 4270
f 4267 4281 4268
f 4265 4279 4266
f 4263 4277 4264
f 4262 4274 4275
f 4259 4273 4260
f 4257 4271 4258
f 4266 4280 4267
f 4265 4277 4278
f 4263 4275 4276
f 4260 4274 4261
f 4271 4285 4272
f 4269 4283 4270
f 4281 4293 4294
f 4279 4291 4292
f 4277 4289 4290
f 4274 4288 4275
f 4273 4285 4286
f 4271 4283 4284
f 4280 4292 4293
f 4277 4291 4278
f 4275 4289 4276
f 4274 4286 4287
f 4284 4298 4285
f 4282 4296 4283
f 4294 4306 4307
f 4291 4305 4292
f 4290 4302 4303
f 4287 4301 4288
f 4286 4298 4299
f 4284 4296 4297
f 4293 4305 4306
f 4290 4304 4291
f 4288 4302 4289
f 4287 4299 4300
f 4297 4311 4298
f 4296 4308 4309
f 4306 4320 4307
f 4304 4318 4305
f 4303 4315 4316
f 4300 4314 4301
f 4298 4312 4299
f 4297 4309 4310
f 4305 4319 4306
f 4304 4316 4317
f 4302 4314 4315
f 4300 4312 4313
f 4310 4324 4311
f 4308 4322 4309
f 4320 4332 4333
f 4318 4330 4331
f 4316 4328 4329
f 4313 4327 4314
f 4311 4325 4312
f 4310 4322 4323
f 4318 4332 4319
f 4316 4330 4317
f 4315 4327 4328
f 4312 4326 4313
f 4323 4337 4324
f 4322 4334 4335
f 4332 4346 4333
f 4330 4344 4331
f 4329 4341 4342
f 4327 4339 4340
f 4325 4337 4338
f 4322 4336 4323
f 4332 4344 4345
f 4330 4342 4343
f 4327 4341 4328
f 4325 4339 4326
f 4337 4350 4351
f 4334 4349 4335
f 4346 4359 4360
f 4344 4357 4358
f 4341 4356 4342
f 4340 4353 4354
f 4338 4351 4352
f 4335 4350 4336
f 4345 4358 4359
f 4343 4356 4357
f 4340 4355 4341
f 4338 4353 4339
f 4351 4363 4364
f 4349 4361 4362
f 4359 4373 4360
f 4358 4370 4371
f 4355 4369 4356
f 4354 4366 4367
f 4351 4365 4352
f 4349 4363 4350
f 4358 4372 4359
f 4357 4369 4370
f 4355 4367 4368
f 4352 4366 4353
f 4364 4376 4377
f 4362 4374 4375
f 4373 4385 4386
f 4370 4384 4371
f 4368 4382 4369
f 4367 4379 4380
f 4364 4378 4365
f 4362 4376 4363
f 4372 4384 4385
f 4370 4382 4383
f 4368 4380 4381
f 4365 4379 4366
f 4376 4390 4377
f 4374 4388 4375
f 4385 4399 4386
f 4384 4396 4397
f 4382 4394 4395
f 4379 4393 4380
f 4378 4390 4391
f 4376 4388 4389
f 4384 4398 4385
f 4382 4396 4383
f 4380 4394 4381
f 4379 4391 4392
f 4389 4403 4390
f 4387 4401 4388
f 4399 4411 4412
f 4396 4410 4397
f 4395 4407 4408
f 4393 4405 4406
f 4391 4403 4404
f 4389 4401 4402
f 4398 4410 4411
f 4395 4409 4396
f 4393 4407 4394
f 4391 4405 4392
f 4402 4416 4403
f 4401 4413 4414
f 4411 4425 4412
f 4409 4423 4410
f 4408 4420 4421
f 4406 4418 4419
f 4403 4417 4404
f 4402 4414 4415
f 4410 4424 4411
f 4408 4422 4409
f 4407 4419 4420
f 4404 4418 4405
f 4416 4428 4429
f 4413 4427 4414
f 4425 4437 4438
f 4423 4435 4436
f 4421 4433 4434
f 4418 4432 4419
f 4416 4430 4417
f 4415 4427 4428
f 4423 4437 4424
f 4421 4435 4422
f 4420 4432 4433
f 4418 4430 4431
f 4428 4442 4429
f 4426 4440 4427
f 4437 4451 4438
f 4435 4449 4436
f 4434 4446 4447
f 4432 4444 4445
f 4430 4442 4443
f 4427 4441 4428
f 4437 4449 4450
f 4435 4447 4448
f 4432 4446 4433
f 4430 4444 4431
f 4442 4454 4455
f 4439 4453 4440
f 4451 4463 4464
f 4449 4461 4462
f 4446 4460 4447
f 4444 4458 4445
f 4443 4455 4456
f 4440 4454 4441
f 4450 4462 4463
f 4447 4461 4448
f 4445 4459 4446
f 4444 4456 4457
f 4455 4467 4468
f 4453 4465 4466
f 4463 4477 4464
f 4462 4474 4475
f 4459 4473 4460
f 4457 4471 4458
f 4455 4469 4456
f 4453 4467 4454
f 4462 4476 4463
f 4461 4473 4474
f 4459 4471 4472
f 4457 4469 4470
f 4347 4073 4086
f 4347 4086 4099
f 4347 4099 4112
f 4347 4112 4125
f 4347 4125 4138
f 4347 4138 4151
f 4347 4151 4164
f 4347 4164 4177
f 4347 4177 4190
f 4347 4190 4203
f 4347 4203 4216
f 4347 4216 4229
f 4347 4229 4242
f 4347 4242 4255
f 4347 4255 4268
f 4347 4268 4281
f 4347 4281 4294
f 4347 4294 4307
f 4347 4307 4320
f 4347 4320 4333
f 4347 4333 4346
f 4347 4346 4360
f 4347 4360 4373
f 4347 4373 4386
f 4347 4386 4399
f 4347 4399 4412
f 4347 4412 4425
f 4347 4425 4438
f 4347 4438 4451
f 4347 4451 4464
f 4347 4464 4477
f 4468 4063 4064
f 4466 4061 4062
f 4477 4072 4073
f 4474 4071 4475
f 4472 4069 4473
f 4471 4066 4067
f 4468 4065 4469
f 4466 4063 4467
f 4347 4477 4073
f 4476 4071 4072
f 4474 4069 4070
f 4472 4067 4068
f 4469 4066 4470
f 3935 4465 4060
f 4465 4056 4060
f 4452 4051 4056
f 4439 4047 4051
f 4047 4413 4043
f 4043 4400 4039
f 4039 4387 4035
f 4387 4031 4035
f 4031 4361 4027
f 4361 4023 4027
f 4348 4019 4023
f 4334 4015 4019
f 4015 4308 4011
f 4011 4295 4007
f 4007 4282 4003
f 4282 3999 4003
f 3999 4256 3995
f 4256 3991 3995
f 4243 3987 3991
f 4230 3983 3987
f 3983 4204 3979
f 3979 4191 3975
f 3975 4178 3971
f 4178 3967 3971
f 3967 4152 3963
f 4152 3959 3963
f 4139 3955 3959
f 4126 3951 3955
f 3951 4100 3947
f 3947 4087 3943
f 3943 4074 3939
f 4074 3935 3939
f 4480 4483 4484
f 4480 4485 4481
f 4479 4482 4483
f 4484 4489 4485
f 4482 4487 4483
f 4483 4488 4484
f 4488 4493 4489
f 4487 4490 4491
f 4488 4491 4492
f 4493 4496 4497
f 4490 4495 4491
f 4491 4496 4492
f 4496 4501 4497
f 4495 4498 4499
f 4496 4499 4500
f 4501 4504 4505
f 4498 4503 4499
f 4499 4504 4500
f 4505 4508 4509
f 4503 4506 4507
f 4504 4507 4508
f 4509 4512 4513
f 4506 4511 4507
f 4507 4512 4508
f 4513 4516 4517
f 4511 4514 4515
f 4512 4515 4516
f 4516 4521 4517
f 4514 4519 4515
f 4515 4520 4516
f 4520 4525 4521
f 4518 4523 4519
f 4520 4523 4524
f 4525 4528 4529
f 4522 4527 4523
f 4523 4528 4524
f 4528 4533 4529
f 4527 4530 4531
f 4528 4531 4532
f 4533 4536 4537
f 4530 4535 4531
f 4531 4536 4532
f 4537 4540 4541
f 4534 4539 4535
f 4536 4539 4540
f 4541 4544 4545
f 4539 4542 4543
f 4539 4544 4540
f 4544 4549 4545
f 4542 4547 4543
f 4544 4547 4548
f 4548 4553 4549
f 4547 4550 4551
f 4547 4552 4548
f 4552 4557 4553
f 4551 4554 4555
f 4552 4555 4556
f 4557 4560 4561
f 4554 4559 4555
f 4555 4560 4556
f 4560 4565 4561
f 4559 4562 4563
f 4560 4563 4564
f 4565 4568 4569
f 4562 4567 4563
f 4563 4568 4564
f 4569 4572 4573
f 4567 4570 4571
f 4568 4571 4572
f 4572 4577 4573
f 4570 4575 4571
f 4571 4576 4572
f 4576 4581 4577
f 4575 4578 4579
f 4576 4579 4580
f 4580 4585 4581
f 4578 4583 4579
f 4579 4584 4580
f 4584 4589 4585
f 4583 4586 4587
f 4584 4587 4588
f 4589 4592 4593
f 4586 4591 4587
f 4587 4592 4588
f 4592 4597 4593
f 4591 4594 4595
f 4592 4595 4596
f 4597 4601 4602
f 4594 4600 4595
f 4595 4601 4596
f 4602 4605 4606
f 4600 4603 4604
f 4601 4604 4605
f 4478 4598 4482
f 4482 4598 4486
f 4486 4598 4490
f 4490 4598 4494
f 4494 4598 4498
f 4498 4598 4502
f 4502 4598 4506
f 4506 4598 4510
f 4510 4598 4514
f 4514 4598 4518
f 4518 4598 4522
f 4522 4598 4526
f 4526 4598 4530
f 4530 4598 4534
f 4534 4598 4538
f 4538 4598 4542
f 4542 4598 4546
f 4546 4598 4550
f 4550 4598 4554
f 4554 4598 4558
f 4558 4598 4562
f 4562 4598 4566
f 4566 4598 4570
f 4570 4598 4574
f 4574 4598 4578
f 4578 4598 4582
f 4582 4598 4586
f 4586 4598 4590
f 4590 4598 4594
f 4594 4598 4599
f 4599 4598 4603
f 4606 4480 4481
f 4603 4479 4604
f 4604 4480 4605
f 4603 4598 4478
f 4615 4627 4628
f 4612 4626 4613
f 4611 4623 4624
f 4609 4621 4622
f 4618 4630 4631
f 4615 4629 4616
f 4613 4627 4614
f 4612 4624 4625
f 4609 4623 4610
f 4607 4621 4608
f 4619 4631 4632
f 4617 4629 4630
f 4622 4636 4623
f 4620 4634 4621
f 4632 4644 4645
f 4629 4643 4630
f 4628 4640 4641
f 4626 4638 4639
f 4624 4636 4637
f 4622 4634 4635
f 4631 4643 4644
f 4628 4642 4629
f 4626 4640 4627
f 4624 4638 4625
f 4635 4649 4636
f 4634 4646 4647
f 4644 4658 4645
f 4642 4656 4643
f 4641 4653 4654
f 4639 4651 4652
f 4636 4650 4637
f 4635 4647 4648
f 4643 4657 4644
f 4642 4654 4655
f 4640 4652 4653
f 4637 4651 4638
f 4648 4662 4649
f 4646 4660 4647
f 4658 4670 4671
f 4656 4668 4669
f 4653 4667 4654
f 4651 4665 4652
f 4649 4663 4650
f 4648 4660 4661
f 4656 4670 4657
f 4654 4668 4655
f 4653 4665 4666
f 4651 4663 4664
f 4661 4675 4662
f 4660 4672 4673
f 4670 4684 4671
f 4668 4682 4669
f 4667 4679 4680
f 4665 4677 4678
f 4663 4675 4676
f 4661 4673 4674
f 4670 4682 4683
f 4667 4681 4668
f 4665 4679 4666
f 4663 4677 4664
f 4675 4687 4688
f 4672 4686 4673
f 4684 4696 4697
f 4682 4694 4695
f 4679 4693 4680
f 4678 4690 4691
f 4676 4688 4689
f 4673 4687 4674
f 4683 4695 4696
f 4681 4693 4694
f 4678 4692 4679
f 4676 4690 4677
f 4688 4700 4701
f 4686 4698 4699
f 4696 4710 4697
f 4695 4707 4708
f 4692 4706 4693
f 4691 4703 4704
f 4688 4702 4689
f 4686 4700 4687
f 4695 4709 4696
f 4694 4706 4707
f 4692 4704 4705
f 4689 4703 4690
f 4701 4713 4714
f 4699 4711 4712
f 4710 4722 4723
f 4707 4721 4708
f 4705 4719 4706
f 4704 4716 4717
f 4701 4715 4702
f 4699 4713 4700
f 4709 4721 4722
f 4707 4719 4720
f 4705 4717 4718
f 4702 4716 4703
f 4713 4727 4714
f 4711 4725 4712
f 4723 4735 4736
f 4721 4733 4734
f 4719 4731 4732
f 4716 4730 4717
f 4715 4727 4728
f 4713 4725 4726
f 4721 4735 4722
f 4719 4733 4720
f 4717 4731 4718
f 4716 4728 4729
f 4726 4740 4727
f 4724 4738 4725
f 4736 4748 4749
f 4733 4747 4734
f 4732 4744 4745
f 4730 4742 4743
f 4728 4740 4741
f 4726 4738 4739
f 4735 4747 4748
f 4732 4746 4733
f 4730 4744 4731
f 4728 4742 4729
f 4739 4753 4740
f 4738 4750 4751
f 4748 4762 4749
f 4746 4760 4747
f 4745 4757 4758
f 4743 4755 4756
f 4740 4754 4741
f 4739 4751 4752
f 4747 4761 4748
f 4745 4759 4746
f 4744 4756 4757
f 4741 4755 4742
f 4753 4765 4766
f 4750 4764 4751
f 4762 4774 4775
f 4759 4773 4760
f 4758 4770 4771
f 4755 4769 4756
f 4753 4767 4754
f 4752 4764 4765
f 4760 4774 4761
f 4758 4772 4759
f 4757 4769 4770
f 4755 4767 4768
f 4765 4779 4766
f 4764 4776 4777
f 4774 4788 4775
f 4772 4786 4773
f 4771 4783 4784
f 4769 4781 4782
f 4767 4779 4780
f 4765 4777 4778
f 4774 4786 4787
f 4771 4785 4772
f 4769 4783 4770
f 4767 4781 4768
f 4779 4791 4792
f 4776 4790 4777
f 4788 4800 4801
f 4786 4798 4799
f 4783 4797 4784
f 4782 4794 4795
f 4780 4792 4793
f 4777 4791 4778
f 4787 4799 4800
f 4785 4797 4798
f 4782 4796 4783
f 4780 4794 4781
f 4792 4804 4805
f 4790 4802 4803
f 4800 4814 4801
f 4799 4811 4812
f 4796 4810 4797
f 4795 4807 4808
f 4792 4806 4793
f 4790 4804 4791
f 4799 4813 4800
f 4798 4810 4811
f 4796 4808 4809
f 4793 4807 4794
f 4805 4817 4818
f 4803 4815 4816
f 4814 4826 4827
f 4811 4825 4812
f 4809 4823 4810
f 4808 4820 4821
f 4805 4819 4806
f 4803 4817 4804
f 4813 4825 4826
f 4811 4823 4824
f 4809 4821 4822
f 4806 4820 4807
f 4817 4831 4818
f 4815 4829 4816
f 4826 4840 4827
f 4825 4837 4838
f 4823 4835 4836
f 4820 4834 4821
f 4819 4831 4832
f 4817 4829 4830
f 4825 4839 4826
f 4823 4837 4824
f 4821 4835 4822
f 4820 4832 4833
f 4830 4844 4831
f 4828 4842 4829
f 4840 4852 4853
f 4837 4851 4838
f 4836 4848 4849
f 4834 4846 4847
f 4832 4844 4845
f 4830 4842 4843
f 4839 4851 4852
f 4836 4850 4837
f 4834 4848 4835
f 4832 4846 4833
f 4843 4857 4844
f 4842 4854 4855
f 4852 4866 4853
f 4850 4864 4851
f 4849 4861 4862
f 4847 4859 4860
f 4844 4858 4845
f 4843 4855 4856
f 4851 4865 4852
f 4849 4863 4850
f 4848 4860 4861
f 4845 4859 4846
f 4857 4869 4870
f 4855 4867 4868
f 4866 4878 4879
f 4864 4876 4877
f 4862 4874 4875
f 4859 4873 4860
f 4857 4871 4858
f 4856 4868 4869
f 4864 4878 4865
f 4862 4876 4863
f 4861 4873 4874
f 4859 4871 4872
f 4869 4883 4870
f 4868 4880 4881
f 4878 4892 4879
f 4877 4889 4890
f 4874 4888 4875
f 4873 4885 4886
f 4871 4883 4884
f 4868 4882 4869
f 4878 4890 4891
f 4876 4888 4889
f 4873 4887 4874
f 4871 4885 4872
f 4883 4896 4897
f 4880 4895 4881
f 4892 4905 4906
f 4890 4903 4904
f 4887 4902 4888
f 4885 4900 4886
f 4884 4897 4898
f 4881 4896 4882
f 4891 4904 4905
f 4889 4902 4903
f 4886 4901 4887
f 4885 4898 4899
f 4897 4909 4910
f 4895 4907 4908
f 4905 4919 4906
f 4904 4916 4917
f 4901 4915 4902
f 4899 4913 4900
f 4897 4911 4898
f 4895 4909 4896
f 4904 4918 4905
f 4903 4915 4916
f 4901 4913 4914
f 4899 4911 4912
f 4910 4922 4923
f 4908 4920 4921
f 4919 4931 4932
f 4916 4930 4917
f 4914 4928 4915
f 4913 4925 4926
f 4910 4924 4911
f 4908 4922 4909
f 4918 4930 4931
f 4916 4928 4929
f 4914 4926 4927
f 4911 4925 4912
f 4922 4936 4923
f 4920 4934 4921
f 4931 4945 4932
f 4930 4942 4943
f 4928 4940 4941
f 4925 4939 4926
f 4924 4936 4937
f 4922 4934 4935
f 4930 4944 4931
f 4928 4942 4929
f 4926 4940 4927
f 4925 4937 4938
f 4935 4949 4936
f 4933 4947 4934
f 4945 4957 4958
f 4942 4956 4943
f 4941 4953 4954
f 4938 4952 4939
f 4937 4949 4950
f 4935 4947 4948
f 4944 4956 4957
f 4941 4955 4942
f 4939 4953 4940
f 4938 4950 4951
f 4948 4962 4949
f 4947 4959 4960
f 4957 4971 4958
f 4955 4969 4956
f 4954 4966 4967
f 4951 4965 4952
f 4949 4963 4950
f 4948 4960 4961
f 4956 4970 4957
f 4954 4968 4955
f 4953 4965 4966
f 4951 4963 4964
f 4962 4974 4975
f 4959 4973 4960
f 4971 4983 4984
f 4968 4982 4969
f 4966 4980 4967
f 4964 4978 4965
f 4962 4976 4963
f 4960 4974 4961
f 4969 4983 4970
f 4967 4981 4968
f 4966 4978 4979
f 4964 4976 4977
f 4975 4987 4988
f 4973 4985 4986
f 4983 4997 4984
f 4981 4995 4982
f 4979 4993 4980
f 4978 4990 4991
f 4976 4988 4989
f 4973 4987 4974
f 4983 4995 4996
f 4981 4993 4994
f 4978 4992 4979
f 4976 4990 4977
f 4988 5000 5001
f 4985 4999 4986
f 4997 5009 5010
f 4995 5007 5008
f 4992 5006 4993
f 4991 5003 5004
f 4989 5001 5002
f 4986 5000 4987
f 4996 5008 5009
f 4994 5006 5007
f 4991 5005 4992
f 4989 5003 4990
f 5001 5013 5014
f 4999 5011 5012
f 5009 5023 5010
f 5008 5020 5021
f 5005 5019 5006
f 5004 5016 5017
f 5001 5015 5002
f 4999 5013 5000
f 5008 5022 5009
f 5007 5019 5020
f 5005 5017 5018
f 5002 5016 5003
f 4893 4619 4632
f 4893 4632 4645
f 4893 4645 4658
f 4893 4658 4671
f 4893 4671 4684
f 4893 4684 4697
f 4893 4697 4710
f 4893 4710 4723
f 4893 4723 4736
f 4893 4736 4749
f 4893 4749 4762
f 4893 4762 4775
f 4893 4775 4788
f 4893 4788 4801
f 4893 4801 4814
f 4893 4814 4827
f 4893 4827 4840
f 4893 4840 4853
f 4893 4853 4866
f 4893 4866 4879
f 4893 4879 4892
f 4893 4892 4906
f 4893 4906 4919
f 4893 4919 4932
f 4893 4932 4945
f 4893 4945 4958
f 4893 4958 4971
f 4893 4971 4984
f 4893 4984 4997
f 4893 4997 5010
f 4893 5010 5023
f 5014 4609 4610
f 5012 4607 4608
f 5022 4619 5023
f 5020 4617 5021
f 5018 4615 5019
f 5017 4612 4613
f 5014 4611 5015
f 5012 4609 5013
f 4893 5023 4619
f 5021 4618 5022
f 5020 4615 4616
f 5018 4613 4614
f 5015 4612 5016
f 4481 5011 4606
f 5011 4602 4606
f 4998 4597 4602
f 4985 4593 4597
f 4593 4959 4589
f 4589 4946 4585
f 4585 4933 4581
f 4933 4577 4581
f 4577 4907 4573
f 4907 4569 4573
f 4894 4565 4569
f 4880 4561 4565
f 4561 4854 4557
f 4557 4841 4553
f 4553 4828 4549
f 4828 4545 4549
f 4545 4802 4541
f 4802 4537 4541
f 4789 4533 4537
f 4776 4529 4533
f 4529 4750 4525
f 4525 4737 4521
f 4521 4724 4517
f 4724 4513 4517
f 4513 4698 4509
f 4698 4505 4509
f 4685 4501 4505
f 4672 4497 4501
f 4497 4646 4493
f 4493 4633 4489
f 4489 4620 4485
f 4620 4481 4485
f 4 3 2
f 8 7 6
f 13 16 15
f 17 28 19
f 32 31 30
f 36 35 34
f 37 40 39
f 21 22 23
f 25 26 27
f 41 44 43
f 48 47 46
f 52 51 50
f 53 56 55
f 60 59 58
f 29 30 62
f 66 65 64
f 67 5 6
f 72 71 70
f 76 75 74
f 77 80 79
f 81 84 83
f 59 87 86
f 88 91 90
f 96 95 94
f 100 99 98
f 101 104 103
f 106 105 34
f 108 116 115
f 117 119 36
f 124 127 126
f 131 130 129
f 132 102 134
f 142 141 140
f 148 106 60
f 144 143 127
f 149 152 151
f 156 155 154
f 159 150 158
f 116 108 164
f 171 170 169
f 174 126 173
f 179 182 181
f 186 189 188
f 194 197 196
f 199 142 139
f 206 209 208
f 213 212 211
f 202 215 214
f 96 93 216
f 92 238 43
f 97 184 246
f 250 249 229
f 252 254 58
f 258 257 256
f 260 91 229
f 110 111 112
f 114 264 263
f 265 268 267
f 56 53 270
f 274 273 249
f 185 183 63
f 280 279 278
f 285 284 283
f 288 219 211
f 141 142 92
f 289 290 175
f 148 116 105
f 312 311 170
f 238 262 42
f 318 163 160
f 310 309 308
f 241 239 325
f 160 230 240
f 47 48 307
f 108 109 315
f 345 85 86
f 348 351 350
f 356 359 358
f 355 354 353
f 363 31 32
f 364 252 253
f 366 125 368
f 183 372 371
f 163 162 161
f 209 226 101
f 378 377 165
f 379 295 381
f 383 382 3
f 284 285 386
f 387 127 389
f 391 259 229
f 73 281 397
f 405 408 407
f 203 218 411
f 414 121 413
f 1 356 357
f 277 276 131
f 254 344 57
f 358 384 415
f 417 416 386
f 401 400 192
f 419 389 127
f 421 181 182
f 103 301 302
f 428 367 368
f 380 390 359
f 62 204 266
f 140 141 431
f 357 358 351
f 356 1 379
f 415 392 403
f 437 428 436
f 438 441 440
f 188 451 450
f 265 455 181
f 224 185 64
f 237 212 213
f 275 131 128
f 281 282 460
f 50 462 79
f 73 74 282
f 468 467 466
f 390 355 352
f 482 485 484
f 489 488 487
f 493 496 495
f 472 471 470
f 502 501 500
f 220 221 222
f 512 419 143
f 518 517 511
f 513 239 230
f 205 30 31
f 189 370 451
f 163 318 532
f 533 224 225
f 446 448 447
f 335 541 540
f 544 512 546
f 329 519 291
f 199 534 262
f 385 386 416
f 532 190 191
f 363 117 118
f 578 581 580
f 573 572 571
f 561 563 562
f 241 260 259
f 590 593 592
f 545 546 595
f 503 154 155
f 606 625 624
f 478 481 480
f 646 649 648
f 590 591 689
f 564 565 651
f 728 246 184
f 714 724 716
f 692 574 575
f 541 335 581
f 346 68 248
f 161 231 230
f 128 129 94
f 698 705 704
f 574 577 576
f 290 289 401
f 630 631 725
f 733 736 735
f 755 466 496
f 759 480 481
f 757 763 762
f 764 496 466
f 768 767 3808
f 759 760 488
f 492 474 475
f 474 770 769
f 773 468 465
f 771 774 486
f 484 485 775
f 774 776 489
f 495 496 764
f 495 757 761
f 137 397 784
f 325 239 797
f 165 519 51
f 369 32 29
f 730 731 568
f 90 302 301
f 243 118 516
f 800 734 806
f 817 815 808
f 816 808 823
f 306 303 447
f 815 810 809
f 829 830 828
f 726 725 501
f 274 427 424
f 879 882 881
f 884 883 879
f 219 218 217
f 906 905 904
f 455 204 205
f 898 882 830
f 903 900 880
f 377 291 519
f 923 949 948
f 946 947 951
f 3519 740 739
f 900 899 886
f 225 64 65
f 182 445 442
f 809 952 947
f 954 960 962
f 927 950 965
f 885 879 880
f 925 927 966
f 343 342 341
f 965 964 971
f 968 971 970
f 972 968 969
f 963 961 981
f 336 337 338
f 992 993 827
f 810 815 996
f 1007 1001 1002
f 1012 826 827
f 1011 1009 1007
f 294 293 292
f 907 908 920
f 1017 579 1019
f 1020 1023 1022
f 1035 1024 1020
f 1061 1060 1047
f 1063 1061 1046
f 1044 1020 1021
f 1102 1094 1097
f 1116 1126 1118
f 1016 1015 1014
f 881 897 904
f 816 1116 1127
f 1094 948 949
f 514 342 167
f 146 145 81
f 1133 1135 1130
f 1102 1133 1126
f 822 1126 1116
f 1145 1143 1148
f 1076 1144 1151
f 1148 1143 1086
f 1109 1097 1114
f 1154 1153 1156
f 1153 925 967
f 3464 3497 463
f 1144 1147 1152
f 1156 967 1163
f 1164 1162 1169
f 1145 1171 1176
f 1114 1115 1154
f 1183 1155 1164
f 1184 1183 1177
f 1069 1151 1062
f 1023 1191 1194
f 1162 1163 1170
f 1195 1184 1185
f 1183 1196 1176
f 1201 1063 1152
f 1061 1063 1201
f 3825 847 843
f 1203 1202 1195
f 1202 1201 1184
f 1218 1060 1203
f 1060 1061 1202
f 1225 1218 1217
f 671 695 694
f 1219 1217 1024
f 1217 1203 1034
f 1226 1014 1015
f 1243 1242 1234
f 1231 1230 1229
f 847 1243 1233
f 843 1233 1244
f 1233 1234 1245
f 1923 3761 233
f 2100 2108 499
f 3914 3864 2135
f 61 62 323
f 210 211 217
f 1299 1310 1309
f 3863 1230 1231
f 1066 1047 1321
f 1322 1321 1228
f 1060 1218 1321
f 1325 1324 1323
f 1244 1245 1332
f 1290 1234 1242
f 1337 1330 1339
f 1330 1332 1340
f 1341 1332 1245
f 1342 1340 1332
f 1343 1342 1341
f 1344 1341 1294
f 3857 3856 1345
f 1347 1348 1342
f 3856 3854 1295
f 1349 1350 1348
f 3861 1349 1347
f 3853 1347 1343
f 906 898 829
f 905 906 1353
f 865 1356 1355
f 1355 1353 829
f 1357 1355 825
f 1356 1354 1353
f 3834 1337 1338
f 866 1358 1356
f 1358 1359 1354
f 3828 878 1337
f 838 1362 1012
f 1363 1364 1338
f 1368 1363 1339
f 1348 1368 1340
f 1371 1369 3824
f 524 525 526
f 528 529 530
f 1372 1370 1369
f 535 536 537
f 1367 1368 1348
f 1370 1354 1359
f 1369 1359 3833
f 1373 910 903
f 555 556 557
f 1374 909 910
f 1373 904 905
f 1374 1373 1375
f 1375 905 1354
f 1378 920 908
f 376 373 651
f 1388 928 973
f 586 587 588
f 1390 1389 1388
f 1391 1388 969
f 597 598 599
f 600 601 602
f 1392 1391 970
f 608 609 610
f 612 524 523
f 614 615 616
f 617 618 25
f 620 621 622
f 1397 1390 1391
f 1398 1397 1392
f 1400 987 920
f 1402 1403 1165
f 636 637 638
f 930 1404 1402
f 641 642 643
f 929 1402 1169
f 1404 1405 1403
f 1411 1366 1365
f 1412 1406 1415
f 652 653 654
f 609 656 657
f 659 660 661
f 558 663 586
f 665 666 667
f 1413 1411 1406
f 1418 1416 3810
f 1417 1372 1371
f 1416 1371 3829
f 1419 1417 1416
f 1386 909 1374
f 677 678 679
f 1385 1386 1420
f 1420 1374 1376
f 685 686 687
f 1421 1420 1422
f 528 690 691
f 1422 1376 1372
f 1018 1019 747
f 699 700 701
f 1424 578 579
f 3663 1597 1767
f 700 699 711
f 1093 3746 3754
f 717 718 530
f 721 722 723
f 704 1650 3543
f 19 1429 1426
f 1429 1428 1427
f 1658 1659 3542
f 1439 1437 1434
f 1437 1436 1435
f 1426 1427 1433
f 1442 1431 1432
f 742 743 744
f 1432 1433 1441
f 751 752 753
f 1438 1434 1403
f 1446 1445 1444
f 1447 1448 1446
f 3860 1447 1443
f 1415 1367 1445
f 1414 1415 1446
f 2173 1683 469
f 777 778 779
f 780 781 782
f 1676 1693 1806
f 3859 1451 1349
f 789 790 791
f 745 792 793
f 652 794 795
f 1455 1458 1457
f 1454 1367 1350
f 610 691 802
f 3831 3816 698
f 1352 1044 1045
f 1015 1016 1459
f 811 812 813
f 2118 3815 3817
f 819 820 821
f 1466 1463 1194
f 1467 1468 1465
f 1182 1165 1468
f 832 812 833
f 835 836 837
f 1467 1466 1190
f 1469 1470 1444
f 840 700 712
f 1453 1470 1469
f 599 844 845
f 1226 1450 3849
f 851 852 853
f 855 744 856
f 858 859 860
f 861 862 863
f 1014 1226 3855
f 867 676 868
f 870 871 872
f 874 875 876
f 1310 1323 1471
f 1476 1433 1427
f 1461 1476 1475
f 887 888 889
f 788 791 892
f 894 895 896
f 1460 1475 1227
f 901 902 524
f 1465 1478 1477
f 1865 3503 3500
f 911 912 913
f 916 917 918
f 1850 3505 3507
f 921 922 895
f 1479 1435 1436
f 926 664 667
f 1481 562 563
f 269 1483 84
f 931 932 933
f 934 935 614
f 936 685 688
f 938 659 662
f 1484 270 122
f 941 942 835
f 320 321 509
f 1849 3510 3505
f 84 1483 1484
f 1487 1490 1488
f 1757 1758 3502
f 365 1492 1491
f 461 79 80
f 117 363 362
f 1494 540 541
f 926 601 957
f 1477 1441 1433
f 1709 1588 1585
f 119 117 1496
f 271 1497 504
f 511 517 189
f 345 1496 1492
f 57 344 299
f 1501 1499 268
f 267 268 1499
f 974 975 976
f 1678 1652 1693
f 3846 1682 1807
f 557 982 663
f 983 941 984
f 1443 1444 3849
f 421 1500 268
f 989 990 991
f 1490 1487 418
f 279 280 309
f 997 868 676
f 998 26 999
f 1504 418 38
f 1506 1508 1507
f 360 361 1508
f 1506 1486 207
f 939 1005 1006
f 270 1484 1483
f 66 63 546
f 1010 742 793
f 367 428 437
f 244 31 363
f 1670 3532 3534
f 209 206 1510
f 388 389 426
f 427 274 250
f 161 520 521
f 100 246 45
f 1025 1026 608
f 1029 1030 1031
f 939 662 1033
f 41 42 594
f 1036 780 783
f 702 701 1038
f 1040 1041 1042
f 362 32 369
f 187 1520 477
f 70 1487 539
f 1049 600 603
f 613 867 869
f 860 1050 1051
f 1005 1052 1053
f 753 1055 1056
f 1057 1058 1059
f 293 288 1522
f 288 212 1521
f 292 1522 1523
f 331 1507 1508
f 306 452 453
f 100 44 41
f 462 1524 78
f 330 331 1524
f 635 1067 1068
f 1485 1527 1526
f 206 1485 1528
f 1070 1071 1072
f 942 941 1073
f 916 933 1075
f 440 1529 1530
f 157 158 1514
f 1529 162 5
f 371 595 546
f 790 586 663
f 1077 858 857
f 1403 1434 1435
f 1080 1081 1082
f 531 520 1529
f 21 1083 1084
f 272 1532 1531
f 690 712 802
f 335 3571 3567
f 1090 1030 1029
f 1092 795 794
f 1533 396 137
f 661 660 1095
f 69 444 445
f 1099 1100 1101
f 38 39 1536
f 1104 1105 1106
f 852 1107 1108
f 1377 908 909
f 291 377 411
f 316 1536 516
f 539 1488 1533
f 1505 1536 316
f 1110 1111 1112
f 1539 1537 460
f 522 441 1537
f 834 837 1120
f 1122 1123 1124
f 612 1125 1041
f 935 793 615
f 276 278 130
f 1686 3549 3522
f 193 190 1541
f 231 521 1540
f 556 1037 982
f 365 253 85
f 190 532 318
f 1810 765 3574
f 3924 1867 3512
f 1132 983 985
f 208 101 102
f 1134 1033 662
f 1491 518 80
f 429 133 1542
f 1137 1138 915
f 172 436 428
f 1139 1140 1141
f 549 96 54
f 1517 1519 1518
f 834 1119 984
f 1543 513 286
f 1544 797 239
f 133 134 1544
f 506 361 257
f 420 327 328
f 1158 1159 1160
f 587 1104 1103
f 607 1161 1027
f 304 1546 1545
f 364 1491 77
f 69 70 198
f 700 840 1112
f 3877 626 3525
f 1166 719 657
f 1167 1168 858
f 1300 3523 3524
f 1172 1173 1174
f 218 203 200
f 1179 1180 1181
f 372 183 97
f 89 104 227
f 1186 1187 1188
f 172 173 1517
f 1482 84 81
f 1090 1192 1193
f 394 395 353
f 526 525 1198
f 1199 1200 1026
f 606 623 697
f 1204 1205 1206
f 1207 1208 523
f 1209 1210 867
f 914 913 685
f 1478 1436 1441
f 1029 1028 1161
f 1211 1212 1213
f 3858 1453 1451
f 844 1215 1216
f 423 193 273
f 1220 1221 1222
f 22 1223 1224
f 882 898 897
f 1519 1517 173
f 1189 1188 1232
f 349 350 550
f 1071 1235 1236
f 1237 1238 1239
f 1221 1186 1189
f 1510 1528 1512
f 939 1032 1241
f 1556 1530 5
f 1553 1554 394
f 404 1556 67
f 1247 1248 1249
f 142 199 238
f 1251 1067 635
f 850 1252 1253
f 1254 1167 1077
f 57 132 133
f 443 430 552
f 1187 1172 1175
f 1256 1070 831
f 432 405 382
f 741 748 747
f 434 350 351
f 349 432 383
f 251 124 1481
f 395 384 352
f 1518 1519 1550
f 1558 410 378
f 109 263 314
f 285 1514 1513
f 395 394 393
f 202 203 410
f 417 408 405
f 1246 1257 1258
f 3 1559 297
f 1259 1260 1261
f 403 404 347
f 955 954 953
f 462 50 51
f 1096 1095 687
f 429 147 60
f 896 1264 1265
f 1267 721 1268
f 423 424 327
f 37 179 180
f 20 23 1187
f 1256 1168 1071
f 1188 1175 1269
f 1236 1270 1271
f 1272 536 535
f 565 564 463
f 1273 792 745
f 876 1254 1255
f 316 33 164
f 437 1516 503
f 194 1494 1495
f 1275 1276 864
f 624 625 631
f 1277 1274 1137
f 569 568 567
f 1481 124 125
f 324 325 547
f 1279 1108 1107
f 1525 332 329
f 1281 1278 1137
f 171 168 1553
f 1488 73 396
f 1557 1561 1562
f 1282 856 1206
f 1053 1277 1278
f 778 777 607
f 713 583 3566
f 251 225 144
f 4 357 348
f 709 708 707
f 728 48 45
f 261 135 1563
f 789 1286 1287
f 74 314 263
f 403 284 385
f 1178 1181 1240
f 1223 1259 1289
f 1220 20 1186
f 296 1518 354
f 784 459 1538
f 1181 1180 1291
f 1269 1292 1257
f 1566 1538 438
f 136 784 1566
f 1563 1564 169
f 107 114 109
f 1297 1282 1298
f 1464 1477 1476
f 1520 187 507
f 1301 1302 1303
f 1306 1307 1308
f 175 456 1532
f 1532 456 200
f 1311 1266 1312
f 872 1314 1315
f 3836 843 878
f 1305 1308 864
f 1040 1275 863
f 1564 1566 399
f 592 1576 1575
f 591 1575 1088
f 1581 1584 1583
f 1196 1152 1147
f 710 582 583
f 285 407 408
f 953 954 961
f 1594 1592 1589
f 1585 1588 1587
f 1592 1591 1590
f 3885 945 944
f 1600 1599 1598
f 1604 1603 1602
f 1399 1392 979
f 1589 1590 1596
f 1610 1609 1608
f 298 257 361
f 551 552 276
f 1627 1626 3814
f 859 811 818
f 1078 857 1328
f 1555 439 1530
f 572 573 680
f 772 465 776
f 977 1281 918
f 404 403 392
f 1054 1331 750
f 1644 1645 1643
f 932 1265 1082
f 1067 1333 1334
f 1540 1539 264
f 597 1335 643
f 471 761 762
f 1642 696 3831
f 1644 1642 3842
f 923 946 950
f 96 549 548
f 520 531 522
f 445 444 443
f 849 839 848
f 480 759 755
f 1646 760 481
f 311 426 1567
f 464 463 3497
f 3497 1360 1361
f 234 237 236
f 190 193 192
f 153 154 152
f 231 287 286
f 1552 1553 1551
f 760 1646 1648
f 3832 1647 1649
f 828 827 826
f 52 167 166
f 1663 1662 1661
f 287 107 115
f 668 671 670
f 634 645 640
f 553 560 559
f 118 36 33
f 492 484 491
f 3552 1652 1651
f 582 589 584
f 384 395 392
f 1381 1382 1383
f 1562 1561 435
f 952 953 951
f 3529 3566 583
f 1660 1661 1667
f 1394 1395 1396
f 1660 1665 1664
f 1671 1670 1669
f 1624 1625 1673
f 1407 1408 1409
f 1677 1676 1675
f 1613 1679 1677
f 1679 1678 1676
f 1626 1681 3811
f 534 199 198
f 803 733 734
f 400 248 191
f 65 66 143
f 3526 1657 1656
f 402 159 157
f 629 628 627
f 461 477 49
f 758 757 495
f 796 787 786
f 406 407 1513
f 342 343 166
f 1694 1659 1658
f 1692 1687 1694
f 3557 1693 1652
f 3921 1704 1703
f 326 547 302
f 3916 3921 1702
f 3919 3918 1698
f 1699 1691 3927
f 1557 406 1560
f 1127 1116 1117
f 400 401 289
f 1706 1702 1707
f 1707 1702 1599
f 1709 1706 1708
f 1714 1712 1711
f 3919 3915 1709
f 1704 1711 1577
f 1716 1714 1713
f 1559 1562 1549
f 1722 1721 1720
f 1335 597 596
f 410 411 377
f 973 1170 1163
f 168 169 399
f 1571 682 1089
f 1572 681 682
f 749 646 647
f 1730 1724 1723
f 1594 1582 1729
f 1729 1723 1591
f 1384 1378 1377
f 1732 1731 1712
f 1724 1730 1731
f 1722 1724 1732
f 1721 1722 1733
f 1734 1733 1716
f 1735 1737 1736
f 1733 1732 1714
f 1663 1664 1741
f 1742 1665 1740
f 1738 1739 1737
f 1665 1660 1666
f 1665 1742 1744
f 1725 1726 1746
f 1591 1725 1745
f 1590 1745 1747
f 1745 1746 1748
f 1659 1688 3538
f 3287 1760 3545
f 1185 1177 1182
f 1664 1744 1749
f 1741 1749 1739
f 1746 1742 1743
f 1726 1744 1742
f 1115 924 1153
f 1654 3546 3575
f 1896 3562 3549
f 1720 1749 1744
f 1721 1739 1749
f 1750 1718 1701
f 1697 1736 1750
f 1151 1152 1063
f 1751 1752 1670
f 1695 1658 1752
f 961 962 986
f 1770 1769 1768
f 1766 1594 1593
f 1731 1759 1579
f 1579 1777 1774
f 3928 1772 1771
f 1764 1772 3928
f 1777 1776 1775
f 3762 3763 1699
f 1004 1127 1128
f 1774 1775 1771
f 987 1400 1399
f 1578 1774 1772
f 1783 1782 1781
f 1597 1598 1770
f 639 1878 3895
f 3928 3929 1769
f 1793 1792 1789
f 3929 3920 1798
f 3508 3516 3773
f 1802 1867 3924
f 1788 1790 1794
f 1793 1794 1795
f 3773 3772 1675
f 1584 1581 1783
f 1771 1797 3920
f 1801 1799 1798
f 1768 1769 1798
f 1775 1796 1797
f 508 514 515
f 1796 1803 1802
f 1800 1798 3920
f 1794 1805 1804
f 3532 1670 1752
f 485 1808 1807
f 3809 3844 1640
f 3837 3844 1810
f 485 482 1640
f 1690 1691 3770
f 487 488 1648
f 3839 1813 1816
f 3838 1811 1648
f 3839 1812 1811
f 1812 1809 487
f 1641 1809 767
f 465 466 755
f 767 1815 3823
f 3822 1816 3826
f 1809 1812 1815
f 3837 1653 1651
f 675 672 3541
f 1814 1649 1822
f 1821 1822 3821
f 1824 1822 1649
f 1827 1849 1850
f 1668 1669 1662
f 1779 1780 1848
f 1790 1827 1805
f 1833 1836 1853
f 3521 3506 693
f 1614 1615 1616
f 1852 1853 3498
f 1620 1621 1622
f 1855 1765 1574
f 1847 1852 3501
f 1766 1765 1855
f 1629 1630 1631
f 1633 1622 1634
f 1635 1636 1637
f 1848 1833 1852
f 1855 1861 1863
f 1803 1866 1867
f 1862 1863 1831
f 1782 1855 1862
f 3922 3924 1865
f 1873 1872 1870
f 1874 1869 799
f 2045 3878 3897
f 1219 1345 1295
f 1615 1614 1396
f 3884 3895 1877
f 645 3898 3786
f 1345 1219 1035
f 634 639 3884
f 15 1887 1327
f 3910 3895 1878
f 1894 604 605
f 3506 3551 627
f 3560 640 645
f 340 341 454
f 1897 194 195
f 1889 1882 1877
f 1901 94 129
f 196 749 754
f 1705 1704 3921
f 340 378 166
f 1570 1480 563
f 1904 1494 194
f 1781 1862 1832
f 1905 549 55
f 1000 994 995
f 986 919 920
f 1191 1185 1190
f 2094 2077 2075
f 1920 1921 1919
f 453 454 1912
f 1915 1919 1918
f 3882 2112 2106
f 1655 3575 3531
f 1916 1918 1926
f 704 3554 3561
f 278 1916 1925
f 3565 3564 1818
f 1097 949 1115
f 1927 1928 727
f 3578 3579 3654
f 1920 310 307
f 1929 307 48
f 503 504 1497
f 1902 1903 787
f 1816 1821 3820
f 1925 1926 1923
f 1535 1569 1568
f 254 252 258
f 1509 1497 366
f 119 86 35
f 219 288 293
f 141 46 47
f 542 205 244
f 1940 552 430
f 1779 1828 1827
f 1701 1710 3915
f 1661 3550 3515
f 270 53 754
f 197 1947 749
f 1727 1728 1212
f 53 54 232
f 1465 1468 1479
f 1284 3862 3854
f 1951 446 412
f 168 398 1554
f 1486 1485 206
f 506 77 78
f 994 1001 1007
f 951 953 963
f 1013 3859 3861
f 3826 3820 1820
f 1498 1909 1954
f 299 298 543
f 1754 1755 1756
f 1681 469 1683
f 1696 1694 1695
f 13 14 738
f 473 476 475
f 482 1641 768
f 204 62 30
f 1761 1762 820
f 611 1763 1125
f 1501 1503 1908
f 1074 1073 711
f 1960 1944 82
f 120 1956 1960
f 35 86 87
f 1773 1199 1025
f 1965 1545 1569
f 494 761 471
f 1966 1967 1969
f 446 1951 1971
f 174 368 125
f 1580 1579 1578
f 1785 1786 1787
f 1972 1546 304
f 1254 876 875
f 1973 341 342
f 321 1912 1973
f 1910 277 275
f 509 1973 514
f 1486 1507 1527
f 1974 1874 804
f 1977 1976 1974
f 1980 448 1966
f 379 1 2
f 1718 1715 1710
f 884 995 992
f 1680 1684 1678
f 902 990 525
f 344 255 256
f 135 138 137
f 448 446 1967
f 589 605 604
f 910 909 908
f 1981 1966 1968
f 1982 1981 1987
f 1988 1979 1987
f 1990 1988 1989
f 1991 1989 1993
f 322 321 320
f 992 828 830
f 1144 1076 1086
f 1995 1977 1978
f 1133 1129 1118
f 1997 1995 1994
f 870 1823 1335
f 805 806 1982
f 727 184 2000
f 1996 1994 1988
f 1994 1978 1979
f 1829 616 792
f 1830 1073 941
f 798 803 800
f 729 732 731
f 2011 2012 2023
f 1834 1835 846
f 402 283 284
f 2022 2023 2024
f 1838 718 989
f 810 955 952
f 1823 1839 1840
f 1430 1426 1432
f 1215 844 1841
f 1316 1208 873
f 2112 1401 1384
f 1842 1843 1844
f 1159 846 845
f 837 27 1846
f 1971 1951 2030
f 517 369 370
f 1471 2026 2027
f 3551 3525 626
f 2174 2175 770
f 935 934 1854
f 1613 1619 1611
f 1231 1228 1225
f 1856 1857 891
f 1300 1309 748
f 1150 1149 1858
f 1643 606 696
f 1215 1265 1264
f 1320 1860 902
f 1956 1943 1944
f 2031 668 669
f 2034 1325 1310
f 1879 1880 1656
f 40 245 242
f 1992 1993 2039
f 888 958 957
f 1882 1889 1996
f 1078 1138 1255
f 1871 912 1192
f 294 411 218
f 1323 2041 2026
f 123 1960 83
f 1324 2036 2041
f 384 358 359
f 1324 1325 2038
f 1883 1884 1885
f 287 1540 114
f 1096 1886 1134
f 915 1329 931
f 806 1980 1981
f 3533 3529 584
f 1425 2030 2042
f 1018 2042 1948
f 3562 1896 740
f 1948 2042 649
f 1881 1882 1990
f 1900 129 130
f 992 995 994
f 923 927 925
f 3878 2045 2047
f 1643 2048 625
f 2050 2052 2051
f 2045 1405 1404
f 3876 2047 945
f 1139 1080 1079
f 1037 1856 892
f 2055 2053 2057
f 1198 989 718
f 1619 2058 1612
f 2058 1605 1606
f 2059 2060 1607
f 2058 1619 1624
f 71 72 179
f 405 406 1557
f 322 1548 1972
f 2061 2052 2063
f 2066 2065 2067
f 2052 2061 2064
f 1609 1610 2066
f 1515 151 152
f 1009 827 993
f 1644 3843 3815
f 279 1915 1916
f 1285 3863 3862
f 1647 2066 1825
f 2056 2057 2067
f 319 320 1953
f 667 666 1913
f 2070 631 625
f 2052 2050 2055
f 2038 1654 1655
f 1606 1601 2073
f 1235 1917 1270
f 2072 2073 2075
f 2059 1606 2072
f 2074 2075 2077
f 1601 1602 2078
f 2049 2048 1643
f 1000 1004 1001
f 1089 943 684
f 1931 1286 1306
f 1462 1459 1021
f 1932 1933 1934
f 875 874 1846
f 1936 1051 1937
f 44 45 46
f 1534 1955 1956
f 1541 318 317
f 2081 2082 2084
f 146 1945 1959
f 1360 1941 1942
f 985 984 1032
f 1995 1997 1892
f 2079 2080 2082
f 2095 2096 2076
f 2081 2093 2078
f 2055 2050 2054
f 501 2096 2095
f 2097 2100 2099
f 2098 2099 2094
f 2140 2141 3893
f 2141 2046 3894
f 2051 2070 2048
f 592 2102 2101
f 2071 2064 2076
f 2102 2097 2098
f 593 2103 2102
f 1019 1895 746
f 1950 11 12
f 725 2071 2096
f 1385 2105 2104
f 1379 2104 2106
f 2107 2108 2100
f 3908 726 502
f 3896 502 499
f 940 1389 2109
f 928 929 1170
f 3868 590 684
f 1962 1963 1964
f 3878 680 573
f 2039 1993 1968
f 1389 1390 2110
f 1398 2111 2113
f 3757 3755 3753
f 3911 3883 2107
f 949 923 924
f 260 241 324
f 1390 1397 2113
f 2070 2051 2064
f 3867 3911 2103
f 2105 1385 1421
f 2114 1421 1423
f 3892 2114 2115
f 3908 2105 2114
f 554 2116 1902
f 972 1163 967
f 1765 1593 1573
f 1984 1985 1986
f 2053 2117 2069
f 3573 3556 724
f 1625 1677 1674
f 3881 3888 2119
f 3903 2115 2123
f 56 1954 1906
f 626 3877 3879
f 2001 2002 2003
f 3912 3841 2127
f 2006 2007 2008
f 2127 1413 1412
f 2014 2015 2016
f 2018 2019 2020
f 1495 1424 1947
f 1379 1377 1386
f 3814 3811 1680
f 2029 1885 1884
f 3902 2128 2120
f 629 3879 3914
f 682 683 943
f 724 1650 2121
f 1757 1819 3821
f 765 1810 3844
f 3851 714 715
f 706 707 3870
f 981 986 987
f 1457 1868 1656
f 2017 2016 2032
f 1458 1655 1868
f 1776 1777 1792
f 1959 1945 1946
f 3663 3715 3725
f 3913 3881 2122
f 1093 1089 689
f 966 965 968
f 3852 715 3881
f 2172 3577 2170
f 670 2138 2137
f 3761 787 1903
f 1429 19 28
f 964 963 978
f 3841 3813 1413
f 1473 1474 669
f 3834 3833 1359
f 2138 798 1870
f 1872 1473 2137
f 715 716 3888
f 1881 1991 1992
f 3843 3842 739
f 1837 1847 3513
f 253 58 59
f 1808 3837 3840
f 1647 3832 3818
f 3865 3866 671
f 2112 3882 3883
f 1405 2045 2044
f 3829 3824 1364
f 273 1541 391
f 576 632 3520
f 3875 3865 668
f 1430 1431 2140
f 2136 3850 3860
f 1430 2139 18
f 3893 3894 570
f 1442 1439 2046
f 1431 1442 2141
f 3869 3913 3850
f 3808 3823 1817
f 3866 3893 695
f 2142 2025 798
f 571 2143 2142
f 3819 3814 1618
f 2143 2022 2025
f 694 2142 2138
f 681 1572 2144
f 2144 2011 2022
f 328 210 457
f 1572 2010 2011
f 630 3892 3903
f 2085 2086 2087
f 2090 2091 2092
f 572 2144 2143
f 1875 1976 2153
f 1873 1875 2149
f 2103 2107 2097
f 2157 2043 2155
f 2128 1412 1414
f 3874 3871 589
f 3872 3870 628
f 2149 2153 2158
f 2159 2158 3905
f 698 3907 3902
f 3823 3847 3827
f 2158 2156 3874
f 1438 2044 2046
f 2035 2154 2160
f 2161 2160 3889
f 3871 3891 605
f 3873 17 18
f 370 29 61
f 649 1951 413
f 2153 2157 2156
f 1428 1429 1449
f 1490 76 73
f 3890 3905 710
f 2155 1891 3891
f 1456 1457 1880
f 2125 2088 2087
f 2160 2159 3890
f 300 1959 505
f 1064 1062 1046
f 2043 1892 1891
f 2129 2130 2004
f 2131 2132 2133
f 3848 3849 1450
f 1998 1975 804
f 3879 673 3864
f 474 492 490
f 1164 1165 1182
f 707 2162 3909
f 708 1472 2162
f 2162 2161 3886
f 548 549 1905
f 1145 1136 1114
f 705 2121 1650
f 2043 2157 1977
f 737 738 554
f 1034 1195 1191
f 458 1905 1907
f 195 196 232
f 2040 2039 1969
f 2145 2146 2147
f 2054 2050 2049
f 3832 1646 1639
f 9 12 11
f 252 364 506
f 472 478 479
f 1865 3924 3791
f 900 903 910
f 1941 2150 2151
f 1921 1928 1927
f 2163 1897 1898
f 271 156 153
f 1904 1326 12
f 282 263 264
f 1872 1873 2154
f 1326 1904 1897
f 628 692 693
f 1724 1722 1719
f 1549 1562 436
f 1582 1583 1730
f 1921 1920 1929
f 3563 3511 10
f 2152 2037 1950
f 475 772 774
f 769 2172 2171
f 2171 2165 476
f 476 773 772
f 1791 565 464
f 2166 2167 2168
f 595 371 372
f 483 1809 1641
f 762 2174 2173
f 771 483 484
f 486 487 1809
f 297 1549 1517
f 763 2175 2174
f 776 755 759
f 184 185 2176
f 412 447 303
f 2005 2176 185
f 3811 1681 1682
f 2164 2170 756
f 1472 2035 2161
f 950 951 964
f 2177 2178 2179
f 227 226 1510
f 2182 2183 2184
f 2186 2019 2018
f 1985 2182 2181
f 214 736 729
f 865 849 842
f 849 865 1357
f 559 3187 3188
f 16 13 737
f 560 553 498
f 3193 3196 3195
f 3200 3197 3198
f 3211 3214 3213
f 3215 3218 3217
f 2187 2188 2002
f 2169 2168 2189
f 2192 2086 2085
f 2193 2194 2195
f 2198 2199 2200
f 1998 1982 1979
f 3664 3665 3668
f 2116 1898 1903
f 1859 2006 2009
f 3904 2123 2126
f 1135 1148 1087
f 2201 2202 2015
f 1149 111 110
f 3221 3222 3218
f 2203 2204 2205
f 579 580 1895
f 1755 2207 2208
f 3891 3910 1893
f 1211 2151 2150
f 868 997 2210
f 944 945 930
f 2130 2129 2202
f 233 1903 1898
f 665 751 750
f 1167 1254 999
f 2211 2212 2213
f 2215 2216 2217
f 3867 593 590
f 2220 221 220
f 823 824 948
f 3225 3220 3227
f 266 204 455
f 3882 2108 2107
f 2221 2222 3519
f 2223 2224 2225
f 2207 2125 2124
f 673 674 3869
f 817 1000 996
f 2227 2228 2146
f 1947 1948 646
f 3900 2135 17
f 2229 1635 1638
f 1679 1613 1618
f 1637 2231 2232
f 2233 2234 1617
f 2231 2235 2236
f 1381 1638 2238
f 3586 2241 2242
f 1630 2234 2233
f 1681 1626 472
f 1408 1407 2243
f 3236 3239 3238
f 3232 3241 3240
f 1637 2230 2238
f 3237 3238 3233
f 1409 1408 1634
f 1380 1383 2247
f 1628 2248 2245
f 2249 1623 1622
f 1632 1634 1408
f 2248 1628 1631
f 2235 2231 1637
f 3245 3246 3199
f 631 2070 2071
f 515 167 52
f 782 781 2251
f 2253 2254 2255
f 397 281 459
f 1456 2039 2040
f 2040 2041 2036
f 1401 2112 2111
f 2041 2040 1970
f 1535 121 414
f 1586 1587 2080
f 2256 983 1132
f 1700 1699 3918
f 3815 1896 1686
f 1263 2256 1886
f 598 1841 844
f 2257 2258 2259
f 2258 2261 2262
f 2259 2262 2263
f 2260 2259 2216
f 1967 1971 1970
f 2212 1964 1963
f 922 921 2218
f 1312 1098 1101
f 1307 1306 1286
f 1548 1569 1546
f 2266 2267 2268
f 2265 2268 2270
f 2272 2265 2269
f 2273 2266 2265
f 2275 2276 2277
f 2278 2274 2277
f 2284 2285 3617
f 2287 2283 2286
f 2288 2289 2283
f 2290 2284 3639
f 2291 2292 2293
f 2295 2291 2294
f 2296 2297 2291
f 2297 2298 2292
f 2294 2293 2299
f 2279 2294 2300
f 2298 2301 2302
f 2292 2302 2303
f 2293 2303 2304
f 2304 2305 2306
f 2308 2309 2310
f 2302 2307 2310
f 2301 2311 2307
f 2312 2308 2307
f 2313 2314 2315
f 2318 2319 2320
f 3748 3771 2322
f 2324 2325 2273
f 2313 2324 2326
f 2328 2324 2313
f 2329 2325 2324
f 2331 2332 2333
f 2330 2333 2267
f 2325 2330 2266
f 2329 2331 2330
f 2333 2334 2335
f 2336 2334 2333
f 2338 2336 2332
f 2331 2339 2337
f 2329 2340 2339
f 2328 2341 2340
f 2316 2342 2341
f 2342 2316 2315
f 2344 2345 2346
f 2341 2344 2347
f 2342 2348 2344
f 2348 2349 2345
f 2350 2351 2352
f 2339 2350 2353
f 2340 2347 2350
f 2347 2346 2351
f 2337 2353 2354
f 2353 2352 2355
f 2356 2277 2276
f 2356 2357 2358
f 2356 2359 2296
f 2279 2277 2356
f 2360 2361 2270
f 2267 2335 2360
f 2362 2363 2364
f 2362 2365 2361
f 2366 2362 2358
f 2366 2367 2363
f 2357 2276 2368
f 2366 2368 2369
f 2276 2275 2370
f 2368 2370 2282
f 2372 2373 2374
f 2375 2376 2377
f 2378 2379 2380
f 2382 2378 2381
f 2384 2385 2378
f 2385 2386 2379
f 2388 2389 2390
f 2387 2390 2392
f 2393 2394 2387
f 2394 2395 2388
f 2186 2401 2402
f 2403 2404 2327
f 2272 2403 2326
f 2271 2405 2403
f 2405 2406 2404
f 2404 2407 2408
f 2409 2410 2411
f 2409 2412 2271
f 2413 2409 2269
f 2413 2414 2410
f 2417 2415 2416
f 2417 2418 2406
f 2412 2417 2405
f 2411 2415 2417
f 2406 2419 2407
f 3569 3520 632
f 2420 2398 2397
f 2420 2421 2423
f 2424 2420 2422
f 2424 2399 2398
f 2425 2391 2392
f 2421 2425 2426
f 2397 2396 2425
f 2396 2393 2391
f 2427 2314 2408
f 2430 2427 2428
f 2343 2315 2427
f 2432 2343 2430
f 2431 2430 2429
f 2435 2431 2433
f 2436 2432 2431
f 2428 2408 2407
f 2422 2437 2407
f 2438 2437 2422
f 2429 2428 2437
f 2440 2434 2433
f 2441 2439 2433
f 2442 2443 2439
f 2443 2444 2440
f 2445 2446 2444
f 2447 2445 2443
f 2383 2381 2445
f 2381 2380 2446
f 2448 2438 2423
f 2449 2448 2426
f 2441 2448 2449
f 2441 2429 2438
f 2449 2392 2390
f 2450 2390 2389
f 2447 2450 2451
f 2442 2449 2450
f 2451 2389 2453
f 2452 2453 2455
f 2382 2452 2454
f 2383 2451 2452
f 2456 2457 2373
f 2459 2460 2461
f 2463 2464 2465
f 2462 2465 2285
f 2466 2462 2284
f 2467 2463 2462
f 2461 2460 3703
f 2468 2469 2470
f 2472 2468 2471
f 2474 2461 3701
f 2475 2476 2477
f 2458 2455 2453
f 2479 2453 2389
f 2395 2480 2479
f 2480 2459 2458
f 2481 2482 2483
f 2484 113 2485
f 2471 2470 2464
f 2473 2471 2463
f 2487 2467 2466
f 2486 2466 2290
f 2490 2486 2488
f 2491 2487 2486
f 2492 2473 2467
f 2493 2492 2487
f 2494 2495 2492
f 2495 2472 2473
f 3690 2496 2474
f 3691 2497 2496
f 2498 2494 2493
f 2500 2498 2499
f 3700 3687 2498
f 3687 3691 2494
f 2306 2504 2278
f 2305 2505 2504
f 2504 2505 2507
f 2506 2507 2288
f 2274 2506 2508
f 2278 2504 2506
f 3633 3632 2489
f 3620 3633 2488
f 2507 2509 2289
f 2505 2510 2509
f 2508 2288 2287
f 2511 2287 2281
f 2370 2511 2280
f 2275 2508 2511
f 2512 2490 2489
f 2514 2512 2513
f 2517 2512 2514
f 2517 2491 2490
f 2499 2493 2491
f 2499 2517 2516
f 2510 2505 2519
f 2518 2519 2521
f 3616 2518 2520
f 3632 2510 2518
f 2522 2304 2303
f 2523 2522 2310
f 2305 2304 2522
f 2524 2522 2523
f 2519 2524 2525
f 2505 2305 2524
f 2308 2312 2527
f 2526 2527 2529
f 2531 2526 2528
f 2309 2308 2526
f 1214 2532 2151
f 2419 2406 2418
f 2533 2345 2349
f 2534 2533 2317
f 2535 2536 2533
f 2536 2346 2345
f 2537 2351 2346
f 2538 2537 2536
f 2539 2540 2537
f 2540 2352 2351
f 2312 2355 2541
f 2527 2541 2542
f 2543 2435 2434
f 2545 2543 2544
f 2319 2318 2543
f 2318 2436 2435
f 2514 2515 2548
f 2547 2548 2550
f 2552 2547 2549
f 2552 2516 2514
f 2520 2521 2554
f 2553 2554 2556
f 3590 2553 2555
f 3621 2520 2553
f 2523 2309 2531
f 2557 2531 2530
f 2525 2523 2557
f 2559 2557 2558
f 2554 2559 2560
f 2521 2525 2559
f 2561 2375 2007
f 2376 2562 2225
f 2564 2565 2566
f 2563 2566 338
f 2569 2563 2567
f 2570 2564 2563
f 2572 2573 2574
f 2571 2574 2576
f 2544 2571 2575
f 2544 2434 2572
f 2578 2570 2569
f 2579 2577 2569
f 2574 2577 2579
f 2573 2578 2577
f 2581 2582 2583
f 2584 2580 2583
f 3697 3675 2580
f 3676 2581 2580
f 2582 2516 2552
f 2583 2552 2551
f 2500 2501 2589
f 2590 2588 2589
f 3693 3695 2588
f 3695 3700 2500
f 2501 2516 2591
f 2592 2593 2594
f 2386 2385 2503
f 2596 2379 2386
f 2596 2374 2373
f 2599 2596 2597
f 2599 2380 2379
f 2600 2446 2380
f 2600 2599 2598
f 2603 2600 2601
f 2603 2444 2446
f 2604 2603 2602
f 2440 2604 2605
f 2444 2603 2604
f 2606 2582 2581
f 2606 2607 2590
f 2591 2516 2582
f 3676 2587 2456
f 3689 2456 2372
f 2478 2477 2608
f 2609 2610 2611
f 2564 2570 2613
f 2612 2613 2598
f 2457 2612 2597
f 2565 2564 2612
f 2614 2613 2570
f 2615 2614 2578
f 2602 2601 2614
f 2601 2598 2613
f 2572 2434 2605
f 2616 2605 2602
f 2573 2572 2616
f 1459 1016 1045
f 1265 1215 1079
f 1612 1608 1609
f 2067 2057 2069
f 1135 1109 1136
f 1938 1937 2618
f 95 548 458
f 2058 1607 1608
f 1454 1469 1445
f 655 2620 1048
f 722 1049 2621
f 1131 985 1033
f 562 1481 366
f 1723 1719 1725
f 1786 1123 1122
f 267 300 323
f 1325 2034 1654
f 1468 1165 1435
f 658 657 529
f 8 532 247
f 382 1557 1559
f 788 619 1307
f 940 930 929
f 911 2622 2623
f 2621 2620 655
f 2624 1857 2625
f 998 1846 27
f 635 638 2626
f 2627 641 644
f 2628 2627 1840
f 1200 1199 2627
f 1199 1773 641
f 1520 515 49
f 1452 1350 1349
f 2630 2631 1859
f 644 643 1335
f 1197 1198 717
f 2632 717 719
f 2628 2632 1166
f 2629 1197 2632
f 1762 2633 1050
f 1823 870 873
f 2634 2635 794
f 1042 794 2635
f 93 94 1901
f 2036 2038 1458
f 1527 332 1525
f 877 876 1274
f 134 409 797
f 1328 893 931
f 607 777 1091
f 1043 2635 2637
f 2636 2637 2639
f 1275 2636 2638
f 1275 1040 1043
f 1272 2624 2626
f 2640 2626 638
f 1110 2641 2640
f 536 1272 2640
f 1472 708 1474
f 2042 2030 1951
f 1058 1106 1105
f 2642 2623 2643
f 1192 2642 2644
f 912 2623 2642
f 3898 1657 3526
f 1049 1048 2620
f 616 1829 1885
f 1331 1913 666
f 990 989 1198
f 1911 1912 321
f 1298 1282 1205
f 76 1490 1504
f 1502 1500 421
f 610 609 658
f 1146 937 659
f 2646 911 914
f 1280 1239 1238
f 1453 1454 1452
f 835 942 1843
f 1271 1270 1173
f 1893 1878 1826
f 1050 2633 1937
f 2651 2652 814
f 1006 1053 1281
f 2653 1084 2654
f 1001 1004 1003
f 585 997 679
f 2624 1272 621
f 555 678 2028
f 1207 526 1197
f 1626 1627 478
f 426 389 419
f 1030 1193 1773
f 3898 645 634
f 534 1533 138
f 1125 1092 1042
f 333 228 88
f 569 1570 561
f 1489 2656 871
f 1857 2624 620
f 1673 1674 3770
f 622 861 864
f 619 788 891
f 261 544 545
f 393 1555 1556
f 2658 2659 2647
f 1075 2658 2657
f 1081 1080 2658
f 1080 1139 2659
f 2644 2643 1141
f 2660 1141 1140
f 642 2660 1336
f 1193 2644 2660
f 679 678 555
f 1503 1501 1500
f 1318 1317 1101
f 2661 2659 1139
f 2661 1142 2663
f 2662 2647 2659
f 2662 2663 2622
f 2664 2622 911
f 2648 2664 2646
f 2648 2647 2662
f 2083 2094 2093
f 1442 1440 1437
f 519 329 330
f 1885 2029 1209
f 799 800 805
f 1946 1943 1952
f 1302 1301 1253
f 566 2005 224
f 1389 940 928
f 683 682 681
f 836 835 1842
f 2665 1842 1845
f 2666 2665 1303
f 24 836 2665
f 831 1072 2650
f 1845 1844 1304
f 2010 2013 2012
f 1051 1936 2667
f 1522 1521 1511
f 531 440 441
f 1250 635 2625
f 2669 2625 1857
f 783 2669 1856
f 782 1250 2669
f 720 2670 2671
f 1055 1931 1930
f 1333 1067 1251
f 619 622 1308
f 652 655 2619
f 521 522 1539
f 1838 988 537
f 2672 537 536
f 1113 2672 2641
f 1113 527 1838
f 1016 1013 1351
f 3897 573 570
f 226 227 104
f 3564 3669 3827
f 1036 1037 1884
f 2674 1301 1304
f 2673 1304 1844
f 1334 2673 2675
f 1333 2674 2673
f 2676 702 1039
f 1843 2676 2675
f 942 1074 2676
f 1074 699 702
f 752 1057 1055
f 1200 1166 656
f 1120 1846 874
f 2677 874 877
f 1241 2677 1052
f 1119 1120 2677
f 1560 1513 151
f 1208 1316 611
f 215 735 736
f 1460 1459 1462
f 1208 1207 1839
f 854 856 1282
f 72 445 182
f 544 1563 1565
f 217 200 456
f 2047 1404 930
f 1204 2618 1937
f 913 777 686
f 840 527 1113
f 1531 729 730
f 2678 778 1283
f 601 667 1914
f 1537 1538 459
f 1819 1757 3509
f 991 1860 862
f 2679 711 1073
f 2680 1830 983
f 779 2680 2256
f 778 2678 2680
f 2678 2679 1830
f 180 542 245
f 1886 1132 1131
f 1138 1137 1274
f 1841 598 1140
f 75 313 314
f 193 423 420
f 2681 2682 1099
f 170 1567 1565
f 349 416 417
f 1121 1124 2684
f 547 797 409
f 123 122 121
f 2643 2663 1142
f 1542 1544 513
f 899 900 907
f 1210 677 676
f 791 663 982
f 24 27 837
f 893 896 932
f 1860 1320 863
f 535 538 862
f 1569 1548 1547
f 181 455 542
f 660 659 937
f 2013 567 568
f 887 890 2631
f 1524 1508 361
f 520 161 162
f 2653 855 854
f 1238 1237 2655
f 718 1838 527
f 1492 1493 518
f 792 616 615
f 599 846 1835
f 290 457 456
f 312 171 1552
f 1248 2687 1179
f 153 149 177
f 1240 1181 1222
f 1257 1292 1235
f 1291 1084 1083
f 1052 877 1277
f 743 742 2618
f 444 140 430
f 23 1224 1172
f 2687 2654 1180
f 102 103 409
f 1283 607 610
f 373 497 650
f 1180 2654 1084
f 855 2653 2655
f 1173 1270 1917
f 2689 850 853
f 2688 853 1108
f 2686 2688 1279
f 2687 2689 2688
f 2691 1302 1252
f 2690 1252 850
f 1248 2690 2689
f 1248 1247 2691
f 2692 617 24
f 2691 2692 2666
f 1247 1258 2692
f 1258 1168 617
f 394 1554 1555
f 2693 1260 1259
f 1072 1236 1262
f 1257 1071 1168
f 398 439 1555
f 871 1784 1314
f 1178 1232 1249
f 1224 1289 1173
f 1010 2617 2618
f 1175 1174 1292
f 2654 2687 2686
f 2694 1157 1216
f 71 418 1487
f 701 1112 1111
f 1072 1261 2649
f 1085 2695 22
f 895 2694 1264
f 1601 1606 1605
f 1259 1262 1271
f 21 20 1220
f 988 991 538
f 598 597 1336
f 1050 860 818
f 1298 2645 1761
f 1168 1167 618
f 858 1168 1256
f 39 242 516
f 2652 1761 819
f 313 316 315
f 2026 1970 1971
f 2656 1489 596
f 814 819 818
f 2696 2651 813
f 1260 2696 2649
f 2693 2697 2696
f 2697 1296 2651
f 381 355 390
f 3818 3819 1611
f 1475 1427 1428
f 1292 1174 1917
f 1551 353 354
f 1526 1525 1523
f 1593 1589 1595
f 1232 1269 1246
f 2695 2693 1223
f 2698 1297 1296
f 2698 2697 2693
f 2685 2698 2695
f 2685 854 1297
f 562 1497 271
f 2652 2651 1296
f 1365 1366 1364
f 1958 1946 1953
f 585 588 2210
f 1561 1560 1515
f 975 2648 1146
f 347 67 68
f 1038 1111 636
f 2700 781 780
f 2699 780 1036
f 2701 2699 1883
f 851 2700 2699
f 2674 1333 2251
f 2702 2251 781
f 1253 2702 2700
f 1301 2674 2702
f 1519 387 388
f 1273 1239 1280
f 2703 1280 1107
f 2701 2703 852
f 1829 1273 2703
f 91 260 326
f 1784 871 2656
f 2683 2684 2705
f 604 1894 3499
f 1669 3534 3548
f 2062 2063 2060
f 621 535 861
f 2023 731 732
f 686 779 1263
f 857 1051 2668
f 883 830 882
f 637 636 1111
f 2668 894 893
f 2667 921 894
f 1039 1038 1068
f 313 75 1504
f 1911 1972 305
f 1936 2706 1964
f 2707 2402 2401
f 2708 2707 2183
f 738 2163 2116
f 2349 2348 2432
f 2711 2712 2020
f 2400 2711 2019
f 2714 2715 2716
f 2717 2718 2719
f 2721 2722 2723
f 2726 2727 2728
f 2725 2728 2730
f 2731 2725 2729
f 2732 2726 2725
f 2734 2735 2736
f 2738 2739 2740
f 2737 2740 2741
f 2744 2745 2746
f 2745 2744 2748
f 2749 2750 2747
f 2753 2749 2751
f 2250 1380 2246
f 2754 1396 1614
f 3598 2754 2755
f 3608 2745 2747
f 1617 2756 2755
f 2242 2758 1620
f 2191 2085 2760
f 2761 2759 2760
f 3648 2759 2761
f 3623 2191 2759
f 3209 3248 3223
f 1395 1394 2236
f 1395 2235 1636
f 1616 1635 2229
f 1617 2234 2763
f 2756 2763 3628
f 2765 2763 2234
f 2766 2764 3628
f 3202 3199 3246
f 1516 437 435
f 2768 2769 3552
f 1495 541 578
f 2135 2136 28
f 3526 3540 2773
f 1690 1689 3926
f 2778 2779 2780
f 2777 2780 2781
f 2784 2778 2777
f 3555 3521 575
f 1494 1904 9
f 3529 2016 2015
f 451 61 505
f 2786 2787 2788
f 2779 2786 2785
f 2789 2752 2741
f 2790 2753 2752
f 2792 2793 2794
f 2793 2795 2796
f 2796 2797 2750
f 2794 2796 2749
f 2798 1393 1396
f 3591 2798 2754
f 2798 2799 2800
f 3591 3662 2799
f 2797 2796 2795
f 2791 2794 2753
f 216 233 232
f 3804 2806 2807
f 3805 2809 2804
f 2769 2810 3557
f 183 185 184
f 2811 2812 2775
f 2804 2811 2776
f 2809 2813 2811
f 2812 2811 2813
f 3805 2808 2816
f 3796 2818 2815
f 3798 3800 2820
f 3793 2823 2819
f 2824 2736 2735
f 2823 2825 2824
f 2825 2823 2826
f 3793 2822 2827
f 3796 2817 2826
f 2713 2716 2829
f 2828 2829 2831
f 2822 2821 2828
f 2821 2820 2713
f 2832 2827 2822
f 2833 2832 2830
f 2834 2835 2832
f 2835 2818 2827
f 2837 2838 2839
f 2836 2839 2841
f 2842 2836 2840
f 2843 2837 2836
f 2840 2841 2845
f 2718 2844 2845
f 2730 2728 2844
f 2727 2840 2844
f 2846 2845 2841
f 2829 2846 2847
f 2847 2841 2839
f 2848 2839 2838
f 2833 2848 2849
f 2831 2847 2848
f 2850 2814 2851
f 2853 2850 2852
f 2783 2777 2782
f 2785 2788 2853
f 2780 2785 2856
f 2857 2858 2855
f 2859 2857 2782
f 2861 2843 2842
f 2860 2842 2727
f 2862 2860 2726
f 2863 2861 2860
f 2861 2863 2858
f 2843 2861 2857
f 2856 2853 2854
f 2781 2856 2864
f 2837 2843 2859
f 2838 2837 2864
f 2852 2851 2834
f 2854 2852 2849
f 2865 2815 2818
f 2851 2865 2835
f 2813 2809 2815
f 2814 2813 2865
f 2866 2812 2814
f 2788 2866 2850
f 2866 2788 2787
f 2812 2866 2867
f 1892 1889 1890
f 2720 2719 2846
f 298 299 256
f 2872 2714 2713
f 3794 3800 2735
f 2729 2730 2874
f 2846 2716 2715
f 2876 2877 2878
f 2733 2875 2878
f 3806 3807 2879
f 3806 2880 2872
f 2882 2883 2884
f 2881 2884 2715
f 2880 2881 2714
f 2879 2882 2881
f 2885 2886 2887
f 2888 2889 2890
f 2885 2890 2892
f 2893 2886 2885
f 1942 2151 2532
f 2895 2892 2720
f 2884 2895 2870
f 2883 2896 2895
f 2896 2891 2892
f 2889 2874 2717
f 2890 2717 2720
f 2897 2893 2891
f 2898 2897 2896
f 2899 2898 2883
f 2900 2899 2882
f 3797 2900 2879
f 2876 2902 2901
f 2901 2902 2904
f 1785 2656 1835
f 2905 2906 2899
f 2907 2908 2897
f 3797 2901 2903
f 632 576 577
f 3532 3547 2867
f 434 385 550
f 2768 2770 3640
f 2910 2911 1623
f 2241 2912 2758
f 3640 2770 2913
f 1623 2911 2757
f 3587 2242 2757
f 2229 1381 1380
f 2765 1630 1629
f 2915 2914 1629
f 3642 3641 2914
f 3641 3622 2765
f 2919 2916 3642
f 2918 2915 2912
f 3614 2918 2241
f 3618 2919 3613
f 3541 2177 2180
f 3521 2002 2188
f 3705 3573 714
f 2925 2766 2917
f 2924 2917 2916
f 3610 2924 2919
f 3611 2925 2924
f 2926 2927 2766
f 3658 2926 2925
f 1715 1713 1705
f 785 497 498
f 1387 651 565
f 374 375 1899
f 3573 2203 2206
f 2929 2930 2886
f 2932 2933 2934
f 1905 1906 1908
f 2930 2935 2936
f 2938 2935 2930
f 1493 369 517
f 1603 1585 1586
f 2939 2938 2929
f 2940 2939 2908
f 3665 1707 1600
f 2886 2930 2937
f 2906 2907 2898
f 2908 2929 2893
f 2942 2934 2933
f 2941 2933 2937
f 3501 2941 2936
f 3498 2942 2941
f 2943 2944 2710
f 2943 2873 2874
f 2945 2943 2889
f 2946 2944 2943
f 2932 2945 2888
f 2931 2946 2945
f 727 1928 1929
f 2903 2904 2947
f 545 594 42
f 1480 1570 533
f 2907 2906 2949
f 2906 2905 2950
f 1558 452 215
f 3799 2903 2948
f 2054 1645 1644
f 3705 3684 2203
f 1828 1837 1849
f 2953 2954 2955
f 2952 2955 2957
f 2956 2261 2258
f 2953 2952 2258
f 2454 2455 2474
f 3747 2958 2959
f 3747 2132 2131
f 2961 2962 2963
f 2958 2963 2964
f 222 221 2485
f 2477 2226 2966
f 2631 2561 2006
f 2384 2454 2496
f 2967 2968 2959
f 2968 2967 2970
f 3759 2033 2971
f 3784 2971 2960
f 2972 2971 2033
f 2007 2377 2973
f 3560 3559 2134
f 1836 1833 1832
f 3506 2188 2090
f 955 810 959
f 672 675 674
f 633 710 713
f 2024 732 733
f 2025 2024 803
f 425 1552 1550
f 2975 2976 888
f 1319 1158 1157
f 1212 1935 2977
f 889 957 2228
f 1978 1974 1975
f 1138 1078 1329
f 751 665 2979
f 1619 1613 1625
f 2252 2255 1728
f 1157 1160 845
f 2706 1936 1938
f 2980 2255 2254
f 2982 2975 887
f 802 712 711
f 678 677 2029
f 527 840 690
f 1839 1207 2629
f 2983 2984 602
f 2983 1914 1913
f 2985 2983 1331
f 2986 2984 2983
f 2987 2637 2635
f 2985 2988 2639
f 2990 1319 1318
f 2991 2992 2993
f 2995 2991 2994
f 1106 1058 2991
f 1058 1057 2992
f 1415 1406 1365
f 1317 922 2217
f 1932 1728 2255
f 926 2998 2999
f 3001 2993 2992
f 3000 2992 1057
f 2999 3000 2978
f 2998 3001 3000
f 3002 2998 2209
f 3002 3003 2996
f 2993 3001 3002
f 1103 1106 2995
f 3004 2995 2996
f 2209 2210 3004
f 588 1103 3004
f 295 296 433
f 2638 2639 2988
f 3005 2988 1056
f 1305 3005 1930
f 1276 2638 3005
f 1987 1968 1993
f 2633 1762 1761
f 1423 1422 1417
f 3561 3517 739
f 2671 2670 2704
f 1473 1872 2035
f 922 1317 2694
f 1401 1400 1378
f 556 2028 1884
f 842 848 3825
f 1854 2706 2617
f 933 1082 1081
f 1440 1441 1436
f 529 657 719
f 1031 1025 1027
f 777 913 912
f 2645 1205 1204
f 441 438 1538
f 790 1287 587
f 2065 2066 1610
f 1860 991 990
f 60 106 87
f 1424 1017 1948
f 332 1527 1507
f 261 262 138
f 187 188 449
f 1719 1720 1726
f 1931 1055 1059
f 3006 1059 1105
f 1287 3006 1104
f 1286 1931 3006
f 3007 3008 3009
f 3009 3008 653
f 618 999 26
f 2029 677 1210
f 957 601 600
f 1049 2146 2228
f 2631 890 3011
f 890 889 2227
f 3011 2227 2145
f 2561 3011 3012
f 1026 656 609
f 2706 1854 1961
f 3013 2965 2485
f 2148 2147 1267
f 3015 1267 1266
f 2997 2264 1101
f 642 641 1773
f 186 477 461
f 1041 1040 1320
f 1121 3016 3017
f 2984 2986 2987
f 3018 2987 2634
f 1048 603 3018
f 603 602 2984
f 2679 2678 801
f 2062 2072 2074
f 2061 2074 2076
f 414 303 1545
f 3016 1121 2683
f 3019 2683 2704
f 3020 3019 2670
f 3007 3016 3019
f 1871 1090 1091
f 3021 1787 1122
f 3022 3021 3017
f 1314 3021 3022
f 1784 1787 3021
f 1316 1315 1763
f 3023 3022 3010
f 3023 3009 795
f 1763 3023 1092
f 1315 3022 3023
f 3016 3007 3010
f 752 751 2978
f 2986 2639 2637
f 3024 654 653
f 3020 3024 3008
f 720 723 3024
f 723 2621 654
f 2681 1098 1268
f 2671 3025 1268
f 2705 2681 3025
f 1313 3026 3027
f 3026 3028 3029
f 3027 3029 3030
f 1311 3027 3031
f 2012 568 731
f 917 2657 974
f 743 1206 856
f 1888 2027 2030
f 2682 2705 2684
f 3032 2684 1124
f 1100 3032 2989
f 1099 2682 3032
f 1123 2990 2989
f 3033 1834 1159
f 2990 3033 1158
f 1123 1786 3033
f 1786 1785 1834
f 1054 1056 2988
f 2979 665 664
f 2623 2622 2663
f 1095 660 688
f 3034 3035 2261
f 3036 3034 2956
f 3037 3038 3034
f 3038 3039 3035
f 3040 3041 3026
f 2263 3042 3041
f 3042 3039 3043
f 3041 3043 3028
f 3044 3045 3043
f 3046 3047 3045
f 3047 3048 3049
f 3043 3045 3049
f 3038 3037 3051
f 3050 3051 3053
f 3052 3046 3044
f 3039 3038 3050
f 3054 3035 3039
f 3042 2263 2262
f 2261 3035 3054
f 2216 2263 2997
f 2212 2211 2667
f 3056 868 2209
f 934 3057 1961
f 2013 3755 3757
f 3058 3059 3060
f 3059 3062 3063
f 3060 3063 2213
f 3061 3060 1963
f 3063 3064 2214
f 3062 3065 3064
f 3065 2257 2260
f 3064 2260 2215
f 3066 3067 3031
f 2608 2966 3067
f 2966 2562 3068
f 3031 3067 3068
f 2455 2458 2461
f 2476 2223 2226
f 3551 2090 2089
f 3526 2774 3769
f 433 354 355
f 2115 1423 1419
f 3509 2868 2922
f 3769 3737 2131
f 3069 2611 2167
f 2971 2972 2928
f 2961 2774 2773
f 3070 2475 2478
f 2610 2609 3071
f 2502 2371 2374
f 3072 2592 2595
f 2964 3046 3052
f 3048 2593 3074
f 2593 2592 3075
f 3075 3030 3029
f 3074 3029 3028
f 3072 3076 3075
f 3076 3072 2482
f 2481 2608 3066
f 3076 3066 3030
f 2967 3052 3053
f 2482 3072 3073
f 479 480 493
f 706 3900 3873
f 3561 2194 2221
f 2013 2010 3754
f 3533 2032 2016
f 3562 3519 2222
f 1171 1154 1155
f 2586 2566 2565
f 2982 110 113
f 2562 2376 3077
f 2376 2375 3012
f 3012 2145 2148
f 3077 2148 3015
f 2963 3047 3046
f 3051 3078 2970
f 1683 2173 491
f 3850 2122 1447
f 1986 2181 3734
f 3079 3080 2546
f 3081 3079 2575
f 1983 1986 3768
f 3082 2323 2319
f 3080 3082 2545
f 3734 3732 3082
f 3732 3748 2323
f 1309 1471 1888
f 3073 2595 2772
f 2760 3083 3084
f 2760 2085 2088
f 3085 3084 3086
f 3089 3085 3090
f 3089 2762 3084
f 3092 3088 3090
f 3093 2748 2744
f 2751 2747 2748
f 3093 2741 2752
f 2742 2741 3093
f 3094 3093 2743
f 3096 3097 3098
f 3099 3096 3087
f 3097 3094 3095
f 3100 2743 2746
f 3101 2927 3102
f 2764 2766 2927
f 2745 2764 3101
f 3102 3092 3091
f 3100 3091 3095
f 2869 2802 3592
f 3102 3103 3104
f 3658 2868 2869
f 2927 2926 3103
f 3098 3095 3091
f 3087 3098 3090
f 2088 2125 3105
f 3083 3105 3086
f 2483 3073 2771
f 2401 2186 2185
f 3099 3086 3105
f 2125 2207 3106
f 3108 2737 2742
f 3107 2742 3094
f 3110 3108 3107
f 3109 3107 3097
f 3111 3109 3096
f 3112 3110 3109
f 3113 2738 2737
f 3115 2723 2722
f 3117 3115 3114
f 3119 3117 3116
f 3118 3116 3120
f 3116 3114 3113
f 3122 3112 3111
f 3122 3123 1755
f 3124 3125 3126
f 3125 3118 3121
f 3128 3119 3118
f 3129 3128 3125
f 2020 2712 3128
f 3853 3857 1346
f 1065 1046 1047
f 1814 3838 3830
f 2021 2020 3129
f 3111 3099 3106
f 3123 3106 2207
f 2377 2225 2224
f 3014 2485 113
f 1756 2208 3782
f 3131 3132 2530
f 3133 3131 2528
f 1753 1756 3767
f 3134 3124 3127
f 2327 2408 2314
f 2436 2318 2317
f 2018 2021 3711
f 2534 3136 3137
f 2320 2322 3136
f 2185 2018 3712
f 3138 3139 2542
f 3134 3135 3744
f 3785 3130 3134
f 3140 3138 2539
f 2535 3137 3140
f 3711 2021 3130
f 2558 2530 3132
f 3782 3760 3141
f 2560 2558 3141
f 3760 3777 3142
f 958 888 2976
f 1933 1932 2980
f 2399 2424 2418
f 2348 2342 2343
f 2322 2320 2319
f 2718 2717 2874
f 2709 2729 2873
f 2894 2871 1361
f 346 289 176
f 1876 1877 1882
f 2802 2803 3607
f 3104 3144 3088
f 2974 2222 3649
f 3089 3145 2761
f 3088 3144 3145
f 2803 2974 3603
f 3870 3909 692
f 2123 1419 1418
f 1365 1363 1368
f 1581 1766 1782
f 3569 2202 2129
f 3555 2003 2002
f 3146 2585 2551
f 3751 3146 3147
f 3742 3149 3146
f 3149 2584 2585
f 3196 3198 3197
f 3604 2192 2191
f 3142 3150 2556
f 3777 3778 3150
f 3646 3152 2550
f 3150 3151 2555
f 3778 3780 3151
f 3788 3781 3152
f 3153 3147 2551
f 3152 3153 2549
f 3781 3776 3153
f 3776 3750 3147
f 3148 2767 2206
f 2183 2401 2321
f 2132 2960 2928
f 3684 3685 2204
f 3719 2198 2197
f 2594 2962 2773
f 2595 2594 2951
f 1870 798 799
f 3713 2179 2178
f 3706 2178 3736
f 336 3154 3774
f 339 3155 3154
f 3789 3683 3149
f 3683 3697 2584
f 2963 2962 3048
f 3722 3730 337
f 339 338 2566
f 3156 3157 2168
f 2610 3156 2167
f 2954 2953 3156
f 3157 3156 2953
f 3707 2166 2169
f 2567 3158 3159
f 337 3158 2567
f 3730 3069 2166
f 3764 2190 1983
f 2579 3160 3081
f 2568 3159 3160
f 3709 2169 2190
f 3065 3062 3162
f 3161 3162 1984
f 3157 3161 2189
f 2257 3065 3161
f 734 735 1922
f 3059 3058 2708
f 3163 2708 2182
f 3162 3163 1985
f 3062 3059 3163
f 3203 3206 3205
f 2122 2119 1448
f 3817 1686 1685
f 139 140 444
f 1570 569 566
f 2957 3164 3165
f 2955 3166 3164
f 1912 454 341
f 3130 3129 3124
f 1548 322 319
f 1949 1950 1327
f 2969 2970 3078
f 3167 3078 3169
f 3724 2014 2017
f 3720 2017 2033
f 3168 3169 3165
f 3170 3165 3164
f 3779 3170 3171
f 3724 3168 3170
f 3171 3164 3166
f 3172 3166 3071
f 3752 3172 3173
f 3756 3171 3172
f 3169 3037 3036
f 2593 3048 2962
f 3173 3071 2609
f 3174 2609 2199
f 3783 3174 2198
f 3749 3173 3174
f 2190 2189 1984
f 2196 2195 2767
f 2119 2120 1414
f 1464 1463 1466
f 2199 2611 3069
f 2457 2456 2587
f 2226 2225 2562
f 481 478 1627
f 333 1512 235
f 3078 3051 3037
f 3040 2264 2997
f 2219 1934 1933
f 2385 2384 2497
f 221 2220 3175
f 2220 1933 3143
f 3175 3143 2976
f 2484 3175 2975
f 2954 3071 3166
f 2630 1858 110
f 1547 319 1952
f 2091 2090 2188
f 3733 3736 2178
f 1918 1919 1927
f 3563 112 111
f 955 956 960
f 2037 3014 112
f 3143 2980 2981
f 2218 2211 2214
f 672 3877 3787
f 2152 3013 3014
f 1147 1144 1143
f 2248 2246 1409
f 1615 1636 1635
f 1410 1409 2246
f 3241 3243 3242
f 1382 3176 3177
f 3177 1410 2247
f 2247 1383 3177
f 3176 2238 2230
f 1410 3177 3179
f 3179 3180 2243
f 1633 3181 2800
f 1621 1620 2758
f 1622 1621 2245
f 2236 1394 3181
f 2237 2236 3182
f 2250 1631 2233
f 2912 1629 1628
f 135 136 1564
f 1567 419 512
f 1085 1084 2653
f 3184 869 868
f 869 3184 3057
f 1266 1268 1098
f 1267 2147 722
f 937 1146 2646
f 2146 1049 722
f 2211 2218 921
f 1957 510 507
f 1313 1312 2264
f 1496 362 1493
f 2887 2937 2933
f 1687 1688 1659
f 145 1499 1498
f 37 38 418
f 1935 1934 3185
f 104 89 301
f 2101 2098 2083
f 543 298 360
f 1934 2219 3186
f 234 1521 212
f 3845 3821 1822
f 1976 1875 1874
f 223 3186 2219
f 3655 3656 3605
f 2165 2164 467
f 467 468 2165
f 773 476 2165
f 1935 1212 1728
f 3240 3225 3226
f 3261 3249 3250
f 3215 3216 3244
f 3265 3221 3215
f 3267 3245 3198
f 3205 3206 3269
f 3214 3211 3265
f 3271 3213 3214
f 3251 3252 3239
f 3222 3221 3266
f 3232 3235 3234
f 3216 3242 3243
f 3196 3193 3268
f 3244 3243 3254
f 3238 3239 3247
f 3264 3244 3255
f 3253 3242 3216
f 3211 3266 3221
f 3257 3217 3218
f 3258 3222 3272
f 3274 3275 3280
f 3228 3229 3262
f 3275 3231 3281
f 3226 3227 3273
f 3236 3263 3260
f 3281 3263 3236
f 3287 3271 3192
f 3235 3226 3280
f 3234 3280 3281
f 3288 3290 3259
f 3260 3250 3276
f 3289 3212 3278
f 3210 3209 3224
f 3199 3202 3201
f 3228 3231 3230
f 3290 3288 3285
f 3282 3279 3271
f 3260 3263 3262
f 3243 3241 3268
f 3267 3268 3241
f 3194 3207 3208
f 3191 3270 3269
f 3270 3191 3192
f 3275 3274 3230
f 3264 3269 3270
f 3252 3251 3276
f 3248 3252 3291
f 3213 3271 3279
f 3272 3266 3289
f 3277 3278 3212
f 3228 3263 3281
f 3220 3225 3253
f 3219 3253 3217
f 3256 3218 3222
f 3247 3239 3252
f 3245 3267 3232
f 3266 3211 3212
f 3208 3205 3255
f 3288 3289 3284
f 3204 3205 3208
f 560 1899 3187
f 3209 3210 3201
f 3189 3192 3191
f 448 1980 807
f 647 648 122
f 1833 1848 1780
f 510 509 508
f 3210 1949 1887
f 1887 15 3200
f 15 16 3197
f 16 3188 3195
f 3195 3188 3187
f 3194 3187 1899
f 3207 1899 375
f 387 173 126
f 3189 1791 1760
f 3577 763 757
f 763 3577 2172
f 3583 3582 3580
f 3581 3580 3579
f 3594 3597 3596
f 3400 3601 3602
f 3626 3624 3625
f 3631 3635 3599
f 3636 3637 3595
f 3647 3584 3588
f 3650 3582 3584
f 3653 3579 3580
f 3653 2176 3654
f 1801 1864 3656
f 3651 3580 3582
f 3644 3638 3595
f 1767 1768 3659
f 1597 3663 3661
f 1708 1707 3665
f 3671 3668 3667
f 3666 3667 3673
f 1588 1708 3664
f 2080 3671 3666
f 2082 3666 3672
f 3674 3677 3635
f 3677 3678 3636
f 3682 3647 3645
f 3692 3651 3650
f 3681 3645 3644
f 786 3694 3692
f 3694 3653 3651
f 785 3692 3686
f 497 3686 3682
f 650 3682 3681
f 3696 564 3681
f 3405 3606 3605
f 3702 3699 3678
f 3699 3698 3679
f 3645 3588 3638
f 1799 3657 3659
f 3708 3704 3458
f 3462 3710 3708
f 3714 463 564
f 3615 3606 3602
f 3710 3714 3696
f 3635 3636 3596
f 3629 3626 3627
f 3597 3600 3599
f 3630 3716 3715
f 3627 3625 3597
f 3717 3716 3723
f 3715 3663 3660
f 3716 3717 3725
f 3668 3665 3661
f 3668 3725 3717
f 3667 3717 3718
f 3727 3728 3673
f 3728 1576 3672
f 3726 3727 3718
f 1576 2101 2084
f 3727 3726 3731
f 3203 376 1387
f 3190 1387 1791
f 3283 2152 1949
f 317 240 259
f 2000 2176 3653
f 3601 3599 3600
f 3589 3588 3584
f 3577 758 756
f 3585 3584 3582
f 3678 3679 3637
f 3204 375 376
f 1801 3655 3657
f 3729 3735 3728
f 1575 3735 3738
f 3735 1575 1576
f 1776 1795 1796
f 1293 1294 1290
f 1326 14 1327
f 1294 1245 1234
f 878 1244 1330
f 497 373 374
f 122 648 413
f 3699 3702 3704
f 3606 3405 3401
f 3708 3710 3698
f 3464 3714 3710
f 3704 3674 3443
f 439 398 399
f 1512 1528 1526
f 1668 1741 1738
f 839 849 1362
f 1362 1357 826
f 3843 740 1896
f 2053 2054 2118
f 3888 3887 2120
f 696 697 3816
f 1826 1878 639
f 3740 3739 3729
f 956 885 886
f 1980 806 1922
f 33 34 105
f 1343 1344 3856
f 3907 2127 2128
f 1766 1581 1582
f 14 1326 2163
f 595 98 99
f 3233 3238 3246
f 1346 1035 1044
f 748 1888 1425
f 3193 3208 3254
f 3190 3191 3206
f 3612 3605 3606
f 3624 3612 3615
f 3631 3415 3443
f 3679 3680 3644
f 3686 3650 3647
f 3702 3677 3674
f 3625 3615 3600
f 3601 3400 3415
f 3739 3738 3735
f 3630 3627 3594
f 3741 3723 3716
f 1284 1290 1288
f 3698 3696 3680
f 1778 1781 1780
f 1792 1759 1584
f 695 570 571
f 3638 3741 3594
f 3741 3638 3588
f 3247 3248 3209
f 3292 3293 3294
f 3296 3297 3298
f 3299 3298 3300
f 3302 3303 3304
f 3306 3307 3308
f 3307 3310 3311
f 3303 3302 3301
f 3312 3305 3304
f 3314 3315 3316
f 3318 3319 3320
f 3324 3318 3321
f 3326 3327 3328
f 3329 3330 3331
f 3333 3334 3335
f 3337 3338 3339
f 3333 3336 3341
f 3342 3341 3343
f 3319 3345 3344
f 3338 3335 3334
f 3346 3301 3302
f 3305 3348 3347
f 3312 3224 3223
f 3350 3337 3340
f 3312 3349 3348
f 3352 3343 3341
f 3311 3353 3354
f 3341 3336 3327
f 3359 3360 3361
f 3360 3359 3250
f 3318 3363 3345
f 3364 3363 3318
f 3314 3364 3324
f 3366 3299 3301
f 3299 3366 3367
f 3308 3354 3368
f 3369 3317 3295
f 3317 3369 3364
f 3370 3295 3317
f 3325 3371 3365
f 3352 3320 3319
f 3296 3367 3353
f 3297 3296 3311
f 3363 3368 3354
f 3345 3354 3353
f 3344 3353 3367
f 3366 3333 3342
f 3347 3339 3334
f 3339 3347 3348
f 3348 3349 3351
f 3363 3364 3369
f 3294 3309 3368
f 3293 3306 3309
f 3331 3373 3374
f 3346 3334 3333
f 3323 3322 3352
f 3356 3355 3321
f 3355 3357 3325
f 3357 3358 3371
f 3322 3356 3320
f 3361 3330 3329
f 3373 3372 3375
f 3374 3375 3376
f 3329 3332 3376
f 3327 3375 3372
f 3336 3335 3375
f 3335 3338 3376
f 3376 3338 3337
f 3337 3350 3359
f 3359 3350 3276
f 3377 3292 3295
f 3277 3316 3315
f 3371 3378 3379
f 3378 3371 3358
f 3365 3379 3315
f 3316 3277 3279
f 3282 3377 3370
f 3313 3283 3224
f 3378 3285 3284
f 3380 3286 3285
f 3379 3284 3278
f 3276 3350 3351
f 3291 3351 3349
f 3313 3304 2965
f 2965 3304 3303
f 222 3303 3300
f 223 3300 3298
f 3298 3297 3185
f 3297 3310 2977
f 3310 3307 1213
f 3307 3306 1214
f 2532 1214 3306
f 2894 2532 3293
f 2871 2894 3292
f 3253 3225 3240
f 3283 3313 3013
f 1997 1996 1889
f 1237 745 744
f 1535 1534 120
f 1531 1532 201
f 1119 1241 1032
f 946 948 824
f 163 8 5
f 3589 3726 3723
f 1155 1156 1162
f 427 213 327
f 553 1902 796
f 3381 2232 2231
f 3381 3178 2230
f 2237 3183 3180
f 3383 3384 3385
f 3384 3386 3387
f 3386 3388 3389
f 3388 3390 3391
f 3392 3393 3394
f 3395 3394 3396
f 3398 3399 3397
f 3400 3401 3399
f 3403 3404 3405
f 3406 3407 3404
f 3408 3409 3407
f 3410 3411 3409
f 3412 3413 3411
f 3415 3400 3398
f 3414 3398 3396
f 3416 3396 3394
f 3417 3394 3393
f 3393 3419 3420
f 3419 3390 3421
f 3390 3388 3422
f 3388 3386 3423
f 3386 3384 3424
f 3384 3383 3425
f 3425 3383 3426
f 2904 3427 3428
f 3429 3427 2904
f 3430 3429 2902
f 2875 3431 3430
f 3432 3433 2733
f 2825 3434 3435
f 3437 3438 3439
f 3441 3437 3436
f 2724 2723 3434
f 3436 3439 3115
f 3440 3436 3117
f 3443 3415 3414
f 3442 3414 3416
f 3444 3416 3417
f 3445 3417 3418
f 3446 3418 3420
f 3420 3421 3448
f 3421 3422 3449
f 3422 3423 3450
f 3423 3424 3451
f 3424 3425 3452
f 3425 3184 3056
f 3451 3452 2253
f 3450 3451 2252
f 3449 3450 1727
f 3448 3449 2150
f 3453 3447 3448
f 3454 3446 3447
f 3455 3445 3446
f 3456 3444 3445
f 3442 3444 3456
f 3443 3442 3457
f 3459 3460 3458
f 3457 3456 3455
f 3459 3455 3454
f 3462 3460 3459
f 3461 3454 3453
f 3464 3462 3461
f 3463 3453 1941
f 3404 3399 3401
f 3407 3397 3399
f 3409 3395 3397
f 3411 3392 3395
f 3465 3466 3413
f 3467 3468 3469
f 3465 3412 3431
f 3470 3467 3466
f 3438 3470 3432
f 3467 3470 3438
f 3468 3467 3437
f 3471 3469 3468
f 3472 3468 3441
f 3473 3441 3440
f 2712 3440 3119
f 3475 3471 3472
f 3474 3472 3473
f 3476 3473 2712
f 3477 3476 2711
f 3478 3474 3476
f 3479 3475 3474
f 3392 3411 3413
f 3466 3469 3480
f 3419 3393 3392
f 3390 3419 3480
f 3469 3471 3391
f 3389 3391 3471
f 3387 3389 3475
f 3385 3387 3479
f 3482 3477 2400
f 3483 3478 3477
f 3481 3479 3478
f 3484 3482 2402
f 3058 3484 2707
f 3061 3485 3484
f 3485 3483 3482
f 3382 3385 3481
f 3486 3481 3483
f 3426 3383 3382
f 3487 3382 3486
f 3486 3485 3061
f 1961 3057 3487
f 3057 3184 3426
f 3428 3403 3402
f 3427 3406 3403
f 3429 3408 3406
f 3430 3410 3408
f 3431 3412 3410
f 3470 3465 3433
f 3434 3439 3438
f 2723 3115 3439
f 2875 2733 3433
f 2736 2824 3435
f 2947 3428 3488
f 3464 3463 1360
f 1900 1925 1924
f 1736 1717 1718
f 1955 1952 1943
f 1671 1738 1735
f 1696 1750 1698
f 1800 1865 1864
f 2063 2055 2056
f 1737 1734 1717
f 1751 1735 1697
f 943 3885 3899
f 3656 3488 3402
f 1577 1578 1764
f 3917 1598 1599
f 1945 146 82
f 68 6 7
f 147 1542 1543
f 1109 1135 1133
f 1503 1910 1907
f 1499 1501 1909
f 452 1922 735
f 1824 2068 3835
f 1825 2067 2068
f 1463 1462 1022
f 841 1012 1009
f 1568 1547 1955
f 1910 1503 1502
f 1939 1502 422
f 309 280 1940
f 1804 1851 1866
f 269 1482 1954
f 2065 1607 2060
f 3812 1685 1758
f 280 276 552
f 1875 1873 1869
f 1739 1721 1734
f 1778 1779 1790
f 310 1920 1915
f 1909 1908 1906
f 1789 1783 1778
f 978 981 980
f 1584 1759 1731
f 425 426 311
f 148 1543 115
f 2044 3897 3894
f 277 1910 1939
f 1943 1946 1945
f 1461 1462 1463
f 2253 3452 3056
f 2981 2254 3489
f 2209 2998 3489
f 2254 2253 3055
f 2998 926 958
f 2826 2817 2721
f 3490 2739 2721
f 2816 3491 3490
f 2334 2297 2296
f 2298 2297 2334
f 2301 2298 2336
f 2311 2301 2338
f 2312 2311 2354
f 2359 2358 2361
f 2335 2296 2359
f 2414 2413 2365
f 2413 2270 2361
f 2355 2352 2540
f 2541 2540 2539
f 2722 2721 2739
f 3114 2722 2738
f 3110 3112 3121
f 3108 3110 3120
f 3122 1754 3127
f 3112 3122 3126
f 3127 1754 1753
f 3139 3133 2529
f 3744 3775 3133
f 3490 2789 2740
f 3491 2790 2789
f 228 229 91
f 245 244 243
f 248 7 247
f 2 297 296
f 145 146 300
f 327 213 210
f 329 332 331
f 239 241 240
f 373 376 375
f 178 177 176
f 1218 1225 1228
f 3862 1231 1295
f 808 809 824
f 3858 3859 1013
f 3813 3810 1411
f 2154 2149 2159
f 3845 3835 1758
f 306 807 1922
f 2157 2153 1976
f 708 709 2031
f 1450 1226 1227
f 1672 1604 1605
f 1813 1814 1821
f 1717 1716 1715
f 176 159 402
f 1710 1705 3916
f 1712 1580 1577
f 1705 1713 1711
f 971 978 979
f 822 823 1094
f 2909 2810 2793
f 2810 2769 2795
f 2799 2910 2249
f 3662 3643 2910
f 2769 2768 2801
f 3177 3176 3178
f 3178 3381 3180
f 3181 1394 1393
f 3181 1633 1632
f 3182 1632 2244
f 3183 2244 2243
f 3492 2791 2790
f 2808 3492 3491
f 2239 3574 3572
f 1149 1150 3571
f 1150 2009 3567
f 2202 3569 3566
f 2921 3564 3565
f 3568 3560 2133
f 1777 1579 1759
f 1201 1196 1183
f 3561 3554 2195
f 3553 3576 2770
f 3927 3925 1687
f 1516 152 154
f 3549 3562 2974
f 3550 3548 2779
f 2771 2772 3575
f 3070 2771 3546
f 3547 3544 2775
f 1376 1375 1370
f 2767 3543 3556
f 2195 3554 3543
f 2775 3544 3542
f 3377 3282 3545
f 3804 3802 3539
f 2776 3542 3538
f 2240 3572 3535
f 2920 3535 3669
f 3548 3534 2786
f 1805 1850 1851
f 3534 3532 2787
f 2951 2773 3540
f 2772 2951 3531
f 2973 2224 3530
f 2224 2223 3537
f 1957 1953 320
f 306 305 304
f 2770 3576 3528
f 2913 3528 3574
f 2923 3565 3527
f 308 1940 431
f 207 208 132
f 1879 1876 1881
f 3733 3787 3525
f 2475 3070 3558
f 2476 2475 3524
f 2223 2476 3523
f 3522 3549 2803
f 2037 3563 11
f 1959 1958 450
f 2003 3555 3520
f 9 10 334
f 2009 2008 3518
f 2008 2973 3536
f 3877 672 673
f 3515 3550 2778
f 2935 3514 3513
f 111 1149 3570
f 3510 3514 2935
f 683 3876 3885
f 3508 3557 2810
f 736 733 732
f 1795 1804 1803
f 3505 3510 2938
f 3507 3505 2939
f 2950 3512 3504
f 2940 2949 3504
f 3801 3791 3512
f 2868 3509 3502
f 2869 3502 3522
f 1024 1034 1023
f 3500 3503 2948
f 551 1939 442
f 2972 3499 3568
f 2032 3533 3499
f 216 93 1924
f 203 202 201
f 1828 1848 1847
f 1958 1957 449
f 272 271 178
f 2871 3545 3495
f 3619 3669 3564
f 2801 2768 3643
f 2005 3758 3654
f 960 886 899
f 3657 3655 3612
f 3780 3788 3646
f 3151 3646 3593
f 2193 3604 3623
f 3607 3603 3145
f 3603 3649 2761
f 3592 3607 3144
f 2926 3658 3634
f 3634 3592 3104
f 3755 3754 3746
f 566 567 3758
f 3488 3656 1864
f 1602 1586 2079
f 2868 3658 3611
f 2922 3611 3610
f 2923 3610 3618
f 3670 3613 2918
f 3619 3670 3614
f 2921 3618 3670
f 2920 3614 3586
f 3613 3642 2915
f 2917 2766 3622
f 2916 2917 3641
f 2239 3587 3652
f 2911 3640 3652
f 3643 3640 2911
f 2797 2801 3662
f 2797 3591 3598
f 3622 3628 2763
f 3608 3628 2764
f 2194 3623 3648
f 2221 3648 3649
f 2756 3608 3609
f 2750 3598 3609
f 3669 3535 1817
f 3763 3770 1691
f 2515 3621 3590
f 2548 3590 3593
f 2513 2489 3632
f 2513 3616 3621
f 2509 3633 3620
f 2510 3632 3633
f 2289 3620 3639
f 2283 3639 3617
f 2240 3586 3587
f 3659 3657 3624
f 716 2121 3887
f 727 1999 3761
f 2165 2171 2170
f 3660 3659 3626
f 3743 3581 3578
f 2175 2172 769
f 2100 500 2095
f 3758 567 3757
f 640 3560 3568
f 1653 3576 3553
f 1895 3536 3530
f 746 3530 3537
f 1653 1810 3528
f 3762 1603 1604
f 2093 2075 2073
f 959 996 995
f 962 899 919
f 1400 1401 1398
f 1000 817 1127
f 956 959 884
f 1662 3548 3550
f 2034 3558 3546
f 3926 1689 3539
f 3535 3572 766
f 3572 3574 765
f 334 3570 3571
f 1868 3531 3540
f 1684 1651 1652
f 1682 1683 775
f 1585 1603 3762
f 3763 3762 1672
f 2173 2174 490
f 1658 3544 3547
f 3556 3543 1650
f 1571 3754 2010
f 1587 3664 3671
f 2099 2095 2077
f 787 3761 1999
f 2000 3694 786
f 3155 339 3697
f 3713 3155 3683
f 2180 2179 3685
f 3496 2180 3684
f 1684 3846 3840
f 1760 464 3495
f 2607 3689 3693
f 2581 3676 3689
f 2371 2502 3700
f 2371 3695 3693
f 2587 3676 3675
f 2586 3675 3697
f 2497 3691 3687
f 2502 2503 3687
f 2494 3691 3690
f 3690 3688 2472
f 3688 3701 2468
f 3701 3703 2469
f 726 3908 3892
f 581 3567 3518
f 10 3511 3570
f 1837 3514 3510
f 741 3537 3523
f 1299 3524 3558
f 1851 3507 3504
f 3527 3565 1820
f 580 3518 3536
f 1758 1685 3522
f 1693 3557 3508
f 3504 3512 1867
f 1894 1826 3568
f 2126 1418 3813
f 3906 2126 3841
f 2113 3911 3867
f 2179 3713 3789
f 624 3903 3904
f 2192 3604 3788
f 2177 3541 3787
f 1364 3824 3833
f 3858 3855 1470
f 3135 1753 3775
f 2069 3812 3835
f 1351 3861 3853
f 2108 3882 3901
f 2089 2092 3736
f 3828 3834 1358
f 2001 3749 3783
f 2187 3783 3719
f 2130 3756 3752
f 2004 3752 3749
f 2014 3724 3779
f 2201 3779 3756
f 3167 3720 3759
f 3168 3724 3720
f 3159 3709 3764
f 3160 3764 3765
f 3730 3707 3158
f 3158 3707 3709
f 2200 3069 3730
f 3685 3789 3742
f 3722 3774 2197
f 3790 3736 2092
f 3774 3790 3721
f 3154 3706 3790
f 3155 3713 3706
f 2091 3719 3721
f 2196 3148 3750
f 2193 2196 3776
f 3604 2193 3781
f 2086 2192 3780
f 2087 2086 3778
f 2204 3742 3751
f 2205 3751 3750
f 3909 3886 574
f 2124 2087 3777
f 2208 2124 3760
f 3711 3785 3140
f 3785 3745 3138
f 3745 3744 3139
f 3771 3712 3136
f 3712 3711 3137
f 3775 3767 3131
f 3767 3782 3132
f 1813 3839 3838
f 1293 3854 3856
f 2184 2321 3748
f 2181 2184 3732
f 3765 3768 3079
f 3768 3734 3080
f 709 3873 3875
f 2774 2961 3737
f 3786 3769 2134
f 3809 3808 766
f 2968 3784 3766
f 2969 3759 3784
f 2958 3747 3737
f 2132 3747 3766
f 2321 2185 3771
f 3860 3848 1449
f 3905 3874 582
f 3886 3889 577
f 3847 3826 1818
f 705 3902 3887
f 3816 3912 3907
f 2111 3883 3911
f 3810 3829 1366
f 1812 3839 3822
f 675 3851 3852
f 3496 3705 3851
f 2110 3867 3868
f 2104 3896 3901
f 2109 3868 3899
f 3842 3831 703
f 1680 3811 3846
f 1639 1627 3819
f 623 3904 3906
f 2139 2140 3866
f 1808 1640 3844
f 3820 3821 1819
f 3872 3914 3900
f 1646 3832 3830
f 3889 3890 633
f 2139 3865 3875
f 2156 2155 3871
f 674 3852 3913
f 2117 3817 3812
f 1815 3822 3847
f 3855 3849 1444
f 697 3906 3912
f 866 842 3836
f 3864 3869 2136
f 3585 3731 3726
f 3583 3740 3731
f 3753 3746 3738
f 3740 3583 3581
f 1088 3738 3746
f 3739 3740 3743
f 2791 3492 3493
f 3492 2808 2807
f 2792 3493 3494
f 3493 2807 2806
f 3508 2909 3494
f 3516 3494 2806
f 2948 3503 3791
f 2105 3908 3896
f 3538 3802 3804
f 680 3878 3876
f 1891 1890 3910
f 2905 3799 3801
f 2900 3797 3799
f 2901 3797 3807
f 2734 2878 3806
f 2877 3807 3806
f 2820 3800 3794
f 2818 3796 3792
f 2823 3793 3792
f 2822 3793 3798
f 2819 2735 3800
f 2817 3796 3795
f 2809 3805 3795
f 2808 3805 3803
f 2805 3804 3803
f 1702 3921 3923
f 3922 3920 1797
f 3915 3916 1706
f 3918 3927 1692
f 1657 3898 3880
f 1890 1877 3895
f 3772 3770 1674
f 1689 1690 3772
f 3926 3802 3538
f 3516 3539 1689
f 3917 3923 1703
f 1598 3917 3928
f 3880 3884 1876
f 1691 1690 3925
f 3925 3926 1688
f 3934 3933 3937
f 3934 3938 3939
f 3932 3936 3937
f 3938 3942 3943
f 3937 3936 3940
f 3937 3941 3942
f 3942 3946 3947
f 3941 3940 3944
f 3942 3941 3945
f 3947 3946 3950
f 3944 3948 3949
f 3945 3949 3950
f 3950 3954 3955
f 3949 3948 3952
f 3950 3949 3953
f 3955 3954 3958
f 3953 3952 3956
f 3953 3957 3958
f 3959 3958 3962
f 3957 3956 3960
f 3958 3957 3961
f 3962 3966 3967
f 3960 3964 3965
f 3961 3965 3966
f 3966 3970 3971
f 3965 3964 3968
f 3966 3965 3969
f 3970 3974 3975
f 3968 3972 3973
f 3969 3973 3974
f 3974 3978 3979
f 3973 3972 3976
f 3974 3973 3977
f 3979 3978 3982
f 3976 3980 3981
f 3977 3981 3982
f 3982 3986 3987
f 3981 3980 3984
f 3982 3981 3985
f 3987 3986 3990
f 3984 3988 3989
f 3985 3989 3990
f 3991 3990 3994
f 3989 3988 3992
f 3990 3989 3993
f 3995 3994 3998
f 3992 3996 3997
f 3993 3997 3998
f 3998 4002 4003
f 3997 3996 4000
f 3998 3997 4001
f 4002 4006 4007
f 4000 4004 4005
f 4001 4005 4006
f 4006 4010 4011
f 4005 4004 4008
f 4006 4005 4009
f 4011 4010 4014
f 4008 4012 4013
f 4009 4013 4014
f 4014 4018 4019
f 4013 4012 4016
f 4014 4013 4017
f 4019 4018 4022
f 4016 4020 4021
f 4017 4021 4022
f 4023 4022 4026
f 4021 4020 4024
f 4022 4021 4025
f 4027 4026 4030
f 4024 4028 4029
f 4025 4029 4030
f 4031 4030 4034
f 4029 4028 4032
f 4030 4029 4033
f 4034 4038 4039
f 4032 4036 4037
f 4033 4037 4038
f 4038 4042 4043
f 4037 4036 4040
f 4038 4037 4041
f 4043 4042 4046
f 4040 4044 4045
f 4041 4045 4046
f 4046 4050 4051
f 4045 4044 4048
f 4046 4045 4049
f 4051 4050 4055
f 4048 4053 4054
f 4049 4054 4055
f 4056 4055 4059
f 4053 4057 4058
f 4055 4054 4058
f 4060 4059 3934
f 4058 4057 3932
f 4058 3933 3934
f 4069 4068 4081
f 4066 4079 4080
f 4065 4064 4077
f 4063 4062 4075
f 4071 4084 4085
f 4069 4082 4083
f 4067 4080 4081
f 4066 4065 4078
f 4063 4076 4077
f 4061 4074 4075
f 4072 4085 4086
f 4071 4070 4083
f 4076 4089 4090
f 4074 4087 4088
f 4086 4085 4098
f 4083 4096 4097
f 4082 4081 4094
f 4079 4092 4093
f 4078 4077 4090
f 4076 4075 4088
f 4085 4084 4097
f 4082 4095 4096
f 4080 4093 4094
f 4079 4078 4091
f 4089 4102 4103
f 4088 4087 4100
f 4098 4111 4112
f 4096 4109 4110
f 4095 4094 4107
f 4092 4105 4106
f 4090 4103 4104
f 4089 4088 4101
f 4097 4110 4111
f 4095 4108 4109
f 4094 4093 4106
f 4092 4091 4104
f 4103 4102 4115
f 4100 4113 4114
f 4112 4111 4124
f 4110 4109 4122
f 4107 4120 4121
f 4105 4118 4119
f 4103 4116 4117
f 4101 4114 4115
f 4110 4123 4124
f 4109 4108 4121
f 4107 4106 4119
f 4105 4104 4117
f 4115 4128 4129
f 4114 4113 4126
f 4124 4137 4138
f 4123 4122 4135
f 4120 4133 4134
f 4119 4118 4131
f 4117 4116 4129
f 4114 4127 4128
f 4124 4123 4136
f 4122 4121 4134
f 4119 4132 4133
f 4117 4130 4131
f 4129 4128 4141
f 4126 4139 4140
f 4138 4137 4150
f 4136 4135 4148
f 4133 4146 4147
f 4131 4144 4145
f 4130 4129 4142
f 4127 4140 4141
f 4137 4136 4149
f 4135 4134 4147
f 4132 4145 4146
f 4131 4130 4143
f 4142 4141 4154
f 4140 4139 4152
f 4150 4163 4164
f 4149 4148 4161
f 4146 4159 4160
f 4144 4157 4158
f 4142 4155 4156
f 4140 4153 4154
f 4149 4162 4163
f 4148 4147 4160
f 4146 4145 4158
f 4144 4143 4156
f 4155 4154 4167
f 4153 4152 4165
f 4163 4176 4177
f 4161 4174 4175
f 4159 4172 4173
f 4158 4157 4170
f 4155 4168 4169
f 4153 4166 4167
f 4163 4162 4175
f 4161 4160 4173
f 4159 4158 4171
f 4156 4169 4170
f 4167 4180 4181
f 4165 4178 4179
f 4176 4189 4190
f 4175 4174 4187
f 4173 4172 4185
f 4170 4183 4184
f 4169 4168 4181
f 4167 4166 4179
f 4175 4188 4189
f 4173 4186 4187
f 4171 4184 4185
f 4170 4169 4182
f 4180 4193 4194
f 4178 4191 4192
f 4190 4189 4202
f 4187 4200 4201
f 4186 4185 4198
f 4183 4196 4197
f 4182 4181 4194
f 4180 4179 4192
f 4189 4188 4201
f 4186 4199 4200
f 4184 4197 4198
f 4183 4182 4195
f 4193 4206 4207
f 4192 4191 4204
f 4202 4215 4216
f 4200 4213 4214
f 4199 4198 4211
f 4196 4209 4210
f 4194 4207 4208
f 4193 4192 4205
f 4201 4214 4215
f 4199 4212 4213
f 4198 4197 4210
f 4196 4195 4208
f 4207 4206 4219
f 4204 4217 4218
f 4216 4215 4228
f 4213 4226 4227
f 4211 4224 4225
f 4209 4222 4223
f 4207 4220 4221
f 4205 4218 4219
f 4214 4227 4228
f 4213 4212 4225
f 4211 4210 4223
f 4209 4208 4221
f 4219 4232 4233
f 4218 4217 4230
f 4228 4241 4242
f 4226 4239 4240
f 4225 4224 4237
f 4223 4222 4235
f 4221 4220 4233
f 4218 4231 4232
f 4228 4227 4240
f 4226 4225 4238
f 4223 4236 4237
f 4221 4234 4235
f 4233 4232 4245
f 4230 4243 4244
f 4242 4241 4254
f 4240 4239 4252
f 4237 4250 4251
f 4235 4248 4249
f 4234 4233 4246
f 4231 4244 4245
f 4241 4240 4253
f 4239 4238 4251
f 4236 4249 4250
f 4235 4234 4247
f 4246 4245 4258
f 4244 4243 4256
f 4254 4267 4268
f 4253 4252 4265
f 4250 4263 4264
f 4248 4261 4262
f 4246 4259 4260
f 4244 4257 4258
f 4253 4266 4267
f 4252 4251 4264
f 4250 4249 4262
f 4248 4247 4260
f 4259 4258 4271
f 4257 4256 4269
f 4267 4280 4281
f 4265 4278 4279
f 4263 4276 4277
f 4262 4261 4274
f 4259 4272 4273
f 4257 4270 4271
f 4266 4279 4280
f 4265 4264 4277
f 4263 4262 4275
f 4260 4273 4274
f 4271 4284 4285
f 4269 4282 4283
f 4281 4280 4293
f 4279 4278 4291
f 4277 4276 4289
f 4274 4287 4288
f 4273 4272 4285
f 4271 4270 4283
f 4280 4279 4292
f 4277 4290 4291
f 4275 4288 4289
f 4274 4273 4286
f 4284 4297 4298
f 4282 4295 4296
f 4294 4293 4306
f 4291 4304 4305
f 4290 4289 4302
f 4287 4300 4301
f 4286 4285 4298
f 4284 4283 4296
f 4293 4292 4305
f 4290 4303 4304
f 4288 4301 4302
f 4287 4286 4299
f 4297 4310 4311
f 4296 4295 4308
f 4306 4319 4320
f 4304 4317 4318
f 4303 4302 4315
f 4300 4313 4314
f 4298 4311 4312
f 4297 4296 4309
f 4305 4318 4319
f 4304 4303 4316
f 4302 4301 4314
f 4300 4299 4312
f 4310 4323 4324
f 4308 4321 4322
f 4320 4319 4332
f 4318 4317 4330
f 4316 4315 4328
f 4313 4326 4327
f 4311 4324 4325
f 4310 4309 4322
f 4318 4331 4332
f 4316 4329 4330
f 4315 4314 4327
f 4312 4325 4326
f 4323 4336 4337
f 4322 4321 4334
f 4332 4345 4346
f 4330 4343 4344
f 4329 4328 4341
f 4327 4326 4339
f 4325 4324 4337
f 4322 4335 4336
f 4332 4331 4344
f 4330 4329 4342
f 4327 4340 4341
f 4325 4338 4339
f 4337 4336 4350
f 4334 4348 4349
f 4346 4345 4359
f 4344 4343 4357
f 4341 4355 4356
f 4340 4339 4353
f 4338 4337 4351
f 4335 4349 4350
f 4345 4344 4358
f 4343 4342 4356
f 4340 4354 4355
f 4338 4352 4353
f 4351 4350 4363
f 4349 4348 4361
f 4359 4372 4373
f 4358 4357 4370
f 4355 4368 4369
f 4354 4353 4366
f 4351 4364 4365
f 4349 4362 4363
f 4358 4371 4372
f 4357 4356 4369
f 4355 4354 4367
f 4352 4365 4366
f 4364 4363 4376
f 4362 4361 4374
f 4373 4372 4385
f 4370 4383 4384
f 4368 4381 4382
f 4367 4366 4379
f 4364 4377 4378
f 4362 4375 4376
f 4372 4371 4384
f 4370 4369 4382
f 4368 4367 4380
f 4365 4378 4379
f 4376 4389 4390
f 4374 4387 4388
f 4385 4398 4399
f 4384 4383 4396
f 4382 4381 4394
f 4379 4392 4393
f 4378 4377 4390
f 4376 4375 4388
f 4384 4397 4398
f 4382 4395 4396
f 4380 4393 4394
f 4379 4378 4391
f 4389 4402 4403
f 4387 4400 4401
f 4399 4398 4411
f 4396 4409 4410
f 4395 4394 4407
f 4393 4392 4405
f 4391 4390 4403
f 4389 4388 4401
f 4398 4397 4410
f 4395 4408 4409
f 4393 4406 4407
f 4391 4404 4405
f 4402 4415 4416
f 4401 4400 4413
f 4411 4424 4425
f 4409 4422 4423
f 4408 4407 4420
f 4406 4405 4418
f 4403 4416 4417
f 4402 4401 4414
f 4410 4423 4424
f 4408 4421 4422
f 4407 4406 4419
f 4404 4417 4418
f 4416 4415 4428
f 4413 4426 4427
f 4425 4424 4437
f 4423 4422 4435
f 4421 4420 4433
f 4418 4431 4432
f 4416 4429 4430
f 4415 4414 4427
f 4423 4436 4437
f 4421 4434 4435
f 4420 4419 4432
f 4418 4417 4430
f 4428 4441 4442
f 4426 4439 4440
f 4437 4450 4451
f 4435 4448 4449
f 4434 4433 4446
f 4432 4431 4444
f 4430 4429 4442
f 4427 4440 4441
f 4437 4436 4449
f 4435 4434 4447
f 4432 4445 4446
f 4430 4443 4444
f 4442 4441 4454
f 4439 4452 4453
f 4451 4450 4463
f 4449 4448 4461
f 4446 4459 4460
f 4444 4457 4458
f 4443 4442 4455
f 4440 4453 4454
f 4450 4449 4462
f 4447 4460 4461
f 4445 4458 4459
f 4444 4443 4456
f 4455 4454 4467
f 4453 4452 4465
f 4463 4476 4477
f 4462 4461 4474
f 4459 4472 4473
f 4457 4470 4471
f 4455 4468 4469
f 4453 4466 4467
f 4462 4475 4476
f 4461 4460 4473
f 4459 4458 4471
f 4457 4456 4469
f 4468 4467 4063
f 4466 4465 4061
f 4477 4476 4072
f 4474 4070 4071
f 4472 4068 4069
f 4471 4470 4066
f 4468 4064 4065
f 4466 4062 4063
f 4476 4475 4071
f 4474 4473 4069
f 4472 4471 4067
f 4469 4065 4066
f 3935 4061 4465
f 4465 4452 4056
f 4452 4439 4051
f 4439 4426 4047
f 4047 4426 4413
f 4043 4413 4400
f 4039 4400 4387
f 4387 4374 4031
f 4031 4374 4361
f 4361 4348 4023
f 4348 4334 4019
f 4334 4321 4015
f 4015 4321 4308
f 4011 4308 4295
f 4007 4295 4282
f 4282 4269 3999
f 3999 4269 4256
f 4256 4243 3991
f 4243 4230 3987
f 4230 4217 3983
f 3983 4217 4204
f 3979 4204 4191
f 3975 4191 4178
f 4178 4165 3967
f 3967 4165 4152
f 4152 4139 3959
f 4139 4126 3955
f 4126 4113 3951
f 3951 4113 4100
f 3947 4100 4087
f 3943 4087 4074
f 4074 4061 3935
f 4480 4479 4483
f 4480 4484 4485
f 4479 4478 4482
f 4484 4488 4489
f 4482 4486 4487
f 4483 4487 4488
f 4488 4492 4493
f 4487 4486 4490
f 4488 4487 4491
f 4493 4492 4496
f 4490 4494 4495
f 4491 4495 4496
f 4496 4500 4501
f 4495 4494 4498
f 4496 4495 4499
f 4501 4500 4504
f 4498 4502 4503
f 4499 4503 4504
f 4505 4504 4508
f 4503 4502 4506
f 4504 4503 4507
f 4509 4508 4512
f 4506 4510 4511
f 4507 4511 4512
f 4513 4512 4516
f 4511 4510 4514
f 4512 4511 4515
f 4516 4520 4521
f 4514 4518 4519
f 4515 4519 4520
f 4520 4524 4525
f 4518 4522 4523
f 4520 4519 4523
f 4525 4524 4528
f 4522 4526 4527
f 4523 4527 4528
f 4528 4532 4533
f 4527 4526 4530
f 4528 4527 4531
f 4533 4532 4536
f 4530 4534 4535
f 4531 4535 4536
f 4537 4536 4540
f 4534 4538 4539
f 4536 4535 4539
f 4541 4540 4544
f 4539 4538 4542
f 4539 4543 4544
f 4544 4548 4549
f 4542 4546 4547
f 4544 4543 4547
f 4548 4552 4553
f 4547 4546 4550
f 4547 4551 4552
f 4552 4556 4557
f 4551 4550 4554
f 4552 4551 4555
f 4557 4556 4560
f 4554 4558 4559
f 4555 4559 4560
f 4560 4564 4565
f 4559 4558 4562
f 4560 4559 4563
f 4565 4564 4568
f 4562 4566 4567
f 4563 4567 4568
f 4569 4568 4572
f 4567 4566 4570
f 4568 4567 4571
f 4572 4576 4577
f 4570 4574 4575
f 4571 4575 4576
f 4576 4580 4581
f 4575 4574 4578
f 4576 4575 4579
f 4580 4584 4585
f 4578 4582 4583
f 4579 4583 4584
f 4584 4588 4589
f 4583 4582 4586
f 4584 4583 4587
f 4589 4588 4592
f 4586 4590 4591
f 4587 4591 4592
f 4592 4596 4597
f 4591 4590 4594
f 4592 4591 4595
f 4597 4596 4601
f 4594 4599 4600
f 4595 4600 4601
f 4602 4601 4605
f 4600 4599 4603
f 4601 4600 4604
f 4606 4605 4480
f 4603 4478 4479
f 4604 4479 4480
f 4615 4614 4627
f 4612 4625 4626
f 4611 4610 4623
f 4609 4608 4621
f 4618 4617 4630
f 4615 4628 4629
f 4613 4626 4627
f 4612 4611 4624
f 4609 4622 4623
f 4607 4620 4621
f 4619 4618 4631
f 4617 4616 4629
f 4622 4635 4636
f 4620 4633 4634
f 4632 4631 4644
f 4629 4642 4643
f 4628 4627 4640
f 4626 4625 4638
f 4624 4623 4636
f 4622 4621 4634
f 4631 4630 4643
f 4628 4641 4642
f 4626 4639 4640
f 4624 4637 4638
f 4635 4648 4649
f 4634 4633 4646
f 4644 4657 4658
f 4642 4655 4656
f 4641 4640 4653
f 4639 4638 4651
f 4636 4649 4650
f 4635 4634 4647
f 4643 4656 4657
f 4642 4641 4654
f 4640 4639 4652
f 4637 4650 4651
f 4648 4661 4662
f 4646 4659 4660
f 4658 4657 4670
f 4656 4655 4668
f 4653 4666 4667
f 4651 4664 4665
f 4649 4662 4663
f 4648 4647 4660
f 4656 4669 4670
f 4654 4667 4668
f 4653 4652 4665
f 4651 4650 4663
f 4661 4674 4675
f 4660 4659 4672
f 4670 4683 4684
f 4668 4681 4682
f 4667 4666 4679
f 4665 4664 4677
f 4663 4662 4675
f 4661 4660 4673
f 4670 4669 4682
f 4667 4680 4681
f 4665 4678 4679
f 4663 4676 4677
f 4675 4674 4687
f 4672 4685 4686
f 4684 4683 4696
f 4682 4681 4694
f 4679 4692 4693
f 4678 4677 4690
f 4676 4675 4688
f 4673 4686 4687
f 4683 4682 4695
f 4681 4680 4693
f 4678 4691 4692
f 4676 4689 4690
f 4688 4687 4700
f 4686 4685 4698
f 4696 4709 4710
f 4695 4694 4707
f 4692 4705 4706
f 4691 4690 4703
f 4688 4701 4702
f 4686 4699 4700
f 4695 4708 4709
f 4694 4693 4706
f 4692 4691 4704
f 4689 4702 4703
f 4701 4700 4713
f 4699 4698 4711
f 4710 4709 4722
f 4707 4720 4721
f 4705 4718 4719
f 4704 4703 4716
f 4701 4714 4715
f 4699 4712 4713
f 4709 4708 4721
f 4707 4706 4719
f 4705 4704 4717
f 4702 4715 4716
f 4713 4726 4727
f 4711 4724 4725
f 4723 4722 4735
f 4721 4720 4733
f 4719 4718 4731
f 4716 4729 4730
f 4715 4714 4727
f 4713 4712 4725
f 4721 4734 4735
f 4719 4732 4733
f 4717 4730 4731
f 4716 4715 4728
f 4726 4739 4740
f 4724 4737 4738
f 4736 4735 4748
f 4733 4746 4747
f 4732 4731 4744
f 4730 4729 4742
f 4728 4727 4740
f 4726 4725 4738
f 4735 4734 4747
f 4732 4745 4746
f 4730 4743 4744
f 4728 4741 4742
f 4739 4752 4753
f 4738 4737 4750
f 4748 4761 4762
f 4746 4759 4760
f 4745 4744 4757
f 4743 4742 4755
f 4740 4753 4754
f 4739 4738 4751
f 4747 4760 4761
f 4745 4758 4759
f 4744 4743 4756
f 4741 4754 4755
f 4753 4752 4765
f 4750 4763 4764
f 4762 4761 4774
f 4759 4772 4773
f 4758 4757 4770
f 4755 4768 4769
f 4753 4766 4767
f 4752 4751 4764
f 4760 4773 4774
f 4758 4771 4772
f 4757 4756 4769
f 4755 4754 4767
f 4765 4778 4779
f 4764 4763 4776
f 4774 4787 4788
f 4772 4785 4786
f 4771 4770 4783
f 4769 4768 4781
f 4767 4766 4779
f 4765 4764 4777
f 4774 4773 4786
f 4771 4784 4785
f 4769 4782 4783
f 4767 4780 4781
f 4779 4778 4791
f 4776 4789 4790
f 4788 4787 4800
f 4786 4785 4798
f 4783 4796 4797
f 4782 4781 4794
f 4780 4779 4792
f 4777 4790 4791
f 4787 4786 4799
f 4785 4784 4797
f 4782 4795 4796
f 4780 4793 4794
f 4792 4791 4804
f 4790 4789 4802
f 4800 4813 4814
f 4799 4798 4811
f 4796 4809 4810
f 4795 4794 4807
f 4792 4805 4806
f 4790 4803 4804
f 4799 4812 4813
f 4798 4797 4810
f 4796 4795 4808
f 4793 4806 4807
f 4805 4804 4817
f 4803 4802 4815
f 4814 4813 4826
f 4811 4824 4825
f 4809 4822 4823
f 4808 4807 4820
f 4805 4818 4819
f 4803 4816 4817
f 4813 4812 4825
f 4811 4810 4823
f 4809 4808 4821
f 4806 4819 4820
f 4817 4830 4831
f 4815 4828 4829
f 4826 4839 4840
f 4825 4824 4837
f 4823 4822 4835
f 4820 4833 4834
f 4819 4818 4831
f 4817 4816 4829
f 4825 4838 4839
f 4823 4836 4837
f 4821 4834 4835
f 4820 4819 4832
f 4830 4843 4844
f 4828 4841 4842
f 4840 4839 4852
f 4837 4850 4851
f 4836 4835 4848
f 4834 4833 4846
f 4832 4831 4844
f 4830 4829 4842
f 4839 4838 4851
f 4836 4849 4850
f 4834 4847 4848
f 4832 4845 4846
f 4843 4856 4857
f 4842 4841 4854
f 4852 4865 4866
f 4850 4863 4864
f 4849 4848 4861
f 4847 4846 4859
f 4844 4857 4858
f 4843 4842 4855
f 4851 4864 4865
f 4849 4862 4863
f 4848 4847 4860
f 4845 4858 4859
f 4857 4856 4869
f 4855 4854 4867
f 4866 4865 4878
f 4864 4863 4876
f 4862 4861 4874
f 4859 4872 4873
f 4857 4870 4871
f 4856 4855 4868
f 4864 4877 4878
f 4862 4875 4876
f 4861 4860 4873
f 4859 4858 4871
f 4869 4882 4883
f 4868 4867 4880
f 4878 4891 4892
f 4877 4876 4889
f 4874 4887 4888
f 4873 4872 4885
f 4871 4870 4883
f 4868 4881 4882
f 4878 4877 4890
f 4876 4875 4888
f 4873 4886 4887
f 4871 4884 4885
f 4883 4882 4896
f 4880 4894 4895
f 4892 4891 4905
f 4890 4889 4903
f 4887 4901 4902
f 4885 4899 4900
f 4884 4883 4897
f 4881 4895 4896
f 4891 4890 4904
f 4889 4888 4902
f 4886 4900 4901
f 4885 4884 4898
f 4897 4896 4909
f 4895 4894 4907
f 4905 4918 4919
f 4904 4903 4916
f 4901 4914 4915
f 4899 4912 4913
f 4897 4910 4911
f 4895 4908 4909
f 4904 4917 4918
f 4903 4902 4915
f 4901 4900 4913
f 4899 4898 4911
f 4910 4909 4922
f 4908 4907 4920
f 4919 4918 4931
f 4916 4929 4930
f 4914 4927 4928
f 4913 4912 4925
f 4910 4923 4924
f 4908 4921 4922
f 4918 4917 4930
f 4916 4915 4928
f 4914 4913 4926
f 4911 4924 4925
f 4922 4935 4936
f 4920 4933 4934
f 4931 4944 4945
f 4930 4929 4942
f 4928 4927 4940
f 4925 4938 4939
f 4924 4923 4936
f 4922 4921 4934
f 4930 4943 4944
f 4928 4941 4942
f 4926 4939 4940
f 4925 4924 4937
f 4935 4948 4949
f 4933 4946 4947
f 4945 4944 4957
f 4942 4955 4956
f 4941 4940 4953
f 4938 4951 4952
f 4937 4936 4949
f 4935 4934 4947
f 4944 4943 4956
f 4941 4954 4955
f 4939 4952 4953
f 4938 4937 4950
f 4948 4961 4962
f 4947 4946 4959
f 4957 4970 4971
f 4955 4968 4969
f 4954 4953 4966
f 4951 4964 4965
f 4949 4962 4963
f 4948 4947 4960
f 4956 4969 4970
f 4954 4967 4968
f 4953 4952 4965
f 4951 4950 4963
f 4962 4961 4974
f 4959 4972 4973
f 4971 4970 4983
f 4968 4981 4982
f 4966 4979 4980
f 4964 4977 4978
f 4962 4975 4976
f 4960 4973 4974
f 4969 4982 4983
f 4967 4980 4981
f 4966 4965 4978
f 4964 4963 4976
f 4975 4974 4987
f 4973 4972 4985
f 4983 4996 4997
f 4981 4994 4995
f 4979 4992 4993
f 4978 4977 4990
f 4976 4975 4988
f 4973 4986 4987
f 4983 4982 4995
f 4981 4980 4993
f 4978 4991 4992
f 4976 4989 4990
f 4988 4987 5000
f 4985 4998 4999
f 4997 4996 5009
f 4995 4994 5007
f 4992 5005 5006
f 4991 4990 5003
f 4989 4988 5001
f 4986 4999 5000
f 4996 4995 5008
f 4994 4993 5006
f 4991 5004 5005
f 4989 5002 5003
f 5001 5000 5013
f 4999 4998 5011
f 5009 5022 5023
f 5008 5007 5020
f 5005 5018 5019
f 5004 5003 5016
f 5001 5014 5015
f 4999 5012 5013
f 5008 5021 5022
f 5007 5006 5019
f 5005 5004 5017
f 5002 5015 5016
f 5014 5013 4609
f 5012 5011 4607
f 5022 4618 4619
f 5020 4616 4617
f 5018 4614 4615
f 5017 5016 4612
f 5014 4610 4611
f 5012 4608 4609
f 5021 4617 4618
f 5020 5019 4615
f 5018 5017 4613
f 5015 4611 4612
f 4481 4607 5011
f 5011 4998 4602
f 4998 4985 4597
f 4985 4972 4593
f 4593 4972 4959
f 4589 4959 4946
f 4585 4946 4933
f 4933 4920 4577
f 4577 4920 4907
f 4907 4894 4569
f 4894 4880 4565
f 4880 4867 4561
f 4561 4867 4854
f 4557 4854 4841
f 4553 4841 4828
f 4828 4815 4545
f 4545 4815 4802
f 4802 4789 4537
f 4789 4776 4533
f 4776 4763 4529
f 4529 4763 4750
f 4525 4750 4737
f 4521 4737 4724
f 4724 4711 4513
f 4513 4711 4698
f 4698 4685 4505
f 4685 4672 4501
f 4672 4659 4497
f 4497 4659 4646
f 4493 4646 4633
f 4489 4633 4620
f 4620 4607 4481

