# https://github.com/mikedh/trimesh
v 0.06710562 -0.01136398 -0.05628607
v 0.07067637 -0.01239525 -0.05472707
v 0.07103043 -0.01079530 -0.05431052
v 0.06727348 -0.01026327 -0.05599655
v 0.07718974 -0.01081293 -0.06409978
v 0.07797160 -0.00707956 -0.06008069
v 0.07748595 -0.00468934 -0.05923127
v 0.07616454 -0.00458729 -0.06248837
v 0.02768009 -0.04896108 -0.11966994
v 0.01190893 -0.04884313 -0.12412946
v 0.01223344 -0.06015662 -0.12158354
v 0.02712298 -0.06307924 -0.11589548
v 0.04953437 -0.08753772 -0.09575111
v 0.04342667 -0.07936831 -0.10184116
v 0.04105866 -0.09162037 -0.10548281
v 0.05117192 -0.09550979 -0.09491033
v 0.04089154 0.04727917 0.04207130
v 0.04856823 0.04597635 0.03616022
v 0.04812462 0.03988164 0.04002259
v -0.06856848 -0.01051087 -0.05637809
v -0.07211162 -0.01147762 -0.05473052
v -0.07256390 -0.01002079 -0.05436130
v -0.06912170 -0.00960211 -0.05608705
v -0.07975539 -0.01033765 -0.06517534
v -0.08111205 -0.00669203 -0.06085438
v -0.07988390 -0.00424081 -0.06016074
v -0.07891798 -0.00416082 -0.06358586
v 0.04045559 0.04040530 0.04461612
v 0.09485409 0.01225348 -0.07190137
v 0.09502263 0.00964185 -0.07315052
v 0.09583569 0.00774250 -0.07150706
v 0.09575514 0.00988577 -0.06997386
v 0.09235705 -0.00553514 -0.07158027
v 0.09230582 0.00162996 -0.07284367
v 0.09336321 0.00418663 -0.07346141
v 0.09373036 0.00188312 -0.07274479
v 0.09262138 -0.01613603 -0.06807797
v 0.09140059 -0.01547906 -0.06798428
v 0.09258529 -0.01084012 -0.07003198
v 0.09385239 -0.01117581 -0.07060590
v 0.07919372 -0.03747824 -0.04205668
v 0.08187144 -0.03428322 -0.04492872
v 0.08183191 -0.03730471 -0.04643308
v 0.07719827 -0.03915754 -0.04467684
v 0.07381644 -0.03719589 -0.04643869
v 0.07820116 -0.03770677 -0.05098132
v 0.07755028 -0.03412176 -0.05266591
v 0.07400385 -0.03410394 -0.04930859
v 0.09010220 0.02171624 -0.05872103
v 0.09085289 0.01784501 -0.05814049
v 0.08968440 0.01681190 -0.05609970
v 0.08867812 0.02062763 -0.05642812
v 0.07641884 -0.01121363 -0.07037494
v 0.07480153 -0.01762735 -0.06853066
v 0.08086097 -0.01283707 -0.07070913
v 0.08135647 -0.01013543 -0.07093370
v 0.08981847 0.01186441 -0.06509110
v 0.09015507 0.01249102 -0.06815488
v 0.09079894 0.01028266 -0.06947418
v 0.08986337 0.00907419 -0.06721396
v 0.09205563 0.01366882 -0.07258219
v 0.09223726 0.01077391 -0.07395703
v 0.07660243 -0.02748621 -0.04272561
v 0.07531203 -0.02384117 -0.04231432
v 0.07575559 -0.02229699 -0.04372642
v 0.07617783 -0.02350155 -0.04522591
v 0.07644932 -0.01078854 -0.06127695
v 0.07840437 -0.00616780 -0.05866765
v 0.08945358 -0.02719251 -0.06269918
v 0.08928027 -0.02505015 -0.06161866
v 0.09142137 -0.02091398 -0.06510574
v 0.09125572 -0.02231354 -0.06647039
v 0.08576868 -0.02290819 -0.06004705
v 0.08825757 -0.01981079 -0.06338095
v 0.08911016 -0.01910314 -0.06535193
v 0.08822908 -0.02138652 -0.06319935
v 0.09145252 0.01418382 -0.06622580
v 0.09006624 0.01641411 -0.06115910
v 0.09156855 0.01542711 -0.05990148
v 0.09329640 0.01319625 -0.06413078
v 0.08278697 0.00215984 -0.06966601
v 0.08090386 0.00744533 -0.06753575
v 0.07993858 0.00659373 -0.06764498
v 0.08150291 0.00190233 -0.06972893
v 0.09223814 0.01135769 -0.07086087
v 0.09262911 0.00910589 -0.07215396
v 0.09133776 0.00782547 -0.07093873
v 0.08080185 0.00892113 -0.05371195
v 0.08248853 0.01052084 -0.05597869
v 0.08262201 0.00877051 -0.05690515
v 0.08221003 0.00752627 -0.05618120
v 0.08130508 -0.03811459 -0.05043371
v 0.07362228 -0.02653049 -0.06134257
v 0.07537394 -0.02603895 -0.06277519
v 0.07793942 -0.02171128 -0.06566907
v 0.07642680 -0.02064022 -0.06640945
v 0.07402246 -0.03517441 -0.04059747
v 0.07757766 -0.03525923 -0.04031753
v 0.07835480 -0.03642748 -0.04123426
v 0.07494822 -0.03767977 -0.04174711
v 0.08350037 0.01364067 -0.05606431
v 0.08557505 0.01289087 -0.05797675
v 0.08380109 0.01200954 -0.05738812
v 0.08251344 0.01246128 -0.05589501
v 0.09137391 -0.00010638 -0.07116738
v 0.09026293 0.00636476 -0.06891000
v 0.09081171 -0.00938225 -0.06587219
v 0.09107696 -0.00898404 -0.06892607
v 0.09082077 -0.01314759 -0.06711052
v -0.03057601 -0.04877533 -0.11953587
v -0.01497293 -0.04877056 -0.12407344
v -0.01514876 -0.06006695 -0.12152266
v -0.02974166 -0.06292665 -0.11575731
v 0.09002784 -0.01339490 -0.06431527
v 0.09043089 -0.00123993 -0.06586515
v 0.09098631 -0.00113320 -0.06923849
v 0.09409440 0.00700750 -0.07037095
v 0.09450711 0.00108919 -0.07154766
v 0.09335513 0.00781486 -0.07117512
v 0.07910646 0.01015170 -0.06496271
v 0.07958103 0.01334165 -0.06894208
v 0.07845411 0.00692409 -0.07146110
v 0.07929337 0.00760751 -0.06684066
v 0.07634313 -0.01817916 -0.04444478
v 0.07723047 -0.01583920 -0.04617904
v 0.07585932 -0.01813555 -0.04796068
v 0.07499757 -0.02092862 -0.04704583
v 0.07869957 -0.02385159 -0.06422126
v 0.07605168 -0.02716850 -0.06194982
v 0.07668471 -0.02795229 -0.06125920
v 0.07936871 -0.02578436 -0.06289329
v 0.08769158 0.01365943 -0.05992499
v 0.08792943 0.00934998 -0.06118574
v 0.08634745 0.00932979 -0.05997549
v 0.08123843 -0.02220048 -0.05262915
v 0.08136705 -0.02093558 -0.05494405
v 0.08315231 -0.02365693 -0.05589687
v 0.08315945 -0.02573269 -0.05369632
v 0.08548215 -0.03396459 -0.05659116
v 0.08256251 -0.03403919 -0.05745556
v 0.08038581 -0.03617364 -0.05395325
v 0.08355276 -0.03624894 -0.05341624
v 0.07588284 -0.02203782 -0.04617886
v 0.07570852 -0.02079007 -0.04416076
v 0.08480676 0.00258221 -0.07130150
v 0.08334218 0.00873088 -0.06859189
v 0.08934093 0.00772338 -0.06515600
v 0.08993632 0.00527121 -0.06669539
v 0.07749939 -0.00499299 -0.05083096
v 0.07583950 -0.00474061 -0.05290417
v 0.07631348 -0.00568388 -0.05272521
v 0.07840630 -0.00648289 -0.05046181
v 0.07742569 -0.00526203 -0.04917117
v 0.07809041 -0.00695619 -0.04896912
v 0.07737950 -0.00693452 -0.04802639
v 0.07694674 -0.00604668 -0.04787165
v 0.07509243 -0.00462829 -0.05335752
v 0.07555819 -0.00491761 -0.05312978
v 0.07561911 -0.00434010 -0.05313119
v 0.08002183 -0.00219120 -0.06353205
v 0.08071437 -0.00975504 -0.06460259
v 0.07900201 -0.01074891 -0.06562750
v 0.07904919 -0.00448191 -0.06390664
v 0.09149969 -0.00792986 -0.07041907
v 0.08608498 0.01724759 -0.05261210
v 0.08510512 0.02035443 -0.05216802
v 0.08781210 0.02266050 -0.05615015
v 0.07533740 -0.01955453 -0.05814060
v 0.07880740 -0.01915827 -0.05532566
v 0.07845949 -0.01930636 -0.05367602
v 0.07575310 -0.01954140 -0.05630202
v 0.07638758 -0.01410940 -0.05159826
v 0.07430670 -0.01728375 -0.05130103
v 0.07773335 -0.01556517 -0.04901207
v 0.07727992 0.00095031 -0.04888731
v 0.07680649 -0.00319559 -0.05188669
v 0.07689855 -0.00411731 -0.05044472
v 0.07679009 -0.00367613 -0.04901877
v 0.09215649 -0.01673273 -0.06929214
v 0.09311013 -0.01131795 -0.07195631
v 0.09147596 -0.01137814 -0.07314542
v 0.09059903 -0.01713606 -0.07051353
v 0.07517715 -0.03090963 -0.03984592
v 0.07029676 -0.03314792 -0.04362401
v 0.07346630 -0.02771716 -0.04067431
v 0.09348898 0.01873957 -0.06676506
v 0.09168485 0.02032603 -0.06695635
v 0.09194872 0.01837557 -0.06908558
v 0.09414431 0.01687370 -0.06883971
v 0.07713122 0.00147499 -0.05695314
v 0.07676740 -0.00061208 -0.05703200
v 0.07754031 0.00065933 -0.05564146
v 0.07720530 0.00292661 -0.05538019
v 0.05363797 -0.03445049 -0.10144397
v 0.06274797 -0.03443775 -0.08214444
v 0.06656312 -0.02049100 -0.09033572
v 0.05878430 -0.02058443 -0.10628321
v 0.08655544 -0.03082437 -0.05567283
v 0.08580644 -0.03293250 -0.05289760
v 0.07977714 0.00892428 -0.04681475
v 0.07890169 0.01088308 -0.04570135
v 0.07924296 0.01686600 -0.04751905
v 0.08064675 0.01335624 -0.04771413
v 0.09294059 0.00304378 -0.07581421
v 0.09528344 0.00244547 -0.07468344
v 0.08316790 0.01341557 -0.05444330
v 0.08548293 0.01642005 -0.05742048
v 0.08371692 0.01437007 -0.05626529
v 0.08243146 0.01289120 -0.05458918
v 0.08254458 0.00522968 -0.05171044
v 0.08340658 0.00650193 -0.05140800
v 0.08154851 0.00744864 -0.05183828
v 0.08041102 0.00609432 -0.05226887
v 0.07756922 0.01642109 -0.04469946
v 0.07847062 0.02198154 -0.04795044
v 0.07135493 -0.02660964 -0.06131271
v 0.08189098 0.00748406 -0.04880752
v 0.08281028 0.01027775 -0.04896998
v 0.08416823 0.00840798 -0.05124474
v -0.05249748 -0.08743482 -0.09562422
v -0.04655569 -0.07929864 -0.10153228
v -0.04417658 -0.09165901 -0.10534994
v -0.05401759 -0.09549838 -0.09469104
v 0.07439373 -0.02287226 -0.04043382
v 0.07528741 -0.02121362 -0.04248622
v 0.08199555 0.01261023 -0.05443367
v 0.08131793 0.01132714 -0.05437069
v 0.07994006 0.00725955 -0.05266843
v 0.08086037 0.00627167 -0.05535863
v 0.08530106 -0.00076351 -0.06165071
v 0.08696301 -0.00898348 -0.06267364
v 0.07038587 -0.02007178 -0.07589880
v 0.06740442 -0.03305059 -0.06190284
v 0.08039653 0.00788218 -0.05216091
v 0.08056294 0.00834544 -0.05216531
v 0.07982168 0.00768787 -0.05191150
v 0.07937191 0.00678220 -0.05265927
v 0.08447272 -0.03478168 -0.05016842
v 0.08498409 0.00574378 -0.05984256
v 0.08215517 0.00333602 -0.05771530
v 0.08370280 0.00577763 -0.05778721
v 0.09425739 -0.00665551 -0.07087161
v 0.09557205 0.00084822 -0.07130215
v 0.09665317 0.00101089 -0.07287502
v 0.09527626 -0.00680243 -0.07218337
v 0.07194491 -0.03587407 -0.04506728
v 0.07632326 -0.00137368 -0.05840857
v 0.07782748 -0.00273830 -0.05784097
v 0.07933445 0.00481637 -0.05595733
v 0.07859140 0.00579500 -0.05281981
v 0.07524467 -0.01795153 -0.04220578
v 0.09119363 0.01497855 -0.06796898
v 0.09180941 0.01339037 -0.06936201
v 0.09019064 0.01399857 -0.06686320
v 0.08989378 0.01509438 -0.06531893
v 0.08893692 0.01779675 -0.06349100
v 0.08834691 0.01799671 -0.06307980
v 0.09060237 0.01656766 -0.06631973
v 0.08167205 0.00516380 -0.05646325
v 0.08283915 0.00646815 -0.05703770
v 0.08113190 -0.02337196 -0.05083506
v 0.08268031 -0.02907786 -0.05038631
v 0.08985380 -0.01684924 -0.06467431
v 0.08839047 -0.01624528 -0.06198630
v 0.08856484 -0.00582679 -0.07415784
v 0.08825450 0.00297833 -0.07421562
v 0.08653121 0.00275577 -0.07248347
v 0.08731958 -0.00569574 -0.07292360
v 0.08121523 -0.00430023 -0.07083336
v 0.07781333 -0.00356745 -0.07105031
v 0.07655249 -0.00510929 -0.04728675
v 0.07582549 -0.00093870 -0.04504080
v 0.07784980 0.00363525 -0.05507454
v 0.07807248 0.00559681 -0.05341634
v 0.08257909 -0.02125313 -0.06668573
v 0.07904767 -0.02858282 -0.05911138
v 0.08292720 -0.02344331 -0.06473836
v 0.07487874 -0.02900458 -0.05722425
v 0.07470579 -0.02978603 -0.05463311
v 0.07731444 -0.03000645 -0.05612130
v 0.08540486 -0.02098521 -0.05920961
v 0.08774737 -0.01955814 -0.06162187
v 0.07576340 -0.00501759 -0.05402904
v 0.07448146 -0.00666262 -0.05598546
v 0.07391284 -0.00529381 -0.05381114
v 0.08847184 -0.00097825 -0.06394756
v 0.08968094 -0.00909693 -0.06395282
v 0.08320264 0.00879806 -0.05202554
v 0.07959240 -0.00072604 -0.05256947
v 0.08038126 0.00277671 -0.05034105
v 0.08633140 0.01181800 -0.05223465
v 0.08516634 0.01032798 -0.05256281
v 0.08433552 0.00944678 -0.05227356
v 0.08508820 0.01006465 -0.05136678
v 0.06983670 -0.01463973 -0.05581666
v 0.07222338 -0.01634993 -0.05362426
v 0.07376280 -0.01317499 -0.05295910
v 0.08812302 0.01731240 -0.06064603
v 0.08867736 0.01561442 -0.06173097
v 0.08520828 0.00933524 -0.06987122
v 0.08319859 0.01073169 -0.05684025
v 0.08324794 0.00916408 -0.05793725
v 0.08172632 0.02290426 -0.06252047
v 0.08217056 0.02045414 -0.05909335
v 0.08186559 0.02096149 -0.05779089
v 0.08139654 0.02604996 -0.05772332
v 0.07424231 -0.03248181 -0.05080994
v 0.07691391 -0.03219291 -0.05354043
v 0.07649861 -0.03099052 -0.05428256
v 0.07463592 -0.03098597 -0.05245593
v 0.07783805 -0.01940782 -0.05313572
v 0.07573857 -0.01966301 -0.05524562
v 0.09029508 -0.01534679 -0.06776799
v 0.08982790 -0.01626991 -0.06662548
v 0.09089437 -0.01212717 -0.06893892
v 0.09105826 -0.01070455 -0.07002138
v 0.07817620 0.00263222 -0.06024219
v 0.07765444 0.00098078 -0.05896565
v 0.08042125 0.01508278 -0.06113342
v 0.08323509 0.01694536 -0.06234737
v 0.08340634 0.01947829 -0.05892230
v 0.08101135 0.01789759 -0.05895337
v 0.08711818 0.01007775 -0.07163838
v 0.08322219 0.00750932 -0.05774486
v 0.08372516 0.00765457 -0.05844041
v 0.08297974 0.00800806 -0.05728972
v 0.07945959 0.00517350 -0.05280239
v 0.08168702 0.00396362 -0.05281197
v 0.08642321 0.01204093 -0.05351403
v 0.08903588 0.01536439 -0.05619665
v 0.08823676 0.01609929 -0.05763425
v 0.08579690 0.01296296 -0.05375693
v 0.08121838 0.01017432 -0.05261604
v 0.01340385 -0.03654039 -0.13012777
v 0.01525559 -0.02598753 -0.13691199
v -0.04103300 0.04682413 0.04139561
v -0.04873718 0.04596976 0.03513751
v -0.04801014 0.03950787 0.03925976
v -0.04027666 0.04007224 0.04419618
v 0.08402892 0.02016228 -0.05172657
v 0.08411197 0.02166138 -0.05517107
v 0.08526979 0.02235864 -0.05574973
v 0.08471368 0.02081264 -0.05227235
v 0.08973673 0.01396129 -0.06494540
v 0.09252424 0.01040649 -0.07019724
v 0.07904477 -0.00457655 -0.05667081
v 0.07608322 -0.00744247 -0.05753609
v 0.06700453 -0.00869621 -0.05631961
v 0.06725638 -0.00745551 -0.05607680
v 0.06789833 -0.00777485 -0.05709546
v 0.06785465 -0.00870221 -0.05755533
v 0.07157458 -0.01439021 -0.05859580
v 0.07408689 -0.01506208 -0.05739556
v 0.07321268 -0.01650863 -0.05575766
v 0.07123399 -0.01570824 -0.05782344
v 0.06669759 -0.01140104 -0.05694771
v 0.06685109 -0.00993208 -0.05657891
v 0.06758767 -0.01043720 -0.05799380
v 0.06765454 -0.01211512 -0.05879292
v 0.08720420 0.01780426 -0.05901117
v 0.08892666 0.01747580 -0.06103327
v 0.09475884 0.00879469 -0.06879026
v 0.09504194 0.00675890 -0.07016341
v 0.09196102 0.01435472 -0.06721530
v 0.09233297 0.01248510 -0.06864903
v 0.07713751 -0.01300853 -0.04616678
v 0.07807925 -0.01283999 -0.04802417
v 0.07796516 -0.01453101 -0.04791946
v 0.09554304 0.01139590 -0.06845423
v 0.09453770 0.01450753 -0.07029898
v 0.07773715 -0.03084412 -0.04140449
v 0.07677931 -0.03251376 -0.04012123
v 0.04898455 -0.10513267 -0.02449401
v 0.06020262 -0.09992594 -0.03782791
v 0.05976381 -0.11026856 -0.03654607
v 0.04880539 -0.11573426 -0.02392956
v 0.08482120 0.01550976 -0.05129919
v 0.08315379 0.01864255 -0.05118701
v 0.06704412 -0.01354569 -0.05741562
v 0.06713736 -0.01372484 -0.05746505
v 0.06975104 -0.01554084 -0.05709109
v 0.07137789 -0.00931664 -0.05430285
v 0.06778856 -0.00897213 -0.05570819
v 0.07170294 -0.01258368 -0.05840301
v 0.07117184 -0.00705006 -0.05670588
v 0.07110116 -0.00605545 -0.05537378
v 0.07313573 -0.01905435 -0.05209404
v 0.07440691 -0.01993492 -0.05376768
v 0.07590652 -0.02046590 -0.05042835
v 0.06815077 -0.01414377 -0.05899093
v 0.07931450 0.00406919 -0.05812181
v 0.07434991 -0.01206101 -0.05797100
v 0.07614966 -0.01440196 -0.05972515
v 0.07577139 -0.01622704 -0.05861725
v 0.07404897 -0.01397899 -0.05784579
v 0.08421824 -0.02398675 -0.05727744
v 0.08384337 -0.02221516 -0.05747512
v 0.07588827 -0.01879797 -0.06021390
v 0.07886631 -0.01920377 -0.05829526
v 0.07945475 -0.00189218 -0.05666378
v 0.08068712 0.00122366 -0.05405619
v 0.07650565 -0.00491554 -0.05468844
v 0.07432687 -0.00968965 -0.05712892
v 0.07604355 -0.01198087 -0.05941347
v 0.07139949 -0.00817354 -0.05452260
v 0.07458206 -0.00761441 -0.05294322
v 0.07426622 -0.00657032 -0.05329924
v 0.07129414 -0.00717907 -0.05485061
v 0.08505590 0.00927197 -0.05918512
v 0.08165477 0.01671735 -0.04927332
v 0.08376829 0.01303264 -0.04990426
v 0.08228102 0.02723198 -0.07326002
v 0.08026423 0.01824620 -0.07888509
v 0.08125798 0.01903606 -0.06667099
v 0.07223640 -0.01081521 -0.05803031
v 0.06733532 -0.00705687 -0.05619476
v 0.06819889 -0.00765296 -0.05610206
v 0.09029830 -0.01968854 -0.06510694
v 0.07654022 -0.02132349 -0.04971939
v 0.07834872 0.00318722 -0.05361233
v 0.08810524 -0.01086566 -0.07272838
v 0.08736570 -0.01655446 -0.07056028
v 0.07805613 0.00467005 -0.05352681
v 0.07825334 0.00578379 -0.05349811
v 0.07516453 -0.01994497 -0.05478216
v 0.07735407 -0.02000159 -0.05190015
v 0.07863975 0.00604851 -0.05308917
v 0.07846047 -0.01347021 -0.04948655
v 0.08926726 0.00915656 -0.06386530
v 0.08075621 -0.03154159 -0.05833817
v 0.07900631 -0.03293725 -0.05520242
v 0.06816991 -0.00793430 -0.05557963
v 0.07181869 -0.01638006 -0.05521905
v 0.07149819 -0.00882795 -0.05705412
v 0.07694756 -0.00966174 -0.05180441
v 0.07686263 -0.01196190 -0.05148097
v 0.07826497 -0.01104191 -0.04936893
v 0.07995950 -0.01840856 -0.05973119
v 0.07619354 -0.01669658 -0.06224707
v 0.07749604 -0.01576780 -0.06419130
v 0.08198140 -0.01700342 -0.06065411
v 0.08625358 -0.02179017 -0.06805354
v 0.08456280 -0.02641165 -0.06473874
v 0.08717989 -0.02801212 -0.06422275
v 0.08950860 -0.02299678 -0.06770182
v 0.08245054 0.04425784 -0.08128440
v 0.08263639 0.03356514 -0.06590634
v 0.08281230 0.05115261 -0.06936678
v 0.08659991 0.01807924 -0.06697387
v 0.08646207 0.01570129 -0.06854917
v 0.09187302 0.01621726 -0.07087990
v 0.08081383 0.02447758 -0.05269700
v 0.08175160 0.02135276 -0.05639682
v 0.08383682 0.02109952 -0.05500686
v 0.09214036 -0.00635984 -0.07484078
v 0.07856822 0.00494365 -0.04733339
v 0.08085836 0.00497069 -0.04925108
v 0.08153079 -0.01991831 -0.06766094
v 0.08343725 -0.01898303 -0.05802745
v 0.08598667 -0.01797272 -0.05968834
v 0.09217670 0.01784513 -0.06038453
v 0.09024706 0.01573295 -0.05805484
v 0.01146047 -0.11842345 0.01122810
v 0.01100513 -0.12568693 0.00749845
v 0.00929825 -0.00895070 0.06259771
v 0.01038662 -0.00917899 0.06134643
v 0.00865517 -0.00763487 0.06020960
v 0.00828452 -0.00761084 0.06080120
v 0.00994408 -0.01768466 0.06207355
v 0.00916223 -0.01632045 0.06128573
v 0.01055813 -0.01654542 0.06012142
v 0.01182293 -0.01744139 0.06129609
v 0.00750291 -0.00748072 0.06020555
v 0.00649988 -0.00909173 0.06293163
v 0.00751426 -0.00900069 0.06360963
v 0.00781749 -0.00760882 0.06053941
v 0.09228233 0.02101374 -0.06107381
v 0.01468055 -0.01706698 0.06191659
v 0.01311276 -0.01527462 0.06116284
v 0.01363348 -0.01471089 0.06293849
v 0.01642640 -0.01579915 0.06376298
v 0.00560264 -0.01496787 0.06983420
v 0.00698455 -0.01310385 0.06977107
v 0.00579574 -0.01417771 0.06772407
v 0.00554573 -0.01579629 0.06722633
v 0.00941478 -0.01295356 0.06902736
v 0.01165352 -0.01269766 0.07101806
v 0.01385301 -0.01291007 0.06926505
v 0.01131473 -0.01356588 0.06749147
v 0.00638459 -0.01296475 0.06327742
v 0.00724492 -0.01484672 0.06443685
v 0.00555278 -0.01211605 0.06636334
v 0.01289798 -0.01265637 0.06137657
v 0.01257402 -0.01360308 0.06012734
v 0.01046890 -0.01006575 0.06006826
v 0.01075072 -0.00983627 0.05998999
v 0.05212473 -0.08801153 -0.02521276
v 0.06128033 -0.08549690 -0.04002608
v 0.03766934 0.00601541 0.03776360
v 0.03711391 0.00286741 0.03911721
v 0.03308295 0.00448766 0.04028292
v 0.03376141 0.00721063 0.03900943
v 0.07832544 -0.00880577 -0.04857393
v 0.07740111 -0.00798878 -0.04754148
v 0.08628867 0.01304432 -0.07007387
v 0.09036364 0.01569297 -0.06666397
v 0.08692390 0.01969728 -0.06504238
v 0.08633647 0.02153800 -0.06042260
v 0.08466046 0.02049179 -0.05959776
v 0.08478609 0.01839394 -0.06362279
v 0.09415818 0.01512264 -0.06519847
v 0.07777405 -0.02274754 -0.04915641
v 0.08665244 0.00498050 -0.06197021
v 0.08582167 0.02219231 -0.05793268
v 0.08896537 0.02312088 -0.05853035
v 0.09274549 -0.00636205 -0.07073180
v 0.09486743 0.01372356 -0.06699140
v 0.09371619 0.01210424 -0.06585144
v 0.08736283 0.01399196 -0.05305780
v 0.08049551 -0.01298953 -0.06500344
v 0.08595451 -0.01249948 -0.06196950
v 0.08419248 -0.01523644 -0.06122755
v -0.09588615 0.01295299 -0.07306814
v -0.09608957 0.01044586 -0.07440878
v -0.09688779 0.00854928 -0.07240066
v -0.09674549 0.01058821 -0.07088987
v -0.09325171 -0.00506489 -0.07241860
v -0.09322093 0.00198169 -0.07389369
v -0.09394201 0.00464656 -0.07449810
v -0.09469817 0.00238016 -0.07363003
v 0.07941518 -0.01481471 -0.06472522
v 0.07698708 -0.00011751 -0.05886199
v 0.07522944 -0.01718585 -0.03988731
v 0.08434149 -0.02853401 -0.05401428
v -0.09311768 -0.01521679 -0.06902485
v -0.09209182 -0.01473148 -0.06873315
v -0.09334388 -0.01011735 -0.07065204
v -0.09465518 -0.01039426 -0.07134886
v 0.08521527 -0.02729241 -0.05662248
v 0.03030897 -0.03583426 -0.12419432
v 0.03414402 -0.02447637 -0.13014832
v 0.09413527 -0.00659988 -0.07378349
v 0.08757886 0.01842234 -0.06024567
v 0.07978749 -0.02316955 -0.05009602
v 0.08044033 -0.02865205 -0.04725288
v 0.07870881 -0.02791895 -0.04582120
v 0.08343517 0.00817970 -0.05842897
v 0.08077891 -0.01866995 -0.06792763
v 0.08064998 -0.01643917 -0.06948224
v 0.06803204 -0.00714779 -0.05680830
v 0.08352543 -0.02483482 -0.06454885
v 0.08004606 -0.02992502 -0.05862167
v 0.06440021 -0.08265097 -0.05513983
v 0.06114606 -0.07950106 -0.07243631
v -0.08082882 -0.03566838 -0.04194663
v -0.08341435 -0.03272932 -0.04488609
v -0.08350427 -0.03549352 -0.04629518
v -0.07863476 -0.03697184 -0.04461177
v 0.06198422 -0.09143914 -0.06945755
v 0.06446873 -0.09541068 -0.05307358
v 0.07511406 -0.00275097 -0.04131148
v 0.07582200 -0.01013099 -0.04397640
v 0.07558581 -0.01134230 -0.04199452
v 0.02663620 -0.10823748 0.00215847
v 0.02314361 -0.12112590 -0.00028226
v 0.07506883 -0.01645951 -0.03617213
v 0.07436615 -0.01690975 -0.02398904
v 0.07534796 -0.00030544 -0.02434267
v 0.07502830 -0.00609243 -0.03544334
v 0.06337135 0.03031829 0.01521185
v 0.06428134 0.03126824 0.01027114
v 0.06510359 0.02192616 0.00954316
v 0.06338202 0.02298646 0.01379178
v 0.01931212 0.08879334 0.03072794
v 0.00942044 0.08992529 0.03310819
v 0.00915730 0.09663899 0.02809850
v 0.01937668 0.09550026 0.02567476
v 0.03615541 -0.01558529 -0.13340884
v 0.03799483 -0.00440141 -0.13707235
v 0.01752435 -0.00751835 -0.14462510
v 0.01635010 -0.01784616 -0.14044261
v 0.01939196 0.11416707 0.00438178
v 0.00892100 0.11558806 0.00686766
v 0.00905294 0.12120461 -0.00277635
v -0.07518258 -0.03549274 -0.04612595
v -0.07925516 -0.03572005 -0.05078452
v -0.07854038 -0.03249941 -0.05252383
v -0.07531487 -0.03258754 -0.04904039
v 0.01973883 0.11954528 -0.00493660
v 0.05644267 0.00250916 0.02712894
v 0.05871631 -0.00388534 0.02743482
v 0.05475415 -0.00434904 0.03128920
v 0.05318094 0.00222143 0.03039410
v 0.08098375 -0.03321240 -0.04366587
v 0.07961647 -0.03211681 -0.04270229
v -0.09106296 0.02203573 -0.05981737
v -0.09180688 0.01817346 -0.05925803
v -0.09070481 0.01696581 -0.05728183
v -0.08968807 0.02080667 -0.05747597
v -0.07834778 -0.01038516 -0.07012922
v -0.07661708 -0.01667316 -0.06831777
v -0.08266866 -0.01197492 -0.07079046
v -0.08319563 -0.00930452 -0.07106291
v 0.00926779 0.12610027 -0.01415555
v 0.02024498 0.12426113 -0.01593623
v 0.01610511 0.01519350 0.04757290
v -0.09001863 0.01191212 -0.06690586
v -0.09085777 0.01251825 -0.06968069
v -0.09134068 0.01050954 -0.07077775
v -0.09036088 0.00921176 -0.06863761
v -0.09297429 0.01438371 -0.07384284
v -0.09308456 0.01156252 -0.07534716
v -0.07844427 -0.02619057 -0.04232827
v -0.07678989 -0.02259144 -0.04190088
v -0.07734324 -0.02099848 -0.04340744
v -0.07819495 -0.02217919 -0.04479086
v -0.07912973 -0.01041195 -0.06200961
v -0.08053903 -0.00571892 -0.05946373
v -0.08982074 -0.02539838 -0.06327519
v -0.09024936 -0.02364906 -0.06205179
v -0.09198605 -0.01958044 -0.06564809
v -0.09169575 -0.02089310 -0.06730264
v 0.01646460 0.01708501 0.04436790
v 0.02018111 0.01341322 0.04290581
v 0.01983329 0.01134698 0.04547394
v 0.00812508 0.06097136 0.04664591
v 0.00871805 0.06888872 0.04208883
v 0.01757981 0.06885491 0.04075519
v 0.01680693 0.06104513 0.04586385
v 0.02446499 0.01058548 0.04128169
v 0.02384371 0.00860822 0.04333862
v 0.00900227 0.10348473 0.02170685
v 0.01938291 0.10228512 0.01913562
v 0.01995986 0.13162722 -0.06546724
v -0.08735581 -0.02226361 -0.06038107
v -0.08962364 -0.01922310 -0.06392878
v -0.09010603 -0.01846199 -0.06600438
v -0.08954807 -0.02078363 -0.06376297
v 0.02037788 0.13159291 -0.05707340
v 0.00906407 0.13434896 -0.05744515
v -0.09169009 0.01467919 -0.06776021
v -0.09024642 0.01690893 -0.06277993
v -0.09231856 0.01591483 -0.06128547
v -0.09406398 0.01376139 -0.06548587
v 0.01015700 0.13371807 -0.06993864
v 0.07164443 -0.00130391 -0.09691299
v 0.07529398 -0.00319823 -0.08127926
v 0.07804107 0.00926772 -0.08217285
v 0.07565694 0.01585148 -0.09862109
v 0.03747683 -0.10099012 -0.01014476
v 0.03499140 -0.11359518 -0.01212502
v -0.08412792 0.00287186 -0.07045207
v -0.08245006 0.00788212 -0.06819441
v -0.08196265 0.00699433 -0.06802770
v -0.08359711 0.00250413 -0.07007743
v -0.09280131 0.01166375 -0.07211878
v -0.09320626 0.00943902 -0.07327446
v -0.09179831 0.00814229 -0.07215048
v -0.08177322 0.00862098 -0.05554410
v -0.08352304 0.01005865 -0.05793216
v -0.08286637 0.00860937 -0.05891468
v -0.08322810 0.00722898 -0.05803585
v -0.08242689 -0.03594019 -0.05047748
v -0.07533149 -0.02537218 -0.06111763
v -0.07684441 -0.02484541 -0.06287294
v -0.07971721 -0.02060040 -0.06587054
v -0.07815824 -0.01947432 -0.06631340
v 0.05401108 0.05235264 0.02314186
v 0.05588102 0.05816728 0.01852469
v 0.05936832 0.05097764 0.01452933
v 0.05784392 0.04631123 0.01981501
v 0.00679169 0.04809210 0.05223390
v 0.01485556 0.04790887 0.05231280
v 0.01313612 0.04136209 0.05275190
v 0.00624738 0.04173598 0.05261937
v -0.07548659 -0.03372731 -0.04014290
v -0.07914650 -0.03362148 -0.03997142
v -0.07984504 -0.03472805 -0.04115696
v -0.07642080 -0.03583571 -0.04158189
v 0.06312224 0.01529511 0.01360797
v 0.06559554 0.01270344 0.01068495
v 0.06477740 0.00420765 0.01564720
v 0.06150695 0.00774094 0.01773727
v 0.05880142 0.00370492 0.02380145
v -0.08430646 0.01338862 -0.05799562
v -0.08593678 0.01276238 -0.06002023
v -0.08427767 0.01188352 -0.05940317
v -0.08341523 0.01222230 -0.05780378
v 0.06154040 -0.00238624 0.02364400
v -0.09232005 0.00023115 -0.07224470
v -0.09090167 0.00664684 -0.07013390
v 0.01877448 0.07888088 0.03673978
v 0.00923483 0.07957458 0.03850811
v 0.06227189 0.04156779 0.01160250
v 0.06114554 0.03865981 0.01700681
v 0.01278911 0.01831295 0.04995671
v 0.01381006 0.01995510 0.04619550
v 0.01042627 0.02351956 0.04851391
v -0.09212851 -0.00900964 -0.06651635
v -0.09198052 -0.00859708 -0.06970997
v -0.09208471 -0.01271054 -0.06764977
v -0.09180759 -0.01299070 -0.06469774
v 0.00593891 0.02372115 0.05474110
v 0.00568308 0.02720416 0.05257721
v 0.00941902 0.02662737 0.04907979
v 0.03400101 0.06043391 0.03853052
v 0.03475579 0.06775230 0.03356636
v 0.04244206 0.06653203 0.02841901
v 0.04141303 0.05942960 0.03292689
v 0.01934500 0.10836761 0.01220360
v -0.09160713 -0.00099908 -0.06686257
v -0.09185255 -0.00083355 -0.07027250
v 0.00890475 0.10965455 0.01478800
v 0.00552431 0.03491197 0.05133677
v 0.01067784 0.03465519 0.04997985
v 0.00974238 0.03166587 0.04879270
v -0.09490361 0.00765345 -0.07128061
v -0.09550499 0.00172348 -0.07229559
v -0.09407826 0.00837365 -0.07220577
v -0.08050234 0.01074016 -0.06564743
v -0.08070069 0.01404539 -0.06954648
v -0.08039476 0.00769540 -0.07169661
v -0.08085725 0.00829336 -0.06736586
v 0.00543624 0.03207563 0.05101708
v 0.02838711 0.00624934 0.04167464
v 0.02903095 0.00862573 0.04031803
v 0.07030770 -0.03203949 -0.05107274
v 0.07241113 -0.03338597 -0.04918300
v 0.07592802 0.01653633 -0.03830362
v 0.07508807 0.00517300 -0.03642050
v 0.07531387 0.01331619 -0.02554264
v 0.07483164 0.02719370 -0.02742889
v 0.07649903 0.04052748 -0.03076481
v 0.07729949 0.04789508 -0.03512776
v 0.07922313 0.03147132 -0.04306534
v 0.07757583 0.02620316 -0.04031693
v 0.05677600 -0.08881104 -0.08370178
v 0.05383012 -0.07816756 -0.08786740
v 0.00577830 0.02080656 0.05763359
v 0.00545936 0.01770578 0.06022983
v 0.01994334 0.03681329 -0.15252602
v -0.07710987 -0.01684671 -0.04442668
v -0.07813668 -0.01468848 -0.04627365
v -0.07682055 -0.01678810 -0.04791358
v -0.07693543 -0.01963803 -0.04673893
v 0.01932120 0.02241328 -0.15181468
v 0.04046502 0.02672647 -0.14288224
v 0.04076785 0.04050703 -0.14315450
v 0.06864213 -0.01246795 -0.09374262
v -0.08045544 -0.02274526 -0.06458216
v -0.07765292 -0.02587220 -0.06195406
v -0.07818688 -0.02658119 -0.06127971
v -0.08068036 -0.02432890 -0.06310347
v 0.07275461 -0.01222936 -0.07909445
v 0.01191225 -0.01172963 0.06335799
v 0.00856022 -0.00738328 0.05948339
v 0.00935655 -0.01016244 0.06046572
v 0.00863503 -0.00737729 0.05942934
v 0.01291533 -0.01411409 0.06546965
v 0.01596300 -0.01383682 0.06690637
v 0.00978321 -0.01472060 0.05966233
v 0.00870671 -0.01456631 0.06013989
v 0.00865740 -0.00990622 0.06072979
v 0.00882860 -0.00740699 0.05960751
v 0.00189405 -0.01535130 0.07203745
v 0.00246865 -0.01370904 0.07493823
v 0.00718694 -0.01308133 0.07387756
v 0.00550022 -0.01477664 0.07183461
v 0.00785770 -0.00725334 0.06008043
v 0.00677053 -0.00967883 0.06175539
v 0.00643747 -0.01133967 0.06774305
v 0.00835293 -0.00894142 0.06344347
v 0.00803602 -0.00757497 0.06073106
v 0.00861685 -0.01114056 0.06684683
v 0.00708660 -0.01675906 0.06483450
v 0.01032520 -0.01133102 0.06535310
v -0.08792173 0.01364631 -0.06185531
v -0.08812499 0.00912845 -0.06308126
v -0.08660367 0.00914095 -0.06197162
v -0.08310015 -0.02135566 -0.05294895
v -0.08350716 -0.02016960 -0.05520384
v -0.08475247 -0.02284083 -0.05627454
v -0.08447952 -0.02473804 -0.05412130
v 0.08188241 -0.01999898 -0.05671452
v 0.06255335 -0.06706756 -0.03586609
v 0.06599882 -0.05209681 -0.04442862
v 0.06529372 -0.05310708 -0.05026781
v -0.08588260 -0.03204697 -0.05695067
v -0.08332653 -0.03243446 -0.05797563
v -0.08151736 -0.03441196 -0.05418354
v -0.08433117 -0.03432361 -0.05373733
v -0.07832894 -0.02073140 -0.04569840
v -0.07702305 -0.01951603 -0.04399389
v -0.08595827 0.00331083 -0.07222906
v -0.08541812 0.00910619 -0.06937632
v 0.06332697 -0.06868540 -0.04517684
v 0.08508123 0.00758447 -0.05963156
v 0.06700480 0.05929290 -0.00453397
v 0.06778863 0.07079739 -0.01331112
v 0.07375854 0.05941653 -0.02556683
v -0.08973078 0.00765629 -0.06668469
v -0.09056643 0.00546856 -0.06796959
v 0.07395285 0.04944661 -0.02167012
v 0.06829525 0.08124646 -0.02103378
v 0.07398468 0.07063819 -0.03231399
v 0.07789327 0.05861097 -0.04259301
v 0.08142500 0.03742064 -0.05716277
v 0.04490860 0.01867789 0.03169860
v 0.04494493 0.01863023 0.03173221
v 0.04329744 0.01841613 0.03300856
v -0.07918686 -0.00459286 -0.05116579
v -0.07756255 -0.00438968 -0.05320941
v -0.07791408 -0.00522764 -0.05301540
v -0.07990330 -0.00596615 -0.05073677
v 0.04335214 0.01839915 0.03297022
v 0.04453945 0.01886607 0.03115744
v 0.04285069 0.01852028 0.03213390
v -0.07910439 -0.00478604 -0.04945016
v -0.07962932 -0.00635340 -0.04923559
v -0.07893188 -0.00631067 -0.04825978
v -0.07855890 -0.00546524 -0.04809253
v 0.04540933 0.01921896 0.03021275
v 0.04599750 0.01886714 0.03064547
v 0.04620598 0.01873951 0.03069224
v 0.02685422 0.02009104 0.03522683
v 0.02766328 0.02042821 0.03480580
v 0.03015103 0.01956858 0.03485577
v 0.02957031 0.01939403 0.03583838
v 0.02659794 0.01993388 0.03552981
v 0.02939740 0.01914002 0.03603303
v -0.07688691 -0.00428776 -0.05367600
v -0.07728252 -0.00453883 -0.05345134
v -0.07743643 -0.00402653 -0.05346633
v -0.08057012 -0.00124338 -0.06612632
v -0.08227071 -0.00924218 -0.06624358
v -0.08066964 -0.01023162 -0.06678945
v -0.08073018 -0.00390104 -0.06562627
v 0.03101540 0.02230824 0.02906939
v 0.03060757 0.02260293 0.02903961
v -0.09235813 -0.00749991 -0.07135254
v 0.03168279 0.02197726 0.02918498
v 0.02502469 0.02190285 0.03351926
v 0.02510171 0.02309531 0.03348316
v -0.08757497 0.01721453 -0.05348122
v -0.08658507 0.02018309 -0.05308897
v -0.08929548 0.02253786 -0.05715226
v 0.03029639 0.02349403 0.02911326
v 0.03033291 0.02281832 0.02902424
v 0.02528828 0.02155057 0.03376275
v -0.07731860 -0.01867268 -0.05856876
v -0.08102688 -0.01811450 -0.05554200
v -0.08002944 -0.01789362 -0.05374758
v -0.07783130 -0.01857532 -0.05650948
v -0.07757258 -0.01306341 -0.05169116
v -0.07548480 -0.01608403 -0.05123557
v -0.07876535 -0.01441677 -0.04909760
v -0.07890072 0.00106325 -0.04944467
v -0.07860158 -0.00290326 -0.05218083
v -0.07866447 -0.00378231 -0.05078072
v -0.07862642 -0.00334557 -0.04936400
v -0.09297571 -0.01578583 -0.07038322
v -0.09394504 -0.01053151 -0.07299217
v -0.09236535 -0.01055535 -0.07438362
v -0.09145096 -0.01617150 -0.07175574
v 0.02368078 0.02129069 0.03346888
v 0.02265000 0.02159432 0.03298157
v -0.07660412 -0.02960108 -0.03927564
v -0.07149892 -0.03204806 -0.04323557
v -0.07526083 -0.02657960 -0.04008399
v -0.09460522 0.01921183 -0.06789959
v -0.09268905 0.02072666 -0.06801915
v -0.09297343 0.01887158 -0.07022642
v -0.09518855 0.01744915 -0.07004725
v -0.07855824 0.00179504 -0.05824818
v -0.07841700 -0.00028104 -0.05813499
v -0.07889196 0.00082264 -0.05667897
v -0.07861838 0.00306727 -0.05660897
v 0.02273853 0.02328525 0.03323674
v 0.03464377 0.01811498 0.03588994
v 0.03475691 0.01738315 0.03586297
v 0.02996972 0.01772717 0.03622244
v 0.02961206 0.01857452 0.03618782
v 0.03453982 0.01853632 0.03584348
v 0.03802772 0.01859086 0.03488433
v 0.03802892 0.01818301 0.03489665
v 0.03805287 0.01744008 0.03481141
v -0.05595440 -0.03380727 -0.10125111
v -0.06456455 -0.03346270 -0.08187975
v -0.06852465 -0.01946270 -0.09017006
v -0.06100676 -0.01980350 -0.10618349
v -0.08724362 -0.02923459 -0.05606877
v -0.08660700 -0.03132957 -0.05329105
v -0.08068493 0.00888519 -0.04818267
v -0.08011945 0.01081627 -0.04640142
v -0.08065627 0.01671970 -0.04800855
v -0.08173005 0.01331192 -0.04858203
v 0.02661779 0.01871521 0.03607905
v 0.02657273 0.01958751 0.03582253
v 0.03798032 0.01681546 0.03471274
v 0.03489240 0.01676067 0.03573150
v -0.09403167 0.00377066 -0.07732476
v -0.09650737 0.00321032 -0.07602513
v 0.03013453 0.01710616 0.03617068
v 0.02662719 0.01830403 0.03623917
v 0.02393578 0.01968748 0.03574000
v 0.02502896 0.01981840 0.03568361
v 0.03478245 0.01581204 0.03517609
v 0.03495051 0.01494450 0.03533054
v 0.03010111 0.01543909 0.03591846
v 0.03009620 0.01614404 0.03581907
v -0.08404127 0.01320448 -0.05636593
v -0.08585659 0.01636051 -0.05941009
v -0.08424064 0.01419773 -0.05822539
v -0.08329296 0.01261128 -0.05652096
v -0.08342987 0.00526638 -0.05336699
v -0.08416313 0.00650864 -0.05326401
v -0.08238719 0.00729688 -0.05366493
v -0.08139155 0.00599034 -0.05396623
v 0.03786259 0.01591630 0.03402945
v 0.03793525 0.01498270 0.03398584
v -0.07894823 0.01617422 -0.04497007
v -0.07967711 0.02141136 -0.04847418
v 0.04739084 0.01877144 0.02901945
v 0.04793909 0.01922877 0.02815278
v 0.04787612 0.01868460 0.02820426
v -0.07302833 -0.02553560 -0.06086170
v 0.04748985 0.01834000 0.02864982
v 0.05006828 0.01571595 0.02500777
v 0.05132210 0.01714058 0.02448181
v 0.05300033 0.01632937 0.02296669
v -0.08264273 0.00753884 -0.05053118
v -0.08345628 0.01028791 -0.05062847
v -0.08469255 0.00852641 -0.05305419
v -0.07551587 -0.02171436 -0.04011652
v -0.07623514 -0.02001857 -0.04235248
v -0.08297767 0.01229175 -0.05632514
v -0.08236402 0.01107154 -0.05615231
v -0.08102116 0.00700038 -0.05444621
v -0.08198199 0.00615995 -0.05704601
v 0.05176844 0.01472844 0.02401718
v -0.08692934 -0.00060242 -0.06313305
v -0.08850059 -0.00865525 -0.06336580
v 0.06044250 0.00536334 0.02034568
v 0.05422834 0.01148507 0.02349200
v 0.05555601 0.01302894 0.02138240
v 0.04685823 0.01865208 0.02976783
v 0.04619829 0.01843367 0.03067236
v 0.04681478 0.01885937 0.02979043
v 0.04730869 0.01914525 0.02889113
v 0.04690577 0.01803419 0.02944539
v 0.04623169 0.01785839 0.03039744
v 0.04497807 0.01840427 0.03168397
v 0.04496649 0.01781568 0.03146080
v 0.04323808 0.01759487 0.03274550
v 0.04320725 0.01825290 0.03293427
v 0.04101392 0.01818977 0.03397423
v -0.07197224 -0.01863760 -0.07572577
v -0.06900486 -0.03215347 -0.06134906
v 0.04138028 0.01847107 0.03391175
v 0.04104220 0.01744762 0.03383111
v 0.04329815 0.01695620 0.03241739
v 0.04110369 0.01683820 0.03361366
v 0.04491469 0.01714789 0.03102107
v 0.04625656 0.01730324 0.02993048
v 0.04702909 0.01757993 0.02891508
v 0.04776065 0.01786667 0.02812714
v 0.04829387 0.01844520 0.02762355
v 0.04731864 0.01699934 0.02813498
v 0.04797329 0.01607120 0.02716819
v 0.04668882 0.01572909 0.02853798
v 0.04642124 0.01667434 0.02927895
v 0.04824561 0.01735376 0.02722012
v 0.04909765 0.01655490 0.02608802
v -0.08129220 0.00763306 -0.05399599
v -0.08150221 0.00805120 -0.05403340
v -0.08090188 0.00740226 -0.05363020
v -0.08040851 0.00655984 -0.05437715
v 0.04519653 0.01648360 0.03045718
v 0.04531283 0.01556972 0.02995318
v 0.04318321 0.01537423 0.03138677
v 0.04321321 0.01627505 0.03183601
v -0.08571737 -0.03314903 -0.05049400
v -0.08550583 0.00579223 -0.06160527
v -0.08320583 0.00347908 -0.05944588
v -0.08417726 0.00584061 -0.05961219
v 0.04099531 0.01611029 0.03292668
v 0.04104950 0.01516920 0.03257189
v -0.09508306 -0.00588931 -0.07127286
v -0.09658510 0.00164044 -0.07173561
v -0.09768879 0.00187746 -0.07333040
v -0.09616434 -0.00592103 -0.07274971
v 0.03457567 0.01857027 0.03583982
v 0.03418821 0.01900192 0.03487164
v 0.03775714 0.01870240 0.03425628
v 0.03806552 0.01847418 0.03485258
v 0.04144874 0.01832492 0.03394219
v -0.07326486 -0.03442946 -0.04460971
v -0.07826155 -0.00098633 -0.05947827
v -0.07986864 -0.00241583 -0.05883078
v 0.04070975 0.01867149 0.03345515
v 0.03745397 0.01860120 0.03333089
v 0.03588824 0.02114547 0.02892557
v 0.03724673 0.02114360 0.02851609
v 0.04044579 0.01852499 0.03256427
v -0.08053437 0.00465203 -0.05748677
v -0.07976337 0.00558459 -0.05443700
v 0.03423679 0.01893495 0.03391276
v 0.03431539 0.02122425 0.02929952
v 0.03086122 0.01977239 0.03392740
v -0.07642122 -0.01692856 -0.04221436
v 0.03275246 0.02163987 0.02929351
v 0.02819030 0.02048899 0.03425873
v 0.03698489 0.03092652 0.03721300
v 0.03660038 0.03075003 0.03788450
v 0.04304744 0.02966114 0.03709125
v 0.04262618 0.02955944 0.03636102
v 0.05146298 -0.00078347 -0.12604567
v 0.05309414 0.01474097 -0.13069625
v 0.03985992 0.00999959 -0.14085834
v 0.04406768 0.02748881 0.03521422
v 0.04412230 0.02823198 0.03524328
v 0.04663654 0.02708765 0.03351048
v 0.04635491 0.02635967 0.03335776
v 0.04405217 0.02679256 0.03534866
v -0.09136567 0.01527204 -0.06960971
v -0.09224071 0.01364284 -0.07078648
v -0.09032027 0.01419580 -0.06859832
v -0.09006818 0.01530802 -0.06709047
v -0.08910234 0.01798327 -0.06526083
v -0.08854270 0.01825759 -0.06475454
v -0.09073057 0.01684038 -0.06807297
v -0.08267207 0.00515924 -0.05810383
v -0.08336595 0.00645473 -0.05887674
v 0.04614379 0.02553818 0.03338498
v 0.04138019 0.02795928 0.03725611
v -0.08312167 -0.02237011 -0.05096563
v -0.08407570 -0.02782620 -0.05064081
v -0.09112442 -0.01620816 -0.06513274
v -0.09096316 -0.01594415 -0.06200433
v -0.08967242 -0.00510762 -0.07535691
v -0.08952260 0.00362881 -0.07556739
v -0.08791388 0.00343129 -0.07357356
v -0.08853956 -0.00490187 -0.07397272
v 0.04148746 0.02866961 0.03700058
v 0.04173988 0.02930807 0.03674853
v 0.04506115 0.02460714 0.02885334
v 0.04438381 0.02542545 0.02965591
v -0.08302166 -0.00354774 -0.07099792
v -0.07995281 -0.00277815 -0.07084789
v -0.07826556 -0.00457898 -0.04748963
v -0.07745578 -0.00061904 -0.04533696
v -0.07916950 0.00367026 -0.05654421
v -0.07940091 0.00540467 -0.05490621
v -0.08425619 -0.02019111 -0.06730434
v -0.08042317 -0.02731488 -0.05937930
v -0.08441842 -0.02229374 -0.06539164
v -0.07639190 -0.02784790 -0.05723108
v -0.07616591 -0.02866887 -0.05465756
v -0.07864752 -0.02879969 -0.05634194
v 0.04491740 0.02514704 0.03124266
v 0.04584662 0.02442716 0.02983436
v 0.04582752 0.02395108 0.02813792
v 0.04655502 0.02389270 0.02873052
v 0.04010599 0.02374871 0.02645148
v 0.03981102 0.02403125 0.02679598
v 0.03939846 0.02438258 0.02725777
v -0.08767309 -0.02050087 -0.05915194
v -0.08941728 -0.01895580 -0.06198790
v 0.04024917 0.02343486 0.02622830
v -0.07760102 -0.00467151 -0.05429735
v -0.07661572 -0.00630434 -0.05634449
v -0.07566918 -0.00484232 -0.05411854
v -0.09007615 -0.00105198 -0.06480870
v -0.09127276 -0.00883081 -0.06467401
v -0.08380505 0.00875186 -0.05396207
v 0.04025183 0.02306323 0.02610683
v -0.08121175 -0.00050186 -0.05342154
v -0.08160817 0.00296439 -0.05155590
v -0.08706055 0.01194063 -0.05391617
v -0.08573484 0.01033955 -0.05451969
v -0.08474908 0.00951873 -0.05421652
v -0.08557226 0.01019170 -0.05323625
v -0.07126503 -0.01363483 -0.05581704
v -0.07362770 -0.01532101 -0.05362245
v -0.07513359 -0.01222834 -0.05296517
v 0.04009497 0.02266570 0.02604944
v 0.04011117 0.02226742 0.02617508
v 0.06372169 -0.01118175 0.02102011
v 0.06338090 0.00008426 0.01969375
v -0.08845389 0.01745297 -0.06248515
v -0.08897379 0.01570501 -0.06353473
v -0.08640510 0.00998828 -0.07096513
v 0.06604438 -0.00826661 0.01664271
v 0.04655930 0.01909554 0.02967851
v -0.08406326 0.01033243 -0.05881826
v -0.08340032 0.00910473 -0.05997527
v 0.04708734 0.01948117 0.02881401
v -0.08249072 0.02295853 -0.06330927
v -0.08314777 0.02040485 -0.05996884
v -0.08276038 0.02078786 -0.05871134
v -0.08208243 0.02565825 -0.05860733
v 0.04598353 0.01941993 0.02935185
v -0.07561231 -0.03110394 -0.05058164
v -0.07820566 -0.03084764 -0.05365994
v -0.07784292 -0.02976208 -0.05441983
v -0.07601753 -0.02976636 -0.05229465
v -0.07937904 -0.01794893 -0.05313930
v -0.07784095 -0.01857913 -0.05529346
v 0.04648184 0.01988497 0.02860546
v -0.09119081 -0.01478291 -0.06855457
v -0.09085733 -0.01571134 -0.06728288
v -0.09177255 -0.01164976 -0.06972010
v -0.09199531 -0.01022550 -0.07082959
v 0.04766388 0.02017253 0.02801865
v 0.04800576 0.01984382 0.02790251
v 0.04390557 0.01900018 0.03061731
v 0.03917462 0.02125597 0.02757425
v 0.03956251 0.02136723 0.02715445
v -0.07902838 0.00290261 -0.06181380
v -0.07877347 0.00151905 -0.06059844
v -0.08177353 0.01515398 -0.06200841
v -0.08431032 0.01701672 -0.06325585
v -0.08421274 0.01949171 -0.05993781
v -0.08224431 0.01787405 -0.05989013
v -0.08816593 0.01080593 -0.07284409
v 0.04466002 0.01947556 0.02967884
v 0.04231814 0.01868333 0.03146940
v 0.03830417 0.02119631 0.02804937
v 0.04000897 0.02157338 0.02688791
v 0.04012356 0.02184454 0.02644876
v -0.08360057 0.00751753 -0.05964258
v -0.08394622 0.00765676 -0.06041272
v 0.04515928 0.01983357 0.02901375
v -0.08335403 0.00795627 -0.05920545
v 0.04558727 0.02038874 0.02824438
v 0.04688271 0.02071870 0.02804548
v -0.08059286 0.00512272 -0.05427279
v -0.08277108 0.00408010 -0.05421758
v -0.08684424 0.01212929 -0.05546518
v -0.08946017 0.01566004 -0.05791580
v -0.08834673 0.01630955 -0.05956186
v -0.08634762 0.01288478 -0.05572619
v 0.04587027 0.02182040 0.02737261
v 0.04603302 0.02254754 0.02745641
v 0.04692164 0.02142682 0.02786861
v -0.08224056 0.00983753 -0.05440186
v 0.04700947 0.02223163 0.02788857
v 0.04579105 0.02118053 0.02762433
v -0.01643985 -0.03641837 -0.13007630
v -0.01820602 -0.02582844 -0.13687266
v 0.04601599 0.02328012 0.02767890
v 0.04687731 0.02304527 0.02820011
v 0.04824217 0.01934839 0.02777376
v 0.04827425 0.02032237 0.02766578
v 0.04861154 0.02156046 0.02718965
v 0.04872393 0.01939592 0.02730832
v -0.08536637 0.01993417 -0.05257306
v -0.08536166 0.02144183 -0.05609785
v -0.08666103 0.02217756 -0.05668053
v -0.08615221 0.02061217 -0.05313262
v -0.09004347 0.01405131 -0.06672867
v 0.04941229 0.01934969 0.02664878
v 0.04886040 0.01808272 0.02663971
v 0.04972812 0.02220311 0.02697033
v 0.05132109 0.02250583 0.02632303
v -0.09326466 0.01089483 -0.07138398
v -0.08103015 -0.00424677 -0.05745207
v -0.07843937 -0.00714886 -0.05810462
v 0.05060741 0.01936544 0.02541996
v 0.04982624 0.01777398 0.02559493
v 0.04797841 0.02093006 0.02774458
v -0.06887347 -0.00816367 -0.05650197
v -0.06917147 -0.00700939 -0.05628269
v -0.06980261 -0.00724497 -0.05724145
v -0.06973560 -0.00815879 -0.05777722
v 0.04798903 0.02178179 0.02750845
v 0.04921685 0.02342311 0.02843808
v -0.07314529 -0.01333612 -0.05881095
v -0.07546910 -0.01398560 -0.05760645
v -0.07456440 -0.01540771 -0.05584801
v -0.07259049 -0.01452797 -0.05780892
v 0.05004022 0.02437384 0.02835637
v 0.04845222 0.02292144 0.02842391
v 0.04797865 0.02378158 0.02985819
v 0.04857174 0.02436830 0.02998863
v -0.06849584 -0.01070792 -0.05706920
v -0.06868386 -0.00933633 -0.05676021
v -0.06945061 -0.00980427 -0.05825632
v -0.06908622 -0.01126816 -0.05886871
v 0.04923489 0.02519181 0.02991105
v 0.04780233 0.02519592 0.03160831
v -0.08749924 0.01786791 -0.06087302
v -0.08918224 0.01773377 -0.06276362
v 0.04841121 0.02599793 0.03175340
v 0.04727158 0.02454675 0.03150389
v 0.04783040 0.02278083 0.02829335
v -0.09572417 0.00946221 -0.06969521
v -0.09594040 0.00750876 -0.07078514
v -0.09230684 0.01481280 -0.06873013
v -0.09297657 0.01293555 -0.06998172
v 0.04734234 0.02359770 0.02941607
v 0.04657603 0.02434336 0.03088790
v 0.04557634 0.02487399 0.03287749
v -0.07813390 -0.01210832 -0.04637712
v -0.07922748 -0.01193672 -0.04818397
v -0.07900632 -0.01352368 -0.04806363
v -0.09684430 0.01197866 -0.06927719
v -0.09565697 0.01515240 -0.07148219
v -0.07920612 -0.02939302 -0.04113105
v -0.07830570 -0.03107877 -0.03950610
v -0.04980147 -0.10471499 -0.02403348
v -0.06177593 -0.09909377 -0.03729435
v -0.06184943 -0.10997952 -0.03645844
v -0.05005518 -0.11562178 -0.02364161
v -0.08637621 0.01551092 -0.05200375
v -0.08466335 0.01852117 -0.05187397
v 0.04384036 0.02590076 0.03501074
v 0.04309464 0.02612158 0.03313212
v 0.04109807 0.02710494 0.03686722
v -0.06848342 -0.01262225 -0.05745487
v -0.06854628 -0.01280169 -0.05746986
v -0.07117345 -0.01443515 -0.05705206
v -0.07296696 -0.00864114 -0.05442521
v -0.06942157 -0.00830359 -0.05584644
v 0.04042727 0.02683038 0.03486773
v 0.03679495 0.03126323 0.03947689
v 0.04386105 0.03059384 0.03841833
v 0.03980725 0.02709702 0.03282302
v 0.03731054 0.02504126 0.02874911
v 0.03563593 0.02514615 0.02937907
v 0.03658412 0.02694131 0.03403223
v -0.07362416 -0.01180066 -0.05883908
v 0.02547045 0.02425895 0.03410961
v 0.02631342 0.02524588 0.03479195
v -0.07321458 -0.00658119 -0.05687955
v -0.07286219 -0.00556439 -0.05567512
v -0.07507469 -0.01794152 -0.05182158
v -0.07649265 -0.01879028 -0.05358655
v -0.07802361 -0.01922455 -0.05017788
v -0.06945818 -0.01313389 -0.05891296
v -0.08028028 0.00424696 -0.05974464
v 0.03088222 0.02426076 0.02967517
v 0.03045006 0.02394884 0.02939437
v 0.02415788 0.02420330 0.03453532
v 0.02540134 0.02541354 0.03552485
v -0.07641830 -0.01138518 -0.05862306
v -0.07784871 -0.01355399 -0.06033936
v -0.07724271 -0.01526141 -0.05908130
v -0.07592216 -0.01314863 -0.05833618
v -0.08563197 -0.02327347 -0.05771140
v -0.08580996 -0.02159253 -0.05761283
v -0.07669703 -0.01802428 -0.06132455
v -0.08060421 -0.01825571 -0.05890481
v -0.08113817 -0.00149645 -0.05768224
v -0.08210573 0.00142100 -0.05520718
v -0.07840372 -0.00458808 -0.05503388
v -0.07653200 -0.00908041 -0.05766058
v -0.07845419 -0.01141241 -0.05997798
v -0.07305279 -0.00759857 -0.05474969
v -0.07620347 -0.00705067 -0.05321389
v -0.07595405 -0.00604266 -0.05361528
v -0.07301833 -0.00666424 -0.05511701
v -0.08509593 0.00923962 -0.06124383
v -0.08301707 0.01671280 -0.04968020
v -0.08458927 0.01313856 -0.05112072
v -0.08301912 0.02797142 -0.07410271
v -0.08125281 0.01931662 -0.07955611
v -0.08192627 0.01950835 -0.06739649
v -0.07424591 -0.01004823 -0.05864853
v -0.06932952 -0.00660412 -0.05638708
v -0.06992549 -0.00710073 -0.05632770
v -0.09094080 -0.01881865 -0.06588276
v -0.07888823 -0.02001604 -0.04938323
v -0.07965888 0.00322273 -0.05484235
v -0.08920646 -0.01004600 -0.07393214
v -0.08833987 -0.01555532 -0.07169075
v -0.07929608 0.00458810 -0.05491879
v -0.07952640 0.00563722 -0.05500190
v -0.07732460 -0.01886432 -0.05465443
v -0.07885047 -0.01847702 -0.05183198
v -0.07982999 0.00587781 -0.05470856
v -0.07954639 -0.01247967 -0.04964580
v -0.08964090 0.00904801 -0.06565844
v 0.03028859 0.02629568 0.03510857
v 0.03259551 0.02472027 0.02995621
v -0.08168823 -0.03015376 -0.05884752
v -0.08004510 -0.03148903 -0.05553554
v 0.03154616 0.02448521 0.02987676
v -0.06983386 -0.00734162 -0.05575731
v 0.02832916 0.02574474 0.03483836
v -0.07324167 -0.01528699 -0.05526237
v -0.07348032 -0.00822784 -0.05729828
v 0.02954576 0.02685311 0.03704559
v 0.02703031 0.02614776 0.03621993
v 0.03692630 0.02725279 0.03607929
v -0.07832591 -0.00894019 -0.05200232
v -0.07807287 -0.01105999 -0.05160092
v -0.07957774 -0.01025840 -0.04960002
v 0.02142622 0.07422447 -0.14735799
v 0.02095249 0.05783894 -0.15161756
v -0.08191153 -0.01770415 -0.06035929
v -0.07774339 -0.01595460 -0.06320985
v -0.07967812 -0.01514815 -0.06471405
v -0.08414928 -0.01646463 -0.06122630
v -0.08708412 -0.02059251 -0.06907278
v -0.08554213 -0.02505150 -0.06548934
v -0.08751760 -0.02633192 -0.06505133
v -0.08999366 -0.02163780 -0.06877541
v 0.04112743 0.05996497 -0.14228064
v 0.04102157 0.07423164 -0.13873282
v -0.08339065 0.04470080 -0.08200552
v -0.08331690 0.03397220 -0.06684393
v -0.08369406 0.05135510 -0.07018352
v -0.08765776 0.01838145 -0.06786478
v -0.08747665 0.01618829 -0.06954735
v -0.09317075 0.01674975 -0.07214729
v -0.08149194 0.02385947 -0.05355439
v -0.08240931 0.02101138 -0.05737667
v -0.08476277 0.02079220 -0.05593010
v -0.09319267 -0.00563561 -0.07625297
v 0.04232604 0.02638494 0.03139663
v 0.03850600 0.02476700 0.02800711
v 0.05135265 0.07552233 -0.13069385
v 0.05035936 0.08456873 -0.12723850
v 0.04138905 0.08645204 -0.13293204
v 0.03836584 -0.06486589 -0.10639425
v 0.02783324 -0.07662142 -0.11353455
v -0.07976587 0.00495819 -0.04847782
v -0.08183004 0.00505810 -0.05079249
v 0.02187111 0.02407912 0.03587435
v -0.08328705 -0.01900964 -0.06830632
v 0.02369050 0.02537357 0.03645828
v -0.08568332 -0.01835242 -0.05802533
v -0.08825974 -0.01742104 -0.05966713
v -0.09335870 0.01823444 -0.06143128
v -0.09087052 0.01614135 -0.05953905
v 0.02066923 0.02295222 0.03541349
v 0.02015788 0.02281759 0.03560177
v 0.02121846 0.02424499 0.03583319
v 0.02281275 0.02562655 0.03643088
v 0.02595940 0.02639531 0.03707932
v 0.02534146 0.02682960 0.03753048
v 0.02902888 0.02804935 0.03860771
v 0.02908520 0.02733056 0.03834218
v 0.03679332 0.02792049 0.03796116
v 0.03696961 0.02866829 0.03837525
v 0.02847454 0.02892846 0.03823027
v 0.02483255 0.02735651 0.03708064
v 0.02774829 0.03006255 0.03790393
v 0.02473742 0.02833986 0.03678077
v 0.03736346 0.03029772 0.03758891
v 0.03715260 0.02932204 0.03804119
v 0.02380920 0.02055037 0.03530478
v 0.02155658 0.02098786 0.03530661
v 0.02426366 0.02075911 0.03519354
v 0.02170171 0.02119599 0.03508531
v 0.02550337 0.02102271 0.03444542
v 0.02083704 0.02173269 0.03502143
v 0.02037574 0.02161009 0.03533834
v -0.01259983 -0.11832690 0.01197547
v -0.01227453 -0.12566970 0.00794288
v 0.02622708 0.02111825 0.03415402
v 0.02056057 0.02440079 0.03548528
v 0.01928584 0.02267448 0.03566198
v 0.01959814 0.02507218 0.03470994
v 0.01881917 0.02302345 0.03527838
v 0.02202011 0.02712175 0.03520985
v 0.02220740 0.02595179 0.03558893
v 0.01949938 0.02155133 0.03551061
v 0.02011477 0.02100016 0.03545575
v 0.01903562 0.02174916 0.03547110
v 0.01971344 0.02103028 0.03547041
v 0.02644899 0.01763716 0.03637698
v 0.02633445 0.01692479 0.03607377
v 0.02326597 0.01921228 0.03603402
v 0.02294161 0.01882130 0.03589311
v 0.03493270 0.01423959 0.03507172
v 0.03811061 0.01407577 0.03413443
v 0.03489384 0.01305099 0.03536771
v -0.00929177 -0.00822319 0.06232167
v -0.01039051 -0.00843185 0.06099686
v -0.00861622 -0.00686300 0.05995302
v -0.00824222 -0.00687227 0.06056463
v 0.03820271 0.01282987 0.03418922
v 0.02996604 0.01371581 0.03647989
v 0.03014823 0.01457550 0.03607632
v 0.03498923 -0.12198621 -0.01307634
v 0.04883351 0.01496737 0.02642079
v 0.05014906 0.01369658 0.02585735
v 0.04839347 0.01308318 0.02764533
v 0.04731087 0.01463018 0.02790377
v 0.04557832 0.01438461 0.02948707
v -0.01008874 -0.01697557 0.06181560
v -0.00934013 -0.01562422 0.06108107
v -0.01074017 -0.01582283 0.05988776
v -0.01190949 -0.01676463 0.06085215
v 0.04610820 0.01273524 0.02948371
v 0.04364001 0.01262802 0.03123898
v 0.04324956 0.01414445 0.03109363
v 0.04133504 0.01405632 0.03254822
v 0.04138933 0.01253526 0.03278105
v 0.05242045 0.01852914 0.02420921
v 0.05355790 0.02193887 0.02459275
v 0.05393263 0.01750924 0.02290034
v 0.05592152 0.02111792 0.02252336
v 0.01807874 0.02626671 0.03549676
v -0.00741523 -0.00677879 0.06000831
v -0.00641643 -0.00847461 0.06277968
v -0.00750889 -0.00832379 0.06340308
v -0.00774614 -0.00690774 0.06031120
v 0.01796901 0.02339967 0.03525777
v 0.01677962 0.02673525 0.03724230
v 0.01688551 0.02395096 0.03669716
v 0.01805656 0.02897873 0.03868804
v 0.01957935 0.02882163 0.03600116
v 0.01857963 0.02198248 0.03561916
v 0.01929075 0.02078420 0.03551525
v 0.01786675 0.02200181 0.03639048
v 0.01875010 0.02042857 0.03617800
v 0.02620563 0.01628757 0.03642382
v 0.02609603 0.01547206 0.03660479
v 0.02268455 0.01832213 0.03628903
v 0.02213605 0.01763799 0.03671157
v 0.04976677 -0.01241597 -0.12196437
v 0.05385680 0.03135671 -0.13229610
v 0.05055999 0.03391122 0.03672729
v 0.04823143 0.03137165 0.03719221
v 0.04495356 0.03264146 0.03943992
v 0.04605086 0.03556473 0.04002351
v 0.05351383 0.03741632 0.03500997
v 0.05639954 0.03422946 0.03139403
v 0.05353126 0.03163249 0.03333135
v 0.05092731 0.02989357 0.03457616
v 0.05503408 0.02451521 0.02597611
v 0.05286154 0.02490859 0.02750689
v 0.05303143 0.02648101 0.02928037
v 0.05518216 0.02677952 0.02783032
v 0.05737157 0.02438043 0.02370757
v 0.05798743 0.02740297 0.02593691
v 0.05459072 0.02907586 0.03038268
v 0.05225392 0.02810597 0.03173915
v 0.05773661 0.03048496 0.02868573
v 0.02549860 0.03312658 0.04126918
v 0.02598040 0.03217236 0.03914834
v 0.02360441 0.03031848 0.03707031
v 0.02223984 0.03052980 0.03856869
v 0.02457032 0.03407701 0.04280782
v 0.02006823 0.03131564 0.04014719
v 0.03891781 0.03628081 0.04325406
v 0.03804145 0.03372049 0.04153128
v 0.02732471 0.03066317 0.03730060
v 0.02530043 0.02923174 0.03711133
v 0.02683568 0.03055981 0.03729904
v 0.02492601 0.02922398 0.03685978
v 0.05905961 0.09590638 -0.10885846
v 0.06123103 0.10186930 -0.09625984
v 0.04440045 0.11302366 -0.10237931
v 0.04358409 0.10546006 -0.11493671
v 0.04433593 0.02842965 0.03567570
v 0.04530385 0.02866052 0.03578398
v 0.04757481 0.02767402 0.03407511
v 0.04683072 0.02745525 0.03393928
v 0.04890405 0.02643760 0.03187133
v 0.04951291 0.02679642 0.03220991
v 0.05044877 0.02595408 0.03044683
v 0.04992381 0.02572132 0.03025223
v 0.05045372 0.02501903 0.02885806
v 0.05094571 0.02507559 0.02862425
v 0.02469322 0.02976197 0.03716434
v 0.02647622 0.03089105 0.03794244
v 0.05288199 0.06301695 -0.13270424
v 0.04441400 0.07463738 0.02347322
v 0.05176650 0.07116761 0.01704794
v 0.04988749 0.06420921 0.02294033
v 0.04620419 0.02958741 0.03701332
v 0.04872929 0.02846131 0.03486525
v 0.05051684 0.02738356 0.03240265
v 0.05153369 0.02621135 0.03032123
v 0.05192453 0.02531539 0.02885495
v 0.07561796 -0.01438306 -0.04178042
v 0.07571204 -0.01433874 -0.04371345
v 0.08288496 -0.00481339 -0.07067055
v 0.08079147 0.00168722 -0.06994181
v 0.07940855 0.00531070 -0.06852725
v 0.08396377 0.01383895 -0.05404657
v 0.08605321 0.01710969 -0.05706955
v 0.08849009 -0.02311557 -0.06189687
v 0.08496673 -0.02525869 -0.05811868
v -0.09343823 0.02140233 -0.06211906
v 0.08812372 -0.02217767 -0.06259664
v 0.09304640 0.01259413 -0.06617948
v 0.09341048 0.01091467 -0.06761550
v 0.09428279 0.01050278 -0.06723960
v 0.04259135 -0.03504674 -0.11376638
v 0.04747635 -0.02192220 -0.11895679
v 0.09369233 0.00910017 -0.06902821
v 0.07693999 -0.00953581 -0.04668542
v 0.08400750 -0.00508513 -0.07077135
v 0.08578446 -0.00546687 -0.07223782
v 0.08696626 -0.01046993 -0.07200617
v 0.08606172 -0.01010597 -0.07160261
v 0.08638746 -0.01581473 -0.06994183
v 0.08553667 -0.01509693 -0.06965709
v 0.08966548 -0.01923457 -0.06541468
v 0.09006184 -0.01488888 -0.06829592
v 0.08709364 0.01743318 -0.05848021
v 0.08714973 0.01681313 -0.05767038
v 0.08791802 0.01732607 -0.05880803
v 0.07789991 -0.01080687 -0.04817461
v 0.08189814 0.01134731 -0.05411108
v 0.08182535 0.00964830 -0.05221412
v 0.08142296 0.01012670 -0.05278723
v 0.07562059 -0.00612412 -0.05286979
v 0.07530083 -0.00526253 -0.05311979
v 0.07696477 -0.00757146 -0.05236275
v 0.07866436 -0.00869113 -0.04987364
v 0.07358795 -0.01683764 -0.05217868
v 0.07345364 -0.01771822 -0.05354403
v 0.07317587 -0.01840589 -0.05251401
v 0.09028729 0.02286954 -0.06149656
v 0.08191209 0.00866144 -0.05176553
v 0.08328496 0.00971499 -0.05210955
v 0.08401095 0.01088134 -0.05246001
v 0.08885117 0.01643993 -0.05881763
v 0.08459607 0.01175281 -0.05265368
v 0.08336004 0.01190346 -0.05298052
v 0.08486782 0.01352199 -0.05378420
v 0.08254933 0.01198131 -0.05345017
v 0.07897392 -0.01410632 -0.06549661
v 0.07756606 -0.01421975 -0.06355845
v 0.07629701 0.00701215 -0.04241032
v 0.07692722 0.00480003 -0.04485901
v 0.08395283 -0.02608542 -0.05575038
v 0.07950005 0.01129937 -0.06240201
v 0.08061887 0.01489303 -0.06414131
v 0.09148663 -0.01063154 -0.07006568
v 0.08405691 -0.01717571 -0.05965163
v 0.08179811 -0.01835340 -0.05858510
v 0.08642588 -0.01565533 -0.06103552
v 0.08848727 -0.01296996 -0.06280527
v 0.07785493 0.00246425 -0.05686118
v 0.08776778 0.00713408 -0.06220559
v 0.08820188 0.00483893 -0.06336960
v 0.08629128 0.00732428 -0.06094458
v 0.08147253 0.01883087 -0.06215896
v 0.08161872 0.01881706 -0.05962777
v 0.07893655 0.01465131 -0.06124198
v 0.08142763 0.01689740 -0.05918988
v 0.07527553 -0.01339836 -0.05193382
v 0.07363659 -0.01910554 -0.05502135
v 0.07553270 -0.01785876 -0.05690650
v 0.07483736 -0.01963289 -0.05596917
v 0.07628971 -0.01887588 -0.05786122
v 0.07650127 -0.01769787 -0.05935200
v 0.07664210 -0.01602938 -0.06073029
v 0.07705156 -0.01369431 -0.06127628
v 0.07460033 -0.00921161 -0.05276421
v 0.08077022 0.02023107 -0.05028776
v 0.07426047 -0.01111504 -0.05273553
v 0.07600646 -0.00745193 -0.05258003
v 0.07602787 -0.00922339 -0.05217671
v 0.07562476 -0.01119542 -0.05187281
v 0.07986914 -0.02128363 -0.05242095
v 0.08003278 -0.01980636 -0.05505990
v 0.07904113 -0.02073521 -0.05178859
v 0.08051623 -0.01933018 -0.05727007
v 0.07792308 -0.02034798 -0.05155423
v 0.08097719 0.01266126 -0.06151188
v 0.08159143 0.01622537 -0.06105592
v 0.07551116 -0.01077466 -0.04005587
v 0.06794664 -0.00287461 0.01134064
v 0.06904351 0.00718501 0.00559811
v 0.03028692 -0.05627097 0.04207000
v 0.02972561 -0.05924126 0.04256644
v 0.06051053 -0.01398408 0.02541652
v 0.05546086 -0.01724166 0.03059924
v 0.02862134 -0.05112337 0.05394990
v 0.02769858 -0.05178093 0.05417668
v 0.02679849 -0.05111453 0.05458848
v 0.02752923 -0.05087672 0.05414520
v 0.02576261 -0.04965656 0.05297953
v 0.02640493 -0.05024960 0.05223864
v 0.02643923 -0.05044960 0.05346461
v 0.02604965 -0.05013793 0.05411175
v 0.03216371 -0.03338705 0.05225863
v 0.03510616 -0.02884105 0.04783920
v 0.03826507 -0.03383223 0.04726589
v 0.03531061 -0.03796455 0.05103789
v 0.02763986 -0.05279227 0.04457984
v 0.02734233 -0.05123193 0.04518104
v 0.02672037 -0.05049611 0.04839343
v 0.02678434 -0.05137618 0.04786057
v 0.02766862 -0.05368210 0.04447990
v 0.02662934 -0.05149654 0.04767800
v 0.02995959 -0.05457360 0.04192938
v 0.02942134 -0.05193532 0.04204170
v 0.03860377 -0.05772446 0.04811446
v 0.03465038 -0.05578456 0.05059133
v 0.03575389 -0.05266206 0.05098591
v 0.03980684 -0.05325738 0.04850718
v 0.02863702 -0.01953458 0.04825958
v 0.03230798 -0.02374766 0.04794159
v 0.02918127 -0.02903112 0.05155168
v 0.02552469 -0.02333333 0.05127825
v 0.02203556 -0.01803936 0.05178471
v 0.02503157 -0.01445707 0.04885785
v 0.02168403 -0.00837433 0.05489125
v 0.02279034 -0.01272541 0.05675825
v 0.02235569 -0.01377342 0.06080838
v 0.02254145 -0.01111849 0.05918736
v 0.01953240 -0.01853032 0.05942955
v 0.02263899 -0.01565746 0.05520910
v 0.01437433 -0.01945546 0.06025906
v -0.01473688 -0.01635823 0.06138430
v -0.01324489 -0.01455466 0.06067939
v -0.01367035 -0.01391552 0.06244469
v -0.01638478 -0.01509043 0.06320269
v 0.01393708 -0.01887525 0.06101875
v 0.01967387 -0.01898427 0.05799898
v -0.00573786 -0.01451864 0.06971645
v -0.00711974 -0.01259120 0.06957697
v -0.00588045 -0.01364307 0.06756176
v -0.00569324 -0.01534291 0.06708910
v 0.01946794 -0.02028923 0.05645170
v 0.01484106 -0.02031662 0.05968612
v 0.01267830 -0.01807358 0.06145625
v 0.01633665 -0.01792941 0.06147462
v -0.00950197 -0.01236317 0.06874481
v -0.01184840 -0.01217381 0.07073110
v -0.01400533 -0.01229466 0.06888798
v -0.01134593 -0.01291005 0.06715600
v -0.00639665 -0.01235600 0.06312538
v -0.00730822 -0.01424419 0.06427234
v -0.00561069 -0.01154368 0.06621827
v -0.01296952 -0.01189991 0.06097627
v -0.01267744 -0.01288502 0.05975137
v -0.01044979 -0.00934779 0.05978001
v -0.01073731 -0.00907598 0.05967575
v 0.01865151 -0.01548135 0.06324606
v 0.00474058 -0.01563963 0.06949845
v 0.00630024 -0.01463059 0.07158807
v 0.01234674 0.01593723 0.05304123
v 0.01585529 0.01247800 0.05011255
v 0.01212624 0.01322326 0.05523277
v 0.01553343 0.00996340 0.05224696
v 0.01763601 -0.01274790 0.06660730
v 0.02046265 -0.01044184 0.06529615
v 0.01426286 -0.01123200 0.07015070
v 0.01579810 -0.00823494 0.06988271
v 0.00540715 0.02972430 0.05151150
v 0.00229481 -0.01926827 0.06525011
v 0.00289606 -0.02007441 0.06503685
v 0.00180396 -0.01740565 0.06680319
v 0.02215435 0.09806128 -0.13353868
v 0.02263495 0.11080381 -0.12196948
v 0.02163251 0.12434381 -0.09816644
v 0.01915427 0.12869366 -0.08545836
v 0.00644331 -0.04094859 0.06908610
v 0.00608522 -0.03740407 0.06919780
v 0.01412692 -0.04763953 0.05288661
v 0.00883823 -0.04765315 0.05405167
v 0.00874738 -0.04874769 0.05739773
v 0.01433165 -0.04895039 0.05628441
v 0.01816331 -0.04874586 0.05470925
v 0.01884305 -0.04769561 0.05115569
v 0.01423227 -0.04632226 0.05035220
v 0.00869551 -0.04612190 0.05093473
v 0.01358635 -0.04972962 0.06252520
v 0.00828619 -0.04923587 0.06458367
v 0.00742134 -0.04738680 0.06687418
v 0.01332846 -0.04790272 0.06453649
v 0.02178997 -0.02491033 0.05536594
v 0.01758420 -0.02387478 0.05853517
v 0.01259971 -0.02328184 0.06212929
v 0.00836599 -0.02310678 0.06448017
v 0.00743571 -0.02066281 0.06386542
v 0.01074432 -0.02039438 0.06199234
v 0.00692402 -0.01956685 0.06364425
v 0.01016326 -0.01945521 0.06196568
v 0.00970426 -0.01868136 0.06214375
v 0.01004668 -0.01822346 0.06226730
v 0.00791219 -0.01784678 0.06350123
v 0.00851590 -0.01741090 0.06334948
v 0.00654539 -0.01861494 0.06359819
v 0.00516419 0.00757554 0.06884324
v 0.00497895 0.01106662 0.06555724
v 0.01119328 -0.03551500 0.06739359
v 0.00608884 -0.03456282 0.06892817
v 0.00550010 -0.02947912 0.06756136
v 0.01050788 -0.02975774 0.06657872
v 0.01576052 -0.03089475 0.06403622
v 0.01706955 -0.03777393 0.06464789
v 0.00350344 -0.02115602 0.06514634
v 0.01133380 -0.03844209 0.06719080
v 0.01183228 -0.04167642 0.06706063
v 0.01719097 -0.04075977 0.06450465
v 0.01736732 -0.04346798 0.06412939
v 0.02250828 -0.04116933 0.06126091
v 0.02203677 -0.03377110 0.06090105
v 0.02856020 -0.03691215 0.05714178
v 0.02697311 -0.04463653 0.05790702
v 0.03569147 -0.04921535 0.05202616
v 0.03019966 -0.05159507 0.05333206
v 0.03023970 -0.05007807 0.05386076
v 0.02998489 -0.04861571 0.05475138
v 0.03494603 -0.04546627 0.05304769
v 0.03945596 -0.04843608 0.04977468
v 0.03800809 -0.04305765 0.05039354
v 0.03271313 -0.04154490 0.05442799
v 0.02922040 -0.04688513 0.05590902
v 0.02871464 -0.05026758 0.05440630
v 0.02755982 -0.05045756 0.05441556
v 0.02834566 -0.04935469 0.05511431
v 0.02718142 -0.04995641 0.05503879
v 0.02770402 -0.04840995 0.05597518
v 0.02657503 -0.04942725 0.05572896
v 0.02532500 -0.04853919 0.05690099
v 0.02617089 -0.04693675 0.05750545
v 0.02507092 -0.05005715 0.05346957
v 0.02385186 -0.04998682 0.05436196
v 0.02397411 -0.05010505 0.05540068
v 0.02506510 -0.05029156 0.05428118
v 0.02601540 -0.05020458 0.05272197
v 0.02572982 -0.05041119 0.05368861
v 0.02613658 -0.05019798 0.04907364
v 0.02544664 -0.04937637 0.04964883
v -0.05296583 -0.08740461 -0.02395011
v -0.06280018 -0.08483484 -0.03919319
v 0.02663547 -0.05028464 0.05216276
v 0.02668028 -0.05047656 0.05308867
v 0.02659361 -0.05063985 0.05415667
v 0.02632779 -0.05030972 0.05451757
v 0.02567689 -0.05001692 0.05513671
v 0.02458742 -0.04963146 0.05620512
v 0.01756590 -0.04604943 0.06331997
v 0.02151554 -0.04580604 0.06073935
v 0.02131896 -0.04787597 0.05979314
v 0.01757094 -0.04874969 0.06179805
v 0.02105431 -0.04941383 0.05860989
v 0.01947937 -0.04645305 0.04814184
v 0.01748454 -0.05001383 0.05995994
v 0.02307407 -0.04818076 0.04828115
v 0.02410416 -0.04727256 0.04543386
v 0.02220873 -0.04891256 0.05188009
v 0.02684812 -0.05036794 0.04605930
v 0.02610868 -0.04932800 0.04635195
v 0.02857388 -0.05008120 0.04258822
v 0.02743652 -0.04859088 0.04335346
v 0.02096857 -0.04981020 0.05711633
v 0.02194380 -0.04372101 0.06114610
v 0.01247672 -0.04481525 0.06619889
v 0.00688511 -0.04419124 0.06824132
v -0.03649841 0.00670128 0.03789407
v -0.03601582 0.00361757 0.03916321
v -0.03196448 0.00529800 0.04041152
v -0.03258498 0.00794762 0.03919471
v 0.00565727 -0.00028247 0.07590169
v 0.00557611 0.00409080 0.07219894
v 0.02631289 -0.05057134 0.05452422
v 0.01077319 -0.13125554 0.00404242
v -0.07976680 -0.00814400 -0.04882543
v -0.07897339 -0.00736097 -0.04776413
v -0.08773822 0.01352859 -0.07116808
v 0.02928189 -0.05256626 0.05345031
v 0.02739135 -0.05572655 0.04478598
v 0.02583745 -0.05173808 0.04759759
v 0.03540582 -0.06195648 0.04890325
v 0.03012064 -0.06534704 0.05234536
v 0.02821212 -0.06098255 0.05458587
v 0.03233137 -0.05870642 0.05159257
v 0.02526657 -0.05449066 0.05693883
v 0.02777980 -0.05354112 0.05468097
v -0.09058447 0.01609937 -0.06832799
v 0.02652581 -0.05203119 0.05547110
v 0.02419584 -0.05216354 0.05788109
v 0.02352959 -0.05031748 0.05838067
v 0.02565864 -0.05099721 0.05571580
v 0.02214403 -0.04701674 0.05748012
v 0.01779118 -0.04451001 0.06057901
v 0.01691217 -0.04950152 0.05497960
v 0.02159342 -0.05148257 0.05245457
v 0.02603683 -0.05284060 0.04986864
v 0.02518616 -0.04911452 0.05389772
v -0.08784818 0.01999903 -0.06604213
v -0.08788412 0.02149227 -0.06137089
v -0.08566787 0.02049770 -0.06056720
v -0.08585584 0.01849810 -0.06455243
v 0.02263833 -0.04776447 0.05807359
v 0.02524496 -0.04959777 0.05513882
v 0.01828743 -0.04545754 0.06180139
v 0.02274962 -0.12761362 -0.00334146
v 0.02543394 -0.05008421 0.05562413
v 0.02296374 -0.04866208 0.05812603
v 0.01877245 -0.04683603 0.06217951
v 0.01938084 -0.04916567 0.06228557
v 0.02009354 -0.05169580 0.06216323
v 0.02105215 -0.05494836 0.06133624
v 0.02246238 -0.06288061 0.05820917
v 0.02366005 -0.06842612 0.05637176
v 0.01636751 -0.06374344 0.06085048
v 0.01663175 -0.06923316 0.06004442
v 0.01576281 -0.05507836 0.06545079
v 0.01530121 -0.05109973 0.06652103
v 0.01485609 -0.04796115 0.06630947
v 0.01436495 -0.04537049 0.06555073
v 0.00430253 -0.02323749 0.06549580
v 0.00621656 -0.01734411 0.06462755
v 0.00472989 -0.01634648 0.06672130
v 0.00902086 -0.01306482 0.07244684
v 0.00168657 -0.01634737 0.06925995
v 0.01223844 -0.01136530 0.07184286
v 0.01008257 -0.01179417 0.07334921
v 0.01068317 -0.00994688 0.07412262
v 0.01231999 -0.00930042 0.07297008
v 0.00802366 -0.01213707 0.07455066
v 0.00952929 -0.01012990 0.07511289
v 0.00295058 -0.01264045 0.07629501
v 0.00408584 -0.00937909 0.07829744
v 0.00542666 -0.00387410 0.07822465
v 0.00475869 -0.00727340 0.07885335
v 0.01108432 -0.00827927 0.07448519
v 0.01291820 -0.00647048 0.07275888
v -0.09541222 0.01565228 -0.06625397
v 0.01318293 -0.00341279 0.07037919
v 0.01662236 -0.00557384 0.06720361
v 0.00957502 0.13338903 -0.04167946
v 0.01385252 -0.04366281 0.06499264
v 0.01300650 -0.04264570 0.06315723
v -0.08043914 -0.02147243 -0.04866003
v -0.08723549 0.00500891 -0.06331157
v 0.01619810 -0.06210696 0.04815999
v 0.01650299 -0.05653993 0.05050690
v 0.01158033 -0.05573520 0.05218830
v -0.08729510 0.02207981 -0.05887756
v -0.09052246 0.02310754 -0.05951274
v 0.01106883 -0.06154169 0.05023822
v 0.00895412 -0.04176537 0.06449238
v -0.09358100 -0.00572525 -0.07141411
v -0.09604592 0.01430043 -0.06803147
v -0.09453212 0.01276392 -0.06714649
v -0.08844583 0.01398389 -0.05449263
v -0.08218542 -0.01243479 -0.06579579
v -0.08791550 -0.01197520 -0.06273179
v -0.08639120 -0.01474768 -0.06186976
v -0.08145564 -0.01424362 -0.06519923
v -0.07858749 0.00044155 -0.06022633
v 0.00839022 -0.04707181 0.05779064
v 0.01232705 -0.04777862 0.05678386
v 0.00920313 -0.04267392 0.06630437
v 0.00959568 -0.04447664 0.06721433
v 0.01006354 -0.04729399 0.06860389
v 0.00787086 -0.05505296 0.05287647
v 0.00723342 -0.06140336 0.05104046
v -0.07624211 -0.01615336 -0.03985161
v 0.02612389 -0.05696668 0.04607809
v -0.08539676 -0.02718955 -0.05433816
v -0.08619912 -0.02613997 -0.05702968
v -0.03324160 -0.03558425 -0.12408858
v -0.03693825 -0.02412349 -0.13007903
v -0.09519611 -0.00583736 -0.07492685
v 0.02694057 -0.06136177 0.04372257
v 0.02157792 -0.05801995 0.04881181
v 0.02169318 -0.06157383 0.04651018
v 0.01018328 -0.06924620 0.06298604
v 0.00997560 -0.06372884 0.06274462
v 0.01029809 -0.05096056 0.06931354
v 0.01011041 -0.05561403 0.06791998
v 0.02252059 0.11880478 -0.11071966
v 0.06220741 0.07763880 -0.00569108
v 0.06073644 0.07084332 0.00132032
v -0.08787090 0.01852416 -0.06209742
v 0.05392883 0.07814978 0.00852383
v 0.05557701 0.08342938 0.00203029
v 0.06291024 0.08604194 -0.01370430
v 0.05615979 0.09073103 -0.00550891
v 0.03984082 0.12566015 -0.06118844
v 0.04022602 0.12482940 -0.04690734
v 0.02084205 0.13076769 -0.04292873
v 0.03478112 0.12582044 -0.07525035
v 0.04755890 0.11738455 -0.08492447
v 0.04966404 0.11997959 -0.06541593
v 0.04929578 0.11969263 -0.04996289
v -0.08230182 -0.02198002 -0.04969719
v -0.08255376 -0.02754002 -0.04718652
v -0.08081310 -0.02663535 -0.04550147
v -0.08363870 0.00818154 -0.06044145
v 0.02761945 -0.08938122 -0.11517692
v 0.05378997 0.04484901 -0.13269791
v 0.04777884 0.11849431 -0.03614777
v 0.03939137 0.12275246 -0.03320616
v 0.03873846 0.11934143 -0.02098303
v 0.04629190 0.11594317 -0.02453763
v 0.02057121 0.12807263 -0.02863517
v 0.00942909 0.13021448 -0.02688818
v 0.01869772 0.00585958 -0.14906803
v 0.00519371 0.01469830 0.06279439
v 0.04991171 -0.05156162 -0.09680279
v 0.06069626 -0.05226674 -0.07895239
v 0.06493483 -0.10566504 -0.05190441
v 0.07391279 -0.02854895 -0.05831951
v 0.07353967 -0.02775183 -0.05907035
v 0.06405420 -0.06765921 -0.05813003
v 0.06484538 -0.05321594 -0.05970015
v 0.03937302 -0.05056012 -0.10907505
v 0.08238757 -0.01687160 -0.06923309
v 0.08298420 -0.01315212 -0.07059248
v 0.08381147 -0.01766688 -0.06843464
v 0.08432557 -0.01356968 -0.07002009
v 0.08440392 -0.00919429 -0.07083938
v 0.08463602 -0.01945874 -0.06743141
v 0.08155368 0.01913496 -0.05792370
v 0.08367478 0.02052104 -0.05682838
v -0.08222674 -0.01754408 -0.06833977
v -0.08210047 -0.01534570 -0.06971257
v 0.07341943 -0.02979421 -0.05367500
v 0.07325218 -0.02910924 -0.05553422
v -0.06998026 -0.00665505 -0.05697229
v 0.07255571 -0.02941627 -0.05480072
v 0.07240914 -0.02984226 -0.05328360
v 0.07331717 -0.03071155 -0.05191143
v 0.07228871 -0.03043510 -0.05204215
v 0.08009314 0.03685560 -0.04840889
v 0.07084472 -0.02969468 -0.05637785
v 0.07260916 -0.02819920 -0.05881393
v 0.07272856 -0.02866107 -0.05709936
v 0.07211131 -0.02924999 -0.05561786
v 0.07184673 -0.03017838 -0.05341883
v 0.07187160 -0.03108954 -0.05148694
v 0.07262895 -0.03188370 -0.05067641
v -0.08477038 -0.02363073 -0.06528337
v -0.08116539 -0.02865980 -0.05910310
v -0.06583895 -0.08156461 -0.05541553
v -0.06318821 -0.07955214 -0.07166491
v -0.06439653 -0.09120937 -0.06895924
v -0.06648802 -0.09483600 -0.05281865
v -0.07681460 -0.00228204 -0.04153538
v -0.07707454 -0.00947316 -0.04423654
v -0.07709002 -0.01069496 -0.04206410
v 0.08521041 -0.02059943 -0.06761273
v 0.07826529 -0.03119615 -0.05584924
v -0.02770268 -0.10819325 0.00380957
v -0.02475427 -0.12123717 0.00065434
v 0.08014372 0.01160575 -0.06387754
v 0.08039469 0.00949878 -0.06567681
v 0.08312069 0.01098996 -0.06683633
v 0.08291057 0.01330731 -0.06529974
v 0.06082572 -0.01173539 -0.10974071
v 0.06294018 -0.00005888 -0.11393119
v 0.01274134 -0.08721709 -0.12010352
v 0.01269513 -0.07361947 -0.11962835
v 0.07810157 0.03363444 -0.09707639
v 0.08015165 0.01331418 -0.06246414
v 0.08301550 0.01521795 -0.06383482
v 0.08327168 -0.00896290 -0.07104523
v 0.07843702 0.01288459 -0.06287561
v 0.07878900 0.01094957 -0.06431436
v 0.08452984 0.01679930 -0.06534062
v 0.08439518 0.01468051 -0.06689823
v 0.08419037 0.01222416 -0.06837097
v 0.07913647 0.00881822 -0.06589714
v -0.07619222 -0.01538882 -0.03607703
v -0.07501458 -0.01540559 -0.02396381
v -0.07636064 0.00069507 -0.02461273
v -0.07603456 -0.00516008 -0.03566442
v 0.08141180 0.01699964 -0.06407417
v 0.08184864 0.06604890 -0.07119083
v 0.08130563 0.05993850 -0.08564276
v 0.07795205 0.08355474 -0.07383803
v 0.07723032 0.07842623 -0.08944318
v 0.07281069 0.07227477 -0.10571648
v 0.07655907 0.05256101 -0.10211819
v 0.08162314 0.01894560 -0.05834211
v 0.08463255 0.02132070 -0.05730410
v 0.06349903 0.09300183 -0.02122453
v 0.06890185 0.08821591 -0.02855578
v 0.05639063 0.09714346 -0.01241926
v 0.05632498 0.10291770 -0.01887211
v 0.06298332 0.09956200 -0.02796436
v 0.07066059 0.09286973 -0.04036095
v 0.08107724 0.05632445 -0.05677426
v 0.07963967 0.07156360 -0.05665713
v 0.07601812 0.07558145 -0.04267323
v -0.06272189 0.03054143 0.01417547
v -0.06402238 0.03152841 0.00912420
v -0.06450322 0.02251912 0.00877971
v -0.06246975 0.02341839 0.01297177
v 0.07544214 0.08852022 -0.05779659
v 0.06645752 0.10246145 -0.04636861
v 0.07038298 0.09899705 -0.06103164
v 0.05931139 0.11127706 -0.04993809
v 0.06167995 0.10937070 -0.06480212
v 0.06162637 0.10682383 -0.08089039
v 0.07229015 0.09500024 -0.07646050
v 0.06122871 0.10544089 -0.03391254
v 0.05481635 0.10811568 -0.02407850
v 0.05616150 0.11216914 -0.03714120
v 0.05261908 0.11243500 -0.02846857
v 0.07355092 0.07716408 -0.03519388
v 0.06726844 -0.03592945 -0.05193523
v 0.06994386 -0.03676102 -0.04613189
v -0.02026226 0.08882561 0.03054308
v -0.01010801 0.08990028 0.03302294
v -0.01043496 0.09682224 0.02781922
v -0.02079467 0.09578877 0.02519855
v 0.07403690 -0.02554036 -0.03731014
v -0.03880034 -0.01521609 -0.13337961
v -0.04048171 -0.00405290 -0.13708809
v -0.02017746 -0.00733889 -0.14462379
v -0.01916925 -0.01767304 -0.14041878
v 0.07224712 -0.00002855 -0.00143274
v 0.07093527 0.01307607 -0.00416194
v 0.07514047 0.00496820 -0.01475514
v 0.07432733 -0.01040520 -0.01285187
v -0.02122063 0.11420779 0.00411114
v -0.01072036 0.11562353 0.00671815
v -0.01090029 0.12120473 -0.00291237
v -0.02158767 0.11951832 -0.00519356
v -0.05495005 0.00399778 0.02759043
v -0.05682963 -0.00210928 0.02790264
v -0.05293196 -0.00267234 0.03165836
v -0.05162160 0.00357568 0.03074458
v 0.06840670 0.02760511 -0.00571410
v 0.07278366 0.01994671 -0.01653662
v 0.07301329 0.03570921 -0.01826616
v 0.06879746 0.04262352 -0.00548656
v 0.06393167 0.06666096 -0.12113669
v 0.06623220 0.04919686 -0.11988985
v -0.08243871 -0.03161256 -0.04362631
v -0.08123574 -0.03052133 -0.04245049
v 0.06688304 0.03562327 -0.11894154
v 0.04843096 0.05749722 0.02744254
v -0.01111752 0.12606955 -0.01428809
v -0.02207752 0.12417921 -0.01619133
v 0.02186253 0.08859417 -0.14038900
v 0.04612252 0.08225469 0.01587693
v 0.05557698 0.08824705 -0.12002672
v -0.00140492 -0.07201770 -0.12124022
v 0.04212774 0.09440044 -0.12658077
v 0.07173198 0.09018563 -0.09180517
v 0.06858843 0.08493721 -0.10551473
v 0.06061717 0.07833144 -0.12076719
v 0.06601261 0.01843858 -0.11805257
v 0.04670117 0.11157712 -0.01717634
v 0.06005983 0.02408831 0.02050646
v 0.05873052 0.01968888 0.01896077
v 0.06096214 0.02863389 0.02257016
v 0.05639399 0.01480725 0.02030859
v 0.01953782 0.00915252 0.04769400
v 0.01900469 0.00680939 0.04969678
v 0.01844786 0.00420122 0.05178586
v 0.02245815 0.00386616 0.04734692
v 0.02174009 0.00075344 0.04925367
v 0.01442160 0.00426983 0.05698155
v 0.01510597 0.00720963 0.05458856
v 0.01761557 0.00144047 0.05365851
v 0.01760735 -0.00162834 0.05572395
v 0.01461424 0.00137001 0.05975614
v 0.02266211 -0.01568745 0.05262329
v 0.02290571 -0.01028990 0.05007761
v 0.02033194 -0.00546245 0.05217967
v 0.02537459 -0.00253630 0.04738133
v 0.02429061 -0.00604951 0.04873507
v 0.02079069 -0.00212029 0.05067234
v 0.02658647 0.00083908 0.04536290
v 0.01957625 -0.00492578 0.05894854
v 0.02112649 -0.00840753 0.06265828
v 0.01557038 -0.00206850 0.06354693
v 0.01277828 -0.00003522 0.06670742
v 0.01218930 0.00361367 0.06305583
v 0.02314669 0.00634039 0.04545683
v 0.02767340 0.00357982 0.04357351
v 0.02791322 -0.01008052 0.04773579
v 0.03228946 -0.01390007 0.04667207
v 0.02989753 -0.00560756 0.04592112
v 0.03403198 -0.00879017 0.04471736
v 0.03090246 -0.00202886 0.04395043
v 0.03513902 -0.00496720 0.04262526
v 0.03587129 -0.01864704 0.04592235
v 0.03927128 -0.02311425 0.04484293
v 0.04212058 -0.02954898 0.04382594
v 0.04204829 -0.01778384 0.04217108
v 0.04566561 -0.02378795 0.04025825
v 0.04407573 -0.01210053 0.03945640
v 0.04811659 -0.01814242 0.03747618
v -0.01483671 0.01553577 0.04756692
v -0.01512145 0.01755022 0.04443025
v -0.01899618 0.01399547 0.04310982
v -0.01862079 0.01185702 0.04549952
v -0.00798244 0.06087106 0.04643545
v -0.00870311 0.06893542 0.04196764
v -0.01795458 0.06861896 0.04046482
v -0.01685627 0.06079430 0.04554531
v 0.03843368 -0.01266191 0.04331309
v 0.03992779 -0.00843886 0.04106050
v 0.03628980 -0.00122149 0.04063258
v 0.03210821 0.00125683 0.04200592
v 0.04526595 -0.00046775 0.03620540
v 0.04506016 -0.00643631 0.03768232
v 0.04077192 -0.00372936 0.03915440
v 0.04123853 0.00121376 0.03766273
v 0.05013470 -0.01058907 0.03526143
v 0.04994809 -0.00241980 0.03425334
v 0.04896310 0.00298898 0.03293393
v 0.03448301 0.01099355 0.03673922
v 0.02964946 0.01192634 0.03779188
v 0.03796511 0.01051595 0.03548738
v 0.04488242 0.00395152 0.03496867
v 0.04149187 0.00496545 0.03648465
v 0.05234678 0.01042100 0.02590914
v 0.04999005 0.00978256 0.02824624
v 0.04416073 0.00973740 0.03245170
v 0.04132852 0.01006312 0.03407639
v 0.04716925 0.00966452 0.03045463
v 0.02541490 0.01377708 0.03818357
v 0.02095610 0.01614315 0.03866574
v 0.05998860 -0.06586818 -0.07560534
v 0.01163413 0.00689517 0.06027769
v 0.01173721 0.01008916 0.05753122
v 0.01751400 0.03140945 0.04226184
v 0.01568508 0.02900588 0.04145087
v 0.00900930 0.02930652 0.04866816
v 0.02133129 0.03456206 0.04550318
v 0.01786622 0.01912443 0.03898506
v -0.02337569 0.01146281 0.04178117
v -0.02275087 0.00940176 0.04357608
v 0.01601517 0.02172949 0.03915208
v 0.01491445 0.02377027 0.03975703
v 0.01458176 0.02666267 0.04053224
v -0.01052176 0.10360847 0.02148255
v -0.02099473 0.10247958 0.01874983
v -0.02161161 0.13155448 -0.06564675
v -0.02208185 0.13146836 -0.05730495
v -0.01077877 0.13428688 -0.05755635
v -0.01182489 0.13371104 -0.07000953
v 0.03201560 0.04732182 0.04723967
v 0.02915068 0.04052284 0.04974806
v 0.05839859 0.06370536 0.01065838
v 0.06261067 0.05515562 0.00658307
v 0.05359628 0.04269146 0.03151166
v 0.05740302 0.03859962 0.02796246
v 0.06018718 0.03371151 0.02486948
v 0.06517299 0.04342306 0.00358935
v 0.06617102 0.03048252 0.00263960
v 0.06778515 0.01853144 0.00312072
v -0.07347897 -0.00037074 -0.09706084
v -0.07698979 -0.00195654 -0.08143833
v -0.07949816 0.01040907 -0.08255015
v -0.07716442 0.01672811 -0.09898197
v 0.04770481 0.09461740 0.00285865
v -0.03872370 -0.10098714 -0.00867008
v -0.03639440 -0.11377110 -0.01148167
v -0.00186486 -0.08616823 -0.12155132
v 0.04764101 0.10088564 -0.00373325
v 0.04727738 0.08789692 0.00979968
v 0.03830675 0.11479279 -0.01179042
v 0.03829563 0.10982573 -0.00366693
v 0.04735556 0.10657849 -0.01033563
v 0.03871186 0.10409307 0.00332910
v 0.03907065 0.09785733 0.00986139
v 0.03867335 0.09131462 0.01682387
v 0.03782429 0.08546203 0.02269261
v 0.03648900 0.07666637 0.02922407
v 0.04985721 -0.06512462 -0.09485751
v 0.00861052 -0.00735494 0.05970176
v 0.00816393 -0.00750331 0.06013988
v -0.05390020 0.05169058 0.02168521
v -0.05552880 0.05743798 0.01675970
v -0.05928575 0.05039575 0.01299392
v -0.05789173 0.04590387 0.01847653
v 0.00843507 -0.00737020 0.05944886
v 0.00785733 -0.00744107 0.05993007
v 0.00834043 -0.00754916 0.05987528
v 0.00817240 -0.01583357 0.06266801
v 0.00716481 -0.01383892 0.06165873
v 0.00766545 -0.00996252 0.06088828
v 0.07358873 -0.03244657 -0.03968465
v -0.00657749 0.04803002 0.05201007
v -0.01465026 0.04762566 0.05174750
v -0.01289036 0.04138854 0.05228356
v -0.00587248 0.04199504 0.05259733
v -0.06203330 0.01606956 0.01304336
v -0.06479040 0.01354712 0.01029415
v -0.06364049 0.00551408 0.01554999
v -0.06062042 0.00892389 0.01765184
v -0.05740746 0.00516646 0.02414664
v -0.05979963 -0.00056062 0.02406513
v -0.01921692 0.07872698 0.03657657
v -0.00939414 0.07948475 0.03842226
v -0.06212649 0.04128505 0.01013324
v -0.06099512 0.03849762 0.01591945
v -0.01168408 0.01865179 0.04997515
v -0.01247651 0.02033405 0.04621211
v -0.00937504 0.02380160 0.04856689
v -0.00477672 0.02378040 0.05472714
v -0.00437163 0.02720915 0.05246294
v -0.00850251 0.02683370 0.04910479
v -0.03454930 0.06026172 0.03798961
v -0.03541967 0.06767145 0.03307771
v -0.04291155 0.06625792 0.02729564
v -0.04189879 0.05921375 0.03226427
v -0.02109551 0.10848285 0.01189549
v -0.01059620 0.10973036 0.01460713
v -0.00475478 0.03524226 0.05121997
v -0.00991731 0.03495084 0.04989314
v -0.00898275 0.03195472 0.04887337
v -0.00458581 0.03230184 0.05095977
v -0.02740558 0.00711693 0.04199434
v -0.02795149 0.00938460 0.04054876
v -0.07141639 -0.03087538 -0.05046909
v -0.07363920 -0.03201490 -0.04876731
v -0.07673976 0.01662014 -0.03848895
v -0.07586589 0.00574296 -0.03664631
v -0.07604111 0.01384214 -0.02579101
v -0.07523403 0.02696661 -0.02800819
v -0.07727209 0.04002587 -0.03153469
v -0.07840182 0.04768576 -0.03602561
v -0.08018656 0.03128346 -0.04395682
v -0.07835229 0.02569816 -0.04078782
v -0.05944022 -0.08863236 -0.08339422
v -0.05662180 -0.07801371 -0.08748672
v -0.00460003 0.02086743 0.05752581
v -0.00456162 0.01786817 0.06022697
v -0.02191453 0.03695849 -0.15259142
v -0.02150575 0.02258066 -0.15186337
v -0.04246698 0.02704334 -0.14299829
v -0.04257327 0.04077408 -0.14330077
v -0.07060579 -0.01144291 -0.09372914
v -0.07452317 -0.01094082 -0.07903187
v -0.01196248 -0.01100894 0.06290404
v -0.00852073 -0.00667273 0.05926037
v -0.00934031 -0.00947122 0.06022464
v -0.00857213 -0.00666623 0.05920966
v -0.01294535 -0.01337782 0.06504315
v -0.01602715 -0.01315056 0.06640076
v -0.00986924 -0.01401129 0.05946031
v -0.00880769 -0.01386517 0.06003721
v -0.00860536 -0.00923578 0.06051633
v -0.00880429 -0.00663794 0.05934203
v -0.00233664 -0.01532430 0.07200546
v -0.00310615 -0.01372526 0.07493485
v -0.00763816 -0.01281595 0.07375682
v -0.00581722 -0.01450866 0.07175490
v -0.00774954 -0.00661549 0.05989100
v -0.00672160 -0.00907074 0.06159827
v -0.00651468 -0.01074265 0.06754410
v -0.00833920 -0.00824881 0.06319857
v -0.00797550 -0.00685565 0.06049760
v -0.00867387 -0.01049268 0.06657718
v -0.00716919 -0.01613937 0.06460061
v -0.01035237 -0.01063674 0.06501424
v -0.08390437 -0.01924174 -0.05691428
v -0.06446695 -0.06641000 -0.03437954
v -0.06835879 -0.05153810 -0.04305104
v -0.06771877 -0.05245535 -0.04949376
v -0.06539720 -0.06839076 -0.04446225
v -0.08518836 0.00760368 -0.06162763
v -0.06740566 0.05889297 -0.00524223
v -0.06923598 0.07071492 -0.01398291
v -0.07512141 0.05928336 -0.02633754
v -0.07465425 0.04901661 -0.02242728
v -0.06980338 0.08105381 -0.02173102
v -0.07537701 0.07046987 -0.03305275
v -0.07906546 0.05845462 -0.04343473
v -0.08218464 0.03756364 -0.05812341
v -0.04347605 0.01941388 0.03116409
v -0.04361738 0.01929886 0.03126099
v -0.04203491 0.01909927 0.03257467
v -0.04211375 0.01912579 0.03249237
v -0.04300137 0.01957041 0.03062135
v -0.04153826 0.01919512 0.03163235
v -0.04392916 0.01999511 0.02961767
v -0.04448643 0.01961443 0.03005985
v -0.04464767 0.01946499 0.03012354
v -0.02571924 0.02079652 0.03485492
v -0.02651743 0.02100290 0.03431243
v -0.02922629 0.02009912 0.03425468
v -0.02846911 0.02006061 0.03548194
v -0.02543774 0.02054944 0.03514838
v -0.02830044 0.01976699 0.03572311
v -0.03001010 0.02270831 0.02842449
v -0.02947386 0.02297687 0.02840445
v -0.03075294 0.02243806 0.02844860
v -0.02368431 0.02259620 0.03281228
v -0.02375666 0.02363995 0.03269761
v -0.02908491 0.02380228 0.02844002
v -0.02902276 0.02324762 0.02836411
v -0.02420313 0.02212695 0.03303623
v -0.02240144 0.02213669 0.03298890
v -0.02114935 0.02252130 0.03248444
v -0.02098349 0.02415574 0.03253938
v -0.03357402 0.01869897 0.03555175
v -0.03368363 0.01793662 0.03551723
v -0.02887619 0.01826395 0.03586745
v -0.02853438 0.01913914 0.03583597
v -0.03346235 0.01917781 0.03546914
v -0.03691818 0.01926376 0.03447460
v -0.03692413 0.01880091 0.03452817
v -0.03693718 0.01803787 0.03444842
v -0.02551271 0.01923057 0.03570089
v -0.02545692 0.02013358 0.03544277
v -0.03686159 0.01734929 0.03445292
v -0.03382003 0.01727925 0.03539837
v -0.02903151 0.01760673 0.03584542
v -0.02548675 0.01880880 0.03583177
v -0.02268064 0.02015714 0.03532636
v -0.02384049 0.02033318 0.03526105
v -0.03381553 0.01638712 0.03513515
v -0.03395896 0.01548761 0.03520083
v -0.02905251 0.01576336 0.03606826
v -0.02908737 0.01677953 0.03588821
v -0.03684743 0.01641154 0.03412388
v -0.03693035 0.01541709 0.03408969
v -0.04573423 0.01943012 0.02837542
v -0.04629430 0.01985725 0.02747891
v -0.04621862 0.01930386 0.02756546
v -0.04583547 0.01896639 0.02802473
v -0.04879383 0.01638712 0.02488222
v -0.04980549 0.01773468 0.02403079
v -0.05151962 0.01703569 0.02257483
v -0.05027598 0.01549431 0.02389047
v -0.05951271 0.00683189 0.02065006
v -0.05301413 0.01236825 0.02343338
v -0.05449716 0.01395926 0.02128576
v -0.04522677 0.01933536 0.02916743
v -0.04459196 0.01913963 0.03010868
v -0.04523687 0.01956255 0.02918115
v -0.04572153 0.01981598 0.02825204
v -0.04534427 0.01866198 0.02881421
v -0.04460504 0.01852909 0.02985863
v -0.04361277 0.01903830 0.03123242
v -0.04363432 0.01838349 0.03107430
v -0.04198280 0.01816285 0.03240031
v -0.04193852 0.01889646 0.03254841
v -0.03981909 0.01886423 0.03353991
v -0.04018497 0.01919332 0.03347287
v -0.03983176 0.01805717 0.03344726
v -0.04203199 0.01744539 0.03211449
v -0.03985529 0.01735324 0.03327669
v -0.04358756 0.01765675 0.03066081
v -0.04461845 0.01794025 0.02939728
v -0.04542921 0.01819833 0.02830088
v -0.04615637 0.01847849 0.02754048
v -0.04669708 0.01902243 0.02701351
v -0.04576598 0.01757918 0.02768021
v -0.04651195 0.01671281 0.02689989
v -0.04517415 0.01631819 0.02824852
v -0.04476153 0.01726529 0.02886936
v -0.04674583 0.01798069 0.02682129
v -0.04766074 0.01722337 0.02588078
v -0.04368535 0.01704013 0.03017016
v -0.04376617 0.01614097 0.02971601
v -0.04188231 0.01578666 0.03135974
v -0.04198267 0.01672704 0.03182231
v -0.03880304 0.01671843 0.03288816
v -0.03891489 0.01567828 0.03262225
v -0.03350591 0.01936528 0.03543772
v -0.03342105 0.01961351 0.03400725
v -0.03688734 0.01942451 0.03334914
v -0.03698507 0.01931172 0.03440158
v -0.04027354 0.01913010 0.03345549
v -0.03970495 0.01919333 0.03261668
v -0.03657665 0.01903679 0.03240245
v -0.03481941 0.02152888 0.02817752
v -0.03570928 0.02152986 0.02773550
v -0.03936645 0.01895784 0.03169414
v -0.03346892 0.01944620 0.03295959
v -0.03339698 0.02162320 0.02852477
v -0.03009578 0.02030216 0.03303177
v -0.03188590 0.02207005 0.02850119
v -0.02726892 0.02100173 0.03349699
v -0.03566911 0.03106958 0.03660877
v -0.03541748 0.03092122 0.03770520
v -0.04197145 0.02970210 0.03677147
v -0.04133490 0.02972259 0.03575042
v -0.05373734 -0.00029876 -0.12611303
v -0.05510599 0.01521882 -0.13084970
v -0.04211847 0.01034692 -0.14092532
v -0.04264466 0.02768757 0.03397229
v -0.04283547 0.02845216 0.03426532
v -0.04527527 0.02733652 0.03238235
v -0.04487148 0.02657777 0.03205366
v -0.04262530 0.02692382 0.03409208
v -0.04451874 0.02570662 0.03209528
v -0.03991499 0.02811430 0.03600827
v -0.04008141 0.02889797 0.03589339
v -0.04035967 0.02950534 0.03579190
v -0.04381798 0.02464538 0.02798751
v -0.04309097 0.02543230 0.02873516
v -0.04369592 0.02512914 0.03010360
v -0.04469715 0.02455444 0.02879697
v -0.04450284 0.02405146 0.02731535
v -0.04531349 0.02399025 0.02786445
v -0.03898073 0.02381870 0.02570149
v -0.03867090 0.02403132 0.02602021
v -0.03822853 0.02439827 0.02649391
v -0.03910659 0.02354146 0.02550401
v -0.03911383 0.02320883 0.02539778
v -0.03907275 0.02288157 0.02541891
v -0.03898379 0.02256545 0.02558507
v -0.06156794 -0.00902594 0.02149590
v -0.06194740 0.00173203 0.01989336
v -0.06427566 -0.00627161 0.01681438
v -0.04504125 0.01980829 0.02906164
v -0.04557853 0.02017342 0.02819463
v -0.04448614 0.02023102 0.02872221
v -0.04507948 0.02055149 0.02797654
v -0.04616595 0.02076911 0.02735499
v -0.04640982 0.02045888 0.02722693
v -0.04236502 0.01960375 0.02995563
v -0.03784265 0.02162798 0.02687891
v -0.03821877 0.02178292 0.02649227
v -0.04311856 0.02013526 0.02900846
v -0.04111684 0.01920398 0.03067638
v -0.03718380 0.02149945 0.02732481
v -0.03866016 0.02199847 0.02621894
v -0.03882736 0.02226114 0.02584894
v -0.04364991 0.02046909 0.02831296
v -0.04413840 0.02095674 0.02761931
v -0.04550795 0.02125407 0.02745190
v -0.04473647 0.02216813 0.02667899
v -0.04479270 0.02276750 0.02666696
v -0.04567852 0.02185159 0.02717303
v -0.04583238 0.02254782 0.02707796
v -0.04453669 0.02157679 0.02700740
v -0.04470728 0.02344072 0.02688231
v -0.04563286 0.02322676 0.02732200
v -0.04662830 0.01992965 0.02708677
v -0.04667363 0.02085867 0.02690666
v -0.04728593 0.02191231 0.02633130
v -0.04713793 0.01990794 0.02657167
v -0.04785407 0.01984224 0.02583530
v -0.04731360 0.01867898 0.02613742
v -0.04832616 0.02249092 0.02596362
v -0.04967233 0.02294851 0.02526942
v -0.04919934 0.01980690 0.02476178
v -0.04839880 0.01832344 0.02514851
v -0.04638118 0.02144129 0.02696556
v -0.04667996 0.02214848 0.02668855
v -0.04784172 0.02368614 0.02731089
v -0.04869948 0.02460429 0.02726192
v -0.04712484 0.02319074 0.02739150
v -0.04668419 0.02395435 0.02871640
v -0.04712787 0.02459382 0.02874122
v -0.04797180 0.02536502 0.02881202
v -0.04621820 0.02549193 0.03029507
v -0.04692084 0.02628274 0.03052357
v -0.04584204 0.02475494 0.03025180
v -0.04654703 0.02306434 0.02735479
v -0.04609437 0.02377827 0.02837582
v -0.04534797 0.02448740 0.02973516
v -0.04421908 0.02498364 0.03164938
v -0.04229218 0.02604050 0.03371906
v -0.04167431 0.02584358 0.03194750
v -0.03956951 0.02733492 0.03554816
v -0.03894277 0.02679267 0.03385590
v -0.03579186 0.03119456 0.03961309
v -0.04296800 0.03050699 0.03829334
v -0.03864231 0.02684869 0.03186169
v -0.03612621 0.02497714 0.02801403
v -0.03451487 0.02506528 0.02861973
v -0.03551944 0.02672892 0.03316709
v -0.02450330 0.02435058 0.03324965
v -0.02541131 0.02518200 0.03395562
v -0.02988228 0.02427035 0.02895470
v -0.02938189 0.02408200 0.02869947
v -0.02263724 0.02468216 0.03375608
v -0.02420530 0.02552450 0.03470783
v -0.02957292 0.02599372 0.03415707
v -0.03171999 0.02450267 0.02915191
v -0.03063373 0.02435913 0.02911600
v -0.02744413 0.02564863 0.03398429
v -0.02887080 0.02681131 0.03597049
v -0.02596942 0.02615641 0.03539939
v -0.03582466 0.02703303 0.03505327
v -0.02298129 0.07432221 -0.14744216
v -0.02268239 0.05795791 -0.15169272
v -0.04273757 0.06017416 -0.14244227
v -0.04250592 0.07439990 -0.13890487
v -0.04101549 0.02625596 0.03041523
v -0.03732051 0.02473575 0.02726297
v -0.05275038 0.07568000 -0.13096602
v -0.05172669 0.08468784 -0.12750594
v -0.04279117 0.08658363 -0.13311255
v -0.04062922 -0.06460610 -0.10619824
v -0.03015004 -0.07652133 -0.11341972
v -0.02032132 0.02465890 0.03502600
v -0.02227304 0.02583073 0.03552932
v -0.01901772 0.02359430 0.03461128
v -0.01844923 0.02337740 0.03492188
v -0.01958078 0.02476374 0.03515478
v -0.02127568 0.02604968 0.03564557
v -0.02470416 0.02676440 0.03605898
v -0.02396732 0.02713495 0.03658226
v -0.02775306 0.02828521 0.03754811
v -0.02784602 0.02768357 0.03715420
v -0.03556078 0.02818382 0.03673861
v -0.03580128 0.02882227 0.03733541
v -0.02710132 0.02910800 0.03723391
v -0.02335665 0.02768263 0.03623779
v -0.02634880 0.03018869 0.03688692
v -0.02326960 0.02874015 0.03601488
v -0.03604089 0.03041387 0.03679117
v -0.03592234 0.02953776 0.03702312
v -0.02250989 0.02110722 0.03486463
v -0.02023675 0.02150894 0.03483438
v -0.02303497 0.02143478 0.03476487
v -0.02050419 0.02179062 0.03456144
v -0.02435460 0.02164550 0.03398503
v -0.01937342 0.02234898 0.03437614
v -0.01887843 0.02213051 0.03478267
v -0.02524773 0.02159881 0.03349701
v -0.01885940 0.02487206 0.03492216
v -0.01758015 0.02316269 0.03503493
v -0.01799155 0.02546157 0.03434643
v -0.01728380 0.02332863 0.03503102
v -0.02049249 0.02757392 0.03456896
v -0.02052581 0.02639469 0.03504485
v -0.01795219 0.02201570 0.03495340
v -0.01869758 0.02145008 0.03498994
v -0.01745745 0.02214128 0.03520161
v -0.01822659 0.02134642 0.03535721
v -0.02525651 0.01811601 0.03595859
v -0.02514450 0.01742472 0.03622333
v -0.02200813 0.01965119 0.03564276
v -0.02167481 0.01942281 0.03591434
v -0.03383714 0.01460341 0.03513344
v -0.03698484 0.01450547 0.03417325
v -0.03368120 0.01348485 0.03561964
v -0.03707732 0.01325907 0.03438205
v -0.02876825 0.01412453 0.03693808
v -0.02901860 0.01492946 0.03642654
v -0.03608571 -0.12214093 -0.01269301
v -0.04752741 0.01565360 0.02635595
v -0.04867736 0.01447116 0.02586609
v -0.04703286 0.01381342 0.02770149
v -0.04592237 0.01527264 0.02780977
v -0.04419937 0.01498128 0.02942163
v -0.04481200 0.01337642 0.02954229
v -0.04227415 0.01320007 0.03122509
v -0.04186917 0.01464295 0.03107341
v -0.03902409 0.01475139 0.03245189
v -0.04006079 0.01309237 0.03278092
v -0.05083306 0.01911489 0.02342882
v -0.05181001 0.02250704 0.02338386
v -0.05243672 0.01808091 0.02207646
v -0.05423279 0.02167107 0.02142441
v -0.01648625 0.02661666 0.03525298
v -0.01630884 0.02372952 0.03513258
v -0.01529257 0.02707471 0.03699730
v -0.01528956 0.02439667 0.03645419
v -0.01674321 0.02927312 0.03853361
v -0.01816718 0.02911449 0.03573242
v -0.01700583 0.02239560 0.03552417
v -0.01781597 0.02127251 0.03554549
v -0.01619822 0.02236001 0.03634947
v -0.01717197 0.02084301 0.03633183
v -0.02503205 0.01681673 0.03650277
v -0.02467782 0.01596700 0.03708318
v -0.02145276 0.01892125 0.03633187
v -0.02071308 0.01813690 0.03699761
v -0.05218140 -0.01191935 -0.12196352
v -0.05563967 0.03175534 -0.13251176
v -0.05010047 0.03376729 0.03576325
v -0.04746682 0.03129108 0.03648937
v -0.04410170 0.03250784 0.03897543
v -0.04580036 0.03529152 0.03948068
v -0.05327373 0.03731389 0.03389423
v -0.05563572 0.03418956 0.03048684
v -0.05275138 0.03172591 0.03223704
v -0.05012053 0.02988292 0.03360806
v -0.05343549 0.02495077 0.02475721
v -0.05144740 0.02532806 0.02632527
v -0.05186204 0.02671140 0.02823960
v -0.05390084 0.02696571 0.02670158
v -0.05571753 0.02479421 0.02248095
v -0.05650098 0.02759995 0.02467228
v -0.05356086 0.02922095 0.02929867
v -0.05127255 0.02827513 0.03077437
v -0.05644061 0.03055485 0.02759439
v -0.02434171 0.03305957 0.04108805
v -0.02471004 0.03216239 0.03889052
v -0.02227162 0.03053671 0.03684393
v -0.02104441 0.03087706 0.03832918
v -0.02354818 0.03410341 0.04246665
v -0.01902066 0.03144785 0.04004500
v -0.03827537 0.03568489 0.04297195
v -0.03709910 0.03349636 0.04139455
v -0.02600138 0.03085526 0.03653707
v -0.02393975 0.02950335 0.03624076
v -0.02547063 0.03075110 0.03665684
v -0.02350484 0.02950246 0.03620741
v -0.06039340 0.09597639 -0.10919578
v -0.06253881 0.10186305 -0.09667700
v -0.04572327 0.11303166 -0.10266138
v -0.04490477 0.10552645 -0.11516453
v -0.04315558 0.02861887 0.03494960
v -0.04433094 0.02879835 0.03530244
v -0.04665847 0.02781588 0.03349308
v -0.04574525 0.02764745 0.03319694
v -0.04776289 0.02667999 0.03097283
v -0.04852410 0.02699106 0.03148310
v -0.04936355 0.02612688 0.02961269
v -0.04877387 0.02589208 0.02934196
v -0.04921037 0.02523276 0.02785889
v -0.04963584 0.02536972 0.02757742
v -0.02338391 0.02990716 0.03681665
v -0.02520196 0.03092771 0.03760334
v -0.05435381 0.06325001 -0.13296929
v -0.04475503 0.07432462 0.02264725
v -0.05179203 0.07076167 0.01595751
v -0.04965068 0.06356131 0.02106826
v -0.04537442 0.02958390 0.03653171
v -0.04793890 0.02859564 0.03426303
v -0.04963180 0.02758006 0.03168231
v -0.05049201 0.02648789 0.02945384
v -0.05072090 0.02562758 0.02783768
v -0.07670350 -0.01350791 -0.04181597
v -0.07702591 -0.01354265 -0.04385259
v -0.08464246 -0.00409109 -0.07129087
v -0.08294919 0.00232568 -0.06990670
v -0.08168854 0.00595516 -0.06873696
v -0.08478725 0.01352000 -0.05602951
v -0.08633764 0.01700024 -0.05909410
v -0.08947907 -0.02213329 -0.06244000
v -0.08637309 -0.02446658 -0.05851832
v -0.08932696 -0.02148231 -0.06318329
v -0.09359598 0.01311538 -0.06756388
v -0.09425927 0.01144416 -0.06884202
v -0.09538021 0.01110741 -0.06827475
v -0.04529600 -0.03465576 -0.11361144
v -0.04999147 -0.02137640 -0.11887082
v -0.09460030 0.00969739 -0.07013671
v -0.07836387 -0.00887386 -0.04692816
v -0.08566140 -0.00438653 -0.07147747
v -0.08723523 -0.00475695 -0.07316447
v -0.08823758 -0.00961789 -0.07295903
v -0.08752940 -0.00928622 -0.07242963
v -0.08760583 -0.01487397 -0.07097680
v -0.08699486 -0.01419949 -0.07056343
v -0.09051678 -0.01856420 -0.06615866
v -0.09066813 -0.01420414 -0.06907181
v -0.08732262 0.01745387 -0.06041612
v -0.08745735 0.01679167 -0.05966638
v -0.08804479 0.01751365 -0.06066386
v -0.07923383 -0.01004902 -0.04839633
v -0.08284701 0.01108377 -0.05599338
v -0.08257435 0.00942613 -0.05416741
v -0.08229814 0.00980090 -0.05469851
v -0.07727409 -0.00562590 -0.05319446
v -0.07701372 -0.00483743 -0.05345127
v -0.07842640 -0.00698454 -0.05262097
v -0.08004952 -0.00803911 -0.05014833
v -0.07493877 -0.01578500 -0.05216932
v -0.07482819 -0.01658985 -0.05359512
v -0.07452936 -0.01714499 -0.05244388
v -0.09123931 0.02319880 -0.06251508
v -0.08264106 0.00850982 -0.05367564
v -0.08385997 0.00963561 -0.05408127
v -0.08469909 0.01072430 -0.05447229
v -0.08898591 0.01682145 -0.06057023
v -0.08523857 0.01159631 -0.05463116
v -0.08419687 0.01160799 -0.05500014
v -0.08555503 0.01330061 -0.05578959
v -0.08351219 0.01161953 -0.05539333
v -0.08065071 -0.01343214 -0.06626279
v -0.07936764 -0.01343094 -0.06444655
v -0.07780530 0.00706245 -0.04282323
v -0.07835341 0.00482393 -0.04559971
v -0.08530757 -0.02519277 -0.05614584
v -0.08094878 0.01183767 -0.06317841
v -0.08146600 0.01541524 -0.06491625
v -0.09224664 -0.00999525 -0.07072020
v -0.08626440 -0.01652019 -0.05985646
v -0.08384903 -0.01765322 -0.05891342
v -0.08894141 -0.01519205 -0.06123806
v -0.09051678 -0.01255707 -0.06319779
v -0.07911909 0.00270271 -0.05834014
v -0.08814869 0.00700182 -0.06386460
v -0.08873230 0.00491969 -0.06470230
v -0.08678745 0.00714771 -0.06266306
v -0.08237475 0.01905365 -0.06301549
v -0.08283880 0.01886666 -0.06053171
v -0.08040307 0.01484598 -0.06220251
v -0.08282255 0.01699770 -0.06015623
v -0.07658102 -0.01245844 -0.05200056
v -0.07595744 -0.01805297 -0.05481268
v -0.07695970 -0.01678456 -0.05716621
v -0.07682512 -0.01877512 -0.05619377
v -0.07766762 -0.01781822 -0.05827746
v -0.07775532 -0.01673478 -0.06003902
v -0.07800148 -0.01515774 -0.06158075
v -0.07944247 -0.01304352 -0.06200747
v -0.07614164 -0.00855543 -0.05295803
v -0.08204736 0.01989179 -0.05097008
v -0.07573696 -0.01031723 -0.05283003
v -0.07755823 -0.00687629 -0.05283699
v -0.07750290 -0.00856208 -0.05238234
v -0.07707230 -0.01042688 -0.05206126
v -0.08218884 -0.02019688 -0.05239068
v -0.08216005 -0.01895875 -0.05538028
v -0.08079623 -0.01925760 -0.05167942
v -0.08240268 -0.01854490 -0.05767564
v -0.07956348 -0.01881459 -0.05142491
v -0.08225454 0.01308799 -0.06241436
v -0.08296590 0.01641984 -0.06196471
v -0.07682787 -0.00993715 -0.04002321
v -0.06683728 -0.00138863 0.01136575
v -0.06841199 0.00825622 0.00536348
v -0.02624935 -0.05370246 0.04264807
v -0.02543369 -0.05627845 0.04320892
v -0.05814754 -0.01184111 0.02588044
v -0.05320814 -0.01526196 0.03076260
v -0.02449289 -0.04928338 0.05481686
v -0.02355705 -0.04990561 0.05516515
v -0.02249429 -0.04925751 0.05549522
v -0.02344884 -0.04906363 0.05490353
v -0.02073270 -0.04713006 0.05368353
v -0.02181280 -0.04797796 0.05274338
v -0.02203514 -0.04833998 0.05405798
v -0.02104110 -0.04785549 0.05492320
v -0.02982829 -0.03224428 0.05258913
v -0.03291092 -0.02770816 0.04799635
v -0.03543868 -0.03250927 0.04749821
v -0.03241297 -0.03666446 0.05154748
v -0.02380964 -0.05027251 0.04497864
v -0.02372304 -0.04863719 0.04540239
v -0.02272618 -0.04813363 0.04863192
v -0.02260939 -0.04878720 0.04817965
v -0.02369092 -0.05121192 0.04511617
v -0.02243893 -0.04911494 0.04819952
v -0.02611267 -0.05204448 0.04231887
v -0.02581111 -0.04938518 0.04229023
v -0.03421996 -0.05573461 0.04895172
v -0.03030316 -0.05379474 0.05150215
v -0.03164989 -0.05068665 0.05170713
v -0.03576153 -0.05130973 0.04934913
v -0.02730495 -0.01847098 0.04833724
v -0.03050173 -0.02266288 0.04805661
v -0.02731531 -0.02797160 0.05182638
v -0.02402536 -0.02237640 0.05117025
v -0.02108414 -0.01697013 0.05180573
v -0.02406688 -0.01340498 0.04889995
v -0.02169694 -0.00738958 0.05502452
v -0.02280999 -0.01170311 0.05667308
v -0.02198122 -0.01287215 0.06044692
v -0.02261961 -0.01014306 0.05914241
v -0.01910560 -0.01760511 0.05886966
v -0.02234855 -0.01469099 0.05494471
v -0.01365455 -0.01843606 0.05957731
v -0.01340862 -0.01799563 0.06043679
v -0.01904850 -0.01798623 0.05747429
v -0.01851555 -0.01926453 0.05610574
v -0.01392010 -0.01938261 0.05894579
v -0.01256118 -0.01740454 0.06102454
v -0.01615460 -0.01711107 0.06085945
v -0.01834940 -0.01467762 0.06256744
v -0.00493940 -0.01533673 0.06939711
v -0.00653902 -0.01424995 0.07148223
v -0.01143667 0.01628807 0.05306881
v -0.01472741 0.01284718 0.05006733
v -0.01133742 0.01358563 0.05531406
v -0.01446608 0.01034639 0.05221221
v -0.01759972 -0.01213294 0.06610314
v -0.02011804 -0.00980372 0.06485809
v -0.01450417 -0.01077864 0.06984714
v -0.01588124 -0.00783975 0.06965225
v -0.00433490 0.02987801 0.05143389
v -0.00226366 -0.01912305 0.06510361
v -0.00266004 -0.01987941 0.06488214
v -0.00195337 -0.01729687 0.06675138
v -0.02352363 0.09812378 -0.13363324
v -0.02394794 0.11084700 -0.12207749
v -0.02302577 0.12429064 -0.09834656
v -0.02065361 0.12863028 -0.08562565
v -0.00518803 -0.04074253 0.06889664
v -0.00508547 -0.03724975 0.06899067
v -0.01209939 -0.04684729 0.05243323
v -0.00698828 -0.04721513 0.05379279
v -0.00690505 -0.04833420 0.05715941
v -0.01221296 -0.04825889 0.05581185
v -0.01575067 -0.04779498 0.05417202
v -0.01627079 -0.04646103 0.05073791
v -0.01207715 -0.04543331 0.04986446
v -0.00676823 -0.04553251 0.05057130
v -0.01157399 -0.04913635 0.06180384
v -0.00639810 -0.04889929 0.06408205
v -0.00569947 -0.04709419 0.06648583
v -0.01134401 -0.04741741 0.06389922
v -0.02063233 -0.02401405 0.05510643
v -0.01653206 -0.02302503 0.05806280
v -0.01177348 -0.02258304 0.06154034
v -0.00779994 -0.02267160 0.06405280
v -0.00684681 -0.02021859 0.06337373
v -0.01005111 -0.01972616 0.06135992
v -0.00650176 -0.01909499 0.06319120
v -0.00966022 -0.01878501 0.06142728
v -0.00931548 -0.01806037 0.06157970
v -0.01005325 -0.01755309 0.06186099
v -0.00790967 -0.01723980 0.06313213
v -0.00860135 -0.01675504 0.06310428
v -0.00628982 -0.01819780 0.06316571
v -0.00502374 0.00791119 0.06902518
v -0.00455591 0.01127169 0.06563609
v -0.01014791 -0.03521587 0.06725916
v -0.00524911 -0.03442624 0.06862050
v -0.00480877 -0.02936620 0.06709070
v -0.00983241 -0.02940274 0.06609728
v -0.01480450 -0.03031113 0.06370751
v -0.01557065 -0.03725502 0.06455991
v -0.00299422 -0.02093093 0.06482109
v -0.01012423 -0.03810313 0.06710687
v -0.01022904 -0.04128529 0.06679910
v -0.01553274 -0.04030275 0.06439793
v -0.01533945 -0.04301223 0.06374533
v -0.02043129 -0.04045686 0.06120463
v -0.02041503 -0.03311357 0.06062300
v -0.02616720 -0.03594667 0.05712605
v -0.02395180 -0.04356562 0.05800624
v -0.03182897 -0.04744502 0.05271890
v -0.02604821 -0.04967900 0.05421989
v -0.02605300 -0.04829337 0.05470086
v -0.02598061 -0.04700574 0.05531554
v -0.03129736 -0.04386148 0.05364938
v -0.03573653 -0.04665020 0.05048736
v -0.03468566 -0.04150415 0.05118299
v -0.02971134 -0.04026129 0.05486520
v -0.02553761 -0.04550723 0.05618628
v -0.02480575 -0.04855252 0.05507902
v -0.02360139 -0.04869939 0.05504616
v -0.02466782 -0.04782094 0.05556948
v -0.02345054 -0.04835837 0.05545475
v -0.02426794 -0.04711967 0.05623828
v -0.02309703 -0.04810057 0.05596577
v -0.02218138 -0.04745340 0.05687675
v -0.02318834 -0.04589265 0.05752992
v -0.02160619 -0.04840143 0.05359460
v -0.02068228 -0.04861740 0.05423440
v -0.02068872 -0.04886217 0.05524801
v -0.02152783 -0.04880767 0.05440426
v -0.02213799 -0.04830033 0.05300421
v -0.02195625 -0.04868206 0.05400993
v -0.02260477 -0.04816340 0.04920151
v -0.02217417 -0.04757785 0.04966598
v -0.02234134 -0.04805802 0.05251151
v -0.02250056 -0.04848470 0.05352139
v -0.02256794 -0.04877474 0.05475608
v -0.02251581 -0.04861566 0.05490813
v -0.02214975 -0.04860584 0.05531435
v -0.02141091 -0.04848340 0.05615166
v -0.01524404 -0.04550458 0.06279108
v -0.01909781 -0.04519557 0.06046468
v -0.01863068 -0.04718282 0.05931700
v -0.01522566 -0.04809284 0.06120180
v -0.01829388 -0.04873995 0.05812233
v -0.01681062 -0.04504804 0.04776305
v -0.01510688 -0.04915079 0.05920675
v -0.02006076 -0.04650486 0.04811782
v -0.02106119 -0.04538437 0.04530508
v -0.01939158 -0.04752415 0.05159065
v -0.02332938 -0.04795166 0.04618877
v -0.02286140 -0.04719852 0.04637433
v -0.02521236 -0.04750545 0.04272695
v -0.02423819 -0.04621191 0.04339792
v -0.01821615 -0.04878942 0.05657550
v -0.01979839 -0.04310707 0.06100772
v -0.01058154 -0.04428235 0.06556422
v -0.00534869 -0.04386657 0.06796419
v -0.00578189 0.00002757 0.07608937
v -0.00558105 0.00438558 0.07234674
v -0.02162554 -0.04852095 0.05553275
v -0.01254931 -0.13129582 0.00421741
v -0.02497286 -0.05066010 0.05442593
v -0.02316980 -0.05310696 0.04553604
v -0.02168500 -0.04967005 0.04866578
v -0.03094755 -0.05996609 0.05002813
v -0.02549848 -0.06358667 0.05330887
v -0.02330950 -0.05915667 0.05566214
v -0.02764739 -0.05674082 0.05273237
v -0.02028732 -0.05290903 0.05846384
v -0.02324646 -0.05169968 0.05597562
v -0.02191318 -0.05020119 0.05669346
v -0.01885927 -0.05056094 0.05923082
v -0.01795444 -0.04871663 0.05964092
v -0.02079199 -0.04909375 0.05683205
v -0.01606379 -0.04480591 0.05854012
v -0.01090454 -0.04307799 0.06118587
v -0.01095664 -0.04774746 0.05554913
v -0.01605071 -0.04945000 0.05340609
v -0.02052459 -0.04931786 0.05002788
v -0.01975114 -0.04651006 0.05473584
v -0.01661647 -0.04605170 0.05938226
v -0.01988448 -0.04726022 0.05611739
v -0.01151234 -0.04408501 0.06251041
v -0.02421010 -0.12792160 -0.00277416
v -0.02021869 -0.04802488 0.05666319
v -0.01714334 -0.04703699 0.05950436
v -0.01233078 -0.04537141 0.06297045
v -0.01330390 -0.04785801 0.06328985
v -0.01393594 -0.05050575 0.06337903
v -0.01509786 -0.05376048 0.06271451
v -0.01747073 -0.06147586 0.05909514
v -0.01902894 -0.06690160 0.05723114
v -0.01124378 -0.06261058 0.06129179
v -0.01225888 -0.06810038 0.06068524
v -0.00963474 -0.05430767 0.06641313
v -0.00875651 -0.05028581 0.06731690
v -0.00812407 -0.04720023 0.06674020
v -0.00746450 -0.04448238 0.06605256
v -0.00374928 -0.02297919 0.06515749
v -0.00630402 -0.01685500 0.06440014
v -0.00494761 -0.01609489 0.06665124
v -0.00926401 -0.01259744 0.07222764
v -0.00196760 -0.01629047 0.06922030
v -0.01261195 -0.01099045 0.07163954
v -0.01043772 -0.01141922 0.07317296
v -0.01127676 -0.00976728 0.07418219
v -0.01286451 -0.00907889 0.07299956
v -0.00855481 -0.01191431 0.07447983
v -0.01008203 -0.00994278 0.07514350
v -0.00366719 -0.01268371 0.07631219
v -0.00467522 -0.00937080 0.07839458
v -0.00565548 -0.00377894 0.07814617
v -0.00511117 -0.00723456 0.07875591
v -0.01167197 -0.00807807 0.07461495
v -0.01311994 -0.00614638 0.07269303
v -0.01334126 -0.00289818 0.07038096
v -0.01649133 -0.00501182 0.06704997
v -0.01133286 0.13327365 -0.04184847
v -0.00662776 -0.04279722 0.06550656
v -0.00566497 -0.04176528 0.06356540
v -0.01116694 -0.06001386 0.04856464
v -0.01090408 -0.05481341 0.05119999
v -0.00606766 -0.05432049 0.05211193
v -0.00595127 -0.06008045 0.05032928
v -0.00134984 -0.04146613 0.06473128
v -0.00176338 -0.04678566 0.05792270
v -0.00594195 -0.04692348 0.05700056
v -0.00165024 -0.04231542 0.06654937
v -0.00221204 -0.04414010 0.06742855
v -0.00279369 -0.04690059 0.06878778
v -0.00214655 -0.05444054 0.05296455
v -0.00205342 -0.06053527 0.05096328
v -0.02153919 -0.05396552 0.04668124
v -0.02249515 -0.05861373 0.04444922
v -0.01642627 -0.05526555 0.04922012
v -0.01695504 -0.05891168 0.04704257
v -0.00532431 -0.06856556 0.06299543
v -0.00481840 -0.06307745 0.06281103
v -0.00335025 -0.05055038 0.06943934
v -0.00377468 -0.05516104 0.06823438
v -0.02383515 0.11882750 -0.11084624
v -0.06366505 0.07765830 -0.00631370
v -0.06141323 0.07062950 0.00067715
v -0.05468424 0.07798720 0.00789827
v -0.05699962 0.08363141 0.00145106
v -0.06445240 0.08594985 -0.01432377
v -0.05772419 0.09074237 -0.00608998
v -0.04135930 0.12550160 -0.06155702
v -0.04182370 0.12462936 -0.04731660
v -0.02257753 0.13061112 -0.04319993
v -0.03622525 0.12571533 -0.07554425
v -0.04890901 0.11731542 -0.08528278
v -0.05105034 0.11980542 -0.06586417
v -0.05079783 0.11946620 -0.05045084
v -0.03104368 -0.08954725 -0.11502071
v -0.05541172 0.04516134 -0.13294525
v -0.04936279 0.11824187 -0.03665595
v -0.04105467 0.12253167 -0.03364234
v -0.04046127 0.11913401 -0.02143418
v -0.04793948 0.11568431 -0.02506140
v -0.02235925 0.12794687 -0.02889904
v -0.01124327 0.13015215 -0.02702809
v -0.02113028 0.00603802 -0.14908661
v -0.00447032 0.01481988 0.06274546
v -0.05204678 -0.05101361 -0.09655458
v -0.06316761 -0.05179379 -0.07838873
v -0.06778871 -0.10541633 -0.05164277
v -0.07558619 -0.02727800 -0.05813843
v -0.07523145 -0.02654254 -0.05887377
v -0.06605617 -0.06724948 -0.05764985
v -0.06694176 -0.05247477 -0.05901772
v -0.04190655 -0.05021571 -0.10888872
v -0.08391452 -0.01592070 -0.06981598
v -0.08482938 -0.01236156 -0.07099506
v -0.08529537 -0.01673631 -0.06932492
v -0.08607287 -0.01278448 -0.07073528
v -0.08598540 -0.00839844 -0.07150991
v -0.08598341 -0.01845293 -0.06838883
v -0.08258007 0.01902837 -0.05893474
v -0.08475627 0.02030682 -0.05782165
v -0.07513229 -0.02878459 -0.05348107
v -0.07506234 -0.02819580 -0.05541483
v -0.07436482 -0.02845720 -0.05449986
v -0.07422720 -0.02884457 -0.05299154
v -0.07479966 -0.02948294 -0.05159873
v -0.07384866 -0.02929407 -0.05166789
v -0.08094706 0.03679680 -0.04938705
v -0.07160784 -0.02832924 -0.05598950
v -0.07443086 -0.02705008 -0.05850771
v -0.07440077 -0.02758484 -0.05686247
v -0.07393359 -0.02830680 -0.05525958
v -0.07314704 -0.02908288 -0.05292140
v -0.07304189 -0.02984782 -0.05094375
v -0.07404290 -0.03059132 -0.05029612
v -0.08632860 -0.01947357 -0.06853933
v -0.07943849 -0.02989943 -0.05615858
v -0.08175775 0.01187214 -0.06459355
v -0.08199017 0.00985618 -0.06635000
v -0.08448818 0.01141917 -0.06766793
v -0.08421586 0.01364078 -0.06611840
v -0.06301896 -0.01102739 -0.10973769
v -0.06497542 0.00060199 -0.11406940
v -0.01632852 -0.08728366 -0.12006928
v -0.01531123 -0.07356636 -0.11957067
v -0.07929657 0.03430198 -0.09761808
v -0.08166780 0.01349895 -0.06324165
v -0.08426286 0.01541007 -0.06466123
v -0.08497681 -0.00817850 -0.07146858
v -0.07997166 0.01313766 -0.06361347
v -0.08036446 0.01134978 -0.06502143
v -0.08570541 0.01696392 -0.06621896
v -0.08563770 0.01495032 -0.06774891
v -0.08621477 0.01247903 -0.06926396
v -0.08075303 0.00928621 -0.06645362
v -0.08238434 0.01736251 -0.06489502
v -0.08290845 0.06609673 -0.07192378
v -0.08238363 0.06015987 -0.08629522
v -0.07914176 0.08349480 -0.07450071
v -0.07839111 0.07849514 -0.09004018
v -0.07402565 0.07245954 -0.10621268
v -0.07778937 0.05293919 -0.10262538
v -0.08274182 0.01892784 -0.05928980
v -0.08596367 0.02115634 -0.05825047
v -0.06506024 0.09280937 -0.02186674
v -0.07041819 0.08799245 -0.02923928
v -0.05802046 0.09702303 -0.01300483
v -0.05795499 0.10270543 -0.01946885
v -0.06452332 0.09931196 -0.02861297
v -0.07208575 0.09263382 -0.04104578
v -0.08201829 0.05632237 -0.05763095
v -0.08080062 0.07145750 -0.05742683
v -0.07735226 0.07538546 -0.04342761
v -0.07674986 0.08834650 -0.05848370
v -0.06787142 0.10221929 -0.04700311
v -0.07175180 0.09881298 -0.06164486
v -0.06072712 0.11104488 -0.05050232
v -0.06301915 0.10918297 -0.06535663
v -0.06294452 0.10671813 -0.08138866
v -0.07359499 0.09488095 -0.07706219
v -0.06273349 0.10516888 -0.03453970
v -0.05641994 0.10785301 -0.02466908
v -0.05765890 0.11190071 -0.03771694
v -0.05419215 0.11215666 -0.02904229
v -0.07502931 0.07696123 -0.03590542
v -0.06900687 -0.03526162 -0.05147110
v -0.07068949 -0.03555549 -0.04540502
v -0.07538733 -0.02437762 -0.03693463
v -0.07147686 0.00135504 -0.00145390
v -0.07098660 0.01411410 -0.00439085
v -0.07495458 0.00628109 -0.01507008
v -0.07382473 -0.00875940 -0.01292402
v -0.06865460 0.02818120 -0.00633490
v -0.07304223 0.02069340 -0.01697068
v -0.07314479 0.03554216 -0.01882390
v -0.06866869 0.04249061 -0.00617056
v -0.06526536 0.06689122 -0.12151646
v -0.06768948 0.04953597 -0.12024181
v -0.06840504 0.03607704 -0.11929933
v -0.04865300 0.05712006 0.02634777
v -0.02329432 0.08867557 -0.14047694
v -0.04698682 0.08212665 0.01528500
v -0.05692422 0.08834496 -0.12033535
v -0.04348988 0.09450119 -0.12677944
v -0.07299930 0.09015889 -0.09234738
v -0.06987295 0.08502031 -0.10595583
v -0.06194048 0.07846738 -0.12113069
v -0.06772467 0.01903088 -0.11834338
v -0.04838706 0.11135039 -0.01771094
v -0.05859770 0.02449102 0.01945880
v -0.05716177 0.02028307 0.01810862
v -0.05953442 0.02873537 0.02142119
v -0.05516657 0.01556997 0.01981253
v -0.01825107 0.00957259 0.04756482
v -0.01788957 0.00728700 0.04957104
v -0.01752629 0.00473785 0.05173068
v -0.02142450 0.00453392 0.04724038
v -0.02080238 0.00142286 0.04911212
v -0.01404079 0.00484454 0.05715680
v -0.01428813 0.00765534 0.05465829
v -0.01690733 0.00201585 0.05365531
v -0.01719546 -0.00099195 0.05579678
v -0.01433580 0.00196520 0.05986438
v -0.02217138 -0.01456847 0.05263565
v -0.02248754 -0.00929746 0.05019658
v -0.02006901 -0.00463191 0.05228219
v -0.02456954 -0.00168335 0.04750088
v -0.02351887 -0.00516756 0.04873822
v -0.02005822 -0.00139717 0.05055384
v -0.02572099 0.00171325 0.04550612
v -0.01940119 -0.00417281 0.05902742
v -0.02092652 -0.00764701 0.06247427
v -0.01544911 -0.00146652 0.06357715
v -0.01283979 0.00056025 0.06681211
v -0.01224785 0.00429378 0.06334189
v -0.02207687 0.00703075 0.04551006
v -0.02678885 0.00447658 0.04389262
v -0.02686444 -0.00905595 0.04763957
v -0.03107557 -0.01279471 0.04693229
v -0.02894735 -0.00463647 0.04606489
v -0.03276597 -0.00767360 0.04501516
v -0.03000986 -0.00104595 0.04420153
v -0.03403002 -0.00386509 0.04298525
v -0.03424430 -0.01751639 0.04606243
v -0.03721518 -0.02183002 0.04501441
v -0.03958246 -0.02807391 0.04391551
v -0.04012686 -0.01628957 0.04258221
v -0.04334696 -0.02217032 0.04050250
v -0.04227309 -0.01054775 0.03994025
v -0.04605031 -0.01640313 0.03776791
v -0.03680139 -0.01134577 0.04374212
v -0.03847564 -0.00711766 0.04149052
v -0.03517319 -0.00024629 0.04088003
v -0.03112406 0.00217155 0.04226862
v -0.04397509 0.00069921 0.03657744
v -0.04347567 -0.00501820 0.03810880
v -0.03949219 -0.00254291 0.03955315
v -0.04004674 0.00207455 0.03772662
v -0.04822415 -0.00890861 0.03561701
v -0.04821080 -0.00100025 0.03452853
v -0.04760912 0.00412855 0.03330844
v -0.03325081 0.01144287 0.03688560
v -0.02848542 0.01244070 0.03807971
v -0.03681539 0.01095977 0.03560334
v -0.04364008 0.00479811 0.03510240
v -0.04022258 0.00564773 0.03641664
v -0.05090790 0.01127008 0.02593510
v -0.04868282 0.01053918 0.02831731
v -0.04294721 0.01042865 0.03264583
v -0.04009246 0.01060196 0.03416129
v -0.04593826 0.01035598 0.03057932
v -0.02404947 0.01435449 0.03855864
v -0.01956385 0.01661729 0.03885700
v -0.06248153 -0.06547408 -0.07507836
v -0.01147589 0.00748900 0.06055702
v -0.01130257 0.01055227 0.05774022
v -0.01650252 0.03158654 0.04214771
v -0.01449141 0.02930770 0.04137763
v -0.00822926 0.02949966 0.04881391
v -0.02045145 0.03474471 0.04514997
v -0.01632506 0.01950770 0.03900741
v -0.01423630 0.02207756 0.03905898
v -0.01326421 0.02419843 0.03953460
v -0.01309065 0.02700230 0.04037165
v -0.03201918 0.04701110 0.04660466
v -0.02858263 0.04052113 0.04913427
v -0.05838135 0.06329556 0.00961303
v -0.06225057 0.05495032 0.00552127
v -0.05368371 0.04270216 0.03016617
v -0.05717590 0.03862075 0.02691132
v -0.05941732 0.03376785 0.02400742
v -0.06484190 0.04323171 0.00274329
v -0.06611264 0.03106754 0.00183404
v -0.06736640 0.01938733 0.00245666
v -0.04931054 0.09474487 0.00231587
v -0.04933698 0.10085578 -0.00425835
v -0.04875150 0.08825506 0.00921475
v -0.04007340 0.11463611 -0.01225076
v -0.04007624 0.10975801 -0.00412458
v -0.04906223 0.10642593 -0.01086925
v -0.04046115 0.10415258 0.00286292
v -0.04071957 0.09806727 0.00933883
v -0.04019140 0.09171236 0.01620486
v -0.03887934 0.08545333 0.02230847
v -0.03707974 0.07644723 0.02868581
v -0.05281718 -0.06485097 -0.09455119
v -0.00858547 -0.00660151 0.05946872
v -0.00810917 -0.00677122 0.05990903
v -0.00836139 -0.00664609 0.05923814
v -0.00778784 -0.00672500 0.05973218
v -0.00827373 -0.00688474 0.05967689
v -0.00829570 -0.01516224 0.06249554
v -0.00715114 -0.01319339 0.06150657
v -0.00760921 -0.00932769 0.06071944
v -0.07501614 -0.03128168 -0.03895933
v -0.06529854 -0.10143811 -0.06795809
v -0.06058444 -0.09811232 -0.08248249
v 0.06286174 -0.10150319 -0.06837754
v 0.05811704 -0.09817371 -0.08288935
v 0.02239779 -0.13329050 -0.00589684
v 0.03546496 -0.12906873 -0.01444583
v 0.03754703 -0.13788968 -0.01515143
v 0.02348470 -0.14127858 -0.00785601
v 0.06619022 -0.11962195 -0.07400133
v 0.06432980 -0.11073016 -0.06925461
v 0.05966700 -0.10722431 -0.08527318
v 0.06277099 -0.11559590 -0.09072696
v 0.05153488 -0.10498378 -0.09911663
v 0.05450895 -0.11429534 -0.10511296
v 0.04270352 -0.11446645 -0.11590791
v 0.04061097 -0.10344206 -0.10983473
v 0.02750821 -0.10254540 -0.11760103
v 0.02897152 -0.11485275 -0.12280778
v 0.04939332 -0.12390152 -0.02427530
v 0.06028455 -0.11872481 -0.03718809
v 0.06199811 -0.12827905 -0.03967898
v 0.05142336 -0.13328235 -0.02568460
v 0.06564915 -0.11445437 -0.05239613
v 0.06687880 -0.12413060 -0.05634049
v 0.01380339 -0.11497144 -0.12613131
v 0.01308578 -0.10150504 -0.12149992
v 0.02524434 -0.15994522 -0.01144997
v 0.01041160 -0.16193093 -0.00890104
v 0.01096243 -0.15248577 -0.00565287
v 0.02452649 -0.15065955 -0.00983038
v 0.05923937 -0.16352403 -0.03252041
v 0.07362895 -0.15663946 -0.04800559
v 0.07987843 -0.16506225 -0.04423127
v 0.06281053 -0.17334469 -0.02969892
v 0.10234033 -0.16237314 -0.05725751
v 0.11200149 -0.15097146 -0.08065318
v 0.04178437 -0.16732924 -0.02014006
v 0.04388019 -0.17760706 -0.01697332
v -0.00209197 -0.12775935 -0.13371770
v -0.00185697 -0.11485873 -0.12657896
v 0.10177021 -0.14537629 -0.08401290
v 0.10062408 -0.14142294 -0.10931944
v 0.11340417 -0.14729087 -0.10706706
v 0.05681691 -0.16297066 -0.15114990
v 0.05710249 -0.16987503 -0.15416336
v 0.07304285 -0.16515407 -0.15157063
v 0.06859054 -0.15868236 -0.14783627
v 0.07877739 -0.12915811 -0.10431266
v 0.06654303 -0.12997872 -0.12050882
v 0.07532258 -0.13753510 -0.12596849
v 0.08934521 -0.13527499 -0.10859644
v 0.03841997 -0.14700361 -0.14384389
v 0.05753413 -0.14183864 -0.13701613
v 0.05105557 -0.13427572 -0.13186380
v 0.03373107 -0.13663875 -0.13804892
v 0.09170699 -0.14040595 -0.08494338
v 0.08153715 -0.13460349 -0.08287855
v 0.08404217 -0.14915068 -0.06545937
v 0.07609986 -0.14224918 -0.06435254
v 0.06837717 -0.14846814 -0.04688268
v 0.05988761 -0.12266228 -0.11283005
v 0.04629403 -0.12443096 -0.12369042
v 0.03050567 -0.12627797 -0.13052633
v 0.01415606 -0.12737481 -0.13344164
v -0.00145636 -0.17644285 -0.15324672
v -0.00163109 -0.16410404 -0.15105517
v 0.01794264 -0.14912581 -0.14575481
v 0.01604679 -0.13877876 -0.14057142
v 0.09287248 -0.15544648 -0.06324555
v 0.06999009 -0.13378437 -0.06117436
v 0.06431506 -0.13880144 -0.04359604
v 0.06984034 -0.17995682 -0.01835668
v 0.08866524 -0.17364390 -0.03581303
v 0.04822397 -0.18470627 -0.00646184
v 0.02850333 -0.18878043 0.00094480
v 0.01969095 -0.16281304 -0.14981100
v 0.01854956 -0.17487851 -0.15253679
v 0.04020707 -0.17180616 -0.15331995
v 0.04391390 -0.15911311 -0.14957500
v 0.05701568 -0.15395693 -0.03034881
v 0.04125170 -0.15736167 -0.01852413
v 0.02516345 -0.16991273 -0.01141295
v 0.06922024 -0.12294600 -0.09730173
v 0.07194757 -0.12753728 -0.07889201
v 0.05414480 -0.14360458 -0.02816354
v 0.03966729 -0.14784394 -0.01677715
v 0.01030315 -0.14353493 -0.00195065
v 0.02621200 -0.18002783 -0.00766186
v 0.10188382 -0.15167628 -0.12965934
v 0.08807947 -0.15891458 -0.14381145
v 0.08051063 -0.15496461 -0.14242424
v -0.00231042 -0.15020341 -0.14702308
v -0.00172133 -0.15269411 -0.00447075
v -0.00248822 -0.16198881 -0.00829595
v -0.00072701 -0.14394894 0.00005104
v 0.08550802 -0.14638811 -0.13185434
v 0.06387136 -0.15113430 -0.14290182
v -0.00115121 -0.13709132 0.00370423
v -0.00186370 -0.10088554 -0.12253370
v -0.00283402 -0.17357479 -0.01186444
v -0.00274803 -0.18632442 -0.00920582
v -0.00244849 -0.19557348 0.00022995
v 0.01068439 -0.13642246 0.00118274
v 0.01138857 -0.18364412 -0.00748222
v 0.01059788 -0.17224921 -0.01040042
v 0.01230080 -0.19347882 0.00104769
v -0.00200396 -0.13909933 -0.14131467
v -0.02419827 -0.13379602 -0.00544747
v -0.03698780 -0.12924775 -0.01394569
v -0.03852358 -0.13787907 -0.01535747
v -0.02475660 -0.14146490 -0.00789110
v -0.06892331 -0.11996927 -0.07367384
v -0.06691220 -0.11102833 -0.06897985
v -0.06224659 -0.10733852 -0.08491662
v -0.06583306 -0.11592093 -0.09059224
v -0.05459276 -0.10533859 -0.09893287
v -0.05793890 -0.11465776 -0.10515963
v -0.04619652 -0.11485612 -0.11602269
v -0.04403811 -0.10374765 -0.10986655
v -0.03100328 -0.10288173 -0.11766040
v -0.03256496 -0.11517060 -0.12291423
v -0.05086882 -0.12404202 -0.02405291
v -0.06205423 -0.11889718 -0.03714895
v -0.06298150 -0.12832028 -0.03974613
v -0.05277767 -0.13315105 -0.02571522
v -0.06843359 -0.11481925 -0.05203911
v -0.06893580 -0.12467109 -0.05579535
v -0.01736816 -0.11516802 -0.12613180
v -0.01666038 -0.10169946 -0.12148005
v -0.02863880 -0.16017786 -0.01151841
v -0.01452800 -0.16192107 -0.00884928
v -0.01368574 -0.15229312 -0.00613169
v -0.02708303 -0.15068513 -0.01021285
v -0.06118212 -0.16439408 -0.03394673
v -0.07606094 -0.15717117 -0.04904898
v -0.08249731 -0.16553940 -0.04555722
v -0.06544182 -0.17411749 -0.03065240
v -0.10512850 -0.16293605 -0.05848706
v -0.11517994 -0.15139101 -0.08161389
v -0.04471792 -0.16804764 -0.02087742
v -0.04753001 -0.17861150 -0.01727383
v -0.10503431 -0.14590567 -0.08492883
v -0.10429470 -0.14184198 -0.11007113
v -0.11720796 -0.14752614 -0.10783482
v -0.06032842 -0.16351619 -0.15180588
v -0.06053609 -0.17038964 -0.15483409
v -0.07652595 -0.16578618 -0.15223563
v -0.07218676 -0.15935220 -0.14838304
v -0.08255985 -0.13009372 -0.10456974
v -0.07033449 -0.13142245 -0.12095534
v -0.07918843 -0.13824362 -0.12630966
v -0.09305362 -0.13583289 -0.10908253
v -0.04216067 -0.14751059 -0.14409363
v -0.06132356 -0.14216386 -0.13733271
v -0.05464269 -0.13346042 -0.13160871
v -0.03734105 -0.13712132 -0.13813543
v -0.09497439 -0.14086163 -0.08555497
v -0.08443055 -0.13565098 -0.08340964
v -0.08701368 -0.14956737 -0.06615522
v -0.07874595 -0.14289054 -0.06496667
v -0.06999379 -0.14900742 -0.04799154
v -0.06332980 -0.12332321 -0.11298941
v -0.04988723 -0.12497522 -0.12384482
v -0.03431549 -0.12663922 -0.13053323
v -0.01766436 -0.12907431 -0.13398167
v -0.02211264 -0.15070076 -0.14606164
v -0.02095932 -0.13582364 -0.14046441
v -0.09576938 -0.15599900 -0.06433539
v -0.07212473 -0.13426028 -0.06126505
v -0.06569531 -0.13878754 -0.04387980
v -0.07302766 -0.18134409 -0.01900235
v -0.09138869 -0.17413247 -0.03692101
v -0.05243527 -0.18582788 -0.00600010
v -0.03320190 -0.18890913 0.00169889
v -0.02385283 -0.16274957 -0.15011735
v -0.02198169 -0.17500904 -0.15272373
v -0.04294050 -0.17260969 -0.15381579
v -0.04739159 -0.15966718 -0.14999670
v -0.05856637 -0.15432005 -0.03212612
v -0.04362728 -0.15779530 -0.01963496
v -0.02927561 -0.17070124 -0.01180434
v -0.07257003 -0.12369246 -0.09739629
v -0.07486254 -0.12831059 -0.07911637
v -0.05604256 -0.14353901 -0.02858981
v -0.04142077 -0.14802724 -0.01766598
v -0.01320015 -0.14356925 -0.00252016
v -0.03087334 -0.18043047 -0.00736364
v -0.10556519 -0.15214463 -0.13019234
v -0.09177262 -0.15950170 -0.14436419
v -0.08409324 -0.15567359 -0.14294267
v -0.08916208 -0.14705133 -0.13242275
v -0.06736080 -0.15185945 -0.14338335
v -0.01267001 -0.13654281 0.00095544
v -0.01617740 -0.18388024 -0.00688630
v -0.01523724 -0.17280866 -0.01052297
v -0.01670230 -0.19280836 0.00161000
v -0.00862955 -0.00684416 0.05936935
v -0.07225234 -0.03244032 -0.01593897
v -0.07226781 -0.04058917 -0.02361634
v -0.06880116 -0.05307349 -0.01518997
v -0.06889670 -0.04391300 -0.00729767
v -0.06351531 -0.06383945 -0.00641133
v -0.06543260 -0.05290699 -0.00054430
v -0.05630261 -0.07209644 0.00366379
v -0.05983942 -0.06137311 0.00745923
v -0.05031795 -0.07702370 0.01461692
v -0.05425253 -0.06666531 0.01657175
v -0.03505410 -0.08224670 0.03985475
v -0.03371534 -0.08776276 0.03564676
v -0.02680736 -0.09143979 0.04485838
v -0.02705235 -0.08666384 0.04949006
v -0.01876506 -0.09375964 0.05248806
v -0.01885740 -0.08877621 0.05675854
v -0.00959546 -0.09427918 0.05635589
v -0.00915746 -0.08955341 0.06082494
v 0.00131304 -0.09438182 0.05804285
v 0.00154340 -0.08984652 0.06275526
v 0.00205930 -0.07890241 0.06562881
v -0.00728035 -0.07886934 0.06453022
v -0.00813822 -0.08451176 0.06361699
v 0.00168068 -0.08521201 0.06490286
v -0.01532918 -0.07782070 0.06072352
v -0.01731906 -0.08363887 0.05917723
v -0.02252497 -0.07607932 0.05507260
v -0.02526584 -0.08171939 0.05280424
v -0.03100401 -0.07248968 0.04775327
v -0.03369578 -0.07781342 0.04418777
v -0.03772780 -0.06736837 0.04269217
v -0.04127987 -0.07038586 0.03739480
v -0.00946582 -0.09791054 0.04952124
v 0.00106493 -0.09775465 0.05184355
v -0.01802809 -0.09713259 0.04559072
v -0.02548599 -0.09459415 0.03872539
v -0.03197323 -0.09216063 0.03061052
v -0.04355719 -0.08124821 0.02544136
v -0.03864648 -0.08923903 0.02127043
v -0.04620336 -0.08397689 0.01157502
v -0.05195253 -0.07890689 -0.00036942
v -0.06118478 -0.07020850 -0.01225032
v -0.06793074 -0.05833673 -0.02301621
v -0.07178434 -0.04571771 -0.03133496
v -0.07440346 -0.03260782 -0.02924866
v -0.01386134 -0.07311396 0.06088601
v -0.00624421 -0.07364653 0.06398699
v -0.02040498 -0.07151201 0.05625783
v -0.02816590 -0.06806935 0.05065893
v -0.03447246 -0.06355149 0.04671570
v -0.03974659 -0.05162448 0.04565569
v -0.03857198 -0.05793660 0.04545498
v -0.03791292 -0.03838294 0.04709372
v -0.03950908 -0.04514802 0.04672739
v -0.04567394 -0.03050731 0.03853934
v -0.04768515 -0.03986180 0.03628187
v -0.04353692 -0.04300717 0.04164038
v -0.04179410 -0.03478448 0.04273113
v -0.04940065 -0.02350390 0.03418889
v -0.05191503 -0.03520292 0.03057561
v -0.00867383 -0.10052761 0.04300008
v 0.00077520 -0.10064043 0.04407673
v -0.01625375 -0.10012677 0.03941714
v -0.02283579 -0.09876769 0.03304841
v -0.02778233 -0.09769443 0.02557219
v -0.03327170 -0.09602323 0.01716704
v -0.03867633 -0.09290607 0.00747148
v -0.04591918 -0.08793603 -0.00410708
v -0.05632132 -0.07839601 -0.01775386
v -0.06607414 -0.06364246 -0.02976530
v -0.06955194 -0.05036259 -0.03871859
v -0.02446343 -0.10443798 0.01276507
v -0.02016292 -0.10455108 0.01944764
v -0.01623149 -0.10555007 0.02568328
v -0.01246826 -0.10569824 0.03100508
v -0.00701129 -0.10658291 0.03031272
v 0.00035314 -0.10723948 0.02968461
v -0.00626696 -0.10812066 0.02193730
v 0.00035111 -0.10901435 0.02250006
v -0.00922518 -0.11019240 0.01741874
v 0.00025475 -0.11130842 0.01865752
v -0.01196459 -0.11291839 0.01466377
v -0.00010476 -0.11535045 0.01592008
v -0.04244063 -0.05998468 0.04084093
v -0.04627045 -0.06040572 0.03451193
v -0.04806114 -0.05004855 0.03453819
v -0.05257058 -0.04697842 0.02775670
v -0.05086847 -0.05911553 0.02686791
v -0.04398258 -0.05166185 0.04087371
v -0.05675483 -0.05491940 0.01817139
v -0.05754245 -0.04164965 0.02076031
v -0.05617350 -0.02800897 0.02550460
v -0.06135553 -0.03476468 0.01511732
v -0.06160800 -0.04885868 0.01015348
v -0.06002831 -0.02333101 0.02069446
v -0.06308321 -0.01819344 0.01662695
v -0.06433962 -0.02964982 0.01040058
v -0.06516916 -0.04128677 0.00484322
v -0.04658968 -0.07241071 0.02764232
v -0.06795952 -0.03493604 -0.00078796
v -0.06575193 -0.01411094 0.01178798
v -0.06674673 -0.02377264 0.00552475
v -0.06867789 -0.00856084 0.00564589
v -0.07014604 -0.01776185 -0.00292310
v -0.07128002 -0.02619155 -0.00964334
v -0.07489219 -0.02389548 -0.02521650
v 0.00212514 -0.07380261 0.06518335
v -0.06919098 -0.03394927 -0.05634372
v -0.02363200 -0.03055720 0.05648440
v -0.01862349 -0.02771374 0.05965368
v -0.01334249 -0.02644277 0.06300255
v -0.00891023 -0.02609237 0.06527307
v -0.00416593 -0.02631064 0.06617907
v -0.00056444 -0.12683985 0.01099072
v 0.00031785 0.04191277 0.05267215
v -0.00033357 -0.11977623 0.01439331
v 0.00246936 -0.06072087 0.05132252
v -0.00091351 0.13099656 -0.02598733
v 0.00234231 -0.06886853 0.06427165
v 0.00284645 -0.05430341 0.05356925
v 0.00018490 0.00521496 0.07409352
v 0.00261007 -0.06384949 0.06369767
v 0.00354753 -0.05119428 0.07040383
v 0.00397783 -0.04386906 0.06771214
v 0.00019859 0.07941144 0.03934557
v 0.00375120 -0.04694849 0.06933202
v 0.00022811 -0.02355093 0.06557494
v 0.00005456 0.00108937 0.07782147
v 0.00401076 -0.04205082 0.06636816
v -0.00154740 -0.04868950 -0.12468630
v 0.00324366 -0.05571078 0.06860971
v 0.00327640 -0.04680581 0.05821595
v 0.00394452 -0.04144964 0.06494520
v 0.00097315 -0.04613597 0.05143948
v 0.00035927 -0.02699560 0.06674112
v 0.00075956 0.02219400 0.05894056
v -0.00138150 -0.00868319 -0.14678334
v 0.00048319 0.01917384 0.06166564
v -0.00068369 0.10388287 0.02267665
v -0.00011317 0.09036392 0.03395379
v 0.00021075 0.00892731 0.07054204
v -0.00090168 0.05708444 -0.15564780
v -0.00080139 0.07441999 -0.15146312
v 0.00007538 0.06095143 0.04656250
v -0.00074305 0.13041975 -0.08882605
v -0.00004931 -0.00296092 0.07991964
v -0.00011319 -0.01666980 0.06946182
v -0.00090935 0.12182177 -0.00182106
v -0.00114294 0.02098621 -0.15541346
v -0.00064637 0.12077832 -0.11394680
v 0.00071783 -0.04753055 0.06736895
v -0.00092108 0.12675585 -0.01334610
v 0.00081010 -0.04920387 0.06495178
v -0.00038653 -0.01289150 0.07699969
v -0.00127100 0.00452651 -0.15216798
v -0.00103781 0.03550101 -0.15629849
v 0.00037955 -0.03506920 0.06850005
v 0.00028411 -0.03016270 0.06744675
v -0.00067383 0.12654392 -0.10183696
v 0.00037785 0.04797842 0.05196695
v 0.00050110 -0.03827375 0.06925056
v 0.00057884 0.03020964 0.05305713
v 0.00058514 -0.04159493 0.06960720
v -0.00095228 -0.13228387 0.00721708
v -0.00068709 0.09974357 -0.13695659
v 0.00063732 -0.04456705 0.06856442
v 0.00090174 -0.04843147 0.05823385
v 0.00039794 0.01256109 0.06720114
v 0.00095380 -0.04744330 0.05486619
v 0.00021854 0.06875662 0.04268807
v 0.00007057 -0.02028198 0.06569660
v 0.00000521 -0.01946564 0.06608713
v 0.00079425 0.02807066 0.05426331
v -0.00051970 0.09714726 0.02893672
v 0.00052728 0.03235966 0.05260400
v 0.00026957 -0.02129412 0.06532907
v -0.00072516 0.08988505 -0.14408685
v -0.00083302 0.13501780 -0.07118291
v -0.00085101 0.13587058 -0.05799899
v 0.00088650 0.02517162 0.05675596
v 0.00049504 0.01613972 0.06416116
v -0.00153135 -0.05858721 -0.12294870
v -0.00032120 -0.00962797 0.07962303
v -0.00021498 -0.00680158 0.08030845
v -0.00086790 0.11607236 0.00800083
v -0.00146178 -0.01876144 -0.14233655
v -0.00088423 0.13480885 -0.04105547
v -0.00079871 0.11005700 0.01587174
v -0.00154691 -0.03704680 -0.13148463
v -0.00151089 -0.02687233 -0.13859844
v -0.00034935 -0.01400855 0.07529347
v 0.00025606 0.03530085 0.05210065
v -0.00023292 -0.01558970 0.07223153
v -0.00064839 0.11293655 -0.12515533
v -0.00003294 -0.01815248 0.06725971
v 0.00871320 -0.00754621 0.05958299
v 0.07227767 -0.03418783 -0.01655485
v 0.07181942 -0.04222986 -0.02464205
v 0.06877019 -0.05481256 -0.01630989
v 0.06948431 -0.04586912 -0.00815215
v 0.06409561 -0.06593253 -0.00795119
v 0.06637514 -0.05514230 -0.00185972
v 0.05740947 -0.07443246 0.00186177
v 0.06146076 -0.06386580 0.00591331
v -0.00540317 -0.01340023 0.07443082
v -0.00409465 -0.01500051 0.07190655
v 0.05171748 -0.07946553 0.01270287
v 0.05613106 -0.06913639 0.01495869
v -0.01667212 0.02305480 0.03527324
v -0.00971598 -0.01764139 0.06181044
v -0.00886884 0.00658602 0.06669499
v -0.01575699 0.02339675 0.03635066
v 0.03672466 -0.08437850 0.03831877
v 0.03538669 -0.08970896 0.03422843
v 0.02840620 -0.09300941 0.04363193
v 0.02923529 -0.08842029 0.04834443
v -0.01286186 -0.01750491 0.06087401
v 0.02097544 -0.09517686 0.05168404
v 0.02147527 -0.09024081 0.05584446
v 0.01216190 -0.09537441 0.05613359
v 0.01226867 -0.09064759 0.06049239
v -0.00818711 0.01331979 0.06067345
v -0.01064041 0.02234169 0.04739776
v 0.01126566 -0.07943545 0.06421505
v 0.01160947 -0.08519559 0.06320705
v -0.00826603 0.00981946 0.06375086
v -0.02021647 -0.01413176 0.06134007
v -0.01753166 -0.01725822 0.05988888
v -0.00864456 -0.00767642 0.07704458
v -0.00958503 -0.00480165 0.07600424
v 0.01908826 -0.07918137 0.05970339
v -0.00945836 -0.01077070 0.07491102
v -0.00619176 -0.01237707 0.07554424
v 0.02047243 -0.08501106 0.05833433
v -0.01758876 0.02262594 0.03505313
v -0.02893073 0.02352327 0.02832240
v -0.00772674 -0.00966696 0.07690677
v -0.00411078 -0.01140519 0.07737354
v -0.02054861 0.02357112 0.03222558
v -0.01715428 0.02287188 0.03512514
v -0.01528205 -0.00918861 0.07001450
v -0.00901087 0.02126164 0.05203961
v 0.02583105 -0.07777986 0.05401280
v 0.02783836 -0.08353336 0.05178855
v 0.03418054 -0.07462183 0.04655308
v 0.03595582 -0.07995560 0.04293003
v -0.01876920 -0.01090022 0.06561877
v 0.04109462 -0.06960220 0.04154835
v 0.04363813 -0.07264253 0.03603971
v 0.01126752 -0.09861895 0.04907214
v -0.01829089 0.02273757 0.03472440
v -0.01878206 0.02295152 0.03438750
v -0.00969663 0.00286694 0.07006819
v 0.01945590 -0.09838698 0.04474249
v 0.02679467 -0.09622452 0.03757632
v 0.03324261 -0.09378018 0.02913419
v 0.04513802 -0.08358037 0.02383863
v -0.02354856 0.02318421 0.03268649
v -0.00350758 -0.01673237 0.06671685
v -0.01286457 -0.00996052 0.07241867
v -0.01096759 -0.01045827 0.07384891
v -0.00412039 -0.01785949 0.06480742
v 0.03989108 -0.09115200 0.01969147
v 0.04717444 -0.08587638 0.00955164
v -0.01361220 0.02322072 0.03927891
v 0.05287574 -0.08096226 -0.00245055
v -0.00841082 0.01906494 0.05572306
v -0.00808259 0.01626889 0.05853526
v 0.06117216 -0.07199870 -0.01416201
v 0.06717544 -0.05982061 -0.02448345
v -0.00347575 -0.01587644 0.06930367
v 0.07086082 -0.04710922 -0.03259765
v 0.07325244 -0.03413540 -0.02995845
v 0.01784516 -0.07434410 0.06004335
v 0.01073416 -0.07432435 0.06390259
v 0.02427950 -0.07310155 0.05529298
v -0.00982326 -0.00111030 0.07361896
v 0.03202492 -0.06998140 0.04959942
v 0.03839135 -0.06564803 0.04561305
v 0.04369994 -0.05369180 0.04453847
v -0.00707464 -0.01735217 0.06324170
v 0.04240339 -0.06007696 0.04445253
v 0.04118021 -0.03996228 0.04649091
v 0.04299680 -0.04686001 0.04590476
v 0.04834173 -0.03237035 0.03834417
v 0.05056591 -0.04195606 0.03582841
v 0.04692784 -0.04498808 0.04119376
v -0.00040920 -0.01143080 0.07833507
v -0.00690641 -0.01122518 0.07633078
v 0.04489860 -0.03654364 0.04245924
v 0.05185568 -0.02544121 0.03392435
v 0.05416798 -0.03719291 0.03041532
v 0.00999426 -0.10107148 0.04247280
v -0.03074487 0.03477453 0.04293424
v -0.03035070 0.03297878 0.04091090
v 0.01731033 -0.10116588 0.03857379
v 0.02360500 -0.09990750 0.03197577
v 0.02826585 -0.09881868 0.02422010
v 0.03360852 -0.09734499 0.01552306
v 0.03896220 -0.09395955 0.00556267
v 0.04581429 -0.08875304 -0.00604820
v -0.02427257 0.03693509 0.04745527
v -0.00527413 0.03832056 0.05193590
v -0.01126521 0.03793522 0.05134272
v 0.05563778 -0.07941198 -0.01961777
v -0.03151008 0.02925595 0.03711211
v -0.03235501 0.02685433 0.03568371
v -0.03018607 0.03124970 0.03883214
v -0.03168109 0.02789559 0.03702690
v -0.03173194 0.02849243 0.03736422
v 0.06441890 -0.06470098 -0.03139953
v -0.03053211 0.03098835 0.03726216
v 0.06794531 -0.05121073 -0.04003197
v -0.03013174 0.03115868 0.03708619
v 0.02384870 -0.10469206 0.01106286
v -0.02908707 0.03652943 0.04496103
v 0.01982662 -0.10478628 0.01800522
v 0.01632890 -0.10592613 0.02459393
v -0.03089327 0.03041560 0.03706861
v -0.03238279 0.02632008 0.03392151
v 0.01312287 -0.10636087 0.03023637
v -0.03298899 0.02479751 0.02900798
v 0.00769058 -0.10710680 0.02987274
v 0.00030210 0.03848616 0.05248149
v -0.02293046 0.04722843 0.04994617
v -0.05359699 0.04702562 0.02622670
v 0.00660681 -0.10846666 0.02151030
v -0.05742728 0.04166600 0.02335884
v 0.00880769 -0.11051764 0.01653034
v -0.05007019 0.00748098 0.02941472
v -0.05268174 0.00841229 0.02668577
v -0.02029567 0.04075265 0.05098637
v 0.01111974 -0.11330077 0.01394298
v 0.04578233 -0.06222828 0.03967294
v 0.04893760 -0.06275558 0.03334405
v 0.05107518 -0.05227794 0.03372013
v 0.05522225 -0.04901588 0.02720374
v -0.02688492 0.06811026 0.03753472
v -0.03169120 0.11722641 -0.00830397
v -0.02611177 0.06068488 0.04274483
v -0.04107479 0.05268998 0.03759394
v 0.05340343 -0.06158269 0.02591015
v -0.03174100 0.11216094 0.00051662
v 0.04756323 -0.05381924 0.03973969
v 0.05904018 -0.05739756 0.01725243
v 0.05973978 -0.04377177 0.02031826
v 0.05860836 -0.03018985 0.02521181
v 0.06351694 -0.03720691 0.01449756
v -0.04836208 0.05117547 0.03086969
v 0.06333077 -0.05123188 0.00914886
v -0.05739227 0.01285078 0.01899443
v -0.00709470 0.05390222 0.05024249
v -0.05920541 0.01860071 0.01600739
v 0.06229796 -0.02558355 0.02030379
v -0.01579151 0.05373370 0.04980014
v -0.02844941 0.12904309 -0.07006194
v 0.06514456 -0.02052796 0.01605000
v 0.06607377 -0.03195705 0.00991204
v 0.06645523 -0.04356887 0.00395388
v 0.04874014 -0.07477746 0.02601571
v -0.01496841 0.03472908 0.04779840
v 0.06890863 -0.03704741 -0.00129539
v -0.04023025 0.00846100 0.03523041
v -0.04326399 0.00789892 0.03376039
v 0.06751265 -0.01626834 0.01153862
v -0.03236661 0.12863892 -0.05882992
v -0.05660548 0.01120377 0.02106859
v -0.03010332 0.08746984 0.02720535
v -0.01121793 0.02941064 0.04538356
v -0.01288545 0.03178928 0.04567278
v -0.03104707 0.09423032 0.02157652
v 0.06821489 -0.02597897 0.00519769
v 0.06983802 -0.01039523 0.00565335
v 0.07110606 -0.01963044 -0.00295712
v -0.03143379 0.10071546 0.01491381
v 0.07172813 -0.02804696 -0.00993301
v 0.07385461 -0.02550541 -0.02565046
v -0.03212162 0.12174719 -0.01867350
v -0.02375871 0.01303294 0.04000575
v 0.06758063 -0.03470378 -0.05677358
v 0.02535405 -0.03146454 0.05672860
v 0.01971157 -0.02855511 0.06000099
v -0.06007273 0.03581466 0.02064005
v -0.06101308 0.02952997 0.01865872
v -0.03293667 0.12777665 -0.04507472
v -0.03298352 0.00989184 0.03801452
v -0.06026681 0.02411588 0.01690590
v -0.01649209 0.13111465 -0.07794717
v 0.01402730 -0.02715006 0.06336927
v -0.05492384 0.00949152 0.02385630
v 0.00952134 -0.02646816 0.06577888
v 0.00485194 -0.02644177 0.06653327
v -0.03369475 0.05344514 0.04310439
v -0.03677708 0.00902558 0.03668093
v -0.01070388 0.02679410 0.04474239
v -0.01940602 0.01561934 0.04078242
v -0.01594520 0.01868563 0.04140552
v -0.03160308 0.10663190 0.00810382
v -0.01322026 0.02145385 0.04238756
v -0.01125645 0.02395428 0.04402266
v -0.02831619 0.01112048 0.03939464
v -0.02865856 0.07770907 0.03322552
v -0.03242169 0.12530340 -0.03116612
v -0.04677372 0.00758641 0.03184685
v -0.00081132 0.13243009 -0.08063985
v 0.00010952 0.05402746 0.05004856
v -0.01214839 0.02277648 0.04336437
v -0.01773789 0.03733132 0.04995388
v -0.02494921 0.05367858 0.04740433
v 0.00299353 -0.05929153 0.06506744
v -0.02745495 -0.04328567 0.05614885
v -0.02835019 -0.04569979 0.05485187
v -0.02722682 -0.05197752 0.05320909
v -0.02076883 -0.03699861 0.06119013
v -0.02511907 -0.04046126 0.05817502
v -0.01671705 -0.05741157 0.06122724
v -0.02862084 -0.04795853 0.05405129
v -0.01063079 -0.05809013 0.06402402
v -0.02849084 -0.05008587 0.05323410
v -0.00442157 -0.05891424 0.06550489
v 0.00034425 -0.03242182 0.06818753
v -0.01003656 -0.03217681 0.06689344
v -0.00492380 -0.03183062 0.06808145
v -0.01543225 -0.03382623 0.06427513
v -0.02483348 -0.05395402 0.05463795
v -0.02172121 -0.05592704 0.05744546
v 0.00485142 -0.01347323 0.07449186
v 0.00368838 -0.01506328 0.07194335
v 0.01831045 0.02274226 0.03533765
v 0.00989232 -0.01825514 0.06228960
v 0.00871298 0.00597173 0.06636640
v 0.01741105 0.02300348 0.03646934
v 0.01319309 -0.01822965 0.06136605
v 0.00860038 0.01292707 0.06046364
v 0.01188030 0.02200589 0.04743056
v 0.00838020 0.00934280 0.06346487
v 0.02068732 -0.01503164 0.06193575
v 0.01799534 -0.01822375 0.06061101
v 0.00812950 -0.00786263 0.07691249
v 0.00922041 -0.00514973 0.07576978
v 0.00886057 -0.01093104 0.07491709
v 0.00554856 -0.01245148 0.07556988
v 0.01923166 0.02216330 0.03567062
v 0.03034354 0.02300460 0.02894159
v 0.00716192 -0.00973834 0.07688180
v 0.00341013 -0.01142460 0.07738363
v 0.02230499 0.02274125 0.03287838
v 0.01878509 0.02246938 0.03545371
v 0.01507237 -0.00953687 0.07025450
v 0.01002741 0.02100625 0.05197746
v 0.01893309 -0.01152020 0.06610711
v 0.01996544 0.02219533 0.03539490
v 0.02041394 0.02233396 0.03510394
v 0.00929800 0.00215327 0.06968790
v 0.02511688 0.02232706 0.03337994
v 0.00327935 -0.01685165 0.06676811
v 0.01239377 -0.01020039 0.07250964
v 0.01047979 -0.01071470 0.07390864
v 0.00409664 -0.01814609 0.06502614
v 0.01522643 0.02278552 0.03933425
v 0.00925437 0.01878858 0.05565537
v 0.00869486 0.01591813 0.05840303
v 0.00323377 -0.01603857 0.06938086
v 0.00956954 -0.00160497 0.07338691
v 0.00722562 -0.01785542 0.06368999
v 0.00617257 -0.01121837 0.07623307
v 0.03170864 0.03515413 0.04313821
v 0.03152198 0.03310938 0.04108261
v 0.02491390 0.03692496 0.04785991
v 0.00591833 0.03803633 0.05190322
v 0.01184421 0.03762003 0.05161940
v 0.03277408 0.02908598 0.03812229
v 0.03297464 0.02716760 0.03665809
v 0.03136715 0.03129771 0.03872797
v 0.03288198 0.02762182 0.03823156
v 0.03298027 0.02828228 0.03846206
v 0.03180751 0.03078578 0.03788199
v 0.03145442 0.03114885 0.03798726
v 0.02999656 0.03659380 0.04562901
v 0.03218741 0.03043248 0.03796221
v 0.03318750 0.02674887 0.03483520
v 0.03396953 0.02496525 0.02978245
v 0.02326607 0.04750895 0.05070451
v 0.05342036 0.04738190 0.02753000
v 0.05749463 0.04190140 0.02459200
v 0.05146504 0.00647073 0.02923265
v 0.05408926 0.00725259 0.02644402
v 0.02048557 0.04092980 0.05140878
v 0.02619476 0.06837046 0.03805413
v 0.02987616 0.11730941 -0.00794648
v 0.02558655 0.06087645 0.04308835
v 0.04077547 0.05297946 0.03842646
v 0.02992170 0.11215287 0.00088446
v 0.04806396 0.05137514 0.03197388
v 0.05841777 0.01190483 0.01922036
v 0.00726819 0.05409201 0.05046095
v 0.06050765 0.01794142 0.01667581
v 0.01609058 0.05414096 0.05036783
v 0.02689352 0.12914319 -0.06982168
v 0.01580852 0.03440326 0.04808470
v 0.04149503 0.00788791 0.03518395
v 0.04447734 0.00714573 0.03357259
v 0.03074358 0.12877573 -0.05853329
v 0.05753236 0.01004410 0.02093189
v 0.02900954 0.08745674 0.02748382
v 0.01220089 0.02910691 0.04534821
v 0.01388203 0.03139673 0.04576716
v 0.02954265 0.09387680 0.02216649
v 0.02977386 0.10049107 0.01539279
v 0.03033241 0.12189035 -0.01831263
v 0.02500625 0.01230993 0.03966146
v 0.06035069 0.03579593 0.02155592
v 0.06187052 0.02932931 0.01965919
v 0.03125496 0.12794514 -0.04474026
v 0.03419890 0.00928321 0.03781580
v 0.06136940 0.02373273 0.01778497
v 0.01490506 0.13114241 -0.07783433
v 0.05613453 0.00830526 0.02362075
v 0.03327552 0.05379883 0.04381773
v 0.03796326 0.00848927 0.03660915
v 0.01201308 0.02645108 0.04486364
v 0.02058441 0.01498266 0.04049498
v 0.01729556 0.01817708 0.04125249
v 0.02982936 0.10651693 0.00850402
v 0.01484940 0.02109708 0.04241470
v 0.01270089 0.02356379 0.04413488
v 0.02939058 0.01038632 0.03897349
v 0.02792161 0.07791438 0.03362952
v 0.03068183 0.12547949 -0.03080891
v 0.04801194 0.00667357 0.03156506
v 0.01364884 0.02241245 0.04342915
v 0.01832195 0.03706497 0.05019191
v 0.02502880 0.05404200 0.04818197
v 0.03086137 -0.04462756 0.05581758
v 0.03226227 -0.04732474 0.05428119
v 0.03152080 -0.05386861 0.05240227
v 0.02277841 -0.03767443 0.06135378
v 0.02779152 -0.04149583 0.05805815
v 0.02194153 -0.05865015 0.05999016
v 0.03259004 -0.04973926 0.05326590
v 0.01622280 -0.05897060 0.06335365
v 0.03259963 -0.05197025 0.05242798
v 0.01014771 -0.05952474 0.06522667
v 0.01097892 -0.03249781 0.06721571
v 0.00565926 -0.03190011 0.06859377
v 0.01668571 -0.03426167 0.06453430
v 0.02958130 -0.05583851 0.05345038
v 0.02671956 -0.05759516 0.05607564
v 0.03392043 0.02368155 0.02387285
v -0.03274973 0.02380466 0.02318256
v 0.03224192 0.02412188 0.03698965
v 0.03067098 0.02412325 0.03652417
v 0.02922209 0.02412259 0.03576063
v 0.02800067 0.02411705 0.03477664
v 0.03227518 0.02443898 0.03698554
v 0.03073296 0.02474698 0.03652239
v 0.02931099 0.02502755 0.03576167
v 0.02811610 0.02526066 0.03477323
v 0.03236753 0.02474498 0.03698613
v 0.03091772 0.02534518 0.03651794
v 0.02957962 0.02589720 0.03575523
v 0.02845299 0.02635828 0.03476881
v 0.03251887 0.02502573 0.03698573
v 0.03121498 0.02589715 0.03651659
v 0.03001170 0.02669896 0.03575036
v 0.02900069 0.02737047 0.03476068
v 0.03272383 0.02527121 0.03698131
v 0.03161468 0.02637985 0.03651093
v 0.03059186 0.02740168 0.03574523
v 0.02973264 0.02825899 0.03475684
v 0.03297076 0.02547392 0.03698186
v 0.03210082 0.02677596 0.03650710
v 0.03129816 0.02797721 0.03573887
v 0.03062748 0.02898398 0.03474537
v 0.03325373 0.02562300 0.03697946
v 0.03265549 0.02706919 0.03650003
v 0.03210272 0.02840281 0.03573211
v 0.03164179 0.02952078 0.03473617
v 0.03356152 0.02571419 0.03697150
v 0.03325627 0.02724976 0.03649598
v 0.03297567 0.02866453 0.03572631
v 0.03273880 0.02984723 0.03472843
v 0.03387914 0.02574439 0.03696895
v 0.03388019 0.02730892 0.03648955
v 0.03388106 0.02874985 0.03571800
v 0.03388118 0.02995499 0.03472061
v 0.03419678 0.02571302 0.03696794
v 0.03450475 0.02724673 0.03648731
v 0.03478690 0.02865832 0.03571292
v 0.03502146 0.02983822 0.03471289
v 0.03450284 0.02561917 0.03696710
v 0.03510237 0.02706291 0.03648404
v 0.03565590 0.02839232 0.03570756
v 0.03611820 0.02950378 0.03470792
v 0.03478384 0.02546838 0.03696407
v 0.03565504 0.02676657 0.03648008
v 0.03645715 0.02796197 0.03570228
v 0.03712885 0.02896315 0.03470189
v 0.03502883 0.02526447 0.03696100
v 0.03613641 0.02636824 0.03647612
v 0.03715797 0.02738522 0.03569688
v 0.03801525 0.02823631 0.03469577
v 0.03523060 0.02501782 0.03695705
v 0.03653189 0.02588450 0.03647080
v 0.03773111 0.02668219 0.03568964
v 0.03873638 0.02734950 0.03468658
v 0.03537939 0.02473640 0.03695597
v 0.03682426 0.02533176 0.03646788
v 0.03815555 0.02588105 0.03568365
v 0.03927156 0.02633899 0.03467716
v 0.03547001 0.02443014 0.03695286
v 0.03700105 0.02473331 0.03645838
v 0.03841421 0.02501275 0.03567338
v 0.03959857 0.02524441 0.03466818
v 0.03549999 0.02411267 0.03695215
v 0.03706126 0.02411097 0.03646004
v 0.03849884 0.02411175 0.03566675
v 0.03970983 0.02410494 0.03466340
v 0.03546660 0.02379540 0.03694817
v 0.03699782 0.02348937 0.03645008
v 0.03840694 0.02321081 0.03566459
v 0.03959313 0.02296605 0.03465707
v 0.03537766 0.02349043 0.03695091
v 0.03682213 0.02289200 0.03645495
v 0.03814918 0.02234131 0.03567177
v 0.03926532 0.02187153 0.03466462
v 0.03522912 0.02321049 0.03694855
v 0.03653057 0.02234172 0.03645299
v 0.03772991 0.02153965 0.03567687
v 0.03873628 0.02086363 0.03468272
v 0.03503009 0.02296496 0.03695634
v 0.03613958 0.02185899 0.03646403
v 0.03716158 0.02083993 0.03568547
v 0.03802196 0.01998411 0.03469153
v 0.03478578 0.02276294 0.03695715
v 0.03566054 0.02146376 0.03647049
v 0.03646481 0.02026636 0.03569603
v 0.03713756 0.01926860 0.03469320
v 0.03450608 0.02261402 0.03696150
v 0.03510862 0.02117294 0.03647547
v 0.03566343 0.01984478 0.03569936
v 0.03612674 0.01873500 0.03469881
v 0.03420037 0.02252205 0.03696368
v 0.03451087 0.02099360 0.03648030
v 0.03479330 0.01958725 0.03570525
v 0.03502663 0.01840055 0.03471087
v 0.03388235 0.02249255 0.03696714
v 0.03388555 0.02093503 0.03648638
v 0.03388662 0.01950537 0.03571419
v 0.03387769 0.01828495 0.03473500
v 0.03356423 0.02252432 0.03697237
v 0.03326035 0.02099657 0.03649511
v 0.03298009 0.01959398 0.03572380
v 0.03272968 0.01838885 0.03474298
v 0.03325676 0.02261788 0.03697586
v 0.03265810 0.02117751 0.03650323
v 0.03210421 0.01985326 0.03573468
v 0.03162838 0.01872412 0.03475432
v 0.03297373 0.02276746 0.03698247
v 0.03210330 0.02147186 0.03650848
v 0.03129825 0.02027533 0.03574009
v 0.03061442 0.01925692 0.03474904
v 0.03272587 0.02297130 0.03698134
v 0.03161625 0.02186754 0.03651189
v 0.03058802 0.02084495 0.03574988
v 0.02971756 0.01997275 0.03476747
v 0.03252079 0.02321754 0.03698286
v 0.03121611 0.02234998 0.03651564
v 0.03000784 0.02154490 0.03575374
v 0.02898649 0.02085569 0.03477084
v 0.03387670 0.02411699 0.03713364
v 0.03236847 0.02349872 0.03698570
v 0.03091831 0.02290152 0.03651816
v 0.02957755 0.02234472 0.03575603
v 0.02844467 0.02187130 0.03477345
v 0.03227534 0.02380470 0.03698651
v 0.03073325 0.02349951 0.03652258
v 0.02931244 0.02321629 0.03575884
v 0.02811445 0.02297001 0.03477235
v 0.02680955 0.02411347 0.03393091
v 0.02497079 0.02410277 0.03248057
v 0.02340437 0.02409006 0.03057972
v 0.02224934 0.02407594 0.02840517
v 0.02153941 0.02406688 0.02604532
v 0.02131140 0.02405975 0.02358779
v 0.02154892 0.02404936 0.02113336
v 0.02231011 0.02406768 0.01881101
v 0.02347101 0.02406211 0.01664430
v 0.02503019 0.02405543 0.01474400
v 0.02692805 0.02404983 0.01318220
v 0.02909515 0.02404523 0.01202063
v 0.03144519 0.02404190 0.01130463
v 0.02695157 0.02548888 0.03392402
v 0.02514895 0.02583214 0.03247536
v 0.02361153 0.02612462 0.03057571
v 0.02247560 0.02633678 0.02839901
v 0.02178270 0.02646699 0.02603562
v 0.02155119 0.02650546 0.02357976
v 0.02178958 0.02645114 0.02112425
v 0.02249317 0.02630491 0.01876257
v 0.02367062 0.02609259 0.01663735
v 0.02520109 0.02578178 0.01473895
v 0.02706248 0.02540690 0.01317833
v 0.02918545 0.02498000 0.01201856
v 0.03149178 0.02451832 0.01130359
v 0.02735796 0.02680978 0.03391842
v 0.02566036 0.02749749 0.03247035
v 0.02421364 0.02807712 0.03056651
v 0.02314158 0.02850673 0.02839034
v 0.02248641 0.02877202 0.02602754
v 0.02226727 0.02885771 0.02357210
v 0.02249203 0.02876063 0.02111845
v 0.02315468 0.02848202 0.01875703
v 0.02426393 0.02804530 0.01663115
v 0.02570468 0.02744323 0.01473379
v 0.02745845 0.02671081 0.01317385
v 0.02946008 0.02587860 0.01201480
v 0.03163164 0.02497662 0.01130164
v 0.02801454 0.02802814 0.03391470
v 0.02648861 0.02902505 0.03246238
v 0.02518012 0.02987099 0.03055693
v 0.02421604 0.03050418 0.02838100
v 0.02362597 0.03089438 0.02602018
v 0.02343015 0.03102435 0.02356440
v 0.02363293 0.03088550 0.02111063
v 0.02422929 0.03048600 0.01875010
v 0.02522723 0.02984421 0.01662499
v 0.02652276 0.02897303 0.01472886
v 0.02810100 0.02791350 0.01316970
v 0.02990191 0.02670611 0.01201229
v 0.03185645 0.02539893 0.01130045
v 0.02889616 0.02909406 0.03390635
v 0.02759289 0.03036103 0.03244829
v 0.02647550 0.03143506 0.03054411
v 0.02565888 0.03225054 0.02836936
v 0.02515920 0.03275227 0.02600935
v 0.02499344 0.03292024 0.02355631
v 0.02516668 0.03274725 0.02110405
v 0.02567306 0.03224157 0.01874704
v 0.02652193 0.03142106 0.01661691
v 0.02762462 0.03031369 0.01472140
v 0.02896689 0.02896688 0.01316519
v 0.03049848 0.02743255 0.01200901
v 0.03216156 0.02576804 0.01129842
v 0.02997279 0.02997362 0.03389842
v 0.02893916 0.03145071 0.03243576
v 0.02804949 0.03271379 0.03053023
v 0.02741413 0.03367959 0.02835996
v 0.02702601 0.03427518 0.02600146
v 0.02689644 0.03447523 0.02355078
v 0.02703422 0.03427405 0.02109905
v 0.02743074 0.03367968 0.01874320
v 0.02807355 0.03271457 0.01656964
v 0.02896736 0.03141403 0.01471490
v 0.03002268 0.02983115 0.01316035
v 0.03122611 0.02802748 0.01200541
v 0.03253105 0.02607210 0.01129695
v 0.03119201 0.03061421 0.03388707
v 0.03046970 0.03226884 0.03242298
v 0.02985326 0.03366740 0.03052121
v 0.02942229 0.03474397 0.02834983
v 0.02915539 0.03540650 0.02599527
v 0.02906942 0.03562974 0.02354416
v 0.02916142 0.03540683 0.02109530
v 0.02943719 0.03474699 0.01873918
v 0.02987962 0.03367579 0.01656756
v 0.03049994 0.03223057 0.01470951
v 0.03122740 0.03047282 0.01315583
v 0.03205533 0.02846923 0.01200237
v 0.03295445 0.02629696 0.01129517
v 0.03250777 0.03099768 0.03386978
v 0.03214082 0.03277711 0.03242117
v 0.03181497 0.03426991 0.03051961
v 0.03159972 0.03540490 0.02834471
v 0.03146734 0.03610396 0.02598970
v 0.03142587 0.03633880 0.02353914
v 0.03147401 0.03610229 0.02109008
v 0.03161424 0.03540133 0.01873403
v 0.03183864 0.03426264 0.01656386
v 0.03216335 0.03273257 0.01470388
v 0.03253252 0.03086724 0.01315246
v 0.03295448 0.02874190 0.01200013
v 0.03341301 0.02643583 0.01129402
v 0.03388086 0.03112446 0.03386042
v 0.03387066 0.03294227 0.03241264
v 0.03386084 0.03448673 0.03051922
v 0.03386310 0.03563296 0.02834282
v 0.03386667 0.03633750 0.02598477
v 0.03387926 0.03657791 0.02353279
v 0.03387530 0.03633329 0.02108388
v 0.03387509 0.03561772 0.01872938
v 0.03387509 0.03445532 0.01655938
v 0.03387500 0.03289023 0.01465807
v 0.03389030 0.03100048 0.01314854
v 0.03389018 0.02883333 0.01199827
v 0.03388970 0.02648264 0.01129299
v 0.03525116 0.03098689 0.03385003
v 0.03560054 0.03276533 0.03240630
v 0.03589935 0.03428150 0.03051219
v 0.03612398 0.03541265 0.02834159
v 0.03626735 0.03610108 0.02597985
v 0.03631797 0.03633252 0.02352754
v 0.03627349 0.03609345 0.02107862
v 0.03613444 0.03538899 0.01872480
v 0.03590925 0.03424801 0.01655385
v 0.03560444 0.03271444 0.01465393
v 0.03524807 0.03086532 0.01314548
v 0.03482508 0.02874092 0.01199643
v 0.03436647 0.02643538 0.01129230
v 0.03657077 0.03058252 0.03384380
v 0.03726363 0.03225883 0.03239581
v 0.03785255 0.03367848 0.03049704
v 0.03829560 0.03475139 0.02833497
v 0.03857261 0.03539986 0.02597376
v 0.03866708 0.03561557 0.02352146
v 0.03857791 0.03538823 0.02107354
v 0.03830582 0.03472385 0.01871977
v 0.03786368 0.03364895 0.01654955
v 0.03726772 0.03220486 0.01464993
v 0.03653944 0.03044612 0.01308944
v 0.03572470 0.02846710 0.01199566
v 0.03482544 0.02629601 0.01129191
v 0.03778689 0.02994069 0.03383952
v 0.03879528 0.03144269 0.03238521
v 0.03965277 0.03272080 0.03048641
v 0.04029341 0.03367697 0.02832249
v 0.04069373 0.03426157 0.02596609
v 0.04083071 0.03445329 0.02351583
v 0.04069960 0.03424717 0.02106929
v 0.04030595 0.03364837 0.01871541
v 0.03966401 0.03268044 0.01654605
v 0.03879857 0.03138080 0.01464614
v 0.03774329 0.02979820 0.01308638
v 0.03655209 0.02802357 0.01199247
v 0.03524765 0.02607063 0.01129098
v 0.03884971 0.02906611 0.03383527
v 0.04013481 0.03034436 0.03237239
v 0.04123041 0.03142866 0.03047665
v 0.04204647 0.03223764 0.02831233
v 0.04255318 0.03273133 0.02595920
v 0.04272611 0.03289237 0.02351280
v 0.04255960 0.03271411 0.02106519
v 0.04205778 0.03220448 0.01871357
v 0.04124034 0.03138075 0.01654484
v 0.04013909 0.03027464 0.01464513
v 0.03879653 0.02892955 0.01308548
v 0.03726551 0.02739479 0.01192636
v 0.03561714 0.02576582 0.01129048
v 0.03972179 0.02800168 0.03382967
v 0.04123808 0.02900641 0.03237063
v 0.04252455 0.02985460 0.03047018
v 0.04348386 0.03048478 0.02830440
v 0.04408075 0.03086885 0.02595238
v 0.04428368 0.03099171 0.02350882
v 0.04408607 0.03084908 0.02106353
v 0.04349464 0.03044635 0.01871235
v 0.04253314 0.02979779 0.01654430
v 0.04123853 0.02892835 0.01464427
v 0.03966022 0.02787122 0.01308495
v 0.03786045 0.02666643 0.01192612
v 0.03592093 0.02539548 0.01128862
v 0.04036504 0.02678698 0.03382171
v 0.04205161 0.02747712 0.03236479
v 0.04349236 0.02806195 0.03046919
v 0.04455915 0.02848860 0.02830049
v 0.04522001 0.02874583 0.02595012
v 0.04544314 0.02882294 0.02350492
v 0.04522033 0.02872186 0.02106082
v 0.04456212 0.02844107 0.01871009
v 0.04349230 0.02799233 0.01654341
v 0.04205399 0.02739240 0.01464410
v 0.04030124 0.02666327 0.01308527
v 0.03830189 0.02583605 0.01192681
v 0.03614716 0.02497371 0.01129193
v 0.04076228 0.02547004 0.03381512
v 0.04255353 0.02581354 0.03236100
v 0.04408328 0.02610803 0.03046278
v 0.04521959 0.02631753 0.02829602
v 0.04592235 0.02643925 0.02594774
v 0.04615764 0.02647048 0.02350332
v 0.04591986 0.02641216 0.02105918
v 0.04521940 0.02626515 0.01870950
v 0.04408299 0.02603357 0.01654259
v 0.04255534 0.02572522 0.01464416
v 0.04069437 0.02535417 0.01308549
v 0.03857397 0.02493599 0.01192664
v 0.03628568 0.02451468 0.01129135
v 0.04089720 0.02409964 0.03381190
v 0.04272369 0.02408651 0.03235860
v 0.04428211 0.02407162 0.03046099
v 0.04544610 0.02405620 0.02829755
v 0.04615779 0.02403846 0.02594643
v 0.04640296 0.02402007 0.02350174
v 0.04615460 0.02400832 0.02105837
v 0.04544001 0.02400056 0.01870804
v 0.04428027 0.02399581 0.01654225
v 0.04272240 0.02399246 0.01464427
v 0.04082552 0.02399174 0.01308509
v 0.03866080 0.02399139 0.01192772
v 0.03633255 0.02403857 0.01129298
v 0.04075742 0.02272816 0.03380648
v 0.04255360 0.02235605 0.03235824
v 0.04408764 0.02202958 0.03046285
v 0.04523089 0.02178827 0.02830391
v 0.04593794 0.02162801 0.02594753
v 0.04614737 0.02155878 0.02349890
v 0.04591314 0.02160175 0.02105519
v 0.04521428 0.02173440 0.01870681
v 0.04407676 0.02195531 0.01654167
v 0.04254786 0.02225880 0.01464476
v 0.04068878 0.02262948 0.01308635
v 0.03858984 0.02310275 0.01200234
v 0.03628612 0.02356287 0.01129724
v 0.04036500 0.02141045 0.03381678
v 0.04205858 0.02068969 0.03236533
v 0.04350634 0.02006075 0.03047353
v 0.04456793 0.01959367 0.02829939
v 0.04521163 0.01928765 0.02593966
v 0.04543518 0.01918938 0.02349928
v 0.04521298 0.01927785 0.02105499
v 0.04455064 0.01955046 0.01870610
v 0.04347930 0.01999251 0.01654075
v 0.04203903 0.02058794 0.01464525
v 0.04028920 0.02131821 0.01308654
v 0.03831718 0.02220593 0.01200858
v 0.03614679 0.02310437 0.01129833
v 0.03973160 0.02019668 0.03383657
v 0.04125263 0.01915732 0.03238117
v 0.04253501 0.01823840 0.03047333
v 0.04347984 0.01755336 0.02829765
v 0.04407315 0.01714262 0.02594405
v 0.04427457 0.01700367 0.02350177
v 0.04407469 0.01713617 0.02105805
v 0.04348011 0.01753193 0.01870980
v 0.04251585 0.01817582 0.01654453
v 0.04121786 0.01904398 0.01464733
v 0.03964305 0.02011145 0.01308817
v 0.03787338 0.02137671 0.01200878
v 0.03592124 0.02268243 0.01130002
v 0.03886626 0.01914441 0.03384062
v 0.04016109 0.01783836 0.03239334
v 0.04122039 0.01660931 0.03047628
v 0.04202959 0.01576213 0.02829942
v 0.04253532 0.01525306 0.02594743
v 0.04270840 0.01508471 0.02350396
v 0.04254043 0.01525572 0.02106165
v 0.04203716 0.01576171 0.01871327
v 0.04121675 0.01658189 0.01654758
v 0.04011166 0.01768464 0.01464973
v 0.03880759 0.01912173 0.01317069
v 0.03727836 0.02065312 0.01201516
v 0.03561667 0.02231288 0.01130132
v 0.03779852 0.01828344 0.03384846
v 0.03879287 0.01666334 0.03239128
v 0.03960825 0.01522381 0.03045964
v 0.04025411 0.01426839 0.02829217
v 0.04066195 0.01369698 0.02594966
v 0.04080278 0.01350566 0.02350764
v 0.04067238 0.01371149 0.02106661
v 0.04027821 0.01430822 0.01871730
v 0.03963481 0.01527363 0.01655130
v 0.03876601 0.01657069 0.01465273
v 0.03775353 0.01825887 0.01317728
v 0.03655102 0.02005757 0.01201848
v 0.03524677 0.02200875 0.01130287
v 0.03389125 0.02404095 0.01106007
v 0.03657119 0.01762103 0.03385878
v 0.03723256 0.01577158 0.03238773
v 0.03778864 0.01421783 0.03045507
v 0.03824687 0.01318347 0.02829909
v 0.03853245 0.01254690 0.02595488
v 0.03863122 0.01233655 0.02351368
v 0.03854331 0.01256607 0.02107227
v 0.03827208 0.01322863 0.01872287
v 0.03782980 0.01430066 0.01655580
v 0.03727553 0.01586499 0.01474018
v 0.03655118 0.01762017 0.01318365
v 0.03572295 0.01961553 0.01202104
v 0.03482441 0.02178388 0.01130438
v 0.03524199 0.01719629 0.03388184
v 0.03554947 0.01522801 0.03238515
v 0.03582874 0.01362125 0.03045627
v 0.03607064 0.01252216 0.02830552
v 0.03622324 0.01184437 0.02596136
v 0.03627805 0.01162087 0.02352067
v 0.03623559 0.01186220 0.02107877
v 0.03609676 0.01256287 0.01872931
v 0.03587190 0.01370274 0.01656169
v 0.03561409 0.01536479 0.01474682
v 0.03524576 0.01722445 0.01318638
v 0.03482303 0.01934269 0.01202336
v 0.03436540 0.02164497 0.01130565
v 0.03385983 0.01704192 0.03387518
v 0.03381590 0.01505532 0.03239159
v 0.03379556 0.01343788 0.03046843
v 0.03381183 0.01231323 0.02831678
v 0.03382248 0.01161741 0.02597216
v 0.03383856 0.01138455 0.02352869
v 0.03383714 0.01162777 0.02108604
v 0.03383727 0.01233880 0.01873474
v 0.03383670 0.01348987 0.01656304
v 0.03388648 0.01519597 0.01475053
v 0.03388809 0.01709223 0.01318957
v 0.03388812 0.01925231 0.01202530
v 0.03388893 0.02159831 0.01130671
v 0.03247631 0.01717834 0.03389519
v 0.03208104 0.01523443 0.03239020
v 0.03177312 0.01369021 0.03049477
v 0.03155736 0.01256243 0.02833205
v 0.03142650 0.01186966 0.02598576
v 0.03138710 0.01163697 0.02354103
v 0.03143736 0.01187112 0.02109467
v 0.03157878 0.01256467 0.01873986
v 0.03185227 0.01384208 0.01665387
v 0.03215954 0.01536917 0.01475423
v 0.03252938 0.01722589 0.01319098
v 0.03295200 0.01934385 0.01202688
v 0.03341177 0.02164556 0.01130759
v 0.03115466 0.01759417 0.03389921
v 0.03041691 0.01576491 0.03240747
v 0.02982147 0.01432238 0.03051734
v 0.02938513 0.01325269 0.02835224
v 0.02911694 0.01259261 0.02600235
v 0.02903212 0.01236830 0.02355514
v 0.02912603 0.01258545 0.02110731
v 0.02940491 0.01323362 0.01874766
v 0.02989807 0.01443867 0.01665827
v 0.03049712 0.01587598 0.01475762
v 0.03122438 0.01762197 0.01319216
v 0.03205321 0.01961770 0.01202753
v 0.03295333 0.02178501 0.01130799
v 0.02993923 0.01825637 0.03391123
v 0.02889448 0.01664355 0.03242890
v 0.02802305 0.01532388 0.03053701
v 0.02738150 0.01435204 0.02837129
v 0.02699096 0.01375423 0.02601719
v 0.02686141 0.01354914 0.02356996
v 0.02700121 0.01374410 0.02111943
v 0.02739968 0.01433362 0.01876429
v 0.02809836 0.01540392 0.01666039
v 0.02896459 0.01669335 0.01475796
v 0.03001928 0.01826485 0.01319316
v 0.03122408 0.02006049 0.01202823
v 0.03252999 0.02201038 0.01130852
v 0.02886545 0.01911949 0.03392079
v 0.02755384 0.01777798 0.03245533
v 0.02644575 0.01665113 0.03055432
v 0.02562637 0.01582038 0.02838643
v 0.02512483 0.01530908 0.02603134
v 0.02495913 0.01513267 0.02358197
v 0.02513419 0.01529771 0.02113150
v 0.02569881 0.01588382 0.01882657
v 0.02651948 0.01669928 0.01665971
v 0.02762288 0.01779510 0.01475758
v 0.02896480 0.01913025 0.01319270
v 0.03049686 0.02065641 0.01202794
v 0.03216074 0.02231493 0.01130827
v 0.02798867 0.02018622 0.03392561
v 0.02644430 0.01913672 0.03247565
v 0.02514541 0.01825225 0.03056998
v 0.02418496 0.01759861 0.02839700
v 0.02359442 0.01719494 0.02604085
v 0.02339967 0.01705447 0.02358937
v 0.02360494 0.01718314 0.02113881
v 0.02420262 0.01757352 0.01878129
v 0.02522559 0.01827685 0.01665674
v 0.02652105 0.01913612 0.01475518
v 0.02809938 0.02018466 0.01319141
v 0.02990081 0.02138346 0.01202746
v 0.03185579 0.02268437 0.01130811
v 0.02734181 0.02140639 0.03392702
v 0.02562851 0.02068730 0.03248108
v 0.02418129 0.02007185 0.03057996
v 0.02311855 0.01961967 0.02840322
v 0.02246449 0.01933779 0.02604301
v 0.02224500 0.01923936 0.02359260
v 0.02246977 0.01932466 0.02114221
v 0.02313381 0.01959459 0.01878835
v 0.02426094 0.02007582 0.01665325
v 0.02570359 0.02066761 0.01475302
v 0.02745733 0.02138813 0.01318874
v 0.02945928 0.02221145 0.01202518
v 0.03163124 0.02310697 0.01130696
v 0.02694157 0.02273328 0.03392905
v 0.02513171 0.02236594 0.03248154
v 0.02359573 0.02204429 0.03058174
v 0.02246431 0.02180850 0.02840753
v 0.02177093 0.02165981 0.02604519
v 0.02153862 0.02160485 0.02359197
v 0.02177619 0.02164483 0.02114038
v 0.02247733 0.02177622 0.01878605
v 0.02366930 0.02202976 0.01664910
v 0.02520045 0.02232893 0.01474869
v 0.02706191 0.02269254 0.01318603
v 0.02918506 0.02311041 0.01202392
v 0.03149156 0.02356540 0.01130624
v -0.03456554 0.02416981 0.03664212
v -0.03612421 0.02417131 0.03615329
v -0.03755561 0.02417989 0.03535708
v -0.03876416 0.02417874 0.03435937
v -0.03453244 0.02448760 0.03663719
v -0.03606158 0.02479490 0.03614776
v -0.03746973 0.02508073 0.03536405
v -0.03864960 0.02531743 0.03436140
v -0.03444271 0.02479434 0.03663911
v -0.03588409 0.02539309 0.03615399
v -0.03720981 0.02594760 0.03537155
v -0.03832044 0.02641062 0.03436702
v -0.03429320 0.02507566 0.03663922
v -0.03558927 0.02594450 0.03615341
v -0.03678467 0.02674678 0.03537577
v -0.03778617 0.02741955 0.03437616
v -0.03409151 0.02532204 0.03664109
v -0.03519476 0.02642846 0.03615729
v -0.03621193 0.02744821 0.03538025
v -0.03706577 0.02830436 0.03438451
v -0.03384621 0.02552516 0.03664136
v -0.03471275 0.02682520 0.03615810
v -0.03551153 0.02802383 0.03538401
v -0.03618159 0.02902826 0.03438621
v -0.03356611 0.02567585 0.03664477
v -0.03416169 0.02712114 0.03616130
v -0.03471175 0.02845181 0.03538647
v -0.03517360 0.02956708 0.03439165
v -0.03326058 0.02576918 0.03664640
v -0.03356501 0.02730324 0.03616442
v -0.03384439 0.02871633 0.03539101
v -0.03408004 0.02989912 0.03439581
v -0.03294377 0.02580045 0.03664749
v -0.03294213 0.02736516 0.03616665
v -0.03294178 0.02880616 0.03539423
v -0.03294310 0.03001327 0.03440288
v -0.03262666 0.02576905 0.03664845
v -0.03231949 0.02730393 0.03617014
v -0.03203921 0.02871869 0.03539925
v -0.03180786 0.02990334 0.03440492
v -0.03232058 0.02567602 0.03664904
v -0.03172106 0.02712160 0.03617018
v -0.03117004 0.02845403 0.03539963
v -0.03071420 0.02957373 0.03440712
v -0.03203940 0.02552595 0.03665055
v -0.03116895 0.02682557 0.03617199
v -0.03036870 0.02802513 0.03540230
v -0.02970183 0.02903249 0.03441012
v -0.03179347 0.02532237 0.03664922
v -0.03068551 0.02642775 0.03617276
v -0.02966483 0.02744645 0.03540427
v -0.02880877 0.02830090 0.03441295
v -0.03159070 0.02507578 0.03665189
v -0.03028906 0.02594291 0.03617521
v -0.02908766 0.02674166 0.03540596
v -0.02807835 0.02741038 0.03441268
v -0.03144098 0.02479421 0.03665142
v -0.02999409 0.02538997 0.03617523
v -0.02865927 0.02593781 0.03540603
v -0.02753470 0.02639568 0.03441403
v -0.03134854 0.02448809 0.03665052
v -0.02981325 0.02479085 0.03617530
v -0.02839502 0.02506584 0.03540752
v -0.02719868 0.02529736 0.03441902
v -0.03131825 0.02417071 0.03665060
v -0.02975300 0.02416777 0.03617452
v -0.02830481 0.02416018 0.03541153
v -0.02708037 0.02415450 0.03443178
v -0.03134943 0.02385459 0.03665085
v -0.02981542 0.02354583 0.03617237
v -0.02839117 0.02325612 0.03541106
v -0.02719021 0.02300986 0.03443109
v -0.03144326 0.02354901 0.03664830
v -0.02999673 0.02294958 0.03617114
v -0.02865336 0.02238663 0.03541084
v -0.02751906 0.02191036 0.03443224
v -0.03159362 0.02326882 0.03664670
v -0.03029111 0.02239826 0.03617138
v -0.02907957 0.02158416 0.03541443
v -0.02806015 0.02090245 0.03442925
v -0.03179665 0.02302384 0.03664820
v -0.03068835 0.02191692 0.03617135
v -0.02965758 0.02088656 0.03541300
v -0.02878872 0.02001801 0.03443127
v -0.03204325 0.02282238 0.03664501
v -0.03117212 0.02152237 0.03617056
v -0.03036322 0.02031607 0.03540993
v -0.02968259 0.01930053 0.03441899
v -0.03232447 0.02267279 0.03664571
v -0.03172592 0.02123015 0.03616771
v -0.03116905 0.01989481 0.03540506
v -0.03070197 0.01877623 0.03441669
v -0.03263123 0.02258077 0.03664311
v -0.03232528 0.02105093 0.03616522
v -0.03204221 0.01963692 0.03540257
v -0.03180218 0.01844873 0.03441096
v -0.03294838 0.02254929 0.03664636
v -0.03294969 0.02099184 0.03616310
v -0.03294939 0.01955470 0.03539558
v -0.03294871 0.01835326 0.03441499
v -0.03326529 0.02258063 0.03664371
v -0.03357320 0.02105377 0.03615829
v -0.03385540 0.01964545 0.03539013
v -0.03409265 0.01846953 0.03439602
v -0.03357076 0.02267210 0.03664538
v -0.03417090 0.02123401 0.03616025
v -0.03472425 0.01990885 0.03538494
v -0.03518928 0.01880138 0.03439059
v -0.03385052 0.02282183 0.03664362
v -0.03472059 0.02152784 0.03615636
v -0.03552286 0.02033377 0.03538031
v -0.03619536 0.01933479 0.03438389
v -0.03409560 0.02302304 0.03664554
v -0.03520276 0.02192136 0.03615953
v -0.03621957 0.02090608 0.03537764
v -0.03707341 0.02005054 0.03438064
v -0.03429601 0.02326790 0.03664417
v -0.03559569 0.02240201 0.03615902
v -0.03678989 0.02160423 0.03537692
v -0.03778902 0.02093270 0.03437224
v -0.03294526 0.02417136 0.03681024
v -0.03444460 0.02354725 0.03664546
v -0.03588783 0.02295245 0.03615976
v -0.03721061 0.02240457 0.03537368
v -0.03831830 0.02194288 0.03435592
v -0.03453249 0.02385185 0.03664304
v -0.03606123 0.02355004 0.03614902
v -0.03746378 0.02327448 0.03536088
v -0.03864466 0.02303866 0.03434841
v -0.03994448 0.02418103 0.03350717
v -0.04176152 0.02417983 0.03205733
v -0.04331867 0.02418616 0.03016943
v -0.04448875 0.02418585 0.02801733
v -0.04521123 0.02417517 0.02567108
v -0.04545632 0.02416117 0.02324000
v -0.04521272 0.02415524 0.02079492
v -0.04450149 0.02414976 0.01844247
v -0.04334427 0.02414524 0.01627321
v -0.04178758 0.02414178 0.01437183
v -0.03989065 0.02414091 0.01280909
v -0.03772523 0.02413896 0.01164800
v -0.03543423 0.02409291 0.01099858
v -0.03980835 0.02554916 0.03351033
v -0.04159199 0.02590694 0.03206116
v -0.04311926 0.02622229 0.03017581
v -0.04426013 0.02644308 0.02801664
v -0.04496757 0.02657362 0.02567599
v -0.04520739 0.02660920 0.02323589
v -0.04497409 0.02655430 0.02079228
v -0.04427669 0.02641040 0.01844142
v -0.04314271 0.02618086 0.01627211
v -0.04161678 0.02587278 0.01437080
v -0.03975639 0.02550117 0.01280874
v -0.03763547 0.02507668 0.01164461
v -0.03538790 0.02456858 0.01099860
v -0.03941101 0.02686443 0.03351698
v -0.04108631 0.02757317 0.03206465
v -0.04252761 0.02817365 0.03017908
v -0.04359517 0.02860877 0.02801898
v -0.04425916 0.02887484 0.02567397
v -0.04448823 0.02895867 0.02323245
v -0.04426932 0.02886165 0.02078932
v -0.04361408 0.02858363 0.01843918
v -0.04254748 0.02813740 0.01627017
v -0.04111144 0.02753809 0.01436902
v -0.03936034 0.02680809 0.01280697
v -0.03741686 0.02593049 0.01170554
v -0.03524901 0.02502608 0.01099921
v -0.03876739 0.02807779 0.03352650
v -0.04027265 0.02909842 0.03206348
v -0.04155554 0.02995995 0.03017452
v -0.04251397 0.03060284 0.02802015
v -0.04311513 0.03099280 0.02567107
v -0.04332300 0.03112026 0.02322994
v -0.04312915 0.03098261 0.02078750
v -0.04254103 0.03058449 0.01843693
v -0.04158312 0.02993893 0.01626858
v -0.04029188 0.02907125 0.01436678
v -0.03871668 0.02801341 0.01280456
v -0.03691845 0.02680699 0.01164133
v -0.03502310 0.02544896 0.01099578
v -0.03789724 0.02913975 0.03352967
v -0.03917167 0.03042801 0.03206854
v -0.04026177 0.03153038 0.03018256
v -0.04106819 0.03234109 0.02801949
v -0.04158217 0.03284468 0.02567212
v -0.04176048 0.03301476 0.02322865
v -0.04159717 0.03284366 0.02078414
v -0.04109897 0.03233834 0.01843353
v -0.04028562 0.03151825 0.01626441
v -0.03918850 0.03041442 0.01436391
v -0.03785017 0.02906962 0.01280183
v -0.03637777 0.02748432 0.01169978
v -0.03471891 0.02581721 0.01099628
v -0.03683412 0.03001296 0.03353059
v -0.03783666 0.03152712 0.03208767
v -0.03868543 0.03281774 0.03018965
v -0.03932212 0.03377692 0.02803018
v -0.03972058 0.03436888 0.02567378
v -0.03986043 0.03456984 0.02322607
v -0.03973163 0.03437031 0.02078267
v -0.03934205 0.03377757 0.01842990
v -0.03870403 0.03281418 0.01626164
v -0.03784376 0.03151732 0.01436016
v -0.03679436 0.02993584 0.01279920
v -0.03565207 0.02807747 0.01170036
v -0.03434929 0.02612113 0.01099498
v -0.03562275 0.03064738 0.03353765
v -0.03630659 0.03233105 0.03209315
v -0.03688666 0.03377592 0.03019462
v -0.03732108 0.03484323 0.02802558
v -0.03759537 0.03550217 0.02567247
v -0.03769037 0.03572650 0.02322511
v -0.03760456 0.03550568 0.02078055
v -0.03733694 0.03484715 0.01842852
v -0.03690016 0.03377670 0.01625935
v -0.03630961 0.03233606 0.01435936
v -0.03564898 0.03052381 0.01284912
v -0.03482443 0.02851819 0.01170011
v -0.03392660 0.02634626 0.01099393
v -0.03430686 0.03104620 0.03354093
v -0.03463911 0.03284302 0.03209207
v -0.03492516 0.03438098 0.03018560
v -0.03514411 0.03550184 0.02801800
v -0.03528526 0.03619823 0.02566829
v -0.03533638 0.03643693 0.02322366
v -0.03529462 0.03620375 0.02077931
v -0.03516111 0.03550523 0.01842692
v -0.03494260 0.03436946 0.01625707
v -0.03464394 0.03284010 0.01435777
v -0.03434477 0.03091754 0.01284815
v -0.03392505 0.02879084 0.01169846
v -0.03346772 0.02648509 0.01099300
v -0.03293373 0.03118713 0.03355769
v -0.03289999 0.03301529 0.03208377
v -0.03287105 0.03457896 0.03017103
v -0.03287414 0.03572012 0.02800823
v -0.03288032 0.03642990 0.02566216
v -0.03289124 0.03667445 0.02322482
v -0.03289352 0.03643696 0.02077621
v -0.03289848 0.03572728 0.01842325
v -0.03290677 0.03456895 0.01625563
v -0.03298366 0.03295300 0.01439772
v -0.03298766 0.03104957 0.01284756
v -0.03298961 0.02888250 0.01169714
v -0.03299106 0.02653176 0.01099277
v -0.03158612 0.03105733 0.03355480
v -0.03116088 0.03283981 0.03207921
v -0.03079958 0.03435156 0.03015537
v -0.03060116 0.03548636 0.02799840
v -0.03047663 0.03618934 0.02565724
v -0.03043910 0.03642967 0.02321705
v -0.03049169 0.03619980 0.02077193
v -0.03063523 0.03550565 0.01841820
v -0.03086063 0.03437662 0.01624608
v -0.03125700 0.03278040 0.01439779
v -0.03162988 0.03091430 0.01284708
v -0.03205416 0.02878990 0.01169665
v -0.03251442 0.02648434 0.01099269
v -0.03027404 0.03067165 0.03356280
v -0.02950099 0.03233165 0.03207672
v -0.02883400 0.03373547 0.03014608
v -0.02842384 0.03481703 0.02799493
v -0.02816704 0.03548500 0.02565385
v -0.02808521 0.03571448 0.02321158
v -0.02818286 0.03549849 0.02076645
v -0.02846020 0.03484546 0.01841297
v -0.02899351 0.03372058 0.01628927
v -0.02959452 0.03227542 0.01439826
v -0.03032518 0.03051796 0.01284732
v -0.03115515 0.02851596 0.01169699
v -0.03205591 0.02634495 0.01099282
v -0.02906308 0.03001542 0.03356851
v -0.02797812 0.03150618 0.03208450
v -0.02704751 0.03276902 0.03015241
v -0.02642714 0.03374506 0.02799775
v -0.02604613 0.03434666 0.02565269
v -0.02592086 0.03455401 0.02321042
v -0.02606086 0.03436004 0.02076445
v -0.02645854 0.03377314 0.01841029
v -0.02719390 0.03275628 0.01629145
v -0.02806445 0.03145546 0.01440068
v -0.02912093 0.02987491 0.01284813
v -0.03032654 0.02807316 0.01169744
v -0.03163293 0.02611946 0.01099308
v -0.02797781 0.02913205 0.03356502
v -0.02664038 0.03040526 0.03209937
v -0.02550051 0.03148263 0.03017107
v -0.02468810 0.03230734 0.02800726
v -0.02419196 0.03281745 0.02565674
v -0.02402825 0.03299390 0.02321104
v -0.02420348 0.03282892 0.02076310
v -0.02470901 0.03233115 0.01840834
v -0.02561553 0.03146124 0.01629368
v -0.02672200 0.03035380 0.01440278
v -0.02806595 0.02900969 0.01284981
v -0.02959938 0.02747721 0.01169893
v -0.03126356 0.02581500 0.01099379
v -0.02709486 0.02806333 0.03356536
v -0.02555449 0.02906133 0.03210907
v -0.02422934 0.02991296 0.03019223
v -0.02326179 0.03055429 0.02801857
v -0.02267174 0.03095339 0.02566561
v -0.02247681 0.03109218 0.02321557
v -0.02268101 0.03096337 0.02076506
v -0.02327652 0.03057397 0.01840702
v -0.02432154 0.02988275 0.01629797
v -0.02562057 0.02901191 0.01440608
v -0.02720071 0.02795523 0.01285234
v -0.02900338 0.02675015 0.01170065
v -0.03095884 0.02544546 0.01099475
v -0.02643747 0.02684392 0.03356404
v -0.02473195 0.02753170 0.03211110
v -0.02327567 0.02811641 0.03020576
v -0.02220171 0.02855329 0.02803020
v -0.02154562 0.02882743 0.02567290
v -0.02132770 0.02892083 0.02322110
v -0.02155294 0.02883431 0.02077005
v -0.02221295 0.02856731 0.01840916
v -0.02335888 0.02808303 0.01630182
v -0.02480264 0.02748135 0.01440999
v -0.02655840 0.02675183 0.01285568
v -0.02856149 0.02592222 0.01170266
v -0.03073397 0.02502300 0.01099581
v -0.02603244 0.02552254 0.03356962
v -0.02422520 0.02586805 0.03211929
v -0.02268453 0.02616210 0.03021540
v -0.02154575 0.02638255 0.02804167
v -0.02085260 0.02652012 0.02568222
v -0.02062337 0.02656680 0.02322954
v -0.02086679 0.02652144 0.02077900
v -0.02157995 0.02638400 0.01842054
v -0.02276641 0.02613029 0.01630735
v -0.02429946 0.02581980 0.01441439
v -0.02616300 0.02544753 0.01285909
v -0.02828765 0.02502333 0.01170520
v -0.03059451 0.02456453 0.01099718
v -0.02589028 0.02414880 0.03358455
v -0.02404794 0.02414035 0.03212959
v -0.02248052 0.02413269 0.03022639
v -0.02131985 0.02412435 0.02805119
v -0.02061357 0.02412157 0.02569195
v -0.02038625 0.02411935 0.02324468
v -0.02063559 0.02411645 0.02079048
v -0.02140413 0.02410550 0.01847700
v -0.02256763 0.02409883 0.01631465
v -0.02412906 0.02409356 0.01441907
v -0.02602897 0.02409056 0.01286312
v -0.02819630 0.02408854 0.01170773
v -0.03054791 0.02408817 0.01099842
v -0.02601593 0.02277327 0.03358693
v -0.02420975 0.02241198 0.03213541
v -0.02267670 0.02209738 0.03022800
v -0.02154404 0.02186991 0.02805902
v -0.02085217 0.02172602 0.02570183
v -0.02062410 0.02167470 0.02325210
v -0.02086648 0.02171634 0.02080200
v -0.02157449 0.02185327 0.01845028
v -0.02276650 0.02206794 0.01631954
v -0.02429976 0.02236743 0.01442417
v -0.02616338 0.02273351 0.01286694
v -0.02828800 0.02315396 0.01171065
v -0.03059475 0.02361177 0.01099990
v -0.02641536 0.02145089 0.03358512
v -0.02470788 0.02074258 0.03213599
v -0.02326323 0.02013698 0.03023328
v -0.02220246 0.01969258 0.02805934
v -0.02155043 0.01941521 0.02570173
v -0.02133413 0.01931844 0.02325435
v -0.02156291 0.01940497 0.02080745
v -0.02222984 0.01967265 0.01845858
v -0.02336032 0.02011566 0.01632580
v -0.02480312 0.02070668 0.01442912
v -0.02655916 0.02142985 0.01287098
v -0.02856247 0.02225547 0.01171341
v -0.03073438 0.02315359 0.01100123
v -0.02706306 0.02023075 0.03358545
v -0.02552537 0.01920198 0.03213790
v -0.02423032 0.01833118 0.03023090
v -0.02327193 0.01768383 0.02805862
v -0.02268450 0.01728355 0.02570408
v -0.02249233 0.01714473 0.02325613
v -0.02270082 0.01727418 0.02080997
v -0.02335531 0.01767938 0.01849610
v -0.02432391 0.01831731 0.01633192
v -0.02562078 0.01917709 0.01443370
v -0.02720146 0.02022746 0.01287452
v -0.02900412 0.02142820 0.01171596
v -0.03095926 0.02273140 0.01100254
v -0.02793644 0.01916056 0.03358858
v -0.02663671 0.01785617 0.03212790
v -0.02553321 0.01674467 0.03022582
v -0.02471651 0.01591984 0.02805566
v -0.02421777 0.01541053 0.02570156
v -0.02405464 0.01523485 0.02325463
v -0.02423266 0.01540049 0.02080790
v -0.02479746 0.01592898 0.01850341
v -0.02561863 0.01674096 0.01633703
v -0.02672251 0.01783700 0.01443807
v -0.02806684 0.01917437 0.01287782
v -0.02960012 0.02070216 0.01171807
v -0.03126395 0.02236242 0.01100364
v -0.02900780 0.01828830 0.03357409
v -0.02798309 0.01674961 0.03211690
v -0.02711412 0.01544057 0.03021739
v -0.02647534 0.01447023 0.02804888
v -0.02608647 0.01387221 0.02569545
v -0.02595931 0.01366499 0.02324962
v -0.02610149 0.01385931 0.02080189
v -0.02654888 0.01449026 0.01850594
v -0.02719746 0.01544867 0.01634235
v -0.02806510 0.01673734 0.01444207
v -0.02912200 0.01831052 0.01288097
v -0.03032740 0.02010727 0.01172005
v -0.03163334 0.02205845 0.01100457
v -0.03299307 0.02408889 0.01076013
v -0.03022179 0.01763207 0.03355393
v -0.02951366 0.01592228 0.03210186
v -0.02891834 0.01446794 0.03020649
v -0.02848209 0.01339182 0.02804034
v -0.02821452 0.01272677 0.02569041
v -0.02812951 0.01249861 0.02324407
v -0.02822734 0.01271338 0.02079635
v -0.02850881 0.01336463 0.01843896
v -0.02899772 0.01448726 0.01634503
v -0.02959711 0.01592123 0.01444564
v -0.03032638 0.01766899 0.01288361
v -0.03115625 0.01966554 0.01172213
v -0.03205647 0.02183363 0.01100559
v -0.03154060 0.01723105 0.03355113
v -0.03117007 0.01539807 0.03208308
v -0.03087165 0.01386048 0.03019118
v -0.03065583 0.01272343 0.02802842
v -0.03052467 0.01202010 0.02568271
v -0.03048514 0.01178006 0.02323934
v -0.03053743 0.01200940 0.02079270
v -0.03068078 0.01270229 0.01844040
v -0.03095136 0.01389524 0.01634657
v -0.03126032 0.01541933 0.01444830
v -0.03163131 0.01727459 0.01288558
v -0.03205521 0.01939297 0.01172318
v -0.03251507 0.02169486 0.01100611
v -0.03292277 0.01710679 0.03354714
v -0.03288386 0.01518019 0.03205279
v -0.03290252 0.01364461 0.03017447
v -0.03291413 0.01249467 0.02801999
v -0.03292304 0.01178258 0.02567481
v -0.03293475 0.01153689 0.02323887
v -0.03293617 0.01177293 0.02079136
v -0.03293827 0.01247931 0.01843835
v -0.03298308 0.01369477 0.01634575
v -0.03298762 0.01525036 0.01444986
v -0.03298929 0.01714160 0.01288719
v -0.03299114 0.01930253 0.01172455
v -0.03299261 0.02164813 0.01100692
v -0.03430502 0.01726838 0.03355420
v -0.03461195 0.01534625 0.03204429
v -0.03493708 0.01384518 0.03016648
v -0.03517485 0.01271776 0.02801534
v -0.03532388 0.01201923 0.02567156
v -0.03537705 0.01178244 0.02323056
v -0.03533383 0.01201386 0.02078846
v -0.03519477 0.01270821 0.01843795
v -0.03496689 0.01384147 0.01626937
v -0.03471451 0.01542048 0.01444919
v -0.03434720 0.01727654 0.01288761
v -0.03392595 0.01939430 0.01172437
v -0.03346851 0.02169558 0.01100660
v -0.03563026 0.01768172 0.03354743
v -0.03629228 0.01588961 0.03205278
v -0.03689924 0.01445638 0.03016888
v -0.03735236 0.01338685 0.02801330
v -0.03763293 0.01272630 0.02566918
v -0.03772825 0.01250160 0.02322629
v -0.03764001 0.01272150 0.02078453
v -0.03736690 0.01337792 0.01843548
v -0.03692179 0.01444284 0.01626748
v -0.03637585 0.01592376 0.01444658
v -0.03565224 0.01767310 0.01288787
v -0.03482550 0.01966803 0.01172468
v -0.03392725 0.02183495 0.01100668
v -0.03684701 0.01832936 0.03353471
v -0.03784354 0.01674820 0.03206766
v -0.03870920 0.01544178 0.03017322
v -0.03935811 0.01447224 0.02801040
v -0.03975959 0.01387481 0.02566597
v -0.03989774 0.01367089 0.02322329
v -0.03976502 0.01386882 0.02078239
v -0.03936897 0.01445883 0.01843346
v -0.03872229 0.01541957 0.01626767
v -0.03790630 0.01674249 0.01444360
v -0.03685609 0.01831674 0.01288661
v -0.03565324 0.02011103 0.01172330
v -0.03434956 0.02206054 0.01100569
v -0.03790758 0.01919438 0.03352833
v -0.03918973 0.01786874 0.03206602
v -0.04029306 0.01675334 0.03017347
v -0.04111468 0.01592812 0.02801044
v -0.04162468 0.01541745 0.02566409
v -0.04179719 0.01524578 0.02322413
v -0.04162745 0.01541193 0.02078221
v -0.04112218 0.01591296 0.01843409
v -0.04029948 0.01673094 0.01626786
v -0.03918946 0.01783082 0.01436922
v -0.03790938 0.01918121 0.01288271
v -0.03638081 0.02070715 0.01172273
v -0.03471920 0.02236496 0.01100530
v -0.03877616 0.02025954 0.03352275
v -0.04029074 0.01922540 0.03206453
v -0.04158935 0.01834775 0.03017349
v -0.04255645 0.01769662 0.02801152
v -0.04315552 0.01729704 0.02566624
v -0.04335521 0.01715951 0.02322553
v -0.04315605 0.01729178 0.02078353
v -0.04255974 0.01768568 0.01843526
v -0.04159260 0.01832721 0.01626904
v -0.04028984 0.01919125 0.01437018
v -0.03877288 0.02023573 0.01287682
v -0.03697592 0.02143452 0.01171902
v -0.03502379 0.02273441 0.01100443
v -0.03941362 0.02148174 0.03350677
v -0.04109969 0.02076962 0.03205683
v -0.04254557 0.02016924 0.03016930
v -0.04362734 0.01971402 0.02801560
v -0.04428882 0.01943643 0.02567129
v -0.04451003 0.01934289 0.02322851
v -0.04428701 0.01943310 0.02078660
v -0.04362245 0.01970640 0.01843801
v -0.04254967 0.02014649 0.01627157
v -0.04111136 0.02073988 0.01437174
v -0.03935988 0.02147104 0.01281036
v -0.03741863 0.02226215 0.01171843
v -0.03524901 0.02315676 0.01100384
v -0.03980801 0.02280636 0.03350105
v -0.04159681 0.02244600 0.03205570
v -0.04312914 0.02214249 0.03017151
v -0.04427051 0.02192120 0.02802063
v -0.04497389 0.02176730 0.02567586
v -0.04521017 0.02170789 0.02323116
v -0.04497717 0.02175361 0.02079011
v -0.04428067 0.02188645 0.01844142
v -0.04314428 0.02210792 0.01627296
v -0.04161690 0.02240961 0.01437261
v -0.03975650 0.02277868 0.01281063
v -0.03769039 0.02316174 0.01171303
v -0.03538839 0.02361507 0.01100295
f 4 2 1
f 8 6 5
f 13 15 14
f 17 19 18
f 32 30 29
f 36 34 33
f 37 39 38
f 21 23 20
f 25 27 24
f 41 43 42
f 48 46 45
f 52 50 49
f 53 55 54
f 60 58 57
f 29 62 61
f 66 64 63
f 67 6 68
f 72 70 69
f 76 74 73
f 77 79 78
f 81 83 82
f 59 86 85
f 88 90 89
f 96 94 93
f 100 98 97
f 101 103 102
f 106 34 87
f 108 115 107
f 117 36 118
f 124 126 125
f 131 129 128
f 132 134 133
f 142 140 139
f 148 60 147
f 144 127 124
f 149 151 150
f 156 154 153
f 159 158 157
f 116 164 105
f 171 169 168
f 174 173 172
f 179 181 180
f 186 188 187
f 194 196 195
f 199 139 198
f 206 208 207
f 213 211 210
f 202 214 201
f 96 216 54
f 92 43 44
f 97 246 100
f 250 229 228
f 252 58 253
f 258 256 255
f 260 229 259
f 110 112 113
f 114 263 109
f 265 267 266
f 56 270 269
f 274 249 250
f 185 63 64
f 280 278 276
f 285 283 157
f 288 211 212
f 141 92 46
f 289 175 176
f 148 105 106
f 312 170 171
f 238 42 43
f 318 160 317
f 310 308 307
f 241 325 324
f 160 240 317
f 47 307 308
f 108 315 164
f 345 86 119
f 348 350 349
f 356 358 357
f 355 353 352
f 363 32 362
f 149 150 176
f 364 253 365
f 366 368 367
f 183 371 63
f 163 161 160
f 209 101 208
f 378 165 166
f 379 381 380
f 383 3 4
f 284 386 385
f 387 389 388
f 391 229 249
f 73 397 396
f 405 407 406
f 203 411 410
f 414 413 412
f 1 357 4
f 277 131 275
f 254 57 58
f 358 415 351
f 417 386 408
f 401 192 420
f 419 127 143
f 421 182 422
f 103 302 409
f 428 368 174
f 380 359 356
f 62 266 323
f 140 431 430
f 357 351 348
f 356 379 380
f 415 403 434
f 437 436 435
f 438 440 439
f 188 450 449
f 452 454 453
f 265 181 421
f 224 64 225
f 237 213 427
f 275 128 458
f 281 460 459
f 50 79 461
f 73 282 281
f 468 466 465
f 390 352 359
f 482 484 483
f 489 487 486
f 493 495 494
f 472 470 469
f 502 500 499
f 220 222 223
f 512 143 66
f 518 511 80
f 513 230 286
f 205 31 244
f 189 451 188
f 163 532 8
f 533 225 251
f 446 447 412
f 335 540 334
f 544 546 545
f 329 291 292
f 199 262 238
f 385 416 550
f 532 191 247
f 363 118 243
f 236 237 250
f 578 580 579
f 573 571 570
f 561 562 272
f 241 259 240
f 590 592 591
f 545 595 594
f 503 155 504
f 606 624 623
f 478 480 479
f 646 648 647
f 590 689 684
f 564 651 650
f 728 184 727
f 714 716 715
f 692 575 693
f 541 581 578
f 346 248 400
f 161 230 160
f 128 94 95
f 698 704 703
f 574 576 575
f 290 401 328
f 630 725 726
f 733 735 734
f 755 496 493
f 759 481 760
f 757 762 761
f 764 466 467
f 768 3808 3809
f 759 488 489
f 492 475 771
f 474 769 473
f 773 465 772
f 771 486 483
f 484 775 491
f 774 489 486
f 495 764 756
f 495 761 494
f 137 784 136
f 325 797 547
f 165 51 52
f 369 29 370
f 730 568 569
f 90 301 89
f 243 516 242
f 800 806 805
f 817 808 816
f 816 823 822
f 306 447 807
f 815 809 808
f 829 828 825
f 726 501 502
f 274 424 423
f 879 881 880
f 884 879 885
f 219 217 211
f 906 904 897
f 455 205 542
f 898 830 829
f 903 880 881
f 906 897 898
f 377 519 165
f 923 948 946
f 946 951 950
f 3519 739 3517
f 900 886 880
f 225 65 144
f 182 442 422
f 809 947 824
f 954 962 961
f 927 965 966
f 885 880 886
f 925 966 967
f 343 341 340
f 965 971 968
f 968 970 969
f 972 969 973
f 963 981 978
f 336 338 339
f 992 827 828
f 810 996 959
f 1007 1002 1008
f 1012 827 1009
f 1011 1007 1008
f 294 292 291
f 907 920 919
f 1017 1019 1018
f 1020 1022 1021
f 1035 1020 1044
f 1061 1047 1046
f 1063 1046 1062
f 1044 1021 1045
f 1102 1097 1109
f 1116 1118 1117
f 1016 1014 1013
f 881 904 903
f 816 1127 817
f 1094 949 1097
f 514 167 515
f 146 81 82
f 1133 1130 1129
f 1102 1126 822
f 822 1116 816
f 1145 1148 1136
f 1076 1151 1069
f 1148 1086 1087
f 1109 1114 1136
f 1154 1156 1155
f 1153 967 1156
f 3464 463 3714
f 1144 1152 1151
f 1156 1163 1162
f 1164 1169 1165
f 1145 1176 1147
f 1114 1154 1171
f 1183 1164 1177
f 1184 1177 1185
f 1069 1062 1064
f 1023 1194 1022
f 1162 1170 1169
f 1195 1185 1191
f 1183 1176 1155
f 1201 1152 1196
f 1061 1201 1202
f 3825 843 3836
f 1203 1195 1034
f 1202 1184 1195
f 1218 1203 1217
f 1060 1202 1203
f 1225 1217 1219
f 671 694 670
f 1219 1024 1035
f 1217 1034 1024
f 1226 1015 1227
f 1243 1234 1233
f 1231 1229 1228
f 847 1233 843
f 843 1244 878
f 1233 1245 1244
f 1923 233 216
f 2100 499 500
f 3914 2135 3900
f 61 323 505
f 210 217 457
f 1299 1309 1300
f 3863 1231 3862
f 1066 1321 1322
f 1322 1228 1229
f 1060 1321 1047
f 1325 1323 1310
f 1244 1332 1330
f 1290 1242 1288
f 1337 1339 1338
f 1330 1340 1339
f 1341 1245 1294
f 1342 1332 1341
f 1343 1341 1344
f 1344 1294 1293
f 3857 1345 1346
f 1347 1342 1343
f 3856 1295 1345
f 1349 1348 1347
f 3861 1347 3853
f 3853 1343 3857
f 906 829 1353
f 905 1353 1354
f 865 1355 1357
f 1355 829 825
f 1357 825 826
f 1356 1353 1355
f 3834 1338 3833
f 866 1356 865
f 1358 1354 1356
f 3828 1337 3834
f 838 1012 841
f 1363 1338 1339
f 1368 1339 1340
f 1348 1340 1342
f 1371 3824 3829
f 524 526 523
f 528 530 527
f 1372 1369 1371
f 535 537 538
f 1367 1348 1350
f 1370 1359 1369
f 1369 3833 3824
f 1373 903 904
f 555 557 558
f 1374 910 1373
f 1373 905 1375
f 1374 1375 1376
f 1375 1354 1370
f 1378 908 1377
f 376 651 1387
f 1388 973 969
f 586 588 585
f 1390 1388 1391
f 1391 969 970
f 597 599 596
f 600 602 603
f 1392 970 979
f 608 610 607
f 612 523 611
f 614 616 613
f 617 25 24
f 620 622 619
f 1397 1391 1392
f 1398 1392 1399
f 1400 920 1378
f 1402 1165 1169
f 636 638 635
f 930 1402 929
f 641 643 644
f 929 1169 1170
f 1404 1403 1402
f 1411 1365 1406
f 1412 1415 1414
f 652 654 655
f 609 657 658
f 659 661 662
f 558 586 585
f 665 667 664
f 1413 1406 1412
f 1418 3810 3813
f 1417 1371 1416
f 1416 3829 3810
f 1419 1416 1418
f 1386 1374 1420
f 677 679 676
f 1385 1420 1421
f 1420 1376 1422
f 685 687 688
f 1421 1422 1423
f 528 691 658
f 1422 1372 1417
f 1018 747 1425
f 699 701 702
f 1424 579 1017
f 3663 1767 3660
f 700 711 712
f 1093 3754 1571
f 717 530 719
f 721 723 720
f 704 3543 3554
f 19 1426 1430
f 1429 1427 1426
f 1658 3542 3544
f 1439 1434 1438
f 1437 1435 1434
f 1426 1433 1432
f 1442 1432 1440
f 742 744 745
f 1432 1441 1440
f 751 753 750
f 1438 1403 1405
f 1446 1444 1443
f 1447 1446 1443
f 3860 1443 3848
f 1415 1445 1446
f 1414 1446 1448
f 2173 469 470
f 777 779 686
f 780 782 783
f 1676 1806 1675
f 3859 1349 3861
f 789 791 788
f 745 793 742
f 652 795 653
f 1455 1457 1456
f 1454 1350 1452
f 610 802 801
f 3831 698 703
f 1352 1045 1351
f 1015 1459 1460
f 811 813 814
f 2118 3817 2117
f 819 821 818
f 1466 1194 1190
f 1467 1465 1466
f 1182 1468 1467
f 832 833 831
f 835 837 834
f 1467 1190 1182
f 1469 1444 1445
f 840 712 690
f 1453 1469 1454
f 599 845 846
f 1226 3849 3855
f 851 853 850
f 855 856 854
f 858 860 857
f 861 863 864
f 1014 3855 3858
f 867 868 869
f 870 872 873
f 874 876 877
f 1310 1471 1309
f 1476 1427 1475
f 1461 1475 1460
f 887 889 890
f 788 892 891
f 894 896 893
f 1460 1227 1015
f 901 524 612
f 1465 1477 1464
f 1865 3500 1864
f 911 913 914
f 916 918 915
f 1850 3507 1851
f 921 895 894
f 1479 1436 1478
f 926 667 601
f 1481 563 1480
f 269 84 1482
f 931 933 916
f 934 614 869
f 936 688 937
f 938 662 939
f 1484 122 123
f 941 835 834
f 320 509 510
f 1849 3505 1850
f 84 1484 83
f 1487 1488 539
f 1757 3502 3509
f 365 1491 364
f 461 80 511
f 117 362 1496
f 1494 541 1495
f 926 957 958
f 1477 1433 1476
f 1709 1585 1700
f 119 1496 345
f 271 504 156
f 511 189 186
f 345 1492 365
f 255 344 254
f 57 299 132
f 1501 268 1500
f 267 1499 145
f 974 976 977
f 1678 1693 1676
f 3846 1807 3840
f 557 663 558
f 983 984 985
f 1443 3849 3848
f 421 268 265
f 989 991 988
f 1490 418 1504
f 279 309 310
f 997 676 679
f 998 999 875
f 1504 38 1505
f 1506 1507 1486
f 360 1508 1506
f 1506 207 360
f 939 1006 938
f 270 1483 269
f 66 546 512
f 1010 793 935
f 367 437 1509
f 244 363 243
f 1670 3534 1669
f 209 1510 226
f 235 1512 1511
f 1511 234 235
f 388 426 425
f 427 250 237
f 161 521 231
f 100 45 44
f 1025 608 1027
f 1029 1031 1028
f 939 1033 1032
f 41 594 99
f 1036 783 1037
f 702 1038 1039
f 1040 1042 1043
f 362 369 1493
f 187 477 186
f 70 539 198
f 1511 1521 234
f 1049 603 1048
f 613 869 614
f 860 1051 857
f 1005 1053 1006
f 753 1056 1054
f 1057 1059 1055
f 293 1522 292
f 288 1521 1522
f 292 1523 329
f 331 1508 1524
f 306 453 305
f 100 41 99
f 462 78 79
f 330 1524 462
f 635 1068 636
f 1485 1526 1528
f 206 1528 1510
f 1070 1072 831
f 942 1073 1074
f 916 1075 917
f 440 1530 439
f 157 1514 285
f 1529 5 1530
f 371 546 63
f 790 663 791
f 1077 857 1078
f 1403 1435 1165
f 1080 1082 1079
f 531 1529 440
f 21 1084 1085
f 272 1531 561
f 137 396 397
f 690 802 691
f 335 3567 581
f 1090 1029 1091
f 1092 794 1042
f 1533 137 138
f 661 1095 1096
f 69 445 72
f 1099 1101 1098
f 38 1536 1505
f 1104 1106 1103
f 852 1108 853
f 1377 909 1386
f 291 411 294
f 316 516 33
f 539 1533 534
f 1505 316 313
f 1110 1112 1113
f 1539 460 264
f 522 1537 1539
f 834 1120 1119
f 1122 1124 1121
f 612 1041 901
f 935 615 614
f 276 130 131
f 1686 3522 1685
f 193 1541 273
f 231 1540 287
f 556 982 557
f 365 85 345
f 190 318 1541
f 1810 3574 3528
f 3924 3512 3791
f 1132 985 1131
f 208 102 132
f 1134 662 661
f 1491 80 77
f 429 1542 147
f 1137 915 918
f 172 428 174
f 1139 1141 1142
f 549 54 55
f 1517 1518 296
f 976 1146 938
f 834 984 941
f 1543 286 115
f 1544 239 513
f 133 1544 1542
f 506 257 258
f 420 328 401
f 1158 1160 1157
f 587 1103 588
f 1513 1514 151
f 607 1027 608
f 304 1545 303
f 364 77 506
f 69 198 139
f 1006 976 938
f 700 1112 701
f 3877 3525 3787
f 1166 657 656
f 1167 858 1077
f 1300 3524 1299
f 1172 1174 1175
f 218 200 217
f 1179 1181 1178
f 372 97 98
f 89 227 88
f 1186 1188 1189
f 172 1517 1549
f 1482 81 1498
f 1090 1193 1030
f 394 353 1551
f 526 1198 1197
f 811 858 812
f 1199 1026 1025
f 606 697 696
f 1204 1206 743
f 1207 523 526
f 1209 867 613
f 914 685 936
f 1478 1441 1477
f 1029 1161 1091
f 1211 1213 1214
f 3858 1451 3859
f 844 1216 845
f 423 273 274
f 1220 1222 1083
f 22 1224 23
f 882 897 881
f 1519 173 387
f 1189 1232 1178
f 349 550 416
f 1071 1236 1072
f 1237 1239 745
f 1221 1189 1240
f 1510 1512 333
f 939 1241 1005
f 1556 5 67
f 1553 394 1551
f 404 67 347
f 1247 1249 1246
f 142 238 92
f 1251 635 1250
f 850 1253 851
f 1254 1077 1255
f 57 133 429
f 443 552 551
f 1187 1175 1188
f 1256 831 833
f 432 382 383
f 741 747 746
f 434 351 415
f 349 383 348
f 251 1481 1480
f 395 352 353
f 1518 1550 1551
f 1558 378 340
f 109 314 315
f 285 1513 407
f 395 393 392
f 202 410 1558
f 417 405 432
f 1246 1258 1247
f 3 297 2
f 1259 1261 1262
f 403 347 284
f 955 953 952
f 462 51 330
f 1096 687 1263
f 429 60 57
f 896 1265 932
f 1267 1268 1266
f 423 327 420
f 37 180 40
f 20 1187 1186
f 1256 1071 1070
f 155 156 504
f 1188 1269 1232
f 1236 1271 1262
f 1272 535 621
f 565 463 464
f 1273 745 1239
f 876 1255 1274
f 316 164 315
f 437 503 1509
f 194 1495 197
f 1275 864 863
f 624 631 630
f 1277 1137 1278
f 569 567 566
f 1481 125 366
f 324 547 326
f 1279 1107 1280
f 1525 329 1523
f 1281 1137 918
f 171 1553 1552
f 1488 396 1533
f 1557 1562 1559
f 1282 1206 1205
f 1053 1278 1281
f 778 607 1283
f 713 3566 3569
f 251 144 124
f 4 348 383
f 709 707 706
f 728 45 246
f 261 1563 544
f 789 1287 790
f 74 263 282
f 403 385 434
f 1178 1240 1189
f 1223 1289 1224
f 158 150 151
f 1220 1186 1221
f 296 354 433
f 784 1538 1566
f 1181 1291 1222
f 1269 1257 1246
f 1566 438 399
f 136 1566 1564
f 1563 169 1565
f 107 109 108
f 1297 1298 1296
f 1464 1476 1461
f 1520 507 508
f 1301 1303 1304
f 1306 1308 1305
f 175 1532 272
f 1532 200 201
f 1311 1312 1313
f 872 1315 1316
f 1317 1318 1319
f 3836 878 3828
f 1305 864 1276
f 1040 863 1320
f 1564 399 169
f 592 1575 591
f 591 1088 689
f 1581 1583 1582
f 1196 1147 1176
f 710 583 713
f 285 408 386
f 953 961 963
f 1594 1589 1593
f 1585 1587 1586
f 1592 1590 1589
f 3885 944 3899
f 1600 1598 1597
f 1604 1602 1601
f 1399 979 980
f 1589 1596 1595
f 1610 1608 1607
f 298 361 360
f 551 276 277
f 1627 3814 3819
f 859 818 860
f 1078 1328 1329
f 1555 1530 1556
f 572 680 681
f 772 776 774
f 977 918 917
f 404 392 393
f 1054 750 753
f 1644 1643 1642
f 932 1082 933
f 1067 1334 1068
f 1540 264 114
f 597 643 1336
f 471 762 470
f 1642 3831 3842
f 1644 3842 3843
f 923 950 927
f 96 548 95
f 520 522 521
f 445 443 442
f 849 848 842
f 480 755 493
f 1646 481 1639
f 311 1567 170
f 464 3497 3495
f 3497 1361 3495
f 234 236 235
f 190 192 191
f 153 152 149
f 231 286 230
f 1552 1551 1550
f 760 1648 488
f 3832 1649 3830
f 828 826 825
f 52 166 165
f 1663 1661 1660
f 287 115 286
f 668 670 669
f 634 640 639
f 553 559 554
f 118 33 516
f 492 491 490
f 3552 1651 3553
f 582 584 583
f 384 392 415
f 1381 1383 1380
f 1562 435 436
f 952 951 947
f 3529 583 584
f 1660 1667 1666
f 1394 1396 1393
f 1660 1664 1663
f 1671 1669 1668
f 1624 1673 1672
f 1407 1409 1410
f 1677 1675 1674
f 1613 1677 1625
f 1679 1676 1677
f 1626 3811 3814
f 534 198 539
f 176 150 159
f 803 734 800
f 400 191 192
f 65 143 144
f 3526 1656 3540
f 402 157 283
f 629 627 626
f 461 49 50
f 758 495 756
f 796 786 785
f 406 1513 1560
f 342 166 167
f 1694 1658 1695
f 1692 1694 1696
f 3557 1652 3552
f 3921 1703 3923
f 326 302 90
f 3916 1702 1706
f 3919 1698 1701
f 1699 3927 3918
f 1557 1560 1561
f 1127 1117 1128
f 400 289 346
f 1706 1707 1708
f 1707 1599 1600
f 1709 1708 1588
f 1714 1711 1713
f 3919 1709 1700
f 1704 1577 1703
f 1716 1713 1715
f 1559 1549 297
f 1722 1720 1719
f 1335 596 1489
f 410 377 378
f 973 1163 972
f 168 399 398
f 1571 1089 1093
f 1572 682 1571
f 749 647 754
f 1730 1723 1729
f 1594 1729 1592
f 1729 1591 1592
f 1731 1730 1583
f 1384 1377 1379
f 1732 1712 1714
f 1724 1731 1732
f 1712 1731 1580
f 1722 1732 1733
f 1721 1733 1734
f 1734 1716 1717
f 1735 1736 1697
f 1733 1714 1716
f 1663 1741 1668
f 1742 1740 1743
f 1738 1737 1735
f 1665 1666 1740
f 1665 1744 1664
f 1725 1746 1745
f 1591 1745 1590
f 1590 1747 1596
f 1745 1748 1747
f 1659 3538 3542
f 3287 3545 3282
f 1185 1182 1190
f 1664 1749 1741
f 1741 1739 1738
f 1746 1743 1748
f 1726 1742 1746
f 1153 924 925
f 1115 1153 1154
f 1654 3575 1655
f 1896 3549 1686
f 1720 1744 1726
f 1721 1749 1720
f 1750 1701 1698
f 1697 1750 1696
f 1151 1063 1062
f 1751 1670 1671
f 1695 1752 1751
f 961 986 981
f 1770 1768 1767
f 1766 1593 1765
f 1731 1579 1580
f 1579 1774 1578
f 3928 1771 3929
f 1764 3928 3917
f 1777 1775 1774
f 3762 1699 1700
f 1004 1128 1003
f 1774 1771 1772
f 987 1399 980
f 1578 1772 1764
f 1783 1781 1778
f 1597 1770 1767
f 639 3895 3884
f 3928 1769 1770
f 1793 1789 1788
f 3929 1798 1769
f 3508 3773 1806
f 1802 3924 3922
f 1788 1794 1793
f 1793 1795 1776
f 3773 1675 1806
f 1584 1783 1789
f 1771 3920 3929
f 1801 1798 1800
f 1768 1798 1799
f 1775 1797 1771
f 508 515 1520
f 1796 1802 1797
f 1800 3920 3922
f 1794 1804 1795
f 3532 1752 3547
f 485 1807 775
f 3809 1640 768
f 3837 1810 1653
f 485 1640 1808
f 1690 3770 3772
f 487 1648 1811
f 3839 1816 3822
f 3838 1648 3830
f 3839 1811 3838
f 1812 487 1811
f 1641 767 768
f 465 755 776
f 767 3823 3808
f 3822 3826 3847
f 1809 1815 767
f 3837 1651 3840
f 675 3541 3496
f 1814 1822 1821
f 1821 3821 3820
f 1824 1649 1825
f 1827 1850 1805
f 1668 1662 1663
f 1779 1848 1828
f 1790 1805 1794
f 1833 1853 1852
f 3521 693 575
f 1614 1616 1617
f 1852 3498 3501
f 1620 1622 1623
f 1855 1574 1861
f 1847 3501 3513
f 1766 1855 1782
f 1629 1631 1628
f 1633 1634 1632
f 1635 1637 1638
f 1848 1852 1847
f 1855 1863 1862
f 1803 1867 1802
f 1862 1831 1832
f 1782 1862 1781
f 3922 1865 1800
f 1873 1870 1869
f 1874 799 804
f 2045 3897 2044
f 1219 1295 1225
f 1615 1396 1395
f 3884 1877 1876
f 645 3786 3559
f 1345 1035 1346
f 634 3884 3880
f 15 1327 14
f 3910 1878 1893
f 1894 605 1893
f 3506 627 693
f 3560 645 3559
f 340 454 1558
f 1897 195 1898
f 1889 1877 1890
f 1901 129 1900
f 196 754 232
f 1705 3921 3916
f 340 166 343
f 1570 563 561
f 1904 194 1897
f 1781 1832 1780
f 1905 55 1906
f 1000 995 996
f 986 920 987
f 1191 1190 1194
f 2094 2075 2093
f 1920 1919 1915
f 453 1912 1911
f 1915 1918 1916
f 3882 2106 3901
f 1655 3531 1868
f 1916 1926 1925
f 704 3561 703
f 278 1925 1900
f 3565 1818 1820
f 1097 1115 1114
f 1927 727 1923
f 3578 3654 3758
f 1920 307 1929
f 1929 48 728
f 503 1497 1509
f 1902 787 796
f 1816 3820 3826
f 1925 1923 1924
f 1535 1568 1534
f 254 258 255
f 1509 366 367
f 119 35 36
f 219 293 294
f 141 47 431
f 542 244 245
f 1940 430 431
f 1779 1827 1790
f 1701 3915 3919
f 1661 3515 1667
f 270 754 647
f 197 749 196
f 1727 1212 1211
f 53 232 754
f 1465 1479 1478
f 1284 3854 1293
f 1951 412 413
f 168 1554 1553
f 1486 206 207
f 506 78 361
f 994 1007 993
f 951 963 964
f 1013 3861 1351
f 3826 1820 1818
f 1498 1954 1482
f 299 543 132
f 1754 1756 1753
f 1681 1683 1682
f 1696 1695 1697
f 13 738 737
f 473 475 474
f 482 768 1640
f 204 30 205
f 1761 820 819
f 611 1125 612
f 1501 1908 1909
f 1074 711 699
f 1960 82 83
f 120 1960 123
f 35 87 34
f 1773 1025 1031
f 1965 1569 1535
f 494 471 479
f 1966 1969 1968
f 446 1971 1967
f 174 125 126
f 1580 1578 1577
f 1785 1787 1784
f 1972 304 305
f 1254 875 999
f 1973 342 514
f 321 1973 509
f 1910 275 1907
f 509 514 508
f 1486 1527 1485
f 1974 804 1975
f 1977 1974 1978
f 1980 1966 1981
f 379 2 295
f 1718 1710 1701
f 884 992 883
f 1680 1678 1679
f 902 525 524
f 344 256 299
f 135 137 136
f 236 228 333
f 448 1967 1966
f 589 604 584
f 910 908 907
f 1981 1968 1987
f 1982 1987 1979
f 1988 1987 1989
f 1990 1989 1991
f 1991 1993 1992
f 322 320 319
f 992 830 883
f 1144 1086 1143
f 1995 1978 1994
f 1133 1118 1126
f 1997 1994 1996
f 870 1335 1489
f 805 1982 1998
f 727 2000 1999
f 1996 1988 1990
f 1994 1979 1988
f 1829 792 1273
f 1830 941 983
f 798 800 799
f 729 731 730
f 2011 2023 2022
f 1834 846 1159
f 402 284 347
f 2022 2024 2025
f 1838 989 988
f 810 952 809
f 1823 1840 644
f 1430 1432 1431
f 1215 1841 1079
f 149 176 177
f 1316 873 872
f 2112 1384 2106
f 1842 1844 1845
f 1159 845 1160
f 837 1846 1120
f 1971 2030 2027
f 517 370 189
f 858 833 812
f 1471 2027 1888
f 3551 626 627
f 2174 770 490
f 935 1854 1010
f 1613 1611 1618
f 1231 1225 1295
f 1856 891 892
f 1300 748 741
f 1150 1858 1859
f 1643 696 1642
f 1215 1264 1216
f 1320 902 901
f 1956 1944 1960
f 2031 669 1474
f 2034 1310 1299
f 1879 1656 1657
f 40 242 39
f 1992 2039 1456
f 888 957 889
f 1882 1996 1990
f 1078 1255 1077
f 1871 1192 1090
f 294 218 219
f 1323 2026 1471
f 123 83 1484
f 1324 2041 1323
f 384 359 352
f 1324 2038 2036
f 1883 1885 1829
f 287 114 107
f 1096 1134 661
f 915 931 916
f 806 1981 1982
f 3533 584 604
f 1425 2042 1018
f 1018 1948 1017
f 3562 740 3519
f 1948 649 646
f 1881 1990 1991
f 1900 130 278
f 992 994 993
f 923 925 924
f 3878 2047 3876
f 1643 625 606
f 2050 2051 2049
f 2045 1404 2047
f 3876 945 3885
f 1139 1079 1841
f 1037 892 982
f 2055 2057 2056
f 1198 718 717
f 1619 1612 1611
f 2058 1606 2059
f 2059 1607 2058
f 2058 1624 1605
f 71 179 37
f 405 1557 382
f 976 1006 977
f 322 1972 1911
f 2061 2063 2062
f 2066 2067 1825
f 2052 2064 2051
f 1609 2066 1647
f 1515 152 1516
f 1009 993 1007
f 1644 3815 2118
f 279 1916 278
f 1285 3862 1284
f 1647 1825 1649
f 2056 2067 2065
f 319 1953 1952
f 667 1913 1914
f 2070 625 2048
f 2052 2055 2063
f 2038 1655 1458
f 1606 2073 2072
f 1235 1270 1236
f 2072 2075 2074
f 2059 2072 2062
f 2074 2077 2076
f 1601 2078 2073
f 2049 1643 1645
f 1000 1001 994
f 1089 684 689
f 1931 1306 1930
f 1462 1021 1022
f 1932 1934 1935
f 875 1846 998
f 1936 1937 1938
f 44 46 92
f 1534 1956 120
f 1541 317 391
f 2081 2084 2083
f 146 1959 300
f 1360 1942 1361
f 985 1032 1033
f 1995 1892 2043
f 2079 2082 2081
f 2095 2076 2077
f 2081 2078 2079
f 2055 2054 2053
f 501 2095 500
f 2097 2099 2098
f 2098 2094 2083
f 2140 3893 3866
f 2141 3894 3893
f 2051 2048 2049
f 592 2101 1576
f 2071 2076 2096
f 2102 2098 2101
f 593 2102 592
f 1019 746 747
f 1950 12 1327
f 725 2096 501
f 1385 2104 1379
f 1379 2106 1384
f 2107 2100 2097
f 3908 502 3896
f 3896 499 3901
f 940 2109 944
f 928 1170 973
f 3868 684 3899
f 1962 1964 1961
f 3878 573 3897
f 2039 1968 1969
f 1389 2110 2109
f 1398 2113 1397
f 3757 3753 3743
f 3911 2107 2103
f 949 924 1115
f 260 324 326
f 1390 2113 2110
f 2070 2064 2071
f 3867 2103 593
f 2105 1421 2114
f 2114 1423 2115
f 3892 2115 3903
f 3908 2114 3892
f 554 1902 553
f 972 967 966
f 1765 1573 1574
f 1984 1986 1983
f 2053 2069 2057
f 3573 724 714
f 1625 1674 1673
f 3881 2119 2122
f 3903 2123 3904
f 56 1906 55
f 626 3879 629
f 2001 2003 2004
f 3912 2127 3907
f 2006 2008 2009
f 2127 1412 2128
f 2014 2016 2017
f 2018 2020 2021
f 1495 1947 197
f 1379 1386 1385
f 3814 1680 1618
f 2029 1884 2028
f 3902 2120 3887
f 629 3914 3872
f 682 943 1089
f 724 2121 716
f 1757 3821 3845
f 765 3844 3809
f 3851 715 3852
f 706 3870 3872
f 981 987 980
f 1457 1656 1880
f 2017 2032 2033
f 1458 1868 1457
f 1776 1792 1793
f 1959 1946 1958
f 3663 3725 3661
f 3913 2122 3850
f 1093 689 1088
f 966 968 972
f 3852 3881 3913
f 2172 2170 2171
f 670 2137 669
f 3761 1903 233
f 1429 28 1449
f 964 978 971
f 3841 1413 2127
f 1473 669 2137
f 3834 1359 1358
f 2138 1870 2137
f 1872 2137 1870
f 715 3888 3881
f 1881 1992 1880
f 3843 739 740
f 1837 3513 3514
f 253 59 85
f 1808 3840 1807
f 1647 3818 1609
f 3865 671 668
f 2112 3883 2111
f 1405 2044 1438
f 3829 1364 1366
f 273 391 249
f 576 3520 3555
f 3875 668 2031
f 1430 2140 2139
f 2136 3860 28
f 1430 18 19
f 3893 570 695
f 1442 2046 2141
f 1431 2141 2140
f 3869 3850 2136
f 3808 1817 766
f 3866 695 671
f 2142 798 2138
f 571 2142 694
f 3819 1618 1611
f 2143 2025 2142
f 694 2138 670
f 681 2144 572
f 2144 2022 2143
f 328 457 290
f 1572 2011 2144
f 630 3903 624
f 2085 2087 2088
f 2090 2092 2089
f 572 2143 571
f 1875 2153 2149
f 1873 2149 2154
f 2103 2097 2102
f 2157 2155 2156
f 2128 1414 2120
f 3874 589 582
f 3872 628 629
f 2149 2158 2159
f 2159 3905 3890
f 698 3902 705
f 3823 3827 1817
f 2158 3874 3905
f 1438 2046 1439
f 2035 2160 2161
f 2161 3889 3886
f 3871 605 589
f 3873 18 3875
f 370 61 451
f 649 413 648
f 2153 2156 2158
f 1428 1449 1450
f 1490 73 1488
f 3890 710 633
f 2155 3891 3871
f 1456 1880 1992
f 2125 2087 2124
f 2160 3890 3889
f 300 505 323
f 1064 1046 1065
f 2043 1891 2155
f 2129 2004 2003
f 2131 2133 2134
f 3848 1450 1449
f 1998 804 805
f 3879 3864 3914
f 474 490 770
f 1164 1182 1177
f 707 3909 3870
f 708 2162 707
f 2162 3886 3909
f 548 1905 458
f 1145 1114 1171
f 705 1650 704
f 2043 1977 1995
f 737 554 559
f 1034 1191 1023
f 458 1907 275
f 195 232 233
f 2040 1969 1970
f 2145 2147 2148
f 2054 2049 1645
f 3832 1639 3818
f 9 11 10
f 252 506 258
f 472 479 471
f 1865 3791 3503
f 900 910 907
f 1941 2151 1942
f 1921 1927 1919
f 2163 1898 2116
f 271 153 178
f 1904 12 9
f 282 264 460
f 1872 2154 2035
f 1326 1897 2163
f 628 693 627
f 1724 1719 1723
f 1549 436 172
f 1582 1730 1729
f 1921 1929 1928
f 3563 10 11
f 2152 1950 1949
f 475 774 771
f 769 2171 473
f 2171 476 473
f 476 772 475
f 1791 464 1760
f 2166 2168 2169
f 595 372 98
f 483 1641 482
f 762 2173 470
f 771 484 492
f 486 1809 483
f 297 1517 296
f 763 2174 762
f 776 759 489
f 184 2176 2000
f 412 303 414
f 2005 185 224
f 3811 1682 3846
f 2164 756 764
f 1472 2161 2162
f 950 964 965
f 2177 2179 2180
f 227 1510 333
f 764 467 2164
f 2182 2184 2181
f 2186 2018 2185
f 1985 2181 1986
f 214 729 1531
f 1545 1546 1569
f 865 842 866
f 849 1357 1362
f 452 1558 454
f 559 3188 737
f 16 737 3188
f 560 498 374
f 3193 3195 3194
f 3200 3198 3199
f 3211 3213 3212
f 3215 3217 3216
f 2187 2002 2001
f 2169 2189 2190
f 2192 2085 2191
f 2193 2195 2196
f 2198 2200 2197
f 1998 1979 1975
f 3664 3668 3671
f 2116 1903 1902
f 1859 2009 1150
f 3904 2126 3906
f 1135 1087 1130
f 2201 2015 2014
f 1149 110 1858
f 3221 3218 3215
f 2203 2205 2206
f 579 1895 1019
f 1755 2208 1756
f 3891 1893 605
f 1211 2150 1727
f 868 2210 2209
f 944 930 940
f 2130 2202 2201
f 233 1898 195
f 665 750 666
f 1167 999 618
f 2211 2213 2214
f 2215 2217 2218
f 3867 590 3868
f 2220 220 2219
f 823 948 1094
f 3225 3227 3226
f 266 455 265
f 3882 2107 3883
f 2221 3519 3517
f 2223 2225 2226
f 2207 2124 2208
f 673 3869 3864
f 817 996 815
f 2227 2146 2145
f 1947 646 749
f 3900 17 3873
f 2229 1638 1381
f 1679 1618 1680
f 1637 2232 2230
f 2233 1617 1616
f 2231 2236 2237
f 1381 2238 1382
f 3586 2242 3587
f 1630 2233 1631
f 1681 472 469
f 1408 2243 2244
f 3236 3238 3237
f 3232 3240 3235
f 1637 2238 1638
f 3237 3233 3234
f 1409 1634 2245
f 1380 2247 2246
f 1628 2245 1621
f 2249 1622 1633
f 1632 1408 2244
f 2248 1631 2250
f 2235 1637 1636
f 3245 3199 3198
f 631 2071 725
f 515 52 49
f 782 2251 1251
f 2253 2255 2252
f 397 459 784
f 1456 2040 1455
f 2040 2036 1455
f 1401 2111 1398
f 2041 1970 2026
f 1535 414 1965
f 1586 2080 2079
f 2256 1132 1886
f 1700 3918 3919
f 3815 1686 3817
f 1263 1886 1096
f 598 844 599
f 2257 2259 2260
f 2258 2262 2259
f 2259 2263 2216
f 2260 2216 2215
f 1967 1970 1969
f 2212 1963 2213
f 922 2218 2217
f 1312 1101 2264
f 1307 1286 789
f 1548 1546 1972
f 2266 2268 2265
f 2265 2270 2269
f 2272 2269 2271
f 2273 2265 2272
f 2275 2277 2274
f 2278 2277 2279
f 2284 3617 3639
f 2287 2286 2281
f 2288 2283 2287
f 2290 3639 3620
f 2291 2293 2294
f 2295 2294 2279
f 2296 2291 2295
f 2297 2292 2291
f 2294 2299 2300
f 2279 2300 2278
f 2298 2302 2292
f 2292 2303 2293
f 2293 2304 2299
f 2304 2306 2299
f 2306 2300 2299
f 2308 2310 2307
f 2302 2310 2303
f 2301 2307 2302
f 2312 2307 2311
f 2313 2315 2316
f 2318 2320 2317
f 3748 2322 2323
f 2324 2273 2326
f 2313 2326 2327
f 2328 2313 2316
f 2329 2324 2328
f 2331 2333 2330
f 2330 2267 2266
f 2325 2266 2273
f 2329 2330 2325
f 2333 2335 2267
f 2336 2333 2332
f 2338 2332 2337
f 2331 2337 2332
f 2329 2339 2331
f 2328 2340 2329
f 2316 2341 2328
f 2342 2315 2343
f 2344 2346 2347
f 2341 2347 2340
f 2342 2344 2341
f 2348 2345 2344
f 2350 2352 2353
f 2339 2353 2337
f 2340 2350 2339
f 2347 2351 2350
f 2337 2354 2338
f 2353 2355 2354
f 2356 2276 2357
f 2356 2358 2359
f 2356 2296 2295
f 2279 2356 2295
f 2360 2270 2268
f 2267 2360 2268
f 2362 2364 2365
f 2362 2361 2358
f 2366 2358 2357
f 2366 2363 2362
f 2357 2368 2366
f 2366 2369 2367
f 2276 2370 2368
f 2368 2282 2369
f 2372 2374 2371
f 2375 2377 2007
f 2378 2380 2381
f 2382 2381 2383
f 2384 2378 2382
f 2385 2379 2378
f 2388 2390 2387
f 2387 2392 2391
f 2393 2387 2391
f 2394 2388 2387
f 2186 2402 2400
f 2403 2327 2326
f 2272 2326 2273
f 2271 2403 2272
f 2405 2404 2403
f 2404 2408 2327
f 2409 2411 2412
f 2409 2271 2269
f 2413 2269 2270
f 2413 2410 2409
f 2417 2416 2418
f 2417 2406 2405
f 2412 2405 2271
f 2411 2417 2412
f 2406 2407 2404
f 3569 632 713
f 2420 2397 2421
f 2420 2423 2422
f 2424 2422 2419
f 2424 2398 2420
f 2425 2392 2426
f 2421 2426 2423
f 2397 2425 2421
f 2396 2391 2425
f 2427 2315 2314
f 2427 2408 2428
f 2430 2428 2429
f 2343 2427 2430
f 2432 2430 2431
f 2431 2429 2433
f 2435 2433 2434
f 2436 2431 2435
f 2428 2407 2437
f 2422 2407 2419
f 2438 2422 2423
f 2429 2437 2438
f 2440 2433 2439
f 2441 2433 2429
f 2442 2439 2441
f 2443 2440 2439
f 2445 2444 2443
f 2447 2443 2442
f 2383 2445 2447
f 2381 2446 2445
f 2448 2423 2426
f 2449 2426 2392
f 2441 2449 2442
f 2441 2438 2448
f 2449 2390 2450
f 2450 2389 2451
f 2447 2451 2383
f 2442 2450 2447
f 2451 2453 2452
f 2452 2455 2454
f 2382 2454 2384
f 2383 2452 2382
f 2456 2373 2372
f 2459 2461 2458
f 2463 2465 2462
f 2462 2285 2284
f 2466 2284 2290
f 2467 2462 2466
f 2461 3703 3701
f 2468 2470 2471
f 2472 2471 2473
f 2474 3701 3688
f 2475 2477 2478
f 2458 2453 2479
f 2479 2389 2388
f 2395 2479 2388
f 2480 2458 2479
f 2481 2483 2478
f 2484 2485 221
f 2471 2464 2463
f 2473 2463 2467
f 2487 2466 2486
f 2486 2290 2488
f 2490 2488 2489
f 2491 2486 2490
f 2492 2467 2487
f 2493 2487 2491
f 2494 2492 2493
f 2495 2473 2492
f 3690 2474 3688
f 3691 2496 3690
f 2498 2493 2499
f 2500 2499 2501
f 3700 2498 2500
f 3687 2494 2498
f 2306 2278 2300
f 2305 2504 2306
f 2504 2507 2506
f 2506 2288 2508
f 2274 2508 2275
f 2278 2506 2274
f 3633 2489 2488
f 3620 2488 2290
f 2507 2289 2288
f 2505 2509 2507
f 2508 2287 2511
f 2511 2281 2280
f 2370 2280 2282
f 2275 2511 2370
f 2512 2489 2513
f 2514 2513 2515
f 2517 2514 2516
f 2517 2490 2512
f 2499 2491 2517
f 2499 2516 2501
f 2510 2519 2518
f 2518 2521 2520
f 3616 2520 3621
f 3632 2518 3616
f 2522 2303 2310
f 2523 2310 2309
f 2305 2522 2524
f 2524 2523 2525
f 2519 2525 2521
f 2505 2524 2519
f 2308 2527 2526
f 2526 2529 2528
f 2531 2528 2530
f 2309 2526 2531
f 1214 2151 1211
f 2419 2418 2424
f 2533 2349 2317
f 2534 2317 2320
f 2535 2533 2534
f 2536 2345 2533
f 2537 2346 2536
f 2538 2536 2535
f 2539 2537 2538
f 2540 2351 2537
f 2312 2541 2527
f 2527 2542 2529
f 2543 2434 2544
f 2545 2544 2546
f 2319 2543 2545
f 2318 2435 2543
f 2514 2548 2547
f 2547 2550 2549
f 2552 2549 2551
f 2552 2514 2547
f 2520 2554 2553
f 2553 2556 2555
f 3590 2555 3593
f 3621 2553 3590
f 2523 2531 2557
f 2557 2530 2558
f 2525 2557 2559
f 2559 2558 2560
f 2554 2560 2556
f 2521 2559 2554
f 2561 2007 2006
f 2376 2225 2377
f 2564 2566 2563
f 2563 338 2567
f 2569 2567 2568
f 2570 2563 2569
f 2572 2574 2571
f 2571 2576 2575
f 2544 2575 2546
f 2544 2572 2571
f 2578 2569 2577
f 2579 2569 2568
f 2574 2579 2576
f 2573 2577 2574
f 2581 2583 2580
f 2584 2583 2585
f 3697 2580 2584
f 3676 2580 3675
f 2582 2552 2583
f 2583 2551 2585
f 2500 2589 2588
f 2590 2589 2591
f 3693 2588 2590
f 3695 2500 2588
f 2501 2591 2589
f 2592 2594 2595
f 2386 2503 2502
f 2596 2386 2374
f 2596 2373 2597
f 2599 2597 2598
f 2599 2379 2596
f 2600 2380 2599
f 2600 2598 2601
f 2603 2601 2602
f 2603 2446 2600
f 2604 2602 2605
f 2440 2605 2434
f 2444 2604 2440
f 2606 2581 2607
f 2606 2590 2591
f 2591 2582 2606
f 3676 2456 3689
f 3689 2372 3693
f 2478 2608 2481
f 2609 2611 2199
f 2564 2613 2612
f 2612 2598 2597
f 2457 2597 2373
f 2565 2612 2457
f 2614 2570 2578
f 2615 2578 2573
f 2602 2614 2615
f 2601 2613 2614
f 2572 2605 2616
f 2616 2602 2615
f 2573 2616 2615
f 1459 1045 1021
f 1265 1079 1082
f 1612 1609 1611
f 2067 2069 2068
f 1135 1136 1148
f 1938 2618 2617
f 95 458 128
f 2058 1608 1612
f 1454 1445 1367
f 655 1048 2619
f 722 2621 723
f 1131 1033 1134
f 562 366 1497
f 1723 1725 1591
f 1786 1122 1787
f 267 323 266
f 1325 1654 2038
f 1468 1435 1479
f 658 529 528
f 8 247 7
f 382 1559 3
f 788 1307 789
f 940 929 928
f 911 2623 912
f 2621 655 654
f 2624 2625 2626
f 998 27 26
f 635 2626 2625
f 2627 644 1840
f 2628 1840 2629
f 1200 2627 2628
f 1199 641 2627
f 1520 49 477
f 1452 1349 1451
f 2630 1859 1858
f 644 1335 1823
f 1197 717 2632
f 2632 719 1166
f 2628 1166 1200
f 2629 2632 2628
f 1762 1050 821
f 1823 873 1839
f 2634 794 652
f 1028 1027 1161
f 1042 2635 1043
f 93 1901 1924
f 2036 1458 1455
f 1527 1525 1526
f 877 1274 1277
f 134 797 1544
f 1328 931 1329
f 607 1091 1161
f 1043 2637 2636
f 2636 2639 2638
f 1275 2638 1276
f 1275 1043 2636
f 1272 2626 2640
f 2640 638 637
f 1110 2640 637
f 536 2640 2641
f 1472 1474 1473
f 2042 1951 649
f 1058 1105 1059
f 2642 2643 2644
f 1192 2644 1193
f 912 2642 1192
f 3898 3526 3786
f 1049 2620 2621
f 616 1885 613
f 1331 666 750
f 990 1198 525
f 1911 321 322
f 1298 1205 2645
f 76 1504 75
f 1502 421 422
f 610 658 691
f 1146 659 938
f 2646 914 936
f 1280 1238 1279
f 975 2647 2648
f 2647 975 974
f 1453 1452 1451
f 1514 158 151
f 835 1843 1842
f 1271 1173 1289
f 2649 813 2650
f 1893 1826 1894
f 1050 1937 1051
f 2651 814 813
f 1006 1281 977
f 2653 2654 2655
f 1001 1003 1002
f 585 679 558
f 2624 621 620
f 555 2028 556
f 1207 1197 2629
f 1626 478 472
f 426 419 1567
f 1030 1773 1031
f 3898 634 3880
f 534 138 262
f 1125 1042 1041
f 333 88 227
f 569 561 730
f 1489 871 870
f 1857 620 891
f 1673 3770 3763
f 622 864 1308
f 2647 974 2657
f 619 891 620
f 261 545 262
f 393 1556 404
f 2658 2647 2657
f 1075 2657 917
f 1081 2658 1075
f 1080 2659 2658
f 2644 1141 2660
f 2660 1140 1336
f 642 1336 643
f 1193 2660 642
f 679 555 558
f 1503 1500 1502
f 1318 1101 1100
f 2661 1139 1142
f 2661 2663 2662
f 2662 2659 2661
f 2662 2622 2664
f 2664 911 2646
f 2648 2646 1146
f 2648 2662 2664
f 2083 2093 2081
f 1442 1437 1439
f 519 330 51
f 1885 1209 613
f 799 805 804
f 1946 1952 1953
f 1302 1253 1252
f 566 224 533
f 1389 928 1388
f 683 681 680
f 836 1842 2665
f 2665 1845 1303
f 2666 1303 1302
f 24 2665 2666
f 831 2650 832
f 1845 1304 1303
f 2010 2012 2011
f 1051 2667 2668
f 1522 1511 1523
f 531 441 522
f 782 1251 1250
f 1250 2625 2669
f 2669 1857 1856
f 783 1856 1037
f 782 2669 783
f 720 2671 721
f 1055 1930 1056
f 1333 1251 2251
f 619 1308 1307
f 652 2619 2634
f 521 1539 1540
f 1838 537 2672
f 2672 536 2641
f 1113 2641 1110
f 1113 1838 2672
f 1016 1351 1045
f 3897 570 3894
f 226 104 101
f 3564 3827 1818
f 1036 1884 1883
f 2674 1304 2673
f 2673 1844 2675
f 1334 2675 1039
f 1333 2673 1334
f 2676 1039 2675
f 1843 2675 1844
f 942 2676 1843
f 1074 702 2676
f 811 859 858
f 752 1055 753
f 1200 656 1026
f 1120 874 2677
f 2677 877 1052
f 1241 1052 1005
f 1119 2677 1241
f 1560 151 1515
f 1208 611 523
f 215 736 214
f 1460 1462 1461
f 1208 1839 873
f 854 1282 1297
f 72 182 179
f 544 1565 512
f 217 456 457
f 2047 930 945
f 1204 1937 2633
f 913 686 685
f 840 1113 1112
f 1531 730 561
f 2678 1283 801
f 601 1914 602
f 1537 459 460
f 1819 3509 3527
f 991 862 538
f 2679 1073 1830
f 2680 983 2256
f 779 2256 1263
f 778 2680 779
f 2678 1830 2680
f 180 245 40
f 1886 1131 1134
f 1138 1274 1255
f 1841 1140 1139
f 75 314 74
f 193 420 192
f 2681 1099 1098
f 170 1565 169
f 349 417 432
f 1121 2684 2683
f 547 409 302
f 123 121 120
f 2643 1142 1141
f 1542 513 1543
f 899 907 919
f 1210 676 867
f 791 982 892
f 24 837 836
f 893 932 931
f 1860 863 862
f 535 862 861
f 832 813 812
f 2650 813 832
f 1569 1547 1568
f 181 542 180
f 660 937 688
f 2013 568 2012
f 887 2631 2630
f 1524 361 78
f 520 162 1529
f 2653 854 2685
f 1238 2655 2686
f 718 527 530
f 1492 518 1491
f 792 615 793
f 599 1835 596
f 290 456 175
f 312 1552 425
f 1248 1179 1249
f 153 177 178
f 1240 1222 1221
f 1257 1235 1071
f 1291 1083 1222
f 1052 1277 1053
f 743 2618 1204
f 444 430 443
f 23 1172 1187
f 2687 1180 1179
f 102 409 134
f 1283 610 801
f 373 650 651
f 1180 1084 1291
f 855 2655 1237
f 1173 1917 1174
f 2689 853 2688
f 2688 1108 1279
f 2686 1279 1238
f 2687 2688 2686
f 2691 1252 2690
f 2690 850 2689
f 1248 2689 2687
f 1248 2691 2690
f 2692 24 2666
f 2691 2666 1302
f 1247 2692 2691
f 1258 617 2692
f 394 1555 393
f 2693 1259 1223
f 1072 1262 1261
f 1257 1168 1258
f 398 1555 1554
f 871 1314 872
f 1178 1249 1179
f 1224 1173 1172
f 1010 2618 742
f 1175 1292 1269
f 2654 2686 2655
f 2694 1216 1264
f 71 1487 70
f 701 1111 1038
f 1072 2649 2650
f 1085 22 21
f 895 1264 896
f 1601 1605 1604
f 1259 1271 1289
f 21 1220 1083
f 988 538 537
f 598 1336 1140
f 820 1762 821
f 1050 818 821
f 1298 1761 2652
f 1168 618 617
f 858 1256 833
f 39 516 1536
f 2652 819 814
f 313 315 314
f 2026 1971 2027
f 2656 596 1835
f 814 818 811
f 2696 813 2649
f 1260 2649 1261
f 2693 2696 1260
f 2697 2651 2696
f 381 390 380
f 3818 1611 1609
f 1475 1428 1227
f 1292 1917 1235
f 1551 354 1518
f 1526 1523 1511
f 1593 1595 1573
f 1232 1246 1249
f 2695 1223 22
f 2698 1296 2697
f 2698 2693 2695
f 2685 2695 1085
f 2685 1297 2698
f 562 271 272
f 2652 1296 1298
f 1365 1364 1363
f 1958 1953 1957
f 585 2210 997
f 1561 1515 435
f 975 1146 976
f 347 68 346
f 1038 636 1068
f 2700 780 2699
f 2699 1036 1883
f 2701 1883 1829
f 851 2699 2701
f 2674 2251 2702
f 2702 781 2700
f 1253 2700 851
f 1301 2702 1253
f 1519 388 1550
f 1273 1280 2703
f 2703 1107 852
f 2701 852 851
f 1829 2703 2701
f 91 326 90
f 1784 2656 1785
f 2683 2705 2704
f 604 3499 3533
f 1669 3548 1662
f 2062 2060 2059
f 621 861 622
f 2023 732 2024
f 686 1263 687
f 857 2668 1328
f 883 882 879
f 637 1111 1110
f 2668 893 1328
f 2667 894 2668
f 1039 1068 1334
f 313 1504 1505
f 1911 305 453
f 1936 1964 2212
f 2707 2401 2183
f 2708 2183 2182
f 738 2116 554
f 2349 2432 2436
f 2711 2020 2019
f 2400 2019 2186
f 2714 2716 2713
f 2717 2719 2720
f 2721 2723 2724
f 2726 2728 2725
f 2725 2730 2729
f 2731 2729 2709
f 2732 2725 2731
f 2734 2736 2733
f 2738 2740 2737
f 2737 2741 2742
f 2744 2746 2743
f 2745 2748 2747
f 2749 2747 2751
f 2753 2751 2752
f 2250 2246 2248
f 2754 1614 2755
f 3598 2755 3609
f 3608 2747 3609
f 1617 2755 1614
f 2242 1620 2757
f 2191 2760 2759
f 2761 2760 2762
f 3648 2761 3649
f 3623 2759 3648
f 3209 3223 3224
f 1395 2236 2235
f 1395 1636 1615
f 1616 2229 2233
f 1617 2763 2756
f 2756 3628 3608
f 2765 2234 1630
f 2766 3628 3622
f 3202 3246 3247
f 1516 435 1515
f 2768 3552 3553
f 1495 578 1424
f 2135 28 17
f 3526 2773 2774
f 1690 3926 3925
f 2778 2780 2777
f 2777 2781 2782
f 2784 2777 2783
f 3555 575 576
f 1494 9 540
f 3529 2015 3566
f 451 505 450
f 2786 2788 2785
f 2779 2785 2780
f 2789 2741 2740
f 2790 2752 2789
f 2792 2794 2791
f 2793 2796 2794
f 2796 2750 2749
f 2794 2749 2753
f 2798 1396 2754
f 3591 2754 3598
f 2798 2800 1393
f 3591 2799 2798
f 2797 2795 2801
f 2791 2753 2790
f 216 232 54
f 3804 2807 3803
f 3805 2804 3803
f 2769 3557 3552
f 183 184 97
f 2811 2775 2776
f 2804 2776 2805
f 2809 2811 2804
f 2812 2813 2814
f 3805 2816 3795
f 3796 2815 3795
f 3798 2820 2821
f 3793 2819 3798
f 2824 2735 2819
f 2823 2824 2819
f 2825 2826 2724
f 3793 2827 3792
f 3796 2826 3792
f 2713 2829 2828
f 2828 2831 2830
f 2822 2828 2830
f 2821 2713 2828
f 2832 2822 2830
f 2833 2830 2831
f 2834 2832 2833
f 2835 2827 2832
f 2837 2839 2836
f 2836 2841 2840
f 2842 2840 2727
f 2843 2836 2842
f 2840 2845 2844
f 2718 2845 2719
f 2730 2844 2718
f 2727 2844 2728
f 2846 2719 2845
f 2846 2841 2847
f 2829 2847 2831
f 2829 2716 2846
f 2847 2839 2848
f 2848 2838 2849
f 2833 2849 2834
f 2831 2848 2833
f 2850 2851 2852
f 2853 2852 2854
f 2783 2782 2855
f 2785 2853 2856
f 2780 2856 2781
f 2857 2855 2782
f 2859 2782 2781
f 2861 2842 2860
f 2860 2727 2726
f 2862 2726 2732
f 2863 2860 2862
f 2861 2858 2857
f 2843 2857 2859
f 2856 2854 2864
f 2781 2864 2859
f 2837 2859 2864
f 2838 2864 2854
f 2852 2834 2849
f 2854 2849 2838
f 2865 2818 2835
f 2851 2835 2834
f 2813 2815 2865
f 2814 2865 2851
f 2866 2814 2850
f 2788 2850 2853
f 2866 2787 2867
f 2812 2867 2775
f 1892 1890 1891
f 2720 2846 2870
f 298 256 257
f 2872 2713 2820
f 3794 2735 2734
f 2729 2874 2873
f 2846 2715 2870
f 2876 2878 2875
f 2733 2878 2734
f 3806 2879 2880
f 3806 2872 3794
f 2882 2884 2881
f 2881 2715 2714
f 2880 2714 2872
f 2879 2881 2880
f 2885 2887 2888
f 2888 2890 2885
f 2885 2892 2891
f 2893 2885 2891
f 1942 2532 2894
f 2895 2720 2870
f 2884 2870 2715
f 2883 2895 2884
f 2896 2892 2895
f 2889 2717 2890
f 2890 2720 2892
f 2897 2891 2896
f 2898 2896 2883
f 2899 2883 2882
f 2900 2882 2879
f 3797 2879 3807
f 2876 2901 2877
f 2901 2904 2903
f 1785 1835 1834
f 2905 2899 2900
f 2907 2897 2898
f 3797 2903 3799
f 632 577 633
f 3532 2867 2787
f 434 550 350
f 2768 3640 3643
f 2910 1623 2249
f 2241 2758 2242
f 3640 2913 3652
f 1623 2757 1620
f 3587 2757 3652
f 2229 1380 2250
f 2765 1629 2914
f 2915 1629 2912
f 3642 2914 2915
f 3641 2765 2914
f 2919 3642 3613
f 2918 2912 2241
f 3614 2241 3586
f 3618 3613 3670
f 3541 2180 3496
f 3521 2188 3506
f 3705 714 3851
f 2925 2917 2924
f 2924 2916 2919
f 3610 2919 3618
f 3611 2924 3610
f 2926 2766 2925
f 3658 2925 3611
f 1715 1705 1710
f 785 498 796
f 1387 565 1791
f 374 1899 560
f 3573 2206 3556
f 2929 2886 2893
f 2932 2934 2931
f 1905 1908 1907
f 2930 2936 2937
f 2938 2930 2929
f 1493 517 518
f 1603 1586 1602
f 2939 2929 2908
f 2940 2908 2907
f 3665 1600 3661
f 2886 2937 2887
f 2906 2898 2899
f 2908 2893 2897
f 2942 2933 2941
f 2941 2937 2936
f 3501 2936 3513
f 3498 2941 3501
f 2943 2710 2873
f 2943 2874 2889
f 2945 2889 2888
f 2946 2943 2945
f 2932 2888 2887
f 2931 2945 2932
f 727 1929 728
f 2903 2947 2948
f 545 42 262
f 1480 533 251
f 2907 2949 2940
f 2906 2950 2949
f 1558 215 202
f 3799 2948 3801
f 2054 1644 2118
f 3705 2203 3573
f 1828 1849 1827
f 2953 2955 2952
f 2952 2957 2956
f 2956 2258 2952
f 2953 2258 2257
f 2454 2474 2496
f 3747 2959 3766
f 3747 2131 3737
f 2961 2963 2958
f 2958 2964 2959
f 222 2485 2965
f 2477 2966 2608
f 2631 2006 1859
f 2384 2496 2497
f 2967 2959 2964
f 2968 2970 2969
f 3759 2971 3784
f 3784 2960 3766
f 2972 2033 2032
f 2007 2973 2008
f 3560 2134 2133
f 1836 1832 1831
f 3506 2090 3551
f 955 959 956
f 672 674 673
f 633 713 632
f 2024 733 803
f 2025 803 798
f 425 1550 388
f 2975 888 887
f 1319 1157 2694
f 1212 2977 1213
f 889 2228 2227
f 1978 1975 1979
f 1138 1329 915
f 751 2979 2978
f 1619 1625 1624
f 2252 1728 1727
f 1157 845 1216
f 2706 1938 2617
f 2980 2254 2981
f 2982 887 2630
f 802 711 2679
f 678 2029 2028
f 527 690 528
f 1839 2629 1840
f 2983 602 1914
f 2983 1913 1331
f 2985 1331 1054
f 2986 2983 2985
f 2987 2635 2634
f 2985 2639 2986
f 2990 1318 2989
f 2991 2993 2994
f 2995 2994 2996
f 1106 2991 2995
f 1058 2992 2991
f 1415 1365 1367
f 1317 2217 2997
f 1932 2255 2980
f 926 2999 664
f 3001 2992 3000
f 3000 1057 2978
f 2999 2978 2979
f 2998 3000 2999
f 3002 2209 3003
f 3002 2996 2994
f 2993 3002 2994
f 3001 2998 3002
f 1103 2995 3004
f 3004 2996 3003
f 2209 3004 3003
f 588 3004 2210
f 295 433 381
f 2638 2988 3005
f 3005 1056 1930
f 1305 1930 1306
f 1276 3005 1305
f 1987 1993 1989
f 2633 1761 2645
f 1423 1417 1419
f 3561 739 703
f 2671 2704 2705
f 1473 2035 1472
f 922 2694 895
f 1401 1378 1384
f 556 1884 1037
f 842 3825 3836
f 1854 2617 1010
f 933 1081 1075
f 1440 1436 1437
f 529 719 530
f 1031 1027 1028
f 777 912 1871
f 2645 1204 2633
f 441 1538 1537
f 790 587 586
f 2065 1610 1607
f 1860 990 902
f 60 87 59
f 1424 1948 1947
f 332 1507 331
f 261 138 135
f 187 449 507
f 1719 1726 1725
f 1931 1059 3006
f 3006 1105 1104
f 1287 1104 587
f 1286 3006 1287
f 3007 3009 3010
f 3009 653 795
f 618 26 25
f 2029 1210 1209
f 957 600 2228
f 1049 2228 600
f 2631 3011 2561
f 890 2227 3011
f 3011 2145 3012
f 2561 3012 2375
f 1026 609 608
f 2706 1961 1964
f 3013 2485 3014
f 2148 1267 3015
f 3015 1266 1311
f 2997 1101 1317
f 642 1773 1193
f 186 461 511
f 1041 1320 901
f 1121 3017 1122
f 2984 2987 3018
f 3018 2634 2619
f 1048 3018 2619
f 603 2984 3018
f 2679 801 802
f 2062 2074 2061
f 2061 2076 2064
f 414 1545 1965
f 3016 2683 3019
f 3019 2704 2670
f 3020 2670 720
f 3007 3019 3020
f 1871 1091 777
f 3021 1122 3017
f 3022 3017 3010
f 1314 3022 1315
f 1784 3021 1314
f 1316 1763 611
f 3023 3010 3009
f 3023 795 1092
f 1763 1092 1125
f 1315 3023 1763
f 3016 3010 3017
f 752 2978 1057
f 2986 2637 2987
f 3024 653 3008
f 3020 3008 3007
f 720 3024 3020
f 723 654 3024
f 2681 1268 3025
f 2671 1268 721
f 2705 3025 2671
f 1313 3027 1311
f 3026 3029 3027
f 3027 3030 3031
f 1311 3031 3015
f 2012 731 2023
f 917 974 977
f 743 856 744
f 1888 2030 1425
f 2682 2684 3032
f 3032 1124 2989
f 1100 2989 1318
f 1099 3032 1100
f 1123 2989 1124
f 3033 1159 1158
f 2990 1158 1319
f 1123 3033 2990
f 1786 1834 3033
f 1054 2988 2985
f 2979 664 2999
f 2623 2663 2643
f 1095 688 687
f 3034 2261 2956
f 3036 2956 2957
f 3037 3034 3036
f 3038 3035 3034
f 3040 3026 1313
f 2263 3041 3040
f 3042 3043 3041
f 3041 3028 3026
f 3044 3043 3039
f 3046 3045 3044
f 3047 3049 3045
f 3043 3049 3028
f 3038 3051 3050
f 3050 3053 3052
f 3052 3044 3050
f 3039 3050 3044
f 3054 3039 3042
f 3042 2262 3054
f 2261 3054 2262
f 2216 2997 2217
f 2212 2667 1936
f 3056 2209 3055
f 934 1961 1854
f 2013 3757 567
f 3058 3060 3061
f 3059 3063 3060
f 3060 2213 1963
f 3061 1963 1962
f 3063 2214 2213
f 3062 3064 3063
f 3065 2260 3064
f 3064 2215 2214
f 3066 3031 3030
f 2608 3067 3066
f 2966 3068 3067
f 3031 3068 3015
f 2455 2461 2474
f 2476 2226 2477
f 3551 2089 3525
f 3526 3769 3786
f 433 355 381
f 2115 1419 2123
f 3509 2922 3527
f 3769 2131 2134
f 3069 2167 2166
f 2971 2928 2960
f 2961 2773 2962
f 3070 2478 2483
f 2610 3071 2954
f 2502 2374 2386
f 3072 2595 3073
f 2964 3052 2967
f 3048 3074 3049
f 2593 3075 3074
f 3075 3029 3074
f 3074 3028 3049
f 3072 3075 2592
f 3076 2482 2481
f 2481 3066 3076
f 3076 3030 3075
f 2967 3053 2970
f 2482 3073 2483
f 479 493 494
f 706 3873 709
f 3561 2221 3517
f 2013 3754 3755
f 3533 2016 3529
f 3562 2222 2974
f 1171 1155 1176
f 2586 2565 2587
f 2982 113 2484
f 2562 3077 3068
f 2376 3012 3077
f 3012 2148 3077
f 3077 3015 3068
f 2963 3046 2964
f 3051 2970 3053
f 1683 491 775
f 3850 1447 3860
f 1986 3734 3768
f 3079 2546 2575
f 3081 2575 2576
f 1983 3768 3765
f 3082 2319 2545
f 3080 2545 2546
f 3734 3082 3080
f 3732 2323 3082
f 1309 1888 748
f 3073 2772 2771
f 2760 3084 2762
f 2760 2088 3083
f 3085 3086 3087
f 3089 3090 3088
f 3089 3084 3085
f 3092 3090 3091
f 3093 2744 2743
f 2751 2748 3093
f 3093 2752 2751
f 2742 3093 3094
f 3094 2743 3095
f 3096 3098 3087
f 3099 3087 3086
f 3097 3095 3098
f 3100 2746 3101
f 3101 3102 3100
f 2764 2927 3101
f 2745 3101 2746
f 3102 3091 3100
f 3100 3095 2743
f 2869 3592 3634
f 3102 3104 3092
f 3658 2869 3634
f 2927 3103 3102
f 3098 3091 3090
f 3087 3090 3085
f 2088 3105 3083
f 3083 3086 3084
f 2483 2771 3070
f 2401 2185 2321
f 3099 3105 3106
f 2125 3106 3105
f 3108 2742 3107
f 3107 3094 3097
f 3110 3107 3109
f 3109 3097 3096
f 3111 3096 3099
f 3112 3109 3111
f 3113 2737 3108
f 3115 2722 3114
f 3117 3114 3116
f 3119 3116 3118
f 3118 3120 3121
f 3116 3113 3120
f 3122 3111 3123
f 3122 1755 1754
f 3124 3126 3127
f 3125 3121 3126
f 3128 3118 3125
f 3129 3125 3124
f 2020 3128 3129
f 3853 1346 1352
f 1065 1047 1066
f 1814 3830 1649
f 2021 3129 3130
f 3111 3106 3123
f 3123 2207 1755
f 2377 2224 2973
f 3014 113 112
f 1756 3782 3767
f 3131 2530 2528
f 3133 2528 2529
f 1753 3767 3775
f 3134 3127 3135
f 2327 2314 2313
f 2436 2317 2349
f 2018 3711 3712
f 2534 3137 2535
f 2320 3136 2534
f 2185 3712 3771
f 3138 2542 2539
f 3134 3744 3745
f 3785 3134 3745
f 3140 2539 2538
f 2535 3140 2538
f 3711 3130 3785
f 2558 3132 3141
f 3782 3141 3132
f 2560 3141 3142
f 3760 3142 3141
f 958 2976 2981
f 1933 2980 3143
f 2399 2418 2416
f 2348 2343 2432
f 2322 2319 2323
f 2718 2874 2730
f 2709 2873 2710
f 2894 1361 1942
f 346 176 347
f 1876 1882 1881
f 2802 3607 3592
f 3104 3088 3092
f 2974 3649 3603
f 3089 2761 2762
f 3088 3145 3089
f 2803 3603 3607
f 3870 692 628
f 2123 1418 2126
f 1365 1368 1367
f 1581 1782 1783
f 3569 2129 3520
f 3555 2002 3521
f 3146 2551 3147
f 3751 3147 3750
f 3742 3146 3751
f 3149 2585 3146
f 3196 3197 3195
f 3604 2191 3623
f 3142 2556 2560
f 3777 3150 3142
f 3646 2550 3593
f 3150 2555 2556
f 3778 3151 3150
f 3788 3152 3646
f 3153 2551 2549
f 3152 2549 2550
f 3781 3153 3152
f 3776 3147 3153
f 3148 2206 2205
f 2183 2321 2184
f 2132 2928 2133
f 3684 2204 2203
f 3719 2197 3721
f 2594 2773 2951
f 2595 2951 2772
f 1870 799 1869
f 3713 2178 3706
f 3706 3736 3790
f 336 3774 3722
f 339 3154 336
f 3789 3149 3742
f 3683 2584 3149
f 2963 3048 3047
f 3722 337 336
f 339 2566 2586
f 3156 2168 2167
f 2610 2167 2611
f 2954 3156 2610
f 3157 2953 2257
f 3707 2169 3709
f 2567 3159 2568
f 337 2567 338
f 3730 2166 3707
f 3764 1983 3765
f 2579 3081 2576
f 2568 3160 2579
f 3709 2190 3764
f 3065 3162 3161
f 3161 1984 2189
f 3157 2189 2168
f 2257 3161 3157
f 734 1922 806
f 3059 2708 3163
f 3163 2182 1985
f 3162 1985 1984
f 3062 3163 3162
f 3203 3205 3204
f 2122 1448 1447
f 3817 1685 3812
f 139 444 69
f 1570 566 533
f 2957 3165 3036
f 2955 3164 2957
f 1912 341 1973
f 3130 3124 3134
f 1548 319 1547
f 1949 1327 1887
f 2969 3078 3167
f 3167 3169 3168
f 3724 2017 3720
f 3720 2033 3759
f 3168 3165 3170
f 3170 3164 3171
f 3779 3171 3756
f 3724 3170 3779
f 3171 3166 3172
f 3172 3071 3173
f 3752 3173 3749
f 3756 3172 3752
f 3169 3036 3165
f 2593 2962 2594
f 3173 2609 3174
f 3174 2199 2198
f 3783 2198 3719
f 3749 3174 3783
f 2190 1984 1983
f 2196 2767 3148
f 2119 1414 1448
f 1464 1466 1465
f 2199 3069 2200
f 2457 2587 2565
f 2226 2562 2966
f 481 1627 1639
f 333 235 236
f 3078 3037 3169
f 3040 2997 2263
f 2219 1933 2220
f 2385 2497 2503
f 221 3175 2484
f 2220 3143 3175
f 3175 2976 2975
f 2484 2975 2982
f 2954 3166 2955
f 2630 110 2982
f 1547 1952 1955
f 2091 2188 2187
f 3733 2178 2177
f 1918 1927 1926
f 3563 111 3511
f 955 960 954
f 2037 112 3563
f 3143 2981 2976
f 2218 2214 2215
f 672 3787 3541
f 2152 3014 2037
f 1147 1143 1145
f 2248 1409 2245
f 1615 1635 1616
f 1410 2246 2247
f 3241 3242 3240
f 3177 1383 1382
f 2238 3176 1382
f 3176 2230 3178
f 1410 3179 1407
f 3179 2243 1407
f 1633 2800 2249
f 1621 2758 2912
f 1622 2245 1634
f 2236 3181 3182
f 2237 3182 3183
f 2250 2233 2229
f 2912 1628 1621
f 135 1564 1563
f 1567 512 1565
f 1085 2653 2685
f 3184 868 3056
f 869 3057 934
f 1266 1098 1312
f 1267 722 721
f 937 2646 936
f 2146 722 2147
f 2211 921 2667
f 1957 507 449
f 1313 2264 3040
f 1496 1493 1492
f 2681 2705 2682
f 2887 2933 2932
f 1687 1659 1694
f 145 1498 81
f 1317 1319 2694
f 37 418 71
f 1935 3185 2977
f 104 301 103
f 2101 2083 2084
f 543 360 207
f 1934 3186 3185
f 234 212 237
f 3845 1822 1824
f 1976 1874 1974
f 223 2219 220
f 3655 3605 3612
f 468 773 2165
f 1935 1728 1932
f 3240 3226 3235
f 3261 3250 3260
f 3215 3244 3264
f 3265 3215 3264
f 3267 3198 3196
f 3205 3269 3255
f 3214 3265 3270
f 3271 3214 3192
f 3251 3239 3236
f 3222 3266 3272
f 3232 3234 3233
f 3216 3243 3244
f 3196 3268 3267
f 3244 3254 3255
f 3238 3247 3246
f 3264 3255 3269
f 3253 3216 3217
f 3211 3221 3265
f 3257 3218 3256
f 3258 3272 3259
f 3274 3280 3273
f 3228 3262 3263
f 3275 3281 3280
f 3226 3273 3280
f 3236 3260 3251
f 3281 3236 3237
f 3287 3192 3189
f 3235 3280 3234
f 3234 3281 3237
f 3288 3259 3272
f 3260 3276 3251
f 3289 3278 3284
f 3210 3224 3283
f 3199 3201 3200
f 3228 3230 3229
f 3290 3285 3286
f 3282 3271 3287
f 3260 3262 3261
f 3243 3268 3254
f 3267 3241 3232
f 3194 3208 3193
f 3191 3269 3206
f 3270 3192 3214
f 3275 3230 3231
f 3264 3270 3265
f 3252 3276 3291
f 3248 3291 3223
f 3213 3279 3277
f 3272 3289 3288
f 3277 3212 3213
f 3228 3281 3231
f 3220 3253 3219
f 3219 3217 3257
f 3256 3222 3258
f 3247 3252 3248
f 3245 3232 3233
f 3266 3212 3289
f 3208 3255 3254
f 3288 3284 3285
f 3204 3208 3207
f 560 3187 559
f 3209 3201 3202
f 3189 3191 3190
f 448 807 447
f 647 122 270
f 1833 1780 1832
f 510 508 507
f 3210 1887 3201
f 1887 3200 3201
f 15 3197 3200
f 16 3195 3197
f 3195 3187 3194
f 3194 1899 3207
f 3207 375 3204
f 387 126 127
f 3189 1760 3287
f 3577 757 758
f 763 2172 2175
f 3583 3580 3581
f 3581 3579 3578
f 3594 3596 3595
f 3400 3602 3401
f 3626 3625 3627
f 3631 3599 3601
f 3636 3595 3596
f 3647 3588 3645
f 3650 3584 3647
f 3653 3580 3651
f 3653 3654 3579
f 1801 3656 3655
f 3651 3582 3650
f 3644 3595 3637
f 1767 3659 3660
f 1597 3661 1600
f 1708 3665 3664
f 3671 3667 3666
f 3666 3673 3672
f 1588 3664 1587
f 2080 3666 2082
f 2082 3672 2084
f 3674 3635 3631
f 3677 3636 3635
f 3682 3645 3681
f 3692 3650 3686
f 3681 3644 3680
f 786 3692 785
f 3694 3651 3692
f 785 3686 497
f 497 3682 650
f 650 3681 564
f 3696 3681 3680
f 3405 3605 3402
f 3702 3678 3677
f 3699 3679 3678
f 3645 3638 3644
f 1799 3659 1768
f 3708 3458 3460
f 3462 3708 3460
f 3714 564 3696
f 3615 3602 3600
f 3710 3696 3698
f 3635 3596 3599
f 3629 3627 3630
f 3597 3599 3596
f 3630 3715 3629
f 3627 3597 3594
f 3717 3723 3718
f 3715 3660 3629
f 3716 3725 3715
f 3668 3661 3725
f 3668 3717 3667
f 3667 3718 3673
f 3727 3673 3718
f 3728 3672 3673
f 3726 3718 3723
f 1576 2084 3672
f 3727 3731 3729
f 3203 1387 3190
f 3190 1791 3189
f 3283 1949 3210
f 317 259 391
f 2000 3653 3694
f 3601 3600 3602
f 3589 3584 3585
f 3577 756 2170
f 3585 3582 3583
f 3678 3637 3636
f 3204 376 3203
f 1801 3657 1799
f 3729 3728 3727
f 1575 3738 1088
f 3735 1576 3728
f 1776 1796 1775
f 1293 1290 1284
f 1326 1327 12
f 1294 1234 1290
f 878 1330 1337
f 497 374 498
f 122 413 121
f 3699 3704 3708
f 3606 3401 3602
f 3708 3698 3699
f 3464 3710 3462
f 3704 3443 3458
f 439 399 438
f 1512 1526 1511
f 1668 1738 1671
f 839 1362 838
f 1362 826 1012
f 3843 1896 3815
f 2053 2118 2117
f 3888 2120 2119
f 696 3816 3831
f 1826 639 640
f 3740 3729 3731
f 956 886 960
f 1980 1922 807
f 33 105 164
f 1343 3856 3857
f 3907 2128 3902
f 1766 1582 1594
f 14 2163 738
f 595 99 594
f 3233 3246 3245
f 1346 1044 1352
f 748 1425 747
f 3193 3254 3268
f 3190 3206 3203
f 3612 3606 3615
f 3624 3615 3625
f 3631 3443 3674
f 3679 3644 3637
f 3686 3647 3682
f 3702 3674 3704
f 3625 3600 3597
f 3601 3415 3631
f 3739 3735 3729
f 3630 3594 3741
f 3741 3716 3630
f 1284 1288 1285
f 3698 3680 3679
f 1778 1780 1779
f 1792 1584 1789
f 695 571 694
f 3638 3594 3595
f 3741 3588 3589
f 3247 3209 3202
f 3292 3294 3295
f 3296 3298 3299
f 3299 3300 3301
f 3302 3304 3305
f 3306 3308 3309
f 3307 3311 3308
f 3303 3301 3300
f 3312 3304 3313
f 3314 3316 3317
f 3318 3320 3321
f 3324 3321 3325
f 3326 3328 3323
f 3329 3331 3332
f 3333 3335 3336
f 3337 3339 3340
f 3333 3341 3342
f 3342 3343 3344
f 3319 3344 3343
f 3338 3334 3339
f 3346 3302 3347
f 3305 3347 3302
f 3312 3223 3349
f 3350 3340 3351
f 3312 3348 3305
f 3352 3341 3326
f 3311 3354 3308
f 3341 3327 3326
f 3359 3361 3362
f 3360 3250 3249
f 3318 3345 3319
f 3364 3318 3324
f 3314 3324 3365
f 3366 3301 3346
f 3299 3367 3296
f 3308 3368 3309
f 3369 3295 3294
f 3317 3364 3314
f 3370 3317 3316
f 3325 3365 3324
f 3352 3319 3343
f 3296 3353 3311
f 3297 3311 3310
f 3363 3354 3345
f 3345 3353 3344
f 3344 3367 3342
f 3366 3342 3367
f 3347 3334 3346
f 3339 3348 3340
f 3348 3351 3340
f 3363 3369 3368
f 3294 3368 3369
f 3293 3309 3294
f 3331 3374 3332
f 3346 3333 3366
f 3323 3352 3326
f 3356 3321 3320
f 3355 3325 3321
f 3357 3371 3325
f 3322 3320 3352
f 3361 3329 3362
f 3373 3375 3374
f 3374 3376 3332
f 3329 3376 3362
f 3327 3372 3328
f 3336 3375 3327
f 3335 3376 3375
f 3376 3337 3362
f 3337 3359 3362
f 3359 3276 3250
f 3377 3295 3370
f 3277 3315 3278
f 3371 3379 3365
f 3378 3358 3380
f 3365 3315 3314
f 3316 3279 3370
f 3282 3370 3279
f 3313 3224 3312
f 3378 3284 3379
f 3380 3285 3378
f 3379 3278 3315
f 3276 3351 3291
f 3291 3349 3223
f 3313 2965 3013
f 2965 3303 222
f 222 3300 223
f 223 3298 3186
f 3298 3185 3186
f 3297 2977 3185
f 3310 1213 2977
f 3307 1214 1213
f 2532 3306 3293
f 2894 3293 3292
f 2871 3292 3377
f 3253 3240 3242
f 3283 3013 2152
f 1997 1889 1892
f 1237 744 855
f 1535 120 121
f 1531 201 214
f 1119 1032 984
f 946 824 947
f 163 5 162
f 3589 3723 3741
f 1155 1162 1164
f 427 327 424
f 553 796 498
f 3381 2231 2237
f 3381 2230 2232
f 2237 3180 3381
f 3383 3385 3382
f 3384 3387 3385
f 3386 3389 3387
f 3388 3391 3389
f 3392 3394 3395
f 3395 3396 3397
f 3398 3397 3396
f 3400 3399 3398
f 3403 3405 3402
f 3406 3404 3403
f 3408 3407 3406
f 3410 3409 3408
f 3412 3411 3410
f 3415 3398 3414
f 3414 3396 3416
f 3416 3394 3417
f 3417 3393 3418
f 3393 3420 3418
f 3419 3421 3420
f 3390 3422 3421
f 3388 3423 3422
f 3386 3424 3423
f 3384 3425 3424
f 3425 3426 3184
f 2904 3428 2947
f 3429 2904 2902
f 3430 2902 2876
f 2875 3430 2876
f 3432 2733 2736
f 2825 3435 2824
f 3437 3439 3436
f 3441 3436 3440
f 2724 3434 2825
f 3436 3115 3117
f 3440 3117 3119
f 3443 3414 3442
f 3442 3416 3444
f 3444 3417 3445
f 3445 3418 3446
f 3446 3420 3447
f 3420 3448 3447
f 3421 3449 3448
f 3422 3450 3449
f 3423 3451 3450
f 3424 3452 3451
f 3425 3056 3452
f 3451 2253 2252
f 3450 2252 1727
f 3449 1727 2150
f 3448 2150 1941
f 3453 3448 1941
f 3454 3447 3453
f 3455 3446 3454
f 3456 3445 3455
f 3442 3456 3457
f 3443 3457 3458
f 3459 3458 3457
f 3457 3455 3459
f 3459 3454 3461
f 3462 3459 3461
f 3461 3453 3463
f 3464 3461 3463
f 3463 1941 1360
f 3404 3401 3405
f 3407 3399 3404
f 3409 3397 3407
f 3411 3395 3409
f 3465 3413 3412
f 3467 3469 3466
f 3465 3431 3433
f 3470 3466 3465
f 3438 3432 3435
f 3467 3438 3437
f 3468 3437 3441
f 3471 3468 3472
f 3472 3441 3473
f 3473 3440 2712
f 2712 3119 3128
f 3475 3472 3474
f 3474 3473 3476
f 3476 2712 2711
f 3477 2711 2400
f 3478 3476 3477
f 3479 3474 3478
f 3392 3413 3480
f 3466 3480 3413
f 3419 3392 3480
f 3390 3480 3391
f 3469 3391 3480
f 3389 3471 3475
f 3387 3475 3479
f 3385 3479 3481
f 3482 2400 2402
f 3483 3477 3482
f 3481 3478 3483
f 3484 2402 2707
f 3058 2707 2708
f 3061 3484 3058
f 3485 3482 3484
f 3382 3481 3486
f 3486 3483 3485
f 3426 3382 3487
f 3487 3486 1962
f 3486 3061 1962
f 1961 3487 1962
f 3057 3426 3487
f 3428 3402 3488
f 3427 3403 3428
f 3429 3406 3427
f 3430 3408 3429
f 3431 3410 3430
f 3470 3433 3432
f 3434 3438 3435
f 2723 3439 3434
f 2875 3433 3431
f 2736 3435 3432
f 2947 3488 3500
f 3464 1360 3497
f 1900 1924 1901
f 1736 1718 1750
f 1955 1943 1956
f 1671 1735 1751
f 1696 1698 1692
f 1800 1864 1801
f 2063 2056 2060
f 1737 1717 1736
f 1751 1697 1695
f 943 3899 684
f 3656 3402 3605
f 1577 1764 1703
f 3917 1599 3923
f 1945 82 1944
f 68 7 248
f 147 1543 148
f 1109 1133 1102
f 1503 1907 1908
f 1499 1909 1498
f 452 735 215
f 1824 3835 3845
f 1825 2068 1824
f 1463 1022 1194
f 841 1009 1011
f 1568 1955 1534
f 1926 1927 1923
f 1910 1502 1939
f 1939 422 442
f 309 1940 308
f 1804 1866 1803
f 269 1954 56
f 2065 2060 2056
f 3812 1758 3835
f 280 552 1940
f 1875 1869 1874
f 1739 1734 1737
f 1778 1790 1788
f 310 1915 279
f 1909 1906 1954
f 1789 1778 1788
f 978 980 979
f 1584 1731 1583
f 425 311 312
f 148 115 116
f 2044 3894 2046
f 277 1939 551
f 1943 1945 1944
f 1461 1463 1464
f 2253 3056 3055
f 2981 3489 958
f 2209 3489 3055
f 2254 3055 3489
f 2998 958 3489
f 2826 2721 2724
f 3490 2721 2817
f 2816 3490 2817
f 2334 2296 2335
f 2298 2334 2336
f 2301 2336 2338
f 2311 2338 2354
f 2312 2354 2355
f 2359 2361 2360
f 2335 2359 2360
f 2414 2365 2364
f 2413 2361 2365
f 2355 2540 2541
f 2541 2539 2542
f 2722 2739 2738
f 3114 2738 3113
f 3110 3121 3120
f 3108 3120 3113
f 3122 3127 3126
f 3112 3126 3121
f 3127 1753 3135
f 3139 2529 2542
f 3744 3133 3139
f 3490 2740 2739
f 3491 2789 3490
f 228 91 88
f 245 243 242
f 248 247 191
f 2 296 295
f 145 300 267
f 327 210 328
f 329 331 330
f 250 228 236
f 239 240 230
f 373 375 374
f 178 176 175
f 1218 1228 1321
f 3862 1295 3854
f 808 824 823
f 3858 1013 1014
f 3813 1411 1413
f 2154 2159 2160
f 3845 1758 1757
f 306 1922 452
f 2157 1976 1977
f 708 2031 1474
f 1450 1227 1428
f 1672 1605 1624
f 1813 1821 1816
f 1717 1715 1718
f 176 402 347
f 1710 3916 3915
f 1712 1577 1711
f 1705 1711 1704
f 971 979 970
f 822 1094 1102
f 2909 2793 2792
f 2810 2795 2793
f 2799 2249 2800
f 3662 2910 2799
f 2769 2801 2795
f 3177 3178 3179
f 3178 3180 3179
f 3181 1393 2800
f 3181 1632 3182
f 3182 2244 3183
f 3183 2243 3180
f 3492 2790 3491
f 2808 3491 2816
f 2239 3572 2240
f 1149 3571 3570
f 1150 3567 3571
f 2202 3566 2015
f 2921 3565 2923
f 3568 2133 2928
f 1777 1759 1792
f 1201 1183 1184
f 3561 2195 2194
f 3553 2770 2768
f 3927 1687 1692
f 1516 154 503
f 3549 2974 2803
f 3550 2779 2778
f 2771 3575 3546
f 3070 3546 3558
f 3547 2775 2867
f 1376 1370 1372
f 2767 3556 2206
f 2195 3543 2767
f 2775 3542 2776
f 3377 3545 2871
f 3804 3539 2806
f 2776 3538 2805
f 2240 3535 2920
f 2920 3669 3619
f 3548 2786 2779
f 1805 1851 1804
f 3534 2787 2786
f 2951 3540 3531
f 2772 3531 3575
f 2973 3530 3536
f 2224 3537 3530
f 1957 320 510
f 306 304 303
f 2770 3528 2913
f 2913 3574 2239
f 2923 3527 2922
f 308 431 47
f 207 132 543
f 1879 1881 1880
f 3733 3525 2089
f 2475 3558 3524
f 2476 3524 3523
f 2223 3523 3537
f 3522 2803 2802
f 2037 11 1950
f 1959 450 505
f 2003 3520 2129
f 9 334 540
f 2009 3518 3567
f 2008 3536 3518
f 3877 673 3879
f 3515 2778 2784
f 2935 3513 2936
f 111 3570 3511
f 3510 2935 2938
f 683 3885 943
f 3508 2810 2909
f 736 732 729
f 1795 1803 1796
f 3505 2938 2939
f 3507 2939 2940
f 2950 3504 2949
f 2940 3504 3507
f 3801 3512 2950
f 2868 3502 2869
f 2869 3522 2802
f 1024 1023 1020
f 3500 2948 2947
f 551 442 443
f 2972 3568 2928
f 2032 3499 2972
f 216 1924 1923
f 203 201 200
f 1828 1847 1837
f 1958 449 450
f 272 178 175
f 2871 3495 1361
f 3619 3564 2921
f 2801 3643 3662
f 2005 3654 2176
f 960 899 962
f 3657 3612 3624
f 3780 3646 3151
f 3151 3593 2555
f 2193 3623 2194
f 3607 3145 3144
f 3603 2761 3145
f 3592 3144 3104
f 2926 3634 3103
f 3634 3104 3103
f 3755 3746 3753
f 566 3758 2005
f 3488 1864 3500
f 1602 2079 2078
f 2868 3611 2922
f 2922 3610 2923
f 2923 3618 2921
f 3670 2918 3614
f 3619 3614 2920
f 2921 3670 3619
f 2920 3586 2240
f 3613 2915 2918
f 2917 3622 3641
f 2916 3641 3642
f 2239 3652 2913
f 2911 3652 2757
f 3643 2911 2910
f 2797 3662 3591
f 2797 3598 2750
f 3622 2763 2765
f 3608 2764 2745
f 2194 3648 2221
f 2221 3649 2222
f 2756 3609 2755
f 2750 3609 2747
f 3669 1817 3827
f 3763 1691 1699
f 2515 3590 2548
f 2548 3593 2550
f 2513 3632 3616
f 2513 3621 2515
f 2509 3620 2289
f 2510 3633 2509
f 2289 3639 2283
f 2283 3617 2286
f 2240 3587 2239
f 3659 3624 3626
f 716 3887 3888
f 727 3761 1923
f 2165 2170 2164
f 3660 3626 3629
f 3743 3578 3757
f 2175 769 770
f 2100 2095 2099
f 3758 3757 3578
f 640 3568 1826
f 1653 3553 1651
f 1895 3530 746
f 746 3537 741
f 1653 3528 3576
f 3762 1604 1672
f 2093 2073 2078
f 959 995 884
f 962 919 986
f 1400 1398 1399
f 1000 1127 1004
f 956 884 885
f 1662 3550 1661
f 2034 3546 1654
f 3926 3539 3802
f 3535 766 1817
f 3572 765 766
f 334 3571 335
f 1868 3540 1656
f 1684 1652 1678
f 1682 775 1807
f 1585 3762 1700
f 3763 1672 1673
f 2173 490 491
f 1658 3547 1752
f 3556 1650 724
f 1571 2010 1572
f 1587 3671 2080
f 2099 2077 2094
f 787 1999 786
f 2000 786 1999
f 3155 3697 3683
f 3713 3683 3789
f 2180 3685 3684
f 3496 3684 3705
f 1684 3840 1651
f 1760 3495 3545
f 2607 3693 2590
f 2581 3689 2607
f 2371 3700 3695
f 2371 3693 2372
f 2587 3675 2586
f 2586 3697 339
f 2497 3687 2503
f 2502 3687 3700
f 2494 3690 2495
f 3690 2472 2495
f 3688 2468 2472
f 3701 2469 2468
f 726 3892 630
f 581 3518 580
f 10 3570 334
f 1837 3510 1849
f 741 3523 1300
f 1299 3558 2034
f 1851 3504 1866
f 3527 1820 1819
f 580 3536 1895
f 1758 3522 3502
f 1693 3508 1806
f 3504 1867 1866
f 1894 3568 3499
f 2126 3813 3841
f 3906 3841 3912
f 2113 3867 2110
f 2179 3789 3685
f 624 3904 623
f 2192 3788 3780
f 2177 3787 3733
f 1364 3833 1338
f 3858 1470 1453
f 3135 3775 3744
f 2069 3835 2068
f 1351 3853 1352
f 2108 3901 499
f 2089 3736 3733
f 3828 1358 866
f 2001 3783 2187
f 2187 3719 2091
f 2130 3752 2004
f 2004 3749 2001
f 2014 3779 2201
f 2201 3756 2130
f 3167 3759 2969
f 3168 3720 3167
f 3159 3764 3160
f 3160 3765 3081
f 3730 3158 337
f 3158 3709 3159
f 2200 3730 3722
f 3685 3742 2204
f 3722 2197 2200
f 3790 2092 3721
f 3774 3721 2197
f 3154 3790 3774
f 3155 3706 3154
f 2091 3721 2092
f 2196 3750 3776
f 2193 3776 3781
f 3604 3781 3788
f 2086 3780 3778
f 2087 3778 3777
f 2204 3751 2205
f 2205 3750 3148
f 3909 574 692
f 2124 3777 3760
f 2208 3760 3782
f 3711 3140 3137
f 3785 3138 3140
f 3745 3139 3138
f 3771 3136 2322
f 3712 3137 3136
f 3775 3131 3133
f 3767 3132 3131
f 1813 3838 1814
f 1293 3856 1344
f 2184 3748 3732
f 2181 3732 3734
f 3765 3079 3081
f 3768 3080 3079
f 709 3875 2031
f 2774 3737 3769
f 3786 2134 3559
f 3809 766 765
f 2968 3766 2959
f 2969 3784 2968
f 2958 3737 2961
f 2132 3766 2960
f 2321 3771 3748
f 3860 1449 28
f 3905 582 710
f 3886 577 574
f 3847 1818 3827
f 705 3887 2121
f 3816 3907 698
f 2111 3911 2113
f 3810 1366 1411
f 1812 3822 1815
f 675 3852 674
f 3496 3851 675
f 2110 3868 2109
f 2104 3901 2106
f 2109 3899 944
f 3842 703 739
f 1680 3846 1684
f 1639 3819 3818
f 623 3906 697
f 2139 3866 3865
f 1808 3844 3837
f 3820 1819 1820
f 3872 3900 706
f 1646 3830 1648
f 3889 633 577
f 2139 3875 18
f 2156 3871 3874
f 674 3913 3869
f 2117 3812 2069
f 1815 3847 3823
f 3855 1444 1470
f 697 3912 3816
f 866 3836 3828
f 3864 2136 2135
f 3585 3726 3589
f 3583 3731 3585
f 3753 3738 3739
f 3740 3581 3743
f 1088 3746 1093
f 3739 3743 3753
f 2791 3493 2792
f 3492 2807 3493
f 2792 3494 2909
f 3493 2806 3494
f 3508 3494 3516
f 3516 2806 3539
f 2948 3791 3801
f 2105 3896 2104
f 3538 3804 2805
f 680 3876 683
f 1891 3910 3891
f 2905 3801 2950
f 2900 3799 2905
f 2901 3807 2877
f 2734 3806 3794
f 2877 3806 2878
f 2820 3794 2872
f 2818 3792 2827
f 2823 3792 2826
f 2822 3798 2821
f 2819 3800 3798
f 2817 3795 2816
f 2809 3795 2815
f 2808 3803 2807
f 2805 3803 2804
f 1702 3923 1599
f 3922 1797 1802
f 3915 1706 1709
f 3918 1692 1698
f 1657 3880 1879
f 1890 3895 3910
f 3772 1674 1675
f 1689 3772 3773
f 3926 3538 1688
f 3516 1689 3773
f 3917 1703 1764
f 1598 3928 1770
f 3880 1876 1879
f 1691 3925 3927
f 3925 1688 1687
f 1117 1118 3930
f 1066 1322 3930
f 1243 847 3930
f 3825 848 3930
f 1128 1117 3930
f 1129 1130 3930
f 841 1011 3930
f 1230 3863 3930
f 1242 1243 3930
f 1322 1229 3930
f 1064 1065 3930
f 1003 1128 3930
f 1229 1230 3930
f 3863 1285 3930
f 1285 1288 3930
f 848 839 3930
f 847 3825 3930
f 1118 1129 3930
f 1065 1066 3930
f 1087 1086 3930
f 1008 1002 3930
f 1011 1008 3930
f 1002 1003 3930
f 1076 1069 3930
f 838 841 3930
f 839 838 3930
f 1288 1242 3930
f 1130 1087 3930
f 1086 1076 3930
f 1069 1064 3930
f 2410 2414 3931
f 2411 2410 3931
f 3617 2285 3931
f 2394 2393 3931
f 2393 2396 3931
f 2281 2286 3931
f 2282 2280 3931
f 2398 2399 3931
f 2465 2464 3931
f 2396 2397 3931
f 2470 2469 3931
f 2399 2416 3931
f 2480 2395 3931
f 2459 2480 3931
f 2369 2282 3931
f 2460 2459 3931
f 2415 2411 3931
f 2416 2415 3931
f 2364 2363 3931
f 2286 3617 3931
f 2464 2470 3931
f 2469 3703 3931
f 2285 2465 3931
f 2414 2364 3931
f 2395 2394 3931
f 2363 2367 3931
f 2397 2398 3931
f 2280 2281 3931
f 3703 2460 3931
f 2367 2369 3931
f 3934 3937 3938
f 3934 3939 3935
f 3932 3937 3933
f 3938 3943 3939
f 3937 3940 3941
f 3937 3942 3938
f 3942 3947 3943
f 3941 3944 3945
f 3942 3945 3946
f 3947 3950 3951
f 3944 3949 3945
f 3945 3950 3946
f 3950 3955 3951
f 3949 3952 3953
f 3950 3953 3954
f 3955 3958 3959
f 3953 3956 3957
f 3953 3958 3954
f 3959 3962 3963
f 3957 3960 3961
f 3958 3961 3962
f 3962 3967 3963
f 3960 3965 3961
f 3961 3966 3962
f 3966 3971 3967
f 3965 3968 3969
f 3966 3969 3970
f 3970 3975 3971
f 3968 3973 3969
f 3969 3974 3970
f 3974 3979 3975
f 3973 3976 3977
f 3974 3977 3978
f 3979 3982 3983
f 3976 3981 3977
f 3977 3982 3978
f 3982 3987 3983
f 3981 3984 3985
f 3982 3985 3986
f 3987 3990 3991
f 3984 3989 3985
f 3985 3990 3986
f 3991 3994 3995
f 3989 3992 3993
f 3990 3993 3994
f 3995 3998 3999
f 3992 3997 3993
f 3993 3998 3994
f 3998 4003 3999
f 3997 4000 4001
f 3998 4001 4002
f 4002 4007 4003
f 4000 4005 4001
f 4001 4006 4002
f 4006 4011 4007
f 4005 4008 4009
f 4006 4009 4010
f 4011 4014 4015
f 4008 4013 4009
f 4009 4014 4010
f 4014 4019 4015
f 4013 4016 4017
f 4014 4017 4018
f 4019 4022 4023
f 4016 4021 4017
f 4017 4022 4018
f 4023 4026 4027
f 4021 4024 4025
f 4022 4025 4026
f 4027 4030 4031
f 4024 4029 4025
f 4025 4030 4026
f 4031 4034 4035
f 4029 4032 4033
f 4030 4033 4034
f 4034 4039 4035
f 4032 4037 4033
f 4033 4038 4034
f 4038 4043 4039
f 4037 4040 4041
f 4038 4041 4042
f 4043 4046 4047
f 4040 4045 4041
f 4041 4046 4042
f 4046 4051 4047
f 4045 4048 4049
f 4046 4049 4050
f 4051 4055 4056
f 4048 4054 4049
f 4049 4055 4050
f 4056 4059 4060
f 4053 4058 4054
f 4055 4058 4059
f 3932 4052 3936
f 3936 4052 3940
f 3940 4052 3944
f 3944 4052 3948
f 3948 4052 3952
f 3952 4052 3956
f 3956 4052 3960
f 3960 4052 3964
f 3964 4052 3968
f 3968 4052 3972
f 3972 4052 3976
f 3976 4052 3980
f 3980 4052 3984
f 3984 4052 3988
f 3988 4052 3992
f 3992 4052 3996
f 3996 4052 4000
f 4000 4052 4004
f 4004 4052 4008
f 4008 4052 4012
f 4012 4052 4016
f 4016 4052 4020
f 4020 4052 4024
f 4024 4052 4028
f 4028 4052 4032
f 4032 4052 4036
f 4036 4052 4040
f 4040 4052 4044
f 4044 4052 4048
f 4048 4052 4053
f 4053 4052 4057
f 4060 3934 3935
f 4058 3932 3933
f 4058 3934 4059
f 4057 4052 3932
f 4069 4081 4082
f 4066 4080 4067
f 4065 4077 4078
f 4063 4075 4076
f 4071 4085 4072
f 4069 4083 4070
f 4067 4081 4068
f 4066 4078 4079
f 4063 4077 4064
f 4061 4075 4062
f 4072 4086 4073
f 4071 4083 4084
f 4076 4090 4077
f 4074 4088 4075
f 4086 4098 4099
f 4083 4097 4084
f 4082 4094 4095
f 4079 4093 4080
f 4078 4090 4091
f 4076 4088 4089
f 4085 4097 4098
f 4082 4096 4083
f 4080 4094 4081
f 4079 4091 4092
f 4089 4103 4090
f 4088 4100 4101
f 4098 4112 4099
f 4096 4110 4097
f 4095 4107 4108
f 4092 4106 4093
f 4090 4104 4091
f 4089 4101 4102
f 4097 4111 4098
f 4095 4109 4096
f 4094 4106 4107
f 4092 4104 4105
f 4103 4115 4116
f 4100 4114 4101
f 4112 4124 4125
f 4110 4122 4123
f 4107 4121 4108
f 4105 4119 4106
f 4103 4117 4104
f 4101 4115 4102
f 4110 4124 4111
f 4109 4121 4122
f 4107 4119 4120
f 4105 4117 4118
f 4115 4129 4116
f 4114 4126 4127
f 4124 4138 4125
f 4123 4135 4136
f 4120 4134 4121
f 4119 4131 4132
f 4117 4129 4130
f 4114 4128 4115
f 4124 4136 4137
f 4122 4134 4135
f 4119 4133 4120
f 4117 4131 4118
f 4129 4141 4142
f 4126 4140 4127
f 4138 4150 4151
f 4136 4148 4149
f 4133 4147 4134
f 4131 4145 4132
f 4130 4142 4143
f 4127 4141 4128
f 4137 4149 4150
f 4135 4147 4148
f 4132 4146 4133
f 4131 4143 4144
f 4142 4154 4155
f 4140 4152 4153
f 4150 4164 4151
f 4149 4161 4162
f 4146 4160 4147
f 4144 4158 4145
f 4142 4156 4143
f 4140 4154 4141
f 4149 4163 4150
f 4148 4160 4161
f 4146 4158 4159
f 4144 4156 4157
f 4155 4167 4168
f 4153 4165 4166
f 4163 4177 4164
f 4161 4175 4162
f 4159 4173 4160
f 4158 4170 4171
f 4155 4169 4156
f 4153 4167 4154
f 4163 4175 4176
f 4161 4173 4174
f 4159 4171 4172
f 4156 4170 4157
f 4167 4181 4168
f 4165 4179 4166
f 4176 4190 4177
f 4175 4187 4188
f 4173 4185 4186
f 4170 4184 4171
f 4169 4181 4182
f 4167 4179 4180
f 4175 4189 4176
f 4173 4187 4174
f 4171 4185 4172
f 4170 4182 4183
f 4180 4194 4181
f 4178 4192 4179
f 4190 4202 4203
f 4187 4201 4188
f 4186 4198 4199
f 4183 4197 4184
f 4182 4194 4195
f 4180 4192 4193
f 4189 4201 4202
f 4186 4200 4187
f 4184 4198 4185
f 4183 4195 4196
f 4193 4207 4194
f 4192 4204 4205
f 4202 4216 4203
f 4200 4214 4201
f 4199 4211 4212
f 4196 4210 4197
f 4194 4208 4195
f 4193 4205 4206
f 4201 4215 4202
f 4199 4213 4200
f 4198 4210 4211
f 4196 4208 4209
f 4207 4219 4220
f 4204 4218 4205
f 4216 4228 4229
f 4213 4227 4214
f 4211 4225 4212
f 4209 4223 4210
f 4207 4221 4208
f 4205 4219 4206
f 4214 4228 4215
f 4213 4225 4226
f 4211 4223 4224
f 4209 4221 4222
f 4219 4233 4220
f 4218 4230 4231
f 4228 4242 4229
f 4226 4240 4227
f 4225 4237 4238
f 4223 4235 4236
f 4221 4233 4234
f 4218 4232 4219
f 4228 4240 4241
f 4226 4238 4239
f 4223 4237 4224
f 4221 4235 4222
f 4233 4245 4246
f 4230 4244 4231
f 4242 4254 4255
f 4240 4252 4253
f 4237 4251 4238
f 4235 4249 4236
f 4234 4246 4247
f 4231 4245 4232
f 4241 4253 4254
f 4239 4251 4252
f 4236 4250 4237
f 4235 4247 4248
f 4246 4258 4259
f 4244 4256 4257
f 4254 4268 4255
f 4253 4265 4266
f 4250 4264 4251
f 4248 4262 4249
f 4246 4260 4247
f 4244 4258 4245
f 4253 4267 4254
f 4252 4264 4265
f 4250 4262 4263
f 4248 4260 4261
f 4259 4271 4272
f 4257 4269 4270
f 4267 4281 4268
f 4265 4279 4266
f 4263 4277 4264
f 4262 4274 4275
f 4259 4273 4260
f 4257 4271 4258
f 4266 4280 4267
f 4265 4277 4278
f 4263 4275 4276
f 4260 4274 4261
f 4271 4285 4272
f 4269 4283 4270
f 4281 4293 4294
f 4279 4291 4292
f 4277 4289 4290
f 4274 4288 4275
f 4273 4285 4286
f 4271 4283 4284
f 4280 4292 4293
f 4277 4291 4278
f 4275 4289 4276
f 4274 4286 4287
f 4284 4298 4285
f 4282 4296 4283
f 4294 4306 4307
f 4291 4305 4292
f 4290 4302 4303
f 4287 4301 4288
f 4286 4298 4299
f 4284 4296 4297
f 4293 4305 4306
f 4290 4304 4291
f 4288 4302 4289
f 4287 4299 4300
f 4297 4311 4298
f 4296 4308 4309
f 4306 4320 4307
f 4304 4318 4305
f 4303 4315 4316
f 4300 4314 4301
f 4298 4312 4299
f 4297 4309 4310
f 4305 4319 4306
f 4304 4316 4317
f 4302 4314 4315
f 4300 4312 4313
f 4310 4324 4311
f 4308 4322 4309
f 4320 4332 4333
f 4318 4330 4331
f 4316 4328 4329
f 4313 4327 4314
f 4311 4325 4312
f 4310 4322 4323
f 4318 4332 4319
f 4316 4330 4317
f 4315 4327 4328
f 4312 4326 4313
f 4323 4337 4324
f 4322 4334 4335
f 4332 4346 4333
f 4330 4344 4331
f 4329 4341 4342
f 4327 4339 4340
f 4325 4337 4338
f 4322 4336 4323
f 4332 4344 4345
f 4330 4342 4343
f 4327 4341 4328
f 4325 4339 4326
f 4337 4350 4351
f 4334 4349 4335
f 4346 4359 4360
f 4344 4357 4358
f 4341 4356 4342
f 4340 4353 4354
f 4338 4351 4352
f 4335 4350 4336
f 4345 4358 4359
f 4343 4356 4357
f 4340 4355 4341
f 4338 4353 4339
f 4351 4363 4364
f 4349 4361 4362
f 4359 4373 4360
f 4358 4370 4371
f 4355 4369 4356
f 4354 4366 4367
f 4351 4365 4352
f 4349 4363 4350
f 4358 4372 4359
f 4357 4369 4370
f 4355 4367 4368
f 4352 4366 4353
f 4364 4376 4377
f 4362 4374 4375
f 4373 4385 4386
f 4370 4384 4371
f 4368 4382 4369
f 4367 4379 4380
f 4364 4378 4365
f 4362 4376 4363
f 4372 4384 4385
f 4370 4382 4383
f 4368 4380 4381
f 4365 4379 4366
f 4376 4390 4377
f 4374 4388 4375
f 4385 4399 4386
f 4384 4396 4397
f 4382 4394 4395
f 4379 4393 4380
f 4378 4390 4391
f 4376 4388 4389
f 4384 4398 4385
f 4382 4396 4383
f 4380 4394 4381
f 4379 4391 4392
f 4389 4403 4390
f 4387 4401 4388
f 4399 4411 4412
f 4396 4410 4397
f 4395 4407 4408
f 4393 4405 4406
f 4391 4403 4404
f 4389 4401 4402
f 4398 4410 4411
f 4395 4409 4396
f 4393 4407 4394
f 4391 4405 4392
f 4402 4416 4403
f 4401 4413 4414
f 4411 4425 4412
f 4409 4423 4410
f 4408 4420 4421
f 4406 4418 4419
f 4403 4417 4404
f 4402 4414 4415
f 4410 4424 4411
f 4408 4422 4409
f 4407 4419 4420
f 4404 4418 4405
f 4416 4428 4429
f 4413 4427 4414
f 4425 4437 4438
f 4423 4435 4436
f 4421 4433 4434
f 4418 4432 4419
f 4416 4430 4417
f 4415 4427 4428
f 4423 4437 4424
f 4421 4435 4422
f 4420 4432 4433
f 4418 4430 4431
f 4428 4442 4429
f 4426 4440 4427
f 4437 4451 4438
f 4435 4449 4436
f 4434 4446 4447
f 4432 4444 4445
f 4430 4442 4443
f 4427 4441 4428
f 4437 4449 4450
f 4435 4447 4448
f 4432 4446 4433
f 4430 4444 4431
f 4442 4454 4455
f 4439 4453 4440
f 4451 4463 4464
f 4449 4461 4462
f 4446 4460 4447
f 4444 4458 4445
f 4443 4455 4456
f 4440 4454 4441
f 4450 4462 4463
f 4447 4461 4448
f 4445 4459 4446
f 4444 4456 4457
f 4455 4467 4468
f 4453 4465 4466
f 4463 4477 4464
f 4462 4474 4475
f 4459 4473 4460
f 4457 4471 4458
f 4455 4469 4456
f 4453 4467 4454
f 4462 4476 4463
f 4461 4473 4474
f 4459 4471 4472
f 4457 4469 4470
f 4347 4073 4086
f 4347 4086 4099
f 4347 4099 4112
f 4347 4112 4125
f 4347 4125 4138
f 4347 4138 4151
f 4347 4151 4164
f 4347 4164 4177
f 4347 4177 4190
f 4347 4190 4203
f 4347 4203 4216
f 4347 4216 4229
f 4347 4229 4242
f 4347 4242 4255
f 4347 4255 4268
f 4347 4268 4281
f 4347 4281 4294
f 4347 4294 4307
f 4347 4307 4320
f 4347 4320 4333
f 4347 4333 4346
f 4347 4346 4360
f 4347 4360 4373
f 4347 4373 4386
f 4347 4386 4399
f 4347 4399 4412
f 4347 4412 4425
f 4347 4425 4438
f 4347 4438 4451
f 4347 4451 4464
f 4347 4464 4477
f 4468 4063 4064
f 4466 4061 4062
f 4477 4072 4073
f 4474 4071 4475
f 4472 4069 4473
f 4471 4066 4067
f 4468 4065 4469
f 4466 4063 4467
f 4347 4477 4073
f 4476 4071 4072
f 4474 4069 4070
f 4472 4067 4068
f 4469 4066 4470
f 3935 4465 4060
f 4465 4056 4060
f 4452 4051 4056
f 4439 4047 4051
f 4047 4413 4043
f 4043 4400 4039
f 4039 4387 4035
f 4387 4031 4035
f 4031 4361 4027
f 4361 4023 4027
f 4348 4019 4023
f 4334 4015 4019
f 4015 4308 4011
f 4011 4295 4007
f 4007 4282 4003
f 4282 3999 4003
f 3999 4256 3995
f 4256 3991 3995
f 4243 3987 3991
f 4230 3983 3987
f 3983 4204 3979
f 3979 4191 3975
f 3975 4178 3971
f 4178 3967 3971
f 3967 4152 3963
f 4152 3959 3963
f 4139 3955 3959
f 4126 3951 3955
f 3951 4100 3947
f 3947 4087 3943
f 3943 4074 3939
f 4074 3935 3939
f 4480 4483 4484
f 4480 4485 4481
f 4479 4482 4483
f 4484 4489 4485
f 4482 4487 4483
f 4483 4488 4484
f 4488 4493 4489
f 4487 4490 4491
f 4488 4491 4492
f 4493 4496 4497
f 4490 4495 4491
f 4491 4496 4492
f 4496 4501 4497
f 4495 4498 4499
f 4496 4499 4500
f 4501 4504 4505
f 4498 4503 4499
f 4499 4504 4500
f 4505 4508 4509
f 4503 4506 4507
f 4504 4507 4508
f 4509 4512 4513
f 4506 4511 4507
f 4507 4512 4508
f 4513 4516 4517
f 4511 4514 4515
f 4512 4515 4516
f 4516 4521 4517
f 4514 4519 4515
f 4515 4520 4516
f 4520 4525 4521
f 4518 4523 4519
f 4520 4523 4524
f 4525 4528 4529
f 4522 4527 4523
f 4523 4528 4524
f 4528 4533 4529
f 4527 4530 4531
f 4528 4531 4532
f 4533 4536 4537
f 4530 4535 4531
f 4531 4536 4532
f 4537 4540 4541
f 4534 4539 4535
f 4536 4539 4540
f 4541 4544 4545
f 4539 4542 4543
f 4539 4544 4540
f 4544 4549 4545
f 4542 4547 4543
f 4544 4547 4548
f 4548 4553 4549
f 4547 4550 4551
f 4547 4552 4548
f 4552 4557 4553
f 4551 4554 4555
f 4552 4555 4556
f 4557 4560 4561
f 4554 4559 4555
f 4555 4560 4556
f 4560 4565 4561
f 4559 4562 4563
f 4560 4563 4564
f 4565 4568 4569
f 4562 4567 4563
f 4563 4568 4564
f 4569 4572 4573
f 4567 4570 4571
f 4568 4571 4572
f 4572 4577 4573
f 4570 4575 4571
f 4571 4576 4572
f 4576 4581 4577
f 4575 4578 4579
f 4576 4579 4580
f 4580 4585 4581
f 4578 4583 4579
f 4579 4584 4580
f 4584 4589 4585
f 4583 4586 4587
f 4584 4587 4588
f 4589 4592 4593
f 4586 4591 4587
f 4587 4592 4588
f 4592 4597 4593
f 4591 4594 4595
f 4592 4595 4596
f 4597 4601 4602
f 4594 4600 4595
f 4595 4601 4596
f 4602 4605 4606
f 4600 4603 4604
f 4601 4604 4605
f 4478 4598 4482
f 4482 4598 4486
f 4486 4598 4490
f 4490 4598 4494
f 4494 4598 4498
f 4498 4598 4502
f 4502 4598 4506
f 4506 4598 4510
f 4510 4598 4514
f 4514 4598 4518
f 4518 4598 4522
f 4522 4598 4526
f 4526 4598 4530
f 4530 4598 4534
f 4534 4598 4538
f 4538 4598 4542
f 4542 4598 4546
f 4546 4598 4550
f 4550 4598 4554
f 4554 4598 4558
f 4558 4598 4562
f 4562 4598 4566
f 4566 4598 4570
f 4570 4598 4574
f 4574 4598 4578
f 4578 4598 4582
f 4582 4598 4586
f 4586 4598 4590
f 4590 4598 4594
f 4594 4598 4599
f 4599 4598 4603
f 4606 4480 4481
f 4603 4479 4604
f 4604 4480 4605
f 4603 4598 4478
f 4615 4627 4628
f 4612 4626 4613
f 4611 4623 4624
f 4609 4621 4622
f 4618 4630 4631
f 4615 4629 4616
f 4613 4627 4614
f 4612 4624 4625
f 4609 4623 4610
f 4607 4621 4608
f 4619 4631 4632
f 4617 4629 4630
f 4622 4636 4623
f 4620 4634 4621
f 4632 4644 4645
f 4629 4643 4630
f 4628 4640 4641
f 4626 4638 4639
f 4624 4636 4637
f 4622 4634 4635
f 4631 4643 4644
f 4628 4642 4629
f 4626 4640 4627
f 4624 4638 4625
f 4635 4649 4636
f 4634 4646 4647
f 4644 4658 4645
f 4642 4656 4643
f 4641 4653 4654
f 4639 4651 4652
f 4636 4650 4637
f 4635 4647 4648
f 4643 4657 4644
f 4642 4654 4655
f 4640 4652 4653
f 4637 4651 4638
f 4648 4662 4649
f 4646 4660 4647
f 4658 4670 4671
f 4656 4668 4669
f 4653 4667 4654
f 4651 4665 4652
f 4649 4663 4650
f 4648 4660 4661
f 4656 4670 4657
f 4654 4668 4655
f 4653 4665 4666
f 4651 4663 4664
f 4661 4675 4662
f 4660 4672 4673
f 4670 4684 4671
f 4668 4682 4669
f 4667 4679 4680
f 4665 4677 4678
f 4663 4675 4676
f 4661 4673 4674
f 4670 4682 4683
f 4667 4681 4668
f 4665 4679 4666
f 4663 4677 4664
f 4675 4687 4688
f 4672 4686 4673
f 4684 4696 4697
f 4682 4694 4695
f 4679 4693 4680
f 4678 4690 4691
f 4676 4688 4689
f 4673 4687 4674
f 4683 4695 4696
f 4681 4693 4694
f 4678 4692 4679
f 4676 4690 4677
f 4688 4700 4701
f 4686 4698 4699
f 4696 4710 4697
f 4695 4707 4708
f 4692 4706 4693
f 4691 4703 4704
f 4688 4702 4689
f 4686 4700 4687
f 4695 4709 4696
f 4694 4706 4707
f 4692 4704 4705
f 4689 4703 4690
f 4701 4713 4714
f 4699 4711 4712
f 4710 4722 4723
f 4707 4721 4708
f 4705 4719 4706
f 4704 4716 4717
f 4701 4715 4702
f 4699 4713 4700
f 4709 4721 4722
f 4707 4719 4720
f 4705 4717 4718
f 4702 4716 4703
f 4713 4727 4714
f 4711 4725 4712
f 4723 4735 4736
f 4721 4733 4734
f 4719 4731 4732
f 4716 4730 4717
f 4715 4727 4728
f 4713 4725 4726
f 4721 4735 4722
f 4719 4733 4720
f 4717 4731 4718
f 4716 4728 4729
f 4726 4740 4727
f 4724 4738 4725
f 4736 4748 4749
f 4733 4747 4734
f 4732 4744 4745
f 4730 4742 4743
f 4728 4740 4741
f 4726 4738 4739
f 4735 4747 4748
f 4732 4746 4733
f 4730 4744 4731
f 4728 4742 4729
f 4739 4753 4740
f 4738 4750 4751
f 4748 4762 4749
f 4746 4760 4747
f 4745 4757 4758
f 4743 4755 4756
f 4740 4754 4741
f 4739 4751 4752
f 4747 4761 4748
f 4745 4759 4746
f 4744 4756 4757
f 4741 4755 4742
f 4753 4765 4766
f 4750 4764 4751
f 4762 4774 4775
f 4759 4773 4760
f 4758 4770 4771
f 4755 4769 4756
f 4753 4767 4754
f 4752 4764 4765
f 4760 4774 4761
f 4758 4772 4759
f 4757 4769 4770
f 4755 4767 4768
f 4765 4779 4766
f 4764 4776 4777
f 4774 4788 4775
f 4772 4786 4773
f 4771 4783 4784
f 4769 4781 4782
f 4767 4779 4780
f 4765 4777 4778
f 4774 4786 4787
f 4771 4785 4772
f 4769 4783 4770
f 4767 4781 4768
f 4779 4791 4792
f 4776 4790 4777
f 4788 4800 4801
f 4786 4798 4799
f 4783 4797 4784
f 4782 4794 4795
f 4780 4792 4793
f 4777 4791 4778
f 4787 4799 4800
f 4785 4797 4798
f 4782 4796 4783
f 4780 4794 4781
f 4792 4804 4805
f 4790 4802 4803
f 4800 4814 4801
f 4799 4811 4812
f 4796 4810 4797
f 4795 4807 4808
f 4792 4806 4793
f 4790 4804 4791
f 4799 4813 4800
f 4798 4810 4811
f 4796 4808 4809
f 4793 4807 4794
f 4805 4817 4818
f 4803 4815 4816
f 4814 4826 4827
f 4811 4825 4812
f 4809 4823 4810
f 4808 4820 4821
f 4805 4819 4806
f 4803 4817 4804
f 4813 4825 4826
f 4811 4823 4824
f 4809 4821 4822
f 4806 4820 4807
f 4817 4831 4818
f 4815 4829 4816
f 4826 4840 4827
f 4825 4837 4838
f 4823 4835 4836
f 4820 4834 4821
f 4819 4831 4832
f 4817 4829 4830
f 4825 4839 4826
f 4823 4837 4824
f 4821 4835 4822
f 4820 4832 4833
f 4830 4844 4831
f 4828 4842 4829
f 4840 4852 4853
f 4837 4851 4838
f 4836 4848 4849
f 4834 4846 4847
f 4832 4844 4845
f 4830 4842 4843
f 4839 4851 4852
f 4836 4850 4837
f 4834 4848 4835
f 4832 4846 4833
f 4843 4857 4844
f 4842 4854 4855
f 4852 4866 4853
f 4850 4864 4851
f 4849 4861 4862
f 4847 4859 4860
f 4844 4858 4845
f 4843 4855 4856
f 4851 4865 4852
f 4849 4863 4850
f 4848 4860 4861
f 4845 4859 4846
f 4857 4869 4870
f 4855 4867 4868
f 4866 4878 4879
f 4864 4876 4877
f 4862 4874 4875
f 4859 4873 4860
f 4857 4871 4858
f 4856 4868 4869
f 4864 4878 4865
f 4862 4876 4863
f 4861 4873 4874
f 4859 4871 4872
f 4869 4883 4870
f 4868 4880 4881
f 4878 4892 4879
f 4877 4889 4890
f 4874 4888 4875
f 4873 4885 4886
f 4871 4883 4884
f 4868 4882 4869
f 4878 4890 4891
f 4876 4888 4889
f 4873 4887 4874
f 4871 4885 4872
f 4883 4896 4897
f 4880 4895 4881
f 4892 4905 4906
f 4890 4903 4904
f 4887 4902 4888
f 4885 4900 4886
f 4884 4897 4898
f 4881 4896 4882
f 4891 4904 4905
f 4889 4902 4903
f 4886 4901 4887
f 4885 4898 4899
f 4897 4909 4910
f 4895 4907 4908
f 4905 4919 4906
f 4904 4916 4917
f 4901 4915 4902
f 4899 4913 4900
f 4897 4911 4898
f 4895 4909 4896
f 4904 4918 4905
f 4903 4915 4916
f 4901 4913 4914
f 4899 4911 4912
f 4910 4922 4923
f 4908 4920 4921
f 4919 4931 4932
f 4916 4930 4917
f 4914 4928 4915
f 4913 4925 4926
f 4910 4924 4911
f 4908 4922 4909
f 4918 4930 4931
f 4916 4928 4929
f 4914 4926 4927
f 4911 4925 4912
f 4922 4936 4923
f 4920 4934 4921
f 4931 4945 4932
f 4930 4942 4943
f 4928 4940 4941
f 4925 4939 4926
f 4924 4936 4937
f 4922 4934 4935
f 4930 4944 4931
f 4928 4942 4929
f 4926 4940 4927
f 4925 4937 4938
f 4935 4949 4936
f 4933 4947 4934
f 4945 4957 4958
f 4942 4956 4943
f 4941 4953 4954
f 4938 4952 4939
f 4937 4949 4950
f 4935 4947 4948
f 4944 4956 4957
f 4941 4955 4942
f 4939 4953 4940
f 4938 4950 4951
f 4948 4962 4949
f 4947 4959 4960
f 4957 4971 4958
f 4955 4969 4956
f 4954 4966 4967
f 4951 4965 4952
f 4949 4963 4950
f 4948 4960 4961
f 4956 4970 4957
f 4954 4968 4955
f 4953 4965 4966
f 4951 4963 4964
f 4962 4974 4975
f 4959 4973 4960
f 4971 4983 4984
f 4968 4982 4969
f 4966 4980 4967
f 4964 4978 4965
f 4962 4976 4963
f 4960 4974 4961
f 4969 4983 4970
f 4967 4981 4968
f 4966 4978 4979
f 4964 4976 4977
f 4975 4987 4988
f 4973 4985 4986
f 4983 4997 4984
f 4981 4995 4982
f 4979 4993 4980
f 4978 4990 4991
f 4976 4988 4989
f 4973 4987 4974
f 4983 4995 4996
f 4981 4993 4994
f 4978 4992 4979
f 4976 4990 4977
f 4988 5000 5001
f 4985 4999 4986
f 4997 5009 5010
f 4995 5007 5008
f 4992 5006 4993
f 4991 5003 5004
f 4989 5001 5002
f 4986 5000 4987
f 4996 5008 5009
f 4994 5006 5007
f 4991 5005 4992
f 4989 5003 4990
f 5001 5013 5014
f 4999 5011 5012
f 5009 5023 5010
f 5008 5020 5021
f 5005 5019 5006
f 5004 5016 5017
f 5001 5015 5002
f 4999 5013 5000
f 5008 5022 5009
f 5007 5019 5020
f 5005 5017 5018
f 5002 5016 5003
f 4893 4619 4632
f 4893 4632 4645
f 4893 4645 4658
f 4893 4658 4671
f 4893 4671 4684
f 4893 4684 4697
f 4893 4697 4710
f 4893 4710 4723
f 4893 4723 4736
f 4893 4736 4749
f 4893 4749 4762
f 4893 4762 4775
f 4893 4775 4788
f 4893 4788 4801
f 4893 4801 4814
f 4893 4814 4827
f 4893 4827 4840
f 4893 4840 4853
f 4893 4853 4866
f 4893 4866 4879
f 4893 4879 4892
f 4893 4892 4906
f 4893 4906 4919
f 4893 4919 4932
f 4893 4932 4945
f 4893 4945 4958
f 4893 4958 4971
f 4893 4971 4984
f 4893 4984 4997
f 4893 4997 5010
f 4893 5010 5023
f 5014 4609 4610
f 5012 4607 4608
f 5022 4619 5023
f 5020 4617 5021
f 5018 4615 5019
f 5017 4612 4613
f 5014 4611 5015
f 5012 4609 5013
f 4893 5023 4619
f 5021 4618 5022
f 5020 4615 4616
f 5018 4613 4614
f 5015 4612 5016
f 4481 5011 4606
f 5011 4602 4606
f 4998 4597 4602
f 4985 4593 4597
f 4593 4959 4589
f 4589 4946 4585
f 4585 4933 4581
f 4933 4577 4581
f 4577 4907 4573
f 4907 4569 4573
f 4894 4565 4569
f 4880 4561 4565
f 4561 4854 4557
f 4557 4841 4553
f 4553 4828 4549
f 4828 4545 4549
f 4545 4802 4541
f 4802 4537 4541
f 4789 4533 4537
f 4776 4529 4533
f 4529 4750 4525
f 4525 4737 4521
f 4521 4724 4517
f 4724 4513 4517
f 4513 4698 4509
f 4698 4505 4509
f 4685 4501 4505
f 4672 4497 4501
f 4497 4646 4493
f 4493 4633 4489
f 4489 4620 4485
f 4620 4481 4485
f 4 3 2
f 8 7 6
f 13 16 15
f 17 28 19
f 32 31 30
f 36 35 34
f 37 40 39
f 21 22 23
f 25 26 27
f 41 44 43
f 48 47 46
f 52 51 50
f 53 56 55
f 60 59 58
f 29 30 62
f 66 65 64
f 67 5 6
f 72 71 70
f 76 75 74
f 77 80 79
f 81 84 83
f 59 87 86
f 88 91 90
f 96 95 94
f 100 99 98
f 101 104 103
f 106 105 34
f 108 116 115
f 117 119 36
f 124 127 126
f 131 130 129
f 132 102 134
f 142 141 140
f 148 106 60
f 144 143 127
f 149 152 151
f 156 155 154
f 159 150 158
f 116 108 164
f 171 170 169
f 174 126 173
f 179 182 181
f 186 189 188
f 194 197 196
f 199 142 139
f 206 209 208
f 213 212 211
f 202 215 214
f 96 93 216
f 92 238 43
f 97 184 246
f 250 249 229
f 252 254 58
f 258 257 256
f 260 91 229
f 110 111 112
f 114 264 263
f 265 268 267
f 56 53 270
f 274 273 249
f 185 183 63
f 280 279 278
f 285 284 283
f 288 219 211
f 141 142 92
f 289 290 175
f 148 116 105
f 312 311 170
f 238 262 42
f 318 163 160
f 310 309 308
f 241 239 325
f 160 230 240
f 47 48 307
f 108 109 315
f 345 85 86
f 348 351 350
f 356 359 358
f 355 354 353
f 363 31 32
f 364 252 253
f 366 125 368
f 183 372 371
f 163 162 161
f 209 226 101
f 378 377 165
f 379 295 381
f 383 382 3
f 284 285 386
f 387 127 389
f 391 259 229
f 73 281 397
f 405 408 407
f 203 218 411
f 414 121 413
f 1 356 357
f 277 276 131
f 254 344 57
f 358 384 415
f 417 416 386
f 401 400 192
f 419 389 127
f 421 181 182
f 103 301 302
f 428 367 368
f 380 390 359
f 62 204 266
f 140 141 431
f 357 358 351
f 356 1 379
f 415 392 403
f 437 428 436
f 438 441 440
f 188 451 450
f 265 455 181
f 224 185 64
f 237 212 213
f 275 131 128
f 281 282 460
f 50 462 79
f 73 74 282
f 468 467 466
f 390 355 352
f 482 485 484
f 489 488 487
f 493 496 495
f 472 471 470
f 502 501 500
f 220 221 222
f 512 419 143
f 518 517 511
f 513 239 230
f 205 30 31
f 189 370 451
f 163 318 532
f 533 224 225
f 446 448 447
f 335 541 540
f 544 512 546
f 329 519 291
f 199 534 262
f 385 386 416
f 532 190 191
f 363 117 118
f 578 581 580
f 573 572 571
f 561 563 562
f 241 260 259
f 590 593 592
f 545 546 595
f 503 154 155
f 606 625 624
f 478 481 480
f 646 649 648
f 590 591 689
f 564 565 651
f 728 246 184
f 714 724 716
f 692 574 575
f 541 335 581
f 346 68 248
f 161 231 230
f 128 129 94
f 698 705 704
f 574 577 576
f 290 289 401
f 630 631 725
f 733 736 735
f 755 466 496
f 759 480 481
f 757 763 762
f 764 496 466
f 768 767 3808
f 759 760 488
f 492 474 475
f 474 770 769
f 773 468 465
f 771 774 486
f 484 485 775
f 774 776 489
f 495 496 764
f 495 757 761
f 137 397 784
f 325 239 797
f 165 519 51
f 369 32 29
f 730 731 568
f 90 302 301
f 243 118 516
f 800 734 806
f 817 815 808
f 816 808 823
f 306 303 447
f 815 810 809
f 829 830 828
f 726 725 501
f 274 427 424
f 879 882 881
f 884 883 879
f 219 218 217
f 906 905 904
f 455 204 205
f 898 882 830
f 903 900 880
f 377 291 519
f 923 949 948
f 946 947 951
f 3519 740 739
f 900 899 886
f 225 64 65
f 182 445 442
f 809 952 947
f 954 960 962
f 927 950 965
f 885 879 880
f 925 927 966
f 343 342 341
f 965 964 971
f 968 971 970
f 972 968 969
f 963 961 981
f 336 337 338
f 992 993 827
f 810 815 996
f 1007 1001 1002
f 1012 826 827
f 1011 1009 1007
f 294 293 292
f 907 908 920
f 1017 579 1019
f 1020 1023 1022
f 1035 1024 1020
f 1061 1060 1047
f 1063 1061 1046
f 1044 1020 1021
f 1102 1094 1097
f 1116 1126 1118
f 1016 1015 1014
f 881 897 904
f 816 1116 1127
f 1094 948 949
f 514 342 167
f 146 145 81
f 1133 1135 1130
f 1102 1133 1126
f 822 1126 1116
f 1145 1143 1148
f 1076 1144 1151
f 1148 1143 1086
f 1109 1097 1114
f 1154 1153 1156
f 1153 925 967
f 3464 3497 463
f 1144 1147 1152
f 1156 967 1163
f 1164 1162 1169
f 1145 1171 1176
f 1114 1115 1154
f 1183 1155 1164
f 1184 1183 1177
f 1069 1151 1062
f 1023 1191 1194
f 1162 1163 1170
f 1195 1184 1185
f 1183 1196 1176
f 1201 1063 1152
f 1061 1063 1201
f 3825 847 843
f 1203 1202 1195
f 1202 1201 1184
f 1218 1060 1203
f 1060 1061 1202
f 1225 1218 1217
f 671 695 694
f 1219 1217 1024
f 1217 1203 1034
f 1226 1014 1015
f 1243 1242 1234
f 1231 1230 1229
f 847 1243 1233
f 843 1233 1244
f 1233 1234 1245
f 1923 3761 233
f 2100 2108 499
f 3914 3864 2135
f 61 62 323
f 210 211 217
f 1299 1310 1309
f 3863 1230 1231
f 1066 1047 1321
f 1322 1321 1228
f 1060 1218 1321
f 1325 1324 1323
f 1244 1245 1332
f 1290 1234 1242
f 1337 1330 1339
f 1330 1332 1340
f 1341 1332 1245
f 1342 1340 1332
f 1343 1342 1341
f 1344 1341 1294
f 3857 3856 1345
f 1347 1348 1342
f 3856 3854 1295
f 1349 1350 1348
f 3861 1349 1347
f 3853 1347 1343
f 906 898 829
f 905 906 1353
f 865 1356 1355
f 1355 1353 829
f 1357 1355 825
f 1356 1354 1353
f 3834 1337 1338
f 866 1358 1356
f 1358 1359 1354
f 3828 878 1337
f 838 1362 1012
f 1363 1364 1338
f 1368 1363 1339
f 1348 1368 1340
f 1371 1369 3824
f 524 525 526
f 528 529 530
f 1372 1370 1369
f 535 536 537
f 1367 1368 1348
f 1370 1354 1359
f 1369 1359 3833
f 1373 910 903
f 555 556 557
f 1374 909 910
f 1373 904 905
f 1374 1373 1375
f 1375 905 1354
f 1378 920 908
f 376 373 651
f 1388 928 973
f 586 587 588
f 1390 1389 1388
f 1391 1388 969
f 597 598 599
f 600 601 602
f 1392 1391 970
f 608 609 610
f 612 524 523
f 614 615 616
f 617 618 25
f 620 621 622
f 1397 1390 1391
f 1398 1397 1392
f 1400 987 920
f 1402 1403 1165
f 636 637 638
f 930 1404 1402
f 641 642 643
f 929 1402 1169
f 1404 1405 1403
f 1411 1366 1365
f 1412 1406 1415
f 652 653 654
f 609 656 657
f 659 660 661
f 558 663 586
f 665 666 667
f 1413 1411 1406
f 1418 1416 3810
f 1417 1372 1371
f 1416 1371 3829
f 1419 1417 1416
f 1386 909 1374
f 677 678 679
f 1385 1386 1420
f 1420 1374 1376
f 685 686 687
f 1421 1420 1422
f 528 690 691
f 1422 1376 1372
f 1018 1019 747
f 699 700 701
f 1424 578 579
f 3663 1597 1767
f 700 699 711
f 1093 3746 3754
f 717 718 530
f 721 722 723
f 704 1650 3543
f 19 1429 1426
f 1429 1428 1427
f 1658 1659 3542
f 1439 1437 1434
f 1437 1436 1435
f 1426 1427 1433
f 1442 1431 1432
f 742 743 744
f 1432 1433 1441
f 751 752 753
f 1438 1434 1403
f 1446 1445 1444
f 1447 1448 1446
f 3860 1447 1443
f 1415 1367 1445
f 1414 1415 1446
f 2173 1683 469
f 777 778 779
f 780 781 782
f 1676 1693 1806
f 3859 1451 1349
f 789 790 791
f 745 792 793
f 652 794 795
f 1455 1458 1457
f 1454 1367 1350
f 610 691 802
f 3831 3816 698
f 1352 1044 1045
f 1015 1016 1459
f 811 812 813
f 2118 3815 3817
f 819 820 821
f 1466 1463 1194
f 1467 1468 1465
f 1182 1165 1468
f 832 812 833
f 835 836 837
f 1467 1466 1190
f 1469 1470 1444
f 840 700 712
f 1453 1470 1469
f 599 844 845
f 1226 1450 3849
f 851 852 853
f 855 744 856
f 858 859 860
f 861 862 863
f 1014 1226 3855
f 867 676 868
f 870 871 872
f 874 875 876
f 1310 1323 1471
f 1476 1433 1427
f 1461 1476 1475
f 887 888 889
f 788 791 892
f 894 895 896
f 1460 1475 1227
f 901 902 524
f 1465 1478 1477
f 1865 3503 3500
f 911 912 913
f 916 917 918
f 1850 3505 3507
f 921 922 895
f 1479 1435 1436
f 926 664 667
f 1481 562 563
f 269 1483 84
f 931 932 933
f 934 935 614
f 936 685 688
f 938 659 662
f 1484 270 122
f 941 942 835
f 320 321 509
f 1849 3510 3505
f 84 1483 1484
f 1487 1490 1488
f 1757 1758 3502
f 365 1492 1491
f 461 79 80
f 117 363 362
f 1494 540 541
f 926 601 957
f 1477 1441 1433
f 1709 1588 1585
f 119 117 1496
f 271 1497 504
f 511 517 189
f 345 1496 1492
f 57 344 299
f 1501 1499 268
f 267 268 1499
f 974 975 976
f 1678 1652 1693
f 3846 1682 1807
f 557 982 663
f 983 941 984
f 1443 1444 3849
f 421 1500 268
f 989 990 991
f 1490 1487 418
f 279 280 309
f 997 868 676
f 998 26 999
f 1504 418 38
f 1506 1508 1507
f 360 361 1508
f 1506 1486 207
f 939 1005 1006
f 270 1484 1483
f 66 63 546
f 1010 742 793
f 367 428 437
f 244 31 363
f 1670 3532 3534
f 209 206 1510
f 388 389 426
f 427 274 250
f 161 520 521
f 100 246 45
f 1025 1026 608
f 1029 1030 1031
f 939 662 1033
f 41 42 594
f 1036 780 783
f 702 701 1038
f 1040 1041 1042
f 362 32 369
f 187 1520 477
f 70 1487 539
f 1049 600 603
f 613 867 869
f 860 1050 1051
f 1005 1052 1053
f 753 1055 1056
f 1057 1058 1059
f 293 288 1522
f 288 212 1521
f 292 1522 1523
f 331 1507 1508
f 306 452 453
f 100 44 41
f 462 1524 78
f 330 331 1524
f 635 1067 1068
f 1485 1527 1526
f 206 1485 1528
f 1070 1071 1072
f 942 941 1073
f 916 933 1075
f 440 1529 1530
f 157 158 1514
f 1529 162 5
f 371 595 546
f 790 586 663
f 1077 858 857
f 1403 1434 1435
f 1080 1081 1082
f 531 520 1529
f 21 1083 1084
f 272 1532 1531
f 690 712 802
f 335 3571 3567
f 1090 1030 1029
f 1092 795 794
f 1533 396 137
f 661 660 1095
f 69 444 445
f 1099 1100 1101
f 38 39 1536
f 1104 1105 1106
f 852 1107 1108
f 1377 908 909
f 291 377 411
f 316 1536 516
f 539 1488 1533
f 1505 1536 316
f 1110 1111 1112
f 1539 1537 460
f 522 441 1537
f 834 837 1120
f 1122 1123 1124
f 612 1125 1041
f 935 793 615
f 276 278 130
f 1686 3549 3522
f 193 190 1541
f 231 521 1540
f 556 1037 982
f 365 253 85
f 190 532 318
f 1810 765 3574
f 3924 1867 3512
f 1132 983 985
f 208 101 102
f 1134 1033 662
f 1491 518 80
f 429 133 1542
f 1137 1138 915
f 172 436 428
f 1139 1140 1141
f 549 96 54
f 1517 1519 1518
f 834 1119 984
f 1543 513 286
f 1544 797 239
f 133 134 1544
f 506 361 257
f 420 327 328
f 1158 1159 1160
f 587 1104 1103
f 607 1161 1027
f 304 1546 1545
f 364 1491 77
f 69 70 198
f 700 840 1112
f 3877 626 3525
f 1166 719 657
f 1167 1168 858
f 1300 3523 3524
f 1172 1173 1174
f 218 203 200
f 1179 1180 1181
f 372 183 97
f 89 104 227
f 1186 1187 1188
f 172 173 1517
f 1482 84 81
f 1090 1192 1193
f 394 395 353
f 526 525 1198
f 1199 1200 1026
f 606 623 697
f 1204 1205 1206
f 1207 1208 523
f 1209 1210 867
f 914 913 685
f 1478 1436 1441
f 1029 1028 1161
f 1211 1212 1213
f 3858 1453 1451
f 844 1215 1216
f 423 193 273
f 1220 1221 1222
f 22 1223 1224
f 882 898 897
f 1519 1517 173
f 1189 1188 1232
f 349 350 550
f 1071 1235 1236
f 1237 1238 1239
f 1221 1186 1189
f 1510 1528 1512
f 939 1032 1241
f 1556 1530 5
f 1553 1554 394
f 404 1556 67
f 1247 1248 1249
f 142 199 238
f 1251 1067 635
f 850 1252 1253
f 1254 1167 1077
f 57 132 133
f 443 430 552
f 1187 1172 1175
f 1256 1070 831
f 432 405 382
f 741 748 747
f 434 350 351
f 349 432 383
f 251 124 1481
f 395 384 352
f 1518 1519 1550
f 1558 410 378
f 109 263 314
f 285 1514 1513
f 395 394 393
f 202 203 410
f 417 408 405
f 1246 1257 1258
f 3 1559 297
f 1259 1260 1261
f 403 404 347
f 955 954 953
f 462 50 51
f 1096 1095 687
f 429 147 60
f 896 1264 1265
f 1267 721 1268
f 423 424 327
f 37 179 180
f 20 23 1187
f 1256 1168 1071
f 1188 1175 1269
f 1236 1270 1271
f 1272 536 535
f 565 564 463
f 1273 792 745
f 876 1254 1255
f 316 33 164
f 437 1516 503
f 194 1494 1495
f 1275 1276 864
f 624 625 631
f 1277 1274 1137
f 569 568 567
f 1481 124 125
f 324 325 547
f 1279 1108 1107
f 1525 332 329
f 1281 1278 1137
f 171 168 1553
f 1488 73 396
f 1557 1561 1562
f 1282 856 1206
f 1053 1277 1278
f 778 777 607
f 713 583 3566
f 251 225 144
f 4 357 348
f 709 708 707
f 728 48 45
f 261 135 1563
f 789 1286 1287
f 74 314 263
f 403 284 385
f 1178 1181 1240
f 1223 1259 1289
f 1220 20 1186
f 296 1518 354
f 784 459 1538
f 1181 1180 1291
f 1269 1292 1257
f 1566 1538 438
f 136 784 1566
f 1563 1564 169
f 107 114 109
f 1297 1282 1298
f 1464 1477 1476
f 1520 187 507
f 1301 1302 1303
f 1306 1307 1308
f 175 456 1532
f 1532 456 200
f 1311 1266 1312
f 872 1314 1315
f 3836 843 878
f 1305 1308 864
f 1040 1275 863
f 1564 1566 399
f 592 1576 1575
f 591 1575 1088
f 1581 1584 1583
f 1196 1152 1147
f 710 582 583
f 285 407 408
f 953 954 961
f 1594 1592 1589
f 1585 1588 1587
f 1592 1591 1590
f 3885 945 944
f 1600 1599 1598
f 1604 1603 1602
f 1399 1392 979
f 1589 1590 1596
f 1610 1609 1608
f 298 257 361
f 551 552 276
f 1627 1626 3814
f 859 811 818
f 1078 857 1328
f 1555 439 1530
f 572 573 680
f 772 465 776
f 977 1281 918
f 404 403 392
f 1054 1331 750
f 1644 1645 1643
f 932 1265 1082
f 1067 1333 1334
f 1540 1539 264
f 597 1335 643
f 471 761 762
f 1642 696 3831
f 1644 1642 3842
f 923 946 950
f 96 549 548
f 520 531 522
f 445 444 443
f 849 839 848
f 480 759 755
f 1646 760 481
f 311 426 1567
f 464 463 3497
f 3497 1360 1361
f 234 237 236
f 190 193 192
f 153 154 152
f 231 287 286
f 1552 1553 1551
f 760 1646 1648
f 3832 1647 1649
f 828 827 826
f 52 167 166
f 1663 1662 1661
f 287 107 115
f 668 671 670
f 634 645 640
f 553 560 559
f 118 36 33
f 492 484 491
f 3552 1652 1651
f 582 589 584
f 384 395 392
f 1381 1382 1383
f 1562 1561 435
f 952 953 951
f 3529 3566 583
f 1660 1661 1667
f 1394 1395 1396
f 1660 1665 1664
f 1671 1670 1669
f 1624 1625 1673
f 1407 1408 1409
f 1677 1676 1675
f 1613 1679 1677
f 1679 1678 1676
f 1626 1681 3811
f 534 199 198
f 803 733 734
f 400 248 191
f 65 66 143
f 3526 1657 1656
f 402 159 157
f 629 628 627
f 461 477 49
f 758 757 495
f 796 787 786
f 406 407 1513
f 342 343 166
f 1694 1659 1658
f 1692 1687 1694
f 3557 1693 1652
f 3921 1704 1703
f 326 547 302
f 3916 3921 1702
f 3919 3918 1698
f 1699 1691 3927
f 1557 406 1560
f 1127 1116 1117
f 400 401 289
f 1706 1702 1707
f 1707 1702 1599
f 1709 1706 1708
f 1714 1712 1711
f 3919 3915 1709
f 1704 1711 1577
f 1716 1714 1713
f 1559 1562 1549
f 1722 1721 1720
f 1335 597 596
f 410 411 377
f 973 1170 1163
f 168 169 399
f 1571 682 1089
f 1572 681 682
f 749 646 647
f 1730 1724 1723
f 1594 1582 1729
f 1729 1723 1591
f 1384 1378 1377
f 1732 1731 1712
f 1724 1730 1731
f 1722 1724 1732
f 1721 1722 1733
f 1734 1733 1716
f 1735 1737 1736
f 1733 1732 1714
f 1663 1664 1741
f 1742 1665 1740
f 1738 1739 1737
f 1665 1660 1666
f 1665 1742 1744
f 1725 1726 1746
f 1591 1725 1745
f 1590 1745 1747
f 1745 1746 1748
f 1659 1688 3538
f 3287 1760 3545
f 1185 1177 1182
f 1664 1744 1749
f 1741 1749 1739
f 1746 1742 1743
f 1726 1744 1742
f 1115 924 1153
f 1654 3546 3575
f 1896 3562 3549
f 1720 1749 1744
f 1721 1739 1749
f 1750 1718 1701
f 1697 1736 1750
f 1151 1152 1063
f 1751 1752 1670
f 1695 1658 1752
f 961 962 986
f 1770 1769 1768
f 1766 1594 1593
f 1731 1759 1579
f 1579 1777 1774
f 3928 1772 1771
f 1764 1772 3928
f 1777 1776 1775
f 3762 3763 1699
f 1004 1127 1128
f 1774 1775 1771
f 987 1400 1399
f 1578 1774 1772
f 1783 1782 1781
f 1597 1598 1770
f 639 1878 3895
f 3928 3929 1769
f 1793 1792 1789
f 3929 3920 1798
f 3508 3516 3773
f 1802 1867 3924
f 1788 1790 1794
f 1793 1794 1795
f 3773 3772 1675
f 1584 1581 1783
f 1771 1797 3920
f 1801 1799 1798
f 1768 1769 1798
f 1775 1796 1797
f 508 514 515
f 1796 1803 1802
f 1800 1798 3920
f 1794 1805 1804
f 3532 1670 1752
f 485 1808 1807
f 3809 3844 1640
f 3837 3844 1810
f 485 482 1640
f 1690 1691 3770
f 487 488 1648
f 3839 1813 1816
f 3838 1811 1648
f 3839 1812 1811
f 1812 1809 487
f 1641 1809 767
f 465 466 755
f 767 1815 3823
f 3822 1816 3826
f 1809 1812 1815
f 3837 1653 1651
f 675 672 3541
f 1814 1649 1822
f 1821 1822 3821
f 1824 1822 1649
f 1827 1849 1850
f 1668 1669 1662
f 1779 1780 1848
f 1790 1827 1805
f 1833 1836 1853
f 3521 3506 693
f 1614 1615 1616
f 1852 1853 3498
f 1620 1621 1622
f 1855 1765 1574
f 1847 1852 3501
f 1766 1765 1855
f 1629 1630 1631
f 1633 1622 1634
f 1635 1636 1637
f 1848 1833 1852
f 1855 1861 1863
f 1803 1866 1867
f 1862 1863 1831
f 1782 1855 1862
f 3922 3924 1865
f 1873 1872 1870
f 1874 1869 799
f 2045 3878 3897
f 1219 1345 1295
f 1615 1614 1396
f 3884 3895 1877
f 645 3898 3786
f 1345 1219 1035
f 634 639 3884
f 15 1887 1327
f 3910 3895 1878
f 1894 604 605
f 3506 3551 627
f 3560 640 645
f 340 341 454
f 1897 194 195
f 1889 1882 1877
f 1901 94 129
f 196 749 754
f 1705 1704 3921
f 340 378 166
f 1570 1480 563
f 1904 1494 194
f 1781 1862 1832
f 1905 549 55
f 1000 994 995
f 986 919 920
f 1191 1185 1190
f 2094 2077 2075
f 1920 1921 1919
f 453 454 1912
f 1915 1919 1918
f 3882 2112 2106
f 1655 3575 3531
f 1916 1918 1926
f 704 3554 3561
f 278 1916 1925
f 3565 3564 1818
f 1097 949 1115
f 1927 1928 727
f 3578 3579 3654
f 1920 310 307
f 1929 307 48
f 503 504 1497
f 1902 1903 787
f 1816 1821 3820
f 1925 1926 1923
f 1535 1569 1568
f 254 252 258
f 1509 1497 366
f 119 86 35
f 219 288 293
f 141 46 47
f 542 205 244
f 1940 552 430
f 1779 1828 1827
f 1701 1710 3915
f 1661 3550 3515
f 270 53 754
f 197 1947 749
f 1727 1728 1212
f 53 54 232
f 1465 1468 1479
f 1284 3862 3854
f 1951 446 412
f 168 398 1554
f 1486 1485 206
f 506 77 78
f 994 1001 1007
f 951 953 963
f 1013 3859 3861
f 3826 3820 1820
f 1498 1909 1954
f 299 298 543
f 1754 1755 1756
f 1681 469 1683
f 1696 1694 1695
f 13 14 738
f 473 476 475
f 482 1641 768
f 204 62 30
f 1761 1762 820
f 611 1763 1125
f 1501 1503 1908
f 1074 1073 711
f 1960 1944 82
f 120 1956 1960
f 35 86 87
f 1773 1199 1025
f 1965 1545 1569
f 494 761 471
f 1966 1967 1969
f 446 1951 1971
f 174 368 125
f 1580 1579 1578
f 1785 1786 1787
f 1972 1546 304
f 1254 876 875
f 1973 341 342
f 321 1912 1973
f 1910 277 275
f 509 1973 514
f 1486 1507 1527
f 1974 1874 804
f 1977 1976 1974
f 1980 448 1966
f 379 1 2
f 1718 1715 1710
f 884 995 992
f 1680 1684 1678
f 902 990 525
f 344 255 256
f 135 138 137
f 448 446 1967
f 589 605 604
f 910 909 908
f 1981 1966 1968
f 1982 1981 1987
f 1988 1979 1987
f 1990 1988 1989
f 1991 1989 1993
f 322 321 320
f 992 828 830
f 1144 1076 1086
f 1995 1977 1978
f 1133 1129 1118
f 1997 1995 1994
f 870 1823 1335
f 805 806 1982
f 727 184 2000
f 1996 1994 1988
f 1994 1978 1979
f 1829 616 792
f 1830 1073 941
f 798 803 800
f 729 732 731
f 2011 2012 2023
f 1834 1835 846
f 402 283 284
f 2022 2023 2024
f 1838 718 989
f 810 955 952
f 1823 1839 1840
f 1430 1426 1432
f 1215 844 1841
f 1316 1208 873
f 2112 1401 1384
f 1842 1843 1844
f 1159 846 845
f 837 27 1846
f 1971 1951 2030
f 517 369 370
f 1471 2026 2027
f 3551 3525 626
f 2174 2175 770
f 935 934 1854
f 1613 1619 1611
f 1231 1228 1225
f 1856 1857 891
f 1300 1309 748
f 1150 1149 1858
f 1643 606 696
f 1215 1265 1264
f 1320 1860 902
f 1956 1943 1944
f 2031 668 669
f 2034 1325 1310
f 1879 1880 1656
f 40 245 242
f 1992 1993 2039
f 888 958 957
f 1882 1889 1996
f 1078 1138 1255
f 1871 912 1192
f 294 411 218
f 1323 2041 2026
f 123 1960 83
f 1324 2036 2041
f 384 358 359
f 1324 1325 2038
f 1883 1884 1885
f 287 1540 114
f 1096 1886 1134
f 915 1329 931
f 806 1980 1981
f 3533 3529 584
f 1425 2030 2042
f 1018 2042 1948
f 3562 1896 740
f 1948 2042 649
f 1881 1882 1990
f 1900 129 130
f 992 995 994
f 923 927 925
f 3878 2045 2047
f 1643 2048 625
f 2050 2052 2051
f 2045 1405 1404
f 3876 2047 945
f 1139 1080 1079
f 1037 1856 892
f 2055 2053 2057
f 1198 989 718
f 1619 2058 1612
f 2058 1605 1606
f 2059 2060 1607
f 2058 1619 1624
f 71 72 179
f 405 406 1557
f 322 1548 1972
f 2061 2052 2063
f 2066 2065 2067
f 2052 2061 2064
f 1609 1610 2066
f 1515 151 152
f 1009 827 993
f 1644 3843 3815
f 279 1915 1916
f 1285 3863 3862
f 1647 2066 1825
f 2056 2057 2067
f 319 320 1953
f 667 666 1913
f 2070 631 625
f 2052 2050 2055
f 2038 1654 1655
f 1606 1601 2073
f 1235 1917 1270
f 2072 2073 2075
f 2059 1606 2072
f 2074 2075 2077
f 1601 1602 2078
f 2049 2048 1643
f 1000 1004 1001
f 1089 943 684
f 1931 1286 1306
f 1462 1459 1021
f 1932 1933 1934
f 875 874 1846
f 1936 1051 1937
f 44 45 46
f 1534 1955 1956
f 1541 318 317
f 2081 2082 2084
f 146 1945 1959
f 1360 1941 1942
f 985 984 1032
f 1995 1997 1892
f 2079 2080 2082
f 2095 2096 2076
f 2081 2093 2078
f 2055 2050 2054
f 501 2096 2095
f 2097 2100 2099
f 2098 2099 2094
f 2140 2141 3893
f 2141 2046 3894
f 2051 2070 2048
f 592 2102 2101
f 2071 2064 2076
f 2102 2097 2098
f 593 2103 2102
f 1019 1895 746
f 1950 11 12
f 725 2071 2096
f 1385 2105 2104
f 1379 2104 2106
f 2107 2108 2100
f 3908 726 502
f 3896 502 499
f 940 1389 2109
f 928 929 1170
f 3868 590 684
f 1962 1963 1964
f 3878 680 573
f 2039 1993 1968
f 1389 1390 2110
f 1398 2111 2113
f 3757 3755 3753
f 3911 3883 2107
f 949 923 924
f 260 241 324
f 1390 1397 2113
f 2070 2051 2064
f 3867 3911 2103
f 2105 1385 1421
f 2114 1421 1423
f 3892 2114 2115
f 3908 2105 2114
f 554 2116 1902
f 972 1163 967
f 1765 1593 1573
f 1984 1985 1986
f 2053 2117 2069
f 3573 3556 724
f 1625 1677 1674
f 3881 3888 2119
f 3903 2115 2123
f 56 1954 1906
f 626 3877 3879
f 2001 2002 2003
f 3912 3841 2127
f 2006 2007 2008
f 2127 1413 1412
f 2014 2015 2016
f 2018 2019 2020
f 1495 1424 1947
f 1379 1377 1386
f 3814 3811 1680
f 2029 1885 1884
f 3902 2128 2120
f 629 3879 3914
f 682 683 943
f 724 1650 2121
f 1757 1819 3821
f 765 1810 3844
f 3851 714 715
f 706 707 3870
f 981 986 987
f 1457 1868 1656
f 2017 2016 2032
f 1458 1655 1868
f 1776 1777 1792
f 1959 1945 1946
f 3663 3715 3725
f 3913 3881 2122
f 1093 1089 689
f 966 965 968
f 3852 715 3881
f 2172 3577 2170
f 670 2138 2137
f 3761 787 1903
f 1429 19 28
f 964 963 978
f 3841 3813 1413
f 1473 1474 669
f 3834 3833 1359
f 2138 798 1870
f 1872 1473 2137
f 715 716 3888
f 1881 1991 1992
f 3843 3842 739
f 1837 1847 3513
f 253 58 59
f 1808 3837 3840
f 1647 3832 3818
f 3865 3866 671
f 2112 3882 3883
f 1405 2045 2044
f 3829 3824 1364
f 273 1541 391
f 576 632 3520
f 3875 3865 668
f 1430 1431 2140
f 2136 3850 3860
f 1430 2139 18
f 3893 3894 570
f 1442 1439 2046
f 1431 1442 2141
f 3869 3913 3850
f 3808 3823 1817
f 3866 3893 695
f 2142 2025 798
f 571 2143 2142
f 3819 3814 1618
f 2143 2022 2025
f 694 2142 2138
f 681 1572 2144
f 2144 2011 2022
f 328 210 457
f 1572 2010 2011
f 630 3892 3903
f 2085 2086 2087
f 2090 2091 2092
f 572 2144 2143
f 1875 1976 2153
f 1873 1875 2149
f 2103 2107 2097
f 2157 2043 2155
f 2128 1412 1414
f 3874 3871 589
f 3872 3870 628
f 2149 2153 2158
f 2159 2158 3905
f 698 3907 3902
f 3823 3847 3827
f 2158 2156 3874
f 1438 2044 2046
f 2035 2154 2160
f 2161 2160 3889
f 3871 3891 605
f 3873 17 18
f 370 29 61
f 649 1951 413
f 2153 2157 2156
f 1428 1429 1449
f 1490 76 73
f 3890 3905 710
f 2155 1891 3891
f 1456 1457 1880
f 2125 2088 2087
f 2160 2159 3890
f 300 1959 505
f 1064 1062 1046
f 2043 1892 1891
f 2129 2130 2004
f 2131 2132 2133
f 3848 3849 1450
f 1998 1975 804
f 3879 673 3864
f 474 492 490
f 1164 1165 1182
f 707 2162 3909
f 708 1472 2162
f 2162 2161 3886
f 548 549 1905
f 1145 1136 1114
f 705 2121 1650
f 2043 2157 1977
f 737 738 554
f 1034 1195 1191
f 458 1905 1907
f 195 196 232
f 2040 2039 1969
f 2145 2146 2147
f 2054 2050 2049
f 3832 1646 1639
f 9 12 11
f 252 364 506
f 472 478 479
f 1865 3924 3791
f 900 903 910
f 1941 2150 2151
f 1921 1928 1927
f 2163 1897 1898
f 271 156 153
f 1904 1326 12
f 282 263 264
f 1872 1873 2154
f 1326 1904 1897
f 628 692 693
f 1724 1722 1719
f 1549 1562 436
f 1582 1583 1730
f 1921 1920 1929
f 3563 3511 10
f 2152 2037 1950
f 475 772 774
f 769 2172 2171
f 2171 2165 476
f 476 773 772
f 1791 565 464
f 2166 2167 2168
f 595 371 372
f 483 1809 1641
f 762 2174 2173
f 771 483 484
f 486 487 1809
f 297 1549 1517
f 763 2175 2174
f 776 755 759
f 184 185 2176
f 412 447 303
f 2005 2176 185
f 3811 1681 1682
f 2164 2170 756
f 1472 2035 2161
f 950 951 964
f 2177 2178 2179
f 227 226 1510
f 2182 2183 2184
f 2186 2019 2018
f 1985 2182 2181
f 214 736 729
f 865 849 842
f 849 865 1357
f 559 3187 3188
f 16 13 737
f 560 553 498
f 3193 3196 3195
f 3200 3197 3198
f 3211 3214 3213
f 3215 3218 3217
f 2187 2188 2002
f 2169 2168 2189
f 2192 2086 2085
f 2193 2194 2195
f 2198 2199 2200
f 1998 1982 1979
f 3664 3665 3668
f 2116 1898 1903
f 1859 2006 2009
f 3904 2123 2126
f 1135 1148 1087
f 2201 2202 2015
f 1149 111 110
f 3221 3222 3218
f 2203 2204 2205
f 579 580 1895
f 1755 2207 2208
f 3891 3910 1893
f 1211 2151 2150
f 868 997 2210
f 944 945 930
f 2130 2129 2202
f 233 1903 1898
f 665 751 750
f 1167 1254 999
f 2211 2212 2213
f 2215 2216 2217
f 3867 593 590
f 2220 221 220
f 823 824 948
f 3225 3220 3227
f 266 204 455
f 3882 2108 2107
f 2221 2222 3519
f 2223 2224 2225
f 2207 2125 2124
f 673 674 3869
f 817 1000 996
f 2227 2228 2146
f 1947 1948 646
f 3900 2135 17
f 2229 1635 1638
f 1679 1613 1618
f 1637 2231 2232
f 2233 2234 1617
f 2231 2235 2236
f 1381 1638 2238
f 3586 2241 2242
f 1630 2234 2233
f 1681 1626 472
f 1408 1407 2243
f 3236 3239 3238
f 3232 3241 3240
f 1637 2230 2238
f 3237 3238 3233
f 1409 1408 1634
f 1380 1383 2247
f 1628 2248 2245
f 2249 1623 1622
f 1632 1634 1408
f 2248 1628 1631
f 2235 2231 1637
f 3245 3246 3199
f 631 2070 2071
f 515 167 52
f 782 781 2251
f 2253 2254 2255
f 397 281 459
f 1456 2039 2040
f 2040 2041 2036
f 1401 2112 2111
f 2041 2040 1970
f 1535 121 414
f 1586 1587 2080
f 2256 983 1132
f 1700 1699 3918
f 3815 1896 1686
f 1263 2256 1886
f 598 1841 844
f 2257 2258 2259
f 2258 2261 2262
f 2259 2262 2263
f 2260 2259 2216
f 1967 1971 1970
f 2212 1964 1963
f 922 921 2218
f 1312 1098 1101
f 1307 1306 1286
f 1548 1569 1546
f 2266 2267 2268
f 2265 2268 2270
f 2272 2265 2269
f 2273 2266 2265
f 2275 2276 2277
f 2278 2274 2277
f 2284 2285 3617
f 2287 2283 2286
f 2288 2289 2283
f 2290 2284 3639
f 2291 2292 2293
f 2295 2291 2294
f 2296 2297 2291
f 2297 2298 2292
f 2294 2293 2299
f 2279 2294 2300
f 2298 2301 2302
f 2292 2302 2303
f 2293 2303 2304
f 2304 2305 2306
f 2308 2309 2310
f 2302 2307 2310
f 2301 2311 2307
f 2312 2308 2307
f 2313 2314 2315
f 2318 2319 2320
f 3748 3771 2322
f 2324 2325 2273
f 2313 2324 2326
f 2328 2324 2313
f 2329 2325 2324
f 2331 2332 2333
f 2330 2333 2267
f 2325 2330 2266
f 2329 2331 2330
f 2333 2334 2335
f 2336 2334 2333
f 2338 2336 2332
f 2331 2339 2337
f 2329 2340 2339
f 2328 2341 2340
f 2316 2342 2341
f 2342 2316 2315
f 2344 2345 2346
f 2341 2344 2347
f 2342 2348 2344
f 2348 2349 2345
f 2350 2351 2352
f 2339 2350 2353
f 2340 2347 2350
f 2347 2346 2351
f 2337 2353 2354
f 2353 2352 2355
f 2356 2277 2276
f 2356 2357 2358
f 2356 2359 2296
f 2279 2277 2356
f 2360 2361 2270
f 2267 2335 2360
f 2362 2363 2364
f 2362 2365 2361
f 2366 2362 2358
f 2366 2367 2363
f 2357 2276 2368
f 2366 2368 2369
f 2276 2275 2370
f 2368 2370 2282
f 2372 2373 2374
f 2375 2376 2377
f 2378 2379 2380
f 2382 2378 2381
f 2384 2385 2378
f 2385 2386 2379
f 2388 2389 2390
f 2387 2390 2392
f 2393 2394 2387
f 2394 2395 2388
f 2186 2401 2402
f 2403 2404 2327
f 2272 2403 2326
f 2271 2405 2403
f 2405 2406 2404
f 2404 2407 2408
f 2409 2410 2411
f 2409 2412 2271
f 2413 2409 2269
f 2413 2414 2410
f 2417 2415 2416
f 2417 2418 2406
f 2412 2417 2405
f 2411 2415 2417
f 2406 2419 2407
f 3569 3520 632
f 2420 2398 2397
f 2420 2421 2423
f 2424 2420 2422
f 2424 2399 2398
f 2425 2391 2392
f 2421 2425 2426
f 2397 2396 2425
f 2396 2393 2391
f 2427 2314 2408
f 2430 2427 2428
f 2343 2315 2427
f 2432 2343 2430
f 2431 2430 2429
f 2435 2431 2433
f 2436 2432 2431
f 2428 2408 2407
f 2422 2437 2407
f 2438 2437 2422
f 2429 2428 2437
f 2440 2434 2433
f 2441 2439 2433
f 2442 2443 2439
f 2443 2444 2440
f 2445 2446 2444
f 2447 2445 2443
f 2383 2381 2445
f 2381 2380 2446
f 2448 2438 2423
f 2449 2448 2426
f 2441 2448 2449
f 2441 2429 2438
f 2449 2392 2390
f 2450 2390 2389
f 2447 2450 2451
f 2442 2449 2450
f 2451 2389 2453
f 2452 2453 2455
f 2382 2452 2454
f 2383 2451 2452
f 2456 2457 2373
f 2459 2460 2461
f 2463 2464 2465
f 2462 2465 2285
f 2466 2462 2284
f 2467 2463 2462
f 2461 2460 3703
f 2468 2469 2470
f 2472 2468 2471
f 2474 2461 3701
f 2475 2476 2477
f 2458 2455 2453
f 2479 2453 2389
f 2395 2480 2479
f 2480 2459 2458
f 2481 2482 2483
f 2484 113 2485
f 2471 2470 2464
f 2473 2471 2463
f 2487 2467 2466
f 2486 2466 2290
f 2490 2486 2488
f 2491 2487 2486
f 2492 2473 2467
f 2493 2492 2487
f 2494 2495 2492
f 2495 2472 2473
f 3690 2496 2474
f 3691 2497 2496
f 2498 2494 2493
f 2500 2498 2499
f 3700 3687 2498
f 3687 3691 2494
f 2306 2504 2278
f 2305 2505 2504
f 2504 2505 2507
f 2506 2507 2288
f 2274 2506 2508
f 2278 2504 2506
f 3633 3632 2489
f 3620 3633 2488
f 2507 2509 2289
f 2505 2510 2509
f 2508 2288 2287
f 2511 2287 2281
f 2370 2511 2280
f 2275 2508 2511
f 2512 2490 2489
f 2514 2512 2513
f 2517 2512 2514
f 2517 2491 2490
f 2499 2493 2491
f 2499 2517 2516
f 2510 2505 2519
f 2518 2519 2521
f 3616 2518 2520
f 3632 2510 2518
f 2522 2304 2303
f 2523 2522 2310
f 2305 2304 2522
f 2524 2522 2523
f 2519 2524 2525
f 2505 2305 2524
f 2308 2312 2527
f 2526 2527 2529
f 2531 2526 2528
f 2309 2308 2526
f 1214 2532 2151
f 2419 2406 2418
f 2533 2345 2349
f 2534 2533 2317
f 2535 2536 2533
f 2536 2346 2345
f 2537 2351 2346
f 2538 2537 2536
f 2539 2540 2537
f 2540 2352 2351
f 2312 2355 2541
f 2527 2541 2542
f 2543 2435 2434
f 2545 2543 2544
f 2319 2318 2543
f 2318 2436 2435
f 2514 2515 2548
f 2547 2548 2550
f 2552 2547 2549
f 2552 2516 2514
f 2520 2521 2554
f 2553 2554 2556
f 3590 2553 2555
f 3621 2520 2553
f 2523 2309 2531
f 2557 2531 2530
f 2525 2523 2557
f 2559 2557 2558
f 2554 2559 2560
f 2521 2525 2559
f 2561 2375 2007
f 2376 2562 2225
f 2564 2565 2566
f 2563 2566 338
f 2569 2563 2567
f 2570 2564 2563
f 2572 2573 2574
f 2571 2574 2576
f 2544 2571 2575
f 2544 2434 2572
f 2578 2570 2569
f 2579 2577 2569
f 2574 2577 2579
f 2573 2578 2577
f 2581 2582 2583
f 2584 2580 2583
f 3697 3675 2580
f 3676 2581 2580
f 2582 2516 2552
f 2583 2552 2551
f 2500 2501 2589
f 2590 2588 2589
f 3693 3695 2588
f 3695 3700 2500
f 2501 2516 2591
f 2592 2593 2594
f 2386 2385 2503
f 2596 2379 2386
f 2596 2374 2373
f 2599 2596 2597
f 2599 2380 2379
f 2600 2446 2380
f 2600 2599 2598
f 2603 2600 2601
f 2603 2444 2446
f 2604 2603 2602
f 2440 2604 2605
f 2444 2603 2604
f 2606 2582 2581
f 2606 2607 2590
f 2591 2516 2582
f 3676 2587 2456
f 3689 2456 2372
f 2478 2477 2608
f 2609 2610 2611
f 2564 2570 2613
f 2612 2613 2598
f 2457 2612 2597
f 2565 2564 2612
f 2614 2613 2570
f 2615 2614 2578
f 2602 2601 2614
f 2601 2598 2613
f 2572 2434 2605
f 2616 2605 2602
f 2573 2572 2616
f 1459 1016 1045
f 1265 1215 1079
f 1612 1608 1609
f 2067 2057 2069
f 1135 1109 1136
f 1938 1937 2618
f 95 548 458
f 2058 1607 1608
f 1454 1469 1445
f 655 2620 1048
f 722 1049 2621
f 1131 985 1033
f 562 1481 366
f 1723 1719 1725
f 1786 1123 1122
f 267 300 323
f 1325 2034 1654
f 1468 1165 1435
f 658 657 529
f 8 532 247
f 382 1557 1559
f 788 619 1307
f 940 930 929
f 911 2622 2623
f 2621 2620 655
f 2624 1857 2625
f 998 1846 27
f 635 638 2626
f 2627 641 644
f 2628 2627 1840
f 1200 1199 2627
f 1199 1773 641
f 1520 515 49
f 1452 1350 1349
f 2630 2631 1859
f 644 643 1335
f 1197 1198 717
f 2632 717 719
f 2628 2632 1166
f 2629 1197 2632
f 1762 2633 1050
f 1823 870 873
f 2634 2635 794
f 1042 794 2635
f 93 94 1901
f 2036 2038 1458
f 1527 332 1525
f 877 876 1274
f 134 409 797
f 1328 893 931
f 607 777 1091
f 1043 2635 2637
f 2636 2637 2639
f 1275 2636 2638
f 1275 1040 1043
f 1272 2624 2626
f 2640 2626 638
f 1110 2641 2640
f 536 1272 2640
f 1472 708 1474
f 2042 2030 1951
f 1058 1106 1105
f 2642 2623 2643
f 1192 2642 2644
f 912 2623 2642
f 3898 1657 3526
f 1049 1048 2620
f 616 1829 1885
f 1331 1913 666
f 990 989 1198
f 1911 1912 321
f 1298 1282 1205
f 76 1490 1504
f 1502 1500 421
f 610 609 658
f 1146 937 659
f 2646 911 914
f 1280 1239 1238
f 1453 1454 1452
f 835 942 1843
f 1271 1270 1173
f 1893 1878 1826
f 1050 2633 1937
f 2651 2652 814
f 1006 1053 1281
f 2653 1084 2654
f 1001 1004 1003
f 585 997 679
f 2624 1272 621
f 555 678 2028
f 1207 526 1197
f 1626 1627 478
f 426 389 419
f 1030 1193 1773
f 3898 645 634
f 534 1533 138
f 1125 1092 1042
f 333 228 88
f 569 1570 561
f 1489 2656 871
f 1857 2624 620
f 1673 1674 3770
f 622 861 864
f 619 788 891
f 261 544 545
f 393 1555 1556
f 2658 2659 2647
f 1075 2658 2657
f 1081 1080 2658
f 1080 1139 2659
f 2644 2643 1141
f 2660 1141 1140
f 642 2660 1336
f 1193 2644 2660
f 679 678 555
f 1503 1501 1500
f 1318 1317 1101
f 2661 2659 1139
f 2661 1142 2663
f 2662 2647 2659
f 2662 2663 2622
f 2664 2622 911
f 2648 2664 2646
f 2648 2647 2662
f 2083 2094 2093
f 1442 1440 1437
f 519 329 330
f 1885 2029 1209
f 799 800 805
f 1946 1943 1952
f 1302 1301 1253
f 566 2005 224
f 1389 940 928
f 683 682 681
f 836 835 1842
f 2665 1842 1845
f 2666 2665 1303
f 24 836 2665
f 831 1072 2650
f 1845 1844 1304
f 2010 2013 2012
f 1051 1936 2667
f 1522 1521 1511
f 531 440 441
f 1250 635 2625
f 2669 2625 1857
f 783 2669 1856
f 782 1250 2669
f 720 2670 2671
f 1055 1931 1930
f 1333 1067 1251
f 619 622 1308
f 652 655 2619
f 521 522 1539
f 1838 988 537
f 2672 537 536
f 1113 2672 2641
f 1113 527 1838
f 1016 1013 1351
f 3897 573 570
f 226 227 104
f 3564 3669 3827
f 1036 1037 1884
f 2674 1301 1304
f 2673 1304 1844
f 1334 2673 2675
f 1333 2674 2673
f 2676 702 1039
f 1843 2676 2675
f 942 1074 2676
f 1074 699 702
f 752 1057 1055
f 1200 1166 656
f 1120 1846 874
f 2677 874 877
f 1241 2677 1052
f 1119 1120 2677
f 1560 1513 151
f 1208 1316 611
f 215 735 736
f 1460 1459 1462
f 1208 1207 1839
f 854 856 1282
f 72 445 182
f 544 1563 1565
f 217 200 456
f 2047 1404 930
f 1204 2618 1937
f 913 777 686
f 840 527 1113
f 1531 729 730
f 2678 778 1283
f 601 667 1914
f 1537 1538 459
f 1819 1757 3509
f 991 1860 862
f 2679 711 1073
f 2680 1830 983
f 779 2680 2256
f 778 2678 2680
f 2678 2679 1830
f 180 542 245
f 1886 1132 1131
f 1138 1137 1274
f 1841 598 1140
f 75 313 314
f 193 423 420
f 2681 2682 1099
f 170 1567 1565
f 349 416 417
f 1121 1124 2684
f 547 797 409
f 123 122 121
f 2643 2663 1142
f 1542 1544 513
f 899 900 907
f 1210 677 676
f 791 663 982
f 24 27 837
f 893 896 932
f 1860 1320 863
f 535 538 862
f 1569 1548 1547
f 181 455 542
f 660 659 937
f 2013 567 568
f 887 890 2631
f 1524 1508 361
f 520 161 162
f 2653 855 854
f 1238 1237 2655
f 718 1838 527
f 1492 1493 518
f 792 616 615
f 599 846 1835
f 290 457 456
f 312 171 1552
f 1248 2687 1179
f 153 149 177
f 1240 1181 1222
f 1257 1292 1235
f 1291 1084 1083
f 1052 877 1277
f 743 742 2618
f 444 140 430
f 23 1224 1172
f 2687 2654 1180
f 102 103 409
f 1283 607 610
f 373 497 650
f 1180 2654 1084
f 855 2653 2655
f 1173 1270 1917
f 2689 850 853
f 2688 853 1108
f 2686 2688 1279
f 2687 2689 2688
f 2691 1302 1252
f 2690 1252 850
f 1248 2690 2689
f 1248 1247 2691
f 2692 617 24
f 2691 2692 2666
f 1247 1258 2692
f 1258 1168 617
f 394 1554 1555
f 2693 1260 1259
f 1072 1236 1262
f 1257 1071 1168
f 398 439 1555
f 871 1784 1314
f 1178 1232 1249
f 1224 1289 1173
f 1010 2617 2618
f 1175 1174 1292
f 2654 2687 2686
f 2694 1157 1216
f 71 418 1487
f 701 1112 1111
f 1072 1261 2649
f 1085 2695 22
f 895 2694 1264
f 1601 1606 1605
f 1259 1262 1271
f 21 20 1220
f 988 991 538
f 598 597 1336
f 1050 860 818
f 1298 2645 1761
f 1168 1167 618
f 858 1168 1256
f 39 242 516
f 2652 1761 819
f 313 316 315
f 2026 1970 1971
f 2656 1489 596
f 814 819 818
f 2696 2651 813
f 1260 2696 2649
f 2693 2697 2696
f 2697 1296 2651
f 381 355 390
f 3818 3819 1611
f 1475 1427 1428
f 1292 1174 1917
f 1551 353 354
f 1526 1525 1523
f 1593 1589 1595
f 1232 1269 1246
f 2695 2693 1223
f 2698 1297 1296
f 2698 2697 2693
f 2685 2698 2695
f 2685 854 1297
f 562 1497 271
f 2652 2651 1296
f 1365 1366 1364
f 1958 1946 1953
f 585 588 2210
f 1561 1560 1515
f 975 2648 1146
f 347 67 68
f 1038 1111 636
f 2700 781 780
f 2699 780 1036
f 2701 2699 1883
f 851 2700 2699
f 2674 1333 2251
f 2702 2251 781
f 1253 2702 2700
f 1301 2674 2702
f 1519 387 388
f 1273 1239 1280
f 2703 1280 1107
f 2701 2703 852
f 1829 1273 2703
f 91 260 326
f 1784 871 2656
f 2683 2684 2705
f 604 1894 3499
f 1669 3534 3548
f 2062 2063 2060
f 621 535 861
f 2023 731 732
f 686 779 1263
f 857 1051 2668
f 883 830 882
f 637 636 1111
f 2668 894 893
f 2667 921 894
f 1039 1038 1068
f 313 75 1504
f 1911 1972 305
f 1936 2706 1964
f 2707 2402 2401
f 2708 2707 2183
f 738 2163 2116
f 2349 2348 2432
f 2711 2712 2020
f 2400 2711 2019
f 2714 2715 2716
f 2717 2718 2719
f 2721 2722 2723
f 2726 2727 2728
f 2725 2728 2730
f 2731 2725 2729
f 2732 2726 2725
f 2734 2735 2736
f 2738 2739 2740
f 2737 2740 2741
f 2744 2745 2746
f 2745 2744 2748
f 2749 2750 2747
f 2753 2749 2751
f 2250 1380 2246
f 2754 1396 1614
f 3598 2754 2755
f 3608 2745 2747
f 1617 2756 2755
f 2242 2758 1620
f 2191 2085 2760
f 2761 2759 2760
f 3648 2759 2761
f 3623 2191 2759
f 3209 3248 3223
f 1395 1394 2236
f 1395 2235 1636
f 1616 1635 2229
f 1617 2234 2763
f 2756 2763 3628
f 2765 2763 2234
f 2766 2764 3628
f 3202 3199 3246
f 1516 437 435
f 2768 2769 3552
f 1495 541 578
f 2135 2136 28
f 3526 3540 2773
f 1690 1689 3926
f 2778 2779 2780
f 2777 2780 2781
f 2784 2778 2777
f 3555 3521 575
f 1494 1904 9
f 3529 2016 2015
f 451 61 505
f 2786 2787 2788
f 2779 2786 2785
f 2789 2752 2741
f 2790 2753 2752
f 2792 2793 2794
f 2793 2795 2796
f 2796 2797 2750
f 2794 2796 2749
f 2798 1393 1396
f 3591 2798 2754
f 2798 2799 2800
f 3591 3662 2799
f 2797 2796 2795
f 2791 2794 2753
f 216 233 232
f 3804 2806 2807
f 3805 2809 2804
f 2769 2810 3557
f 183 185 184
f 2811 2812 2775
f 2804 2811 2776
f 2809 2813 2811
f 2812 2811 2813
f 3805 2808 2816
f 3796 2818 2815
f 3798 3800 2820
f 3793 2823 2819
f 2824 2736 2735
f 2823 2825 2824
f 2825 2823 2826
f 3793 2822 2827
f 3796 2817 2826
f 2713 2716 2829
f 2828 2829 2831
f 2822 2821 2828
f 2821 2820 2713
f 2832 2827 2822
f 2833 2832 2830
f 2834 2835 2832
f 2835 2818 2827
f 2837 2838 2839
f 2836 2839 2841
f 2842 2836 2840
f 2843 2837 2836
f 2840 2841 2845
f 2718 2844 2845
f 2730 2728 2844
f 2727 2840 2844
f 2846 2845 2841
f 2829 2846 2847
f 2847 2841 2839
f 2848 2839 2838
f 2833 2848 2849
f 2831 2847 2848
f 2850 2814 2851
f 2853 2850 2852
f 2783 2777 2782
f 2785 2788 2853
f 2780 2785 2856
f 2857 2858 2855
f 2859 2857 2782
f 2861 2843 2842
f 2860 2842 2727
f 2862 2860 2726
f 2863 2861 2860
f 2861 2863 2858
f 2843 2861 2857
f 2856 2853 2854
f 2781 2856 2864
f 2837 2843 2859
f 2838 2837 2864
f 2852 2851 2834
f 2854 2852 2849
f 2865 2815 2818
f 2851 2865 2835
f 2813 2809 2815
f 2814 2813 2865
f 2866 2812 2814
f 2788 2866 2850
f 2866 2788 2787
f 2812 2866 2867
f 1892 1889 1890
f 2720 2719 2846
f 298 299 256
f 2872 2714 2713
f 3794 3800 2735
f 2729 2730 2874
f 2846 2716 2715
f 2876 2877 2878
f 2733 2875 2878
f 3806 3807 2879
f 3806 2880 2872
f 2882 2883 2884
f 2881 2884 2715
f 2880 2881 2714
f 2879 2882 2881
f 2885 2886 2887
f 2888 2889 2890
f 2885 2890 2892
f 2893 2886 2885
f 1942 2151 2532
f 2895 2892 2720
f 2884 2895 2870
f 2883 2896 2895
f 2896 2891 2892
f 2889 2874 2717
f 2890 2717 2720
f 2897 2893 2891
f 2898 2897 2896
f 2899 2898 2883
f 2900 2899 2882
f 3797 2900 2879
f 2876 2902 2901
f 2901 2902 2904
f 1785 2656 1835
f 2905 2906 2899
f 2907 2908 2897
f 3797 2901 2903
f 632 576 577
f 3532 3547 2867
f 434 385 550
f 2768 2770 3640
f 2910 2911 1623
f 2241 2912 2758
f 3640 2770 2913
f 1623 2911 2757
f 3587 2242 2757
f 2229 1381 1380
f 2765 1630 1629
f 2915 2914 1629
f 3642 3641 2914
f 3641 3622 2765
f 2919 2916 3642
f 2918 2915 2912
f 3614 2918 2241
f 3618 2919 3613
f 3541 2177 2180
f 3521 2002 2188
f 3705 3573 714
f 2925 2766 2917
f 2924 2917 2916
f 3610 2924 2919
f 3611 2925 2924
f 2926 2927 2766
f 3658 2926 2925
f 1715 1713 1705
f 785 497 498
f 1387 651 565
f 374 375 1899
f 3573 2203 2206
f 2929 2930 2886
f 2932 2933 2934
f 1905 1906 1908
f 2930 2935 2936
f 2938 2935 2930
f 1493 369 517
f 1603 1585 1586
f 2939 2938 2929
f 2940 2939 2908
f 3665 1707 1600
f 2886 2930 2937
f 2906 2907 2898
f 2908 2929 2893
f 2942 2934 2933
f 2941 2933 2937
f 3501 2941 2936
f 3498 2942 2941
f 2943 2944 2710
f 2943 2873 2874
f 2945 2943 2889
f 2946 2944 2943
f 2932 2945 2888
f 2931 2946 2945
f 727 1928 1929
f 2903 2904 2947
f 545 594 42
f 1480 1570 533
f 2907 2906 2949
f 2906 2905 2950
f 1558 452 215
f 3799 2903 2948
f 2054 1645 1644
f 3705 3684 2203
f 1828 1837 1849
f 2953 2954 2955
f 2952 2955 2957
f 2956 2261 2258
f 2953 2952 2258
f 2454 2455 2474
f 3747 2958 2959
f 3747 2132 2131
f 2961 2962 2963
f 2958 2963 2964
f 222 221 2485
f 2477 2226 2966
f 2631 2561 2006
f 2384 2454 2496
f 2967 2968 2959
f 2968 2967 2970
f 3759 2033 2971
f 3784 2971 2960
f 2972 2971 2033
f 2007 2377 2973
f 3560 3559 2134
f 1836 1833 1832
f 3506 2188 2090
f 955 810 959
f 672 675 674
f 633 710 713
f 2024 732 733
f 2025 2024 803
f 425 1552 1550
f 2975 2976 888
f 1319 1158 1157
f 1212 1935 2977
f 889 957 2228
f 1978 1974 1975
f 1138 1078 1329
f 751 665 2979
f 1619 1613 1625
f 2252 2255 1728
f 1157 1160 845
f 2706 1936 1938
f 2980 2255 2254
f 2982 2975 887
f 802 712 711
f 678 677 2029
f 527 840 690
f 1839 1207 2629
f 2983 2984 602
f 2983 1914 1913
f 2985 2983 1331
f 2986 2984 2983
f 2987 2637 2635
f 2985 2988 2639
f 2990 1319 1318
f 2991 2992 2993
f 2995 2991 2994
f 1106 1058 2991
f 1058 1057 2992
f 1415 1406 1365
f 1317 922 2217
f 1932 1728 2255
f 926 2998 2999
f 3001 2993 2992
f 3000 2992 1057
f 2999 3000 2978
f 2998 3001 3000
f 3002 2998 2209
f 3002 3003 2996
f 2993 3001 3002
f 1103 1106 2995
f 3004 2995 2996
f 2209 2210 3004
f 588 1103 3004
f 295 296 433
f 2638 2639 2988
f 3005 2988 1056
f 1305 3005 1930
f 1276 2638 3005
f 1987 1968 1993
f 2633 1762 1761
f 1423 1422 1417
f 3561 3517 739
f 2671 2670 2704
f 1473 1872 2035
f 922 1317 2694
f 1401 1400 1378
f 556 2028 1884
f 842 848 3825
f 1854 2706 2617
f 933 1082 1081
f 1440 1441 1436
f 529 657 719
f 1031 1025 1027
f 777 913 912
f 2645 1205 1204
f 441 438 1538
f 790 1287 587
f 2065 2066 1610
f 1860 991 990
f 60 106 87
f 1424 1017 1948
f 332 1527 1507
f 261 262 138
f 187 188 449
f 1719 1720 1726
f 1931 1055 1059
f 3006 1059 1105
f 1287 3006 1104
f 1286 1931 3006
f 3007 3008 3009
f 3009 3008 653
f 618 999 26
f 2029 677 1210
f 957 601 600
f 1049 2146 2228
f 2631 890 3011
f 890 889 2227
f 3011 2227 2145
f 2561 3011 3012
f 1026 656 609
f 2706 1854 1961
f 3013 2965 2485
f 2148 2147 1267
f 3015 1267 1266
f 2997 2264 1101
f 642 641 1773
f 186 477 461
f 1041 1040 1320
f 1121 3016 3017
f 2984 2986 2987
f 3018 2987 2634
f 1048 603 3018
f 603 602 2984
f 2679 2678 801
f 2062 2072 2074
f 2061 2074 2076
f 414 303 1545
f 3016 1121 2683
f 3019 2683 2704
f 3020 3019 2670
f 3007 3016 3019
f 1871 1090 1091
f 3021 1787 1122
f 3022 3021 3017
f 1314 3021 3022
f 1784 1787 3021
f 1316 1315 1763
f 3023 3022 3010
f 3023 3009 795
f 1763 3023 1092
f 1315 3022 3023
f 3016 3007 3010
f 752 751 2978
f 2986 2639 2637
f 3024 654 653
f 3020 3024 3008
f 720 723 3024
f 723 2621 654
f 2681 1098 1268
f 2671 3025 1268
f 2705 2681 3025
f 1313 3026 3027
f 3026 3028 3029
f 3027 3029 3030
f 1311 3027 3031
f 2012 568 731
f 917 2657 974
f 743 1206 856
f 1888 2027 2030
f 2682 2705 2684
f 3032 2684 1124
f 1100 3032 2989
f 1099 2682 3032
f 1123 2990 2989
f 3033 1834 1159
f 2990 3033 1158
f 1123 1786 3033
f 1786 1785 1834
f 1054 1056 2988
f 2979 665 664
f 2623 2622 2663
f 1095 660 688
f 3034 3035 2261
f 3036 3034 2956
f 3037 3038 3034
f 3038 3039 3035
f 3040 3041 3026
f 2263 3042 3041
f 3042 3039 3043
f 3041 3043 3028
f 3044 3045 3043
f 3046 3047 3045
f 3047 3048 3049
f 3043 3045 3049
f 3038 3037 3051
f 3050 3051 3053
f 3052 3046 3044
f 3039 3038 3050
f 3054 3035 3039
f 3042 2263 2262
f 2261 3035 3054
f 2216 2263 2997
f 2212 2211 2667
f 3056 868 2209
f 934 3057 1961
f 2013 3755 3757
f 3058 3059 3060
f 3059 3062 3063
f 3060 3063 2213
f 3061 3060 1963
f 3063 3064 2214
f 3062 3065 3064
f 3065 2257 2260
f 3064 2260 2215
f 3066 3067 3031
f 2608 2966 3067
f 2966 2562 3068
f 3031 3067 3068
f 2455 2458 2461
f 2476 2223 2226
f 3551 2090 2089
f 3526 2774 3769
f 433 354 355
f 2115 1423 1419
f 3509 2868 2922
f 3769 3737 2131
f 3069 2611 2167
f 2971 2972 2928
f 2961 2774 2773
f 3070 2475 2478
f 2610 2609 3071
f 2502 2371 2374
f 3072 2592 2595
f 2964 3046 3052
f 3048 2593 3074
f 2593 2592 3075
f 3075 3030 3029
f 3074 3029 3028
f 3072 3076 3075
f 3076 3072 2482
f 2481 2608 3066
f 3076 3066 3030
f 2967 3052 3053
f 2482 3072 3073
f 479 480 493
f 706 3900 3873
f 3561 2194 2221
f 2013 2010 3754
f 3533 2032 2016
f 3562 3519 2222
f 1171 1154 1155
f 2586 2566 2565
f 2982 110 113
f 2562 2376 3077
f 2376 2375 3012
f 3012 2145 2148
f 3077 2148 3015
f 2963 3047 3046
f 3051 3078 2970
f 1683 2173 491
f 3850 2122 1447
f 1986 2181 3734
f 3079 3080 2546
f 3081 3079 2575
f 1983 1986 3768
f 3082 2323 2319
f 3080 3082 2545
f 3734 3732 3082
f 3732 3748 2323
f 1309 1471 1888
f 3073 2595 2772
f 2760 3083 3084
f 2760 2085 2088
f 3085 3084 3086
f 3089 3085 3090
f 3089 2762 3084
f 3092 3088 3090
f 3093 2748 2744
f 2751 2747 2748
f 3093 2741 2752
f 2742 2741 3093
f 3094 3093 2743
f 3096 3097 3098
f 3099 3096 3087
f 3097 3094 3095
f 3100 2743 2746
f 3101 2927 3102
f 2764 2766 2927
f 2745 2764 3101
f 3102 3092 3091
f 3100 3091 3095
f 2869 2802 3592
f 3102 3103 3104
f 3658 2868 2869
f 2927 2926 3103
f 3098 3095 3091
f 3087 3098 3090
f 2088 2125 3105
f 3083 3105 3086
f 2483 3073 2771
f 2401 2186 2185
f 3099 3086 3105
f 2125 2207 3106
f 3108 2737 2742
f 3107 2742 3094
f 3110 3108 3107
f 3109 3107 3097
f 3111 3109 3096
f 3112 3110 3109
f 3113 2738 2737
f 3115 2723 2722
f 3117 3115 3114
f 3119 3117 3116
f 3118 3116 3120
f 3116 3114 3113
f 3122 3112 3111
f 3122 3123 1755
f 3124 3125 3126
f 3125 3118 3121
f 3128 3119 3118
f 3129 3128 3125
f 2020 2712 3128
f 3853 3857 1346
f 1065 1046 1047
f 1814 3838 3830
f 2021 2020 3129
f 3111 3099 3106
f 3123 3106 2207
f 2377 2225 2224
f 3014 2485 113
f 1756 2208 3782
f 3131 3132 2530
f 3133 3131 2528
f 1753 1756 3767
f 3134 3124 3127
f 2327 2408 2314
f 2436 2318 2317
f 2018 2021 3711
f 2534 3136 3137
f 2320 2322 3136
f 2185 2018 3712
f 3138 3139 2542
f 3134 3135 3744
f 3785 3130 3134
f 3140 3138 2539
f 2535 3137 3140
f 3711 2021 3130
f 2558 2530 3132
f 3782 3760 3141
f 2560 2558 3141
f 3760 3777 3142
f 958 888 2976
f 1933 1932 2980
f 2399 2424 2418
f 2348 2342 2343
f 2322 2320 2319
f 2718 2717 2874
f 2709 2729 2873
f 2894 2871 1361
f 346 289 176
f 1876 1877 1882
f 2802 2803 3607
f 3104 3144 3088
f 2974 2222 3649
f 3089 3145 2761
f 3088 3144 3145
f 2803 2974 3603
f 3870 3909 692
f 2123 1419 1418
f 1365 1363 1368
f 1581 1766 1782
f 3569 2202 2129
f 3555 2003 2002
f 3146 2585 2551
f 3751 3146 3147
f 3742 3149 3146
f 3149 2584 2585
f 3196 3198 3197
f 3604 2192 2191
f 3142 3150 2556
f 3777 3778 3150
f 3646 3152 2550
f 3150 3151 2555
f 3778 3780 3151
f 3788 3781 3152
f 3153 3147 2551
f 3152 3153 2549
f 3781 3776 3153
f 3776 3750 3147
f 3148 2767 2206
f 2183 2401 2321
f 2132 2960 2928
f 3684 3685 2204
f 3719 2198 2197
f 2594 2962 2773
f 2595 2594 2951
f 1870 798 799
f 3713 2179 2178
f 3706 2178 3736
f 336 3154 3774
f 339 3155 3154
f 3789 3683 3149
f 3683 3697 2584
f 2963 2962 3048
f 3722 3730 337
f 339 338 2566
f 3156 3157 2168
f 2610 3156 2167
f 2954 2953 3156
f 3157 3156 2953
f 3707 2166 2169
f 2567 3158 3159
f 337 3158 2567
f 3730 3069 2166
f 3764 2190 1983
f 2579 3160 3081
f 2568 3159 3160
f 3709 2169 2190
f 3065 3062 3162
f 3161 3162 1984
f 3157 3161 2189
f 2257 3065 3161
f 734 735 1922
f 3059 3058 2708
f 3163 2708 2182
f 3162 3163 1985
f 3062 3059 3163
f 3203 3206 3205
f 2122 2119 1448
f 3817 1686 1685
f 139 140 444
f 1570 569 566
f 2957 3164 3165
f 2955 3166 3164
f 1912 454 341
f 3130 3129 3124
f 1548 322 319
f 1949 1950 1327
f 2969 2970 3078
f 3167 3078 3169
f 3724 2014 2017
f 3720 2017 2033
f 3168 3169 3165
f 3170 3165 3164
f 3779 3170 3171
f 3724 3168 3170
f 3171 3164 3166
f 3172 3166 3071
f 3752 3172 3173
f 3756 3171 3172
f 3169 3037 3036
f 2593 3048 2962
f 3173 3071 2609
f 3174 2609 2199
f 3783 3174 2198
f 3749 3173 3174
f 2190 2189 1984
f 2196 2195 2767
f 2119 2120 1414
f 1464 1463 1466
f 2199 2611 3069
f 2457 2456 2587
f 2226 2225 2562
f 481 478 1627
f 333 1512 235
f 3078 3051 3037
f 3040 2264 2997
f 2219 1934 1933
f 2385 2384 2497
f 221 2220 3175
f 2220 1933 3143
f 3175 3143 2976
f 2484 3175 2975
f 2954 3071 3166
f 2630 1858 110
f 1547 319 1952
f 2091 2090 2188
f 3733 3736 2178
f 1918 1919 1927
f 3563 112 111
f 955 956 960
f 2037 3014 112
f 3143 2980 2981
f 2218 2211 2214
f 672 3877 3787
f 2152 3013 3014
f 1147 1144 1143
f 2248 2246 1409
f 1615 1636 1635
f 1410 1409 2246
f 3241 3243 3242
f 1382 3176 3177
f 3177 1410 2247
f 2247 1383 3177
f 3176 2238 2230
f 1410 3177 3179
f 3179 3180 2243
f 1633 3181 2800
f 1621 1620 2758
f 1622 1621 2245
f 2236 1394 3181
f 2237 2236 3182
f 2250 1631 2233
f 2912 1629 1628
f 135 136 1564
f 1567 419 512
f 1085 1084 2653
f 3184 869 868
f 869 3184 3057
f 1266 1268 1098
f 1267 2147 722
f 937 1146 2646
f 2146 1049 722
f 2211 2218 921
f 1957 510 507
f 1313 1312 2264
f 1496 362 1493
f 2887 2937 2933
f 1687 1688 1659
f 145 1499 1498
f 37 38 418
f 1935 1934 3185
f 104 89 301
f 2101 2098 2083
f 543 298 360
f 1934 2219 3186
f 234 1521 212
f 3845 3821 1822
f 1976 1875 1874
f 223 3186 2219
f 3655 3656 3605
f 2165 2164 467
f 467 468 2165
f 773 476 2165
f 1935 1212 1728
f 3240 3225 3226
f 3261 3249 3250
f 3215 3216 3244
f 3265 3221 3215
f 3267 3245 3198
f 3205 3206 3269
f 3214 3211 3265
f 3271 3213 3214
f 3251 3252 3239
f 3222 3221 3266
f 3232 3235 3234
f 3216 3242 3243
f 3196 3193 3268
f 3244 3243 3254
f 3238 3239 3247
f 3264 3244 3255
f 3253 3242 3216
f 3211 3266 3221
f 3257 3217 3218
f 3258 3222 3272
f 3274 3275 3280
f 3228 3229 3262
f 3275 3231 3281
f 3226 3227 3273
f 3236 3263 3260
f 3281 3263 3236
f 3287 3271 3192
f 3235 3226 3280
f 3234 3280 3281
f 3288 3290 3259
f 3260 3250 3276
f 3289 3212 3278
f 3210 3209 3224
f 3199 3202 3201
f 3228 3231 3230
f 3290 3288 3285
f 3282 3279 3271
f 3260 3263 3262
f 3243 3241 3268
f 3267 3268 3241
f 3194 3207 3208
f 3191 3270 3269
f 3270 3191 3192
f 3275 3274 3230
f 3264 3269 3270
f 3252 3251 3276
f 3248 3252 3291
f 3213 3271 3279
f 3272 3266 3289
f 3277 3278 3212
f 3228 3263 3281
f 3220 3225 3253
f 3219 3253 3217
f 3256 3218 3222
f 3247 3239 3252
f 3245 3267 3232
f 3266 3211 3212
f 3208 3205 3255
f 3288 3289 3284
f 3204 3205 3208
f 560 1899 3187
f 3209 3210 3201
f 3189 3192 3191
f 448 1980 807
f 647 648 122
f 1833 1848 1780
f 510 509 508
f 3210 1949 1887
f 1887 15 3200
f 15 16 3197
f 16 3188 3195
f 3195 3188 3187
f 3194 3187 1899
f 3207 1899 375
f 387 173 126
f 3189 1791 1760
f 3577 763 757
f 763 3577 2172
f 3583 3582 3580
f 3581 3580 3579
f 3594 3597 3596
f 3400 3601 3602
f 3626 3624 3625
f 3631 3635 3599
f 3636 3637 3595
f 3647 3584 3588
f 3650 3582 3584
f 3653 3579 3580
f 3653 2176 3654
f 1801 1864 3656
f 3651 3580 3582
f 3644 3638 3595
f 1767 1768 3659
f 1597 3663 3661
f 1708 1707 3665
f 3671 3668 3667
f 3666 3667 3673
f 1588 1708 3664
f 2080 3671 3666
f 2082 3666 3672
f 3674 3677 3635
f 3677 3678 3636
f 3682 3647 3645
f 3692 3651 3650
f 3681 3645 3644
f 786 3694 3692
f 3694 3653 3651
f 785 3692 3686
f 497 3686 3682
f 650 3682 3681
f 3696 564 3681
f 3405 3606 3605
f 3702 3699 3678
f 3699 3698 3679
f 3645 3588 3638
f 1799 3657 3659
f 3708 3704 3458
f 3462 3710 3708
f 3714 463 564
f 3615 3606 3602
f 3710 3714 3696
f 3635 3636 3596
f 3629 3626 3627
f 3597 3600 3599
f 3630 3716 3715
f 3627 3625 3597
f 3717 3716 3723
f 3715 3663 3660
f 3716 3717 3725
f 3668 3665 3661
f 3668 3725 3717
f 3667 3717 3718
f 3727 3728 3673
f 3728 1576 3672
f 3726 3727 3718
f 1576 2101 2084
f 3727 3726 3731
f 3203 376 1387
f 3190 1387 1791
f 3283 2152 1949
f 317 240 259
f 2000 2176 3653
f 3601 3599 3600
f 3589 3588 3584
f 3577 758 756
f 3585 3584 3582
f 3678 3679 3637
f 3204 375 376
f 1801 3655 3657
f 3729 3735 3728
f 1575 3735 3738
f 3735 1575 1576
f 1776 1795 1796
f 1293 1294 1290
f 1326 14 1327
f 1294 1245 1234
f 878 1244 1330
f 497 373 374
f 122 648 413
f 3699 3702 3704
f 3606 3405 3401
f 3708 3710 3698
f 3464 3714 3710
f 3704 3674 3443
f 439 398 399
f 1512 1528 1526
f 1668 1741 1738
f 839 849 1362
f 1362 1357 826
f 3843 740 1896
f 2053 2054 2118
f 3888 3887 2120
f 696 697 3816
f 1826 1878 639
f 3740 3739 3729
f 956 885 886
f 1980 806 1922
f 33 34 105
f 1343 1344 3856
f 3907 2127 2128
f 1766 1581 1582
f 14 1326 2163
f 595 98 99
f 3233 3238 3246
f 1346 1035 1044
f 748 1888 1425
f 3193 3208 3254
f 3190 3191 3206
f 3612 3605 3606
f 3624 3612 3615
f 3631 3415 3443
f 3679 3680 3644
f 3686 3650 3647
f 3702 3677 3674
f 3625 3615 3600
f 3601 3400 3415
f 3739 3738 3735
f 3630 3627 3594
f 3741 3723 3716
f 1284 1290 1288
f 3698 3696 3680
f 1778 1781 1780
f 1792 1759 1584
f 695 570 571
f 3638 3741 3594
f 3741 3638 3588
f 3247 3248 3209
f 3292 3293 3294
f 3296 3297 3298
f 3299 3298 3300
f 3302 3303 3304
f 3306 3307 3308
f 3307 3310 3311
f 3303 3302 3301
f 3312 3305 3304
f 3314 3315 3316
f 3318 3319 3320
f 3324 3318 3321
f 3326 3327 3328
f 3329 3330 3331
f 3333 3334 3335
f 3337 3338 3339
f 3333 3336 3341
f 3342 3341 3343
f 3319 3345 3344
f 3338 3335 3334
f 3346 3301 3302
f 3305 3348 3347
f 3312 3224 3223
f 3350 3337 3340
f 3312 3349 3348
f 3352 3343 3341
f 3311 3353 3354
f 3341 3336 3327
f 3359 3360 3361
f 3360 3359 3250
f 3318 3363 3345
f 3364 3363 3318
f 3314 3364 3324
f 3366 3299 3301
f 3299 3366 3367
f 3308 3354 3368
f 3369 3317 3295
f 3317 3369 3364
f 3370 3295 3317
f 3325 3371 3365
f 3352 3320 3319
f 3296 3367 3353
f 3297 3296 3311
f 3363 3368 3354
f 3345 3354 3353
f 3344 3353 3367
f 3366 3333 3342
f 3347 3339 3334
f 3339 3347 3348
f 3348 3349 3351
f 3363 3364 3369
f 3294 3309 3368
f 3293 3306 3309
f 3331 3373 3374
f 3346 3334 3333
f 3323 3322 3352
f 3356 3355 3321
f 3355 3357 3325
f 3357 3358 3371
f 3322 3356 3320
f 3361 3330 3329
f 3373 3372 3375
f 3374 3375 3376
f 3329 3332 3376
f 3327 3375 3372
f 3336 3335 3375
f 3335 3338 3376
f 3376 3338 3337
f 3337 3350 3359
f 3359 3350 3276
f 3377 3292 3295
f 3277 3316 3315
f 3371 3378 3379
f 3378 3371 3358
f 3365 3379 3315
f 3316 3277 3279
f 3282 3377 3370
f 3313 3283 3224
f 3378 3285 3284
f 3380 3286 3285
f 3379 3284 3278
f 3276 3350 3351
f 3291 3351 3349
f 3313 3304 2965
f 2965 3304 3303
f 222 3303 3300
f 223 3300 3298
f 3298 3297 3185
f 3297 3310 2977
f 3310 3307 1213
f 3307 3306 1214
f 2532 1214 3306
f 2894 2532 3293
f 2871 2894 3292
f 3253 3225 3240
f 3283 3313 3013
f 1997 1996 1889
f 1237 745 744
f 1535 1534 120
f 1531 1532 201
f 1119 1241 1032
f 946 948 824
f 163 8 5
f 3589 3726 3723
f 1155 1156 1162
f 427 213 327
f 553 1902 796
f 3381 2232 2231
f 3381 3178 2230
f 2237 3183 3180
f 3383 3384 3385
f 3384 3386 3387
f 3386 3388 3389
f 3388 3390 3391
f 3392 3393 3394
f 3395 3394 3396
f 3398 3399 3397
f 3400 3401 3399
f 3403 3404 3405
f 3406 3407 3404
f 3408 3409 3407
f 3410 3411 3409
f 3412 3413 3411
f 3415 3400 3398
f 3414 3398 3396
f 3416 3396 3394
f 3417 3394 3393
f 3393 3419 3420
f 3419 3390 3421
f 3390 3388 3422
f 3388 3386 3423
f 3386 3384 3424
f 3384 3383 3425
f 3425 3383 3426
f 2904 3427 3428
f 3429 3427 2904
f 3430 3429 2902
f 2875 3431 3430
f 3432 3433 2733
f 2825 3434 3435
f 3437 3438 3439
f 3441 3437 3436
f 2724 2723 3434
f 3436 3439 3115
f 3440 3436 3117
f 3443 3415 3414
f 3442 3414 3416
f 3444 3416 3417
f 3445 3417 3418
f 3446 3418 3420
f 3420 3421 3448
f 3421 3422 3449
f 3422 3423 3450
f 3423 3424 3451
f 3424 3425 3452
f 3425 3184 3056
f 3451 3452 2253
f 3450 3451 2252
f 3449 3450 1727
f 3448 3449 2150
f 3453 3447 3448
f 3454 3446 3447
f 3455 3445 3446
f 3456 3444 3445
f 3442 3444 3456
f 3443 3442 3457
f 3459 3460 3458
f 3457 3456 3455
f 3459 3455 3454
f 3462 3460 3459
f 3461 3454 3453
f 3464 3462 3461
f 3463 3453 1941
f 3404 3399 3401
f 3407 3397 3399
f 3409 3395 3397
f 3411 3392 3395
f 3465 3466 3413
f 3467 3468 3469
f 3465 3412 3431
f 3470 3467 3466
f 3438 3470 3432
f 3467 3470 3438
f 3468 3467 3437
f 3471 3469 3468
f 3472 3468 3441
f 3473 3441 3440
f 2712 3440 3119
f 3475 3471 3472
f 3474 3472 3473
f 3476 3473 2712
f 3477 3476 2711
f 3478 3474 3476
f 3479 3475 3474
f 3392 3411 3413
f 3466 3469 3480
f 3419 3393 3392
f 3390 3419 3480
f 3469 3471 3391
f 3389 3391 3471
f 3387 3389 3475
f 3385 3387 3479
f 3482 3477 2400
f 3483 3478 3477
f 3481 3479 3478
f 3484 3482 2402
f 3058 3484 2707
f 3061 3485 3484
f 3485 3483 3482
f 3382 3385 3481
f 3486 3481 3483
f 3426 3383 3382
f 3487 3382 3486
f 3486 3485 3061
f 1961 3057 3487
f 3057 3184 3426
f 3428 3403 3402
f 3427 3406 3403
f 3429 3408 3406
f 3430 3410 3408
f 3431 3412 3410
f 3470 3465 3433
f 3434 3439 3438
f 2723 3115 3439
f 2875 2733 3433
f 2736 2824 3435
f 2947 3428 3488
f 3464 3463 1360
f 1900 1925 1924
f 1736 1717 1718
f 1955 1952 1943
f 1671 1738 1735
f 1696 1750 1698
f 1800 1865 1864
f 2063 2055 2056
f 1737 1734 1717
f 1751 1735 1697
f 943 3885 3899
f 3656 3488 3402
f 1577 1578 1764
f 3917 1598 1599
f 1945 146 82
f 68 6 7
f 147 1542 1543
f 1109 1135 1133
f 1503 1910 1907
f 1499 1501 1909
f 452 1922 735
f 1824 2068 3835
f 1825 2067 2068
f 1463 1462 1022
f 841 1012 1009
f 1568 1547 1955
f 1910 1503 1502
f 1939 1502 422
f 309 280 1940
f 1804 1851 1866
f 269 1482 1954
f 2065 1607 2060
f 3812 1685 1758
f 280 276 552
f 1875 1873 1869
f 1739 1721 1734
f 1778 1779 1790
f 310 1920 1915
f 1909 1908 1906
f 1789 1783 1778
f 978 981 980
f 1584 1759 1731
f 425 426 311
f 148 1543 115
f 2044 3897 3894
f 277 1910 1939
f 1943 1946 1945
f 1461 1462 1463
f 2253 3452 3056
f 2981 2254 3489
f 2209 2998 3489
f 2254 2253 3055
f 2998 926 958
f 2826 2817 2721
f 3490 2739 2721
f 2816 3491 3490
f 2334 2297 2296
f 2298 2297 2334
f 2301 2298 2336
f 2311 2301 2338
f 2312 2311 2354
f 2359 2358 2361
f 2335 2296 2359
f 2414 2413 2365
f 2413 2270 2361
f 2355 2352 2540
f 2541 2540 2539
f 2722 2721 2739
f 3114 2722 2738
f 3110 3112 3121
f 3108 3110 3120
f 3122 1754 3127
f 3112 3122 3126
f 3127 1754 1753
f 3139 3133 2529
f 3744 3775 3133
f 3490 2789 2740
f 3491 2790 2789
f 228 229 91
f 245 244 243
f 248 7 247
f 2 297 296
f 145 146 300
f 327 213 210
f 329 332 331
f 239 241 240
f 373 376 375
f 178 177 176
f 1218 1225 1228
f 3862 1231 1295
f 808 809 824
f 3858 3859 1013
f 3813 3810 1411
f 2154 2149 2159
f 3845 3835 1758
f 306 807 1922
f 2157 2153 1976
f 708 709 2031
f 1450 1226 1227
f 1672 1604 1605
f 1813 1814 1821
f 1717 1716 1715
f 176 159 402
f 1710 1705 3916
f 1712 1580 1577
f 1705 1713 1711
f 971 978 979
f 822 823 1094
f 2909 2810 2793
f 2810 2769 2795
f 2799 2910 2249
f 3662 3643 2910
f 2769 2768 2801
f 3177 3176 3178
f 3178 3381 3180
f 3181 1394 1393
f 3181 1633 1632
f 3182 1632 2244
f 3183 2244 2243
f 3492 2791 2790
f 2808 3492 3491
f 2239 3574 3572
f 1149 1150 3571
f 1150 2009 3567
f 2202 3569 3566
f 2921 3564 3565
f 3568 3560 2133
f 1777 1579 1759
f 1201 1196 1183
f 3561 3554 2195
f 3553 3576 2770
f 3927 3925 1687
f 1516 152 154
f 3549 3562 2974
f 3550 3548 2779
f 2771 2772 3575
f 3070 2771 3546
f 3547 3544 2775
f 1376 1375 1370
f 2767 3543 3556
f 2195 3554 3543
f 2775 3544 3542
f 3377 3282 3545
f 3804 3802 3539
f 2776 3542 3538
f 2240 3572 3535
f 2920 3535 3669
f 3548 3534 2786
f 1805 1850 1851
f 3534 3532 2787
f 2951 2773 3540
f 2772 2951 3531
f 2973 2224 3530
f 2224 2223 3537
f 1957 1953 320
f 306 305 304
f 2770 3576 3528
f 2913 3528 3574
f 2923 3565 3527
f 308 1940 431
f 207 208 132
f 1879 1876 1881
f 3733 3787 3525
f 2475 3070 3558
f 2476 2475 3524
f 2223 2476 3523
f 3522 3549 2803
f 2037 3563 11
f 1959 1958 450
f 2003 3555 3520
f 9 10 334
f 2009 2008 3518
f 2008 2973 3536
f 3877 672 673
f 3515 3550 2778
f 2935 3514 3513
f 111 1149 3570
f 3510 3514 2935
f 683 3876 3885
f 3508 3557 2810
f 736 733 732
f 1795 1804 1803
f 3505 3510 2938
f 3507 3505 2939
f 2950 3512 3504
f 2940 2949 3504
f 3801 3791 3512
f 2868 3509 3502
f 2869 3502 3522
f 1024 1034 1023
f 3500 3503 2948
f 551 1939 442
f 2972 3499 3568
f 2032 3533 3499
f 216 93 1924
f 203 202 201
f 1828 1848 1847
f 1958 1957 449
f 272 271 178
f 2871 3545 3495
f 3619 3669 3564
f 2801 2768 3643
f 2005 3758 3654
f 960 886 899
f 3657 3655 3612
f 3780 3788 3646
f 3151 3646 3593
f 2193 3604 3623
f 3607 3603 3145
f 3603 3649 2761
f 3592 3607 3144
f 2926 3658 3634
f 3634 3592 3104
f 3755 3754 3746
f 566 567 3758
f 3488 3656 1864
f 1602 1586 2079
f 2868 3658 3611
f 2922 3611 3610
f 2923 3610 3618
f 3670 3613 2918
f 3619 3670 3614
f 2921 3618 3670
f 2920 3614 3586
f 3613 3642 2915
f 2917 2766 3622
f 2916 2917 3641
f 2239 3587 3652
f 2911 3640 3652
f 3643 3640 2911
f 2797 2801 3662
f 2797 3591 3598
f 3622 3628 2763
f 3608 3628 2764
f 2194 3623 3648
f 2221 3648 3649
f 2756 3608 3609
f 2750 3598 3609
f 3669 3535 1817
f 3763 3770 1691
f 2515 3621 3590
f 2548 3590 3593
f 2513 2489 3632
f 2513 3616 3621
f 2509 3633 3620
f 2510 3632 3633
f 2289 3620 3639
f 2283 3639 3617
f 2240 3586 3587
f 3659 3657 3624
f 716 2121 3887
f 727 1999 3761
f 2165 2171 2170
f 3660 3659 3626
f 3743 3581 3578
f 2175 2172 769
f 2100 500 2095
f 3758 567 3757
f 640 3560 3568
f 1653 3576 3553
f 1895 3536 3530
f 746 3530 3537
f 1653 1810 3528
f 3762 1603 1604
f 2093 2075 2073
f 959 996 995
f 962 899 919
f 1400 1401 1398
f 1000 817 1127
f 956 959 884
f 1662 3548 3550
f 2034 3558 3546
f 3926 1689 3539
f 3535 3572 766
f 3572 3574 765
f 334 3570 3571
f 1868 3531 3540
f 1684 1651 1652
f 1682 1683 775
f 1585 1603 3762
f 3763 3762 1672
f 2173 2174 490
f 1658 3544 3547
f 3556 3543 1650
f 1571 3754 2010
f 1587 3664 3671
f 2099 2095 2077
f 787 3761 1999
f 2000 3694 786
f 3155 339 3697
f 3713 3155 3683
f 2180 2179 3685
f 3496 2180 3684
f 1684 3846 3840
f 1760 464 3495
f 2607 3689 3693
f 2581 3676 3689
f 2371 2502 3700
f 2371 3695 3693
f 2587 3676 3675
f 2586 3675 3697
f 2497 3691 3687
f 2502 2503 3687
f 2494 3691 3690
f 3690 3688 2472
f 3688 3701 2468
f 3701 3703 2469
f 726 3908 3892
f 581 3567 3518
f 10 3511 3570
f 1837 3514 3510
f 741 3537 3523
f 1299 3524 3558
f 1851 3507 3504
f 3527 3565 1820
f 580 3518 3536
f 1758 1685 3522
f 1693 3557 3508
f 3504 3512 1867
f 1894 1826 3568
f 2126 1418 3813
f 3906 2126 3841
f 2113 3911 3867
f 2179 3713 3789
f 624 3903 3904
f 2192 3604 3788
f 2177 3541 3787
f 1364 3824 3833
f 3858 3855 1470
f 3135 1753 3775
f 2069 3812 3835
f 1351 3861 3853
f 2108 3882 3901
f 2089 2092 3736
f 3828 3834 1358
f 2001 3749 3783
f 2187 3783 3719
f 2130 3756 3752
f 2004 3752 3749
f 2014 3724 3779
f 2201 3779 3756
f 3167 3720 3759
f 3168 3724 3720
f 3159 3709 3764
f 3160 3764 3765
f 3730 3707 3158
f 3158 3707 3709
f 2200 3069 3730
f 3685 3789 3742
f 3722 3774 2197
f 3790 3736 2092
f 3774 3790 3721
f 3154 3706 3790
f 3155 3713 3706
f 2091 3719 3721
f 2196 3148 3750
f 2193 2196 3776
f 3604 2193 3781
f 2086 2192 3780
f 2087 2086 3778
f 2204 3742 3751
f 2205 3751 3750
f 3909 3886 574
f 2124 2087 3777
f 2208 2124 3760
f 3711 3785 3140
f 3785 3745 3138
f 3745 3744 3139
f 3771 3712 3136
f 3712 3711 3137
f 3775 3767 3131
f 3767 3782 3132
f 1813 3839 3838
f 1293 3854 3856
f 2184 2321 3748
f 2181 2184 3732
f 3765 3768 3079
f 3768 3734 3080
f 709 3873 3875
f 2774 2961 3737
f 3786 3769 2134
f 3809 3808 766
f 2968 3784 3766
f 2969 3759 3784
f 2958 3747 3737
f 2132 3747 3766
f 2321 2185 3771
f 3860 3848 1449
f 3905 3874 582
f 3886 3889 577
f 3847 3826 1818
f 705 3902 3887
f 3816 3912 3907
f 2111 3883 3911
f 3810 3829 1366
f 1812 3839 3822
f 675 3851 3852
f 3496 3705 3851
f 2110 3867 3868
f 2104 3896 3901
f 2109 3868 3899
f 3842 3831 703
f 1680 3811 3846
f 1639 1627 3819
f 623 3904 3906
f 2139 2140 3866
f 1808 1640 3844
f 3820 3821 1819
f 3872 3914 3900
f 1646 3832 3830
f 3889 3890 633
f 2139 3865 3875
f 2156 2155 3871
f 674 3852 3913
f 2117 3817 3812
f 1815 3822 3847
f 3855 3849 1444
f 697 3906 3912
f 866 842 3836
f 3864 3869 2136
f 3585 3731 3726
f 3583 3740 3731
f 3753 3746 3738
f 3740 3583 3581
f 1088 3738 3746
f 3739 3740 3743
f 2791 3492 3493
f 3492 2808 2807
f 2792 3493 3494
f 3493 2807 2806
f 3508 2909 3494
f 3516 3494 2806
f 2948 3503 3791
f 2105 3908 3896
f 3538 3802 3804
f 680 3878 3876
f 1891 1890 3910
f 2905 3799 3801
f 2900 3797 3799
f 2901 3797 3807
f 2734 2878 3806
f 2877 3807 3806
f 2820 3800 3794
f 2818 3796 3792
f 2823 3793 3792
f 2822 3793 3798
f 2819 2735 3800
f 2817 3796 3795
f 2809 3805 3795
f 2808 3805 3803
f 2805 3804 3803
f 1702 3921 3923
f 3922 3920 1797
f 3915 3916 1706
f 3918 3927 1692
f 1657 3898 3880
f 1890 1877 3895
f 3772 3770 1674
f 1689 1690 3772
f 3926 3802 3538
f 3516 3539 1689
f 3917 3923 1703
f 1598 3917 3928
f 3880 3884 1876
f 1691 1690 3925
f 3925 3926 1688
f 3934 3933 3937
f 3934 3938 3939
f 3932 3936 3937
f 3938 3942 3943
f 3937 3936 3940
f 3937 3941 3942
f 3942 3946 3947
f 3941 3940 3944
f 3942 3941 3945
f 3947 3946 3950
f 3944 3948 3949
f 3945 3949 3950
f 3950 3954 3955
f 3949 3948 3952
f 3950 3949 3953
f 3955 3954 3958
f 3953 3952 3956
f 3953 3957 3958
f 3959 3958 3962
f 3957 3956 3960
f 3958 3957 3961
f 3962 3966 3967
f 3960 3964 3965
f 3961 3965 3966
f 3966 3970 3971
f 3965 3964 3968
f 3966 3965 3969
f 3970 3974 3975
f 3968 3972 3973
f 3969 3973 3974
f 3974 3978 3979
f 3973 3972 3976
f 3974 3973 3977
f 3979 3978 3982
f 3976 3980 3981
f 3977 3981 3982
f 3982 3986 3987
f 3981 3980 3984
f 3982 3981 3985
f 3987 3986 3990
f 3984 3988 3989
f 3985 3989 3990
f 3991 3990 3994
f 3989 3988 3992
f 3990 3989 3993
f 3995 3994 3998
f 3992 3996 3997
f 3993 3997 3998
f 3998 4002 4003
f 3997 3996 4000
f 3998 3997 4001
f 4002 4006 4007
f 4000 4004 4005
f 4001 4005 4006
f 4006 4010 4011
f 4005 4004 4008
f 4006 4005 4009
f 4011 4010 4014
f 4008 4012 4013
f 4009 4013 4014
f 4014 4018 4019
f 4013 4012 4016
f 4014 4013 4017
f 4019 4018 4022
f 4016 4020 4021
f 4017 4021 4022
f 4023 4022 4026
f 4021 4020 4024
f 4022 4021 4025
f 4027 4026 4030
f 4024 4028 4029
f 4025 4029 4030
f 4031 4030 4034
f 4029 4028 4032
f 4030 4029 4033
f 4034 4038 4039
f 4032 4036 4037
f 4033 4037 4038
f 4038 4042 4043
f 4037 4036 4040
f 4038 4037 4041
f 4043 4042 4046
f 4040 4044 4045
f 4041 4045 4046
f 4046 4050 4051
f 4045 4044 4048
f 4046 4045 4049
f 4051 4050 4055
f 4048 4053 4054
f 4049 4054 4055
f 4056 4055 4059
f 4053 4057 4058
f 4055 4054 4058
f 4060 4059 3934
f 4058 4057 3932
f 4058 3933 3934
f 4069 4068 4081
f 4066 4079 4080
f 4065 4064 4077
f 4063 4062 4075
f 4071 4084 4085
f 4069 4082 4083
f 4067 4080 4081
f 4066 4065 4078
f 4063 4076 4077
f 4061 4074 4075
f 4072 4085 4086
f 4071 4070 4083
f 4076 4089 4090
f 4074 4087 4088
f 4086 4085 4098
f 4083 4096 4097
f 4082 4081 4094
f 4079 4092 4093
f 4078 4077 4090
f 4076 4075 4088
f 4085 4084 4097
f 4082 4095 4096
f 4080 4093 4094
f 4079 4078 4091
f 4089 4102 4103
f 4088 4087 4100
f 4098 4111 4112
f 4096 4109 4110
f 4095 4094 4107
f 4092 4105 4106
f 4090 4103 4104
f 4089 4088 4101
f 4097 4110 4111
f 4095 4108 4109
f 4094 4093 4106
f 4092 4091 4104
f 4103 4102 4115
f 4100 4113 4114
f 4112 4111 4124
f 4110 4109 4122
f 4107 4120 4121
f 4105 4118 4119
f 4103 4116 4117
f 4101 4114 4115
f 4110 4123 4124
f 4109 4108 4121
f 4107 4106 4119
f 4105 4104 4117
f 4115 4128 4129
f 4114 4113 4126
f 4124 4137 4138
f 4123 4122 4135
f 4120 4133 4134
f 4119 4118 4131
f 4117 4116 4129
f 4114 4127 4128
f 4124 4123 4136
f 4122 4121 4134
f 4119 4132 4133
f 4117 4130 4131
f 4129 4128 4141
f 4126 4139 4140
f 4138 4137 4150
f 4136 4135 4148
f 4133 4146 4147
f 4131 4144 4145
f 4130 4129 4142
f 4127 4140 4141
f 4137 4136 4149
f 4135 4134 4147
f 4132 4145 4146
f 4131 4130 4143
f 4142 4141 4154
f 4140 4139 4152
f 4150 4163 4164
f 4149 4148 4161
f 4146 4159 4160
f 4144 4157 4158
f 4142 4155 4156
f 4140 4153 4154
f 4149 4162 4163
f 4148 4147 4160
f 4146 4145 4158
f 4144 4143 4156
f 4155 4154 4167
f 4153 4152 4165
f 4163 4176 4177
f 4161 4174 4175
f 4159 4172 4173
f 4158 4157 4170
f 4155 4168 4169
f 4153 4166 4167
f 4163 4162 4175
f 4161 4160 4173
f 4159 4158 4171
f 4156 4169 4170
f 4167 4180 4181
f 4165 4178 4179
f 4176 4189 4190
f 4175 4174 4187
f 4173 4172 4185
f 4170 4183 4184
f 4169 4168 4181
f 4167 4166 4179
f 4175 4188 4189
f 4173 4186 4187
f 4171 4184 4185
f 4170 4169 4182
f 4180 4193 4194
f 4178 4191 4192
f 4190 4189 4202
f 4187 4200 4201
f 4186 4185 4198
f 4183 4196 4197
f 4182 4181 4194
f 4180 4179 4192
f 4189 4188 4201
f 4186 4199 4200
f 4184 4197 4198
f 4183 4182 4195
f 4193 4206 4207
f 4192 4191 4204
f 4202 4215 4216
f 4200 4213 4214
f 4199 4198 4211
f 4196 4209 4210
f 4194 4207 4208
f 4193 4192 4205
f 4201 4214 4215
f 4199 4212 4213
f 4198 4197 4210
f 4196 4195 4208
f 4207 4206 4219
f 4204 4217 4218
f 4216 4215 4228
f 4213 4226 4227
f 4211 4224 4225
f 4209 4222 4223
f 4207 4220 4221
f 4205 4218 4219
f 4214 4227 4228
f 4213 4212 4225
f 4211 4210 4223
f 4209 4208 4221
f 4219 4232 4233
f 4218 4217 4230
f 4228 4241 4242
f 4226 4239 4240
f 4225 4224 4237
f 4223 4222 4235
f 4221 4220 4233
f 4218 4231 4232
f 4228 4227 4240
f 4226 4225 4238
f 4223 4236 4237
f 4221 4234 4235
f 4233 4232 4245
f 4230 4243 4244
f 4242 4241 4254
f 4240 4239 4252
f 4237 4250 4251
f 4235 4248 4249
f 4234 4233 4246
f 4231 4244 4245
f 4241 4240 4253
f 4239 4238 4251
f 4236 4249 4250
f 4235 4234 4247
f 4246 4245 4258
f 4244 4243 4256
f 4254 4267 4268
f 4253 4252 4265
f 4250 4263 4264
f 4248 4261 4262
f 4246 4259 4260
f 4244 4257 4258
f 4253 4266 4267
f 4252 4251 4264
f 4250 4249 4262
f 4248 4247 4260
f 4259 4258 4271
f 4257 4256 4269
f 4267 4280 4281
f 4265 4278 4279
f 4263 4276 4277
f 4262 4261 4274
f 4259 4272 4273
f 4257 4270 4271
f 4266 4279 4280
f 4265 4264 4277
f 4263 4262 4275
f 4260 4273 4274
f 4271 4284 4285
f 4269 4282 4283
f 4281 4280 4293
f 4279 4278 4291
f 4277 4276 4289
f 4274 4287 4288
f 4273 4272 4285
f 4271 4270 4283
f 4280 4279 4292
f 4277 4290 4291
f 4275 4288 4289
f 4274 4273 4286
f 4284 4297 4298
f 4282 4295 4296
f 4294 4293 4306
f 4291 4304 4305
f 4290 4289 4302
f 4287 4300 4301
f 4286 4285 4298
f 4284 4283 4296
f 4293 4292 4305
f 4290 4303 4304
f 4288 4301 4302
f 4287 4286 4299
f 4297 4310 4311
f 4296 4295 4308
f 4306 4319 4320
f 4304 4317 4318
f 4303 4302 4315
f 4300 4313 4314
f 4298 4311 4312
f 4297 4296 4309
f 4305 4318 4319
f 4304 4303 4316
f 4302 4301 4314
f 4300 4299 4312
f 4310 4323 4324
f 4308 4321 4322
f 4320 4319 4332
f 4318 4317 4330
f 4316 4315 4328
f 4313 4326 4327
f 4311 4324 4325
f 4310 4309 4322
f 4318 4331 4332
f 4316 4329 4330
f 4315 4314 4327
f 4312 4325 4326
f 4323 4336 4337
f 4322 4321 4334
f 4332 4345 4346
f 4330 4343 4344
f 4329 4328 4341
f 4327 4326 4339
f 4325 4324 4337
f 4322 4335 4336
f 4332 4331 4344
f 4330 4329 4342
f 4327 4340 4341
f 4325 4338 4339
f 4337 4336 4350
f 4334 4348 4349
f 4346 4345 4359
f 4344 4343 4357
f 4341 4355 4356
f 4340 4339 4353
f 4338 4337 4351
f 4335 4349 4350
f 4345 4344 4358
f 4343 4342 4356
f 4340 4354 4355
f 4338 4352 4353
f 4351 4350 4363
f 4349 4348 4361
f 4359 4372 4373
f 4358 4357 4370
f 4355 4368 4369
f 4354 4353 4366
f 4351 4364 4365
f 4349 4362 4363
f 4358 4371 4372
f 4357 4356 4369
f 4355 4354 4367
f 4352 4365 4366
f 4364 4363 4376
f 4362 4361 4374
f 4373 4372 4385
f 4370 4383 4384
f 4368 4381 4382
f 4367 4366 4379
f 4364 4377 4378
f 4362 4375 4376
f 4372 4371 4384
f 4370 4369 4382
f 4368 4367 4380
f 4365 4378 4379
f 4376 4389 4390
f 4374 4387 4388
f 4385 4398 4399
f 4384 4383 4396
f 4382 4381 4394
f 4379 4392 4393
f 4378 4377 4390
f 4376 4375 4388
f 4384 4397 4398
f 4382 4395 4396
f 4380 4393 4394
f 4379 4378 4391
f 4389 4402 4403
f 4387 4400 4401
f 4399 4398 4411
f 4396 4409 4410
f 4395 4394 4407
f 4393 4392 4405
f 4391 4390 4403
f 4389 4388 4401
f 4398 4397 4410
f 4395 4408 4409
f 4393 4406 4407
f 4391 4404 4405
f 4402 4415 4416
f 4401 4400 4413
f 4411 4424 4425
f 4409 4422 4423
f 4408 4407 4420
f 4406 4405 4418
f 4403 4416 4417
f 4402 4401 4414
f 4410 4423 4424
f 4408 4421 4422
f 4407 4406 4419
f 4404 4417 4418
f 4416 4415 4428
f 4413 4426 4427
f 4425 4424 4437
f 4423 4422 4435
f 4421 4420 4433
f 4418 4431 4432
f 4416 4429 4430
f 4415 4414 4427
f 4423 4436 4437
f 4421 4434 4435
f 4420 4419 4432
f 4418 4417 4430
f 4428 4441 4442
f 4426 4439 4440
f 4437 4450 4451
f 4435 4448 4449
f 4434 4433 4446
f 4432 4431 4444
f 4430 4429 4442
f 4427 4440 4441
f 4437 4436 4449
f 4435 4434 4447
f 4432 4445 4446
f 4430 4443 4444
f 4442 4441 4454
f 4439 4452 4453
f 4451 4450 4463
f 4449 4448 4461
f 4446 4459 4460
f 4444 4457 4458
f 4443 4442 4455
f 4440 4453 4454
f 4450 4449 4462
f 4447 4460 4461
f 4445 4458 4459
f 4444 4443 4456
f 4455 4454 4467
f 4453 4452 4465
f 4463 4476 4477
f 4462 4461 4474
f 4459 4472 4473
f 4457 4470 4471
f 4455 4468 4469
f 4453 4466 4467
f 4462 4475 4476
f 4461 4460 4473
f 4459 4458 4471
f 4457 4456 4469
f 4468 4467 4063
f 4466 4465 4061
f 4477 4476 4072
f 4474 4070 4071
f 4472 4068 4069
f 4471 4470 4066
f 4468 4064 4065
f 4466 4062 4063
f 4476 4475 4071
f 4474 4473 4069
f 4472 4471 4067
f 4469 4065 4066
f 3935 4061 4465
f 4465 4452 4056
f 4452 4439 4051
f 4439 4426 4047
f 4047 4426 4413
f 4043 4413 4400
f 4039 4400 4387
f 4387 4374 4031
f 4031 4374 4361
f 4361 4348 4023
f 4348 4334 4019
f 4334 4321 4015
f 4015 4321 4308
f 4011 4308 4295
f 4007 4295 4282
f 4282 4269 3999
f 3999 4269 4256
f 4256 4243 3991
f 4243 4230 3987
f 4230 4217 3983
f 3983 4217 4204
f 3979 4204 4191
f 3975 4191 4178
f 4178 4165 3967
f 3967 4165 4152
f 4152 4139 3959
f 4139 4126 3955
f 4126 4113 3951
f 3951 4113 4100
f 3947 4100 4087
f 3943 4087 4074
f 4074 4061 3935
f 4480 4479 4483
f 4480 4484 4485
f 4479 4478 4482
f 4484 4488 4489
f 4482 4486 4487
f 4483 4487 4488
f 4488 4492 4493
f 4487 4486 4490
f 4488 4487 4491
f 4493 4492 4496
f 4490 4494 4495
f 4491 4495 4496
f 4496 4500 4501
f 4495 4494 4498
f 4496 4495 4499
f 4501 4500 4504
f 4498 4502 4503
f 4499 4503 4504
f 4505 4504 4508
f 4503 4502 4506
f 4504 4503 4507
f 4509 4508 4512
f 4506 4510 4511
f 4507 4511 4512
f 4513 4512 4516
f 4511 4510 4514
f 4512 4511 4515
f 4516 4520 4521
f 4514 4518 4519
f 4515 4519 4520
f 4520 4524 4525
f 4518 4522 4523
f 4520 4519 4523
f 4525 4524 4528
f 4522 4526 4527
f 4523 4527 4528
f 4528 4532 4533
f 4527 4526 4530
f 4528 4527 4531
f 4533 4532 4536
f 4530 4534 4535
f 4531 4535 4536
f 4537 4536 4540
f 4534 4538 4539
f 4536 4535 4539
f 4541 4540 4544
f 4539 4538 4542
f 4539 4543 4544
f 4544 4548 4549
f 4542 4546 4547
f 4544 4543 4547
f 4548 4552 4553
f 4547 4546 4550
f 4547 4551 4552
f 4552 4556 4557
f 4551 4550 4554
f 4552 4551 4555
f 4557 4556 4560
f 4554 4558 4559
f 4555 4559 4560
f 4560 4564 4565
f 4559 4558 4562
f 4560 4559 4563
f 4565 4564 4568
f 4562 4566 4567
f 4563 4567 4568
f 4569 4568 4572
f 4567 4566 4570
f 4568 4567 4571
f 4572 4576 4577
f 4570 4574 4575
f 4571 4575 4576
f 4576 4580 4581
f 4575 4574 4578
f 4576 4575 4579
f 4580 4584 4585
f 4578 4582 4583
f 4579 4583 4584
f 4584 4588 4589
f 4583 4582 4586
f 4584 4583 4587
f 4589 4588 4592
f 4586 4590 4591
f 4587 4591 4592
f 4592 4596 4597
f 4591 4590 4594
f 4592 4591 4595
f 4597 4596 4601
f 4594 4599 4600
f 4595 4600 4601
f 4602 4601 4605
f 4600 4599 4603
f 4601 4600 4604
f 4606 4605 4480
f 4603 4478 4479
f 4604 4479 4480
f 4615 4614 4627
f 4612 4625 4626
f 4611 4610 4623
f 4609 4608 4621
f 4618 4617 4630
f 4615 4628 4629
f 4613 4626 4627
f 4612 4611 4624
f 4609 4622 4623
f 4607 4620 4621
f 4619 4618 4631
f 4617 4616 4629
f 4622 4635 4636
f 4620 4633 4634
f 4632 4631 4644
f 4629 4642 4643
f 4628 4627 4640
f 4626 4625 4638
f 4624 4623 4636
f 4622 4621 4634
f 4631 4630 4643
f 4628 4641 4642
f 4626 4639 4640
f 4624 4637 4638
f 4635 4648 4649
f 4634 4633 4646
f 4644 4657 4658
f 4642 4655 4656
f 4641 4640 4653
f 4639 4638 4651
f 4636 4649 4650
f 4635 4634 4647
f 4643 4656 4657
f 4642 4641 4654
f 4640 4639 4652
f 4637 4650 4651
f 4648 4661 4662
f 4646 4659 4660
f 4658 4657 4670
f 4656 4655 4668
f 4653 4666 4667
f 4651 4664 4665
f 4649 4662 4663
f 4648 4647 4660
f 4656 4669 4670
f 4654 4667 4668
f 4653 4652 4665
f 4651 4650 4663
f 4661 4674 4675
f 4660 4659 4672
f 4670 4683 4684
f 4668 4681 4682
f 4667 4666 4679
f 4665 4664 4677
f 4663 4662 4675
f 4661 4660 4673
f 4670 4669 4682
f 4667 4680 4681
f 4665 4678 4679
f 4663 4676 4677
f 4675 4674 4687
f 4672 4685 4686
f 4684 4683 4696
f 4682 4681 4694
f 4679 4692 4693
f 4678 4677 4690
f 4676 4675 4688
f 4673 4686 4687
f 4683 4682 4695
f 4681 4680 4693
f 4678 4691 4692
f 4676 4689 4690
f 4688 4687 4700
f 4686 4685 4698
f 4696 4709 4710
f 4695 4694 4707
f 4692 4705 4706
f 4691 4690 4703
f 4688 4701 4702
f 4686 4699 4700
f 4695 4708 4709
f 4694 4693 4706
f 4692 4691 4704
f 4689 4702 4703
f 4701 4700 4713
f 4699 4698 4711
f 4710 4709 4722
f 4707 4720 4721
f 4705 4718 4719
f 4704 4703 4716
f 4701 4714 4715
f 4699 4712 4713
f 4709 4708 4721
f 4707 4706 4719
f 4705 4704 4717
f 4702 4715 4716
f 4713 4726 4727
f 4711 4724 4725
f 4723 4722 4735
f 4721 4720 4733
f 4719 4718 4731
f 4716 4729 4730
f 4715 4714 4727
f 4713 4712 4725
f 4721 4734 4735
f 4719 4732 4733
f 4717 4730 4731
f 4716 4715 4728
f 4726 4739 4740
f 4724 4737 4738
f 4736 4735 4748
f 4733 4746 4747
f 4732 4731 4744
f 4730 4729 4742
f 4728 4727 4740
f 4726 4725 4738
f 4735 4734 4747
f 4732 4745 4746
f 4730 4743 4744
f 4728 4741 4742
f 4739 4752 4753
f 4738 4737 4750
f 4748 4761 4762
f 4746 4759 4760
f 4745 4744 4757
f 4743 4742 4755
f 4740 4753 4754
f 4739 4738 4751
f 4747 4760 4761
f 4745 4758 4759
f 4744 4743 4756
f 4741 4754 4755
f 4753 4752 4765
f 4750 4763 4764
f 4762 4761 4774
f 4759 4772 4773
f 4758 4757 4770
f 4755 4768 4769
f 4753 4766 4767
f 4752 4751 4764
f 4760 4773 4774
f 4758 4771 4772
f 4757 4756 4769
f 4755 4754 4767
f 4765 4778 4779
f 4764 4763 4776
f 4774 4787 4788
f 4772 4785 4786
f 4771 4770 4783
f 4769 4768 4781
f 4767 4766 4779
f 4765 4764 4777
f 4774 4773 4786
f 4771 4784 4785
f 4769 4782 4783
f 4767 4780 4781
f 4779 4778 4791
f 4776 4789 4790
f 4788 4787 4800
f 4786 4785 4798
f 4783 4796 4797
f 4782 4781 4794
f 4780 4779 4792
f 4777 4790 4791
f 4787 4786 4799
f 4785 4784 4797
f 4782 4795 4796
f 4780 4793 4794
f 4792 4791 4804
f 4790 4789 4802
f 4800 4813 4814
f 4799 4798 4811
f 4796 4809 4810
f 4795 4794 4807
f 4792 4805 4806
f 4790 4803 4804
f 4799 4812 4813
f 4798 4797 4810
f 4796 4795 4808
f 4793 4806 4807
f 4805 4804 4817
f 4803 4802 4815
f 4814 4813 4826
f 4811 4824 4825
f 4809 4822 4823
f 4808 4807 4820
f 4805 4818 4819
f 4803 4816 4817
f 4813 4812 4825
f 4811 4810 4823
f 4809 4808 4821
f 4806 4819 4820
f 4817 4830 4831
f 4815 4828 4829
f 4826 4839 4840
f 4825 4824 4837
f 4823 4822 4835
f 4820 4833 4834
f 4819 4818 4831
f 4817 4816 4829
f 4825 4838 4839
f 4823 4836 4837
f 4821 4834 4835
f 4820 4819 4832
f 4830 4843 4844
f 4828 4841 4842
f 4840 4839 4852
f 4837 4850 4851
f 4836 4835 4848
f 4834 4833 4846
f 4832 4831 4844
f 4830 4829 4842
f 4839 4838 4851
f 4836 4849 4850
f 4834 4847 4848
f 4832 4845 4846
f 4843 4856 4857
f 4842 4841 4854
f 4852 4865 4866
f 4850 4863 4864
f 4849 4848 4861
f 4847 4846 4859
f 4844 4857 4858
f 4843 4842 4855
f 4851 4864 4865
f 4849 4862 4863
f 4848 4847 4860
f 4845 4858 4859
f 4857 4856 4869
f 4855 4854 4867
f 4866 4865 4878
f 4864 4863 4876
f 4862 4861 4874
f 4859 4872 4873
f 4857 4870 4871
f 4856 4855 4868
f 4864 4877 4878
f 4862 4875 4876
f 4861 4860 4873
f 4859 4858 4871
f 4869 4882 4883
f 4868 4867 4880
f 4878 4891 4892
f 4877 4876 4889
f 4874 4887 4888
f 4873 4872 4885
f 4871 4870 4883
f 4868 4881 4882
f 4878 4877 4890
f 4876 4875 4888
f 4873 4886 4887
f 4871 4884 4885
f 4883 4882 4896
f 4880 4894 4895
f 4892 4891 4905
f 4890 4889 4903
f 4887 4901 4902
f 4885 4899 4900
f 4884 4883 4897
f 4881 4895 4896
f 4891 4890 4904
f 4889 4888 4902
f 4886 4900 4901
f 4885 4884 4898
f 4897 4896 4909
f 4895 4894 4907
f 4905 4918 4919
f 4904 4903 4916
f 4901 4914 4915
f 4899 4912 4913
f 4897 4910 4911
f 4895 4908 4909
f 4904 4917 4918
f 4903 4902 4915
f 4901 4900 4913
f 4899 4898 4911
f 4910 4909 4922
f 4908 4907 4920
f 4919 4918 4931
f 4916 4929 4930
f 4914 4927 4928
f 4913 4912 4925
f 4910 4923 4924
f 4908 4921 4922
f 4918 4917 4930
f 4916 4915 4928
f 4914 4913 4926
f 4911 4924 4925
f 4922 4935 4936
f 4920 4933 4934
f 4931 4944 4945
f 4930 4929 4942
f 4928 4927 4940
f 4925 4938 4939
f 4924 4923 4936
f 4922 4921 4934
f 4930 4943 4944
f 4928 4941 4942
f 4926 4939 4940
f 4925 4924 4937
f 4935 4948 4949
f 4933 4946 4947
f 4945 4944 4957
f 4942 4955 4956
f 4941 4940 4953
f 4938 4951 4952
f 4937 4936 4949
f 4935 4934 4947
f 4944 4943 4956
f 4941 4954 4955
f 4939 4952 4953
f 4938 4937 4950
f 4948 4961 4962
f 4947 4946 4959
f 4957 4970 4971
f 4955 4968 4969
f 4954 4953 4966
f 4951 4964 4965
f 4949 4962 4963
f 4948 4947 4960
f 4956 4969 4970
f 4954 4967 4968
f 4953 4952 4965
f 4951 4950 4963
f 4962 4961 4974
f 4959 4972 4973
f 4971 4970 4983
f 4968 4981 4982
f 4966 4979 4980
f 4964 4977 4978
f 4962 4975 4976
f 4960 4973 4974
f 4969 4982 4983
f 4967 4980 4981
f 4966 4965 4978
f 4964 4963 4976
f 4975 4974 4987
f 4973 4972 4985
f 4983 4996 4997
f 4981 4994 4995
f 4979 4992 4993
f 4978 4977 4990
f 4976 4975 4988
f 4973 4986 4987
f 4983 4982 4995
f 4981 4980 4993
f 4978 4991 4992
f 4976 4989 4990
f 4988 4987 5000
f 4985 4998 4999
f 4997 4996 5009
f 4995 4994 5007
f 4992 5005 5006
f 4991 4990 5003
f 4989 4988 5001
f 4986 4999 5000
f 4996 4995 5008
f 4994 4993 5006
f 4991 5004 5005
f 4989 5002 5003
f 5001 5000 5013
f 4999 4998 5011
f 5009 5022 5023
f 5008 5007 5020
f 5005 5018 5019
f 5004 5003 5016
f 5001 5014 5015
f 4999 5012 5013
f 5008 5021 5022
f 5007 5006 5019
f 5005 5004 5017
f 5002 5015 5016
f 5014 5013 4609
f 5012 5011 4607
f 5022 4618 4619
f 5020 4616 4617
f 5018 4614 4615
f 5017 5016 4612
f 5014 4610 4611
f 5012 4608 4609
f 5021 4617 4618
f 5020 5019 4615
f 5018 5017 4613
f 5015 4611 4612
f 4481 4607 5011
f 5011 4998 4602
f 4998 4985 4597
f 4985 4972 4593
f 4593 4972 4959
f 4589 4959 4946
f 4585 4946 4933
f 4933 4920 4577
f 4577 4920 4907
f 4907 4894 4569
f 4894 4880 4565
f 4880 4867 4561
f 4561 4867 4854
f 4557 4854 4841
f 4553 4841 4828
f 4828 4815 4545
f 4545 4815 4802
f 4802 4789 4537
f 4789 4776 4533
f 4776 4763 4529
f 4529 4763 4750
f 4525 4750 4737
f 4521 4737 4724
f 4724 4711 4513
f 4513 4711 4698
f 4698 4685 4505
f 4685 4672 4501
f 4672 4659 4497
f 4497 4659 4646
f 4493 4646 4633
f 4489 4633 4620
f 4620 4607 4481

