# https://github.com/mikedh/trimesh
v 0.06440789 -0.01084760 -0.05149988
v 0.06796559 -0.01191269 -0.05011099
v 0.06838809 -0.01044243 -0.04970199
v 0.06480490 -0.00984810 -0.05118705
v 0.07478330 -0.01062742 -0.05954342
v 0.07579319 -0.00715277 -0.05532939
v 0.07523488 -0.00479599 -0.05451227
v 0.07434764 -0.00468656 -0.05755421
v 0.02717233 -0.04818720 -0.11253636
v 0.01218773 -0.04792143 -0.11671899
v 0.01222674 -0.05906471 -0.11429202
v 0.02615636 -0.06211164 -0.10889352
v 0.04629033 -0.08585565 -0.08980234
v 0.04076749 -0.07775095 -0.09524111
v 0.03849338 -0.09000772 -0.09892340
v 0.04766833 -0.09407708 -0.08952010
v 0.03823915 0.04598534 0.03722798
v 0.04555048 0.04475972 0.03186151
v 0.04507965 0.03895615 0.03595927
v -0.06546907 -0.01077810 -0.05271829
v -0.06895416 -0.01179781 -0.05132150
v -0.06946703 -0.01034640 -0.05099896
v -0.06601981 -0.00982334 -0.05243665
v -0.07659473 -0.01050674 -0.06096614
v -0.07814779 -0.00709312 -0.05671290
v -0.07729593 -0.00461556 -0.05600184
v -0.07663675 -0.00448721 -0.05906876
v 0.03787799 0.03971127 0.03969015
v 0.09128322 0.01156450 -0.06713862
v 0.09141787 0.00906054 -0.06830977
v 0.09206311 0.00723266 -0.06666619
v 0.09192360 0.00925238 -0.06519213
v 0.08822195 -0.00561296 -0.06724872
v 0.08840092 0.00145592 -0.06827331
v 0.08947375 0.00389955 -0.06879134
v 0.08971044 0.00165563 -0.06806304
v 0.08811741 -0.01596171 -0.06401443
v 0.08695368 -0.01529892 -0.06393977
v 0.08821154 -0.01078346 -0.06570643
v 0.08960033 -0.01120769 -0.06628765
v 0.07449420 -0.03690741 -0.03958065
v 0.07720177 -0.03379460 -0.04224882
v 0.07708600 -0.03684483 -0.04375375
v 0.07272238 -0.03896711 -0.04193974
v 0.06962492 -0.03688020 -0.04345095
v 0.07399059 -0.03741767 -0.04788499
v 0.07356398 -0.03382630 -0.04924374
v 0.06999978 -0.03383508 -0.04595279
v 0.08652820 0.02050376 -0.05460706
v 0.08713767 0.01679056 -0.05403247
v 0.08606090 0.01568715 -0.05210825
v 0.08518221 0.01933215 -0.05242601
v 0.07290832 -0.01125532 -0.06508031
v 0.07122217 -0.01749421 -0.06344929
v 0.07729801 -0.01283058 -0.06578815
v 0.07781663 -0.01025059 -0.06601836
v 0.08649525 0.01112415 -0.06073417
v 0.08656114 0.01177614 -0.06366644
v 0.08704078 0.00970297 -0.06490298
v 0.08637348 0.00851510 -0.06272117
v 0.08843730 0.01304720 -0.06797591
v 0.08865914 0.01023861 -0.06924052
v 0.07296968 -0.02709906 -0.03973887
v 0.07199078 -0.02354844 -0.03929362
v 0.07257764 -0.02201995 -0.04060146
v 0.07292331 -0.02309308 -0.04196159
v 0.07431357 -0.01074576 -0.05646305
v 0.07598267 -0.00627655 -0.05395906
v 0.08484444 -0.02679454 -0.05906131
v 0.08468711 -0.02470106 -0.05799096
v 0.08682061 -0.02061178 -0.06123521
v 0.08677719 -0.02202646 -0.06260581
v 0.08141346 -0.02259677 -0.05645554
v 0.08391770 -0.01962671 -0.05967209
v 0.08478189 -0.01887808 -0.06149384
v 0.08389373 -0.02113125 -0.05944034
v 0.08767352 0.01350421 -0.06190581
v 0.08637996 0.01564051 -0.05701427
v 0.08777247 0.01453407 -0.05576000
v 0.08942385 0.01244775 -0.05982016
v 0.07944398 0.00162479 -0.06500319
v 0.07771485 0.00662613 -0.06288497
v 0.07671604 0.00579403 -0.06285038
v 0.07815214 0.00138277 -0.06486689
v 0.08841398 0.01077846 -0.06625658
v 0.08879480 0.00862475 -0.06751221
v 0.08755852 0.00740509 -0.06630631
v 0.07786367 0.00813415 -0.05002493
v 0.07954668 0.00948821 -0.05203591
v 0.07970599 0.00790483 -0.05296431
v 0.07929134 0.00672275 -0.05223642
v 0.07678499 -0.03781541 -0.04743067
v 0.06997395 -0.02607900 -0.05682668
v 0.07168449 -0.02559084 -0.05839206
v 0.07433768 -0.02135953 -0.06111831
v 0.07273710 -0.02026905 -0.06167176
v 0.06971871 -0.03470378 -0.03804033
v 0.07314343 -0.03470665 -0.03791746
v 0.07378434 -0.03585783 -0.03886415
v 0.07049092 -0.03717773 -0.03926452
v 0.08050773 0.01261051 -0.05215469
v 0.08256173 0.01193432 -0.05393628
v 0.08085383 0.01110214 -0.05344084
v 0.07957260 0.01153232 -0.05204393
v 0.08734162 -0.00024806 -0.06668634
v 0.08670324 0.00599300 -0.06433641
v 0.08668259 -0.00940605 -0.06180749
v 0.08681700 -0.00898804 -0.06472997
v 0.08650748 -0.01308140 -0.06309493
v -0.02884510 -0.04794946 -0.11253303
v -0.01392073 -0.04781882 -0.11672143
v -0.01384986 -0.05894251 -0.11429673
v -0.02769440 -0.06185248 -0.10887126
v 0.08583161 -0.01333521 -0.06040663
v 0.08643005 -0.00142539 -0.06166115
v 0.08685762 -0.00128948 -0.06487396
v 0.09012302 0.00654385 -0.06560140
v 0.09033956 0.00085988 -0.06679080
v 0.08949768 0.00732008 -0.06651000
v 0.07586981 0.00922910 -0.06046540
v 0.07635594 0.01227366 -0.06425902
v 0.07521892 0.00608038 -0.06623866
v 0.07595030 0.00674141 -0.06202805
v 0.07314763 -0.01804480 -0.04118349
v 0.07411559 -0.01578658 -0.04269261
v 0.07275000 -0.01786931 -0.04444742
v 0.07184812 -0.02052130 -0.04368478
v 0.07511542 -0.02351226 -0.05990615
v 0.07244150 -0.02669051 -0.05767325
v 0.07306243 -0.02740264 -0.05704167
v 0.07574447 -0.02533402 -0.05864754
v 0.08456933 0.01262666 -0.05575065
v 0.08488491 0.00863679 -0.05692348
v 0.08330581 0.00857719 -0.05582881
v 0.07725148 -0.02181236 -0.04905605
v 0.07744835 -0.02054482 -0.05126080
v 0.07897083 -0.02325806 -0.05234057
v 0.07880045 -0.02532996 -0.05032033
v 0.08092433 -0.03354289 -0.05326166
v 0.07837294 -0.03378276 -0.05412760
v 0.07612705 -0.03590943 -0.05075915
v 0.07894845 -0.03589319 -0.05028044
v 0.07266658 -0.02166446 -0.04287122
v 0.07258601 -0.02055880 -0.04101192
v 0.08148674 0.00208474 -0.06653114
v 0.08014564 0.00796776 -0.06387030
v 0.08595963 0.00720373 -0.06076617
v 0.08628023 0.00489702 -0.06224737
v 0.07494074 -0.00528353 -0.04663524
v 0.07332691 -0.00491324 -0.04848063
v 0.07371910 -0.00578819 -0.04830393
v 0.07574201 -0.00672922 -0.04633661
v 0.07483631 -0.00562136 -0.04514770
v 0.07540946 -0.00722417 -0.04495871
v 0.07467499 -0.00723259 -0.04412998
v 0.07427745 -0.00639887 -0.04398220
v 0.07262903 -0.00475467 -0.04881090
v 0.07304747 -0.00503342 -0.04863217
v 0.07315907 -0.00450892 -0.04866158
v 0.07673275 -0.00192678 -0.05952366
v 0.07676401 -0.00928759 -0.06073236
v 0.07583345 -0.01040915 -0.06137481
v 0.07690281 -0.00460598 -0.05929539
v 0.08728644 -0.00794713 -0.06618505
v 0.08271767 0.01591383 -0.04879425
v 0.08183010 0.01880548 -0.04844656
v 0.08430648 0.02133138 -0.05215573
v 0.07187402 -0.01882274 -0.05407975
v 0.07530069 -0.01868255 -0.05143109
v 0.07503667 -0.01878957 -0.04980473
v 0.07243512 -0.01889351 -0.05227657
v 0.07345828 -0.01385188 -0.04752945
v 0.07129874 -0.01686967 -0.04737403
v 0.07468039 -0.01540516 -0.04528709
v 0.07483913 0.00022841 -0.04503811
v 0.07438613 -0.00360241 -0.04761042
v 0.07440693 -0.00449856 -0.04632406
v 0.07433169 -0.00415923 -0.04507859
v 0.08793788 -0.01666051 -0.06529254
v 0.08913663 -0.01142019 -0.06769626
v 0.08755407 -0.01152643 -0.06899427
v 0.08657034 -0.01715122 -0.06667474
v 0.07116298 -0.03060553 -0.03716733
v 0.06631441 -0.03262743 -0.04089728
v 0.06990379 -0.02739130 -0.03788713
v 0.08977086 0.01782290 -0.06239768
v 0.08793086 0.01951142 -0.06267999
v 0.08818413 0.01764962 -0.06474108
v 0.09045225 0.01603786 -0.06434642
v 0.07461027 0.00119388 -0.05261509
v 0.07436103 -0.00083904 -0.05254992
v 0.07493951 0.00031176 -0.05129829
v 0.07454541 0.00248740 -0.05115864
v 0.05165997 -0.03401696 -0.09544008
v 0.05993272 -0.03393749 -0.07678641
v 0.06397925 -0.02029811 -0.08493159
v 0.05673711 -0.02047806 -0.10058144
v 0.08177487 -0.03034890 -0.05235834
v 0.08099758 -0.03253850 -0.04976176
v 0.07684926 0.00777570 -0.04348123
v 0.07623637 0.00948856 -0.04263651
v 0.07657039 0.01512634 -0.04441050
v 0.07777371 0.01191722 -0.04439365
v 0.08934825 0.00274852 -0.07110795
v 0.09158027 0.00209716 -0.06988547
v 0.08003081 0.01253760 -0.05062360
v 0.08219337 0.01522243 -0.05344012
v 0.08067817 0.01326860 -0.05236598
v 0.07943141 0.01190922 -0.05083330
v 0.07955129 0.00453261 -0.04796481
v 0.08017883 0.00580565 -0.04784941
v 0.07837246 0.00669925 -0.04807784
v 0.07735554 0.00542186 -0.04840894
v 0.07528611 0.01459907 -0.04200030
v 0.07594188 0.01984787 -0.04520257
v 0.06785074 -0.02635076 -0.05650586
v 0.07883044 0.00653990 -0.04525483
v 0.07961543 0.00918016 -0.04553710
v 0.08084040 0.00758944 -0.04773317
v -0.04772215 -0.08547349 -0.08987163
v -0.04230033 -0.07745425 -0.09519874
v -0.04004826 -0.08972830 -0.09890481
v -0.04936019 -0.09341660 -0.08985352
v 0.07102847 -0.02264159 -0.03773747
v 0.07210798 -0.02101654 -0.03950823
v 0.07906544 0.01160490 -0.05064705
v 0.07837090 0.01044332 -0.05059857
v 0.07696195 0.00657447 -0.04900150
v 0.07785834 0.00562311 -0.05134342
v 0.08174640 -0.00081125 -0.05787691
v 0.08290201 -0.00896964 -0.05893426
v 0.06726235 -0.01980531 -0.07103661
v 0.06359916 -0.03258269 -0.05682144
v 0.07723498 0.00713653 -0.04837535
v 0.07745041 0.00763705 -0.04847319
v 0.07676516 0.00694200 -0.04825956
v 0.07628940 0.00610773 -0.04880179
v 0.07968282 -0.03443685 -0.04723718
v 0.08174419 0.00530332 -0.05591307
v 0.07897216 0.00306480 -0.05388298
v 0.08058748 0.00522440 -0.05394564
v 0.09000053 -0.00675180 -0.06636562
v 0.09136686 0.00060680 -0.06662086
v 0.09262761 0.00073199 -0.06797796
v 0.09115618 -0.00694897 -0.06762754
v 0.06782713 -0.03547307 -0.04210709
v 0.07418031 -0.00151401 -0.05378918
v 0.07539472 -0.00293860 -0.05321750
v 0.07633844 0.00419424 -0.05185218
v 0.07558632 0.00520799 -0.04908833
v 0.07208468 -0.01792396 -0.03919897
v 0.08748131 0.01426172 -0.06355061
v 0.08805224 0.01271033 -0.06484197
v 0.08653720 0.01321576 -0.06245837
v 0.08631990 0.01424875 -0.06095593
v 0.08554768 0.01668681 -0.05915317
v 0.08485702 0.01718565 -0.05881942
v 0.08695976 0.01577736 -0.06195669
v 0.07864777 0.00463623 -0.05241568
v 0.07985961 0.00578316 -0.05309488
v 0.07721830 -0.02299055 -0.04729933
v 0.07821115 -0.02863351 -0.04722468
v 0.08546596 -0.01666916 -0.06083621
v 0.08415990 -0.01611192 -0.05826019
v 0.08501007 -0.00608290 -0.06961750
v 0.08481014 0.00259860 -0.06945506
v 0.08316297 0.00230792 -0.06770225
v 0.08387449 -0.00597524 -0.06835308
v 0.07781535 -0.00462958 -0.06591477
v 0.07441912 -0.00393732 -0.06580139
v 0.07388865 -0.00553720 -0.04353742
v 0.07340176 -0.00174237 -0.04158984
v 0.07501061 0.00319067 -0.05101226
v 0.07508794 0.00501053 -0.04953823
v 0.07898045 -0.02101195 -0.06246484
v 0.07535562 -0.02813804 -0.05509533
v 0.07927345 -0.02314943 -0.06061113
v 0.07124521 -0.02853814 -0.05314074
v 0.07103253 -0.02943006 -0.05072750
v 0.07357902 -0.02960294 -0.05224543
v 0.08114933 -0.02067565 -0.05560756
v 0.08340932 -0.01930352 -0.05795599
v 0.07326526 -0.00517392 -0.04941586
v 0.07209356 -0.00674542 -0.05121237
v 0.07142974 -0.00529628 -0.04917214
v 0.08478837 -0.00124174 -0.05975755
v 0.08558520 -0.00916456 -0.05999840
v 0.07990127 0.00806072 -0.04842655
v 0.07704236 -0.00127036 -0.04841496
v 0.07770609 0.00207743 -0.04644246
v 0.08280779 0.01090683 -0.04864414
v 0.08167649 0.00954757 -0.04895836
v 0.08090246 0.00871148 -0.04869936
v 0.08166268 0.00920604 -0.04787524
v 0.06711370 -0.01402177 -0.05121525
v 0.06936754 -0.01576758 -0.04921640
v 0.07096196 -0.01279726 -0.04853735
v 0.08464502 0.01627289 -0.05645336
v 0.08526272 0.01458613 -0.05748179
v 0.08195240 0.00865062 -0.06508694
v 0.08022292 0.00973074 -0.05284800
v 0.08025020 0.00832080 -0.05396127
v 0.07871718 0.02114045 -0.05876983
v 0.07907269 0.01870841 -0.05543883
v 0.07872847 0.01916064 -0.05425156
v 0.07838491 0.02398947 -0.05447273
v 0.07037747 -0.03217920 -0.04725023
v 0.07303482 -0.03188496 -0.04992704
v 0.07272337 -0.03063219 -0.05052470
v 0.07087508 -0.03064846 -0.04870078
v 0.07451827 -0.01886877 -0.04924878
v 0.07249349 -0.01903390 -0.05126329
v 0.08596534 -0.01518605 -0.06376946
v 0.08556475 -0.01613140 -0.06270676
v 0.08665756 -0.01206577 -0.06483194
v 0.08673220 -0.01062206 -0.06579942
v 0.07531215 0.00225655 -0.05605492
v 0.07501259 0.00089292 -0.05465208
v 0.07740798 0.01372545 -0.05709037
v 0.07994958 0.01568218 -0.05830343
v 0.08008204 0.01792187 -0.05515411
v 0.07796700 0.01630012 -0.05515964
v 0.08369908 0.00949062 -0.06689639
v 0.08021403 0.00683821 -0.05381887
v 0.08062734 0.00702754 -0.05455220
v 0.08005108 0.00724805 -0.05334688
v 0.07653696 0.00455733 -0.04878120
v 0.07883789 0.00336279 -0.04882988
v 0.08285212 0.01120548 -0.04980986
v 0.08541615 0.01442321 -0.05225808
v 0.08470672 0.01509997 -0.05362217
v 0.08232182 0.01206786 -0.04999989
v 0.07817050 0.00930458 -0.04894083
v 0.01358045 -0.03570985 -0.12291027
v 0.01540917 -0.02531397 -0.12994367
v -0.03883210 0.04763654 0.03764739
v -0.04638159 0.04625332 0.03212551
v -0.04526452 0.04064417 0.03593536
v -0.03789020 0.04124779 0.03998824
v 0.08063941 0.01861225 -0.04821397
v 0.08067142 0.02005146 -0.05150626
v 0.08178483 0.02085137 -0.05190687
v 0.08124709 0.01929701 -0.04862146
v 0.08627827 0.01313603 -0.06059365
v 0.08881209 0.00977077 -0.06554733
v 0.07654499 -0.00487405 -0.05214661
v 0.07381020 -0.00756032 -0.05279734
v 0.06453115 -0.00832964 -0.05156460
v 0.06481625 -0.00717283 -0.05131791
v 0.06546749 -0.00749127 -0.05231183
v 0.06541558 -0.00836044 -0.05272761
v 0.06889454 -0.01368265 -0.05372289
v 0.07123179 -0.01438337 -0.05274054
v 0.07034705 -0.01581206 -0.05125324
v 0.06844521 -0.01490057 -0.05307667
v 0.06414937 -0.01091598 -0.05220932
v 0.06434280 -0.00951453 -0.05183843
v 0.06508147 -0.00996080 -0.05321570
v 0.06495259 -0.01148498 -0.05404217
v 0.08391096 0.01683210 -0.05486783
v 0.08538274 0.01663346 -0.05688949
v 0.09086873 0.00819262 -0.06405798
v 0.09108080 0.00627395 -0.06533432
v 0.08827313 0.01352401 -0.06277043
v 0.08865625 0.01173947 -0.06408876
v 0.07405048 -0.01308580 -0.04265502
v 0.07507963 -0.01288893 -0.04427278
v 0.07490882 -0.01450229 -0.04423325
v 0.09182580 0.01069593 -0.06371312
v 0.09095167 0.01372442 -0.06567642
v 0.07369161 -0.03045953 -0.03867143
v 0.07259677 -0.03214337 -0.03747446
v 0.04476583 -0.10359371 -0.02391118
v 0.05573185 -0.09850535 -0.03539252
v 0.05507802 -0.10887518 -0.03494000
v 0.04472326 -0.11382926 -0.02346203
v 0.08158401 0.01416271 -0.04757979
v 0.08000873 0.01703696 -0.04751623
v 0.06434299 -0.01287684 -0.05264374
v 0.06439523 -0.01308098 -0.05277250
v 0.06701224 -0.01482372 -0.05244634
v 0.06877880 -0.00903878 -0.04967362
v 0.06521211 -0.00858476 -0.05091392
v 0.06927744 -0.01212253 -0.05351465
v 0.06876734 -0.00697314 -0.05186329
v 0.06858803 -0.00587205 -0.05061127
v 0.07011095 -0.01854691 -0.04829668
v 0.07125852 -0.01930812 -0.04989269
v 0.07271885 -0.01997971 -0.04677878
v 0.06543787 -0.01349605 -0.05432693
v 0.07636855 0.00355034 -0.05402017
v 0.07195129 -0.01176120 -0.05311147
v 0.07332913 -0.01392986 -0.05507059
v 0.07277113 -0.01558840 -0.05413677
v 0.07147723 -0.01348790 -0.05306840
v 0.07983514 -0.02362257 -0.05376293
v 0.07963277 -0.02185990 -0.05387083
v 0.07222077 -0.01803472 -0.05615109
v 0.07518512 -0.01859987 -0.05437449
v 0.07675914 -0.00213855 -0.05219847
v 0.07802738 0.00075144 -0.04986293
v 0.07399058 -0.00507635 -0.05008629
v 0.07199552 -0.00959090 -0.05230695
v 0.07365029 -0.01182562 -0.05466341
v 0.06884135 -0.00793411 -0.04985098
v 0.07200090 -0.00755177 -0.04841974
v 0.07172966 -0.00651648 -0.04869954
v 0.06877463 -0.00698690 -0.05011343
v 0.08198706 0.00850613 -0.05516590
v 0.07874069 0.01511967 -0.04580416
v 0.08067721 0.01176790 -0.04638863
v 0.07950209 0.02565437 -0.06987097
v 0.07740995 0.01716659 -0.07478527
v 0.07817806 0.01762520 -0.06241548
v 0.06992996 -0.01053022 -0.05305543
v 0.06498853 -0.00672904 -0.05136856
v 0.06569427 -0.00730182 -0.05123954
v 0.08576047 -0.01943356 -0.06127895
v 0.07323671 -0.02086277 -0.04617681
v 0.07558964 0.00266066 -0.04937796
v 0.08442330 -0.01104054 -0.06843571
v 0.08360752 -0.01650597 -0.06648625
v 0.07517807 0.00411120 -0.04944249
v 0.07530875 0.00517971 -0.04945531
v 0.07198733 -0.01931058 -0.05080576
v 0.07406507 -0.01948816 -0.04811099
v 0.07563695 0.00542351 -0.04913628
v 0.07545292 -0.01337418 -0.04562769
v 0.08617155 0.00853747 -0.05947975
v 0.07690544 -0.03110056 -0.05461461
v 0.07498407 -0.03262812 -0.05172307
v 0.06561521 -0.00761260 -0.05078170
v 0.06900814 -0.01572188 -0.05071367
v 0.06912834 -0.00864144 -0.05216850
v 0.07420035 -0.00962528 -0.04756947
v 0.07398308 -0.01180385 -0.04731870
v 0.07540089 -0.01109069 -0.04546292
v 0.07606073 -0.01794935 -0.05599430
v 0.07262552 -0.01596558 -0.05812230
v 0.07365824 -0.01506791 -0.06021830
v 0.07792120 -0.01667486 -0.05712104
v 0.08237181 -0.02154318 -0.06410094
v 0.08068822 -0.02605840 -0.06085473
v 0.08298087 -0.02778736 -0.06070638
v 0.08529852 -0.02283001 -0.06402516
v 0.08002415 0.04217253 -0.07832877
v 0.07986996 0.03160673 -0.06314458
v 0.08034992 0.04871213 -0.06709514
v 0.08301749 0.01719055 -0.06270349
v 0.08289254 0.01492814 -0.06416173
v 0.08825359 0.01553799 -0.06643341
v 0.07781769 0.02231285 -0.04973936
v 0.07853113 0.01947363 -0.05298968
v 0.08047349 0.01933190 -0.05152369
v 0.08844920 -0.00653965 -0.07046242
v 0.07587723 0.00400967 -0.04371807
v 0.07799485 0.00415144 -0.04552565
v 0.07794894 -0.01973328 -0.06332053
v 0.07936728 -0.01865315 -0.05438336
v 0.08184560 -0.01777161 -0.05605863
v 0.08844171 0.01684868 -0.05618676
v 0.08653435 0.01476695 -0.05400541
v 0.00932311 -0.11525288 0.00559275
v 0.00937174 -0.12259149 0.00233472
v 0.00817349 -0.00752843 0.05712600
v 0.00919244 -0.00753619 0.05583313
v 0.00755699 -0.00588475 0.05480259
v 0.00719442 -0.00600383 0.05541441
v 0.00860871 -0.01547711 0.05626744
v 0.00794037 -0.01426950 0.05551921
v 0.00920130 -0.01409108 0.05452495
v 0.01015652 -0.01485143 0.05560205
v 0.00644515 -0.00594497 0.05484324
v 0.00550776 -0.00803240 0.05743660
v 0.00659930 -0.00800524 0.05802584
v 0.00676214 -0.00604191 0.05516582
v 0.08868456 0.01996624 -0.05689187
v 0.01275568 -0.01468787 0.05643463
v 0.01148090 -0.01300929 0.05565115
v 0.01195802 -0.01279393 0.05744564
v 0.01429776 -0.01408500 0.05782815
v 0.00518809 -0.01481668 0.06383985
v 0.00633202 -0.01276681 0.06382267
v 0.00523811 -0.01362360 0.06184790
v 0.00519397 -0.01547152 0.06135734
v 0.00851630 -0.01221751 0.06313303
v 0.01049029 -0.01270823 0.06487734
v 0.01238909 -0.01261871 0.06312418
v 0.01016067 -0.01250180 0.06164239
v 0.00544981 -0.01174963 0.05755574
v 0.00635380 -0.01367431 0.05856560
v 0.00485293 -0.01133432 0.06055622
v 0.01133904 -0.01077196 0.05599123
v 0.01103025 -0.01145177 0.05479751
v 0.00914224 -0.00814030 0.05469086
v 0.00935498 -0.00786332 0.05466991
v 0.04723974 -0.08573356 -0.02396199
v 0.05724609 -0.08419657 -0.03740258
v 0.03505635 0.00833009 0.03687796
v 0.03396749 0.00558369 0.03751508
v 0.03010018 0.00696389 0.03844499
v 0.03125532 0.00926891 0.03776781
v 0.07552715 -0.00902462 -0.04467324
v 0.07464032 -0.00827770 -0.04373572
v 0.08288458 0.01234229 -0.06549633
v 0.08686729 0.01488477 -0.06238776
v 0.08332825 0.01872836 -0.06088823
v 0.08278608 0.02031525 -0.05635363
v 0.08122832 0.01909989 -0.05568333
v 0.08135018 0.01724492 -0.05951317
v 0.09032172 0.01429842 -0.06077521
v 0.07439820 -0.02228783 -0.04564467
v 0.08331960 0.00458609 -0.05784826
v 0.08227741 0.02083297 -0.05396773
v 0.08542794 0.02193045 -0.05441376
v 0.08842839 -0.00634356 -0.06627727
v 0.09106789 0.01295769 -0.06240886
v 0.08989158 0.01135994 -0.06136123
v 0.08384254 0.01289149 -0.04930177
v 0.07621040 -0.01237400 -0.06120676
v 0.08178394 -0.01233433 -0.05852421
v 0.08004485 -0.01503524 -0.05787635
v -0.09156258 0.01196497 -0.06854874
v -0.09171476 0.00955249 -0.06971873
v -0.09236959 0.00772542 -0.06788293
v -0.09218230 0.00969935 -0.06650384
v -0.08849111 -0.00533701 -0.06844550
v -0.08870671 0.00158677 -0.06965051
v -0.08959603 0.00414273 -0.07023992
v -0.09015350 0.00191850 -0.06939378
v 0.07532693 -0.01428703 -0.06098541
v 0.07471633 -0.00023066 -0.05435383
v 0.07195009 -0.01725670 -0.03711056
v 0.07976442 -0.02809849 -0.05073035
v -0.08838190 -0.01544221 -0.06519400
v -0.08726986 -0.01490618 -0.06504741
v -0.08843462 -0.01032485 -0.06670894
v -0.08997165 -0.01069977 -0.06720673
v 0.08068051 -0.02685978 -0.05317542
v 0.02995466 -0.03521650 -0.11719849
v 0.03364139 -0.02400423 -0.12348765
v 0.09033411 -0.00677799 -0.06928349
v 0.08433302 0.01715614 -0.05609921
v 0.07611754 -0.02276718 -0.04654187
v 0.07631122 -0.02820815 -0.04414956
v 0.07492488 -0.02745285 -0.04272449
v 0.08041931 0.00748171 -0.05449964
v 0.07718199 -0.01846220 -0.06335032
v 0.07704820 -0.01629574 -0.06473721
v 0.06561341 -0.00689652 -0.05200537
v 0.07978071 -0.02450633 -0.06053243
v 0.07627315 -0.02949112 -0.05477783
v 0.05991499 -0.08104847 -0.05143401
v 0.05663282 -0.07781046 -0.06736993
v -0.07595608 -0.03581352 -0.04023533
v -0.07853393 -0.03279018 -0.04297242
v -0.07847376 -0.03565878 -0.04443446
v -0.07377671 -0.03721379 -0.04277845
v 0.05740454 -0.08993667 -0.06503966
v 0.05967452 -0.09401315 -0.04989132
v 0.07235891 -0.00348631 -0.03844783
v 0.07281649 -0.01046208 -0.04070099
v 0.07247018 -0.01165267 -0.03897164
v 0.02331039 -0.10568470 -0.00102318
v 0.02050808 -0.11830158 -0.00357859
v 0.07131376 -0.01654454 -0.03380121
v 0.07013325 -0.01684847 -0.02249159
v 0.07140857 -0.00102212 -0.02279242
v 0.07143505 -0.00664518 -0.03325391
v 0.05935302 0.02933022 0.01337327
v 0.06070863 0.02981049 0.00858740
v 0.06147315 0.02101679 0.00885247
v 0.05959495 0.02216231 0.01277220
v 0.01797055 0.08492850 0.02707167
v 0.00838576 0.08611319 0.02916425
v 0.00839547 0.09298323 0.02438332
v 0.01830539 0.09173238 0.02208971
v 0.03555349 -0.01553318 -0.12716730
v 0.03739562 -0.00479187 -0.13127849
v 0.01754087 -0.00761301 -0.13845272
v 0.01641927 -0.01753693 -0.13382536
v 0.01860894 0.10964880 0.00199995
v 0.00840931 0.11111268 0.00431618
v 0.00858958 0.11653841 -0.00497296
v -0.07052633 -0.03570873 -0.04420044
v -0.07442057 -0.03598240 -0.04864898
v -0.07384215 -0.03276522 -0.05006285
v -0.07071646 -0.03285155 -0.04681759
v 0.01900026 0.11483736 -0.00697605
v 0.05213689 0.00368585 0.02705765
v 0.05332296 -0.00254720 0.02719681
v 0.04940500 -0.00248932 0.03053977
v 0.04897081 0.00378074 0.02987418
v 0.07646663 -0.03272186 -0.04101051
v 0.07530389 -0.03164772 -0.04002787
v -0.08716384 0.02047189 -0.05602642
v -0.08779666 0.01676636 -0.05555456
v -0.08671033 0.01558131 -0.05375643
v -0.08582660 0.01924047 -0.05388622
v -0.07410970 -0.01067108 -0.06540775
v -0.07242737 -0.01689726 -0.06383318
v -0.07838833 -0.01222838 -0.06627907
v -0.07885875 -0.00963231 -0.06657138
v 0.00884010 0.12128504 -0.01601473
v 0.01953498 0.11941413 -0.01765745
v 0.01352483 0.01561779 0.04414759
v -0.08603676 0.01104571 -0.06280061
v -0.08663378 0.01167558 -0.06548098
v -0.08708578 0.00973941 -0.06654343
v -0.08630621 0.00847594 -0.06439266
v -0.08867838 0.01340769 -0.06938885
v -0.08878285 0.01071791 -0.07076541
v -0.07468525 -0.02628294 -0.04069554
v -0.07334182 -0.02283190 -0.04042247
v -0.07375772 -0.02133152 -0.04177782
v -0.07445500 -0.02240358 -0.04299361
v -0.07617392 -0.01068381 -0.05791885
v -0.07764417 -0.00612763 -0.05545085
v -0.08501161 -0.02564724 -0.06014228
v -0.08522049 -0.02387627 -0.05898855
v -0.08717988 -0.01985360 -0.06219791
v -0.08700935 -0.02117129 -0.06380693
v 0.01391420 0.01737328 0.04144170
v 0.01744861 0.01440148 0.04024612
v 0.01706897 0.01259358 0.04235556
v 0.00727168 0.05875926 0.04162201
v 0.00785954 0.06638021 0.03747382
v 0.01617736 0.06604809 0.03611024
v 0.01536534 0.05873216 0.04082533
v 0.02196237 0.01223649 0.03933983
v 0.02102529 0.01042688 0.04078582
v 0.00834033 0.09950913 0.01838741
v 0.01842005 0.09822347 0.01595356
v 0.01951174 0.12676615 -0.06617962
v -0.08252753 -0.02227467 -0.05728375
v -0.08473643 -0.01928155 -0.06061829
v -0.08530952 -0.01851954 -0.06255361
v -0.08467856 -0.02081523 -0.06046329
v 0.01979048 0.12670812 -0.05807045
v 0.00878313 0.12942107 -0.05841642
v -0.08771143 0.01361286 -0.06375180
v -0.08642377 0.01571088 -0.05893765
v -0.08819812 0.01464651 -0.05749548
v -0.08978947 0.01267036 -0.06154677
v 0.01000905 0.12884158 -0.07063273
v 0.06929536 -0.00183164 -0.09188240
v 0.07241979 -0.00357187 -0.07641099
v 0.07528156 0.00853668 -0.07751692
v 0.07335279 0.01490850 -0.09404390
v 0.03285413 -0.09860685 -0.01138693
v 0.03135420 -0.11134798 -0.01375611
v -0.08009214 0.00210259 -0.06607003
v -0.07845858 0.00693679 -0.06396176
v -0.07786717 0.00611418 -0.06370714
v -0.07931142 0.00186079 -0.06576607
v -0.08852337 0.01090620 -0.06789784
v -0.08891214 0.00877824 -0.06903032
v -0.08752828 0.00749958 -0.06782089
v -0.07856408 0.00770793 -0.05193182
v -0.08034588 0.00903639 -0.05405617
v -0.07992358 0.00762022 -0.05499592
v -0.08007866 0.00632029 -0.05416961
v -0.07748903 -0.03621680 -0.04831339
v -0.07102854 -0.02547923 -0.05743928
v -0.07258618 -0.02490484 -0.05908479
v -0.07540157 -0.02069102 -0.06184609
v -0.07393093 -0.01962694 -0.06226097
v 0.05109559 0.05026582 0.01959968
v 0.05284224 0.05557398 0.01481823
v 0.05603781 0.04881643 0.01154306
v 0.05465236 0.04437316 0.01686716
v 0.00594340 0.04646173 0.04739952
v 0.01337190 0.04619810 0.04686756
v 0.01151626 0.04039613 0.04679125
v 0.00530810 0.04079626 0.04774182
v -0.07105076 -0.03379276 -0.03865241
v -0.07462462 -0.03372678 -0.03838523
v -0.07519316 -0.03483303 -0.03949171
v -0.07175528 -0.03597219 -0.03989695
v 0.05941886 0.01507168 0.01331128
v 0.06172318 0.01223802 0.01060316
v 0.06057250 0.00446794 0.01575911
v 0.05783164 0.00830015 0.01777458
v 0.05466375 0.00446981 0.02405188
v -0.08096361 0.01228743 -0.05417399
v -0.08250816 0.01171365 -0.05608796
v -0.08100857 0.01088219 -0.05552275
v -0.08016405 0.01119809 -0.05401394
v 0.05638691 -0.00153880 0.02388017
v -0.08764366 -0.00015367 -0.06802904
v -0.08663618 0.00605583 -0.06582571
v 0.01727475 0.07562578 0.03268118
v 0.00810069 0.07652564 0.03425092
v 0.05869434 0.03951422 0.00911621
v 0.05746234 0.03694292 0.01465202
v 0.01096755 0.01847134 0.04639041
v 0.01162721 0.01987125 0.04303610
v 0.00906323 0.02333567 0.04483369
v -0.08737887 -0.00921173 -0.06267887
v -0.08715705 -0.00877867 -0.06575142
v -0.08716533 -0.01283334 -0.06394465
v -0.08690213 -0.01309448 -0.06111191
v 0.00480950 0.02302602 0.05044763
v 0.00454155 0.02656096 0.04854088
v 0.00800503 0.02641425 0.04511025
v 0.03209261 0.05809734 0.03371891
v 0.03290794 0.06462598 0.02902811
v 0.04010389 0.06354401 0.02436051
v 0.03907744 0.05709507 0.02858570
v 0.01848928 0.10406983 0.00944730
v -0.08713250 -0.00142892 -0.06272283
v -0.08719175 -0.00121180 -0.06605193
v 0.00832434 0.10541210 0.01185502
v 0.00451330 0.03456127 0.04696489
v 0.00896327 0.03449379 0.04497259
v 0.00819719 0.03156753 0.04431073
v -0.09042002 0.00693888 -0.06700285
v -0.09087092 0.00121582 -0.06801430
v -0.08973625 0.00761242 -0.06793887
v -0.07665014 0.00957287 -0.06134166
v -0.07697105 0.01271156 -0.06512552
v -0.07646912 0.00669659 -0.06702460
v -0.07690956 0.00729423 -0.06298086
v 0.00444741 0.03164688 0.04688692
v 0.02551695 0.00848409 0.03954565
v 0.02647245 0.01049593 0.03864243
v 0.06686790 -0.03175177 -0.04739057
v 0.06853748 -0.03309702 -0.04577837
v 0.07348894 0.01480861 -0.03603192
v 0.07219026 0.00402906 -0.03422153
v 0.07186759 0.01211598 -0.02377282
v 0.07214692 0.02517767 -0.02597577
v 0.07411131 0.03777626 -0.02935120
v 0.07496253 0.04546078 -0.03415843
v 0.07676067 0.02939268 -0.04135527
v 0.07526955 0.02399249 -0.03810790
v 0.05271294 -0.08714586 -0.07845497
v 0.05026951 -0.07644864 -0.08204590
v 0.00478029 0.02007041 0.05294208
v 0.00476255 0.01715313 0.05536731
v 0.01986041 0.03538459 -0.14803970
v -0.07351217 -0.01737284 -0.04259552
v -0.07457996 -0.01524285 -0.04419807
v -0.07313691 -0.01728195 -0.04574028
v -0.07295439 -0.02000266 -0.04478386
v 0.01928399 0.02149914 -0.14669842
v 0.03980584 0.02553853 -0.13813633
v 0.04009570 0.03881784 -0.13904156
v 0.06617588 -0.01257679 -0.08845872
v -0.07609345 -0.02278634 -0.06067051
v -0.07330880 -0.02593891 -0.05832377
v -0.07381939 -0.02665455 -0.05775837
v -0.07637383 -0.02441836 -0.05934805
v 0.06978601 -0.01227355 -0.07413515
v 0.01069081 -0.01029208 0.05769208
v 0.00740811 -0.00558269 0.05410947
v 0.00810262 -0.00845542 0.05497678
v 0.00748988 -0.00556784 0.05411758
v 0.01143485 -0.01275125 0.05973089
v 0.01408118 -0.01296218 0.06074855
v 0.00852507 -0.01249876 0.05406496
v 0.00751671 -0.01259716 0.05448835
v 0.00744179 -0.00835138 0.05521850
v 0.00765318 -0.00556012 0.05423690
v 0.00208648 -0.01619431 0.06596646
v 0.00260554 -0.01499373 0.06867130
v 0.00674002 -0.01388976 0.06762034
v 0.00522450 -0.01521439 0.06570600
v 0.00666755 -0.00577072 0.05482078
v 0.00571897 -0.00845616 0.05627757
v 0.00573513 -0.01068984 0.06188324
v 0.00733009 -0.00777043 0.05790475
v 0.00696058 -0.00600018 0.05535467
v 0.00770622 -0.01031533 0.06103206
v 0.00638331 -0.01568797 0.05892389
v 0.00923813 -0.01016971 0.05961161
v -0.08417397 0.01255460 -0.05790418
v -0.08457548 0.00833236 -0.05900836
v -0.08316823 0.00828503 -0.05795620
v -0.07856364 -0.02144524 -0.05018409
v -0.07898734 -0.02025683 -0.05223890
v -0.08011714 -0.02286734 -0.05336264
v -0.07972725 -0.02478792 -0.05148112
v 0.07791156 -0.01961154 -0.05300969
v 0.05828611 -0.06559447 -0.03336642
v 0.06246911 -0.05099513 -0.04101948
v 0.06187694 -0.05210237 -0.04606893
v -0.08105785 -0.03216884 -0.05422438
v -0.07854968 -0.03255463 -0.05524678
v -0.07667691 -0.03462437 -0.05178679
v -0.07938522 -0.03445883 -0.05131133
v -0.07430905 -0.02106315 -0.04385393
v -0.07339635 -0.01992325 -0.04228573
v -0.08185949 0.00258099 -0.06781147
v -0.08120399 0.00818880 -0.06503541
v 0.05983886 -0.06754389 -0.04192951
v 0.08194221 0.00700089 -0.05565020
v 0.06432823 0.05639908 -0.00541439
v 0.06572194 0.06762352 -0.01416349
v 0.07155189 0.05669953 -0.02551953
v -0.08584553 0.00700425 -0.06243366
v -0.08635858 0.00488081 -0.06367786
v 0.07139923 0.04676056 -0.02099862
v 0.06637459 0.07763053 -0.02171387
v 0.07191758 0.06741443 -0.03240915
v 0.07562996 0.05577092 -0.04181397
v 0.07874978 0.03519610 -0.05499809
v 0.04380161 0.02013564 0.03190194
v 0.04392990 0.01999095 0.03203675
v 0.04237213 0.01977271 0.03335266
v -0.07612394 -0.00515858 -0.04825513
v -0.07454865 -0.00482743 -0.05005969
v -0.07486321 -0.00566887 -0.04988943
v -0.07680635 -0.00655952 -0.04795121
v 0.04241176 0.01986204 0.03315928
v 0.04343230 0.02025423 0.03128633
v 0.04186098 0.01993060 0.03240396
v -0.07598311 -0.00542901 -0.04673367
v -0.07648785 -0.00699478 -0.04655536
v -0.07573695 -0.00698068 -0.04571340
v -0.07537840 -0.00615657 -0.04556389
v 0.04434432 0.02057696 0.03030267
v 0.04482783 0.02032949 0.03082543
v 0.04506944 0.02013503 0.03096122
v 0.02620611 0.02160356 0.03535118
v 0.02707840 0.02186571 0.03482358
v 0.02967427 0.02093050 0.03494265
v 0.02885529 0.02092774 0.03597500
v 0.02597645 0.02135292 0.03575657
v 0.02881016 0.02056517 0.03637117
v -0.07389429 -0.00468373 -0.05038240
v -0.07427239 -0.00494977 -0.05021100
v -0.07443544 -0.00443184 -0.05025195
v -0.07736618 -0.00178399 -0.06151257
v -0.07827053 -0.00923556 -0.06203726
v -0.07735360 -0.01031925 -0.06243694
v -0.07819605 -0.00442556 -0.06086810
v 0.03020027 0.02330497 0.02935559
v 0.02966801 0.02357759 0.02928617
v -0.08757854 -0.00770268 -0.06737732
v 0.03101554 0.02293989 0.02946816
v 0.02447443 0.02298354 0.03321477
v 0.02462936 0.02385766 0.03307051
v -0.08375890 0.01567794 -0.05019851
v -0.08287054 0.01846710 -0.04976351
v -0.08535242 0.02098081 -0.05356370
v 0.02939159 0.02425434 0.02926235
v 0.02932888 0.02374852 0.02925627
v 0.02485288 0.02272751 0.03339391
v -0.07340987 -0.01863805 -0.05532657
v -0.07682444 -0.01830957 -0.05262618
v -0.07598132 -0.01821793 -0.05102527
v -0.07384492 -0.01870828 -0.05349517
v -0.07409315 -0.01350144 -0.04890892
v -0.07182546 -0.01645861 -0.04857748
v -0.07517819 -0.01492629 -0.04670510
v -0.07583039 0.00030523 -0.04670559
v -0.07554172 -0.00348164 -0.04909436
v -0.07561125 -0.00436488 -0.04791120
v -0.07549299 -0.00401535 -0.04668692
v -0.08839448 -0.01607360 -0.06655562
v -0.08946412 -0.01088228 -0.06887833
v -0.08793167 -0.01099793 -0.07037883
v -0.08691316 -0.01653422 -0.06804001
v 0.02318442 0.02253544 0.03354787
v 0.02217588 0.02268163 0.03315547
v -0.07249687 -0.02979514 -0.03787016
v -0.06710675 -0.03183964 -0.04175172
v -0.07145742 -0.02668499 -0.03891109
v -0.09040507 0.01793256 -0.06379864
v -0.08853279 0.01952046 -0.06399155
v -0.08873022 0.01774073 -0.06611000
v -0.09092680 0.01622645 -0.06579148
v -0.07582803 0.00116347 -0.05422908
v -0.07566357 -0.00078671 -0.05414673
v -0.07605737 0.00022535 -0.05290850
v -0.07577746 0.00235844 -0.05281812
v 0.02227373 0.02395888 0.03313432
v 0.03410233 0.01941281 0.03640093
v 0.03432589 0.01857791 0.03634542
v 0.02954424 0.01902634 0.03655464
v 0.02911665 0.01992814 0.03653901
v 0.03390256 0.01994307 0.03629726
v 0.03736752 0.01993719 0.03534355
v 0.03747938 0.01941479 0.03543510
v 0.03756966 0.01858386 0.03533038
v -0.05298406 -0.03343663 -0.09559922
v -0.06103802 -0.03314833 -0.07710714
v -0.06508501 -0.01948063 -0.08530984
v -0.05794550 -0.01983502 -0.10086079
v -0.08222979 -0.02936666 -0.05338280
v -0.08154515 -0.03142676 -0.05083561
v -0.07755291 0.00764875 -0.04547111
v -0.07697901 0.00943993 -0.04408826
v -0.07747164 0.01497500 -0.04557025
v -0.07838862 0.01180014 -0.04600613
v 0.02616300 0.02003235 0.03634503
v 0.02604950 0.02093811 0.03610852
v 0.03753518 0.01787145 0.03520824
v 0.03456310 0.01786982 0.03616269
v -0.08958346 0.00326123 -0.07270782
v -0.09194516 0.00262503 -0.07132664
v 0.02977869 0.01833330 0.03645102
v 0.02616032 0.01955992 0.03644300
v 0.02331804 0.02080495 0.03582691
v 0.02446608 0.02107188 0.03588802
v 0.03449204 0.01720268 0.03591210
v 0.03441331 0.01641606 0.03559743
v 0.02968456 0.01679257 0.03625094
v 0.02977500 0.01770464 0.03638332
v -0.08063158 0.01215755 -0.05266287
v -0.08216614 0.01513271 -0.05554378
v -0.08079471 0.01298781 -0.05443779
v -0.07995158 0.01151499 -0.05287706
v -0.08038860 0.00435815 -0.05013862
v -0.08098269 0.00554565 -0.05005518
v -0.07921072 0.00633863 -0.05025889
v -0.07829278 0.00510249 -0.05049310
v 0.03748336 0.01720743 0.03494049
v 0.03734419 0.01632688 0.03469139
v -0.07612613 0.01445630 -0.04295636
v -0.07679131 0.01942409 -0.04607940
v 0.04621072 0.02002155 0.02922734
v 0.04676276 0.02047048 0.02833383
v 0.04668012 0.01984834 0.02837867
v -0.06890036 -0.02575337 -0.05694666
v 0.04630560 0.01948411 0.02884656
v 0.04840543 0.01662935 0.02556846
v 0.04936658 0.01778649 0.02474429
v 0.05063171 0.01682201 0.02318560
v -0.07951916 0.00640620 -0.04746418
v -0.08022823 0.00900337 -0.04766957
v -0.08147077 0.00740730 -0.04992652
v -0.07205542 -0.02196814 -0.03905745
v -0.07281936 -0.02034186 -0.04089640
v -0.07968719 0.01123758 -0.05261530
v -0.07912870 0.01007672 -0.05246240
v -0.07785032 0.00613238 -0.05093257
v -0.07880851 0.00534789 -0.05310710
v 0.04957594 0.01547009 0.02453359
v -0.08294107 -0.00097919 -0.05916012
v -0.08405738 -0.00881778 -0.05963690
v 0.05655799 0.00598451 0.02067896
v 0.05154514 0.01220676 0.02397109
v 0.05279928 0.01359219 0.02171817
v 0.04568633 0.01992952 0.03001878
v 0.04504966 0.01973858 0.03095620
v 0.04567036 0.02024272 0.03003361
v 0.04617259 0.02049530 0.02910588
v 0.04575629 0.01919004 0.02966637
v 0.04507180 0.01903926 0.03068976
v 0.04396261 0.01965029 0.03201911
v 0.04396362 0.01894121 0.03184819
v 0.04236113 0.01871123 0.03320012
v 0.04233284 0.01947397 0.03334532
v 0.04032301 0.01941649 0.03445303
v -0.06821044 -0.01879316 -0.07160132
v -0.06466430 -0.03201511 -0.05717843
v 0.04057090 0.01982043 0.03430985
v 0.04034180 0.01857004 0.03431114
v 0.04238180 0.01802665 0.03284966
v 0.04036358 0.01788538 0.03410504
v 0.04390307 0.01819550 0.03137504
v 0.04512190 0.01837889 0.03019664
v 0.04588367 0.01866317 0.02913144
v 0.04658744 0.01898018 0.02831644
v 0.04708833 0.01953132 0.02776819
v 0.04617421 0.01805580 0.02857860
v 0.04669363 0.01715748 0.02777119
v 0.04544874 0.01683056 0.02909424
v 0.04531451 0.01771263 0.02976549
v 0.04704280 0.01844341 0.02762392
v 0.04773910 0.01760508 0.02666007
v -0.07809003 0.00669408 -0.05048574
v -0.07825305 0.00715902 -0.05053977
v -0.07771197 0.00647847 -0.05022354
v -0.07729034 0.00567078 -0.05081617
v 0.04408516 0.01751757 0.03092228
v 0.04412959 0.01673158 0.03049184
v 0.04220252 0.01653126 0.03196755
v 0.04227974 0.01733781 0.03240715
v -0.08066719 -0.03327541 -0.04826392
v -0.08201206 0.00511900 -0.05765984
v -0.07984916 0.00286068 -0.05546762
v -0.08104531 0.00500830 -0.05573410
v 0.04022904 0.01725237 0.03361693
v 0.04020038 0.01633956 0.03323389
v -0.09028813 -0.00625868 -0.06710938
v -0.09196354 0.00105151 -0.06733844
v -0.09307200 0.00124295 -0.06882025
v -0.09141792 -0.00633616 -0.06844600
v 0.03375381 0.02007051 0.03599634
v 0.03345111 0.02023512 0.03488792
v 0.03683041 0.01993626 0.03437008
v 0.03737149 0.01991509 0.03504362
v 0.04058410 0.01978514 0.03411731
v -0.06875023 -0.03449807 -0.04284001
v -0.07571072 -0.00143388 -0.05531296
v -0.07703547 -0.00280529 -0.05482344
v 0.03974655 0.01991732 0.03352393
v 0.03669961 0.01989617 0.03314951
v 0.03512856 0.02206236 0.02916456
v 0.03646443 0.02205057 0.02878273
v 0.03938914 0.01987565 0.03238158
v -0.07750500 0.00389421 -0.05353009
v -0.07665479 0.00478742 -0.05095859
v 0.03364588 0.02022525 0.03364231
v 0.03363283 0.02220417 0.02938398
v 0.03046166 0.02104043 0.03371797
v -0.07281610 -0.01738906 -0.04066154
v 0.03217452 0.02255183 0.02951261
v 0.02782492 0.02179692 0.03395341
v 0.03550628 0.03065034 0.03781619
v 0.03521465 0.03065248 0.03853602
v 0.04104169 0.02987131 0.03738644
v 0.04065138 0.02980004 0.03687508
v 0.05039352 -0.00141239 -0.12065414
v 0.05191997 0.01378069 -0.12578076
v 0.03926186 0.00926047 -0.13554746
v 0.04279832 0.02776659 0.03492885
v 0.04289953 0.02874912 0.03527971
v 0.04527383 0.02759740 0.03328686
v 0.04506765 0.02675229 0.03291912
v 0.04276185 0.02660996 0.03499487
v -0.08732498 0.01433527 -0.06546355
v -0.08806917 0.01279307 -0.06661718
v -0.08630221 0.01320068 -0.06444471
v -0.08611371 0.01423761 -0.06298508
v -0.08536803 0.01667758 -0.06122784
v -0.08481655 0.01712374 -0.06077947
v -0.08674291 0.01581139 -0.06394136
v -0.07950194 0.00439744 -0.05404739
v -0.08034023 0.00554853 -0.05496601
v 0.04483399 0.02554583 0.03291704
v 0.04008594 0.02769791 0.03703441
v -0.07856315 -0.02251321 -0.04848948
v -0.07920991 -0.02787289 -0.04832288
v -0.08622807 -0.01631461 -0.06166535
v -0.08587058 -0.01596983 -0.05872332
v -0.08532561 -0.00554653 -0.07096927
v -0.08530965 0.00302109 -0.07094971
v -0.08379479 0.00273429 -0.06898648
v -0.08418734 -0.00538938 -0.06960523
v 0.04018767 0.02898864 0.03693957
v 0.04033171 0.02979312 0.03698631
v 0.04369501 0.02502872 0.02854752
v 0.04293409 0.02566365 0.02930567
v -0.07878949 -0.00404010 -0.06667317
v -0.07568976 -0.00329217 -0.06634637
v -0.07505865 -0.00529081 -0.04504182
v -0.07440556 -0.00151989 -0.04306528
v -0.07621972 0.00295555 -0.05279638
v -0.07635681 0.00460790 -0.05136102
v -0.07983001 -0.02030875 -0.06335153
v -0.07598031 -0.02739967 -0.05597729
v -0.07996652 -0.02240640 -0.06163162
v -0.07203528 -0.02802338 -0.05397116
v -0.07175118 -0.02890095 -0.05165284
v -0.07417010 -0.02896973 -0.05323300
v 0.04363000 0.02528097 0.03082579
v 0.04463215 0.02474439 0.02946118
v 0.04435732 0.02449719 0.02790926
v 0.04529289 0.02433940 0.02848280
v 0.03931654 0.02438357 0.02650289
v 0.03897280 0.02463185 0.02684110
v 0.03845128 0.02492011 0.02731265
v -0.08283221 -0.02050445 -0.05608430
v -0.08458424 -0.01899651 -0.05873467
v 0.03950971 0.02410970 0.02630293
v -0.07456602 -0.00510717 -0.05087359
v -0.07349703 -0.00667995 -0.05268417
v -0.07267531 -0.00519059 -0.05071871
v -0.08574524 -0.00144552 -0.06076167
v -0.08663348 -0.00907809 -0.06080693
v -0.08057183 0.00773201 -0.05069461
v 0.03959906 0.02379777 0.02621801
v -0.07820934 -0.00116779 -0.05014225
v -0.07861839 0.00212028 -0.04842994
v -0.08362188 0.01067517 -0.05069780
v -0.08233540 0.00920853 -0.05123218
v -0.08146651 0.00842376 -0.05099411
v -0.08225233 0.00900792 -0.05008928
v -0.06807289 -0.01390317 -0.05239489
v -0.07026722 -0.01561438 -0.05044809
v -0.07184944 -0.01260748 -0.04984019
v 0.03960782 0.02346366 0.02622035
v 0.03946867 0.02318237 0.02634255
v 0.05759839 -0.01018689 0.02137820
v 0.05876235 0.00070562 0.02005420
v -0.08453727 0.01626488 -0.05852289
v -0.08504790 0.01457402 -0.05953126
v -0.08238398 0.00902444 -0.06645344
v 0.06065607 -0.00759570 0.01697952
v 0.04540997 0.02055033 0.02984519
v -0.08082877 0.00932669 -0.05493157
v -0.08037050 0.00812317 -0.05601360
v 0.04594455 0.02087524 0.02894848
v -0.07907815 0.02088910 -0.05948737
v -0.07958593 0.01839385 -0.05631804
v -0.07927958 0.01880544 -0.05523588
v -0.07880300 0.02349840 -0.05526658
v 0.04487786 0.02083976 0.02943650
v -0.07104100 -0.03137376 -0.04812761
v -0.07361717 -0.03107424 -0.05098037
v -0.07332908 -0.02996986 -0.05153827
v -0.07150070 -0.03003058 -0.04956290
v -0.07537896 -0.01831339 -0.05047829
v -0.07381669 -0.01880921 -0.05245275
v 0.04534405 0.02126975 0.02867695
v -0.08645215 -0.01490204 -0.06487094
v -0.08609899 -0.01580900 -0.06369812
v -0.08704496 -0.01179173 -0.06589510
v -0.08714675 -0.01035760 -0.06693424
v 0.04649337 0.02138123 0.02810793
v 0.04685863 0.02108327 0.02807206
v 0.04276310 0.02034163 0.03054432
v 0.03837558 0.02223434 0.02784792
v 0.03889166 0.02238342 0.02738752
v -0.07626419 0.00202552 -0.05741096
v -0.07605457 0.00088730 -0.05626467
v -0.07831173 0.01351028 -0.05813459
v -0.08069595 0.01544839 -0.05942098
v -0.08066471 0.01767071 -0.05637508
v -0.07881729 0.01602367 -0.05629449
v -0.08408489 0.00988242 -0.06825071
v 0.04353547 0.02080096 0.02967493
v 0.04124836 0.02003052 0.03149547
v 0.03751542 0.02213211 0.02832973
v 0.03908584 0.02265890 0.02697414
v 0.03933416 0.02286920 0.02660577
v -0.08049505 0.00659241 -0.05575265
v -0.08075943 0.00677275 -0.05652158
v 0.04382451 0.02121186 0.02893327
v -0.08032628 0.00699043 -0.05530582
v 0.04428836 0.02168068 0.02820512
v 0.04568787 0.02191445 0.02809856
v -0.07758464 0.00428501 -0.05072110
v -0.07978124 0.00326529 -0.05088715
v -0.08326989 0.01095232 -0.05205985
v -0.08563770 0.01436226 -0.05431145
v -0.08470636 0.01499103 -0.05578665
v -0.08277161 0.01173687 -0.05218106
v 0.04478981 0.02274105 0.02738431
v 0.04480625 0.02332472 0.02739942
v 0.04586316 0.02239023 0.02786965
v -0.07897839 0.00885244 -0.05089239
v 0.04593376 0.02303614 0.02780824
v 0.04458924 0.02227165 0.02761687
v -0.01521808 -0.03559415 -0.12293278
v -0.01692354 -0.02518730 -0.12999137
v 0.04466961 0.02391126 0.02754962
v 0.04573999 0.02363101 0.02806055
v 0.04705537 0.02051387 0.02791208
v 0.04715621 0.02144017 0.02770352
v 0.04753925 0.02232056 0.02709077
v 0.04747699 0.02040252 0.02737840
v -0.08168443 0.01821767 -0.04943161
v -0.08164401 0.01966989 -0.05275060
v -0.08281122 0.02047087 -0.05320514
v -0.08233244 0.01890400 -0.04986385
v -0.08600470 0.01308657 -0.06264964
v 0.04807606 0.02028641 0.02658108
v 0.04761421 0.01908469 0.02694865
v 0.04842254 0.02290078 0.02663902
v 0.04961107 0.02276800 0.02616257
v -0.08902688 0.01000581 -0.06705529
v -0.07801505 -0.00474218 -0.05373090
v -0.07541117 -0.00753415 -0.05429443
v 0.04899027 0.01991032 0.02560988
v 0.04830877 0.01859066 0.02592260
v 0.04686230 0.02198676 0.02772233
v -0.06576249 -0.00832013 -0.05289799
v -0.06607422 -0.00717534 -0.05269028
v -0.06673310 -0.00744439 -0.05362636
v -0.06669156 -0.00834181 -0.05407581
v 0.04687269 0.02258024 0.02745379
v 0.04797186 0.02407151 0.02797472
v -0.07003500 -0.01352261 -0.05509961
v -0.07225674 -0.01425218 -0.05404020
v -0.07122404 -0.01567149 -0.05252650
v -0.06939206 -0.01476910 -0.05431662
v 0.04878252 0.02465874 0.02810905
v 0.04728756 0.02347636 0.02812888
v 0.04681089 0.02418415 0.02939492
v 0.04736231 0.02493630 0.02942405
v -0.06532510 -0.01088105 -0.05341090
v -0.06555071 -0.00949562 -0.05310550
v -0.06635547 -0.00994093 -0.05452249
v -0.06598753 -0.01139859 -0.05518078
v 0.04803503 0.02553341 0.02966354
v 0.04652248 0.02569120 0.03110208
v -0.08378592 0.01670367 -0.05696296
v -0.08536960 0.01658999 -0.05890483
v 0.04697485 0.02643905 0.03139544
v 0.04604940 0.02478124 0.03097704
v 0.04667191 0.02336236 0.02810787
v -0.09115457 0.00864558 -0.06550368
v -0.09140880 0.00675503 -0.06645092
v -0.08831304 0.01369794 -0.06455047
v -0.08883440 0.01194091 -0.06571965
v 0.04617648 0.02399739 0.02908086
v 0.04540548 0.02454874 0.03043662
v 0.04431476 0.02488818 0.03230704
v -0.07470296 -0.01268940 -0.04422254
v -0.07581724 -0.01253609 -0.04580636
v -0.07552373 -0.01408488 -0.04574730
v -0.09222291 0.01103647 -0.06509141
v -0.09132418 0.01403112 -0.06710649
v -0.07510275 -0.02954072 -0.03948364
v -0.07398806 -0.03126322 -0.03800685
v -0.04527912 -0.10229081 -0.02491337
v -0.05656516 -0.09722416 -0.03673767
v -0.05588095 -0.10764882 -0.03612318
v -0.04529115 -0.11280953 -0.02471814
v -0.08269076 0.01396140 -0.04899155
v -0.08110673 0.01676804 -0.04871781
v 0.04253352 0.02571467 0.03443601
v 0.04169482 0.02595314 0.03257558
v 0.03982563 0.02677232 0.03635639
v -0.06537181 -0.01281001 -0.05383317
v -0.06538583 -0.01297866 -0.05386423
v -0.06797724 -0.01467927 -0.05358227
v -0.06990505 -0.00894795 -0.05101509
v -0.06641339 -0.00855758 -0.05220901
v 0.03904871 0.02651524 0.03421977
v 0.03530745 0.03129247 0.03951897
v 0.04161971 0.03064711 0.03784839
v 0.03848747 0.02691727 0.03215711
v 0.03619087 0.02542413 0.02874034
v 0.03462448 0.02553371 0.02923258
v 0.03544746 0.02676743 0.03334316
v -0.07064644 -0.01205911 -0.05491195
v 0.02520276 0.02473794 0.03354025
v 0.02611670 0.02556181 0.03414015
v -0.07012683 -0.00691495 -0.05320004
v -0.06986091 -0.00585095 -0.05207822
v -0.07109523 -0.01826427 -0.04932993
v -0.07234328 -0.01919250 -0.05103910
v -0.07390399 -0.01961541 -0.04789448
v -0.06630742 -0.01335799 -0.05533228
v -0.07730950 0.00349549 -0.05565789
v 0.03015586 0.02488933 0.02973590
v 0.02967316 0.02460219 0.02947685
v 0.02363703 0.02470670 0.03418663
v 0.02502125 0.02564627 0.03502998
v -0.07346193 -0.01172208 -0.05460285
v -0.07475500 -0.01381543 -0.05640596
v -0.07394864 -0.01543664 -0.05541982
v -0.07283267 -0.01339408 -0.05450894
v -0.08087239 -0.02326681 -0.05472924
v -0.08108026 -0.02157193 -0.05458393
v -0.07315318 -0.01786152 -0.05773918
v -0.07656596 -0.01826125 -0.05562832
v -0.07804481 -0.00196505 -0.05391267
v -0.07915615 0.00074418 -0.05173484
v -0.07535065 -0.00503408 -0.05154550
v -0.07349641 -0.00948734 -0.05384657
v -0.07539922 -0.01177218 -0.05602600
v -0.07002492 -0.00787637 -0.05127165
v -0.07314310 -0.00744588 -0.04992886
v -0.07292711 -0.00642731 -0.05023843
v -0.07002082 -0.00694035 -0.05156498
v -0.08187047 0.00829905 -0.05727728
v -0.07953057 0.01500019 -0.04697380
v -0.08122526 0.01169154 -0.04814693
v -0.07974649 0.02608023 -0.07072904
v -0.07784541 0.01791662 -0.07568340
v -0.07846359 0.01770440 -0.06315306
v -0.07135548 -0.01043020 -0.05464673
v -0.06628812 -0.00672137 -0.05281169
v -0.06696088 -0.00729198 -0.05260346
v -0.08607319 -0.01897961 -0.06245563
v -0.07463560 -0.02036885 -0.04725498
v -0.07674378 0.00247112 -0.05115134
v -0.08486500 -0.01048385 -0.06972572
v -0.08394965 -0.01584911 -0.06775250
v -0.07635219 0.00380825 -0.05122939
v -0.07650714 0.00480827 -0.05130200
v -0.07324965 -0.01917142 -0.05193814
v -0.07483876 -0.01891003 -0.04934172
v -0.07678525 0.00502264 -0.05106146
v -0.07607041 -0.01300341 -0.04712103
v -0.08588357 0.00831850 -0.06147144
v 0.02975657 0.02651457 0.03445137
v 0.03183338 0.02527713 0.02995571
v -0.07709713 -0.03026054 -0.05585581
v -0.07534494 -0.03167375 -0.05286567
v 0.03083225 0.02510565 0.02991458
v -0.06684015 -0.00759694 -0.05212009
v 0.02795300 0.02607396 0.03425416
v -0.06996099 -0.01554608 -0.05192848
v -0.07045227 -0.00854718 -0.05361343
v 0.02905667 0.02696346 0.03642137
v 0.02670668 0.02631034 0.03568840
v 0.03568193 0.02697374 0.03556355
v -0.07511723 -0.00941449 -0.04911415
v -0.07470904 -0.01151205 -0.04876867
v -0.07626063 -0.01082215 -0.04703800
v 0.02125616 0.07175279 -0.14403015
v 0.02081848 0.05587773 -0.14770718
v -0.07773374 -0.01762794 -0.05696967
v -0.07408096 -0.01584473 -0.05953864
v -0.07576224 -0.01488779 -0.06103178
v -0.07979108 -0.01642017 -0.05782425
v -0.08261722 -0.02082018 -0.06546464
v -0.08096922 -0.02519763 -0.06211680
v -0.08295926 -0.02662787 -0.06191082
v -0.08538681 -0.02195668 -0.06537109
v 0.04044610 0.05776110 -0.13873467
v 0.04035820 0.07155447 -0.13574558
v -0.08047155 0.04242717 -0.07900002
v -0.08011764 0.03180209 -0.06399937
v -0.08083047 0.04882441 -0.06777421
v -0.08372483 0.01709192 -0.06383114
v -0.08344996 0.01501373 -0.06534829
v -0.08876540 0.01572150 -0.06786852
v -0.07849547 0.02175622 -0.05063616
v -0.07908788 0.01902756 -0.05404050
v -0.08130264 0.01891379 -0.05268836
v -0.08866239 -0.00599062 -0.07187168
v 0.04093201 0.02641967 0.03085620
v 0.03746469 0.02520985 0.02803636
v 0.05028212 0.07265721 -0.12806439
v 0.04937405 0.08136506 -0.12503001
v 0.04072603 0.08334522 -0.13046564
v 0.03642723 -0.06386863 -0.09999807
v 0.02646337 -0.07539157 -0.10677340
v -0.07669452 0.00397044 -0.04567892
v -0.07879131 0.00408473 -0.04767654
v 0.02136758 0.02451855 0.03546612
v -0.07892101 -0.01912341 -0.06420611
v 0.02318591 0.02556848 0.03602660
v -0.08108310 -0.01840401 -0.05488993
v -0.08346460 -0.01748815 -0.05651500
v -0.08918427 0.01688111 -0.05761381
v -0.08684117 0.01485742 -0.05585543
v 0.02014545 0.02359935 0.03503783
v 0.01942381 0.02345881 0.03510165
v 0.02063938 0.02462326 0.03550822
v 0.02223168 0.02577933 0.03609784
v 0.02545008 0.02646233 0.03661274
v 0.02470716 0.02682946 0.03710816
v 0.02829105 0.02782431 0.03822809
v 0.02839437 0.02712753 0.03766729
v 0.03581351 0.02750364 0.03757576
v 0.03591123 0.02842329 0.03825132
v 0.02772013 0.02882480 0.03789083
v 0.02411126 0.02748863 0.03676497
v 0.02676817 0.02968807 0.03809904
v 0.02348872 0.02832838 0.03744793
v 0.03598902 0.03037363 0.03777584
v 0.03606660 0.02961136 0.03807535
v 0.02316670 0.02176483 0.03540029
v 0.02087134 0.02195396 0.03520237
v 0.02374046 0.02209910 0.03522259
v 0.02130412 0.02231738 0.03500008
v 0.02496502 0.02236590 0.03439166
v 0.02039200 0.02267032 0.03484417
v 0.01964150 0.02243873 0.03501251
v -0.01149574 -0.11498036 0.00565125
v -0.01120009 -0.12244965 0.00255459
v 0.02586227 0.02237526 0.03377915
v 0.01986159 0.02471047 0.03508594
v 0.01849595 0.02331971 0.03500137
v 0.01850894 0.02516290 0.03444595
v 0.01770869 0.02324537 0.03477437
v 0.02078304 0.02720226 0.03570689
v 0.02152690 0.02617940 0.03534842
v 0.01864848 0.02228924 0.03496336
v 0.01929577 0.02178349 0.03514756
v 0.01780879 0.02225465 0.03489821
v 0.01853311 0.02159670 0.03508126
v 0.02593632 0.01889472 0.03650920
v 0.02570381 0.01833010 0.03647942
v 0.02256208 0.02024130 0.03592120
v 0.02191857 0.01985240 0.03587630
v 0.03425556 0.01529987 0.03600456
v 0.03726985 0.01524993 0.03491075
v 0.03386321 0.01421816 0.03626175
v -0.00824472 -0.00747335 0.05728059
v -0.00912855 -0.00736965 0.05607313
v -0.00757731 -0.00593642 0.05496226
v -0.00723756 -0.00603693 0.05555984
v 0.03715634 0.01404745 0.03512167
v 0.02873768 0.01487873 0.03714531
v 0.02935246 0.01584400 0.03664950
v 0.03165628 -0.11957277 -0.01450264
v 0.04729704 0.01602714 0.02705365
v 0.04816746 0.01467056 0.02647937
v 0.04665392 0.01420967 0.02825713
v 0.04584063 0.01575703 0.02849374
v 0.04418802 0.01566317 0.03001022
v -0.00867074 -0.01538287 0.05630849
v -0.00801712 -0.01417986 0.05569876
v -0.00927543 -0.01405277 0.05474544
v -0.01025821 -0.01480124 0.05558758
v 0.04463538 0.01410368 0.03006736
v 0.04232958 0.01409768 0.03186468
v 0.04215162 0.01550686 0.03169012
v 0.04021313 0.01544534 0.03313247
v 0.04007880 0.01397055 0.03340635
v 0.05034381 0.01905838 0.02422043
v 0.05104556 0.02226843 0.02382947
v 0.05141073 0.01800315 0.02252644
v 0.05282499 0.02138233 0.02148024
v 0.01670210 0.02609543 0.03481596
v -0.00636370 -0.00591971 0.05500411
v -0.00550877 -0.00794137 0.05776475
v -0.00662281 -0.00783268 0.05822375
v -0.00671008 -0.00606586 0.05529671
v 0.01644867 0.02354401 0.03439534
v 0.01522849 0.02670908 0.03571386
v 0.01521359 0.02418555 0.03518374
v 0.01639755 0.02915644 0.03655104
v 0.01815875 0.02865472 0.03562003
v 0.01691930 0.02234331 0.03499667
v 0.01767295 0.02141500 0.03513361
v 0.01586533 0.02228661 0.03527196
v 0.01681711 0.02094869 0.03548205
v 0.02510766 0.01745815 0.03669918
v 0.02451585 0.01656646 0.03691746
v 0.02124899 0.01929867 0.03618738
v 0.02026732 0.01844212 0.03636193
v 0.04855046 -0.01274887 -0.11623172
v 0.05266019 0.02988833 -0.12799716
v 0.04742140 0.03347495 0.03335164
v 0.04552436 0.03133543 0.03452874
v 0.04231286 0.03259679 0.03712562
v 0.04354940 0.03517956 0.03648379
v 0.05004859 0.03657361 0.03131169
v 0.05225649 0.03340847 0.02857237
v 0.05002999 0.03127268 0.03047842
v 0.04796804 0.02977141 0.03200546
v 0.05169199 0.02475816 0.02445477
v 0.05030329 0.02515926 0.02638832
v 0.05016247 0.02668299 0.02763033
v 0.05157250 0.02686660 0.02589551
v 0.05363522 0.02444053 0.02215356
v 0.05397634 0.02727865 0.02396744
v 0.05112334 0.02895157 0.02814205
v 0.04927346 0.02813065 0.02960669
v 0.05340758 0.03000423 0.02634003
v 0.02349509 0.03302737 0.03899483
v 0.02443816 0.03187750 0.03892401
v 0.02197152 0.03017374 0.03754446
v 0.02046007 0.03060438 0.03732242
v 0.02221324 0.03421502 0.03915359
v 0.01816799 0.03152384 0.03734863
v 0.03638229 0.03569012 0.03950562
v 0.03601727 0.03353617 0.03971484
v 0.02626581 0.03028630 0.03806383
v 0.02415685 0.02912867 0.03775007
v 0.02566563 0.03038498 0.03801728
v 0.02347470 0.02911726 0.03758391
v 0.05795117 0.09220101 -0.10747442
v 0.05994646 0.09800190 -0.09522183
v 0.04354760 0.10900757 -0.10133851
v 0.04283996 0.10170250 -0.11341193
v 0.04288570 0.02874755 0.03585480
v 0.04353707 0.02879227 0.03565898
v 0.04580912 0.02786199 0.03356655
v 0.04540637 0.02782621 0.03394873
v 0.04730050 0.02687597 0.03165200
v 0.04762943 0.02716227 0.03142062
v 0.04854079 0.02620848 0.02953415
v 0.04836036 0.02606663 0.02984629
v 0.04891186 0.02531093 0.02847211
v 0.04914922 0.02523136 0.02798672
v 0.02335083 0.02975644 0.03778639
v 0.02526044 0.03068596 0.03859942
v 0.05175676 0.06058735 -0.12954465
v 0.04203510 0.07113203 0.02001203
v 0.04909050 0.06782608 0.01402856
v 0.04705554 0.06118372 0.01910348
v 0.04408553 0.02962791 0.03572381
v 0.04649032 0.02846162 0.03326723
v 0.04816242 0.02750992 0.03086581
v 0.04912510 0.02639566 0.02889436
v 0.04963822 0.02555493 0.02772777
v 0.07240465 -0.01452748 -0.03880451
v 0.07263591 -0.01444644 -0.04049795
v 0.07948968 -0.00516207 -0.06591824
v 0.07742650 0.00117101 -0.06492787
v 0.07608451 0.00460547 -0.06343032
v 0.08071175 0.01288820 -0.05021226
v 0.08276767 0.01605379 -0.05302544
v 0.08393914 -0.02278021 -0.05822581
v 0.08051310 -0.02490409 -0.05461246
v -0.08938497 0.01993065 -0.05822181
v 0.08367567 -0.02189783 -0.05891665
v 0.08919802 0.01186251 -0.06174782
v 0.08958571 0.01025527 -0.06306159
v 0.09046090 0.00983241 -0.06264194
v 0.04155082 -0.03452265 -0.10711084
v 0.04615743 -0.02174243 -0.11281936
v 0.08981667 0.00853394 -0.06438280
v 0.07405879 -0.00978574 -0.04305302
v 0.08063906 -0.00543262 -0.06609384
v 0.08233988 -0.00578338 -0.06767602
v 0.08341680 -0.01066728 -0.06760772
v 0.08256251 -0.01030632 -0.06712068
v 0.08274628 -0.01578580 -0.06574643
v 0.08196393 -0.01509493 -0.06538723
v 0.08522806 -0.01899961 -0.06158586
v 0.08551411 -0.01461617 -0.06443855
v 0.08378561 0.01642028 -0.05439445
v 0.08375772 0.01574223 -0.05363786
v 0.08443776 0.01639679 -0.05473175
v 0.07500417 -0.01094101 -0.04438995
v 0.07886634 0.01055017 -0.05035796
v 0.07859826 0.00890368 -0.04854699
v 0.07828505 0.00931795 -0.04905739
v 0.07305761 -0.00616797 -0.04835464
v 0.07278679 -0.00533947 -0.04859012
v 0.07428188 -0.00761017 -0.04805151
v 0.07592346 -0.00884551 -0.04586200
v 0.07065886 -0.01638514 -0.04799875
v 0.07044762 -0.01710427 -0.04938127
v 0.07004540 -0.01775939 -0.04865329
v 0.08658858 0.02185526 -0.05729525
v 0.07867274 0.00795955 -0.04814356
v 0.07994314 0.00896318 -0.04848785
v 0.08062447 0.01006714 -0.04879344
v 0.08524624 0.01563278 -0.05475311
v 0.08117810 0.01089886 -0.04896799
v 0.08008590 0.01102555 -0.04923889
v 0.08150490 0.01258621 -0.05000027
v 0.07938442 0.01109643 -0.04965541
v 0.07554572 -0.01360183 -0.06127503
v 0.07444421 -0.01367477 -0.05925326
v 0.07381964 0.00578867 -0.03963787
v 0.07444927 0.00373228 -0.04153457
v 0.07955900 -0.02568953 -0.05229985
v 0.07633739 0.01036881 -0.05814750
v 0.07749848 0.01365479 -0.05986420
v 0.08709532 -0.01050205 -0.06580874
v 0.07996391 -0.01692628 -0.05612072
v 0.07783100 -0.01800594 -0.05492233
v 0.08223215 -0.01549187 -0.05751996
v 0.08431059 -0.01291205 -0.05905333
v 0.07515401 0.00210675 -0.05265114
v 0.08451075 0.00659958 -0.05799713
v 0.08475824 0.00442244 -0.05910992
v 0.08313865 0.00675010 -0.05679988
v 0.07837886 0.01729760 -0.05825533
v 0.07855482 0.01718649 -0.05584653
v 0.07573396 0.01354056 -0.05717448
v 0.07835659 0.01531598 -0.05539413
v 0.07242185 -0.01311961 -0.04766962
v 0.07048113 -0.01837922 -0.05101918
v 0.07248738 -0.01719463 -0.05257412
v 0.07163297 -0.01890165 -0.05188594
v 0.07307432 -0.01815943 -0.05362896
v 0.07323304 -0.01698431 -0.05507543
v 0.07349399 -0.01534655 -0.05634536
v 0.07447036 -0.01335063 -0.05665583
v 0.07195753 -0.00908007 -0.04828681
v 0.07777595 0.01833195 -0.04706641
v 0.07156363 -0.01087891 -0.04828816
v 0.07337852 -0.00745243 -0.04814413
v 0.07333839 -0.00916436 -0.04780863
v 0.07289184 -0.01105494 -0.04754905
v 0.07616617 -0.02088569 -0.04872512
v 0.07627877 -0.01940428 -0.05128821
v 0.07544018 -0.02028230 -0.04808643
v 0.07667621 -0.01892637 -0.05351349
v 0.07448634 -0.01985629 -0.04783171
v 0.07782400 0.01146498 -0.05745460
v 0.07853698 0.01472694 -0.05715165
v 0.07212170 -0.01107004 -0.03726757
v 0.06331061 -0.00249925 0.01159101
v 0.06515451 0.00684916 0.00575806
v 0.02033844 -0.05327385 0.04272656
v 0.01941544 -0.05674656 0.04303629
v 0.05375431 -0.01251792 0.02526646
v 0.04824764 -0.01491694 0.02939878
v 0.01808593 -0.04865083 0.05608919
v 0.01741322 -0.05027745 0.05667059
v 0.01666630 -0.04956813 0.05669861
v 0.01737285 -0.04861881 0.05610027
v 0.01485891 -0.04773293 0.05374752
v 0.01598097 -0.04753317 0.05279447
v 0.01612512 -0.04809184 0.05444197
v 0.01523142 -0.04859426 0.05503118
v 0.02480680 -0.02829850 0.04884046
v 0.02836643 -0.02462330 0.04497577
v 0.03027677 -0.03005060 0.04492541
v 0.02650890 -0.03349437 0.04878361
v 0.01796614 -0.05009461 0.04515403
v 0.01768982 -0.04852490 0.04568644
v 0.01684182 -0.04803433 0.04873929
v 0.01675380 -0.04922684 0.04826392
v 0.01815074 -0.05079544 0.04507251
v 0.01688045 -0.04892442 0.04817491
v 0.02015729 -0.05150911 0.04268596
v 0.01968816 -0.04900064 0.04291256
v 0.02752118 -0.05568609 0.04755475
v 0.02330040 -0.05336227 0.05153571
v 0.02426135 -0.04955826 0.05106127
v 0.02837918 -0.05034658 0.04749023
v 0.02351975 -0.01514520 0.04448444
v 0.02624830 -0.01952878 0.04462437
v 0.02301843 -0.02373562 0.04737299
v 0.02072546 -0.01818312 0.04595292
v 0.01804863 -0.01319112 0.04576883
v 0.02069559 -0.01025160 0.04428302
v 0.01796782 -0.00532747 0.04929789
v 0.01851834 -0.00904387 0.05072696
v 0.01800390 -0.01066133 0.05437151
v 0.01892017 -0.00797628 0.05317770
v 0.01567873 -0.01461753 0.05285420
v 0.01828113 -0.01136293 0.04900878
v 0.01120870 -0.01594145 0.05350187
v -0.01273065 -0.01459169 0.05643856
v -0.01146617 -0.01286732 0.05577396
v -0.01196232 -0.01267559 0.05744229
v -0.01426955 -0.01398595 0.05785202
v 0.01110681 -0.01553381 0.05451309
v 0.01565176 -0.01479585 0.05122146
v -0.00548490 -0.01470899 0.06386988
v -0.00660159 -0.01270159 0.06389873
v -0.00545454 -0.01352172 0.06192075
v -0.00534435 -0.01532160 0.06140556
v 0.01540027 -0.01547402 0.04941744
v 0.01139209 -0.01656183 0.05254953
v 0.01068417 -0.01532425 0.05566081
v 0.01390920 -0.01513119 0.05567482
v -0.00871139 -0.01227123 0.06322713
v -0.01066875 -0.01268437 0.06497958
v -0.01248975 -0.01255966 0.06321993
v -0.01033401 -0.01256572 0.06174247
v -0.00553362 -0.01161918 0.05780108
v -0.00652121 -0.01353595 0.05868631
v -0.00500682 -0.01124621 0.06078330
v -0.01128893 -0.01055068 0.05614433
v -0.01101081 -0.01126035 0.05488627
v -0.00908846 -0.00808033 0.05488686
v -0.00939437 -0.00779411 0.05481479
v 0.01570145 -0.01319294 0.05683251
v 0.00458821 -0.01580776 0.06355266
v 0.00583473 -0.01471808 0.06549111
v 0.01073939 0.01635879 0.04909999
v 0.01365179 0.01350615 0.04642399
v 0.01072935 0.01378078 0.05110330
v 0.01373126 0.01131445 0.04845231
v 0.01518692 -0.01167975 0.06021303
v 0.01687147 -0.00910945 0.05874207
v 0.01268154 -0.01130380 0.06392164
v 0.01363374 -0.00826942 0.06355631
v 0.00432652 0.02923481 0.04745875
v 0.00236872 -0.01863056 0.05963631
v 0.00274178 -0.01913674 0.05933865
v 0.00207296 -0.01757942 0.06120254
v 0.02193100 0.09471267 -0.13129567
v 0.02236187 0.10709569 -0.12022860
v 0.02117488 0.12003329 -0.09764233
v 0.01874553 0.12411267 -0.08548743
v 0.00585054 -0.03143772 0.06640681
v 0.00561264 -0.02920070 0.06565794
v 0.00972173 -0.04209817 0.05292803
v 0.00607822 -0.04121955 0.05395712
v 0.00584872 -0.04124014 0.05676411
v 0.01006276 -0.04252717 0.05605065
v 0.01230276 -0.04407767 0.05468533
v 0.01245164 -0.04349199 0.05144803
v 0.00942760 -0.04129202 0.05057931
v 0.00568432 -0.04055785 0.05122241
v 0.01027203 -0.04213163 0.06121702
v 0.00568553 -0.04099017 0.06186059
v 0.00629563 -0.03807487 0.06493554
v 0.01037487 -0.03962818 0.06295047
v 0.01748382 -0.01980627 0.04886519
v 0.01373405 -0.01938740 0.05135642
v 0.00992454 -0.01987903 0.05496336
v 0.00715783 -0.02059697 0.05759155
v 0.00633053 -0.01896892 0.05753086
v 0.00862295 -0.01785199 0.05538183
v 0.00596800 -0.01817545 0.05760216
v 0.00828151 -0.01719301 0.05566297
v 0.00813538 -0.01674786 0.05609092
v 0.00865130 -0.01606941 0.05642645
v 0.00694188 -0.01644190 0.05762833
v 0.00741311 -0.01570554 0.05745289
v 0.00587780 -0.01764514 0.05777825
v 0.00452176 0.00699528 0.06332986
v 0.00438321 0.01055156 0.06030927
v 0.01027027 -0.02835935 0.06304078
v 0.00534311 -0.02769611 0.06387318
v 0.00436252 -0.02473791 0.06036343
v 0.00861130 -0.02473261 0.05934773
v 0.01270661 -0.02587263 0.05752501
v 0.01430769 -0.03059643 0.06141495
v 0.00307098 -0.01990774 0.05906013
v 0.01055600 -0.03039346 0.06436566
v 0.01040582 -0.03279148 0.06479277
v 0.01475883 -0.03298146 0.06236468
v 0.01441462 -0.03588791 0.06281009
v 0.01741928 -0.03449452 0.05978122
v 0.01665837 -0.02797555 0.05566981
v 0.02083253 -0.03147870 0.05391446
v 0.01953401 -0.03969193 0.05775175
v 0.02454572 -0.04575310 0.05158530
v 0.01924782 -0.04891370 0.05535075
v 0.01957928 -0.04727657 0.05541868
v 0.01987588 -0.04533656 0.05569937
v 0.02431951 -0.04152496 0.05199719
v 0.02840322 -0.04489112 0.04845977
v 0.02773770 -0.03897556 0.04906498
v 0.02341506 -0.03686140 0.05270832
v 0.01998678 -0.04310902 0.05641437
v 0.01847429 -0.04739043 0.05606224
v 0.01752413 -0.04788799 0.05614936
v 0.01860460 -0.04624169 0.05643407
v 0.01763174 -0.04707519 0.05652517
v 0.01868579 -0.04490640 0.05718432
v 0.01752717 -0.04620460 0.05714477
v 0.01714970 -0.04469692 0.05834328
v 0.01866976 -0.04254260 0.05833784
v 0.01586650 -0.04721404 0.05416774
v 0.01520384 -0.04696664 0.05510042
v 0.01531089 -0.04688490 0.05637678
v 0.01599154 -0.04743132 0.05524070
v 0.01617702 -0.04750533 0.05330049
v 0.01634632 -0.04779172 0.05464785
v 0.01669422 -0.04740729 0.04949771
v 0.01658391 -0.04660065 0.05031579
v -0.04785920 -0.08499082 -0.02466597
v -0.05773854 -0.08308941 -0.03837382
v 0.01646328 -0.04758328 0.05265026
v 0.01651888 -0.04786678 0.05391271
v 0.01671175 -0.04838338 0.05563726
v 0.01671092 -0.04776825 0.05587455
v 0.01664932 -0.04728574 0.05637944
v 0.01595036 -0.04623475 0.05744833
v 0.01366900 -0.03904271 0.06244419
v 0.01641011 -0.04034855 0.06078570
v 0.01482756 -0.04307612 0.06000896
v 0.01237186 -0.04219409 0.06118415
v 0.01358606 -0.04525774 0.05891041
v 0.01264307 -0.04247541 0.04875087
v 0.01188372 -0.04405631 0.05955736
v 0.01515211 -0.04480810 0.04898943
v 0.01583504 -0.04396531 0.04634241
v 0.01436859 -0.04571205 0.05246877
v 0.01707226 -0.04735224 0.04647388
v 0.01713865 -0.04624707 0.04697933
v 0.01891553 -0.04711218 0.04347522
v 0.01817920 -0.04552395 0.04430177
v 0.01316779 -0.04634100 0.05755687
v 0.01730682 -0.03754722 0.06065173
v 0.01039635 -0.03602091 0.06427165
v 0.00598919 -0.03456882 0.06611577
v -0.03471482 0.00884849 0.03754102
v -0.03363333 0.00618645 0.03825353
v -0.02972047 0.00767839 0.03941372
v -0.03085103 0.00985540 0.03870973
v 0.00502271 -0.00122090 0.06971194
v 0.00484883 0.00323773 0.06635424
v 0.01584281 -0.04911523 0.05632306
v 0.00979784 -0.12852813 -0.00026096
v -0.07651640 -0.00876921 -0.04627638
v -0.07572158 -0.00800805 -0.04530720
v -0.08351785 0.01253597 -0.06681304
v 0.01862957 -0.05082999 0.05599165
v 0.01761336 -0.05316383 0.04520298
v 0.01678986 -0.04838242 0.04830128
v 0.02545510 -0.06115587 0.04885931
v 0.02150451 -0.06582280 0.05036391
v 0.01884513 -0.06160162 0.05370937
v 0.02143894 -0.05759472 0.05292584
v 0.01582388 -0.05538818 0.05855618
v 0.01752294 -0.05281222 0.05712605
v -0.08684280 0.01489312 -0.06426726
v 0.01650059 -0.05169589 0.05772396
v 0.01468401 -0.05341176 0.05914839
v 0.01366509 -0.05187614 0.05915070
v 0.01556941 -0.05045990 0.05751991
v 0.01169737 -0.04911137 0.05685276
v 0.00875109 -0.04948843 0.05830764
v 0.00768385 -0.05329530 0.05354008
v 0.01087580 -0.05277903 0.05211760
v 0.01324312 -0.05230504 0.05100542
v 0.01388229 -0.04851370 0.05448199
v -0.08396968 0.01864256 -0.06213504
v -0.08382903 0.02003819 -0.05762335
v -0.08192940 0.01882987 -0.05690562
v -0.08207052 0.01704799 -0.06071243
v 0.01222241 -0.04964273 0.05770449
v 0.01424875 -0.04888626 0.05596942
v 0.00876539 -0.05012605 0.05961498
v 0.02028770 -0.12470088 -0.00622683
v 0.01477841 -0.04947777 0.05686679
v 0.01263007 -0.05038000 0.05843974
v 0.00917935 -0.05143881 0.06074030
v 0.01045020 -0.05374347 0.06161788
v 0.01177233 -0.05610709 0.06174082
v 0.01253008 -0.05865225 0.06018685
v 0.01478842 -0.06576557 0.05388853
v 0.01619332 -0.07068478 0.05125646
v 0.00930756 -0.06778143 0.05428373
v 0.01062087 -0.07292533 0.05256191
v 0.00817777 -0.06126481 0.06239910
v 0.00757949 -0.05803598 0.06476550
v 0.00648235 -0.05495089 0.06435650
v 0.00573426 -0.05215390 0.06299474
v 0.00370783 -0.02115963 0.05879636
v 0.00574281 -0.01652178 0.05883536
v 0.00469422 -0.01635039 0.06100894
v 0.00820728 -0.01333955 0.06624442
v 0.00190319 -0.01692416 0.06340136
v 0.01112006 -0.01175954 0.06567449
v 0.00919114 -0.01236443 0.06711838
v 0.00981266 -0.01065664 0.06793502
v 0.01106142 -0.00982218 0.06674865
v 0.00747738 -0.01297062 0.06829739
v 0.00877894 -0.01090124 0.06883858
v 0.00302304 -0.01395092 0.07005565
v 0.00393636 -0.01054612 0.07200675
v 0.00494022 -0.00495199 0.07175659
v 0.00442511 -0.00836278 0.07239406
v 0.01014679 -0.00897631 0.06832024
v 0.01137015 -0.00691884 0.06651796
v -0.09099717 0.01449394 -0.06222607
v 0.01153162 -0.00352914 0.06434083
v 0.01419851 -0.00499262 0.06102649
v 0.00911744 0.12844296 -0.04292281
v 0.00532424 -0.05039249 0.06170405
v 0.00489932 -0.04954201 0.05994987
v -0.07606826 -0.02176992 -0.04667193
v -0.08356553 0.00442222 -0.05924186
v 0.00640285 -0.06317139 0.04663921
v 0.00660313 -0.05908560 0.04828459
v 0.00328276 -0.05920702 0.05023984
v -0.08334693 0.02047492 -0.05526851
v -0.08645456 0.02166787 -0.05576056
v 0.00248868 -0.06385817 0.04793364
v 0.00183961 -0.04950169 0.06056106
v -0.08862083 -0.00592581 -0.06739466
v -0.09146153 0.01322699 -0.06392547
v -0.09014320 0.01172629 -0.06311771
v -0.08465027 0.01265440 -0.05118233
v -0.07793366 -0.01223405 -0.06194274
v -0.08333294 -0.01200444 -0.05901385
v -0.08183724 -0.01470524 -0.05833308
v -0.07726511 -0.01409157 -0.06158591
v -0.07605930 -0.00010954 -0.05592383
v 0.00156874 -0.05353305 0.05530827
v 0.00415909 -0.05340466 0.05478675
v 0.00159652 -0.05060402 0.06221145
v 0.00170547 -0.05236743 0.06386238
v 0.00219571 -0.05540708 0.06569182
v 0.00116375 -0.05926624 0.05087843
v 0.00031603 -0.06429553 0.04873474
v -0.07266975 -0.01664584 -0.03862435
v 0.01566120 -0.05549813 0.04627816
v -0.08040334 -0.02733254 -0.05178609
v -0.08126429 -0.02623824 -0.05421924
v -0.03158146 -0.03497587 -0.11724126
v -0.03509371 -0.02372215 -0.12360208
v -0.09063485 -0.00621916 -0.07053957
v 0.01656222 -0.05958956 0.04389529
v 0.01091396 -0.05829276 0.04816952
v 0.01143039 -0.06113052 0.04599326
v 0.00466349 -0.07332767 0.05448698
v 0.00385622 -0.06839132 0.05515528
v 0.00294985 -0.05917150 0.06592137
v 0.00307846 -0.06293219 0.06364335
v 0.02219668 0.11480261 -0.10951181
v 0.06023350 0.07425703 -0.00716093
v 0.05829243 0.06756413 -0.00020631
v -0.08416028 0.01719556 -0.05821664
v 0.05160298 0.07468493 0.00627331
v 0.05368403 0.08000646 0.00003878
v 0.06104505 0.08236822 -0.01484252
v 0.05440686 0.08696067 -0.00715629
v 0.03885226 0.12100038 -0.06155447
v 0.03914792 0.12007953 -0.04763583
v 0.02012867 0.12586425 -0.04412963
v 0.03396726 0.12129200 -0.07519763
v 0.04651558 0.11315151 -0.08437129
v 0.04840361 0.11557331 -0.06532393
v 0.04799889 0.11511996 -0.05036492
v -0.07777034 -0.02222490 -0.04755291
v -0.07792824 -0.02755622 -0.04514926
v -0.07662790 -0.02667953 -0.04365924
v -0.08053530 0.00726546 -0.05651198
v 0.02625520 -0.08777340 -0.10781084
v 0.05263275 0.04288509 -0.12900996
v 0.04645304 0.11383517 -0.03689554
v 0.03825676 0.11796337 -0.03423471
v 0.03756946 0.11458645 -0.02228247
v 0.04494171 0.11128480 -0.02556229
v 0.01986793 0.12315802 -0.03007379
v 0.00902006 0.12529539 -0.02841691
v 0.01869385 0.00539699 -0.14339620
v 0.00449158 0.01411273 0.05760176
v 0.04752865 -0.05075513 -0.09090591
v 0.05703064 -0.05112312 -0.07307146
v 0.05931151 -0.10443901 -0.04940248
v 0.07028224 -0.02805682 -0.05411199
v 0.06989804 -0.02734188 -0.05477497
v 0.05985203 -0.06615633 -0.05397012
v 0.06029462 -0.05185765 -0.05484756
v 0.03788569 -0.04979513 -0.10251112
v 0.07879506 -0.01676691 -0.06471208
v 0.07943612 -0.01318596 -0.06591508
v 0.08023713 -0.01760166 -0.06423035
v 0.08080193 -0.01362456 -0.06558574
v 0.08094488 -0.00941241 -0.06625184
v 0.08101616 -0.01932015 -0.06329831
v 0.07843377 0.01736932 -0.05429974
v 0.08028073 0.01883101 -0.05318186
v -0.07804005 -0.01773235 -0.06413049
v -0.07792738 -0.01556993 -0.06538185
v 0.06977553 -0.02946899 -0.04980628
v 0.06962762 -0.02874376 -0.05151657
v -0.06691156 -0.00685513 -0.05336987
v 0.06898452 -0.02909131 -0.05081155
v 0.06884181 -0.02957363 -0.04940426
v 0.06962959 -0.03042178 -0.04814910
v 0.06869702 -0.03018367 -0.04825239
v 0.07749249 0.03459413 -0.04668212
v 0.06745774 -0.02950984 -0.05205966
v 0.06902920 -0.02775983 -0.05444384
v 0.06913123 -0.02821485 -0.05289279
v 0.06859668 -0.02897176 -0.05153552
v 0.06839985 -0.02993958 -0.04954347
v 0.06838416 -0.03089217 -0.04780706
v 0.06890436 -0.03160641 -0.04706285
v -0.08028368 -0.02375184 -0.06171017
v -0.07666822 -0.02876396 -0.05589948
v -0.06062262 -0.07977714 -0.05255936
v -0.05754787 -0.07730587 -0.06764320
v -0.05871945 -0.08905421 -0.06559858
v -0.06085582 -0.09279225 -0.05066079
v -0.07360621 -0.00319380 -0.03984530
v -0.07367277 -0.01014449 -0.04226315
v -0.07352951 -0.01132604 -0.04043277
v 0.08150426 -0.02039900 -0.06352474
v 0.07443137 -0.03082175 -0.05213029
v -0.02504067 -0.10528983 -0.00102108
v -0.02223285 -0.11804518 -0.00375436
v 0.07714723 0.01049263 -0.05952007
v 0.07728623 0.00856426 -0.06114586
v 0.07990140 0.01009273 -0.06227751
v 0.07970778 0.01229778 -0.06092070
v 0.05894783 -0.01200557 -0.10420861
v 0.06124701 -0.00075222 -0.10882778
v 0.01245447 -0.08563009 -0.11224267
v 0.01241604 -0.07243110 -0.11238084
v 0.07582463 0.03207434 -0.09328293
v 0.07714764 0.01208425 -0.05826214
v 0.07979774 0.01407030 -0.05963738
v 0.07978353 -0.00916028 -0.06630861
v 0.07534625 0.01178062 -0.05857513
v 0.07563941 0.00997023 -0.05986683
v 0.08114117 0.01575361 -0.06113537
v 0.08099695 0.01376859 -0.06254975
v 0.08091000 0.01139643 -0.06380942
v 0.07594915 0.00796694 -0.06123215
v -0.07237833 -0.01588524 -0.03525466
v -0.07051554 -0.01615211 -0.02397593
v -0.07249512 -0.00061531 -0.02394907
v -0.07246675 -0.00599230 -0.03464253
v 0.07832942 0.01560303 -0.05999440
v 0.07965829 0.06311111 -0.06953768
v 0.07917134 0.05729374 -0.08332279
v 0.07601654 0.08011587 -0.07277763
v 0.07535036 0.07525144 -0.08775853
v 0.07107514 0.06939425 -0.10342517
v 0.07462718 0.05028939 -0.09907608
v 0.07850143 0.01728146 -0.05465964
v 0.08116196 0.01979882 -0.05348654
v 0.06172063 0.08906294 -0.02215784
v 0.06706197 0.08437882 -0.02913833
v 0.05473122 0.09310163 -0.01378173
v 0.05472490 0.09865203 -0.02000752
v 0.06126702 0.09543268 -0.02869703
v 0.06881683 0.08897499 -0.04059136
v 0.07866306 0.05363661 -0.05515546
v 0.07749535 0.06836992 -0.05570779
v 0.07398131 0.07215250 -0.04244589
v -0.05973588 0.03062592 0.01342962
v -0.06138064 0.03087557 0.00867954
v -0.06189904 0.02171006 0.00875592
v -0.05975806 0.02309410 0.01269743
v 0.07354917 0.08478905 -0.05743175
v 0.06474683 0.09830199 -0.04650683
v 0.06868745 0.09494482 -0.06085101
v 0.05777923 0.10691731 -0.05003489
v 0.06013296 0.10519142 -0.06453662
v 0.06018938 0.10277566 -0.08030064
v 0.07058527 0.09116810 -0.07588052
v 0.05957402 0.10114804 -0.03446199
v 0.05326893 0.10368265 -0.02500619
v 0.05463794 0.10769273 -0.03760786
v 0.05112825 0.10789615 -0.02923176
v 0.07161338 0.07359918 -0.03547875
v 0.06372270 -0.03532852 -0.04806713
v 0.06579256 -0.03590574 -0.04295311
v -0.01997110 0.08526033 0.02731741
v -0.01027516 0.08632366 0.02934325
v -0.01039647 0.09327196 0.02438350
v -0.02032916 0.09219281 0.02211342
v 0.07016741 -0.02522760 -0.03495915
v -0.03695141 -0.01524945 -0.12729344
v -0.03871771 -0.00452782 -0.13140869
v -0.01893709 -0.00748730 -0.13851133
v -0.01789520 -0.01740750 -0.13387792
v 0.06807432 -0.00013380 -0.00087569
v 0.06793352 0.01237941 -0.00369373
v 0.07137313 0.00458292 -0.01386512
v 0.07001576 -0.01018768 -0.01200861
v -0.02076731 0.10982879 0.00206418
v -0.01059003 0.11122804 0.00434838
v -0.01074232 0.11661346 -0.00494114
v -0.02111574 0.11495135 -0.00692305
v -0.05249846 0.00413319 0.02736818
v -0.05371678 -0.00208693 0.02732411
v -0.04978392 -0.00213714 0.03092051
v -0.04913896 0.00416627 0.03039100
v 0.06609886 0.02597296 -0.00547248
v 0.06971021 0.01853749 -0.01550252
v 0.07012754 0.03346318 -0.01750238
v 0.06567997 0.04038447 -0.00592123
v 0.06245041 0.06403307 -0.11835847
v 0.06473926 0.04697438 -0.11662106
v -0.07776391 -0.03172541 -0.04177411
v -0.07681421 -0.03064402 -0.04066862
v 0.06523506 0.03385180 -0.11519066
v 0.04590005 0.05514221 0.02333218
v -0.01092292 0.12132709 -0.01598697
v -0.02156995 0.11947401 -0.01761694
v 0.02166524 0.08564864 -0.13761133
v 0.04396999 0.07854512 0.01300981
v 0.05450245 0.08481092 -0.11822548
v -0.00080996 -0.07083254 -0.11386329
v 0.04144594 0.09095659 -0.12459912
v 0.07009753 0.08656847 -0.09071954
v 0.06711998 0.08152580 -0.10388853
v 0.05928496 0.07525586 -0.11855208
v 0.06428616 0.01722545 -0.11364109
v 0.04531201 0.10702376 -0.01843869
v 0.05606310 0.02386507 0.01892318
v 0.05530080 0.01982259 0.01824832
v 0.05640220 0.02806384 0.02050920
v 0.05360838 0.01537944 0.02015724
v 0.01689418 0.01072046 0.04439635
v 0.01665084 0.00868204 0.04619966
v 0.01613516 0.00623624 0.04802102
v 0.01985660 0.00633559 0.04437542
v 0.01893107 0.00337407 0.04587900
v 0.01275611 0.00564450 0.05243945
v 0.01349124 0.00867231 0.05058324
v 0.01511567 0.00356089 0.04923137
v 0.01495635 0.00051952 0.05065280
v 0.01257655 0.00266759 0.05450971
v 0.01839226 -0.01111413 0.04654537
v 0.01896015 -0.00675890 0.04493747
v 0.01704489 -0.00275095 0.04717914
v 0.02238212 0.00052326 0.04459679
v 0.02084468 -0.00283800 0.04506976
v 0.01764399 0.00059167 0.04646871
v 0.02370161 0.00377131 0.04274406
v 0.01660948 -0.00275564 0.05324987
v 0.01765148 -0.00658948 0.05650381
v 0.01322370 -0.00108682 0.05766807
v 0.01095732 0.00020510 0.06089903
v 0.01060584 0.00419275 0.05779035
v 0.02038161 0.00847369 0.04266228
v 0.02458107 0.00602840 0.04092019
v 0.02378426 -0.00638825 0.04463440
v 0.02707882 -0.00997561 0.04414162
v 0.02605173 -0.00213306 0.04318531
v 0.02934723 -0.00513974 0.04233913
v 0.02738759 0.00128488 0.04133476
v 0.03093794 -0.00146218 0.04008474
v 0.02974640 -0.01487615 0.04343456
v 0.03231258 -0.01938995 0.04251947
v 0.03419394 -0.02582994 0.04149222
v 0.03535311 -0.01415027 0.04001990
v 0.03790710 -0.02019089 0.03826265
v 0.03799370 -0.00862381 0.03759928
v 0.04099174 -0.01468480 0.03564523
v -0.01303426 0.01592757 0.04468319
v -0.01345055 0.01776048 0.04209517
v -0.01706250 0.01493721 0.04099512
v -0.01653004 0.01297288 0.04287824
v -0.00756006 0.05904436 0.04182299
v -0.00854942 0.06659249 0.03761537
v -0.01727570 0.06641734 0.03637153
v -0.01589904 0.05913204 0.04099405
v 0.03273789 -0.00906769 0.04113651
v 0.03485971 -0.00491162 0.03896807
v 0.03262202 0.00204434 0.03851376
v 0.02876337 0.00416587 0.03964907
v 0.04131449 0.00237980 0.03488586
v 0.04005400 -0.00318386 0.03593159
v 0.03651495 -0.00035293 0.03726654
v 0.03775940 0.00406260 0.03620173
v 0.04400221 -0.00768008 0.03387606
v 0.04523472 0.00002335 0.03302439
v 0.04542333 0.00509347 0.03230016
v 0.03298339 0.01239948 0.03701230
v 0.02798411 0.01330941 0.03777938
v 0.03651566 0.01203059 0.03598986
v 0.04184857 0.00639599 0.03422427
v 0.03867670 0.00735005 0.03563083
v 0.04974944 0.01141134 0.02633947
v 0.04769496 0.01103963 0.02861162
v 0.04244780 0.01146555 0.03291612
v 0.03971671 0.01170429 0.03450713
v 0.04526338 0.01123520 0.03086360
v 0.02350920 0.01499641 0.03764918
v 0.01889071 0.01705239 0.03779840
v 0.05591868 -0.06425197 -0.07010592
v 0.01045023 0.00755859 0.05555897
v 0.01067004 0.01080882 0.05324962
v 0.01552897 0.03159830 0.03865546
v 0.01381546 0.02922275 0.03811518
v 0.00768596 0.02913814 0.04460755
v 0.01891134 0.03479693 0.04088537
v 0.01569718 0.01956480 0.03757997
v -0.02160576 0.01280953 0.04017389
v -0.02062218 0.01092647 0.04153815
v 0.01389213 0.02183271 0.03731241
v 0.01301915 0.02395374 0.03735008
v 0.01278256 0.02663510 0.03784960
v -0.01044300 0.09972432 0.01840154
v -0.02053646 0.09859032 0.01601947
v -0.02111569 0.12675907 -0.06620449
v -0.02149491 0.12668404 -0.05807236
v -0.01050335 0.12940966 -0.05841589
v -0.01161342 0.12885773 -0.07065249
v 0.02969300 0.04633943 0.04200068
v 0.02641715 0.03979471 0.04396903
v 0.05562435 0.06073671 0.00831019
v 0.05945160 0.05257811 0.00473768
v 0.05043449 0.04164879 0.02766669
v 0.05386332 0.03769520 0.02498219
v 0.05577493 0.03296306 0.02238314
v 0.06169797 0.04126842 0.00222101
v 0.06310091 0.02920303 0.00172691
v 0.06442958 0.01769291 0.00293633
v -0.07027958 -0.00109409 -0.09241056
v -0.07335673 -0.00260015 -0.07714292
v -0.07606639 0.00940514 -0.07830620
v -0.07410855 0.01554151 -0.09466717
v 0.04610721 0.09076051 0.00072591
v -0.03445426 -0.09781216 -0.01178324
v -0.03251885 -0.11055081 -0.01434212
v -0.00101180 -0.08455746 -0.11346596
v 0.04614794 0.09675046 -0.00551732
v 0.04553153 0.08438093 0.00721259
v 0.03710506 0.11015144 -0.01336053
v 0.03705128 0.10536797 -0.00552074
v 0.04591833 0.10220096 -0.01184207
v 0.03740356 0.09987938 0.00115192
v 0.03764656 0.09390895 0.00727056
v 0.03710436 0.08763623 0.01372749
v 0.03594970 0.08151785 0.01934952
v 0.03445637 0.07312898 0.02554835
v 0.04673791 -0.06362385 -0.08849987
v 0.00744954 -0.00554862 0.05430811
v 0.00704981 -0.00580106 0.05474794
v -0.05181842 0.05171970 0.01934578
v -0.05349716 0.05639588 0.01460970
v -0.05680701 0.04962560 0.01126190
v -0.05527522 0.04579996 0.01660667
v 0.00726817 -0.00555669 0.05409535
v 0.00676637 -0.00578034 0.05455349
v 0.00710244 -0.00596210 0.05459932
v 0.00703238 -0.01417084 0.05680440
v 0.00602726 -0.01225592 0.05594510
v 0.00652029 -0.00855106 0.05540575
v 0.06953959 -0.03189098 -0.03721937
v -0.00582624 0.04692063 0.04750849
v -0.01321107 0.04692291 0.04676990
v -0.01137222 0.04112452 0.04685699
v -0.00522084 0.04110522 0.04790172
v -0.05972876 0.01572746 0.01330904
v -0.06229934 0.01279424 0.01050242
v -0.06122048 0.00495810 0.01581742
v -0.05842598 0.00873381 0.01794823
v -0.05515428 0.00495634 0.02427830
v -0.05708076 -0.00098909 0.02390616
v -0.01893358 0.07586645 0.03295416
v -0.00956456 0.07662047 0.03438940
v -0.05958657 0.04059980 0.00895756
v -0.05827188 0.03842365 0.01461981
v -0.01039158 0.01862165 0.04673574
v -0.01104445 0.02011479 0.04351774
v -0.00863561 0.02339488 0.04507641
v -0.00435813 0.02307197 0.05067833
v -0.00428471 0.02652133 0.04871633
v -0.00784001 0.02645211 0.04541938
v -0.03313635 0.05892231 0.03420257
v -0.03432459 0.06530893 0.02970514
v -0.04148016 0.06421821 0.02474779
v -0.04015598 0.05804779 0.02899307
v -0.02064849 0.10433615 0.00952001
v -0.01048742 0.10557233 0.01188942
v -0.00452762 0.03439028 0.04733992
v -0.00892037 0.03452324 0.04563287
v -0.00817770 0.03146096 0.04498402
v -0.00445051 0.03152406 0.04727759
v -0.02524021 0.00905977 0.04042578
v -0.02618663 0.01102235 0.03958249
v -0.06716724 -0.03094766 -0.04804956
v -0.06919926 -0.03222733 -0.04664109
v -0.07404178 0.01491116 -0.03689330
v -0.07288674 0.00448432 -0.03532247
v -0.07258686 0.01239482 -0.02486905
v -0.07266275 0.02505995 -0.02679755
v -0.07465139 0.03745854 -0.03014824
v -0.07570317 0.04544291 -0.03493762
v -0.07725916 0.02931908 -0.04235178
v -0.07567251 0.02366650 -0.03893999
v -0.05422054 -0.08648111 -0.07884029
v -0.05158246 -0.07606251 -0.08214881
v -0.00432961 0.02012353 0.05301088
v -0.00424482 0.01719169 0.05533244
v -0.02082725 0.03547796 -0.14812462
v -0.02035699 0.02160919 -0.14678086
v -0.04080552 0.02574881 -0.13831724
v -0.04099699 0.03898379 -0.13922465
v -0.06724425 -0.01177428 -0.08893447
v -0.07079045 -0.01127906 -0.07471701
v -0.01045936 -0.00997869 0.05793067
v -0.00739998 -0.00564886 0.05430517
v -0.00800874 -0.00836787 0.05522595
v -0.00738753 -0.00569731 0.05430936
v -0.01162190 -0.01267434 0.05978607
v -0.01420778 -0.01291676 0.06082369
v -0.00855401 -0.01244442 0.05433341
v -0.00758110 -0.01251611 0.05478728
v -0.00733470 -0.00826068 0.05544866
v -0.00767206 -0.00562908 0.05440579
v -0.00219498 -0.01605415 0.06594605
v -0.00275697 -0.01488122 0.06866992
v -0.00698692 -0.01377572 0.06766578
v -0.00544179 -0.01505871 0.06573044
v -0.00653162 -0.00575725 0.05501954
v -0.00568025 -0.00828363 0.05656847
v -0.00588080 -0.01057878 0.06204192
v -0.00743777 -0.00773167 0.05804714
v -0.00697577 -0.00603970 0.05548574
v -0.00780479 -0.01018989 0.06120318
v -0.00644677 -0.01552423 0.05893430
v -0.00924683 -0.01009813 0.05974605
v -0.07938563 -0.01929899 -0.05382714
v -0.05900945 -0.06459069 -0.03409581
v -0.06351499 -0.05021299 -0.04181027
v -0.06271935 -0.05108126 -0.04685545
v -0.06043902 -0.06670433 -0.04273088
v -0.08191931 0.00677048 -0.05764643
v -0.06542737 0.05644595 -0.00548613
v -0.06728227 0.06792350 -0.01435060
v -0.07274704 0.05683351 -0.02600016
v -0.07217996 0.04658553 -0.02153793
v -0.06789251 0.07777480 -0.02190208
v -0.07318088 0.06752083 -0.03276908
v -0.07653706 0.05578800 -0.04238952
v -0.07914179 0.03525501 -0.05582491
v -0.04338780 0.02034508 0.03255978
v -0.04358838 0.02017146 0.03272642
v -0.04204134 0.01997636 0.03406269
v -0.04209100 0.02005949 0.03388179
v -0.04292374 0.02039514 0.03192914
v -0.04149034 0.02002001 0.03302541
v -0.04385981 0.02080524 0.03089616
v -0.04436530 0.02055420 0.03144693
v -0.04457403 0.02035066 0.03158048
v -0.02588815 0.02203299 0.03629931
v -0.02669975 0.02213660 0.03564031
v -0.02942576 0.02114865 0.03554832
v -0.02857349 0.02123337 0.03690397
v -0.02562567 0.02170339 0.03668184
v -0.02848102 0.02087361 0.03730966
v -0.02980469 0.02360838 0.02985587
v -0.02921651 0.02393023 0.02984993
v -0.03063313 0.02325462 0.02983351
v -0.02386315 0.02366233 0.03404900
v -0.02392392 0.02445780 0.03397267
v -0.02882451 0.02467459 0.02987215
v -0.02878200 0.02421335 0.02981609
v -0.02437793 0.02319758 0.03424616
v -0.02265822 0.02323101 0.03445781
v -0.02150630 0.02351132 0.03401129
v -0.02147192 0.02472188 0.03396181
v -0.03377475 0.01963733 0.03723866
v -0.03396142 0.01882104 0.03721879
v -0.02918174 0.01929374 0.03750956
v -0.02877499 0.02018956 0.03748325
v -0.03360383 0.02017768 0.03710711
v -0.03704244 0.02017522 0.03609866
v -0.03711580 0.01966128 0.03622756
v -0.03718537 0.01882537 0.03613877
v -0.02579057 0.02030194 0.03731695
v -0.02568629 0.02124004 0.03705063
v -0.03713882 0.01807959 0.03605206
v -0.03415718 0.01812882 0.03701667
v -0.02938122 0.01860174 0.03746032
v -0.02577380 0.01984416 0.03740562
v -0.02290996 0.02112525 0.03682721
v -0.02407252 0.02137524 0.03684238
v -0.03405654 0.01742980 0.03665612
v -0.03387316 0.01669130 0.03639671
v -0.02920104 0.01740637 0.03724591
v -0.02931287 0.01804199 0.03734636
v -0.03704171 0.01731670 0.03563338
v -0.03687480 0.01644741 0.03531260
v -0.04566411 0.02020283 0.02983685
v -0.04621831 0.02063216 0.02893583
v -0.04614491 0.01998979 0.02900774
v -0.04577525 0.01963127 0.02947366
v -0.04848979 0.01665960 0.02630269
v -0.04958289 0.01780970 0.02553114
v -0.05093716 0.01695524 0.02387248
v -0.04987273 0.01568194 0.02535777
v -0.05720149 0.00640199 0.02083529
v -0.05196198 0.01258432 0.02459094
v -0.05323561 0.01391525 0.02222379
v -0.04516211 0.02013270 0.03064039
v -0.04454013 0.01995658 0.03158975
v -0.04516098 0.02043987 0.03063347
v -0.04564217 0.02067375 0.02969646
v -0.04529425 0.01935462 0.03027904
v -0.04457062 0.01924080 0.03134645
v -0.04360310 0.01984096 0.03272885
v -0.04363324 0.01911525 0.03259284
v -0.04203378 0.01888499 0.03396423
v -0.04199009 0.01969338 0.03409388
v -0.03995548 0.01966752 0.03517715
v -0.04024607 0.02006146 0.03501726
v -0.03998248 0.01879181 0.03505262
v -0.04206300 0.01814807 0.03362856
v -0.03997763 0.01805510 0.03483332
v -0.04358668 0.01829585 0.03214215
v -0.04459218 0.01854413 0.03085517
v -0.04539327 0.01878729 0.02974174
v -0.04610349 0.01905907 0.02896158
v -0.04660495 0.01961821 0.02841652
v -0.04571696 0.01802589 0.02913856
v -0.04646269 0.01713955 0.02841740
v -0.04507631 0.01686375 0.02966312
v -0.04468007 0.01777716 0.03026407
v -0.04664108 0.01840257 0.02827719
v -0.04746720 0.01759994 0.02730430
v -0.04360608 0.01756993 0.03151529
v -0.04365221 0.01678924 0.03106549
v -0.04182749 0.01654173 0.03266178
v -0.04190205 0.01732604 0.03310806
v -0.03906840 0.01745169 0.03422551
v -0.03906080 0.01650555 0.03378559
v -0.03353024 0.02030624 0.03682582
v -0.03336520 0.02048880 0.03525855
v -0.03675952 0.02016624 0.03464271
v -0.03707321 0.02016191 0.03578959
v -0.04028185 0.02002172 0.03482875
v -0.03957898 0.01991638 0.03390268
v -0.03650835 0.01989440 0.03348411
v -0.03468624 0.02226468 0.02944643
v -0.03573254 0.02223337 0.02902704
v -0.03917967 0.01978455 0.03275760
v -0.03343984 0.02033551 0.03401018
v -0.03326225 0.02242891 0.02973662
v -0.03019760 0.02120404 0.03415962
v -0.03180565 0.02284094 0.02981473
v -0.02747520 0.02198241 0.03461263
v -0.03504677 0.03127309 0.03809415
v -0.03485018 0.03121288 0.03882565
v -0.04077937 0.03043968 0.03771027
v -0.04025310 0.03037350 0.03707764
v -0.05159515 -0.00105146 -0.12087714
v -0.05293673 0.01410601 -0.12605290
v -0.04040440 0.00950494 -0.13571183
v -0.04231925 0.02836182 0.03533194
v -0.04259365 0.02926018 0.03570215
v -0.04501699 0.02798242 0.03369217
v -0.04454383 0.02720420 0.03328086
v -0.04225833 0.02732494 0.03547205
v -0.04420761 0.02613900 0.03336352
v -0.03955823 0.02855386 0.03748520
v -0.03972880 0.02967513 0.03735832
v -0.03994878 0.03045033 0.03731033
v -0.04341339 0.02524192 0.02915537
v -0.04266358 0.02608497 0.02990279
v -0.04331893 0.02569277 0.03130091
v -0.04433016 0.02504951 0.03002975
v -0.04403472 0.02465000 0.02853038
v -0.04493076 0.02447672 0.02912860
v -0.03878583 0.02458999 0.02698547
v -0.03844873 0.02489384 0.02732294
v -0.03794442 0.02531004 0.02778906
v -0.03894987 0.02429285 0.02681632
v -0.03903351 0.02395927 0.02673519
v -0.03903726 0.02365422 0.02674790
v -0.03890897 0.02336190 0.02688383
v -0.05823833 -0.00963194 0.02098479
v -0.05945727 0.00113278 0.02004106
v -0.06117190 -0.00706794 0.01665855
v -0.04491980 0.02074024 0.03044505
v -0.04544504 0.02106906 0.02955438
v -0.04439340 0.02106682 0.02999514
v -0.04490101 0.02140864 0.02925443
v -0.04601090 0.02157404 0.02869154
v -0.04633458 0.02126826 0.02866087
v -0.04227551 0.02037350 0.03114956
v -0.03778571 0.02235353 0.02821829
v -0.03824933 0.02255108 0.02781604
v -0.04303758 0.02094138 0.03021591
v -0.04098479 0.01993178 0.03192988
v -0.03706630 0.02221813 0.02862992
v -0.03849654 0.02284383 0.02746752
v -0.03872339 0.02307771 0.02713446
v -0.04338691 0.02133287 0.02947669
v -0.04384915 0.02178738 0.02880330
v -0.04527913 0.02203028 0.02870158
v -0.04444956 0.02289795 0.02796261
v -0.04445981 0.02344086 0.02799288
v -0.04547519 0.02254550 0.02846147
v -0.04559156 0.02319974 0.02839693
v -0.04423667 0.02235132 0.02822385
v -0.04430692 0.02404867 0.02818153
v -0.04533513 0.02375581 0.02867216
v -0.04653414 0.02064625 0.02852205
v -0.04658656 0.02159527 0.02830833
v -0.04715382 0.02249505 0.02773249
v -0.04699045 0.02051598 0.02797361
v -0.04769544 0.02035225 0.02719485
v -0.04722725 0.01912219 0.02758331
v -0.04812813 0.02304672 0.02726144
v -0.04931608 0.02301419 0.02653115
v -0.04907906 0.01993936 0.02628854
v -0.04821123 0.01858122 0.02656796
v -0.04625718 0.02217878 0.02832868
v -0.04648620 0.02277295 0.02805422
v -0.04756763 0.02426124 0.02851384
v -0.04847163 0.02490121 0.02848949
v -0.04688766 0.02371393 0.02869828
v -0.04639676 0.02446926 0.02995470
v -0.04684511 0.02520313 0.02989028
v -0.04764439 0.02583518 0.02993072
v -0.04591343 0.02608150 0.03146086
v -0.04663210 0.02683520 0.03171293
v -0.04554059 0.02522162 0.03146777
v -0.04628129 0.02358338 0.02867274
v -0.04579276 0.02425194 0.02964343
v -0.04502977 0.02494670 0.03097995
v -0.04388111 0.02542078 0.03286441
v -0.04193691 0.02642250 0.03497244
v -0.04135863 0.02658262 0.03308780
v -0.03922792 0.02766763 0.03688545
v -0.03854008 0.02757097 0.03500722
v -0.03501539 0.03211565 0.03982303
v -0.04150462 0.03138860 0.03834162
v -0.03817008 0.02769384 0.03287568
v -0.03564513 0.02599925 0.02926088
v -0.03404958 0.02608191 0.02978880
v -0.03496082 0.02762543 0.03410925
v -0.02461613 0.02508548 0.03442676
v -0.02551046 0.02587560 0.03500437
v -0.02957131 0.02522078 0.03028770
v -0.02910786 0.02495533 0.03007321
v -0.02292312 0.02522355 0.03503413
v -0.02435050 0.02600431 0.03585002
v -0.02922238 0.02697731 0.03516017
v -0.03124617 0.02566959 0.03042819
v -0.03024575 0.02543632 0.03042190
v -0.02734993 0.02646489 0.03503506
v -0.02864166 0.02746520 0.03706430
v -0.02605958 0.02668785 0.03648997
v -0.03524166 0.02794379 0.03626360
v -0.02204983 0.07181592 -0.14411898
v -0.02167127 0.05595485 -0.14779615
v -0.04126424 0.05789214 -0.13891502
v -0.04113584 0.07165141 -0.13591710
v -0.04063799 0.02698923 0.03148508
v -0.03695472 0.02572243 0.02854106
v -0.05105228 0.07273860 -0.12828048
v -0.05017681 0.08142302 -0.12522507
v -0.04151651 0.08341745 -0.13062267
v -0.03775462 -0.06347994 -0.10000943
v -0.02772002 -0.07513101 -0.10677610
v -0.02075453 0.02509213 0.03616522
v -0.02259067 0.02621696 0.03666162
v -0.01955041 0.02411734 0.03579235
v -0.01887648 0.02395782 0.03588835
v -0.02002788 0.02520990 0.03622136
v -0.02162577 0.02643357 0.03673473
v -0.02488969 0.02717507 0.03721109
v -0.02416631 0.02752827 0.03771294
v -0.02778563 0.02870475 0.03880960
v -0.02786022 0.02803564 0.03827849
v -0.03533029 0.02851453 0.03812179
v -0.03553398 0.02932296 0.03882027
v -0.02722303 0.02962313 0.03848499
v -0.02361301 0.02810015 0.03729943
v -0.02640711 0.03040357 0.03848474
v -0.02334829 0.02876057 0.03749312
v -0.03552211 0.03103436 0.03809458
v -0.03565228 0.03034355 0.03855944
v -0.02274699 0.02212509 0.03636647
v -0.02047214 0.02227699 0.03618838
v -0.02332595 0.02256053 0.03620546
v -0.02089056 0.02269195 0.03593551
v -0.02455899 0.02276943 0.03536342
v -0.01987251 0.02310801 0.03569911
v -0.01918343 0.02282714 0.03592181
v -0.02545856 0.02264154 0.03465327
v -0.01929000 0.02529571 0.03580566
v -0.01797383 0.02377496 0.03574351
v -0.01804543 0.02568968 0.03516246
v -0.01710002 0.02391474 0.03553319
v -0.02051025 0.02763325 0.03603124
v -0.02091048 0.02679602 0.03602081
v -0.01818309 0.02266149 0.03582586
v -0.01886838 0.02212850 0.03607795
v -0.01737706 0.02267929 0.03583054
v -0.01804572 0.02205110 0.03614198
v -0.02552717 0.01920987 0.03747272
v -0.02525533 0.01873943 0.03747843
v -0.02217353 0.02053435 0.03690487
v -0.02141655 0.02004939 0.03694193
v -0.03376965 0.01586846 0.03661348
v -0.03681545 0.01564246 0.03544958
v -0.03334923 0.01469009 0.03698244
v -0.03677763 0.01443925 0.03571318
v -0.02829856 0.01545924 0.03803129
v -0.02888318 0.01641360 0.03764546
v -0.03238340 -0.11897140 -0.01541489
v -0.04730700 0.01607420 0.02779073
v -0.04829171 0.01484334 0.02719958
v -0.04663401 0.01438519 0.02894847
v -0.04576785 0.01583127 0.02922141
v -0.04401119 0.01570452 0.03075004
v -0.04451000 0.01419183 0.03074569
v -0.04212986 0.01423718 0.03262118
v -0.04179911 0.01555136 0.03242657
v -0.03911559 0.01568164 0.03369209
v -0.03977897 0.01422024 0.03408424
v -0.05047990 0.01909638 0.02475698
v -0.05091960 0.02258576 0.02403379
v -0.05159926 0.01815915 0.02286724
v -0.05280105 0.02191548 0.02158926
v -0.01636592 0.02651784 0.03524820
v -0.01611551 0.02411164 0.03512938
v -0.01488492 0.02699848 0.03615725
v -0.01491205 0.02458483 0.03575956
v -0.01597177 0.02934390 0.03696364
v -0.01787687 0.02891536 0.03601585
v -0.01660641 0.02276876 0.03585611
v -0.01725336 0.02172132 0.03620126
v -0.01562804 0.02273206 0.03610469
v -0.01657936 0.02132669 0.03637351
v -0.02459143 0.01781976 0.03771573
v -0.02408866 0.01703849 0.03778579
v -0.02063995 0.01947746 0.03739254
v -0.02004250 0.01889014 0.03727487
v -0.04987063 -0.01234321 -0.11642240
v -0.05355256 0.03014493 -0.12827502
v -0.04784713 0.03475886 0.03383656
v -0.04569069 0.03227272 0.03529921
v -0.04237247 0.03365856 0.03787479
v -0.04376216 0.03653776 0.03709966
v -0.05047030 0.03829516 0.03143777
v -0.05250017 0.03502137 0.02855590
v -0.05026272 0.03253504 0.03087259
v -0.04815508 0.03062224 0.03255661
v -0.05166154 0.02536512 0.02470222
v -0.05019550 0.02556741 0.02668156
v -0.05015824 0.02718872 0.02796579
v -0.05165487 0.02768349 0.02616984
v -0.05358791 0.02529366 0.02224170
v -0.05396929 0.02835458 0.02404827
v -0.05126478 0.02995775 0.02847997
v -0.04936965 0.02883829 0.03004746
v -0.05359285 0.03128457 0.02645593
v -0.02341268 0.03382569 0.03951209
v -0.02420541 0.03242067 0.03945377
v -0.02177577 0.03057090 0.03783162
v -0.02031245 0.03093737 0.03773769
v -0.02228129 0.03478219 0.03977348
v -0.01806402 0.03174026 0.03788923
v -0.03659530 0.03739175 0.04028835
v -0.03591962 0.03474070 0.04026029
v -0.02588231 0.03090066 0.03864006
v -0.02387737 0.02965499 0.03817969
v -0.02534097 0.03080917 0.03855978
v -0.02329862 0.02951276 0.03786721
v -0.05888018 0.09224623 -0.10768557
v -0.06093547 0.09801622 -0.09543803
v -0.04455158 0.10902131 -0.10148320
v -0.04374259 0.10174102 -0.11355659
v -0.04261466 0.02928736 0.03617752
v -0.04334499 0.02933423 0.03606403
v -0.04567869 0.02829626 0.03395380
v -0.04509891 0.02821188 0.03417478
v -0.04703164 0.02718869 0.03189484
v -0.04743049 0.02745274 0.03173307
v -0.04832423 0.02651917 0.02980660
v -0.04803664 0.02640353 0.03006424
v -0.04858828 0.02563670 0.02872407
v -0.04888631 0.02555542 0.02825234
v -0.02314940 0.03004784 0.03831813
v -0.02502403 0.03110165 0.03918535
v -0.05252824 0.06071699 -0.12978843
v -0.04344238 0.07155272 0.02031909
v -0.05024308 0.06816021 0.01414316
v -0.04819659 0.06183989 0.01914854
v -0.04408974 0.03022167 0.03636619
v -0.04653694 0.02911477 0.03385989
v -0.04814008 0.02801232 0.03129247
v -0.04906879 0.02680833 0.02926109
v -0.04950260 0.02592335 0.02802506
v -0.07319070 -0.01405704 -0.04031552
v -0.07342917 -0.01408422 -0.04204706
v -0.08038078 -0.00460467 -0.06695318
v -0.07863319 0.00172144 -0.06566393
v -0.07746856 0.00514637 -0.06428840
v -0.08134004 0.01239507 -0.05236572
v -0.08280794 0.01575885 -0.05523914
v -0.08450045 -0.02227681 -0.05931607
v -0.08145538 -0.02448503 -0.05558215
v -0.08439227 -0.02153428 -0.05995838
v -0.08935734 0.01211676 -0.06353037
v -0.08985077 0.01053528 -0.06472528
v -0.09079777 0.01019963 -0.06422456
v -0.04307417 -0.03414203 -0.10718389
v -0.04750059 -0.02129409 -0.11300237
v -0.09011427 0.00887619 -0.06594519
v -0.07503864 -0.00950945 -0.04462218
v -0.08139768 -0.00492224 -0.06711568
v -0.08295235 -0.00526854 -0.06877567
v -0.08386373 -0.01005909 -0.06872581
v -0.08317306 -0.00972130 -0.06813138
v -0.08322231 -0.01516507 -0.06694766
v -0.08262581 -0.01448596 -0.06644131
v -0.08567031 -0.01864948 -0.06269594
v -0.08569726 -0.01425616 -0.06546560
v -0.08372013 0.01623440 -0.05653477
v -0.08388437 0.01549534 -0.05581990
v -0.08442387 0.01629753 -0.05682531
v -0.07594942 -0.01064398 -0.04594423
v -0.07954887 0.01012549 -0.05236408
v -0.07926638 0.00846856 -0.05072659
v -0.07900453 0.00883593 -0.05114024
v -0.07423329 -0.00605623 -0.04993956
v -0.07400353 -0.00524864 -0.05016865
v -0.07530193 -0.00745026 -0.04963179
v -0.07690556 -0.00863353 -0.04747621
v -0.07142217 -0.01613934 -0.04923518
v -0.07125712 -0.01687245 -0.05059879
v -0.07072598 -0.01744313 -0.04980062
v -0.08717772 0.02180745 -0.05860434
v -0.07939230 0.00755692 -0.05034564
v -0.08054201 0.00860272 -0.05075631
v -0.08128919 0.00963159 -0.05105990
v -0.08521856 0.01563741 -0.05680750
v -0.08174846 0.01049802 -0.05118231
v -0.08079480 0.01052500 -0.05144111
v -0.08204009 0.01216578 -0.05218519
v -0.08013681 0.01057429 -0.05176869
v -0.07706501 -0.01338026 -0.06221905
v -0.07597300 -0.01352173 -0.06052608
v -0.07499170 0.00583796 -0.04087299
v -0.07534756 0.00374945 -0.04317626
v -0.08042617 -0.02522017 -0.05337198
v -0.07707471 0.01059191 -0.05896550
v -0.07782164 0.01382266 -0.06072499
v -0.08729044 -0.01012334 -0.06683834
v -0.08169583 -0.01657344 -0.05657174
v -0.07944907 -0.01768078 -0.05565456
v -0.08412937 -0.01523936 -0.05787089
v -0.08573941 -0.01268386 -0.05959836
v -0.07627285 0.00200826 -0.05431865
v -0.08457716 0.00633181 -0.05967920
v -0.08486816 0.00433497 -0.06051598
v -0.08327414 0.00644125 -0.05860922
v -0.07883848 0.01716803 -0.05909415
v -0.07924674 0.01696482 -0.05678156
v -0.07654835 0.01348942 -0.05818863
v -0.07918868 0.01515739 -0.05643620
v -0.07321708 -0.01286750 -0.04903109
v -0.07183668 -0.01829825 -0.05208784
v -0.07340691 -0.01701189 -0.05387599
v -0.07287977 -0.01891953 -0.05319684
v -0.07402521 -0.01793867 -0.05495723
v -0.07429107 -0.01677218 -0.05646674
v -0.07470725 -0.01518256 -0.05777946
v -0.07624642 -0.01323049 -0.05802448
v -0.07302673 -0.00895502 -0.04975693
v -0.07884444 0.01796308 -0.04811443
v -0.07255953 -0.01071413 -0.04968422
v -0.07446896 -0.00731892 -0.04969540
v -0.07435199 -0.00900655 -0.04934971
v -0.07385207 -0.01086575 -0.04907438
v -0.07772946 -0.02042885 -0.04980552
v -0.07784288 -0.01908497 -0.05238017
v -0.07649741 -0.01962231 -0.04926287
v -0.07811444 -0.01857126 -0.05447836
v -0.07543835 -0.01920154 -0.04901563
v -0.07854826 0.01154795 -0.05846909
v -0.07931489 0.01461747 -0.05809451
v -0.07331274 -0.01059784 -0.03870052
v -0.06385071 -0.00222312 0.01129778
v -0.06571888 0.00726273 0.00560598
v -0.02240415 -0.05441722 0.04202555
v -0.02205315 -0.05710660 0.04253704
v -0.05435376 -0.01191544 0.02540518
v -0.04854677 -0.01452271 0.02972195
v -0.02016428 -0.04861796 0.05526647
v -0.01988596 -0.04970316 0.05576936
v -0.01903448 -0.04909848 0.05584719
v -0.01937713 -0.04848368 0.05532066
v -0.01812233 -0.04778430 0.05307487
v -0.01856010 -0.04815075 0.05203449
v -0.01860951 -0.04837884 0.05355692
v -0.01835371 -0.04817256 0.05445493
v -0.02497417 -0.02820944 0.04866476
v -0.02866213 -0.02432457 0.04538624
v -0.03048742 -0.02982135 0.04522435
v -0.02687209 -0.03349942 0.04870388
v -0.01993219 -0.05133457 0.04422229
v -0.01912441 -0.05007334 0.04436190
v -0.01874559 -0.04882942 0.04794502
v -0.01905549 -0.04982076 0.04741582
v -0.02026987 -0.05217421 0.04447542
v -0.01921010 -0.05004473 0.04750425
v -0.02187716 -0.05283738 0.04172406
v -0.02100976 -0.05043811 0.04163067
v -0.02940791 -0.05506062 0.04664907
v -0.02550326 -0.05304642 0.05086360
v -0.02555262 -0.04957130 0.05049258
v -0.02931087 -0.05010790 0.04685057
v -0.02351351 -0.01493903 0.04466144
v -0.02644194 -0.01915655 0.04502334
v -0.02325774 -0.02360707 0.04731159
v -0.02061447 -0.01800196 0.04590353
v -0.01790630 -0.01307263 0.04580930
v -0.02063551 -0.00997556 0.04436830
v -0.01740352 -0.00529258 0.04942967
v -0.01814043 -0.00901053 0.05077051
v -0.01760320 -0.01055603 0.05436783
v -0.01825055 -0.00802156 0.05317226
v -0.01537051 -0.01436284 0.05282301
v -0.01790448 -0.01119587 0.04902586
v -0.01077350 -0.01571854 0.05331543
v -0.01088671 -0.01553778 0.05452557
v -0.01513929 -0.01443684 0.05110116
v -0.01499899 -0.01520277 0.04914805
v -0.01081963 -0.01631206 0.05215507
v -0.01070067 -0.01529427 0.05556159
v -0.01375641 -0.01512508 0.05565981
v -0.01551285 -0.01311002 0.05681436
v -0.00468505 -0.01556623 0.06355531
v -0.00615114 -0.01463502 0.06551184
v -0.01025320 0.01652801 0.04936611
v -0.01315994 0.01381109 0.04676544
v -0.01033800 0.01405099 0.05136248
v -0.01318583 0.01155109 0.04872471
v -0.01526003 -0.01167081 0.06027294
v -0.01647210 -0.00912764 0.05871341
v -0.01281501 -0.01124732 0.06404211
v -0.01371054 -0.00815335 0.06366478
v -0.00424792 0.02915453 0.04774844
v -0.00209770 -0.01846279 0.05961928
v -0.00231210 -0.01898229 0.05915543
v -0.00188225 -0.01738567 0.06113289
v -0.02273726 0.09475032 -0.13137294
v -0.02322268 0.10712069 -0.12030119
v -0.02231452 0.12001259 -0.09770065
v -0.02007824 0.12409430 -0.08552710
v -0.00531639 -0.03158853 0.06622443
v -0.00518513 -0.02934176 0.06524601
v -0.00875922 -0.04207656 0.05235811
v -0.00469246 -0.04119407 0.05367475
v -0.00488112 -0.04120757 0.05631661
v -0.00914074 -0.04257367 0.05542461
v -0.01186997 -0.04406370 0.05401154
v -0.01225646 -0.04354225 0.05060022
v -0.00839529 -0.04152818 0.05008581
v -0.00440272 -0.04053006 0.05102758
v -0.00949166 -0.04245456 0.06058612
v -0.00530549 -0.04064884 0.06154310
v -0.00590308 -0.03799844 0.06487602
v -0.00998593 -0.03969492 0.06244962
v -0.01709988 -0.01971646 0.04877712
v -0.01331657 -0.01924660 0.05102729
v -0.00944069 -0.01971304 0.05452019
v -0.00648799 -0.02048167 0.05705745
v -0.00574430 -0.01886923 0.05719948
v -0.00800271 -0.01772912 0.05500730
v -0.00549076 -0.01803144 0.05738078
v -0.00775528 -0.01709394 0.05547492
v -0.00771724 -0.01664486 0.05596243
v -0.00860984 -0.01595604 0.05640043
v -0.00681278 -0.01623668 0.05756668
v -0.00744201 -0.01553024 0.05749648
v -0.00549640 -0.01748130 0.05767335
v -0.00468099 0.00719299 0.06354516
v -0.00427723 0.01073018 0.06044671
v -0.00987307 -0.02849735 0.06249748
v -0.00508826 -0.02783975 0.06352376
v -0.00405468 -0.02484691 0.06002462
v -0.00828115 -0.02476207 0.05876734
v -0.01250567 -0.02580572 0.05706375
v -0.01388597 -0.03074209 0.06073367
v -0.00254870 -0.01974175 0.05879126
v -0.00994049 -0.03049482 0.06382650
v -0.00993081 -0.03284062 0.06461474
v -0.01413989 -0.03304898 0.06188538
v -0.01402434 -0.03596097 0.06255359
v -0.01701896 -0.03449576 0.05935235
v -0.01662132 -0.02789528 0.05546812
v -0.02079608 -0.03134980 0.05369522
v -0.01961261 -0.03977595 0.05737685
v -0.02546916 -0.04580874 0.05117183
v -0.02127773 -0.04891139 0.05469509
v -0.02108192 -0.04717983 0.05489564
v -0.02092984 -0.04535364 0.05528133
v -0.02504199 -0.04156863 0.05170321
v -0.02893899 -0.04486768 0.04801088
v -0.02821060 -0.03897987 0.04866239
v -0.02371054 -0.03692442 0.05234499
v -0.02059229 -0.04317655 0.05597261
v -0.02007801 -0.04742425 0.05542275
v -0.01926860 -0.04778229 0.05541145
v -0.01989236 -0.04642158 0.05594719
v -0.01887769 -0.04718228 0.05599400
v -0.01965021 -0.04511032 0.05669980
v -0.01851074 -0.04642536 0.05668058
v -0.01793877 -0.04500900 0.05798402
v -0.01904439 -0.04281669 0.05794591
v -0.01714920 -0.04761396 0.05344483
v -0.01609220 -0.04720141 0.05439484
v -0.01590617 -0.04737391 0.05578301
v -0.01701619 -0.04767198 0.05451803
v -0.01819261 -0.04810255 0.05261914
v -0.01779176 -0.04798372 0.05392909
v -0.01820885 -0.04834062 0.04874437
v -0.01770667 -0.04754659 0.04951935
v -0.01870007 -0.04800624 0.05177849
v -0.01887731 -0.04838953 0.05298229
v -0.01853096 -0.04818875 0.05485718
v -0.01808877 -0.04772247 0.05519869
v -0.01741650 -0.04749004 0.05589548
v -0.01653326 -0.04658593 0.05705872
v -0.01326718 -0.03911122 0.06216935
v -0.01628774 -0.04039898 0.06055734
v -0.01495804 -0.04311308 0.05992456
v -0.01205805 -0.04225234 0.06058739
v -0.01357136 -0.04494889 0.05860344
v -0.01235782 -0.04303196 0.04787258
v -0.01136221 -0.04402261 0.05866513
v -0.01533102 -0.04574015 0.04808693
v -0.01593148 -0.04523218 0.04525272
v -0.01474107 -0.04602313 0.05168378
v -0.01843805 -0.04884158 0.04531055
v -0.01754247 -0.04793015 0.04591531
v -0.01973277 -0.04869289 0.04164537
v -0.01857905 -0.04711777 0.04271325
v -0.01335172 -0.04593633 0.05698318
v -0.01702722 -0.03765953 0.06030544
v -0.00995576 -0.03606115 0.06419688
v -0.00555564 -0.03459708 0.06599333
v -0.00533456 -0.00113195 0.06984305
v -0.00503305 0.00333830 0.06645687
v -0.01854466 -0.04857510 0.05541554
v -0.01139001 -0.12827246 -0.00022632
v -0.02109900 -0.05056758 0.05511146
v -0.02016704 -0.05419147 0.04480889
v -0.01887807 -0.05086979 0.04814637
v -0.02825725 -0.06037050 0.04757749
v -0.02507662 -0.06507090 0.04912469
v -0.02254493 -0.06090534 0.05259825
v -0.02479082 -0.05706734 0.05155531
v -0.01969285 -0.05475143 0.05737423
v -0.02061111 -0.05231610 0.05604317
v -0.01969750 -0.05114156 0.05677447
v -0.01848839 -0.05273653 0.05842401
v -0.01722072 -0.05109487 0.05870159
v -0.01849924 -0.04997887 0.05689593
v -0.01604582 -0.04810384 0.05701869
v -0.01336247 -0.04870700 0.05822349
v -0.01163759 -0.05220774 0.05446229
v -0.01427766 -0.05147442 0.05378704
v -0.01798109 -0.05084673 0.04994946
v -0.01760549 -0.04765322 0.05419838
v -0.01592664 -0.04861578 0.05802550
v -0.01787313 -0.04830284 0.05546677
v -0.01336048 -0.04935700 0.05958299
v -0.02166038 -0.12470219 -0.00655751
v -0.01801909 -0.04892870 0.05640444
v -0.01619815 -0.04951230 0.05855598
v -0.01385863 -0.05089208 0.06033665
v -0.01511788 -0.05299374 0.06095358
v -0.01630296 -0.05514343 0.06101118
v -0.01713157 -0.05783326 0.05924673
v -0.01881633 -0.06509377 0.05306472
v -0.02044938 -0.06998097 0.05025074
v -0.01367311 -0.06720816 0.05368578
v -0.01521713 -0.07222349 0.05192143
v -0.01365526 -0.06077902 0.06155275
v -0.01321864 -0.05750624 0.06389578
v -0.01207221 -0.05452187 0.06376678
v -0.01107258 -0.05191920 0.06248065
v -0.00323186 -0.02105410 0.05858297
v -0.00567604 -0.01633939 0.05880799
v -0.00461115 -0.01607712 0.06099225
v -0.00846022 -0.01327988 0.06632191
v -0.00188413 -0.01670936 0.06337184
v -0.01134828 -0.01170105 0.06581894
v -0.00949317 -0.01229709 0.06727303
v -0.01020269 -0.01056142 0.06816612
v -0.01140831 -0.00971743 0.06694636
v -0.00781929 -0.01289743 0.06843880
v -0.00935258 -0.01085981 0.06917448
v -0.00328049 -0.01389174 0.07008415
v -0.00429733 -0.01053042 0.07195070
v -0.00536307 -0.00496674 0.07182230
v -0.00486218 -0.00827983 0.07252591
v -0.01062645 -0.00884323 0.06860626
v -0.01186232 -0.00670696 0.06683770
v -0.01189296 -0.00327920 0.06458826
v -0.01419980 -0.00489527 0.06110713
v -0.01095548 0.12841514 -0.04289508
v -0.01050305 -0.05024329 0.06136271
v -0.00993314 -0.04932624 0.05959756
v -0.01070750 -0.06137003 0.04806358
v -0.01127586 -0.05640491 0.05049940
v -0.00666451 -0.05830057 0.05102779
v -0.00669344 -0.06221691 0.04939052
v -0.00675146 -0.04945304 0.06040143
v -0.00592705 -0.05338393 0.05534379
v -0.00826088 -0.05291862 0.05515256
v -0.00679327 -0.05053883 0.06197996
v -0.00719749 -0.05247510 0.06347489
v -0.00815835 -0.05536466 0.06513626
v -0.00521176 -0.05885426 0.05117593
v -0.00421381 -0.06351870 0.04944004
v -0.01899318 -0.05533438 0.04604461
v -0.01972165 -0.05953057 0.04377652
v -0.01497562 -0.05669474 0.04880111
v -0.01520220 -0.06028438 0.04648675
v -0.00977627 -0.07274332 0.05378286
v -0.00877602 -0.06801672 0.05445329
v -0.00889621 -0.05881419 0.06530907
v -0.00899346 -0.06247539 0.06307383
v -0.02313922 0.11481711 -0.10958720
v -0.06197708 0.07467265 -0.00716220
v -0.05979799 0.06783840 -0.00009064
v -0.05324444 0.07495982 0.00656302
v -0.05551797 0.08053957 0.00017796
v -0.06273361 0.08262440 -0.01491361
v -0.05624268 0.08731098 -0.00710823
v -0.04031377 0.12096424 -0.06162073
v -0.04075630 0.12003913 -0.04767638
v -0.02193062 0.12583777 -0.04410926
v -0.03527857 0.12126131 -0.07527372
v -0.04765442 0.11313707 -0.08451176
v -0.04968503 0.11552583 -0.06544467
v -0.04947387 0.11506797 -0.05044822
v -0.02796734 -0.08765479 -0.10771574
v -0.05345706 0.04307141 -0.12927283
v -0.04807536 0.11379424 -0.03694817
v -0.03999639 0.11794077 -0.03424846
v -0.03942519 0.11460632 -0.02226902
v -0.04668123 0.11127272 -0.02558434
v -0.02179075 0.12316731 -0.03004602
v -0.01099305 0.12530576 -0.02839394
v -0.01992628 0.00551549 -0.14346893
v -0.00418892 0.01430404 0.05777647
v -0.04878619 -0.05019607 -0.09102764
v -0.05843697 -0.05066515 -0.07315575
v -0.06115295 -0.10324027 -0.05023075
v -0.07123433 -0.02743880 -0.05476926
v -0.07089075 -0.02667024 -0.05535382
v -0.06066748 -0.06532523 -0.05442397
v -0.06166270 -0.05124042 -0.05522556
v -0.03936106 -0.04940117 -0.10254095
v -0.07964433 -0.01611170 -0.06552787
v -0.08049782 -0.01262835 -0.06661993
v -0.08095872 -0.01693521 -0.06518351
v -0.08172715 -0.01306932 -0.06644626
v -0.08169263 -0.00884532 -0.06713913
v -0.08158397 -0.01864626 -0.06442413
v -0.07919037 0.01703214 -0.05548622
v -0.08113752 0.01845926 -0.05439531
v -0.07069391 -0.02902116 -0.05064121
v -0.07064846 -0.02838795 -0.05236715
v -0.06998374 -0.02867170 -0.05158389
v -0.06982884 -0.02908835 -0.05022505
v -0.07035625 -0.02976684 -0.04897242
v -0.06951092 -0.02956417 -0.04906939
v -0.07800629 0.03456926 -0.04755358
v -0.06766151 -0.02871368 -0.05272988
v -0.07013777 -0.02720749 -0.05508090
v -0.07014182 -0.02783792 -0.05364529
v -0.06963325 -0.02862697 -0.05225514
v -0.06886704 -0.02941213 -0.05016091
v -0.06876388 -0.03019728 -0.04849679
v -0.06963625 -0.03082444 -0.04792342
v -0.08190878 -0.01968154 -0.06472960
v -0.07488045 -0.03006314 -0.05321978
v -0.07805564 0.01055034 -0.06042021
v -0.07815185 0.00873609 -0.06206874
v -0.08051074 0.01032022 -0.06335472
v -0.08038619 0.01237519 -0.06193116
v -0.06015120 -0.01141651 -0.10450040
v -0.06232008 -0.00025431 -0.10918772
v -0.01435279 -0.08556959 -0.11222157
v -0.01390951 -0.07230917 -0.11236808
v -0.07638524 0.03250649 -0.09390929
v -0.07807466 0.01202341 -0.05919365
v -0.08054841 0.01397386 -0.06063845
v -0.08066241 -0.00857697 -0.06710390
v -0.07614515 0.01183502 -0.05944411
v -0.07645717 0.01017343 -0.06076272
v -0.08187810 0.01560023 -0.06223374
v -0.08172122 0.01372236 -0.06358815
v -0.08205044 0.01142955 -0.06494905
v -0.07675957 0.00829296 -0.06214085
v -0.07881581 0.01560035 -0.06080697
v -0.08036431 0.06316350 -0.07005818
v -0.07979097 0.05742623 -0.08384310
v -0.07691693 0.08012565 -0.07315343
v -0.07611767 0.07530203 -0.08814985
v -0.07178553 0.06949469 -0.10379504
v -0.07527414 0.05051217 -0.09954614
v -0.07919997 0.01702038 -0.05569365
v -0.08219719 0.01941324 -0.05472794
v -0.06336234 0.08919584 -0.02225853
v -0.06856048 0.08445415 -0.02931770
v -0.05652851 0.09330529 -0.01379235
v -0.05647064 0.09874714 -0.02004587
v -0.06284328 0.09547846 -0.02881256
v -0.07017597 0.08899385 -0.04081479
v -0.07928541 0.05366389 -0.05581961
v -0.07839295 0.06837865 -0.05617690
v -0.07514316 0.07217349 -0.04281383
v -0.07468056 0.08478400 -0.05773915
v -0.06610130 0.09827841 -0.04669357
v -0.06991540 0.09492484 -0.06107741
v -0.05914013 0.10687115 -0.05017941
v -0.06133891 0.10514656 -0.06471705
v -0.06128514 0.10275070 -0.08050149
v -0.07164942 0.09115283 -0.07614972
v -0.06109585 0.10113849 -0.03458497
v -0.05495311 0.10369887 -0.02506312
v -0.05614937 0.10765068 -0.03771235
v -0.05275895 0.10786735 -0.02929680
v -0.07298160 0.07366864 -0.03574883
v -0.06432315 -0.03461267 -0.04879591
v -0.06575534 -0.03497517 -0.04382383
v -0.07143345 -0.02455427 -0.03636933
v -0.06849342 0.00030125 -0.00136388
v -0.06870189 0.01268370 -0.00379153
v -0.07229630 0.00481415 -0.01447730
v -0.07016160 -0.00957457 -0.01302953
v -0.06708956 0.02633753 -0.00554609
v -0.07113548 0.01878272 -0.01583274
v -0.07093486 0.03342557 -0.01795241
v -0.06642482 0.04052035 -0.00600360
v -0.06317464 0.06415629 -0.11867031
v -0.06549978 0.04717044 -0.11696260
v -0.06599025 0.03413145 -0.11558861
v -0.04684215 0.05621899 0.02330432
v -0.02244425 0.08569689 -0.13769579
v -0.04564120 0.07887023 0.01332983
v -0.05535034 0.08485984 -0.11843558
v -0.04228282 0.09101044 -0.12474708
v -0.07102425 0.08657830 -0.09101256
v -0.06796828 0.08157501 -0.10417166
v -0.06006001 0.07532246 -0.11881264
v -0.06513650 0.01762816 -0.11406311
v -0.04713402 0.10707287 -0.01843830
v -0.05612348 0.02493258 0.01909940
v -0.05539906 0.02045593 0.01842827
v -0.05661908 0.02942711 0.02069289
v -0.05386416 0.01567758 0.02052093
v -0.01631157 0.01101638 0.04476351
v -0.01601178 0.00885000 0.04638091
v -0.01534873 0.00623738 0.04803900
v -0.01912428 0.00645492 0.04448441
v -0.01818534 0.00338898 0.04586644
v -0.01237997 0.00575443 0.05257918
v -0.01292550 0.00880250 0.05074256
v -0.01451514 0.00359954 0.04932966
v -0.01447667 0.00050587 0.05085331
v -0.01224473 0.00273092 0.05470059
v -0.01810350 -0.01108162 0.04666062
v -0.01871291 -0.00656517 0.04516371
v -0.01660042 -0.00272145 0.04746200
v -0.02168831 0.00062949 0.04470966
v -0.02021751 -0.00278920 0.04504792
v -0.01707335 0.00055224 0.04650990
v -0.02308261 0.00406676 0.04317667
v -0.01604759 -0.00282005 0.05336080
v -0.01716093 -0.00665623 0.05647760
v -0.01313734 -0.00101723 0.05785528
v -0.01123713 0.00042485 0.06115405
v -0.01056284 0.00436113 0.05801137
v -0.01982054 0.00878649 0.04315014
v -0.02423038 0.00654855 0.04173318
v -0.02327239 -0.00615346 0.04462939
v -0.02690724 -0.00972870 0.04431337
v -0.02553247 -0.00186528 0.04358435
v -0.02896721 -0.00478237 0.04278462
v -0.02691909 0.00173149 0.04206703
v -0.03062808 -0.00096779 0.04095120
v -0.02977449 -0.01455439 0.04370656
v -0.03240964 -0.01902449 0.04276066
v -0.03422845 -0.02559654 0.04183744
v -0.03540742 -0.01380758 0.04048709
v -0.03787163 -0.01993716 0.03866060
v -0.03801453 -0.00828256 0.03832508
v -0.04112379 -0.01445246 0.03623558
v -0.03255771 -0.00868905 0.04173167
v -0.03475048 -0.00447389 0.03984236
v -0.03225174 0.00259164 0.03929085
v -0.02835116 0.00481407 0.04055553
v -0.04104439 0.00275079 0.03542788
v -0.03989514 -0.00270870 0.03670839
v -0.03624440 0.00011943 0.03808967
v -0.03742588 0.00453696 0.03675071
v -0.04413238 -0.00735067 0.03452844
v -0.04516384 0.00047333 0.03367785
v -0.04528337 0.00542030 0.03285922
v -0.03251520 0.01293620 0.03770029
v -0.02760470 0.01389784 0.03867210
v -0.03622108 0.01244755 0.03670603
v -0.04153878 0.00673902 0.03472039
v -0.03832462 0.00782545 0.03623134
v -0.05002416 0.01178262 0.02702195
v -0.04778519 0.01136929 0.02931374
v -0.04227530 0.01168492 0.03356625
v -0.03945665 0.01200050 0.03518745
v -0.04516380 0.01147645 0.03153740
v -0.02312265 0.01548997 0.03856663
v -0.01860109 0.01741183 0.03856741
v -0.05715862 -0.06379048 -0.07035623
v -0.01032486 0.00778113 0.05577721
v -0.01036068 0.01101401 0.05344622
v -0.01545773 0.03193467 0.03915599
v -0.01358731 0.02942719 0.03857660
v -0.00752219 0.02909978 0.04497788
v -0.01895873 0.03523101 0.04148376
v -0.01545380 0.01995337 0.03839337
v -0.01362113 0.02226606 0.03814265
v -0.01266283 0.02422171 0.03786293
v -0.01234905 0.02701582 0.03818412
v -0.03007828 0.04754008 0.04238059
v -0.02650497 0.04108486 0.04390098
v -0.05659144 0.06100710 0.00831270
v -0.06024405 0.05291698 0.00469002
v -0.05118775 0.04335384 0.02776728
v -0.05432129 0.03937929 0.02502778
v -0.05581496 0.03461390 0.02228547
v -0.06247840 0.04159647 0.00234872
v -0.06399970 0.02965602 0.00196780
v -0.06515094 0.01814984 0.00288831
v -0.04806541 0.09119938 0.00086607
v -0.04807879 0.09701419 -0.00544742
v -0.04745684 0.08500481 0.00744601
v -0.03905285 0.11023940 -0.01331866
v -0.03906184 0.10554954 -0.00544763
v -0.04780810 0.10234188 -0.01181181
v -0.03944713 0.10018815 0.00126389
v -0.03969209 0.09437993 0.00743893
v -0.03909497 0.08829675 0.01394453
v -0.03777822 0.08200087 0.01979845
v -0.03603176 0.07356532 0.02586921
v -0.04819817 -0.06324328 -0.08856406
v -0.00743676 -0.00559907 0.05450122
v -0.00700990 -0.00583719 0.05490559
v -0.00721838 -0.00561635 0.05428106
v -0.00669924 -0.00577311 0.05473263
v -0.00702708 -0.00600592 0.05477784
v -0.00712952 -0.01398261 0.05700213
v -0.00606250 -0.01210667 0.05623820
v -0.00639736 -0.00835083 0.05570371
v -0.07087267 -0.03121508 -0.03832041
v -0.05957581 -0.09923559 -0.06526712
v -0.05546539 -0.09594809 -0.07874449
v 0.05787089 -0.10029186 -0.06457308
v 0.05391627 -0.09674273 -0.07821020
v 0.02042473 -0.13077977 -0.00834640
v 0.03255263 -0.12667470 -0.01535028
v 0.03408504 -0.13564029 -0.01709838
v 0.02136157 -0.13898882 -0.01060522
v 0.06168503 -0.11886605 -0.07069364
v 0.05935048 -0.10970839 -0.06624716
v 0.05547369 -0.10618524 -0.08088597
v 0.05866695 -0.11542124 -0.08645618
v 0.04826278 -0.10392156 -0.09364010
v 0.05147488 -0.11390492 -0.09977192
v 0.04062212 -0.11387605 -0.10975675
v 0.03851179 -0.10216080 -0.10363547
v 0.02647280 -0.10113242 -0.11102775
v 0.02780711 -0.11407896 -0.11616448
v 0.04533437 -0.12194783 -0.02397268
v 0.05522145 -0.11727034 -0.03586393
v 0.05655082 -0.12675190 -0.03883391
v 0.04690386 -0.13130751 -0.02611565
v 0.05993244 -0.11327600 -0.05042330
v 0.06135554 -0.12289442 -0.05432606
v 0.01371826 -0.11397079 -0.11921337
v 0.01300705 -0.09992887 -0.11443753
v 0.02377398 -0.15863070 -0.01393560
v 0.01026040 -0.16052374 -0.01185001
v 0.01047699 -0.15036707 -0.00884480
v 0.02263408 -0.14864723 -0.01247207
v 0.05572981 -0.16257444 -0.03299148
v 0.06966079 -0.15617272 -0.04678896
v 0.07604528 -0.16454996 -0.04345879
v 0.05976958 -0.17252018 -0.03017138
v 0.09803624 -0.16189630 -0.05551610
v 0.10760571 -0.15063478 -0.07747249
v 0.03942749 -0.16632444 -0.02189038
v 0.04181837 -0.17670375 -0.01869425
v -0.00086966 -0.12657832 -0.12642768
v -0.00087356 -0.11362295 -0.11952239
v 0.09757216 -0.14512323 -0.08022068
v 0.09675831 -0.14123458 -0.10439224
v 0.10915822 -0.14708011 -0.10266162
v 0.05461782 -0.16232970 -0.14335960
v 0.05490911 -0.16917892 -0.14610083
v 0.07019275 -0.16449545 -0.14393884
v 0.06594982 -0.15808584 -0.14039098
v 0.07540945 -0.12944874 -0.09908601
v 0.06416486 -0.12984855 -0.11417212
v 0.07257789 -0.13725749 -0.11973926
v 0.08592910 -0.13508554 -0.10327745
v 0.03725319 -0.14640817 -0.13633247
v 0.05550006 -0.14140655 -0.13014761
v 0.04946409 -0.13333359 -0.12481810
v 0.03307420 -0.13590911 -0.13079874
v 0.08782190 -0.14014800 -0.08088295
v 0.07741058 -0.13480662 -0.07916794
v 0.08009741 -0.14877512 -0.06271883
v 0.07174908 -0.14193778 -0.06181367
v 0.06411729 -0.14780663 -0.04593243
v 0.05697369 -0.12276932 -0.10702318
v 0.04448338 -0.12400127 -0.11717237
v 0.02988624 -0.12550193 -0.12346563
v 0.01452300 -0.12647924 -0.12607485
v -0.00040114 -0.17537592 -0.14455599
v -0.00046807 -0.16310501 -0.14266287
v 0.01807307 -0.14895156 -0.13792518
v 0.01627691 -0.13789514 -0.13311169
v 0.08863956 -0.15507531 -0.06076118
v 0.06517644 -0.13331863 -0.05901335
v 0.05979250 -0.13732293 -0.04228084
v 0.06670103 -0.17929986 -0.01922716
v 0.08476587 -0.17298746 -0.03536789
v 0.04610428 -0.18391220 -0.00852347
v 0.02742972 -0.18751161 -0.00194060
v 0.01968027 -0.16193567 -0.14163615
v 0.01893447 -0.17389227 -0.14390397
v 0.03876811 -0.17110196 -0.14498782
v 0.04238633 -0.15850243 -0.14174010
v 0.05238095 -0.15281701 -0.03170989
v 0.03818917 -0.15614590 -0.02063587
v 0.02405190 -0.16895516 -0.01420283
v 0.06539617 -0.12336647 -0.09270454
v 0.06725308 -0.12785837 -0.07567918
v 0.04951773 -0.14169437 -0.02893009
v 0.03607321 -0.14590891 -0.01906232
v 0.00972277 -0.14128250 -0.00522582
v 0.02521449 -0.17891367 -0.01038939
v 0.09802542 -0.15128462 -0.12401193
v 0.08473067 -0.15834421 -0.13705790
v 0.07748126 -0.15441722 -0.13539135
v -0.00083691 -0.14982471 -0.13899136
v -0.00084493 -0.15066682 -0.00783857
v -0.00142755 -0.16086103 -0.01172826
v -0.00031915 -0.14168644 -0.00361428
v 0.08217168 -0.14605805 -0.12568635
v 0.06145169 -0.15064082 -0.13575478
v -0.00076262 -0.13463920 0.00011068
v -0.00092637 -0.09920722 -0.11510184
v -0.00159147 -0.17253524 -0.01541490
v -0.00162401 -0.18479669 -0.01273623
v -0.00153023 -0.19365388 -0.00297138
v 0.00975409 -0.13384646 -0.00237104
v 0.01138387 -0.18250133 -0.01075982
v 0.01059834 -0.17141378 -0.01376061
v 0.01226226 -0.19182003 -0.00209498
v -0.00075248 -0.13819361 -0.13369285
v -0.02150558 -0.13078170 -0.00858340
v -0.03301650 -0.12619132 -0.01644802
v -0.03433002 -0.13499917 -0.01757646
v -0.02181260 -0.13869794 -0.01075284
v -0.06236535 -0.11824662 -0.07091239
v -0.06093720 -0.10881960 -0.06679282
v -0.05688509 -0.10542989 -0.08123877
v -0.05988131 -0.11480343 -0.08652678
v -0.04974652 -0.10342973 -0.09371516
v -0.05273990 -0.11359534 -0.09968939
v -0.04192981 -0.11375790 -0.10970413
v -0.03994703 -0.10192820 -0.10361929
v -0.02789996 -0.10104354 -0.11100232
v -0.02921276 -0.11398511 -0.11616135
v -0.04584447 -0.12125847 -0.02526115
v -0.05588869 -0.11645921 -0.03708149
v -0.05728525 -0.12583190 -0.03950645
v -0.04755030 -0.13044491 -0.02695680
v -0.06151597 -0.11237663 -0.05125355
v -0.06251352 -0.12229472 -0.05456297
v -0.01520503 -0.11395344 -0.11914426
v -0.01463306 -0.09992131 -0.11432823
v -0.02517803 -0.15832324 -0.01437764
v -0.01244227 -0.16035160 -0.01191094
v -0.01151743 -0.15005475 -0.00908203
v -0.02347152 -0.14818454 -0.01295934
v -0.05599849 -0.16246161 -0.03411513
v -0.07003336 -0.15570250 -0.04757102
v -0.07666610 -0.16405796 -0.04455721
v -0.06059831 -0.17231502 -0.03114567
v -0.09867243 -0.16127655 -0.05666798
v -0.10824300 -0.14994536 -0.07845917
v -0.04054590 -0.16618316 -0.02255341
v -0.04353487 -0.17652267 -0.01917206
v -0.09822913 -0.14458717 -0.08097601
v -0.09758333 -0.14070401 -0.10497954
v -0.11000490 -0.14632067 -0.10356718
v -0.05561581 -0.16225649 -0.14370857
v -0.05591650 -0.16908914 -0.14645115
v -0.07108895 -0.16435099 -0.14438999
v -0.06692758 -0.15799516 -0.14071107
v -0.07633007 -0.12897278 -0.09917925
v -0.06521498 -0.13003965 -0.11433684
v -0.07358147 -0.13709216 -0.11992933
v -0.08677337 -0.13474678 -0.10358597
v -0.03836896 -0.14641607 -0.13645037
v -0.05658801 -0.14116278 -0.13027681
v -0.05051984 -0.13240731 -0.12453563
v -0.03421911 -0.13590568 -0.13077746
v -0.08845791 -0.13967180 -0.08133052
v -0.07786841 -0.13399358 -0.07929394
v -0.08067095 -0.14821422 -0.06320596
v -0.07239089 -0.14128554 -0.06239768
v -0.06414693 -0.14709958 -0.04691325
v -0.05810460 -0.12235336 -0.10701951
v -0.04573263 -0.12380942 -0.11717987
v -0.03126048 -0.12542486 -0.12341236
v -0.01576351 -0.12735380 -0.12638421
v -0.01950400 -0.14969137 -0.13812688
v -0.01817805 -0.13609153 -0.13294917
v -0.08922090 -0.15455583 -0.06158965
v -0.06550105 -0.13250640 -0.05930763
v -0.05983483 -0.13680236 -0.04367577
v -0.06804404 -0.17916018 -0.02014119
v -0.08560922 -0.17241524 -0.03648609
v -0.04833532 -0.18369226 -0.00866552
v -0.03015546 -0.18697639 -0.00185757
v -0.02102118 -0.16178404 -0.14180982
v -0.01996920 -0.17386107 -0.14397579
v -0.03947509 -0.17126919 -0.14521803
v -0.04337871 -0.15851557 -0.14194924
v -0.05273159 -0.15214787 -0.03325885
v -0.03891136 -0.15573560 -0.02179582
v -0.02611850 -0.16892101 -0.01467170
v -0.06647271 -0.12262891 -0.09267723
v -0.06825624 -0.12691551 -0.07578778
v -0.05022383 -0.14086680 -0.02995100
v -0.03648980 -0.14528833 -0.01996378
v -0.01129451 -0.14115807 -0.00555235
v -0.02772934 -0.17855677 -0.01052316
v -0.09881210 -0.15085015 -0.12457033
v -0.08560008 -0.15809064 -0.13753183
v -0.07837665 -0.15428501 -0.13571887
v -0.08305559 -0.14582734 -0.12605725
v -0.06238668 -0.15061426 -0.13597865
v -0.01123964 -0.13388450 -0.00227925
v -0.01410273 -0.18230076 -0.01058591
v -0.01310257 -0.17142366 -0.01394917
v -0.01494430 -0.19108680 -0.00192733
v -0.00740546 -0.00588130 0.05446343
v -0.06742834 -0.03243448 -0.01636707
v -0.06731495 -0.04012582 -0.02417163
v -0.06382435 -0.05219094 -0.01630285
v -0.06405108 -0.04345081 -0.00829587
v -0.05872046 -0.06286355 -0.00831984
v -0.06061291 -0.05253098 -0.00225476
v -0.05203952 -0.07115623 0.00096582
v -0.05497816 -0.06067100 0.00504413
v -0.04679738 -0.07582767 0.01089708
v -0.04910723 -0.06585471 0.01328194
v -0.03445356 -0.08195796 0.03435363
v -0.03390577 -0.08738476 0.03016604
v -0.02809525 -0.09173842 0.03760196
v -0.02812706 -0.08780084 0.04199442
v -0.02125948 -0.09537137 0.04418514
v -0.02129243 -0.09129490 0.04818737
v -0.01321471 -0.09722741 0.04812216
v -0.01266728 -0.09296370 0.05212628
v -0.00294116 -0.09755716 0.04981964
v -0.00286106 -0.09322286 0.05398728
v -0.00267962 -0.08292495 0.05676454
v -0.01101751 -0.08282446 0.05539667
v -0.01158069 -0.08791825 0.05446266
v -0.00277149 -0.08880311 0.05600262
v -0.01753888 -0.08153711 0.05169302
v -0.01942355 -0.08661630 0.05053528
v -0.02328992 -0.07843657 0.04745165
v -0.02594646 -0.08340733 0.04527050
v -0.02987400 -0.07297628 0.04241757
v -0.03258552 -0.07782029 0.03869728
v -0.03500822 -0.06707882 0.03902162
v -0.03803642 -0.06970931 0.03363547
v -0.01266612 -0.10031584 0.04120862
v -0.00280233 -0.10076993 0.04381174
v -0.02043515 -0.09847809 0.03750979
v -0.02699891 -0.09504317 0.03175315
v -0.03239760 -0.09132324 0.02455614
v -0.04107060 -0.08012893 0.02134619
v -0.03759806 -0.08797266 0.01656370
v -0.04353661 -0.08247218 0.00800424
v -0.04808276 -0.07758519 -0.00293828
v -0.05593720 -0.06882898 -0.01386053
v -0.06263290 -0.05705769 -0.02381605
v -0.06657538 -0.04487610 -0.03161473
v -0.06926928 -0.03234755 -0.02957271
v -0.01636991 -0.07722381 0.05176000
v -0.01047469 -0.07787763 0.05498867
v -0.02145282 -0.07468653 0.04844793
v -0.02716892 -0.06909373 0.04579540
v -0.03176099 -0.06365409 0.04357471
v -0.03316782 -0.05059962 0.04253666
v -0.03333704 -0.05719823 0.04245471
v -0.03204177 -0.03653566 0.04473956
v -0.03282609 -0.04397060 0.04370756
v -0.03938809 -0.02921064 0.03635764
v -0.03982328 -0.03921288 0.03390688
v -0.03618346 -0.04244687 0.03907829
v -0.03558133 -0.03341990 0.04063533
v -0.04341142 -0.02253507 0.03224468
v -0.04419185 -0.03429190 0.02856145
v -0.01162987 -0.10198054 0.03459541
v -0.00251323 -0.10245891 0.03593127
v -0.01863145 -0.10076627 0.03115168
v -0.02400438 -0.09819729 0.02538071
v -0.02777661 -0.09612063 0.01868433
v -0.03205088 -0.09367685 0.01148464
v -0.03615570 -0.09033258 0.00361181
v -0.04148201 -0.08533417 -0.00683997
v -0.05063062 -0.07628760 -0.01922161
v -0.06044398 -0.06196718 -0.03016540
v -0.06450002 -0.04909614 -0.03827952
v -0.02276892 -0.10140560 0.00633547
v -0.01946415 -0.10159498 0.01175323
v -0.01671849 -0.10335119 0.01711306
v -0.01378178 -0.10440214 0.02206461
v -0.00863463 -0.10516024 0.02129857
v -0.00170189 -0.10561275 0.02086941
v -0.00688656 -0.10545300 0.01338223
v -0.00092863 -0.10623335 0.01396881
v -0.00903794 -0.10694332 0.00949472
v -0.00063839 -0.10797817 0.01062568
v -0.01144296 -0.11019871 0.00797530
v -0.00082380 -0.11196900 0.00872941
v -0.03727075 -0.05938028 0.03765910
v -0.04033310 -0.05955435 0.03136187
v -0.04027805 -0.04921985 0.03162264
v -0.04425601 -0.04578210 0.02523044
v -0.04392603 -0.05806333 0.02395235
v -0.03689191 -0.05090167 0.03766338
v -0.04988009 -0.05442839 0.01559561
v -0.04958787 -0.04094506 0.01853277
v -0.04960807 -0.02752407 0.02370885
v -0.05481348 -0.03447139 0.01351610
v -0.05573183 -0.04830063 0.00817802
v -0.05461357 -0.02302101 0.01950704
v -0.05875394 -0.01859368 0.01572084
v -0.05882194 -0.02965960 0.00932897
v -0.06003734 -0.04106649 0.00341125
v -0.04231969 -0.07118420 0.02405108
v -0.06328172 -0.03485411 -0.00165267
v -0.06210599 -0.01498333 0.01113692
v -0.06238405 -0.02435633 0.00483120
v -0.06540101 -0.00955373 0.00524529
v -0.06619157 -0.01835282 -0.00320202
v -0.06694982 -0.02651829 -0.00992810
v -0.06974825 -0.02407119 -0.02536942
v -0.00245542 -0.07795379 0.05614930
v -0.06466082 -0.03355019 -0.05284711
v -0.01945431 -0.02633556 0.05151448
v -0.01528017 -0.02352303 0.05283263
v -0.01081865 -0.02276717 0.05549263
v -0.00704979 -0.02258827 0.05764805
v -0.00338749 -0.02298028 0.05911906
v -0.00082955 -0.12358421 0.00515564
v 0.00003888 0.04094918 0.04853968
v -0.00089957 -0.11643108 0.00759326
v -0.00216609 -0.06400219 0.04921806
v -0.00100294 0.12615365 -0.02759284
v -0.00243300 -0.07286883 0.05517750
v -0.00216262 -0.05892373 0.05134892
v 0.00008075 0.00400614 0.06814062
v -0.00264947 -0.06825745 0.05505538
v -0.00306889 -0.05977384 0.06608937
v -0.00287845 -0.05246250 0.06325019
v -0.00053809 0.07664911 0.03498846
v -0.00297605 -0.05549935 0.06534794
v 0.00005270 -0.02138376 0.05901666
v -0.00003127 -0.00028293 0.07144941
v -0.00280969 -0.05040505 0.06164974
v -0.00086330 -0.04769303 -0.11726284
v -0.00300371 -0.06297106 0.06293767
v -0.00238320 -0.05368358 0.05523040
v -0.00260873 -0.04939476 0.06050445
v 0.00070865 -0.04016926 0.05077940
v 0.00008300 -0.02347312 0.05975812
v 0.00029903 0.02141886 0.05443689
v -0.00073466 -0.00861258 -0.14032066
v 0.00030750 0.01846948 0.05680237
v -0.00102582 0.10005938 0.01930118
v -0.00083336 0.08673847 0.02985799
v 0.00011717 0.00796441 0.06488776
v -0.00043506 0.05535701 -0.15137805
v -0.00039591 0.07216523 -0.14778735
v -0.00010955 0.05898788 0.04172519
v -0.00065401 0.12586389 -0.08871946
v -0.00017876 -0.00422686 0.07366014
v 0.00005401 -0.01727251 0.06350918
v -0.00107769 0.11726724 -0.00411022
v -0.00056375 0.02029790 -0.14994940
v -0.00045704 0.11686103 -0.11246362
v 0.00030026 -0.03797986 0.06549307
v -0.00105041 0.12204360 -0.01529536
v 0.00023250 -0.04023369 0.06154188
v -0.00010328 -0.01440910 0.07063062
v -0.00064693 0.00426064 -0.14617792
v -0.00050035 0.03430904 -0.15144630
v 0.00007642 -0.02776160 0.06351683
v 0.00007692 -0.02508997 0.06044450
v -0.00053385 0.12232503 -0.10096925
v 0.00024220 0.04659911 0.04784837
v 0.00014611 -0.02941526 0.06561262
v 0.00003735 0.02936624 0.04898878
v 0.00019288 -0.03186813 0.06682842
v -0.00097863 -0.12917435 0.00244789
v -0.00037951 0.09654605 -0.13441707
v 0.00023298 -0.03490570 0.06653323
v 0.00047977 -0.04018057 0.05595377
v 0.00023862 0.01185515 0.06196717
v 0.00059248 -0.04050814 0.05350682
v -0.00030344 0.06654805 0.03806363
v 0.00006769 -0.01927985 0.05983280
v 0.00008382 -0.01892006 0.06030361
v 0.00008271 0.02719676 0.05007234
v -0.00096075 0.09366885 0.02518356
v 0.00005946 0.03158594 0.04866860
v 0.00016638 -0.01997710 0.05936157
v -0.00037981 0.08712622 -0.14098418
v -0.00080142 0.13014171 -0.07185478
v -0.00085174 0.13092653 -0.05885764
v 0.00015331 0.02427056 0.05232277
v 0.00031969 0.01542982 0.05902312
v -0.00082096 -0.05740741 -0.11561844
v -0.00011265 -0.01103788 0.07333648
v -0.00015984 -0.00808091 0.07409148
v -0.00108290 0.11172278 0.00535601
v -0.00076587 -0.01830831 -0.13548012
v -0.00092972 0.12987398 -0.04225922
v -0.00106381 0.10595462 0.01286641
v -0.00082547 -0.03610028 -0.12414389
v -0.00077984 -0.02608392 -0.13145073
v -0.00006477 -0.01547641 0.06892221
v -0.00008602 0.03453013 0.04816455
v -0.00006510 -0.01653058 0.06601911
v -0.00040540 0.10934312 -0.12313070
v 0.00008174 -0.01814124 0.06148236
v 0.00751194 -0.00578816 0.05428556
v 0.06751818 -0.03330568 -0.01526082
v 0.06724636 -0.04114939 -0.02316662
v 0.06382361 -0.05314691 -0.01532230
v 0.06410468 -0.04432331 -0.00733365
v 0.05852729 -0.06409562 -0.00728695
v 0.06052518 -0.05354476 -0.00124368
v 0.05156881 -0.07234255 0.00199379
v 0.05430852 -0.06199160 0.00617160
v -0.00496636 -0.01444669 0.06826617
v -0.00390058 -0.01564384 0.06588174
v 0.04553751 -0.07720082 0.01220659
v 0.04804205 -0.06700065 0.01428177
v -0.01638361 0.02348706 0.03547512
v -0.00819963 -0.01616047 0.05629241
v -0.00790011 0.00613911 0.06131827
v -0.01526673 0.02367456 0.03586543
v 0.03074092 -0.08323088 0.03605365
v 0.03033102 -0.08856625 0.03179046
v 0.02389186 -0.09302646 0.03917305
v 0.02391375 -0.08905271 0.04338934
v -0.01077647 -0.01530090 0.05531834
v 0.01619039 -0.09643570 0.04534109
v 0.01645252 -0.09211908 0.04928318
v 0.00741592 -0.09736246 0.04850536
v 0.00714399 -0.09324009 0.05258887
v -0.00743912 0.01310850 0.05596888
v -0.00972423 0.02198337 0.04444804
v 0.00564567 -0.08324003 0.05575535
v 0.00641037 -0.08838636 0.05490043
v -0.00743410 0.00955024 0.05870502
v -0.01657877 -0.01200029 0.05536593
v -0.01465408 -0.01464176 0.05438297
v -0.00811532 -0.00861134 0.07100405
v -0.00888121 -0.00572174 0.06989717
v 0.01324482 -0.08232170 0.05233075
v -0.00874347 -0.01177176 0.06892570
v -0.00565131 -0.01344538 0.06936584
v 0.01509177 -0.08735826 0.05144556
v -0.01788102 0.02327858 0.03574066
v -0.02864222 0.02445678 0.02981980
v -0.00721239 -0.01069985 0.07076854
v -0.00373091 -0.01261992 0.07111029
v -0.02103719 0.02425388 0.03379129
v -0.01716208 0.02338845 0.03565200
v -0.01324224 -0.00955092 0.06402434
v -0.00822197 0.02097748 0.04846647
v 0.01906385 -0.07932820 0.04865396
v 0.02188677 -0.08430643 0.04648278
v 0.02630169 -0.07403675 0.04415968
v 0.02923666 -0.07896072 0.04030454
v -0.01577877 -0.01032610 0.05956368
v 0.03227801 -0.06818953 0.04060161
v 0.03559037 -0.07085139 0.03507411
v 0.00748540 -0.10096861 0.04193777
v -0.01868610 0.02336847 0.03567421
v -0.01930649 0.02357986 0.03560252
v -0.00847641 0.00211028 0.06428713
v 0.01552770 -0.09946931 0.03862610
v 0.02250591 -0.09602648 0.03324253
v 0.02887178 -0.09286705 0.02626788
v 0.03894662 -0.08157500 0.02284540
v -0.02368991 0.02411960 0.03400007
v -0.00326049 -0.01681041 0.06108831
v -0.01145496 -0.01064541 0.06645790
v -0.00998621 -0.01132364 0.06790052
v -0.00377258 -0.01733420 0.05931072
v 0.03531449 -0.08936651 0.01797398
v 0.04198078 -0.08382937 0.00919795
v -0.01301160 0.02330498 0.03798671
v 0.04713942 -0.07831965 -0.00216555
v -0.00759542 0.01876861 0.05155836
v -0.00728301 0.01591591 0.05390918
v 0.05551826 -0.06985491 -0.01326147
v 0.06223911 -0.05801055 -0.02319091
v -0.00334220 -0.01613660 0.06347538
v 0.06602334 -0.04590397 -0.03068691
v 0.06874497 -0.03336123 -0.02823919
v 0.01174224 -0.07780011 0.05230593
v 0.00507314 -0.07834525 0.05536403
v 0.01723914 -0.07538519 0.04960942
v -0.00893266 -0.00200209 0.06764556
v 0.02358402 -0.06987391 0.04721506
v 0.02894838 -0.06450894 0.04485079
v 0.03219130 -0.05115589 0.04346738
v -0.00612166 -0.01663421 0.05776094
v 0.03143669 -0.05792997 0.04346968
v 0.03155422 -0.03666605 0.04482602
v 0.03248825 -0.04421137 0.04406654
v 0.03900729 -0.02942165 0.03637259
v 0.03951852 -0.03938738 0.03435759
v 0.03594938 -0.04263910 0.03926978
v -0.00012825 -0.01298217 0.07206216
v -0.00633008 -0.01226753 0.07011762
v 0.03510195 -0.03351104 0.04050799
v 0.04326390 -0.02291852 0.03194269
v 0.04402576 -0.03474661 0.02856169
v 0.00678779 -0.10234032 0.03515250
v -0.02958480 0.03587258 0.04095656
v -0.02965520 0.03367169 0.04065791
v 0.01399442 -0.10157750 0.03221319
v 0.02026578 -0.09911016 0.02676968
v 0.02462342 -0.09734442 0.02038709
v 0.02928411 -0.09484496 0.01280621
v 0.03426671 -0.09142235 0.00436500
v 0.04032573 -0.08610003 -0.00636598
v -0.02240633 0.03779843 0.04279261
v -0.00486275 0.03748142 0.04774178
v -0.00997561 0.03752368 0.04633248
v 0.05015529 -0.07721980 -0.01848501
v -0.03140571 0.02994606 0.03858681
v -0.03176026 0.02775498 0.03671053
v -0.02972700 0.03171404 0.03995934
v -0.03153325 0.02824294 0.03824313
v -0.03160891 0.02895160 0.03883360
v 0.05982280 -0.06292522 -0.02948102
v -0.03012959 0.03093006 0.03926695
v 0.06360929 -0.04979669 -0.03733214
v -0.03003256 0.03121641 0.03896158
v 0.02086542 -0.10219275 0.00645506
v -0.02745958 0.03747362 0.04158823
v 0.01690342 -0.10227060 0.01283243
v 0.01343034 -0.10390754 0.01812667
v -0.03074669 0.03073418 0.03830160
v -0.03185485 0.02740449 0.03487977
v 0.01012828 -0.10495245 0.02289911
v -0.03253433 0.02593004 0.03023425
v 0.00506337 -0.10548916 0.02174244
v -0.00001002 0.03765653 0.04850147
v -0.02138710 0.04705053 0.04527782
v -0.05125397 0.04721348 0.02384298
v 0.00504005 -0.10566097 0.01355853
v -0.05475792 0.04214009 0.02149381
v 0.00706829 -0.10721502 0.00943951
v -0.04843402 0.00833879 0.02979725
v -0.05115800 0.00871534 0.02720490
v -0.01837039 0.04122829 0.04568268
v 0.00904429 -0.11042882 0.00760091
v 0.03548992 -0.06026592 0.03875533
v 0.03879507 -0.06020699 0.03241884
v 0.03950492 -0.04975862 0.03259523
v 0.04383442 -0.04632457 0.02573390
v -0.02603426 0.06578629 0.03389870
v -0.03093452 0.11273278 -0.00971439
v -0.02492306 0.05913535 0.03840424
v -0.03915455 0.05237358 0.03392828
v 0.04289591 -0.05866161 0.02476892
v -0.03099137 0.10785157 -0.00117716
v 0.03598240 -0.05153036 0.03859719
v 0.04912535 -0.05509247 0.01604735
v 0.04922864 -0.04135553 0.01896832
v 0.04947729 -0.02807535 0.02355751
v 0.05442502 -0.03510650 0.01413538
v -0.04621493 0.05096449 0.02784592
v 0.05519156 -0.04921646 0.00917564
v -0.05575205 0.01288747 0.01954327
v -0.00648820 0.05234284 0.04519100
v -0.05708513 0.01858478 0.01622235
v 0.05421495 -0.02372721 0.01973127
v -0.01469365 0.05267724 0.04490200
v -0.02774024 0.12438577 -0.07024573
v 0.05818843 -0.01917222 0.01619374
v 0.05852219 -0.03028836 0.00986335
v 0.05965622 -0.04189531 0.00430633
v 0.04054190 -0.07224512 0.02529108
v -0.01357412 0.03472793 0.04357580
v 0.06321127 -0.03556942 -0.00076063
v -0.03901558 0.01015712 0.03561078
v -0.04195715 0.00946451 0.03411815
v 0.06177312 -0.01548886 0.01164898
v -0.03156588 0.12393606 -0.05928732
v -0.05472874 0.01097370 0.02158842
v -0.02937546 0.08394546 0.02434252
v -0.01017714 0.02925005 0.04180136
v -0.01187834 0.03166065 0.04199097
v -0.03021846 0.09068908 0.01887672
v 0.06221560 -0.02492868 0.00529844
v 0.06506509 -0.01001413 0.00584387
v 0.06618170 -0.01898111 -0.00253858
v -0.03066218 0.09691014 0.01258420
v 0.06702284 -0.02720635 -0.00902590
v 0.06931677 -0.02493552 -0.02396979
v -0.03133282 0.11712207 -0.01981338
v -0.02238808 0.01424418 0.03936253
v 0.06360275 -0.03407073 -0.05229403
v 0.01950392 -0.02643462 0.05157845
v 0.01548001 -0.02361466 0.05312065
v -0.05703411 0.03626447 0.01924843
v -0.05772695 0.02996546 0.01776665
v -0.03209613 0.12306278 -0.04575721
v -0.03174710 0.01153760 0.03815436
v -0.05751482 0.02418284 0.01657276
v -0.01612888 0.12639762 -0.07824173
v 0.01113996 -0.02293644 0.05594084
v -0.05325813 0.00947245 0.02443361
v 0.00754415 -0.02264240 0.05824117
v 0.00375928 -0.02299698 0.05944056
v -0.03203646 0.05312903 0.03895376
v -0.03560744 0.01081364 0.03705113
v -0.00987402 0.02663751 0.04161469
v -0.01796213 0.01643789 0.03966286
v -0.01465548 0.01898184 0.03981232
v -0.03085309 0.10255983 0.00610526
v -0.01223491 0.02146985 0.04058791
v -0.01044315 0.02378376 0.04133064
v -0.02697260 0.01259278 0.03919600
v -0.02796776 0.07485370 0.03006715
v -0.03159381 0.12060727 -0.03206735
v -0.04522505 0.00884059 0.03211283
v -0.00075315 0.12765673 -0.08109231
v 0.00002328 0.05244011 0.04514178
v -0.01114602 0.02259179 0.04108931
v -0.01597523 0.03760248 0.04503891
v -0.02360594 0.05299469 0.04280924
v -0.00279487 -0.06531203 0.05773763
v -0.02190417 -0.04049386 0.05481727
v -0.02262788 -0.04374500 0.05389224
v -0.02262326 -0.05149977 0.05355431
v -0.01711723 -0.03120891 0.05749853
v -0.02025068 -0.03602554 0.05618912
v -0.01783183 -0.06102053 0.05611996
v -0.02299172 -0.04655904 0.05346487
v -0.01354712 -0.06360557 0.05760126
v -0.02301943 -0.04908463 0.05301066
v -0.00879906 -0.06500451 0.05859354
v 0.00007697 -0.02624996 0.06185031
v -0.00905976 -0.02655596 0.06063680
v -0.00447088 -0.02618448 0.06169525
v -0.01340255 -0.02828729 0.05894892
v -0.02199837 -0.05430875 0.05459065
v -0.02084542 -0.05767542 0.05509508
v 0.00471201 -0.01454686 0.06819488
v 0.00372516 -0.01579092 0.06583235
v 0.01670925 0.02291505 0.03487204
v 0.00842153 -0.01628140 0.05640107
v 0.00775367 0.00587719 0.06103005
v 0.01549913 0.02321249 0.03509630
v 0.01088575 -0.01530685 0.05536550
v 0.00763717 0.01286026 0.05572740
v 0.01019832 0.02179847 0.04403735
v 0.00746259 0.00928818 0.05843696
v 0.01691486 -0.01203729 0.05535515
v 0.01475322 -0.01455610 0.05421301
v 0.00752736 -0.00870234 0.07064430
v 0.00826185 -0.00586857 0.06950080
v 0.00825954 -0.01180968 0.06867600
v 0.00531394 -0.01348708 0.06925460
v 0.01838028 0.02285956 0.03494054
v 0.02922879 0.02389287 0.02924369
v 0.00671162 -0.01074110 0.07052839
v 0.00338636 -0.01259783 0.07102143
v 0.02176604 0.02351226 0.03300457
v 0.01762575 0.02290839 0.03488329
v 0.01316695 -0.00967787 0.06392619
v 0.00860257 0.02081377 0.04813086
v 0.01592317 -0.01036509 0.05953970
v 0.01923622 0.02292903 0.03486532
v 0.01987603 0.02311976 0.03478454
v 0.00816050 0.00182264 0.06392535
v 0.02440743 0.02322496 0.03317101
v 0.00346054 -0.01703503 0.06111526
v 0.01117973 -0.01072851 0.06629211
v 0.00957107 -0.01138124 0.06766890
v 0.00392781 -0.01746454 0.05926883
v 0.01338555 0.02295988 0.03736828
v 0.00795814 0.01855832 0.05130761
v 0.00762575 0.01569161 0.05373038
v 0.00337067 -0.01646045 0.06350622
v 0.00844967 -0.00223815 0.06728718
v 0.00636778 -0.01678423 0.05781721
v 0.00592484 -0.01229488 0.06996239
v 0.02954555 0.03469664 0.04022233
v 0.02981700 0.03282113 0.04011610
v 0.02230148 0.03678338 0.04257125
v 0.00493076 0.03749576 0.04732109
v 0.01012137 0.03722198 0.04595896
v 0.03186612 0.02921465 0.03805424
v 0.03209153 0.02711640 0.03603754
v 0.03001011 0.03110106 0.03946945
v 0.03200416 0.02730162 0.03765254
v 0.03205379 0.02808982 0.03832298
v 0.03051728 0.03041155 0.03875949
v 0.03044640 0.03055823 0.03856618
v 0.02719341 0.03632212 0.04075967
v 0.03120297 0.03000738 0.03788382
v 0.03236971 0.02674658 0.03417511
v 0.03313253 0.02541517 0.02971229
v 0.02123337 0.04647362 0.04524838
v 0.05038355 0.04552980 0.02388339
v 0.05386888 0.04033859 0.02145704
v 0.04841527 0.00795966 0.02929136
v 0.05086896 0.00830118 0.02676716
v 0.01856367 0.03998165 0.04563652
v 0.02454454 0.06532975 0.03344887
v 0.02888991 0.11261550 -0.00977116
v 0.02393634 0.05866744 0.03816793
v 0.03822643 0.05114743 0.03370120
v 0.02889141 0.10764837 -0.00125633
v 0.04535008 0.04954727 0.02773613
v 0.05526917 0.01246446 0.01916965
v 0.00650588 0.05219564 0.04542848
v 0.05694724 0.01792164 0.01617982
v 0.01449577 0.05227536 0.04504436
v 0.02627105 0.12440804 -0.07020077
v 0.01362298 0.03451780 0.04292294
v 0.03930849 0.00978992 0.03500766
v 0.04222137 0.00921269 0.03357730
v 0.02996846 0.12396200 -0.05925510
v 0.05429630 0.01058635 0.02125448
v 0.02738466 0.08349911 0.02396418
v 0.01034965 0.02920312 0.04134331
v 0.01185575 0.03166284 0.04134214
v 0.02819411 0.09008572 0.01875466
v 0.02856331 0.09644975 0.01245077
v 0.02937405 0.11707211 -0.01984893
v 0.02277925 0.01370082 0.03841074
v 0.05654890 0.03462514 0.01918666
v 0.05777619 0.02859913 0.01774841
v 0.03037378 0.12308876 -0.04574823
v 0.03219673 0.01101038 0.03739090
v 0.05755784 0.02314177 0.01647823
v 0.01465436 0.12639284 -0.07821127
v 0.05291883 0.00905872 0.02407637
v 0.03134134 0.05217754 0.03868664
v 0.03592066 0.01032676 0.03638083
v 0.01024785 0.02647837 0.04124733
v 0.01829702 0.01594563 0.03878117
v 0.01489505 0.01850466 0.03897657
v 0.02873450 0.10224231 0.00599987
v 0.01269389 0.02112465 0.03995847
v 0.01081356 0.02359451 0.04088453
v 0.02730333 0.01206147 0.03811179
v 0.02616099 0.07451560 0.02977385
v 0.02974791 0.12061089 -0.03208185
v 0.04541042 0.00857496 0.03163569
v 0.01162884 0.02236743 0.04059307
v 0.01607929 0.03696436 0.04462676
v 0.02310697 0.05242556 0.04291896
v 0.02144090 -0.04045374 0.05511418
v 0.02175331 -0.04373849 0.05427073
v 0.02039762 -0.05172008 0.05413006
v 0.01733804 -0.03124848 0.05788521
v 0.02017881 -0.03605378 0.05637880
v 0.01325544 -0.06179357 0.05718612
v 0.02156040 -0.04652222 0.05392641
v 0.00846343 -0.06407108 0.05825830
v 0.02120321 -0.04905141 0.05348939
v 0.00343506 -0.06524042 0.05906655
v 0.00935749 -0.02645441 0.06122155
v 0.00467644 -0.02602856 0.06203054
v 0.01366083 -0.02832750 0.05949686
v 0.01884382 -0.05481283 0.05573171
v 0.01672128 -0.05836225 0.05649375
v 0.03319545 0.02452961 0.02418292
v -0.03255095 0.02470583 0.02456238
v 0.03103095 0.02418596 0.03702123
v 0.02947182 0.02418429 0.03654389
v 0.02803459 0.02418455 0.03576778
v 0.02683219 0.02419127 0.03475801
v 0.03106124 0.02450440 0.03701904
v 0.02953230 0.02480838 0.03654119
v 0.02812462 0.02509041 0.03576690
v 0.02694258 0.02533026 0.03476396
v 0.03115304 0.02481134 0.03701828
v 0.02971207 0.02540780 0.03654256
v 0.02838421 0.02596078 0.03577275
v 0.02727184 0.02642643 0.03477354
v 0.03130161 0.02509353 0.03702030
v 0.03000458 0.02596167 0.03654766
v 0.02880988 0.02676437 0.03577974
v 0.02780996 0.02743871 0.03478440
v 0.03150144 0.02534088 0.03702271
v 0.03039660 0.02644738 0.03655379
v 0.02938225 0.02746888 0.03578775
v 0.02853360 0.02832907 0.03479745
v 0.03174609 0.02554515 0.03702621
v 0.03087752 0.02684614 0.03655758
v 0.03008074 0.02804829 0.03579392
v 0.02941798 0.02906201 0.03480779
v 0.03202546 0.02569633 0.03702734
v 0.03142629 0.02714303 0.03656066
v 0.03087680 0.02847888 0.03579765
v 0.03042337 0.02960178 0.03481200
v 0.03232990 0.02578991 0.03702652
v 0.03202211 0.02732681 0.03656208
v 0.03173978 0.02874423 0.03580007
v 0.03150807 0.02993216 0.03480955
v 0.03264562 0.02582255 0.03702693
v 0.03264208 0.02738867 0.03656126
v 0.03263905 0.02883367 0.03579857
v 0.03263865 0.03004470 0.03480789
v 0.03296160 0.02579279 0.03702871
v 0.03326299 0.02732917 0.03656219
v 0.03353912 0.02874529 0.03579738
v 0.03377272 0.02993004 0.03480482
v 0.03326689 0.02570077 0.03702763
v 0.03385972 0.02714865 0.03656169
v 0.03440512 0.02848272 0.03579694
v 0.03486469 0.02959990 0.03480543
v 0.03354687 0.02555162 0.03702522
v 0.03440978 0.02685474 0.03655968
v 0.03520498 0.02805641 0.03579620
v 0.03586977 0.02906590 0.03480480
v 0.03379213 0.02534895 0.03702170
v 0.03489264 0.02645831 0.03655570
v 0.03590515 0.02748276 0.03579238
v 0.03675126 0.02834615 0.03480159
v 0.03399439 0.02510376 0.03701840
v 0.03528849 0.02597594 0.03655135
v 0.03647948 0.02678397 0.03578851
v 0.03747389 0.02746381 0.03479534
v 0.03414433 0.02482350 0.03701544
v 0.03558483 0.02542465 0.03654712
v 0.03690759 0.02598411 0.03578316
v 0.03801246 0.02645488 0.03478690
v 0.03423645 0.02451883 0.03701356
v 0.03576428 0.02482745 0.03653889
v 0.03717107 0.02511469 0.03577464
v 0.03834953 0.02535913 0.03478188
v 0.03426796 0.02420200 0.03700876
v 0.03582968 0.02420479 0.03653554
v 0.03726447 0.02420950 0.03577030
v 0.03846641 0.02421912 0.03477441
v 0.03423605 0.02388573 0.03700260
v 0.03576785 0.02357991 0.03653457
v 0.03718058 0.02330245 0.03576994
v 0.03836334 0.02307572 0.03477843
v 0.03414471 0.02357703 0.03701145
v 0.03558928 0.02297848 0.03654676
v 0.03692156 0.02242824 0.03577864
v 0.03803572 0.02197420 0.03478342
v 0.03399434 0.02329347 0.03701684
v 0.03529357 0.02242306 0.03655339
v 0.03649491 0.02162233 0.03579039
v 0.03750255 0.02095289 0.03479107
v 0.03379472 0.02304397 0.03702660
v 0.03490130 0.02193437 0.03656704
v 0.03592399 0.02090905 0.03580706
v 0.03678512 0.02004753 0.03481600
v 0.03354945 0.02283776 0.03702968
v 0.03442061 0.02152903 0.03657744
v 0.03522728 0.02032034 0.03582334
v 0.03590686 0.01930323 0.03483699
v 0.03327085 0.02268429 0.03703444
v 0.03387189 0.02122791 0.03658223
v 0.03442977 0.01988016 0.03583206
v 0.03490041 0.01874961 0.03484608
v 0.03296589 0.02258790 0.03703810
v 0.03327578 0.02103834 0.03658782
v 0.03356308 0.01960619 0.03583317
v 0.03380860 0.01841665 0.03483940
v 0.03264978 0.02255550 0.03703688
v 0.03265331 0.02097535 0.03658214
v 0.03266069 0.01950718 0.03582843
v 0.03267506 0.01831444 0.03481008
v 0.03233373 0.02258366 0.03703666
v 0.03203144 0.02103288 0.03657859
v 0.03175604 0.01959700 0.03581893
v 0.03153615 0.01843641 0.03479938
v 0.03202791 0.02267641 0.03703520
v 0.03143357 0.02121756 0.03657101
v 0.03088772 0.01986917 0.03580675
v 0.03044435 0.01877145 0.03478751
v 0.03174785 0.02282617 0.03703726
v 0.03088310 0.02151450 0.03657033
v 0.03008911 0.02031052 0.03579760
v 0.02943188 0.01931944 0.03479774
v 0.03150264 0.02303110 0.03703155
v 0.03040043 0.02191625 0.03656119
v 0.02939025 0.02089716 0.03578564
v 0.02854966 0.02005940 0.03478066
v 0.03130109 0.02327785 0.03703141
v 0.03000548 0.02240263 0.03655789
v 0.02881419 0.02160414 0.03578092
v 0.02782482 0.02095454 0.03476964
v 0.03264863 0.02419363 0.03717706
v 0.03115222 0.02356079 0.03702734
v 0.02971056 0.02295831 0.03655350
v 0.02838707 0.02241031 0.03577499
v 0.02728372 0.02196160 0.03476145
v 0.03106077 0.02386798 0.03702425
v 0.02953131 0.02355929 0.03654745
v 0.02812480 0.02328058 0.03576884
v 0.02694762 0.02305638 0.03476106
v 0.02565353 0.02419505 0.03389883
v 0.02381776 0.02420641 0.03244391
v 0.02225169 0.02421927 0.03054702
v 0.02109293 0.02422897 0.02838191
v 0.02037973 0.02423483 0.02603400
v 0.02013444 0.02423820 0.02360167
v 0.02037729 0.02424284 0.02115540
v 0.02110316 0.02425671 0.01880125
v 0.02225877 0.02426098 0.01662980
v 0.02381697 0.02426569 0.01472985
v 0.02571528 0.02426992 0.01317122
v 0.02788141 0.02427312 0.01201436
v 0.03023076 0.02427501 0.01130369
v 0.02578343 0.02556375 0.03390766
v 0.02398703 0.02592925 0.03245390
v 0.02244145 0.02624359 0.03055432
v 0.02130489 0.02647445 0.02839023
v 0.02060377 0.02662216 0.02604304
v 0.02036838 0.02667617 0.02359980
v 0.02060090 0.02664106 0.02115667
v 0.02129305 0.02651614 0.01880494
v 0.02245781 0.02629473 0.01663672
v 0.02398606 0.02599487 0.01473523
v 0.02584874 0.02562944 0.01317564
v 0.02797245 0.02520949 0.01201690
v 0.03027778 0.02475221 0.01130491
v 0.02618023 0.02688116 0.03391881
v 0.02448467 0.02758681 0.03246429
v 0.02302714 0.02819077 0.03055714
v 0.02195326 0.02864194 0.02838941
v 0.02129153 0.02892623 0.02604459
v 0.02106722 0.02902855 0.02360508
v 0.02128378 0.02895317 0.02116530
v 0.02193665 0.02869724 0.01881467
v 0.02304888 0.02825066 0.01664266
v 0.02448850 0.02765907 0.01474026
v 0.02624340 0.02693572 0.01318000
v 0.02824486 0.02610980 0.01202033
v 0.03041644 0.02521138 0.01130666
v 0.02682891 0.02809887 0.03393548
v 0.02530124 0.02911555 0.03247601
v 0.02397341 0.02998527 0.03055480
v 0.02300420 0.03063929 0.02839147
v 0.02240890 0.03105026 0.02605223
v 0.02220565 0.03119944 0.02361611
v 0.02240358 0.03108348 0.02117509
v 0.02299102 0.03070794 0.01882333
v 0.02400996 0.03005286 0.01664877
v 0.02530649 0.02919150 0.01474480
v 0.02688558 0.02814080 0.01318339
v 0.02868725 0.02693879 0.01202266
v 0.03064166 0.02563442 0.01130781
v 0.02770515 0.02917010 0.03394972
v 0.02637486 0.03046300 0.03248188
v 0.02523751 0.03155490 0.03053614
v 0.02441938 0.03239178 0.02839153
v 0.02391729 0.03291369 0.02605902
v 0.02374709 0.03310306 0.02362546
v 0.02391513 0.03295279 0.02118630
v 0.02441406 0.03247163 0.01883445
v 0.02530298 0.03163345 0.01665610
v 0.02640627 0.03053563 0.01475172
v 0.02774987 0.02919601 0.01318688
v 0.02928236 0.02766664 0.01202565
v 0.03094557 0.02600434 0.01130936
v 0.02878678 0.03005474 0.03397163
v 0.02770306 0.03155868 0.03247125
v 0.02676470 0.03284981 0.03052318
v 0.02614597 0.03383305 0.02839197
v 0.02575821 0.03444716 0.02606772
v 0.02562748 0.03466868 0.02363767
v 0.02576239 0.03448948 0.02119887
v 0.02615747 0.03391869 0.01884666
v 0.02679736 0.03297834 0.01667163
v 0.02774657 0.03163859 0.01475754
v 0.02880344 0.03006175 0.01319083
v 0.03000861 0.02826301 0.01202788
v 0.03131484 0.02630902 0.01131043
v 0.02999859 0.03069703 0.03397247
v 0.02920753 0.03240000 0.03247875
v 0.02854539 0.03381937 0.03053111
v 0.02813051 0.03491208 0.02840525
v 0.02786847 0.03559272 0.02608152
v 0.02778076 0.03583593 0.02365151
v 0.02787501 0.03563449 0.02121083
v 0.02815060 0.03499763 0.01886004
v 0.02859712 0.03395064 0.01668647
v 0.02927663 0.03245771 0.01476113
v 0.03000662 0.03070526 0.01319410
v 0.03083631 0.02870610 0.01203047
v 0.03173707 0.02653461 0.01131184
v 0.03127708 0.03108996 0.03395496
v 0.03088452 0.03291862 0.03250796
v 0.03050829 0.03444347 0.03056853
v 0.03029982 0.03558934 0.02842863
v 0.03016630 0.03630600 0.02609971
v 0.03012179 0.03656066 0.02366781
v 0.03017232 0.03634524 0.02122605
v 0.03031529 0.03566632 0.01887242
v 0.03054689 0.03454994 0.01669767
v 0.03093747 0.03296322 0.01476545
v 0.03131085 0.03110095 0.01319627
v 0.03173554 0.02897933 0.01203134
v 0.03219557 0.02667386 0.01131242
v 0.03263251 0.03122304 0.03395551
v 0.03260725 0.03308598 0.03250997
v 0.03257559 0.03467241 0.03061115
v 0.03256475 0.03582998 0.02845534
v 0.03256226 0.03655518 0.02611533
v 0.03256141 0.03681596 0.02368512
v 0.03256435 0.03659251 0.02123685
v 0.03256955 0.03589909 0.01888244
v 0.03257790 0.03475841 0.01670891
v 0.03259001 0.03321490 0.01480315
v 0.03266777 0.03123656 0.01319938
v 0.03267048 0.02907162 0.01203222
v 0.03267207 0.02672094 0.01131278
v 0.03399538 0.03108464 0.03394550
v 0.03433791 0.03290259 0.03252014
v 0.03462302 0.03445011 0.03064064
v 0.03482717 0.03562077 0.02847633
v 0.03495913 0.03633223 0.02612948
v 0.03500374 0.03658615 0.02368792
v 0.03495898 0.03636972 0.02124336
v 0.03482602 0.03568779 0.01888867
v 0.03460870 0.03456749 0.01671416
v 0.03431579 0.03305272 0.01480819
v 0.03402444 0.03110464 0.01320248
v 0.03360528 0.02897992 0.01203321
v 0.03314864 0.02667342 0.01131234
v 0.03530644 0.03068524 0.03395065
v 0.03599356 0.03239303 0.03251935
v 0.03657643 0.03383280 0.03063499
v 0.03699372 0.03496213 0.02848550
v 0.03726423 0.03564160 0.02613394
v 0.03735537 0.03588457 0.02368858
v 0.03726627 0.03568116 0.02124400
v 0.03699811 0.03503847 0.01888994
v 0.03656320 0.03398282 0.01671698
v 0.03597796 0.03255565 0.01481143
v 0.03526327 0.03081090 0.01324372
v 0.03450442 0.02870632 0.01203339
v 0.03360730 0.02653399 0.01131245
v 0.03651115 0.03006549 0.03395192
v 0.03751494 0.03159464 0.03251153
v 0.03836552 0.03289739 0.03062641
v 0.03899080 0.03389143 0.02847615
v 0.03938672 0.03451324 0.02612960
v 0.03952217 0.03473525 0.02368552
v 0.03939202 0.03455440 0.02124228
v 0.03900214 0.03397857 0.01888849
v 0.03836673 0.03302884 0.01671653
v 0.03751140 0.03174378 0.01481085
v 0.03646837 0.03017246 0.01324417
v 0.03533105 0.02826759 0.01203689
v 0.03402968 0.02630886 0.01131274
v 0.03757226 0.02919141 0.03394936
v 0.03883978 0.03050454 0.03248628
v 0.03992945 0.03161805 0.03060755
v 0.04073694 0.03246292 0.02846100
v 0.04124701 0.03299502 0.02611855
v 0.04142301 0.03318793 0.02367881
v 0.04125845 0.03303579 0.02123634
v 0.04076115 0.03254702 0.01888522
v 0.03995018 0.03174017 0.01671392
v 0.03885715 0.03064744 0.01480955
v 0.03752510 0.02931049 0.01324300
v 0.03600477 0.02778171 0.01207683
v 0.03439910 0.02600523 0.01131342
v 0.03844406 0.02813152 0.03394711
v 0.03994618 0.02917669 0.03249207
v 0.04122369 0.03005832 0.03059907
v 0.04217834 0.03072651 0.02845012
v 0.04277973 0.03115053 0.02611043
v 0.04298750 0.03130301 0.02367244
v 0.04279381 0.03118294 0.02123022
v 0.04220781 0.03080161 0.01887985
v 0.04125186 0.03016807 0.01671028
v 0.03996408 0.02930994 0.01480636
v 0.03839412 0.02825946 0.01324110
v 0.03660257 0.02705715 0.01207462
v 0.03470303 0.02563824 0.01131541
v 0.03909367 0.02692054 0.03393867
v 0.04076039 0.02765584 0.03249435
v 0.04219972 0.02828722 0.03060764
v 0.04326041 0.02875329 0.02845087
v 0.04392732 0.02904603 0.02610901
v 0.04415758 0.02915272 0.02366935
v 0.04394104 0.02907337 0.02122542
v 0.04328671 0.02880874 0.01887421
v 0.04222255 0.02837296 0.01670422
v 0.04078894 0.02778272 0.01480210
v 0.03904238 0.02705766 0.01323909
v 0.03704865 0.02623076 0.01207270
v 0.03492889 0.02521200 0.01131154
v 0.03949899 0.02560477 0.03393055
v 0.04127547 0.02599000 0.03248733
v 0.04279449 0.02634505 0.03060857
v 0.04392644 0.02660069 0.02844821
v 0.04463947 0.02675627 0.02610661
v 0.04488397 0.02681533 0.02366686
v 0.04465380 0.02677668 0.02122263
v 0.04395783 0.02664469 0.01887152
v 0.04282515 0.02642459 0.01670156
v 0.04130099 0.02612368 0.01480004
v 0.03944385 0.02575415 0.01323648
v 0.03732492 0.02533311 0.01206923
v 0.03506821 0.02475519 0.01131194
v 0.03964009 0.02423298 0.03392109
v 0.04146232 0.02426962 0.03248145
v 0.04302637 0.02430233 0.03060563
v 0.04417954 0.02434626 0.02844858
v 0.04489342 0.02437271 0.02610250
v 0.04514115 0.02438109 0.02367005
v 0.04490218 0.02438603 0.02122060
v 0.04419190 0.02439198 0.01886793
v 0.04303592 0.02439672 0.01669842
v 0.04148001 0.02439853 0.01479739
v 0.03958454 0.02439744 0.01323456
v 0.03742448 0.02439186 0.01207364
v 0.03511580 0.02427668 0.01130901
v 0.03951888 0.02285730 0.03392253
v 0.04131581 0.02252536 0.03248044
v 0.04285177 0.02225609 0.03060482
v 0.04399661 0.02207135 0.02845079
v 0.04469489 0.02200353 0.02610729
v 0.04491413 0.02193714 0.02366189
v 0.04467995 0.02199068 0.02121521
v 0.04398149 0.02213853 0.01886397
v 0.04284625 0.02236701 0.01669507
v 0.04131854 0.02267259 0.01479488
v 0.03945792 0.02303988 0.01323331
v 0.03737371 0.02334119 0.01202278
v 0.03506939 0.02379528 0.01130357
v 0.03912758 0.02153148 0.03393070
v 0.04082526 0.02085425 0.03249496
v 0.04227746 0.02029822 0.03061583
v 0.04335802 0.01991807 0.02845659
v 0.04400252 0.01966744 0.02610927
v 0.04422095 0.01958418 0.02366224
v 0.04399593 0.01968425 0.02121384
v 0.04333389 0.01996437 0.01885985
v 0.04226357 0.02041299 0.01669139
v 0.04082343 0.02101103 0.01479216
v 0.03906976 0.02173494 0.01323177
v 0.03710127 0.02243578 0.01201571
v 0.03493035 0.02333731 0.01130322
v 0.03849218 0.02030139 0.03394780
v 0.04001962 0.01931271 0.03251157
v 0.04132167 0.01850900 0.03062289
v 0.04228841 0.01792053 0.02845789
v 0.04287817 0.01754355 0.02610708
v 0.04307628 0.01742084 0.02366166
v 0.04287246 0.01756321 0.02121471
v 0.04227679 0.01796457 0.01886198
v 0.04131173 0.01861203 0.01669322
v 0.04001332 0.01947950 0.01479224
v 0.03843311 0.02052996 0.01322874
v 0.03665926 0.02161115 0.01201650
v 0.03470499 0.02291304 0.01130087
v 0.03762586 0.01921346 0.03397032
v 0.03891848 0.01794131 0.03251475
v 0.04003257 0.01696605 0.03061493
v 0.04085318 0.01618535 0.02845329
v 0.04135716 0.01569296 0.02610454
v 0.04152501 0.01552940 0.02365735
v 0.04135300 0.01570454 0.02121303
v 0.04084720 0.01621314 0.01886142
v 0.04002487 0.01703478 0.01669306
v 0.03891918 0.01813935 0.01479369
v 0.03759538 0.01934817 0.01316972
v 0.03606337 0.02087674 0.01200827
v 0.03440095 0.02254454 0.01130057
v 0.03656625 0.01832924 0.03397027
v 0.03758106 0.01690279 0.03251025
v 0.03845826 0.01574932 0.03061672
v 0.03910692 0.01479213 0.02845722
v 0.03950259 0.01418432 0.02610496
v 0.03963402 0.01398075 0.02365625
v 0.03949845 0.01418132 0.02121160
v 0.03909964 0.01477646 0.01885992
v 0.03845296 0.01574118 0.01669253
v 0.03758271 0.01703777 0.01479394
v 0.03654088 0.01847805 0.01316265
v 0.03533702 0.02028029 0.01200575
v 0.03403185 0.02223972 0.01129920
v 0.03267372 0.02427238 0.01106218
v 0.03535807 0.01769455 0.03396195
v 0.03605617 0.01614911 0.03250337
v 0.03666433 0.01482905 0.03061778
v 0.03711044 0.01373362 0.02845579
v 0.03738442 0.01305803 0.02610339
v 0.03747423 0.01282808 0.02365486
v 0.03738110 0.01304852 0.02120998
v 0.03710460 0.01370855 0.01885837
v 0.03665716 0.01478123 0.01669039
v 0.03606636 0.01608173 0.01471986
v 0.03533692 0.01782857 0.01315661
v 0.03450935 0.01983844 0.01200522
v 0.03360958 0.02201449 0.01129898
v 0.03404503 0.01731305 0.03393801
v 0.03440575 0.01568627 0.03250251
v 0.03471714 0.01424395 0.03062045
v 0.03494430 0.01307650 0.02845382
v 0.03508265 0.01236058 0.02610089
v 0.03512807 0.01211729 0.02365377
v 0.03508046 0.01235038 0.02120923
v 0.03493947 0.01305063 0.01885748
v 0.03470798 0.01418792 0.01668830
v 0.03440418 0.01557252 0.01471419
v 0.03403302 0.01743468 0.01315566
v 0.03361046 0.01956467 0.01200348
v 0.03315118 0.02187513 0.01129810
v 0.03268181 0.01719727 0.03394494
v 0.03268563 0.01552244 0.03249906
v 0.03269237 0.01403410 0.03061479
v 0.03269187 0.01284515 0.02844577
v 0.03269055 0.01211916 0.02609302
v 0.03268830 0.01187283 0.02365620
v 0.03268779 0.01211201 0.02120611
v 0.03268623 0.01282769 0.01885435
v 0.03268638 0.01399256 0.01668970
v 0.03267700 0.01540240 0.01471261
v 0.03267518 0.01729936 0.01315376
v 0.03267536 0.01947378 0.01200303
v 0.03267466 0.02182817 0.01129789
v 0.03132710 0.01734024 0.03392748
v 0.03097065 0.01570129 0.03250412
v 0.03066771 0.01418789 0.03060392
v 0.03043899 0.01304490 0.02843668
v 0.03029902 0.01234096 0.02608488
v 0.03024988 0.01210401 0.02364217
v 0.03029516 0.01234069 0.02119851
v 0.03043318 0.01304362 0.01884964
v 0.03064808 0.01404348 0.01661050
v 0.03094874 0.01556919 0.01470955
v 0.03131772 0.01743567 0.01315426
v 0.03174040 0.01956505 0.01200230
v 0.03219822 0.02187530 0.01129750
v 0.03001373 0.01773282 0.03392733
v 0.02931649 0.01618167 0.03249313
v 0.02871977 0.01474564 0.03058914
v 0.02827330 0.01367690 0.02842142
v 0.02799841 0.01301864 0.02606934
v 0.02790380 0.01279872 0.02362681
v 0.02799368 0.01302601 0.02118436
v 0.02826450 0.01369518 0.01884127
v 0.02869325 0.01463193 0.01660709
v 0.02928565 0.01606971 0.01470722
v 0.03001300 0.01783189 0.01315455
v 0.03084105 0.01983904 0.01200281
v 0.03173957 0.02201481 0.01129779
v 0.02879807 0.01836593 0.03392226
v 0.02779056 0.01694529 0.03248563
v 0.02692290 0.01567075 0.03057594
v 0.02627708 0.01471864 0.02840552
v 0.02587769 0.01413068 0.02605435
v 0.02574066 0.01393615 0.02361107
v 0.02587111 0.01414147 0.02117045
v 0.02626188 0.01473890 0.01882258
v 0.02689073 0.01559118 0.01660614
v 0.02775502 0.01689035 0.01470896
v 0.02881017 0.01847622 0.01315534
v 0.03001322 0.02028228 0.01200319
v 0.03131728 0.02224044 0.01129786
v 0.02773184 0.01924649 0.03391502
v 0.02644835 0.01800783 0.03246590
v 0.02534634 0.01693174 0.03056285
v 0.02452493 0.01612752 0.02839333
v 0.02401892 0.01563169 0.02604187
v 0.02384522 0.01546771 0.02359913
v 0.02401049 0.01564335 0.02115775
v 0.02449791 0.01606994 0.01877846
v 0.02531281 0.01688709 0.01660835
v 0.02641315 0.01799366 0.01471145
v 0.02775554 0.01934270 0.01315723
v 0.02928617 0.02087886 0.01200439
v 0.03094761 0.02254536 0.01129869
v 0.02685414 0.02030897 0.03390850
v 0.02534990 0.01932972 0.03245061
v 0.02405143 0.01848416 0.03055191
v 0.02308428 0.01785504 0.02838636
v 0.02248919 0.01746767 0.02603614
v 0.02228365 0.01733962 0.02359543
v 0.02247952 0.01747851 0.02115359
v 0.02306661 0.01788078 0.01880739
v 0.02401735 0.01846818 0.01661295
v 0.02531144 0.01933829 0.01471511
v 0.02689008 0.02039868 0.01315979
v 0.02869033 0.02160704 0.01200621
v 0.03064331 0.02291535 0.01129938
v 0.02620259 0.02152229 0.03389849
v 0.02452495 0.02084197 0.03244489
v 0.02308520 0.02026625 0.03054359
v 0.02200663 0.01983667 0.02838392
v 0.02134293 0.01956815 0.02603767
v 0.02111692 0.01948452 0.02359578
v 0.02133711 0.01957609 0.02115204
v 0.02199106 0.01985162 0.01880204
v 0.02305651 0.02027326 0.01661886
v 0.02449210 0.02087070 0.01471891
v 0.02624637 0.02160388 0.01316335
v 0.02824686 0.02243628 0.01200887
v 0.03041753 0.02333855 0.01130088
v 0.02579766 0.02283185 0.03389560
v 0.02400522 0.02248828 0.03244440
v 0.02247514 0.02220308 0.03054105
v 0.02133307 0.02198780 0.02838114
v 0.02063041 0.02185474 0.02603785
v 0.02039460 0.02181023 0.02359822
v 0.02062720 0.02186017 0.02115445
v 0.02132382 0.02200716 0.01880430
v 0.02246191 0.02222754 0.01662373
v 0.02398768 0.02253578 0.01472437
v 0.02585027 0.02291041 0.01316717
v 0.02797354 0.02333670 0.01201114
v 0.03027835 0.02379772 0.01130191
v -0.03377603 0.02416022 0.03726998
v -0.03533777 0.02416141 0.03679180
v -0.03677583 0.02416037 0.03602460
v -0.03798156 0.02416766 0.03502905
v -0.03374241 0.02447667 0.03726906
v -0.03527397 0.02478437 0.03679189
v -0.03668635 0.02506701 0.03602709
v -0.03786855 0.02530938 0.03503470
v -0.03365237 0.02478181 0.03727274
v -0.03509534 0.02538195 0.03679916
v -0.03642435 0.02593726 0.03603316
v -0.03753629 0.02640548 0.03503965
v -0.03350224 0.02506238 0.03727392
v -0.03479963 0.02593340 0.03680090
v -0.03599774 0.02673846 0.03603860
v -0.03699805 0.02741549 0.03504539
v -0.03330129 0.02530742 0.03727773
v -0.03440506 0.02641603 0.03680650
v -0.03542269 0.02744013 0.03604244
v -0.03627361 0.02830073 0.03504999
v -0.03305569 0.02550988 0.03727799
v -0.03392320 0.02681308 0.03681010
v -0.03472233 0.02801570 0.03604656
v -0.03539060 0.02902448 0.03505408
v -0.03277556 0.02565867 0.03728151
v -0.03337282 0.02710714 0.03681292
v -0.03392261 0.02844277 0.03604895
v -0.03438352 0.02956215 0.03505613
v -0.03247068 0.02575168 0.03728224
v -0.03277588 0.02728846 0.03681412
v -0.03305542 0.02870619 0.03605001
v -0.03329123 0.02989435 0.03505749
v -0.03215450 0.02578184 0.03728383
v -0.03215426 0.02734849 0.03681612
v -0.03215339 0.02879457 0.03605280
v -0.03215395 0.03000807 0.03505984
v -0.03183892 0.02575020 0.03728362
v -0.03153275 0.02728730 0.03681666
v -0.03125224 0.02870554 0.03605351
v -0.03101914 0.02989541 0.03506255
v -0.03153334 0.02565619 0.03728415
v -0.03093582 0.02710318 0.03681578
v -0.03038524 0.02843987 0.03605314
v -0.02992556 0.02956407 0.03506321
v -0.03125277 0.02550533 0.03728537
v -0.03038481 0.02680773 0.03681571
v -0.02958576 0.02801120 0.03605198
v -0.02891809 0.02902165 0.03506112
v -0.03100690 0.02530157 0.03728604
v -0.02990252 0.02640909 0.03681491
v -0.02888496 0.02743319 0.03604873
v -0.02803396 0.02829261 0.03505440
v -0.03080523 0.02505529 0.03728528
v -0.02950697 0.02592514 0.03681343
v -0.02830980 0.02672923 0.03604569
v -0.02730832 0.02740379 0.03504805
v -0.03065553 0.02477303 0.03728638
v -0.02921205 0.02537105 0.03681154
v -0.02788312 0.02592595 0.03603920
v -0.02677150 0.02639170 0.03503694
v -0.03056216 0.02446628 0.03728613
v -0.02903172 0.02477173 0.03681080
v -0.02762376 0.02505580 0.03602865
v -0.02644364 0.02529421 0.03502394
v -0.03053211 0.02414816 0.03728839
v -0.02897005 0.02414624 0.03681200
v -0.02753446 0.02415184 0.03602474
v -0.02633481 0.02415419 0.03500980
v -0.03056156 0.02382936 0.03728882
v -0.02902935 0.02352026 0.03681433
v -0.02762409 0.02324485 0.03603211
v -0.02645116 0.02301770 0.03501210
v -0.03065494 0.02352216 0.03729049
v -0.02921098 0.02291887 0.03681612
v -0.02788801 0.02237523 0.03603514
v -0.02678692 0.02192539 0.03501859
v -0.03080474 0.02323892 0.03729355
v -0.02950841 0.02236494 0.03681887
v -0.02831922 0.02157416 0.03603658
v -0.02732565 0.02090983 0.03502709
v -0.03100664 0.02299104 0.03729506
v -0.02990359 0.02187857 0.03682254
v -0.02889491 0.02086436 0.03604252
v -0.02805376 0.02002041 0.03503174
v -0.03125282 0.02278601 0.03729802
v -0.03038795 0.02147657 0.03682757
v -0.02959483 0.02027789 0.03605120
v -0.02893630 0.01928240 0.03504769
v -0.03153337 0.02263567 0.03729655
v -0.03093939 0.02117851 0.03682972
v -0.03039527 0.01984044 0.03605942
v -0.02994272 0.01872049 0.03505463
v -0.03183978 0.02254099 0.03730033
v -0.03153840 0.02099175 0.03683880
v -0.03126358 0.01956719 0.03606730
v -0.03103471 0.01837868 0.03506621
v -0.03215656 0.02251098 0.03729875
v -0.03216074 0.02093005 0.03684117
v -0.03216691 0.01946982 0.03607683
v -0.03217958 0.01824910 0.03506758
v -0.03247378 0.02254247 0.03730114
v -0.03278454 0.02099070 0.03684850
v -0.03307065 0.01955750 0.03608532
v -0.03331494 0.01835174 0.03509302
v -0.03277890 0.02263897 0.03729772
v -0.03338214 0.02117815 0.03684440
v -0.03394001 0.01982717 0.03609018
v -0.03440902 0.01868555 0.03509908
v -0.03305915 0.02279154 0.03729466
v -0.03393319 0.02147815 0.03684215
v -0.03473987 0.02026662 0.03608561
v -0.03541912 0.01924505 0.03509671
v -0.03330423 0.02299945 0.03728779
v -0.03441351 0.02188438 0.03683111
v -0.03543925 0.02085555 0.03607351
v -0.03629955 0.01999710 0.03507754
v -0.03350521 0.02324861 0.03728312
v -0.03480860 0.02237337 0.03682580
v -0.03601243 0.02156788 0.03606258
v -0.03701875 0.02089861 0.03506069
v -0.03215407 0.02415310 0.03744045
v -0.03365405 0.02353410 0.03727607
v -0.03510040 0.02293145 0.03681165
v -0.03643474 0.02237718 0.03604407
v -0.03754745 0.02192194 0.03504286
v -0.03374309 0.02384409 0.03726693
v -0.03527613 0.02353495 0.03679543
v -0.03668964 0.02325375 0.03602637
v -0.03787159 0.02302430 0.03503219
v -0.03916248 0.02417721 0.03417813
v -0.04098572 0.02419305 0.03273437
v -0.04254545 0.02421106 0.03084793
v -0.04369508 0.02422854 0.02868734
v -0.04440334 0.02424452 0.02633847
v -0.04465543 0.02425152 0.02390038
v -0.04441489 0.02425298 0.02145349
v -0.04370037 0.02425624 0.01910250
v -0.04254344 0.02425923 0.01693524
v -0.04098707 0.02425927 0.01503685
v -0.03909230 0.02425669 0.01347675
v -0.03693040 0.02425152 0.01231820
v -0.03457991 0.02424081 0.01154958
v -0.03902473 0.02554735 0.03418373
v -0.04080798 0.02591759 0.03273956
v -0.04233249 0.02624157 0.03085057
v -0.04346086 0.02648046 0.02868894
v -0.04416550 0.02663382 0.02634337
v -0.04440469 0.02668903 0.02390089
v -0.04417054 0.02664717 0.02145613
v -0.04347209 0.02651131 0.01910617
v -0.04233815 0.02628888 0.01693821
v -0.04081291 0.02598502 0.01503905
v -0.03895530 0.02561427 0.01347856
v -0.03683661 0.02519098 0.01231825
v -0.03453297 0.02471823 0.01154914
v -0.03862306 0.02686475 0.03418935
v -0.04030099 0.02758134 0.03274338
v -0.04173838 0.02818864 0.03085212
v -0.04280244 0.02864257 0.02869326
v -0.04346355 0.02892973 0.02634733
v -0.04368698 0.02903250 0.02390446
v -0.04346607 0.02894566 0.02145996
v -0.04280829 0.02867705 0.01910909
v -0.04174136 0.02823862 0.01694091
v -0.04030587 0.02764513 0.01504126
v -0.03855743 0.02691806 0.01348107
v -0.03656587 0.02607588 0.01226853
v -0.03439419 0.02517662 0.01154805
v -0.03797482 0.02807845 0.03419413
v -0.03948620 0.02910805 0.03274371
v -0.04077631 0.02997741 0.03085398
v -0.04173438 0.03063135 0.02869602
v -0.04232497 0.03104203 0.02635104
v -0.04252599 0.03118816 0.02390984
v -0.04232711 0.03106215 0.02146617
v -0.04173748 0.03067392 0.01911601
v -0.04077795 0.03003610 0.01694777
v -0.03948676 0.02917421 0.01504644
v -0.03791290 0.02812053 0.01348459
v -0.03611778 0.02691738 0.01232181
v -0.03416879 0.02560025 0.01155183
v -0.03710405 0.02914002 0.03419765
v -0.03838731 0.03044230 0.03274471
v -0.03948512 0.03154795 0.03086008
v -0.04029530 0.03237085 0.02870041
v -0.04079759 0.03289358 0.02635720
v -0.04096789 0.03307764 0.02391611
v -0.04079887 0.03291767 0.02147276
v -0.04029704 0.03242255 0.01912167
v -0.03948167 0.03161084 0.01695260
v -0.03838420 0.03051350 0.01505087
v -0.03704709 0.02917428 0.01348731
v -0.03552749 0.02763237 0.01227401
v -0.03386502 0.02596998 0.01155111
v -0.03604127 0.03001266 0.03419962
v -0.03705426 0.03152955 0.03275516
v -0.03791067 0.03283536 0.03087023
v -0.03854688 0.03380507 0.02871159
v -0.03894020 0.03441592 0.02636508
v -0.03907210 0.03462929 0.02392170
v -0.03893840 0.03444064 0.02147883
v -0.03854391 0.03385683 0.01912744
v -0.03790332 0.03290203 0.01695718
v -0.03704181 0.03161241 0.01505397
v -0.03599263 0.03003774 0.01348991
v -0.03480119 0.02822865 0.01227181
v -0.03349558 0.02627464 0.01155198
v -0.03483101 0.03064806 0.03419810
v -0.03552810 0.03233502 0.03276068
v -0.03611593 0.03379061 0.03088127
v -0.03655139 0.03487382 0.02871751
v -0.03682007 0.03554776 0.02637059
v -0.03690789 0.03578202 0.02392712
v -0.03681704 0.03557153 0.02148318
v -0.03654442 0.03492240 0.01913118
v -0.03610361 0.03386060 0.01696072
v -0.03551151 0.03242835 0.01505683
v -0.03480314 0.03067143 0.01344047
v -0.03397404 0.02867171 0.01227190
v -0.03307333 0.02650061 0.01155418
v -0.03351812 0.03104990 0.03419653
v -0.03387073 0.03284497 0.03276693
v -0.03416757 0.03439017 0.03088582
v -0.03438464 0.03553032 0.02871813
v -0.03451722 0.03624111 0.02637192
v -0.03456128 0.03648886 0.02393055
v -0.03451380 0.03626613 0.02148659
v -0.03437546 0.03557709 0.01913399
v -0.03415157 0.03444992 0.01696223
v -0.03385095 0.03292967 0.01505782
v -0.03349886 0.03106692 0.01344139
v -0.03307497 0.02894527 0.01227292
v -0.03261482 0.02663985 0.01155478
v -0.03215345 0.03118469 0.03419911
v -0.03214375 0.03301875 0.03275856
v -0.03213494 0.03458599 0.03087332
v -0.03212842 0.03574682 0.02871116
v -0.03212360 0.03646983 0.02636780
v -0.03212076 0.03672715 0.02393254
v -0.03212055 0.03649489 0.02148631
v -0.03212069 0.03579403 0.01913348
v -0.03212279 0.03464615 0.01696228
v -0.03214316 0.03309628 0.01501088
v -0.03214176 0.03120173 0.01344127
v -0.03213992 0.02903771 0.01227550
v -0.03213846 0.02668705 0.01155541
v -0.03079470 0.03105456 0.03420793
v -0.03041650 0.03284302 0.03275114
v -0.03009557 0.03436669 0.03084935
v -0.02987129 0.03551484 0.02869919
v -0.02973081 0.03622728 0.02636181
v -0.02968110 0.03647636 0.02392533
v -0.02972762 0.03625384 0.02148275
v -0.02986546 0.03556728 0.01913046
v -0.03009139 0.03444506 0.01695771
v -0.03041631 0.03292569 0.01500965
v -0.03078428 0.03106732 0.01344168
v -0.03120483 0.02894546 0.01227587
v -0.03166198 0.02663993 0.01155569
v -0.02947993 0.03066484 0.03420938
v -0.02876049 0.03233955 0.03274358
v -0.02814527 0.03376172 0.03083067
v -0.02770472 0.03484828 0.02868781
v -0.02743062 0.03552174 0.02635326
v -0.02733550 0.03575731 0.02391805
v -0.02742647 0.03554840 0.02147640
v -0.02769712 0.03490336 0.01912545
v -0.02816159 0.03385532 0.01691600
v -0.02875478 0.03242177 0.01500918
v -0.02947962 0.03067134 0.01344141
v -0.03030574 0.02867174 0.01227600
v -0.03120339 0.02650061 0.01155576
v -0.02827251 0.03000540 0.03420579
v -0.02723785 0.03151658 0.03273778
v -0.02635684 0.03280220 0.03082431
v -0.02571256 0.03377608 0.02867965
v -0.02531270 0.03438122 0.02634547
v -0.02517546 0.03459463 0.02391066
v -0.02530560 0.03440764 0.02147085
v -0.02569749 0.03382891 0.01912010
v -0.02636189 0.03289232 0.01691299
v -0.02722454 0.03160261 0.01500548
v -0.02827616 0.03002736 0.01344020
v -0.02947773 0.02822847 0.01227483
v -0.03078098 0.02627487 0.01155506
v -0.02720275 0.02912782 0.03419228
v -0.02590244 0.03041221 0.03272939
v -0.02479171 0.03151394 0.03082612
v -0.02396861 0.03233918 0.02867490
v -0.02345927 0.03285132 0.02633822
v -0.02328372 0.03303265 0.02390244
v -0.02344733 0.03287453 0.02146344
v -0.02394572 0.03238534 0.01911375
v -0.02478362 0.03159560 0.01691049
v -0.02588224 0.03049990 0.01500283
v -0.02722178 0.02916105 0.01343828
v -0.02875092 0.02763186 0.01227356
v -0.03041145 0.02597014 0.01155453
v -0.02633093 0.02806069 0.03418867
v -0.02481028 0.02907310 0.03272604
v -0.02350646 0.02994033 0.03082592
v -0.02253842 0.03058884 0.02866916
v -0.02193924 0.03099164 0.02633016
v -0.02173062 0.03113337 0.02389383
v -0.02192379 0.03100966 0.02145489
v -0.02250860 0.03062713 0.01910618
v -0.02348852 0.03001626 0.01690559
v -0.02478063 0.02915648 0.01499936
v -0.02635658 0.02810526 0.01343561
v -0.02815522 0.02690394 0.01227155
v -0.03010722 0.02560007 0.01155341
v -0.02568228 0.02684500 0.03417856
v -0.02399493 0.02754445 0.03272149
v -0.02254862 0.02814510 0.03082323
v -0.02147557 0.02859206 0.02866260
v -0.02080951 0.02887023 0.02632101
v -0.02057819 0.02896497 0.02388371
v -0.02079233 0.02888351 0.02144499
v -0.02144028 0.02862413 0.01909737
v -0.02252589 0.02821313 0.01690119
v -0.02396205 0.02762351 0.01499563
v -0.02571324 0.02690016 0.01343274
v -0.02771202 0.02607480 0.01226970
v -0.02988159 0.02517705 0.01155251
v -0.02528532 0.02552764 0.03416700
v -0.02349457 0.02588600 0.03271405
v -0.02195835 0.02619982 0.03081721
v -0.02081705 0.02642586 0.02865839
v -0.02011069 0.02656839 0.02631576
v -0.01986828 0.02661829 0.02387678
v -0.02009376 0.02657104 0.02143775
v -0.02078064 0.02642578 0.01909425
v -0.02193263 0.02625690 0.01689626
v -0.02345784 0.02595904 0.01499142
v -0.02531736 0.02559373 0.01342892
v -0.02743877 0.02517436 0.01226670
v -0.02974251 0.02471772 0.01155094
v -0.02515663 0.02415746 0.03414974
v -0.02332795 0.02416135 0.03270120
v -0.02176563 0.02417379 0.03080677
v -0.02060379 0.02417769 0.02865039
v -0.01988537 0.02417842 0.02630568
v -0.01963335 0.02418221 0.02387145
v -0.01986248 0.02417769 0.02142783
v -0.02057882 0.02421517 0.01906262
v -0.02173175 0.02422310 0.01688938
v -0.02328683 0.02422949 0.01498644
v -0.02518260 0.02423420 0.01342477
v -0.02734584 0.02423782 0.01226411
v -0.02969502 0.02424048 0.01154963
v -0.02530149 0.02279091 0.03414929
v -0.02351068 0.02243827 0.03269593
v -0.02197747 0.02214631 0.03080670
v -0.02083405 0.02191908 0.02864555
v -0.02012701 0.02178252 0.02630248
v -0.01988376 0.02173719 0.02386342
v -0.02010987 0.02178719 0.02142201
v -0.02079749 0.02192052 0.01906651
v -0.02193263 0.02218888 0.01688327
v -0.02345637 0.02250012 0.01498095
v -0.02531630 0.02287445 0.01342034
v -0.02743803 0.02330119 0.01226055
v -0.02974210 0.02376293 0.01154754
v -0.02570579 0.02147831 0.03415328
v -0.02402775 0.02078495 0.03269904
v -0.02258571 0.02019795 0.03080365
v -0.02150321 0.01975771 0.02864734
v -0.02083649 0.01948642 0.02630205
v -0.02060706 0.01939731 0.02386061
v -0.02082026 0.01949318 0.02141650
v -0.02146926 0.01977444 0.01906478
v -0.02252357 0.02023304 0.01687568
v -0.02395920 0.02083544 0.01497536
v -0.02571120 0.02156791 0.01341596
v -0.02771037 0.02240026 0.01225686
v -0.02988084 0.02330373 0.01154619
v -0.02635820 0.02026791 0.03415887
v -0.02485113 0.01926573 0.03270121
v -0.02354991 0.01840461 0.03080935
v -0.02258092 0.01776687 0.02864755
v -0.02198110 0.01737582 0.02629878
v -0.02177218 0.01724544 0.02385776
v -0.02196298 0.01738338 0.02141364
v -0.02252737 0.01778144 0.01903948
v -0.02348381 0.01842967 0.01686898
v -0.02477714 0.01930217 0.01497031
v -0.02635388 0.02036269 0.01341210
v -0.02815323 0.02157154 0.01225477
v -0.03010624 0.02288052 0.01154472
v -0.02723504 0.01920994 0.03416153
v -0.02594548 0.01793109 0.03271423
v -0.02484206 0.01683936 0.03081736
v -0.02401997 0.01602774 0.02865291
v -0.02351028 0.01552964 0.02630347
v -0.02333233 0.01536531 0.02386142
v -0.02349385 0.01554082 0.02141901
v -0.02396236 0.01602448 0.01903170
v -0.02477788 0.01684972 0.01686381
v -0.02587809 0.01795867 0.01496584
v -0.02721841 0.01930691 0.01340864
v -0.02874851 0.02084371 0.01225271
v -0.03041025 0.02251079 0.01154394
v -0.02829472 0.01833730 0.03417920
v -0.02728219 0.01684030 0.03272822
v -0.02641735 0.01555865 0.03082898
v -0.02577063 0.01460461 0.02866469
v -0.02536784 0.01401755 0.02631507
v -0.02522744 0.01382406 0.02387250
v -0.02535453 0.01403044 0.02143151
v -0.02571757 0.01458791 0.01903040
v -0.02635511 0.01555247 0.01685826
v -0.02721873 0.01685540 0.01496177
v -0.02827193 0.01844075 0.01340564
v -0.02947490 0.02024717 0.01225088
v -0.03077962 0.02220590 0.01154288
v -0.03213723 0.02424178 0.01130601
v -0.02950991 0.01770457 0.03419949
v -0.02880981 0.01603832 0.03274392
v -0.02821339 0.01461374 0.03084348
v -0.02776498 0.01354956 0.02867946
v -0.02748722 0.01289589 0.02632860
v -0.02738848 0.01267856 0.02388681
v -0.02747642 0.01290768 0.02144502
v -0.02774437 0.01357323 0.01910135
v -0.02815566 0.01459156 0.01685690
v -0.02874842 0.01603574 0.01495835
v -0.02947471 0.01779719 0.01340321
v -0.03030239 0.01980423 0.01224902
v -0.03120172 0.02198044 0.01154198
v -0.03083036 0.01730596 0.03420538
v -0.03047104 0.01556298 0.03276422
v -0.03016246 0.01404016 0.03086390
v -0.02993079 0.01290366 0.02869677
v -0.02978779 0.01220821 0.02634434
v -0.02973573 0.01197697 0.02390033
v -0.02977859 0.01221708 0.02145668
v -0.02991447 0.01292200 0.01910542
v -0.03010919 0.01400030 0.01685651
v -0.03041009 0.01553124 0.01495544
v -0.03077911 0.01740116 0.01340107
v -0.03120147 0.01953026 0.01224751
v -0.03166019 0.02184077 0.01154094
v -0.03218950 0.01715106 0.03421491
v -0.03219317 0.01544577 0.03279451
v -0.03218826 0.01385878 0.03088226
v -0.03218413 0.01268950 0.02870814
v -0.03217958 0.01197679 0.02635320
v -0.03217547 0.01174214 0.02391014
v -0.03217248 0.01198520 0.02146114
v -0.03216976 0.01270201 0.01911034
v -0.03214109 0.01380312 0.01685851
v -0.03213688 0.01536116 0.01495423
v -0.03213661 0.01726645 0.01339940
v -0.03213635 0.01943912 0.01224625
v -0.03213635 0.02179299 0.01153905
v -0.03355467 0.01726050 0.03420871
v -0.03391405 0.01561756 0.03280105
v -0.03421391 0.01405796 0.03088888
v -0.03443705 0.01291216 0.02871398
v -0.03457247 0.01221282 0.02635814
v -0.03461514 0.01198004 0.02390910
v -0.03456585 0.01222032 0.02146288
v -0.03442410 0.01292390 0.01911051
v -0.03419560 0.01406319 0.01694288
v -0.03386472 0.01553403 0.01495559
v -0.03349432 0.01740099 0.01339873
v -0.03307157 0.01953031 0.01224621
v -0.03261317 0.02184079 0.01154031
v -0.03486691 0.01764353 0.03421807
v -0.03556825 0.01607546 0.03279519
v -0.03616158 0.01463170 0.03088439
v -0.03660261 0.01356317 0.02871457
v -0.03687347 0.01290761 0.02635806
v -0.03696116 0.01268942 0.02390904
v -0.03686744 0.01291656 0.02146280
v -0.03659124 0.01357986 0.01911046
v -0.03614632 0.01465447 0.01694332
v -0.03552762 0.01604032 0.01495811
v -0.03479899 0.01779638 0.01339846
v -0.03397072 0.01980432 0.01224636
v -0.03307176 0.02198048 0.01154073
v -0.03607821 0.01829148 0.03423099
v -0.03709284 0.01684853 0.03278464
v -0.03795689 0.01557232 0.03087966
v -0.03859752 0.01462006 0.02871185
v -0.03899214 0.01403526 0.02635716
v -0.03912254 0.01384199 0.02390850
v -0.03898633 0.01404856 0.02146260
v -0.03858804 0.01464647 0.01910971
v -0.03794343 0.01561221 0.01694217
v -0.03705852 0.01686073 0.01496173
v -0.03600181 0.01843934 0.01339831
v -0.03479880 0.02024729 0.01224716
v -0.03349419 0.02220594 0.01154113
v -0.03713663 0.01918171 0.03422286
v -0.03842793 0.01793294 0.03277830
v -0.03953084 0.01685415 0.03087779
v -0.04034619 0.01604931 0.02870617
v -0.04084834 0.01555606 0.02635395
v -0.04101585 0.01539422 0.02390616
v -0.04084337 0.01557184 0.02146010
v -0.04033713 0.01608070 0.01910811
v -0.03951664 0.01690251 0.01693984
v -0.03841300 0.01800454 0.01504048
v -0.03705721 0.01930780 0.01340293
v -0.03552525 0.02084297 0.01224671
v -0.03386370 0.02251091 0.01154177
v -0.03800129 0.02025919 0.03420611
v -0.03952353 0.01927146 0.03276646
v -0.04082020 0.01842424 0.03086985
v -0.04178222 0.01779584 0.02870256
v -0.04237208 0.01741274 0.02634995
v -0.04257067 0.01728770 0.02390423
v -0.04236571 0.01742955 0.02145717
v -0.04177050 0.01783031 0.01910489
v -0.04080629 0.01847653 0.01693712
v -0.03951008 0.01934195 0.01503752
v -0.03792306 0.02036665 0.01341123
v -0.03612141 0.02157262 0.01225162
v -0.03416786 0.02288065 0.01154188
v -0.03863812 0.02148157 0.03418957
v -0.04033333 0.02080386 0.03274966
v -0.04178257 0.02021791 0.03086686
v -0.04284880 0.01979377 0.02869848
v -0.04350621 0.01953445 0.02634787
v -0.04372349 0.01945161 0.02390193
v -0.04349538 0.01954866 0.02145278
v -0.04283317 0.01982723 0.01909947
v -0.04176356 0.02027288 0.01693276
v -0.04032233 0.02087062 0.01503464
v -0.03857086 0.02159412 0.01347380
v -0.03656470 0.02240171 0.01225349
v -0.03439358 0.02330395 0.01154337
v -0.03903108 0.02280371 0.03417686
v -0.04082762 0.02246761 0.03273420
v -0.04237145 0.02217671 0.03085458
v -0.04350508 0.02197180 0.02869415
v -0.04419882 0.02184457 0.02634603
v -0.04443041 0.02180429 0.02390252
v -0.04418744 0.02185547 0.02145248
v -0.04348514 0.02199880 0.01910015
v -0.04234934 0.02222750 0.01693316
v -0.04082126 0.02253283 0.01503509
v -0.03896197 0.02289902 0.01347545
v -0.03683826 0.02330319 0.01225983
v -0.03453279 0.02376286 0.01154350
f 4 2 1
f 8 6 5
f 13 15 14
f 17 19 18
f 32 30 29
f 36 34 33
f 37 39 38
f 21 23 20
f 25 27 24
f 41 43 42
f 48 46 45
f 52 50 49
f 53 55 54
f 60 58 57
f 29 62 61
f 66 64 63
f 67 6 68
f 72 70 69
f 76 74 73
f 77 79 78
f 81 83 82
f 59 86 85
f 88 90 89
f 96 94 93
f 100 98 97
f 101 103 102
f 106 34 87
f 108 115 107
f 117 36 118
f 124 126 125
f 131 129 128
f 132 134 133
f 142 140 139
f 148 60 147
f 144 127 124
f 149 151 150
f 156 154 153
f 159 158 157
f 116 164 105
f 171 169 168
f 174 173 172
f 179 181 180
f 186 188 187
f 194 196 195
f 199 139 198
f 206 208 207
f 213 211 210
f 202 214 201
f 96 216 54
f 92 43 44
f 97 246 100
f 250 229 228
f 252 58 253
f 258 256 255
f 260 229 259
f 110 112 113
f 114 263 109
f 265 267 266
f 56 270 269
f 274 249 250
f 185 63 64
f 280 278 276
f 285 283 157
f 288 211 212
f 141 92 46
f 289 175 176
f 148 105 106
f 312 170 171
f 238 42 43
f 318 160 317
f 310 308 307
f 241 325 324
f 160 240 317
f 47 307 308
f 108 315 164
f 345 86 119
f 348 350 349
f 356 358 357
f 355 353 352
f 363 32 362
f 149 150 176
f 364 253 365
f 366 368 367
f 183 371 63
f 163 161 160
f 209 101 208
f 378 165 166
f 379 381 380
f 383 3 4
f 284 386 385
f 387 389 388
f 391 229 249
f 73 397 396
f 405 407 406
f 203 411 410
f 414 413 412
f 1 357 4
f 277 131 275
f 254 57 58
f 358 415 351
f 417 386 408
f 401 192 420
f 419 127 143
f 421 182 422
f 103 302 409
f 428 368 174
f 380 359 356
f 62 266 323
f 140 431 430
f 357 351 348
f 356 379 380
f 415 403 434
f 437 436 435
f 438 440 439
f 188 450 449
f 452 454 453
f 265 181 421
f 224 64 225
f 237 213 427
f 275 128 458
f 281 460 459
f 50 79 461
f 73 282 281
f 468 466 465
f 390 352 359
f 482 484 483
f 489 487 486
f 493 495 494
f 472 470 469
f 502 500 499
f 220 222 223
f 512 143 66
f 518 511 80
f 513 230 286
f 205 31 244
f 189 451 188
f 163 532 8
f 533 225 251
f 446 447 412
f 335 540 334
f 544 546 545
f 329 291 292
f 199 262 238
f 385 416 550
f 532 191 247
f 363 118 243
f 236 237 250
f 578 580 579
f 573 571 570
f 561 562 272
f 241 259 240
f 590 592 591
f 545 595 594
f 503 155 504
f 606 624 623
f 478 480 479
f 646 648 647
f 590 689 684
f 564 651 650
f 728 184 727
f 714 716 715
f 692 575 693
f 541 581 578
f 346 248 400
f 161 230 160
f 128 94 95
f 698 704 703
f 574 576 575
f 290 401 328
f 630 725 726
f 733 735 734
f 755 496 493
f 759 481 760
f 757 762 761
f 764 466 467
f 768 3808 3809
f 759 488 489
f 492 475 771
f 474 769 473
f 773 465 772
f 771 486 483
f 484 775 491
f 774 489 486
f 495 764 756
f 495 761 494
f 137 784 136
f 325 797 547
f 165 51 52
f 369 29 370
f 730 568 569
f 90 301 89
f 243 516 242
f 800 806 805
f 817 808 816
f 816 823 822
f 306 447 807
f 815 809 808
f 829 828 825
f 726 501 502
f 274 424 423
f 879 881 880
f 884 879 885
f 219 217 211
f 906 904 897
f 455 205 542
f 898 830 829
f 903 880 881
f 906 897 898
f 377 519 165
f 923 948 946
f 946 951 950
f 3519 739 3517
f 900 886 880
f 225 65 144
f 182 442 422
f 809 947 824
f 954 962 961
f 927 965 966
f 885 880 886
f 925 966 967
f 343 341 340
f 965 971 968
f 968 970 969
f 972 969 973
f 963 981 978
f 336 338 339
f 992 827 828
f 810 996 959
f 1007 1002 1008
f 1012 827 1009
f 1011 1007 1008
f 294 292 291
f 907 920 919
f 1017 1019 1018
f 1020 1022 1021
f 1035 1020 1044
f 1061 1047 1046
f 1063 1046 1062
f 1044 1021 1045
f 1102 1097 1109
f 1116 1118 1117
f 1016 1014 1013
f 881 904 903
f 816 1127 817
f 1094 949 1097
f 514 167 515
f 146 81 82
f 1133 1130 1129
f 1102 1126 822
f 822 1116 816
f 1145 1148 1136
f 1076 1151 1069
f 1148 1086 1087
f 1109 1114 1136
f 1154 1156 1155
f 1153 967 1156
f 3464 463 3714
f 1144 1152 1151
f 1156 1163 1162
f 1164 1169 1165
f 1145 1176 1147
f 1114 1154 1171
f 1183 1164 1177
f 1184 1177 1185
f 1069 1062 1064
f 1023 1194 1022
f 1162 1170 1169
f 1195 1185 1191
f 1183 1176 1155
f 1201 1152 1196
f 1061 1201 1202
f 3825 843 3836
f 1203 1195 1034
f 1202 1184 1195
f 1218 1203 1217
f 1060 1202 1203
f 1225 1217 1219
f 671 694 670
f 1219 1024 1035
f 1217 1034 1024
f 1226 1015 1227
f 1243 1234 1233
f 1231 1229 1228
f 847 1233 843
f 843 1244 878
f 1233 1245 1244
f 1923 233 216
f 2100 499 500
f 3914 2135 3900
f 61 323 505
f 210 217 457
f 1299 1309 1300
f 3863 1231 3862
f 1066 1321 1322
f 1322 1228 1229
f 1060 1321 1047
f 1325 1323 1310
f 1244 1332 1330
f 1290 1242 1288
f 1337 1339 1338
f 1330 1340 1339
f 1341 1245 1294
f 1342 1332 1341
f 1343 1341 1344
f 1344 1294 1293
f 3857 1345 1346
f 1347 1342 1343
f 3856 1295 1345
f 1349 1348 1347
f 3861 1347 3853
f 3853 1343 3857
f 906 829 1353
f 905 1353 1354
f 865 1355 1357
f 1355 829 825
f 1357 825 826
f 1356 1353 1355
f 3834 1338 3833
f 866 1356 865
f 1358 1354 1356
f 3828 1337 3834
f 838 1012 841
f 1363 1338 1339
f 1368 1339 1340
f 1348 1340 1342
f 1371 3824 3829
f 524 526 523
f 528 530 527
f 1372 1369 1371
f 535 537 538
f 1367 1348 1350
f 1370 1359 1369
f 1369 3833 3824
f 1373 903 904
f 555 557 558
f 1374 910 1373
f 1373 905 1375
f 1374 1375 1376
f 1375 1354 1370
f 1378 908 1377
f 376 651 1387
f 1388 973 969
f 586 588 585
f 1390 1388 1391
f 1391 969 970
f 597 599 596
f 600 602 603
f 1392 970 979
f 608 610 607
f 612 523 611
f 614 616 613
f 617 25 24
f 620 622 619
f 1397 1391 1392
f 1398 1392 1399
f 1400 920 1378
f 1402 1165 1169
f 636 638 635
f 930 1402 929
f 641 643 644
f 929 1169 1170
f 1404 1403 1402
f 1411 1365 1406
f 1412 1415 1414
f 652 654 655
f 609 657 658
f 659 661 662
f 558 586 585
f 665 667 664
f 1413 1406 1412
f 1418 3810 3813
f 1417 1371 1416
f 1416 3829 3810
f 1419 1416 1418
f 1386 1374 1420
f 677 679 676
f 1385 1420 1421
f 1420 1376 1422
f 685 687 688
f 1421 1422 1423
f 528 691 658
f 1422 1372 1417
f 1018 747 1425
f 699 701 702
f 1424 579 1017
f 3663 1767 3660
f 700 711 712
f 1093 3754 1571
f 717 530 719
f 721 723 720
f 704 3543 3554
f 19 1426 1430
f 1429 1427 1426
f 1658 3542 3544
f 1439 1434 1438
f 1437 1435 1434
f 1426 1433 1432
f 1442 1432 1440
f 742 744 745
f 1432 1441 1440
f 751 753 750
f 1438 1403 1405
f 1446 1444 1443
f 1447 1446 1443
f 3860 1443 3848
f 1415 1445 1446
f 1414 1446 1448
f 2173 469 470
f 777 779 686
f 780 782 783
f 1676 1806 1675
f 3859 1349 3861
f 789 791 788
f 745 793 742
f 652 795 653
f 1455 1457 1456
f 1454 1350 1452
f 610 802 801
f 3831 698 703
f 1352 1045 1351
f 1015 1459 1460
f 811 813 814
f 2118 3817 2117
f 819 821 818
f 1466 1194 1190
f 1467 1465 1466
f 1182 1468 1467
f 832 833 831
f 835 837 834
f 1467 1190 1182
f 1469 1444 1445
f 840 712 690
f 1453 1469 1454
f 599 845 846
f 1226 3849 3855
f 851 853 850
f 855 856 854
f 858 860 857
f 861 863 864
f 1014 3855 3858
f 867 868 869
f 870 872 873
f 874 876 877
f 1310 1471 1309
f 1476 1427 1475
f 1461 1475 1460
f 887 889 890
f 788 892 891
f 894 896 893
f 1460 1227 1015
f 901 524 612
f 1465 1477 1464
f 1865 3500 1864
f 911 913 914
f 916 918 915
f 1850 3507 1851
f 921 895 894
f 1479 1436 1478
f 926 667 601
f 1481 563 1480
f 269 84 1482
f 931 933 916
f 934 614 869
f 936 688 937
f 938 662 939
f 1484 122 123
f 941 835 834
f 320 509 510
f 1849 3505 1850
f 84 1484 83
f 1487 1488 539
f 1757 3502 3509
f 365 1491 364
f 461 80 511
f 117 362 1496
f 1494 541 1495
f 926 957 958
f 1477 1433 1476
f 1709 1585 1700
f 119 1496 345
f 271 504 156
f 511 189 186
f 345 1492 365
f 255 344 254
f 57 299 132
f 1501 268 1500
f 267 1499 145
f 974 976 977
f 1678 1693 1676
f 3846 1807 3840
f 557 663 558
f 983 984 985
f 1443 3849 3848
f 421 268 265
f 989 991 988
f 1490 418 1504
f 279 309 310
f 997 676 679
f 998 999 875
f 1504 38 1505
f 1506 1507 1486
f 360 1508 1506
f 1506 207 360
f 939 1006 938
f 270 1483 269
f 66 546 512
f 1010 793 935
f 367 437 1509
f 244 363 243
f 1670 3534 1669
f 209 1510 226
f 235 1512 1511
f 1511 234 235
f 388 426 425
f 427 250 237
f 161 521 231
f 100 45 44
f 1025 608 1027
f 1029 1031 1028
f 939 1033 1032
f 41 594 99
f 1036 783 1037
f 702 1038 1039
f 1040 1042 1043
f 362 369 1493
f 187 477 186
f 70 539 198
f 1511 1521 234
f 1049 603 1048
f 613 869 614
f 860 1051 857
f 1005 1053 1006
f 753 1056 1054
f 1057 1059 1055
f 293 1522 292
f 288 1521 1522
f 292 1523 329
f 331 1508 1524
f 306 453 305
f 100 41 99
f 462 78 79
f 330 1524 462
f 635 1068 636
f 1485 1526 1528
f 206 1528 1510
f 1070 1072 831
f 942 1073 1074
f 916 1075 917
f 440 1530 439
f 157 1514 285
f 1529 5 1530
f 371 546 63
f 790 663 791
f 1077 857 1078
f 1403 1435 1165
f 1080 1082 1079
f 531 1529 440
f 21 1084 1085
f 272 1531 561
f 137 396 397
f 690 802 691
f 335 3567 581
f 1090 1029 1091
f 1092 794 1042
f 1533 137 138
f 661 1095 1096
f 69 445 72
f 1099 1101 1098
f 38 1536 1505
f 1104 1106 1103
f 852 1108 853
f 1377 909 1386
f 291 411 294
f 316 516 33
f 539 1533 534
f 1505 316 313
f 1110 1112 1113
f 1539 460 264
f 522 1537 1539
f 834 1120 1119
f 1122 1124 1121
f 612 1041 901
f 935 615 614
f 276 130 131
f 1686 3522 1685
f 193 1541 273
f 231 1540 287
f 556 982 557
f 365 85 345
f 190 318 1541
f 1810 3574 3528
f 3924 3512 3791
f 1132 985 1131
f 208 102 132
f 1134 662 661
f 1491 80 77
f 429 1542 147
f 1137 915 918
f 172 428 174
f 1139 1141 1142
f 549 54 55
f 1517 1518 296
f 976 1146 938
f 834 984 941
f 1543 286 115
f 1544 239 513
f 133 1544 1542
f 506 257 258
f 420 328 401
f 1158 1160 1157
f 587 1103 588
f 1513 1514 151
f 607 1027 608
f 304 1545 303
f 364 77 506
f 69 198 139
f 1006 976 938
f 700 1112 701
f 3877 3525 3787
f 1166 657 656
f 1167 858 1077
f 1300 3524 1299
f 1172 1174 1175
f 218 200 217
f 1179 1181 1178
f 372 97 98
f 89 227 88
f 1186 1188 1189
f 172 1517 1549
f 1482 81 1498
f 1090 1193 1030
f 394 353 1551
f 526 1198 1197
f 811 858 812
f 1199 1026 1025
f 606 697 696
f 1204 1206 743
f 1207 523 526
f 1209 867 613
f 914 685 936
f 1478 1441 1477
f 1029 1161 1091
f 1211 1213 1214
f 3858 1451 3859
f 844 1216 845
f 423 273 274
f 1220 1222 1083
f 22 1224 23
f 882 897 881
f 1519 173 387
f 1189 1232 1178
f 349 550 416
f 1071 1236 1072
f 1237 1239 745
f 1221 1189 1240
f 1510 1512 333
f 939 1241 1005
f 1556 5 67
f 1553 394 1551
f 404 67 347
f 1247 1249 1246
f 142 238 92
f 1251 635 1250
f 850 1253 851
f 1254 1077 1255
f 57 133 429
f 443 552 551
f 1187 1175 1188
f 1256 831 833
f 432 382 383
f 741 747 746
f 434 351 415
f 349 383 348
f 251 1481 1480
f 395 352 353
f 1518 1550 1551
f 1558 378 340
f 109 314 315
f 285 1513 407
f 395 393 392
f 202 410 1558
f 417 405 432
f 1246 1258 1247
f 3 297 2
f 1259 1261 1262
f 403 347 284
f 955 953 952
f 462 51 330
f 1096 687 1263
f 429 60 57
f 896 1265 932
f 1267 1268 1266
f 423 327 420
f 37 180 40
f 20 1187 1186
f 1256 1071 1070
f 155 156 504
f 1188 1269 1232
f 1236 1271 1262
f 1272 535 621
f 565 463 464
f 1273 745 1239
f 876 1255 1274
f 316 164 315
f 437 503 1509
f 194 1495 197
f 1275 864 863
f 624 631 630
f 1277 1137 1278
f 569 567 566
f 1481 125 366
f 324 547 326
f 1279 1107 1280
f 1525 329 1523
f 1281 1137 918
f 171 1553 1552
f 1488 396 1533
f 1557 1562 1559
f 1282 1206 1205
f 1053 1278 1281
f 778 607 1283
f 713 3566 3569
f 251 144 124
f 4 348 383
f 709 707 706
f 728 45 246
f 261 1563 544
f 789 1287 790
f 74 263 282
f 403 385 434
f 1178 1240 1189
f 1223 1289 1224
f 158 150 151
f 1220 1186 1221
f 296 354 433
f 784 1538 1566
f 1181 1291 1222
f 1269 1257 1246
f 1566 438 399
f 136 1566 1564
f 1563 169 1565
f 107 109 108
f 1297 1298 1296
f 1464 1476 1461
f 1520 507 508
f 1301 1303 1304
f 1306 1308 1305
f 175 1532 272
f 1532 200 201
f 1311 1312 1313
f 872 1315 1316
f 1317 1318 1319
f 3836 878 3828
f 1305 864 1276
f 1040 863 1320
f 1564 399 169
f 592 1575 591
f 591 1088 689
f 1581 1583 1582
f 1196 1147 1176
f 710 583 713
f 285 408 386
f 953 961 963
f 1594 1589 1593
f 1585 1587 1586
f 1592 1590 1589
f 3885 944 3899
f 1600 1598 1597
f 1604 1602 1601
f 1399 979 980
f 1589 1596 1595
f 1610 1608 1607
f 298 361 360
f 551 276 277
f 1627 3814 3819
f 859 818 860
f 1078 1328 1329
f 1555 1530 1556
f 572 680 681
f 772 776 774
f 977 918 917
f 404 392 393
f 1054 750 753
f 1644 1643 1642
f 932 1082 933
f 1067 1334 1068
f 1540 264 114
f 597 643 1336
f 471 762 470
f 1642 3831 3842
f 1644 3842 3843
f 923 950 927
f 96 548 95
f 520 522 521
f 445 443 442
f 849 848 842
f 480 755 493
f 1646 481 1639
f 311 1567 170
f 464 3497 3495
f 3497 1361 3495
f 234 236 235
f 190 192 191
f 153 152 149
f 231 286 230
f 1552 1551 1550
f 760 1648 488
f 3832 1649 3830
f 828 826 825
f 52 166 165
f 1663 1661 1660
f 287 115 286
f 668 670 669
f 634 640 639
f 553 559 554
f 118 33 516
f 492 491 490
f 3552 1651 3553
f 582 584 583
f 384 392 415
f 1381 1383 1380
f 1562 435 436
f 952 951 947
f 3529 583 584
f 1660 1667 1666
f 1394 1396 1393
f 1660 1664 1663
f 1671 1669 1668
f 1624 1673 1672
f 1407 1409 1410
f 1677 1675 1674
f 1613 1677 1625
f 1679 1676 1677
f 1626 3811 3814
f 534 198 539
f 176 150 159
f 803 734 800
f 400 191 192
f 65 143 144
f 3526 1656 3540
f 402 157 283
f 629 627 626
f 461 49 50
f 758 495 756
f 796 786 785
f 406 1513 1560
f 342 166 167
f 1694 1658 1695
f 1692 1694 1696
f 3557 1652 3552
f 3921 1703 3923
f 326 302 90
f 3916 1702 1706
f 3919 1698 1701
f 1699 3927 3918
f 1557 1560 1561
f 1127 1117 1128
f 400 289 346
f 1706 1707 1708
f 1707 1599 1600
f 1709 1708 1588
f 1714 1711 1713
f 3919 1709 1700
f 1704 1577 1703
f 1716 1713 1715
f 1559 1549 297
f 1722 1720 1719
f 1335 596 1489
f 410 377 378
f 973 1163 972
f 168 399 398
f 1571 1089 1093
f 1572 682 1571
f 749 647 754
f 1730 1723 1729
f 1594 1729 1592
f 1729 1591 1592
f 1731 1730 1583
f 1384 1377 1379
f 1732 1712 1714
f 1724 1731 1732
f 1712 1731 1580
f 1722 1732 1733
f 1721 1733 1734
f 1734 1716 1717
f 1735 1736 1697
f 1733 1714 1716
f 1663 1741 1668
f 1742 1740 1743
f 1738 1737 1735
f 1665 1666 1740
f 1665 1744 1664
f 1725 1746 1745
f 1591 1745 1590
f 1590 1747 1596
f 1745 1748 1747
f 1659 3538 3542
f 3287 3545 3282
f 1185 1182 1190
f 1664 1749 1741
f 1741 1739 1738
f 1746 1743 1748
f 1726 1742 1746
f 1153 924 925
f 1115 1153 1154
f 1654 3575 1655
f 1896 3549 1686
f 1720 1744 1726
f 1721 1749 1720
f 1750 1701 1698
f 1697 1750 1696
f 1151 1063 1062
f 1751 1670 1671
f 1695 1752 1751
f 961 986 981
f 1770 1768 1767
f 1766 1593 1765
f 1731 1579 1580
f 1579 1774 1578
f 3928 1771 3929
f 1764 3928 3917
f 1777 1775 1774
f 3762 1699 1700
f 1004 1128 1003
f 1774 1771 1772
f 987 1399 980
f 1578 1772 1764
f 1783 1781 1778
f 1597 1770 1767
f 639 3895 3884
f 3928 1769 1770
f 1793 1789 1788
f 3929 1798 1769
f 3508 3773 1806
f 1802 3924 3922
f 1788 1794 1793
f 1793 1795 1776
f 3773 1675 1806
f 1584 1783 1789
f 1771 3920 3929
f 1801 1798 1800
f 1768 1798 1799
f 1775 1797 1771
f 508 515 1520
f 1796 1802 1797
f 1800 3920 3922
f 1794 1804 1795
f 3532 1752 3547
f 485 1807 775
f 3809 1640 768
f 3837 1810 1653
f 485 1640 1808
f 1690 3770 3772
f 487 1648 1811
f 3839 1816 3822
f 3838 1648 3830
f 3839 1811 3838
f 1812 487 1811
f 1641 767 768
f 465 755 776
f 767 3823 3808
f 3822 3826 3847
f 1809 1815 767
f 3837 1651 3840
f 675 3541 3496
f 1814 1822 1821
f 1821 3821 3820
f 1824 1649 1825
f 1827 1850 1805
f 1668 1662 1663
f 1779 1848 1828
f 1790 1805 1794
f 1833 1853 1852
f 3521 693 575
f 1614 1616 1617
f 1852 3498 3501
f 1620 1622 1623
f 1855 1574 1861
f 1847 3501 3513
f 1766 1855 1782
f 1629 1631 1628
f 1633 1634 1632
f 1635 1637 1638
f 1848 1852 1847
f 1855 1863 1862
f 1803 1867 1802
f 1862 1831 1832
f 1782 1862 1781
f 3922 1865 1800
f 1873 1870 1869
f 1874 799 804
f 2045 3897 2044
f 1219 1295 1225
f 1615 1396 1395
f 3884 1877 1876
f 645 3786 3559
f 1345 1035 1346
f 634 3884 3880
f 15 1327 14
f 3910 1878 1893
f 1894 605 1893
f 3506 627 693
f 3560 645 3559
f 340 454 1558
f 1897 195 1898
f 1889 1877 1890
f 1901 129 1900
f 196 754 232
f 1705 3921 3916
f 340 166 343
f 1570 563 561
f 1904 194 1897
f 1781 1832 1780
f 1905 55 1906
f 1000 995 996
f 986 920 987
f 1191 1190 1194
f 2094 2075 2093
f 1920 1919 1915
f 453 1912 1911
f 1915 1918 1916
f 3882 2106 3901
f 1655 3531 1868
f 1916 1926 1925
f 704 3561 703
f 278 1925 1900
f 3565 1818 1820
f 1097 1115 1114
f 1927 727 1923
f 3578 3654 3758
f 1920 307 1929
f 1929 48 728
f 503 1497 1509
f 1902 787 796
f 1816 3820 3826
f 1925 1923 1924
f 1535 1568 1534
f 254 258 255
f 1509 366 367
f 119 35 36
f 219 293 294
f 141 47 431
f 542 244 245
f 1940 430 431
f 1779 1827 1790
f 1701 3915 3919
f 1661 3515 1667
f 270 754 647
f 197 749 196
f 1727 1212 1211
f 53 232 754
f 1465 1479 1478
f 1284 3854 1293
f 1951 412 413
f 168 1554 1553
f 1486 206 207
f 506 78 361
f 994 1007 993
f 951 963 964
f 1013 3861 1351
f 3826 1820 1818
f 1498 1954 1482
f 299 543 132
f 1754 1756 1753
f 1681 1683 1682
f 1696 1695 1697
f 13 738 737
f 473 475 474
f 482 768 1640
f 204 30 205
f 1761 820 819
f 611 1125 612
f 1501 1908 1909
f 1074 711 699
f 1960 82 83
f 120 1960 123
f 35 87 34
f 1773 1025 1031
f 1965 1569 1535
f 494 471 479
f 1966 1969 1968
f 446 1971 1967
f 174 125 126
f 1580 1578 1577
f 1785 1787 1784
f 1972 304 305
f 1254 875 999
f 1973 342 514
f 321 1973 509
f 1910 275 1907
f 509 514 508
f 1486 1527 1485
f 1974 804 1975
f 1977 1974 1978
f 1980 1966 1981
f 379 2 295
f 1718 1710 1701
f 884 992 883
f 1680 1678 1679
f 902 525 524
f 344 256 299
f 135 137 136
f 236 228 333
f 448 1967 1966
f 589 604 584
f 910 908 907
f 1981 1968 1987
f 1982 1987 1979
f 1988 1987 1989
f 1990 1989 1991
f 1991 1993 1992
f 322 320 319
f 992 830 883
f 1144 1086 1143
f 1995 1978 1994
f 1133 1118 1126
f 1997 1994 1996
f 870 1335 1489
f 805 1982 1998
f 727 2000 1999
f 1996 1988 1990
f 1994 1979 1988
f 1829 792 1273
f 1830 941 983
f 798 800 799
f 729 731 730
f 2011 2023 2022
f 1834 846 1159
f 402 284 347
f 2022 2024 2025
f 1838 989 988
f 810 952 809
f 1823 1840 644
f 1430 1432 1431
f 1215 1841 1079
f 149 176 177
f 1316 873 872
f 2112 1384 2106
f 1842 1844 1845
f 1159 845 1160
f 837 1846 1120
f 1971 2030 2027
f 517 370 189
f 858 833 812
f 1471 2027 1888
f 3551 626 627
f 2174 770 490
f 935 1854 1010
f 1613 1611 1618
f 1231 1225 1295
f 1856 891 892
f 1300 748 741
f 1150 1858 1859
f 1643 696 1642
f 1215 1264 1216
f 1320 902 901
f 1956 1944 1960
f 2031 669 1474
f 2034 1310 1299
f 1879 1656 1657
f 40 242 39
f 1992 2039 1456
f 888 957 889
f 1882 1996 1990
f 1078 1255 1077
f 1871 1192 1090
f 294 218 219
f 1323 2026 1471
f 123 83 1484
f 1324 2041 1323
f 384 359 352
f 1324 2038 2036
f 1883 1885 1829
f 287 114 107
f 1096 1134 661
f 915 931 916
f 806 1981 1982
f 3533 584 604
f 1425 2042 1018
f 1018 1948 1017
f 3562 740 3519
f 1948 649 646
f 1881 1990 1991
f 1900 130 278
f 992 994 993
f 923 925 924
f 3878 2047 3876
f 1643 625 606
f 2050 2051 2049
f 2045 1404 2047
f 3876 945 3885
f 1139 1079 1841
f 1037 892 982
f 2055 2057 2056
f 1198 718 717
f 1619 1612 1611
f 2058 1606 2059
f 2059 1607 2058
f 2058 1624 1605
f 71 179 37
f 405 1557 382
f 976 1006 977
f 322 1972 1911
f 2061 2063 2062
f 2066 2067 1825
f 2052 2064 2051
f 1609 2066 1647
f 1515 152 1516
f 1009 993 1007
f 1644 3815 2118
f 279 1916 278
f 1285 3862 1284
f 1647 1825 1649
f 2056 2067 2065
f 319 1953 1952
f 667 1913 1914
f 2070 625 2048
f 2052 2055 2063
f 2038 1655 1458
f 1606 2073 2072
f 1235 1270 1236
f 2072 2075 2074
f 2059 2072 2062
f 2074 2077 2076
f 1601 2078 2073
f 2049 1643 1645
f 1000 1001 994
f 1089 684 689
f 1931 1306 1930
f 1462 1021 1022
f 1932 1934 1935
f 875 1846 998
f 1936 1937 1938
f 44 46 92
f 1534 1956 120
f 1541 317 391
f 2081 2084 2083
f 146 1959 300
f 1360 1942 1361
f 985 1032 1033
f 1995 1892 2043
f 2079 2082 2081
f 2095 2076 2077
f 2081 2078 2079
f 2055 2054 2053
f 501 2095 500
f 2097 2099 2098
f 2098 2094 2083
f 2140 3893 3866
f 2141 3894 3893
f 2051 2048 2049
f 592 2101 1576
f 2071 2076 2096
f 2102 2098 2101
f 593 2102 592
f 1019 746 747
f 1950 12 1327
f 725 2096 501
f 1385 2104 1379
f 1379 2106 1384
f 2107 2100 2097
f 3908 502 3896
f 3896 499 3901
f 940 2109 944
f 928 1170 973
f 3868 684 3899
f 1962 1964 1961
f 3878 573 3897
f 2039 1968 1969
f 1389 2110 2109
f 1398 2113 1397
f 3757 3753 3743
f 3911 2107 2103
f 949 924 1115
f 260 324 326
f 1390 2113 2110
f 2070 2064 2071
f 3867 2103 593
f 2105 1421 2114
f 2114 1423 2115
f 3892 2115 3903
f 3908 2114 3892
f 554 1902 553
f 972 967 966
f 1765 1573 1574
f 1984 1986 1983
f 2053 2069 2057
f 3573 724 714
f 1625 1674 1673
f 3881 2119 2122
f 3903 2123 3904
f 56 1906 55
f 626 3879 629
f 2001 2003 2004
f 3912 2127 3907
f 2006 2008 2009
f 2127 1412 2128
f 2014 2016 2017
f 2018 2020 2021
f 1495 1947 197
f 1379 1386 1385
f 3814 1680 1618
f 2029 1884 2028
f 3902 2120 3887
f 629 3914 3872
f 682 943 1089
f 724 2121 716
f 1757 3821 3845
f 765 3844 3809
f 3851 715 3852
f 706 3870 3872
f 981 987 980
f 1457 1656 1880
f 2017 2032 2033
f 1458 1868 1457
f 1776 1792 1793
f 1959 1946 1958
f 3663 3725 3661
f 3913 2122 3850
f 1093 689 1088
f 966 968 972
f 3852 3881 3913
f 2172 2170 2171
f 670 2137 669
f 3761 1903 233
f 1429 28 1449
f 964 978 971
f 3841 1413 2127
f 1473 669 2137
f 3834 1359 1358
f 2138 1870 2137
f 1872 2137 1870
f 715 3888 3881
f 1881 1992 1880
f 3843 739 740
f 1837 3513 3514
f 253 59 85
f 1808 3840 1807
f 1647 3818 1609
f 3865 671 668
f 2112 3883 2111
f 1405 2044 1438
f 3829 1364 1366
f 273 391 249
f 576 3520 3555
f 3875 668 2031
f 1430 2140 2139
f 2136 3860 28
f 1430 18 19
f 3893 570 695
f 1442 2046 2141
f 1431 2141 2140
f 3869 3850 2136
f 3808 1817 766
f 3866 695 671
f 2142 798 2138
f 571 2142 694
f 3819 1618 1611
f 2143 2025 2142
f 694 2138 670
f 681 2144 572
f 2144 2022 2143
f 328 457 290
f 1572 2011 2144
f 630 3903 624
f 2085 2087 2088
f 2090 2092 2089
f 572 2143 571
f 1875 2153 2149
f 1873 2149 2154
f 2103 2097 2102
f 2157 2155 2156
f 2128 1414 2120
f 3874 589 582
f 3872 628 629
f 2149 2158 2159
f 2159 3905 3890
f 698 3902 705
f 3823 3827 1817
f 2158 3874 3905
f 1438 2046 1439
f 2035 2160 2161
f 2161 3889 3886
f 3871 605 589
f 3873 18 3875
f 370 61 451
f 649 413 648
f 2153 2156 2158
f 1428 1449 1450
f 1490 73 1488
f 3890 710 633
f 2155 3891 3871
f 1456 1880 1992
f 2125 2087 2124
f 2160 3890 3889
f 300 505 323
f 1064 1046 1065
f 2043 1891 2155
f 2129 2004 2003
f 2131 2133 2134
f 3848 1450 1449
f 1998 804 805
f 3879 3864 3914
f 474 490 770
f 1164 1182 1177
f 707 3909 3870
f 708 2162 707
f 2162 3886 3909
f 548 1905 458
f 1145 1114 1171
f 705 1650 704
f 2043 1977 1995
f 737 554 559
f 1034 1191 1023
f 458 1907 275
f 195 232 233
f 2040 1969 1970
f 2145 2147 2148
f 2054 2049 1645
f 3832 1639 3818
f 9 11 10
f 252 506 258
f 472 479 471
f 1865 3791 3503
f 900 910 907
f 1941 2151 1942
f 1921 1927 1919
f 2163 1898 2116
f 271 153 178
f 1904 12 9
f 282 264 460
f 1872 2154 2035
f 1326 1897 2163
f 628 693 627
f 1724 1719 1723
f 1549 436 172
f 1582 1730 1729
f 1921 1929 1928
f 3563 10 11
f 2152 1950 1949
f 475 774 771
f 769 2171 473
f 2171 476 473
f 476 772 475
f 1791 464 1760
f 2166 2168 2169
f 595 372 98
f 483 1641 482
f 762 2173 470
f 771 484 492
f 486 1809 483
f 297 1517 296
f 763 2174 762
f 776 759 489
f 184 2176 2000
f 412 303 414
f 2005 185 224
f 3811 1682 3846
f 2164 756 764
f 1472 2161 2162
f 950 964 965
f 2177 2179 2180
f 227 1510 333
f 764 467 2164
f 2182 2184 2181
f 2186 2018 2185
f 1985 2181 1986
f 214 729 1531
f 1545 1546 1569
f 865 842 866
f 849 1357 1362
f 452 1558 454
f 559 3188 737
f 16 737 3188
f 560 498 374
f 3193 3195 3194
f 3200 3198 3199
f 3211 3213 3212
f 3215 3217 3216
f 2187 2002 2001
f 2169 2189 2190
f 2192 2085 2191
f 2193 2195 2196
f 2198 2200 2197
f 1998 1979 1975
f 3664 3668 3671
f 2116 1903 1902
f 1859 2009 1150
f 3904 2126 3906
f 1135 1087 1130
f 2201 2015 2014
f 1149 110 1858
f 3221 3218 3215
f 2203 2205 2206
f 579 1895 1019
f 1755 2208 1756
f 3891 1893 605
f 1211 2150 1727
f 868 2210 2209
f 944 930 940
f 2130 2202 2201
f 233 1898 195
f 665 750 666
f 1167 999 618
f 2211 2213 2214
f 2215 2217 2218
f 3867 590 3868
f 2220 220 2219
f 823 948 1094
f 3225 3227 3226
f 266 455 265
f 3882 2107 3883
f 2221 3519 3517
f 2223 2225 2226
f 2207 2124 2208
f 673 3869 3864
f 817 996 815
f 2227 2146 2145
f 1947 646 749
f 3900 17 3873
f 2229 1638 1381
f 1679 1618 1680
f 1637 2232 2230
f 2233 1617 1616
f 2231 2236 2237
f 1381 2238 1382
f 3586 2242 3587
f 1630 2233 1631
f 1681 472 469
f 1408 2243 2244
f 3236 3238 3237
f 3232 3240 3235
f 1637 2238 1638
f 3237 3233 3234
f 1409 1634 2245
f 1380 2247 2246
f 1628 2245 1621
f 2249 1622 1633
f 1632 1408 2244
f 2248 1631 2250
f 2235 1637 1636
f 3245 3199 3198
f 631 2071 725
f 515 52 49
f 782 2251 1251
f 2253 2255 2252
f 397 459 784
f 1456 2040 1455
f 2040 2036 1455
f 1401 2111 1398
f 2041 1970 2026
f 1535 414 1965
f 1586 2080 2079
f 2256 1132 1886
f 1700 3918 3919
f 3815 1686 3817
f 1263 1886 1096
f 598 844 599
f 2257 2259 2260
f 2258 2262 2259
f 2259 2263 2216
f 2260 2216 2215
f 1967 1970 1969
f 2212 1963 2213
f 922 2218 2217
f 1312 1101 2264
f 1307 1286 789
f 1548 1546 1972
f 2266 2268 2265
f 2265 2270 2269
f 2272 2269 2271
f 2273 2265 2272
f 2275 2277 2274
f 2278 2277 2279
f 2284 3617 3639
f 2287 2286 2281
f 2288 2283 2287
f 2290 3639 3620
f 2291 2293 2294
f 2295 2294 2279
f 2296 2291 2295
f 2297 2292 2291
f 2294 2299 2300
f 2279 2300 2278
f 2298 2302 2292
f 2292 2303 2293
f 2293 2304 2299
f 2304 2306 2299
f 2306 2300 2299
f 2308 2310 2307
f 2302 2310 2303
f 2301 2307 2302
f 2312 2307 2311
f 2313 2315 2316
f 2318 2320 2317
f 3748 2322 2323
f 2324 2273 2326
f 2313 2326 2327
f 2328 2313 2316
f 2329 2324 2328
f 2331 2333 2330
f 2330 2267 2266
f 2325 2266 2273
f 2329 2330 2325
f 2333 2335 2267
f 2336 2333 2332
f 2338 2332 2337
f 2331 2337 2332
f 2329 2339 2331
f 2328 2340 2329
f 2316 2341 2328
f 2342 2315 2343
f 2344 2346 2347
f 2341 2347 2340
f 2342 2344 2341
f 2348 2345 2344
f 2350 2352 2353
f 2339 2353 2337
f 2340 2350 2339
f 2347 2351 2350
f 2337 2354 2338
f 2353 2355 2354
f 2356 2276 2357
f 2356 2358 2359
f 2356 2296 2295
f 2279 2356 2295
f 2360 2270 2268
f 2267 2360 2268
f 2362 2364 2365
f 2362 2361 2358
f 2366 2358 2357
f 2366 2363 2362
f 2357 2368 2366
f 2366 2369 2367
f 2276 2370 2368
f 2368 2282 2369
f 2372 2374 2371
f 2375 2377 2007
f 2378 2380 2381
f 2382 2381 2383
f 2384 2378 2382
f 2385 2379 2378
f 2388 2390 2387
f 2387 2392 2391
f 2393 2387 2391
f 2394 2388 2387
f 2186 2402 2400
f 2403 2327 2326
f 2272 2326 2273
f 2271 2403 2272
f 2405 2404 2403
f 2404 2408 2327
f 2409 2411 2412
f 2409 2271 2269
f 2413 2269 2270
f 2413 2410 2409
f 2417 2416 2418
f 2417 2406 2405
f 2412 2405 2271
f 2411 2417 2412
f 2406 2407 2404
f 3569 632 713
f 2420 2397 2421
f 2420 2423 2422
f 2424 2422 2419
f 2424 2398 2420
f 2425 2392 2426
f 2421 2426 2423
f 2397 2425 2421
f 2396 2391 2425
f 2427 2315 2314
f 2427 2408 2428
f 2430 2428 2429
f 2343 2427 2430
f 2432 2430 2431
f 2431 2429 2433
f 2435 2433 2434
f 2436 2431 2435
f 2428 2407 2437
f 2422 2407 2419
f 2438 2422 2423
f 2429 2437 2438
f 2440 2433 2439
f 2441 2433 2429
f 2442 2439 2441
f 2443 2440 2439
f 2445 2444 2443
f 2447 2443 2442
f 2383 2445 2447
f 2381 2446 2445
f 2448 2423 2426
f 2449 2426 2392
f 2441 2449 2442
f 2441 2438 2448
f 2449 2390 2450
f 2450 2389 2451
f 2447 2451 2383
f 2442 2450 2447
f 2451 2453 2452
f 2452 2455 2454
f 2382 2454 2384
f 2383 2452 2382
f 2456 2373 2372
f 2459 2461 2458
f 2463 2465 2462
f 2462 2285 2284
f 2466 2284 2290
f 2467 2462 2466
f 2461 3703 3701
f 2468 2470 2471
f 2472 2471 2473
f 2474 3701 3688
f 2475 2477 2478
f 2458 2453 2479
f 2479 2389 2388
f 2395 2479 2388
f 2480 2458 2479
f 2481 2483 2478
f 2484 2485 221
f 2471 2464 2463
f 2473 2463 2467
f 2487 2466 2486
f 2486 2290 2488
f 2490 2488 2489
f 2491 2486 2490
f 2492 2467 2487
f 2493 2487 2491
f 2494 2492 2493
f 2495 2473 2492
f 3690 2474 3688
f 3691 2496 3690
f 2498 2493 2499
f 2500 2499 2501
f 3700 2498 2500
f 3687 2494 2498
f 2306 2278 2300
f 2305 2504 2306
f 2504 2507 2506
f 2506 2288 2508
f 2274 2508 2275
f 2278 2506 2274
f 3633 2489 2488
f 3620 2488 2290
f 2507 2289 2288
f 2505 2509 2507
f 2508 2287 2511
f 2511 2281 2280
f 2370 2280 2282
f 2275 2511 2370
f 2512 2489 2513
f 2514 2513 2515
f 2517 2514 2516
f 2517 2490 2512
f 2499 2491 2517
f 2499 2516 2501
f 2510 2519 2518
f 2518 2521 2520
f 3616 2520 3621
f 3632 2518 3616
f 2522 2303 2310
f 2523 2310 2309
f 2305 2522 2524
f 2524 2523 2525
f 2519 2525 2521
f 2505 2524 2519
f 2308 2527 2526
f 2526 2529 2528
f 2531 2528 2530
f 2309 2526 2531
f 1214 2151 1211
f 2419 2418 2424
f 2533 2349 2317
f 2534 2317 2320
f 2535 2533 2534
f 2536 2345 2533
f 2537 2346 2536
f 2538 2536 2535
f 2539 2537 2538
f 2540 2351 2537
f 2312 2541 2527
f 2527 2542 2529
f 2543 2434 2544
f 2545 2544 2546
f 2319 2543 2545
f 2318 2435 2543
f 2514 2548 2547
f 2547 2550 2549
f 2552 2549 2551
f 2552 2514 2547
f 2520 2554 2553
f 2553 2556 2555
f 3590 2555 3593
f 3621 2553 3590
f 2523 2531 2557
f 2557 2530 2558
f 2525 2557 2559
f 2559 2558 2560
f 2554 2560 2556
f 2521 2559 2554
f 2561 2007 2006
f 2376 2225 2377
f 2564 2566 2563
f 2563 338 2567
f 2569 2567 2568
f 2570 2563 2569
f 2572 2574 2571
f 2571 2576 2575
f 2544 2575 2546
f 2544 2572 2571
f 2578 2569 2577
f 2579 2569 2568
f 2574 2579 2576
f 2573 2577 2574
f 2581 2583 2580
f 2584 2583 2585
f 3697 2580 2584
f 3676 2580 3675
f 2582 2552 2583
f 2583 2551 2585
f 2500 2589 2588
f 2590 2589 2591
f 3693 2588 2590
f 3695 2500 2588
f 2501 2591 2589
f 2592 2594 2595
f 2386 2503 2502
f 2596 2386 2374
f 2596 2373 2597
f 2599 2597 2598
f 2599 2379 2596
f 2600 2380 2599
f 2600 2598 2601
f 2603 2601 2602
f 2603 2446 2600
f 2604 2602 2605
f 2440 2605 2434
f 2444 2604 2440
f 2606 2581 2607
f 2606 2590 2591
f 2591 2582 2606
f 3676 2456 3689
f 3689 2372 3693
f 2478 2608 2481
f 2609 2611 2199
f 2564 2613 2612
f 2612 2598 2597
f 2457 2597 2373
f 2565 2612 2457
f 2614 2570 2578
f 2615 2578 2573
f 2602 2614 2615
f 2601 2613 2614
f 2572 2605 2616
f 2616 2602 2615
f 2573 2616 2615
f 1459 1045 1021
f 1265 1079 1082
f 1612 1609 1611
f 2067 2069 2068
f 1135 1136 1148
f 1938 2618 2617
f 95 458 128
f 2058 1608 1612
f 1454 1445 1367
f 655 1048 2619
f 722 2621 723
f 1131 1033 1134
f 562 366 1497
f 1723 1725 1591
f 1786 1122 1787
f 267 323 266
f 1325 1654 2038
f 1468 1435 1479
f 658 529 528
f 8 247 7
f 382 1559 3
f 788 1307 789
f 940 929 928
f 911 2623 912
f 2621 655 654
f 2624 2625 2626
f 998 27 26
f 635 2626 2625
f 2627 644 1840
f 2628 1840 2629
f 1200 2627 2628
f 1199 641 2627
f 1520 49 477
f 1452 1349 1451
f 2630 1859 1858
f 644 1335 1823
f 1197 717 2632
f 2632 719 1166
f 2628 1166 1200
f 2629 2632 2628
f 1762 1050 821
f 1823 873 1839
f 2634 794 652
f 1028 1027 1161
f 1042 2635 1043
f 93 1901 1924
f 2036 1458 1455
f 1527 1525 1526
f 877 1274 1277
f 134 797 1544
f 1328 931 1329
f 607 1091 1161
f 1043 2637 2636
f 2636 2639 2638
f 1275 2638 1276
f 1275 1043 2636
f 1272 2626 2640
f 2640 638 637
f 1110 2640 637
f 536 2640 2641
f 1472 1474 1473
f 2042 1951 649
f 1058 1105 1059
f 2642 2643 2644
f 1192 2644 1193
f 912 2642 1192
f 3898 3526 3786
f 1049 2620 2621
f 616 1885 613
f 1331 666 750
f 990 1198 525
f 1911 321 322
f 1298 1205 2645
f 76 1504 75
f 1502 421 422
f 610 658 691
f 1146 659 938
f 2646 914 936
f 1280 1238 1279
f 975 2647 2648
f 2647 975 974
f 1453 1452 1451
f 1514 158 151
f 835 1843 1842
f 1271 1173 1289
f 2649 813 2650
f 1893 1826 1894
f 1050 1937 1051
f 2651 814 813
f 1006 1281 977
f 2653 2654 2655
f 1001 1003 1002
f 585 679 558
f 2624 621 620
f 555 2028 556
f 1207 1197 2629
f 1626 478 472
f 426 419 1567
f 1030 1773 1031
f 3898 634 3880
f 534 138 262
f 1125 1042 1041
f 333 88 227
f 569 561 730
f 1489 871 870
f 1857 620 891
f 1673 3770 3763
f 622 864 1308
f 2647 974 2657
f 619 891 620
f 261 545 262
f 393 1556 404
f 2658 2647 2657
f 1075 2657 917
f 1081 2658 1075
f 1080 2659 2658
f 2644 1141 2660
f 2660 1140 1336
f 642 1336 643
f 1193 2660 642
f 679 555 558
f 1503 1500 1502
f 1318 1101 1100
f 2661 1139 1142
f 2661 2663 2662
f 2662 2659 2661
f 2662 2622 2664
f 2664 911 2646
f 2648 2646 1146
f 2648 2662 2664
f 2083 2093 2081
f 1442 1437 1439
f 519 330 51
f 1885 1209 613
f 799 805 804
f 1946 1952 1953
f 1302 1253 1252
f 566 224 533
f 1389 928 1388
f 683 681 680
f 836 1842 2665
f 2665 1845 1303
f 2666 1303 1302
f 24 2665 2666
f 831 2650 832
f 1845 1304 1303
f 2010 2012 2011
f 1051 2667 2668
f 1522 1511 1523
f 531 441 522
f 782 1251 1250
f 1250 2625 2669
f 2669 1857 1856
f 783 1856 1037
f 782 2669 783
f 720 2671 721
f 1055 1930 1056
f 1333 1251 2251
f 619 1308 1307
f 652 2619 2634
f 521 1539 1540
f 1838 537 2672
f 2672 536 2641
f 1113 2641 1110
f 1113 1838 2672
f 1016 1351 1045
f 3897 570 3894
f 226 104 101
f 3564 3827 1818
f 1036 1884 1883
f 2674 1304 2673
f 2673 1844 2675
f 1334 2675 1039
f 1333 2673 1334
f 2676 1039 2675
f 1843 2675 1844
f 942 2676 1843
f 1074 702 2676
f 811 859 858
f 752 1055 753
f 1200 656 1026
f 1120 874 2677
f 2677 877 1052
f 1241 1052 1005
f 1119 2677 1241
f 1560 151 1515
f 1208 611 523
f 215 736 214
f 1460 1462 1461
f 1208 1839 873
f 854 1282 1297
f 72 182 179
f 544 1565 512
f 217 456 457
f 2047 930 945
f 1204 1937 2633
f 913 686 685
f 840 1113 1112
f 1531 730 561
f 2678 1283 801
f 601 1914 602
f 1537 459 460
f 1819 3509 3527
f 991 862 538
f 2679 1073 1830
f 2680 983 2256
f 779 2256 1263
f 778 2680 779
f 2678 1830 2680
f 180 245 40
f 1886 1131 1134
f 1138 1274 1255
f 1841 1140 1139
f 75 314 74
f 193 420 192
f 2681 1099 1098
f 170 1565 169
f 349 417 432
f 1121 2684 2683
f 547 409 302
f 123 121 120
f 2643 1142 1141
f 1542 513 1543
f 899 907 919
f 1210 676 867
f 791 982 892
f 24 837 836
f 893 932 931
f 1860 863 862
f 535 862 861
f 832 813 812
f 2650 813 832
f 1569 1547 1568
f 181 542 180
f 660 937 688
f 2013 568 2012
f 887 2631 2630
f 1524 361 78
f 520 162 1529
f 2653 854 2685
f 1238 2655 2686
f 718 527 530
f 1492 518 1491
f 792 615 793
f 599 1835 596
f 290 456 175
f 312 1552 425
f 1248 1179 1249
f 153 177 178
f 1240 1222 1221
f 1257 1235 1071
f 1291 1083 1222
f 1052 1277 1053
f 743 2618 1204
f 444 430 443
f 23 1172 1187
f 2687 1180 1179
f 102 409 134
f 1283 610 801
f 373 650 651
f 1180 1084 1291
f 855 2655 1237
f 1173 1917 1174
f 2689 853 2688
f 2688 1108 1279
f 2686 1279 1238
f 2687 2688 2686
f 2691 1252 2690
f 2690 850 2689
f 1248 2689 2687
f 1248 2691 2690
f 2692 24 2666
f 2691 2666 1302
f 1247 2692 2691
f 1258 617 2692
f 394 1555 393
f 2693 1259 1223
f 1072 1262 1261
f 1257 1168 1258
f 398 1555 1554
f 871 1314 872
f 1178 1249 1179
f 1224 1173 1172
f 1010 2618 742
f 1175 1292 1269
f 2654 2686 2655
f 2694 1216 1264
f 71 1487 70
f 701 1111 1038
f 1072 2649 2650
f 1085 22 21
f 895 1264 896
f 1601 1605 1604
f 1259 1271 1289
f 21 1220 1083
f 988 538 537
f 598 1336 1140
f 820 1762 821
f 1050 818 821
f 1298 1761 2652
f 1168 618 617
f 858 1256 833
f 39 516 1536
f 2652 819 814
f 313 315 314
f 2026 1971 2027
f 2656 596 1835
f 814 818 811
f 2696 813 2649
f 1260 2649 1261
f 2693 2696 1260
f 2697 2651 2696
f 381 390 380
f 3818 1611 1609
f 1475 1428 1227
f 1292 1917 1235
f 1551 354 1518
f 1526 1523 1511
f 1593 1595 1573
f 1232 1246 1249
f 2695 1223 22
f 2698 1296 2697
f 2698 2693 2695
f 2685 2695 1085
f 2685 1297 2698
f 562 271 272
f 2652 1296 1298
f 1365 1364 1363
f 1958 1953 1957
f 585 2210 997
f 1561 1515 435
f 975 1146 976
f 347 68 346
f 1038 636 1068
f 2700 780 2699
f 2699 1036 1883
f 2701 1883 1829
f 851 2699 2701
f 2674 2251 2702
f 2702 781 2700
f 1253 2700 851
f 1301 2702 1253
f 1519 388 1550
f 1273 1280 2703
f 2703 1107 852
f 2701 852 851
f 1829 2703 2701
f 91 326 90
f 1784 2656 1785
f 2683 2705 2704
f 604 3499 3533
f 1669 3548 1662
f 2062 2060 2059
f 621 861 622
f 2023 732 2024
f 686 1263 687
f 857 2668 1328
f 883 882 879
f 637 1111 1110
f 2668 893 1328
f 2667 894 2668
f 1039 1068 1334
f 313 1504 1505
f 1911 305 453
f 1936 1964 2212
f 2707 2401 2183
f 2708 2183 2182
f 738 2116 554
f 2349 2432 2436
f 2711 2020 2019
f 2400 2019 2186
f 2714 2716 2713
f 2717 2719 2720
f 2721 2723 2724
f 2726 2728 2725
f 2725 2730 2729
f 2731 2729 2709
f 2732 2725 2731
f 2734 2736 2733
f 2738 2740 2737
f 2737 2741 2742
f 2744 2746 2743
f 2745 2748 2747
f 2749 2747 2751
f 2753 2751 2752
f 2250 2246 2248
f 2754 1614 2755
f 3598 2755 3609
f 3608 2747 3609
f 1617 2755 1614
f 2242 1620 2757
f 2191 2760 2759
f 2761 2760 2762
f 3648 2761 3649
f 3623 2759 3648
f 3209 3223 3224
f 1395 2236 2235
f 1395 1636 1615
f 1616 2229 2233
f 1617 2763 2756
f 2756 3628 3608
f 2765 2234 1630
f 2766 3628 3622
f 3202 3246 3247
f 1516 435 1515
f 2768 3552 3553
f 1495 578 1424
f 2135 28 17
f 3526 2773 2774
f 1690 3926 3925
f 2778 2780 2777
f 2777 2781 2782
f 2784 2777 2783
f 3555 575 576
f 1494 9 540
f 3529 2015 3566
f 451 505 450
f 2786 2788 2785
f 2779 2785 2780
f 2789 2741 2740
f 2790 2752 2789
f 2792 2794 2791
f 2793 2796 2794
f 2796 2750 2749
f 2794 2749 2753
f 2798 1396 2754
f 3591 2754 3598
f 2798 2800 1393
f 3591 2799 2798
f 2797 2795 2801
f 2791 2753 2790
f 216 232 54
f 3804 2807 3803
f 3805 2804 3803
f 2769 3557 3552
f 183 184 97
f 2811 2775 2776
f 2804 2776 2805
f 2809 2811 2804
f 2812 2813 2814
f 3805 2816 3795
f 3796 2815 3795
f 3798 2820 2821
f 3793 2819 3798
f 2824 2735 2819
f 2823 2824 2819
f 2825 2826 2724
f 3793 2827 3792
f 3796 2826 3792
f 2713 2829 2828
f 2828 2831 2830
f 2822 2828 2830
f 2821 2713 2828
f 2832 2822 2830
f 2833 2830 2831
f 2834 2832 2833
f 2835 2827 2832
f 2837 2839 2836
f 2836 2841 2840
f 2842 2840 2727
f 2843 2836 2842
f 2840 2845 2844
f 2718 2845 2719
f 2730 2844 2718
f 2727 2844 2728
f 2846 2719 2845
f 2846 2841 2847
f 2829 2847 2831
f 2829 2716 2846
f 2847 2839 2848
f 2848 2838 2849
f 2833 2849 2834
f 2831 2848 2833
f 2850 2851 2852
f 2853 2852 2854
f 2783 2782 2855
f 2785 2853 2856
f 2780 2856 2781
f 2857 2855 2782
f 2859 2782 2781
f 2861 2842 2860
f 2860 2727 2726
f 2862 2726 2732
f 2863 2860 2862
f 2861 2858 2857
f 2843 2857 2859
f 2856 2854 2864
f 2781 2864 2859
f 2837 2859 2864
f 2838 2864 2854
f 2852 2834 2849
f 2854 2849 2838
f 2865 2818 2835
f 2851 2835 2834
f 2813 2815 2865
f 2814 2865 2851
f 2866 2814 2850
f 2788 2850 2853
f 2866 2787 2867
f 2812 2867 2775
f 1892 1890 1891
f 2720 2846 2870
f 298 256 257
f 2872 2713 2820
f 3794 2735 2734
f 2729 2874 2873
f 2846 2715 2870
f 2876 2878 2875
f 2733 2878 2734
f 3806 2879 2880
f 3806 2872 3794
f 2882 2884 2881
f 2881 2715 2714
f 2880 2714 2872
f 2879 2881 2880
f 2885 2887 2888
f 2888 2890 2885
f 2885 2892 2891
f 2893 2885 2891
f 1942 2532 2894
f 2895 2720 2870
f 2884 2870 2715
f 2883 2895 2884
f 2896 2892 2895
f 2889 2717 2890
f 2890 2720 2892
f 2897 2891 2896
f 2898 2896 2883
f 2899 2883 2882
f 2900 2882 2879
f 3797 2879 3807
f 2876 2901 2877
f 2901 2904 2903
f 1785 1835 1834
f 2905 2899 2900
f 2907 2897 2898
f 3797 2903 3799
f 632 577 633
f 3532 2867 2787
f 434 550 350
f 2768 3640 3643
f 2910 1623 2249
f 2241 2758 2242
f 3640 2913 3652
f 1623 2757 1620
f 3587 2757 3652
f 2229 1380 2250
f 2765 1629 2914
f 2915 1629 2912
f 3642 2914 2915
f 3641 2765 2914
f 2919 3642 3613
f 2918 2912 2241
f 3614 2241 3586
f 3618 3613 3670
f 3541 2180 3496
f 3521 2188 3506
f 3705 714 3851
f 2925 2917 2924
f 2924 2916 2919
f 3610 2919 3618
f 3611 2924 3610
f 2926 2766 2925
f 3658 2925 3611
f 1715 1705 1710
f 785 498 796
f 1387 565 1791
f 374 1899 560
f 3573 2206 3556
f 2929 2886 2893
f 2932 2934 2931
f 1905 1908 1907
f 2930 2936 2937
f 2938 2930 2929
f 1493 517 518
f 1603 1586 1602
f 2939 2929 2908
f 2940 2908 2907
f 3665 1600 3661
f 2886 2937 2887
f 2906 2898 2899
f 2908 2893 2897
f 2942 2933 2941
f 2941 2937 2936
f 3501 2936 3513
f 3498 2941 3501
f 2943 2710 2873
f 2943 2874 2889
f 2945 2889 2888
f 2946 2943 2945
f 2932 2888 2887
f 2931 2945 2932
f 727 1929 728
f 2903 2947 2948
f 545 42 262
f 1480 533 251
f 2907 2949 2940
f 2906 2950 2949
f 1558 215 202
f 3799 2948 3801
f 2054 1644 2118
f 3705 2203 3573
f 1828 1849 1827
f 2953 2955 2952
f 2952 2957 2956
f 2956 2258 2952
f 2953 2258 2257
f 2454 2474 2496
f 3747 2959 3766
f 3747 2131 3737
f 2961 2963 2958
f 2958 2964 2959
f 222 2485 2965
f 2477 2966 2608
f 2631 2006 1859
f 2384 2496 2497
f 2967 2959 2964
f 2968 2970 2969
f 3759 2971 3784
f 3784 2960 3766
f 2972 2033 2032
f 2007 2973 2008
f 3560 2134 2133
f 1836 1832 1831
f 3506 2090 3551
f 955 959 956
f 672 674 673
f 633 713 632
f 2024 733 803
f 2025 803 798
f 425 1550 388
f 2975 888 887
f 1319 1157 2694
f 1212 2977 1213
f 889 2228 2227
f 1978 1975 1979
f 1138 1329 915
f 751 2979 2978
f 1619 1625 1624
f 2252 1728 1727
f 1157 845 1216
f 2706 1938 2617
f 2980 2254 2981
f 2982 887 2630
f 802 711 2679
f 678 2029 2028
f 527 690 528
f 1839 2629 1840
f 2983 602 1914
f 2983 1913 1331
f 2985 1331 1054
f 2986 2983 2985
f 2987 2635 2634
f 2985 2639 2986
f 2990 1318 2989
f 2991 2993 2994
f 2995 2994 2996
f 1106 2991 2995
f 1058 2992 2991
f 1415 1365 1367
f 1317 2217 2997
f 1932 2255 2980
f 926 2999 664
f 3001 2992 3000
f 3000 1057 2978
f 2999 2978 2979
f 2998 3000 2999
f 3002 2209 3003
f 3002 2996 2994
f 2993 3002 2994
f 3001 2998 3002
f 1103 2995 3004
f 3004 2996 3003
f 2209 3004 3003
f 588 3004 2210
f 295 433 381
f 2638 2988 3005
f 3005 1056 1930
f 1305 1930 1306
f 1276 3005 1305
f 1987 1993 1989
f 2633 1761 2645
f 1423 1417 1419
f 3561 739 703
f 2671 2704 2705
f 1473 2035 1472
f 922 2694 895
f 1401 1378 1384
f 556 1884 1037
f 842 3825 3836
f 1854 2617 1010
f 933 1081 1075
f 1440 1436 1437
f 529 719 530
f 1031 1027 1028
f 777 912 1871
f 2645 1204 2633
f 441 1538 1537
f 790 587 586
f 2065 1610 1607
f 1860 990 902
f 60 87 59
f 1424 1948 1947
f 332 1507 331
f 261 138 135
f 187 449 507
f 1719 1726 1725
f 1931 1059 3006
f 3006 1105 1104
f 1287 1104 587
f 1286 3006 1287
f 3007 3009 3010
f 3009 653 795
f 618 26 25
f 2029 1210 1209
f 957 600 2228
f 1049 2228 600
f 2631 3011 2561
f 890 2227 3011
f 3011 2145 3012
f 2561 3012 2375
f 1026 609 608
f 2706 1961 1964
f 3013 2485 3014
f 2148 1267 3015
f 3015 1266 1311
f 2997 1101 1317
f 642 1773 1193
f 186 461 511
f 1041 1320 901
f 1121 3017 1122
f 2984 2987 3018
f 3018 2634 2619
f 1048 3018 2619
f 603 2984 3018
f 2679 801 802
f 2062 2074 2061
f 2061 2076 2064
f 414 1545 1965
f 3016 2683 3019
f 3019 2704 2670
f 3020 2670 720
f 3007 3019 3020
f 1871 1091 777
f 3021 1122 3017
f 3022 3017 3010
f 1314 3022 1315
f 1784 3021 1314
f 1316 1763 611
f 3023 3010 3009
f 3023 795 1092
f 1763 1092 1125
f 1315 3023 1763
f 3016 3010 3017
f 752 2978 1057
f 2986 2637 2987
f 3024 653 3008
f 3020 3008 3007
f 720 3024 3020
f 723 654 3024
f 2681 1268 3025
f 2671 1268 721
f 2705 3025 2671
f 1313 3027 1311
f 3026 3029 3027
f 3027 3030 3031
f 1311 3031 3015
f 2012 731 2023
f 917 974 977
f 743 856 744
f 1888 2030 1425
f 2682 2684 3032
f 3032 1124 2989
f 1100 2989 1318
f 1099 3032 1100
f 1123 2989 1124
f 3033 1159 1158
f 2990 1158 1319
f 1123 3033 2990
f 1786 1834 3033
f 1054 2988 2985
f 2979 664 2999
f 2623 2663 2643
f 1095 688 687
f 3034 2261 2956
f 3036 2956 2957
f 3037 3034 3036
f 3038 3035 3034
f 3040 3026 1313
f 2263 3041 3040
f 3042 3043 3041
f 3041 3028 3026
f 3044 3043 3039
f 3046 3045 3044
f 3047 3049 3045
f 3043 3049 3028
f 3038 3051 3050
f 3050 3053 3052
f 3052 3044 3050
f 3039 3050 3044
f 3054 3039 3042
f 3042 2262 3054
f 2261 3054 2262
f 2216 2997 2217
f 2212 2667 1936
f 3056 2209 3055
f 934 1961 1854
f 2013 3757 567
f 3058 3060 3061
f 3059 3063 3060
f 3060 2213 1963
f 3061 1963 1962
f 3063 2214 2213
f 3062 3064 3063
f 3065 2260 3064
f 3064 2215 2214
f 3066 3031 3030
f 2608 3067 3066
f 2966 3068 3067
f 3031 3068 3015
f 2455 2461 2474
f 2476 2226 2477
f 3551 2089 3525
f 3526 3769 3786
f 433 355 381
f 2115 1419 2123
f 3509 2922 3527
f 3769 2131 2134
f 3069 2167 2166
f 2971 2928 2960
f 2961 2773 2962
f 3070 2478 2483
f 2610 3071 2954
f 2502 2374 2386
f 3072 2595 3073
f 2964 3052 2967
f 3048 3074 3049
f 2593 3075 3074
f 3075 3029 3074
f 3074 3028 3049
f 3072 3075 2592
f 3076 2482 2481
f 2481 3066 3076
f 3076 3030 3075
f 2967 3053 2970
f 2482 3073 2483
f 479 493 494
f 706 3873 709
f 3561 2221 3517
f 2013 3754 3755
f 3533 2016 3529
f 3562 2222 2974
f 1171 1155 1176
f 2586 2565 2587
f 2982 113 2484
f 2562 3077 3068
f 2376 3012 3077
f 3012 2148 3077
f 3077 3015 3068
f 2963 3046 2964
f 3051 2970 3053
f 1683 491 775
f 3850 1447 3860
f 1986 3734 3768
f 3079 2546 2575
f 3081 2575 2576
f 1983 3768 3765
f 3082 2319 2545
f 3080 2545 2546
f 3734 3082 3080
f 3732 2323 3082
f 1309 1888 748
f 3073 2772 2771
f 2760 3084 2762
f 2760 2088 3083
f 3085 3086 3087
f 3089 3090 3088
f 3089 3084 3085
f 3092 3090 3091
f 3093 2744 2743
f 2751 2748 3093
f 3093 2752 2751
f 2742 3093 3094
f 3094 2743 3095
f 3096 3098 3087
f 3099 3087 3086
f 3097 3095 3098
f 3100 2746 3101
f 3101 3102 3100
f 2764 2927 3101
f 2745 3101 2746
f 3102 3091 3100
f 3100 3095 2743
f 2869 3592 3634
f 3102 3104 3092
f 3658 2869 3634
f 2927 3103 3102
f 3098 3091 3090
f 3087 3090 3085
f 2088 3105 3083
f 3083 3086 3084
f 2483 2771 3070
f 2401 2185 2321
f 3099 3105 3106
f 2125 3106 3105
f 3108 2742 3107
f 3107 3094 3097
f 3110 3107 3109
f 3109 3097 3096
f 3111 3096 3099
f 3112 3109 3111
f 3113 2737 3108
f 3115 2722 3114
f 3117 3114 3116
f 3119 3116 3118
f 3118 3120 3121
f 3116 3113 3120
f 3122 3111 3123
f 3122 1755 1754
f 3124 3126 3127
f 3125 3121 3126
f 3128 3118 3125
f 3129 3125 3124
f 2020 3128 3129
f 3853 1346 1352
f 1065 1047 1066
f 1814 3830 1649
f 2021 3129 3130
f 3111 3106 3123
f 3123 2207 1755
f 2377 2224 2973
f 3014 113 112
f 1756 3782 3767
f 3131 2530 2528
f 3133 2528 2529
f 1753 3767 3775
f 3134 3127 3135
f 2327 2314 2313
f 2436 2317 2349
f 2018 3711 3712
f 2534 3137 2535
f 2320 3136 2534
f 2185 3712 3771
f 3138 2542 2539
f 3134 3744 3745
f 3785 3134 3745
f 3140 2539 2538
f 2535 3140 2538
f 3711 3130 3785
f 2558 3132 3141
f 3782 3141 3132
f 2560 3141 3142
f 3760 3142 3141
f 958 2976 2981
f 1933 2980 3143
f 2399 2418 2416
f 2348 2343 2432
f 2322 2319 2323
f 2718 2874 2730
f 2709 2873 2710
f 2894 1361 1942
f 346 176 347
f 1876 1882 1881
f 2802 3607 3592
f 3104 3088 3092
f 2974 3649 3603
f 3089 2761 2762
f 3088 3145 3089
f 2803 3603 3607
f 3870 692 628
f 2123 1418 2126
f 1365 1368 1367
f 1581 1782 1783
f 3569 2129 3520
f 3555 2002 3521
f 3146 2551 3147
f 3751 3147 3750
f 3742 3146 3751
f 3149 2585 3146
f 3196 3197 3195
f 3604 2191 3623
f 3142 2556 2560
f 3777 3150 3142
f 3646 2550 3593
f 3150 2555 2556
f 3778 3151 3150
f 3788 3152 3646
f 3153 2551 2549
f 3152 2549 2550
f 3781 3153 3152
f 3776 3147 3153
f 3148 2206 2205
f 2183 2321 2184
f 2132 2928 2133
f 3684 2204 2203
f 3719 2197 3721
f 2594 2773 2951
f 2595 2951 2772
f 1870 799 1869
f 3713 2178 3706
f 3706 3736 3790
f 336 3774 3722
f 339 3154 336
f 3789 3149 3742
f 3683 2584 3149
f 2963 3048 3047
f 3722 337 336
f 339 2566 2586
f 3156 2168 2167
f 2610 2167 2611
f 2954 3156 2610
f 3157 2953 2257
f 3707 2169 3709
f 2567 3159 2568
f 337 2567 338
f 3730 2166 3707
f 3764 1983 3765
f 2579 3081 2576
f 2568 3160 2579
f 3709 2190 3764
f 3065 3162 3161
f 3161 1984 2189
f 3157 2189 2168
f 2257 3161 3157
f 734 1922 806
f 3059 2708 3163
f 3163 2182 1985
f 3162 1985 1984
f 3062 3163 3162
f 3203 3205 3204
f 2122 1448 1447
f 3817 1685 3812
f 139 444 69
f 1570 566 533
f 2957 3165 3036
f 2955 3164 2957
f 1912 341 1973
f 3130 3124 3134
f 1548 319 1547
f 1949 1327 1887
f 2969 3078 3167
f 3167 3169 3168
f 3724 2017 3720
f 3720 2033 3759
f 3168 3165 3170
f 3170 3164 3171
f 3779 3171 3756
f 3724 3170 3779
f 3171 3166 3172
f 3172 3071 3173
f 3752 3173 3749
f 3756 3172 3752
f 3169 3036 3165
f 2593 2962 2594
f 3173 2609 3174
f 3174 2199 2198
f 3783 2198 3719
f 3749 3174 3783
f 2190 1984 1983
f 2196 2767 3148
f 2119 1414 1448
f 1464 1466 1465
f 2199 3069 2200
f 2457 2587 2565
f 2226 2562 2966
f 481 1627 1639
f 333 235 236
f 3078 3037 3169
f 3040 2997 2263
f 2219 1933 2220
f 2385 2497 2503
f 221 3175 2484
f 2220 3143 3175
f 3175 2976 2975
f 2484 2975 2982
f 2954 3166 2955
f 2630 110 2982
f 1547 1952 1955
f 2091 2188 2187
f 3733 2178 2177
f 1918 1927 1926
f 3563 111 3511
f 955 960 954
f 2037 112 3563
f 3143 2981 2976
f 2218 2214 2215
f 672 3787 3541
f 2152 3014 2037
f 1147 1143 1145
f 2248 1409 2245
f 1615 1635 1616
f 1410 2246 2247
f 3241 3242 3240
f 3177 1383 1382
f 2238 3176 1382
f 3176 2230 3178
f 1410 3179 1407
f 3179 2243 1407
f 1633 2800 2249
f 1621 2758 2912
f 1622 2245 1634
f 2236 3181 3182
f 2237 3182 3183
f 2250 2233 2229
f 2912 1628 1621
f 135 1564 1563
f 1567 512 1565
f 1085 2653 2685
f 3184 868 3056
f 869 3057 934
f 1266 1098 1312
f 1267 722 721
f 937 2646 936
f 2146 722 2147
f 2211 921 2667
f 1957 507 449
f 1313 2264 3040
f 1496 1493 1492
f 2681 2705 2682
f 2887 2933 2932
f 1687 1659 1694
f 145 1498 81
f 1317 1319 2694
f 37 418 71
f 1935 3185 2977
f 104 301 103
f 2101 2083 2084
f 543 360 207
f 1934 3186 3185
f 234 212 237
f 3845 1822 1824
f 1976 1874 1974
f 223 2219 220
f 3655 3605 3612
f 468 773 2165
f 1935 1728 1932
f 3240 3226 3235
f 3261 3250 3260
f 3215 3244 3264
f 3265 3215 3264
f 3267 3198 3196
f 3205 3269 3255
f 3214 3265 3270
f 3271 3214 3192
f 3251 3239 3236
f 3222 3266 3272
f 3232 3234 3233
f 3216 3243 3244
f 3196 3268 3267
f 3244 3254 3255
f 3238 3247 3246
f 3264 3255 3269
f 3253 3216 3217
f 3211 3221 3265
f 3257 3218 3256
f 3258 3272 3259
f 3274 3280 3273
f 3228 3262 3263
f 3275 3281 3280
f 3226 3273 3280
f 3236 3260 3251
f 3281 3236 3237
f 3287 3192 3189
f 3235 3280 3234
f 3234 3281 3237
f 3288 3259 3272
f 3260 3276 3251
f 3289 3278 3284
f 3210 3224 3283
f 3199 3201 3200
f 3228 3230 3229
f 3290 3285 3286
f 3282 3271 3287
f 3260 3262 3261
f 3243 3268 3254
f 3267 3241 3232
f 3194 3208 3193
f 3191 3269 3206
f 3270 3192 3214
f 3275 3230 3231
f 3264 3270 3265
f 3252 3276 3291
f 3248 3291 3223
f 3213 3279 3277
f 3272 3289 3288
f 3277 3212 3213
f 3228 3281 3231
f 3220 3253 3219
f 3219 3217 3257
f 3256 3222 3258
f 3247 3252 3248
f 3245 3232 3233
f 3266 3212 3289
f 3208 3255 3254
f 3288 3284 3285
f 3204 3208 3207
f 560 3187 559
f 3209 3201 3202
f 3189 3191 3190
f 448 807 447
f 647 122 270
f 1833 1780 1832
f 510 508 507
f 3210 1887 3201
f 1887 3200 3201
f 15 3197 3200
f 16 3195 3197
f 3195 3187 3194
f 3194 1899 3207
f 3207 375 3204
f 387 126 127
f 3189 1760 3287
f 3577 757 758
f 763 2172 2175
f 3583 3580 3581
f 3581 3579 3578
f 3594 3596 3595
f 3400 3602 3401
f 3626 3625 3627
f 3631 3599 3601
f 3636 3595 3596
f 3647 3588 3645
f 3650 3584 3647
f 3653 3580 3651
f 3653 3654 3579
f 1801 3656 3655
f 3651 3582 3650
f 3644 3595 3637
f 1767 3659 3660
f 1597 3661 1600
f 1708 3665 3664
f 3671 3667 3666
f 3666 3673 3672
f 1588 3664 1587
f 2080 3666 2082
f 2082 3672 2084
f 3674 3635 3631
f 3677 3636 3635
f 3682 3645 3681
f 3692 3650 3686
f 3681 3644 3680
f 786 3692 785
f 3694 3651 3692
f 785 3686 497
f 497 3682 650
f 650 3681 564
f 3696 3681 3680
f 3405 3605 3402
f 3702 3678 3677
f 3699 3679 3678
f 3645 3638 3644
f 1799 3659 1768
f 3708 3458 3460
f 3462 3708 3460
f 3714 564 3696
f 3615 3602 3600
f 3710 3696 3698
f 3635 3596 3599
f 3629 3627 3630
f 3597 3599 3596
f 3630 3715 3629
f 3627 3597 3594
f 3717 3723 3718
f 3715 3660 3629
f 3716 3725 3715
f 3668 3661 3725
f 3668 3717 3667
f 3667 3718 3673
f 3727 3673 3718
f 3728 3672 3673
f 3726 3718 3723
f 1576 2084 3672
f 3727 3731 3729
f 3203 1387 3190
f 3190 1791 3189
f 3283 1949 3210
f 317 259 391
f 2000 3653 3694
f 3601 3600 3602
f 3589 3584 3585
f 3577 756 2170
f 3585 3582 3583
f 3678 3637 3636
f 3204 376 3203
f 1801 3657 1799
f 3729 3728 3727
f 1575 3738 1088
f 3735 1576 3728
f 1776 1796 1775
f 1293 1290 1284
f 1326 1327 12
f 1294 1234 1290
f 878 1330 1337
f 497 374 498
f 122 413 121
f 3699 3704 3708
f 3606 3401 3602
f 3708 3698 3699
f 3464 3710 3462
f 3704 3443 3458
f 439 399 438
f 1512 1526 1511
f 1668 1738 1671
f 839 1362 838
f 1362 826 1012
f 3843 1896 3815
f 2053 2118 2117
f 3888 2120 2119
f 696 3816 3831
f 1826 639 640
f 3740 3729 3731
f 956 886 960
f 1980 1922 807
f 33 105 164
f 1343 3856 3857
f 3907 2128 3902
f 1766 1582 1594
f 14 2163 738
f 595 99 594
f 3233 3246 3245
f 1346 1044 1352
f 748 1425 747
f 3193 3254 3268
f 3190 3206 3203
f 3612 3606 3615
f 3624 3615 3625
f 3631 3443 3674
f 3679 3644 3637
f 3686 3647 3682
f 3702 3674 3704
f 3625 3600 3597
f 3601 3415 3631
f 3739 3735 3729
f 3630 3594 3741
f 3741 3716 3630
f 1284 1288 1285
f 3698 3680 3679
f 1778 1780 1779
f 1792 1584 1789
f 695 571 694
f 3638 3594 3595
f 3741 3588 3589
f 3247 3209 3202
f 3292 3294 3295
f 3296 3298 3299
f 3299 3300 3301
f 3302 3304 3305
f 3306 3308 3309
f 3307 3311 3308
f 3303 3301 3300
f 3312 3304 3313
f 3314 3316 3317
f 3318 3320 3321
f 3324 3321 3325
f 3326 3328 3323
f 3329 3331 3332
f 3333 3335 3336
f 3337 3339 3340
f 3333 3341 3342
f 3342 3343 3344
f 3319 3344 3343
f 3338 3334 3339
f 3346 3302 3347
f 3305 3347 3302
f 3312 3223 3349
f 3350 3340 3351
f 3312 3348 3305
f 3352 3341 3326
f 3311 3354 3308
f 3341 3327 3326
f 3359 3361 3362
f 3360 3250 3249
f 3318 3345 3319
f 3364 3318 3324
f 3314 3324 3365
f 3366 3301 3346
f 3299 3367 3296
f 3308 3368 3309
f 3369 3295 3294
f 3317 3364 3314
f 3370 3317 3316
f 3325 3365 3324
f 3352 3319 3343
f 3296 3353 3311
f 3297 3311 3310
f 3363 3354 3345
f 3345 3353 3344
f 3344 3367 3342
f 3366 3342 3367
f 3347 3334 3346
f 3339 3348 3340
f 3348 3351 3340
f 3363 3369 3368
f 3294 3368 3369
f 3293 3309 3294
f 3331 3374 3332
f 3346 3333 3366
f 3323 3352 3326
f 3356 3321 3320
f 3355 3325 3321
f 3357 3371 3325
f 3322 3320 3352
f 3361 3329 3362
f 3373 3375 3374
f 3374 3376 3332
f 3329 3376 3362
f 3327 3372 3328
f 3336 3375 3327
f 3335 3376 3375
f 3376 3337 3362
f 3337 3359 3362
f 3359 3276 3250
f 3377 3295 3370
f 3277 3315 3278
f 3371 3379 3365
f 3378 3358 3380
f 3365 3315 3314
f 3316 3279 3370
f 3282 3370 3279
f 3313 3224 3312
f 3378 3284 3379
f 3380 3285 3378
f 3379 3278 3315
f 3276 3351 3291
f 3291 3349 3223
f 3313 2965 3013
f 2965 3303 222
f 222 3300 223
f 223 3298 3186
f 3298 3185 3186
f 3297 2977 3185
f 3310 1213 2977
f 3307 1214 1213
f 2532 3306 3293
f 2894 3293 3292
f 2871 3292 3377
f 3253 3240 3242
f 3283 3013 2152
f 1997 1889 1892
f 1237 744 855
f 1535 120 121
f 1531 201 214
f 1119 1032 984
f 946 824 947
f 163 5 162
f 3589 3723 3741
f 1155 1162 1164
f 427 327 424
f 553 796 498
f 3381 2231 2237
f 3381 2230 2232
f 2237 3180 3381
f 3383 3385 3382
f 3384 3387 3385
f 3386 3389 3387
f 3388 3391 3389
f 3392 3394 3395
f 3395 3396 3397
f 3398 3397 3396
f 3400 3399 3398
f 3403 3405 3402
f 3406 3404 3403
f 3408 3407 3406
f 3410 3409 3408
f 3412 3411 3410
f 3415 3398 3414
f 3414 3396 3416
f 3416 3394 3417
f 3417 3393 3418
f 3393 3420 3418
f 3419 3421 3420
f 3390 3422 3421
f 3388 3423 3422
f 3386 3424 3423
f 3384 3425 3424
f 3425 3426 3184
f 2904 3428 2947
f 3429 2904 2902
f 3430 2902 2876
f 2875 3430 2876
f 3432 2733 2736
f 2825 3435 2824
f 3437 3439 3436
f 3441 3436 3440
f 2724 3434 2825
f 3436 3115 3117
f 3440 3117 3119
f 3443 3414 3442
f 3442 3416 3444
f 3444 3417 3445
f 3445 3418 3446
f 3446 3420 3447
f 3420 3448 3447
f 3421 3449 3448
f 3422 3450 3449
f 3423 3451 3450
f 3424 3452 3451
f 3425 3056 3452
f 3451 2253 2252
f 3450 2252 1727
f 3449 1727 2150
f 3448 2150 1941
f 3453 3448 1941
f 3454 3447 3453
f 3455 3446 3454
f 3456 3445 3455
f 3442 3456 3457
f 3443 3457 3458
f 3459 3458 3457
f 3457 3455 3459
f 3459 3454 3461
f 3462 3459 3461
f 3461 3453 3463
f 3464 3461 3463
f 3463 1941 1360
f 3404 3401 3405
f 3407 3399 3404
f 3409 3397 3407
f 3411 3395 3409
f 3465 3413 3412
f 3467 3469 3466
f 3465 3431 3433
f 3470 3466 3465
f 3438 3432 3435
f 3467 3438 3437
f 3468 3437 3441
f 3471 3468 3472
f 3472 3441 3473
f 3473 3440 2712
f 2712 3119 3128
f 3475 3472 3474
f 3474 3473 3476
f 3476 2712 2711
f 3477 2711 2400
f 3478 3476 3477
f 3479 3474 3478
f 3392 3413 3480
f 3466 3480 3413
f 3419 3392 3480
f 3390 3480 3391
f 3469 3391 3480
f 3389 3471 3475
f 3387 3475 3479
f 3385 3479 3481
f 3482 2400 2402
f 3483 3477 3482
f 3481 3478 3483
f 3484 2402 2707
f 3058 2707 2708
f 3061 3484 3058
f 3485 3482 3484
f 3382 3481 3486
f 3486 3483 3485
f 3426 3382 3487
f 3487 3486 1962
f 3486 3061 1962
f 1961 3487 1962
f 3057 3426 3487
f 3428 3402 3488
f 3427 3403 3428
f 3429 3406 3427
f 3430 3408 3429
f 3431 3410 3430
f 3470 3433 3432
f 3434 3438 3435
f 2723 3439 3434
f 2875 3433 3431
f 2736 3435 3432
f 2947 3488 3500
f 3464 1360 3497
f 1900 1924 1901
f 1736 1718 1750
f 1955 1943 1956
f 1671 1735 1751
f 1696 1698 1692
f 1800 1864 1801
f 2063 2056 2060
f 1737 1717 1736
f 1751 1697 1695
f 943 3899 684
f 3656 3402 3605
f 1577 1764 1703
f 3917 1599 3923
f 1945 82 1944
f 68 7 248
f 147 1543 148
f 1109 1133 1102
f 1503 1907 1908
f 1499 1909 1498
f 452 735 215
f 1824 3835 3845
f 1825 2068 1824
f 1463 1022 1194
f 841 1009 1011
f 1568 1955 1534
f 1926 1927 1923
f 1910 1502 1939
f 1939 422 442
f 309 1940 308
f 1804 1866 1803
f 269 1954 56
f 2065 2060 2056
f 3812 1758 3835
f 280 552 1940
f 1875 1869 1874
f 1739 1734 1737
f 1778 1790 1788
f 310 1915 279
f 1909 1906 1954
f 1789 1778 1788
f 978 980 979
f 1584 1731 1583
f 425 311 312
f 148 115 116
f 2044 3894 2046
f 277 1939 551
f 1943 1945 1944
f 1461 1463 1464
f 2253 3056 3055
f 2981 3489 958
f 2209 3489 3055
f 2254 3055 3489
f 2998 958 3489
f 2826 2721 2724
f 3490 2721 2817
f 2816 3490 2817
f 2334 2296 2335
f 2298 2334 2336
f 2301 2336 2338
f 2311 2338 2354
f 2312 2354 2355
f 2359 2361 2360
f 2335 2359 2360
f 2414 2365 2364
f 2413 2361 2365
f 2355 2540 2541
f 2541 2539 2542
f 2722 2739 2738
f 3114 2738 3113
f 3110 3121 3120
f 3108 3120 3113
f 3122 3127 3126
f 3112 3126 3121
f 3127 1753 3135
f 3139 2529 2542
f 3744 3133 3139
f 3490 2740 2739
f 3491 2789 3490
f 228 91 88
f 245 243 242
f 248 247 191
f 2 296 295
f 145 300 267
f 327 210 328
f 329 331 330
f 250 228 236
f 239 240 230
f 373 375 374
f 178 176 175
f 1218 1228 1321
f 3862 1295 3854
f 808 824 823
f 3858 1013 1014
f 3813 1411 1413
f 2154 2159 2160
f 3845 1758 1757
f 306 1922 452
f 2157 1976 1977
f 708 2031 1474
f 1450 1227 1428
f 1672 1605 1624
f 1813 1821 1816
f 1717 1715 1718
f 176 402 347
f 1710 3916 3915
f 1712 1577 1711
f 1705 1711 1704
f 971 979 970
f 822 1094 1102
f 2909 2793 2792
f 2810 2795 2793
f 2799 2249 2800
f 3662 2910 2799
f 2769 2801 2795
f 3177 3178 3179
f 3178 3180 3179
f 3181 1393 2800
f 3181 1632 3182
f 3182 2244 3183
f 3183 2243 3180
f 3492 2790 3491
f 2808 3491 2816
f 2239 3572 2240
f 1149 3571 3570
f 1150 3567 3571
f 2202 3566 2015
f 2921 3565 2923
f 3568 2133 2928
f 1777 1759 1792
f 1201 1183 1184
f 3561 2195 2194
f 3553 2770 2768
f 3927 1687 1692
f 1516 154 503
f 3549 2974 2803
f 3550 2779 2778
f 2771 3575 3546
f 3070 3546 3558
f 3547 2775 2867
f 1376 1370 1372
f 2767 3556 2206
f 2195 3543 2767
f 2775 3542 2776
f 3377 3545 2871
f 3804 3539 2806
f 2776 3538 2805
f 2240 3535 2920
f 2920 3669 3619
f 3548 2786 2779
f 1805 1851 1804
f 3534 2787 2786
f 2951 3540 3531
f 2772 3531 3575
f 2973 3530 3536
f 2224 3537 3530
f 1957 320 510
f 306 304 303
f 2770 3528 2913
f 2913 3574 2239
f 2923 3527 2922
f 308 431 47
f 207 132 543
f 1879 1881 1880
f 3733 3525 2089
f 2475 3558 3524
f 2476 3524 3523
f 2223 3523 3537
f 3522 2803 2802
f 2037 11 1950
f 1959 450 505
f 2003 3520 2129
f 9 334 540
f 2009 3518 3567
f 2008 3536 3518
f 3877 673 3879
f 3515 2778 2784
f 2935 3513 2936
f 111 3570 3511
f 3510 2935 2938
f 683 3885 943
f 3508 2810 2909
f 736 732 729
f 1795 1803 1796
f 3505 2938 2939
f 3507 2939 2940
f 2950 3504 2949
f 2940 3504 3507
f 3801 3512 2950
f 2868 3502 2869
f 2869 3522 2802
f 1024 1023 1020
f 3500 2948 2947
f 551 442 443
f 2972 3568 2928
f 2032 3499 2972
f 216 1924 1923
f 203 201 200
f 1828 1847 1837
f 1958 449 450
f 272 178 175
f 2871 3495 1361
f 3619 3564 2921
f 2801 3643 3662
f 2005 3654 2176
f 960 899 962
f 3657 3612 3624
f 3780 3646 3151
f 3151 3593 2555
f 2193 3623 2194
f 3607 3145 3144
f 3603 2761 3145
f 3592 3144 3104
f 2926 3634 3103
f 3634 3104 3103
f 3755 3746 3753
f 566 3758 2005
f 3488 1864 3500
f 1602 2079 2078
f 2868 3611 2922
f 2922 3610 2923
f 2923 3618 2921
f 3670 2918 3614
f 3619 3614 2920
f 2921 3670 3619
f 2920 3586 2240
f 3613 2915 2918
f 2917 3622 3641
f 2916 3641 3642
f 2239 3652 2913
f 2911 3652 2757
f 3643 2911 2910
f 2797 3662 3591
f 2797 3598 2750
f 3622 2763 2765
f 3608 2764 2745
f 2194 3648 2221
f 2221 3649 2222
f 2756 3609 2755
f 2750 3609 2747
f 3669 1817 3827
f 3763 1691 1699
f 2515 3590 2548
f 2548 3593 2550
f 2513 3632 3616
f 2513 3621 2515
f 2509 3620 2289
f 2510 3633 2509
f 2289 3639 2283
f 2283 3617 2286
f 2240 3587 2239
f 3659 3624 3626
f 716 3887 3888
f 727 3761 1923
f 2165 2170 2164
f 3660 3626 3629
f 3743 3578 3757
f 2175 769 770
f 2100 2095 2099
f 3758 3757 3578
f 640 3568 1826
f 1653 3553 1651
f 1895 3530 746
f 746 3537 741
f 1653 3528 3576
f 3762 1604 1672
f 2093 2073 2078
f 959 995 884
f 962 919 986
f 1400 1398 1399
f 1000 1127 1004
f 956 884 885
f 1662 3550 1661
f 2034 3546 1654
f 3926 3539 3802
f 3535 766 1817
f 3572 765 766
f 334 3571 335
f 1868 3540 1656
f 1684 1652 1678
f 1682 775 1807
f 1585 3762 1700
f 3763 1672 1673
f 2173 490 491
f 1658 3547 1752
f 3556 1650 724
f 1571 2010 1572
f 1587 3671 2080
f 2099 2077 2094
f 787 1999 786
f 2000 786 1999
f 3155 3697 3683
f 3713 3683 3789
f 2180 3685 3684
f 3496 3684 3705
f 1684 3840 1651
f 1760 3495 3545
f 2607 3693 2590
f 2581 3689 2607
f 2371 3700 3695
f 2371 3693 2372
f 2587 3675 2586
f 2586 3697 339
f 2497 3687 2503
f 2502 3687 3700
f 2494 3690 2495
f 3690 2472 2495
f 3688 2468 2472
f 3701 2469 2468
f 726 3892 630
f 581 3518 580
f 10 3570 334
f 1837 3510 1849
f 741 3523 1300
f 1299 3558 2034
f 1851 3504 1866
f 3527 1820 1819
f 580 3536 1895
f 1758 3522 3502
f 1693 3508 1806
f 3504 1867 1866
f 1894 3568 3499
f 2126 3813 3841
f 3906 3841 3912
f 2113 3867 2110
f 2179 3789 3685
f 624 3904 623
f 2192 3788 3780
f 2177 3787 3733
f 1364 3833 1338
f 3858 1470 1453
f 3135 3775 3744
f 2069 3835 2068
f 1351 3853 1352
f 2108 3901 499
f 2089 3736 3733
f 3828 1358 866
f 2001 3783 2187
f 2187 3719 2091
f 2130 3752 2004
f 2004 3749 2001
f 2014 3779 2201
f 2201 3756 2130
f 3167 3759 2969
f 3168 3720 3167
f 3159 3764 3160
f 3160 3765 3081
f 3730 3158 337
f 3158 3709 3159
f 2200 3730 3722
f 3685 3742 2204
f 3722 2197 2200
f 3790 2092 3721
f 3774 3721 2197
f 3154 3790 3774
f 3155 3706 3154
f 2091 3721 2092
f 2196 3750 3776
f 2193 3776 3781
f 3604 3781 3788
f 2086 3780 3778
f 2087 3778 3777
f 2204 3751 2205
f 2205 3750 3148
f 3909 574 692
f 2124 3777 3760
f 2208 3760 3782
f 3711 3140 3137
f 3785 3138 3140
f 3745 3139 3138
f 3771 3136 2322
f 3712 3137 3136
f 3775 3131 3133
f 3767 3132 3131
f 1813 3838 1814
f 1293 3856 1344
f 2184 3748 3732
f 2181 3732 3734
f 3765 3079 3081
f 3768 3080 3079
f 709 3875 2031
f 2774 3737 3769
f 3786 2134 3559
f 3809 766 765
f 2968 3766 2959
f 2969 3784 2968
f 2958 3737 2961
f 2132 3766 2960
f 2321 3771 3748
f 3860 1449 28
f 3905 582 710
f 3886 577 574
f 3847 1818 3827
f 705 3887 2121
f 3816 3907 698
f 2111 3911 2113
f 3810 1366 1411
f 1812 3822 1815
f 675 3852 674
f 3496 3851 675
f 2110 3868 2109
f 2104 3901 2106
f 2109 3899 944
f 3842 703 739
f 1680 3846 1684
f 1639 3819 3818
f 623 3906 697
f 2139 3866 3865
f 1808 3844 3837
f 3820 1819 1820
f 3872 3900 706
f 1646 3830 1648
f 3889 633 577
f 2139 3875 18
f 2156 3871 3874
f 674 3913 3869
f 2117 3812 2069
f 1815 3847 3823
f 3855 1444 1470
f 697 3912 3816
f 866 3836 3828
f 3864 2136 2135
f 3585 3726 3589
f 3583 3731 3585
f 3753 3738 3739
f 3740 3581 3743
f 1088 3746 1093
f 3739 3743 3753
f 2791 3493 2792
f 3492 2807 3493
f 2792 3494 2909
f 3493 2806 3494
f 3508 3494 3516
f 3516 2806 3539
f 2948 3791 3801
f 2105 3896 2104
f 3538 3804 2805
f 680 3876 683
f 1891 3910 3891
f 2905 3801 2950
f 2900 3799 2905
f 2901 3807 2877
f 2734 3806 3794
f 2877 3806 2878
f 2820 3794 2872
f 2818 3792 2827
f 2823 3792 2826
f 2822 3798 2821
f 2819 3800 3798
f 2817 3795 2816
f 2809 3795 2815
f 2808 3803 2807
f 2805 3803 2804
f 1702 3923 1599
f 3922 1797 1802
f 3915 1706 1709
f 3918 1692 1698
f 1657 3880 1879
f 1890 3895 3910
f 3772 1674 1675
f 1689 3772 3773
f 3926 3538 1688
f 3516 1689 3773
f 3917 1703 1764
f 1598 3928 1770
f 3880 1876 1879
f 1691 3925 3927
f 3925 1688 1687
f 1117 1118 3930
f 1066 1322 3930
f 1243 847 3930
f 3825 848 3930
f 1128 1117 3930
f 1129 1130 3930
f 841 1011 3930
f 1230 3863 3930
f 1242 1243 3930
f 1322 1229 3930
f 1064 1065 3930
f 1003 1128 3930
f 1229 1230 3930
f 3863 1285 3930
f 1285 1288 3930
f 848 839 3930
f 847 3825 3930
f 1118 1129 3930
f 1065 1066 3930
f 1087 1086 3930
f 1008 1002 3930
f 1011 1008 3930
f 1002 1003 3930
f 1076 1069 3930
f 838 841 3930
f 839 838 3930
f 1288 1242 3930
f 1130 1087 3930
f 1086 1076 3930
f 1069 1064 3930
f 2410 2414 3931
f 2411 2410 3931
f 3617 2285 3931
f 2394 2393 3931
f 2393 2396 3931
f 2281 2286 3931
f 2282 2280 3931
f 2398 2399 3931
f 2465 2464 3931
f 2396 2397 3931
f 2470 2469 3931
f 2399 2416 3931
f 2480 2395 3931
f 2459 2480 3931
f 2369 2282 3931
f 2460 2459 3931
f 2415 2411 3931
f 2416 2415 3931
f 2364 2363 3931
f 2286 3617 3931
f 2464 2470 3931
f 2469 3703 3931
f 2285 2465 3931
f 2414 2364 3931
f 2395 2394 3931
f 2363 2367 3931
f 2397 2398 3931
f 2280 2281 3931
f 3703 2460 3931
f 2367 2369 3931
f 3934 3937 3938
f 3934 3939 3935
f 3932 3937 3933
f 3938 3943 3939
f 3937 3940 3941
f 3937 3942 3938
f 3942 3947 3943
f 3941 3944 3945
f 3942 3945 3946
f 3947 3950 3951
f 3944 3949 3945
f 3945 3950 3946
f 3950 3955 3951
f 3949 3952 3953
f 3950 3953 3954
f 3955 3958 3959
f 3953 3956 3957
f 3953 3958 3954
f 3959 3962 3963
f 3957 3960 3961
f 3958 3961 3962
f 3962 3967 3963
f 3960 3965 3961
f 3961 3966 3962
f 3966 3971 3967
f 3965 3968 3969
f 3966 3969 3970
f 3970 3975 3971
f 3968 3973 3969
f 3969 3974 3970
f 3974 3979 3975
f 3973 3976 3977
f 3974 3977 3978
f 3979 3982 3983
f 3976 3981 3977
f 3977 3982 3978
f 3982 3987 3983
f 3981 3984 3985
f 3982 3985 3986
f 3987 3990 3991
f 3984 3989 3985
f 3985 3990 3986
f 3991 3994 3995
f 3989 3992 3993
f 3990 3993 3994
f 3995 3998 3999
f 3992 3997 3993
f 3993 3998 3994
f 3998 4003 3999
f 3997 4000 4001
f 3998 4001 4002
f 4002 4007 4003
f 4000 4005 4001
f 4001 4006 4002
f 4006 4011 4007
f 4005 4008 4009
f 4006 4009 4010
f 4011 4014 4015
f 4008 4013 4009
f 4009 4014 4010
f 4014 4019 4015
f 4013 4016 4017
f 4014 4017 4018
f 4019 4022 4023
f 4016 4021 4017
f 4017 4022 4018
f 4023 4026 4027
f 4021 4024 4025
f 4022 4025 4026
f 4027 4030 4031
f 4024 4029 4025
f 4025 4030 4026
f 4031 4034 4035
f 4029 4032 4033
f 4030 4033 4034
f 4034 4039 4035
f 4032 4037 4033
f 4033 4038 4034
f 4038 4043 4039
f 4037 4040 4041
f 4038 4041 4042
f 4043 4046 4047
f 4040 4045 4041
f 4041 4046 4042
f 4046 4051 4047
f 4045 4048 4049
f 4046 4049 4050
f 4051 4055 4056
f 4048 4054 4049
f 4049 4055 4050
f 4056 4059 4060
f 4053 4058 4054
f 4055 4058 4059
f 3932 4052 3936
f 3936 4052 3940
f 3940 4052 3944
f 3944 4052 3948
f 3948 4052 3952
f 3952 4052 3956
f 3956 4052 3960
f 3960 4052 3964
f 3964 4052 3968
f 3968 4052 3972
f 3972 4052 3976
f 3976 4052 3980
f 3980 4052 3984
f 3984 4052 3988
f 3988 4052 3992
f 3992 4052 3996
f 3996 4052 4000
f 4000 4052 4004
f 4004 4052 4008
f 4008 4052 4012
f 4012 4052 4016
f 4016 4052 4020
f 4020 4052 4024
f 4024 4052 4028
f 4028 4052 4032
f 4032 4052 4036
f 4036 4052 4040
f 4040 4052 4044
f 4044 4052 4048
f 4048 4052 4053
f 4053 4052 4057
f 4060 3934 3935
f 4058 3932 3933
f 4058 3934 4059
f 4057 4052 3932
f 4069 4081 4082
f 4066 4080 4067
f 4065 4077 4078
f 4063 4075 4076
f 4071 4085 4072
f 4069 4083 4070
f 4067 4081 4068
f 4066 4078 4079
f 4063 4077 4064
f 4061 4075 4062
f 4072 4086 4073
f 4071 4083 4084
f 4076 4090 4077
f 4074 4088 4075
f 4086 4098 4099
f 4083 4097 4084
f 4082 4094 4095
f 4079 4093 4080
f 4078 4090 4091
f 4076 4088 4089
f 4085 4097 4098
f 4082 4096 4083
f 4080 4094 4081
f 4079 4091 4092
f 4089 4103 4090
f 4088 4100 4101
f 4098 4112 4099
f 4096 4110 4097
f 4095 4107 4108
f 4092 4106 4093
f 4090 4104 4091
f 4089 4101 4102
f 4097 4111 4098
f 4095 4109 4096
f 4094 4106 4107
f 4092 4104 4105
f 4103 4115 4116
f 4100 4114 4101
f 4112 4124 4125
f 4110 4122 4123
f 4107 4121 4108
f 4105 4119 4106
f 4103 4117 4104
f 4101 4115 4102
f 4110 4124 4111
f 4109 4121 4122
f 4107 4119 4120
f 4105 4117 4118
f 4115 4129 4116
f 4114 4126 4127
f 4124 4138 4125
f 4123 4135 4136
f 4120 4134 4121
f 4119 4131 4132
f 4117 4129 4130
f 4114 4128 4115
f 4124 4136 4137
f 4122 4134 4135
f 4119 4133 4120
f 4117 4131 4118
f 4129 4141 4142
f 4126 4140 4127
f 4138 4150 4151
f 4136 4148 4149
f 4133 4147 4134
f 4131 4145 4132
f 4130 4142 4143
f 4127 4141 4128
f 4137 4149 4150
f 4135 4147 4148
f 4132 4146 4133
f 4131 4143 4144
f 4142 4154 4155
f 4140 4152 4153
f 4150 4164 4151
f 4149 4161 4162
f 4146 4160 4147
f 4144 4158 4145
f 4142 4156 4143
f 4140 4154 4141
f 4149 4163 4150
f 4148 4160 4161
f 4146 4158 4159
f 4144 4156 4157
f 4155 4167 4168
f 4153 4165 4166
f 4163 4177 4164
f 4161 4175 4162
f 4159 4173 4160
f 4158 4170 4171
f 4155 4169 4156
f 4153 4167 4154
f 4163 4175 4176
f 4161 4173 4174
f 4159 4171 4172
f 4156 4170 4157
f 4167 4181 4168
f 4165 4179 4166
f 4176 4190 4177
f 4175 4187 4188
f 4173 4185 4186
f 4170 4184 4171
f 4169 4181 4182
f 4167 4179 4180
f 4175 4189 4176
f 4173 4187 4174
f 4171 4185 4172
f 4170 4182 4183
f 4180 4194 4181
f 4178 4192 4179
f 4190 4202 4203
f 4187 4201 4188
f 4186 4198 4199
f 4183 4197 4184
f 4182 4194 4195
f 4180 4192 4193
f 4189 4201 4202
f 4186 4200 4187
f 4184 4198 4185
f 4183 4195 4196
f 4193 4207 4194
f 4192 4204 4205
f 4202 4216 4203
f 4200 4214 4201
f 4199 4211 4212
f 4196 4210 4197
f 4194 4208 4195
f 4193 4205 4206
f 4201 4215 4202
f 4199 4213 4200
f 4198 4210 4211
f 4196 4208 4209
f 4207 4219 4220
f 4204 4218 4205
f 4216 4228 4229
f 4213 4227 4214
f 4211 4225 4212
f 4209 4223 4210
f 4207 4221 4208
f 4205 4219 4206
f 4214 4228 4215
f 4213 4225 4226
f 4211 4223 4224
f 4209 4221 4222
f 4219 4233 4220
f 4218 4230 4231
f 4228 4242 4229
f 4226 4240 4227
f 4225 4237 4238
f 4223 4235 4236
f 4221 4233 4234
f 4218 4232 4219
f 4228 4240 4241
f 4226 4238 4239
f 4223 4237 4224
f 4221 4235 4222
f 4233 4245 4246
f 4230 4244 4231
f 4242 4254 4255
f 4240 4252 4253
f 4237 4251 4238
f 4235 4249 4236
f 4234 4246 4247
f 4231 4245 4232
f 4241 4253 4254
f 4239 4251 4252
f 4236 4250 4237
f 4235 4247 4248
f 4246 4258 4259
f 4244 4256 4257
f 4254 4268 4255
f 4253 4265 4266
f 4250 4264 4251
f 4248 4262 4249
f 4246 4260 4247
f 4244 4258 4245
f 4253 4267 4254
f 4252 4264 4265
f 4250 4262 4263
f 4248 4260 4261
f 4259 4271 4272
f 4257 4269 4270
f 4267 4281 4268
f 4265 4279 4266
f 4263 4277 4264
f 4262 4274 4275
f 4259 4273 4260
f 4257 4271 4258
f 4266 4280 4267
f 4265 4277 4278
f 4263 4275 4276
f 4260 4274 4261
f 4271 4285 4272
f 4269 4283 4270
f 4281 4293 4294
f 4279 4291 4292
f 4277 4289 4290
f 4274 4288 4275
f 4273 4285 4286
f 4271 4283 4284
f 4280 4292 4293
f 4277 4291 4278
f 4275 4289 4276
f 4274 4286 4287
f 4284 4298 4285
f 4282 4296 4283
f 4294 4306 4307
f 4291 4305 4292
f 4290 4302 4303
f 4287 4301 4288
f 4286 4298 4299
f 4284 4296 4297
f 4293 4305 4306
f 4290 4304 4291
f 4288 4302 4289
f 4287 4299 4300
f 4297 4311 4298
f 4296 4308 4309
f 4306 4320 4307
f 4304 4318 4305
f 4303 4315 4316
f 4300 4314 4301
f 4298 4312 4299
f 4297 4309 4310
f 4305 4319 4306
f 4304 4316 4317
f 4302 4314 4315
f 4300 4312 4313
f 4310 4324 4311
f 4308 4322 4309
f 4320 4332 4333
f 4318 4330 4331
f 4316 4328 4329
f 4313 4327 4314
f 4311 4325 4312
f 4310 4322 4323
f 4318 4332 4319
f 4316 4330 4317
f 4315 4327 4328
f 4312 4326 4313
f 4323 4337 4324
f 4322 4334 4335
f 4332 4346 4333
f 4330 4344 4331
f 4329 4341 4342
f 4327 4339 4340
f 4325 4337 4338
f 4322 4336 4323
f 4332 4344 4345
f 4330 4342 4343
f 4327 4341 4328
f 4325 4339 4326
f 4337 4350 4351
f 4334 4349 4335
f 4346 4359 4360
f 4344 4357 4358
f 4341 4356 4342
f 4340 4353 4354
f 4338 4351 4352
f 4335 4350 4336
f 4345 4358 4359
f 4343 4356 4357
f 4340 4355 4341
f 4338 4353 4339
f 4351 4363 4364
f 4349 4361 4362
f 4359 4373 4360
f 4358 4370 4371
f 4355 4369 4356
f 4354 4366 4367
f 4351 4365 4352
f 4349 4363 4350
f 4358 4372 4359
f 4357 4369 4370
f 4355 4367 4368
f 4352 4366 4353
f 4364 4376 4377
f 4362 4374 4375
f 4373 4385 4386
f 4370 4384 4371
f 4368 4382 4369
f 4367 4379 4380
f 4364 4378 4365
f 4362 4376 4363
f 4372 4384 4385
f 4370 4382 4383
f 4368 4380 4381
f 4365 4379 4366
f 4376 4390 4377
f 4374 4388 4375
f 4385 4399 4386
f 4384 4396 4397
f 4382 4394 4395
f 4379 4393 4380
f 4378 4390 4391
f 4376 4388 4389
f 4384 4398 4385
f 4382 4396 4383
f 4380 4394 4381
f 4379 4391 4392
f 4389 4403 4390
f 4387 4401 4388
f 4399 4411 4412
f 4396 4410 4397
f 4395 4407 4408
f 4393 4405 4406
f 4391 4403 4404
f 4389 4401 4402
f 4398 4410 4411
f 4395 4409 4396
f 4393 4407 4394
f 4391 4405 4392
f 4402 4416 4403
f 4401 4413 4414
f 4411 4425 4412
f 4409 4423 4410
f 4408 4420 4421
f 4406 4418 4419
f 4403 4417 4404
f 4402 4414 4415
f 4410 4424 4411
f 4408 4422 4409
f 4407 4419 4420
f 4404 4418 4405
f 4416 4428 4429
f 4413 4427 4414
f 4425 4437 4438
f 4423 4435 4436
f 4421 4433 4434
f 4418 4432 4419
f 4416 4430 4417
f 4415 4427 4428
f 4423 4437 4424
f 4421 4435 4422
f 4420 4432 4433
f 4418 4430 4431
f 4428 4442 4429
f 4426 4440 4427
f 4437 4451 4438
f 4435 4449 4436
f 4434 4446 4447
f 4432 4444 4445
f 4430 4442 4443
f 4427 4441 4428
f 4437 4449 4450
f 4435 4447 4448
f 4432 4446 4433
f 4430 4444 4431
f 4442 4454 4455
f 4439 4453 4440
f 4451 4463 4464
f 4449 4461 4462
f 4446 4460 4447
f 4444 4458 4445
f 4443 4455 4456
f 4440 4454 4441
f 4450 4462 4463
f 4447 4461 4448
f 4445 4459 4446
f 4444 4456 4457
f 4455 4467 4468
f 4453 4465 4466
f 4463 4477 4464
f 4462 4474 4475
f 4459 4473 4460
f 4457 4471 4458
f 4455 4469 4456
f 4453 4467 4454
f 4462 4476 4463
f 4461 4473 4474
f 4459 4471 4472
f 4457 4469 4470
f 4347 4073 4086
f 4347 4086 4099
f 4347 4099 4112
f 4347 4112 4125
f 4347 4125 4138
f 4347 4138 4151
f 4347 4151 4164
f 4347 4164 4177
f 4347 4177 4190
f 4347 4190 4203
f 4347 4203 4216
f 4347 4216 4229
f 4347 4229 4242
f 4347 4242 4255
f 4347 4255 4268
f 4347 4268 4281
f 4347 4281 4294
f 4347 4294 4307
f 4347 4307 4320
f 4347 4320 4333
f 4347 4333 4346
f 4347 4346 4360
f 4347 4360 4373
f 4347 4373 4386
f 4347 4386 4399
f 4347 4399 4412
f 4347 4412 4425
f 4347 4425 4438
f 4347 4438 4451
f 4347 4451 4464
f 4347 4464 4477
f 4468 4063 4064
f 4466 4061 4062
f 4477 4072 4073
f 4474 4071 4475
f 4472 4069 4473
f 4471 4066 4067
f 4468 4065 4469
f 4466 4063 4467
f 4347 4477 4073
f 4476 4071 4072
f 4474 4069 4070
f 4472 4067 4068
f 4469 4066 4470
f 3935 4465 4060
f 4465 4056 4060
f 4452 4051 4056
f 4439 4047 4051
f 4047 4413 4043
f 4043 4400 4039
f 4039 4387 4035
f 4387 4031 4035
f 4031 4361 4027
f 4361 4023 4027
f 4348 4019 4023
f 4334 4015 4019
f 4015 4308 4011
f 4011 4295 4007
f 4007 4282 4003
f 4282 3999 4003
f 3999 4256 3995
f 4256 3991 3995
f 4243 3987 3991
f 4230 3983 3987
f 3983 4204 3979
f 3979 4191 3975
f 3975 4178 3971
f 4178 3967 3971
f 3967 4152 3963
f 4152 3959 3963
f 4139 3955 3959
f 4126 3951 3955
f 3951 4100 3947
f 3947 4087 3943
f 3943 4074 3939
f 4074 3935 3939
f 4480 4483 4484
f 4480 4485 4481
f 4479 4482 4483
f 4484 4489 4485
f 4482 4487 4483
f 4483 4488 4484
f 4488 4493 4489
f 4487 4490 4491
f 4488 4491 4492
f 4493 4496 4497
f 4490 4495 4491
f 4491 4496 4492
f 4496 4501 4497
f 4495 4498 4499
f 4496 4499 4500
f 4501 4504 4505
f 4498 4503 4499
f 4499 4504 4500
f 4505 4508 4509
f 4503 4506 4507
f 4504 4507 4508
f 4509 4512 4513
f 4506 4511 4507
f 4507 4512 4508
f 4513 4516 4517
f 4511 4514 4515
f 4512 4515 4516
f 4516 4521 4517
f 4514 4519 4515
f 4515 4520 4516
f 4520 4525 4521
f 4518 4523 4519
f 4520 4523 4524
f 4525 4528 4529
f 4522 4527 4523
f 4523 4528 4524
f 4528 4533 4529
f 4527 4530 4531
f 4528 4531 4532
f 4533 4536 4537
f 4530 4535 4531
f 4531 4536 4532
f 4537 4540 4541
f 4534 4539 4535
f 4536 4539 4540
f 4541 4544 4545
f 4539 4542 4543
f 4539 4544 4540
f 4544 4549 4545
f 4542 4547 4543
f 4544 4547 4548
f 4548 4553 4549
f 4547 4550 4551
f 4547 4552 4548
f 4552 4557 4553
f 4551 4554 4555
f 4552 4555 4556
f 4557 4560 4561
f 4554 4559 4555
f 4555 4560 4556
f 4560 4565 4561
f 4559 4562 4563
f 4560 4563 4564
f 4565 4568 4569
f 4562 4567 4563
f 4563 4568 4564
f 4569 4572 4573
f 4567 4570 4571
f 4568 4571 4572
f 4572 4577 4573
f 4570 4575 4571
f 4571 4576 4572
f 4576 4581 4577
f 4575 4578 4579
f 4576 4579 4580
f 4580 4585 4581
f 4578 4583 4579
f 4579 4584 4580
f 4584 4589 4585
f 4583 4586 4587
f 4584 4587 4588
f 4589 4592 4593
f 4586 4591 4587
f 4587 4592 4588
f 4592 4597 4593
f 4591 4594 4595
f 4592 4595 4596
f 4597 4601 4602
f 4594 4600 4595
f 4595 4601 4596
f 4602 4605 4606
f 4600 4603 4604
f 4601 4604 4605
f 4478 4598 4482
f 4482 4598 4486
f 4486 4598 4490
f 4490 4598 4494
f 4494 4598 4498
f 4498 4598 4502
f 4502 4598 4506
f 4506 4598 4510
f 4510 4598 4514
f 4514 4598 4518
f 4518 4598 4522
f 4522 4598 4526
f 4526 4598 4530
f 4530 4598 4534
f 4534 4598 4538
f 4538 4598 4542
f 4542 4598 4546
f 4546 4598 4550
f 4550 4598 4554
f 4554 4598 4558
f 4558 4598 4562
f 4562 4598 4566
f 4566 4598 4570
f 4570 4598 4574
f 4574 4598 4578
f 4578 4598 4582
f 4582 4598 4586
f 4586 4598 4590
f 4590 4598 4594
f 4594 4598 4599
f 4599 4598 4603
f 4606 4480 4481
f 4603 4479 4604
f 4604 4480 4605
f 4603 4598 4478
f 4615 4627 4628
f 4612 4626 4613
f 4611 4623 4624
f 4609 4621 4622
f 4618 4630 4631
f 4615 4629 4616
f 4613 4627 4614
f 4612 4624 4625
f 4609 4623 4610
f 4607 4621 4608
f 4619 4631 4632
f 4617 4629 4630
f 4622 4636 4623
f 4620 4634 4621
f 4632 4644 4645
f 4629 4643 4630
f 4628 4640 4641
f 4626 4638 4639
f 4624 4636 4637
f 4622 4634 4635
f 4631 4643 4644
f 4628 4642 4629
f 4626 4640 4627
f 4624 4638 4625
f 4635 4649 4636
f 4634 4646 4647
f 4644 4658 4645
f 4642 4656 4643
f 4641 4653 4654
f 4639 4651 4652
f 4636 4650 4637
f 4635 4647 4648
f 4643 4657 4644
f 4642 4654 4655
f 4640 4652 4653
f 4637 4651 4638
f 4648 4662 4649
f 4646 4660 4647
f 4658 4670 4671
f 4656 4668 4669
f 4653 4667 4654
f 4651 4665 4652
f 4649 4663 4650
f 4648 4660 4661
f 4656 4670 4657
f 4654 4668 4655
f 4653 4665 4666
f 4651 4663 4664
f 4661 4675 4662
f 4660 4672 4673
f 4670 4684 4671
f 4668 4682 4669
f 4667 4679 4680
f 4665 4677 4678
f 4663 4675 4676
f 4661 4673 4674
f 4670 4682 4683
f 4667 4681 4668
f 4665 4679 4666
f 4663 4677 4664
f 4675 4687 4688
f 4672 4686 4673
f 4684 4696 4697
f 4682 4694 4695
f 4679 4693 4680
f 4678 4690 4691
f 4676 4688 4689
f 4673 4687 4674
f 4683 4695 4696
f 4681 4693 4694
f 4678 4692 4679
f 4676 4690 4677
f 4688 4700 4701
f 4686 4698 4699
f 4696 4710 4697
f 4695 4707 4708
f 4692 4706 4693
f 4691 4703 4704
f 4688 4702 4689
f 4686 4700 4687
f 4695 4709 4696
f 4694 4706 4707
f 4692 4704 4705
f 4689 4703 4690
f 4701 4713 4714
f 4699 4711 4712
f 4710 4722 4723
f 4707 4721 4708
f 4705 4719 4706
f 4704 4716 4717
f 4701 4715 4702
f 4699 4713 4700
f 4709 4721 4722
f 4707 4719 4720
f 4705 4717 4718
f 4702 4716 4703
f 4713 4727 4714
f 4711 4725 4712
f 4723 4735 4736
f 4721 4733 4734
f 4719 4731 4732
f 4716 4730 4717
f 4715 4727 4728
f 4713 4725 4726
f 4721 4735 4722
f 4719 4733 4720
f 4717 4731 4718
f 4716 4728 4729
f 4726 4740 4727
f 4724 4738 4725
f 4736 4748 4749
f 4733 4747 4734
f 4732 4744 4745
f 4730 4742 4743
f 4728 4740 4741
f 4726 4738 4739
f 4735 4747 4748
f 4732 4746 4733
f 4730 4744 4731
f 4728 4742 4729
f 4739 4753 4740
f 4738 4750 4751
f 4748 4762 4749
f 4746 4760 4747
f 4745 4757 4758
f 4743 4755 4756
f 4740 4754 4741
f 4739 4751 4752
f 4747 4761 4748
f 4745 4759 4746
f 4744 4756 4757
f 4741 4755 4742
f 4753 4765 4766
f 4750 4764 4751
f 4762 4774 4775
f 4759 4773 4760
f 4758 4770 4771
f 4755 4769 4756
f 4753 4767 4754
f 4752 4764 4765
f 4760 4774 4761
f 4758 4772 4759
f 4757 4769 4770
f 4755 4767 4768
f 4765 4779 4766
f 4764 4776 4777
f 4774 4788 4775
f 4772 4786 4773
f 4771 4783 4784
f 4769 4781 4782
f 4767 4779 4780
f 4765 4777 4778
f 4774 4786 4787
f 4771 4785 4772
f 4769 4783 4770
f 4767 4781 4768
f 4779 4791 4792
f 4776 4790 4777
f 4788 4800 4801
f 4786 4798 4799
f 4783 4797 4784
f 4782 4794 4795
f 4780 4792 4793
f 4777 4791 4778
f 4787 4799 4800
f 4785 4797 4798
f 4782 4796 4783
f 4780 4794 4781
f 4792 4804 4805
f 4790 4802 4803
f 4800 4814 4801
f 4799 4811 4812
f 4796 4810 4797
f 4795 4807 4808
f 4792 4806 4793
f 4790 4804 4791
f 4799 4813 4800
f 4798 4810 4811
f 4796 4808 4809
f 4793 4807 4794
f 4805 4817 4818
f 4803 4815 4816
f 4814 4826 4827
f 4811 4825 4812
f 4809 4823 4810
f 4808 4820 4821
f 4805 4819 4806
f 4803 4817 4804
f 4813 4825 4826
f 4811 4823 4824
f 4809 4821 4822
f 4806 4820 4807
f 4817 4831 4818
f 4815 4829 4816
f 4826 4840 4827
f 4825 4837 4838
f 4823 4835 4836
f 4820 4834 4821
f 4819 4831 4832
f 4817 4829 4830
f 4825 4839 4826
f 4823 4837 4824
f 4821 4835 4822
f 4820 4832 4833
f 4830 4844 4831
f 4828 4842 4829
f 4840 4852 4853
f 4837 4851 4838
f 4836 4848 4849
f 4834 4846 4847
f 4832 4844 4845
f 4830 4842 4843
f 4839 4851 4852
f 4836 4850 4837
f 4834 4848 4835
f 4832 4846 4833
f 4843 4857 4844
f 4842 4854 4855
f 4852 4866 4853
f 4850 4864 4851
f 4849 4861 4862
f 4847 4859 4860
f 4844 4858 4845
f 4843 4855 4856
f 4851 4865 4852
f 4849 4863 4850
f 4848 4860 4861
f 4845 4859 4846
f 4857 4869 4870
f 4855 4867 4868
f 4866 4878 4879
f 4864 4876 4877
f 4862 4874 4875
f 4859 4873 4860
f 4857 4871 4858
f 4856 4868 4869
f 4864 4878 4865
f 4862 4876 4863
f 4861 4873 4874
f 4859 4871 4872
f 4869 4883 4870
f 4868 4880 4881
f 4878 4892 4879
f 4877 4889 4890
f 4874 4888 4875
f 4873 4885 4886
f 4871 4883 4884
f 4868 4882 4869
f 4878 4890 4891
f 4876 4888 4889
f 4873 4887 4874
f 4871 4885 4872
f 4883 4896 4897
f 4880 4895 4881
f 4892 4905 4906
f 4890 4903 4904
f 4887 4902 4888
f 4885 4900 4886
f 4884 4897 4898
f 4881 4896 4882
f 4891 4904 4905
f 4889 4902 4903
f 4886 4901 4887
f 4885 4898 4899
f 4897 4909 4910
f 4895 4907 4908
f 4905 4919 4906
f 4904 4916 4917
f 4901 4915 4902
f 4899 4913 4900
f 4897 4911 4898
f 4895 4909 4896
f 4904 4918 4905
f 4903 4915 4916
f 4901 4913 4914
f 4899 4911 4912
f 4910 4922 4923
f 4908 4920 4921
f 4919 4931 4932
f 4916 4930 4917
f 4914 4928 4915
f 4913 4925 4926
f 4910 4924 4911
f 4908 4922 4909
f 4918 4930 4931
f 4916 4928 4929
f 4914 4926 4927
f 4911 4925 4912
f 4922 4936 4923
f 4920 4934 4921
f 4931 4945 4932
f 4930 4942 4943
f 4928 4940 4941
f 4925 4939 4926
f 4924 4936 4937
f 4922 4934 4935
f 4930 4944 4931
f 4928 4942 4929
f 4926 4940 4927
f 4925 4937 4938
f 4935 4949 4936
f 4933 4947 4934
f 4945 4957 4958
f 4942 4956 4943
f 4941 4953 4954
f 4938 4952 4939
f 4937 4949 4950
f 4935 4947 4948
f 4944 4956 4957
f 4941 4955 4942
f 4939 4953 4940
f 4938 4950 4951
f 4948 4962 4949
f 4947 4959 4960
f 4957 4971 4958
f 4955 4969 4956
f 4954 4966 4967
f 4951 4965 4952
f 4949 4963 4950
f 4948 4960 4961
f 4956 4970 4957
f 4954 4968 4955
f 4953 4965 4966
f 4951 4963 4964
f 4962 4974 4975
f 4959 4973 4960
f 4971 4983 4984
f 4968 4982 4969
f 4966 4980 4967
f 4964 4978 4965
f 4962 4976 4963
f 4960 4974 4961
f 4969 4983 4970
f 4967 4981 4968
f 4966 4978 4979
f 4964 4976 4977
f 4975 4987 4988
f 4973 4985 4986
f 4983 4997 4984
f 4981 4995 4982
f 4979 4993 4980
f 4978 4990 4991
f 4976 4988 4989
f 4973 4987 4974
f 4983 4995 4996
f 4981 4993 4994
f 4978 4992 4979
f 4976 4990 4977
f 4988 5000 5001
f 4985 4999 4986
f 4997 5009 5010
f 4995 5007 5008
f 4992 5006 4993
f 4991 5003 5004
f 4989 5001 5002
f 4986 5000 4987
f 4996 5008 5009
f 4994 5006 5007
f 4991 5005 4992
f 4989 5003 4990
f 5001 5013 5014
f 4999 5011 5012
f 5009 5023 5010
f 5008 5020 5021
f 5005 5019 5006
f 5004 5016 5017
f 5001 5015 5002
f 4999 5013 5000
f 5008 5022 5009
f 5007 5019 5020
f 5005 5017 5018
f 5002 5016 5003
f 4893 4619 4632
f 4893 4632 4645
f 4893 4645 4658
f 4893 4658 4671
f 4893 4671 4684
f 4893 4684 4697
f 4893 4697 4710
f 4893 4710 4723
f 4893 4723 4736
f 4893 4736 4749
f 4893 4749 4762
f 4893 4762 4775
f 4893 4775 4788
f 4893 4788 4801
f 4893 4801 4814
f 4893 4814 4827
f 4893 4827 4840
f 4893 4840 4853
f 4893 4853 4866
f 4893 4866 4879
f 4893 4879 4892
f 4893 4892 4906
f 4893 4906 4919
f 4893 4919 4932
f 4893 4932 4945
f 4893 4945 4958
f 4893 4958 4971
f 4893 4971 4984
f 4893 4984 4997
f 4893 4997 5010
f 4893 5010 5023
f 5014 4609 4610
f 5012 4607 4608
f 5022 4619 5023
f 5020 4617 5021
f 5018 4615 5019
f 5017 4612 4613
f 5014 4611 5015
f 5012 4609 5013
f 4893 5023 4619
f 5021 4618 5022
f 5020 4615 4616
f 5018 4613 4614
f 5015 4612 5016
f 4481 5011 4606
f 5011 4602 4606
f 4998 4597 4602
f 4985 4593 4597
f 4593 4959 4589
f 4589 4946 4585
f 4585 4933 4581
f 4933 4577 4581
f 4577 4907 4573
f 4907 4569 4573
f 4894 4565 4569
f 4880 4561 4565
f 4561 4854 4557
f 4557 4841 4553
f 4553 4828 4549
f 4828 4545 4549
f 4545 4802 4541
f 4802 4537 4541
f 4789 4533 4537
f 4776 4529 4533
f 4529 4750 4525
f 4525 4737 4521
f 4521 4724 4517
f 4724 4513 4517
f 4513 4698 4509
f 4698 4505 4509
f 4685 4501 4505
f 4672 4497 4501
f 4497 4646 4493
f 4493 4633 4489
f 4489 4620 4485
f 4620 4481 4485
f 4 3 2
f 8 7 6
f 13 16 15
f 17 28 19
f 32 31 30
f 36 35 34
f 37 40 39
f 21 22 23
f 25 26 27
f 41 44 43
f 48 47 46
f 52 51 50
f 53 56 55
f 60 59 58
f 29 30 62
f 66 65 64
f 67 5 6
f 72 71 70
f 76 75 74
f 77 80 79
f 81 84 83
f 59 87 86
f 88 91 90
f 96 95 94
f 100 99 98
f 101 104 103
f 106 105 34
f 108 116 115
f 117 119 36
f 124 127 126
f 131 130 129
f 132 102 134
f 142 141 140
f 148 106 60
f 144 143 127
f 149 152 151
f 156 155 154
f 159 150 158
f 116 108 164
f 171 170 169
f 174 126 173
f 179 182 181
f 186 189 188
f 194 197 196
f 199 142 139
f 206 209 208
f 213 212 211
f 202 215 214
f 96 93 216
f 92 238 43
f 97 184 246
f 250 249 229
f 252 254 58
f 258 257 256
f 260 91 229
f 110 111 112
f 114 264 263
f 265 268 267
f 56 53 270
f 274 273 249
f 185 183 63
f 280 279 278
f 285 284 283
f 288 219 211
f 141 142 92
f 289 290 175
f 148 116 105
f 312 311 170
f 238 262 42
f 318 163 160
f 310 309 308
f 241 239 325
f 160 230 240
f 47 48 307
f 108 109 315
f 345 85 86
f 348 351 350
f 356 359 358
f 355 354 353
f 363 31 32
f 364 252 253
f 366 125 368
f 183 372 371
f 163 162 161
f 209 226 101
f 378 377 165
f 379 295 381
f 383 382 3
f 284 285 386
f 387 127 389
f 391 259 229
f 73 281 397
f 405 408 407
f 203 218 411
f 414 121 413
f 1 356 357
f 277 276 131
f 254 344 57
f 358 384 415
f 417 416 386
f 401 400 192
f 419 389 127
f 421 181 182
f 103 301 302
f 428 367 368
f 380 390 359
f 62 204 266
f 140 141 431
f 357 358 351
f 356 1 379
f 415 392 403
f 437 428 436
f 438 441 440
f 188 451 450
f 265 455 181
f 224 185 64
f 237 212 213
f 275 131 128
f 281 282 460
f 50 462 79
f 73 74 282
f 468 467 466
f 390 355 352
f 482 485 484
f 489 488 487
f 493 496 495
f 472 471 470
f 502 501 500
f 220 221 222
f 512 419 143
f 518 517 511
f 513 239 230
f 205 30 31
f 189 370 451
f 163 318 532
f 533 224 225
f 446 448 447
f 335 541 540
f 544 512 546
f 329 519 291
f 199 534 262
f 385 386 416
f 532 190 191
f 363 117 118
f 578 581 580
f 573 572 571
f 561 563 562
f 241 260 259
f 590 593 592
f 545 546 595
f 503 154 155
f 606 625 624
f 478 481 480
f 646 649 648
f 590 591 689
f 564 565 651
f 728 246 184
f 714 724 716
f 692 574 575
f 541 335 581
f 346 68 248
f 161 231 230
f 128 129 94
f 698 705 704
f 574 577 576
f 290 289 401
f 630 631 725
f 733 736 735
f 755 466 496
f 759 480 481
f 757 763 762
f 764 496 466
f 768 767 3808
f 759 760 488
f 492 474 475
f 474 770 769
f 773 468 465
f 771 774 486
f 484 485 775
f 774 776 489
f 495 496 764
f 495 757 761
f 137 397 784
f 325 239 797
f 165 519 51
f 369 32 29
f 730 731 568
f 90 302 301
f 243 118 516
f 800 734 806
f 817 815 808
f 816 808 823
f 306 303 447
f 815 810 809
f 829 830 828
f 726 725 501
f 274 427 424
f 879 882 881
f 884 883 879
f 219 218 217
f 906 905 904
f 455 204 205
f 898 882 830
f 903 900 880
f 377 291 519
f 923 949 948
f 946 947 951
f 3519 740 739
f 900 899 886
f 225 64 65
f 182 445 442
f 809 952 947
f 954 960 962
f 927 950 965
f 885 879 880
f 925 927 966
f 343 342 341
f 965 964 971
f 968 971 970
f 972 968 969
f 963 961 981
f 336 337 338
f 992 993 827
f 810 815 996
f 1007 1001 1002
f 1012 826 827
f 1011 1009 1007
f 294 293 292
f 907 908 920
f 1017 579 1019
f 1020 1023 1022
f 1035 1024 1020
f 1061 1060 1047
f 1063 1061 1046
f 1044 1020 1021
f 1102 1094 1097
f 1116 1126 1118
f 1016 1015 1014
f 881 897 904
f 816 1116 1127
f 1094 948 949
f 514 342 167
f 146 145 81
f 1133 1135 1130
f 1102 1133 1126
f 822 1126 1116
f 1145 1143 1148
f 1076 1144 1151
f 1148 1143 1086
f 1109 1097 1114
f 1154 1153 1156
f 1153 925 967
f 3464 3497 463
f 1144 1147 1152
f 1156 967 1163
f 1164 1162 1169
f 1145 1171 1176
f 1114 1115 1154
f 1183 1155 1164
f 1184 1183 1177
f 1069 1151 1062
f 1023 1191 1194
f 1162 1163 1170
f 1195 1184 1185
f 1183 1196 1176
f 1201 1063 1152
f 1061 1063 1201
f 3825 847 843
f 1203 1202 1195
f 1202 1201 1184
f 1218 1060 1203
f 1060 1061 1202
f 1225 1218 1217
f 671 695 694
f 1219 1217 1024
f 1217 1203 1034
f 1226 1014 1015
f 1243 1242 1234
f 1231 1230 1229
f 847 1243 1233
f 843 1233 1244
f 1233 1234 1245
f 1923 3761 233
f 2100 2108 499
f 3914 3864 2135
f 61 62 323
f 210 211 217
f 1299 1310 1309
f 3863 1230 1231
f 1066 1047 1321
f 1322 1321 1228
f 1060 1218 1321
f 1325 1324 1323
f 1244 1245 1332
f 1290 1234 1242
f 1337 1330 1339
f 1330 1332 1340
f 1341 1332 1245
f 1342 1340 1332
f 1343 1342 1341
f 1344 1341 1294
f 3857 3856 1345
f 1347 1348 1342
f 3856 3854 1295
f 1349 1350 1348
f 3861 1349 1347
f 3853 1347 1343
f 906 898 829
f 905 906 1353
f 865 1356 1355
f 1355 1353 829
f 1357 1355 825
f 1356 1354 1353
f 3834 1337 1338
f 866 1358 1356
f 1358 1359 1354
f 3828 878 1337
f 838 1362 1012
f 1363 1364 1338
f 1368 1363 1339
f 1348 1368 1340
f 1371 1369 3824
f 524 525 526
f 528 529 530
f 1372 1370 1369
f 535 536 537
f 1367 1368 1348
f 1370 1354 1359
f 1369 1359 3833
f 1373 910 903
f 555 556 557
f 1374 909 910
f 1373 904 905
f 1374 1373 1375
f 1375 905 1354
f 1378 920 908
f 376 373 651
f 1388 928 973
f 586 587 588
f 1390 1389 1388
f 1391 1388 969
f 597 598 599
f 600 601 602
f 1392 1391 970
f 608 609 610
f 612 524 523
f 614 615 616
f 617 618 25
f 620 621 622
f 1397 1390 1391
f 1398 1397 1392
f 1400 987 920
f 1402 1403 1165
f 636 637 638
f 930 1404 1402
f 641 642 643
f 929 1402 1169
f 1404 1405 1403
f 1411 1366 1365
f 1412 1406 1415
f 652 653 654
f 609 656 657
f 659 660 661
f 558 663 586
f 665 666 667
f 1413 1411 1406
f 1418 1416 3810
f 1417 1372 1371
f 1416 1371 3829
f 1419 1417 1416
f 1386 909 1374
f 677 678 679
f 1385 1386 1420
f 1420 1374 1376
f 685 686 687
f 1421 1420 1422
f 528 690 691
f 1422 1376 1372
f 1018 1019 747
f 699 700 701
f 1424 578 579
f 3663 1597 1767
f 700 699 711
f 1093 3746 3754
f 717 718 530
f 721 722 723
f 704 1650 3543
f 19 1429 1426
f 1429 1428 1427
f 1658 1659 3542
f 1439 1437 1434
f 1437 1436 1435
f 1426 1427 1433
f 1442 1431 1432
f 742 743 744
f 1432 1433 1441
f 751 752 753
f 1438 1434 1403
f 1446 1445 1444
f 1447 1448 1446
f 3860 1447 1443
f 1415 1367 1445
f 1414 1415 1446
f 2173 1683 469
f 777 778 779
f 780 781 782
f 1676 1693 1806
f 3859 1451 1349
f 789 790 791
f 745 792 793
f 652 794 795
f 1455 1458 1457
f 1454 1367 1350
f 610 691 802
f 3831 3816 698
f 1352 1044 1045
f 1015 1016 1459
f 811 812 813
f 2118 3815 3817
f 819 820 821
f 1466 1463 1194
f 1467 1468 1465
f 1182 1165 1468
f 832 812 833
f 835 836 837
f 1467 1466 1190
f 1469 1470 1444
f 840 700 712
f 1453 1470 1469
f 599 844 845
f 1226 1450 3849
f 851 852 853
f 855 744 856
f 858 859 860
f 861 862 863
f 1014 1226 3855
f 867 676 868
f 870 871 872
f 874 875 876
f 1310 1323 1471
f 1476 1433 1427
f 1461 1476 1475
f 887 888 889
f 788 791 892
f 894 895 896
f 1460 1475 1227
f 901 902 524
f 1465 1478 1477
f 1865 3503 3500
f 911 912 913
f 916 917 918
f 1850 3505 3507
f 921 922 895
f 1479 1435 1436
f 926 664 667
f 1481 562 563
f 269 1483 84
f 931 932 933
f 934 935 614
f 936 685 688
f 938 659 662
f 1484 270 122
f 941 942 835
f 320 321 509
f 1849 3510 3505
f 84 1483 1484
f 1487 1490 1488
f 1757 1758 3502
f 365 1492 1491
f 461 79 80
f 117 363 362
f 1494 540 541
f 926 601 957
f 1477 1441 1433
f 1709 1588 1585
f 119 117 1496
f 271 1497 504
f 511 517 189
f 345 1496 1492
f 57 344 299
f 1501 1499 268
f 267 268 1499
f 974 975 976
f 1678 1652 1693
f 3846 1682 1807
f 557 982 663
f 983 941 984
f 1443 1444 3849
f 421 1500 268
f 989 990 991
f 1490 1487 418
f 279 280 309
f 997 868 676
f 998 26 999
f 1504 418 38
f 1506 1508 1507
f 360 361 1508
f 1506 1486 207
f 939 1005 1006
f 270 1484 1483
f 66 63 546
f 1010 742 793
f 367 428 437
f 244 31 363
f 1670 3532 3534
f 209 206 1510
f 388 389 426
f 427 274 250
f 161 520 521
f 100 246 45
f 1025 1026 608
f 1029 1030 1031
f 939 662 1033
f 41 42 594
f 1036 780 783
f 702 701 1038
f 1040 1041 1042
f 362 32 369
f 187 1520 477
f 70 1487 539
f 1049 600 603
f 613 867 869
f 860 1050 1051
f 1005 1052 1053
f 753 1055 1056
f 1057 1058 1059
f 293 288 1522
f 288 212 1521
f 292 1522 1523
f 331 1507 1508
f 306 452 453
f 100 44 41
f 462 1524 78
f 330 331 1524
f 635 1067 1068
f 1485 1527 1526
f 206 1485 1528
f 1070 1071 1072
f 942 941 1073
f 916 933 1075
f 440 1529 1530
f 157 158 1514
f 1529 162 5
f 371 595 546
f 790 586 663
f 1077 858 857
f 1403 1434 1435
f 1080 1081 1082
f 531 520 1529
f 21 1083 1084
f 272 1532 1531
f 690 712 802
f 335 3571 3567
f 1090 1030 1029
f 1092 795 794
f 1533 396 137
f 661 660 1095
f 69 444 445
f 1099 1100 1101
f 38 39 1536
f 1104 1105 1106
f 852 1107 1108
f 1377 908 909
f 291 377 411
f 316 1536 516
f 539 1488 1533
f 1505 1536 316
f 1110 1111 1112
f 1539 1537 460
f 522 441 1537
f 834 837 1120
f 1122 1123 1124
f 612 1125 1041
f 935 793 615
f 276 278 130
f 1686 3549 3522
f 193 190 1541
f 231 521 1540
f 556 1037 982
f 365 253 85
f 190 532 318
f 1810 765 3574
f 3924 1867 3512
f 1132 983 985
f 208 101 102
f 1134 1033 662
f 1491 518 80
f 429 133 1542
f 1137 1138 915
f 172 436 428
f 1139 1140 1141
f 549 96 54
f 1517 1519 1518
f 834 1119 984
f 1543 513 286
f 1544 797 239
f 133 134 1544
f 506 361 257
f 420 327 328
f 1158 1159 1160
f 587 1104 1103
f 607 1161 1027
f 304 1546 1545
f 364 1491 77
f 69 70 198
f 700 840 1112
f 3877 626 3525
f 1166 719 657
f 1167 1168 858
f 1300 3523 3524
f 1172 1173 1174
f 218 203 200
f 1179 1180 1181
f 372 183 97
f 89 104 227
f 1186 1187 1188
f 172 173 1517
f 1482 84 81
f 1090 1192 1193
f 394 395 353
f 526 525 1198
f 1199 1200 1026
f 606 623 697
f 1204 1205 1206
f 1207 1208 523
f 1209 1210 867
f 914 913 685
f 1478 1436 1441
f 1029 1028 1161
f 1211 1212 1213
f 3858 1453 1451
f 844 1215 1216
f 423 193 273
f 1220 1221 1222
f 22 1223 1224
f 882 898 897
f 1519 1517 173
f 1189 1188 1232
f 349 350 550
f 1071 1235 1236
f 1237 1238 1239
f 1221 1186 1189
f 1510 1528 1512
f 939 1032 1241
f 1556 1530 5
f 1553 1554 394
f 404 1556 67
f 1247 1248 1249
f 142 199 238
f 1251 1067 635
f 850 1252 1253
f 1254 1167 1077
f 57 132 133
f 443 430 552
f 1187 1172 1175
f 1256 1070 831
f 432 405 382
f 741 748 747
f 434 350 351
f 349 432 383
f 251 124 1481
f 395 384 352
f 1518 1519 1550
f 1558 410 378
f 109 263 314
f 285 1514 1513
f 395 394 393
f 202 203 410
f 417 408 405
f 1246 1257 1258
f 3 1559 297
f 1259 1260 1261
f 403 404 347
f 955 954 953
f 462 50 51
f 1096 1095 687
f 429 147 60
f 896 1264 1265
f 1267 721 1268
f 423 424 327
f 37 179 180
f 20 23 1187
f 1256 1168 1071
f 1188 1175 1269
f 1236 1270 1271
f 1272 536 535
f 565 564 463
f 1273 792 745
f 876 1254 1255
f 316 33 164
f 437 1516 503
f 194 1494 1495
f 1275 1276 864
f 624 625 631
f 1277 1274 1137
f 569 568 567
f 1481 124 125
f 324 325 547
f 1279 1108 1107
f 1525 332 329
f 1281 1278 1137
f 171 168 1553
f 1488 73 396
f 1557 1561 1562
f 1282 856 1206
f 1053 1277 1278
f 778 777 607
f 713 583 3566
f 251 225 144
f 4 357 348
f 709 708 707
f 728 48 45
f 261 135 1563
f 789 1286 1287
f 74 314 263
f 403 284 385
f 1178 1181 1240
f 1223 1259 1289
f 1220 20 1186
f 296 1518 354
f 784 459 1538
f 1181 1180 1291
f 1269 1292 1257
f 1566 1538 438
f 136 784 1566
f 1563 1564 169
f 107 114 109
f 1297 1282 1298
f 1464 1477 1476
f 1520 187 507
f 1301 1302 1303
f 1306 1307 1308
f 175 456 1532
f 1532 456 200
f 1311 1266 1312
f 872 1314 1315
f 3836 843 878
f 1305 1308 864
f 1040 1275 863
f 1564 1566 399
f 592 1576 1575
f 591 1575 1088
f 1581 1584 1583
f 1196 1152 1147
f 710 582 583
f 285 407 408
f 953 954 961
f 1594 1592 1589
f 1585 1588 1587
f 1592 1591 1590
f 3885 945 944
f 1600 1599 1598
f 1604 1603 1602
f 1399 1392 979
f 1589 1590 1596
f 1610 1609 1608
f 298 257 361
f 551 552 276
f 1627 1626 3814
f 859 811 818
f 1078 857 1328
f 1555 439 1530
f 572 573 680
f 772 465 776
f 977 1281 918
f 404 403 392
f 1054 1331 750
f 1644 1645 1643
f 932 1265 1082
f 1067 1333 1334
f 1540 1539 264
f 597 1335 643
f 471 761 762
f 1642 696 3831
f 1644 1642 3842
f 923 946 950
f 96 549 548
f 520 531 522
f 445 444 443
f 849 839 848
f 480 759 755
f 1646 760 481
f 311 426 1567
f 464 463 3497
f 3497 1360 1361
f 234 237 236
f 190 193 192
f 153 154 152
f 231 287 286
f 1552 1553 1551
f 760 1646 1648
f 3832 1647 1649
f 828 827 826
f 52 167 166
f 1663 1662 1661
f 287 107 115
f 668 671 670
f 634 645 640
f 553 560 559
f 118 36 33
f 492 484 491
f 3552 1652 1651
f 582 589 584
f 384 395 392
f 1381 1382 1383
f 1562 1561 435
f 952 953 951
f 3529 3566 583
f 1660 1661 1667
f 1394 1395 1396
f 1660 1665 1664
f 1671 1670 1669
f 1624 1625 1673
f 1407 1408 1409
f 1677 1676 1675
f 1613 1679 1677
f 1679 1678 1676
f 1626 1681 3811
f 534 199 198
f 803 733 734
f 400 248 191
f 65 66 143
f 3526 1657 1656
f 402 159 157
f 629 628 627
f 461 477 49
f 758 757 495
f 796 787 786
f 406 407 1513
f 342 343 166
f 1694 1659 1658
f 1692 1687 1694
f 3557 1693 1652
f 3921 1704 1703
f 326 547 302
f 3916 3921 1702
f 3919 3918 1698
f 1699 1691 3927
f 1557 406 1560
f 1127 1116 1117
f 400 401 289
f 1706 1702 1707
f 1707 1702 1599
f 1709 1706 1708
f 1714 1712 1711
f 3919 3915 1709
f 1704 1711 1577
f 1716 1714 1713
f 1559 1562 1549
f 1722 1721 1720
f 1335 597 596
f 410 411 377
f 973 1170 1163
f 168 169 399
f 1571 682 1089
f 1572 681 682
f 749 646 647
f 1730 1724 1723
f 1594 1582 1729
f 1729 1723 1591
f 1384 1378 1377
f 1732 1731 1712
f 1724 1730 1731
f 1722 1724 1732
f 1721 1722 1733
f 1734 1733 1716
f 1735 1737 1736
f 1733 1732 1714
f 1663 1664 1741
f 1742 1665 1740
f 1738 1739 1737
f 1665 1660 1666
f 1665 1742 1744
f 1725 1726 1746
f 1591 1725 1745
f 1590 1745 1747
f 1745 1746 1748
f 1659 1688 3538
f 3287 1760 3545
f 1185 1177 1182
f 1664 1744 1749
f 1741 1749 1739
f 1746 1742 1743
f 1726 1744 1742
f 1115 924 1153
f 1654 3546 3575
f 1896 3562 3549
f 1720 1749 1744
f 1721 1739 1749
f 1750 1718 1701
f 1697 1736 1750
f 1151 1152 1063
f 1751 1752 1670
f 1695 1658 1752
f 961 962 986
f 1770 1769 1768
f 1766 1594 1593
f 1731 1759 1579
f 1579 1777 1774
f 3928 1772 1771
f 1764 1772 3928
f 1777 1776 1775
f 3762 3763 1699
f 1004 1127 1128
f 1774 1775 1771
f 987 1400 1399
f 1578 1774 1772
f 1783 1782 1781
f 1597 1598 1770
f 639 1878 3895
f 3928 3929 1769
f 1793 1792 1789
f 3929 3920 1798
f 3508 3516 3773
f 1802 1867 3924
f 1788 1790 1794
f 1793 1794 1795
f 3773 3772 1675
f 1584 1581 1783
f 1771 1797 3920
f 1801 1799 1798
f 1768 1769 1798
f 1775 1796 1797
f 508 514 515
f 1796 1803 1802
f 1800 1798 3920
f 1794 1805 1804
f 3532 1670 1752
f 485 1808 1807
f 3809 3844 1640
f 3837 3844 1810
f 485 482 1640
f 1690 1691 3770
f 487 488 1648
f 3839 1813 1816
f 3838 1811 1648
f 3839 1812 1811
f 1812 1809 487
f 1641 1809 767
f 465 466 755
f 767 1815 3823
f 3822 1816 3826
f 1809 1812 1815
f 3837 1653 1651
f 675 672 3541
f 1814 1649 1822
f 1821 1822 3821
f 1824 1822 1649
f 1827 1849 1850
f 1668 1669 1662
f 1779 1780 1848
f 1790 1827 1805
f 1833 1836 1853
f 3521 3506 693
f 1614 1615 1616
f 1852 1853 3498
f 1620 1621 1622
f 1855 1765 1574
f 1847 1852 3501
f 1766 1765 1855
f 1629 1630 1631
f 1633 1622 1634
f 1635 1636 1637
f 1848 1833 1852
f 1855 1861 1863
f 1803 1866 1867
f 1862 1863 1831
f 1782 1855 1862
f 3922 3924 1865
f 1873 1872 1870
f 1874 1869 799
f 2045 3878 3897
f 1219 1345 1295
f 1615 1614 1396
f 3884 3895 1877
f 645 3898 3786
f 1345 1219 1035
f 634 639 3884
f 15 1887 1327
f 3910 3895 1878
f 1894 604 605
f 3506 3551 627
f 3560 640 645
f 340 341 454
f 1897 194 195
f 1889 1882 1877
f 1901 94 129
f 196 749 754
f 1705 1704 3921
f 340 378 166
f 1570 1480 563
f 1904 1494 194
f 1781 1862 1832
f 1905 549 55
f 1000 994 995
f 986 919 920
f 1191 1185 1190
f 2094 2077 2075
f 1920 1921 1919
f 453 454 1912
f 1915 1919 1918
f 3882 2112 2106
f 1655 3575 3531
f 1916 1918 1926
f 704 3554 3561
f 278 1916 1925
f 3565 3564 1818
f 1097 949 1115
f 1927 1928 727
f 3578 3579 3654
f 1920 310 307
f 1929 307 48
f 503 504 1497
f 1902 1903 787
f 1816 1821 3820
f 1925 1926 1923
f 1535 1569 1568
f 254 252 258
f 1509 1497 366
f 119 86 35
f 219 288 293
f 141 46 47
f 542 205 244
f 1940 552 430
f 1779 1828 1827
f 1701 1710 3915
f 1661 3550 3515
f 270 53 754
f 197 1947 749
f 1727 1728 1212
f 53 54 232
f 1465 1468 1479
f 1284 3862 3854
f 1951 446 412
f 168 398 1554
f 1486 1485 206
f 506 77 78
f 994 1001 1007
f 951 953 963
f 1013 3859 3861
f 3826 3820 1820
f 1498 1909 1954
f 299 298 543
f 1754 1755 1756
f 1681 469 1683
f 1696 1694 1695
f 13 14 738
f 473 476 475
f 482 1641 768
f 204 62 30
f 1761 1762 820
f 611 1763 1125
f 1501 1503 1908
f 1074 1073 711
f 1960 1944 82
f 120 1956 1960
f 35 86 87
f 1773 1199 1025
f 1965 1545 1569
f 494 761 471
f 1966 1967 1969
f 446 1951 1971
f 174 368 125
f 1580 1579 1578
f 1785 1786 1787
f 1972 1546 304
f 1254 876 875
f 1973 341 342
f 321 1912 1973
f 1910 277 275
f 509 1973 514
f 1486 1507 1527
f 1974 1874 804
f 1977 1976 1974
f 1980 448 1966
f 379 1 2
f 1718 1715 1710
f 884 995 992
f 1680 1684 1678
f 902 990 525
f 344 255 256
f 135 138 137
f 448 446 1967
f 589 605 604
f 910 909 908
f 1981 1966 1968
f 1982 1981 1987
f 1988 1979 1987
f 1990 1988 1989
f 1991 1989 1993
f 322 321 320
f 992 828 830
f 1144 1076 1086
f 1995 1977 1978
f 1133 1129 1118
f 1997 1995 1994
f 870 1823 1335
f 805 806 1982
f 727 184 2000
f 1996 1994 1988
f 1994 1978 1979
f 1829 616 792
f 1830 1073 941
f 798 803 800
f 729 732 731
f 2011 2012 2023
f 1834 1835 846
f 402 283 284
f 2022 2023 2024
f 1838 718 989
f 810 955 952
f 1823 1839 1840
f 1430 1426 1432
f 1215 844 1841
f 1316 1208 873
f 2112 1401 1384
f 1842 1843 1844
f 1159 846 845
f 837 27 1846
f 1971 1951 2030
f 517 369 370
f 1471 2026 2027
f 3551 3525 626
f 2174 2175 770
f 935 934 1854
f 1613 1619 1611
f 1231 1228 1225
f 1856 1857 891
f 1300 1309 748
f 1150 1149 1858
f 1643 606 696
f 1215 1265 1264
f 1320 1860 902
f 1956 1943 1944
f 2031 668 669
f 2034 1325 1310
f 1879 1880 1656
f 40 245 242
f 1992 1993 2039
f 888 958 957
f 1882 1889 1996
f 1078 1138 1255
f 1871 912 1192
f 294 411 218
f 1323 2041 2026
f 123 1960 83
f 1324 2036 2041
f 384 358 359
f 1324 1325 2038
f 1883 1884 1885
f 287 1540 114
f 1096 1886 1134
f 915 1329 931
f 806 1980 1981
f 3533 3529 584
f 1425 2030 2042
f 1018 2042 1948
f 3562 1896 740
f 1948 2042 649
f 1881 1882 1990
f 1900 129 130
f 992 995 994
f 923 927 925
f 3878 2045 2047
f 1643 2048 625
f 2050 2052 2051
f 2045 1405 1404
f 3876 2047 945
f 1139 1080 1079
f 1037 1856 892
f 2055 2053 2057
f 1198 989 718
f 1619 2058 1612
f 2058 1605 1606
f 2059 2060 1607
f 2058 1619 1624
f 71 72 179
f 405 406 1557
f 322 1548 1972
f 2061 2052 2063
f 2066 2065 2067
f 2052 2061 2064
f 1609 1610 2066
f 1515 151 152
f 1009 827 993
f 1644 3843 3815
f 279 1915 1916
f 1285 3863 3862
f 1647 2066 1825
f 2056 2057 2067
f 319 320 1953
f 667 666 1913
f 2070 631 625
f 2052 2050 2055
f 2038 1654 1655
f 1606 1601 2073
f 1235 1917 1270
f 2072 2073 2075
f 2059 1606 2072
f 2074 2075 2077
f 1601 1602 2078
f 2049 2048 1643
f 1000 1004 1001
f 1089 943 684
f 1931 1286 1306
f 1462 1459 1021
f 1932 1933 1934
f 875 874 1846
f 1936 1051 1937
f 44 45 46
f 1534 1955 1956
f 1541 318 317
f 2081 2082 2084
f 146 1945 1959
f 1360 1941 1942
f 985 984 1032
f 1995 1997 1892
f 2079 2080 2082
f 2095 2096 2076
f 2081 2093 2078
f 2055 2050 2054
f 501 2096 2095
f 2097 2100 2099
f 2098 2099 2094
f 2140 2141 3893
f 2141 2046 3894
f 2051 2070 2048
f 592 2102 2101
f 2071 2064 2076
f 2102 2097 2098
f 593 2103 2102
f 1019 1895 746
f 1950 11 12
f 725 2071 2096
f 1385 2105 2104
f 1379 2104 2106
f 2107 2108 2100
f 3908 726 502
f 3896 502 499
f 940 1389 2109
f 928 929 1170
f 3868 590 684
f 1962 1963 1964
f 3878 680 573
f 2039 1993 1968
f 1389 1390 2110
f 1398 2111 2113
f 3757 3755 3753
f 3911 3883 2107
f 949 923 924
f 260 241 324
f 1390 1397 2113
f 2070 2051 2064
f 3867 3911 2103
f 2105 1385 1421
f 2114 1421 1423
f 3892 2114 2115
f 3908 2105 2114
f 554 2116 1902
f 972 1163 967
f 1765 1593 1573
f 1984 1985 1986
f 2053 2117 2069
f 3573 3556 724
f 1625 1677 1674
f 3881 3888 2119
f 3903 2115 2123
f 56 1954 1906
f 626 3877 3879
f 2001 2002 2003
f 3912 3841 2127
f 2006 2007 2008
f 2127 1413 1412
f 2014 2015 2016
f 2018 2019 2020
f 1495 1424 1947
f 1379 1377 1386
f 3814 3811 1680
f 2029 1885 1884
f 3902 2128 2120
f 629 3879 3914
f 682 683 943
f 724 1650 2121
f 1757 1819 3821
f 765 1810 3844
f 3851 714 715
f 706 707 3870
f 981 986 987
f 1457 1868 1656
f 2017 2016 2032
f 1458 1655 1868
f 1776 1777 1792
f 1959 1945 1946
f 3663 3715 3725
f 3913 3881 2122
f 1093 1089 689
f 966 965 968
f 3852 715 3881
f 2172 3577 2170
f 670 2138 2137
f 3761 787 1903
f 1429 19 28
f 964 963 978
f 3841 3813 1413
f 1473 1474 669
f 3834 3833 1359
f 2138 798 1870
f 1872 1473 2137
f 715 716 3888
f 1881 1991 1992
f 3843 3842 739
f 1837 1847 3513
f 253 58 59
f 1808 3837 3840
f 1647 3832 3818
f 3865 3866 671
f 2112 3882 3883
f 1405 2045 2044
f 3829 3824 1364
f 273 1541 391
f 576 632 3520
f 3875 3865 668
f 1430 1431 2140
f 2136 3850 3860
f 1430 2139 18
f 3893 3894 570
f 1442 1439 2046
f 1431 1442 2141
f 3869 3913 3850
f 3808 3823 1817
f 3866 3893 695
f 2142 2025 798
f 571 2143 2142
f 3819 3814 1618
f 2143 2022 2025
f 694 2142 2138
f 681 1572 2144
f 2144 2011 2022
f 328 210 457
f 1572 2010 2011
f 630 3892 3903
f 2085 2086 2087
f 2090 2091 2092
f 572 2144 2143
f 1875 1976 2153
f 1873 1875 2149
f 2103 2107 2097
f 2157 2043 2155
f 2128 1412 1414
f 3874 3871 589
f 3872 3870 628
f 2149 2153 2158
f 2159 2158 3905
f 698 3907 3902
f 3823 3847 3827
f 2158 2156 3874
f 1438 2044 2046
f 2035 2154 2160
f 2161 2160 3889
f 3871 3891 605
f 3873 17 18
f 370 29 61
f 649 1951 413
f 2153 2157 2156
f 1428 1429 1449
f 1490 76 73
f 3890 3905 710
f 2155 1891 3891
f 1456 1457 1880
f 2125 2088 2087
f 2160 2159 3890
f 300 1959 505
f 1064 1062 1046
f 2043 1892 1891
f 2129 2130 2004
f 2131 2132 2133
f 3848 3849 1450
f 1998 1975 804
f 3879 673 3864
f 474 492 490
f 1164 1165 1182
f 707 2162 3909
f 708 1472 2162
f 2162 2161 3886
f 548 549 1905
f 1145 1136 1114
f 705 2121 1650
f 2043 2157 1977
f 737 738 554
f 1034 1195 1191
f 458 1905 1907
f 195 196 232
f 2040 2039 1969
f 2145 2146 2147
f 2054 2050 2049
f 3832 1646 1639
f 9 12 11
f 252 364 506
f 472 478 479
f 1865 3924 3791
f 900 903 910
f 1941 2150 2151
f 1921 1928 1927
f 2163 1897 1898
f 271 156 153
f 1904 1326 12
f 282 263 264
f 1872 1873 2154
f 1326 1904 1897
f 628 692 693
f 1724 1722 1719
f 1549 1562 436
f 1582 1583 1730
f 1921 1920 1929
f 3563 3511 10
f 2152 2037 1950
f 475 772 774
f 769 2172 2171
f 2171 2165 476
f 476 773 772
f 1791 565 464
f 2166 2167 2168
f 595 371 372
f 483 1809 1641
f 762 2174 2173
f 771 483 484
f 486 487 1809
f 297 1549 1517
f 763 2175 2174
f 776 755 759
f 184 185 2176
f 412 447 303
f 2005 2176 185
f 3811 1681 1682
f 2164 2170 756
f 1472 2035 2161
f 950 951 964
f 2177 2178 2179
f 227 226 1510
f 2182 2183 2184
f 2186 2019 2018
f 1985 2182 2181
f 214 736 729
f 865 849 842
f 849 865 1357
f 559 3187 3188
f 16 13 737
f 560 553 498
f 3193 3196 3195
f 3200 3197 3198
f 3211 3214 3213
f 3215 3218 3217
f 2187 2188 2002
f 2169 2168 2189
f 2192 2086 2085
f 2193 2194 2195
f 2198 2199 2200
f 1998 1982 1979
f 3664 3665 3668
f 2116 1898 1903
f 1859 2006 2009
f 3904 2123 2126
f 1135 1148 1087
f 2201 2202 2015
f 1149 111 110
f 3221 3222 3218
f 2203 2204 2205
f 579 580 1895
f 1755 2207 2208
f 3891 3910 1893
f 1211 2151 2150
f 868 997 2210
f 944 945 930
f 2130 2129 2202
f 233 1903 1898
f 665 751 750
f 1167 1254 999
f 2211 2212 2213
f 2215 2216 2217
f 3867 593 590
f 2220 221 220
f 823 824 948
f 3225 3220 3227
f 266 204 455
f 3882 2108 2107
f 2221 2222 3519
f 2223 2224 2225
f 2207 2125 2124
f 673 674 3869
f 817 1000 996
f 2227 2228 2146
f 1947 1948 646
f 3900 2135 17
f 2229 1635 1638
f 1679 1613 1618
f 1637 2231 2232
f 2233 2234 1617
f 2231 2235 2236
f 1381 1638 2238
f 3586 2241 2242
f 1630 2234 2233
f 1681 1626 472
f 1408 1407 2243
f 3236 3239 3238
f 3232 3241 3240
f 1637 2230 2238
f 3237 3238 3233
f 1409 1408 1634
f 1380 1383 2247
f 1628 2248 2245
f 2249 1623 1622
f 1632 1634 1408
f 2248 1628 1631
f 2235 2231 1637
f 3245 3246 3199
f 631 2070 2071
f 515 167 52
f 782 781 2251
f 2253 2254 2255
f 397 281 459
f 1456 2039 2040
f 2040 2041 2036
f 1401 2112 2111
f 2041 2040 1970
f 1535 121 414
f 1586 1587 2080
f 2256 983 1132
f 1700 1699 3918
f 3815 1896 1686
f 1263 2256 1886
f 598 1841 844
f 2257 2258 2259
f 2258 2261 2262
f 2259 2262 2263
f 2260 2259 2216
f 1967 1971 1970
f 2212 1964 1963
f 922 921 2218
f 1312 1098 1101
f 1307 1306 1286
f 1548 1569 1546
f 2266 2267 2268
f 2265 2268 2270
f 2272 2265 2269
f 2273 2266 2265
f 2275 2276 2277
f 2278 2274 2277
f 2284 2285 3617
f 2287 2283 2286
f 2288 2289 2283
f 2290 2284 3639
f 2291 2292 2293
f 2295 2291 2294
f 2296 2297 2291
f 2297 2298 2292
f 2294 2293 2299
f 2279 2294 2300
f 2298 2301 2302
f 2292 2302 2303
f 2293 2303 2304
f 2304 2305 2306
f 2308 2309 2310
f 2302 2307 2310
f 2301 2311 2307
f 2312 2308 2307
f 2313 2314 2315
f 2318 2319 2320
f 3748 3771 2322
f 2324 2325 2273
f 2313 2324 2326
f 2328 2324 2313
f 2329 2325 2324
f 2331 2332 2333
f 2330 2333 2267
f 2325 2330 2266
f 2329 2331 2330
f 2333 2334 2335
f 2336 2334 2333
f 2338 2336 2332
f 2331 2339 2337
f 2329 2340 2339
f 2328 2341 2340
f 2316 2342 2341
f 2342 2316 2315
f 2344 2345 2346
f 2341 2344 2347
f 2342 2348 2344
f 2348 2349 2345
f 2350 2351 2352
f 2339 2350 2353
f 2340 2347 2350
f 2347 2346 2351
f 2337 2353 2354
f 2353 2352 2355
f 2356 2277 2276
f 2356 2357 2358
f 2356 2359 2296
f 2279 2277 2356
f 2360 2361 2270
f 2267 2335 2360
f 2362 2363 2364
f 2362 2365 2361
f 2366 2362 2358
f 2366 2367 2363
f 2357 2276 2368
f 2366 2368 2369
f 2276 2275 2370
f 2368 2370 2282
f 2372 2373 2374
f 2375 2376 2377
f 2378 2379 2380
f 2382 2378 2381
f 2384 2385 2378
f 2385 2386 2379
f 2388 2389 2390
f 2387 2390 2392
f 2393 2394 2387
f 2394 2395 2388
f 2186 2401 2402
f 2403 2404 2327
f 2272 2403 2326
f 2271 2405 2403
f 2405 2406 2404
f 2404 2407 2408
f 2409 2410 2411
f 2409 2412 2271
f 2413 2409 2269
f 2413 2414 2410
f 2417 2415 2416
f 2417 2418 2406
f 2412 2417 2405
f 2411 2415 2417
f 2406 2419 2407
f 3569 3520 632
f 2420 2398 2397
f 2420 2421 2423
f 2424 2420 2422
f 2424 2399 2398
f 2425 2391 2392
f 2421 2425 2426
f 2397 2396 2425
f 2396 2393 2391
f 2427 2314 2408
f 2430 2427 2428
f 2343 2315 2427
f 2432 2343 2430
f 2431 2430 2429
f 2435 2431 2433
f 2436 2432 2431
f 2428 2408 2407
f 2422 2437 2407
f 2438 2437 2422
f 2429 2428 2437
f 2440 2434 2433
f 2441 2439 2433
f 2442 2443 2439
f 2443 2444 2440
f 2445 2446 2444
f 2447 2445 2443
f 2383 2381 2445
f 2381 2380 2446
f 2448 2438 2423
f 2449 2448 2426
f 2441 2448 2449
f 2441 2429 2438
f 2449 2392 2390
f 2450 2390 2389
f 2447 2450 2451
f 2442 2449 2450
f 2451 2389 2453
f 2452 2453 2455
f 2382 2452 2454
f 2383 2451 2452
f 2456 2457 2373
f 2459 2460 2461
f 2463 2464 2465
f 2462 2465 2285
f 2466 2462 2284
f 2467 2463 2462
f 2461 2460 3703
f 2468 2469 2470
f 2472 2468 2471
f 2474 2461 3701
f 2475 2476 2477
f 2458 2455 2453
f 2479 2453 2389
f 2395 2480 2479
f 2480 2459 2458
f 2481 2482 2483
f 2484 113 2485
f 2471 2470 2464
f 2473 2471 2463
f 2487 2467 2466
f 2486 2466 2290
f 2490 2486 2488
f 2491 2487 2486
f 2492 2473 2467
f 2493 2492 2487
f 2494 2495 2492
f 2495 2472 2473
f 3690 2496 2474
f 3691 2497 2496
f 2498 2494 2493
f 2500 2498 2499
f 3700 3687 2498
f 3687 3691 2494
f 2306 2504 2278
f 2305 2505 2504
f 2504 2505 2507
f 2506 2507 2288
f 2274 2506 2508
f 2278 2504 2506
f 3633 3632 2489
f 3620 3633 2488
f 2507 2509 2289
f 2505 2510 2509
f 2508 2288 2287
f 2511 2287 2281
f 2370 2511 2280
f 2275 2508 2511
f 2512 2490 2489
f 2514 2512 2513
f 2517 2512 2514
f 2517 2491 2490
f 2499 2493 2491
f 2499 2517 2516
f 2510 2505 2519
f 2518 2519 2521
f 3616 2518 2520
f 3632 2510 2518
f 2522 2304 2303
f 2523 2522 2310
f 2305 2304 2522
f 2524 2522 2523
f 2519 2524 2525
f 2505 2305 2524
f 2308 2312 2527
f 2526 2527 2529
f 2531 2526 2528
f 2309 2308 2526
f 1214 2532 2151
f 2419 2406 2418
f 2533 2345 2349
f 2534 2533 2317
f 2535 2536 2533
f 2536 2346 2345
f 2537 2351 2346
f 2538 2537 2536
f 2539 2540 2537
f 2540 2352 2351
f 2312 2355 2541
f 2527 2541 2542
f 2543 2435 2434
f 2545 2543 2544
f 2319 2318 2543
f 2318 2436 2435
f 2514 2515 2548
f 2547 2548 2550
f 2552 2547 2549
f 2552 2516 2514
f 2520 2521 2554
f 2553 2554 2556
f 3590 2553 2555
f 3621 2520 2553
f 2523 2309 2531
f 2557 2531 2530
f 2525 2523 2557
f 2559 2557 2558
f 2554 2559 2560
f 2521 2525 2559
f 2561 2375 2007
f 2376 2562 2225
f 2564 2565 2566
f 2563 2566 338
f 2569 2563 2567
f 2570 2564 2563
f 2572 2573 2574
f 2571 2574 2576
f 2544 2571 2575
f 2544 2434 2572
f 2578 2570 2569
f 2579 2577 2569
f 2574 2577 2579
f 2573 2578 2577
f 2581 2582 2583
f 2584 2580 2583
f 3697 3675 2580
f 3676 2581 2580
f 2582 2516 2552
f 2583 2552 2551
f 2500 2501 2589
f 2590 2588 2589
f 3693 3695 2588
f 3695 3700 2500
f 2501 2516 2591
f 2592 2593 2594
f 2386 2385 2503
f 2596 2379 2386
f 2596 2374 2373
f 2599 2596 2597
f 2599 2380 2379
f 2600 2446 2380
f 2600 2599 2598
f 2603 2600 2601
f 2603 2444 2446
f 2604 2603 2602
f 2440 2604 2605
f 2444 2603 2604
f 2606 2582 2581
f 2606 2607 2590
f 2591 2516 2582
f 3676 2587 2456
f 3689 2456 2372
f 2478 2477 2608
f 2609 2610 2611
f 2564 2570 2613
f 2612 2613 2598
f 2457 2612 2597
f 2565 2564 2612
f 2614 2613 2570
f 2615 2614 2578
f 2602 2601 2614
f 2601 2598 2613
f 2572 2434 2605
f 2616 2605 2602
f 2573 2572 2616
f 1459 1016 1045
f 1265 1215 1079
f 1612 1608 1609
f 2067 2057 2069
f 1135 1109 1136
f 1938 1937 2618
f 95 548 458
f 2058 1607 1608
f 1454 1469 1445
f 655 2620 1048
f 722 1049 2621
f 1131 985 1033
f 562 1481 366
f 1723 1719 1725
f 1786 1123 1122
f 267 300 323
f 1325 2034 1654
f 1468 1165 1435
f 658 657 529
f 8 532 247
f 382 1557 1559
f 788 619 1307
f 940 930 929
f 911 2622 2623
f 2621 2620 655
f 2624 1857 2625
f 998 1846 27
f 635 638 2626
f 2627 641 644
f 2628 2627 1840
f 1200 1199 2627
f 1199 1773 641
f 1520 515 49
f 1452 1350 1349
f 2630 2631 1859
f 644 643 1335
f 1197 1198 717
f 2632 717 719
f 2628 2632 1166
f 2629 1197 2632
f 1762 2633 1050
f 1823 870 873
f 2634 2635 794
f 1042 794 2635
f 93 94 1901
f 2036 2038 1458
f 1527 332 1525
f 877 876 1274
f 134 409 797
f 1328 893 931
f 607 777 1091
f 1043 2635 2637
f 2636 2637 2639
f 1275 2636 2638
f 1275 1040 1043
f 1272 2624 2626
f 2640 2626 638
f 1110 2641 2640
f 536 1272 2640
f 1472 708 1474
f 2042 2030 1951
f 1058 1106 1105
f 2642 2623 2643
f 1192 2642 2644
f 912 2623 2642
f 3898 1657 3526
f 1049 1048 2620
f 616 1829 1885
f 1331 1913 666
f 990 989 1198
f 1911 1912 321
f 1298 1282 1205
f 76 1490 1504
f 1502 1500 421
f 610 609 658
f 1146 937 659
f 2646 911 914
f 1280 1239 1238
f 1453 1454 1452
f 835 942 1843
f 1271 1270 1173
f 1893 1878 1826
f 1050 2633 1937
f 2651 2652 814
f 1006 1053 1281
f 2653 1084 2654
f 1001 1004 1003
f 585 997 679
f 2624 1272 621
f 555 678 2028
f 1207 526 1197
f 1626 1627 478
f 426 389 419
f 1030 1193 1773
f 3898 645 634
f 534 1533 138
f 1125 1092 1042
f 333 228 88
f 569 1570 561
f 1489 2656 871
f 1857 2624 620
f 1673 1674 3770
f 622 861 864
f 619 788 891
f 261 544 545
f 393 1555 1556
f 2658 2659 2647
f 1075 2658 2657
f 1081 1080 2658
f 1080 1139 2659
f 2644 2643 1141
f 2660 1141 1140
f 642 2660 1336
f 1193 2644 2660
f 679 678 555
f 1503 1501 1500
f 1318 1317 1101
f 2661 2659 1139
f 2661 1142 2663
f 2662 2647 2659
f 2662 2663 2622
f 2664 2622 911
f 2648 2664 2646
f 2648 2647 2662
f 2083 2094 2093
f 1442 1440 1437
f 519 329 330
f 1885 2029 1209
f 799 800 805
f 1946 1943 1952
f 1302 1301 1253
f 566 2005 224
f 1389 940 928
f 683 682 681
f 836 835 1842
f 2665 1842 1845
f 2666 2665 1303
f 24 836 2665
f 831 1072 2650
f 1845 1844 1304
f 2010 2013 2012
f 1051 1936 2667
f 1522 1521 1511
f 531 440 441
f 1250 635 2625
f 2669 2625 1857
f 783 2669 1856
f 782 1250 2669
f 720 2670 2671
f 1055 1931 1930
f 1333 1067 1251
f 619 622 1308
f 652 655 2619
f 521 522 1539
f 1838 988 537
f 2672 537 536
f 1113 2672 2641
f 1113 527 1838
f 1016 1013 1351
f 3897 573 570
f 226 227 104
f 3564 3669 3827
f 1036 1037 1884
f 2674 1301 1304
f 2673 1304 1844
f 1334 2673 2675
f 1333 2674 2673
f 2676 702 1039
f 1843 2676 2675
f 942 1074 2676
f 1074 699 702
f 752 1057 1055
f 1200 1166 656
f 1120 1846 874
f 2677 874 877
f 1241 2677 1052
f 1119 1120 2677
f 1560 1513 151
f 1208 1316 611
f 215 735 736
f 1460 1459 1462
f 1208 1207 1839
f 854 856 1282
f 72 445 182
f 544 1563 1565
f 217 200 456
f 2047 1404 930
f 1204 2618 1937
f 913 777 686
f 840 527 1113
f 1531 729 730
f 2678 778 1283
f 601 667 1914
f 1537 1538 459
f 1819 1757 3509
f 991 1860 862
f 2679 711 1073
f 2680 1830 983
f 779 2680 2256
f 778 2678 2680
f 2678 2679 1830
f 180 542 245
f 1886 1132 1131
f 1138 1137 1274
f 1841 598 1140
f 75 313 314
f 193 423 420
f 2681 2682 1099
f 170 1567 1565
f 349 416 417
f 1121 1124 2684
f 547 797 409
f 123 122 121
f 2643 2663 1142
f 1542 1544 513
f 899 900 907
f 1210 677 676
f 791 663 982
f 24 27 837
f 893 896 932
f 1860 1320 863
f 535 538 862
f 1569 1548 1547
f 181 455 542
f 660 659 937
f 2013 567 568
f 887 890 2631
f 1524 1508 361
f 520 161 162
f 2653 855 854
f 1238 1237 2655
f 718 1838 527
f 1492 1493 518
f 792 616 615
f 599 846 1835
f 290 457 456
f 312 171 1552
f 1248 2687 1179
f 153 149 177
f 1240 1181 1222
f 1257 1292 1235
f 1291 1084 1083
f 1052 877 1277
f 743 742 2618
f 444 140 430
f 23 1224 1172
f 2687 2654 1180
f 102 103 409
f 1283 607 610
f 373 497 650
f 1180 2654 1084
f 855 2653 2655
f 1173 1270 1917
f 2689 850 853
f 2688 853 1108
f 2686 2688 1279
f 2687 2689 2688
f 2691 1302 1252
f 2690 1252 850
f 1248 2690 2689
f 1248 1247 2691
f 2692 617 24
f 2691 2692 2666
f 1247 1258 2692
f 1258 1168 617
f 394 1554 1555
f 2693 1260 1259
f 1072 1236 1262
f 1257 1071 1168
f 398 439 1555
f 871 1784 1314
f 1178 1232 1249
f 1224 1289 1173
f 1010 2617 2618
f 1175 1174 1292
f 2654 2687 2686
f 2694 1157 1216
f 71 418 1487
f 701 1112 1111
f 1072 1261 2649
f 1085 2695 22
f 895 2694 1264
f 1601 1606 1605
f 1259 1262 1271
f 21 20 1220
f 988 991 538
f 598 597 1336
f 1050 860 818
f 1298 2645 1761
f 1168 1167 618
f 858 1168 1256
f 39 242 516
f 2652 1761 819
f 313 316 315
f 2026 1970 1971
f 2656 1489 596
f 814 819 818
f 2696 2651 813
f 1260 2696 2649
f 2693 2697 2696
f 2697 1296 2651
f 381 355 390
f 3818 3819 1611
f 1475 1427 1428
f 1292 1174 1917
f 1551 353 354
f 1526 1525 1523
f 1593 1589 1595
f 1232 1269 1246
f 2695 2693 1223
f 2698 1297 1296
f 2698 2697 2693
f 2685 2698 2695
f 2685 854 1297
f 562 1497 271
f 2652 2651 1296
f 1365 1366 1364
f 1958 1946 1953
f 585 588 2210
f 1561 1560 1515
f 975 2648 1146
f 347 67 68
f 1038 1111 636
f 2700 781 780
f 2699 780 1036
f 2701 2699 1883
f 851 2700 2699
f 2674 1333 2251
f 2702 2251 781
f 1253 2702 2700
f 1301 2674 2702
f 1519 387 388
f 1273 1239 1280
f 2703 1280 1107
f 2701 2703 852
f 1829 1273 2703
f 91 260 326
f 1784 871 2656
f 2683 2684 2705
f 604 1894 3499
f 1669 3534 3548
f 2062 2063 2060
f 621 535 861
f 2023 731 732
f 686 779 1263
f 857 1051 2668
f 883 830 882
f 637 636 1111
f 2668 894 893
f 2667 921 894
f 1039 1038 1068
f 313 75 1504
f 1911 1972 305
f 1936 2706 1964
f 2707 2402 2401
f 2708 2707 2183
f 738 2163 2116
f 2349 2348 2432
f 2711 2712 2020
f 2400 2711 2019
f 2714 2715 2716
f 2717 2718 2719
f 2721 2722 2723
f 2726 2727 2728
f 2725 2728 2730
f 2731 2725 2729
f 2732 2726 2725
f 2734 2735 2736
f 2738 2739 2740
f 2737 2740 2741
f 2744 2745 2746
f 2745 2744 2748
f 2749 2750 2747
f 2753 2749 2751
f 2250 1380 2246
f 2754 1396 1614
f 3598 2754 2755
f 3608 2745 2747
f 1617 2756 2755
f 2242 2758 1620
f 2191 2085 2760
f 2761 2759 2760
f 3648 2759 2761
f 3623 2191 2759
f 3209 3248 3223
f 1395 1394 2236
f 1395 2235 1636
f 1616 1635 2229
f 1617 2234 2763
f 2756 2763 3628
f 2765 2763 2234
f 2766 2764 3628
f 3202 3199 3246
f 1516 437 435
f 2768 2769 3552
f 1495 541 578
f 2135 2136 28
f 3526 3540 2773
f 1690 1689 3926
f 2778 2779 2780
f 2777 2780 2781
f 2784 2778 2777
f 3555 3521 575
f 1494 1904 9
f 3529 2016 2015
f 451 61 505
f 2786 2787 2788
f 2779 2786 2785
f 2789 2752 2741
f 2790 2753 2752
f 2792 2793 2794
f 2793 2795 2796
f 2796 2797 2750
f 2794 2796 2749
f 2798 1393 1396
f 3591 2798 2754
f 2798 2799 2800
f 3591 3662 2799
f 2797 2796 2795
f 2791 2794 2753
f 216 233 232
f 3804 2806 2807
f 3805 2809 2804
f 2769 2810 3557
f 183 185 184
f 2811 2812 2775
f 2804 2811 2776
f 2809 2813 2811
f 2812 2811 2813
f 3805 2808 2816
f 3796 2818 2815
f 3798 3800 2820
f 3793 2823 2819
f 2824 2736 2735
f 2823 2825 2824
f 2825 2823 2826
f 3793 2822 2827
f 3796 2817 2826
f 2713 2716 2829
f 2828 2829 2831
f 2822 2821 2828
f 2821 2820 2713
f 2832 2827 2822
f 2833 2832 2830
f 2834 2835 2832
f 2835 2818 2827
f 2837 2838 2839
f 2836 2839 2841
f 2842 2836 2840
f 2843 2837 2836
f 2840 2841 2845
f 2718 2844 2845
f 2730 2728 2844
f 2727 2840 2844
f 2846 2845 2841
f 2829 2846 2847
f 2847 2841 2839
f 2848 2839 2838
f 2833 2848 2849
f 2831 2847 2848
f 2850 2814 2851
f 2853 2850 2852
f 2783 2777 2782
f 2785 2788 2853
f 2780 2785 2856
f 2857 2858 2855
f 2859 2857 2782
f 2861 2843 2842
f 2860 2842 2727
f 2862 2860 2726
f 2863 2861 2860
f 2861 2863 2858
f 2843 2861 2857
f 2856 2853 2854
f 2781 2856 2864
f 2837 2843 2859
f 2838 2837 2864
f 2852 2851 2834
f 2854 2852 2849
f 2865 2815 2818
f 2851 2865 2835
f 2813 2809 2815
f 2814 2813 2865
f 2866 2812 2814
f 2788 2866 2850
f 2866 2788 2787
f 2812 2866 2867
f 1892 1889 1890
f 2720 2719 2846
f 298 299 256
f 2872 2714 2713
f 3794 3800 2735
f 2729 2730 2874
f 2846 2716 2715
f 2876 2877 2878
f 2733 2875 2878
f 3806 3807 2879
f 3806 2880 2872
f 2882 2883 2884
f 2881 2884 2715
f 2880 2881 2714
f 2879 2882 2881
f 2885 2886 2887
f 2888 2889 2890
f 2885 2890 2892
f 2893 2886 2885
f 1942 2151 2532
f 2895 2892 2720
f 2884 2895 2870
f 2883 2896 2895
f 2896 2891 2892
f 2889 2874 2717
f 2890 2717 2720
f 2897 2893 2891
f 2898 2897 2896
f 2899 2898 2883
f 2900 2899 2882
f 3797 2900 2879
f 2876 2902 2901
f 2901 2902 2904
f 1785 2656 1835
f 2905 2906 2899
f 2907 2908 2897
f 3797 2901 2903
f 632 576 577
f 3532 3547 2867
f 434 385 550
f 2768 2770 3640
f 2910 2911 1623
f 2241 2912 2758
f 3640 2770 2913
f 1623 2911 2757
f 3587 2242 2757
f 2229 1381 1380
f 2765 1630 1629
f 2915 2914 1629
f 3642 3641 2914
f 3641 3622 2765
f 2919 2916 3642
f 2918 2915 2912
f 3614 2918 2241
f 3618 2919 3613
f 3541 2177 2180
f 3521 2002 2188
f 3705 3573 714
f 2925 2766 2917
f 2924 2917 2916
f 3610 2924 2919
f 3611 2925 2924
f 2926 2927 2766
f 3658 2926 2925
f 1715 1713 1705
f 785 497 498
f 1387 651 565
f 374 375 1899
f 3573 2203 2206
f 2929 2930 2886
f 2932 2933 2934
f 1905 1906 1908
f 2930 2935 2936
f 2938 2935 2930
f 1493 369 517
f 1603 1585 1586
f 2939 2938 2929
f 2940 2939 2908
f 3665 1707 1600
f 2886 2930 2937
f 2906 2907 2898
f 2908 2929 2893
f 2942 2934 2933
f 2941 2933 2937
f 3501 2941 2936
f 3498 2942 2941
f 2943 2944 2710
f 2943 2873 2874
f 2945 2943 2889
f 2946 2944 2943
f 2932 2945 2888
f 2931 2946 2945
f 727 1928 1929
f 2903 2904 2947
f 545 594 42
f 1480 1570 533
f 2907 2906 2949
f 2906 2905 2950
f 1558 452 215
f 3799 2903 2948
f 2054 1645 1644
f 3705 3684 2203
f 1828 1837 1849
f 2953 2954 2955
f 2952 2955 2957
f 2956 2261 2258
f 2953 2952 2258
f 2454 2455 2474
f 3747 2958 2959
f 3747 2132 2131
f 2961 2962 2963
f 2958 2963 2964
f 222 221 2485
f 2477 2226 2966
f 2631 2561 2006
f 2384 2454 2496
f 2967 2968 2959
f 2968 2967 2970
f 3759 2033 2971
f 3784 2971 2960
f 2972 2971 2033
f 2007 2377 2973
f 3560 3559 2134
f 1836 1833 1832
f 3506 2188 2090
f 955 810 959
f 672 675 674
f 633 710 713
f 2024 732 733
f 2025 2024 803
f 425 1552 1550
f 2975 2976 888
f 1319 1158 1157
f 1212 1935 2977
f 889 957 2228
f 1978 1974 1975
f 1138 1078 1329
f 751 665 2979
f 1619 1613 1625
f 2252 2255 1728
f 1157 1160 845
f 2706 1936 1938
f 2980 2255 2254
f 2982 2975 887
f 802 712 711
f 678 677 2029
f 527 840 690
f 1839 1207 2629
f 2983 2984 602
f 2983 1914 1913
f 2985 2983 1331
f 2986 2984 2983
f 2987 2637 2635
f 2985 2988 2639
f 2990 1319 1318
f 2991 2992 2993
f 2995 2991 2994
f 1106 1058 2991
f 1058 1057 2992
f 1415 1406 1365
f 1317 922 2217
f 1932 1728 2255
f 926 2998 2999
f 3001 2993 2992
f 3000 2992 1057
f 2999 3000 2978
f 2998 3001 3000
f 3002 2998 2209
f 3002 3003 2996
f 2993 3001 3002
f 1103 1106 2995
f 3004 2995 2996
f 2209 2210 3004
f 588 1103 3004
f 295 296 433
f 2638 2639 2988
f 3005 2988 1056
f 1305 3005 1930
f 1276 2638 3005
f 1987 1968 1993
f 2633 1762 1761
f 1423 1422 1417
f 3561 3517 739
f 2671 2670 2704
f 1473 1872 2035
f 922 1317 2694
f 1401 1400 1378
f 556 2028 1884
f 842 848 3825
f 1854 2706 2617
f 933 1082 1081
f 1440 1441 1436
f 529 657 719
f 1031 1025 1027
f 777 913 912
f 2645 1205 1204
f 441 438 1538
f 790 1287 587
f 2065 2066 1610
f 1860 991 990
f 60 106 87
f 1424 1017 1948
f 332 1527 1507
f 261 262 138
f 187 188 449
f 1719 1720 1726
f 1931 1055 1059
f 3006 1059 1105
f 1287 3006 1104
f 1286 1931 3006
f 3007 3008 3009
f 3009 3008 653
f 618 999 26
f 2029 677 1210
f 957 601 600
f 1049 2146 2228
f 2631 890 3011
f 890 889 2227
f 3011 2227 2145
f 2561 3011 3012
f 1026 656 609
f 2706 1854 1961
f 3013 2965 2485
f 2148 2147 1267
f 3015 1267 1266
f 2997 2264 1101
f 642 641 1773
f 186 477 461
f 1041 1040 1320
f 1121 3016 3017
f 2984 2986 2987
f 3018 2987 2634
f 1048 603 3018
f 603 602 2984
f 2679 2678 801
f 2062 2072 2074
f 2061 2074 2076
f 414 303 1545
f 3016 1121 2683
f 3019 2683 2704
f 3020 3019 2670
f 3007 3016 3019
f 1871 1090 1091
f 3021 1787 1122
f 3022 3021 3017
f 1314 3021 3022
f 1784 1787 3021
f 1316 1315 1763
f 3023 3022 3010
f 3023 3009 795
f 1763 3023 1092
f 1315 3022 3023
f 3016 3007 3010
f 752 751 2978
f 2986 2639 2637
f 3024 654 653
f 3020 3024 3008
f 720 723 3024
f 723 2621 654
f 2681 1098 1268
f 2671 3025 1268
f 2705 2681 3025
f 1313 3026 3027
f 3026 3028 3029
f 3027 3029 3030
f 1311 3027 3031
f 2012 568 731
f 917 2657 974
f 743 1206 856
f 1888 2027 2030
f 2682 2705 2684
f 3032 2684 1124
f 1100 3032 2989
f 1099 2682 3032
f 1123 2990 2989
f 3033 1834 1159
f 2990 3033 1158
f 1123 1786 3033
f 1786 1785 1834
f 1054 1056 2988
f 2979 665 664
f 2623 2622 2663
f 1095 660 688
f 3034 3035 2261
f 3036 3034 2956
f 3037 3038 3034
f 3038 3039 3035
f 3040 3041 3026
f 2263 3042 3041
f 3042 3039 3043
f 3041 3043 3028
f 3044 3045 3043
f 3046 3047 3045
f 3047 3048 3049
f 3043 3045 3049
f 3038 3037 3051
f 3050 3051 3053
f 3052 3046 3044
f 3039 3038 3050
f 3054 3035 3039
f 3042 2263 2262
f 2261 3035 3054
f 2216 2263 2997
f 2212 2211 2667
f 3056 868 2209
f 934 3057 1961
f 2013 3755 3757
f 3058 3059 3060
f 3059 3062 3063
f 3060 3063 2213
f 3061 3060 1963
f 3063 3064 2214
f 3062 3065 3064
f 3065 2257 2260
f 3064 2260 2215
f 3066 3067 3031
f 2608 2966 3067
f 2966 2562 3068
f 3031 3067 3068
f 2455 2458 2461
f 2476 2223 2226
f 3551 2090 2089
f 3526 2774 3769
f 433 354 355
f 2115 1423 1419
f 3509 2868 2922
f 3769 3737 2131
f 3069 2611 2167
f 2971 2972 2928
f 2961 2774 2773
f 3070 2475 2478
f 2610 2609 3071
f 2502 2371 2374
f 3072 2592 2595
f 2964 3046 3052
f 3048 2593 3074
f 2593 2592 3075
f 3075 3030 3029
f 3074 3029 3028
f 3072 3076 3075
f 3076 3072 2482
f 2481 2608 3066
f 3076 3066 3030
f 2967 3052 3053
f 2482 3072 3073
f 479 480 493
f 706 3900 3873
f 3561 2194 2221
f 2013 2010 3754
f 3533 2032 2016
f 3562 3519 2222
f 1171 1154 1155
f 2586 2566 2565
f 2982 110 113
f 2562 2376 3077
f 2376 2375 3012
f 3012 2145 2148
f 3077 2148 3015
f 2963 3047 3046
f 3051 3078 2970
f 1683 2173 491
f 3850 2122 1447
f 1986 2181 3734
f 3079 3080 2546
f 3081 3079 2575
f 1983 1986 3768
f 3082 2323 2319
f 3080 3082 2545
f 3734 3732 3082
f 3732 3748 2323
f 1309 1471 1888
f 3073 2595 2772
f 2760 3083 3084
f 2760 2085 2088
f 3085 3084 3086
f 3089 3085 3090
f 3089 2762 3084
f 3092 3088 3090
f 3093 2748 2744
f 2751 2747 2748
f 3093 2741 2752
f 2742 2741 3093
f 3094 3093 2743
f 3096 3097 3098
f 3099 3096 3087
f 3097 3094 3095
f 3100 2743 2746
f 3101 2927 3102
f 2764 2766 2927
f 2745 2764 3101
f 3102 3092 3091
f 3100 3091 3095
f 2869 2802 3592
f 3102 3103 3104
f 3658 2868 2869
f 2927 2926 3103
f 3098 3095 3091
f 3087 3098 3090
f 2088 2125 3105
f 3083 3105 3086
f 2483 3073 2771
f 2401 2186 2185
f 3099 3086 3105
f 2125 2207 3106
f 3108 2737 2742
f 3107 2742 3094
f 3110 3108 3107
f 3109 3107 3097
f 3111 3109 3096
f 3112 3110 3109
f 3113 2738 2737
f 3115 2723 2722
f 3117 3115 3114
f 3119 3117 3116
f 3118 3116 3120
f 3116 3114 3113
f 3122 3112 3111
f 3122 3123 1755
f 3124 3125 3126
f 3125 3118 3121
f 3128 3119 3118
f 3129 3128 3125
f 2020 2712 3128
f 3853 3857 1346
f 1065 1046 1047
f 1814 3838 3830
f 2021 2020 3129
f 3111 3099 3106
f 3123 3106 2207
f 2377 2225 2224
f 3014 2485 113
f 1756 2208 3782
f 3131 3132 2530
f 3133 3131 2528
f 1753 1756 3767
f 3134 3124 3127
f 2327 2408 2314
f 2436 2318 2317
f 2018 2021 3711
f 2534 3136 3137
f 2320 2322 3136
f 2185 2018 3712
f 3138 3139 2542
f 3134 3135 3744
f 3785 3130 3134
f 3140 3138 2539
f 2535 3137 3140
f 3711 2021 3130
f 2558 2530 3132
f 3782 3760 3141
f 2560 2558 3141
f 3760 3777 3142
f 958 888 2976
f 1933 1932 2980
f 2399 2424 2418
f 2348 2342 2343
f 2322 2320 2319
f 2718 2717 2874
f 2709 2729 2873
f 2894 2871 1361
f 346 289 176
f 1876 1877 1882
f 2802 2803 3607
f 3104 3144 3088
f 2974 2222 3649
f 3089 3145 2761
f 3088 3144 3145
f 2803 2974 3603
f 3870 3909 692
f 2123 1419 1418
f 1365 1363 1368
f 1581 1766 1782
f 3569 2202 2129
f 3555 2003 2002
f 3146 2585 2551
f 3751 3146 3147
f 3742 3149 3146
f 3149 2584 2585
f 3196 3198 3197
f 3604 2192 2191
f 3142 3150 2556
f 3777 3778 3150
f 3646 3152 2550
f 3150 3151 2555
f 3778 3780 3151
f 3788 3781 3152
f 3153 3147 2551
f 3152 3153 2549
f 3781 3776 3153
f 3776 3750 3147
f 3148 2767 2206
f 2183 2401 2321
f 2132 2960 2928
f 3684 3685 2204
f 3719 2198 2197
f 2594 2962 2773
f 2595 2594 2951
f 1870 798 799
f 3713 2179 2178
f 3706 2178 3736
f 336 3154 3774
f 339 3155 3154
f 3789 3683 3149
f 3683 3697 2584
f 2963 2962 3048
f 3722 3730 337
f 339 338 2566
f 3156 3157 2168
f 2610 3156 2167
f 2954 2953 3156
f 3157 3156 2953
f 3707 2166 2169
f 2567 3158 3159
f 337 3158 2567
f 3730 3069 2166
f 3764 2190 1983
f 2579 3160 3081
f 2568 3159 3160
f 3709 2169 2190
f 3065 3062 3162
f 3161 3162 1984
f 3157 3161 2189
f 2257 3065 3161
f 734 735 1922
f 3059 3058 2708
f 3163 2708 2182
f 3162 3163 1985
f 3062 3059 3163
f 3203 3206 3205
f 2122 2119 1448
f 3817 1686 1685
f 139 140 444
f 1570 569 566
f 2957 3164 3165
f 2955 3166 3164
f 1912 454 341
f 3130 3129 3124
f 1548 322 319
f 1949 1950 1327
f 2969 2970 3078
f 3167 3078 3169
f 3724 2014 2017
f 3720 2017 2033
f 3168 3169 3165
f 3170 3165 3164
f 3779 3170 3171
f 3724 3168 3170
f 3171 3164 3166
f 3172 3166 3071
f 3752 3172 3173
f 3756 3171 3172
f 3169 3037 3036
f 2593 3048 2962
f 3173 3071 2609
f 3174 2609 2199
f 3783 3174 2198
f 3749 3173 3174
f 2190 2189 1984
f 2196 2195 2767
f 2119 2120 1414
f 1464 1463 1466
f 2199 2611 3069
f 2457 2456 2587
f 2226 2225 2562
f 481 478 1627
f 333 1512 235
f 3078 3051 3037
f 3040 2264 2997
f 2219 1934 1933
f 2385 2384 2497
f 221 2220 3175
f 2220 1933 3143
f 3175 3143 2976
f 2484 3175 2975
f 2954 3071 3166
f 2630 1858 110
f 1547 319 1952
f 2091 2090 2188
f 3733 3736 2178
f 1918 1919 1927
f 3563 112 111
f 955 956 960
f 2037 3014 112
f 3143 2980 2981
f 2218 2211 2214
f 672 3877 3787
f 2152 3013 3014
f 1147 1144 1143
f 2248 2246 1409
f 1615 1636 1635
f 1410 1409 2246
f 3241 3243 3242
f 1382 3176 3177
f 3177 1410 2247
f 2247 1383 3177
f 3176 2238 2230
f 1410 3177 3179
f 3179 3180 2243
f 1633 3181 2800
f 1621 1620 2758
f 1622 1621 2245
f 2236 1394 3181
f 2237 2236 3182
f 2250 1631 2233
f 2912 1629 1628
f 135 136 1564
f 1567 419 512
f 1085 1084 2653
f 3184 869 868
f 869 3184 3057
f 1266 1268 1098
f 1267 2147 722
f 937 1146 2646
f 2146 1049 722
f 2211 2218 921
f 1957 510 507
f 1313 1312 2264
f 1496 362 1493
f 2887 2937 2933
f 1687 1688 1659
f 145 1499 1498
f 37 38 418
f 1935 1934 3185
f 104 89 301
f 2101 2098 2083
f 543 298 360
f 1934 2219 3186
f 234 1521 212
f 3845 3821 1822
f 1976 1875 1874
f 223 3186 2219
f 3655 3656 3605
f 2165 2164 467
f 467 468 2165
f 773 476 2165
f 1935 1212 1728
f 3240 3225 3226
f 3261 3249 3250
f 3215 3216 3244
f 3265 3221 3215
f 3267 3245 3198
f 3205 3206 3269
f 3214 3211 3265
f 3271 3213 3214
f 3251 3252 3239
f 3222 3221 3266
f 3232 3235 3234
f 3216 3242 3243
f 3196 3193 3268
f 3244 3243 3254
f 3238 3239 3247
f 3264 3244 3255
f 3253 3242 3216
f 3211 3266 3221
f 3257 3217 3218
f 3258 3222 3272
f 3274 3275 3280
f 3228 3229 3262
f 3275 3231 3281
f 3226 3227 3273
f 3236 3263 3260
f 3281 3263 3236
f 3287 3271 3192
f 3235 3226 3280
f 3234 3280 3281
f 3288 3290 3259
f 3260 3250 3276
f 3289 3212 3278
f 3210 3209 3224
f 3199 3202 3201
f 3228 3231 3230
f 3290 3288 3285
f 3282 3279 3271
f 3260 3263 3262
f 3243 3241 3268
f 3267 3268 3241
f 3194 3207 3208
f 3191 3270 3269
f 3270 3191 3192
f 3275 3274 3230
f 3264 3269 3270
f 3252 3251 3276
f 3248 3252 3291
f 3213 3271 3279
f 3272 3266 3289
f 3277 3278 3212
f 3228 3263 3281
f 3220 3225 3253
f 3219 3253 3217
f 3256 3218 3222
f 3247 3239 3252
f 3245 3267 3232
f 3266 3211 3212
f 3208 3205 3255
f 3288 3289 3284
f 3204 3205 3208
f 560 1899 3187
f 3209 3210 3201
f 3189 3192 3191
f 448 1980 807
f 647 648 122
f 1833 1848 1780
f 510 509 508
f 3210 1949 1887
f 1887 15 3200
f 15 16 3197
f 16 3188 3195
f 3195 3188 3187
f 3194 3187 1899
f 3207 1899 375
f 387 173 126
f 3189 1791 1760
f 3577 763 757
f 763 3577 2172
f 3583 3582 3580
f 3581 3580 3579
f 3594 3597 3596
f 3400 3601 3602
f 3626 3624 3625
f 3631 3635 3599
f 3636 3637 3595
f 3647 3584 3588
f 3650 3582 3584
f 3653 3579 3580
f 3653 2176 3654
f 1801 1864 3656
f 3651 3580 3582
f 3644 3638 3595
f 1767 1768 3659
f 1597 3663 3661
f 1708 1707 3665
f 3671 3668 3667
f 3666 3667 3673
f 1588 1708 3664
f 2080 3671 3666
f 2082 3666 3672
f 3674 3677 3635
f 3677 3678 3636
f 3682 3647 3645
f 3692 3651 3650
f 3681 3645 3644
f 786 3694 3692
f 3694 3653 3651
f 785 3692 3686
f 497 3686 3682
f 650 3682 3681
f 3696 564 3681
f 3405 3606 3605
f 3702 3699 3678
f 3699 3698 3679
f 3645 3588 3638
f 1799 3657 3659
f 3708 3704 3458
f 3462 3710 3708
f 3714 463 564
f 3615 3606 3602
f 3710 3714 3696
f 3635 3636 3596
f 3629 3626 3627
f 3597 3600 3599
f 3630 3716 3715
f 3627 3625 3597
f 3717 3716 3723
f 3715 3663 3660
f 3716 3717 3725
f 3668 3665 3661
f 3668 3725 3717
f 3667 3717 3718
f 3727 3728 3673
f 3728 1576 3672
f 3726 3727 3718
f 1576 2101 2084
f 3727 3726 3731
f 3203 376 1387
f 3190 1387 1791
f 3283 2152 1949
f 317 240 259
f 2000 2176 3653
f 3601 3599 3600
f 3589 3588 3584
f 3577 758 756
f 3585 3584 3582
f 3678 3679 3637
f 3204 375 376
f 1801 3655 3657
f 3729 3735 3728
f 1575 3735 3738
f 3735 1575 1576
f 1776 1795 1796
f 1293 1294 1290
f 1326 14 1327
f 1294 1245 1234
f 878 1244 1330
f 497 373 374
f 122 648 413
f 3699 3702 3704
f 3606 3405 3401
f 3708 3710 3698
f 3464 3714 3710
f 3704 3674 3443
f 439 398 399
f 1512 1528 1526
f 1668 1741 1738
f 839 849 1362
f 1362 1357 826
f 3843 740 1896
f 2053 2054 2118
f 3888 3887 2120
f 696 697 3816
f 1826 1878 639
f 3740 3739 3729
f 956 885 886
f 1980 806 1922
f 33 34 105
f 1343 1344 3856
f 3907 2127 2128
f 1766 1581 1582
f 14 1326 2163
f 595 98 99
f 3233 3238 3246
f 1346 1035 1044
f 748 1888 1425
f 3193 3208 3254
f 3190 3191 3206
f 3612 3605 3606
f 3624 3612 3615
f 3631 3415 3443
f 3679 3680 3644
f 3686 3650 3647
f 3702 3677 3674
f 3625 3615 3600
f 3601 3400 3415
f 3739 3738 3735
f 3630 3627 3594
f 3741 3723 3716
f 1284 1290 1288
f 3698 3696 3680
f 1778 1781 1780
f 1792 1759 1584
f 695 570 571
f 3638 3741 3594
f 3741 3638 3588
f 3247 3248 3209
f 3292 3293 3294
f 3296 3297 3298
f 3299 3298 3300
f 3302 3303 3304
f 3306 3307 3308
f 3307 3310 3311
f 3303 3302 3301
f 3312 3305 3304
f 3314 3315 3316
f 3318 3319 3320
f 3324 3318 3321
f 3326 3327 3328
f 3329 3330 3331
f 3333 3334 3335
f 3337 3338 3339
f 3333 3336 3341
f 3342 3341 3343
f 3319 3345 3344
f 3338 3335 3334
f 3346 3301 3302
f 3305 3348 3347
f 3312 3224 3223
f 3350 3337 3340
f 3312 3349 3348
f 3352 3343 3341
f 3311 3353 3354
f 3341 3336 3327
f 3359 3360 3361
f 3360 3359 3250
f 3318 3363 3345
f 3364 3363 3318
f 3314 3364 3324
f 3366 3299 3301
f 3299 3366 3367
f 3308 3354 3368
f 3369 3317 3295
f 3317 3369 3364
f 3370 3295 3317
f 3325 3371 3365
f 3352 3320 3319
f 3296 3367 3353
f 3297 3296 3311
f 3363 3368 3354
f 3345 3354 3353
f 3344 3353 3367
f 3366 3333 3342
f 3347 3339 3334
f 3339 3347 3348
f 3348 3349 3351
f 3363 3364 3369
f 3294 3309 3368
f 3293 3306 3309
f 3331 3373 3374
f 3346 3334 3333
f 3323 3322 3352
f 3356 3355 3321
f 3355 3357 3325
f 3357 3358 3371
f 3322 3356 3320
f 3361 3330 3329
f 3373 3372 3375
f 3374 3375 3376
f 3329 3332 3376
f 3327 3375 3372
f 3336 3335 3375
f 3335 3338 3376
f 3376 3338 3337
f 3337 3350 3359
f 3359 3350 3276
f 3377 3292 3295
f 3277 3316 3315
f 3371 3378 3379
f 3378 3371 3358
f 3365 3379 3315
f 3316 3277 3279
f 3282 3377 3370
f 3313 3283 3224
f 3378 3285 3284
f 3380 3286 3285
f 3379 3284 3278
f 3276 3350 3351
f 3291 3351 3349
f 3313 3304 2965
f 2965 3304 3303
f 222 3303 3300
f 223 3300 3298
f 3298 3297 3185
f 3297 3310 2977
f 3310 3307 1213
f 3307 3306 1214
f 2532 1214 3306
f 2894 2532 3293
f 2871 2894 3292
f 3253 3225 3240
f 3283 3313 3013
f 1997 1996 1889
f 1237 745 744
f 1535 1534 120
f 1531 1532 201
f 1119 1241 1032
f 946 948 824
f 163 8 5
f 3589 3726 3723
f 1155 1156 1162
f 427 213 327
f 553 1902 796
f 3381 2232 2231
f 3381 3178 2230
f 2237 3183 3180
f 3383 3384 3385
f 3384 3386 3387
f 3386 3388 3389
f 3388 3390 3391
f 3392 3393 3394
f 3395 3394 3396
f 3398 3399 3397
f 3400 3401 3399
f 3403 3404 3405
f 3406 3407 3404
f 3408 3409 3407
f 3410 3411 3409
f 3412 3413 3411
f 3415 3400 3398
f 3414 3398 3396
f 3416 3396 3394
f 3417 3394 3393
f 3393 3419 3420
f 3419 3390 3421
f 3390 3388 3422
f 3388 3386 3423
f 3386 3384 3424
f 3384 3383 3425
f 3425 3383 3426
f 2904 3427 3428
f 3429 3427 2904
f 3430 3429 2902
f 2875 3431 3430
f 3432 3433 2733
f 2825 3434 3435
f 3437 3438 3439
f 3441 3437 3436
f 2724 2723 3434
f 3436 3439 3115
f 3440 3436 3117
f 3443 3415 3414
f 3442 3414 3416
f 3444 3416 3417
f 3445 3417 3418
f 3446 3418 3420
f 3420 3421 3448
f 3421 3422 3449
f 3422 3423 3450
f 3423 3424 3451
f 3424 3425 3452
f 3425 3184 3056
f 3451 3452 2253
f 3450 3451 2252
f 3449 3450 1727
f 3448 3449 2150
f 3453 3447 3448
f 3454 3446 3447
f 3455 3445 3446
f 3456 3444 3445
f 3442 3444 3456
f 3443 3442 3457
f 3459 3460 3458
f 3457 3456 3455
f 3459 3455 3454
f 3462 3460 3459
f 3461 3454 3453
f 3464 3462 3461
f 3463 3453 1941
f 3404 3399 3401
f 3407 3397 3399
f 3409 3395 3397
f 3411 3392 3395
f 3465 3466 3413
f 3467 3468 3469
f 3465 3412 3431
f 3470 3467 3466
f 3438 3470 3432
f 3467 3470 3438
f 3468 3467 3437
f 3471 3469 3468
f 3472 3468 3441
f 3473 3441 3440
f 2712 3440 3119
f 3475 3471 3472
f 3474 3472 3473
f 3476 3473 2712
f 3477 3476 2711
f 3478 3474 3476
f 3479 3475 3474
f 3392 3411 3413
f 3466 3469 3480
f 3419 3393 3392
f 3390 3419 3480
f 3469 3471 3391
f 3389 3391 3471
f 3387 3389 3475
f 3385 3387 3479
f 3482 3477 2400
f 3483 3478 3477
f 3481 3479 3478
f 3484 3482 2402
f 3058 3484 2707
f 3061 3485 3484
f 3485 3483 3482
f 3382 3385 3481
f 3486 3481 3483
f 3426 3383 3382
f 3487 3382 3486
f 3486 3485 3061
f 1961 3057 3487
f 3057 3184 3426
f 3428 3403 3402
f 3427 3406 3403
f 3429 3408 3406
f 3430 3410 3408
f 3431 3412 3410
f 3470 3465 3433
f 3434 3439 3438
f 2723 3115 3439
f 2875 2733 3433
f 2736 2824 3435
f 2947 3428 3488
f 3464 3463 1360
f 1900 1925 1924
f 1736 1717 1718
f 1955 1952 1943
f 1671 1738 1735
f 1696 1750 1698
f 1800 1865 1864
f 2063 2055 2056
f 1737 1734 1717
f 1751 1735 1697
f 943 3885 3899
f 3656 3488 3402
f 1577 1578 1764
f 3917 1598 1599
f 1945 146 82
f 68 6 7
f 147 1542 1543
f 1109 1135 1133
f 1503 1910 1907
f 1499 1501 1909
f 452 1922 735
f 1824 2068 3835
f 1825 2067 2068
f 1463 1462 1022
f 841 1012 1009
f 1568 1547 1955
f 1910 1503 1502
f 1939 1502 422
f 309 280 1940
f 1804 1851 1866
f 269 1482 1954
f 2065 1607 2060
f 3812 1685 1758
f 280 276 552
f 1875 1873 1869
f 1739 1721 1734
f 1778 1779 1790
f 310 1920 1915
f 1909 1908 1906
f 1789 1783 1778
f 978 981 980
f 1584 1759 1731
f 425 426 311
f 148 1543 115
f 2044 3897 3894
f 277 1910 1939
f 1943 1946 1945
f 1461 1462 1463
f 2253 3452 3056
f 2981 2254 3489
f 2209 2998 3489
f 2254 2253 3055
f 2998 926 958
f 2826 2817 2721
f 3490 2739 2721
f 2816 3491 3490
f 2334 2297 2296
f 2298 2297 2334
f 2301 2298 2336
f 2311 2301 2338
f 2312 2311 2354
f 2359 2358 2361
f 2335 2296 2359
f 2414 2413 2365
f 2413 2270 2361
f 2355 2352 2540
f 2541 2540 2539
f 2722 2721 2739
f 3114 2722 2738
f 3110 3112 3121
f 3108 3110 3120
f 3122 1754 3127
f 3112 3122 3126
f 3127 1754 1753
f 3139 3133 2529
f 3744 3775 3133
f 3490 2789 2740
f 3491 2790 2789
f 228 229 91
f 245 244 243
f 248 7 247
f 2 297 296
f 145 146 300
f 327 213 210
f 329 332 331
f 239 241 240
f 373 376 375
f 178 177 176
f 1218 1225 1228
f 3862 1231 1295
f 808 809 824
f 3858 3859 1013
f 3813 3810 1411
f 2154 2149 2159
f 3845 3835 1758
f 306 807 1922
f 2157 2153 1976
f 708 709 2031
f 1450 1226 1227
f 1672 1604 1605
f 1813 1814 1821
f 1717 1716 1715
f 176 159 402
f 1710 1705 3916
f 1712 1580 1577
f 1705 1713 1711
f 971 978 979
f 822 823 1094
f 2909 2810 2793
f 2810 2769 2795
f 2799 2910 2249
f 3662 3643 2910
f 2769 2768 2801
f 3177 3176 3178
f 3178 3381 3180
f 3181 1394 1393
f 3181 1633 1632
f 3182 1632 2244
f 3183 2244 2243
f 3492 2791 2790
f 2808 3492 3491
f 2239 3574 3572
f 1149 1150 3571
f 1150 2009 3567
f 2202 3569 3566
f 2921 3564 3565
f 3568 3560 2133
f 1777 1579 1759
f 1201 1196 1183
f 3561 3554 2195
f 3553 3576 2770
f 3927 3925 1687
f 1516 152 154
f 3549 3562 2974
f 3550 3548 2779
f 2771 2772 3575
f 3070 2771 3546
f 3547 3544 2775
f 1376 1375 1370
f 2767 3543 3556
f 2195 3554 3543
f 2775 3544 3542
f 3377 3282 3545
f 3804 3802 3539
f 2776 3542 3538
f 2240 3572 3535
f 2920 3535 3669
f 3548 3534 2786
f 1805 1850 1851
f 3534 3532 2787
f 2951 2773 3540
f 2772 2951 3531
f 2973 2224 3530
f 2224 2223 3537
f 1957 1953 320
f 306 305 304
f 2770 3576 3528
f 2913 3528 3574
f 2923 3565 3527
f 308 1940 431
f 207 208 132
f 1879 1876 1881
f 3733 3787 3525
f 2475 3070 3558
f 2476 2475 3524
f 2223 2476 3523
f 3522 3549 2803
f 2037 3563 11
f 1959 1958 450
f 2003 3555 3520
f 9 10 334
f 2009 2008 3518
f 2008 2973 3536
f 3877 672 673
f 3515 3550 2778
f 2935 3514 3513
f 111 1149 3570
f 3510 3514 2935
f 683 3876 3885
f 3508 3557 2810
f 736 733 732
f 1795 1804 1803
f 3505 3510 2938
f 3507 3505 2939
f 2950 3512 3504
f 2940 2949 3504
f 3801 3791 3512
f 2868 3509 3502
f 2869 3502 3522
f 1024 1034 1023
f 3500 3503 2948
f 551 1939 442
f 2972 3499 3568
f 2032 3533 3499
f 216 93 1924
f 203 202 201
f 1828 1848 1847
f 1958 1957 449
f 272 271 178
f 2871 3545 3495
f 3619 3669 3564
f 2801 2768 3643
f 2005 3758 3654
f 960 886 899
f 3657 3655 3612
f 3780 3788 3646
f 3151 3646 3593
f 2193 3604 3623
f 3607 3603 3145
f 3603 3649 2761
f 3592 3607 3144
f 2926 3658 3634
f 3634 3592 3104
f 3755 3754 3746
f 566 567 3758
f 3488 3656 1864
f 1602 1586 2079
f 2868 3658 3611
f 2922 3611 3610
f 2923 3610 3618
f 3670 3613 2918
f 3619 3670 3614
f 2921 3618 3670
f 2920 3614 3586
f 3613 3642 2915
f 2917 2766 3622
f 2916 2917 3641
f 2239 3587 3652
f 2911 3640 3652
f 3643 3640 2911
f 2797 2801 3662
f 2797 3591 3598
f 3622 3628 2763
f 3608 3628 2764
f 2194 3623 3648
f 2221 3648 3649
f 2756 3608 3609
f 2750 3598 3609
f 3669 3535 1817
f 3763 3770 1691
f 2515 3621 3590
f 2548 3590 3593
f 2513 2489 3632
f 2513 3616 3621
f 2509 3633 3620
f 2510 3632 3633
f 2289 3620 3639
f 2283 3639 3617
f 2240 3586 3587
f 3659 3657 3624
f 716 2121 3887
f 727 1999 3761
f 2165 2171 2170
f 3660 3659 3626
f 3743 3581 3578
f 2175 2172 769
f 2100 500 2095
f 3758 567 3757
f 640 3560 3568
f 1653 3576 3553
f 1895 3536 3530
f 746 3530 3537
f 1653 1810 3528
f 3762 1603 1604
f 2093 2075 2073
f 959 996 995
f 962 899 919
f 1400 1401 1398
f 1000 817 1127
f 956 959 884
f 1662 3548 3550
f 2034 3558 3546
f 3926 1689 3539
f 3535 3572 766
f 3572 3574 765
f 334 3570 3571
f 1868 3531 3540
f 1684 1651 1652
f 1682 1683 775
f 1585 1603 3762
f 3763 3762 1672
f 2173 2174 490
f 1658 3544 3547
f 3556 3543 1650
f 1571 3754 2010
f 1587 3664 3671
f 2099 2095 2077
f 787 3761 1999
f 2000 3694 786
f 3155 339 3697
f 3713 3155 3683
f 2180 2179 3685
f 3496 2180 3684
f 1684 3846 3840
f 1760 464 3495
f 2607 3689 3693
f 2581 3676 3689
f 2371 2502 3700
f 2371 3695 3693
f 2587 3676 3675
f 2586 3675 3697
f 2497 3691 3687
f 2502 2503 3687
f 2494 3691 3690
f 3690 3688 2472
f 3688 3701 2468
f 3701 3703 2469
f 726 3908 3892
f 581 3567 3518
f 10 3511 3570
f 1837 3514 3510
f 741 3537 3523
f 1299 3524 3558
f 1851 3507 3504
f 3527 3565 1820
f 580 3518 3536
f 1758 1685 3522
f 1693 3557 3508
f 3504 3512 1867
f 1894 1826 3568
f 2126 1418 3813
f 3906 2126 3841
f 2113 3911 3867
f 2179 3713 3789
f 624 3903 3904
f 2192 3604 3788
f 2177 3541 3787
f 1364 3824 3833
f 3858 3855 1470
f 3135 1753 3775
f 2069 3812 3835
f 1351 3861 3853
f 2108 3882 3901
f 2089 2092 3736
f 3828 3834 1358
f 2001 3749 3783
f 2187 3783 3719
f 2130 3756 3752
f 2004 3752 3749
f 2014 3724 3779
f 2201 3779 3756
f 3167 3720 3759
f 3168 3724 3720
f 3159 3709 3764
f 3160 3764 3765
f 3730 3707 3158
f 3158 3707 3709
f 2200 3069 3730
f 3685 3789 3742
f 3722 3774 2197
f 3790 3736 2092
f 3774 3790 3721
f 3154 3706 3790
f 3155 3713 3706
f 2091 3719 3721
f 2196 3148 3750
f 2193 2196 3776
f 3604 2193 3781
f 2086 2192 3780
f 2087 2086 3778
f 2204 3742 3751
f 2205 3751 3750
f 3909 3886 574
f 2124 2087 3777
f 2208 2124 3760
f 3711 3785 3140
f 3785 3745 3138
f 3745 3744 3139
f 3771 3712 3136
f 3712 3711 3137
f 3775 3767 3131
f 3767 3782 3132
f 1813 3839 3838
f 1293 3854 3856
f 2184 2321 3748
f 2181 2184 3732
f 3765 3768 3079
f 3768 3734 3080
f 709 3873 3875
f 2774 2961 3737
f 3786 3769 2134
f 3809 3808 766
f 2968 3784 3766
f 2969 3759 3784
f 2958 3747 3737
f 2132 3747 3766
f 2321 2185 3771
f 3860 3848 1449
f 3905 3874 582
f 3886 3889 577
f 3847 3826 1818
f 705 3902 3887
f 3816 3912 3907
f 2111 3883 3911
f 3810 3829 1366
f 1812 3839 3822
f 675 3851 3852
f 3496 3705 3851
f 2110 3867 3868
f 2104 3896 3901
f 2109 3868 3899
f 3842 3831 703
f 1680 3811 3846
f 1639 1627 3819
f 623 3904 3906
f 2139 2140 3866
f 1808 1640 3844
f 3820 3821 1819
f 3872 3914 3900
f 1646 3832 3830
f 3889 3890 633
f 2139 3865 3875
f 2156 2155 3871
f 674 3852 3913
f 2117 3817 3812
f 1815 3822 3847
f 3855 3849 1444
f 697 3906 3912
f 866 842 3836
f 3864 3869 2136
f 3585 3731 3726
f 3583 3740 3731
f 3753 3746 3738
f 3740 3583 3581
f 1088 3738 3746
f 3739 3740 3743
f 2791 3492 3493
f 3492 2808 2807
f 2792 3493 3494
f 3493 2807 2806
f 3508 2909 3494
f 3516 3494 2806
f 2948 3503 3791
f 2105 3908 3896
f 3538 3802 3804
f 680 3878 3876
f 1891 1890 3910
f 2905 3799 3801
f 2900 3797 3799
f 2901 3797 3807
f 2734 2878 3806
f 2877 3807 3806
f 2820 3800 3794
f 2818 3796 3792
f 2823 3793 3792
f 2822 3793 3798
f 2819 2735 3800
f 2817 3796 3795
f 2809 3805 3795
f 2808 3805 3803
f 2805 3804 3803
f 1702 3921 3923
f 3922 3920 1797
f 3915 3916 1706
f 3918 3927 1692
f 1657 3898 3880
f 1890 1877 3895
f 3772 3770 1674
f 1689 1690 3772
f 3926 3802 3538
f 3516 3539 1689
f 3917 3923 1703
f 1598 3917 3928
f 3880 3884 1876
f 1691 1690 3925
f 3925 3926 1688
f 3934 3933 3937
f 3934 3938 3939
f 3932 3936 3937
f 3938 3942 3943
f 3937 3936 3940
f 3937 3941 3942
f 3942 3946 3947
f 3941 3940 3944
f 3942 3941 3945
f 3947 3946 3950
f 3944 3948 3949
f 3945 3949 3950
f 3950 3954 3955
f 3949 3948 3952
f 3950 3949 3953
f 3955 3954 3958
f 3953 3952 3956
f 3953 3957 3958
f 3959 3958 3962
f 3957 3956 3960
f 3958 3957 3961
f 3962 3966 3967
f 3960 3964 3965
f 3961 3965 3966
f 3966 3970 3971
f 3965 3964 3968
f 3966 3965 3969
f 3970 3974 3975
f 3968 3972 3973
f 3969 3973 3974
f 3974 3978 3979
f 3973 3972 3976
f 3974 3973 3977
f 3979 3978 3982
f 3976 3980 3981
f 3977 3981 3982
f 3982 3986 3987
f 3981 3980 3984
f 3982 3981 3985
f 3987 3986 3990
f 3984 3988 3989
f 3985 3989 3990
f 3991 3990 3994
f 3989 3988 3992
f 3990 3989 3993
f 3995 3994 3998
f 3992 3996 3997
f 3993 3997 3998
f 3998 4002 4003
f 3997 3996 4000
f 3998 3997 4001
f 4002 4006 4007
f 4000 4004 4005
f 4001 4005 4006
f 4006 4010 4011
f 4005 4004 4008
f 4006 4005 4009
f 4011 4010 4014
f 4008 4012 4013
f 4009 4013 4014
f 4014 4018 4019
f 4013 4012 4016
f 4014 4013 4017
f 4019 4018 4022
f 4016 4020 4021
f 4017 4021 4022
f 4023 4022 4026
f 4021 4020 4024
f 4022 4021 4025
f 4027 4026 4030
f 4024 4028 4029
f 4025 4029 4030
f 4031 4030 4034
f 4029 4028 4032
f 4030 4029 4033
f 4034 4038 4039
f 4032 4036 4037
f 4033 4037 4038
f 4038 4042 4043
f 4037 4036 4040
f 4038 4037 4041
f 4043 4042 4046
f 4040 4044 4045
f 4041 4045 4046
f 4046 4050 4051
f 4045 4044 4048
f 4046 4045 4049
f 4051 4050 4055
f 4048 4053 4054
f 4049 4054 4055
f 4056 4055 4059
f 4053 4057 4058
f 4055 4054 4058
f 4060 4059 3934
f 4058 4057 3932
f 4058 3933 3934
f 4069 4068 4081
f 4066 4079 4080
f 4065 4064 4077
f 4063 4062 4075
f 4071 4084 4085
f 4069 4082 4083
f 4067 4080 4081
f 4066 4065 4078
f 4063 4076 4077
f 4061 4074 4075
f 4072 4085 4086
f 4071 4070 4083
f 4076 4089 4090
f 4074 4087 4088
f 4086 4085 4098
f 4083 4096 4097
f 4082 4081 4094
f 4079 4092 4093
f 4078 4077 4090
f 4076 4075 4088
f 4085 4084 4097
f 4082 4095 4096
f 4080 4093 4094
f 4079 4078 4091
f 4089 4102 4103
f 4088 4087 4100
f 4098 4111 4112
f 4096 4109 4110
f 4095 4094 4107
f 4092 4105 4106
f 4090 4103 4104
f 4089 4088 4101
f 4097 4110 4111
f 4095 4108 4109
f 4094 4093 4106
f 4092 4091 4104
f 4103 4102 4115
f 4100 4113 4114
f 4112 4111 4124
f 4110 4109 4122
f 4107 4120 4121
f 4105 4118 4119
f 4103 4116 4117
f 4101 4114 4115
f 4110 4123 4124
f 4109 4108 4121
f 4107 4106 4119
f 4105 4104 4117
f 4115 4128 4129
f 4114 4113 4126
f 4124 4137 4138
f 4123 4122 4135
f 4120 4133 4134
f 4119 4118 4131
f 4117 4116 4129
f 4114 4127 4128
f 4124 4123 4136
f 4122 4121 4134
f 4119 4132 4133
f 4117 4130 4131
f 4129 4128 4141
f 4126 4139 4140
f 4138 4137 4150
f 4136 4135 4148
f 4133 4146 4147
f 4131 4144 4145
f 4130 4129 4142
f 4127 4140 4141
f 4137 4136 4149
f 4135 4134 4147
f 4132 4145 4146
f 4131 4130 4143
f 4142 4141 4154
f 4140 4139 4152
f 4150 4163 4164
f 4149 4148 4161
f 4146 4159 4160
f 4144 4157 4158
f 4142 4155 4156
f 4140 4153 4154
f 4149 4162 4163
f 4148 4147 4160
f 4146 4145 4158
f 4144 4143 4156
f 4155 4154 4167
f 4153 4152 4165
f 4163 4176 4177
f 4161 4174 4175
f 4159 4172 4173
f 4158 4157 4170
f 4155 4168 4169
f 4153 4166 4167
f 4163 4162 4175
f 4161 4160 4173
f 4159 4158 4171
f 4156 4169 4170
f 4167 4180 4181
f 4165 4178 4179
f 4176 4189 4190
f 4175 4174 4187
f 4173 4172 4185
f 4170 4183 4184
f 4169 4168 4181
f 4167 4166 4179
f 4175 4188 4189
f 4173 4186 4187
f 4171 4184 4185
f 4170 4169 4182
f 4180 4193 4194
f 4178 4191 4192
f 4190 4189 4202
f 4187 4200 4201
f 4186 4185 4198
f 4183 4196 4197
f 4182 4181 4194
f 4180 4179 4192
f 4189 4188 4201
f 4186 4199 4200
f 4184 4197 4198
f 4183 4182 4195
f 4193 4206 4207
f 4192 4191 4204
f 4202 4215 4216
f 4200 4213 4214
f 4199 4198 4211
f 4196 4209 4210
f 4194 4207 4208
f 4193 4192 4205
f 4201 4214 4215
f 4199 4212 4213
f 4198 4197 4210
f 4196 4195 4208
f 4207 4206 4219
f 4204 4217 4218
f 4216 4215 4228
f 4213 4226 4227
f 4211 4224 4225
f 4209 4222 4223
f 4207 4220 4221
f 4205 4218 4219
f 4214 4227 4228
f 4213 4212 4225
f 4211 4210 4223
f 4209 4208 4221
f 4219 4232 4233
f 4218 4217 4230
f 4228 4241 4242
f 4226 4239 4240
f 4225 4224 4237
f 4223 4222 4235
f 4221 4220 4233
f 4218 4231 4232
f 4228 4227 4240
f 4226 4225 4238
f 4223 4236 4237
f 4221 4234 4235
f 4233 4232 4245
f 4230 4243 4244
f 4242 4241 4254
f 4240 4239 4252
f 4237 4250 4251
f 4235 4248 4249
f 4234 4233 4246
f 4231 4244 4245
f 4241 4240 4253
f 4239 4238 4251
f 4236 4249 4250
f 4235 4234 4247
f 4246 4245 4258
f 4244 4243 4256
f 4254 4267 4268
f 4253 4252 4265
f 4250 4263 4264
f 4248 4261 4262
f 4246 4259 4260
f 4244 4257 4258
f 4253 4266 4267
f 4252 4251 4264
f 4250 4249 4262
f 4248 4247 4260
f 4259 4258 4271
f 4257 4256 4269
f 4267 4280 4281
f 4265 4278 4279
f 4263 4276 4277
f 4262 4261 4274
f 4259 4272 4273
f 4257 4270 4271
f 4266 4279 4280
f 4265 4264 4277
f 4263 4262 4275
f 4260 4273 4274
f 4271 4284 4285
f 4269 4282 4283
f 4281 4280 4293
f 4279 4278 4291
f 4277 4276 4289
f 4274 4287 4288
f 4273 4272 4285
f 4271 4270 4283
f 4280 4279 4292
f 4277 4290 4291
f 4275 4288 4289
f 4274 4273 4286
f 4284 4297 4298
f 4282 4295 4296
f 4294 4293 4306
f 4291 4304 4305
f 4290 4289 4302
f 4287 4300 4301
f 4286 4285 4298
f 4284 4283 4296
f 4293 4292 4305
f 4290 4303 4304
f 4288 4301 4302
f 4287 4286 4299
f 4297 4310 4311
f 4296 4295 4308
f 4306 4319 4320
f 4304 4317 4318
f 4303 4302 4315
f 4300 4313 4314
f 4298 4311 4312
f 4297 4296 4309
f 4305 4318 4319
f 4304 4303 4316
f 4302 4301 4314
f 4300 4299 4312
f 4310 4323 4324
f 4308 4321 4322
f 4320 4319 4332
f 4318 4317 4330
f 4316 4315 4328
f 4313 4326 4327
f 4311 4324 4325
f 4310 4309 4322
f 4318 4331 4332
f 4316 4329 4330
f 4315 4314 4327
f 4312 4325 4326
f 4323 4336 4337
f 4322 4321 4334
f 4332 4345 4346
f 4330 4343 4344
f 4329 4328 4341
f 4327 4326 4339
f 4325 4324 4337
f 4322 4335 4336
f 4332 4331 4344
f 4330 4329 4342
f 4327 4340 4341
f 4325 4338 4339
f 4337 4336 4350
f 4334 4348 4349
f 4346 4345 4359
f 4344 4343 4357
f 4341 4355 4356
f 4340 4339 4353
f 4338 4337 4351
f 4335 4349 4350
f 4345 4344 4358
f 4343 4342 4356
f 4340 4354 4355
f 4338 4352 4353
f 4351 4350 4363
f 4349 4348 4361
f 4359 4372 4373
f 4358 4357 4370
f 4355 4368 4369
f 4354 4353 4366
f 4351 4364 4365
f 4349 4362 4363
f 4358 4371 4372
f 4357 4356 4369
f 4355 4354 4367
f 4352 4365 4366
f 4364 4363 4376
f 4362 4361 4374
f 4373 4372 4385
f 4370 4383 4384
f 4368 4381 4382
f 4367 4366 4379
f 4364 4377 4378
f 4362 4375 4376
f 4372 4371 4384
f 4370 4369 4382
f 4368 4367 4380
f 4365 4378 4379
f 4376 4389 4390
f 4374 4387 4388
f 4385 4398 4399
f 4384 4383 4396
f 4382 4381 4394
f 4379 4392 4393
f 4378 4377 4390
f 4376 4375 4388
f 4384 4397 4398
f 4382 4395 4396
f 4380 4393 4394
f 4379 4378 4391
f 4389 4402 4403
f 4387 4400 4401
f 4399 4398 4411
f 4396 4409 4410
f 4395 4394 4407
f 4393 4392 4405
f 4391 4390 4403
f 4389 4388 4401
f 4398 4397 4410
f 4395 4408 4409
f 4393 4406 4407
f 4391 4404 4405
f 4402 4415 4416
f 4401 4400 4413
f 4411 4424 4425
f 4409 4422 4423
f 4408 4407 4420
f 4406 4405 4418
f 4403 4416 4417
f 4402 4401 4414
f 4410 4423 4424
f 4408 4421 4422
f 4407 4406 4419
f 4404 4417 4418
f 4416 4415 4428
f 4413 4426 4427
f 4425 4424 4437
f 4423 4422 4435
f 4421 4420 4433
f 4418 4431 4432
f 4416 4429 4430
f 4415 4414 4427
f 4423 4436 4437
f 4421 4434 4435
f 4420 4419 4432
f 4418 4417 4430
f 4428 4441 4442
f 4426 4439 4440
f 4437 4450 4451
f 4435 4448 4449
f 4434 4433 4446
f 4432 4431 4444
f 4430 4429 4442
f 4427 4440 4441
f 4437 4436 4449
f 4435 4434 4447
f 4432 4445 4446
f 4430 4443 4444
f 4442 4441 4454
f 4439 4452 4453
f 4451 4450 4463
f 4449 4448 4461
f 4446 4459 4460
f 4444 4457 4458
f 4443 4442 4455
f 4440 4453 4454
f 4450 4449 4462
f 4447 4460 4461
f 4445 4458 4459
f 4444 4443 4456
f 4455 4454 4467
f 4453 4452 4465
f 4463 4476 4477
f 4462 4461 4474
f 4459 4472 4473
f 4457 4470 4471
f 4455 4468 4469
f 4453 4466 4467
f 4462 4475 4476
f 4461 4460 4473
f 4459 4458 4471
f 4457 4456 4469
f 4468 4467 4063
f 4466 4465 4061
f 4477 4476 4072
f 4474 4070 4071
f 4472 4068 4069
f 4471 4470 4066
f 4468 4064 4065
f 4466 4062 4063
f 4476 4475 4071
f 4474 4473 4069
f 4472 4471 4067
f 4469 4065 4066
f 3935 4061 4465
f 4465 4452 4056
f 4452 4439 4051
f 4439 4426 4047
f 4047 4426 4413
f 4043 4413 4400
f 4039 4400 4387
f 4387 4374 4031
f 4031 4374 4361
f 4361 4348 4023
f 4348 4334 4019
f 4334 4321 4015
f 4015 4321 4308
f 4011 4308 4295
f 4007 4295 4282
f 4282 4269 3999
f 3999 4269 4256
f 4256 4243 3991
f 4243 4230 3987
f 4230 4217 3983
f 3983 4217 4204
f 3979 4204 4191
f 3975 4191 4178
f 4178 4165 3967
f 3967 4165 4152
f 4152 4139 3959
f 4139 4126 3955
f 4126 4113 3951
f 3951 4113 4100
f 3947 4100 4087
f 3943 4087 4074
f 4074 4061 3935
f 4480 4479 4483
f 4480 4484 4485
f 4479 4478 4482
f 4484 4488 4489
f 4482 4486 4487
f 4483 4487 4488
f 4488 4492 4493
f 4487 4486 4490
f 4488 4487 4491
f 4493 4492 4496
f 4490 4494 4495
f 4491 4495 4496
f 4496 4500 4501
f 4495 4494 4498
f 4496 4495 4499
f 4501 4500 4504
f 4498 4502 4503
f 4499 4503 4504
f 4505 4504 4508
f 4503 4502 4506
f 4504 4503 4507
f 4509 4508 4512
f 4506 4510 4511
f 4507 4511 4512
f 4513 4512 4516
f 4511 4510 4514
f 4512 4511 4515
f 4516 4520 4521
f 4514 4518 4519
f 4515 4519 4520
f 4520 4524 4525
f 4518 4522 4523
f 4520 4519 4523
f 4525 4524 4528
f 4522 4526 4527
f 4523 4527 4528
f 4528 4532 4533
f 4527 4526 4530
f 4528 4527 4531
f 4533 4532 4536
f 4530 4534 4535
f 4531 4535 4536
f 4537 4536 4540
f 4534 4538 4539
f 4536 4535 4539
f 4541 4540 4544
f 4539 4538 4542
f 4539 4543 4544
f 4544 4548 4549
f 4542 4546 4547
f 4544 4543 4547
f 4548 4552 4553
f 4547 4546 4550
f 4547 4551 4552
f 4552 4556 4557
f 4551 4550 4554
f 4552 4551 4555
f 4557 4556 4560
f 4554 4558 4559
f 4555 4559 4560
f 4560 4564 4565
f 4559 4558 4562
f 4560 4559 4563
f 4565 4564 4568
f 4562 4566 4567
f 4563 4567 4568
f 4569 4568 4572
f 4567 4566 4570
f 4568 4567 4571
f 4572 4576 4577
f 4570 4574 4575
f 4571 4575 4576
f 4576 4580 4581
f 4575 4574 4578
f 4576 4575 4579
f 4580 4584 4585
f 4578 4582 4583
f 4579 4583 4584
f 4584 4588 4589
f 4583 4582 4586
f 4584 4583 4587
f 4589 4588 4592
f 4586 4590 4591
f 4587 4591 4592
f 4592 4596 4597
f 4591 4590 4594
f 4592 4591 4595
f 4597 4596 4601
f 4594 4599 4600
f 4595 4600 4601
f 4602 4601 4605
f 4600 4599 4603
f 4601 4600 4604
f 4606 4605 4480
f 4603 4478 4479
f 4604 4479 4480
f 4615 4614 4627
f 4612 4625 4626
f 4611 4610 4623
f 4609 4608 4621
f 4618 4617 4630
f 4615 4628 4629
f 4613 4626 4627
f 4612 4611 4624
f 4609 4622 4623
f 4607 4620 4621
f 4619 4618 4631
f 4617 4616 4629
f 4622 4635 4636
f 4620 4633 4634
f 4632 4631 4644
f 4629 4642 4643
f 4628 4627 4640
f 4626 4625 4638
f 4624 4623 4636
f 4622 4621 4634
f 4631 4630 4643
f 4628 4641 4642
f 4626 4639 4640
f 4624 4637 4638
f 4635 4648 4649
f 4634 4633 4646
f 4644 4657 4658
f 4642 4655 4656
f 4641 4640 4653
f 4639 4638 4651
f 4636 4649 4650
f 4635 4634 4647
f 4643 4656 4657
f 4642 4641 4654
f 4640 4639 4652
f 4637 4650 4651
f 4648 4661 4662
f 4646 4659 4660
f 4658 4657 4670
f 4656 4655 4668
f 4653 4666 4667
f 4651 4664 4665
f 4649 4662 4663
f 4648 4647 4660
f 4656 4669 4670
f 4654 4667 4668
f 4653 4652 4665
f 4651 4650 4663
f 4661 4674 4675
f 4660 4659 4672
f 4670 4683 4684
f 4668 4681 4682
f 4667 4666 4679
f 4665 4664 4677
f 4663 4662 4675
f 4661 4660 4673
f 4670 4669 4682
f 4667 4680 4681
f 4665 4678 4679
f 4663 4676 4677
f 4675 4674 4687
f 4672 4685 4686
f 4684 4683 4696
f 4682 4681 4694
f 4679 4692 4693
f 4678 4677 4690
f 4676 4675 4688
f 4673 4686 4687
f 4683 4682 4695
f 4681 4680 4693
f 4678 4691 4692
f 4676 4689 4690
f 4688 4687 4700
f 4686 4685 4698
f 4696 4709 4710
f 4695 4694 4707
f 4692 4705 4706
f 4691 4690 4703
f 4688 4701 4702
f 4686 4699 4700
f 4695 4708 4709
f 4694 4693 4706
f 4692 4691 4704
f 4689 4702 4703
f 4701 4700 4713
f 4699 4698 4711
f 4710 4709 4722
f 4707 4720 4721
f 4705 4718 4719
f 4704 4703 4716
f 4701 4714 4715
f 4699 4712 4713
f 4709 4708 4721
f 4707 4706 4719
f 4705 4704 4717
f 4702 4715 4716
f 4713 4726 4727
f 4711 4724 4725
f 4723 4722 4735
f 4721 4720 4733
f 4719 4718 4731
f 4716 4729 4730
f 4715 4714 4727
f 4713 4712 4725
f 4721 4734 4735
f 4719 4732 4733
f 4717 4730 4731
f 4716 4715 4728
f 4726 4739 4740
f 4724 4737 4738
f 4736 4735 4748
f 4733 4746 4747
f 4732 4731 4744
f 4730 4729 4742
f 4728 4727 4740
f 4726 4725 4738
f 4735 4734 4747
f 4732 4745 4746
f 4730 4743 4744
f 4728 4741 4742
f 4739 4752 4753
f 4738 4737 4750
f 4748 4761 4762
f 4746 4759 4760
f 4745 4744 4757
f 4743 4742 4755
f 4740 4753 4754
f 4739 4738 4751
f 4747 4760 4761
f 4745 4758 4759
f 4744 4743 4756
f 4741 4754 4755
f 4753 4752 4765
f 4750 4763 4764
f 4762 4761 4774
f 4759 4772 4773
f 4758 4757 4770
f 4755 4768 4769
f 4753 4766 4767
f 4752 4751 4764
f 4760 4773 4774
f 4758 4771 4772
f 4757 4756 4769
f 4755 4754 4767
f 4765 4778 4779
f 4764 4763 4776
f 4774 4787 4788
f 4772 4785 4786
f 4771 4770 4783
f 4769 4768 4781
f 4767 4766 4779
f 4765 4764 4777
f 4774 4773 4786
f 4771 4784 4785
f 4769 4782 4783
f 4767 4780 4781
f 4779 4778 4791
f 4776 4789 4790
f 4788 4787 4800
f 4786 4785 4798
f 4783 4796 4797
f 4782 4781 4794
f 4780 4779 4792
f 4777 4790 4791
f 4787 4786 4799
f 4785 4784 4797
f 4782 4795 4796
f 4780 4793 4794
f 4792 4791 4804
f 4790 4789 4802
f 4800 4813 4814
f 4799 4798 4811
f 4796 4809 4810
f 4795 4794 4807
f 4792 4805 4806
f 4790 4803 4804
f 4799 4812 4813
f 4798 4797 4810
f 4796 4795 4808
f 4793 4806 4807
f 4805 4804 4817
f 4803 4802 4815
f 4814 4813 4826
f 4811 4824 4825
f 4809 4822 4823
f 4808 4807 4820
f 4805 4818 4819
f 4803 4816 4817
f 4813 4812 4825
f 4811 4810 4823
f 4809 4808 4821
f 4806 4819 4820
f 4817 4830 4831
f 4815 4828 4829
f 4826 4839 4840
f 4825 4824 4837
f 4823 4822 4835
f 4820 4833 4834
f 4819 4818 4831
f 4817 4816 4829
f 4825 4838 4839
f 4823 4836 4837
f 4821 4834 4835
f 4820 4819 4832
f 4830 4843 4844
f 4828 4841 4842
f 4840 4839 4852
f 4837 4850 4851
f 4836 4835 4848
f 4834 4833 4846
f 4832 4831 4844
f 4830 4829 4842
f 4839 4838 4851
f 4836 4849 4850
f 4834 4847 4848
f 4832 4845 4846
f 4843 4856 4857
f 4842 4841 4854
f 4852 4865 4866
f 4850 4863 4864
f 4849 4848 4861
f 4847 4846 4859
f 4844 4857 4858
f 4843 4842 4855
f 4851 4864 4865
f 4849 4862 4863
f 4848 4847 4860
f 4845 4858 4859
f 4857 4856 4869
f 4855 4854 4867
f 4866 4865 4878
f 4864 4863 4876
f 4862 4861 4874
f 4859 4872 4873
f 4857 4870 4871
f 4856 4855 4868
f 4864 4877 4878
f 4862 4875 4876
f 4861 4860 4873
f 4859 4858 4871
f 4869 4882 4883
f 4868 4867 4880
f 4878 4891 4892
f 4877 4876 4889
f 4874 4887 4888
f 4873 4872 4885
f 4871 4870 4883
f 4868 4881 4882
f 4878 4877 4890
f 4876 4875 4888
f 4873 4886 4887
f 4871 4884 4885
f 4883 4882 4896
f 4880 4894 4895
f 4892 4891 4905
f 4890 4889 4903
f 4887 4901 4902
f 4885 4899 4900
f 4884 4883 4897
f 4881 4895 4896
f 4891 4890 4904
f 4889 4888 4902
f 4886 4900 4901
f 4885 4884 4898
f 4897 4896 4909
f 4895 4894 4907
f 4905 4918 4919
f 4904 4903 4916
f 4901 4914 4915
f 4899 4912 4913
f 4897 4910 4911
f 4895 4908 4909
f 4904 4917 4918
f 4903 4902 4915
f 4901 4900 4913
f 4899 4898 4911
f 4910 4909 4922
f 4908 4907 4920
f 4919 4918 4931
f 4916 4929 4930
f 4914 4927 4928
f 4913 4912 4925
f 4910 4923 4924
f 4908 4921 4922
f 4918 4917 4930
f 4916 4915 4928
f 4914 4913 4926
f 4911 4924 4925
f 4922 4935 4936
f 4920 4933 4934
f 4931 4944 4945
f 4930 4929 4942
f 4928 4927 4940
f 4925 4938 4939
f 4924 4923 4936
f 4922 4921 4934
f 4930 4943 4944
f 4928 4941 4942
f 4926 4939 4940
f 4925 4924 4937
f 4935 4948 4949
f 4933 4946 4947
f 4945 4944 4957
f 4942 4955 4956
f 4941 4940 4953
f 4938 4951 4952
f 4937 4936 4949
f 4935 4934 4947
f 4944 4943 4956
f 4941 4954 4955
f 4939 4952 4953
f 4938 4937 4950
f 4948 4961 4962
f 4947 4946 4959
f 4957 4970 4971
f 4955 4968 4969
f 4954 4953 4966
f 4951 4964 4965
f 4949 4962 4963
f 4948 4947 4960
f 4956 4969 4970
f 4954 4967 4968
f 4953 4952 4965
f 4951 4950 4963
f 4962 4961 4974
f 4959 4972 4973
f 4971 4970 4983
f 4968 4981 4982
f 4966 4979 4980
f 4964 4977 4978
f 4962 4975 4976
f 4960 4973 4974
f 4969 4982 4983
f 4967 4980 4981
f 4966 4965 4978
f 4964 4963 4976
f 4975 4974 4987
f 4973 4972 4985
f 4983 4996 4997
f 4981 4994 4995
f 4979 4992 4993
f 4978 4977 4990
f 4976 4975 4988
f 4973 4986 4987
f 4983 4982 4995
f 4981 4980 4993
f 4978 4991 4992
f 4976 4989 4990
f 4988 4987 5000
f 4985 4998 4999
f 4997 4996 5009
f 4995 4994 5007
f 4992 5005 5006
f 4991 4990 5003
f 4989 4988 5001
f 4986 4999 5000
f 4996 4995 5008
f 4994 4993 5006
f 4991 5004 5005
f 4989 5002 5003
f 5001 5000 5013
f 4999 4998 5011
f 5009 5022 5023
f 5008 5007 5020
f 5005 5018 5019
f 5004 5003 5016
f 5001 5014 5015
f 4999 5012 5013
f 5008 5021 5022
f 5007 5006 5019
f 5005 5004 5017
f 5002 5015 5016
f 5014 5013 4609
f 5012 5011 4607
f 5022 4618 4619
f 5020 4616 4617
f 5018 4614 4615
f 5017 5016 4612
f 5014 4610 4611
f 5012 4608 4609
f 5021 4617 4618
f 5020 5019 4615
f 5018 5017 4613
f 5015 4611 4612
f 4481 4607 5011
f 5011 4998 4602
f 4998 4985 4597
f 4985 4972 4593
f 4593 4972 4959
f 4589 4959 4946
f 4585 4946 4933
f 4933 4920 4577
f 4577 4920 4907
f 4907 4894 4569
f 4894 4880 4565
f 4880 4867 4561
f 4561 4867 4854
f 4557 4854 4841
f 4553 4841 4828
f 4828 4815 4545
f 4545 4815 4802
f 4802 4789 4537
f 4789 4776 4533
f 4776 4763 4529
f 4529 4763 4750
f 4525 4750 4737
f 4521 4737 4724
f 4724 4711 4513
f 4513 4711 4698
f 4698 4685 4505
f 4685 4672 4501
f 4672 4659 4497
f 4497 4659 4646
f 4493 4646 4633
f 4489 4633 4620
f 4620 4607 4481

