# https://github.com/mikedh/trimesh
v 0.06736518 -0.01120512 -0.05587948
v 0.07093834 -0.01221256 -0.05434594
v 0.07128876 -0.01061131 -0.05392942
v 0.06753021 -0.01010609 -0.05558796
v 0.07744367 -0.01065379 -0.06369089
v 0.07822124 -0.00691845 -0.05968357
v 0.07773256 -0.00452519 -0.05883502
v 0.07640817 -0.00443245 -0.06207724
v 0.02770491 -0.04883730 -0.11928534
v 0.01193889 -0.04873272 -0.12369189
v 0.01225580 -0.06002918 -0.12117819
v 0.02712537 -0.06294692 -0.11555446
v 0.04960416 -0.08729177 -0.09569035
v 0.04348081 -0.07914186 -0.10170130
v 0.04104881 -0.09145256 -0.10530652
v 0.05126369 -0.09525593 -0.09508689
v 0.04178211 0.04740041 0.04191174
v 0.04939364 0.04615815 0.03571760
v 0.04893575 0.03984529 0.03985150
v -0.06843566 -0.01050021 -0.05573506
v -0.07197076 -0.01148975 -0.05406930
v -0.07242395 -0.01003699 -0.05369767
v -0.06898949 -0.00959351 -0.05544643
v -0.07965551 -0.01033582 -0.06451554
v -0.08100525 -0.00670914 -0.06018374
v -0.07977736 -0.00426432 -0.05948467
v -0.07881787 -0.00416636 -0.06292194
v 0.04172927 0.04008647 0.04454415
v 0.09506987 0.01239781 -0.07147287
v 0.09524268 0.00978836 -0.07272234
v 0.09606370 0.00789016 -0.07107770
v 0.09598113 0.01003035 -0.06954405
v 0.09261097 -0.00539053 -0.07114471
v 0.09254351 0.00177295 -0.07240853
v 0.09359392 0.00432938 -0.07302942
v 0.09396622 0.00202714 -0.07231147
v 0.09289818 -0.01597010 -0.06765987
v 0.09167879 -0.01532164 -0.06755509
v 0.09285194 -0.01068727 -0.06959894
v 0.09411508 -0.01101732 -0.07018115
v 0.07968928 -0.03699100 -0.04208793
v 0.08230208 -0.03385849 -0.04486633
v 0.08227602 -0.03686225 -0.04639855
v 0.07769568 -0.03866660 -0.04471529
v 0.07432848 -0.03663908 -0.04654911
v 0.07862981 -0.03724765 -0.05097545
v 0.07793823 -0.03370225 -0.05261084
v 0.07446244 -0.03356812 -0.04938298
v 0.09030246 0.02186230 -0.05831185
v 0.09105864 0.01799425 -0.05773718
v 0.08988844 0.01697019 -0.05570688
v 0.08887348 0.02078437 -0.05603418
v 0.07659633 -0.01093143 -0.07011678
v 0.07500353 -0.01728044 -0.06833422
v 0.08105588 -0.01256689 -0.07043388
v 0.08155094 -0.00990962 -0.07061985
v 0.09004670 0.01199998 -0.06465437
v 0.09037973 0.01262803 -0.06771810
v 0.09102605 0.01042051 -0.06903813
v 0.09009756 0.00921134 -0.06677450
v 0.09225976 0.01381555 -0.07215969
v 0.09244671 0.01092415 -0.07353425
v 0.07708503 -0.02679812 -0.04292837
v 0.07577001 -0.02314185 -0.04252263
v 0.07616159 -0.02168819 -0.04382471
v 0.07658271 -0.02291000 -0.04530608
v 0.07670341 -0.01062095 -0.06088481
v 0.07865018 -0.00599049 -0.05828663
v 0.08975983 -0.02694518 -0.06238355
v 0.08958944 -0.02483000 -0.06126383
v 0.09171323 -0.02072651 -0.06471398
v 0.09153993 -0.02210888 -0.06610287
v 0.08607082 -0.02272498 -0.05965098
v 0.08854957 -0.01964468 -0.06296369
v 0.08939882 -0.01894244 -0.06492804
v 0.08852382 -0.02121568 -0.06278735
v 0.09166673 0.01432680 -0.06580426
v 0.09028036 0.01655503 -0.06073998
v 0.09178371 0.01557083 -0.05948974
v 0.09351359 0.01334014 -0.06371355
v 0.08298748 0.00230326 -0.06926803
v 0.08110062 0.00757322 -0.06712747
v 0.08012682 0.00673139 -0.06725027
v 0.08169145 0.00205915 -0.06935117
v 0.09246039 0.01149744 -0.07042755
v 0.09285373 0.00924764 -0.07172036
v 0.09156781 0.00796544 -0.07050302
v 0.08103806 0.00904316 -0.05328222
v 0.08272192 0.01064412 -0.05554708
v 0.08285614 0.00889532 -0.05647449
v 0.08244418 0.00765842 -0.05575670
v 0.08172669 -0.03769036 -0.05037299
v 0.07390400 -0.02615467 -0.06120525
v 0.07564633 -0.02572043 -0.06257664
v 0.07818332 -0.02141229 -0.06543500
v 0.07665631 -0.02028224 -0.06622714
v 0.07461702 -0.03454780 -0.04083399
v 0.07811116 -0.03467026 -0.04046474
v 0.07886846 -0.03589391 -0.04131583
v 0.07549755 -0.03712678 -0.04186916
v 0.08373045 0.01376257 -0.05562829
v 0.08580445 0.01301702 -0.05754258
v 0.08403067 0.01213322 -0.05695302
v 0.08274380 0.01258232 -0.05545978
v 0.09162197 0.00003527 -0.07072732
v 0.09049983 0.00650387 -0.06847183
v 0.09109137 -0.00923721 -0.06542889
v 0.09135102 -0.00883873 -0.06848359
v 0.09110256 -0.01300011 -0.06667020
v -0.03055398 -0.04867743 -0.11900590
v -0.01494646 -0.04866681 -0.12357737
v -0.01512617 -0.05995558 -0.12104926
v -0.02973443 -0.06281541 -0.11526135
v 0.09031250 -0.01324695 -0.06387467
v 0.09069768 -0.00109738 -0.06541933
v 0.09124585 -0.00099147 -0.06879498
v 0.09432507 0.00715048 -0.06993768
v 0.09474826 0.00123375 -0.07111392
v 0.09358274 0.00795753 -0.07074172
v 0.07929299 0.01027402 -0.06456248
v 0.07974560 0.01347505 -0.06855424
v 0.07861405 0.00708165 -0.07109185
v 0.07947481 0.00774615 -0.06645407
v 0.07668687 -0.01769064 -0.04440460
v 0.07753909 -0.01540773 -0.04607319
v 0.07617369 -0.01772607 -0.04783059
v 0.07534253 -0.02047756 -0.04696708
v 0.07895812 -0.02357502 -0.06396988
v 0.07633255 -0.02686198 -0.06174060
v 0.07697447 -0.02764137 -0.06105192
v 0.07964141 -0.02551680 -0.06263813
v 0.08791795 0.01379594 -0.05949558
v 0.08816397 0.00948866 -0.06075394
v 0.08658043 0.00946558 -0.05954465
v 0.08155468 -0.02190271 -0.05237098
v 0.08166758 -0.02068867 -0.05462669
v 0.08346192 -0.02340940 -0.05557839
v 0.08348987 -0.02542251 -0.05344970
v 0.08582792 -0.03367301 -0.05635013
v 0.08290838 -0.03371011 -0.05726075
v 0.08077686 -0.03576025 -0.05386134
v 0.08393465 -0.03588461 -0.05326694
v 0.07625315 -0.02151846 -0.04617404
v 0.07608513 -0.02024328 -0.04418841
v 0.08501361 0.00272719 -0.07089537
v 0.08354177 0.00886483 -0.06818064
v 0.08957970 0.00786780 -0.06471844
v 0.09018143 0.00541778 -0.06625634
v 0.07774127 -0.00475323 -0.05051934
v 0.07608011 -0.00452295 -0.05256847
v 0.07655622 -0.00546758 -0.05238956
v 0.07865129 -0.00622706 -0.05016693
v 0.07766757 -0.00497790 -0.04890360
v 0.07833841 -0.00666651 -0.04871013
v 0.07762985 -0.00662631 -0.04778742
v 0.07719383 -0.00572912 -0.04764003
v 0.07533705 -0.00444175 -0.05299309
v 0.07580094 -0.00471639 -0.05277913
v 0.07586046 -0.00413301 -0.05278492
v 0.08026950 -0.00204971 -0.06310461
v 0.08097770 -0.00960970 -0.06416998
v 0.07925858 -0.01059659 -0.06520381
v 0.07929286 -0.00432856 -0.06348889
v 0.09176191 -0.00777827 -0.06998669
v 0.08628146 0.01742443 -0.05224304
v 0.08529331 0.02052826 -0.05180030
v 0.08799820 0.02281885 -0.05576292
v 0.07562161 -0.01933067 -0.05780837
v 0.07909833 -0.01886768 -0.05505858
v 0.07875539 -0.01897638 -0.05345333
v 0.07603978 -0.01928213 -0.05600663
v 0.07665925 -0.01381702 -0.05134495
v 0.07459679 -0.01696319 -0.05107782
v 0.07802160 -0.01519886 -0.04883508
v 0.07750381 0.00122270 -0.04860485
v 0.07704432 -0.00296915 -0.05155801
v 0.07713686 -0.00386226 -0.05014674
v 0.07702600 -0.00338549 -0.04875527
v 0.09242341 -0.01655225 -0.06889534
v 0.09336440 -0.01115096 -0.07154143
v 0.09172143 -0.01121045 -0.07273631
v 0.09085454 -0.01694718 -0.07013192
v 0.07573929 -0.03023224 -0.04010266
v 0.07090133 -0.03244974 -0.04390477
v 0.07403158 -0.02693753 -0.04099823
v 0.09369260 0.01887946 -0.06634252
v 0.09188230 0.02046155 -0.06653567
v 0.09214941 0.01851101 -0.06865989
v 0.09435150 0.01701357 -0.06841339
v 0.07736880 0.00162714 -0.05654816
v 0.07700535 -0.00044222 -0.05664244
v 0.07777388 0.00083777 -0.05526204
v 0.07743889 0.00308610 -0.05498343
v 0.05371101 -0.03426752 -0.10115252
v 0.06288137 -0.03415604 -0.08198865
v 0.06665707 -0.02026284 -0.09008320
v 0.05885797 -0.02041696 -0.10594509
v 0.08689518 -0.03056583 -0.05538324
v 0.08617021 -0.03260270 -0.05269556
v 0.07997852 0.00919930 -0.04653674
v 0.07907719 0.01121489 -0.04547943
v 0.07940096 0.01714285 -0.04725307
v 0.08082937 0.01362153 -0.04742971
v 0.09316321 0.00319327 -0.07538969
v 0.09551129 0.00259745 -0.07425884
v 0.08339798 0.01353973 -0.05401251
v 0.08570825 0.01654671 -0.05698604
v 0.08394638 0.01449386 -0.05582981
v 0.08266263 0.01301313 -0.05415558
v 0.08276276 0.00543707 -0.05136433
v 0.08362450 0.00670099 -0.05105589
v 0.08177394 0.00761202 -0.05145351
v 0.08063661 0.00626636 -0.05189106
v 0.07771078 0.01676415 -0.04449821
v 0.07860270 0.02224413 -0.04768271
v 0.07162985 -0.02621335 -0.06121053
v 0.08210380 0.00772076 -0.04849275
v 0.08301137 0.01051788 -0.04865739
v 0.08437859 0.00861961 -0.05090320
v -0.05240413 -0.08741562 -0.09511285
v -0.04649366 -0.07925291 -0.10103187
v -0.04417647 -0.09157825 -0.10488961
v -0.05396613 -0.09554590 -0.09442630
v 0.07488638 -0.02210814 -0.04070852
v 0.07570572 -0.02055698 -0.04263359
v 0.08222568 0.01273651 -0.05400586
v 0.08154854 0.01145399 -0.05394416
v 0.08017696 0.00738811 -0.05224663
v 0.08109711 0.00640402 -0.05493763
v 0.08555777 -0.00062045 -0.06121538
v 0.08723725 -0.00883789 -0.06222903
v 0.07053381 -0.01973953 -0.07572221
v 0.06769715 -0.03260481 -0.06193045
v 0.08062830 0.00802261 -0.05175405
v 0.08079770 0.00847455 -0.05174724
v 0.08005743 0.00781867 -0.05149410
v 0.07960364 0.00692757 -0.05225668
v 0.08487005 -0.03438369 -0.05005208
v 0.08522561 0.00587652 -0.05940450
v 0.08240129 0.00346852 -0.05728413
v 0.08394310 0.00590781 -0.05735490
v 0.09451421 -0.00650379 -0.07044178
v 0.09581500 0.00099593 -0.07086971
v 0.09689099 0.00116168 -0.07244880
v 0.09552853 -0.00664721 -0.07175964
v 0.07250257 -0.03524178 -0.04526417
v 0.07656458 -0.00121642 -0.05800714
v 0.07806673 -0.00255986 -0.05746160
v 0.07956970 0.00495332 -0.05554005
v 0.07882789 0.00593050 -0.05240446
v 0.07561918 -0.01738414 -0.04225503
v 0.09141196 0.01511622 -0.06753532
v 0.09202968 0.01352903 -0.06892784
v 0.09041308 0.01413536 -0.06642827
v 0.09011526 0.01522988 -0.06488464
v 0.08915602 0.01793166 -0.06305511
v 0.08856477 0.01812970 -0.06264636
v 0.09082019 0.01670390 -0.06588615
v 0.08191250 0.00529502 -0.05603772
v 0.08307695 0.00659798 -0.05660942
v 0.08146927 -0.02299491 -0.05066600
v 0.08305260 -0.02870185 -0.05022756
v 0.09014101 -0.01669535 -0.06424071
v 0.08867879 -0.01609109 -0.06154897
v 0.08879600 -0.00567078 -0.07374458
v 0.08847414 0.00312444 -0.07379145
v 0.08674531 0.00290013 -0.07207017
v 0.08754437 -0.00553905 -0.07252304
v 0.08140604 -0.00411388 -0.07048257
v 0.07798606 -0.00336263 -0.07071832
v 0.07679486 -0.00476830 -0.04707811
v 0.07605601 -0.00058008 -0.04484814
v 0.07808392 0.00378301 -0.05466833
v 0.07830442 0.00574510 -0.05301237
v 0.08282672 -0.02101179 -0.06638940
v 0.07934903 -0.02830223 -0.05887540
v 0.08319088 -0.02319903 -0.06444224
v 0.07520117 -0.02864919 -0.05706858
v 0.07505392 -0.02940150 -0.05451230
v 0.07764281 -0.02968258 -0.05593380
v 0.08570053 -0.02080654 -0.05880894
v 0.08804008 -0.01939267 -0.06120227
v 0.07600839 -0.00483807 -0.05365648
v 0.07472792 -0.00647916 -0.05559735
v 0.07415999 -0.00511212 -0.05342471
v 0.08873503 -0.00083485 -0.06350211
v 0.08996063 -0.00894942 -0.06350970
v 0.08342080 0.00897453 -0.05165221
v 0.07982297 -0.00050459 -0.05223462
v 0.08060227 0.00301636 -0.05002577
v 0.08653764 0.01200548 -0.05187475
v 0.08538186 0.01050004 -0.05218654
v 0.08454972 0.00962981 -0.05190639
v 0.08529521 0.01026818 -0.05101969
v 0.07010222 -0.01445898 -0.05543407
v 0.07249790 -0.01613753 -0.05327453
v 0.07402838 -0.01295703 -0.05261514
v 0.08834458 0.01744604 -0.06021355
v 0.08890130 0.01574882 -0.06129652
v 0.08541333 0.00947039 -0.06945258
v 0.08342802 0.01086456 -0.05641647
v 0.08347862 0.00929978 -0.05751377
v 0.08187212 0.02304048 -0.06215002
v 0.08233047 0.02059451 -0.05872263
v 0.08202442 0.02111292 -0.05742771
v 0.08152763 0.02620935 -0.05737669
v 0.07465679 -0.03200322 -0.05081339
v 0.07728788 -0.03177628 -0.05345509
v 0.07685149 -0.03061700 -0.05415076
v 0.07501228 -0.03057107 -0.05238453
v 0.07813569 -0.01906387 -0.05293006
v 0.07602889 -0.01937730 -0.05497784
v 0.09057408 -0.01519485 -0.06733339
v 0.09011168 -0.01611771 -0.06619015
v 0.09116888 -0.01198124 -0.06849898
v 0.09132639 -0.01055940 -0.06958234
v 0.07841778 0.00276922 -0.05981592
v 0.07789724 0.00112090 -0.05854811
v 0.08061124 0.01520119 -0.06072653
v 0.08342396 0.01707395 -0.06194300
v 0.08358663 0.01961957 -0.05853378
v 0.08119281 0.01802748 -0.05856008
v 0.08732738 0.01021718 -0.07121279
v 0.08345807 0.00764266 -0.05731747
v 0.08396060 0.00778894 -0.05800980
v 0.08321408 0.00814016 -0.05686436
v 0.07968589 0.00534902 -0.05242524
v 0.08190539 0.00417500 -0.05246717
v 0.08664091 0.01219821 -0.05312280
v 0.08924638 0.01551773 -0.05579684
v 0.08844941 0.01624622 -0.05722322
v 0.08602000 0.01310727 -0.05335056
v 0.08145113 0.01030277 -0.05219368
v 0.01345353 -0.03643660 -0.12966193
v 0.01530849 -0.02588541 -0.13642977
v -0.04102294 0.04756772 0.04166684
v -0.04881475 0.04637948 0.03547288
v -0.04833576 0.04012959 0.03966846
v -0.04064217 0.04066208 0.04440841
v 0.08420433 0.02035339 -0.05138241
v 0.08428558 0.02183158 -0.05480571
v 0.08545236 0.02251679 -0.05536712
v 0.08489805 0.02098218 -0.05190694
v 0.08996044 0.01409596 -0.06451014
v 0.09274799 0.01054638 -0.06976356
v 0.07928287 -0.00437012 -0.05631667
v 0.07632938 -0.00725657 -0.05716632
v 0.06725841 -0.00854896 -0.05589947
v 0.06750751 -0.00730617 -0.05565819
v 0.06814963 -0.00762762 -0.05667336
v 0.06810748 -0.00855414 -0.05713453
v 0.07183509 -0.01422162 -0.05819464
v 0.07435180 -0.01487112 -0.05701975
v 0.07348382 -0.01630158 -0.05540010
v 0.07149861 -0.01552830 -0.05743755
v 0.06695603 -0.01125303 -0.05652941
v 0.06710687 -0.00978460 -0.05615966
v 0.06784318 -0.01029000 -0.05757285
v 0.06791309 -0.01196631 -0.05837326
v 0.08742344 0.01793577 -0.05858082
v 0.08914293 0.01761123 -0.06060566
v 0.09498685 0.00893688 -0.06836058
v 0.09527461 0.00690349 -0.06973220
v 0.09217913 0.01449438 -0.06678589
v 0.09255289 0.01262511 -0.06821772
v 0.07742480 -0.01260176 -0.04603279
v 0.07835593 -0.01248427 -0.04783660
v 0.07825244 -0.01414752 -0.04776054
v 0.09576569 0.01153916 -0.06802716
v 0.09474857 0.01465059 -0.06987254
v 0.07823671 -0.03023277 -0.04155684
v 0.07731184 -0.03189594 -0.04029897
v 0.05030961 -0.10471336 -0.02569646
v 0.06108210 -0.09937206 -0.03898092
v 0.06058067 -0.10987280 -0.03760632
v 0.05008526 -0.11513820 -0.02490583
v 0.08501336 0.01571156 -0.05095418
v 0.08333394 0.01884722 -0.05084599
v 0.06730600 -0.01338288 -0.05701302
v 0.06740000 -0.01356944 -0.05705472
v 0.07001584 -0.01537164 -0.05669669
v 0.07163282 -0.00913624 -0.05391825
v 0.06804330 -0.00881049 -0.05530323
v 0.07196000 -0.01242171 -0.05799456
v 0.07142062 -0.00688615 -0.05629862
v 0.07134964 -0.00588593 -0.05497484
v 0.07343578 -0.01869661 -0.05190721
v 0.07470205 -0.01961404 -0.05354168
v 0.07622205 -0.02006934 -0.05028547
v 0.06841219 -0.01398566 -0.05857915
v 0.07955035 0.00420880 -0.05770494
v 0.07460716 -0.01189045 -0.05757162
v 0.07641314 -0.01423284 -0.05933926
v 0.07604052 -0.01604327 -0.05824778
v 0.07431097 -0.01380513 -0.05745060
v 0.08452896 -0.02377511 -0.05691907
v 0.08414575 -0.02201347 -0.05710362
v 0.07617050 -0.01860409 -0.05984785
v 0.07915000 -0.01898330 -0.05794933
v 0.07968862 -0.00169447 -0.05630154
v 0.08091315 0.00143003 -0.05370497
v 0.07674738 -0.00471566 -0.05433296
v 0.07457934 -0.00951415 -0.05673399
v 0.07630033 -0.01181403 -0.05902472
v 0.07165220 -0.00799799 -0.05413212
v 0.07483432 -0.00742097 -0.05257102
v 0.07451557 -0.00638438 -0.05291962
v 0.07154511 -0.00700697 -0.05445509
v 0.08528533 0.00941189 -0.05876169
v 0.08183224 0.01694653 -0.04895623
v 0.08396161 0.01325722 -0.04957980
v 0.08240940 0.02732288 -0.07289275
v 0.08039925 0.01834266 -0.07850816
v 0.08141217 0.01917013 -0.06629065
v 0.07248889 -0.01065150 -0.05762384
v 0.06758539 -0.00690383 -0.05577996
v 0.06844981 -0.00749257 -0.05569561
v 0.09058864 -0.01951178 -0.06469811
v 0.07687236 -0.02087788 -0.04962699
v 0.07857767 0.00336626 -0.05323768
v 0.08834359 -0.01069990 -0.07232880
v 0.08761211 -0.01636462 -0.07018866
v 0.07828709 0.00482882 -0.05313281
v 0.07848237 0.00594063 -0.05310282
v 0.07545568 -0.01964971 -0.05452964
v 0.07766020 -0.01962429 -0.05173068
v 0.07886957 0.00620104 -0.05269148
v 0.07873424 -0.01314063 -0.04927127
v 0.08950166 0.00929663 -0.06342953
v 0.08108232 -0.03124672 -0.05810900
v 0.07936516 -0.03256743 -0.05506284
v 0.06842268 -0.00777256 -0.05517446
v 0.07208881 -0.01619149 -0.05484599
v 0.07174976 -0.00866871 -0.05664441
v 0.07720136 -0.00940692 -0.05151037
v 0.07712562 -0.01168811 -0.05120826
v 0.07852778 -0.01073516 -0.04913022
v 0.08024079 -0.01821973 -0.05934587
v 0.07646531 -0.01652123 -0.06185570
v 0.07776459 -0.01560192 -0.06378145
v 0.08226021 -0.01683276 -0.06024377
v 0.08651678 -0.02157446 -0.06771006
v 0.08484612 -0.02615447 -0.06444354
v 0.08747453 -0.02773663 -0.06394597
v 0.08978196 -0.02276689 -0.06736514
v 0.08253057 0.04433213 -0.08092118
v 0.08275048 0.03366219 -0.06555066
v 0.08287913 0.05122183 -0.06902514
v 0.08679696 0.01820928 -0.06655175
v 0.08666306 0.01583258 -0.06812507
v 0.09207073 0.01636641 -0.07046363
v 0.08094760 0.02468042 -0.05238191
v 0.08190527 0.02152581 -0.05605133
v 0.08399244 0.02129642 -0.05467272
v 0.09237260 -0.00619426 -0.07443070
v 0.07878704 0.00521077 -0.04704885
v 0.08107810 0.00520648 -0.04893511
v 0.08176650 -0.01966413 -0.06737789
v 0.08372929 -0.01879757 -0.05763432
v 0.08627712 -0.01780377 -0.05927106
v 0.09238823 0.01798343 -0.05996467
v 0.09046061 0.01587951 -0.05764281
v 0.01545293 -0.11760879 0.00895375
v 0.01418849 -0.12506390 0.00563182
v 0.00870784 -0.01065584 0.06196803
v 0.00980461 -0.01087375 0.06070925
v 0.00813630 -0.00929356 0.05956877
v 0.00774704 -0.00927390 0.06016835
v 0.00945110 -0.01905007 0.06128307
v 0.00869654 -0.01776807 0.06056996
v 0.01003928 -0.01798618 0.05945459
v 0.01125770 -0.01891406 0.06051949
v 0.00692397 -0.00908596 0.05957802
v 0.00591891 -0.01066653 0.06225706
v 0.00688331 -0.01062324 0.06293655
v 0.00724278 -0.00922811 0.05990865
v 0.09248444 0.02115634 -0.06066105
v 0.01411688 -0.01871433 0.06136939
v 0.01255034 -0.01686490 0.06055474
v 0.01302475 -0.01644812 0.06242746
v 0.01580565 -0.01780786 0.06327599
v 0.00477870 -0.01650864 0.06898335
v 0.00625874 -0.01471063 0.06901234
v 0.00508711 -0.01568345 0.06690788
v 0.00480327 -0.01729460 0.06636322
v 0.00870245 -0.01459482 0.06834688
v 0.01097640 -0.01464767 0.07051059
v 0.01318736 -0.01495063 0.06878320
v 0.01061491 -0.01532496 0.06685370
v 0.00583337 -0.01444820 0.06255444
v 0.00665552 -0.01628557 0.06365912
v 0.00495110 -0.01367014 0.06560414
v 0.01232403 -0.01430113 0.06085555
v 0.01202784 -0.01516455 0.05956082
v 0.00994887 -0.01168023 0.05947133
v 0.01023585 -0.01147788 0.05941471
v 0.05359680 -0.08745954 -0.02633689
v 0.06208027 -0.08494601 -0.04123751
v 0.03855600 0.00621684 0.03763791
v 0.03796873 0.00321059 0.03918548
v 0.03372557 0.00442121 0.04025576
v 0.03448427 0.00709157 0.03884576
v 0.07858025 -0.00848574 -0.04834666
v 0.07765529 -0.00765876 -0.04732392
v 0.08649404 0.01317822 -0.06964760
v 0.09057675 0.01583402 -0.06623571
v 0.08711840 0.01982784 -0.06462400
v 0.08652845 0.02167562 -0.06001644
v 0.08484774 0.02062876 -0.05919714
v 0.08497839 0.01852300 -0.06321002
v 0.09437200 0.01526220 -0.06477535
v 0.07812626 -0.02225896 -0.04911000
v 0.08690109 0.00511662 -0.06152611
v 0.08601008 0.02233642 -0.05753580
v 0.08915684 0.02326666 -0.05812713
v 0.09300341 -0.00621575 -0.07029633
v 0.09508546 0.01386303 -0.06656467
v 0.09393810 0.01224269 -0.06542550
v 0.08757006 0.01416159 -0.05268027
v 0.08076140 -0.01283932 -0.06457161
v 0.08622976 -0.01235000 -0.06152996
v 0.08446905 -0.01507838 -0.06079921
v -0.09583511 0.01295092 -0.07240516
v -0.09603819 0.01044713 -0.07374398
v -0.09683286 0.00855134 -0.07173442
v -0.09669159 0.01058792 -0.07022467
v -0.09319110 -0.00504933 -0.07176428
v -0.09316384 0.00199757 -0.07323758
v -0.09388499 0.00466038 -0.07384141
v -0.09463977 0.00239106 -0.07297345
v 0.07968406 -0.01465508 -0.06430297
v 0.07722728 0.00003536 -0.05845385
v 0.07564296 -0.01650350 -0.04006390
v 0.08468376 -0.02824724 -0.05375126
v -0.09304324 -0.01522157 -0.06835156
v -0.09201963 -0.01472904 -0.06806327
v -0.09327864 -0.01011165 -0.06998458
v -0.09458683 -0.01039091 -0.07068288
v 0.08554173 -0.02706758 -0.05628587
v 0.03035091 -0.03571263 -0.12377861
v 0.03418868 -0.02435439 -0.12971522
v 0.09437585 -0.00643877 -0.07336583
v 0.08779773 0.01855821 -0.05981242
v 0.08013263 -0.02272466 -0.05000260
v 0.08084229 -0.02818064 -0.04720413
v 0.07913097 -0.02735821 -0.04587342
v 0.08366839 0.00831414 -0.05800195
v 0.08100273 -0.01837885 -0.06767958
v 0.08085553 -0.01613214 -0.06924617
v 0.06828281 -0.00699982 -0.05638696
v 0.08379917 -0.02458707 -0.06425160
v 0.08035776 -0.02964812 -0.05837800
v 0.06469595 -0.08208076 -0.05597895
v 0.06130728 -0.07898949 -0.07289101
v -0.08044993 -0.03604613 -0.04101509
v -0.08312139 -0.03302285 -0.04399689
v -0.08319008 -0.03580653 -0.04539443
v -0.07826518 -0.03734575 -0.04368512
v 0.06212031 -0.09098692 -0.07004530
v 0.06466804 -0.09491982 -0.05400414
v 0.07536598 -0.00225049 -0.04126251
v 0.07610461 -0.00970664 -0.04386168
v 0.07589580 -0.01082453 -0.04198037
v 0.03006188 -0.10726544 0.00008839
v 0.02601578 -0.12028366 -0.00212113
v 0.07554157 -0.01568472 -0.03647712
v 0.07490563 -0.01583381 -0.02442476
v 0.07588613 0.00037420 -0.02464940
v 0.07535489 -0.00540048 -0.03560316
v 0.06364653 0.03022629 0.01517737
v 0.06453949 0.03109537 0.01017814
v 0.06536934 0.02202073 0.00952110
v 0.06381519 0.02296061 0.01391956
v 0.01936918 0.08857211 0.03095866
v 0.00949355 0.08966755 0.03336911
v 0.00923745 0.09639318 0.02835179
v 0.01943518 0.09527040 0.02590577
v 0.03620560 -0.01547770 -0.13296238
v 0.03805569 -0.00431769 -0.13660838
v 0.01757798 -0.00742708 -0.14412732
v 0.01640428 -0.01775048 -0.13995259
v 0.01946806 0.11400528 0.00468719
v 0.00899855 0.11540346 0.00717568
v 0.00912625 0.12104482 -0.00244659
v -0.07478294 -0.03593729 -0.04514144
v -0.07895373 -0.03603894 -0.04986723
v -0.07828256 -0.03278014 -0.05163324
v -0.07497228 -0.03300449 -0.04806439
v 0.01981083 0.11940628 -0.00460990
v 0.05790813 0.00374033 0.02711949
v 0.06036802 -0.00224561 0.02710936
v 0.05650566 -0.00287385 0.03125186
v 0.05461295 0.00333653 0.03052409
v 0.08143593 -0.03272404 -0.04367616
v 0.08008791 -0.03157131 -0.04277789
v -0.09101174 0.02200044 -0.05912822
v -0.09174828 0.01814097 -0.05856818
v -0.09064164 0.01691617 -0.05658118
v -0.08963607 0.02075367 -0.05677046
v -0.07824834 -0.01053013 -0.06938483
v -0.07650100 -0.01687376 -0.06752024
v -0.08257236 -0.01210812 -0.07004886
v -0.08310219 -0.00940185 -0.07036167
v 0.00933377 0.12596466 -0.01379920
v 0.02031058 0.12414083 -0.01558476
v 0.01570954 0.01415085 0.04722647
v -0.08995539 0.01192077 -0.06624313
v -0.09079999 0.01252798 -0.06902063
v -0.09128413 0.01052164 -0.07011879
v -0.09030166 0.00922491 -0.06797603
v -0.09292625 0.01437522 -0.07317504
v -0.09303659 0.01155833 -0.07467664
v -0.07800118 -0.02677376 -0.04121295
v -0.07635275 -0.02319135 -0.04076356
v -0.07697891 -0.02149418 -0.04234892
v -0.07784760 -0.02265429 -0.04374924
v -0.07901853 -0.01042781 -0.06134174
v -0.08042701 -0.00575483 -0.05877897
v -0.08970637 -0.02547695 -0.06254257
v -0.09014908 -0.02370085 -0.06133387
v -0.09190054 -0.01960125 -0.06495979
v -0.09160467 -0.02092991 -0.06660344
v 0.01622382 0.01628194 0.04412020
v 0.02003292 0.01260032 0.04272966
v 0.01954781 0.01029197 0.04520114
v 0.00855299 0.06103549 0.04664145
v 0.00906243 0.06870631 0.04236906
v 0.01803691 0.06871488 0.04091790
v 0.01741290 0.06109484 0.04583295
v 0.02459918 0.00990225 0.04121107
v 0.02378424 0.00774149 0.04324576
v 0.00908215 0.10325535 0.02196741
v 0.01944076 0.10205696 0.01937624
v 0.01998750 0.13155717 -0.06501909
v -0.08725759 -0.02228247 -0.05969001
v -0.08953967 -0.01922169 -0.06325366
v -0.09002694 -0.01845322 -0.06533937
v -0.08946096 -0.02078861 -0.06308565
v 0.02041547 0.13151179 -0.05663025
v 0.00910006 0.13426238 -0.05699390
v -0.09162988 0.01467849 -0.06709784
v -0.09018152 0.01689978 -0.06211380
v -0.09225427 0.01590024 -0.06061760
v -0.09400439 0.01375537 -0.06482265
v 0.01017287 0.13364568 -0.06947345
v 0.07175118 -0.00117805 -0.09655216
v 0.07542659 -0.00302802 -0.08094966
v 0.07816987 0.00938531 -0.08181424
v 0.07576007 0.01595160 -0.09823522
v 0.03985529 -0.10025673 -0.01169284
v 0.03699602 -0.11286213 -0.01376674
v -0.08404668 0.00284039 -0.06980380
v -0.08237062 0.00785641 -0.06755365
v -0.08188193 0.00695339 -0.06737770
v -0.08351599 0.00245245 -0.06941641
v -0.09274718 0.01167231 -0.07145912
v -0.09315202 0.00945003 -0.07261467
v -0.09174145 0.00815673 -0.07149255
v -0.08168504 0.00862091 -0.05488844
v -0.08343647 0.01006304 -0.05727682
v -0.08278000 0.00860803 -0.05825181
v -0.08313827 0.00723038 -0.05737862
v -0.08214907 -0.03621864 -0.04959963
v -0.07515596 -0.02560809 -0.06029437
v -0.07669058 -0.02502399 -0.06209746
v -0.07958914 -0.02075823 -0.06511082
v -0.07802817 -0.01968255 -0.06550490
v 0.05449818 0.05260624 0.02262536
v 0.05561221 0.05816137 0.01780579
v 0.05934984 0.05107743 0.01413100
v 0.05850936 0.04638214 0.01943690
v 0.00737583 0.04834937 0.05219216
v 0.01574330 0.04798600 0.05208605
v 0.01391365 0.04169529 0.05255399
v 0.00670457 0.04213081 0.05258302
v -0.07499773 -0.03429281 -0.03909282
v -0.07869019 -0.03411525 -0.03895312
v -0.07943313 -0.03515474 -0.04018837
v -0.07597994 -0.03629908 -0.04059653
v 0.06369306 0.01553936 0.01372363
v 0.06598931 0.01301461 0.01067611
v 0.06549461 0.00519588 0.01546338
v 0.06239621 0.00851444 0.01767342
v 0.06013693 0.00485682 0.02368259
v -0.08422779 0.01338523 -0.05732771
v -0.08586010 0.01276527 -0.05935715
v -0.08419798 0.01188662 -0.05874229
v -0.08333480 0.01221910 -0.05713700
v 0.06303804 -0.00086997 0.02323529
v -0.09226479 0.00024688 -0.07158312
v -0.09084230 0.00666488 -0.06947651
v 0.01884594 0.07863364 0.03695506
v 0.00931607 0.07932268 0.03880342
v 0.06239485 0.04138295 0.01132748
v 0.06165810 0.03853957 0.01689841
v 0.01252448 0.01736651 0.04970569
v 0.01355969 0.01917257 0.04595852
v 0.01028060 0.02299468 0.04846182
v -0.09206003 -0.00899084 -0.06585313
v -0.09191675 -0.00857628 -0.06905135
v -0.09201469 -0.01269467 -0.06698659
v -0.09173186 -0.01297675 -0.06402855
v 0.00586485 0.02305582 0.05457196
v 0.00555249 0.02671351 0.05237606
v 0.00950459 0.02626742 0.04899555
v 0.03482187 0.06063017 0.03838360
v 0.03531314 0.06771699 0.03357598
v 0.04286842 0.06664895 0.02837336
v 0.04210973 0.05971143 0.03273350
v 0.01941653 0.10817698 0.01248011
v -0.09154715 -0.00098387 -0.06619379
v -0.09179600 -0.00081511 -0.06961033
v 0.00898428 0.10944796 0.01506635
v 0.00566190 0.03526008 0.05099351
v 0.01111017 0.03497604 0.05008623
v 0.01003168 0.03172179 0.04877840
v -0.09484623 0.00765957 -0.07062013
v -0.09544544 0.00173238 -0.07163479
v -0.09402227 0.00838258 -0.07154685
v -0.08042129 0.01070243 -0.06500830
v -0.08063182 0.01399610 -0.06889646
v -0.08031880 0.00763480 -0.07103615
v -0.08077624 0.00824635 -0.06671537
v 0.00549792 0.03216195 0.05073765
v 0.02873365 0.00581235 0.04168629
v 0.02947187 0.00818330 0.04015177
v 0.07077844 -0.03140553 -0.05125390
v 0.07290445 -0.03274516 -0.04936483
v 0.07606156 0.01694750 -0.03817776
v 0.07530830 0.00571524 -0.03640582
v 0.07516903 0.01390746 -0.02539519
v 0.07498217 0.02747063 -0.02738141
v 0.07656024 0.04062295 -0.03063068
v 0.07735734 0.04793801 -0.03491359
v 0.07932784 0.03165434 -0.04279311
v 0.07767459 0.02648478 -0.04011553
v 0.05701982 -0.08840704 -0.08402886
v 0.05399497 -0.07781073 -0.08790167
v 0.00562515 0.01998405 0.05761137
v 0.00531080 0.01675339 0.06027453
v 0.01999368 0.03686449 -0.15200761
v -0.07682488 -0.01721769 -0.04347463
v -0.07789268 -0.01499761 -0.04536894
v -0.07658640 -0.01706394 -0.04703678
v -0.07667169 -0.01995633 -0.04582347
v 0.01936985 0.02247841 -0.15130213
v 0.04053254 0.02678815 -0.14239396
v 0.04082282 0.04056303 -0.14266454
v 0.06874277 -0.01228208 -0.09343007
v -0.08032126 -0.02288360 -0.06384160
v -0.07749660 -0.02603948 -0.06118584
v -0.07802606 -0.02675173 -0.06050552
v -0.08054123 -0.02445703 -0.06236538
v 0.07288998 -0.01199864 -0.07882559
v 0.01126747 -0.01349719 0.06272902
v 0.00806606 -0.00902776 0.05886097
v 0.00884631 -0.01174039 0.05982125
v 0.00814586 -0.00902987 0.05881768
v 0.01226861 -0.01594923 0.06492056
v 0.01531970 -0.01592926 0.06642538
v 0.00927936 -0.01620579 0.05903430
v 0.00821475 -0.01603072 0.05947496
v 0.00812549 -0.01145863 0.06006501
v 0.00833584 -0.00907644 0.05899735
v 0.00113765 -0.01709045 0.07098719
v 0.00176933 -0.01555862 0.07418948
v 0.00650449 -0.01499853 0.07331109
v 0.00474376 -0.01651661 0.07103163
v 0.00727922 -0.00885672 0.05944287
v 0.00621272 -0.01122637 0.06107707
v 0.00578899 -0.01295166 0.06699128
v 0.00774832 -0.01061646 0.06279240
v 0.00748036 -0.00922586 0.06010249
v 0.00796372 -0.01282549 0.06615095
v 0.00634401 -0.01816214 0.06391092
v 0.00967853 -0.01308501 0.06470057
v -0.08784920 0.01365362 -0.06119499
v -0.08805292 0.00913894 -0.06242078
v -0.08652553 0.00915257 -0.06131439
v -0.08294398 -0.02149180 -0.05216870
v -0.08337428 -0.02025428 -0.05446023
v -0.08462231 -0.02292380 -0.05553158
v -0.08431987 -0.02488839 -0.05332712
v 0.08217790 -0.01978770 -0.05635488
v 0.06386528 -0.06671455 -0.03691746
v 0.06721619 -0.05150764 -0.04505220
v 0.06604745 -0.05252469 -0.05069782
v -0.08571856 -0.03217487 -0.05618580
v -0.08314375 -0.03260158 -0.05718495
v -0.08127192 -0.03467286 -0.05332568
v -0.08411278 -0.03453057 -0.05291651
v -0.07802853 -0.02112486 -0.04471886
v -0.07669742 -0.01994338 -0.04298965
v -0.08588561 0.00329108 -0.07157753
v -0.08534842 0.00908369 -0.06872680
v 0.06411025 -0.06829771 -0.04602813
v 0.08531473 0.00772485 -0.05920600
v 0.06705394 0.05913240 -0.00454118
v 0.06781013 0.07074421 -0.01311932
v 0.07378285 0.05943763 -0.02535525
v -0.08967071 0.00766895 -0.06601835
v -0.09050960 0.00548340 -0.06730410
v 0.07395784 0.04947192 -0.02147508
v 0.06834000 0.08119847 -0.02079885
v 0.07399966 0.07065221 -0.03204928
v 0.07792329 0.05868351 -0.04232861
v 0.08152883 0.03754913 -0.05685310
v 0.04555506 0.01894995 0.03141643
v 0.04563211 0.01889294 0.03150309
v 0.04404544 0.01869816 0.03278334
v -0.07904261 -0.00470577 -0.05042442
v -0.07742877 -0.00447587 -0.05248953
v -0.07777524 -0.00531233 -0.05229975
v -0.07974988 -0.00609376 -0.04998409
v 0.04410138 0.01869898 0.03266469
v 0.04513448 0.01916305 0.03084737
v 0.04354698 0.01883858 0.03188243
v -0.07894763 -0.00494732 -0.04866619
v -0.07946385 -0.00651918 -0.04845041
v -0.07875975 -0.00649976 -0.04745516
v -0.07838807 -0.00567278 -0.04726690
v 0.04599122 0.01949418 0.02988412
v 0.04660662 0.01913716 0.03035755
v 0.04684450 0.01900862 0.03046574
v 0.02767937 0.02024174 0.03500527
v 0.02856047 0.02056799 0.03452935
v 0.03112027 0.01980055 0.03460131
v 0.03041587 0.01960438 0.03560896
v 0.02746142 0.02004118 0.03538560
v 0.03034155 0.01930478 0.03589608
v -0.07675564 -0.00434205 -0.05298808
v -0.07714867 -0.00460802 -0.05275009
v -0.07730591 -0.00410167 -0.05275692
v -0.08048636 -0.00122783 -0.06547073
v -0.08218754 -0.00922379 -0.06558665
v -0.08057752 -0.01021790 -0.06613173
v -0.08063594 -0.00389370 -0.06496570
v 0.03176318 0.02250491 0.02871175
v 0.03129197 0.02279435 0.02865385
v -0.09229691 -0.00748020 -0.07069694
v 0.03249370 0.02217728 0.02884045
v 0.02595394 0.02209390 0.03301758
v 0.02604174 0.02328196 0.03300474
v -0.08751325 0.01714147 -0.05276094
v -0.08652720 0.02010320 -0.05236786
v -0.08924404 0.02247438 -0.05644330
v 0.03095514 0.02367571 0.02871353
v 0.03096997 0.02301137 0.02862197
v 0.02626916 0.02170491 0.03326405
v -0.07718260 -0.01873559 -0.05785951
v -0.08087362 -0.01824452 -0.05476811
v -0.07985488 -0.01806570 -0.05294148
v -0.07767940 -0.01867406 -0.05577118
v -0.07739651 -0.01322015 -0.05091274
v -0.07529328 -0.01626341 -0.05043900
v -0.07855663 -0.01465130 -0.04825289
v -0.07877504 0.00089812 -0.04864851
v -0.07847112 -0.00300572 -0.05144503
v -0.07852097 -0.00391379 -0.05002098
v -0.07847697 -0.00351585 -0.04856763
v -0.09289838 -0.01580021 -0.06970227
v -0.09387609 -0.01053306 -0.07232347
v -0.09229677 -0.01055949 -0.07371309
v -0.09136988 -0.01619708 -0.07106758
v 0.02457890 0.02141029 0.03323260
v 0.02350381 0.02169295 0.03272318
v -0.07610023 -0.03021117 -0.03816299
v -0.07098895 -0.03267758 -0.04210770
v -0.07471076 -0.02729137 -0.03887575
v -0.09455770 0.01919703 -0.06722946
v -0.09264189 0.02070811 -0.06735096
v -0.09292538 0.01885930 -0.06956295
v -0.09514002 0.01743986 -0.06938133
v -0.07845766 0.00177651 -0.05757540
v -0.07831347 -0.00031364 -0.05745028
v -0.07878915 0.00077734 -0.05598367
v -0.07851876 0.00304015 -0.05593074
v 0.02359622 0.02333596 0.03297868
v 0.03564882 0.01833093 0.03574112
v 0.03584010 0.01758474 0.03573219
v 0.03107604 0.01789520 0.03609158
v 0.03064277 0.01872784 0.03605144
v 0.03547826 0.01877833 0.03567645
v 0.03892841 0.01886745 0.03470280
v 0.03899680 0.01842347 0.03474104
v 0.03907346 0.01766161 0.03466718
v -0.05588983 -0.03379571 -0.10061692
v -0.06443777 -0.03357688 -0.08115593
v -0.06845095 -0.01955160 -0.08944719
v -0.06096069 -0.01981372 -0.10552225
v -0.08710478 -0.02933186 -0.05531833
v -0.08641995 -0.03150370 -0.05248500
v -0.08059103 0.00869619 -0.04736095
v -0.08003217 0.01055877 -0.04551443
v -0.08059530 0.01650328 -0.04716409
v -0.08165567 0.01313062 -0.04776497
v 0.02764199 0.01881696 0.03595437
v 0.02753256 0.01968468 0.03569071
v 0.03905280 0.01703715 0.03455739
v 0.03607852 0.01696755 0.03561399
v -0.09397823 0.00377481 -0.07666261
v -0.09645165 0.00321410 -0.07536130
v 0.03128093 0.01728288 0.03606081
v 0.02764983 0.01841482 0.03611124
v 0.02481017 0.01971965 0.03558819
v 0.02594174 0.01987788 0.03555499
v 0.03611211 0.01621493 0.03552807
v 0.03616448 0.01536899 0.03548913
v 0.03134155 0.01567543 0.03620526
v 0.03133469 0.01663799 0.03631026
v -0.08396106 0.01319697 -0.05570194
v -0.08578457 0.01635902 -0.05874630
v -0.08416420 0.01419894 -0.05756420
v -0.08321199 0.01260806 -0.05585824
v -0.08333128 0.00517151 -0.05262576
v -0.08406950 0.00642205 -0.05253100
v -0.08229402 0.00724616 -0.05296870
v -0.08129644 0.00593319 -0.05326338
v 0.03909981 0.01626769 0.03433301
v 0.03913058 0.01533637 0.03427393
v -0.07888509 0.01587159 -0.04404416
v -0.07963677 0.02118821 -0.04763607
v 0.04800874 0.01900689 0.02879209
v 0.04856866 0.01946974 0.02792190
v 0.04848908 0.01890470 0.02797422
v -0.07284235 -0.02578894 -0.06001989
v 0.04809009 0.01854879 0.02842594
v 0.05088650 0.01606786 0.02516877
v 0.05206603 0.01737280 0.02465467
v 0.05386345 0.01663955 0.02313451
v -0.08254739 0.00740515 -0.04975871
v -0.08337186 0.01014749 -0.04984729
v -0.08460478 0.00842330 -0.05230623
v -0.07501847 -0.02238489 -0.03891702
v -0.07583858 -0.02056537 -0.04125029
v -0.08289631 0.01228393 -0.05565776
v -0.08228026 0.01106249 -0.05548484
v -0.08092995 0.00698793 -0.05378046
v -0.08189061 0.00615015 -0.05638058
v 0.05273521 0.01514257 0.02413934
v -0.08685146 -0.00059827 -0.06245898
v -0.08842160 -0.00864593 -0.06268987
v 0.06158378 0.00640960 0.02028867
v 0.05547252 0.01214139 0.02348006
v 0.05668131 0.01362031 0.02144563
v 0.04747116 0.01888661 0.02955012
v 0.04682506 0.01867658 0.03045858
v 0.04745238 0.01913021 0.02955901
v 0.04795597 0.01941243 0.02865250
v 0.04750611 0.01824145 0.02922802
v 0.04684690 0.01808027 0.03018104
v 0.04565446 0.01864137 0.03145723
v 0.04562360 0.01803525 0.03124632
v 0.04398048 0.01783186 0.03253065
v 0.04396609 0.01850014 0.03271813
v 0.04187237 0.01843972 0.03379780
v -0.07186618 -0.01884278 -0.07491308
v -0.06875838 -0.03248847 -0.06049363
v 0.04218563 0.01876181 0.03370873
v 0.04190650 0.01767012 0.03364690
v 0.04400833 0.01718832 0.03220569
v 0.04193648 0.01706331 0.03343122
v 0.04554945 0.01734655 0.03081342
v 0.04685968 0.01750157 0.02971581
v 0.04762262 0.01777726 0.02869877
v 0.04836760 0.01808498 0.02790371
v 0.04890457 0.01865663 0.02739726
v 0.04798096 0.01724546 0.02807564
v 0.04871517 0.01639632 0.02722334
v 0.04745310 0.01603973 0.02861378
v 0.04711679 0.01691035 0.02926667
v 0.04893915 0.01762171 0.02716814
v 0.04985420 0.01686976 0.02616535
v -0.08120161 0.00760903 -0.05332167
v -0.08141157 0.00803478 -0.05336783
v -0.08080923 0.00738591 -0.05296268
v -0.08031694 0.00653070 -0.05370063
v 0.04589491 0.01670007 0.03044289
v 0.04606211 0.01586518 0.03002713
v 0.04403077 0.01564456 0.03148961
v 0.04402791 0.01648059 0.03186795
v -0.08547439 -0.03339845 -0.04963894
v -0.08542478 0.00580420 -0.06094460
v -0.08311816 0.00348761 -0.05878416
v -0.08408946 0.00584856 -0.05895102
v 0.04199200 0.01636829 0.03310380
v 0.04211504 0.01538097 0.03283256
v -0.09501954 -0.00588004 -0.07061090
v -0.09652524 0.00164739 -0.07107116
v -0.09763045 0.00188155 -0.07266543
v -0.09610077 -0.00591519 -0.07208733
v 0.03540489 0.01887242 0.03556944
v 0.03499349 0.01933076 0.03454310
v 0.03842155 0.01906936 0.03399184
v 0.03898092 0.01878360 0.03457757
v 0.04225201 0.01864814 0.03363759
v -0.07280739 -0.03495616 -0.04356154
v -0.07815861 -0.00100858 -0.05880360
v -0.07976203 -0.00245891 -0.05813778
v 0.04134031 0.01905333 0.03315733
v 0.03820969 0.01903637 0.03291718
v 0.03657333 0.02138112 0.02858295
v 0.03791657 0.02136290 0.02819033
v 0.04100969 0.01898394 0.03213594
v -0.08043969 0.00464152 -0.05682359
v -0.07966805 0.00556770 -0.05376956
v 0.03511496 0.01931798 0.03344367
v 0.03507463 0.02147959 0.02886540
v 0.03185372 0.02001633 0.03352932
v -0.07607899 -0.01739981 -0.04117918
v 0.03359454 0.02184840 0.02892505
v 0.02921430 0.02064861 0.03381340
v 0.03755498 0.03072817 0.03715361
v 0.03730142 0.03080442 0.03786929
v 0.04374656 0.02980281 0.03698163
v 0.04313426 0.02951916 0.03623508
v 0.05153887 -0.00069202 -0.12561077
v 0.05317768 0.01481320 -0.13024187
v 0.03992150 0.01007662 -0.14038105
v 0.04486112 0.02746721 0.03493560
v 0.04480549 0.02817567 0.03492809
v 0.04730574 0.02709399 0.03310802
v 0.04715525 0.02639109 0.03298682
v 0.04482190 0.02658744 0.03499515
v -0.09130814 0.01527698 -0.06894621
v -0.09218550 0.01364933 -0.07012404
v -0.09026029 0.01420340 -0.06793558
v -0.09000656 0.01531394 -0.06642696
v -0.08903927 0.01798773 -0.06459432
v -0.08848080 0.01825788 -0.06408845
v -0.09067087 0.01684530 -0.06740970
v -0.08258075 0.00516134 -0.05744551
v -0.08327610 0.00645971 -0.05821850
v 0.04691453 0.02540950 0.03295843
v 0.04210804 0.02769060 0.03702246
v -0.08292511 -0.02259682 -0.05011481
v -0.08386921 -0.02804640 -0.04979892
v -0.09104574 -0.01619475 -0.06446523
v -0.09087947 -0.01593206 -0.06133112
v -0.08960944 -0.00510863 -0.07469709
v -0.08946729 0.00362975 -0.07490722
v -0.08785045 0.00342130 -0.07291703
v -0.08846893 -0.00491682 -0.07331252
v 0.04220720 0.02861638 0.03679939
v 0.04238235 0.02923813 0.03650540
v 0.04556338 0.02454743 0.02826623
v 0.04488716 0.02536160 0.02906745
v -0.08293565 -0.00361833 -0.07031967
v -0.07986693 -0.00287104 -0.07015412
v -0.07809173 -0.00480637 -0.04664792
v -0.07729407 -0.00088881 -0.04445099
v -0.07907319 0.00364801 -0.05586862
v -0.07930562 0.00537533 -0.05422632
v -0.08414103 -0.02029266 -0.06658693
v -0.08026513 -0.02745888 -0.05862750
v -0.08429742 -0.02239416 -0.06467293
v -0.07619711 -0.02806950 -0.05641777
v -0.07594456 -0.02892439 -0.05381588
v -0.07845865 -0.02898934 -0.05555206
v 0.04559343 0.02511372 0.03062987
v 0.04646286 0.02440489 0.02926598
v 0.04622281 0.02398670 0.02760265
v 0.04709556 0.02389030 0.02823455
v 0.04081957 0.02379826 0.02597769
v 0.04051792 0.02406105 0.02632535
v 0.04007632 0.02440940 0.02679839
v -0.08757316 -0.02051396 -0.05846068
v -0.08932677 -0.01895676 -0.06130696
v 0.04097593 0.02351182 0.02576140
v -0.07747088 -0.00471735 -0.05361633
v -0.07648984 -0.00632221 -0.05567157
v -0.07553911 -0.00486404 -0.05344585
v -0.09000926 -0.00103911 -0.06413716
v -0.09120065 -0.00881455 -0.06400536
v -0.08371708 0.00868540 -0.05324969
v 0.04101428 0.02316338 0.02565425
v -0.08109418 -0.00060878 -0.05267528
v -0.08149657 0.00283505 -0.05078870
v -0.08698170 0.01186199 -0.05319221
v -0.08565171 0.01028127 -0.05381379
v -0.08466510 0.00944740 -0.05349907
v -0.08548959 0.01009697 -0.05249738
v -0.07112384 -0.01364551 -0.05515506
v -0.07347446 -0.01536116 -0.05293599
v -0.07498154 -0.01227956 -0.05226685
v 0.04094146 0.02278024 0.02562570
v 0.04086477 0.02242176 0.02574588
v 0.06550837 -0.00918250 0.02038280
v 0.06454255 0.00141158 0.01941823
v -0.08839030 0.01744965 -0.06181440
v -0.08890793 0.01570971 -0.06287021
v -0.08634009 0.00997831 -0.07031579
v 0.06727409 -0.00649785 0.01618647
v 0.04717928 0.01936558 0.02938714
v -0.08398025 0.01033094 -0.05815369
v -0.08331709 0.00910752 -0.05931307
v 0.04771006 0.01974216 0.02850937
v -0.08243387 0.02287767 -0.06263987
v -0.08308702 0.02031964 -0.05928737
v -0.08270577 0.02068823 -0.05801044
v -0.08203942 0.02554013 -0.05789905
v 0.04655844 0.01968636 0.02900862
v -0.07531669 -0.03146168 -0.04964763
v -0.07796343 -0.03112719 -0.05279336
v -0.07762399 -0.03000124 -0.05358949
v -0.07576640 -0.03005689 -0.05141413
v -0.07919567 -0.01813606 -0.05232343
v -0.07767654 -0.01870742 -0.05452935
v 0.04704006 0.02014878 0.02824064
v -0.09111895 -0.01477331 -0.06788982
v -0.09078298 -0.01569582 -0.06662130
v -0.09170517 -0.01163073 -0.06906313
v -0.09193016 -0.01020829 -0.07017592
v 0.04827637 0.02037988 0.02769668
v 0.04865477 0.02007877 0.02764433
v 0.04440764 0.01937196 0.03022088
v 0.03986723 0.02145445 0.02723678
v 0.04032990 0.02155315 0.02679192
v -0.07893872 0.00291153 -0.06115646
v -0.07867783 0.00151841 -0.05993668
v -0.08170252 0.01511133 -0.06135099
v -0.08424900 0.01697204 -0.06258602
v -0.08415405 0.01942660 -0.05925070
v -0.08217878 0.01781130 -0.05921481
v -0.08811091 0.01080078 -0.07218510
v 0.04518743 0.01977291 0.02929893
v 0.04287347 0.01907266 0.03113201
v 0.03898043 0.02139924 0.02772966
v 0.04062068 0.02179493 0.02643378
v 0.04081024 0.02203173 0.02602023
v -0.08351506 0.00752106 -0.05897973
v -0.08386330 0.00766217 -0.05974915
v 0.04556813 0.02015254 0.02856839
v -0.08326763 0.00795824 -0.05854348
v 0.04602198 0.02068680 0.02780111
v 0.04741057 0.02092532 0.02767001
v -0.08049512 0.00506539 -0.05356859
v -0.08266945 0.00398683 -0.05347765
v -0.08676565 0.01208477 -0.05477179
v -0.08939054 0.01562445 -0.05722927
v -0.08827549 0.01628733 -0.05888512
v -0.08626762 0.01286152 -0.05505517
v 0.04643448 0.02198794 0.02696799
v 0.04652016 0.02267324 0.02701642
v 0.04754935 0.02155965 0.02747187
v -0.08215131 0.00983037 -0.05374252
v 0.04763735 0.02233313 0.02746671
v 0.04626975 0.02142190 0.02720209
v -0.01640150 -0.03633226 -0.12955561
v -0.01816823 -0.02575523 -0.13633494
v 0.04645995 0.02336226 0.02720325
v 0.04747513 0.02309902 0.02776135
v 0.04887572 0.01957504 0.02752938
v 0.04893777 0.02052750 0.02735834
v 0.04931593 0.02159251 0.02684391
v 0.04933368 0.01956513 0.02705880
v -0.08531248 0.01981826 -0.05182665
v -0.08531217 0.02134880 -0.05537584
v -0.08661052 0.02210836 -0.05597446
v -0.08609633 0.02052403 -0.05241267
v -0.08998191 0.01406456 -0.06606719
v 0.05003618 0.01952608 0.02640626
v 0.04955937 0.01830559 0.02660331
v 0.05038519 0.02223472 0.02663384
v 0.05206411 0.02240324 0.02639047
v -0.09320915 0.01090595 -0.07072554
v -0.08091442 -0.00431297 -0.05673878
v -0.07831922 -0.00719029 -0.05741915
v 0.05126248 0.01941530 0.02551035
v 0.05050576 0.01797068 0.02567715
v 0.04864342 0.02110487 0.02739830
v -0.06874622 -0.00814654 -0.05586825
v -0.06904552 -0.00699460 -0.05564630
v -0.06967866 -0.00722747 -0.05660647
v -0.06961118 -0.00813996 -0.05714309
v 0.04864296 0.02183513 0.02716856
v 0.04990551 0.02342528 0.02803286
v -0.07301477 -0.01332866 -0.05816482
v -0.07533430 -0.01400133 -0.05693313
v -0.07441852 -0.01544227 -0.05516092
v -0.07245429 -0.01453239 -0.05715114
v 0.05083508 0.02419876 0.02815336
v 0.04913712 0.02287906 0.02800065
v 0.04867141 0.02366277 0.02937634
v 0.04930099 0.02431789 0.02951053
v -0.06836590 -0.01068839 -0.05643903
v -0.06855590 -0.00931732 -0.05612864
v -0.06932583 -0.00978262 -0.05762501
v -0.06895941 -0.01125132 -0.05823366
v 0.05003201 0.02503573 0.02963685
v 0.04857305 0.02520105 0.03117367
v -0.08743070 0.01786426 -0.06020691
v -0.08911729 0.01772679 -0.06209467
v 0.04908485 0.02595953 0.03134705
v 0.04799453 0.02445560 0.03096627
v 0.04846550 0.02275827 0.02788002
v -0.09566759 0.00946270 -0.06903196
v -0.09588353 0.00751186 -0.07011990
v -0.09224793 0.01481485 -0.06806616
v -0.09291969 0.01293900 -0.06932003
v 0.04799885 0.02349333 0.02892756
v 0.04724969 0.02423611 0.03031497
v 0.04631727 0.02482124 0.03233077
v -0.07790752 -0.01239200 -0.04549248
v -0.07902532 -0.01216418 -0.04734631
v -0.07879200 -0.01377614 -0.04720401
v -0.09679057 0.01197506 -0.06861515
v -0.09560594 0.01514799 -0.07082138
v -0.07877804 -0.02989614 -0.04008232
v -0.07784262 -0.03160756 -0.03845445
v -0.04771325 -0.10541902 -0.02378235
v -0.06015397 -0.09998770 -0.03699679
v -0.05999614 -0.11067653 -0.03605616
v -0.04809322 -0.11599552 -0.02351332
v -0.08630946 0.01541586 -0.05126125
v -0.08460590 0.01841310 -0.05112312
v 0.04458513 0.02579812 0.03446590
v 0.04387678 0.02603844 0.03256556
v 0.04182090 0.02691387 0.03642376
v -0.06835063 -0.01261182 -0.05681137
v -0.06841338 -0.01278871 -0.05683044
v -0.07103457 -0.01443397 -0.05640182
v -0.07282937 -0.00865547 -0.05376329
v -0.06929041 -0.00829536 -0.05520511
v 0.04120669 0.02668330 0.03440937
v 0.03747243 0.03150028 0.03943019
v 0.04458460 0.03065940 0.03829640
v 0.04063442 0.02691645 0.03229936
v 0.03795705 0.02510967 0.02828749
v 0.03636364 0.02525454 0.02886716
v 0.03747027 0.02700078 0.03339585
v -0.07349583 -0.01178846 -0.05819658
v 0.02647886 0.02438021 0.03360785
v 0.02736014 0.02530167 0.03426972
v -0.07309098 -0.00657976 -0.05622664
v -0.07273553 -0.00556839 -0.05501925
v -0.07487437 -0.01814739 -0.05099306
v -0.07630847 -0.01895260 -0.05279367
v -0.07780270 -0.01947054 -0.04931673
v -0.06932750 -0.01312081 -0.05827474
v -0.08018857 0.00424378 -0.05908310
v 0.03164332 0.02442633 0.02929179
v 0.03116690 0.02413835 0.02900498
v 0.02504324 0.02423718 0.03418154
v 0.02632418 0.02540868 0.03514645
v -0.07629292 -0.01138030 -0.05797020
v -0.07772562 -0.01356688 -0.05967960
v -0.07711215 -0.01528895 -0.05841090
v -0.07579352 -0.01314543 -0.05768277
v -0.08551955 -0.02331866 -0.05700001
v -0.08569849 -0.02163015 -0.05690498
v -0.07657537 -0.01805102 -0.06064711
v -0.08047708 -0.01831431 -0.05819170
v -0.08103076 -0.00156064 -0.05697026
v -0.08199888 0.00133555 -0.05447526
v -0.07827628 -0.00464881 -0.05433565
v -0.07640633 -0.00908517 -0.05699941
v -0.07833294 -0.01142928 -0.05931552
v -0.07291877 -0.00760868 -0.05409160
v -0.07606476 -0.00708102 -0.05253604
v -0.07581854 -0.00606640 -0.05294258
v -0.07288767 -0.00666963 -0.05446140
v -0.08501448 0.00925066 -0.06058837
v -0.08295423 0.01656361 -0.04889451
v -0.08451381 0.01301300 -0.05035379
v -0.08296258 0.02790304 -0.07346699
v -0.08119047 0.01925712 -0.07891633
v -0.08186014 0.01945306 -0.06674641
v -0.07411905 -0.01003671 -0.05800417
v -0.06920537 -0.00659194 -0.05574704
v -0.06979746 -0.00709399 -0.05568446
v -0.09085982 -0.01882706 -0.06520376
v -0.07864735 -0.02031663 -0.04847085
v -0.07955734 0.00316695 -0.05413989
v -0.08913286 -0.01006052 -0.07326175
v -0.08825399 -0.01558867 -0.07100819
v -0.07919765 0.00455100 -0.05423293
v -0.07943073 0.00559928 -0.05431590
v -0.07715270 -0.01900216 -0.05388128
v -0.07864824 -0.01870200 -0.05098743
v -0.07973519 0.00584259 -0.05402690
v -0.07935621 -0.01267545 -0.04883423
v -0.08957753 0.00905800 -0.06499355
v 0.03130145 0.02629232 0.03457544
v 0.03342808 0.02482941 0.02955301
v -0.08152438 -0.03029396 -0.05808561
v -0.07983182 -0.03171459 -0.05470595
v 0.03235469 0.02461378 0.02949403
v -0.06970409 -0.00733616 -0.05511378
v 0.02933122 0.02576381 0.03433686
v -0.07309639 -0.01530171 -0.05459859
v -0.07335415 -0.00821842 -0.05665349
v 0.03049157 0.02673047 0.03657668
v 0.02799129 0.02608493 0.03582096
v 0.03776401 0.02709852 0.03569675
v -0.07816909 -0.00906057 -0.05125710
v -0.07790624 -0.01119729 -0.05083971
v -0.07939925 -0.01043382 -0.04880956
v 0.02144512 0.07422516 -0.14682314
v 0.02098463 0.05785517 -0.15108219
v -0.08179945 -0.01772740 -0.05966925
v -0.07763555 -0.01596989 -0.06253519
v -0.07957949 -0.01514588 -0.06404459
v -0.08404666 -0.01646811 -0.06054459
v -0.08698551 -0.02064565 -0.06837598
v -0.08542101 -0.02514472 -0.06476039
v -0.08739213 -0.02643224 -0.06429677
v -0.08989503 -0.02169516 -0.06806151
v 0.04115551 0.05999527 -0.14177790
v 0.04101388 0.07425551 -0.13823909
v -0.08334801 0.04462161 -0.08138534
v -0.08326887 0.03388021 -0.06619237
v -0.08366109 0.05124007 -0.06954650
v -0.08760303 0.01836725 -0.06721024
v -0.08742072 0.01617888 -0.06889620
v -0.09312271 0.01674205 -0.07148605
v -0.08145199 0.02370154 -0.05279677
v -0.08235815 0.02090244 -0.05666372
v -0.08471424 0.02066929 -0.05518693
v -0.09313218 -0.00563076 -0.07559389
v 0.04292341 0.02620340 0.03078077
v 0.03917270 0.02481246 0.02754707
v 0.05139384 0.07553650 -0.13021031
v 0.05039440 0.08457435 -0.12675856
v 0.04140759 0.08645525 -0.13243887
v 0.03838719 -0.06470473 -0.10613185
v 0.02782238 -0.07647159 -0.11324650
v -0.07965637 0.00479393 -0.04768237
v -0.08172598 0.00493385 -0.05002967
v 0.02273291 0.02401062 0.03561327
v -0.08317355 -0.01912518 -0.06757770
v 0.02458218 0.02521907 0.03619104
v -0.08558022 -0.01836922 -0.05732892
v -0.08816607 -0.01741955 -0.05898533
v -0.09330318 0.01821253 -0.06075624
v -0.09080538 0.01611484 -0.05885958
v 0.02148604 0.02295195 0.03512441
v 0.02086213 0.02283203 0.03531951
v 0.02203530 0.02415484 0.03567401
v 0.02365673 0.02545554 0.03626740
v 0.02690485 0.02619035 0.03678576
v 0.02620122 0.02658979 0.03730872
v 0.02986734 0.02774882 0.03835805
v 0.02993501 0.02706337 0.03790978
v 0.03764274 0.02765910 0.03764050
v 0.03778780 0.02836321 0.03819259
v 0.02927471 0.02870262 0.03807864
v 0.02563278 0.02724233 0.03695920
v 0.02844163 0.02972508 0.03778214
v 0.02540904 0.02810433 0.03690027
v 0.03801623 0.03015238 0.03728797
v 0.03797944 0.02920547 0.03786766
v 0.02460851 0.02059101 0.03512942
v 0.02231775 0.02103521 0.03510033
v 0.02511449 0.02084393 0.03493506
v 0.02261589 0.02129459 0.03478805
v 0.02634576 0.02112852 0.03418079
v 0.02167339 0.02182728 0.03469346
v 0.02108101 0.02168489 0.03509806
v -0.00819704 -0.11810771 0.01044143
v -0.00902975 -0.12537667 0.00643356
v 0.02722549 0.02124226 0.03367014
v 0.02130890 0.02428246 0.03534230
v 0.01999272 0.02271198 0.03543052
v 0.02015196 0.02473821 0.03452087
v 0.01931325 0.02268509 0.03498066
v 0.02261490 0.02682878 0.03549198
v 0.02298510 0.02583248 0.03553108
v 0.02017936 0.02162136 0.03532471
v 0.02083827 0.02104198 0.03527764
v 0.01949845 0.02157109 0.03539941
v 0.02020342 0.02081607 0.03539787
v 0.02748492 0.01780810 0.03626971
v 0.02731552 0.01709536 0.03660319
v 0.02413110 0.01924651 0.03588711
v 0.02361614 0.01871037 0.03607204
v 0.03612700 0.01436854 0.03555920
v 0.03920035 0.01434156 0.03444035
v 0.03598584 0.01303141 0.03590496
v -0.01002906 -0.00988732 0.06144404
v -0.01110896 -0.01006580 0.06012444
v -0.00937507 -0.00846967 0.05906409
v -0.00900974 -0.00848907 0.05967724
v 0.03931744 0.01297388 0.03465452
v 0.03085240 0.01355473 0.03700541
v 0.03122459 0.01465892 0.03650408
v 0.03682736 -0.12127477 -0.01443535
v 0.04965901 0.01535392 0.02655203
v 0.05112866 0.01415998 0.02603154
v 0.04935319 0.01355691 0.02783059
v 0.04812809 0.01500896 0.02803482
v 0.04638929 0.01476963 0.02962731
v -0.01091354 -0.01842824 0.06065139
v -0.01018358 -0.01709261 0.06001850
v -0.01158230 -0.01725568 0.05887418
v -0.01276729 -0.01818612 0.05971710
v 0.04706242 0.01322393 0.02968110
v 0.04461098 0.01310980 0.03149089
v 0.04416202 0.01454581 0.03129408
v 0.04229408 0.01438753 0.03281786
v 0.04237655 0.01289779 0.03308940
v 0.05316273 0.01867368 0.02443766
v 0.05428136 0.02196042 0.02480025
v 0.05470876 0.01769713 0.02315715
v 0.05655216 0.02119236 0.02274096
v 0.01844150 0.02575076 0.03536362
v -0.00819833 -0.00838844 0.05910795
v -0.00720791 -0.01008590 0.06183602
v -0.00828229 -0.00997667 0.06247913
v -0.00852188 -0.00851640 0.05941920
v 0.01819367 0.02292183 0.03498809
v 0.01704749 0.02625024 0.03741470
v 0.01698253 0.02350160 0.03650631
v 0.01840448 0.02866960 0.03897158
v 0.02001037 0.02847973 0.03615991
v 0.01883471 0.02161130 0.03562783
v 0.01962481 0.02049060 0.03559925
v 0.01789555 0.02147417 0.03632469
v 0.01892915 0.02002242 0.03638807
v 0.02699969 0.01617206 0.03677921
v 0.02669099 0.01516457 0.03712272
v 0.02319828 0.01807646 0.03655167
v 0.02247587 0.01722899 0.03700472
v 0.04984315 -0.01231531 -0.12154523
v 0.05393929 0.03141484 -0.13182852
v 0.05148477 0.03374409 0.03660839
v 0.04907623 0.03123298 0.03688208
v 0.04573585 0.03244349 0.03909608
v 0.04735423 0.03536774 0.04014048
v 0.05413244 0.03742805 0.03457078
v 0.05683893 0.03399125 0.03132020
v 0.05437244 0.03145497 0.03330094
v 0.05172607 0.02971765 0.03434890
v 0.05571168 0.02445624 0.02613306
v 0.05360308 0.02486849 0.02753792
v 0.05377847 0.02643849 0.02926414
v 0.05581610 0.02665593 0.02788715
v 0.05794492 0.02432607 0.02388768
v 0.05857837 0.02722018 0.02606491
v 0.05541339 0.02888482 0.03044497
v 0.05309152 0.02798712 0.03169284
v 0.05821179 0.03021162 0.02876317
v 0.02615277 0.03305193 0.04131262
v 0.02643877 0.03204349 0.03939188
v 0.02406852 0.03007481 0.03751490
v 0.02274463 0.03040559 0.03884513
v 0.02513103 0.03411988 0.04279177
v 0.02052379 0.03110640 0.04045625
v 0.03983036 0.03583793 0.04290343
v 0.03878582 0.03357506 0.04119317
v 0.02800064 0.03034844 0.03745252
v 0.02597843 0.02898838 0.03726055
v 0.02738178 0.03035882 0.03752894
v 0.02545999 0.02896871 0.03710694
v 0.05909188 0.09590785 -0.10840508
v 0.06126911 0.10185468 -0.09582347
v 0.04443005 0.11300148 -0.10192098
v 0.04361092 0.10544765 -0.11446174
v 0.04502162 0.02843562 0.03544758
v 0.04604149 0.02866944 0.03557142
v 0.04836896 0.02763423 0.03382254
v 0.04752704 0.02744834 0.03368677
v 0.04958743 0.02638520 0.03159872
v 0.05034979 0.02681341 0.03200644
v 0.05128739 0.02587914 0.03031944
v 0.05066980 0.02557618 0.03005709
v 0.05123173 0.02485332 0.02874378
v 0.05173822 0.02494124 0.02852625
v 0.02522077 0.02953724 0.03754953
v 0.02699766 0.03075294 0.03820730
v 0.05293227 0.06304627 -0.13222000
v 0.04439100 0.07431924 0.02369432
v 0.05169638 0.07085560 0.01719485
v 0.04993195 0.06415002 0.02265616
v 0.04698061 0.02956254 0.03671962
v 0.04957771 0.02836322 0.03461656
v 0.05139664 0.02732611 0.03226345
v 0.05237474 0.02614228 0.03027374
v 0.05271591 0.02523937 0.02881715
v 0.07596475 -0.01379928 -0.04183713
v 0.07603169 -0.01385851 -0.04366240
v 0.08308945 -0.00465058 -0.07029670
v 0.08096857 0.00186439 -0.06958380
v 0.07958446 0.00547050 -0.06815544
v 0.08419212 0.01396586 -0.05362041
v 0.08627395 0.01723801 -0.05663970
v 0.08879476 -0.02292252 -0.06150946
v 0.08528192 -0.02506207 -0.05774322
v -0.09338535 0.02137932 -0.06144496
v 0.08842289 -0.02200151 -0.06219048
v 0.09326787 0.01273154 -0.06575194
v 0.09363458 0.01105296 -0.06718607
v 0.09450847 0.01064184 -0.06681075
v 0.04263785 -0.03490622 -0.11340418
v 0.04752817 -0.02178303 -0.11857097
v 0.09391953 0.00924010 -0.06859717
v 0.07720541 -0.00917471 -0.04650264
v 0.08421992 -0.00492680 -0.07038734
v 0.08600421 -0.00531043 -0.07184228
v 0.08719773 -0.01029913 -0.07161801
v 0.08628748 -0.00993458 -0.07122160
v 0.08662999 -0.01563208 -0.06957000
v 0.08577235 -0.01490995 -0.06929558
v 0.08995430 -0.01907319 -0.06499152
v 0.09033871 -0.01473620 -0.06786045
v 0.08731238 0.01756545 -0.05805234
v 0.08736663 0.01695115 -0.05724847
v 0.08813445 0.01746254 -0.05838510
v 0.07816464 -0.01045664 -0.04797821
v 0.08212895 0.01147181 -0.05368347
v 0.08205383 0.00978805 -0.05180675
v 0.08165491 0.01025719 -0.05236899
v 0.07586905 -0.00593079 -0.05251238
v 0.07554841 -0.00507251 -0.05275821
v 0.07721236 -0.00733764 -0.05204559
v 0.07891752 -0.00841526 -0.04960159
v 0.07386984 -0.01659070 -0.05188219
v 0.07373545 -0.01749221 -0.05322563
v 0.07346667 -0.01812510 -0.05225081
v 0.09048179 0.02301071 -0.06108709
v 0.08213773 0.00881311 -0.05137004
v 0.08350669 0.00987229 -0.05171885
v 0.08423457 0.01102745 -0.05205908
v 0.08906577 0.01657940 -0.05839987
v 0.08482219 0.01189258 -0.05224478
v 0.08358786 0.01203554 -0.05256338
v 0.08509431 0.01365442 -0.05336390
v 0.08278099 0.01210470 -0.05302380
v 0.07923546 -0.01394840 -0.06507980
v 0.07782862 -0.01405759 -0.06315422
v 0.07648831 0.00741654 -0.04226076
v 0.07714109 0.00511705 -0.04462677
v 0.08427590 -0.02584360 -0.05542704
v 0.07969207 0.01141175 -0.06199671
v 0.08079650 0.01501277 -0.06374241
v 0.09175353 -0.01048324 -0.06962662
v 0.08434151 -0.01700754 -0.05923424
v 0.08208422 -0.01816599 -0.05819374
v 0.08670912 -0.01549982 -0.06059881
v 0.08876912 -0.01282202 -0.06235975
v 0.07809282 0.00260623 -0.05644705
v 0.08801006 0.00726988 -0.06176422
v 0.08845314 0.00497782 -0.06292219
v 0.08653125 0.00745668 -0.06050587
v 0.08163847 0.01895793 -0.06177280
v 0.08179259 0.01894249 -0.05923929
v 0.07912740 0.01476046 -0.06083153
v 0.08161137 0.01701838 -0.05879257
v 0.07554443 -0.01316304 -0.05162504
v 0.07392267 -0.01885238 -0.05472850
v 0.07580703 -0.01764582 -0.05656813
v 0.07512310 -0.01938722 -0.05566417
v 0.07656714 -0.01865934 -0.05752379
v 0.07677439 -0.01750413 -0.05899028
v 0.07691067 -0.01585516 -0.06034923
v 0.07731245 -0.01353151 -0.06088101
v 0.07485533 -0.00901253 -0.05239870
v 0.08092893 0.02045475 -0.04997549
v 0.07451964 -0.01090342 -0.05238324
v 0.07625698 -0.00724752 -0.05223527
v 0.07628254 -0.00900828 -0.05184443
v 0.07588593 -0.01096326 -0.05155813
v 0.08018433 -0.02093752 -0.05221445
v 0.08032917 -0.01953742 -0.05476755
v 0.07935735 -0.02034537 -0.05162904
v 0.08080554 -0.01911634 -0.05691310
v 0.07823847 -0.01994191 -0.05141253
v 0.08116558 0.01278070 -0.06111228
v 0.08177003 0.01634839 -0.06066179
v 0.07584745 -0.01014192 -0.04016127
v 0.06855267 -0.00149093 0.01103203
v 0.06925052 0.00792085 0.00544058
v 0.03683968 -0.05425596 0.03558206
v 0.03663612 -0.05731416 0.03589594
v 0.06275725 -0.01197635 0.02489590
v 0.05820188 -0.01532709 0.03034082
v 0.03473360 -0.04861639 0.04827372
v 0.03440908 -0.04971524 0.04850079
v 0.03356880 -0.04925480 0.04897441
v 0.03356219 -0.04868365 0.04863359
v 0.03313744 -0.04793539 0.04677190
v 0.03324544 -0.04797445 0.04622167
v 0.03320752 -0.04811570 0.04770092
v 0.03329746 -0.04841224 0.04829561
v 0.03481524 -0.03160559 0.04968600
v 0.03847355 -0.02776574 0.04689324
v 0.04227085 -0.03225790 0.04540292
v 0.03885349 -0.03578376 0.04803557
v 0.03397138 -0.05065582 0.03842789
v 0.03314422 -0.04893349 0.03924702
v 0.03261600 -0.04823170 0.04257207
v 0.03319164 -0.04916283 0.04185207
v 0.03441139 -0.05179698 0.03806269
v 0.03342323 -0.04953262 0.04141088
v 0.03615466 -0.05240590 0.03569642
v 0.03511974 -0.04963925 0.03610509
v 0.04511778 -0.05552426 0.04314287
v 0.04111875 -0.05332858 0.04530292
v 0.04136744 -0.04977711 0.04580322
v 0.04535015 -0.05051535 0.04369788
v 0.03050291 -0.01912190 0.04801710
v 0.03497162 -0.02304349 0.04741246
v 0.03130555 -0.02777639 0.04983517
v 0.02693109 -0.02275332 0.04998492
v 0.02304771 -0.01795340 0.05122834
v 0.02626954 -0.01452317 0.04865452
v 0.02193566 -0.00959259 0.05483782
v 0.02264254 -0.01375137 0.05639258
v 0.02177376 -0.01523066 0.06031794
v 0.02232410 -0.01247452 0.05888055
v 0.01904305 -0.01974079 0.05864867
v 0.02251781 -0.01643341 0.05474857
v 0.01392014 -0.02072550 0.05935816
v -0.01546894 -0.01780387 0.06048286
v -0.01401493 -0.01606271 0.05978774
v -0.01438882 -0.01557398 0.06171810
v -0.01696622 -0.01679675 0.06245267
v 0.01343131 -0.02028565 0.06015925
v 0.01941301 -0.01981544 0.05712919
v -0.00662874 -0.01625082 0.06869037
v -0.00797442 -0.01435581 0.06863697
v -0.00669892 -0.01526926 0.06653610
v -0.00646507 -0.01699705 0.06606106
v 0.01968290 -0.02057728 0.05562581
v 0.01444365 -0.02124863 0.05860654
v 0.01209782 -0.01966877 0.06066657
v 0.01579906 -0.01963730 0.06090350
v -0.01026202 -0.01412096 0.06792042
v -0.01245341 -0.01407194 0.07015308
v -0.01455248 -0.01418923 0.06830784
v -0.01205963 -0.01459032 0.06636047
v -0.00719394 -0.01388692 0.06212046
v -0.00805457 -0.01575864 0.06320108
v -0.00641903 -0.01314938 0.06521888
v -0.01371168 -0.01349391 0.06019680
v -0.01344382 -0.01441440 0.05891451
v -0.01123573 -0.01093382 0.05890409
v -0.01150768 -0.01067281 0.05884086
v 0.01802085 -0.01741043 0.06267375
v 0.00393006 -0.01723181 0.06855468
v 0.00554023 -0.01628724 0.07084534
v 0.01205054 0.01490580 0.05280947
v 0.01545100 0.01128631 0.04974693
v 0.01187482 0.01200459 0.05506895
v 0.01511406 0.00865382 0.05192646
v 0.01696908 -0.01484291 0.06612885
v 0.01971720 -0.01254745 0.06484757
v 0.01367129 -0.01340138 0.06979112
v 0.01509886 -0.01040620 0.06950599
v 0.00534641 0.02956666 0.05122309
v 0.00157913 -0.02065295 0.06405958
v 0.00220455 -0.02145506 0.06388648
v 0.00109833 -0.01901210 0.06563439
v 0.02216872 0.09804533 -0.13301890
v 0.02264961 0.11078092 -0.12146258
v 0.02165203 0.12429933 -0.09767842
v 0.01917366 0.12863806 -0.08498248
v 0.00635388 -0.04015473 0.06717075
v 0.00592804 -0.03678808 0.06738892
v 0.01547985 -0.04560543 0.04903460
v 0.00926558 -0.04562280 0.05040233
v 0.00901666 -0.04659585 0.05398097
v 0.01557574 -0.04683840 0.05259662
v 0.02048101 -0.04671588 0.05063093
v 0.02140301 -0.04571160 0.04685448
v 0.01590335 -0.04444062 0.04640224
v 0.00950092 -0.04426662 0.04719749
v 0.01487980 -0.04778538 0.05893211
v 0.00848913 -0.04714696 0.06130654
v 0.00767230 -0.04572231 0.06398032
v 0.01439549 -0.04604671 0.06122464
v 0.02236917 -0.02483260 0.05403889
v 0.01748143 -0.02426472 0.05719257
v 0.01196064 -0.02421033 0.06063585
v 0.00769006 -0.02419747 0.06283663
v 0.00677218 -0.02196163 0.06257115
v 0.01015701 -0.02163715 0.06087849
v 0.00626138 -0.02099588 0.06251801
v 0.00960451 -0.02088088 0.06103446
v 0.00913430 -0.02026349 0.06127989
v 0.00947365 -0.01968831 0.06140488
v 0.00728973 -0.01932637 0.06258745
v 0.00792156 -0.01879584 0.06246519
v 0.00589341 -0.02015677 0.06259259
v 0.00487873 0.00619274 0.06886853
v 0.00475674 0.00984085 0.06558993
v 0.01192493 -0.03495648 0.06562434
v 0.00574911 -0.03428053 0.06690359
v 0.00445203 -0.02995230 0.06525135
v 0.01006041 -0.03021556 0.06440480
v 0.01599929 -0.03109993 0.06206864
v 0.01835025 -0.03676937 0.06280006
v 0.00272121 -0.02242862 0.06376416
v 0.01230971 -0.03763339 0.06570260
v 0.01278646 -0.04061292 0.06519144
v 0.01902709 -0.03947575 0.06258466
v 0.01942359 -0.04207710 0.06169317
v 0.02447290 -0.03948200 0.05866453
v 0.02276575 -0.03299546 0.05855995
v 0.03011331 -0.03512704 0.05394417
v 0.03008262 -0.04225135 0.05417008
v 0.04066452 -0.04624621 0.04709188
v 0.03621897 -0.04884341 0.04764322
v 0.03572612 -0.04728660 0.04841063
v 0.03478736 -0.04578178 0.04964811
v 0.03909671 -0.04266338 0.04850942
v 0.04417662 -0.04539178 0.04528807
v 0.04207664 -0.04028345 0.04665879
v 0.03583617 -0.03902223 0.05049483
v 0.03327378 -0.04416291 0.05127728
v 0.03422976 -0.04754812 0.04901455
v 0.03330225 -0.04804195 0.04903024
v 0.03328623 -0.04662073 0.05006156
v 0.03234008 -0.04742626 0.04990163
v 0.03215035 -0.04577549 0.05137544
v 0.03116995 -0.04686620 0.05093483
v 0.02941872 -0.04606431 0.05269922
v 0.02991364 -0.04451326 0.05362280
v 0.02997128 -0.04811709 0.04832714
v 0.02799302 -0.04800592 0.04959560
v 0.02794540 -0.04800916 0.05086894
v 0.02974338 -0.04814061 0.04941977
v 0.03194375 -0.04803949 0.04708314
v 0.03123688 -0.04821332 0.04858071
v 0.03136965 -0.04788710 0.04352197
v 0.02987920 -0.04752526 0.04450969
v -0.05078074 -0.08849646 -0.02342384
v -0.06128473 -0.08571338 -0.03891239
v 0.03304419 -0.04783908 0.04631002
v 0.03310106 -0.04798996 0.04736453
v 0.03254609 -0.04848962 0.04887211
v 0.03168656 -0.04793648 0.04937262
v 0.03032183 -0.04764866 0.05031819
v 0.02859578 -0.04718810 0.05167321
v 0.01956730 -0.04442959 0.06023108
v 0.02435999 -0.04402074 0.05756155
v 0.02414862 -0.04589316 0.05599730
v 0.01956576 -0.04684998 0.05801734
v 0.02384865 -0.04741935 0.05445456
v 0.02238586 -0.04454419 0.04369352
v 0.01963270 -0.04798713 0.05592611
v 0.02672807 -0.04607435 0.04345177
v 0.02805030 -0.04504506 0.04045003
v 0.02552370 -0.04691008 0.04728737
v 0.03231047 -0.04785948 0.04010862
v 0.03076158 -0.04687211 0.04096380
v 0.03388306 -0.04767525 0.03680846
v 0.03224058 -0.04617502 0.03785118
v 0.02399430 -0.04790735 0.05285586
v 0.02462201 -0.04198454 0.05841369
v 0.01350818 -0.04334741 0.06346855
v 0.00697248 -0.04300855 0.06588665
v -0.03743077 0.00737005 0.03791656
v -0.03698550 0.00443090 0.03942208
v -0.03278564 0.00567251 0.04057458
v -0.03340639 0.00826821 0.03913329
v 0.00505773 -0.00210317 0.07566211
v 0.00509648 0.00243497 0.07215685
v 0.03345035 -0.04888446 0.04902131
v 0.01339531 -0.13086572 0.00255727
v -0.07958756 -0.00833881 -0.04801582
v -0.07879075 -0.00756939 -0.04694200
v -0.08768487 0.01351744 -0.07050842
v 0.03595791 -0.05038498 0.04773771
v 0.03452256 -0.05400602 0.03813887
v 0.03342317 -0.05033302 0.04079565
v 0.04327207 -0.06027972 0.04402234
v 0.03940096 -0.06454391 0.04775009
v 0.03707856 -0.06036221 0.04955588
v 0.04016753 -0.05691481 0.04624709
v 0.03433369 -0.05418259 0.05180787
v 0.03550179 -0.05210200 0.04910753
v -0.09052671 0.01609803 -0.06765392
v 0.03427278 -0.05098775 0.04999163
v 0.03315782 -0.05208776 0.05281530
v 0.03216356 -0.05025343 0.05336210
v 0.03339781 -0.04994819 0.05041608
v 0.03005611 -0.04699747 0.05182468
v 0.02582097 -0.04577535 0.05516275
v 0.02465647 -0.05014027 0.04953757
v 0.02922642 -0.05083759 0.04652917
v 0.03304826 -0.05044707 0.04321588
v 0.03258228 -0.04800790 0.04792191
v -0.08779588 0.01997411 -0.06537540
v -0.08783219 0.02145389 -0.06069425
v -0.08561173 0.02044949 -0.05988917
v -0.08579925 0.01846616 -0.06388722
v 0.03065452 -0.04783141 0.05272107
v 0.03292877 -0.04852108 0.04945691
v 0.02646019 -0.04679554 0.05660542
v 0.02510570 -0.12696995 -0.00483099
v 0.03326076 -0.04905938 0.05019471
v 0.03128950 -0.04864818 0.05305151
v 0.02725941 -0.04814846 0.05740942
v 0.02846704 -0.05039827 0.05810918
v 0.02973789 -0.05307202 0.05824154
v 0.03064748 -0.05629002 0.05715112
v 0.03251743 -0.06384018 0.05405277
v 0.03433268 -0.06903794 0.05240013
v 0.02670315 -0.06590465 0.05772350
v 0.02794108 -0.07121488 0.05688340
v 0.02568832 -0.05775547 0.06191980
v 0.02498740 -0.05359632 0.06329636
v 0.02392581 -0.05028499 0.06269126
v 0.02297623 -0.04765759 0.06132651
v 0.00353099 -0.02430216 0.06371401
v 0.00559025 -0.01885174 0.06373470
v 0.00409758 -0.01797022 0.06584610
v 0.00828653 -0.01489036 0.07185233
v 0.00092818 -0.01802559 0.06807917
v 0.01162465 -0.01344174 0.07143868
v 0.00942163 -0.01377298 0.07288431
v 0.01012278 -0.01206658 0.07374450
v 0.01178537 -0.01147162 0.07263922
v 0.00741364 -0.01410814 0.07407267
v 0.00888845 -0.01217721 0.07466355
v 0.00231139 -0.01453060 0.07568860
v 0.00349299 -0.01135539 0.07783923
v 0.00474934 -0.00587856 0.07765932
v 0.00406627 -0.00922963 0.07827503
v 0.01047094 -0.01037761 0.07408884
v 0.01216883 -0.00851184 0.07233594
v -0.09535898 0.01564313 -0.06559005
v 0.01263389 -0.00537109 0.07011846
v 0.01604003 -0.00753395 0.06688098
v 0.00962953 0.13329050 -0.04126633
v 0.02219404 -0.04604948 0.06012059
v 0.02101368 -0.04479933 0.05806528
v -0.08017631 -0.02181896 -0.04770933
v -0.08716291 0.00502276 -0.06264896
v 0.02399650 -0.06188887 0.04229128
v 0.02418679 -0.05705652 0.04503206
v 0.01922388 -0.05649435 0.04692545
v -0.08724566 0.02202357 -0.05818215
v -0.09047354 0.02305726 -0.05881513
v 0.01889681 -0.06210385 0.04479964
v 0.01684033 -0.04448872 0.05961647
v -0.09352079 -0.00571760 -0.07074884
v -0.09599590 0.01428548 -0.06735785
v -0.09447637 0.01275091 -0.06647427
v -0.08837356 0.01391824 -0.05377894
v -0.08209696 -0.01241980 -0.06512950
v -0.08782718 -0.01196564 -0.06205357
v -0.08629557 -0.01474031 -0.06118980
v -0.08136323 -0.01423202 -0.06453016
v -0.07848828 0.00042524 -0.05955170
v 0.01590563 -0.04911202 0.05289046
v 0.01995523 -0.04928061 0.05167910
v 0.01736905 -0.04569644 0.06166746
v 0.01801402 -0.04751472 0.06321048
v 0.01877290 -0.05026912 0.06510352
v 0.01533965 -0.05616536 0.04780674
v 0.01495841 -0.06223113 0.04577121
v -0.07583084 -0.01675424 -0.03870751
v 0.03340255 -0.05537465 0.03944830
v -0.08524485 -0.02731818 -0.05355975
v -0.08608246 -0.02620039 -0.05630277
v -0.03320462 -0.03550844 -0.12353403
v -0.03689518 -0.02407563 -0.12950514
v -0.09513455 -0.00583814 -0.07425809
v 0.03415857 -0.05965180 0.03708722
v 0.02915263 -0.05707832 0.04258436
v 0.02933210 -0.06042641 0.04012267
v 0.02107397 -0.07197981 0.06015156
v 0.02010666 -0.06664906 0.06030319
v 0.01943797 -0.05405384 0.06598824
v 0.01954994 -0.05876931 0.06466316
v 0.02245308 0.11879215 -0.11022741
v 0.06219595 0.07756975 -0.00546710
v 0.06071980 0.07066799 0.00150258
v -0.08780440 0.01852555 -0.06142785
v 0.05391435 0.07797208 0.00872279
v 0.05557466 0.08328468 0.00225143
v 0.06293167 0.08596913 -0.01345386
v 0.05617492 0.09061462 -0.00525607
v 0.03987976 0.12560821 -0.06077252
v 0.04027869 0.12476642 -0.04651036
v 0.02089494 0.13067718 -0.04251617
v 0.03481199 0.12577417 -0.07481102
v 0.04759226 0.11735526 -0.08448994
v 0.04968385 0.11994717 -0.06501912
v 0.04934800 0.11963926 -0.04957458
v -0.08206812 -0.02228064 -0.04878181
v -0.08227426 -0.02787424 -0.04625963
v -0.08047279 -0.02706630 -0.04450097
v -0.08355623 0.00818279 -0.05977488
v 0.02756524 -0.08926999 -0.11487325
v 0.05386312 0.04489852 -0.13222022
v 0.04784207 0.11842844 -0.03577760
v 0.03945364 0.12267706 -0.03283183
v 0.03880960 0.11925402 -0.02063597
v 0.04636627 0.11586674 -0.02419006
v 0.02062718 0.12797470 -0.02825739
v 0.00948778 0.13010086 -0.02650498
v 0.01875816 0.00594676 -0.14855924
v 0.00496325 0.01358180 0.06274728
v 0.04999021 -0.05134681 -0.09658955
v 0.06089577 -0.05190166 -0.07891430
v 0.06494354 -0.10528288 -0.05288114
v 0.07422397 -0.02818521 -0.05817391
v 0.07383922 -0.02739974 -0.05891469
v 0.06432301 -0.06712003 -0.05894107
v 0.06528886 -0.05264571 -0.05994911
v 0.03941451 -0.05040935 -0.10875686
v 0.08260892 -0.01662529 -0.06893963
v 0.08319740 -0.01293952 -0.07026343
v 0.08404640 -0.01744803 -0.06811211
v 0.08454985 -0.01337280 -0.06967136
v 0.08462098 -0.00901687 -0.07047214
v 0.08488279 -0.01924904 -0.06709754
v 0.08172430 0.01928258 -0.05754954
v 0.08384408 0.02068409 -0.05646360
v -0.08211184 -0.01769247 -0.06758203
v -0.08199444 -0.01550739 -0.06893995
v 0.07378723 -0.02935282 -0.05361953
v 0.07359939 -0.02867922 -0.05545387
v -0.06985719 -0.00664064 -0.05633346
v 0.07291993 -0.02894379 -0.05477392
v 0.07279477 -0.02934233 -0.05329033
v 0.07371656 -0.03021670 -0.05192365
v 0.07269852 -0.02989492 -0.05210030
v 0.08018856 0.03700929 -0.04811208
v 0.07119775 -0.02919121 -0.05638745
v 0.07292129 -0.02777041 -0.05873256
v 0.07306062 -0.02822140 -0.05702833
v 0.07246689 -0.02877215 -0.05559368
v 0.07222824 -0.02968868 -0.05343342
v 0.07229693 -0.03052920 -0.05158259
v 0.07307366 -0.03130030 -0.05078956
v -0.08464935 -0.02372721 -0.06455949
v -0.08100795 -0.02879041 -0.05835654
v -0.06481844 -0.08204972 -0.05487643
v -0.06260745 -0.07971814 -0.07107183
v -0.06363165 -0.09148171 -0.06852099
v -0.06515326 -0.09543222 -0.05235205
v -0.07658618 -0.00270946 -0.04051042
v -0.07683975 -0.00978522 -0.04333177
v -0.07679971 -0.01111549 -0.04106136
v 0.08546458 -0.02038598 -0.06727417
v 0.07860420 -0.03086370 -0.05566824
v -0.02382244 -0.10844693 0.00296190
v -0.02152333 -0.12120438 -0.00035426
v 0.08033931 0.01172405 -0.06346435
v 0.08059047 0.00961997 -0.06526674
v 0.08331789 0.01111481 -0.06642260
v 0.08310746 0.01343054 -0.06488449
v 0.06091167 -0.01162435 -0.10936152
v 0.06303313 0.00004040 -0.11352968
v 0.01268430 -0.08710704 -0.11973739
v 0.01268353 -0.07350102 -0.11925066
v 0.07819729 0.03370506 -0.09667967
v 0.08034658 0.01342991 -0.06205189
v 0.08320922 0.01534023 -0.06342179
v 0.08347916 -0.00877765 -0.07069010
v 0.07863006 0.01299597 -0.06246308
v 0.07898116 0.01106517 -0.06390501
v 0.08472521 0.01692354 -0.06492298
v 0.08459384 0.01480479 -0.06647701
v 0.08439183 0.01235168 -0.06794928
v 0.07932732 0.00894253 -0.06549513
v -0.07571831 -0.01613479 -0.03481107
v -0.07471148 -0.01629971 -0.02258589
v -0.07637651 -0.00017558 -0.02319730
v -0.07566275 -0.00581006 -0.03444739
v 0.08158385 0.01712010 -0.06367872
v 0.08187658 0.06610574 -0.07084925
v 0.08135492 0.05999298 -0.08526744
v 0.07796845 0.08356935 -0.07347417
v 0.07726114 0.07844653 -0.08904763
v 0.07286009 0.07229745 -0.10528553
v 0.07662583 0.05261688 -0.10171008
v 0.08179615 0.01907934 -0.05796045
v 0.08481210 0.02147398 -0.05692240
v 0.06352795 0.09294268 -0.02094048
v 0.06893413 0.08818904 -0.02827673
v 0.05642787 0.09705295 -0.01213609
v 0.05637459 0.10284170 -0.01856142
v 0.06302585 0.09950810 -0.02765294
v 0.07067951 0.09285235 -0.04004718
v 0.08112454 0.05638822 -0.05647169
v 0.07966199 0.07160424 -0.05634410
v 0.07604035 0.07560252 -0.04238959
v -0.06272745 0.03063712 0.01509190
v -0.06407754 0.03138083 0.01012163
v -0.06439000 0.02212696 0.00979142
v -0.06248555 0.02329480 0.01397532
v 0.07545490 0.08852140 -0.05745696
v 0.06648962 0.10243005 -0.04602372
v 0.07039867 0.09898523 -0.06066715
v 0.05935813 0.11123418 -0.04957267
v 0.06171710 0.10933715 -0.06441645
v 0.06166207 0.10680172 -0.08047646
v 0.07230531 0.09499858 -0.07607266
v 0.06127387 0.10539288 -0.03357764
v 0.05487590 0.10804957 -0.02374839
v 0.05621855 0.11211595 -0.03679110
v 0.05268786 0.11237162 -0.02812772
v 0.07356809 0.07719091 -0.03490237
v 0.06780393 -0.03531945 -0.05212083
v 0.07062541 -0.03599428 -0.04656546
v -0.02013872 0.08857566 0.03089433
v -0.00999997 0.08962692 0.03338704
v -0.01033176 0.09656622 0.02813995
v -0.02067257 0.09554704 0.02551776
v 0.07467108 -0.02467448 -0.03777329
v -0.03875240 -0.01516944 -0.13280661
v -0.04042622 -0.00401020 -0.13651600
v -0.02012351 -0.00727066 -0.14407650
v -0.01911857 -0.01760139 -0.13987912
v 0.07249982 0.00100172 -0.00166863
v 0.07118178 0.01377361 -0.00427541
v 0.07524426 0.00583151 -0.01490808
v 0.07488129 -0.00926026 -0.01317879
v -0.02112776 0.11403678 0.00447290
v -0.01063259 0.11543789 0.00705308
v -0.01082088 0.12103914 -0.00255660
v -0.02150293 0.11936306 -0.00481128
v -0.05535812 0.00454369 0.02856206
v -0.05706917 -0.00163306 0.02898000
v -0.05358284 -0.00207886 0.03280805
v -0.05235305 0.00428541 0.03167056
v 0.06905612 0.02761251 -0.00554500
v 0.07295278 0.02039423 -0.01629592
v 0.07311722 0.03582788 -0.01821389
v 0.06897134 0.04258690 -0.00566245
v 0.06399215 0.06668355 -0.12067277
v 0.06630212 0.04925081 -0.11944200
v -0.08209845 -0.03198097 -0.04268185
v -0.08085575 -0.03095306 -0.04145757
v 0.06696367 0.03569027 -0.11850180
v 0.04893361 0.05790949 0.02687594
v -0.01104549 0.12592386 -0.01390504
v -0.02199963 0.12403962 -0.01578433
v 0.02187790 0.08858317 -0.13986398
v 0.04610226 0.08201221 0.01609939
v 0.05560898 0.08825556 -0.11955719
v -0.00139816 -0.07190387 -0.12082012
v 0.04215210 0.09440007 -0.12608969
v 0.07175819 0.09018956 -0.09138601
v 0.06862651 0.08494882 -0.10507719
v 0.06066344 0.07834458 -0.12030008
v 0.06610614 0.01852067 -0.11762572
v 0.04677271 0.11148968 -0.01684756
v 0.06052554 0.02399494 0.02069503
v 0.05935100 0.01984096 0.01918173
v 0.06121487 0.02832168 0.02266147
v 0.05730547 0.01526878 0.02039739
v 0.01913011 0.00790013 0.04731538
v 0.01850312 0.00548294 0.04932729
v 0.01819423 0.00288613 0.05157742
v 0.02214479 0.00267502 0.04704744
v 0.02166382 -0.00045140 0.04907883
v 0.01420210 0.00285205 0.05690935
v 0.01478404 0.00583353 0.05435910
v 0.01757521 0.00012675 0.05363783
v 0.01762377 -0.00302334 0.05573345
v 0.01455005 -0.00012409 0.05970353
v 0.02327358 -0.01606962 0.05236567
v 0.02374674 -0.01100094 0.05007138
v 0.02069043 -0.00677461 0.05232945
v 0.02570747 -0.00338642 0.04731496
v 0.02484363 -0.00694753 0.04868009
v 0.02096993 -0.00333420 0.05070061
v 0.02665241 0.00001669 0.04520465
v 0.01948160 -0.00648247 0.05887089
v 0.02060788 -0.01021272 0.06235691
v 0.01537078 -0.00375463 0.06341220
v 0.01230117 -0.00190074 0.06651891
v 0.01188235 0.00198446 0.06298696
v 0.02292772 0.00525470 0.04521254
v 0.02784843 0.00294996 0.04349761
v 0.02901039 -0.01037982 0.04772674
v 0.03410627 -0.01360525 0.04695445
v 0.03076975 -0.00590387 0.04587389
v 0.03553601 -0.00850329 0.04517758
v 0.03151889 -0.00220372 0.04403091
v 0.03630375 -0.00458446 0.04307365
v 0.03850963 -0.01802342 0.04618871
v 0.04264976 -0.02220670 0.04479090
v 0.04616188 -0.02820691 0.04303558
v 0.04496633 -0.01671357 0.04263195
v 0.04930409 -0.02231823 0.04023668
v 0.04642172 -0.01086866 0.04010867
v 0.05111855 -0.01653132 0.03783383
v -0.01475454 0.01476968 0.04729366
v -0.01505941 0.01695915 0.04425479
v -0.01913238 0.01349979 0.04300317
v -0.01867587 0.01110588 0.04525174
v -0.00768771 0.06086475 0.04651748
v -0.00842154 0.06852949 0.04234813
v -0.01776154 0.06834624 0.04086507
v -0.01668531 0.06084204 0.04566316
v 0.04066637 -0.01195234 0.04394557
v 0.04169098 -0.00757090 0.04178203
v 0.03721707 -0.00071391 0.04106269
v 0.03269195 0.00124242 0.04216018
v 0.04653257 0.00059139 0.03661157
v 0.04671996 -0.00519900 0.03827584
v 0.04205156 -0.00282055 0.03976608
v 0.04226850 0.00193147 0.03787470
v 0.05231701 -0.00904673 0.03560223
v 0.05144724 -0.00115831 0.03452105
v 0.05018792 0.00396184 0.03311566
v 0.03542266 0.01091385 0.03691435
v 0.03035145 0.01165717 0.03796459
v 0.03900394 0.01065892 0.03566328
v 0.04592487 0.00473723 0.03501654
v 0.04242427 0.00547218 0.03639948
v 0.05359206 0.01112992 0.02589552
v 0.05122317 0.01049847 0.02836828
v 0.04520648 0.01030411 0.03263089
v 0.04232067 0.01041328 0.03421558
v 0.04828638 0.01033406 0.03061447
v 0.02586334 0.01334002 0.03833306
v 0.02117803 0.01563340 0.03876400
v 0.06028492 -0.06540387 -0.07573730
v 0.01138366 0.00543626 0.06023791
v 0.01154382 0.00871412 0.05746245
v 0.01787554 0.03117682 0.04252443
v 0.01593792 0.02865637 0.04166402
v 0.00921748 0.02914771 0.04863442
v 0.02188922 0.03474355 0.04547515
v 0.01791172 0.01856856 0.03896030
v -0.02372087 0.01108297 0.04173858
v -0.02299830 0.00884532 0.04356722
v 0.01591312 0.02108748 0.03894259
v 0.01481524 0.02324850 0.03967563
v 0.01465368 0.02613645 0.04066589
v -0.01042088 0.10337139 0.02178500
v -0.02087820 0.10225277 0.01906961
v -0.02157404 0.13146411 -0.06514957
v -0.02204168 0.13136713 -0.05681141
v -0.01074169 0.13419271 -0.05707977
v -0.01178912 0.13362657 -0.06951603
v 0.03317053 0.04761852 0.04741095
v 0.03025716 0.04043482 0.04973214
v 0.05843488 0.06353903 0.01075230
v 0.06265098 0.05505463 0.00653097
v 0.05434921 0.04303006 0.03101576
v 0.05807761 0.03865995 0.02769099
v 0.06044115 0.03356095 0.02476699
v 0.06530219 0.04333549 0.00340234
v 0.06657568 0.03055167 0.00255679
v 0.06803493 0.01883125 0.00299361
v -0.07341812 -0.00040166 -0.09641174
v -0.07691221 -0.00203681 -0.08076243
v -0.07942766 0.01034253 -0.08190592
v -0.07711735 0.01668397 -0.09834849
v 0.04773044 0.09445944 0.00310937
v -0.03567295 -0.10147851 -0.00886494
v -0.03367103 -0.11395147 -0.01200159
v -0.00190966 -0.08605684 -0.12114894
v 0.04769323 0.10076580 -0.00345584
v 0.04727975 0.08769692 0.01002114
v 0.03838167 0.11468966 -0.01146606
v 0.03836771 0.10970353 -0.00336682
v 0.04741742 0.10647726 -0.01003083
v 0.03877331 0.10394710 0.00360432
v 0.03910198 0.09766318 0.01010779
v 0.03868287 0.09106871 0.01704221
v 0.03782000 0.08516581 0.02292379
v 0.03652500 0.07635533 0.02947233
v 0.04996827 -0.06483011 -0.09473899
v 0.00814695 -0.00903007 0.05905499
v 0.00763234 -0.00913282 0.05949908
v -0.05400740 0.05247721 0.02200693
v -0.05530732 0.05805854 0.01700839
v -0.05911780 0.05097681 0.01345027
v -0.05784014 0.04651133 0.01893944
v 0.00791636 -0.00899347 0.05881716
v 0.00730274 -0.00904601 0.05929658
v 0.00780949 -0.00915050 0.05923293
v 0.00767775 -0.01725061 0.06192229
v 0.00665387 -0.01528877 0.06095180
v 0.00711552 -0.01149269 0.06022064
v 0.07429294 -0.03158261 -0.04013266
v -0.00626967 0.04825968 0.05208165
v -0.01461086 0.04807551 0.05176633
v -0.01283353 0.04173810 0.05219917
v -0.00575447 0.04197749 0.05261474
v -0.06212812 0.01588315 0.01395267
v -0.06467851 0.01314552 0.01129605
v -0.06386521 0.00558686 0.01656602
v -0.06098539 0.00908882 0.01853501
v -0.05772282 0.00556483 0.02518460
v -0.05989259 -0.00027719 0.02521117
v -0.01909158 0.07846311 0.03696831
v -0.00926971 0.07916462 0.03879011
v -0.06213012 0.04154382 0.01101240
v -0.06094361 0.03888192 0.01660262
v -0.01160656 0.01788125 0.04975784
v -0.01235983 0.01969375 0.04603121
v -0.00942020 0.02324772 0.04858593
v -0.00490619 0.02316668 0.05462978
v -0.00446615 0.02663186 0.05239960
v -0.00870393 0.02639711 0.04917104
v -0.03463407 0.06048357 0.03833105
v -0.03551396 0.06766237 0.03357109
v -0.04290169 0.06650467 0.02803535
v -0.04188391 0.05959518 0.03259620
v -0.02099308 0.10829239 0.01223106
v -0.01050025 0.10952242 0.01491664
v -0.00480504 0.03503167 0.05115802
v -0.01006679 0.03489868 0.05020652
v -0.00912423 0.03165936 0.04899275
v -0.00464196 0.03199152 0.05082270
v -0.02804456 0.00710015 0.04215856
v -0.02858892 0.00938066 0.04053979
v -0.07103226 -0.03139342 -0.04938909
v -0.07323651 -0.03253672 -0.04769934
v -0.07664865 0.01619461 -0.03745138
v -0.07564530 0.00525089 -0.03555207
v -0.07559809 0.01323849 -0.02472869
v -0.07521424 0.02644848 -0.02704374
v -0.07724040 0.03954288 -0.03068831
v -0.07836825 0.04733422 -0.03527705
v -0.08014622 0.03102367 -0.04312923
v -0.07831653 0.02533717 -0.03985362
v -0.05919060 -0.08869560 -0.08298032
v -0.05643231 -0.07807702 -0.08690011
v -0.00475452 0.02010009 0.05755397
v -0.00472781 0.01691020 0.06023505
v -0.02188914 0.03698312 -0.15202358
v -0.02147146 0.02261659 -0.15129937
v -0.04243132 0.02705432 -0.14241979
v -0.04254653 0.04077661 -0.14272432
v -0.07053979 -0.01150077 -0.09305014
v -0.07443735 -0.01106003 -0.07830597
v -0.01267658 -0.01266259 0.06208153
v -0.00929996 -0.00827549 0.05837293
v -0.01014628 -0.01103521 0.05929820
v -0.00935199 -0.00828490 0.05832501
v -0.01360822 -0.01508038 0.06430754
v -0.01653930 -0.01500526 0.06578210
v -0.01069252 -0.01549076 0.05851744
v -0.00963981 -0.01534037 0.05904955
v -0.00940126 -0.01078399 0.05957457
v -0.00957411 -0.00825841 0.05847281
v -0.00314228 -0.01712671 0.07094858
v -0.00377931 -0.01561259 0.07418218
v -0.00831725 -0.01481730 0.07312067
v -0.00663692 -0.01635842 0.07085009
v -0.00852262 -0.00822490 0.05897579
v -0.00752325 -0.01064570 0.06063860
v -0.00734750 -0.01244029 0.06658698
v -0.00909977 -0.00990804 0.06231203
v -0.00875117 -0.00847253 0.05961251
v -0.00943689 -0.01219321 0.06569698
v -0.00787998 -0.01771019 0.06351676
v -0.01108564 -0.01230996 0.06416906
v -0.08378830 -0.01928928 -0.05619790
v -0.06305439 -0.06761658 -0.03365811
v -0.06756955 -0.05239736 -0.04220430
v -0.06706259 -0.05301839 -0.04863562
v -0.06437317 -0.06917810 -0.04378446
v -0.08510967 0.00760558 -0.06095794
v -0.06728777 0.05854444 -0.00473390
v -0.06914750 0.07051397 -0.01341027
v -0.07504409 0.05899765 -0.02564622
v -0.07454496 0.04857615 -0.02163392
v -0.06972063 0.08087955 -0.02120312
v -0.07530631 0.07026020 -0.03240750
v -0.07901797 0.05826857 -0.04277049
v -0.08214027 0.03747260 -0.05747503
v -0.04424730 0.02008179 0.03135274
v -0.04440665 0.01997040 0.03148017
v -0.04284946 0.01979522 0.03279334
v -0.04293553 0.01982594 0.03266868
v -0.04373434 0.02024772 0.03078770
v -0.04232328 0.01988615 0.03184680
v -0.04464141 0.02068515 0.02975130
v -0.04523207 0.02027934 0.03024396
v -0.04541269 0.02012609 0.03034616
v -0.02654486 0.02148909 0.03509037
v -0.02740555 0.02168786 0.03451551
v -0.03014855 0.02083460 0.03447181
v -0.02931191 0.02079358 0.03570873
v -0.02628106 0.02123316 0.03543806
v -0.02921024 0.02048380 0.03601415
v -0.03077993 0.02340338 0.02854169
v -0.03020718 0.02366609 0.02850281
v -0.03155662 0.02313441 0.02857489
v -0.02461393 0.02333185 0.03286043
v -0.02470543 0.02451010 0.03278701
v -0.02981277 0.02451054 0.02852289
v -0.02972785 0.02392863 0.02844888
v -0.02514641 0.02278784 0.03307954
v -0.02327502 0.02278343 0.03315133
v -0.02206123 0.02322615 0.03267246
v -0.02190319 0.02493101 0.03276937
v -0.03449832 0.01942143 0.03582913
v -0.03466285 0.01863956 0.03579662
v -0.02986564 0.01897689 0.03615827
v -0.02947324 0.01984679 0.03613548
v -0.03434725 0.01992505 0.03573942
v -0.03778423 0.02000018 0.03474054
v -0.03782212 0.01950916 0.03479804
v -0.03787028 0.01871942 0.03471968
v -0.02645499 0.01991645 0.03600143
v -0.02636264 0.02081162 0.03574117
v -0.03783548 0.01803536 0.03470653
v -0.03487186 0.01797979 0.03566751
v -0.03005550 0.01831275 0.03613437
v -0.02642586 0.01948524 0.03612606
v -0.02352444 0.02078540 0.03562192
v -0.02470681 0.02098135 0.03556854
v -0.03493830 0.01714701 0.03548359
v -0.03503746 0.01626544 0.03559822
v -0.03020712 0.01661499 0.03646972
v -0.03015732 0.01754795 0.03610390
v -0.03787893 0.01723005 0.03446851
v -0.03796823 0.01625971 0.03443179
v -0.04649045 0.02006583 0.02858515
v -0.04705336 0.02050680 0.02768215
v -0.04697274 0.01992181 0.02777119
v -0.04658413 0.01957345 0.02824777
v -0.04943151 0.01683658 0.02528907
v -0.05050281 0.01809273 0.02458098
v -0.05217880 0.01727490 0.02329954
v -0.05095399 0.01588333 0.02451961
v -0.05981256 0.00706171 0.02158493
v -0.05374191 0.01286672 0.02416052
v -0.05510592 0.01426970 0.02199130
v -0.04597973 0.01997048 0.02939665
v -0.04534933 0.01978603 0.03033950
v -0.04600213 0.02022843 0.02940148
v -0.04649190 0.02049286 0.02845307
v -0.04609397 0.01927192 0.02904825
v -0.04534894 0.01914962 0.03009664
v -0.04439035 0.01969423 0.03145341
v -0.04438765 0.01902773 0.03130624
v -0.04275952 0.01882837 0.03262652
v -0.04274333 0.01956373 0.03277260
v -0.04066266 0.01954548 0.03379732
v -0.04101966 0.01990231 0.03370990
v -0.04068193 0.01871272 0.03369522
v -0.04280962 0.01813074 0.03234261
v -0.04068469 0.01803712 0.03351081
v -0.04433968 0.01829370 0.03089919
v -0.04537260 0.01854442 0.02963637
v -0.04618602 0.01878929 0.02854127
v -0.04690814 0.01907844 0.02776752
v -0.04744863 0.01962440 0.02722433
v -0.04658039 0.01814911 0.02799238
v -0.04728848 0.01727571 0.02722518
v -0.04598540 0.01695901 0.02855884
v -0.04560436 0.01789971 0.02919336
v -0.04751132 0.01851181 0.02710498
v -0.04838099 0.01773523 0.02619831
v -0.04453629 0.01769955 0.03049068
v -0.04463400 0.01682989 0.03004724
v -0.04281144 0.01656462 0.03166931
v -0.04282437 0.01741501 0.03211755
v -0.03968433 0.01748023 0.03320283
v -0.03985995 0.01648361 0.03291269
v -0.03433979 0.02013735 0.03564519
v -0.03423281 0.02040808 0.03418406
v -0.03762684 0.02021210 0.03355498
v -0.03788648 0.02005321 0.03461076
v -0.04111874 0.01985306 0.03364060
v -0.04043302 0.01993915 0.03281275
v -0.03737568 0.01985678 0.03252142
v -0.03553646 0.02223715 0.02829479
v -0.03642388 0.02221656 0.02786131
v -0.04004554 0.01975570 0.03180257
v -0.03433075 0.02026839 0.03304646
v -0.03416493 0.02235208 0.02859300
v -0.03102996 0.02104824 0.03316519
v -0.03270753 0.02277426 0.02861183
v -0.02823810 0.02169713 0.03359957
v -0.03623528 0.03153643 0.03666337
v -0.03604158 0.03152437 0.03757456
v -0.04253152 0.03056988 0.03652275
v -0.04186796 0.03044309 0.03568003
v -0.05367618 -0.00027557 -0.12553190
v -0.05506133 0.01522117 -0.13026290
v -0.04206747 0.01037479 -0.14035110
v -0.04359888 0.02851511 0.03426923
v -0.04367572 0.02933781 0.03432272
v -0.04613644 0.02808876 0.03248132
v -0.04583768 0.02735358 0.03228758
v -0.04354586 0.02763792 0.03434643
v -0.04544736 0.02641017 0.03229609
v -0.04078906 0.02881389 0.03636640
v -0.04097025 0.02974235 0.03626652
v -0.04113332 0.03036941 0.03585470
v -0.04448571 0.02523855 0.02797965
v -0.04379186 0.02609085 0.02874536
v -0.04457126 0.02588092 0.03018211
v -0.04550299 0.02522469 0.02884306
v -0.04509696 0.02467679 0.02734192
v -0.04602349 0.02462297 0.02791812
v -0.03968280 0.02445948 0.02573461
v -0.03940878 0.02475533 0.02605717
v -0.03895357 0.02511623 0.02655300
v -0.03982536 0.02419169 0.02553927
v -0.03987383 0.02385990 0.02543910
v -0.03985851 0.02353274 0.02547465
v -0.03971828 0.02323238 0.02563712
v -0.06144810 -0.00887517 0.02295852
v -0.06213784 0.00195151 0.02100145
v -0.06418598 -0.00610297 0.01818996
v -0.04578536 0.02048645 0.02923247
v -0.04632690 0.02087004 0.02834624
v -0.04519244 0.02093193 0.02884405
v -0.04577552 0.02125597 0.02807697
v -0.04690947 0.02143939 0.02750546
v -0.04718057 0.02112441 0.02742726
v -0.04302816 0.02034252 0.03006163
v -0.03855175 0.02229991 0.02699798
v -0.03897349 0.02245661 0.02659014
v -0.04378624 0.02085787 0.02910950
v -0.04180118 0.01994529 0.03083330
v -0.03788390 0.02217529 0.02745429
v -0.03931518 0.02269988 0.02625763
v -0.03952850 0.02294418 0.02589977
v -0.04423766 0.02120907 0.02836673
v -0.04475509 0.02169229 0.02766816
v -0.04619493 0.02193088 0.02755224
v -0.04543673 0.02284939 0.02675085
v -0.04546874 0.02344237 0.02673504
v -0.04643454 0.02250371 0.02725762
v -0.04659962 0.02318956 0.02717070
v -0.04518692 0.02228415 0.02706542
v -0.04534684 0.02409387 0.02694266
v -0.04638638 0.02385598 0.02741030
v -0.04738574 0.02055743 0.02727773
v -0.04747021 0.02151438 0.02707194
v -0.04809174 0.02248636 0.02648987
v -0.04787173 0.02048455 0.02675528
v -0.04860923 0.02039468 0.02604383
v -0.04811217 0.01917865 0.02644191
v -0.04911670 0.02308022 0.02619291
v -0.05039873 0.02325022 0.02568944
v -0.04991163 0.02017687 0.02516681
v -0.04910454 0.01875458 0.02550189
v -0.04717652 0.02211075 0.02711463
v -0.04747408 0.02275930 0.02685146
v -0.04867210 0.02430481 0.02746198
v -0.04958573 0.02502076 0.02749814
v -0.04795084 0.02377062 0.02753470
v -0.04752526 0.02456150 0.02881032
v -0.04800601 0.02523281 0.02885136
v -0.04887734 0.02584997 0.02896589
v -0.04714780 0.02616722 0.03048307
v -0.04783857 0.02689754 0.03065189
v -0.04672147 0.02537987 0.03037906
v -0.04733507 0.02364388 0.02747940
v -0.04689284 0.02436219 0.02845720
v -0.04617144 0.02509792 0.02981364
v -0.04511977 0.02574279 0.03176044
v -0.04319805 0.02680190 0.03387752
v -0.04253614 0.02656784 0.03206928
v -0.04041867 0.02806937 0.03579960
v -0.03980397 0.02752788 0.03406679
v -0.03623886 0.03212044 0.03928107
v -0.04349200 0.03139853 0.03811274
v -0.03942595 0.02750144 0.03204636
v -0.03686406 0.02573809 0.02810000
v -0.03529416 0.02582188 0.02866020
v -0.03641682 0.02744463 0.03316674
v -0.02548248 0.02523980 0.03338455
v -0.02641987 0.02599608 0.03407640
v -0.03067856 0.02499801 0.02906980
v -0.03014832 0.02480662 0.02879930
v -0.02355698 0.02545707 0.03395827
v -0.02513358 0.02631032 0.03492261
v -0.03054094 0.02677276 0.03427135
v -0.03256793 0.02523375 0.02926279
v -0.03145993 0.02508581 0.02923675
v -0.02841839 0.02644386 0.03411334
v -0.02981642 0.02753787 0.03616093
v -0.02691977 0.02693148 0.03562463
v -0.03671914 0.02770199 0.03531427
v -0.02297151 0.07429738 -0.14686143
v -0.02266340 0.05795042 -0.15111187
v -0.04271413 0.06015622 -0.14185882
v -0.04249162 0.07436562 -0.13832349
v -0.04175687 0.02686225 0.03045356
v -0.03805234 0.02548049 0.02733958
v -0.05274087 0.07563336 -0.13038114
v -0.05171854 0.08463132 -0.12692599
v -0.04279355 0.08653137 -0.13253438
v -0.04059038 -0.06451970 -0.10567959
v -0.03014544 -0.07640914 -0.11295636
v -0.02118383 0.02533836 0.03529329
v -0.02316887 0.02650779 0.03580195
v -0.01982528 0.02428885 0.03487496
v -0.01920434 0.02406295 0.03519607
v -0.02040112 0.02541204 0.03548567
v -0.02213146 0.02669692 0.03597066
v -0.02563681 0.02745778 0.03634243
v -0.02485077 0.02779556 0.03689156
v -0.02864988 0.02894652 0.03786376
v -0.02873081 0.02835231 0.03738047
v -0.03647487 0.02880000 0.03700686
v -0.03671406 0.02945012 0.03769779
v -0.02798786 0.02981401 0.03759991
v -0.02419403 0.02837655 0.03657942
v -0.02705920 0.03067547 0.03737939
v -0.02392161 0.02909485 0.03659305
v -0.03677722 0.03111040 0.03674886
v -0.03686108 0.03030000 0.03738717
v -0.02329585 0.02174781 0.03516348
v -0.02097074 0.02214259 0.03515248
v -0.02385629 0.02208144 0.03501463
v -0.02131168 0.02246722 0.03483270
v -0.02522369 0.02229122 0.03417751
v -0.02016111 0.02305059 0.03464052
v -0.01961587 0.02283691 0.03507342
v -0.02621773 0.02227298 0.03356453
v -0.01962612 0.02549078 0.03524441
v -0.01832430 0.02386044 0.03533207
v -0.01849066 0.02576385 0.03469085
v -0.01771069 0.02372746 0.03518572
v -0.02107550 0.02788746 0.03522384
v -0.02130861 0.02705131 0.03541311
v -0.01869126 0.02272340 0.03527896
v -0.01944418 0.02210871 0.03530809
v -0.01806787 0.02257642 0.03546095
v -0.01885783 0.02178087 0.03554434
v -0.02621326 0.01882376 0.03626617
v -0.02609960 0.01807189 0.03653693
v -0.02284435 0.02026192 0.03593042
v -0.02232486 0.01969928 0.03615588
v -0.03497597 0.01525254 0.03570962
v -0.03801483 0.01522555 0.03459864
v -0.03475434 0.01394822 0.03615050
v -0.03809809 0.01386985 0.03479585
v -0.02969743 0.01449283 0.03725551
v -0.03007846 0.01557718 0.03673341
v -0.03379121 -0.12232184 -0.01324271
v -0.04822874 0.01619266 0.02671838
v -0.04938776 0.01493938 0.02638416
v -0.04777141 0.01438621 0.02807915
v -0.04668651 0.01589771 0.02813068
v -0.04501970 0.01568383 0.02973331
v -0.04559102 0.01409894 0.02980292
v -0.04319452 0.01399480 0.03159672
v -0.04281206 0.01548109 0.03141570
v -0.03994672 0.01550823 0.03279326
v -0.04103414 0.01379511 0.03322690
v -0.05151955 0.01934927 0.02406430
v -0.05238337 0.02267957 0.02398028
v -0.05309157 0.01824891 0.02282063
v -0.05475457 0.02175560 0.02219880
v -0.01686611 0.02646199 0.03553854
v -0.01665223 0.02378698 0.03527073
v -0.01563011 0.02680056 0.03729248
v -0.01558811 0.02417059 0.03665210
v -0.01698665 0.02903947 0.03891476
v -0.01855478 0.02903942 0.03622968
v -0.01743556 0.02251817 0.03578804
v -0.01825906 0.02142020 0.03585205
v -0.01652758 0.02228347 0.03652621
v -0.01760958 0.02085670 0.03665705
v -0.02576289 0.01712515 0.03690395
v -0.02537403 0.01612117 0.03736908
v -0.02189841 0.01901362 0.03676181
v -0.02123029 0.01816482 0.03728260
v -0.05212814 -0.01188193 -0.12137010
v -0.05560686 0.03174888 -0.13192354
v -0.05072156 0.03426339 0.03622396
v -0.04804017 0.03188666 0.03667878
v -0.04460647 0.03311083 0.03905445
v -0.04629060 0.03573528 0.03975776
v -0.05371337 0.03793123 0.03442925
v -0.05594401 0.03466236 0.03096571
v -0.05334779 0.03216064 0.03277121
v -0.05075062 0.03033691 0.03392668
v -0.05407897 0.02519982 0.02532885
v -0.05219607 0.02561858 0.02672675
v -0.05265330 0.02708179 0.02862756
v -0.05457181 0.02731957 0.02726851
v -0.05622917 0.02497202 0.02324610
v -0.05708751 0.02786428 0.02543238
v -0.05424732 0.02959403 0.02985632
v -0.05201634 0.02870514 0.03107836
v -0.05702256 0.03090071 0.02825283
v -0.02475942 0.03347232 0.04135121
v -0.02511605 0.03257177 0.03936482
v -0.02270682 0.03076552 0.03746210
v -0.02145387 0.03076682 0.03889183
v -0.02381069 0.03434986 0.04282315
v -0.01924499 0.03130084 0.04054856
v -0.03877851 0.03630840 0.04310335
v -0.03754582 0.03424152 0.04121821
v -0.02662292 0.03122586 0.03723337
v -0.02456152 0.02988234 0.03693303
v -0.02598741 0.03111688 0.03732427
v -0.02402043 0.02980728 0.03684320
v -0.06037235 0.09590720 -0.10862108
v -0.06251340 0.10178053 -0.09610769
v -0.04571155 0.11295643 -0.10210443
v -0.04489798 0.10545977 -0.11460199
v -0.04384150 0.02940847 0.03484805
v -0.04490407 0.02952555 0.03509235
v -0.04730392 0.02844494 0.03332077
v -0.04638045 0.02835303 0.03308113
v -0.04843776 0.02722260 0.03093592
v -0.04927748 0.02750779 0.03142121
v -0.05009269 0.02660366 0.02959699
v -0.04948606 0.02639814 0.02933655
v -0.05000648 0.02565764 0.02801714
v -0.05042429 0.02571087 0.02778489
v -0.02387884 0.03015871 0.03747435
v -0.02571286 0.03136010 0.03819562
v -0.05433347 0.06321488 -0.13238272
v -0.04468557 0.07414702 0.02320714
v -0.05172578 0.07058139 0.01652247
v -0.04981351 0.06400880 0.02213383
v -0.04595081 0.03026309 0.03646334
v -0.04861219 0.02913827 0.03423735
v -0.05036804 0.02807499 0.03171933
v -0.05125556 0.02690143 0.02958114
v -0.05145803 0.02597893 0.02805273
v -0.07636897 -0.01399794 -0.04075596
v -0.07674889 -0.01391503 -0.04289583
v -0.08455475 -0.00413856 -0.07063421
v -0.08287114 0.00224725 -0.06921840
v -0.08161022 0.00588977 -0.06806505
v -0.08470777 0.01350225 -0.05535848
v -0.08626384 0.01699083 -0.05842739
v -0.08938686 -0.02216307 -0.06173994
v -0.08626782 -0.02450235 -0.05781591
v -0.08923846 -0.02149480 -0.06249869
v -0.09353749 0.01311127 -0.06689908
v -0.09420225 0.01144221 -0.06817850
v -0.09532354 0.01110330 -0.06761108
v -0.04525023 -0.03459784 -0.11302669
v -0.04995163 -0.02135082 -0.11825900
v -0.09454559 0.00969443 -0.06946822
v -0.07816440 -0.00911593 -0.04607942
v -0.08557587 -0.00442431 -0.07082209
v -0.08715706 -0.00478133 -0.07250863
v -0.08815873 -0.00964414 -0.07229190
v -0.08744621 -0.00932233 -0.07176308
v -0.08751625 -0.01491120 -0.07030047
v -0.08690169 -0.01424902 -0.06988592
v -0.09043787 -0.01856329 -0.06548873
v -0.09059965 -0.01418993 -0.06841405
v -0.08725099 0.01744854 -0.05975175
v -0.08738390 0.01677858 -0.05899768
v -0.08797521 0.01750386 -0.05999603
v -0.07903919 -0.01027606 -0.04755997
v -0.08276244 0.01108031 -0.05533491
v -0.08248620 0.00940058 -0.05349517
v -0.08221073 0.00978948 -0.05403826
v -0.07713652 -0.00568490 -0.05250379
v -0.07687961 -0.00489314 -0.05276256
v -0.07827874 -0.00708577 -0.05189151
v -0.07988418 -0.00818634 -0.04938056
v -0.07476954 -0.01588500 -0.05144603
v -0.07466777 -0.01666698 -0.05289075
v -0.07435220 -0.01727699 -0.05169138
v -0.09118920 0.02316950 -0.06184117
v -0.08255091 0.00846864 -0.05298885
v -0.08377375 0.00958891 -0.05338851
v -0.08461437 0.01068891 -0.05378990
v -0.08891873 0.01680408 -0.05989816
v -0.08515660 0.01156210 -0.05394816
v -0.08411340 0.01158147 -0.05432289
v -0.08547568 0.01327629 -0.05511354
v -0.08342917 0.01160325 -0.05472399
v -0.08055383 -0.01342355 -0.06559961
v -0.07926254 -0.01343482 -0.06377944
v -0.07767761 0.00672015 -0.04186391
v -0.07823262 0.00459172 -0.04474546
v -0.08517936 -0.02527635 -0.05540492
v -0.08086914 0.01179685 -0.06253576
v -0.08139168 0.01537064 -0.06427231
v -0.09218197 -0.00998208 -0.07006153
v -0.08616615 -0.01651932 -0.05917379
v -0.08374099 -0.01767293 -0.05821971
v -0.08885213 -0.01517915 -0.06056064
v -0.09043588 -0.01254093 -0.06252476
v -0.07902164 0.00269409 -0.05767542
v -0.08808013 0.00701303 -0.06320067
v -0.08866956 0.00493302 -0.06403429
v -0.08671240 0.00715920 -0.06200231
v -0.08230696 0.01899270 -0.06235806
v -0.08276986 0.01880454 -0.05987090
v -0.08033027 0.01480703 -0.06155813
v -0.08275005 0.01694578 -0.05949977
v -0.07641861 -0.01255993 -0.05127346
v -0.07579575 -0.01815372 -0.05407483
v -0.07681343 -0.01684402 -0.05647040
v -0.07666984 -0.01886483 -0.05546857
v -0.07752679 -0.01787645 -0.05757821
v -0.07762685 -0.01677072 -0.05935621
v -0.07788353 -0.01517065 -0.06091731
v -0.07932748 -0.01305078 -0.06134745
v -0.07599854 -0.00859157 -0.05227581
v -0.08199532 0.01973405 -0.05018694
v -0.07558904 -0.01036292 -0.05213954
v -0.07741512 -0.00694660 -0.05213732
v -0.07735338 -0.00864267 -0.05167511
v -0.07691620 -0.01052135 -0.05134218
v -0.08201268 -0.02037927 -0.05157122
v -0.08201909 -0.01906053 -0.05462607
v -0.08059845 -0.01949097 -0.05081879
v -0.08228046 -0.01860128 -0.05695778
v -0.07935563 -0.01906729 -0.05055188
v -0.08217432 0.01304665 -0.06176965
v -0.08289146 0.01636822 -0.06131278
v -0.07648151 -0.01049978 -0.03889389
v -0.06660739 -0.00133506 0.01245292
v -0.06807072 0.00776779 0.00651127
v -0.02330431 -0.05412372 0.03775840
v -0.02196932 -0.05687673 0.03813348
v -0.05848150 -0.01153500 0.02734857
v -0.05418094 -0.01481941 0.03234979
v -0.02231109 -0.04857055 0.04909125
v -0.02078731 -0.04971093 0.04955349
v -0.01961273 -0.04915153 0.04998505
v -0.02127037 -0.04853819 0.04934814
v -0.01724101 -0.04773081 0.04837516
v -0.01907630 -0.04796643 0.04756612
v -0.01932827 -0.04799671 0.04882354
v -0.01740589 -0.04846895 0.04966253
v -0.03023044 -0.03120604 0.04939533
v -0.03367276 -0.02734350 0.04727465
v -0.03587721 -0.03204205 0.04636588
v -0.03255592 -0.03552042 0.04827226
v -0.02132570 -0.05044503 0.04011406
v -0.02170061 -0.04867662 0.04063622
v -0.02064594 -0.04782694 0.04367506
v -0.01996043 -0.04889222 0.04326332
v -0.02090153 -0.05154616 0.04013387
v -0.01962674 -0.04935445 0.04318424
v -0.02357841 -0.05228346 0.03755443
v -0.02378767 -0.04948850 0.03763606
v -0.03054418 -0.05597911 0.04546246
v -0.02727742 -0.05352095 0.04683925
v -0.02957655 -0.04983335 0.04691891
v -0.03323412 -0.05065982 0.04552690
v -0.02827338 -0.01839560 0.04760774
v -0.03145190 -0.02243343 0.04748534
v -0.02809402 -0.02712739 0.04932048
v -0.02491859 -0.02198320 0.04939309
v -0.02227977 -0.01709970 0.05064153
v -0.02513568 -0.01364222 0.04830794
v -0.02230467 -0.00853576 0.05445938
v -0.02336637 -0.01269577 0.05579078
v -0.02250039 -0.01412857 0.05954655
v -0.02315492 -0.01130725 0.05831992
v -0.01994030 -0.01858525 0.05766201
v -0.02303595 -0.01537127 0.05402567
v -0.01472656 -0.01967678 0.05833277
v -0.01448401 -0.01936525 0.05927539
v -0.02001810 -0.01874609 0.05621347
v -0.01984455 -0.01971527 0.05467538
v -0.01504678 -0.02039237 0.05754688
v -0.01347168 -0.01883073 0.05981522
v -0.01694759 -0.01854750 0.05992234
v -0.01888017 -0.01627716 0.06172619
v -0.00575394 -0.01703224 0.06833367
v -0.00740899 -0.01608589 0.07056817
v -0.01141083 0.01543061 0.05286395
v -0.01467986 0.01192176 0.04973454
v -0.01147537 0.01257971 0.05512755
v -0.01447900 0.00927895 0.05185080
v -0.01798374 -0.01387200 0.06546365
v -0.02030128 -0.01152687 0.06420574
v -0.01497928 -0.01270169 0.06940425
v -0.01610059 -0.00957700 0.06914115
v -0.00440681 0.02944560 0.05132255
v -0.00313638 -0.02053976 0.06387518
v -0.00351221 -0.02127724 0.06359228
v -0.00279682 -0.01889585 0.06547283
v -0.02352846 0.09807943 -0.13306807
v -0.02395006 0.11079387 -0.12152386
v -0.02301680 0.12422279 -0.09780719
v -0.02063200 0.12855545 -0.08510450
v -0.00667560 -0.04007689 0.06680134
v -0.00661124 -0.03674499 0.06689854
v -0.01310680 -0.04483553 0.04792595
v -0.00761527 -0.04516834 0.04976365
v -0.00756443 -0.04619421 0.05326367
v -0.01331365 -0.04614668 0.05140578
v -0.01661585 -0.04598856 0.04930069
v -0.01678055 -0.04495359 0.04587908
v -0.01321486 -0.04374398 0.04531291
v -0.00766362 -0.04371988 0.04645328
v -0.01299054 -0.04718845 0.05751922
v -0.00734886 -0.04690201 0.06041564
v -0.00693523 -0.04560816 0.06333476
v -0.01285134 -0.04575517 0.06010908
v -0.02176226 -0.02410147 0.05317779
v -0.01781798 -0.02353129 0.05618073
v -0.01279179 -0.02360089 0.05987757
v -0.00863993 -0.02375936 0.06217486
v -0.00770525 -0.02153655 0.06192494
v -0.01092387 -0.02098174 0.05999548
v -0.00734885 -0.02054046 0.06194000
v -0.01052391 -0.02017083 0.06022701
v -0.01018331 -0.01957665 0.06049330
v -0.01091352 -0.01903388 0.06075026
v -0.00871315 -0.01882490 0.06206764
v -0.00937819 -0.01824976 0.06197230
v -0.00711733 -0.01977624 0.06207887
v -0.00533972 0.00654903 0.06894026
v -0.00483804 0.01011132 0.06564554
v -0.01222291 -0.03474562 0.06479359
v -0.00667156 -0.03415853 0.06620939
v -0.00570086 -0.02982931 0.06471206
v -0.01101673 -0.02984740 0.06366493
v -0.01625820 -0.03057773 0.06112670
v -0.01732844 -0.03647352 0.06176138
v -0.00386003 -0.02222775 0.06338435
v -0.01211122 -0.03745073 0.06499916
v -0.01206643 -0.04047254 0.06447423
v -0.01733784 -0.03921895 0.06170046
v -0.01714133 -0.04182487 0.06066817
v -0.02173520 -0.03905571 0.05759412
v -0.02152454 -0.03252880 0.05734573
v -0.02650324 -0.03474464 0.05311764
v -0.02469347 -0.04194218 0.05350796
v -0.03034994 -0.04616109 0.04793505
v -0.02389535 -0.04879473 0.04847907
v -0.02445731 -0.04715531 0.04908995
v -0.02511568 -0.04559240 0.04999712
v -0.03044564 -0.04255668 0.04921999
v -0.03421176 -0.04537235 0.04649568
v -0.03400924 -0.04018235 0.04747673
v -0.02960221 -0.03882860 0.05055366
v -0.02540582 -0.04392986 0.05119560
v -0.02334796 -0.04743954 0.04951207
v -0.02184664 -0.04790577 0.04952549
v -0.02384960 -0.04650034 0.05022156
v -0.02243408 -0.04723744 0.04997228
v -0.02409365 -0.04558763 0.05114657
v -0.02280539 -0.04666379 0.05065578
v -0.02270791 -0.04584190 0.05200166
v -0.02388145 -0.04430120 0.05294146
v -0.02056336 -0.04778988 0.04832666
v -0.02022516 -0.04763174 0.04902409
v -0.02063314 -0.04772282 0.05013365
v -0.02074986 -0.04794222 0.04914502
v -0.02032920 -0.04776553 0.04781084
v -0.02060866 -0.04809000 0.04877064
v -0.02111703 -0.04751665 0.04413255
v -0.02096527 -0.04698518 0.04467266
v -0.02001245 -0.04763976 0.04735629
v -0.02017245 -0.04782016 0.04835075
v -0.02055791 -0.04827661 0.04939507
v -0.02118185 -0.04781873 0.04949535
v -0.02156358 -0.04738953 0.04993903
v -0.02160016 -0.04698958 0.05096188
v -0.01680934 -0.04414101 0.05903200
v -0.02054888 -0.04375629 0.05643667
v -0.01990815 -0.04558714 0.05472575
v -0.01663686 -0.04638976 0.05662335
v -0.01922701 -0.04705896 0.05303199
v -0.01720424 -0.04382043 0.04287035
v -0.01644456 -0.04725819 0.05430508
v -0.01970960 -0.04547169 0.04308430
v -0.02066182 -0.04450872 0.04033679
v -0.01930657 -0.04629675 0.04647142
v -0.02176636 -0.04767482 0.04126712
v -0.02188537 -0.04658135 0.04136301
v -0.02359293 -0.04755266 0.03810611
v -0.02317268 -0.04599001 0.03860829
v -0.01884539 -0.04717615 0.05128364
v -0.02133585 -0.04169799 0.05732867
v -0.01233020 -0.04321288 0.06262708
v -0.00675181 -0.04290590 0.06541868
v -0.00622381 -0.00172146 0.07585482
v -0.00590036 0.00278260 0.07218949
v -0.01821322 -0.04876398 0.05025131
v -0.00997116 -0.13117303 0.00293034
v -0.02215394 -0.05047965 0.04884147
v -0.01989654 -0.05365324 0.04041079
v -0.01843966 -0.05018516 0.04350715
v -0.02585533 -0.06098922 0.04654149
v -0.01940570 -0.06526515 0.05020057
v -0.01779311 -0.06084148 0.05160550
v -0.02335169 -0.05740083 0.04813313
v -0.01528251 -0.05451294 0.05357425
v -0.01943808 -0.05223472 0.05062469
v -0.01799960 -0.05093332 0.05153868
v -0.01386662 -0.05223781 0.05432511
v -0.01289553 -0.05038586 0.05485970
v -0.01689614 -0.04978199 0.05182350
v -0.01079905 -0.04664722 0.05333221
v -0.00489275 -0.04582353 0.05620873
v -0.00545893 -0.04967550 0.05040371
v -0.01149520 -0.05024303 0.04754642
v -0.01693751 -0.05011094 0.04465021
v -0.01564523 -0.04746415 0.04934505
v -0.01120489 -0.04781731 0.05421372
v -0.01545904 -0.04838836 0.05099475
v -0.00535191 -0.04687233 0.05768240
v -0.02157381 -0.12792596 -0.00376873
v -0.01595265 -0.04894938 0.05167009
v -0.01183227 -0.04874878 0.05448250
v -0.00612170 -0.04826785 0.05854744
v -0.00736431 -0.05067394 0.05943425
v -0.00824714 -0.05337109 0.05964614
v -0.00920092 -0.05662672 0.05888456
v -0.01069738 -0.06428689 0.05594037
v -0.01179370 -0.06969266 0.05469139
v -0.00315187 -0.06622267 0.05900816
v -0.00370812 -0.07177953 0.05846748
v -0.00287510 -0.05808752 0.06320923
v -0.00221640 -0.05391861 0.06432226
v -0.00135367 -0.05068414 0.06347726
v -0.00058098 -0.04798582 0.06205504
v -0.00466774 -0.02408653 0.06335355
v -0.00712833 -0.01847981 0.06337399
v -0.00572238 -0.01770957 0.06558415
v -0.00995346 -0.01453625 0.07155855
v -0.00283760 -0.01799288 0.06798755
v -0.01311955 -0.01293329 0.07120449
v -0.01101806 -0.01337968 0.07269923
v -0.01178621 -0.01161753 0.07372655
v -0.01322669 -0.01084676 0.07251127
v -0.00917086 -0.01389496 0.07396793
v -0.01064732 -0.01184345 0.07472409
v -0.00432617 -0.01461881 0.07571767
v -0.00528147 -0.01130357 0.07783093
v -0.00618814 -0.00553134 0.07778437
v -0.00572429 -0.00912383 0.07828298
v -0.01205264 -0.00984648 0.07417955
v -0.01357938 -0.00780875 0.07236831
v -0.01380723 -0.00456707 0.07012086
v -0.01674368 -0.00665588 0.06662291
v -0.01129061 0.13316447 -0.04141076
v 0.00019014 -0.04631858 0.06086343
v 0.00100568 -0.04507336 0.05877442
v -0.00624366 -0.06083860 0.04266927
v -0.00589011 -0.05597966 0.04515487
v -0.00015531 -0.05600043 0.04738372
v -0.00027844 -0.06118147 0.04473979
v 0.00571679 -0.04483877 0.06011004
v 0.00490181 -0.04939438 0.05329685
v 0.00016099 -0.04936768 0.05227664
v 0.00551812 -0.04590190 0.06208219
v 0.00509087 -0.04775388 0.06363323
v 0.00469081 -0.05050057 0.06554615
v 0.00455362 -0.05608182 0.04814763
v 0.00438067 -0.06176744 0.04584136
v -0.01784048 -0.05470967 0.04135181
v -0.01866231 -0.05926893 0.03911220
v -0.01199653 -0.05612029 0.04353277
v -0.01266234 -0.05961561 0.04142595
v 0.00403683 -0.07235922 0.06076900
v 0.00418856 -0.06693660 0.06096379
v 0.00425932 -0.05429526 0.06645883
v 0.00413555 -0.05900264 0.06532180
v -0.02383102 0.11876957 -0.11029705
v -0.06354962 0.07752024 -0.00577362
v -0.06128528 0.07038511 0.00122668
v -0.05458236 0.07775777 0.00842438
v -0.05689687 0.08342984 0.00197129
v -0.06435657 0.08576380 -0.01379470
v -0.05763524 0.09056699 -0.00558047
v -0.04131474 0.12540886 -0.06104847
v -0.04176627 0.12452406 -0.04682571
v -0.02252807 0.13049711 -0.04273811
v -0.03619701 0.12563045 -0.07502694
v -0.04888379 0.11723321 -0.08474109
v -0.05100904 0.11971325 -0.06534261
v -0.05073517 0.11936309 -0.04994413
v -0.03111520 -0.08942338 -0.11459722
v -0.05538509 0.04514695 -0.13236031
v -0.04928663 0.11812799 -0.03616908
v -0.04098640 0.12241627 -0.03316950
v -0.04038090 0.11901017 -0.02098281
v -0.04785539 0.11556444 -0.02459489
v -0.02229150 0.12782542 -0.02846561
v -0.01118112 0.13002785 -0.02661632
v -0.02109066 0.00609896 -0.14853120
v -0.00469033 0.01377651 0.06274608
v -0.05196054 -0.05099196 -0.09595522
v -0.06298446 -0.05191674 -0.07767934
v -0.06613921 -0.10603478 -0.05132330
v -0.07539421 -0.02750622 -0.05732313
v -0.07504806 -0.02676062 -0.05807167
v -0.06525988 -0.06762121 -0.05702946
v -0.06653188 -0.05283856 -0.05820203
v -0.04186014 -0.05013518 -0.10833814
v -0.08380992 -0.01602748 -0.06909755
v -0.08473280 -0.01244495 -0.07030190
v -0.08519161 -0.01681644 -0.06862674
v -0.08597852 -0.01284864 -0.07005326
v -0.08589666 -0.00844455 -0.07084503
v -0.08587915 -0.01851963 -0.06769697
v -0.08251875 0.01895014 -0.05824710
v -0.08470242 0.02021746 -0.05711432
v -0.07488157 -0.02909827 -0.05258437
v -0.07482988 -0.02849356 -0.05453923
v -0.07410911 -0.02879827 -0.05357687
v -0.07394869 -0.02921733 -0.05204384
v -0.07451101 -0.02985346 -0.05065060
v -0.07353958 -0.02971014 -0.05068114
v -0.08090737 0.03664784 -0.04867039
v -0.07134680 -0.02869307 -0.05504998
v -0.07422081 -0.02734086 -0.05763842
v -0.07417616 -0.02788663 -0.05598071
v -0.07368154 -0.02864949 -0.05433629
v -0.07286668 -0.02944268 -0.05196746
v -0.07271198 -0.03028440 -0.04992775
v -0.07369629 -0.03105450 -0.04927353
v -0.08622681 -0.01953362 -0.06784582
v -0.07924571 -0.03009129 -0.05536274
v -0.08167788 0.01184608 -0.06395461
v -0.08191033 0.00983070 -0.06571165
v -0.08441506 0.01139714 -0.06702413
v -0.08414500 0.01361861 -0.06547349
v -0.06296222 -0.01101922 -0.10910749
v -0.06491871 0.00060306 -0.11346018
v -0.01639211 -0.08716397 -0.11964889
v -0.01531924 -0.07344650 -0.11912733
v -0.07925758 0.03424278 -0.09699393
v -0.08158935 0.01347173 -0.06259794
v -0.08419500 0.01538138 -0.06400929
v -0.08488549 -0.00823635 -0.07080100
v -0.07989512 0.01310640 -0.06297418
v -0.08028548 0.01131904 -0.06438263
v -0.08564504 0.01694285 -0.06556645
v -0.08557530 0.01493361 -0.06710116
v -0.08615036 0.01246487 -0.06861660
v -0.08067303 0.00925250 -0.06581347
v -0.08231295 0.01731261 -0.06424637
v -0.08287533 0.06598894 -0.07130683
v -0.08234583 0.06007855 -0.08568468
v -0.07910702 0.08337765 -0.07390437
v -0.07835694 0.07840126 -0.08944264
v -0.07399748 0.07238509 -0.10561445
v -0.07775434 0.05288246 -0.10201803
v -0.08267901 0.01884996 -0.05860610
v -0.08591079 0.02108731 -0.05755130
v -0.06497367 0.09264875 -0.02134647
v -0.07033116 0.08784492 -0.02871009
v -0.05792780 0.09686495 -0.01251635
v -0.05786307 0.10256729 -0.01898303
v -0.06444060 0.09917106 -0.02810186
v -0.07201685 0.09248910 -0.04049107
v -0.08199454 0.05615304 -0.05697327
v -0.08075872 0.07132033 -0.05681645
v -0.07728532 0.07523238 -0.04284270
v -0.07669719 0.08821626 -0.05790061
v -0.06779899 0.10209864 -0.04647021
v -0.07168645 0.09870519 -0.06108611
v -0.06065644 0.11094169 -0.04999027
v -0.06296638 0.10908204 -0.06481978
v -0.06290697 0.10662528 -0.08082990
v -0.07355151 0.09477410 -0.07647796
v -0.06264966 0.10504410 -0.03403336
v -0.05632958 0.10772598 -0.02418693
v -0.05757748 0.11178919 -0.03722604
v -0.05410458 0.11203730 -0.02856729
v -0.07493917 0.07682061 -0.03531335
v -0.06857487 -0.03577757 -0.05040784
v -0.07010191 -0.03626294 -0.04421085
v -0.07470215 -0.02521167 -0.03561945
v -0.07103443 0.00091085 -0.00023561
v -0.07075936 0.01328458 -0.00310933
v -0.07488097 0.00526668 -0.01379350
v -0.07347269 -0.00940848 -0.01154797
v -0.06878169 0.02723659 -0.00494116
v -0.07289175 0.01966548 -0.01560220
v -0.07315113 0.03503776 -0.01793455
v -0.06865358 0.04205340 -0.00556891
v -0.06524242 0.06684007 -0.12092303
v -0.06765170 0.04950621 -0.11965103
v -0.06837063 0.03604995 -0.11869281
v -0.04871963 0.05780621 0.02636870
v -0.02329082 0.08863586 -0.13990782
v -0.04686444 0.08190304 0.01576640
v -0.05691409 0.08828328 -0.11975188
v -0.04348547 0.09444649 -0.12620530
v -0.07297678 0.09006387 -0.09174692
v -0.06985428 0.08494224 -0.10536420
v -0.06192772 0.07840804 -0.12053975
v -0.06768664 0.01901443 -0.11773082
v -0.04830425 0.11122178 -0.01724652
v -0.05893952 0.02458839 0.02038035
v -0.05763884 0.02035338 0.01900239
v -0.05986094 0.02895650 0.02228797
v -0.05578924 0.01583027 0.02053121
v -0.01831612 0.00865141 0.04723452
v -0.01784678 0.00621508 0.04916607
v -0.01761725 0.00360626 0.05128282
v -0.02149850 0.00352453 0.04678919
v -0.02102486 0.00034708 0.04858244
v -0.01434586 0.00360753 0.05689967
v -0.01439199 0.00647580 0.05427396
v -0.01728604 0.00089315 0.05335974
v -0.01772716 -0.00223760 0.05553256
v -0.01483432 0.00065931 0.05959751
v -0.02310861 -0.01508379 0.05183438
v -0.02336937 -0.00998216 0.04976172
v -0.02070166 -0.00580699 0.05199109
v -0.02498489 -0.00245624 0.04695355
v -0.02406164 -0.00602545 0.04820589
v -0.02053744 -0.00248878 0.05013501
v -0.02605104 0.00106283 0.04511449
v -0.01995499 -0.00552450 0.05856068
v -0.02126708 -0.00919293 0.06188508
v -0.01596389 -0.00295402 0.06322974
v -0.01327102 -0.00103640 0.06652024
v -0.01252671 0.00283093 0.06307015
v -0.02223116 0.00621238 0.04524284
v -0.02727189 0.00413465 0.04382845
v -0.02769293 -0.00940745 0.04736324
v -0.03214855 -0.01274731 0.04710340
v -0.02967542 -0.00490173 0.04580182
v -0.03378658 -0.00748129 0.04548613
v -0.03072394 -0.00105308 0.04414636
v -0.03501007 -0.00337856 0.04357594
v -0.03549007 -0.01737520 0.04663522
v -0.03834055 -0.02172868 0.04570629
v -0.04028783 -0.02788175 0.04426130
v -0.04150205 -0.01599644 0.04377107
v -0.04451055 -0.02184832 0.04181742
v -0.04368316 -0.00989932 0.04139153
v -0.04739150 -0.01590299 0.03944829
v -0.03809205 -0.01100080 0.04475672
v -0.03969176 -0.00645636 0.04260409
v -0.03617112 0.00058791 0.04146721
v -0.03194098 0.00251671 0.04249504
v -0.04496633 0.00178348 0.03742301
v -0.04456188 -0.00405493 0.03940522
v -0.04053347 -0.00154032 0.04062071
v -0.04108537 0.00314804 0.03829648
v -0.04939844 -0.00810211 0.03713115
v -0.04916786 -0.00006982 0.03563049
v -0.04848734 0.00506054 0.03392538
v -0.03423123 0.01189008 0.03712080
v -0.02929580 0.01268704 0.03828075
v -0.03779913 0.01157964 0.03579211
v -0.04461648 0.00586467 0.03552815
v -0.04113365 0.00653587 0.03660291
v -0.05163651 0.01188304 0.02653319
v -0.04947366 0.01129892 0.02873050
v -0.04381437 0.01121193 0.03285953
v -0.04102668 0.01131968 0.03439022
v -0.04680059 0.01124297 0.03086621
v -0.02461797 0.01431596 0.03863543
v -0.01997350 0.01645943 0.03897407
v -0.06217459 -0.06568314 -0.07436056
v -0.01165931 0.00616184 0.06033998
v -0.01150184 0.00934862 0.05753930
v -0.01667405 0.03142091 0.04257170
v -0.01473531 0.02900208 0.04166338
v -0.00836727 0.02914042 0.04886988
v -0.02068892 0.03503273 0.04532261
v -0.01666404 0.01933257 0.03921092
v -0.01454761 0.02183583 0.03918861
v -0.01357969 0.02376764 0.03979730
v -0.01336408 0.02661330 0.04061550
v -0.03220418 0.04785467 0.04710075
v -0.02890905 0.04097794 0.04935510
v -0.05828502 0.06319939 0.01009288
v -0.06220442 0.05486381 0.00593079
v -0.05376780 0.04330416 0.03059333
v -0.05723431 0.03911880 0.02739911
v -0.05927721 0.03411336 0.02450777
v -0.06473124 0.04305753 0.00319894
v -0.06621908 0.03047994 0.00284199
v -0.06717340 0.01868926 0.00363084
v -0.04921711 0.09456573 0.00278003
v -0.04924437 0.10070138 -0.00381528
v -0.04863733 0.08804630 0.00968087
v -0.03998567 0.11450154 -0.01181412
v -0.03998280 0.10961136 -0.00370821
v -0.04897499 0.10628986 -0.01041585
v -0.04036215 0.10399213 0.00326407
v -0.04060936 0.09787931 0.00974917
v -0.04006409 0.09149437 0.01661291
v -0.03873957 0.08520985 0.02273008
v -0.03696793 0.07621726 0.02916315
v -0.05271057 -0.06486703 -0.09395023
v -0.00934210 -0.00820342 0.05857822
v -0.00886898 -0.00836643 0.05901240
v -0.00912188 -0.00823858 0.05834422
v -0.00855172 -0.00832029 0.05883043
v -0.00903763 -0.00847534 0.05876290
v -0.00910089 -0.01664811 0.06142915
v -0.00797826 -0.01468116 0.06050494
v -0.00840560 -0.01087563 0.05976696
v -0.07432228 -0.03211625 -0.03766814
v -0.06457280 -0.10176948 -0.06771589
v -0.06031311 -0.09829719 -0.08225203
v 0.06272224 -0.10117956 -0.06900527
v 0.05822287 -0.09781198 -0.08333182
v 0.02440456 -0.13276072 -0.00697986
v 0.03730458 -0.12848525 -0.01501891
v 0.03899431 -0.13738129 -0.01585580
v 0.02485411 -0.14089264 -0.00910875
v 0.06640693 -0.11952052 -0.07451941
v 0.06425416 -0.11050707 -0.07003463
v 0.05966525 -0.10707233 -0.08567841
v 0.06275683 -0.11578626 -0.09109832
v 0.05152093 -0.10493766 -0.09924448
v 0.05453372 -0.11458152 -0.10534400
v 0.04272144 -0.11481950 -0.11598980
v 0.04069181 -0.10340172 -0.10987920
v 0.02762788 -0.10256687 -0.11764930
v 0.02899188 -0.11521794 -0.12282813
v 0.05060399 -0.12337396 -0.02491277
v 0.06082713 -0.11838818 -0.03811570
v 0.06217209 -0.12803894 -0.04057922
v 0.05244017 -0.13281102 -0.02637575
v 0.06551309 -0.11410745 -0.05342088
v 0.06683969 -0.12385291 -0.05713796
v 0.01383360 -0.11525033 -0.12613788
v 0.01312473 -0.10149364 -0.12135530
v 0.02643057 -0.16048464 -0.01191868
v 0.01154656 -0.16249700 -0.00926855
v 0.01218170 -0.15231267 -0.00660903
v 0.02568918 -0.15040216 -0.01077261
v 0.06040230 -0.16392823 -0.03326636
v 0.07455365 -0.15700686 -0.04870890
v 0.08089250 -0.16540171 -0.04505813
v 0.06400242 -0.17376515 -0.03048446
v 0.10331263 -0.16260125 -0.05827326
v 0.11275084 -0.15116310 -0.08164248
v 0.04301042 -0.16786054 -0.02076990
v 0.04507950 -0.17813805 -0.01761813
v -0.00207331 -0.12808028 -0.13369730
v -0.00186821 -0.11506814 -0.12646133
v 0.10234329 -0.14573772 -0.08473077
v 0.10102240 -0.14181012 -0.10993984
v 0.11391943 -0.14752512 -0.10792816
v 0.05692345 -0.16351941 -0.15142484
v 0.05717641 -0.17044127 -0.15444624
v 0.07320312 -0.16565411 -0.15196295
v 0.06873669 -0.15921687 -0.14816418
v 0.07891636 -0.12985893 -0.10472824
v 0.06668155 -0.13054758 -0.12078732
v 0.07557866 -0.13804381 -0.12633467
v 0.08970191 -0.13573636 -0.10907602
v 0.03854626 -0.14755638 -0.14402893
v 0.05771570 -0.14238676 -0.13727275
v 0.05117863 -0.13481683 -0.13208376
v 0.03384738 -0.13711500 -0.13827752
v 0.09222838 -0.14083153 -0.08553443
v 0.08183357 -0.13525045 -0.08347436
v 0.08472934 -0.14954685 -0.06610579
v 0.07644922 -0.14266814 -0.06494801
v 0.06933883 -0.14858586 -0.04730244
v 0.05987383 -0.12332080 -0.11301535
v 0.04633316 -0.12493189 -0.12380410
v 0.03056685 -0.12671651 -0.13063031
v 0.01419123 -0.12781741 -0.13344157
v -0.00141829 -0.17693791 -0.15340763
v -0.00157010 -0.16459095 -0.15119295
v 0.01804687 -0.14968130 -0.14592835
v 0.01612467 -0.13923417 -0.14070007
v 0.09364695 -0.15578672 -0.06402723
v 0.07040271 -0.13386267 -0.06165263
v 0.06512118 -0.13858631 -0.04389812
v 0.07108974 -0.18037108 -0.01926314
v 0.08984741 -0.17393875 -0.03683406
v 0.04949091 -0.18522575 -0.00719165
v 0.02987083 -0.18937457 0.00032707
v 0.01975278 -0.16334370 -0.14998746
v 0.01859195 -0.17541787 -0.15272646
v 0.04028088 -0.17235328 -0.15355365
v 0.04402113 -0.15966111 -0.14979929
v 0.05794038 -0.15407491 -0.03097246
v 0.04238827 -0.15773408 -0.01914973
v 0.02635555 -0.17053238 -0.01189855
v 0.06919128 -0.12363296 -0.09769383
v 0.07193431 -0.12805571 -0.07946075
v 0.05503731 -0.14317003 -0.02878088
v 0.04076013 -0.14748229 -0.01763727
v 0.01181195 -0.14331330 -0.00307057
v 0.02742689 -0.18064062 -0.00818435
v 0.10229038 -0.15189852 -0.13044421
v 0.08835457 -0.15927564 -0.14439657
v 0.08072477 -0.15544158 -0.14284931
v -0.00220982 -0.15071627 -0.14715846
v -0.00052470 -0.15260589 -0.00521001
v -0.00138924 -0.16267177 -0.00846141
v 0.00077194 -0.14381784 -0.00092820
v 0.08577329 -0.14683673 -0.13232601
v 0.06403568 -0.15167624 -0.14319754
v 0.00084039 -0.13690887 0.00264323
v -0.00189457 -0.10086010 -0.12218583
v -0.00178889 -0.17429025 -0.01210576
v -0.00153640 -0.18701431 -0.00948933
v -0.00092936 -0.19626157 -0.00016132
v 0.01271995 -0.13607338 -0.00015455
v 0.01255032 -0.18430479 -0.00787170
v 0.01168949 -0.17292109 -0.01075216
v 0.01379298 -0.19412100 0.00054101
v -0.00195525 -0.13952316 -0.14141221
v -0.02206061 -0.13371040 -0.00629033
v -0.03487626 -0.12929833 -0.01441207
v -0.03677449 -0.13787891 -0.01552512
v -0.02311293 -0.14138635 -0.00843468
v -0.06792905 -0.12059569 -0.07351779
v -0.06601597 -0.11145134 -0.06878002
v -0.06183756 -0.10768814 -0.08474507
v -0.06502556 -0.11669401 -0.09035227
v -0.05419143 -0.10564183 -0.09856972
v -0.05736247 -0.11532626 -0.10482108
v -0.04588486 -0.11534483 -0.11578995
v -0.04381265 -0.10391717 -0.10954789
v -0.03096849 -0.10296550 -0.11753809
v -0.03239679 -0.11556225 -0.12277702
v -0.04897170 -0.12435652 -0.02395835
v -0.06041301 -0.11950286 -0.03672998
v -0.06161029 -0.12881260 -0.03940170
v -0.05106468 -0.13335440 -0.02559908
v -0.06674055 -0.11532734 -0.05184376
v -0.06764578 -0.12513873 -0.05561502
v -0.01730173 -0.11545777 -0.12603030
v -0.01668772 -0.10171026 -0.12126539
v -0.02743728 -0.16080166 -0.01154329
v -0.01338757 -0.16253828 -0.00894009
v -0.01238190 -0.15217108 -0.00673007
v -0.02572325 -0.15062277 -0.01060373
v -0.06007024 -0.16515967 -0.03395023
v -0.07513053 -0.15793172 -0.04894004
v -0.08147088 -0.16634296 -0.04542017
v -0.06437204 -0.17485283 -0.03062614
v -0.10408424 -0.16385876 -0.05819714
v -0.11437301 -0.15224376 -0.08125204
v -0.04359896 -0.16878390 -0.02097959
v -0.04640029 -0.17931156 -0.01735648
v -0.10440063 -0.14659810 -0.08467148
v -0.10385606 -0.14241201 -0.10984711
v -0.11659864 -0.14829582 -0.10746855
v -0.06021271 -0.16390385 -0.15184128
v -0.06045092 -0.17077579 -0.15488534
v -0.07633702 -0.16619247 -0.15223485
v -0.07202406 -0.15974106 -0.14838392
v -0.08189084 -0.13067907 -0.10434242
v -0.07003001 -0.13182753 -0.12092961
v -0.07891850 -0.13866831 -0.12624235
v -0.09267624 -0.13633110 -0.10892828
v -0.04203065 -0.14791782 -0.14415015
v -0.06113474 -0.14256081 -0.13734980
v -0.05447813 -0.13378638 -0.13166858
v -0.03722329 -0.13747177 -0.13822934
v -0.09444355 -0.14144939 -0.08536339
v -0.08354019 -0.13604677 -0.08298883
v -0.08630822 -0.15022083 -0.06597333
v -0.07766493 -0.14357129 -0.06474912
v -0.06888548 -0.14962456 -0.04779357
v -0.06279428 -0.12393867 -0.11275372
v -0.04964686 -0.12535170 -0.12376690
v -0.03419380 -0.12697996 -0.13052925
v -0.01759627 -0.12945192 -0.13401470
v -0.02200927 -0.15115179 -0.14614941
v -0.02086013 -0.13624901 -0.14062729
v -0.09497225 -0.15674525 -0.06412681
v -0.07072522 -0.13488781 -0.06100885
v -0.06441130 -0.13931240 -0.04357009
v -0.07166360 -0.18215962 -0.01894634
v -0.09016383 -0.17503616 -0.03673845
v -0.05101587 -0.18659280 -0.00609913
v -0.03172704 -0.18966395 0.00147150
v -0.02378586 -0.16319478 -0.15022133
v -0.02194151 -0.17546219 -0.15285036
v -0.04286515 -0.17302324 -0.15390630
v -0.04728753 -0.16006802 -0.15005776
v -0.05733066 -0.15484302 -0.03183771
v -0.04238703 -0.15842973 -0.01952607
v -0.02816125 -0.17140837 -0.01199921
v -0.07178289 -0.12434250 -0.09709425
v -0.07382496 -0.12883650 -0.07873706
v -0.05455256 -0.14364575 -0.02859471
v -0.03995747 -0.14800572 -0.01779473
v -0.01157411 -0.14345969 -0.00321427
v -0.02973193 -0.18112639 -0.00755355
v -0.10516448 -0.15273106 -0.12997328
v -0.09149123 -0.15998125 -0.14426437
v -0.08388482 -0.15608232 -0.14288785
v -0.08888291 -0.14750031 -0.13231845
v -0.06719563 -0.15225042 -0.14338325
v -0.01058529 -0.13644658 0.00004100
v -0.01499169 -0.18459092 -0.00713436
v -0.01416305 -0.17351878 -0.01074958
v -0.01515528 -0.19354907 0.00129545
v -0.00940606 -0.00844481 0.05846974
v -0.07129230 -0.03329433 -0.01441859
v -0.07117598 -0.04165677 -0.02207722
v -0.06735129 -0.05408771 -0.01372642
v -0.06773171 -0.04480173 -0.00573206
v -0.06147118 -0.06511723 -0.00508287
v -0.06390501 -0.05397376 0.00090229
v -0.05340018 -0.07357245 0.00468734
v -0.05775866 -0.06227952 0.00849688
v -0.04616550 -0.07870770 0.01540846
v -0.05130322 -0.06757496 0.01728960
v -0.02769173 -0.08421376 0.03909769
v -0.02636486 -0.08977770 0.03531811
v -0.01735880 -0.09357151 0.04385042
v -0.01777276 -0.08923628 0.04820170
v -0.00793892 -0.09631497 0.05111455
v -0.00838633 -0.09198069 0.05537801
v 0.00184439 -0.09717977 0.05486209
v 0.00216123 -0.09288331 0.05921467
v 0.01324601 -0.09658780 0.05577602
v 0.01355426 -0.09249627 0.06042162
v 0.01342578 -0.08203317 0.06314073
v 0.00350692 -0.08242647 0.06255144
v 0.00299532 -0.08787167 0.06170820
v 0.01365013 -0.08812667 0.06248706
v -0.00538802 -0.08151001 0.05902654
v -0.00723210 -0.08718582 0.05773789
v -0.01384241 -0.07907692 0.05328641
v -0.01633143 -0.08457296 0.05146850
v -0.02394011 -0.07441585 0.04590423
v -0.02636993 -0.07977457 0.04302973
v -0.03222076 -0.06865977 0.04125607
v -0.03607952 -0.07154322 0.03650985
v 0.00148769 -0.09999093 0.04809416
v 0.01255522 -0.09963697 0.04988903
v -0.00785008 -0.09922060 0.04467358
v -0.01662277 -0.09654411 0.03811528
v -0.02440499 -0.09407995 0.03052197
v -0.03825407 -0.08289175 0.02568748
v -0.03312632 -0.09103838 0.02162362
v -0.04163103 -0.08581054 0.01245418
v -0.04907518 -0.08061830 0.00070450
v -0.05906008 -0.07169732 -0.01104294
v -0.06648240 -0.05947547 -0.02164090
v -0.07094668 -0.04675884 -0.02998885
v -0.07337530 -0.03358869 -0.02781725
v -0.00433138 -0.07689797 0.05903366
v 0.00392240 -0.07740363 0.06187209
v -0.01220192 -0.07464994 0.05442471
v -0.02150325 -0.06987333 0.04824212
v -0.02889788 -0.06476097 0.04430486
v -0.03696153 -0.05143031 0.04320544
v -0.03448267 -0.05842806 0.04308696
v -0.03740599 -0.03779369 0.04508842
v -0.03789188 -0.04445986 0.04414737
v -0.04616730 -0.03018866 0.03897181
v -0.04690956 -0.03935608 0.03590818
v -0.04223690 -0.04273659 0.04045676
v -0.04180643 -0.03451577 0.04204859
v -0.05040143 -0.02323423 0.03561880
v -0.05164327 -0.03454970 0.03149239
v 0.00173362 -0.10203175 0.04172372
v 0.01156968 -0.10198078 0.04239769
v -0.00643877 -0.10171987 0.03857253
v -0.01443306 -0.10025734 0.03267706
v -0.02079154 -0.09917475 0.02534538
v -0.02745095 -0.09731739 0.01693306
v -0.03429182 -0.09378434 0.00743742
v -0.04268244 -0.08885164 -0.00361835
v -0.05403917 -0.07975486 -0.01686769
v -0.06473640 -0.06480905 -0.02872661
v -0.06876386 -0.05128988 -0.03769430
v -0.01931746 -0.10482001 0.01205642
v -0.01370249 -0.10518902 0.01866284
v -0.00810334 -0.10626648 0.02463200
v -0.00340904 -0.10652287 0.02970746
v 0.00198609 -0.10719857 0.02877024
v 0.00912891 -0.10753829 0.02791807
v 0.00071453 -0.10828803 0.02051285
v 0.00750960 -0.10901027 0.02078415
v -0.00312022 -0.11002242 0.01581620
v 0.00632439 -0.11096190 0.01682714
v -0.00663140 -0.11298597 0.01344249
v 0.00488767 -0.11487348 0.01403864
v -0.03816044 -0.06072422 0.03931491
v -0.04268582 -0.06091556 0.03364019
v -0.04591449 -0.04990250 0.03359337
v -0.05148926 -0.04651118 0.02792327
v -0.04843337 -0.05944331 0.02695348
v -0.04091942 -0.05172893 0.03920446
v -0.05509174 -0.05538432 0.01916644
v -0.05682127 -0.04149159 0.02196282
v -0.05614409 -0.02776567 0.02727694
v -0.06095925 -0.03482666 0.01679071
v -0.06051377 -0.04945768 0.01154683
v -0.05977819 -0.02323788 0.02265947
v -0.06277497 -0.01814801 0.01845255
v -0.06390309 -0.02979733 0.01222515
v -0.06429628 -0.04187477 0.00648083
v -0.04238796 -0.07354745 0.02767985
v -0.06722341 -0.03540814 0.00085480
v -0.06551132 -0.01408982 0.01342373
v -0.06642957 -0.02383314 0.00732809
v -0.06823156 -0.00862192 0.00709867
v -0.06961636 -0.01797162 -0.00145839
v -0.07061342 -0.02667641 -0.00808186
v -0.07410214 -0.02483196 -0.02383718
v 0.01304460 -0.07714476 0.06269182
v -0.06887288 -0.03436008 -0.05536690
v -0.02446115 -0.03002328 0.05334339
v -0.01977775 -0.02795428 0.05707117
v -0.01452499 -0.02718263 0.06072870
v -0.00969012 -0.02690808 0.06296697
v -0.00495224 -0.02710820 0.06387490
v 0.00270588 -0.12640949 0.00930597
v 0.00059546 0.04203550 0.05246745
v 0.00357725 -0.11931128 0.01254982
v 0.00972040 -0.06184836 0.04624711
v -0.00085577 0.13086550 -0.02559167
v 0.01257418 -0.07232218 0.06187202
v 0.01007802 -0.05578923 0.04871644
v -0.00017969 0.00357509 0.07406400
v 0.01228556 -0.06724509 0.06121835
v 0.01205566 -0.05474478 0.06721778
v 0.01197932 -0.04737379 0.06379060
v 0.00030374 0.07903439 0.03968378
v 0.01193270 -0.05027065 0.06589434
v -0.00070628 -0.02460285 0.06372564
v -0.00046656 -0.00072089 0.07756808
v 0.01186385 -0.04541553 0.06209603
v -0.00150765 -0.04858447 -0.12421744
v 0.01218734 -0.05904455 0.06563497
v 0.01064559 -0.04929674 0.05352011
v 0.01152292 -0.04448874 0.06021663
v 0.00078436 -0.04417731 0.04745609
v -0.00069638 -0.02775234 0.06446593
v 0.00060391 0.02153980 0.05909636
v -0.00132517 -0.00860834 -0.14625648
v 0.00039741 0.01832868 0.06177663
v -0.00059739 0.10361227 0.02298218
v -0.00002413 0.09001069 0.03431630
v -0.00003226 0.00756833 0.07058688
v -0.00087735 0.05708128 -0.15508391
v -0.00079000 0.07440515 -0.15089838
v 0.00043629 0.06090417 0.04665686
v -0.00072423 0.13035659 -0.08832429
v -0.00066626 -0.00485787 0.07941361
v -0.00094176 -0.01838386 0.06815521
v -0.00083507 0.12163999 -0.00147657
v -0.00109404 0.02103249 -0.15486656
v -0.00063854 0.12073728 -0.11341935
v 0.00007855 -0.04590019 0.06432296
v -0.00085655 0.12660380 -0.01297384
v 0.00032561 -0.04688736 0.06112793
v -0.00100819 -0.01486657 0.07635820
v -0.00121836 0.00459389 -0.15163001
v -0.00101111 0.03553342 -0.15574445
v -0.00055849 -0.03449375 0.06644735
v -0.00067173 -0.03054101 0.06510730
v -0.00066149 0.12649228 -0.10132272
v 0.00078657 0.04826127 0.05198488
v -0.00037120 -0.03743498 0.06735011
v 0.00048606 0.02980075 0.05278898
v -0.00030677 -0.04064250 0.06755631
v 0.00168293 -0.13192631 0.00561163
v -0.00070977 0.09971231 -0.13641028
v -0.00017898 -0.04340935 0.06615987
v 0.00062058 -0.04617005 0.05441099
v 0.00020323 0.01149876 0.06734252
v 0.00073900 -0.04532804 0.05093105
v 0.00033205 0.06842190 0.04301916
v -0.00083669 -0.02165546 0.06427693
v -0.00085824 -0.02092343 0.06471787
v 0.00066915 0.02748403 0.05400328
v -0.00043653 0.09684188 0.02926448
v 0.00049408 0.03218550 0.05233508
v -0.00067317 -0.02261044 0.06385474
v -0.00071934 0.08985639 -0.14353414
v -0.00080445 0.13493533 -0.07070002
v -0.00081302 0.13578017 -0.05754221
v 0.00068391 0.02459636 0.05663836
v 0.00034706 0.01514493 0.06418689
v -0.00147874 -0.05847628 -0.12249937
v -0.00088342 -0.01162084 0.07908042
v -0.00079682 -0.00877918 0.07988190
v -0.00078913 0.11586544 0.00832565
v -0.00142118 -0.01867936 -0.14181876
v -0.00083788 0.13470393 -0.04063445
v -0.00071274 0.10982587 0.01617739
v -0.00151121 -0.03694692 -0.13099188
v -0.00147175 -0.02678668 -0.13808562
v -0.00101283 -0.01593412 0.07451218
v 0.00030107 0.03529388 0.05167483
v -0.00102821 -0.01742759 0.07106250
v -0.00065306 0.11289802 -0.12462026
v -0.00085086 -0.01972701 0.06590525
v 0.00819256 -0.00917180 0.05895683
v 0.07353337 -0.03284461 -0.01698149
v 0.07314084 -0.04110795 -0.02501924
v 0.07097037 -0.05354054 -0.01701253
v 0.07156939 -0.04425025 -0.00882087
v 0.06721777 -0.06451715 -0.00906083
v 0.06928025 -0.05338056 -0.00275675
v 0.06137030 -0.07299669 0.00056919
v 0.06547248 -0.06166812 0.00419950
v -0.00611313 -0.01536499 0.07375674
v -0.00491028 -0.01684268 0.07094167
v 0.05675845 -0.07782576 0.01083256
v 0.06079114 -0.06685574 0.01294619
v -0.01704506 0.02314810 0.03548585
v -0.01057389 -0.01917864 0.06071308
v -0.00910994 0.00513037 0.06649037
v -0.01602917 0.02320449 0.03646619
v 0.04526239 -0.08308094 0.03480443
v 0.04377241 -0.08874008 0.03131864
v 0.03847042 -0.09259020 0.04028514
v 0.03959348 -0.08803574 0.04453884
v -0.01385333 -0.01894846 0.05966990
v 0.03213667 -0.09563297 0.04843417
v 0.03302862 -0.09106825 0.05255307
v 0.02402629 -0.09661781 0.05331574
v 0.02434617 -0.09233828 0.05771302
v -0.00840815 0.01222577 0.06059422
v -0.01059235 0.02166291 0.04733375
v 0.02298108 -0.08182807 0.06129469
v 0.02353470 -0.08725692 0.06032946
v -0.00848435 0.00855304 0.06360945
v -0.02067878 -0.01555729 0.06039386
v -0.01840116 -0.01856214 0.05883307
v -0.00921114 -0.00952717 0.07667754
v -0.01004941 -0.00653237 0.07563146
v 0.03094833 -0.08057058 0.05648885
v -0.01006565 -0.01274454 0.07448536
v -0.00683614 -0.01432807 0.07497995
v 0.03191751 -0.08611739 0.05508560
v -0.01832572 0.02334825 0.03534458
v -0.02959095 0.02419536 0.02842795
v -0.00836685 -0.01160341 0.07650177
v -0.00472614 -0.01333914 0.07683480
v -0.02139814 0.02434901 0.03247038
v -0.01772397 0.02328782 0.03535784
v -0.01559207 -0.01097513 0.06953026
v -0.00901730 0.02061470 0.05192643
v 0.03701126 -0.07790484 0.05007530
v 0.03851669 -0.08323653 0.04787128
v 0.04377530 -0.07327636 0.04226521
v 0.04480677 -0.07861580 0.03898492
v -0.01901155 -0.01259737 0.06498427
v 0.04886184 -0.06766772 0.03743268
v 0.05073469 -0.07067957 0.03259496
v 0.02240996 -0.09982882 0.04676921
v -0.01903018 0.02345653 0.03501591
v -0.01954662 0.02367121 0.03465793
v -0.00997534 0.00120869 0.06982797
v 0.02991277 -0.09875314 0.04218341
v 0.03623782 -0.09574487 0.03491516
v 0.04183226 -0.09313095 0.02657950
v 0.05155973 -0.08198716 0.02143350
v -0.02438924 0.02401171 0.03279581
v -0.00428256 -0.01832285 0.06556046
v -0.01333024 -0.01183207 0.07197393
v -0.01152102 -0.01238757 0.07340854
v -0.00500812 -0.01938308 0.06373430
v 0.04645921 -0.09023643 0.01767069
v 0.05242699 -0.08476715 0.00787489
v -0.01387521 0.02286495 0.03943434
v 0.05656346 -0.07984036 -0.00348055
v -0.00849268 0.01825552 0.05564013
v -0.00816498 0.01526706 0.05846512
v 0.06414573 -0.07101693 -0.01513864
v 0.06925483 -0.05884026 -0.02520785
v -0.00432575 -0.01756586 0.06816937
v 0.07229060 -0.04614022 -0.03299921
v 0.07411262 -0.03304324 -0.03030716
v 0.02953637 -0.07598272 0.05683185
v 0.02211009 -0.07690667 0.06104181
v 0.03537621 -0.07373120 0.05165995
v -0.01027828 -0.00281148 0.07341258
v 0.04154748 -0.06881302 0.04518875
v 0.04618519 -0.06386416 0.04102234
v 0.04930953 -0.05110232 0.04030452
v -0.00792777 -0.01899567 0.06225058
v 0.04886633 -0.05775288 0.03998804
v 0.04560332 -0.03777755 0.04349003
v 0.04777646 -0.04441175 0.04202630
v 0.05252875 -0.03036949 0.03716351
v 0.05461143 -0.03924630 0.03334543
v 0.05153576 -0.04253796 0.03790426
v -0.00099753 -0.01342433 0.07775691
v -0.00751786 -0.01315011 0.07582540
v 0.04934446 -0.03455058 0.04026435
v 0.05533426 -0.02362094 0.03357317
v 0.05772825 -0.03454335 0.02896081
v 0.02055881 -0.10181038 0.04043538
v -0.03117429 0.03537272 0.04300894
v -0.03074258 0.03369464 0.04094990
v 0.02739289 -0.10124418 0.03627502
v 0.03245210 -0.09954423 0.02976937
v 0.03610206 -0.09844764 0.02198910
v 0.04013871 -0.09653319 0.01329631
v 0.04363265 -0.09292208 0.00382934
v 0.04878283 -0.08780541 -0.00718407
v -0.02454497 0.03750918 0.04752021
v -0.00528991 0.03815886 0.05209459
v -0.01136138 0.03791054 0.05153060
v 0.05806915 -0.07885317 -0.02053481
v -0.03242276 0.03001586 0.03750786
v -0.03322778 0.02757835 0.03585230
v -0.03065961 0.03195272 0.03892991
v -0.03253993 0.02855085 0.03726073
v -0.03261748 0.02915812 0.03773510
v 0.06624433 -0.06400524 -0.03220721
v -0.03108993 0.03129307 0.03778777
v 0.06946931 -0.05051949 -0.04060461
v -0.03078077 0.03152639 0.03742074
v 0.02899956 -0.10388816 0.00909630
v -0.02947406 0.03696432 0.04505834
v 0.02664116 -0.10426310 0.01587997
v 0.02463286 -0.10544121 0.02227985
v -0.03167626 0.03094859 0.03706679
v -0.03330974 0.02709328 0.03399163
v 0.02225203 -0.10616081 0.02793249
v -0.03384147 0.02553775 0.02909349
v 0.01671245 -0.10708558 0.02770263
v 0.00043427 0.03858614 0.05216016
v -0.02321232 0.04800231 0.05035571
v -0.05367886 0.04761813 0.02659924
v 0.01366841 -0.10810722 0.01958870
v -0.05744909 0.04229457 0.02381884
v 0.01481433 -0.10962419 0.01420707
v -0.05086449 0.00830086 0.03011636
v -0.05329768 0.00901553 0.02744857
v -0.02042939 0.04134396 0.05125094
v 0.01623616 -0.11247472 0.01153059
v 0.05204966 -0.05990777 0.03566769
v 0.05435903 -0.06027294 0.03008218
v 0.05541614 -0.04945441 0.03037905
v 0.05904217 -0.04599077 0.02474131
v -0.02697040 0.06786390 0.03809391
v -0.03160978 0.11708250 -0.00788935
v -0.02612203 0.06074151 0.04292622
v -0.04107195 0.05320042 0.03779350
v 0.05835608 -0.05881839 0.02325591
v -0.03164471 0.11200399 0.00091013
v 0.05286644 -0.05129397 0.03593995
v 0.06310943 -0.05476969 0.01524900
v 0.06316789 -0.04093382 0.01863405
v 0.06156174 -0.02779874 0.02436847
v 0.06652894 -0.03448271 0.01333249
v -0.04836581 0.05175442 0.03111479
v 0.06695504 -0.04873940 0.00778667
v -0.05786887 0.01308035 0.01971892
v -0.00683137 0.05431475 0.05011527
v -0.05952289 0.01862843 0.01684590
v 0.06490938 -0.02321880 0.01966016
v -0.01578653 0.05433404 0.04964717
v -0.02842850 0.12895772 -0.06954933
v 0.06728262 -0.01817094 0.01548953
v 0.06848735 -0.02958060 0.00918799
v 0.06921555 -0.04141276 0.00306383
v 0.05458249 -0.07263505 0.02356502
v -0.01521199 0.03485667 0.04806142
v 0.07092559 -0.03513462 -0.00191023
v -0.04110413 0.00921825 0.03531370
v -0.04412912 0.00876585 0.03393477
v 0.06896400 -0.01427288 0.01107961
v -0.03232642 0.12854075 -0.05833099
v -0.05714437 0.01148810 0.02184191
v -0.02995907 0.08721887 0.02758834
v -0.01143674 0.02904914 0.04559387
v -0.01318038 0.03155153 0.04600481
v -0.03091416 0.09400345 0.02193390
v 0.06991191 -0.02382916 0.00476252
v 0.07061565 -0.00881224 0.00526282
v 0.07207044 -0.01801570 -0.00334766
v -0.03131747 0.10051373 0.01527664
v 0.07292933 -0.02647785 -0.01041070
v 0.07452196 -0.02431355 -0.02601450
v -0.03204169 0.12161724 -0.01824082
v -0.02417316 0.01278622 0.03999525
v 0.06798834 -0.03416790 -0.05684919
v 0.02640874 -0.03063526 0.05425381
v 0.02002206 -0.02859945 0.05805392
v -0.06004729 0.03617138 0.02129048
v -0.06108977 0.02967825 0.01954290
v -0.03288338 0.12766875 -0.04459733
v -0.03385012 0.01025010 0.03803144
v -0.06049886 0.02412187 0.01790991
v -0.01646258 0.13103954 -0.07743732
v 0.01378091 -0.02781784 0.06147908
v -0.05549829 0.00993321 0.02463566
v 0.00861344 -0.02727986 0.06363519
v 0.00370219 -0.02724476 0.06432293
v -0.03374098 0.05397321 0.04323337
v -0.03771017 0.00965390 0.03677596
v -0.01092329 0.02642936 0.04488866
v -0.01960990 0.01521598 0.04073978
v -0.01610640 0.01828697 0.04138725
v -0.03149871 0.10645943 0.00847386
v -0.01338039 0.02105792 0.04240468
v -0.01129895 0.02346487 0.04408170
v -0.02899931 0.01120771 0.03936200
v -0.02852119 0.07746843 0.03368480
v -0.03235202 0.12518464 -0.03071270
v -0.04762792 0.00847949 0.03218207
v -0.00078877 0.13235568 -0.08014439
v 0.00055725 0.05430909 0.05009734
v -0.01217298 0.02227733 0.04337214
v -0.01791267 0.03769532 0.05002872
v -0.02513175 0.05428184 0.04737709
v 0.01224484 -0.06266048 0.06260327
v -0.02735376 -0.04176781 0.05131260
v -0.02751002 -0.04426557 0.04981454
v -0.02460237 -0.05152249 0.04780312
v -0.02196863 -0.03588998 0.05754225
v -0.02563650 -0.03893710 0.05379695
v -0.01037385 -0.06025578 0.05762784
v -0.02700799 -0.04668140 0.04864789
v -0.00324617 -0.06190535 0.06115048
v -0.02643137 -0.04907043 0.04778071
v 0.00396171 -0.06255975 0.06303424
v -0.00059173 -0.03238522 0.06583922
v -0.01170031 -0.03213493 0.06426995
v -0.00594498 -0.03196866 0.06573270
v -0.01708183 -0.03348150 0.06146489
v -0.02104518 -0.05443974 0.04955310
v -0.01645636 -0.05759215 0.05286647
v 0.00415948 -0.01536063 0.07382113
v 0.00294154 -0.01681872 0.07102156
v 0.01852954 0.02225673 0.03528942
v 0.00932957 -0.01985699 0.06145978
v 0.00835011 0.00440669 0.06629542
v 0.01740528 0.02245095 0.03623396
v 0.01267879 -0.01984937 0.06060936
v 0.00836872 0.01167765 0.06041056
v 0.01160058 0.02128569 0.04724376
v 0.00816619 0.00798234 0.06346179
v 0.02005562 -0.01670505 0.06134324
v 0.01739076 -0.01963533 0.05984462
v 0.00741543 -0.00982786 0.07640091
v 0.00843915 -0.00710888 0.07530935
v 0.00830665 -0.01298315 0.07449684
v 0.00495018 -0.01438931 0.07503498
v 0.01990397 0.02223317 0.03544143
v 0.03090447 0.02318574 0.02858264
v 0.00648695 -0.01172987 0.07631891
v 0.00283253 -0.01334351 0.07685438
v 0.02305258 0.02279989 0.03267241
v 0.01927238 0.02227474 0.03532349
v 0.01446552 -0.01175236 0.06991207
v 0.00982812 0.02023664 0.05182081
v 0.01827878 -0.01359284 0.06567394
v 0.02066437 0.02226909 0.03514704
v 0.02118339 0.02241072 0.03481040
v 0.00885253 0.00035268 0.06955214
v 0.02587299 0.02257042 0.03297421
v 0.00260288 -0.01846436 0.06573134
v 0.01183414 -0.01237181 0.07214934
v 0.00987756 -0.01278758 0.07349059
v 0.00345786 -0.01960950 0.06398312
v 0.01522767 0.02223888 0.03926465
v 0.00912014 0.01787994 0.05556912
v 0.00843966 0.01480483 0.05831257
v 0.00248833 -0.01767966 0.06831587
v 0.00887184 -0.00352805 0.07305260
v 0.00661653 -0.01945581 0.06278446
v 0.00564534 -0.01322107 0.07577620
v 0.03250007 0.03489638 0.04287867
v 0.03209936 0.03312587 0.04096703
v 0.02578791 0.03709086 0.04767707
v 0.00623439 0.03846077 0.05182644
v 0.01244618 0.03791932 0.05169772
v 0.03363040 0.02894143 0.03801966
v 0.03383275 0.02705170 0.03618510
v 0.03194958 0.03137709 0.03893921
v 0.03370978 0.02737183 0.03782795
v 0.03380621 0.02800945 0.03827581
v 0.03243342 0.03064440 0.03800189
v 0.03212557 0.03069623 0.03793396
v 0.03085041 0.03659097 0.04523700
v 0.03294707 0.03004513 0.03769402
v 0.03413789 0.02677556 0.03426032
v 0.03480387 0.02508386 0.02934634
v 0.02437287 0.04791617 0.05071932
v 0.05426824 0.04757662 0.02705039
v 0.05807879 0.04192493 0.02418871
v 0.05274457 0.00735192 0.02934420
v 0.05545691 0.00818213 0.02643390
v 0.02174602 0.04091083 0.05162839
v 0.02669305 0.06826504 0.03807228
v 0.02994684 0.11719177 -0.00761698
v 0.02634317 0.06096571 0.04306797
v 0.04155229 0.05320259 0.03810783
v 0.02999075 0.11201481 0.00119141
v 0.04897682 0.05178402 0.03148910
v 0.05937172 0.01248522 0.01924963
v 0.00781244 0.05439460 0.05040552
v 0.06113954 0.01815415 0.01682086
v 0.01677096 0.05444489 0.05010765
v 0.02692383 0.12908576 -0.06937667
v 0.01637277 0.03465585 0.04819689
v 0.04239314 0.00823028 0.03505882
v 0.04547939 0.00775546 0.03358899
v 0.03077757 0.12871119 -0.05810874
v 0.05868672 0.01079383 0.02089593
v 0.02903072 0.08718491 0.02771522
v 0.01248258 0.02886216 0.04548295
v 0.01426889 0.03137927 0.04595301
v 0.02957356 0.09363307 0.02239205
v 0.02981823 0.10027403 0.01563935
v 0.03039987 0.12178862 -0.01796074
v 0.02530470 0.01174611 0.03957783
v 0.06082714 0.03570936 0.02144430
v 0.06224955 0.02914300 0.01974339
v 0.03129982 0.12787442 -0.04433850
v 0.03499671 0.00916942 0.03775374
v 0.06196599 0.02366786 0.01796497
v 0.01491909 0.13108253 -0.07736254
v 0.05749549 0.00920327 0.02362499
v 0.03432695 0.05412370 0.04355450
v 0.03888865 0.00865749 0.03657538
v 0.01195444 0.02611311 0.04481952
v 0.02068112 0.01433841 0.04042032
v 0.01725165 0.01752791 0.04115003
v 0.02989613 0.10635044 0.00878271
v 0.01470637 0.02042772 0.04226058
v 0.01236549 0.02306127 0.04398619
v 0.02998591 0.01005848 0.03892605
v 0.02799112 0.07766145 0.03387450
v 0.03074156 0.12539323 -0.03043227
v 0.04914298 0.00744595 0.03168777
v 0.01338212 0.02176954 0.04326186
v 0.01912516 0.03737223 0.05032925
v 0.02590759 0.05433906 0.04782218
v 0.03430996 -0.04199822 0.05130360
v 0.03667284 -0.04443195 0.04925247
v 0.03783917 -0.05149119 0.04671380
v 0.02412659 -0.03628172 0.05876267
v 0.03012973 -0.03929484 0.05446675
v 0.03159396 -0.05982024 0.05577551
v 0.03778500 -0.04677082 0.04785964
v 0.02630776 -0.06159311 0.05991293
v 0.03839051 -0.04912780 0.04689717
v 0.01992485 -0.06241457 0.06233983
v 0.01104489 -0.03240025 0.06516031
v 0.00485914 -0.03206922 0.06629664
v 0.01748414 -0.03380655 0.06256710
v 0.03726736 -0.05413408 0.04791662
v 0.03570033 -0.05708871 0.05090399
v 0.03455435 0.02376861 0.02337329
v -0.03339210 0.02443611 0.02321354
v 0.03265298 0.02407497 0.03683280
v 0.03108979 0.02406921 0.03636707
v 0.02964788 0.02406203 0.03560657
v 0.02843666 0.02405371 0.03461676
v 0.03268471 0.02439215 0.03682632
v 0.03115102 0.02469160 0.03635688
v 0.02973844 0.02496565 0.03559261
v 0.02854893 0.02519248 0.03460179
v 0.03277634 0.02469831 0.03682213
v 0.03133205 0.02528923 0.03634819
v 0.02999974 0.02583397 0.03558356
v 0.02887914 0.02628795 0.03459242
v 0.03292529 0.02497969 0.03681956
v 0.03162448 0.02584239 0.03634622
v 0.03042414 0.02663582 0.03557895
v 0.02941674 0.02729879 0.03458400
v 0.03312606 0.02522653 0.03681874
v 0.03201758 0.02632661 0.03634270
v 0.03099636 0.02733886 0.03557457
v 0.03013876 0.02818745 0.03458225
v 0.03337064 0.02543034 0.03681885
v 0.03249785 0.02672545 0.03634188
v 0.03169567 0.02791638 0.03556946
v 0.03102619 0.02891549 0.03457475
v 0.03365050 0.02558103 0.03681851
v 0.03304762 0.02702071 0.03633635
v 0.03249255 0.02834707 0.03556345
v 0.03203154 0.02945677 0.03456780
v 0.03395573 0.02567380 0.03681201
v 0.03364399 0.02720443 0.03633256
v 0.03335750 0.02861317 0.03555784
v 0.03311979 0.02979393 0.03456100
v 0.03427175 0.02570556 0.03681017
v 0.03426509 0.02726560 0.03632671
v 0.03425810 0.02870433 0.03555010
v 0.03425389 0.02991025 0.03455449
v 0.03458815 0.02567592 0.03681022
v 0.03488662 0.02720694 0.03632497
v 0.03515965 0.02861847 0.03554660
v 0.03538895 0.02980024 0.03454597
v 0.03489334 0.02558394 0.03680965
v 0.03548326 0.02702709 0.03632279
v 0.03602670 0.02835625 0.03554257
v 0.03648187 0.02947353 0.03454329
v 0.03517382 0.02543475 0.03680730
v 0.03603467 0.02673423 0.03632152
v 0.03682685 0.02793136 0.03554064
v 0.03748826 0.02893931 0.03453889
v 0.03541942 0.02523249 0.03680554
v 0.03651660 0.02633850 0.03631832
v 0.03752761 0.02735941 0.03553857
v 0.03837294 0.02821979 0.03453821
v 0.03562209 0.02498721 0.03680487
v 0.03691357 0.02585689 0.03631726
v 0.03810091 0.02666085 0.03553551
v 0.03909515 0.02733723 0.03453227
v 0.03577274 0.02470670 0.03680541
v 0.03720935 0.02530702 0.03631715
v 0.03852941 0.02586437 0.03553518
v 0.03963431 0.02633086 0.03452842
v 0.03586565 0.02440120 0.03680661
v 0.03739002 0.02471042 0.03631525
v 0.03879297 0.02499838 0.03553311
v 0.03996976 0.02523749 0.03452674
v 0.03589757 0.02408382 0.03680642
v 0.03745522 0.02408841 0.03631906
v 0.03888449 0.02409714 0.03553579
v 0.04008648 0.02410262 0.03452676
v 0.03586728 0.02376652 0.03680610
v 0.03739388 0.02346542 0.03632080
v 0.03879975 0.02319055 0.03554517
v 0.03997947 0.02296054 0.03453565
v 0.03577466 0.02346030 0.03680947
v 0.03721325 0.02286665 0.03632779
v 0.03854056 0.02231532 0.03555743
v 0.03965242 0.02185632 0.03455150
v 0.03562397 0.02317925 0.03681226
v 0.03691827 0.02231340 0.03633362
v 0.03811499 0.02151047 0.03556921
v 0.03911651 0.02083572 0.03457152
v 0.03542240 0.02293208 0.03681966
v 0.03652314 0.02182801 0.03634302
v 0.03753928 0.02080558 0.03557999
v 0.03839164 0.01994383 0.03459077
v 0.03517667 0.02272822 0.03682170
v 0.03604117 0.02142774 0.03635483
v 0.03683949 0.02022400 0.03559666
v 0.03750487 0.01921341 0.03460771
v 0.03489661 0.02257693 0.03682573
v 0.03548970 0.02113055 0.03636079
v 0.03603860 0.01979095 0.03560733
v 0.03649531 0.01866871 0.03462165
v 0.03459156 0.02248223 0.03683025
v 0.03489346 0.02094369 0.03637236
v 0.03516984 0.01952212 0.03561820
v 0.03540241 0.01832971 0.03463179
v 0.03427515 0.02245032 0.03683237
v 0.03427037 0.02088181 0.03637406
v 0.03426431 0.01943096 0.03562528
v 0.03426855 0.01820845 0.03464508
v 0.03395917 0.02247937 0.03683832
v 0.03364900 0.02093880 0.03638462
v 0.03336208 0.01951791 0.03563278
v 0.03313193 0.01831700 0.03465027
v 0.03365310 0.02257206 0.03684090
v 0.03305144 0.02112060 0.03638492
v 0.03249374 0.01977987 0.03563327
v 0.03203328 0.01864623 0.03465412
v 0.03337241 0.02272042 0.03684742
v 0.03250043 0.02141353 0.03639143
v 0.03169653 0.02020799 0.03563358
v 0.03101767 0.01918687 0.03464865
v 0.03312686 0.02292421 0.03684289
v 0.03201855 0.02181139 0.03638623
v 0.03099583 0.02078125 0.03563432
v 0.03013918 0.01991445 0.03464872
v 0.03292431 0.02316991 0.03684245
v 0.03162156 0.02229334 0.03638874
v 0.03041936 0.02148248 0.03563531
v 0.02941420 0.02080039 0.03464197
v 0.03427787 0.02407973 0.03698173
v 0.03277520 0.02345147 0.03683890
v 0.03132822 0.02284636 0.03638190
v 0.02999334 0.02228505 0.03562782
v 0.02887734 0.02181402 0.03463410
v 0.03268356 0.02375782 0.03683697
v 0.03114829 0.02344541 0.03637743
v 0.02973332 0.02315647 0.03561910
v 0.02854598 0.02291089 0.03462542
v 0.02725387 0.02404758 0.03376549
v 0.02542081 0.02403884 0.03231386
v 0.02385416 0.02402995 0.03042016
v 0.02270044 0.02401937 0.02824925
v 0.02198952 0.02401128 0.02589522
v 0.02175160 0.02400203 0.02344817
v 0.02199288 0.02399067 0.02099693
v 0.02268476 0.02404507 0.01867833
v 0.02383666 0.02404319 0.01651168
v 0.02539124 0.02404051 0.01461158
v 0.02728641 0.02403874 0.01304990
v 0.02945043 0.02403789 0.01188842
v 0.03179831 0.02403804 0.01117189
v 0.02738580 0.02541754 0.03375204
v 0.02558937 0.02576891 0.03230475
v 0.02404972 0.02606358 0.03041381
v 0.02291702 0.02627689 0.02823706
v 0.02221788 0.02640940 0.02587774
v 0.02198152 0.02645075 0.02342347
v 0.02221569 0.02640032 0.02096625
v 0.02291128 0.02626342 0.01859527
v 0.02403469 0.02607402 0.01650602
v 0.02555959 0.02576690 0.01460823
v 0.02741916 0.02539590 0.01304719
v 0.02954039 0.02497262 0.01188644
v 0.03184477 0.02451442 0.01117084
v 0.02778366 0.02673566 0.03374302
v 0.02608569 0.02743602 0.03230114
v 0.02463308 0.02802647 0.03039880
v 0.02355990 0.02845903 0.02822149
v 0.02289910 0.02872803 0.02585982
v 0.02267537 0.02881523 0.02340558
v 0.02289437 0.02872225 0.02095114
v 0.02355051 0.02845041 0.01858521
v 0.02462519 0.02802736 0.01650110
v 0.02606134 0.02742898 0.01460390
v 0.02781332 0.02670019 0.01304382
v 0.02981302 0.02587158 0.01188412
v 0.03198356 0.02497291 0.01116967
v 0.02843101 0.02795361 0.03374107
v 0.02690443 0.02897327 0.03230340
v 0.02558059 0.02983454 0.03037875
v 0.02461136 0.03046989 0.02820291
v 0.02401607 0.03086356 0.02584486
v 0.02381463 0.03099460 0.02339187
v 0.02401303 0.03086000 0.02093713
v 0.02460174 0.03046562 0.01857625
v 0.02558546 0.02982701 0.01649604
v 0.02687783 0.02895936 0.01459941
v 0.02845477 0.02790339 0.01303982
v 0.03025452 0.02669941 0.01188144
v 0.03220828 0.02539535 0.01116830
v 0.02930619 0.02902251 0.03373926
v 0.02799153 0.03032749 0.03229497
v 0.02685031 0.03141958 0.03034454
v 0.02603191 0.03223749 0.02817831
v 0.02552857 0.03273893 0.02582469
v 0.02535718 0.03290534 0.02337697
v 0.02552514 0.03273265 0.02092630
v 0.02602204 0.03222867 0.01857124
v 0.02687791 0.03140549 0.01648860
v 0.02797791 0.03030137 0.01459319
v 0.02931905 0.02895783 0.01303632
v 0.03084969 0.02742649 0.01187889
v 0.03251241 0.02576485 0.01116689
v 0.03038644 0.02989648 0.03374534
v 0.02932144 0.03143412 0.03225534
v 0.02839109 0.03273669 0.03031008
v 0.02776425 0.03369100 0.02815738
v 0.02737379 0.03427824 0.02580992
v 0.02723953 0.03447280 0.02336598
v 0.02737216 0.03426895 0.02091883
v 0.02776363 0.03367474 0.01856490
v 0.02840113 0.03271407 0.01639157
v 0.02931814 0.03140334 0.01458730
v 0.03037256 0.02982272 0.01303247
v 0.03157611 0.02802221 0.01187586
v 0.03288157 0.02606925 0.01116545
v 0.03159735 0.03054439 0.03372953
v 0.03083454 0.03227154 0.03224433
v 0.03018161 0.03371957 0.03029175
v 0.02975513 0.03477574 0.02814309
v 0.02948576 0.03542483 0.02579942
v 0.02939443 0.03564011 0.02335609
v 0.02948403 0.03541255 0.02091121
v 0.02975628 0.03475090 0.01856061
v 0.03019780 0.03368103 0.01639443
v 0.03084875 0.03222183 0.01458284
v 0.03157580 0.03046582 0.01302864
v 0.03240398 0.02846502 0.01187341
v 0.03330407 0.02629468 0.01116418
v 0.03288921 0.03095310 0.03371049
v 0.03250520 0.03278445 0.03224466
v 0.03214328 0.03433311 0.03029734
v 0.03192501 0.03544811 0.02813875
v 0.03178490 0.03613514 0.02579306
v 0.03173600 0.03636206 0.02335042
v 0.03178192 0.03611999 0.02090609
v 0.03192167 0.03541621 0.01855556
v 0.03214790 0.03427841 0.01639008
v 0.03251052 0.03272662 0.01457731
v 0.03288049 0.03086194 0.01302492
v 0.03330297 0.02873852 0.01187067
v 0.03376251 0.02643400 0.01116282
v 0.03425087 0.03109328 0.03370707
v 0.03422797 0.03295433 0.03223270
v 0.03419887 0.03453851 0.03030708
v 0.03418580 0.03567621 0.02813835
v 0.03417903 0.03637819 0.02578904
v 0.03417585 0.03661292 0.02334763
v 0.03417489 0.03636270 0.02090083
v 0.03417610 0.03564467 0.01855111
v 0.03418044 0.03448138 0.01638737
v 0.03418859 0.03291737 0.01449387
v 0.03423738 0.03099727 0.01302049
v 0.03423818 0.02883109 0.01186859
v 0.03423911 0.02648133 0.01116161
v 0.03561386 0.03095727 0.03368916
v 0.03595822 0.03277871 0.03223132
v 0.03624344 0.03431560 0.03031977
v 0.03644267 0.03545407 0.02813803
v 0.03657476 0.03614721 0.02578733
v 0.03661771 0.03637639 0.02334093
v 0.03656974 0.03613491 0.02089673
v 0.03643320 0.03542903 0.01854743
v 0.03621283 0.03428673 0.01638271
v 0.03591527 0.03275262 0.01449020
v 0.03559529 0.03086467 0.01301675
v 0.03517329 0.02873999 0.01186626
v 0.03471593 0.02643422 0.01116044
v 0.03692844 0.03056433 0.03368652
v 0.03761521 0.03226575 0.03222581
v 0.03820127 0.03370881 0.03032466
v 0.03861022 0.03479375 0.02814143
v 0.03887938 0.03545191 0.02578616
v 0.03896944 0.03567028 0.02333718
v 0.03887676 0.03544226 0.02089276
v 0.03860614 0.03477602 0.01854399
v 0.03816815 0.03369867 0.01638078
v 0.03757877 0.03225289 0.01448840
v 0.03686001 0.03049299 0.01293693
v 0.03607270 0.02846694 0.01186468
v 0.03517476 0.02629546 0.01115986
v 0.03813008 0.02993566 0.03367664
v 0.03913682 0.03146414 0.03221761
v 0.03998901 0.03276004 0.03031340
v 0.04061049 0.03372682 0.02813968
v 0.04100269 0.03432171 0.02578330
v 0.04113641 0.03451824 0.02333596
v 0.04100288 0.03431232 0.02089154
v 0.04061079 0.03371226 0.01854208
v 0.03997195 0.03274141 0.01637920
v 0.03911285 0.03143864 0.01448669
v 0.03806591 0.02985291 0.01293634
v 0.03690102 0.02802658 0.01186187
v 0.03559751 0.02607068 0.01115920
v 0.03919360 0.02906294 0.03367634
v 0.04046521 0.03036636 0.03220022
v 0.04155253 0.03147041 0.03029839
v 0.04235783 0.03229421 0.02813112
v 0.04286530 0.03280145 0.02577988
v 0.04303716 0.03296927 0.02333566
v 0.04286957 0.03279085 0.02089095
v 0.04236783 0.03227859 0.01854417
v 0.04155314 0.03145137 0.01638181
v 0.04045663 0.03034093 0.01448984
v 0.03912114 0.02899103 0.01293862
v 0.03759858 0.02745214 0.01179006
v 0.03596732 0.02576704 0.01115822
v 0.04006645 0.02800090 0.03367504
v 0.04157351 0.02903588 0.03220711
v 0.04284817 0.02990668 0.03029606
v 0.04379910 0.03055725 0.02812764
v 0.04439799 0.03095313 0.02577992
v 0.04460145 0.03108067 0.02333792
v 0.04440325 0.03093595 0.02089531
v 0.04381314 0.03053108 0.01854836
v 0.04285256 0.02987774 0.01638636
v 0.04156157 0.02900281 0.01449363
v 0.03998835 0.02793966 0.01294212
v 0.03819495 0.02672818 0.01179218
v 0.03627203 0.02539867 0.01115744
v 0.04071581 0.02679068 0.03367082
v 0.04238528 0.02751049 0.03220987
v 0.04382564 0.02813034 0.03030977
v 0.04488283 0.02857741 0.02813561
v 0.04554414 0.02884341 0.02578647
v 0.04576979 0.02892479 0.02334448
v 0.04554892 0.02882136 0.02090224
v 0.04489027 0.02853538 0.01855448
v 0.04382148 0.02808131 0.01639170
v 0.04238487 0.02747513 0.01449875
v 0.04063418 0.02673869 0.01294704
v 0.03863848 0.02590284 0.01179578
v 0.03649781 0.02497556 0.01115893
v 0.04112028 0.02547706 0.03367030
v 0.04289886 0.02584558 0.03221060
v 0.04441651 0.02617919 0.03031292
v 0.04554949 0.02641409 0.02814201
v 0.04625569 0.02654659 0.02579327
v 0.04649320 0.02658120 0.02335324
v 0.04625709 0.02652037 0.02091213
v 0.04555653 0.02636809 0.01856463
v 0.04441968 0.02613015 0.01640158
v 0.04289215 0.02581457 0.01450774
v 0.04103279 0.02543553 0.01295352
v 0.03891332 0.02500628 0.01179912
v 0.03663765 0.02451799 0.01115891
v 0.04126194 0.02410903 0.03367183
v 0.04308072 0.02412802 0.03221539
v 0.04463788 0.02413897 0.03031982
v 0.04579524 0.02415661 0.02815608
v 0.04650335 0.02415463 0.02580434
v 0.04674543 0.02413750 0.02336547
v 0.04650195 0.02412165 0.02092449
v 0.04578704 0.02410959 0.01857678
v 0.04462619 0.02410008 0.01641248
v 0.04306615 0.02408852 0.01451768
v 0.04116959 0.02407875 0.01296133
v 0.03900827 0.02406928 0.01180630
v 0.03668525 0.02404108 0.01115966
v 0.04113550 0.02273158 0.03367748
v 0.04292988 0.02238644 0.03222543
v 0.04445988 0.02209066 0.03032635
v 0.04559996 0.02188179 0.02816675
v 0.04631444 0.02175966 0.02582608
v 0.04651264 0.02167560 0.02337436
v 0.04627323 0.02171583 0.02093717
v 0.04557323 0.02185044 0.01858887
v 0.04443261 0.02206640 0.01642454
v 0.04289994 0.02236264 0.01452864
v 0.04103842 0.02272179 0.01297037
v 0.03894532 0.02310928 0.01186810
v 0.03663854 0.02356339 0.01116166
v 0.04074370 0.02140112 0.03370040
v 0.04243569 0.02070775 0.03224272
v 0.04388849 0.02011416 0.03035943
v 0.04497374 0.01969343 0.02819181
v 0.04561559 0.01940424 0.02582445
v 0.04582775 0.01931244 0.02338434
v 0.04559482 0.01940305 0.02094507
v 0.04492227 0.01967216 0.01860076
v 0.04384501 0.02011011 0.01643691
v 0.04240053 0.02069879 0.01453979
v 0.04064678 0.02141637 0.01297875
v 0.03867278 0.02220920 0.01187141
v 0.03649962 0.02310527 0.01116288
v 0.04010169 0.02017562 0.03372420
v 0.04162487 0.01916399 0.03226484
v 0.04293896 0.01829160 0.03036707
v 0.04391620 0.01765286 0.02818896
v 0.04450469 0.01726195 0.02583400
v 0.04469509 0.01713139 0.02339248
v 0.04448263 0.01726677 0.02095120
v 0.04387663 0.01766025 0.01860587
v 0.04290161 0.01829970 0.01644285
v 0.04159220 0.01916066 0.01454871
v 0.04000675 0.02021357 0.01298683
v 0.03823121 0.02138230 0.01187291
v 0.03627498 0.02268233 0.01116398
v 0.03922815 0.01910419 0.03374711
v 0.04051768 0.01781325 0.03229963
v 0.04168137 0.01669911 0.03036555
v 0.04250408 0.01588101 0.02819096
v 0.04299923 0.01538261 0.02584038
v 0.04315723 0.01521818 0.02339939
v 0.04297331 0.01538950 0.02096042
v 0.04245540 0.01589303 0.01861502
v 0.04162220 0.01670856 0.01645173
v 0.04050526 0.01780578 0.01455658
v 0.03917091 0.01912801 0.01303220
v 0.03763575 0.02065390 0.01187626
v 0.03597072 0.02231345 0.01116553
v 0.03816254 0.01822687 0.03376343
v 0.03922359 0.01669933 0.03228895
v 0.04015666 0.01537895 0.03035038
v 0.04078509 0.01442216 0.02818567
v 0.04115856 0.01384071 0.02584701
v 0.04127662 0.01364571 0.02340866
v 0.04112662 0.01384800 0.02097059
v 0.04071581 0.01444124 0.01862445
v 0.04005654 0.01540184 0.01646132
v 0.03917330 0.01669295 0.01456549
v 0.03811717 0.01826143 0.01303657
v 0.03690936 0.02005783 0.01187903
v 0.03560160 0.02200886 0.01116689
v 0.03424136 0.02403850 0.01092634
v 0.03695874 0.01756994 0.03377086
v 0.03774100 0.01586516 0.03227993
v 0.03838547 0.01440434 0.03034944
v 0.03879802 0.01334741 0.02819680
v 0.03904853 0.01269593 0.02585815
v 0.03912263 0.01247771 0.02342056
v 0.03901413 0.01270176 0.02098222
v 0.03872520 0.01336050 0.01863579
v 0.03826617 0.01442812 0.01647173
v 0.03764733 0.01586981 0.01459973
v 0.03691326 0.01761784 0.01304088
v 0.03608174 0.01961547 0.01188213
v 0.03517920 0.02178371 0.01116854
v 0.03566271 0.01715917 0.03377961
v 0.03610452 0.01534999 0.03228075
v 0.03643427 0.01381031 0.03035866
v 0.03663070 0.01268430 0.02820886
v 0.03674762 0.01199124 0.02586961
v 0.03677743 0.01175853 0.02343284
v 0.03671537 0.01199490 0.02099450
v 0.03656203 0.01269199 0.01864776
v 0.03631843 0.01382594 0.01648254
v 0.03598499 0.01536472 0.01460486
v 0.03560924 0.01722203 0.01304462
v 0.03518287 0.01934154 0.01188447
v 0.03472078 0.02164423 0.01116975
v 0.03430022 0.01702113 0.03377943
v 0.03438025 0.01517843 0.03228991
v 0.03439600 0.01361302 0.03037333
v 0.03436885 0.01246185 0.02822250
v 0.03434961 0.01175274 0.02588155
v 0.03433386 0.01151506 0.02344768
v 0.03432127 0.01175373 0.02100589
v 0.03431015 0.01246362 0.01865695
v 0.03430150 0.01361795 0.01648928
v 0.03425800 0.01519377 0.01460899
v 0.03425133 0.01708712 0.01304766
v 0.03424769 0.01925025 0.01188694
v 0.03424414 0.02159712 0.01117106
v 0.03292215 0.01714567 0.03379353
v 0.03264613 0.01534986 0.03230013
v 0.03233827 0.01381912 0.03039735
v 0.03209940 0.01268487 0.02823825
v 0.03194682 0.01198769 0.02589518
v 0.03188739 0.01175197 0.02345657
v 0.03192369 0.01198514 0.02101557
v 0.03205469 0.01268030 0.01866626
v 0.03223232 0.01383943 0.01651276
v 0.03252937 0.01536287 0.01461223
v 0.03289384 0.01722063 0.01305055
v 0.03331240 0.01934065 0.01188871
v 0.03376749 0.02164379 0.01117195
v 0.03159427 0.01754769 0.03379993
v 0.03096844 0.01585479 0.03231413
v 0.03036461 0.01441329 0.03041488
v 0.02991490 0.01334232 0.02825314
v 0.02963262 0.01268239 0.02590672
v 0.02953269 0.01245829 0.02346616
v 0.02961541 0.01267823 0.02102399
v 0.02988187 0.01333547 0.01867473
v 0.03027679 0.01443023 0.01651618
v 0.03086531 0.01586516 0.01461497
v 0.03158876 0.01761530 0.01305262
v 0.03241291 0.01961363 0.01189025
v 0.03330869 0.02178281 0.01117279
v 0.03036575 0.01819544 0.03380394
v 0.02940180 0.01667622 0.03233032
v 0.02854265 0.01537613 0.03042752
v 0.02789829 0.01441002 0.02826459
v 0.02749826 0.01381420 0.02591668
v 0.02735777 0.01361081 0.02347565
v 0.02748577 0.01380736 0.02103297
v 0.02787488 0.01439398 0.01868320
v 0.02847387 0.01539083 0.01651765
v 0.02933368 0.01668199 0.01461652
v 0.03038443 0.01825714 0.01305403
v 0.03158439 0.02005541 0.01189117
v 0.03288588 0.02200763 0.01117322
v 0.02930753 0.01907123 0.03379815
v 0.02804112 0.01777393 0.03233498
v 0.02694794 0.01666947 0.03043434
v 0.02613069 0.01584749 0.02826993
v 0.02562476 0.01533961 0.02592086
v 0.02545085 0.01516468 0.02347851
v 0.02561632 0.01532968 0.02103543
v 0.02608417 0.01586934 0.01868727
v 0.02689453 0.01668403 0.01651868
v 0.02799105 0.01778243 0.01461764
v 0.02932922 0.01912141 0.01305474
v 0.03085673 0.02065057 0.01189150
v 0.03251605 0.02231185 0.01117353
v 0.02843581 0.02013663 0.03379244
v 0.02692855 0.01911409 0.03233447
v 0.02564114 0.01824743 0.03043283
v 0.02467969 0.01760210 0.02826873
v 0.02408647 0.01720217 0.02591879
v 0.02388373 0.01706224 0.02347655
v 0.02408131 0.01718937 0.02103310
v 0.02467009 0.01757874 0.01868341
v 0.02559842 0.01826071 0.01651861
v 0.02688848 0.01912286 0.01461734
v 0.02846291 0.02017488 0.01305464
v 0.03026017 0.02137696 0.01189169
v 0.03221120 0.02268090 0.01117346
v 0.02778811 0.02135256 0.03378503
v 0.02610378 0.02064661 0.03233019
v 0.02466884 0.02004887 0.03042888
v 0.02360029 0.01960496 0.02826444
v 0.02294234 0.01932395 0.02591312
v 0.02271899 0.01922727 0.02346967
v 0.02294016 0.01930697 0.02102437
v 0.02359440 0.01957222 0.01867579
v 0.02463570 0.02005931 0.01651726
v 0.02606824 0.02065318 0.01461634
v 0.02781887 0.02137769 0.01305375
v 0.02981680 0.02220456 0.01189107
v 0.03198554 0.02310333 0.01117324
v 0.02738764 0.02267291 0.03377515
v 0.02559548 0.02231155 0.03232108
v 0.02406633 0.02200473 0.03042099
v 0.02293041 0.02177167 0.02825744
v 0.02223405 0.02162574 0.02590543
v 0.02200019 0.02156788 0.02345941
v 0.02223742 0.02160489 0.02101294
v 0.02293423 0.02173676 0.01866635
v 0.02404011 0.02201162 0.01651509
v 0.02556302 0.02231430 0.01461449
v 0.02742201 0.02268164 0.01305235
v 0.02954239 0.02310310 0.01189005
v 0.03184580 0.02356154 0.01117261
v -0.03485837 0.02438980 0.03677613
v -0.03641627 0.02439125 0.03628876
v -0.03784872 0.02439702 0.03550693
v -0.03905628 0.02439978 0.03450397
v -0.03482450 0.02470653 0.03677026
v -0.03635187 0.02501316 0.03628151
v -0.03775826 0.02529802 0.03550243
v -0.03893844 0.02553561 0.03449977
v -0.03473423 0.02501220 0.03677078
v -0.03617324 0.02560950 0.03628452
v -0.03749755 0.02616382 0.03550421
v -0.03860676 0.02662636 0.03449984
v -0.03458448 0.02529282 0.03676919
v -0.03587829 0.02615980 0.03628219
v -0.03707276 0.02696114 0.03550616
v -0.03807216 0.02763334 0.03450554
v -0.03438329 0.02553831 0.03677054
v -0.03548443 0.02664205 0.03628447
v -0.03650068 0.02766006 0.03550841
v -0.03735268 0.02851606 0.03451149
v -0.03413829 0.02574054 0.03677026
v -0.03500392 0.02703816 0.03628578
v -0.03580188 0.02823355 0.03550993
v -0.03646988 0.02923504 0.03450945
v -0.03385901 0.02589010 0.03677316
v -0.03445378 0.02733155 0.03628718
v -0.03500382 0.02865925 0.03551143
v -0.03546475 0.02977041 0.03451128
v -0.03355443 0.02598301 0.03677450
v -0.03385886 0.02751257 0.03629004
v -0.03413830 0.02892110 0.03551460
v -0.03437303 0.03010011 0.03451142
v -0.03323804 0.02601323 0.03677581
v -0.03323696 0.02757285 0.03629152
v -0.03323669 0.02900876 0.03551559
v -0.03323905 0.03021145 0.03451665
v -0.03292243 0.02598190 0.03677680
v -0.03261629 0.02751193 0.03629653
v -0.03233630 0.02891812 0.03552148
v -0.03210470 0.03009661 0.03452309
v -0.03261720 0.02588837 0.03677785
v -0.03201959 0.02732844 0.03629670
v -0.03146965 0.02865335 0.03552543
v -0.03101220 0.02976351 0.03452909
v -0.03233658 0.02573832 0.03678150
v -0.03146896 0.02703309 0.03630114
v -0.03067096 0.02822477 0.03553034
v -0.03000491 0.02922210 0.03453559
v -0.03209073 0.02553475 0.03678312
v -0.03098670 0.02663512 0.03630431
v -0.02997050 0.02764872 0.03553468
v -0.02911971 0.02849592 0.03454033
v -0.03188851 0.02528843 0.03678670
v -0.03059147 0.02615198 0.03631040
v -0.02939545 0.02694688 0.03554081
v -0.02839361 0.02761099 0.03454500
v -0.03173759 0.02500761 0.03679173
v -0.03029536 0.02560041 0.03631554
v -0.02896673 0.02614645 0.03554745
v -0.02785236 0.02660209 0.03455266
v -0.03164410 0.02470158 0.03679485
v -0.03011194 0.02500309 0.03632553
v -0.02870045 0.02527820 0.03555825
v -0.02751576 0.02550962 0.03456452
v -0.03161162 0.02438437 0.03680318
v -0.03004763 0.02438023 0.03633580
v -0.02860486 0.02437495 0.03557476
v -0.02739940 0.02437213 0.03457788
v -0.03164151 0.02406731 0.03680469
v -0.03010593 0.02375714 0.03634305
v -0.02868624 0.02346869 0.03558845
v -0.02750213 0.02322634 0.03459350
v -0.03173295 0.02376017 0.03680877
v -0.03028507 0.02315686 0.03634778
v -0.02894842 0.02259609 0.03559318
v -0.02783147 0.02212701 0.03460148
v -0.03188170 0.02347796 0.03681115
v -0.03057776 0.02260184 0.03635535
v -0.02937454 0.02179156 0.03559928
v -0.02837199 0.02111495 0.03460518
v -0.03208524 0.02323243 0.03680895
v -0.03097554 0.02211940 0.03634904
v -0.02995241 0.02108941 0.03559664
v -0.02910025 0.02022785 0.03460857
v -0.03233121 0.02302920 0.03680890
v -0.03145821 0.02172077 0.03635278
v -0.03065428 0.02051267 0.03559589
v -0.02998291 0.01949865 0.03460629
v -0.03261248 0.02287985 0.03680486
v -0.03201035 0.02142721 0.03634478
v -0.03145429 0.02008465 0.03559135
v -0.03098929 0.01895731 0.03460397
v -0.03291842 0.02278689 0.03680444
v -0.03260870 0.02124465 0.03634648
v -0.03232459 0.01982142 0.03559009
v -0.03208613 0.01862711 0.03460323
v -0.03323511 0.02275662 0.03680128
v -0.03323072 0.02118579 0.03633882
v -0.03322672 0.01973329 0.03558359
v -0.03321815 0.01851183 0.03460205
v -0.03355203 0.02278847 0.03679866
v -0.03385385 0.02124692 0.03633839
v -0.03413063 0.01982316 0.03557948
v -0.03435973 0.01862748 0.03459200
v -0.03385742 0.02288251 0.03679550
v -0.03445067 0.02143132 0.03633057
v -0.03499945 0.02008969 0.03557364
v -0.03545767 0.01896278 0.03458590
v -0.03413768 0.02303341 0.03679251
v -0.03500294 0.02172792 0.03632702
v -0.03580209 0.02052057 0.03556782
v -0.03646992 0.01950564 0.03457746
v -0.03438342 0.02323704 0.03678937
v -0.03548518 0.02212810 0.03631882
v -0.03650470 0.02110192 0.03555772
v -0.03736171 0.02023837 0.03456747
v -0.03458576 0.02348372 0.03678645
v -0.03588291 0.02261223 0.03631745
v -0.03708037 0.02180730 0.03554959
v -0.03808640 0.02113043 0.03455231
v -0.03323919 0.02438862 0.03694914
v -0.03473597 0.02376558 0.03678414
v -0.03617672 0.02316715 0.03630897
v -0.03750455 0.02261199 0.03553555
v -0.03861949 0.02215063 0.03453447
v -0.03482641 0.02407265 0.03677828
v -0.03635395 0.02376803 0.03629288
v -0.03776125 0.02348744 0.03551681
v -0.03894617 0.02325684 0.03451429
v -0.04023523 0.02440510 0.03365221
v -0.04206059 0.02441277 0.03220142
v -0.04362468 0.02442965 0.03031397
v -0.04479464 0.02443852 0.02815827
v -0.04552031 0.02443519 0.02581586
v -0.04577552 0.02442459 0.02339273
v -0.04553665 0.02441172 0.02094898
v -0.04482810 0.02440170 0.01859874
v -0.04367532 0.02439241 0.01643018
v -0.04212360 0.02438235 0.01452828
v -0.04023304 0.02437309 0.01296349
v -0.03807534 0.02436442 0.01179871
v -0.03575021 0.02434691 0.01114093
v -0.04009511 0.02577003 0.03364722
v -0.04188071 0.02613349 0.03219596
v -0.04341426 0.02646009 0.03030760
v -0.04455853 0.02668881 0.02814664
v -0.04527823 0.02682795 0.02580804
v -0.04552483 0.02686427 0.02337318
v -0.04529615 0.02680622 0.02093325
v -0.04460346 0.02665602 0.01858369
v -0.04347417 0.02642042 0.01641621
v -0.04195381 0.02610625 0.01451650
v -0.04010053 0.02572831 0.01295405
v -0.03798713 0.02529721 0.01179138
v -0.03570391 0.02482286 0.01114076
v -0.03969601 0.02708234 0.03365005
v -0.04137441 0.02779867 0.03219512
v -0.04282731 0.02840754 0.03030524
v -0.04389660 0.02884847 0.02814086
v -0.04457026 0.02912193 0.02579747
v -0.04480596 0.02920794 0.02335925
v -0.04459301 0.02910543 0.02091654
v -0.04394211 0.02882175 0.01856784
v -0.04288096 0.02837004 0.01640169
v -0.04145027 0.02776557 0.01450357
v -0.03970552 0.02703032 0.01294507
v -0.03773485 0.02618092 0.01185162
v -0.03556523 0.02528062 0.01114010
v -0.03905097 0.02829399 0.03365362
v -0.04056541 0.02932631 0.03219060
v -0.04185797 0.03019012 0.03029438
v -0.04282184 0.03083974 0.02812882
v -0.04342809 0.03123443 0.02578476
v -0.04364189 0.03136326 0.02334666
v -0.04345236 0.03122037 0.02090527
v -0.04286996 0.03081688 0.01855740
v -0.04191758 0.03016603 0.01639244
v -0.04063182 0.02929326 0.01449488
v -0.03906288 0.02823099 0.01293710
v -0.03727207 0.02702150 0.01177954
v -0.03534028 0.02570365 0.01113801
v -0.03818294 0.02935391 0.03365319
v -0.03946873 0.03065870 0.03218619
v -0.04056933 0.03176159 0.03029157
v -0.04138055 0.03257371 0.02812320
v -0.04189960 0.03308295 0.02578011
v -0.04208234 0.03325167 0.02333770
v -0.04192449 0.03307596 0.02089398
v -0.04143054 0.03256539 0.01854643
v -0.04062250 0.03174021 0.01638127
v -0.03953066 0.03063179 0.01448579
v -0.03819807 0.02928339 0.01292969
v -0.03669765 0.02773556 0.01184578
v -0.03503650 0.02607271 0.01113766
v -0.03712057 0.03022605 0.03364825
v -0.03814156 0.03175168 0.03219578
v -0.03899808 0.03304836 0.03029250
v -0.03964004 0.03400927 0.02812721
v -0.04004485 0.03460510 0.02577629
v -0.04018756 0.03480316 0.02332992
v -0.04006366 0.03459913 0.02088727
v -0.03967848 0.03400038 0.01853669
v -0.03904493 0.03303215 0.01637246
v -0.03818951 0.03173056 0.01447662
v -0.03714510 0.03014597 0.01292224
v -0.03597163 0.02833053 0.01184500
v -0.03466752 0.02637724 0.01113610
v -0.03591755 0.03086129 0.03365064
v -0.03662092 0.03255505 0.03219998
v -0.03720844 0.03400644 0.03029554
v -0.03765013 0.03508088 0.02812557
v -0.03792839 0.03574008 0.02577293
v -0.03802528 0.03595844 0.02332447
v -0.03794294 0.03573181 0.02088003
v -0.03767867 0.03506704 0.01853037
v -0.03724496 0.03399131 0.01636620
v -0.03665890 0.03254652 0.01447176
v -0.03597138 0.03077492 0.01299579
v -0.03514494 0.02877298 0.01184400
v -0.03424500 0.02660274 0.01113515
v -0.03460576 0.03125856 0.03365047
v -0.03496581 0.03306995 0.03219864
v -0.03526214 0.03461781 0.03028945
v -0.03548648 0.03574444 0.02811925
v -0.03562853 0.03643907 0.02576678
v -0.03568083 0.03666948 0.02332043
v -0.03564106 0.03642879 0.02087631
v -0.03550976 0.03572305 0.01852649
v -0.03529297 0.03458134 0.01636087
v -0.03499779 0.03304809 0.01446704
v -0.03466746 0.03117047 0.01299350
v -0.03424582 0.02904633 0.01184144
v -0.03378649 0.02674205 0.01113381
v -0.03325181 0.03139392 0.03366903
v -0.03323938 0.03324771 0.03219371
v -0.03323109 0.03483170 0.03028265
v -0.03323263 0.03597140 0.02811217
v -0.03323622 0.03667471 0.02576001
v -0.03324552 0.03691128 0.02332046
v -0.03324862 0.03666054 0.02087119
v -0.03325470 0.03594238 0.01852081
v -0.03326342 0.03477776 0.01635844
v -0.03330827 0.03320528 0.01454323
v -0.03331048 0.03130483 0.01299179
v -0.03331076 0.02913919 0.01183959
v -0.03331006 0.02678935 0.01113310
v -0.03188809 0.03125278 0.03367120
v -0.03151418 0.03307797 0.03219588
v -0.03119261 0.03462897 0.03026586
v -0.03097781 0.03574739 0.02810394
v -0.03084569 0.03643630 0.02575577
v -0.03080435 0.03666459 0.02331158
v -0.03085616 0.03642271 0.02086660
v -0.03099989 0.03571924 0.01851528
v -0.03122817 0.03458334 0.01634799
v -0.03158161 0.03303540 0.01454158
v -0.03195275 0.03117119 0.01298968
v -0.03237551 0.02904769 0.01183802
v -0.03283351 0.02674254 0.01113249
v -0.03057863 0.03085821 0.03369278
v -0.02985824 0.03256856 0.03220079
v -0.02924085 0.03402198 0.03025842
v -0.02881093 0.03508179 0.02810157
v -0.02854555 0.03573222 0.02575350
v -0.02845964 0.03594770 0.02330733
v -0.02855625 0.03571942 0.02086137
v -0.02883311 0.03505721 0.01851052
v -0.02932011 0.03397520 0.01643091
v -0.02991910 0.03253290 0.01454002
v -0.03064800 0.03077674 0.01298868
v -0.03147632 0.02877486 0.01183729
v -0.03237488 0.02660371 0.01113208
v -0.02937008 0.03020270 0.03369707
v -0.02833373 0.03174014 0.03221274
v -0.02744734 0.03304642 0.03027499
v -0.02681669 0.03400316 0.02810842
v -0.02642906 0.03459044 0.02575380
v -0.02630110 0.03478476 0.02330795
v -0.02643982 0.03457993 0.02086016
v -0.02683707 0.03398463 0.01850646
v -0.02751943 0.03301330 0.01643042
v -0.02838783 0.03171488 0.01453988
v -0.02944366 0.03013484 0.01298703
v -0.03064767 0.02833292 0.01183628
v -0.03195198 0.02637864 0.01113153
v -0.02830184 0.02933094 0.03369583
v -0.02699810 0.03063424 0.03223424
v -0.02588484 0.03174030 0.03029958
v -0.02507357 0.03255546 0.02812258
v -0.02457693 0.03305524 0.02576227
v -0.02441220 0.03322057 0.02331112
v -0.02458729 0.03304560 0.02085973
v -0.02509205 0.03253993 0.01850480
v -0.02594069 0.03171995 0.01642993
v -0.02704495 0.03061496 0.01453940
v -0.02838827 0.02927066 0.01298687
v -0.02992017 0.02773778 0.01183637
v -0.03158230 0.02607461 0.01113163
v -0.02742091 0.02826675 0.03369511
v -0.02590242 0.02928576 0.03224018
v -0.02460218 0.03015385 0.03032198
v -0.02364254 0.03079241 0.02814063
v -0.02305646 0.03118495 0.02577808
v -0.02286181 0.03131455 0.02332105
v -0.02306773 0.03117621 0.02086496
v -0.02366281 0.03077852 0.01850462
v -0.02464463 0.03014343 0.01643142
v -0.02594211 0.02927448 0.01454023
v -0.02752216 0.02821721 0.01298745
v -0.02932364 0.02701138 0.01183666
v -0.03127743 0.02570537 0.01113175
v -0.02676679 0.02705323 0.03369761
v -0.02508329 0.02775358 0.03224222
v -0.02364511 0.02834970 0.03033737
v -0.02258156 0.02878541 0.02815670
v -0.02192992 0.02905349 0.02579221
v -0.02171352 0.02913737 0.02333323
v -0.02194070 0.02904188 0.02087659
v -0.02260079 0.02876738 0.01851192
v -0.02368097 0.02834457 0.01643263
v -0.02512254 0.02774508 0.01454186
v -0.02687831 0.02701457 0.01298917
v -0.02888047 0.02618396 0.01183771
v -0.03105185 0.02528319 0.01113234
v -0.02636233 0.02573719 0.03370725
v -0.02457895 0.02609060 0.03224909
v -0.02305592 0.02638973 0.03035425
v -0.02192744 0.02660643 0.02817422
v -0.02123788 0.02673899 0.02581054
v -0.02101015 0.02677838 0.02335257
v -0.02125408 0.02672065 0.02089326
v -0.02196514 0.02656697 0.01852049
v -0.02308705 0.02639175 0.01643582
v -0.02461741 0.02608403 0.01454421
v -0.02648146 0.02571064 0.01299089
v -0.02860594 0.02528524 0.01183878
v -0.03091200 0.02482475 0.01113291
v -0.02622552 0.02436862 0.03371784
v -0.02440259 0.02436471 0.03225722
v -0.02284856 0.02436055 0.03036411
v -0.02169720 0.02435449 0.02819005
v -0.02099661 0.02434672 0.02582850
v -0.02077060 0.02433947 0.02337953
v -0.02102148 0.02431896 0.02092115
v -0.02172516 0.02436383 0.01860321
v -0.02288459 0.02436123 0.01644102
v -0.02444544 0.02435745 0.01454716
v -0.02634574 0.02435367 0.01299344
v -0.02851290 0.02435041 0.01184050
v -0.03086446 0.02434834 0.01113373
v -0.02634997 0.02299310 0.03373249
v -0.02457017 0.02264133 0.03226598
v -0.02304725 0.02233824 0.03036948
v -0.02192268 0.02210388 0.02819763
v -0.02123400 0.02195843 0.02584196
v -0.02100881 0.02190191 0.02339292
v -0.02125290 0.02193686 0.02094567
v -0.02196692 0.02204561 0.01859031
v -0.02308298 0.02232957 0.01644558
v -0.02461347 0.02263109 0.01455071
v -0.02647837 0.02299621 0.01299606
v -0.02860348 0.02341531 0.01184213
v -0.03091051 0.02387148 0.01113437
v -0.02674651 0.02167114 0.03374501
v -0.02507062 0.02097605 0.03227902
v -0.02364132 0.02038519 0.03037727
v -0.02258140 0.01994167 0.02821008
v -0.02193166 0.01966255 0.02585670
v -0.02171779 0.01956187 0.02341077
v -0.02194569 0.01964138 0.02096438
v -0.02261007 0.01990638 0.01861856
v -0.02367225 0.02037778 0.01645017
v -0.02511519 0.02096918 0.01455480
v -0.02687232 0.02169181 0.01299926
v -0.02887504 0.02251549 0.01184368
v -0.03104922 0.02341303 0.01113552
v -0.02739736 0.02045508 0.03374801
v -0.02589063 0.01944468 0.03228610
v -0.02460454 0.01858337 0.03038728
v -0.02364966 0.01794004 0.02822089
v -0.02306421 0.01754072 0.02586965
v -0.02287105 0.01739941 0.02342556
v -0.02307571 0.01752354 0.02098048
v -0.02366643 0.01793900 0.01862037
v -0.02463210 0.01857794 0.01645500
v -0.02593157 0.01943840 0.01455934
v -0.02751379 0.02048859 0.01300282
v -0.02931744 0.02168844 0.01184678
v -0.03127395 0.02299049 0.01113675
v -0.02827402 0.01939001 0.03375278
v -0.02699576 0.01810423 0.03229438
v -0.02590344 0.01700630 0.03039668
v -0.02509138 0.01618686 0.02823196
v -0.02459382 0.01567942 0.02588207
v -0.02442933 0.01550406 0.02343914
v -0.02460502 0.01566787 0.02099568
v -0.02510265 0.01618670 0.01862605
v -0.02592548 0.01699997 0.01646085
v -0.02703172 0.01809689 0.01456403
v -0.02837789 0.01943443 0.01300657
v -0.02991285 0.02096192 0.01184958
v -0.03157842 0.02262147 0.01113837
v -0.02934177 0.01851814 0.03375485
v -0.02834427 0.01700642 0.03229937
v -0.02748693 0.01571408 0.03040225
v -0.02684991 0.01475121 0.02823929
v -0.02645940 0.01415503 0.02589074
v -0.02633061 0.01395176 0.02344975
v -0.02646974 0.01414758 0.02100736
v -0.02685577 0.01474838 0.01863371
v -0.02750196 0.01570526 0.01646613
v -0.02837244 0.01699547 0.01456880
v -0.02943159 0.01856940 0.01301038
v -0.03063925 0.02036617 0.01185221
v -0.03194750 0.02231699 0.01113959
v -0.03330889 0.02434709 0.01089801
v -0.03056617 0.01787595 0.03375677
v -0.02988527 0.01619338 0.03230181
v -0.02929636 0.01475595 0.03040571
v -0.02885824 0.01368651 0.02824319
v -0.02858895 0.01302576 0.02589529
v -0.02850083 0.01280099 0.02345427
v -0.02859658 0.01302033 0.02101211
v -0.02887432 0.01367654 0.01866490
v -0.02930204 0.01474312 0.01647232
v -0.02990257 0.01617715 0.01457310
v -0.03063465 0.01792648 0.01301397
v -0.03146709 0.01992357 0.01185474
v -0.03236999 0.02209176 0.01114092
v -0.03188810 0.01747790 0.03375517
v -0.03156591 0.01569854 0.03230098
v -0.03126203 0.01416994 0.03040429
v -0.03103628 0.01303337 0.02824349
v -0.03089917 0.01233302 0.02589848
v -0.03085455 0.01209540 0.02345913
v -0.03090388 0.01232690 0.02101672
v -0.03104585 0.01302261 0.01866704
v -0.03125592 0.01415060 0.01647804
v -0.03156432 0.01567291 0.01457711
v -0.03193884 0.01753046 0.01301706
v -0.03236560 0.01964965 0.01185665
v -0.03282792 0.02195198 0.01114162
v -0.03325864 0.01734680 0.03375063
v -0.03332928 0.01554122 0.03229425
v -0.03330702 0.01397622 0.03040119
v -0.03329925 0.01281528 0.02824230
v -0.03329752 0.01210066 0.02589808
v -0.03330254 0.01185955 0.02346480
v -0.03330096 0.01209416 0.02101844
v -0.03330240 0.01280227 0.01866848
v -0.03328796 0.01395062 0.01648255
v -0.03329140 0.01550201 0.01458067
v -0.03329635 0.01739564 0.01301985
v -0.03330065 0.01955801 0.01185849
v -0.03330316 0.02190344 0.01114151
v -0.03461471 0.01747268 0.03374760
v -0.03506159 0.01571223 0.03228898
v -0.03534037 0.01417751 0.03039687
v -0.03555759 0.01303941 0.02824028
v -0.03569502 0.01233832 0.02589720
v -0.03574213 0.01210062 0.02345701
v -0.03569579 0.01233285 0.02101692
v -0.03555581 0.01302752 0.01866788
v -0.03532712 0.01415891 0.01649966
v -0.03501913 0.01567174 0.01458391
v -0.03465422 0.01752906 0.01302192
v -0.03423594 0.01964873 0.01185999
v -0.03378112 0.02195155 0.01114327
v -0.03592421 0.01786966 0.03373908
v -0.03669557 0.01620721 0.03228363
v -0.03728364 0.01476813 0.03039357
v -0.03772442 0.01369956 0.02823534
v -0.03799749 0.01303926 0.02589291
v -0.03808784 0.01281445 0.02345240
v -0.03799769 0.01303517 0.02101128
v -0.03772332 0.01369098 0.01866169
v -0.03727911 0.01475645 0.01649358
v -0.03668201 0.01617505 0.01458614
v -0.03595921 0.01792369 0.01302329
v -0.03513568 0.01992172 0.01186133
v -0.03424035 0.02209084 0.01114422
v -0.03714061 0.01851894 0.03372716
v -0.03819769 0.01701903 0.03227679
v -0.03907048 0.01572977 0.03038655
v -0.03971630 0.01477031 0.02822549
v -0.04011446 0.01417807 0.02588416
v -0.04024960 0.01397666 0.02344406
v -0.04011610 0.01417572 0.02100387
v -0.03971945 0.01476520 0.01865418
v -0.03907429 0.01572429 0.01648602
v -0.03821355 0.01699261 0.01458658
v -0.03716315 0.01856495 0.01302358
v -0.03596395 0.02036358 0.01186161
v -0.03466298 0.02231582 0.01114421
v -0.03820999 0.01939904 0.03371351
v -0.03952493 0.01811960 0.03226127
v -0.04063779 0.01702595 0.03037683
v -0.04146085 0.01621184 0.02821716
v -0.04196877 0.01571030 0.02587450
v -0.04214013 0.01554103 0.02343532
v -0.04197071 0.01570939 0.02099502
v -0.04146625 0.01620958 0.01864628
v -0.04064558 0.01702382 0.01647741
v -0.03953885 0.01811939 0.01457493
v -0.03821822 0.01942997 0.01302372
v -0.03669153 0.02095819 0.01186131
v -0.03503294 0.02262002 0.01114440
v -0.03908153 0.02047129 0.03369979
v -0.04061840 0.01946496 0.03224808
v -0.04192368 0.01860708 0.03036559
v -0.04289208 0.01797070 0.02820797
v -0.04348868 0.01757976 0.02586433
v -0.04368905 0.01744550 0.02342701
v -0.04348908 0.01757874 0.02098556
v -0.04289536 0.01797007 0.01863665
v -0.04193179 0.01860728 0.01646759
v -0.04063378 0.01946699 0.01456482
v -0.03908405 0.02048560 0.01302305
v -0.03728763 0.02168565 0.01186099
v -0.03533752 0.02298897 0.01114383
v -0.03972001 0.02169858 0.03368155
v -0.04142223 0.02100573 0.03223169
v -0.04287636 0.02041644 0.03034887
v -0.04395539 0.01997996 0.02819728
v -0.04461452 0.01971129 0.02585617
v -0.04483430 0.01961961 0.02341791
v -0.04461064 0.01970816 0.02097699
v -0.04394984 0.01997638 0.01862687
v -0.04288285 0.02041105 0.01645708
v -0.04144985 0.02099817 0.01455160
v -0.03970401 0.02171475 0.01298132
v -0.03773132 0.02251327 0.01186051
v -0.03556348 0.02341129 0.01114379
v -0.04010904 0.02302800 0.03366339
v -0.04191094 0.02268539 0.03221570
v -0.04345648 0.02239043 0.03033773
v -0.04459881 0.02217967 0.02818050
v -0.04529840 0.02203316 0.02583999
v -0.04553121 0.02197244 0.02340406
v -0.04529852 0.02201294 0.02096392
v -0.04460672 0.02214519 0.01861371
v -0.04347580 0.02236259 0.01644367
v -0.04195358 0.02265848 0.01454033
v -0.04009927 0.02301726 0.01297345
v -0.03800542 0.02341282 0.01185827
v -0.03570321 0.02386932 0.01114295
f 4 2 1
f 8 6 5
f 13 15 14
f 17 19 18
f 32 30 29
f 36 34 33
f 37 39 38
f 21 23 20
f 25 27 24
f 41 43 42
f 48 46 45
f 52 50 49
f 53 55 54
f 60 58 57
f 29 62 61
f 66 64 63
f 67 6 68
f 72 70 69
f 76 74 73
f 77 79 78
f 81 83 82
f 59 86 85
f 88 90 89
f 96 94 93
f 100 98 97
f 101 103 102
f 106 34 87
f 108 115 107
f 117 36 118
f 124 126 125
f 131 129 128
f 132 134 133
f 142 140 139
f 148 60 147
f 144 127 124
f 149 151 150
f 156 154 153
f 159 158 157
f 116 164 105
f 171 169 168
f 174 173 172
f 179 181 180
f 186 188 187
f 194 196 195
f 199 139 198
f 206 208 207
f 213 211 210
f 202 214 201
f 96 216 54
f 92 43 44
f 97 246 100
f 250 229 228
f 252 58 253
f 258 256 255
f 260 229 259
f 110 112 113
f 114 263 109
f 265 267 266
f 56 270 269
f 274 249 250
f 185 63 64
f 280 278 276
f 285 283 157
f 288 211 212
f 141 92 46
f 289 175 176
f 148 105 106
f 312 170 171
f 238 42 43
f 318 160 317
f 310 308 307
f 241 325 324
f 160 240 317
f 47 307 308
f 108 315 164
f 345 86 119
f 348 350 349
f 356 358 357
f 355 353 352
f 363 32 362
f 149 150 176
f 364 253 365
f 366 368 367
f 183 371 63
f 163 161 160
f 209 101 208
f 378 165 166
f 379 381 380
f 383 3 4
f 284 386 385
f 387 389 388
f 391 229 249
f 73 397 396
f 405 407 406
f 203 411 410
f 414 413 412
f 1 357 4
f 277 131 275
f 254 57 58
f 358 415 351
f 417 386 408
f 401 192 420
f 419 127 143
f 421 182 422
f 103 302 409
f 428 368 174
f 380 359 356
f 62 266 323
f 140 431 430
f 357 351 348
f 356 379 380
f 415 403 434
f 437 436 435
f 438 440 439
f 188 450 449
f 452 454 453
f 265 181 421
f 224 64 225
f 237 213 427
f 275 128 458
f 281 460 459
f 50 79 461
f 73 282 281
f 468 466 465
f 390 352 359
f 482 484 483
f 489 487 486
f 493 495 494
f 472 470 469
f 502 500 499
f 220 222 223
f 512 143 66
f 518 511 80
f 513 230 286
f 205 31 244
f 189 451 188
f 163 532 8
f 533 225 251
f 446 447 412
f 335 540 334
f 544 546 545
f 329 291 292
f 199 262 238
f 385 416 550
f 532 191 247
f 363 118 243
f 236 237 250
f 578 580 579
f 573 571 570
f 561 562 272
f 241 259 240
f 590 592 591
f 545 595 594
f 503 155 504
f 606 624 623
f 478 480 479
f 646 648 647
f 590 689 684
f 564 651 650
f 728 184 727
f 714 716 715
f 692 575 693
f 541 581 578
f 346 248 400
f 161 230 160
f 128 94 95
f 698 704 703
f 574 576 575
f 290 401 328
f 630 725 726
f 733 735 734
f 755 496 493
f 759 481 760
f 757 762 761
f 764 466 467
f 768 3808 3809
f 759 488 489
f 492 475 771
f 474 769 473
f 773 465 772
f 771 486 483
f 484 775 491
f 774 489 486
f 495 764 756
f 495 761 494
f 137 784 136
f 325 797 547
f 165 51 52
f 369 29 370
f 730 568 569
f 90 301 89
f 243 516 242
f 800 806 805
f 817 808 816
f 816 823 822
f 306 447 807
f 815 809 808
f 829 828 825
f 726 501 502
f 274 424 423
f 879 881 880
f 884 879 885
f 219 217 211
f 906 904 897
f 455 205 542
f 898 830 829
f 903 880 881
f 906 897 898
f 377 519 165
f 923 948 946
f 946 951 950
f 3519 739 3517
f 900 886 880
f 225 65 144
f 182 442 422
f 809 947 824
f 954 962 961
f 927 965 966
f 885 880 886
f 925 966 967
f 343 341 340
f 965 971 968
f 968 970 969
f 972 969 973
f 963 981 978
f 336 338 339
f 992 827 828
f 810 996 959
f 1007 1002 1008
f 1012 827 1009
f 1011 1007 1008
f 294 292 291
f 907 920 919
f 1017 1019 1018
f 1020 1022 1021
f 1035 1020 1044
f 1061 1047 1046
f 1063 1046 1062
f 1044 1021 1045
f 1102 1097 1109
f 1116 1118 1117
f 1016 1014 1013
f 881 904 903
f 816 1127 817
f 1094 949 1097
f 514 167 515
f 146 81 82
f 1133 1130 1129
f 1102 1126 822
f 822 1116 816
f 1145 1148 1136
f 1076 1151 1069
f 1148 1086 1087
f 1109 1114 1136
f 1154 1156 1155
f 1153 967 1156
f 3464 463 3714
f 1144 1152 1151
f 1156 1163 1162
f 1164 1169 1165
f 1145 1176 1147
f 1114 1154 1171
f 1183 1164 1177
f 1184 1177 1185
f 1069 1062 1064
f 1023 1194 1022
f 1162 1170 1169
f 1195 1185 1191
f 1183 1176 1155
f 1201 1152 1196
f 1061 1201 1202
f 3825 843 3836
f 1203 1195 1034
f 1202 1184 1195
f 1218 1203 1217
f 1060 1202 1203
f 1225 1217 1219
f 671 694 670
f 1219 1024 1035
f 1217 1034 1024
f 1226 1015 1227
f 1243 1234 1233
f 1231 1229 1228
f 847 1233 843
f 843 1244 878
f 1233 1245 1244
f 1923 233 216
f 2100 499 500
f 3914 2135 3900
f 61 323 505
f 210 217 457
f 1299 1309 1300
f 3863 1231 3862
f 1066 1321 1322
f 1322 1228 1229
f 1060 1321 1047
f 1325 1323 1310
f 1244 1332 1330
f 1290 1242 1288
f 1337 1339 1338
f 1330 1340 1339
f 1341 1245 1294
f 1342 1332 1341
f 1343 1341 1344
f 1344 1294 1293
f 3857 1345 1346
f 1347 1342 1343
f 3856 1295 1345
f 1349 1348 1347
f 3861 1347 3853
f 3853 1343 3857
f 906 829 1353
f 905 1353 1354
f 865 1355 1357
f 1355 829 825
f 1357 825 826
f 1356 1353 1355
f 3834 1338 3833
f 866 1356 865
f 1358 1354 1356
f 3828 1337 3834
f 838 1012 841
f 1363 1338 1339
f 1368 1339 1340
f 1348 1340 1342
f 1371 3824 3829
f 524 526 523
f 528 530 527
f 1372 1369 1371
f 535 537 538
f 1367 1348 1350
f 1370 1359 1369
f 1369 3833 3824
f 1373 903 904
f 555 557 558
f 1374 910 1373
f 1373 905 1375
f 1374 1375 1376
f 1375 1354 1370
f 1378 908 1377
f 376 651 1387
f 1388 973 969
f 586 588 585
f 1390 1388 1391
f 1391 969 970
f 597 599 596
f 600 602 603
f 1392 970 979
f 608 610 607
f 612 523 611
f 614 616 613
f 617 25 24
f 620 622 619
f 1397 1391 1392
f 1398 1392 1399
f 1400 920 1378
f 1402 1165 1169
f 636 638 635
f 930 1402 929
f 641 643 644
f 929 1169 1170
f 1404 1403 1402
f 1411 1365 1406
f 1412 1415 1414
f 652 654 655
f 609 657 658
f 659 661 662
f 558 586 585
f 665 667 664
f 1413 1406 1412
f 1418 3810 3813
f 1417 1371 1416
f 1416 3829 3810
f 1419 1416 1418
f 1386 1374 1420
f 677 679 676
f 1385 1420 1421
f 1420 1376 1422
f 685 687 688
f 1421 1422 1423
f 528 691 658
f 1422 1372 1417
f 1018 747 1425
f 699 701 702
f 1424 579 1017
f 3663 1767 3660
f 700 711 712
f 1093 3754 1571
f 717 530 719
f 721 723 720
f 704 3543 3554
f 19 1426 1430
f 1429 1427 1426
f 1658 3542 3544
f 1439 1434 1438
f 1437 1435 1434
f 1426 1433 1432
f 1442 1432 1440
f 742 744 745
f 1432 1441 1440
f 751 753 750
f 1438 1403 1405
f 1446 1444 1443
f 1447 1446 1443
f 3860 1443 3848
f 1415 1445 1446
f 1414 1446 1448
f 2173 469 470
f 777 779 686
f 780 782 783
f 1676 1806 1675
f 3859 1349 3861
f 789 791 788
f 745 793 742
f 652 795 653
f 1455 1457 1456
f 1454 1350 1452
f 610 802 801
f 3831 698 703
f 1352 1045 1351
f 1015 1459 1460
f 811 813 814
f 2118 3817 2117
f 819 821 818
f 1466 1194 1190
f 1467 1465 1466
f 1182 1468 1467
f 832 833 831
f 835 837 834
f 1467 1190 1182
f 1469 1444 1445
f 840 712 690
f 1453 1469 1454
f 599 845 846
f 1226 3849 3855
f 851 853 850
f 855 856 854
f 858 860 857
f 861 863 864
f 1014 3855 3858
f 867 868 869
f 870 872 873
f 874 876 877
f 1310 1471 1309
f 1476 1427 1475
f 1461 1475 1460
f 887 889 890
f 788 892 891
f 894 896 893
f 1460 1227 1015
f 901 524 612
f 1465 1477 1464
f 1865 3500 1864
f 911 913 914
f 916 918 915
f 1850 3507 1851
f 921 895 894
f 1479 1436 1478
f 926 667 601
f 1481 563 1480
f 269 84 1482
f 931 933 916
f 934 614 869
f 936 688 937
f 938 662 939
f 1484 122 123
f 941 835 834
f 320 509 510
f 1849 3505 1850
f 84 1484 83
f 1487 1488 539
f 1757 3502 3509
f 365 1491 364
f 461 80 511
f 117 362 1496
f 1494 541 1495
f 926 957 958
f 1477 1433 1476
f 1709 1585 1700
f 119 1496 345
f 271 504 156
f 511 189 186
f 345 1492 365
f 255 344 254
f 57 299 132
f 1501 268 1500
f 267 1499 145
f 974 976 977
f 1678 1693 1676
f 3846 1807 3840
f 557 663 558
f 983 984 985
f 1443 3849 3848
f 421 268 265
f 989 991 988
f 1490 418 1504
f 279 309 310
f 997 676 679
f 998 999 875
f 1504 38 1505
f 1506 1507 1486
f 360 1508 1506
f 1506 207 360
f 939 1006 938
f 270 1483 269
f 66 546 512
f 1010 793 935
f 367 437 1509
f 244 363 243
f 1670 3534 1669
f 209 1510 226
f 235 1512 1511
f 1511 234 235
f 388 426 425
f 427 250 237
f 161 521 231
f 100 45 44
f 1025 608 1027
f 1029 1031 1028
f 939 1033 1032
f 41 594 99
f 1036 783 1037
f 702 1038 1039
f 1040 1042 1043
f 362 369 1493
f 187 477 186
f 70 539 198
f 1511 1521 234
f 1049 603 1048
f 613 869 614
f 860 1051 857
f 1005 1053 1006
f 753 1056 1054
f 1057 1059 1055
f 293 1522 292
f 288 1521 1522
f 292 1523 329
f 331 1508 1524
f 306 453 305
f 100 41 99
f 462 78 79
f 330 1524 462
f 635 1068 636
f 1485 1526 1528
f 206 1528 1510
f 1070 1072 831
f 942 1073 1074
f 916 1075 917
f 440 1530 439
f 157 1514 285
f 1529 5 1530
f 371 546 63
f 790 663 791
f 1077 857 1078
f 1403 1435 1165
f 1080 1082 1079
f 531 1529 440
f 21 1084 1085
f 272 1531 561
f 137 396 397
f 690 802 691
f 335 3567 581
f 1090 1029 1091
f 1092 794 1042
f 1533 137 138
f 661 1095 1096
f 69 445 72
f 1099 1101 1098
f 38 1536 1505
f 1104 1106 1103
f 852 1108 853
f 1377 909 1386
f 291 411 294
f 316 516 33
f 539 1533 534
f 1505 316 313
f 1110 1112 1113
f 1539 460 264
f 522 1537 1539
f 834 1120 1119
f 1122 1124 1121
f 612 1041 901
f 935 615 614
f 276 130 131
f 1686 3522 1685
f 193 1541 273
f 231 1540 287
f 556 982 557
f 365 85 345
f 190 318 1541
f 1810 3574 3528
f 3924 3512 3791
f 1132 985 1131
f 208 102 132
f 1134 662 661
f 1491 80 77
f 429 1542 147
f 1137 915 918
f 172 428 174
f 1139 1141 1142
f 549 54 55
f 1517 1518 296
f 976 1146 938
f 834 984 941
f 1543 286 115
f 1544 239 513
f 133 1544 1542
f 506 257 258
f 420 328 401
f 1158 1160 1157
f 587 1103 588
f 1513 1514 151
f 607 1027 608
f 304 1545 303
f 364 77 506
f 69 198 139
f 1006 976 938
f 700 1112 701
f 3877 3525 3787
f 1166 657 656
f 1167 858 1077
f 1300 3524 1299
f 1172 1174 1175
f 218 200 217
f 1179 1181 1178
f 372 97 98
f 89 227 88
f 1186 1188 1189
f 172 1517 1549
f 1482 81 1498
f 1090 1193 1030
f 394 353 1551
f 526 1198 1197
f 811 858 812
f 1199 1026 1025
f 606 697 696
f 1204 1206 743
f 1207 523 526
f 1209 867 613
f 914 685 936
f 1478 1441 1477
f 1029 1161 1091
f 1211 1213 1214
f 3858 1451 3859
f 844 1216 845
f 423 273 274
f 1220 1222 1083
f 22 1224 23
f 882 897 881
f 1519 173 387
f 1189 1232 1178
f 349 550 416
f 1071 1236 1072
f 1237 1239 745
f 1221 1189 1240
f 1510 1512 333
f 939 1241 1005
f 1556 5 67
f 1553 394 1551
f 404 67 347
f 1247 1249 1246
f 142 238 92
f 1251 635 1250
f 850 1253 851
f 1254 1077 1255
f 57 133 429
f 443 552 551
f 1187 1175 1188
f 1256 831 833
f 432 382 383
f 741 747 746
f 434 351 415
f 349 383 348
f 251 1481 1480
f 395 352 353
f 1518 1550 1551
f 1558 378 340
f 109 314 315
f 285 1513 407
f 395 393 392
f 202 410 1558
f 417 405 432
f 1246 1258 1247
f 3 297 2
f 1259 1261 1262
f 403 347 284
f 955 953 952
f 462 51 330
f 1096 687 1263
f 429 60 57
f 896 1265 932
f 1267 1268 1266
f 423 327 420
f 37 180 40
f 20 1187 1186
f 1256 1071 1070
f 155 156 504
f 1188 1269 1232
f 1236 1271 1262
f 1272 535 621
f 565 463 464
f 1273 745 1239
f 876 1255 1274
f 316 164 315
f 437 503 1509
f 194 1495 197
f 1275 864 863
f 624 631 630
f 1277 1137 1278
f 569 567 566
f 1481 125 366
f 324 547 326
f 1279 1107 1280
f 1525 329 1523
f 1281 1137 918
f 171 1553 1552
f 1488 396 1533
f 1557 1562 1559
f 1282 1206 1205
f 1053 1278 1281
f 778 607 1283
f 713 3566 3569
f 251 144 124
f 4 348 383
f 709 707 706
f 728 45 246
f 261 1563 544
f 789 1287 790
f 74 263 282
f 403 385 434
f 1178 1240 1189
f 1223 1289 1224
f 158 150 151
f 1220 1186 1221
f 296 354 433
f 784 1538 1566
f 1181 1291 1222
f 1269 1257 1246
f 1566 438 399
f 136 1566 1564
f 1563 169 1565
f 107 109 108
f 1297 1298 1296
f 1464 1476 1461
f 1520 507 508
f 1301 1303 1304
f 1306 1308 1305
f 175 1532 272
f 1532 200 201
f 1311 1312 1313
f 872 1315 1316
f 1317 1318 1319
f 3836 878 3828
f 1305 864 1276
f 1040 863 1320
f 1564 399 169
f 592 1575 591
f 591 1088 689
f 1581 1583 1582
f 1196 1147 1176
f 710 583 713
f 285 408 386
f 953 961 963
f 1594 1589 1593
f 1585 1587 1586
f 1592 1590 1589
f 3885 944 3899
f 1600 1598 1597
f 1604 1602 1601
f 1399 979 980
f 1589 1596 1595
f 1610 1608 1607
f 298 361 360
f 551 276 277
f 1627 3814 3819
f 859 818 860
f 1078 1328 1329
f 1555 1530 1556
f 572 680 681
f 772 776 774
f 977 918 917
f 404 392 393
f 1054 750 753
f 1644 1643 1642
f 932 1082 933
f 1067 1334 1068
f 1540 264 114
f 597 643 1336
f 471 762 470
f 1642 3831 3842
f 1644 3842 3843
f 923 950 927
f 96 548 95
f 520 522 521
f 445 443 442
f 849 848 842
f 480 755 493
f 1646 481 1639
f 311 1567 170
f 464 3497 3495
f 3497 1361 3495
f 234 236 235
f 190 192 191
f 153 152 149
f 231 286 230
f 1552 1551 1550
f 760 1648 488
f 3832 1649 3830
f 828 826 825
f 52 166 165
f 1663 1661 1660
f 287 115 286
f 668 670 669
f 634 640 639
f 553 559 554
f 118 33 516
f 492 491 490
f 3552 1651 3553
f 582 584 583
f 384 392 415
f 1381 1383 1380
f 1562 435 436
f 952 951 947
f 3529 583 584
f 1660 1667 1666
f 1394 1396 1393
f 1660 1664 1663
f 1671 1669 1668
f 1624 1673 1672
f 1407 1409 1410
f 1677 1675 1674
f 1613 1677 1625
f 1679 1676 1677
f 1626 3811 3814
f 534 198 539
f 176 150 159
f 803 734 800
f 400 191 192
f 65 143 144
f 3526 1656 3540
f 402 157 283
f 629 627 626
f 461 49 50
f 758 495 756
f 796 786 785
f 406 1513 1560
f 342 166 167
f 1694 1658 1695
f 1692 1694 1696
f 3557 1652 3552
f 3921 1703 3923
f 326 302 90
f 3916 1702 1706
f 3919 1698 1701
f 1699 3927 3918
f 1557 1560 1561
f 1127 1117 1128
f 400 289 346
f 1706 1707 1708
f 1707 1599 1600
f 1709 1708 1588
f 1714 1711 1713
f 3919 1709 1700
f 1704 1577 1703
f 1716 1713 1715
f 1559 1549 297
f 1722 1720 1719
f 1335 596 1489
f 410 377 378
f 973 1163 972
f 168 399 398
f 1571 1089 1093
f 1572 682 1571
f 749 647 754
f 1730 1723 1729
f 1594 1729 1592
f 1729 1591 1592
f 1731 1730 1583
f 1384 1377 1379
f 1732 1712 1714
f 1724 1731 1732
f 1712 1731 1580
f 1722 1732 1733
f 1721 1733 1734
f 1734 1716 1717
f 1735 1736 1697
f 1733 1714 1716
f 1663 1741 1668
f 1742 1740 1743
f 1738 1737 1735
f 1665 1666 1740
f 1665 1744 1664
f 1725 1746 1745
f 1591 1745 1590
f 1590 1747 1596
f 1745 1748 1747
f 1659 3538 3542
f 3287 3545 3282
f 1185 1182 1190
f 1664 1749 1741
f 1741 1739 1738
f 1746 1743 1748
f 1726 1742 1746
f 1153 924 925
f 1115 1153 1154
f 1654 3575 1655
f 1896 3549 1686
f 1720 1744 1726
f 1721 1749 1720
f 1750 1701 1698
f 1697 1750 1696
f 1151 1063 1062
f 1751 1670 1671
f 1695 1752 1751
f 961 986 981
f 1770 1768 1767
f 1766 1593 1765
f 1731 1579 1580
f 1579 1774 1578
f 3928 1771 3929
f 1764 3928 3917
f 1777 1775 1774
f 3762 1699 1700
f 1004 1128 1003
f 1774 1771 1772
f 987 1399 980
f 1578 1772 1764
f 1783 1781 1778
f 1597 1770 1767
f 639 3895 3884
f 3928 1769 1770
f 1793 1789 1788
f 3929 1798 1769
f 3508 3773 1806
f 1802 3924 3922
f 1788 1794 1793
f 1793 1795 1776
f 3773 1675 1806
f 1584 1783 1789
f 1771 3920 3929
f 1801 1798 1800
f 1768 1798 1799
f 1775 1797 1771
f 508 515 1520
f 1796 1802 1797
f 1800 3920 3922
f 1794 1804 1795
f 3532 1752 3547
f 485 1807 775
f 3809 1640 768
f 3837 1810 1653
f 485 1640 1808
f 1690 3770 3772
f 487 1648 1811
f 3839 1816 3822
f 3838 1648 3830
f 3839 1811 3838
f 1812 487 1811
f 1641 767 768
f 465 755 776
f 767 3823 3808
f 3822 3826 3847
f 1809 1815 767
f 3837 1651 3840
f 675 3541 3496
f 1814 1822 1821
f 1821 3821 3820
f 1824 1649 1825
f 1827 1850 1805
f 1668 1662 1663
f 1779 1848 1828
f 1790 1805 1794
f 1833 1853 1852
f 3521 693 575
f 1614 1616 1617
f 1852 3498 3501
f 1620 1622 1623
f 1855 1574 1861
f 1847 3501 3513
f 1766 1855 1782
f 1629 1631 1628
f 1633 1634 1632
f 1635 1637 1638
f 1848 1852 1847
f 1855 1863 1862
f 1803 1867 1802
f 1862 1831 1832
f 1782 1862 1781
f 3922 1865 1800
f 1873 1870 1869
f 1874 799 804
f 2045 3897 2044
f 1219 1295 1225
f 1615 1396 1395
f 3884 1877 1876
f 645 3786 3559
f 1345 1035 1346
f 634 3884 3880
f 15 1327 14
f 3910 1878 1893
f 1894 605 1893
f 3506 627 693
f 3560 645 3559
f 340 454 1558
f 1897 195 1898
f 1889 1877 1890
f 1901 129 1900
f 196 754 232
f 1705 3921 3916
f 340 166 343
f 1570 563 561
f 1904 194 1897
f 1781 1832 1780
f 1905 55 1906
f 1000 995 996
f 986 920 987
f 1191 1190 1194
f 2094 2075 2093
f 1920 1919 1915
f 453 1912 1911
f 1915 1918 1916
f 3882 2106 3901
f 1655 3531 1868
f 1916 1926 1925
f 704 3561 703
f 278 1925 1900
f 3565 1818 1820
f 1097 1115 1114
f 1927 727 1923
f 3578 3654 3758
f 1920 307 1929
f 1929 48 728
f 503 1497 1509
f 1902 787 796
f 1816 3820 3826
f 1925 1923 1924
f 1535 1568 1534
f 254 258 255
f 1509 366 367
f 119 35 36
f 219 293 294
f 141 47 431
f 542 244 245
f 1940 430 431
f 1779 1827 1790
f 1701 3915 3919
f 1661 3515 1667
f 270 754 647
f 197 749 196
f 1727 1212 1211
f 53 232 754
f 1465 1479 1478
f 1284 3854 1293
f 1951 412 413
f 168 1554 1553
f 1486 206 207
f 506 78 361
f 994 1007 993
f 951 963 964
f 1013 3861 1351
f 3826 1820 1818
f 1498 1954 1482
f 299 543 132
f 1754 1756 1753
f 1681 1683 1682
f 1696 1695 1697
f 13 738 737
f 473 475 474
f 482 768 1640
f 204 30 205
f 1761 820 819
f 611 1125 612
f 1501 1908 1909
f 1074 711 699
f 1960 82 83
f 120 1960 123
f 35 87 34
f 1773 1025 1031
f 1965 1569 1535
f 494 471 479
f 1966 1969 1968
f 446 1971 1967
f 174 125 126
f 1580 1578 1577
f 1785 1787 1784
f 1972 304 305
f 1254 875 999
f 1973 342 514
f 321 1973 509
f 1910 275 1907
f 509 514 508
f 1486 1527 1485
f 1974 804 1975
f 1977 1974 1978
f 1980 1966 1981
f 379 2 295
f 1718 1710 1701
f 884 992 883
f 1680 1678 1679
f 902 525 524
f 344 256 299
f 135 137 136
f 236 228 333
f 448 1967 1966
f 589 604 584
f 910 908 907
f 1981 1968 1987
f 1982 1987 1979
f 1988 1987 1989
f 1990 1989 1991
f 1991 1993 1992
f 322 320 319
f 992 830 883
f 1144 1086 1143
f 1995 1978 1994
f 1133 1118 1126
f 1997 1994 1996
f 870 1335 1489
f 805 1982 1998
f 727 2000 1999
f 1996 1988 1990
f 1994 1979 1988
f 1829 792 1273
f 1830 941 983
f 798 800 799
f 729 731 730
f 2011 2023 2022
f 1834 846 1159
f 402 284 347
f 2022 2024 2025
f 1838 989 988
f 810 952 809
f 1823 1840 644
f 1430 1432 1431
f 1215 1841 1079
f 149 176 177
f 1316 873 872
f 2112 1384 2106
f 1842 1844 1845
f 1159 845 1160
f 837 1846 1120
f 1971 2030 2027
f 517 370 189
f 858 833 812
f 1471 2027 1888
f 3551 626 627
f 2174 770 490
f 935 1854 1010
f 1613 1611 1618
f 1231 1225 1295
f 1856 891 892
f 1300 748 741
f 1150 1858 1859
f 1643 696 1642
f 1215 1264 1216
f 1320 902 901
f 1956 1944 1960
f 2031 669 1474
f 2034 1310 1299
f 1879 1656 1657
f 40 242 39
f 1992 2039 1456
f 888 957 889
f 1882 1996 1990
f 1078 1255 1077
f 1871 1192 1090
f 294 218 219
f 1323 2026 1471
f 123 83 1484
f 1324 2041 1323
f 384 359 352
f 1324 2038 2036
f 1883 1885 1829
f 287 114 107
f 1096 1134 661
f 915 931 916
f 806 1981 1982
f 3533 584 604
f 1425 2042 1018
f 1018 1948 1017
f 3562 740 3519
f 1948 649 646
f 1881 1990 1991
f 1900 130 278
f 992 994 993
f 923 925 924
f 3878 2047 3876
f 1643 625 606
f 2050 2051 2049
f 2045 1404 2047
f 3876 945 3885
f 1139 1079 1841
f 1037 892 982
f 2055 2057 2056
f 1198 718 717
f 1619 1612 1611
f 2058 1606 2059
f 2059 1607 2058
f 2058 1624 1605
f 71 179 37
f 405 1557 382
f 976 1006 977
f 322 1972 1911
f 2061 2063 2062
f 2066 2067 1825
f 2052 2064 2051
f 1609 2066 1647
f 1515 152 1516
f 1009 993 1007
f 1644 3815 2118
f 279 1916 278
f 1285 3862 1284
f 1647 1825 1649
f 2056 2067 2065
f 319 1953 1952
f 667 1913 1914
f 2070 625 2048
f 2052 2055 2063
f 2038 1655 1458
f 1606 2073 2072
f 1235 1270 1236
f 2072 2075 2074
f 2059 2072 2062
f 2074 2077 2076
f 1601 2078 2073
f 2049 1643 1645
f 1000 1001 994
f 1089 684 689
f 1931 1306 1930
f 1462 1021 1022
f 1932 1934 1935
f 875 1846 998
f 1936 1937 1938
f 44 46 92
f 1534 1956 120
f 1541 317 391
f 2081 2084 2083
f 146 1959 300
f 1360 1942 1361
f 985 1032 1033
f 1995 1892 2043
f 2079 2082 2081
f 2095 2076 2077
f 2081 2078 2079
f 2055 2054 2053
f 501 2095 500
f 2097 2099 2098
f 2098 2094 2083
f 2140 3893 3866
f 2141 3894 3893
f 2051 2048 2049
f 592 2101 1576
f 2071 2076 2096
f 2102 2098 2101
f 593 2102 592
f 1019 746 747
f 1950 12 1327
f 725 2096 501
f 1385 2104 1379
f 1379 2106 1384
f 2107 2100 2097
f 3908 502 3896
f 3896 499 3901
f 940 2109 944
f 928 1170 973
f 3868 684 3899
f 1962 1964 1961
f 3878 573 3897
f 2039 1968 1969
f 1389 2110 2109
f 1398 2113 1397
f 3757 3753 3743
f 3911 2107 2103
f 949 924 1115
f 260 324 326
f 1390 2113 2110
f 2070 2064 2071
f 3867 2103 593
f 2105 1421 2114
f 2114 1423 2115
f 3892 2115 3903
f 3908 2114 3892
f 554 1902 553
f 972 967 966
f 1765 1573 1574
f 1984 1986 1983
f 2053 2069 2057
f 3573 724 714
f 1625 1674 1673
f 3881 2119 2122
f 3903 2123 3904
f 56 1906 55
f 626 3879 629
f 2001 2003 2004
f 3912 2127 3907
f 2006 2008 2009
f 2127 1412 2128
f 2014 2016 2017
f 2018 2020 2021
f 1495 1947 197
f 1379 1386 1385
f 3814 1680 1618
f 2029 1884 2028
f 3902 2120 3887
f 629 3914 3872
f 682 943 1089
f 724 2121 716
f 1757 3821 3845
f 765 3844 3809
f 3851 715 3852
f 706 3870 3872
f 981 987 980
f 1457 1656 1880
f 2017 2032 2033
f 1458 1868 1457
f 1776 1792 1793
f 1959 1946 1958
f 3663 3725 3661
f 3913 2122 3850
f 1093 689 1088
f 966 968 972
f 3852 3881 3913
f 2172 2170 2171
f 670 2137 669
f 3761 1903 233
f 1429 28 1449
f 964 978 971
f 3841 1413 2127
f 1473 669 2137
f 3834 1359 1358
f 2138 1870 2137
f 1872 2137 1870
f 715 3888 3881
f 1881 1992 1880
f 3843 739 740
f 1837 3513 3514
f 253 59 85
f 1808 3840 1807
f 1647 3818 1609
f 3865 671 668
f 2112 3883 2111
f 1405 2044 1438
f 3829 1364 1366
f 273 391 249
f 576 3520 3555
f 3875 668 2031
f 1430 2140 2139
f 2136 3860 28
f 1430 18 19
f 3893 570 695
f 1442 2046 2141
f 1431 2141 2140
f 3869 3850 2136
f 3808 1817 766
f 3866 695 671
f 2142 798 2138
f 571 2142 694
f 3819 1618 1611
f 2143 2025 2142
f 694 2138 670
f 681 2144 572
f 2144 2022 2143
f 328 457 290
f 1572 2011 2144
f 630 3903 624
f 2085 2087 2088
f 2090 2092 2089
f 572 2143 571
f 1875 2153 2149
f 1873 2149 2154
f 2103 2097 2102
f 2157 2155 2156
f 2128 1414 2120
f 3874 589 582
f 3872 628 629
f 2149 2158 2159
f 2159 3905 3890
f 698 3902 705
f 3823 3827 1817
f 2158 3874 3905
f 1438 2046 1439
f 2035 2160 2161
f 2161 3889 3886
f 3871 605 589
f 3873 18 3875
f 370 61 451
f 649 413 648
f 2153 2156 2158
f 1428 1449 1450
f 1490 73 1488
f 3890 710 633
f 2155 3891 3871
f 1456 1880 1992
f 2125 2087 2124
f 2160 3890 3889
f 300 505 323
f 1064 1046 1065
f 2043 1891 2155
f 2129 2004 2003
f 2131 2133 2134
f 3848 1450 1449
f 1998 804 805
f 3879 3864 3914
f 474 490 770
f 1164 1182 1177
f 707 3909 3870
f 708 2162 707
f 2162 3886 3909
f 548 1905 458
f 1145 1114 1171
f 705 1650 704
f 2043 1977 1995
f 737 554 559
f 1034 1191 1023
f 458 1907 275
f 195 232 233
f 2040 1969 1970
f 2145 2147 2148
f 2054 2049 1645
f 3832 1639 3818
f 9 11 10
f 252 506 258
f 472 479 471
f 1865 3791 3503
f 900 910 907
f 1941 2151 1942
f 1921 1927 1919
f 2163 1898 2116
f 271 153 178
f 1904 12 9
f 282 264 460
f 1872 2154 2035
f 1326 1897 2163
f 628 693 627
f 1724 1719 1723
f 1549 436 172
f 1582 1730 1729
f 1921 1929 1928
f 3563 10 11
f 2152 1950 1949
f 475 774 771
f 769 2171 473
f 2171 476 473
f 476 772 475
f 1791 464 1760
f 2166 2168 2169
f 595 372 98
f 483 1641 482
f 762 2173 470
f 771 484 492
f 486 1809 483
f 297 1517 296
f 763 2174 762
f 776 759 489
f 184 2176 2000
f 412 303 414
f 2005 185 224
f 3811 1682 3846
f 2164 756 764
f 1472 2161 2162
f 950 964 965
f 2177 2179 2180
f 227 1510 333
f 764 467 2164
f 2182 2184 2181
f 2186 2018 2185
f 1985 2181 1986
f 214 729 1531
f 1545 1546 1569
f 865 842 866
f 849 1357 1362
f 452 1558 454
f 559 3188 737
f 16 737 3188
f 560 498 374
f 3193 3195 3194
f 3200 3198 3199
f 3211 3213 3212
f 3215 3217 3216
f 2187 2002 2001
f 2169 2189 2190
f 2192 2085 2191
f 2193 2195 2196
f 2198 2200 2197
f 1998 1979 1975
f 3664 3668 3671
f 2116 1903 1902
f 1859 2009 1150
f 3904 2126 3906
f 1135 1087 1130
f 2201 2015 2014
f 1149 110 1858
f 3221 3218 3215
f 2203 2205 2206
f 579 1895 1019
f 1755 2208 1756
f 3891 1893 605
f 1211 2150 1727
f 868 2210 2209
f 944 930 940
f 2130 2202 2201
f 233 1898 195
f 665 750 666
f 1167 999 618
f 2211 2213 2214
f 2215 2217 2218
f 3867 590 3868
f 2220 220 2219
f 823 948 1094
f 3225 3227 3226
f 266 455 265
f 3882 2107 3883
f 2221 3519 3517
f 2223 2225 2226
f 2207 2124 2208
f 673 3869 3864
f 817 996 815
f 2227 2146 2145
f 1947 646 749
f 3900 17 3873
f 2229 1638 1381
f 1679 1618 1680
f 1637 2232 2230
f 2233 1617 1616
f 2231 2236 2237
f 1381 2238 1382
f 3586 2242 3587
f 1630 2233 1631
f 1681 472 469
f 1408 2243 2244
f 3236 3238 3237
f 3232 3240 3235
f 1637 2238 1638
f 3237 3233 3234
f 1409 1634 2245
f 1380 2247 2246
f 1628 2245 1621
f 2249 1622 1633
f 1632 1408 2244
f 2248 1631 2250
f 2235 1637 1636
f 3245 3199 3198
f 631 2071 725
f 515 52 49
f 782 2251 1251
f 2253 2255 2252
f 397 459 784
f 1456 2040 1455
f 2040 2036 1455
f 1401 2111 1398
f 2041 1970 2026
f 1535 414 1965
f 1586 2080 2079
f 2256 1132 1886
f 1700 3918 3919
f 3815 1686 3817
f 1263 1886 1096
f 598 844 599
f 2257 2259 2260
f 2258 2262 2259
f 2259 2263 2216
f 2260 2216 2215
f 1967 1970 1969
f 2212 1963 2213
f 922 2218 2217
f 1312 1101 2264
f 1307 1286 789
f 1548 1546 1972
f 2266 2268 2265
f 2265 2270 2269
f 2272 2269 2271
f 2273 2265 2272
f 2275 2277 2274
f 2278 2277 2279
f 2284 3617 3639
f 2287 2286 2281
f 2288 2283 2287
f 2290 3639 3620
f 2291 2293 2294
f 2295 2294 2279
f 2296 2291 2295
f 2297 2292 2291
f 2294 2299 2300
f 2279 2300 2278
f 2298 2302 2292
f 2292 2303 2293
f 2293 2304 2299
f 2304 2306 2299
f 2306 2300 2299
f 2308 2310 2307
f 2302 2310 2303
f 2301 2307 2302
f 2312 2307 2311
f 2313 2315 2316
f 2318 2320 2317
f 3748 2322 2323
f 2324 2273 2326
f 2313 2326 2327
f 2328 2313 2316
f 2329 2324 2328
f 2331 2333 2330
f 2330 2267 2266
f 2325 2266 2273
f 2329 2330 2325
f 2333 2335 2267
f 2336 2333 2332
f 2338 2332 2337
f 2331 2337 2332
f 2329 2339 2331
f 2328 2340 2329
f 2316 2341 2328
f 2342 2315 2343
f 2344 2346 2347
f 2341 2347 2340
f 2342 2344 2341
f 2348 2345 2344
f 2350 2352 2353
f 2339 2353 2337
f 2340 2350 2339
f 2347 2351 2350
f 2337 2354 2338
f 2353 2355 2354
f 2356 2276 2357
f 2356 2358 2359
f 2356 2296 2295
f 2279 2356 2295
f 2360 2270 2268
f 2267 2360 2268
f 2362 2364 2365
f 2362 2361 2358
f 2366 2358 2357
f 2366 2363 2362
f 2357 2368 2366
f 2366 2369 2367
f 2276 2370 2368
f 2368 2282 2369
f 2372 2374 2371
f 2375 2377 2007
f 2378 2380 2381
f 2382 2381 2383
f 2384 2378 2382
f 2385 2379 2378
f 2388 2390 2387
f 2387 2392 2391
f 2393 2387 2391
f 2394 2388 2387
f 2186 2402 2400
f 2403 2327 2326
f 2272 2326 2273
f 2271 2403 2272
f 2405 2404 2403
f 2404 2408 2327
f 2409 2411 2412
f 2409 2271 2269
f 2413 2269 2270
f 2413 2410 2409
f 2417 2416 2418
f 2417 2406 2405
f 2412 2405 2271
f 2411 2417 2412
f 2406 2407 2404
f 3569 632 713
f 2420 2397 2421
f 2420 2423 2422
f 2424 2422 2419
f 2424 2398 2420
f 2425 2392 2426
f 2421 2426 2423
f 2397 2425 2421
f 2396 2391 2425
f 2427 2315 2314
f 2427 2408 2428
f 2430 2428 2429
f 2343 2427 2430
f 2432 2430 2431
f 2431 2429 2433
f 2435 2433 2434
f 2436 2431 2435
f 2428 2407 2437
f 2422 2407 2419
f 2438 2422 2423
f 2429 2437 2438
f 2440 2433 2439
f 2441 2433 2429
f 2442 2439 2441
f 2443 2440 2439
f 2445 2444 2443
f 2447 2443 2442
f 2383 2445 2447
f 2381 2446 2445
f 2448 2423 2426
f 2449 2426 2392
f 2441 2449 2442
f 2441 2438 2448
f 2449 2390 2450
f 2450 2389 2451
f 2447 2451 2383
f 2442 2450 2447
f 2451 2453 2452
f 2452 2455 2454
f 2382 2454 2384
f 2383 2452 2382
f 2456 2373 2372
f 2459 2461 2458
f 2463 2465 2462
f 2462 2285 2284
f 2466 2284 2290
f 2467 2462 2466
f 2461 3703 3701
f 2468 2470 2471
f 2472 2471 2473
f 2474 3701 3688
f 2475 2477 2478
f 2458 2453 2479
f 2479 2389 2388
f 2395 2479 2388
f 2480 2458 2479
f 2481 2483 2478
f 2484 2485 221
f 2471 2464 2463
f 2473 2463 2467
f 2487 2466 2486
f 2486 2290 2488
f 2490 2488 2489
f 2491 2486 2490
f 2492 2467 2487
f 2493 2487 2491
f 2494 2492 2493
f 2495 2473 2492
f 3690 2474 3688
f 3691 2496 3690
f 2498 2493 2499
f 2500 2499 2501
f 3700 2498 2500
f 3687 2494 2498
f 2306 2278 2300
f 2305 2504 2306
f 2504 2507 2506
f 2506 2288 2508
f 2274 2508 2275
f 2278 2506 2274
f 3633 2489 2488
f 3620 2488 2290
f 2507 2289 2288
f 2505 2509 2507
f 2508 2287 2511
f 2511 2281 2280
f 2370 2280 2282
f 2275 2511 2370
f 2512 2489 2513
f 2514 2513 2515
f 2517 2514 2516
f 2517 2490 2512
f 2499 2491 2517
f 2499 2516 2501
f 2510 2519 2518
f 2518 2521 2520
f 3616 2520 3621
f 3632 2518 3616
f 2522 2303 2310
f 2523 2310 2309
f 2305 2522 2524
f 2524 2523 2525
f 2519 2525 2521
f 2505 2524 2519
f 2308 2527 2526
f 2526 2529 2528
f 2531 2528 2530
f 2309 2526 2531
f 1214 2151 1211
f 2419 2418 2424
f 2533 2349 2317
f 2534 2317 2320
f 2535 2533 2534
f 2536 2345 2533
f 2537 2346 2536
f 2538 2536 2535
f 2539 2537 2538
f 2540 2351 2537
f 2312 2541 2527
f 2527 2542 2529
f 2543 2434 2544
f 2545 2544 2546
f 2319 2543 2545
f 2318 2435 2543
f 2514 2548 2547
f 2547 2550 2549
f 2552 2549 2551
f 2552 2514 2547
f 2520 2554 2553
f 2553 2556 2555
f 3590 2555 3593
f 3621 2553 3590
f 2523 2531 2557
f 2557 2530 2558
f 2525 2557 2559
f 2559 2558 2560
f 2554 2560 2556
f 2521 2559 2554
f 2561 2007 2006
f 2376 2225 2377
f 2564 2566 2563
f 2563 338 2567
f 2569 2567 2568
f 2570 2563 2569
f 2572 2574 2571
f 2571 2576 2575
f 2544 2575 2546
f 2544 2572 2571
f 2578 2569 2577
f 2579 2569 2568
f 2574 2579 2576
f 2573 2577 2574
f 2581 2583 2580
f 2584 2583 2585
f 3697 2580 2584
f 3676 2580 3675
f 2582 2552 2583
f 2583 2551 2585
f 2500 2589 2588
f 2590 2589 2591
f 3693 2588 2590
f 3695 2500 2588
f 2501 2591 2589
f 2592 2594 2595
f 2386 2503 2502
f 2596 2386 2374
f 2596 2373 2597
f 2599 2597 2598
f 2599 2379 2596
f 2600 2380 2599
f 2600 2598 2601
f 2603 2601 2602
f 2603 2446 2600
f 2604 2602 2605
f 2440 2605 2434
f 2444 2604 2440
f 2606 2581 2607
f 2606 2590 2591
f 2591 2582 2606
f 3676 2456 3689
f 3689 2372 3693
f 2478 2608 2481
f 2609 2611 2199
f 2564 2613 2612
f 2612 2598 2597
f 2457 2597 2373
f 2565 2612 2457
f 2614 2570 2578
f 2615 2578 2573
f 2602 2614 2615
f 2601 2613 2614
f 2572 2605 2616
f 2616 2602 2615
f 2573 2616 2615
f 1459 1045 1021
f 1265 1079 1082
f 1612 1609 1611
f 2067 2069 2068
f 1135 1136 1148
f 1938 2618 2617
f 95 458 128
f 2058 1608 1612
f 1454 1445 1367
f 655 1048 2619
f 722 2621 723
f 1131 1033 1134
f 562 366 1497
f 1723 1725 1591
f 1786 1122 1787
f 267 323 266
f 1325 1654 2038
f 1468 1435 1479
f 658 529 528
f 8 247 7
f 382 1559 3
f 788 1307 789
f 940 929 928
f 911 2623 912
f 2621 655 654
f 2624 2625 2626
f 998 27 26
f 635 2626 2625
f 2627 644 1840
f 2628 1840 2629
f 1200 2627 2628
f 1199 641 2627
f 1520 49 477
f 1452 1349 1451
f 2630 1859 1858
f 644 1335 1823
f 1197 717 2632
f 2632 719 1166
f 2628 1166 1200
f 2629 2632 2628
f 1762 1050 821
f 1823 873 1839
f 2634 794 652
f 1028 1027 1161
f 1042 2635 1043
f 93 1901 1924
f 2036 1458 1455
f 1527 1525 1526
f 877 1274 1277
f 134 797 1544
f 1328 931 1329
f 607 1091 1161
f 1043 2637 2636
f 2636 2639 2638
f 1275 2638 1276
f 1275 1043 2636
f 1272 2626 2640
f 2640 638 637
f 1110 2640 637
f 536 2640 2641
f 1472 1474 1473
f 2042 1951 649
f 1058 1105 1059
f 2642 2643 2644
f 1192 2644 1193
f 912 2642 1192
f 3898 3526 3786
f 1049 2620 2621
f 616 1885 613
f 1331 666 750
f 990 1198 525
f 1911 321 322
f 1298 1205 2645
f 76 1504 75
f 1502 421 422
f 610 658 691
f 1146 659 938
f 2646 914 936
f 1280 1238 1279
f 975 2647 2648
f 2647 975 974
f 1453 1452 1451
f 1514 158 151
f 835 1843 1842
f 1271 1173 1289
f 2649 813 2650
f 1893 1826 1894
f 1050 1937 1051
f 2651 814 813
f 1006 1281 977
f 2653 2654 2655
f 1001 1003 1002
f 585 679 558
f 2624 621 620
f 555 2028 556
f 1207 1197 2629
f 1626 478 472
f 426 419 1567
f 1030 1773 1031
f 3898 634 3880
f 534 138 262
f 1125 1042 1041
f 333 88 227
f 569 561 730
f 1489 871 870
f 1857 620 891
f 1673 3770 3763
f 622 864 1308
f 2647 974 2657
f 619 891 620
f 261 545 262
f 393 1556 404
f 2658 2647 2657
f 1075 2657 917
f 1081 2658 1075
f 1080 2659 2658
f 2644 1141 2660
f 2660 1140 1336
f 642 1336 643
f 1193 2660 642
f 679 555 558
f 1503 1500 1502
f 1318 1101 1100
f 2661 1139 1142
f 2661 2663 2662
f 2662 2659 2661
f 2662 2622 2664
f 2664 911 2646
f 2648 2646 1146
f 2648 2662 2664
f 2083 2093 2081
f 1442 1437 1439
f 519 330 51
f 1885 1209 613
f 799 805 804
f 1946 1952 1953
f 1302 1253 1252
f 566 224 533
f 1389 928 1388
f 683 681 680
f 836 1842 2665
f 2665 1845 1303
f 2666 1303 1302
f 24 2665 2666
f 831 2650 832
f 1845 1304 1303
f 2010 2012 2011
f 1051 2667 2668
f 1522 1511 1523
f 531 441 522
f 782 1251 1250
f 1250 2625 2669
f 2669 1857 1856
f 783 1856 1037
f 782 2669 783
f 720 2671 721
f 1055 1930 1056
f 1333 1251 2251
f 619 1308 1307
f 652 2619 2634
f 521 1539 1540
f 1838 537 2672
f 2672 536 2641
f 1113 2641 1110
f 1113 1838 2672
f 1016 1351 1045
f 3897 570 3894
f 226 104 101
f 3564 3827 1818
f 1036 1884 1883
f 2674 1304 2673
f 2673 1844 2675
f 1334 2675 1039
f 1333 2673 1334
f 2676 1039 2675
f 1843 2675 1844
f 942 2676 1843
f 1074 702 2676
f 811 859 858
f 752 1055 753
f 1200 656 1026
f 1120 874 2677
f 2677 877 1052
f 1241 1052 1005
f 1119 2677 1241
f 1560 151 1515
f 1208 611 523
f 215 736 214
f 1460 1462 1461
f 1208 1839 873
f 854 1282 1297
f 72 182 179
f 544 1565 512
f 217 456 457
f 2047 930 945
f 1204 1937 2633
f 913 686 685
f 840 1113 1112
f 1531 730 561
f 2678 1283 801
f 601 1914 602
f 1537 459 460
f 1819 3509 3527
f 991 862 538
f 2679 1073 1830
f 2680 983 2256
f 779 2256 1263
f 778 2680 779
f 2678 1830 2680
f 180 245 40
f 1886 1131 1134
f 1138 1274 1255
f 1841 1140 1139
f 75 314 74
f 193 420 192
f 2681 1099 1098
f 170 1565 169
f 349 417 432
f 1121 2684 2683
f 547 409 302
f 123 121 120
f 2643 1142 1141
f 1542 513 1543
f 899 907 919
f 1210 676 867
f 791 982 892
f 24 837 836
f 893 932 931
f 1860 863 862
f 535 862 861
f 832 813 812
f 2650 813 832
f 1569 1547 1568
f 181 542 180
f 660 937 688
f 2013 568 2012
f 887 2631 2630
f 1524 361 78
f 520 162 1529
f 2653 854 2685
f 1238 2655 2686
f 718 527 530
f 1492 518 1491
f 792 615 793
f 599 1835 596
f 290 456 175
f 312 1552 425
f 1248 1179 1249
f 153 177 178
f 1240 1222 1221
f 1257 1235 1071
f 1291 1083 1222
f 1052 1277 1053
f 743 2618 1204
f 444 430 443
f 23 1172 1187
f 2687 1180 1179
f 102 409 134
f 1283 610 801
f 373 650 651
f 1180 1084 1291
f 855 2655 1237
f 1173 1917 1174
f 2689 853 2688
f 2688 1108 1279
f 2686 1279 1238
f 2687 2688 2686
f 2691 1252 2690
f 2690 850 2689
f 1248 2689 2687
f 1248 2691 2690
f 2692 24 2666
f 2691 2666 1302
f 1247 2692 2691
f 1258 617 2692
f 394 1555 393
f 2693 1259 1223
f 1072 1262 1261
f 1257 1168 1258
f 398 1555 1554
f 871 1314 872
f 1178 1249 1179
f 1224 1173 1172
f 1010 2618 742
f 1175 1292 1269
f 2654 2686 2655
f 2694 1216 1264
f 71 1487 70
f 701 1111 1038
f 1072 2649 2650
f 1085 22 21
f 895 1264 896
f 1601 1605 1604
f 1259 1271 1289
f 21 1220 1083
f 988 538 537
f 598 1336 1140
f 820 1762 821
f 1050 818 821
f 1298 1761 2652
f 1168 618 617
f 858 1256 833
f 39 516 1536
f 2652 819 814
f 313 315 314
f 2026 1971 2027
f 2656 596 1835
f 814 818 811
f 2696 813 2649
f 1260 2649 1261
f 2693 2696 1260
f 2697 2651 2696
f 381 390 380
f 3818 1611 1609
f 1475 1428 1227
f 1292 1917 1235
f 1551 354 1518
f 1526 1523 1511
f 1593 1595 1573
f 1232 1246 1249
f 2695 1223 22
f 2698 1296 2697
f 2698 2693 2695
f 2685 2695 1085
f 2685 1297 2698
f 562 271 272
f 2652 1296 1298
f 1365 1364 1363
f 1958 1953 1957
f 585 2210 997
f 1561 1515 435
f 975 1146 976
f 347 68 346
f 1038 636 1068
f 2700 780 2699
f 2699 1036 1883
f 2701 1883 1829
f 851 2699 2701
f 2674 2251 2702
f 2702 781 2700
f 1253 2700 851
f 1301 2702 1253
f 1519 388 1550
f 1273 1280 2703
f 2703 1107 852
f 2701 852 851
f 1829 2703 2701
f 91 326 90
f 1784 2656 1785
f 2683 2705 2704
f 604 3499 3533
f 1669 3548 1662
f 2062 2060 2059
f 621 861 622
f 2023 732 2024
f 686 1263 687
f 857 2668 1328
f 883 882 879
f 637 1111 1110
f 2668 893 1328
f 2667 894 2668
f 1039 1068 1334
f 313 1504 1505
f 1911 305 453
f 1936 1964 2212
f 2707 2401 2183
f 2708 2183 2182
f 738 2116 554
f 2349 2432 2436
f 2711 2020 2019
f 2400 2019 2186
f 2714 2716 2713
f 2717 2719 2720
f 2721 2723 2724
f 2726 2728 2725
f 2725 2730 2729
f 2731 2729 2709
f 2732 2725 2731
f 2734 2736 2733
f 2738 2740 2737
f 2737 2741 2742
f 2744 2746 2743
f 2745 2748 2747
f 2749 2747 2751
f 2753 2751 2752
f 2250 2246 2248
f 2754 1614 2755
f 3598 2755 3609
f 3608 2747 3609
f 1617 2755 1614
f 2242 1620 2757
f 2191 2760 2759
f 2761 2760 2762
f 3648 2761 3649
f 3623 2759 3648
f 3209 3223 3224
f 1395 2236 2235
f 1395 1636 1615
f 1616 2229 2233
f 1617 2763 2756
f 2756 3628 3608
f 2765 2234 1630
f 2766 3628 3622
f 3202 3246 3247
f 1516 435 1515
f 2768 3552 3553
f 1495 578 1424
f 2135 28 17
f 3526 2773 2774
f 1690 3926 3925
f 2778 2780 2777
f 2777 2781 2782
f 2784 2777 2783
f 3555 575 576
f 1494 9 540
f 3529 2015 3566
f 451 505 450
f 2786 2788 2785
f 2779 2785 2780
f 2789 2741 2740
f 2790 2752 2789
f 2792 2794 2791
f 2793 2796 2794
f 2796 2750 2749
f 2794 2749 2753
f 2798 1396 2754
f 3591 2754 3598
f 2798 2800 1393
f 3591 2799 2798
f 2797 2795 2801
f 2791 2753 2790
f 216 232 54
f 3804 2807 3803
f 3805 2804 3803
f 2769 3557 3552
f 183 184 97
f 2811 2775 2776
f 2804 2776 2805
f 2809 2811 2804
f 2812 2813 2814
f 3805 2816 3795
f 3796 2815 3795
f 3798 2820 2821
f 3793 2819 3798
f 2824 2735 2819
f 2823 2824 2819
f 2825 2826 2724
f 3793 2827 3792
f 3796 2826 3792
f 2713 2829 2828
f 2828 2831 2830
f 2822 2828 2830
f 2821 2713 2828
f 2832 2822 2830
f 2833 2830 2831
f 2834 2832 2833
f 2835 2827 2832
f 2837 2839 2836
f 2836 2841 2840
f 2842 2840 2727
f 2843 2836 2842
f 2840 2845 2844
f 2718 2845 2719
f 2730 2844 2718
f 2727 2844 2728
f 2846 2719 2845
f 2846 2841 2847
f 2829 2847 2831
f 2829 2716 2846
f 2847 2839 2848
f 2848 2838 2849
f 2833 2849 2834
f 2831 2848 2833
f 2850 2851 2852
f 2853 2852 2854
f 2783 2782 2855
f 2785 2853 2856
f 2780 2856 2781
f 2857 2855 2782
f 2859 2782 2781
f 2861 2842 2860
f 2860 2727 2726
f 2862 2726 2732
f 2863 2860 2862
f 2861 2858 2857
f 2843 2857 2859
f 2856 2854 2864
f 2781 2864 2859
f 2837 2859 2864
f 2838 2864 2854
f 2852 2834 2849
f 2854 2849 2838
f 2865 2818 2835
f 2851 2835 2834
f 2813 2815 2865
f 2814 2865 2851
f 2866 2814 2850
f 2788 2850 2853
f 2866 2787 2867
f 2812 2867 2775
f 1892 1890 1891
f 2720 2846 2870
f 298 256 257
f 2872 2713 2820
f 3794 2735 2734
f 2729 2874 2873
f 2846 2715 2870
f 2876 2878 2875
f 2733 2878 2734
f 3806 2879 2880
f 3806 2872 3794
f 2882 2884 2881
f 2881 2715 2714
f 2880 2714 2872
f 2879 2881 2880
f 2885 2887 2888
f 2888 2890 2885
f 2885 2892 2891
f 2893 2885 2891
f 1942 2532 2894
f 2895 2720 2870
f 2884 2870 2715
f 2883 2895 2884
f 2896 2892 2895
f 2889 2717 2890
f 2890 2720 2892
f 2897 2891 2896
f 2898 2896 2883
f 2899 2883 2882
f 2900 2882 2879
f 3797 2879 3807
f 2876 2901 2877
f 2901 2904 2903
f 1785 1835 1834
f 2905 2899 2900
f 2907 2897 2898
f 3797 2903 3799
f 632 577 633
f 3532 2867 2787
f 434 550 350
f 2768 3640 3643
f 2910 1623 2249
f 2241 2758 2242
f 3640 2913 3652
f 1623 2757 1620
f 3587 2757 3652
f 2229 1380 2250
f 2765 1629 2914
f 2915 1629 2912
f 3642 2914 2915
f 3641 2765 2914
f 2919 3642 3613
f 2918 2912 2241
f 3614 2241 3586
f 3618 3613 3670
f 3541 2180 3496
f 3521 2188 3506
f 3705 714 3851
f 2925 2917 2924
f 2924 2916 2919
f 3610 2919 3618
f 3611 2924 3610
f 2926 2766 2925
f 3658 2925 3611
f 1715 1705 1710
f 785 498 796
f 1387 565 1791
f 374 1899 560
f 3573 2206 3556
f 2929 2886 2893
f 2932 2934 2931
f 1905 1908 1907
f 2930 2936 2937
f 2938 2930 2929
f 1493 517 518
f 1603 1586 1602
f 2939 2929 2908
f 2940 2908 2907
f 3665 1600 3661
f 2886 2937 2887
f 2906 2898 2899
f 2908 2893 2897
f 2942 2933 2941
f 2941 2937 2936
f 3501 2936 3513
f 3498 2941 3501
f 2943 2710 2873
f 2943 2874 2889
f 2945 2889 2888
f 2946 2943 2945
f 2932 2888 2887
f 2931 2945 2932
f 727 1929 728
f 2903 2947 2948
f 545 42 262
f 1480 533 251
f 2907 2949 2940
f 2906 2950 2949
f 1558 215 202
f 3799 2948 3801
f 2054 1644 2118
f 3705 2203 3573
f 1828 1849 1827
f 2953 2955 2952
f 2952 2957 2956
f 2956 2258 2952
f 2953 2258 2257
f 2454 2474 2496
f 3747 2959 3766
f 3747 2131 3737
f 2961 2963 2958
f 2958 2964 2959
f 222 2485 2965
f 2477 2966 2608
f 2631 2006 1859
f 2384 2496 2497
f 2967 2959 2964
f 2968 2970 2969
f 3759 2971 3784
f 3784 2960 3766
f 2972 2033 2032
f 2007 2973 2008
f 3560 2134 2133
f 1836 1832 1831
f 3506 2090 3551
f 955 959 956
f 672 674 673
f 633 713 632
f 2024 733 803
f 2025 803 798
f 425 1550 388
f 2975 888 887
f 1319 1157 2694
f 1212 2977 1213
f 889 2228 2227
f 1978 1975 1979
f 1138 1329 915
f 751 2979 2978
f 1619 1625 1624
f 2252 1728 1727
f 1157 845 1216
f 2706 1938 2617
f 2980 2254 2981
f 2982 887 2630
f 802 711 2679
f 678 2029 2028
f 527 690 528
f 1839 2629 1840
f 2983 602 1914
f 2983 1913 1331
f 2985 1331 1054
f 2986 2983 2985
f 2987 2635 2634
f 2985 2639 2986
f 2990 1318 2989
f 2991 2993 2994
f 2995 2994 2996
f 1106 2991 2995
f 1058 2992 2991
f 1415 1365 1367
f 1317 2217 2997
f 1932 2255 2980
f 926 2999 664
f 3001 2992 3000
f 3000 1057 2978
f 2999 2978 2979
f 2998 3000 2999
f 3002 2209 3003
f 3002 2996 2994
f 2993 3002 2994
f 3001 2998 3002
f 1103 2995 3004
f 3004 2996 3003
f 2209 3004 3003
f 588 3004 2210
f 295 433 381
f 2638 2988 3005
f 3005 1056 1930
f 1305 1930 1306
f 1276 3005 1305
f 1987 1993 1989
f 2633 1761 2645
f 1423 1417 1419
f 3561 739 703
f 2671 2704 2705
f 1473 2035 1472
f 922 2694 895
f 1401 1378 1384
f 556 1884 1037
f 842 3825 3836
f 1854 2617 1010
f 933 1081 1075
f 1440 1436 1437
f 529 719 530
f 1031 1027 1028
f 777 912 1871
f 2645 1204 2633
f 441 1538 1537
f 790 587 586
f 2065 1610 1607
f 1860 990 902
f 60 87 59
f 1424 1948 1947
f 332 1507 331
f 261 138 135
f 187 449 507
f 1719 1726 1725
f 1931 1059 3006
f 3006 1105 1104
f 1287 1104 587
f 1286 3006 1287
f 3007 3009 3010
f 3009 653 795
f 618 26 25
f 2029 1210 1209
f 957 600 2228
f 1049 2228 600
f 2631 3011 2561
f 890 2227 3011
f 3011 2145 3012
f 2561 3012 2375
f 1026 609 608
f 2706 1961 1964
f 3013 2485 3014
f 2148 1267 3015
f 3015 1266 1311
f 2997 1101 1317
f 642 1773 1193
f 186 461 511
f 1041 1320 901
f 1121 3017 1122
f 2984 2987 3018
f 3018 2634 2619
f 1048 3018 2619
f 603 2984 3018
f 2679 801 802
f 2062 2074 2061
f 2061 2076 2064
f 414 1545 1965
f 3016 2683 3019
f 3019 2704 2670
f 3020 2670 720
f 3007 3019 3020
f 1871 1091 777
f 3021 1122 3017
f 3022 3017 3010
f 1314 3022 1315
f 1784 3021 1314
f 1316 1763 611
f 3023 3010 3009
f 3023 795 1092
f 1763 1092 1125
f 1315 3023 1763
f 3016 3010 3017
f 752 2978 1057
f 2986 2637 2987
f 3024 653 3008
f 3020 3008 3007
f 720 3024 3020
f 723 654 3024
f 2681 1268 3025
f 2671 1268 721
f 2705 3025 2671
f 1313 3027 1311
f 3026 3029 3027
f 3027 3030 3031
f 1311 3031 3015
f 2012 731 2023
f 917 974 977
f 743 856 744
f 1888 2030 1425
f 2682 2684 3032
f 3032 1124 2989
f 1100 2989 1318
f 1099 3032 1100
f 1123 2989 1124
f 3033 1159 1158
f 2990 1158 1319
f 1123 3033 2990
f 1786 1834 3033
f 1054 2988 2985
f 2979 664 2999
f 2623 2663 2643
f 1095 688 687
f 3034 2261 2956
f 3036 2956 2957
f 3037 3034 3036
f 3038 3035 3034
f 3040 3026 1313
f 2263 3041 3040
f 3042 3043 3041
f 3041 3028 3026
f 3044 3043 3039
f 3046 3045 3044
f 3047 3049 3045
f 3043 3049 3028
f 3038 3051 3050
f 3050 3053 3052
f 3052 3044 3050
f 3039 3050 3044
f 3054 3039 3042
f 3042 2262 3054
f 2261 3054 2262
f 2216 2997 2217
f 2212 2667 1936
f 3056 2209 3055
f 934 1961 1854
f 2013 3757 567
f 3058 3060 3061
f 3059 3063 3060
f 3060 2213 1963
f 3061 1963 1962
f 3063 2214 2213
f 3062 3064 3063
f 3065 2260 3064
f 3064 2215 2214
f 3066 3031 3030
f 2608 3067 3066
f 2966 3068 3067
f 3031 3068 3015
f 2455 2461 2474
f 2476 2226 2477
f 3551 2089 3525
f 3526 3769 3786
f 433 355 381
f 2115 1419 2123
f 3509 2922 3527
f 3769 2131 2134
f 3069 2167 2166
f 2971 2928 2960
f 2961 2773 2962
f 3070 2478 2483
f 2610 3071 2954
f 2502 2374 2386
f 3072 2595 3073
f 2964 3052 2967
f 3048 3074 3049
f 2593 3075 3074
f 3075 3029 3074
f 3074 3028 3049
f 3072 3075 2592
f 3076 2482 2481
f 2481 3066 3076
f 3076 3030 3075
f 2967 3053 2970
f 2482 3073 2483
f 479 493 494
f 706 3873 709
f 3561 2221 3517
f 2013 3754 3755
f 3533 2016 3529
f 3562 2222 2974
f 1171 1155 1176
f 2586 2565 2587
f 2982 113 2484
f 2562 3077 3068
f 2376 3012 3077
f 3012 2148 3077
f 3077 3015 3068
f 2963 3046 2964
f 3051 2970 3053
f 1683 491 775
f 3850 1447 3860
f 1986 3734 3768
f 3079 2546 2575
f 3081 2575 2576
f 1983 3768 3765
f 3082 2319 2545
f 3080 2545 2546
f 3734 3082 3080
f 3732 2323 3082
f 1309 1888 748
f 3073 2772 2771
f 2760 3084 2762
f 2760 2088 3083
f 3085 3086 3087
f 3089 3090 3088
f 3089 3084 3085
f 3092 3090 3091
f 3093 2744 2743
f 2751 2748 3093
f 3093 2752 2751
f 2742 3093 3094
f 3094 2743 3095
f 3096 3098 3087
f 3099 3087 3086
f 3097 3095 3098
f 3100 2746 3101
f 3101 3102 3100
f 2764 2927 3101
f 2745 3101 2746
f 3102 3091 3100
f 3100 3095 2743
f 2869 3592 3634
f 3102 3104 3092
f 3658 2869 3634
f 2927 3103 3102
f 3098 3091 3090
f 3087 3090 3085
f 2088 3105 3083
f 3083 3086 3084
f 2483 2771 3070
f 2401 2185 2321
f 3099 3105 3106
f 2125 3106 3105
f 3108 2742 3107
f 3107 3094 3097
f 3110 3107 3109
f 3109 3097 3096
f 3111 3096 3099
f 3112 3109 3111
f 3113 2737 3108
f 3115 2722 3114
f 3117 3114 3116
f 3119 3116 3118
f 3118 3120 3121
f 3116 3113 3120
f 3122 3111 3123
f 3122 1755 1754
f 3124 3126 3127
f 3125 3121 3126
f 3128 3118 3125
f 3129 3125 3124
f 2020 3128 3129
f 3853 1346 1352
f 1065 1047 1066
f 1814 3830 1649
f 2021 3129 3130
f 3111 3106 3123
f 3123 2207 1755
f 2377 2224 2973
f 3014 113 112
f 1756 3782 3767
f 3131 2530 2528
f 3133 2528 2529
f 1753 3767 3775
f 3134 3127 3135
f 2327 2314 2313
f 2436 2317 2349
f 2018 3711 3712
f 2534 3137 2535
f 2320 3136 2534
f 2185 3712 3771
f 3138 2542 2539
f 3134 3744 3745
f 3785 3134 3745
f 3140 2539 2538
f 2535 3140 2538
f 3711 3130 3785
f 2558 3132 3141
f 3782 3141 3132
f 2560 3141 3142
f 3760 3142 3141
f 958 2976 2981
f 1933 2980 3143
f 2399 2418 2416
f 2348 2343 2432
f 2322 2319 2323
f 2718 2874 2730
f 2709 2873 2710
f 2894 1361 1942
f 346 176 347
f 1876 1882 1881
f 2802 3607 3592
f 3104 3088 3092
f 2974 3649 3603
f 3089 2761 2762
f 3088 3145 3089
f 2803 3603 3607
f 3870 692 628
f 2123 1418 2126
f 1365 1368 1367
f 1581 1782 1783
f 3569 2129 3520
f 3555 2002 3521
f 3146 2551 3147
f 3751 3147 3750
f 3742 3146 3751
f 3149 2585 3146
f 3196 3197 3195
f 3604 2191 3623
f 3142 2556 2560
f 3777 3150 3142
f 3646 2550 3593
f 3150 2555 2556
f 3778 3151 3150
f 3788 3152 3646
f 3153 2551 2549
f 3152 2549 2550
f 3781 3153 3152
f 3776 3147 3153
f 3148 2206 2205
f 2183 2321 2184
f 2132 2928 2133
f 3684 2204 2203
f 3719 2197 3721
f 2594 2773 2951
f 2595 2951 2772
f 1870 799 1869
f 3713 2178 3706
f 3706 3736 3790
f 336 3774 3722
f 339 3154 336
f 3789 3149 3742
f 3683 2584 3149
f 2963 3048 3047
f 3722 337 336
f 339 2566 2586
f 3156 2168 2167
f 2610 2167 2611
f 2954 3156 2610
f 3157 2953 2257
f 3707 2169 3709
f 2567 3159 2568
f 337 2567 338
f 3730 2166 3707
f 3764 1983 3765
f 2579 3081 2576
f 2568 3160 2579
f 3709 2190 3764
f 3065 3162 3161
f 3161 1984 2189
f 3157 2189 2168
f 2257 3161 3157
f 734 1922 806
f 3059 2708 3163
f 3163 2182 1985
f 3162 1985 1984
f 3062 3163 3162
f 3203 3205 3204
f 2122 1448 1447
f 3817 1685 3812
f 139 444 69
f 1570 566 533
f 2957 3165 3036
f 2955 3164 2957
f 1912 341 1973
f 3130 3124 3134
f 1548 319 1547
f 1949 1327 1887
f 2969 3078 3167
f 3167 3169 3168
f 3724 2017 3720
f 3720 2033 3759
f 3168 3165 3170
f 3170 3164 3171
f 3779 3171 3756
f 3724 3170 3779
f 3171 3166 3172
f 3172 3071 3173
f 3752 3173 3749
f 3756 3172 3752
f 3169 3036 3165
f 2593 2962 2594
f 3173 2609 3174
f 3174 2199 2198
f 3783 2198 3719
f 3749 3174 3783
f 2190 1984 1983
f 2196 2767 3148
f 2119 1414 1448
f 1464 1466 1465
f 2199 3069 2200
f 2457 2587 2565
f 2226 2562 2966
f 481 1627 1639
f 333 235 236
f 3078 3037 3169
f 3040 2997 2263
f 2219 1933 2220
f 2385 2497 2503
f 221 3175 2484
f 2220 3143 3175
f 3175 2976 2975
f 2484 2975 2982
f 2954 3166 2955
f 2630 110 2982
f 1547 1952 1955
f 2091 2188 2187
f 3733 2178 2177
f 1918 1927 1926
f 3563 111 3511
f 955 960 954
f 2037 112 3563
f 3143 2981 2976
f 2218 2214 2215
f 672 3787 3541
f 2152 3014 2037
f 1147 1143 1145
f 2248 1409 2245
f 1615 1635 1616
f 1410 2246 2247
f 3241 3242 3240
f 3177 1383 1382
f 2238 3176 1382
f 3176 2230 3178
f 1410 3179 1407
f 3179 2243 1407
f 1633 2800 2249
f 1621 2758 2912
f 1622 2245 1634
f 2236 3181 3182
f 2237 3182 3183
f 2250 2233 2229
f 2912 1628 1621
f 135 1564 1563
f 1567 512 1565
f 1085 2653 2685
f 3184 868 3056
f 869 3057 934
f 1266 1098 1312
f 1267 722 721
f 937 2646 936
f 2146 722 2147
f 2211 921 2667
f 1957 507 449
f 1313 2264 3040
f 1496 1493 1492
f 2681 2705 2682
f 2887 2933 2932
f 1687 1659 1694
f 145 1498 81
f 1317 1319 2694
f 37 418 71
f 1935 3185 2977
f 104 301 103
f 2101 2083 2084
f 543 360 207
f 1934 3186 3185
f 234 212 237
f 3845 1822 1824
f 1976 1874 1974
f 223 2219 220
f 3655 3605 3612
f 468 773 2165
f 1935 1728 1932
f 3240 3226 3235
f 3261 3250 3260
f 3215 3244 3264
f 3265 3215 3264
f 3267 3198 3196
f 3205 3269 3255
f 3214 3265 3270
f 3271 3214 3192
f 3251 3239 3236
f 3222 3266 3272
f 3232 3234 3233
f 3216 3243 3244
f 3196 3268 3267
f 3244 3254 3255
f 3238 3247 3246
f 3264 3255 3269
f 3253 3216 3217
f 3211 3221 3265
f 3257 3218 3256
f 3258 3272 3259
f 3274 3280 3273
f 3228 3262 3263
f 3275 3281 3280
f 3226 3273 3280
f 3236 3260 3251
f 3281 3236 3237
f 3287 3192 3189
f 3235 3280 3234
f 3234 3281 3237
f 3288 3259 3272
f 3260 3276 3251
f 3289 3278 3284
f 3210 3224 3283
f 3199 3201 3200
f 3228 3230 3229
f 3290 3285 3286
f 3282 3271 3287
f 3260 3262 3261
f 3243 3268 3254
f 3267 3241 3232
f 3194 3208 3193
f 3191 3269 3206
f 3270 3192 3214
f 3275 3230 3231
f 3264 3270 3265
f 3252 3276 3291
f 3248 3291 3223
f 3213 3279 3277
f 3272 3289 3288
f 3277 3212 3213
f 3228 3281 3231
f 3220 3253 3219
f 3219 3217 3257
f 3256 3222 3258
f 3247 3252 3248
f 3245 3232 3233
f 3266 3212 3289
f 3208 3255 3254
f 3288 3284 3285
f 3204 3208 3207
f 560 3187 559
f 3209 3201 3202
f 3189 3191 3190
f 448 807 447
f 647 122 270
f 1833 1780 1832
f 510 508 507
f 3210 1887 3201
f 1887 3200 3201
f 15 3197 3200
f 16 3195 3197
f 3195 3187 3194
f 3194 1899 3207
f 3207 375 3204
f 387 126 127
f 3189 1760 3287
f 3577 757 758
f 763 2172 2175
f 3583 3580 3581
f 3581 3579 3578
f 3594 3596 3595
f 3400 3602 3401
f 3626 3625 3627
f 3631 3599 3601
f 3636 3595 3596
f 3647 3588 3645
f 3650 3584 3647
f 3653 3580 3651
f 3653 3654 3579
f 1801 3656 3655
f 3651 3582 3650
f 3644 3595 3637
f 1767 3659 3660
f 1597 3661 1600
f 1708 3665 3664
f 3671 3667 3666
f 3666 3673 3672
f 1588 3664 1587
f 2080 3666 2082
f 2082 3672 2084
f 3674 3635 3631
f 3677 3636 3635
f 3682 3645 3681
f 3692 3650 3686
f 3681 3644 3680
f 786 3692 785
f 3694 3651 3692
f 785 3686 497
f 497 3682 650
f 650 3681 564
f 3696 3681 3680
f 3405 3605 3402
f 3702 3678 3677
f 3699 3679 3678
f 3645 3638 3644
f 1799 3659 1768
f 3708 3458 3460
f 3462 3708 3460
f 3714 564 3696
f 3615 3602 3600
f 3710 3696 3698
f 3635 3596 3599
f 3629 3627 3630
f 3597 3599 3596
f 3630 3715 3629
f 3627 3597 3594
f 3717 3723 3718
f 3715 3660 3629
f 3716 3725 3715
f 3668 3661 3725
f 3668 3717 3667
f 3667 3718 3673
f 3727 3673 3718
f 3728 3672 3673
f 3726 3718 3723
f 1576 2084 3672
f 3727 3731 3729
f 3203 1387 3190
f 3190 1791 3189
f 3283 1949 3210
f 317 259 391
f 2000 3653 3694
f 3601 3600 3602
f 3589 3584 3585
f 3577 756 2170
f 3585 3582 3583
f 3678 3637 3636
f 3204 376 3203
f 1801 3657 1799
f 3729 3728 3727
f 1575 3738 1088
f 3735 1576 3728
f 1776 1796 1775
f 1293 1290 1284
f 1326 1327 12
f 1294 1234 1290
f 878 1330 1337
f 497 374 498
f 122 413 121
f 3699 3704 3708
f 3606 3401 3602
f 3708 3698 3699
f 3464 3710 3462
f 3704 3443 3458
f 439 399 438
f 1512 1526 1511
f 1668 1738 1671
f 839 1362 838
f 1362 826 1012
f 3843 1896 3815
f 2053 2118 2117
f 3888 2120 2119
f 696 3816 3831
f 1826 639 640
f 3740 3729 3731
f 956 886 960
f 1980 1922 807
f 33 105 164
f 1343 3856 3857
f 3907 2128 3902
f 1766 1582 1594
f 14 2163 738
f 595 99 594
f 3233 3246 3245
f 1346 1044 1352
f 748 1425 747
f 3193 3254 3268
f 3190 3206 3203
f 3612 3606 3615
f 3624 3615 3625
f 3631 3443 3674
f 3679 3644 3637
f 3686 3647 3682
f 3702 3674 3704
f 3625 3600 3597
f 3601 3415 3631
f 3739 3735 3729
f 3630 3594 3741
f 3741 3716 3630
f 1284 1288 1285
f 3698 3680 3679
f 1778 1780 1779
f 1792 1584 1789
f 695 571 694
f 3638 3594 3595
f 3741 3588 3589
f 3247 3209 3202
f 3292 3294 3295
f 3296 3298 3299
f 3299 3300 3301
f 3302 3304 3305
f 3306 3308 3309
f 3307 3311 3308
f 3303 3301 3300
f 3312 3304 3313
f 3314 3316 3317
f 3318 3320 3321
f 3324 3321 3325
f 3326 3328 3323
f 3329 3331 3332
f 3333 3335 3336
f 3337 3339 3340
f 3333 3341 3342
f 3342 3343 3344
f 3319 3344 3343
f 3338 3334 3339
f 3346 3302 3347
f 3305 3347 3302
f 3312 3223 3349
f 3350 3340 3351
f 3312 3348 3305
f 3352 3341 3326
f 3311 3354 3308
f 3341 3327 3326
f 3359 3361 3362
f 3360 3250 3249
f 3318 3345 3319
f 3364 3318 3324
f 3314 3324 3365
f 3366 3301 3346
f 3299 3367 3296
f 3308 3368 3309
f 3369 3295 3294
f 3317 3364 3314
f 3370 3317 3316
f 3325 3365 3324
f 3352 3319 3343
f 3296 3353 3311
f 3297 3311 3310
f 3363 3354 3345
f 3345 3353 3344
f 3344 3367 3342
f 3366 3342 3367
f 3347 3334 3346
f 3339 3348 3340
f 3348 3351 3340
f 3363 3369 3368
f 3294 3368 3369
f 3293 3309 3294
f 3331 3374 3332
f 3346 3333 3366
f 3323 3352 3326
f 3356 3321 3320
f 3355 3325 3321
f 3357 3371 3325
f 3322 3320 3352
f 3361 3329 3362
f 3373 3375 3374
f 3374 3376 3332
f 3329 3376 3362
f 3327 3372 3328
f 3336 3375 3327
f 3335 3376 3375
f 3376 3337 3362
f 3337 3359 3362
f 3359 3276 3250
f 3377 3295 3370
f 3277 3315 3278
f 3371 3379 3365
f 3378 3358 3380
f 3365 3315 3314
f 3316 3279 3370
f 3282 3370 3279
f 3313 3224 3312
f 3378 3284 3379
f 3380 3285 3378
f 3379 3278 3315
f 3276 3351 3291
f 3291 3349 3223
f 3313 2965 3013
f 2965 3303 222
f 222 3300 223
f 223 3298 3186
f 3298 3185 3186
f 3297 2977 3185
f 3310 1213 2977
f 3307 1214 1213
f 2532 3306 3293
f 2894 3293 3292
f 2871 3292 3377
f 3253 3240 3242
f 3283 3013 2152
f 1997 1889 1892
f 1237 744 855
f 1535 120 121
f 1531 201 214
f 1119 1032 984
f 946 824 947
f 163 5 162
f 3589 3723 3741
f 1155 1162 1164
f 427 327 424
f 553 796 498
f 3381 2231 2237
f 3381 2230 2232
f 2237 3180 3381
f 3383 3385 3382
f 3384 3387 3385
f 3386 3389 3387
f 3388 3391 3389
f 3392 3394 3395
f 3395 3396 3397
f 3398 3397 3396
f 3400 3399 3398
f 3403 3405 3402
f 3406 3404 3403
f 3408 3407 3406
f 3410 3409 3408
f 3412 3411 3410
f 3415 3398 3414
f 3414 3396 3416
f 3416 3394 3417
f 3417 3393 3418
f 3393 3420 3418
f 3419 3421 3420
f 3390 3422 3421
f 3388 3423 3422
f 3386 3424 3423
f 3384 3425 3424
f 3425 3426 3184
f 2904 3428 2947
f 3429 2904 2902
f 3430 2902 2876
f 2875 3430 2876
f 3432 2733 2736
f 2825 3435 2824
f 3437 3439 3436
f 3441 3436 3440
f 2724 3434 2825
f 3436 3115 3117
f 3440 3117 3119
f 3443 3414 3442
f 3442 3416 3444
f 3444 3417 3445
f 3445 3418 3446
f 3446 3420 3447
f 3420 3448 3447
f 3421 3449 3448
f 3422 3450 3449
f 3423 3451 3450
f 3424 3452 3451
f 3425 3056 3452
f 3451 2253 2252
f 3450 2252 1727
f 3449 1727 2150
f 3448 2150 1941
f 3453 3448 1941
f 3454 3447 3453
f 3455 3446 3454
f 3456 3445 3455
f 3442 3456 3457
f 3443 3457 3458
f 3459 3458 3457
f 3457 3455 3459
f 3459 3454 3461
f 3462 3459 3461
f 3461 3453 3463
f 3464 3461 3463
f 3463 1941 1360
f 3404 3401 3405
f 3407 3399 3404
f 3409 3397 3407
f 3411 3395 3409
f 3465 3413 3412
f 3467 3469 3466
f 3465 3431 3433
f 3470 3466 3465
f 3438 3432 3435
f 3467 3438 3437
f 3468 3437 3441
f 3471 3468 3472
f 3472 3441 3473
f 3473 3440 2712
f 2712 3119 3128
f 3475 3472 3474
f 3474 3473 3476
f 3476 2712 2711
f 3477 2711 2400
f 3478 3476 3477
f 3479 3474 3478
f 3392 3413 3480
f 3466 3480 3413
f 3419 3392 3480
f 3390 3480 3391
f 3469 3391 3480
f 3389 3471 3475
f 3387 3475 3479
f 3385 3479 3481
f 3482 2400 2402
f 3483 3477 3482
f 3481 3478 3483
f 3484 2402 2707
f 3058 2707 2708
f 3061 3484 3058
f 3485 3482 3484
f 3382 3481 3486
f 3486 3483 3485
f 3426 3382 3487
f 3487 3486 1962
f 3486 3061 1962
f 1961 3487 1962
f 3057 3426 3487
f 3428 3402 3488
f 3427 3403 3428
f 3429 3406 3427
f 3430 3408 3429
f 3431 3410 3430
f 3470 3433 3432
f 3434 3438 3435
f 2723 3439 3434
f 2875 3433 3431
f 2736 3435 3432
f 2947 3488 3500
f 3464 1360 3497
f 1900 1924 1901
f 1736 1718 1750
f 1955 1943 1956
f 1671 1735 1751
f 1696 1698 1692
f 1800 1864 1801
f 2063 2056 2060
f 1737 1717 1736
f 1751 1697 1695
f 943 3899 684
f 3656 3402 3605
f 1577 1764 1703
f 3917 1599 3923
f 1945 82 1944
f 68 7 248
f 147 1543 148
f 1109 1133 1102
f 1503 1907 1908
f 1499 1909 1498
f 452 735 215
f 1824 3835 3845
f 1825 2068 1824
f 1463 1022 1194
f 841 1009 1011
f 1568 1955 1534
f 1926 1927 1923
f 1910 1502 1939
f 1939 422 442
f 309 1940 308
f 1804 1866 1803
f 269 1954 56
f 2065 2060 2056
f 3812 1758 3835
f 280 552 1940
f 1875 1869 1874
f 1739 1734 1737
f 1778 1790 1788
f 310 1915 279
f 1909 1906 1954
f 1789 1778 1788
f 978 980 979
f 1584 1731 1583
f 425 311 312
f 148 115 116
f 2044 3894 2046
f 277 1939 551
f 1943 1945 1944
f 1461 1463 1464
f 2253 3056 3055
f 2981 3489 958
f 2209 3489 3055
f 2254 3055 3489
f 2998 958 3489
f 2826 2721 2724
f 3490 2721 2817
f 2816 3490 2817
f 2334 2296 2335
f 2298 2334 2336
f 2301 2336 2338
f 2311 2338 2354
f 2312 2354 2355
f 2359 2361 2360
f 2335 2359 2360
f 2414 2365 2364
f 2413 2361 2365
f 2355 2540 2541
f 2541 2539 2542
f 2722 2739 2738
f 3114 2738 3113
f 3110 3121 3120
f 3108 3120 3113
f 3122 3127 3126
f 3112 3126 3121
f 3127 1753 3135
f 3139 2529 2542
f 3744 3133 3139
f 3490 2740 2739
f 3491 2789 3490
f 228 91 88
f 245 243 242
f 248 247 191
f 2 296 295
f 145 300 267
f 327 210 328
f 329 331 330
f 250 228 236
f 239 240 230
f 373 375 374
f 178 176 175
f 1218 1228 1321
f 3862 1295 3854
f 808 824 823
f 3858 1013 1014
f 3813 1411 1413
f 2154 2159 2160
f 3845 1758 1757
f 306 1922 452
f 2157 1976 1977
f 708 2031 1474
f 1450 1227 1428
f 1672 1605 1624
f 1813 1821 1816
f 1717 1715 1718
f 176 402 347
f 1710 3916 3915
f 1712 1577 1711
f 1705 1711 1704
f 971 979 970
f 822 1094 1102
f 2909 2793 2792
f 2810 2795 2793
f 2799 2249 2800
f 3662 2910 2799
f 2769 2801 2795
f 3177 3178 3179
f 3178 3180 3179
f 3181 1393 2800
f 3181 1632 3182
f 3182 2244 3183
f 3183 2243 3180
f 3492 2790 3491
f 2808 3491 2816
f 2239 3572 2240
f 1149 3571 3570
f 1150 3567 3571
f 2202 3566 2015
f 2921 3565 2923
f 3568 2133 2928
f 1777 1759 1792
f 1201 1183 1184
f 3561 2195 2194
f 3553 2770 2768
f 3927 1687 1692
f 1516 154 503
f 3549 2974 2803
f 3550 2779 2778
f 2771 3575 3546
f 3070 3546 3558
f 3547 2775 2867
f 1376 1370 1372
f 2767 3556 2206
f 2195 3543 2767
f 2775 3542 2776
f 3377 3545 2871
f 3804 3539 2806
f 2776 3538 2805
f 2240 3535 2920
f 2920 3669 3619
f 3548 2786 2779
f 1805 1851 1804
f 3534 2787 2786
f 2951 3540 3531
f 2772 3531 3575
f 2973 3530 3536
f 2224 3537 3530
f 1957 320 510
f 306 304 303
f 2770 3528 2913
f 2913 3574 2239
f 2923 3527 2922
f 308 431 47
f 207 132 543
f 1879 1881 1880
f 3733 3525 2089
f 2475 3558 3524
f 2476 3524 3523
f 2223 3523 3537
f 3522 2803 2802
f 2037 11 1950
f 1959 450 505
f 2003 3520 2129
f 9 334 540
f 2009 3518 3567
f 2008 3536 3518
f 3877 673 3879
f 3515 2778 2784
f 2935 3513 2936
f 111 3570 3511
f 3510 2935 2938
f 683 3885 943
f 3508 2810 2909
f 736 732 729
f 1795 1803 1796
f 3505 2938 2939
f 3507 2939 2940
f 2950 3504 2949
f 2940 3504 3507
f 3801 3512 2950
f 2868 3502 2869
f 2869 3522 2802
f 1024 1023 1020
f 3500 2948 2947
f 551 442 443
f 2972 3568 2928
f 2032 3499 2972
f 216 1924 1923
f 203 201 200
f 1828 1847 1837
f 1958 449 450
f 272 178 175
f 2871 3495 1361
f 3619 3564 2921
f 2801 3643 3662
f 2005 3654 2176
f 960 899 962
f 3657 3612 3624
f 3780 3646 3151
f 3151 3593 2555
f 2193 3623 2194
f 3607 3145 3144
f 3603 2761 3145
f 3592 3144 3104
f 2926 3634 3103
f 3634 3104 3103
f 3755 3746 3753
f 566 3758 2005
f 3488 1864 3500
f 1602 2079 2078
f 2868 3611 2922
f 2922 3610 2923
f 2923 3618 2921
f 3670 2918 3614
f 3619 3614 2920
f 2921 3670 3619
f 2920 3586 2240
f 3613 2915 2918
f 2917 3622 3641
f 2916 3641 3642
f 2239 3652 2913
f 2911 3652 2757
f 3643 2911 2910
f 2797 3662 3591
f 2797 3598 2750
f 3622 2763 2765
f 3608 2764 2745
f 2194 3648 2221
f 2221 3649 2222
f 2756 3609 2755
f 2750 3609 2747
f 3669 1817 3827
f 3763 1691 1699
f 2515 3590 2548
f 2548 3593 2550
f 2513 3632 3616
f 2513 3621 2515
f 2509 3620 2289
f 2510 3633 2509
f 2289 3639 2283
f 2283 3617 2286
f 2240 3587 2239
f 3659 3624 3626
f 716 3887 3888
f 727 3761 1923
f 2165 2170 2164
f 3660 3626 3629
f 3743 3578 3757
f 2175 769 770
f 2100 2095 2099
f 3758 3757 3578
f 640 3568 1826
f 1653 3553 1651
f 1895 3530 746
f 746 3537 741
f 1653 3528 3576
f 3762 1604 1672
f 2093 2073 2078
f 959 995 884
f 962 919 986
f 1400 1398 1399
f 1000 1127 1004
f 956 884 885
f 1662 3550 1661
f 2034 3546 1654
f 3926 3539 3802
f 3535 766 1817
f 3572 765 766
f 334 3571 335
f 1868 3540 1656
f 1684 1652 1678
f 1682 775 1807
f 1585 3762 1700
f 3763 1672 1673
f 2173 490 491
f 1658 3547 1752
f 3556 1650 724
f 1571 2010 1572
f 1587 3671 2080
f 2099 2077 2094
f 787 1999 786
f 2000 786 1999
f 3155 3697 3683
f 3713 3683 3789
f 2180 3685 3684
f 3496 3684 3705
f 1684 3840 1651
f 1760 3495 3545
f 2607 3693 2590
f 2581 3689 2607
f 2371 3700 3695
f 2371 3693 2372
f 2587 3675 2586
f 2586 3697 339
f 2497 3687 2503
f 2502 3687 3700
f 2494 3690 2495
f 3690 2472 2495
f 3688 2468 2472
f 3701 2469 2468
f 726 3892 630
f 581 3518 580
f 10 3570 334
f 1837 3510 1849
f 741 3523 1300
f 1299 3558 2034
f 1851 3504 1866
f 3527 1820 1819
f 580 3536 1895
f 1758 3522 3502
f 1693 3508 1806
f 3504 1867 1866
f 1894 3568 3499
f 2126 3813 3841
f 3906 3841 3912
f 2113 3867 2110
f 2179 3789 3685
f 624 3904 623
f 2192 3788 3780
f 2177 3787 3733
f 1364 3833 1338
f 3858 1470 1453
f 3135 3775 3744
f 2069 3835 2068
f 1351 3853 1352
f 2108 3901 499
f 2089 3736 3733
f 3828 1358 866
f 2001 3783 2187
f 2187 3719 2091
f 2130 3752 2004
f 2004 3749 2001
f 2014 3779 2201
f 2201 3756 2130
f 3167 3759 2969
f 3168 3720 3167
f 3159 3764 3160
f 3160 3765 3081
f 3730 3158 337
f 3158 3709 3159
f 2200 3730 3722
f 3685 3742 2204
f 3722 2197 2200
f 3790 2092 3721
f 3774 3721 2197
f 3154 3790 3774
f 3155 3706 3154
f 2091 3721 2092
f 2196 3750 3776
f 2193 3776 3781
f 3604 3781 3788
f 2086 3780 3778
f 2087 3778 3777
f 2204 3751 2205
f 2205 3750 3148
f 3909 574 692
f 2124 3777 3760
f 2208 3760 3782
f 3711 3140 3137
f 3785 3138 3140
f 3745 3139 3138
f 3771 3136 2322
f 3712 3137 3136
f 3775 3131 3133
f 3767 3132 3131
f 1813 3838 1814
f 1293 3856 1344
f 2184 3748 3732
f 2181 3732 3734
f 3765 3079 3081
f 3768 3080 3079
f 709 3875 2031
f 2774 3737 3769
f 3786 2134 3559
f 3809 766 765
f 2968 3766 2959
f 2969 3784 2968
f 2958 3737 2961
f 2132 3766 2960
f 2321 3771 3748
f 3860 1449 28
f 3905 582 710
f 3886 577 574
f 3847 1818 3827
f 705 3887 2121
f 3816 3907 698
f 2111 3911 2113
f 3810 1366 1411
f 1812 3822 1815
f 675 3852 674
f 3496 3851 675
f 2110 3868 2109
f 2104 3901 2106
f 2109 3899 944
f 3842 703 739
f 1680 3846 1684
f 1639 3819 3818
f 623 3906 697
f 2139 3866 3865
f 1808 3844 3837
f 3820 1819 1820
f 3872 3900 706
f 1646 3830 1648
f 3889 633 577
f 2139 3875 18
f 2156 3871 3874
f 674 3913 3869
f 2117 3812 2069
f 1815 3847 3823
f 3855 1444 1470
f 697 3912 3816
f 866 3836 3828
f 3864 2136 2135
f 3585 3726 3589
f 3583 3731 3585
f 3753 3738 3739
f 3740 3581 3743
f 1088 3746 1093
f 3739 3743 3753
f 2791 3493 2792
f 3492 2807 3493
f 2792 3494 2909
f 3493 2806 3494
f 3508 3494 3516
f 3516 2806 3539
f 2948 3791 3801
f 2105 3896 2104
f 3538 3804 2805
f 680 3876 683
f 1891 3910 3891
f 2905 3801 2950
f 2900 3799 2905
f 2901 3807 2877
f 2734 3806 3794
f 2877 3806 2878
f 2820 3794 2872
f 2818 3792 2827
f 2823 3792 2826
f 2822 3798 2821
f 2819 3800 3798
f 2817 3795 2816
f 2809 3795 2815
f 2808 3803 2807
f 2805 3803 2804
f 1702 3923 1599
f 3922 1797 1802
f 3915 1706 1709
f 3918 1692 1698
f 1657 3880 1879
f 1890 3895 3910
f 3772 1674 1675
f 1689 3772 3773
f 3926 3538 1688
f 3516 1689 3773
f 3917 1703 1764
f 1598 3928 1770
f 3880 1876 1879
f 1691 3925 3927
f 3925 1688 1687
f 1117 1118 3930
f 1066 1322 3930
f 1243 847 3930
f 3825 848 3930
f 1128 1117 3930
f 1129 1130 3930
f 841 1011 3930
f 1230 3863 3930
f 1242 1243 3930
f 1322 1229 3930
f 1064 1065 3930
f 1003 1128 3930
f 1229 1230 3930
f 3863 1285 3930
f 1285 1288 3930
f 848 839 3930
f 847 3825 3930
f 1118 1129 3930
f 1065 1066 3930
f 1087 1086 3930
f 1008 1002 3930
f 1011 1008 3930
f 1002 1003 3930
f 1076 1069 3930
f 838 841 3930
f 839 838 3930
f 1288 1242 3930
f 1130 1087 3930
f 1086 1076 3930
f 1069 1064 3930
f 2410 2414 3931
f 2411 2410 3931
f 3617 2285 3931
f 2394 2393 3931
f 2393 2396 3931
f 2281 2286 3931
f 2282 2280 3931
f 2398 2399 3931
f 2465 2464 3931
f 2396 2397 3931
f 2470 2469 3931
f 2399 2416 3931
f 2480 2395 3931
f 2459 2480 3931
f 2369 2282 3931
f 2460 2459 3931
f 2415 2411 3931
f 2416 2415 3931
f 2364 2363 3931
f 2286 3617 3931
f 2464 2470 3931
f 2469 3703 3931
f 2285 2465 3931
f 2414 2364 3931
f 2395 2394 3931
f 2363 2367 3931
f 2397 2398 3931
f 2280 2281 3931
f 3703 2460 3931
f 2367 2369 3931
f 3934 3937 3938
f 3934 3939 3935
f 3932 3937 3933
f 3938 3943 3939
f 3937 3940 3941
f 3937 3942 3938
f 3942 3947 3943
f 3941 3944 3945
f 3942 3945 3946
f 3947 3950 3951
f 3944 3949 3945
f 3945 3950 3946
f 3950 3955 3951
f 3949 3952 3953
f 3950 3953 3954
f 3955 3958 3959
f 3953 3956 3957
f 3953 3958 3954
f 3959 3962 3963
f 3957 3960 3961
f 3958 3961 3962
f 3962 3967 3963
f 3960 3965 3961
f 3961 3966 3962
f 3966 3971 3967
f 3965 3968 3969
f 3966 3969 3970
f 3970 3975 3971
f 3968 3973 3969
f 3969 3974 3970
f 3974 3979 3975
f 3973 3976 3977
f 3974 3977 3978
f 3979 3982 3983
f 3976 3981 3977
f 3977 3982 3978
f 3982 3987 3983
f 3981 3984 3985
f 3982 3985 3986
f 3987 3990 3991
f 3984 3989 3985
f 3985 3990 3986
f 3991 3994 3995
f 3989 3992 3993
f 3990 3993 3994
f 3995 3998 3999
f 3992 3997 3993
f 3993 3998 3994
f 3998 4003 3999
f 3997 4000 4001
f 3998 4001 4002
f 4002 4007 4003
f 4000 4005 4001
f 4001 4006 4002
f 4006 4011 4007
f 4005 4008 4009
f 4006 4009 4010
f 4011 4014 4015
f 4008 4013 4009
f 4009 4014 4010
f 4014 4019 4015
f 4013 4016 4017
f 4014 4017 4018
f 4019 4022 4023
f 4016 4021 4017
f 4017 4022 4018
f 4023 4026 4027
f 4021 4024 4025
f 4022 4025 4026
f 4027 4030 4031
f 4024 4029 4025
f 4025 4030 4026
f 4031 4034 4035
f 4029 4032 4033
f 4030 4033 4034
f 4034 4039 4035
f 4032 4037 4033
f 4033 4038 4034
f 4038 4043 4039
f 4037 4040 4041
f 4038 4041 4042
f 4043 4046 4047
f 4040 4045 4041
f 4041 4046 4042
f 4046 4051 4047
f 4045 4048 4049
f 4046 4049 4050
f 4051 4055 4056
f 4048 4054 4049
f 4049 4055 4050
f 4056 4059 4060
f 4053 4058 4054
f 4055 4058 4059
f 3932 4052 3936
f 3936 4052 3940
f 3940 4052 3944
f 3944 4052 3948
f 3948 4052 3952
f 3952 4052 3956
f 3956 4052 3960
f 3960 4052 3964
f 3964 4052 3968
f 3968 4052 3972
f 3972 4052 3976
f 3976 4052 3980
f 3980 4052 3984
f 3984 4052 3988
f 3988 4052 3992
f 3992 4052 3996
f 3996 4052 4000
f 4000 4052 4004
f 4004 4052 4008
f 4008 4052 4012
f 4012 4052 4016
f 4016 4052 4020
f 4020 4052 4024
f 4024 4052 4028
f 4028 4052 4032
f 4032 4052 4036
f 4036 4052 4040
f 4040 4052 4044
f 4044 4052 4048
f 4048 4052 4053
f 4053 4052 4057
f 4060 3934 3935
f 4058 3932 3933
f 4058 3934 4059
f 4057 4052 3932
f 4069 4081 4082
f 4066 4080 4067
f 4065 4077 4078
f 4063 4075 4076
f 4071 4085 4072
f 4069 4083 4070
f 4067 4081 4068
f 4066 4078 4079
f 4063 4077 4064
f 4061 4075 4062
f 4072 4086 4073
f 4071 4083 4084
f 4076 4090 4077
f 4074 4088 4075
f 4086 4098 4099
f 4083 4097 4084
f 4082 4094 4095
f 4079 4093 4080
f 4078 4090 4091
f 4076 4088 4089
f 4085 4097 4098
f 4082 4096 4083
f 4080 4094 4081
f 4079 4091 4092
f 4089 4103 4090
f 4088 4100 4101
f 4098 4112 4099
f 4096 4110 4097
f 4095 4107 4108
f 4092 4106 4093
f 4090 4104 4091
f 4089 4101 4102
f 4097 4111 4098
f 4095 4109 4096
f 4094 4106 4107
f 4092 4104 4105
f 4103 4115 4116
f 4100 4114 4101
f 4112 4124 4125
f 4110 4122 4123
f 4107 4121 4108
f 4105 4119 4106
f 4103 4117 4104
f 4101 4115 4102
f 4110 4124 4111
f 4109 4121 4122
f 4107 4119 4120
f 4105 4117 4118
f 4115 4129 4116
f 4114 4126 4127
f 4124 4138 4125
f 4123 4135 4136
f 4120 4134 4121
f 4119 4131 4132
f 4117 4129 4130
f 4114 4128 4115
f 4124 4136 4137
f 4122 4134 4135
f 4119 4133 4120
f 4117 4131 4118
f 4129 4141 4142
f 4126 4140 4127
f 4138 4150 4151
f 4136 4148 4149
f 4133 4147 4134
f 4131 4145 4132
f 4130 4142 4143
f 4127 4141 4128
f 4137 4149 4150
f 4135 4147 4148
f 4132 4146 4133
f 4131 4143 4144
f 4142 4154 4155
f 4140 4152 4153
f 4150 4164 4151
f 4149 4161 4162
f 4146 4160 4147
f 4144 4158 4145
f 4142 4156 4143
f 4140 4154 4141
f 4149 4163 4150
f 4148 4160 4161
f 4146 4158 4159
f 4144 4156 4157
f 4155 4167 4168
f 4153 4165 4166
f 4163 4177 4164
f 4161 4175 4162
f 4159 4173 4160
f 4158 4170 4171
f 4155 4169 4156
f 4153 4167 4154
f 4163 4175 4176
f 4161 4173 4174
f 4159 4171 4172
f 4156 4170 4157
f 4167 4181 4168
f 4165 4179 4166
f 4176 4190 4177
f 4175 4187 4188
f 4173 4185 4186
f 4170 4184 4171
f 4169 4181 4182
f 4167 4179 4180
f 4175 4189 4176
f 4173 4187 4174
f 4171 4185 4172
f 4170 4182 4183
f 4180 4194 4181
f 4178 4192 4179
f 4190 4202 4203
f 4187 4201 4188
f 4186 4198 4199
f 4183 4197 4184
f 4182 4194 4195
f 4180 4192 4193
f 4189 4201 4202
f 4186 4200 4187
f 4184 4198 4185
f 4183 4195 4196
f 4193 4207 4194
f 4192 4204 4205
f 4202 4216 4203
f 4200 4214 4201
f 4199 4211 4212
f 4196 4210 4197
f 4194 4208 4195
f 4193 4205 4206
f 4201 4215 4202
f 4199 4213 4200
f 4198 4210 4211
f 4196 4208 4209
f 4207 4219 4220
f 4204 4218 4205
f 4216 4228 4229
f 4213 4227 4214
f 4211 4225 4212
f 4209 4223 4210
f 4207 4221 4208
f 4205 4219 4206
f 4214 4228 4215
f 4213 4225 4226
f 4211 4223 4224
f 4209 4221 4222
f 4219 4233 4220
f 4218 4230 4231
f 4228 4242 4229
f 4226 4240 4227
f 4225 4237 4238
f 4223 4235 4236
f 4221 4233 4234
f 4218 4232 4219
f 4228 4240 4241
f 4226 4238 4239
f 4223 4237 4224
f 4221 4235 4222
f 4233 4245 4246
f 4230 4244 4231
f 4242 4254 4255
f 4240 4252 4253
f 4237 4251 4238
f 4235 4249 4236
f 4234 4246 4247
f 4231 4245 4232
f 4241 4253 4254
f 4239 4251 4252
f 4236 4250 4237
f 4235 4247 4248
f 4246 4258 4259
f 4244 4256 4257
f 4254 4268 4255
f 4253 4265 4266
f 4250 4264 4251
f 4248 4262 4249
f 4246 4260 4247
f 4244 4258 4245
f 4253 4267 4254
f 4252 4264 4265
f 4250 4262 4263
f 4248 4260 4261
f 4259 4271 4272
f 4257 4269 4270
f 4267 4281 4268
f 4265 4279 4266
f 4263 4277 4264
f 4262 4274 4275
f 4259 4273 4260
f 4257 4271 4258
f 4266 4280 4267
f 4265 4277 4278
f 4263 4275 4276
f 4260 4274 4261
f 4271 4285 4272
f 4269 4283 4270
f 4281 4293 4294
f 4279 4291 4292
f 4277 4289 4290
f 4274 4288 4275
f 4273 4285 4286
f 4271 4283 4284
f 4280 4292 4293
f 4277 4291 4278
f 4275 4289 4276
f 4274 4286 4287
f 4284 4298 4285
f 4282 4296 4283
f 4294 4306 4307
f 4291 4305 4292
f 4290 4302 4303
f 4287 4301 4288
f 4286 4298 4299
f 4284 4296 4297
f 4293 4305 4306
f 4290 4304 4291
f 4288 4302 4289
f 4287 4299 4300
f 4297 4311 4298
f 4296 4308 4309
f 4306 4320 4307
f 4304 4318 4305
f 4303 4315 4316
f 4300 4314 4301
f 4298 4312 4299
f 4297 4309 4310
f 4305 4319 4306
f 4304 4316 4317
f 4302 4314 4315
f 4300 4312 4313
f 4310 4324 4311
f 4308 4322 4309
f 4320 4332 4333
f 4318 4330 4331
f 4316 4328 4329
f 4313 4327 4314
f 4311 4325 4312
f 4310 4322 4323
f 4318 4332 4319
f 4316 4330 4317
f 4315 4327 4328
f 4312 4326 4313
f 4323 4337 4324
f 4322 4334 4335
f 4332 4346 4333
f 4330 4344 4331
f 4329 4341 4342
f 4327 4339 4340
f 4325 4337 4338
f 4322 4336 4323
f 4332 4344 4345
f 4330 4342 4343
f 4327 4341 4328
f 4325 4339 4326
f 4337 4350 4351
f 4334 4349 4335
f 4346 4359 4360
f 4344 4357 4358
f 4341 4356 4342
f 4340 4353 4354
f 4338 4351 4352
f 4335 4350 4336
f 4345 4358 4359
f 4343 4356 4357
f 4340 4355 4341
f 4338 4353 4339
f 4351 4363 4364
f 4349 4361 4362
f 4359 4373 4360
f 4358 4370 4371
f 4355 4369 4356
f 4354 4366 4367
f 4351 4365 4352
f 4349 4363 4350
f 4358 4372 4359
f 4357 4369 4370
f 4355 4367 4368
f 4352 4366 4353
f 4364 4376 4377
f 4362 4374 4375
f 4373 4385 4386
f 4370 4384 4371
f 4368 4382 4369
f 4367 4379 4380
f 4364 4378 4365
f 4362 4376 4363
f 4372 4384 4385
f 4370 4382 4383
f 4368 4380 4381
f 4365 4379 4366
f 4376 4390 4377
f 4374 4388 4375
f 4385 4399 4386
f 4384 4396 4397
f 4382 4394 4395
f 4379 4393 4380
f 4378 4390 4391
f 4376 4388 4389
f 4384 4398 4385
f 4382 4396 4383
f 4380 4394 4381
f 4379 4391 4392
f 4389 4403 4390
f 4387 4401 4388
f 4399 4411 4412
f 4396 4410 4397
f 4395 4407 4408
f 4393 4405 4406
f 4391 4403 4404
f 4389 4401 4402
f 4398 4410 4411
f 4395 4409 4396
f 4393 4407 4394
f 4391 4405 4392
f 4402 4416 4403
f 4401 4413 4414
f 4411 4425 4412
f 4409 4423 4410
f 4408 4420 4421
f 4406 4418 4419
f 4403 4417 4404
f 4402 4414 4415
f 4410 4424 4411
f 4408 4422 4409
f 4407 4419 4420
f 4404 4418 4405
f 4416 4428 4429
f 4413 4427 4414
f 4425 4437 4438
f 4423 4435 4436
f 4421 4433 4434
f 4418 4432 4419
f 4416 4430 4417
f 4415 4427 4428
f 4423 4437 4424
f 4421 4435 4422
f 4420 4432 4433
f 4418 4430 4431
f 4428 4442 4429
f 4426 4440 4427
f 4437 4451 4438
f 4435 4449 4436
f 4434 4446 4447
f 4432 4444 4445
f 4430 4442 4443
f 4427 4441 4428
f 4437 4449 4450
f 4435 4447 4448
f 4432 4446 4433
f 4430 4444 4431
f 4442 4454 4455
f 4439 4453 4440
f 4451 4463 4464
f 4449 4461 4462
f 4446 4460 4447
f 4444 4458 4445
f 4443 4455 4456
f 4440 4454 4441
f 4450 4462 4463
f 4447 4461 4448
f 4445 4459 4446
f 4444 4456 4457
f 4455 4467 4468
f 4453 4465 4466
f 4463 4477 4464
f 4462 4474 4475
f 4459 4473 4460
f 4457 4471 4458
f 4455 4469 4456
f 4453 4467 4454
f 4462 4476 4463
f 4461 4473 4474
f 4459 4471 4472
f 4457 4469 4470
f 4347 4073 4086
f 4347 4086 4099
f 4347 4099 4112
f 4347 4112 4125
f 4347 4125 4138
f 4347 4138 4151
f 4347 4151 4164
f 4347 4164 4177
f 4347 4177 4190
f 4347 4190 4203
f 4347 4203 4216
f 4347 4216 4229
f 4347 4229 4242
f 4347 4242 4255
f 4347 4255 4268
f 4347 4268 4281
f 4347 4281 4294
f 4347 4294 4307
f 4347 4307 4320
f 4347 4320 4333
f 4347 4333 4346
f 4347 4346 4360
f 4347 4360 4373
f 4347 4373 4386
f 4347 4386 4399
f 4347 4399 4412
f 4347 4412 4425
f 4347 4425 4438
f 4347 4438 4451
f 4347 4451 4464
f 4347 4464 4477
f 4468 4063 4064
f 4466 4061 4062
f 4477 4072 4073
f 4474 4071 4475
f 4472 4069 4473
f 4471 4066 4067
f 4468 4065 4469
f 4466 4063 4467
f 4347 4477 4073
f 4476 4071 4072
f 4474 4069 4070
f 4472 4067 4068
f 4469 4066 4470
f 3935 4465 4060
f 4465 4056 4060
f 4452 4051 4056
f 4439 4047 4051
f 4047 4413 4043
f 4043 4400 4039
f 4039 4387 4035
f 4387 4031 4035
f 4031 4361 4027
f 4361 4023 4027
f 4348 4019 4023
f 4334 4015 4019
f 4015 4308 4011
f 4011 4295 4007
f 4007 4282 4003
f 4282 3999 4003
f 3999 4256 3995
f 4256 3991 3995
f 4243 3987 3991
f 4230 3983 3987
f 3983 4204 3979
f 3979 4191 3975
f 3975 4178 3971
f 4178 3967 3971
f 3967 4152 3963
f 4152 3959 3963
f 4139 3955 3959
f 4126 3951 3955
f 3951 4100 3947
f 3947 4087 3943
f 3943 4074 3939
f 4074 3935 3939
f 4480 4483 4484
f 4480 4485 4481
f 4479 4482 4483
f 4484 4489 4485
f 4482 4487 4483
f 4483 4488 4484
f 4488 4493 4489
f 4487 4490 4491
f 4488 4491 4492
f 4493 4496 4497
f 4490 4495 4491
f 4491 4496 4492
f 4496 4501 4497
f 4495 4498 4499
f 4496 4499 4500
f 4501 4504 4505
f 4498 4503 4499
f 4499 4504 4500
f 4505 4508 4509
f 4503 4506 4507
f 4504 4507 4508
f 4509 4512 4513
f 4506 4511 4507
f 4507 4512 4508
f 4513 4516 4517
f 4511 4514 4515
f 4512 4515 4516
f 4516 4521 4517
f 4514 4519 4515
f 4515 4520 4516
f 4520 4525 4521
f 4518 4523 4519
f 4520 4523 4524
f 4525 4528 4529
f 4522 4527 4523
f 4523 4528 4524
f 4528 4533 4529
f 4527 4530 4531
f 4528 4531 4532
f 4533 4536 4537
f 4530 4535 4531
f 4531 4536 4532
f 4537 4540 4541
f 4534 4539 4535
f 4536 4539 4540
f 4541 4544 4545
f 4539 4542 4543
f 4539 4544 4540
f 4544 4549 4545
f 4542 4547 4543
f 4544 4547 4548
f 4548 4553 4549
f 4547 4550 4551
f 4547 4552 4548
f 4552 4557 4553
f 4551 4554 4555
f 4552 4555 4556
f 4557 4560 4561
f 4554 4559 4555
f 4555 4560 4556
f 4560 4565 4561
f 4559 4562 4563
f 4560 4563 4564
f 4565 4568 4569
f 4562 4567 4563
f 4563 4568 4564
f 4569 4572 4573
f 4567 4570 4571
f 4568 4571 4572
f 4572 4577 4573
f 4570 4575 4571
f 4571 4576 4572
f 4576 4581 4577
f 4575 4578 4579
f 4576 4579 4580
f 4580 4585 4581
f 4578 4583 4579
f 4579 4584 4580
f 4584 4589 4585
f 4583 4586 4587
f 4584 4587 4588
f 4589 4592 4593
f 4586 4591 4587
f 4587 4592 4588
f 4592 4597 4593
f 4591 4594 4595
f 4592 4595 4596
f 4597 4601 4602
f 4594 4600 4595
f 4595 4601 4596
f 4602 4605 4606
f 4600 4603 4604
f 4601 4604 4605
f 4478 4598 4482
f 4482 4598 4486
f 4486 4598 4490
f 4490 4598 4494
f 4494 4598 4498
f 4498 4598 4502
f 4502 4598 4506
f 4506 4598 4510
f 4510 4598 4514
f 4514 4598 4518
f 4518 4598 4522
f 4522 4598 4526
f 4526 4598 4530
f 4530 4598 4534
f 4534 4598 4538
f 4538 4598 4542
f 4542 4598 4546
f 4546 4598 4550
f 4550 4598 4554
f 4554 4598 4558
f 4558 4598 4562
f 4562 4598 4566
f 4566 4598 4570
f 4570 4598 4574
f 4574 4598 4578
f 4578 4598 4582
f 4582 4598 4586
f 4586 4598 4590
f 4590 4598 4594
f 4594 4598 4599
f 4599 4598 4603
f 4606 4480 4481
f 4603 4479 4604
f 4604 4480 4605
f 4603 4598 4478
f 4615 4627 4628
f 4612 4626 4613
f 4611 4623 4624
f 4609 4621 4622
f 4618 4630 4631
f 4615 4629 4616
f 4613 4627 4614
f 4612 4624 4625
f 4609 4623 4610
f 4607 4621 4608
f 4619 4631 4632
f 4617 4629 4630
f 4622 4636 4623
f 4620 4634 4621
f 4632 4644 4645
f 4629 4643 4630
f 4628 4640 4641
f 4626 4638 4639
f 4624 4636 4637
f 4622 4634 4635
f 4631 4643 4644
f 4628 4642 4629
f 4626 4640 4627
f 4624 4638 4625
f 4635 4649 4636
f 4634 4646 4647
f 4644 4658 4645
f 4642 4656 4643
f 4641 4653 4654
f 4639 4651 4652
f 4636 4650 4637
f 4635 4647 4648
f 4643 4657 4644
f 4642 4654 4655
f 4640 4652 4653
f 4637 4651 4638
f 4648 4662 4649
f 4646 4660 4647
f 4658 4670 4671
f 4656 4668 4669
f 4653 4667 4654
f 4651 4665 4652
f 4649 4663 4650
f 4648 4660 4661
f 4656 4670 4657
f 4654 4668 4655
f 4653 4665 4666
f 4651 4663 4664
f 4661 4675 4662
f 4660 4672 4673
f 4670 4684 4671
f 4668 4682 4669
f 4667 4679 4680
f 4665 4677 4678
f 4663 4675 4676
f 4661 4673 4674
f 4670 4682 4683
f 4667 4681 4668
f 4665 4679 4666
f 4663 4677 4664
f 4675 4687 4688
f 4672 4686 4673
f 4684 4696 4697
f 4682 4694 4695
f 4679 4693 4680
f 4678 4690 4691
f 4676 4688 4689
f 4673 4687 4674
f 4683 4695 4696
f 4681 4693 4694
f 4678 4692 4679
f 4676 4690 4677
f 4688 4700 4701
f 4686 4698 4699
f 4696 4710 4697
f 4695 4707 4708
f 4692 4706 4693
f 4691 4703 4704
f 4688 4702 4689
f 4686 4700 4687
f 4695 4709 4696
f 4694 4706 4707
f 4692 4704 4705
f 4689 4703 4690
f 4701 4713 4714
f 4699 4711 4712
f 4710 4722 4723
f 4707 4721 4708
f 4705 4719 4706
f 4704 4716 4717
f 4701 4715 4702
f 4699 4713 4700
f 4709 4721 4722
f 4707 4719 4720
f 4705 4717 4718
f 4702 4716 4703
f 4713 4727 4714
f 4711 4725 4712
f 4723 4735 4736
f 4721 4733 4734
f 4719 4731 4732
f 4716 4730 4717
f 4715 4727 4728
f 4713 4725 4726
f 4721 4735 4722
f 4719 4733 4720
f 4717 4731 4718
f 4716 4728 4729
f 4726 4740 4727
f 4724 4738 4725
f 4736 4748 4749
f 4733 4747 4734
f 4732 4744 4745
f 4730 4742 4743
f 4728 4740 4741
f 4726 4738 4739
f 4735 4747 4748
f 4732 4746 4733
f 4730 4744 4731
f 4728 4742 4729
f 4739 4753 4740
f 4738 4750 4751
f 4748 4762 4749
f 4746 4760 4747
f 4745 4757 4758
f 4743 4755 4756
f 4740 4754 4741
f 4739 4751 4752
f 4747 4761 4748
f 4745 4759 4746
f 4744 4756 4757
f 4741 4755 4742
f 4753 4765 4766
f 4750 4764 4751
f 4762 4774 4775
f 4759 4773 4760
f 4758 4770 4771
f 4755 4769 4756
f 4753 4767 4754
f 4752 4764 4765
f 4760 4774 4761
f 4758 4772 4759
f 4757 4769 4770
f 4755 4767 4768
f 4765 4779 4766
f 4764 4776 4777
f 4774 4788 4775
f 4772 4786 4773
f 4771 4783 4784
f 4769 4781 4782
f 4767 4779 4780
f 4765 4777 4778
f 4774 4786 4787
f 4771 4785 4772
f 4769 4783 4770
f 4767 4781 4768
f 4779 4791 4792
f 4776 4790 4777
f 4788 4800 4801
f 4786 4798 4799
f 4783 4797 4784
f 4782 4794 4795
f 4780 4792 4793
f 4777 4791 4778
f 4787 4799 4800
f 4785 4797 4798
f 4782 4796 4783
f 4780 4794 4781
f 4792 4804 4805
f 4790 4802 4803
f 4800 4814 4801
f 4799 4811 4812
f 4796 4810 4797
f 4795 4807 4808
f 4792 4806 4793
f 4790 4804 4791
f 4799 4813 4800
f 4798 4810 4811
f 4796 4808 4809
f 4793 4807 4794
f 4805 4817 4818
f 4803 4815 4816
f 4814 4826 4827
f 4811 4825 4812
f 4809 4823 4810
f 4808 4820 4821
f 4805 4819 4806
f 4803 4817 4804
f 4813 4825 4826
f 4811 4823 4824
f 4809 4821 4822
f 4806 4820 4807
f 4817 4831 4818
f 4815 4829 4816
f 4826 4840 4827
f 4825 4837 4838
f 4823 4835 4836
f 4820 4834 4821
f 4819 4831 4832
f 4817 4829 4830
f 4825 4839 4826
f 4823 4837 4824
f 4821 4835 4822
f 4820 4832 4833
f 4830 4844 4831
f 4828 4842 4829
f 4840 4852 4853
f 4837 4851 4838
f 4836 4848 4849
f 4834 4846 4847
f 4832 4844 4845
f 4830 4842 4843
f 4839 4851 4852
f 4836 4850 4837
f 4834 4848 4835
f 4832 4846 4833
f 4843 4857 4844
f 4842 4854 4855
f 4852 4866 4853
f 4850 4864 4851
f 4849 4861 4862
f 4847 4859 4860
f 4844 4858 4845
f 4843 4855 4856
f 4851 4865 4852
f 4849 4863 4850
f 4848 4860 4861
f 4845 4859 4846
f 4857 4869 4870
f 4855 4867 4868
f 4866 4878 4879
f 4864 4876 4877
f 4862 4874 4875
f 4859 4873 4860
f 4857 4871 4858
f 4856 4868 4869
f 4864 4878 4865
f 4862 4876 4863
f 4861 4873 4874
f 4859 4871 4872
f 4869 4883 4870
f 4868 4880 4881
f 4878 4892 4879
f 4877 4889 4890
f 4874 4888 4875
f 4873 4885 4886
f 4871 4883 4884
f 4868 4882 4869
f 4878 4890 4891
f 4876 4888 4889
f 4873 4887 4874
f 4871 4885 4872
f 4883 4896 4897
f 4880 4895 4881
f 4892 4905 4906
f 4890 4903 4904
f 4887 4902 4888
f 4885 4900 4886
f 4884 4897 4898
f 4881 4896 4882
f 4891 4904 4905
f 4889 4902 4903
f 4886 4901 4887
f 4885 4898 4899
f 4897 4909 4910
f 4895 4907 4908
f 4905 4919 4906
f 4904 4916 4917
f 4901 4915 4902
f 4899 4913 4900
f 4897 4911 4898
f 4895 4909 4896
f 4904 4918 4905
f 4903 4915 4916
f 4901 4913 4914
f 4899 4911 4912
f 4910 4922 4923
f 4908 4920 4921
f 4919 4931 4932
f 4916 4930 4917
f 4914 4928 4915
f 4913 4925 4926
f 4910 4924 4911
f 4908 4922 4909
f 4918 4930 4931
f 4916 4928 4929
f 4914 4926 4927
f 4911 4925 4912
f 4922 4936 4923
f 4920 4934 4921
f 4931 4945 4932
f 4930 4942 4943
f 4928 4940 4941
f 4925 4939 4926
f 4924 4936 4937
f 4922 4934 4935
f 4930 4944 4931
f 4928 4942 4929
f 4926 4940 4927
f 4925 4937 4938
f 4935 4949 4936
f 4933 4947 4934
f 4945 4957 4958
f 4942 4956 4943
f 4941 4953 4954
f 4938 4952 4939
f 4937 4949 4950
f 4935 4947 4948
f 4944 4956 4957
f 4941 4955 4942
f 4939 4953 4940
f 4938 4950 4951
f 4948 4962 4949
f 4947 4959 4960
f 4957 4971 4958
f 4955 4969 4956
f 4954 4966 4967
f 4951 4965 4952
f 4949 4963 4950
f 4948 4960 4961
f 4956 4970 4957
f 4954 4968 4955
f 4953 4965 4966
f 4951 4963 4964
f 4962 4974 4975
f 4959 4973 4960
f 4971 4983 4984
f 4968 4982 4969
f 4966 4980 4967
f 4964 4978 4965
f 4962 4976 4963
f 4960 4974 4961
f 4969 4983 4970
f 4967 4981 4968
f 4966 4978 4979
f 4964 4976 4977
f 4975 4987 4988
f 4973 4985 4986
f 4983 4997 4984
f 4981 4995 4982
f 4979 4993 4980
f 4978 4990 4991
f 4976 4988 4989
f 4973 4987 4974
f 4983 4995 4996
f 4981 4993 4994
f 4978 4992 4979
f 4976 4990 4977
f 4988 5000 5001
f 4985 4999 4986
f 4997 5009 5010
f 4995 5007 5008
f 4992 5006 4993
f 4991 5003 5004
f 4989 5001 5002
f 4986 5000 4987
f 4996 5008 5009
f 4994 5006 5007
f 4991 5005 4992
f 4989 5003 4990
f 5001 5013 5014
f 4999 5011 5012
f 5009 5023 5010
f 5008 5020 5021
f 5005 5019 5006
f 5004 5016 5017
f 5001 5015 5002
f 4999 5013 5000
f 5008 5022 5009
f 5007 5019 5020
f 5005 5017 5018
f 5002 5016 5003
f 4893 4619 4632
f 4893 4632 4645
f 4893 4645 4658
f 4893 4658 4671
f 4893 4671 4684
f 4893 4684 4697
f 4893 4697 4710
f 4893 4710 4723
f 4893 4723 4736
f 4893 4736 4749
f 4893 4749 4762
f 4893 4762 4775
f 4893 4775 4788
f 4893 4788 4801
f 4893 4801 4814
f 4893 4814 4827
f 4893 4827 4840
f 4893 4840 4853
f 4893 4853 4866
f 4893 4866 4879
f 4893 4879 4892
f 4893 4892 4906
f 4893 4906 4919
f 4893 4919 4932
f 4893 4932 4945
f 4893 4945 4958
f 4893 4958 4971
f 4893 4971 4984
f 4893 4984 4997
f 4893 4997 5010
f 4893 5010 5023
f 5014 4609 4610
f 5012 4607 4608
f 5022 4619 5023
f 5020 4617 5021
f 5018 4615 5019
f 5017 4612 4613
f 5014 4611 5015
f 5012 4609 5013
f 4893 5023 4619
f 5021 4618 5022
f 5020 4615 4616
f 5018 4613 4614
f 5015 4612 5016
f 4481 5011 4606
f 5011 4602 4606
f 4998 4597 4602
f 4985 4593 4597
f 4593 4959 4589
f 4589 4946 4585
f 4585 4933 4581
f 4933 4577 4581
f 4577 4907 4573
f 4907 4569 4573
f 4894 4565 4569
f 4880 4561 4565
f 4561 4854 4557
f 4557 4841 4553
f 4553 4828 4549
f 4828 4545 4549
f 4545 4802 4541
f 4802 4537 4541
f 4789 4533 4537
f 4776 4529 4533
f 4529 4750 4525
f 4525 4737 4521
f 4521 4724 4517
f 4724 4513 4517
f 4513 4698 4509
f 4698 4505 4509
f 4685 4501 4505
f 4672 4497 4501
f 4497 4646 4493
f 4493 4633 4489
f 4489 4620 4485
f 4620 4481 4485
f 4 3 2
f 8 7 6
f 13 16 15
f 17 28 19
f 32 31 30
f 36 35 34
f 37 40 39
f 21 22 23
f 25 26 27
f 41 44 43
f 48 47 46
f 52 51 50
f 53 56 55
f 60 59 58
f 29 30 62
f 66 65 64
f 67 5 6
f 72 71 70
f 76 75 74
f 77 80 79
f 81 84 83
f 59 87 86
f 88 91 90
f 96 95 94
f 100 99 98
f 101 104 103
f 106 105 34
f 108 116 115
f 117 119 36
f 124 127 126
f 131 130 129
f 132 102 134
f 142 141 140
f 148 106 60
f 144 143 127
f 149 152 151
f 156 155 154
f 159 150 158
f 116 108 164
f 171 170 169
f 174 126 173
f 179 182 181
f 186 189 188
f 194 197 196
f 199 142 139
f 206 209 208
f 213 212 211
f 202 215 214
f 96 93 216
f 92 238 43
f 97 184 246
f 250 249 229
f 252 254 58
f 258 257 256
f 260 91 229
f 110 111 112
f 114 264 263
f 265 268 267
f 56 53 270
f 274 273 249
f 185 183 63
f 280 279 278
f 285 284 283
f 288 219 211
f 141 142 92
f 289 290 175
f 148 116 105
f 312 311 170
f 238 262 42
f 318 163 160
f 310 309 308
f 241 239 325
f 160 230 240
f 47 48 307
f 108 109 315
f 345 85 86
f 348 351 350
f 356 359 358
f 355 354 353
f 363 31 32
f 364 252 253
f 366 125 368
f 183 372 371
f 163 162 161
f 209 226 101
f 378 377 165
f 379 295 381
f 383 382 3
f 284 285 386
f 387 127 389
f 391 259 229
f 73 281 397
f 405 408 407
f 203 218 411
f 414 121 413
f 1 356 357
f 277 276 131
f 254 344 57
f 358 384 415
f 417 416 386
f 401 400 192
f 419 389 127
f 421 181 182
f 103 301 302
f 428 367 368
f 380 390 359
f 62 204 266
f 140 141 431
f 357 358 351
f 356 1 379
f 415 392 403
f 437 428 436
f 438 441 440
f 188 451 450
f 265 455 181
f 224 185 64
f 237 212 213
f 275 131 128
f 281 282 460
f 50 462 79
f 73 74 282
f 468 467 466
f 390 355 352
f 482 485 484
f 489 488 487
f 493 496 495
f 472 471 470
f 502 501 500
f 220 221 222
f 512 419 143
f 518 517 511
f 513 239 230
f 205 30 31
f 189 370 451
f 163 318 532
f 533 224 225
f 446 448 447
f 335 541 540
f 544 512 546
f 329 519 291
f 199 534 262
f 385 386 416
f 532 190 191
f 363 117 118
f 578 581 580
f 573 572 571
f 561 563 562
f 241 260 259
f 590 593 592
f 545 546 595
f 503 154 155
f 606 625 624
f 478 481 480
f 646 649 648
f 590 591 689
f 564 565 651
f 728 246 184
f 714 724 716
f 692 574 575
f 541 335 581
f 346 68 248
f 161 231 230
f 128 129 94
f 698 705 704
f 574 577 576
f 290 289 401
f 630 631 725
f 733 736 735
f 755 466 496
f 759 480 481
f 757 763 762
f 764 496 466
f 768 767 3808
f 759 760 488
f 492 474 475
f 474 770 769
f 773 468 465
f 771 774 486
f 484 485 775
f 774 776 489
f 495 496 764
f 495 757 761
f 137 397 784
f 325 239 797
f 165 519 51
f 369 32 29
f 730 731 568
f 90 302 301
f 243 118 516
f 800 734 806
f 817 815 808
f 816 808 823
f 306 303 447
f 815 810 809
f 829 830 828
f 726 725 501
f 274 427 424
f 879 882 881
f 884 883 879
f 219 218 217
f 906 905 904
f 455 204 205
f 898 882 830
f 903 900 880
f 377 291 519
f 923 949 948
f 946 947 951
f 3519 740 739
f 900 899 886
f 225 64 65
f 182 445 442
f 809 952 947
f 954 960 962
f 927 950 965
f 885 879 880
f 925 927 966
f 343 342 341
f 965 964 971
f 968 971 970
f 972 968 969
f 963 961 981
f 336 337 338
f 992 993 827
f 810 815 996
f 1007 1001 1002
f 1012 826 827
f 1011 1009 1007
f 294 293 292
f 907 908 920
f 1017 579 1019
f 1020 1023 1022
f 1035 1024 1020
f 1061 1060 1047
f 1063 1061 1046
f 1044 1020 1021
f 1102 1094 1097
f 1116 1126 1118
f 1016 1015 1014
f 881 897 904
f 816 1116 1127
f 1094 948 949
f 514 342 167
f 146 145 81
f 1133 1135 1130
f 1102 1133 1126
f 822 1126 1116
f 1145 1143 1148
f 1076 1144 1151
f 1148 1143 1086
f 1109 1097 1114
f 1154 1153 1156
f 1153 925 967
f 3464 3497 463
f 1144 1147 1152
f 1156 967 1163
f 1164 1162 1169
f 1145 1171 1176
f 1114 1115 1154
f 1183 1155 1164
f 1184 1183 1177
f 1069 1151 1062
f 1023 1191 1194
f 1162 1163 1170
f 1195 1184 1185
f 1183 1196 1176
f 1201 1063 1152
f 1061 1063 1201
f 3825 847 843
f 1203 1202 1195
f 1202 1201 1184
f 1218 1060 1203
f 1060 1061 1202
f 1225 1218 1217
f 671 695 694
f 1219 1217 1024
f 1217 1203 1034
f 1226 1014 1015
f 1243 1242 1234
f 1231 1230 1229
f 847 1243 1233
f 843 1233 1244
f 1233 1234 1245
f 1923 3761 233
f 2100 2108 499
f 3914 3864 2135
f 61 62 323
f 210 211 217
f 1299 1310 1309
f 3863 1230 1231
f 1066 1047 1321
f 1322 1321 1228
f 1060 1218 1321
f 1325 1324 1323
f 1244 1245 1332
f 1290 1234 1242
f 1337 1330 1339
f 1330 1332 1340
f 1341 1332 1245
f 1342 1340 1332
f 1343 1342 1341
f 1344 1341 1294
f 3857 3856 1345
f 1347 1348 1342
f 3856 3854 1295
f 1349 1350 1348
f 3861 1349 1347
f 3853 1347 1343
f 906 898 829
f 905 906 1353
f 865 1356 1355
f 1355 1353 829
f 1357 1355 825
f 1356 1354 1353
f 3834 1337 1338
f 866 1358 1356
f 1358 1359 1354
f 3828 878 1337
f 838 1362 1012
f 1363 1364 1338
f 1368 1363 1339
f 1348 1368 1340
f 1371 1369 3824
f 524 525 526
f 528 529 530
f 1372 1370 1369
f 535 536 537
f 1367 1368 1348
f 1370 1354 1359
f 1369 1359 3833
f 1373 910 903
f 555 556 557
f 1374 909 910
f 1373 904 905
f 1374 1373 1375
f 1375 905 1354
f 1378 920 908
f 376 373 651
f 1388 928 973
f 586 587 588
f 1390 1389 1388
f 1391 1388 969
f 597 598 599
f 600 601 602
f 1392 1391 970
f 608 609 610
f 612 524 523
f 614 615 616
f 617 618 25
f 620 621 622
f 1397 1390 1391
f 1398 1397 1392
f 1400 987 920
f 1402 1403 1165
f 636 637 638
f 930 1404 1402
f 641 642 643
f 929 1402 1169
f 1404 1405 1403
f 1411 1366 1365
f 1412 1406 1415
f 652 653 654
f 609 656 657
f 659 660 661
f 558 663 586
f 665 666 667
f 1413 1411 1406
f 1418 1416 3810
f 1417 1372 1371
f 1416 1371 3829
f 1419 1417 1416
f 1386 909 1374
f 677 678 679
f 1385 1386 1420
f 1420 1374 1376
f 685 686 687
f 1421 1420 1422
f 528 690 691
f 1422 1376 1372
f 1018 1019 747
f 699 700 701
f 1424 578 579
f 3663 1597 1767
f 700 699 711
f 1093 3746 3754
f 717 718 530
f 721 722 723
f 704 1650 3543
f 19 1429 1426
f 1429 1428 1427
f 1658 1659 3542
f 1439 1437 1434
f 1437 1436 1435
f 1426 1427 1433
f 1442 1431 1432
f 742 743 744
f 1432 1433 1441
f 751 752 753
f 1438 1434 1403
f 1446 1445 1444
f 1447 1448 1446
f 3860 1447 1443
f 1415 1367 1445
f 1414 1415 1446
f 2173 1683 469
f 777 778 779
f 780 781 782
f 1676 1693 1806
f 3859 1451 1349
f 789 790 791
f 745 792 793
f 652 794 795
f 1455 1458 1457
f 1454 1367 1350
f 610 691 802
f 3831 3816 698
f 1352 1044 1045
f 1015 1016 1459
f 811 812 813
f 2118 3815 3817
f 819 820 821
f 1466 1463 1194
f 1467 1468 1465
f 1182 1165 1468
f 832 812 833
f 835 836 837
f 1467 1466 1190
f 1469 1470 1444
f 840 700 712
f 1453 1470 1469
f 599 844 845
f 1226 1450 3849
f 851 852 853
f 855 744 856
f 858 859 860
f 861 862 863
f 1014 1226 3855
f 867 676 868
f 870 871 872
f 874 875 876
f 1310 1323 1471
f 1476 1433 1427
f 1461 1476 1475
f 887 888 889
f 788 791 892
f 894 895 896
f 1460 1475 1227
f 901 902 524
f 1465 1478 1477
f 1865 3503 3500
f 911 912 913
f 916 917 918
f 1850 3505 3507
f 921 922 895
f 1479 1435 1436
f 926 664 667
f 1481 562 563
f 269 1483 84
f 931 932 933
f 934 935 614
f 936 685 688
f 938 659 662
f 1484 270 122
f 941 942 835
f 320 321 509
f 1849 3510 3505
f 84 1483 1484
f 1487 1490 1488
f 1757 1758 3502
f 365 1492 1491
f 461 79 80
f 117 363 362
f 1494 540 541
f 926 601 957
f 1477 1441 1433
f 1709 1588 1585
f 119 117 1496
f 271 1497 504
f 511 517 189
f 345 1496 1492
f 57 344 299
f 1501 1499 268
f 267 268 1499
f 974 975 976
f 1678 1652 1693
f 3846 1682 1807
f 557 982 663
f 983 941 984
f 1443 1444 3849
f 421 1500 268
f 989 990 991
f 1490 1487 418
f 279 280 309
f 997 868 676
f 998 26 999
f 1504 418 38
f 1506 1508 1507
f 360 361 1508
f 1506 1486 207
f 939 1005 1006
f 270 1484 1483
f 66 63 546
f 1010 742 793
f 367 428 437
f 244 31 363
f 1670 3532 3534
f 209 206 1510
f 388 389 426
f 427 274 250
f 161 520 521
f 100 246 45
f 1025 1026 608
f 1029 1030 1031
f 939 662 1033
f 41 42 594
f 1036 780 783
f 702 701 1038
f 1040 1041 1042
f 362 32 369
f 187 1520 477
f 70 1487 539
f 1049 600 603
f 613 867 869
f 860 1050 1051
f 1005 1052 1053
f 753 1055 1056
f 1057 1058 1059
f 293 288 1522
f 288 212 1521
f 292 1522 1523
f 331 1507 1508
f 306 452 453
f 100 44 41
f 462 1524 78
f 330 331 1524
f 635 1067 1068
f 1485 1527 1526
f 206 1485 1528
f 1070 1071 1072
f 942 941 1073
f 916 933 1075
f 440 1529 1530
f 157 158 1514
f 1529 162 5
f 371 595 546
f 790 586 663
f 1077 858 857
f 1403 1434 1435
f 1080 1081 1082
f 531 520 1529
f 21 1083 1084
f 272 1532 1531
f 690 712 802
f 335 3571 3567
f 1090 1030 1029
f 1092 795 794
f 1533 396 137
f 661 660 1095
f 69 444 445
f 1099 1100 1101
f 38 39 1536
f 1104 1105 1106
f 852 1107 1108
f 1377 908 909
f 291 377 411
f 316 1536 516
f 539 1488 1533
f 1505 1536 316
f 1110 1111 1112
f 1539 1537 460
f 522 441 1537
f 834 837 1120
f 1122 1123 1124
f 612 1125 1041
f 935 793 615
f 276 278 130
f 1686 3549 3522
f 193 190 1541
f 231 521 1540
f 556 1037 982
f 365 253 85
f 190 532 318
f 1810 765 3574
f 3924 1867 3512
f 1132 983 985
f 208 101 102
f 1134 1033 662
f 1491 518 80
f 429 133 1542
f 1137 1138 915
f 172 436 428
f 1139 1140 1141
f 549 96 54
f 1517 1519 1518
f 834 1119 984
f 1543 513 286
f 1544 797 239
f 133 134 1544
f 506 361 257
f 420 327 328
f 1158 1159 1160
f 587 1104 1103
f 607 1161 1027
f 304 1546 1545
f 364 1491 77
f 69 70 198
f 700 840 1112
f 3877 626 3525
f 1166 719 657
f 1167 1168 858
f 1300 3523 3524
f 1172 1173 1174
f 218 203 200
f 1179 1180 1181
f 372 183 97
f 89 104 227
f 1186 1187 1188
f 172 173 1517
f 1482 84 81
f 1090 1192 1193
f 394 395 353
f 526 525 1198
f 1199 1200 1026
f 606 623 697
f 1204 1205 1206
f 1207 1208 523
f 1209 1210 867
f 914 913 685
f 1478 1436 1441
f 1029 1028 1161
f 1211 1212 1213
f 3858 1453 1451
f 844 1215 1216
f 423 193 273
f 1220 1221 1222
f 22 1223 1224
f 882 898 897
f 1519 1517 173
f 1189 1188 1232
f 349 350 550
f 1071 1235 1236
f 1237 1238 1239
f 1221 1186 1189
f 1510 1528 1512
f 939 1032 1241
f 1556 1530 5
f 1553 1554 394
f 404 1556 67
f 1247 1248 1249
f 142 199 238
f 1251 1067 635
f 850 1252 1253
f 1254 1167 1077
f 57 132 133
f 443 430 552
f 1187 1172 1175
f 1256 1070 831
f 432 405 382
f 741 748 747
f 434 350 351
f 349 432 383
f 251 124 1481
f 395 384 352
f 1518 1519 1550
f 1558 410 378
f 109 263 314
f 285 1514 1513
f 395 394 393
f 202 203 410
f 417 408 405
f 1246 1257 1258
f 3 1559 297
f 1259 1260 1261
f 403 404 347
f 955 954 953
f 462 50 51
f 1096 1095 687
f 429 147 60
f 896 1264 1265
f 1267 721 1268
f 423 424 327
f 37 179 180
f 20 23 1187
f 1256 1168 1071
f 1188 1175 1269
f 1236 1270 1271
f 1272 536 535
f 565 564 463
f 1273 792 745
f 876 1254 1255
f 316 33 164
f 437 1516 503
f 194 1494 1495
f 1275 1276 864
f 624 625 631
f 1277 1274 1137
f 569 568 567
f 1481 124 125
f 324 325 547
f 1279 1108 1107
f 1525 332 329
f 1281 1278 1137
f 171 168 1553
f 1488 73 396
f 1557 1561 1562
f 1282 856 1206
f 1053 1277 1278
f 778 777 607
f 713 583 3566
f 251 225 144
f 4 357 348
f 709 708 707
f 728 48 45
f 261 135 1563
f 789 1286 1287
f 74 314 263
f 403 284 385
f 1178 1181 1240
f 1223 1259 1289
f 1220 20 1186
f 296 1518 354
f 784 459 1538
f 1181 1180 1291
f 1269 1292 1257
f 1566 1538 438
f 136 784 1566
f 1563 1564 169
f 107 114 109
f 1297 1282 1298
f 1464 1477 1476
f 1520 187 507
f 1301 1302 1303
f 1306 1307 1308
f 175 456 1532
f 1532 456 200
f 1311 1266 1312
f 872 1314 1315
f 3836 843 878
f 1305 1308 864
f 1040 1275 863
f 1564 1566 399
f 592 1576 1575
f 591 1575 1088
f 1581 1584 1583
f 1196 1152 1147
f 710 582 583
f 285 407 408
f 953 954 961
f 1594 1592 1589
f 1585 1588 1587
f 1592 1591 1590
f 3885 945 944
f 1600 1599 1598
f 1604 1603 1602
f 1399 1392 979
f 1589 1590 1596
f 1610 1609 1608
f 298 257 361
f 551 552 276
f 1627 1626 3814
f 859 811 818
f 1078 857 1328
f 1555 439 1530
f 572 573 680
f 772 465 776
f 977 1281 918
f 404 403 392
f 1054 1331 750
f 1644 1645 1643
f 932 1265 1082
f 1067 1333 1334
f 1540 1539 264
f 597 1335 643
f 471 761 762
f 1642 696 3831
f 1644 1642 3842
f 923 946 950
f 96 549 548
f 520 531 522
f 445 444 443
f 849 839 848
f 480 759 755
f 1646 760 481
f 311 426 1567
f 464 463 3497
f 3497 1360 1361
f 234 237 236
f 190 193 192
f 153 154 152
f 231 287 286
f 1552 1553 1551
f 760 1646 1648
f 3832 1647 1649
f 828 827 826
f 52 167 166
f 1663 1662 1661
f 287 107 115
f 668 671 670
f 634 645 640
f 553 560 559
f 118 36 33
f 492 484 491
f 3552 1652 1651
f 582 589 584
f 384 395 392
f 1381 1382 1383
f 1562 1561 435
f 952 953 951
f 3529 3566 583
f 1660 1661 1667
f 1394 1395 1396
f 1660 1665 1664
f 1671 1670 1669
f 1624 1625 1673
f 1407 1408 1409
f 1677 1676 1675
f 1613 1679 1677
f 1679 1678 1676
f 1626 1681 3811
f 534 199 198
f 803 733 734
f 400 248 191
f 65 66 143
f 3526 1657 1656
f 402 159 157
f 629 628 627
f 461 477 49
f 758 757 495
f 796 787 786
f 406 407 1513
f 342 343 166
f 1694 1659 1658
f 1692 1687 1694
f 3557 1693 1652
f 3921 1704 1703
f 326 547 302
f 3916 3921 1702
f 3919 3918 1698
f 1699 1691 3927
f 1557 406 1560
f 1127 1116 1117
f 400 401 289
f 1706 1702 1707
f 1707 1702 1599
f 1709 1706 1708
f 1714 1712 1711
f 3919 3915 1709
f 1704 1711 1577
f 1716 1714 1713
f 1559 1562 1549
f 1722 1721 1720
f 1335 597 596
f 410 411 377
f 973 1170 1163
f 168 169 399
f 1571 682 1089
f 1572 681 682
f 749 646 647
f 1730 1724 1723
f 1594 1582 1729
f 1729 1723 1591
f 1384 1378 1377
f 1732 1731 1712
f 1724 1730 1731
f 1722 1724 1732
f 1721 1722 1733
f 1734 1733 1716
f 1735 1737 1736
f 1733 1732 1714
f 1663 1664 1741
f 1742 1665 1740
f 1738 1739 1737
f 1665 1660 1666
f 1665 1742 1744
f 1725 1726 1746
f 1591 1725 1745
f 1590 1745 1747
f 1745 1746 1748
f 1659 1688 3538
f 3287 1760 3545
f 1185 1177 1182
f 1664 1744 1749
f 1741 1749 1739
f 1746 1742 1743
f 1726 1744 1742
f 1115 924 1153
f 1654 3546 3575
f 1896 3562 3549
f 1720 1749 1744
f 1721 1739 1749
f 1750 1718 1701
f 1697 1736 1750
f 1151 1152 1063
f 1751 1752 1670
f 1695 1658 1752
f 961 962 986
f 1770 1769 1768
f 1766 1594 1593
f 1731 1759 1579
f 1579 1777 1774
f 3928 1772 1771
f 1764 1772 3928
f 1777 1776 1775
f 3762 3763 1699
f 1004 1127 1128
f 1774 1775 1771
f 987 1400 1399
f 1578 1774 1772
f 1783 1782 1781
f 1597 1598 1770
f 639 1878 3895
f 3928 3929 1769
f 1793 1792 1789
f 3929 3920 1798
f 3508 3516 3773
f 1802 1867 3924
f 1788 1790 1794
f 1793 1794 1795
f 3773 3772 1675
f 1584 1581 1783
f 1771 1797 3920
f 1801 1799 1798
f 1768 1769 1798
f 1775 1796 1797
f 508 514 515
f 1796 1803 1802
f 1800 1798 3920
f 1794 1805 1804
f 3532 1670 1752
f 485 1808 1807
f 3809 3844 1640
f 3837 3844 1810
f 485 482 1640
f 1690 1691 3770
f 487 488 1648
f 3839 1813 1816
f 3838 1811 1648
f 3839 1812 1811
f 1812 1809 487
f 1641 1809 767
f 465 466 755
f 767 1815 3823
f 3822 1816 3826
f 1809 1812 1815
f 3837 1653 1651
f 675 672 3541
f 1814 1649 1822
f 1821 1822 3821
f 1824 1822 1649
f 1827 1849 1850
f 1668 1669 1662
f 1779 1780 1848
f 1790 1827 1805
f 1833 1836 1853
f 3521 3506 693
f 1614 1615 1616
f 1852 1853 3498
f 1620 1621 1622
f 1855 1765 1574
f 1847 1852 3501
f 1766 1765 1855
f 1629 1630 1631
f 1633 1622 1634
f 1635 1636 1637
f 1848 1833 1852
f 1855 1861 1863
f 1803 1866 1867
f 1862 1863 1831
f 1782 1855 1862
f 3922 3924 1865
f 1873 1872 1870
f 1874 1869 799
f 2045 3878 3897
f 1219 1345 1295
f 1615 1614 1396
f 3884 3895 1877
f 645 3898 3786
f 1345 1219 1035
f 634 639 3884
f 15 1887 1327
f 3910 3895 1878
f 1894 604 605
f 3506 3551 627
f 3560 640 645
f 340 341 454
f 1897 194 195
f 1889 1882 1877
f 1901 94 129
f 196 749 754
f 1705 1704 3921
f 340 378 166
f 1570 1480 563
f 1904 1494 194
f 1781 1862 1832
f 1905 549 55
f 1000 994 995
f 986 919 920
f 1191 1185 1190
f 2094 2077 2075
f 1920 1921 1919
f 453 454 1912
f 1915 1919 1918
f 3882 2112 2106
f 1655 3575 3531
f 1916 1918 1926
f 704 3554 3561
f 278 1916 1925
f 3565 3564 1818
f 1097 949 1115
f 1927 1928 727
f 3578 3579 3654
f 1920 310 307
f 1929 307 48
f 503 504 1497
f 1902 1903 787
f 1816 1821 3820
f 1925 1926 1923
f 1535 1569 1568
f 254 252 258
f 1509 1497 366
f 119 86 35
f 219 288 293
f 141 46 47
f 542 205 244
f 1940 552 430
f 1779 1828 1827
f 1701 1710 3915
f 1661 3550 3515
f 270 53 754
f 197 1947 749
f 1727 1728 1212
f 53 54 232
f 1465 1468 1479
f 1284 3862 3854
f 1951 446 412
f 168 398 1554
f 1486 1485 206
f 506 77 78
f 994 1001 1007
f 951 953 963
f 1013 3859 3861
f 3826 3820 1820
f 1498 1909 1954
f 299 298 543
f 1754 1755 1756
f 1681 469 1683
f 1696 1694 1695
f 13 14 738
f 473 476 475
f 482 1641 768
f 204 62 30
f 1761 1762 820
f 611 1763 1125
f 1501 1503 1908
f 1074 1073 711
f 1960 1944 82
f 120 1956 1960
f 35 86 87
f 1773 1199 1025
f 1965 1545 1569
f 494 761 471
f 1966 1967 1969
f 446 1951 1971
f 174 368 125
f 1580 1579 1578
f 1785 1786 1787
f 1972 1546 304
f 1254 876 875
f 1973 341 342
f 321 1912 1973
f 1910 277 275
f 509 1973 514
f 1486 1507 1527
f 1974 1874 804
f 1977 1976 1974
f 1980 448 1966
f 379 1 2
f 1718 1715 1710
f 884 995 992
f 1680 1684 1678
f 902 990 525
f 344 255 256
f 135 138 137
f 448 446 1967
f 589 605 604
f 910 909 908
f 1981 1966 1968
f 1982 1981 1987
f 1988 1979 1987
f 1990 1988 1989
f 1991 1989 1993
f 322 321 320
f 992 828 830
f 1144 1076 1086
f 1995 1977 1978
f 1133 1129 1118
f 1997 1995 1994
f 870 1823 1335
f 805 806 1982
f 727 184 2000
f 1996 1994 1988
f 1994 1978 1979
f 1829 616 792
f 1830 1073 941
f 798 803 800
f 729 732 731
f 2011 2012 2023
f 1834 1835 846
f 402 283 284
f 2022 2023 2024
f 1838 718 989
f 810 955 952
f 1823 1839 1840
f 1430 1426 1432
f 1215 844 1841
f 1316 1208 873
f 2112 1401 1384
f 1842 1843 1844
f 1159 846 845
f 837 27 1846
f 1971 1951 2030
f 517 369 370
f 1471 2026 2027
f 3551 3525 626
f 2174 2175 770
f 935 934 1854
f 1613 1619 1611
f 1231 1228 1225
f 1856 1857 891
f 1300 1309 748
f 1150 1149 1858
f 1643 606 696
f 1215 1265 1264
f 1320 1860 902
f 1956 1943 1944
f 2031 668 669
f 2034 1325 1310
f 1879 1880 1656
f 40 245 242
f 1992 1993 2039
f 888 958 957
f 1882 1889 1996
f 1078 1138 1255
f 1871 912 1192
f 294 411 218
f 1323 2041 2026
f 123 1960 83
f 1324 2036 2041
f 384 358 359
f 1324 1325 2038
f 1883 1884 1885
f 287 1540 114
f 1096 1886 1134
f 915 1329 931
f 806 1980 1981
f 3533 3529 584
f 1425 2030 2042
f 1018 2042 1948
f 3562 1896 740
f 1948 2042 649
f 1881 1882 1990
f 1900 129 130
f 992 995 994
f 923 927 925
f 3878 2045 2047
f 1643 2048 625
f 2050 2052 2051
f 2045 1405 1404
f 3876 2047 945
f 1139 1080 1079
f 1037 1856 892
f 2055 2053 2057
f 1198 989 718
f 1619 2058 1612
f 2058 1605 1606
f 2059 2060 1607
f 2058 1619 1624
f 71 72 179
f 405 406 1557
f 322 1548 1972
f 2061 2052 2063
f 2066 2065 2067
f 2052 2061 2064
f 1609 1610 2066
f 1515 151 152
f 1009 827 993
f 1644 3843 3815
f 279 1915 1916
f 1285 3863 3862
f 1647 2066 1825
f 2056 2057 2067
f 319 320 1953
f 667 666 1913
f 2070 631 625
f 2052 2050 2055
f 2038 1654 1655
f 1606 1601 2073
f 1235 1917 1270
f 2072 2073 2075
f 2059 1606 2072
f 2074 2075 2077
f 1601 1602 2078
f 2049 2048 1643
f 1000 1004 1001
f 1089 943 684
f 1931 1286 1306
f 1462 1459 1021
f 1932 1933 1934
f 875 874 1846
f 1936 1051 1937
f 44 45 46
f 1534 1955 1956
f 1541 318 317
f 2081 2082 2084
f 146 1945 1959
f 1360 1941 1942
f 985 984 1032
f 1995 1997 1892
f 2079 2080 2082
f 2095 2096 2076
f 2081 2093 2078
f 2055 2050 2054
f 501 2096 2095
f 2097 2100 2099
f 2098 2099 2094
f 2140 2141 3893
f 2141 2046 3894
f 2051 2070 2048
f 592 2102 2101
f 2071 2064 2076
f 2102 2097 2098
f 593 2103 2102
f 1019 1895 746
f 1950 11 12
f 725 2071 2096
f 1385 2105 2104
f 1379 2104 2106
f 2107 2108 2100
f 3908 726 502
f 3896 502 499
f 940 1389 2109
f 928 929 1170
f 3868 590 684
f 1962 1963 1964
f 3878 680 573
f 2039 1993 1968
f 1389 1390 2110
f 1398 2111 2113
f 3757 3755 3753
f 3911 3883 2107
f 949 923 924
f 260 241 324
f 1390 1397 2113
f 2070 2051 2064
f 3867 3911 2103
f 2105 1385 1421
f 2114 1421 1423
f 3892 2114 2115
f 3908 2105 2114
f 554 2116 1902
f 972 1163 967
f 1765 1593 1573
f 1984 1985 1986
f 2053 2117 2069
f 3573 3556 724
f 1625 1677 1674
f 3881 3888 2119
f 3903 2115 2123
f 56 1954 1906
f 626 3877 3879
f 2001 2002 2003
f 3912 3841 2127
f 2006 2007 2008
f 2127 1413 1412
f 2014 2015 2016
f 2018 2019 2020
f 1495 1424 1947
f 1379 1377 1386
f 3814 3811 1680
f 2029 1885 1884
f 3902 2128 2120
f 629 3879 3914
f 682 683 943
f 724 1650 2121
f 1757 1819 3821
f 765 1810 3844
f 3851 714 715
f 706 707 3870
f 981 986 987
f 1457 1868 1656
f 2017 2016 2032
f 1458 1655 1868
f 1776 1777 1792
f 1959 1945 1946
f 3663 3715 3725
f 3913 3881 2122
f 1093 1089 689
f 966 965 968
f 3852 715 3881
f 2172 3577 2170
f 670 2138 2137
f 3761 787 1903
f 1429 19 28
f 964 963 978
f 3841 3813 1413
f 1473 1474 669
f 3834 3833 1359
f 2138 798 1870
f 1872 1473 2137
f 715 716 3888
f 1881 1991 1992
f 3843 3842 739
f 1837 1847 3513
f 253 58 59
f 1808 3837 3840
f 1647 3832 3818
f 3865 3866 671
f 2112 3882 3883
f 1405 2045 2044
f 3829 3824 1364
f 273 1541 391
f 576 632 3520
f 3875 3865 668
f 1430 1431 2140
f 2136 3850 3860
f 1430 2139 18
f 3893 3894 570
f 1442 1439 2046
f 1431 1442 2141
f 3869 3913 3850
f 3808 3823 1817
f 3866 3893 695
f 2142 2025 798
f 571 2143 2142
f 3819 3814 1618
f 2143 2022 2025
f 694 2142 2138
f 681 1572 2144
f 2144 2011 2022
f 328 210 457
f 1572 2010 2011
f 630 3892 3903
f 2085 2086 2087
f 2090 2091 2092
f 572 2144 2143
f 1875 1976 2153
f 1873 1875 2149
f 2103 2107 2097
f 2157 2043 2155
f 2128 1412 1414
f 3874 3871 589
f 3872 3870 628
f 2149 2153 2158
f 2159 2158 3905
f 698 3907 3902
f 3823 3847 3827
f 2158 2156 3874
f 1438 2044 2046
f 2035 2154 2160
f 2161 2160 3889
f 3871 3891 605
f 3873 17 18
f 370 29 61
f 649 1951 413
f 2153 2157 2156
f 1428 1429 1449
f 1490 76 73
f 3890 3905 710
f 2155 1891 3891
f 1456 1457 1880
f 2125 2088 2087
f 2160 2159 3890
f 300 1959 505
f 1064 1062 1046
f 2043 1892 1891
f 2129 2130 2004
f 2131 2132 2133
f 3848 3849 1450
f 1998 1975 804
f 3879 673 3864
f 474 492 490
f 1164 1165 1182
f 707 2162 3909
f 708 1472 2162
f 2162 2161 3886
f 548 549 1905
f 1145 1136 1114
f 705 2121 1650
f 2043 2157 1977
f 737 738 554
f 1034 1195 1191
f 458 1905 1907
f 195 196 232
f 2040 2039 1969
f 2145 2146 2147
f 2054 2050 2049
f 3832 1646 1639
f 9 12 11
f 252 364 506
f 472 478 479
f 1865 3924 3791
f 900 903 910
f 1941 2150 2151
f 1921 1928 1927
f 2163 1897 1898
f 271 156 153
f 1904 1326 12
f 282 263 264
f 1872 1873 2154
f 1326 1904 1897
f 628 692 693
f 1724 1722 1719
f 1549 1562 436
f 1582 1583 1730
f 1921 1920 1929
f 3563 3511 10
f 2152 2037 1950
f 475 772 774
f 769 2172 2171
f 2171 2165 476
f 476 773 772
f 1791 565 464
f 2166 2167 2168
f 595 371 372
f 483 1809 1641
f 762 2174 2173
f 771 483 484
f 486 487 1809
f 297 1549 1517
f 763 2175 2174
f 776 755 759
f 184 185 2176
f 412 447 303
f 2005 2176 185
f 3811 1681 1682
f 2164 2170 756
f 1472 2035 2161
f 950 951 964
f 2177 2178 2179
f 227 226 1510
f 2182 2183 2184
f 2186 2019 2018
f 1985 2182 2181
f 214 736 729
f 865 849 842
f 849 865 1357
f 559 3187 3188
f 16 13 737
f 560 553 498
f 3193 3196 3195
f 3200 3197 3198
f 3211 3214 3213
f 3215 3218 3217
f 2187 2188 2002
f 2169 2168 2189
f 2192 2086 2085
f 2193 2194 2195
f 2198 2199 2200
f 1998 1982 1979
f 3664 3665 3668
f 2116 1898 1903
f 1859 2006 2009
f 3904 2123 2126
f 1135 1148 1087
f 2201 2202 2015
f 1149 111 110
f 3221 3222 3218
f 2203 2204 2205
f 579 580 1895
f 1755 2207 2208
f 3891 3910 1893
f 1211 2151 2150
f 868 997 2210
f 944 945 930
f 2130 2129 2202
f 233 1903 1898
f 665 751 750
f 1167 1254 999
f 2211 2212 2213
f 2215 2216 2217
f 3867 593 590
f 2220 221 220
f 823 824 948
f 3225 3220 3227
f 266 204 455
f 3882 2108 2107
f 2221 2222 3519
f 2223 2224 2225
f 2207 2125 2124
f 673 674 3869
f 817 1000 996
f 2227 2228 2146
f 1947 1948 646
f 3900 2135 17
f 2229 1635 1638
f 1679 1613 1618
f 1637 2231 2232
f 2233 2234 1617
f 2231 2235 2236
f 1381 1638 2238
f 3586 2241 2242
f 1630 2234 2233
f 1681 1626 472
f 1408 1407 2243
f 3236 3239 3238
f 3232 3241 3240
f 1637 2230 2238
f 3237 3238 3233
f 1409 1408 1634
f 1380 1383 2247
f 1628 2248 2245
f 2249 1623 1622
f 1632 1634 1408
f 2248 1628 1631
f 2235 2231 1637
f 3245 3246 3199
f 631 2070 2071
f 515 167 52
f 782 781 2251
f 2253 2254 2255
f 397 281 459
f 1456 2039 2040
f 2040 2041 2036
f 1401 2112 2111
f 2041 2040 1970
f 1535 121 414
f 1586 1587 2080
f 2256 983 1132
f 1700 1699 3918
f 3815 1896 1686
f 1263 2256 1886
f 598 1841 844
f 2257 2258 2259
f 2258 2261 2262
f 2259 2262 2263
f 2260 2259 2216
f 1967 1971 1970
f 2212 1964 1963
f 922 921 2218
f 1312 1098 1101
f 1307 1306 1286
f 1548 1569 1546
f 2266 2267 2268
f 2265 2268 2270
f 2272 2265 2269
f 2273 2266 2265
f 2275 2276 2277
f 2278 2274 2277
f 2284 2285 3617
f 2287 2283 2286
f 2288 2289 2283
f 2290 2284 3639
f 2291 2292 2293
f 2295 2291 2294
f 2296 2297 2291
f 2297 2298 2292
f 2294 2293 2299
f 2279 2294 2300
f 2298 2301 2302
f 2292 2302 2303
f 2293 2303 2304
f 2304 2305 2306
f 2308 2309 2310
f 2302 2307 2310
f 2301 2311 2307
f 2312 2308 2307
f 2313 2314 2315
f 2318 2319 2320
f 3748 3771 2322
f 2324 2325 2273
f 2313 2324 2326
f 2328 2324 2313
f 2329 2325 2324
f 2331 2332 2333
f 2330 2333 2267
f 2325 2330 2266
f 2329 2331 2330
f 2333 2334 2335
f 2336 2334 2333
f 2338 2336 2332
f 2331 2339 2337
f 2329 2340 2339
f 2328 2341 2340
f 2316 2342 2341
f 2342 2316 2315
f 2344 2345 2346
f 2341 2344 2347
f 2342 2348 2344
f 2348 2349 2345
f 2350 2351 2352
f 2339 2350 2353
f 2340 2347 2350
f 2347 2346 2351
f 2337 2353 2354
f 2353 2352 2355
f 2356 2277 2276
f 2356 2357 2358
f 2356 2359 2296
f 2279 2277 2356
f 2360 2361 2270
f 2267 2335 2360
f 2362 2363 2364
f 2362 2365 2361
f 2366 2362 2358
f 2366 2367 2363
f 2357 2276 2368
f 2366 2368 2369
f 2276 2275 2370
f 2368 2370 2282
f 2372 2373 2374
f 2375 2376 2377
f 2378 2379 2380
f 2382 2378 2381
f 2384 2385 2378
f 2385 2386 2379
f 2388 2389 2390
f 2387 2390 2392
f 2393 2394 2387
f 2394 2395 2388
f 2186 2401 2402
f 2403 2404 2327
f 2272 2403 2326
f 2271 2405 2403
f 2405 2406 2404
f 2404 2407 2408
f 2409 2410 2411
f 2409 2412 2271
f 2413 2409 2269
f 2413 2414 2410
f 2417 2415 2416
f 2417 2418 2406
f 2412 2417 2405
f 2411 2415 2417
f 2406 2419 2407
f 3569 3520 632
f 2420 2398 2397
f 2420 2421 2423
f 2424 2420 2422
f 2424 2399 2398
f 2425 2391 2392
f 2421 2425 2426
f 2397 2396 2425
f 2396 2393 2391
f 2427 2314 2408
f 2430 2427 2428
f 2343 2315 2427
f 2432 2343 2430
f 2431 2430 2429
f 2435 2431 2433
f 2436 2432 2431
f 2428 2408 2407
f 2422 2437 2407
f 2438 2437 2422
f 2429 2428 2437
f 2440 2434 2433
f 2441 2439 2433
f 2442 2443 2439
f 2443 2444 2440
f 2445 2446 2444
f 2447 2445 2443
f 2383 2381 2445
f 2381 2380 2446
f 2448 2438 2423
f 2449 2448 2426
f 2441 2448 2449
f 2441 2429 2438
f 2449 2392 2390
f 2450 2390 2389
f 2447 2450 2451
f 2442 2449 2450
f 2451 2389 2453
f 2452 2453 2455
f 2382 2452 2454
f 2383 2451 2452
f 2456 2457 2373
f 2459 2460 2461
f 2463 2464 2465
f 2462 2465 2285
f 2466 2462 2284
f 2467 2463 2462
f 2461 2460 3703
f 2468 2469 2470
f 2472 2468 2471
f 2474 2461 3701
f 2475 2476 2477
f 2458 2455 2453
f 2479 2453 2389
f 2395 2480 2479
f 2480 2459 2458
f 2481 2482 2483
f 2484 113 2485
f 2471 2470 2464
f 2473 2471 2463
f 2487 2467 2466
f 2486 2466 2290
f 2490 2486 2488
f 2491 2487 2486
f 2492 2473 2467
f 2493 2492 2487
f 2494 2495 2492
f 2495 2472 2473
f 3690 2496 2474
f 3691 2497 2496
f 2498 2494 2493
f 2500 2498 2499
f 3700 3687 2498
f 3687 3691 2494
f 2306 2504 2278
f 2305 2505 2504
f 2504 2505 2507
f 2506 2507 2288
f 2274 2506 2508
f 2278 2504 2506
f 3633 3632 2489
f 3620 3633 2488
f 2507 2509 2289
f 2505 2510 2509
f 2508 2288 2287
f 2511 2287 2281
f 2370 2511 2280
f 2275 2508 2511
f 2512 2490 2489
f 2514 2512 2513
f 2517 2512 2514
f 2517 2491 2490
f 2499 2493 2491
f 2499 2517 2516
f 2510 2505 2519
f 2518 2519 2521
f 3616 2518 2520
f 3632 2510 2518
f 2522 2304 2303
f 2523 2522 2310
f 2305 2304 2522
f 2524 2522 2523
f 2519 2524 2525
f 2505 2305 2524
f 2308 2312 2527
f 2526 2527 2529
f 2531 2526 2528
f 2309 2308 2526
f 1214 2532 2151
f 2419 2406 2418
f 2533 2345 2349
f 2534 2533 2317
f 2535 2536 2533
f 2536 2346 2345
f 2537 2351 2346
f 2538 2537 2536
f 2539 2540 2537
f 2540 2352 2351
f 2312 2355 2541
f 2527 2541 2542
f 2543 2435 2434
f 2545 2543 2544
f 2319 2318 2543
f 2318 2436 2435
f 2514 2515 2548
f 2547 2548 2550
f 2552 2547 2549
f 2552 2516 2514
f 2520 2521 2554
f 2553 2554 2556
f 3590 2553 2555
f 3621 2520 2553
f 2523 2309 2531
f 2557 2531 2530
f 2525 2523 2557
f 2559 2557 2558
f 2554 2559 2560
f 2521 2525 2559
f 2561 2375 2007
f 2376 2562 2225
f 2564 2565 2566
f 2563 2566 338
f 2569 2563 2567
f 2570 2564 2563
f 2572 2573 2574
f 2571 2574 2576
f 2544 2571 2575
f 2544 2434 2572
f 2578 2570 2569
f 2579 2577 2569
f 2574 2577 2579
f 2573 2578 2577
f 2581 2582 2583
f 2584 2580 2583
f 3697 3675 2580
f 3676 2581 2580
f 2582 2516 2552
f 2583 2552 2551
f 2500 2501 2589
f 2590 2588 2589
f 3693 3695 2588
f 3695 3700 2500
f 2501 2516 2591
f 2592 2593 2594
f 2386 2385 2503
f 2596 2379 2386
f 2596 2374 2373
f 2599 2596 2597
f 2599 2380 2379
f 2600 2446 2380
f 2600 2599 2598
f 2603 2600 2601
f 2603 2444 2446
f 2604 2603 2602
f 2440 2604 2605
f 2444 2603 2604
f 2606 2582 2581
f 2606 2607 2590
f 2591 2516 2582
f 3676 2587 2456
f 3689 2456 2372
f 2478 2477 2608
f 2609 2610 2611
f 2564 2570 2613
f 2612 2613 2598
f 2457 2612 2597
f 2565 2564 2612
f 2614 2613 2570
f 2615 2614 2578
f 2602 2601 2614
f 2601 2598 2613
f 2572 2434 2605
f 2616 2605 2602
f 2573 2572 2616
f 1459 1016 1045
f 1265 1215 1079
f 1612 1608 1609
f 2067 2057 2069
f 1135 1109 1136
f 1938 1937 2618
f 95 548 458
f 2058 1607 1608
f 1454 1469 1445
f 655 2620 1048
f 722 1049 2621
f 1131 985 1033
f 562 1481 366
f 1723 1719 1725
f 1786 1123 1122
f 267 300 323
f 1325 2034 1654
f 1468 1165 1435
f 658 657 529
f 8 532 247
f 382 1557 1559
f 788 619 1307
f 940 930 929
f 911 2622 2623
f 2621 2620 655
f 2624 1857 2625
f 998 1846 27
f 635 638 2626
f 2627 641 644
f 2628 2627 1840
f 1200 1199 2627
f 1199 1773 641
f 1520 515 49
f 1452 1350 1349
f 2630 2631 1859
f 644 643 1335
f 1197 1198 717
f 2632 717 719
f 2628 2632 1166
f 2629 1197 2632
f 1762 2633 1050
f 1823 870 873
f 2634 2635 794
f 1042 794 2635
f 93 94 1901
f 2036 2038 1458
f 1527 332 1525
f 877 876 1274
f 134 409 797
f 1328 893 931
f 607 777 1091
f 1043 2635 2637
f 2636 2637 2639
f 1275 2636 2638
f 1275 1040 1043
f 1272 2624 2626
f 2640 2626 638
f 1110 2641 2640
f 536 1272 2640
f 1472 708 1474
f 2042 2030 1951
f 1058 1106 1105
f 2642 2623 2643
f 1192 2642 2644
f 912 2623 2642
f 3898 1657 3526
f 1049 1048 2620
f 616 1829 1885
f 1331 1913 666
f 990 989 1198
f 1911 1912 321
f 1298 1282 1205
f 76 1490 1504
f 1502 1500 421
f 610 609 658
f 1146 937 659
f 2646 911 914
f 1280 1239 1238
f 1453 1454 1452
f 835 942 1843
f 1271 1270 1173
f 1893 1878 1826
f 1050 2633 1937
f 2651 2652 814
f 1006 1053 1281
f 2653 1084 2654
f 1001 1004 1003
f 585 997 679
f 2624 1272 621
f 555 678 2028
f 1207 526 1197
f 1626 1627 478
f 426 389 419
f 1030 1193 1773
f 3898 645 634
f 534 1533 138
f 1125 1092 1042
f 333 228 88
f 569 1570 561
f 1489 2656 871
f 1857 2624 620
f 1673 1674 3770
f 622 861 864
f 619 788 891
f 261 544 545
f 393 1555 1556
f 2658 2659 2647
f 1075 2658 2657
f 1081 1080 2658
f 1080 1139 2659
f 2644 2643 1141
f 2660 1141 1140
f 642 2660 1336
f 1193 2644 2660
f 679 678 555
f 1503 1501 1500
f 1318 1317 1101
f 2661 2659 1139
f 2661 1142 2663
f 2662 2647 2659
f 2662 2663 2622
f 2664 2622 911
f 2648 2664 2646
f 2648 2647 2662
f 2083 2094 2093
f 1442 1440 1437
f 519 329 330
f 1885 2029 1209
f 799 800 805
f 1946 1943 1952
f 1302 1301 1253
f 566 2005 224
f 1389 940 928
f 683 682 681
f 836 835 1842
f 2665 1842 1845
f 2666 2665 1303
f 24 836 2665
f 831 1072 2650
f 1845 1844 1304
f 2010 2013 2012
f 1051 1936 2667
f 1522 1521 1511
f 531 440 441
f 1250 635 2625
f 2669 2625 1857
f 783 2669 1856
f 782 1250 2669
f 720 2670 2671
f 1055 1931 1930
f 1333 1067 1251
f 619 622 1308
f 652 655 2619
f 521 522 1539
f 1838 988 537
f 2672 537 536
f 1113 2672 2641
f 1113 527 1838
f 1016 1013 1351
f 3897 573 570
f 226 227 104
f 3564 3669 3827
f 1036 1037 1884
f 2674 1301 1304
f 2673 1304 1844
f 1334 2673 2675
f 1333 2674 2673
f 2676 702 1039
f 1843 2676 2675
f 942 1074 2676
f 1074 699 702
f 752 1057 1055
f 1200 1166 656
f 1120 1846 874
f 2677 874 877
f 1241 2677 1052
f 1119 1120 2677
f 1560 1513 151
f 1208 1316 611
f 215 735 736
f 1460 1459 1462
f 1208 1207 1839
f 854 856 1282
f 72 445 182
f 544 1563 1565
f 217 200 456
f 2047 1404 930
f 1204 2618 1937
f 913 777 686
f 840 527 1113
f 1531 729 730
f 2678 778 1283
f 601 667 1914
f 1537 1538 459
f 1819 1757 3509
f 991 1860 862
f 2679 711 1073
f 2680 1830 983
f 779 2680 2256
f 778 2678 2680
f 2678 2679 1830
f 180 542 245
f 1886 1132 1131
f 1138 1137 1274
f 1841 598 1140
f 75 313 314
f 193 423 420
f 2681 2682 1099
f 170 1567 1565
f 349 416 417
f 1121 1124 2684
f 547 797 409
f 123 122 121
f 2643 2663 1142
f 1542 1544 513
f 899 900 907
f 1210 677 676
f 791 663 982
f 24 27 837
f 893 896 932
f 1860 1320 863
f 535 538 862
f 1569 1548 1547
f 181 455 542
f 660 659 937
f 2013 567 568
f 887 890 2631
f 1524 1508 361
f 520 161 162
f 2653 855 854
f 1238 1237 2655
f 718 1838 527
f 1492 1493 518
f 792 616 615
f 599 846 1835
f 290 457 456
f 312 171 1552
f 1248 2687 1179
f 153 149 177
f 1240 1181 1222
f 1257 1292 1235
f 1291 1084 1083
f 1052 877 1277
f 743 742 2618
f 444 140 430
f 23 1224 1172
f 2687 2654 1180
f 102 103 409
f 1283 607 610
f 373 497 650
f 1180 2654 1084
f 855 2653 2655
f 1173 1270 1917
f 2689 850 853
f 2688 853 1108
f 2686 2688 1279
f 2687 2689 2688
f 2691 1302 1252
f 2690 1252 850
f 1248 2690 2689
f 1248 1247 2691
f 2692 617 24
f 2691 2692 2666
f 1247 1258 2692
f 1258 1168 617
f 394 1554 1555
f 2693 1260 1259
f 1072 1236 1262
f 1257 1071 1168
f 398 439 1555
f 871 1784 1314
f 1178 1232 1249
f 1224 1289 1173
f 1010 2617 2618
f 1175 1174 1292
f 2654 2687 2686
f 2694 1157 1216
f 71 418 1487
f 701 1112 1111
f 1072 1261 2649
f 1085 2695 22
f 895 2694 1264
f 1601 1606 1605
f 1259 1262 1271
f 21 20 1220
f 988 991 538
f 598 597 1336
f 1050 860 818
f 1298 2645 1761
f 1168 1167 618
f 858 1168 1256
f 39 242 516
f 2652 1761 819
f 313 316 315
f 2026 1970 1971
f 2656 1489 596
f 814 819 818
f 2696 2651 813
f 1260 2696 2649
f 2693 2697 2696
f 2697 1296 2651
f 381 355 390
f 3818 3819 1611
f 1475 1427 1428
f 1292 1174 1917
f 1551 353 354
f 1526 1525 1523
f 1593 1589 1595
f 1232 1269 1246
f 2695 2693 1223
f 2698 1297 1296
f 2698 2697 2693
f 2685 2698 2695
f 2685 854 1297
f 562 1497 271
f 2652 2651 1296
f 1365 1366 1364
f 1958 1946 1953
f 585 588 2210
f 1561 1560 1515
f 975 2648 1146
f 347 67 68
f 1038 1111 636
f 2700 781 780
f 2699 780 1036
f 2701 2699 1883
f 851 2700 2699
f 2674 1333 2251
f 2702 2251 781
f 1253 2702 2700
f 1301 2674 2702
f 1519 387 388
f 1273 1239 1280
f 2703 1280 1107
f 2701 2703 852
f 1829 1273 2703
f 91 260 326
f 1784 871 2656
f 2683 2684 2705
f 604 1894 3499
f 1669 3534 3548
f 2062 2063 2060
f 621 535 861
f 2023 731 732
f 686 779 1263
f 857 1051 2668
f 883 830 882
f 637 636 1111
f 2668 894 893
f 2667 921 894
f 1039 1038 1068
f 313 75 1504
f 1911 1972 305
f 1936 2706 1964
f 2707 2402 2401
f 2708 2707 2183
f 738 2163 2116
f 2349 2348 2432
f 2711 2712 2020
f 2400 2711 2019
f 2714 2715 2716
f 2717 2718 2719
f 2721 2722 2723
f 2726 2727 2728
f 2725 2728 2730
f 2731 2725 2729
f 2732 2726 2725
f 2734 2735 2736
f 2738 2739 2740
f 2737 2740 2741
f 2744 2745 2746
f 2745 2744 2748
f 2749 2750 2747
f 2753 2749 2751
f 2250 1380 2246
f 2754 1396 1614
f 3598 2754 2755
f 3608 2745 2747
f 1617 2756 2755
f 2242 2758 1620
f 2191 2085 2760
f 2761 2759 2760
f 3648 2759 2761
f 3623 2191 2759
f 3209 3248 3223
f 1395 1394 2236
f 1395 2235 1636
f 1616 1635 2229
f 1617 2234 2763
f 2756 2763 3628
f 2765 2763 2234
f 2766 2764 3628
f 3202 3199 3246
f 1516 437 435
f 2768 2769 3552
f 1495 541 578
f 2135 2136 28
f 3526 3540 2773
f 1690 1689 3926
f 2778 2779 2780
f 2777 2780 2781
f 2784 2778 2777
f 3555 3521 575
f 1494 1904 9
f 3529 2016 2015
f 451 61 505
f 2786 2787 2788
f 2779 2786 2785
f 2789 2752 2741
f 2790 2753 2752
f 2792 2793 2794
f 2793 2795 2796
f 2796 2797 2750
f 2794 2796 2749
f 2798 1393 1396
f 3591 2798 2754
f 2798 2799 2800
f 3591 3662 2799
f 2797 2796 2795
f 2791 2794 2753
f 216 233 232
f 3804 2806 2807
f 3805 2809 2804
f 2769 2810 3557
f 183 185 184
f 2811 2812 2775
f 2804 2811 2776
f 2809 2813 2811
f 2812 2811 2813
f 3805 2808 2816
f 3796 2818 2815
f 3798 3800 2820
f 3793 2823 2819
f 2824 2736 2735
f 2823 2825 2824
f 2825 2823 2826
f 3793 2822 2827
f 3796 2817 2826
f 2713 2716 2829
f 2828 2829 2831
f 2822 2821 2828
f 2821 2820 2713
f 2832 2827 2822
f 2833 2832 2830
f 2834 2835 2832
f 2835 2818 2827
f 2837 2838 2839
f 2836 2839 2841
f 2842 2836 2840
f 2843 2837 2836
f 2840 2841 2845
f 2718 2844 2845
f 2730 2728 2844
f 2727 2840 2844
f 2846 2845 2841
f 2829 2846 2847
f 2847 2841 2839
f 2848 2839 2838
f 2833 2848 2849
f 2831 2847 2848
f 2850 2814 2851
f 2853 2850 2852
f 2783 2777 2782
f 2785 2788 2853
f 2780 2785 2856
f 2857 2858 2855
f 2859 2857 2782
f 2861 2843 2842
f 2860 2842 2727
f 2862 2860 2726
f 2863 2861 2860
f 2861 2863 2858
f 2843 2861 2857
f 2856 2853 2854
f 2781 2856 2864
f 2837 2843 2859
f 2838 2837 2864
f 2852 2851 2834
f 2854 2852 2849
f 2865 2815 2818
f 2851 2865 2835
f 2813 2809 2815
f 2814 2813 2865
f 2866 2812 2814
f 2788 2866 2850
f 2866 2788 2787
f 2812 2866 2867
f 1892 1889 1890
f 2720 2719 2846
f 298 299 256
f 2872 2714 2713
f 3794 3800 2735
f 2729 2730 2874
f 2846 2716 2715
f 2876 2877 2878
f 2733 2875 2878
f 3806 3807 2879
f 3806 2880 2872
f 2882 2883 2884
f 2881 2884 2715
f 2880 2881 2714
f 2879 2882 2881
f 2885 2886 2887
f 2888 2889 2890
f 2885 2890 2892
f 2893 2886 2885
f 1942 2151 2532
f 2895 2892 2720
f 2884 2895 2870
f 2883 2896 2895
f 2896 2891 2892
f 2889 2874 2717
f 2890 2717 2720
f 2897 2893 2891
f 2898 2897 2896
f 2899 2898 2883
f 2900 2899 2882
f 3797 2900 2879
f 2876 2902 2901
f 2901 2902 2904
f 1785 2656 1835
f 2905 2906 2899
f 2907 2908 2897
f 3797 2901 2903
f 632 576 577
f 3532 3547 2867
f 434 385 550
f 2768 2770 3640
f 2910 2911 1623
f 2241 2912 2758
f 3640 2770 2913
f 1623 2911 2757
f 3587 2242 2757
f 2229 1381 1380
f 2765 1630 1629
f 2915 2914 1629
f 3642 3641 2914
f 3641 3622 2765
f 2919 2916 3642
f 2918 2915 2912
f 3614 2918 2241
f 3618 2919 3613
f 3541 2177 2180
f 3521 2002 2188
f 3705 3573 714
f 2925 2766 2917
f 2924 2917 2916
f 3610 2924 2919
f 3611 2925 2924
f 2926 2927 2766
f 3658 2926 2925
f 1715 1713 1705
f 785 497 498
f 1387 651 565
f 374 375 1899
f 3573 2203 2206
f 2929 2930 2886
f 2932 2933 2934
f 1905 1906 1908
f 2930 2935 2936
f 2938 2935 2930
f 1493 369 517
f 1603 1585 1586
f 2939 2938 2929
f 2940 2939 2908
f 3665 1707 1600
f 2886 2930 2937
f 2906 2907 2898
f 2908 2929 2893
f 2942 2934 2933
f 2941 2933 2937
f 3501 2941 2936
f 3498 2942 2941
f 2943 2944 2710
f 2943 2873 2874
f 2945 2943 2889
f 2946 2944 2943
f 2932 2945 2888
f 2931 2946 2945
f 727 1928 1929
f 2903 2904 2947
f 545 594 42
f 1480 1570 533
f 2907 2906 2949
f 2906 2905 2950
f 1558 452 215
f 3799 2903 2948
f 2054 1645 1644
f 3705 3684 2203
f 1828 1837 1849
f 2953 2954 2955
f 2952 2955 2957
f 2956 2261 2258
f 2953 2952 2258
f 2454 2455 2474
f 3747 2958 2959
f 3747 2132 2131
f 2961 2962 2963
f 2958 2963 2964
f 222 221 2485
f 2477 2226 2966
f 2631 2561 2006
f 2384 2454 2496
f 2967 2968 2959
f 2968 2967 2970
f 3759 2033 2971
f 3784 2971 2960
f 2972 2971 2033
f 2007 2377 2973
f 3560 3559 2134
f 1836 1833 1832
f 3506 2188 2090
f 955 810 959
f 672 675 674
f 633 710 713
f 2024 732 733
f 2025 2024 803
f 425 1552 1550
f 2975 2976 888
f 1319 1158 1157
f 1212 1935 2977
f 889 957 2228
f 1978 1974 1975
f 1138 1078 1329
f 751 665 2979
f 1619 1613 1625
f 2252 2255 1728
f 1157 1160 845
f 2706 1936 1938
f 2980 2255 2254
f 2982 2975 887
f 802 712 711
f 678 677 2029
f 527 840 690
f 1839 1207 2629
f 2983 2984 602
f 2983 1914 1913
f 2985 2983 1331
f 2986 2984 2983
f 2987 2637 2635
f 2985 2988 2639
f 2990 1319 1318
f 2991 2992 2993
f 2995 2991 2994
f 1106 1058 2991
f 1058 1057 2992
f 1415 1406 1365
f 1317 922 2217
f 1932 1728 2255
f 926 2998 2999
f 3001 2993 2992
f 3000 2992 1057
f 2999 3000 2978
f 2998 3001 3000
f 3002 2998 2209
f 3002 3003 2996
f 2993 3001 3002
f 1103 1106 2995
f 3004 2995 2996
f 2209 2210 3004
f 588 1103 3004
f 295 296 433
f 2638 2639 2988
f 3005 2988 1056
f 1305 3005 1930
f 1276 2638 3005
f 1987 1968 1993
f 2633 1762 1761
f 1423 1422 1417
f 3561 3517 739
f 2671 2670 2704
f 1473 1872 2035
f 922 1317 2694
f 1401 1400 1378
f 556 2028 1884
f 842 848 3825
f 1854 2706 2617
f 933 1082 1081
f 1440 1441 1436
f 529 657 719
f 1031 1025 1027
f 777 913 912
f 2645 1205 1204
f 441 438 1538
f 790 1287 587
f 2065 2066 1610
f 1860 991 990
f 60 106 87
f 1424 1017 1948
f 332 1527 1507
f 261 262 138
f 187 188 449
f 1719 1720 1726
f 1931 1055 1059
f 3006 1059 1105
f 1287 3006 1104
f 1286 1931 3006
f 3007 3008 3009
f 3009 3008 653
f 618 999 26
f 2029 677 1210
f 957 601 600
f 1049 2146 2228
f 2631 890 3011
f 890 889 2227
f 3011 2227 2145
f 2561 3011 3012
f 1026 656 609
f 2706 1854 1961
f 3013 2965 2485
f 2148 2147 1267
f 3015 1267 1266
f 2997 2264 1101
f 642 641 1773
f 186 477 461
f 1041 1040 1320
f 1121 3016 3017
f 2984 2986 2987
f 3018 2987 2634
f 1048 603 3018
f 603 602 2984
f 2679 2678 801
f 2062 2072 2074
f 2061 2074 2076
f 414 303 1545
f 3016 1121 2683
f 3019 2683 2704
f 3020 3019 2670
f 3007 3016 3019
f 1871 1090 1091
f 3021 1787 1122
f 3022 3021 3017
f 1314 3021 3022
f 1784 1787 3021
f 1316 1315 1763
f 3023 3022 3010
f 3023 3009 795
f 1763 3023 1092
f 1315 3022 3023
f 3016 3007 3010
f 752 751 2978
f 2986 2639 2637
f 3024 654 653
f 3020 3024 3008
f 720 723 3024
f 723 2621 654
f 2681 1098 1268
f 2671 3025 1268
f 2705 2681 3025
f 1313 3026 3027
f 3026 3028 3029
f 3027 3029 3030
f 1311 3027 3031
f 2012 568 731
f 917 2657 974
f 743 1206 856
f 1888 2027 2030
f 2682 2705 2684
f 3032 2684 1124
f 1100 3032 2989
f 1099 2682 3032
f 1123 2990 2989
f 3033 1834 1159
f 2990 3033 1158
f 1123 1786 3033
f 1786 1785 1834
f 1054 1056 2988
f 2979 665 664
f 2623 2622 2663
f 1095 660 688
f 3034 3035 2261
f 3036 3034 2956
f 3037 3038 3034
f 3038 3039 3035
f 3040 3041 3026
f 2263 3042 3041
f 3042 3039 3043
f 3041 3043 3028
f 3044 3045 3043
f 3046 3047 3045
f 3047 3048 3049
f 3043 3045 3049
f 3038 3037 3051
f 3050 3051 3053
f 3052 3046 3044
f 3039 3038 3050
f 3054 3035 3039
f 3042 2263 2262
f 2261 3035 3054
f 2216 2263 2997
f 2212 2211 2667
f 3056 868 2209
f 934 3057 1961
f 2013 3755 3757
f 3058 3059 3060
f 3059 3062 3063
f 3060 3063 2213
f 3061 3060 1963
f 3063 3064 2214
f 3062 3065 3064
f 3065 2257 2260
f 3064 2260 2215
f 3066 3067 3031
f 2608 2966 3067
f 2966 2562 3068
f 3031 3067 3068
f 2455 2458 2461
f 2476 2223 2226
f 3551 2090 2089
f 3526 2774 3769
f 433 354 355
f 2115 1423 1419
f 3509 2868 2922
f 3769 3737 2131
f 3069 2611 2167
f 2971 2972 2928
f 2961 2774 2773
f 3070 2475 2478
f 2610 2609 3071
f 2502 2371 2374
f 3072 2592 2595
f 2964 3046 3052
f 3048 2593 3074
f 2593 2592 3075
f 3075 3030 3029
f 3074 3029 3028
f 3072 3076 3075
f 3076 3072 2482
f 2481 2608 3066
f 3076 3066 3030
f 2967 3052 3053
f 2482 3072 3073
f 479 480 493
f 706 3900 3873
f 3561 2194 2221
f 2013 2010 3754
f 3533 2032 2016
f 3562 3519 2222
f 1171 1154 1155
f 2586 2566 2565
f 2982 110 113
f 2562 2376 3077
f 2376 2375 3012
f 3012 2145 2148
f 3077 2148 3015
f 2963 3047 3046
f 3051 3078 2970
f 1683 2173 491
f 3850 2122 1447
f 1986 2181 3734
f 3079 3080 2546
f 3081 3079 2575
f 1983 1986 3768
f 3082 2323 2319
f 3080 3082 2545
f 3734 3732 3082
f 3732 3748 2323
f 1309 1471 1888
f 3073 2595 2772
f 2760 3083 3084
f 2760 2085 2088
f 3085 3084 3086
f 3089 3085 3090
f 3089 2762 3084
f 3092 3088 3090
f 3093 2748 2744
f 2751 2747 2748
f 3093 2741 2752
f 2742 2741 3093
f 3094 3093 2743
f 3096 3097 3098
f 3099 3096 3087
f 3097 3094 3095
f 3100 2743 2746
f 3101 2927 3102
f 2764 2766 2927
f 2745 2764 3101
f 3102 3092 3091
f 3100 3091 3095
f 2869 2802 3592
f 3102 3103 3104
f 3658 2868 2869
f 2927 2926 3103
f 3098 3095 3091
f 3087 3098 3090
f 2088 2125 3105
f 3083 3105 3086
f 2483 3073 2771
f 2401 2186 2185
f 3099 3086 3105
f 2125 2207 3106
f 3108 2737 2742
f 3107 2742 3094
f 3110 3108 3107
f 3109 3107 3097
f 3111 3109 3096
f 3112 3110 3109
f 3113 2738 2737
f 3115 2723 2722
f 3117 3115 3114
f 3119 3117 3116
f 3118 3116 3120
f 3116 3114 3113
f 3122 3112 3111
f 3122 3123 1755
f 3124 3125 3126
f 3125 3118 3121
f 3128 3119 3118
f 3129 3128 3125
f 2020 2712 3128
f 3853 3857 1346
f 1065 1046 1047
f 1814 3838 3830
f 2021 2020 3129
f 3111 3099 3106
f 3123 3106 2207
f 2377 2225 2224
f 3014 2485 113
f 1756 2208 3782
f 3131 3132 2530
f 3133 3131 2528
f 1753 1756 3767
f 3134 3124 3127
f 2327 2408 2314
f 2436 2318 2317
f 2018 2021 3711
f 2534 3136 3137
f 2320 2322 3136
f 2185 2018 3712
f 3138 3139 2542
f 3134 3135 3744
f 3785 3130 3134
f 3140 3138 2539
f 2535 3137 3140
f 3711 2021 3130
f 2558 2530 3132
f 3782 3760 3141
f 2560 2558 3141
f 3760 3777 3142
f 958 888 2976
f 1933 1932 2980
f 2399 2424 2418
f 2348 2342 2343
f 2322 2320 2319
f 2718 2717 2874
f 2709 2729 2873
f 2894 2871 1361
f 346 289 176
f 1876 1877 1882
f 2802 2803 3607
f 3104 3144 3088
f 2974 2222 3649
f 3089 3145 2761
f 3088 3144 3145
f 2803 2974 3603
f 3870 3909 692
f 2123 1419 1418
f 1365 1363 1368
f 1581 1766 1782
f 3569 2202 2129
f 3555 2003 2002
f 3146 2585 2551
f 3751 3146 3147
f 3742 3149 3146
f 3149 2584 2585
f 3196 3198 3197
f 3604 2192 2191
f 3142 3150 2556
f 3777 3778 3150
f 3646 3152 2550
f 3150 3151 2555
f 3778 3780 3151
f 3788 3781 3152
f 3153 3147 2551
f 3152 3153 2549
f 3781 3776 3153
f 3776 3750 3147
f 3148 2767 2206
f 2183 2401 2321
f 2132 2960 2928
f 3684 3685 2204
f 3719 2198 2197
f 2594 2962 2773
f 2595 2594 2951
f 1870 798 799
f 3713 2179 2178
f 3706 2178 3736
f 336 3154 3774
f 339 3155 3154
f 3789 3683 3149
f 3683 3697 2584
f 2963 2962 3048
f 3722 3730 337
f 339 338 2566
f 3156 3157 2168
f 2610 3156 2167
f 2954 2953 3156
f 3157 3156 2953
f 3707 2166 2169
f 2567 3158 3159
f 337 3158 2567
f 3730 3069 2166
f 3764 2190 1983
f 2579 3160 3081
f 2568 3159 3160
f 3709 2169 2190
f 3065 3062 3162
f 3161 3162 1984
f 3157 3161 2189
f 2257 3065 3161
f 734 735 1922
f 3059 3058 2708
f 3163 2708 2182
f 3162 3163 1985
f 3062 3059 3163
f 3203 3206 3205
f 2122 2119 1448
f 3817 1686 1685
f 139 140 444
f 1570 569 566
f 2957 3164 3165
f 2955 3166 3164
f 1912 454 341
f 3130 3129 3124
f 1548 322 319
f 1949 1950 1327
f 2969 2970 3078
f 3167 3078 3169
f 3724 2014 2017
f 3720 2017 2033
f 3168 3169 3165
f 3170 3165 3164
f 3779 3170 3171
f 3724 3168 3170
f 3171 3164 3166
f 3172 3166 3071
f 3752 3172 3173
f 3756 3171 3172
f 3169 3037 3036
f 2593 3048 2962
f 3173 3071 2609
f 3174 2609 2199
f 3783 3174 2198
f 3749 3173 3174
f 2190 2189 1984
f 2196 2195 2767
f 2119 2120 1414
f 1464 1463 1466
f 2199 2611 3069
f 2457 2456 2587
f 2226 2225 2562
f 481 478 1627
f 333 1512 235
f 3078 3051 3037
f 3040 2264 2997
f 2219 1934 1933
f 2385 2384 2497
f 221 2220 3175
f 2220 1933 3143
f 3175 3143 2976
f 2484 3175 2975
f 2954 3071 3166
f 2630 1858 110
f 1547 319 1952
f 2091 2090 2188
f 3733 3736 2178
f 1918 1919 1927
f 3563 112 111
f 955 956 960
f 2037 3014 112
f 3143 2980 2981
f 2218 2211 2214
f 672 3877 3787
f 2152 3013 3014
f 1147 1144 1143
f 2248 2246 1409
f 1615 1636 1635
f 1410 1409 2246
f 3241 3243 3242
f 1382 3176 3177
f 3177 1410 2247
f 2247 1383 3177
f 3176 2238 2230
f 1410 3177 3179
f 3179 3180 2243
f 1633 3181 2800
f 1621 1620 2758
f 1622 1621 2245
f 2236 1394 3181
f 2237 2236 3182
f 2250 1631 2233
f 2912 1629 1628
f 135 136 1564
f 1567 419 512
f 1085 1084 2653
f 3184 869 868
f 869 3184 3057
f 1266 1268 1098
f 1267 2147 722
f 937 1146 2646
f 2146 1049 722
f 2211 2218 921
f 1957 510 507
f 1313 1312 2264
f 1496 362 1493
f 2887 2937 2933
f 1687 1688 1659
f 145 1499 1498
f 37 38 418
f 1935 1934 3185
f 104 89 301
f 2101 2098 2083
f 543 298 360
f 1934 2219 3186
f 234 1521 212
f 3845 3821 1822
f 1976 1875 1874
f 223 3186 2219
f 3655 3656 3605
f 2165 2164 467
f 467 468 2165
f 773 476 2165
f 1935 1212 1728
f 3240 3225 3226
f 3261 3249 3250
f 3215 3216 3244
f 3265 3221 3215
f 3267 3245 3198
f 3205 3206 3269
f 3214 3211 3265
f 3271 3213 3214
f 3251 3252 3239
f 3222 3221 3266
f 3232 3235 3234
f 3216 3242 3243
f 3196 3193 3268
f 3244 3243 3254
f 3238 3239 3247
f 3264 3244 3255
f 3253 3242 3216
f 3211 3266 3221
f 3257 3217 3218
f 3258 3222 3272
f 3274 3275 3280
f 3228 3229 3262
f 3275 3231 3281
f 3226 3227 3273
f 3236 3263 3260
f 3281 3263 3236
f 3287 3271 3192
f 3235 3226 3280
f 3234 3280 3281
f 3288 3290 3259
f 3260 3250 3276
f 3289 3212 3278
f 3210 3209 3224
f 3199 3202 3201
f 3228 3231 3230
f 3290 3288 3285
f 3282 3279 3271
f 3260 3263 3262
f 3243 3241 3268
f 3267 3268 3241
f 3194 3207 3208
f 3191 3270 3269
f 3270 3191 3192
f 3275 3274 3230
f 3264 3269 3270
f 3252 3251 3276
f 3248 3252 3291
f 3213 3271 3279
f 3272 3266 3289
f 3277 3278 3212
f 3228 3263 3281
f 3220 3225 3253
f 3219 3253 3217
f 3256 3218 3222
f 3247 3239 3252
f 3245 3267 3232
f 3266 3211 3212
f 3208 3205 3255
f 3288 3289 3284
f 3204 3205 3208
f 560 1899 3187
f 3209 3210 3201
f 3189 3192 3191
f 448 1980 807
f 647 648 122
f 1833 1848 1780
f 510 509 508
f 3210 1949 1887
f 1887 15 3200
f 15 16 3197
f 16 3188 3195
f 3195 3188 3187
f 3194 3187 1899
f 3207 1899 375
f 387 173 126
f 3189 1791 1760
f 3577 763 757
f 763 3577 2172
f 3583 3582 3580
f 3581 3580 3579
f 3594 3597 3596
f 3400 3601 3602
f 3626 3624 3625
f 3631 3635 3599
f 3636 3637 3595
f 3647 3584 3588
f 3650 3582 3584
f 3653 3579 3580
f 3653 2176 3654
f 1801 1864 3656
f 3651 3580 3582
f 3644 3638 3595
f 1767 1768 3659
f 1597 3663 3661
f 1708 1707 3665
f 3671 3668 3667
f 3666 3667 3673
f 1588 1708 3664
f 2080 3671 3666
f 2082 3666 3672
f 3674 3677 3635
f 3677 3678 3636
f 3682 3647 3645
f 3692 3651 3650
f 3681 3645 3644
f 786 3694 3692
f 3694 3653 3651
f 785 3692 3686
f 497 3686 3682
f 650 3682 3681
f 3696 564 3681
f 3405 3606 3605
f 3702 3699 3678
f 3699 3698 3679
f 3645 3588 3638
f 1799 3657 3659
f 3708 3704 3458
f 3462 3710 3708
f 3714 463 564
f 3615 3606 3602
f 3710 3714 3696
f 3635 3636 3596
f 3629 3626 3627
f 3597 3600 3599
f 3630 3716 3715
f 3627 3625 3597
f 3717 3716 3723
f 3715 3663 3660
f 3716 3717 3725
f 3668 3665 3661
f 3668 3725 3717
f 3667 3717 3718
f 3727 3728 3673
f 3728 1576 3672
f 3726 3727 3718
f 1576 2101 2084
f 3727 3726 3731
f 3203 376 1387
f 3190 1387 1791
f 3283 2152 1949
f 317 240 259
f 2000 2176 3653
f 3601 3599 3600
f 3589 3588 3584
f 3577 758 756
f 3585 3584 3582
f 3678 3679 3637
f 3204 375 376
f 1801 3655 3657
f 3729 3735 3728
f 1575 3735 3738
f 3735 1575 1576
f 1776 1795 1796
f 1293 1294 1290
f 1326 14 1327
f 1294 1245 1234
f 878 1244 1330
f 497 373 374
f 122 648 413
f 3699 3702 3704
f 3606 3405 3401
f 3708 3710 3698
f 3464 3714 3710
f 3704 3674 3443
f 439 398 399
f 1512 1528 1526
f 1668 1741 1738
f 839 849 1362
f 1362 1357 826
f 3843 740 1896
f 2053 2054 2118
f 3888 3887 2120
f 696 697 3816
f 1826 1878 639
f 3740 3739 3729
f 956 885 886
f 1980 806 1922
f 33 34 105
f 1343 1344 3856
f 3907 2127 2128
f 1766 1581 1582
f 14 1326 2163
f 595 98 99
f 3233 3238 3246
f 1346 1035 1044
f 748 1888 1425
f 3193 3208 3254
f 3190 3191 3206
f 3612 3605 3606
f 3624 3612 3615
f 3631 3415 3443
f 3679 3680 3644
f 3686 3650 3647
f 3702 3677 3674
f 3625 3615 3600
f 3601 3400 3415
f 3739 3738 3735
f 3630 3627 3594
f 3741 3723 3716
f 1284 1290 1288
f 3698 3696 3680
f 1778 1781 1780
f 1792 1759 1584
f 695 570 571
f 3638 3741 3594
f 3741 3638 3588
f 3247 3248 3209
f 3292 3293 3294
f 3296 3297 3298
f 3299 3298 3300
f 3302 3303 3304
f 3306 3307 3308
f 3307 3310 3311
f 3303 3302 3301
f 3312 3305 3304
f 3314 3315 3316
f 3318 3319 3320
f 3324 3318 3321
f 3326 3327 3328
f 3329 3330 3331
f 3333 3334 3335
f 3337 3338 3339
f 3333 3336 3341
f 3342 3341 3343
f 3319 3345 3344
f 3338 3335 3334
f 3346 3301 3302
f 3305 3348 3347
f 3312 3224 3223
f 3350 3337 3340
f 3312 3349 3348
f 3352 3343 3341
f 3311 3353 3354
f 3341 3336 3327
f 3359 3360 3361
f 3360 3359 3250
f 3318 3363 3345
f 3364 3363 3318
f 3314 3364 3324
f 3366 3299 3301
f 3299 3366 3367
f 3308 3354 3368
f 3369 3317 3295
f 3317 3369 3364
f 3370 3295 3317
f 3325 3371 3365
f 3352 3320 3319
f 3296 3367 3353
f 3297 3296 3311
f 3363 3368 3354
f 3345 3354 3353
f 3344 3353 3367
f 3366 3333 3342
f 3347 3339 3334
f 3339 3347 3348
f 3348 3349 3351
f 3363 3364 3369
f 3294 3309 3368
f 3293 3306 3309
f 3331 3373 3374
f 3346 3334 3333
f 3323 3322 3352
f 3356 3355 3321
f 3355 3357 3325
f 3357 3358 3371
f 3322 3356 3320
f 3361 3330 3329
f 3373 3372 3375
f 3374 3375 3376
f 3329 3332 3376
f 3327 3375 3372
f 3336 3335 3375
f 3335 3338 3376
f 3376 3338 3337
f 3337 3350 3359
f 3359 3350 3276
f 3377 3292 3295
f 3277 3316 3315
f 3371 3378 3379
f 3378 3371 3358
f 3365 3379 3315
f 3316 3277 3279
f 3282 3377 3370
f 3313 3283 3224
f 3378 3285 3284
f 3380 3286 3285
f 3379 3284 3278
f 3276 3350 3351
f 3291 3351 3349
f 3313 3304 2965
f 2965 3304 3303
f 222 3303 3300
f 223 3300 3298
f 3298 3297 3185
f 3297 3310 2977
f 3310 3307 1213
f 3307 3306 1214
f 2532 1214 3306
f 2894 2532 3293
f 2871 2894 3292
f 3253 3225 3240
f 3283 3313 3013
f 1997 1996 1889
f 1237 745 744
f 1535 1534 120
f 1531 1532 201
f 1119 1241 1032
f 946 948 824
f 163 8 5
f 3589 3726 3723
f 1155 1156 1162
f 427 213 327
f 553 1902 796
f 3381 2232 2231
f 3381 3178 2230
f 2237 3183 3180
f 3383 3384 3385
f 3384 3386 3387
f 3386 3388 3389
f 3388 3390 3391
f 3392 3393 3394
f 3395 3394 3396
f 3398 3399 3397
f 3400 3401 3399
f 3403 3404 3405
f 3406 3407 3404
f 3408 3409 3407
f 3410 3411 3409
f 3412 3413 3411
f 3415 3400 3398
f 3414 3398 3396
f 3416 3396 3394
f 3417 3394 3393
f 3393 3419 3420
f 3419 3390 3421
f 3390 3388 3422
f 3388 3386 3423
f 3386 3384 3424
f 3384 3383 3425
f 3425 3383 3426
f 2904 3427 3428
f 3429 3427 2904
f 3430 3429 2902
f 2875 3431 3430
f 3432 3433 2733
f 2825 3434 3435
f 3437 3438 3439
f 3441 3437 3436
f 2724 2723 3434
f 3436 3439 3115
f 3440 3436 3117
f 3443 3415 3414
f 3442 3414 3416
f 3444 3416 3417
f 3445 3417 3418
f 3446 3418 3420
f 3420 3421 3448
f 3421 3422 3449
f 3422 3423 3450
f 3423 3424 3451
f 3424 3425 3452
f 3425 3184 3056
f 3451 3452 2253
f 3450 3451 2252
f 3449 3450 1727
f 3448 3449 2150
f 3453 3447 3448
f 3454 3446 3447
f 3455 3445 3446
f 3456 3444 3445
f 3442 3444 3456
f 3443 3442 3457
f 3459 3460 3458
f 3457 3456 3455
f 3459 3455 3454
f 3462 3460 3459
f 3461 3454 3453
f 3464 3462 3461
f 3463 3453 1941
f 3404 3399 3401
f 3407 3397 3399
f 3409 3395 3397
f 3411 3392 3395
f 3465 3466 3413
f 3467 3468 3469
f 3465 3412 3431
f 3470 3467 3466
f 3438 3470 3432
f 3467 3470 3438
f 3468 3467 3437
f 3471 3469 3468
f 3472 3468 3441
f 3473 3441 3440
f 2712 3440 3119
f 3475 3471 3472
f 3474 3472 3473
f 3476 3473 2712
f 3477 3476 2711
f 3478 3474 3476
f 3479 3475 3474
f 3392 3411 3413
f 3466 3469 3480
f 3419 3393 3392
f 3390 3419 3480
f 3469 3471 3391
f 3389 3391 3471
f 3387 3389 3475
f 3385 3387 3479
f 3482 3477 2400
f 3483 3478 3477
f 3481 3479 3478
f 3484 3482 2402
f 3058 3484 2707
f 3061 3485 3484
f 3485 3483 3482
f 3382 3385 3481
f 3486 3481 3483
f 3426 3383 3382
f 3487 3382 3486
f 3486 3485 3061
f 1961 3057 3487
f 3057 3184 3426
f 3428 3403 3402
f 3427 3406 3403
f 3429 3408 3406
f 3430 3410 3408
f 3431 3412 3410
f 3470 3465 3433
f 3434 3439 3438
f 2723 3115 3439
f 2875 2733 3433
f 2736 2824 3435
f 2947 3428 3488
f 3464 3463 1360
f 1900 1925 1924
f 1736 1717 1718
f 1955 1952 1943
f 1671 1738 1735
f 1696 1750 1698
f 1800 1865 1864
f 2063 2055 2056
f 1737 1734 1717
f 1751 1735 1697
f 943 3885 3899
f 3656 3488 3402
f 1577 1578 1764
f 3917 1598 1599
f 1945 146 82
f 68 6 7
f 147 1542 1543
f 1109 1135 1133
f 1503 1910 1907
f 1499 1501 1909
f 452 1922 735
f 1824 2068 3835
f 1825 2067 2068
f 1463 1462 1022
f 841 1012 1009
f 1568 1547 1955
f 1910 1503 1502
f 1939 1502 422
f 309 280 1940
f 1804 1851 1866
f 269 1482 1954
f 2065 1607 2060
f 3812 1685 1758
f 280 276 552
f 1875 1873 1869
f 1739 1721 1734
f 1778 1779 1790
f 310 1920 1915
f 1909 1908 1906
f 1789 1783 1778
f 978 981 980
f 1584 1759 1731
f 425 426 311
f 148 1543 115
f 2044 3897 3894
f 277 1910 1939
f 1943 1946 1945
f 1461 1462 1463
f 2253 3452 3056
f 2981 2254 3489
f 2209 2998 3489
f 2254 2253 3055
f 2998 926 958
f 2826 2817 2721
f 3490 2739 2721
f 2816 3491 3490
f 2334 2297 2296
f 2298 2297 2334
f 2301 2298 2336
f 2311 2301 2338
f 2312 2311 2354
f 2359 2358 2361
f 2335 2296 2359
f 2414 2413 2365
f 2413 2270 2361
f 2355 2352 2540
f 2541 2540 2539
f 2722 2721 2739
f 3114 2722 2738
f 3110 3112 3121
f 3108 3110 3120
f 3122 1754 3127
f 3112 3122 3126
f 3127 1754 1753
f 3139 3133 2529
f 3744 3775 3133
f 3490 2789 2740
f 3491 2790 2789
f 228 229 91
f 245 244 243
f 248 7 247
f 2 297 296
f 145 146 300
f 327 213 210
f 329 332 331
f 239 241 240
f 373 376 375
f 178 177 176
f 1218 1225 1228
f 3862 1231 1295
f 808 809 824
f 3858 3859 1013
f 3813 3810 1411
f 2154 2149 2159
f 3845 3835 1758
f 306 807 1922
f 2157 2153 1976
f 708 709 2031
f 1450 1226 1227
f 1672 1604 1605
f 1813 1814 1821
f 1717 1716 1715
f 176 159 402
f 1710 1705 3916
f 1712 1580 1577
f 1705 1713 1711
f 971 978 979
f 822 823 1094
f 2909 2810 2793
f 2810 2769 2795
f 2799 2910 2249
f 3662 3643 2910
f 2769 2768 2801
f 3177 3176 3178
f 3178 3381 3180
f 3181 1394 1393
f 3181 1633 1632
f 3182 1632 2244
f 3183 2244 2243
f 3492 2791 2790
f 2808 3492 3491
f 2239 3574 3572
f 1149 1150 3571
f 1150 2009 3567
f 2202 3569 3566
f 2921 3564 3565
f 3568 3560 2133
f 1777 1579 1759
f 1201 1196 1183
f 3561 3554 2195
f 3553 3576 2770
f 3927 3925 1687
f 1516 152 154
f 3549 3562 2974
f 3550 3548 2779
f 2771 2772 3575
f 3070 2771 3546
f 3547 3544 2775
f 1376 1375 1370
f 2767 3543 3556
f 2195 3554 3543
f 2775 3544 3542
f 3377 3282 3545
f 3804 3802 3539
f 2776 3542 3538
f 2240 3572 3535
f 2920 3535 3669
f 3548 3534 2786
f 1805 1850 1851
f 3534 3532 2787
f 2951 2773 3540
f 2772 2951 3531
f 2973 2224 3530
f 2224 2223 3537
f 1957 1953 320
f 306 305 304
f 2770 3576 3528
f 2913 3528 3574
f 2923 3565 3527
f 308 1940 431
f 207 208 132
f 1879 1876 1881
f 3733 3787 3525
f 2475 3070 3558
f 2476 2475 3524
f 2223 2476 3523
f 3522 3549 2803
f 2037 3563 11
f 1959 1958 450
f 2003 3555 3520
f 9 10 334
f 2009 2008 3518
f 2008 2973 3536
f 3877 672 673
f 3515 3550 2778
f 2935 3514 3513
f 111 1149 3570
f 3510 3514 2935
f 683 3876 3885
f 3508 3557 2810
f 736 733 732
f 1795 1804 1803
f 3505 3510 2938
f 3507 3505 2939
f 2950 3512 3504
f 2940 2949 3504
f 3801 3791 3512
f 2868 3509 3502
f 2869 3502 3522
f 1024 1034 1023
f 3500 3503 2948
f 551 1939 442
f 2972 3499 3568
f 2032 3533 3499
f 216 93 1924
f 203 202 201
f 1828 1848 1847
f 1958 1957 449
f 272 271 178
f 2871 3545 3495
f 3619 3669 3564
f 2801 2768 3643
f 2005 3758 3654
f 960 886 899
f 3657 3655 3612
f 3780 3788 3646
f 3151 3646 3593
f 2193 3604 3623
f 3607 3603 3145
f 3603 3649 2761
f 3592 3607 3144
f 2926 3658 3634
f 3634 3592 3104
f 3755 3754 3746
f 566 567 3758
f 3488 3656 1864
f 1602 1586 2079
f 2868 3658 3611
f 2922 3611 3610
f 2923 3610 3618
f 3670 3613 2918
f 3619 3670 3614
f 2921 3618 3670
f 2920 3614 3586
f 3613 3642 2915
f 2917 2766 3622
f 2916 2917 3641
f 2239 3587 3652
f 2911 3640 3652
f 3643 3640 2911
f 2797 2801 3662
f 2797 3591 3598
f 3622 3628 2763
f 3608 3628 2764
f 2194 3623 3648
f 2221 3648 3649
f 2756 3608 3609
f 2750 3598 3609
f 3669 3535 1817
f 3763 3770 1691
f 2515 3621 3590
f 2548 3590 3593
f 2513 2489 3632
f 2513 3616 3621
f 2509 3633 3620
f 2510 3632 3633
f 2289 3620 3639
f 2283 3639 3617
f 2240 3586 3587
f 3659 3657 3624
f 716 2121 3887
f 727 1999 3761
f 2165 2171 2170
f 3660 3659 3626
f 3743 3581 3578
f 2175 2172 769
f 2100 500 2095
f 3758 567 3757
f 640 3560 3568
f 1653 3576 3553
f 1895 3536 3530
f 746 3530 3537
f 1653 1810 3528
f 3762 1603 1604
f 2093 2075 2073
f 959 996 995
f 962 899 919
f 1400 1401 1398
f 1000 817 1127
f 956 959 884
f 1662 3548 3550
f 2034 3558 3546
f 3926 1689 3539
f 3535 3572 766
f 3572 3574 765
f 334 3570 3571
f 1868 3531 3540
f 1684 1651 1652
f 1682 1683 775
f 1585 1603 3762
f 3763 3762 1672
f 2173 2174 490
f 1658 3544 3547
f 3556 3543 1650
f 1571 3754 2010
f 1587 3664 3671
f 2099 2095 2077
f 787 3761 1999
f 2000 3694 786
f 3155 339 3697
f 3713 3155 3683
f 2180 2179 3685
f 3496 2180 3684
f 1684 3846 3840
f 1760 464 3495
f 2607 3689 3693
f 2581 3676 3689
f 2371 2502 3700
f 2371 3695 3693
f 2587 3676 3675
f 2586 3675 3697
f 2497 3691 3687
f 2502 2503 3687
f 2494 3691 3690
f 3690 3688 2472
f 3688 3701 2468
f 3701 3703 2469
f 726 3908 3892
f 581 3567 3518
f 10 3511 3570
f 1837 3514 3510
f 741 3537 3523
f 1299 3524 3558
f 1851 3507 3504
f 3527 3565 1820
f 580 3518 3536
f 1758 1685 3522
f 1693 3557 3508
f 3504 3512 1867
f 1894 1826 3568
f 2126 1418 3813
f 3906 2126 3841
f 2113 3911 3867
f 2179 3713 3789
f 624 3903 3904
f 2192 3604 3788
f 2177 3541 3787
f 1364 3824 3833
f 3858 3855 1470
f 3135 1753 3775
f 2069 3812 3835
f 1351 3861 3853
f 2108 3882 3901
f 2089 2092 3736
f 3828 3834 1358
f 2001 3749 3783
f 2187 3783 3719
f 2130 3756 3752
f 2004 3752 3749
f 2014 3724 3779
f 2201 3779 3756
f 3167 3720 3759
f 3168 3724 3720
f 3159 3709 3764
f 3160 3764 3765
f 3730 3707 3158
f 3158 3707 3709
f 2200 3069 3730
f 3685 3789 3742
f 3722 3774 2197
f 3790 3736 2092
f 3774 3790 3721
f 3154 3706 3790
f 3155 3713 3706
f 2091 3719 3721
f 2196 3148 3750
f 2193 2196 3776
f 3604 2193 3781
f 2086 2192 3780
f 2087 2086 3778
f 2204 3742 3751
f 2205 3751 3750
f 3909 3886 574
f 2124 2087 3777
f 2208 2124 3760
f 3711 3785 3140
f 3785 3745 3138
f 3745 3744 3139
f 3771 3712 3136
f 3712 3711 3137
f 3775 3767 3131
f 3767 3782 3132
f 1813 3839 3838
f 1293 3854 3856
f 2184 2321 3748
f 2181 2184 3732
f 3765 3768 3079
f 3768 3734 3080
f 709 3873 3875
f 2774 2961 3737
f 3786 3769 2134
f 3809 3808 766
f 2968 3784 3766
f 2969 3759 3784
f 2958 3747 3737
f 2132 3747 3766
f 2321 2185 3771
f 3860 3848 1449
f 3905 3874 582
f 3886 3889 577
f 3847 3826 1818
f 705 3902 3887
f 3816 3912 3907
f 2111 3883 3911
f 3810 3829 1366
f 1812 3839 3822
f 675 3851 3852
f 3496 3705 3851
f 2110 3867 3868
f 2104 3896 3901
f 2109 3868 3899
f 3842 3831 703
f 1680 3811 3846
f 1639 1627 3819
f 623 3904 3906
f 2139 2140 3866
f 1808 1640 3844
f 3820 3821 1819
f 3872 3914 3900
f 1646 3832 3830
f 3889 3890 633
f 2139 3865 3875
f 2156 2155 3871
f 674 3852 3913
f 2117 3817 3812
f 1815 3822 3847
f 3855 3849 1444
f 697 3906 3912
f 866 842 3836
f 3864 3869 2136
f 3585 3731 3726
f 3583 3740 3731
f 3753 3746 3738
f 3740 3583 3581
f 1088 3738 3746
f 3739 3740 3743
f 2791 3492 3493
f 3492 2808 2807
f 2792 3493 3494
f 3493 2807 2806
f 3508 2909 3494
f 3516 3494 2806
f 2948 3503 3791
f 2105 3908 3896
f 3538 3802 3804
f 680 3878 3876
f 1891 1890 3910
f 2905 3799 3801
f 2900 3797 3799
f 2901 3797 3807
f 2734 2878 3806
f 2877 3807 3806
f 2820 3800 3794
f 2818 3796 3792
f 2823 3793 3792
f 2822 3793 3798
f 2819 2735 3800
f 2817 3796 3795
f 2809 3805 3795
f 2808 3805 3803
f 2805 3804 3803
f 1702 3921 3923
f 3922 3920 1797
f 3915 3916 1706
f 3918 3927 1692
f 1657 3898 3880
f 1890 1877 3895
f 3772 3770 1674
f 1689 1690 3772
f 3926 3802 3538
f 3516 3539 1689
f 3917 3923 1703
f 1598 3917 3928
f 3880 3884 1876
f 1691 1690 3925
f 3925 3926 1688
f 3934 3933 3937
f 3934 3938 3939
f 3932 3936 3937
f 3938 3942 3943
f 3937 3936 3940
f 3937 3941 3942
f 3942 3946 3947
f 3941 3940 3944
f 3942 3941 3945
f 3947 3946 3950
f 3944 3948 3949
f 3945 3949 3950
f 3950 3954 3955
f 3949 3948 3952
f 3950 3949 3953
f 3955 3954 3958
f 3953 3952 3956
f 3953 3957 3958
f 3959 3958 3962
f 3957 3956 3960
f 3958 3957 3961
f 3962 3966 3967
f 3960 3964 3965
f 3961 3965 3966
f 3966 3970 3971
f 3965 3964 3968
f 3966 3965 3969
f 3970 3974 3975
f 3968 3972 3973
f 3969 3973 3974
f 3974 3978 3979
f 3973 3972 3976
f 3974 3973 3977
f 3979 3978 3982
f 3976 3980 3981
f 3977 3981 3982
f 3982 3986 3987
f 3981 3980 3984
f 3982 3981 3985
f 3987 3986 3990
f 3984 3988 3989
f 3985 3989 3990
f 3991 3990 3994
f 3989 3988 3992
f 3990 3989 3993
f 3995 3994 3998
f 3992 3996 3997
f 3993 3997 3998
f 3998 4002 4003
f 3997 3996 4000
f 3998 3997 4001
f 4002 4006 4007
f 4000 4004 4005
f 4001 4005 4006
f 4006 4010 4011
f 4005 4004 4008
f 4006 4005 4009
f 4011 4010 4014
f 4008 4012 4013
f 4009 4013 4014
f 4014 4018 4019
f 4013 4012 4016
f 4014 4013 4017
f 4019 4018 4022
f 4016 4020 4021
f 4017 4021 4022
f 4023 4022 4026
f 4021 4020 4024
f 4022 4021 4025
f 4027 4026 4030
f 4024 4028 4029
f 4025 4029 4030
f 4031 4030 4034
f 4029 4028 4032
f 4030 4029 4033
f 4034 4038 4039
f 4032 4036 4037
f 4033 4037 4038
f 4038 4042 4043
f 4037 4036 4040
f 4038 4037 4041
f 4043 4042 4046
f 4040 4044 4045
f 4041 4045 4046
f 4046 4050 4051
f 4045 4044 4048
f 4046 4045 4049
f 4051 4050 4055
f 4048 4053 4054
f 4049 4054 4055
f 4056 4055 4059
f 4053 4057 4058
f 4055 4054 4058
f 4060 4059 3934
f 4058 4057 3932
f 4058 3933 3934
f 4069 4068 4081
f 4066 4079 4080
f 4065 4064 4077
f 4063 4062 4075
f 4071 4084 4085
f 4069 4082 4083
f 4067 4080 4081
f 4066 4065 4078
f 4063 4076 4077
f 4061 4074 4075
f 4072 4085 4086
f 4071 4070 4083
f 4076 4089 4090
f 4074 4087 4088
f 4086 4085 4098
f 4083 4096 4097
f 4082 4081 4094
f 4079 4092 4093
f 4078 4077 4090
f 4076 4075 4088
f 4085 4084 4097
f 4082 4095 4096
f 4080 4093 4094
f 4079 4078 4091
f 4089 4102 4103
f 4088 4087 4100
f 4098 4111 4112
f 4096 4109 4110
f 4095 4094 4107
f 4092 4105 4106
f 4090 4103 4104
f 4089 4088 4101
f 4097 4110 4111
f 4095 4108 4109
f 4094 4093 4106
f 4092 4091 4104
f 4103 4102 4115
f 4100 4113 4114
f 4112 4111 4124
f 4110 4109 4122
f 4107 4120 4121
f 4105 4118 4119
f 4103 4116 4117
f 4101 4114 4115
f 4110 4123 4124
f 4109 4108 4121
f 4107 4106 4119
f 4105 4104 4117
f 4115 4128 4129
f 4114 4113 4126
f 4124 4137 4138
f 4123 4122 4135
f 4120 4133 4134
f 4119 4118 4131
f 4117 4116 4129
f 4114 4127 4128
f 4124 4123 4136
f 4122 4121 4134
f 4119 4132 4133
f 4117 4130 4131
f 4129 4128 4141
f 4126 4139 4140
f 4138 4137 4150
f 4136 4135 4148
f 4133 4146 4147
f 4131 4144 4145
f 4130 4129 4142
f 4127 4140 4141
f 4137 4136 4149
f 4135 4134 4147
f 4132 4145 4146
f 4131 4130 4143
f 4142 4141 4154
f 4140 4139 4152
f 4150 4163 4164
f 4149 4148 4161
f 4146 4159 4160
f 4144 4157 4158
f 4142 4155 4156
f 4140 4153 4154
f 4149 4162 4163
f 4148 4147 4160
f 4146 4145 4158
f 4144 4143 4156
f 4155 4154 4167
f 4153 4152 4165
f 4163 4176 4177
f 4161 4174 4175
f 4159 4172 4173
f 4158 4157 4170
f 4155 4168 4169
f 4153 4166 4167
f 4163 4162 4175
f 4161 4160 4173
f 4159 4158 4171
f 4156 4169 4170
f 4167 4180 4181
f 4165 4178 4179
f 4176 4189 4190
f 4175 4174 4187
f 4173 4172 4185
f 4170 4183 4184
f 4169 4168 4181
f 4167 4166 4179
f 4175 4188 4189
f 4173 4186 4187
f 4171 4184 4185
f 4170 4169 4182
f 4180 4193 4194
f 4178 4191 4192
f 4190 4189 4202
f 4187 4200 4201
f 4186 4185 4198
f 4183 4196 4197
f 4182 4181 4194
f 4180 4179 4192
f 4189 4188 4201
f 4186 4199 4200
f 4184 4197 4198
f 4183 4182 4195
f 4193 4206 4207
f 4192 4191 4204
f 4202 4215 4216
f 4200 4213 4214
f 4199 4198 4211
f 4196 4209 4210
f 4194 4207 4208
f 4193 4192 4205
f 4201 4214 4215
f 4199 4212 4213
f 4198 4197 4210
f 4196 4195 4208
f 4207 4206 4219
f 4204 4217 4218
f 4216 4215 4228
f 4213 4226 4227
f 4211 4224 4225
f 4209 4222 4223
f 4207 4220 4221
f 4205 4218 4219
f 4214 4227 4228
f 4213 4212 4225
f 4211 4210 4223
f 4209 4208 4221
f 4219 4232 4233
f 4218 4217 4230
f 4228 4241 4242
f 4226 4239 4240
f 4225 4224 4237
f 4223 4222 4235
f 4221 4220 4233
f 4218 4231 4232
f 4228 4227 4240
f 4226 4225 4238
f 4223 4236 4237
f 4221 4234 4235
f 4233 4232 4245
f 4230 4243 4244
f 4242 4241 4254
f 4240 4239 4252
f 4237 4250 4251
f 4235 4248 4249
f 4234 4233 4246
f 4231 4244 4245
f 4241 4240 4253
f 4239 4238 4251
f 4236 4249 4250
f 4235 4234 4247
f 4246 4245 4258
f 4244 4243 4256
f 4254 4267 4268
f 4253 4252 4265
f 4250 4263 4264
f 4248 4261 4262
f 4246 4259 4260
f 4244 4257 4258
f 4253 4266 4267
f 4252 4251 4264
f 4250 4249 4262
f 4248 4247 4260
f 4259 4258 4271
f 4257 4256 4269
f 4267 4280 4281
f 4265 4278 4279
f 4263 4276 4277
f 4262 4261 4274
f 4259 4272 4273
f 4257 4270 4271
f 4266 4279 4280
f 4265 4264 4277
f 4263 4262 4275
f 4260 4273 4274
f 4271 4284 4285
f 4269 4282 4283
f 4281 4280 4293
f 4279 4278 4291
f 4277 4276 4289
f 4274 4287 4288
f 4273 4272 4285
f 4271 4270 4283
f 4280 4279 4292
f 4277 4290 4291
f 4275 4288 4289
f 4274 4273 4286
f 4284 4297 4298
f 4282 4295 4296
f 4294 4293 4306
f 4291 4304 4305
f 4290 4289 4302
f 4287 4300 4301
f 4286 4285 4298
f 4284 4283 4296
f 4293 4292 4305
f 4290 4303 4304
f 4288 4301 4302
f 4287 4286 4299
f 4297 4310 4311
f 4296 4295 4308
f 4306 4319 4320
f 4304 4317 4318
f 4303 4302 4315
f 4300 4313 4314
f 4298 4311 4312
f 4297 4296 4309
f 4305 4318 4319
f 4304 4303 4316
f 4302 4301 4314
f 4300 4299 4312
f 4310 4323 4324
f 4308 4321 4322
f 4320 4319 4332
f 4318 4317 4330
f 4316 4315 4328
f 4313 4326 4327
f 4311 4324 4325
f 4310 4309 4322
f 4318 4331 4332
f 4316 4329 4330
f 4315 4314 4327
f 4312 4325 4326
f 4323 4336 4337
f 4322 4321 4334
f 4332 4345 4346
f 4330 4343 4344
f 4329 4328 4341
f 4327 4326 4339
f 4325 4324 4337
f 4322 4335 4336
f 4332 4331 4344
f 4330 4329 4342
f 4327 4340 4341
f 4325 4338 4339
f 4337 4336 4350
f 4334 4348 4349
f 4346 4345 4359
f 4344 4343 4357
f 4341 4355 4356
f 4340 4339 4353
f 4338 4337 4351
f 4335 4349 4350
f 4345 4344 4358
f 4343 4342 4356
f 4340 4354 4355
f 4338 4352 4353
f 4351 4350 4363
f 4349 4348 4361
f 4359 4372 4373
f 4358 4357 4370
f 4355 4368 4369
f 4354 4353 4366
f 4351 4364 4365
f 4349 4362 4363
f 4358 4371 4372
f 4357 4356 4369
f 4355 4354 4367
f 4352 4365 4366
f 4364 4363 4376
f 4362 4361 4374
f 4373 4372 4385
f 4370 4383 4384
f 4368 4381 4382
f 4367 4366 4379
f 4364 4377 4378
f 4362 4375 4376
f 4372 4371 4384
f 4370 4369 4382
f 4368 4367 4380
f 4365 4378 4379
f 4376 4389 4390
f 4374 4387 4388
f 4385 4398 4399
f 4384 4383 4396
f 4382 4381 4394
f 4379 4392 4393
f 4378 4377 4390
f 4376 4375 4388
f 4384 4397 4398
f 4382 4395 4396
f 4380 4393 4394
f 4379 4378 4391
f 4389 4402 4403
f 4387 4400 4401
f 4399 4398 4411
f 4396 4409 4410
f 4395 4394 4407
f 4393 4392 4405
f 4391 4390 4403
f 4389 4388 4401
f 4398 4397 4410
f 4395 4408 4409
f 4393 4406 4407
f 4391 4404 4405
f 4402 4415 4416
f 4401 4400 4413
f 4411 4424 4425
f 4409 4422 4423
f 4408 4407 4420
f 4406 4405 4418
f 4403 4416 4417
f 4402 4401 4414
f 4410 4423 4424
f 4408 4421 4422
f 4407 4406 4419
f 4404 4417 4418
f 4416 4415 4428
f 4413 4426 4427
f 4425 4424 4437
f 4423 4422 4435
f 4421 4420 4433
f 4418 4431 4432
f 4416 4429 4430
f 4415 4414 4427
f 4423 4436 4437
f 4421 4434 4435
f 4420 4419 4432
f 4418 4417 4430
f 4428 4441 4442
f 4426 4439 4440
f 4437 4450 4451
f 4435 4448 4449
f 4434 4433 4446
f 4432 4431 4444
f 4430 4429 4442
f 4427 4440 4441
f 4437 4436 4449
f 4435 4434 4447
f 4432 4445 4446
f 4430 4443 4444
f 4442 4441 4454
f 4439 4452 4453
f 4451 4450 4463
f 4449 4448 4461
f 4446 4459 4460
f 4444 4457 4458
f 4443 4442 4455
f 4440 4453 4454
f 4450 4449 4462
f 4447 4460 4461
f 4445 4458 4459
f 4444 4443 4456
f 4455 4454 4467
f 4453 4452 4465
f 4463 4476 4477
f 4462 4461 4474
f 4459 4472 4473
f 4457 4470 4471
f 4455 4468 4469
f 4453 4466 4467
f 4462 4475 4476
f 4461 4460 4473
f 4459 4458 4471
f 4457 4456 4469
f 4468 4467 4063
f 4466 4465 4061
f 4477 4476 4072
f 4474 4070 4071
f 4472 4068 4069
f 4471 4470 4066
f 4468 4064 4065
f 4466 4062 4063
f 4476 4475 4071
f 4474 4473 4069
f 4472 4471 4067
f 4469 4065 4066
f 3935 4061 4465
f 4465 4452 4056
f 4452 4439 4051
f 4439 4426 4047
f 4047 4426 4413
f 4043 4413 4400
f 4039 4400 4387
f 4387 4374 4031
f 4031 4374 4361
f 4361 4348 4023
f 4348 4334 4019
f 4334 4321 4015
f 4015 4321 4308
f 4011 4308 4295
f 4007 4295 4282
f 4282 4269 3999
f 3999 4269 4256
f 4256 4243 3991
f 4243 4230 3987
f 4230 4217 3983
f 3983 4217 4204
f 3979 4204 4191
f 3975 4191 4178
f 4178 4165 3967
f 3967 4165 4152
f 4152 4139 3959
f 4139 4126 3955
f 4126 4113 3951
f 3951 4113 4100
f 3947 4100 4087
f 3943 4087 4074
f 4074 4061 3935
f 4480 4479 4483
f 4480 4484 4485
f 4479 4478 4482
f 4484 4488 4489
f 4482 4486 4487
f 4483 4487 4488
f 4488 4492 4493
f 4487 4486 4490
f 4488 4487 4491
f 4493 4492 4496
f 4490 4494 4495
f 4491 4495 4496
f 4496 4500 4501
f 4495 4494 4498
f 4496 4495 4499
f 4501 4500 4504
f 4498 4502 4503
f 4499 4503 4504
f 4505 4504 4508
f 4503 4502 4506
f 4504 4503 4507
f 4509 4508 4512
f 4506 4510 4511
f 4507 4511 4512
f 4513 4512 4516
f 4511 4510 4514
f 4512 4511 4515
f 4516 4520 4521
f 4514 4518 4519
f 4515 4519 4520
f 4520 4524 4525
f 4518 4522 4523
f 4520 4519 4523
f 4525 4524 4528
f 4522 4526 4527
f 4523 4527 4528
f 4528 4532 4533
f 4527 4526 4530
f 4528 4527 4531
f 4533 4532 4536
f 4530 4534 4535
f 4531 4535 4536
f 4537 4536 4540
f 4534 4538 4539
f 4536 4535 4539
f 4541 4540 4544
f 4539 4538 4542
f 4539 4543 4544
f 4544 4548 4549
f 4542 4546 4547
f 4544 4543 4547
f 4548 4552 4553
f 4547 4546 4550
f 4547 4551 4552
f 4552 4556 4557
f 4551 4550 4554
f 4552 4551 4555
f 4557 4556 4560
f 4554 4558 4559
f 4555 4559 4560
f 4560 4564 4565
f 4559 4558 4562
f 4560 4559 4563
f 4565 4564 4568
f 4562 4566 4567
f 4563 4567 4568
f 4569 4568 4572
f 4567 4566 4570
f 4568 4567 4571
f 4572 4576 4577
f 4570 4574 4575
f 4571 4575 4576
f 4576 4580 4581
f 4575 4574 4578
f 4576 4575 4579
f 4580 4584 4585
f 4578 4582 4583
f 4579 4583 4584
f 4584 4588 4589
f 4583 4582 4586
f 4584 4583 4587
f 4589 4588 4592
f 4586 4590 4591
f 4587 4591 4592
f 4592 4596 4597
f 4591 4590 4594
f 4592 4591 4595
f 4597 4596 4601
f 4594 4599 4600
f 4595 4600 4601
f 4602 4601 4605
f 4600 4599 4603
f 4601 4600 4604
f 4606 4605 4480
f 4603 4478 4479
f 4604 4479 4480
f 4615 4614 4627
f 4612 4625 4626
f 4611 4610 4623
f 4609 4608 4621
f 4618 4617 4630
f 4615 4628 4629
f 4613 4626 4627
f 4612 4611 4624
f 4609 4622 4623
f 4607 4620 4621
f 4619 4618 4631
f 4617 4616 4629
f 4622 4635 4636
f 4620 4633 4634
f 4632 4631 4644
f 4629 4642 4643
f 4628 4627 4640
f 4626 4625 4638
f 4624 4623 4636
f 4622 4621 4634
f 4631 4630 4643
f 4628 4641 4642
f 4626 4639 4640
f 4624 4637 4638
f 4635 4648 4649
f 4634 4633 4646
f 4644 4657 4658
f 4642 4655 4656
f 4641 4640 4653
f 4639 4638 4651
f 4636 4649 4650
f 4635 4634 4647
f 4643 4656 4657
f 4642 4641 4654
f 4640 4639 4652
f 4637 4650 4651
f 4648 4661 4662
f 4646 4659 4660
f 4658 4657 4670
f 4656 4655 4668
f 4653 4666 4667
f 4651 4664 4665
f 4649 4662 4663
f 4648 4647 4660
f 4656 4669 4670
f 4654 4667 4668
f 4653 4652 4665
f 4651 4650 4663
f 4661 4674 4675
f 4660 4659 4672
f 4670 4683 4684
f 4668 4681 4682
f 4667 4666 4679
f 4665 4664 4677
f 4663 4662 4675
f 4661 4660 4673
f 4670 4669 4682
f 4667 4680 4681
f 4665 4678 4679
f 4663 4676 4677
f 4675 4674 4687
f 4672 4685 4686
f 4684 4683 4696
f 4682 4681 4694
f 4679 4692 4693
f 4678 4677 4690
f 4676 4675 4688
f 4673 4686 4687
f 4683 4682 4695
f 4681 4680 4693
f 4678 4691 4692
f 4676 4689 4690
f 4688 4687 4700
f 4686 4685 4698
f 4696 4709 4710
f 4695 4694 4707
f 4692 4705 4706
f 4691 4690 4703
f 4688 4701 4702
f 4686 4699 4700
f 4695 4708 4709
f 4694 4693 4706
f 4692 4691 4704
f 4689 4702 4703
f 4701 4700 4713
f 4699 4698 4711
f 4710 4709 4722
f 4707 4720 4721
f 4705 4718 4719
f 4704 4703 4716
f 4701 4714 4715
f 4699 4712 4713
f 4709 4708 4721
f 4707 4706 4719
f 4705 4704 4717
f 4702 4715 4716
f 4713 4726 4727
f 4711 4724 4725
f 4723 4722 4735
f 4721 4720 4733
f 4719 4718 4731
f 4716 4729 4730
f 4715 4714 4727
f 4713 4712 4725
f 4721 4734 4735
f 4719 4732 4733
f 4717 4730 4731
f 4716 4715 4728
f 4726 4739 4740
f 4724 4737 4738
f 4736 4735 4748
f 4733 4746 4747
f 4732 4731 4744
f 4730 4729 4742
f 4728 4727 4740
f 4726 4725 4738
f 4735 4734 4747
f 4732 4745 4746
f 4730 4743 4744
f 4728 4741 4742
f 4739 4752 4753
f 4738 4737 4750
f 4748 4761 4762
f 4746 4759 4760
f 4745 4744 4757
f 4743 4742 4755
f 4740 4753 4754
f 4739 4738 4751
f 4747 4760 4761
f 4745 4758 4759
f 4744 4743 4756
f 4741 4754 4755
f 4753 4752 4765
f 4750 4763 4764
f 4762 4761 4774
f 4759 4772 4773
f 4758 4757 4770
f 4755 4768 4769
f 4753 4766 4767
f 4752 4751 4764
f 4760 4773 4774
f 4758 4771 4772
f 4757 4756 4769
f 4755 4754 4767
f 4765 4778 4779
f 4764 4763 4776
f 4774 4787 4788
f 4772 4785 4786
f 4771 4770 4783
f 4769 4768 4781
f 4767 4766 4779
f 4765 4764 4777
f 4774 4773 4786
f 4771 4784 4785
f 4769 4782 4783
f 4767 4780 4781
f 4779 4778 4791
f 4776 4789 4790
f 4788 4787 4800
f 4786 4785 4798
f 4783 4796 4797
f 4782 4781 4794
f 4780 4779 4792
f 4777 4790 4791
f 4787 4786 4799
f 4785 4784 4797
f 4782 4795 4796
f 4780 4793 4794
f 4792 4791 4804
f 4790 4789 4802
f 4800 4813 4814
f 4799 4798 4811
f 4796 4809 4810
f 4795 4794 4807
f 4792 4805 4806
f 4790 4803 4804
f 4799 4812 4813
f 4798 4797 4810
f 4796 4795 4808
f 4793 4806 4807
f 4805 4804 4817
f 4803 4802 4815
f 4814 4813 4826
f 4811 4824 4825
f 4809 4822 4823
f 4808 4807 4820
f 4805 4818 4819
f 4803 4816 4817
f 4813 4812 4825
f 4811 4810 4823
f 4809 4808 4821
f 4806 4819 4820
f 4817 4830 4831
f 4815 4828 4829
f 4826 4839 4840
f 4825 4824 4837
f 4823 4822 4835
f 4820 4833 4834
f 4819 4818 4831
f 4817 4816 4829
f 4825 4838 4839
f 4823 4836 4837
f 4821 4834 4835
f 4820 4819 4832
f 4830 4843 4844
f 4828 4841 4842
f 4840 4839 4852
f 4837 4850 4851
f 4836 4835 4848
f 4834 4833 4846
f 4832 4831 4844
f 4830 4829 4842
f 4839 4838 4851
f 4836 4849 4850
f 4834 4847 4848
f 4832 4845 4846
f 4843 4856 4857
f 4842 4841 4854
f 4852 4865 4866
f 4850 4863 4864
f 4849 4848 4861
f 4847 4846 4859
f 4844 4857 4858
f 4843 4842 4855
f 4851 4864 4865
f 4849 4862 4863
f 4848 4847 4860
f 4845 4858 4859
f 4857 4856 4869
f 4855 4854 4867
f 4866 4865 4878
f 4864 4863 4876
f 4862 4861 4874
f 4859 4872 4873
f 4857 4870 4871
f 4856 4855 4868
f 4864 4877 4878
f 4862 4875 4876
f 4861 4860 4873
f 4859 4858 4871
f 4869 4882 4883
f 4868 4867 4880
f 4878 4891 4892
f 4877 4876 4889
f 4874 4887 4888
f 4873 4872 4885
f 4871 4870 4883
f 4868 4881 4882
f 4878 4877 4890
f 4876 4875 4888
f 4873 4886 4887
f 4871 4884 4885
f 4883 4882 4896
f 4880 4894 4895
f 4892 4891 4905
f 4890 4889 4903
f 4887 4901 4902
f 4885 4899 4900
f 4884 4883 4897
f 4881 4895 4896
f 4891 4890 4904
f 4889 4888 4902
f 4886 4900 4901
f 4885 4884 4898
f 4897 4896 4909
f 4895 4894 4907
f 4905 4918 4919
f 4904 4903 4916
f 4901 4914 4915
f 4899 4912 4913
f 4897 4910 4911
f 4895 4908 4909
f 4904 4917 4918
f 4903 4902 4915
f 4901 4900 4913
f 4899 4898 4911
f 4910 4909 4922
f 4908 4907 4920
f 4919 4918 4931
f 4916 4929 4930
f 4914 4927 4928
f 4913 4912 4925
f 4910 4923 4924
f 4908 4921 4922
f 4918 4917 4930
f 4916 4915 4928
f 4914 4913 4926
f 4911 4924 4925
f 4922 4935 4936
f 4920 4933 4934
f 4931 4944 4945
f 4930 4929 4942
f 4928 4927 4940
f 4925 4938 4939
f 4924 4923 4936
f 4922 4921 4934
f 4930 4943 4944
f 4928 4941 4942
f 4926 4939 4940
f 4925 4924 4937
f 4935 4948 4949
f 4933 4946 4947
f 4945 4944 4957
f 4942 4955 4956
f 4941 4940 4953
f 4938 4951 4952
f 4937 4936 4949
f 4935 4934 4947
f 4944 4943 4956
f 4941 4954 4955
f 4939 4952 4953
f 4938 4937 4950
f 4948 4961 4962
f 4947 4946 4959
f 4957 4970 4971
f 4955 4968 4969
f 4954 4953 4966
f 4951 4964 4965
f 4949 4962 4963
f 4948 4947 4960
f 4956 4969 4970
f 4954 4967 4968
f 4953 4952 4965
f 4951 4950 4963
f 4962 4961 4974
f 4959 4972 4973
f 4971 4970 4983
f 4968 4981 4982
f 4966 4979 4980
f 4964 4977 4978
f 4962 4975 4976
f 4960 4973 4974
f 4969 4982 4983
f 4967 4980 4981
f 4966 4965 4978
f 4964 4963 4976
f 4975 4974 4987
f 4973 4972 4985
f 4983 4996 4997
f 4981 4994 4995
f 4979 4992 4993
f 4978 4977 4990
f 4976 4975 4988
f 4973 4986 4987
f 4983 4982 4995
f 4981 4980 4993
f 4978 4991 4992
f 4976 4989 4990
f 4988 4987 5000
f 4985 4998 4999
f 4997 4996 5009
f 4995 4994 5007
f 4992 5005 5006
f 4991 4990 5003
f 4989 4988 5001
f 4986 4999 5000
f 4996 4995 5008
f 4994 4993 5006
f 4991 5004 5005
f 4989 5002 5003
f 5001 5000 5013
f 4999 4998 5011
f 5009 5022 5023
f 5008 5007 5020
f 5005 5018 5019
f 5004 5003 5016
f 5001 5014 5015
f 4999 5012 5013
f 5008 5021 5022
f 5007 5006 5019
f 5005 5004 5017
f 5002 5015 5016
f 5014 5013 4609
f 5012 5011 4607
f 5022 4618 4619
f 5020 4616 4617
f 5018 4614 4615
f 5017 5016 4612
f 5014 4610 4611
f 5012 4608 4609
f 5021 4617 4618
f 5020 5019 4615
f 5018 5017 4613
f 5015 4611 4612
f 4481 4607 5011
f 5011 4998 4602
f 4998 4985 4597
f 4985 4972 4593
f 4593 4972 4959
f 4589 4959 4946
f 4585 4946 4933
f 4933 4920 4577
f 4577 4920 4907
f 4907 4894 4569
f 4894 4880 4565
f 4880 4867 4561
f 4561 4867 4854
f 4557 4854 4841
f 4553 4841 4828
f 4828 4815 4545
f 4545 4815 4802
f 4802 4789 4537
f 4789 4776 4533
f 4776 4763 4529
f 4529 4763 4750
f 4525 4750 4737
f 4521 4737 4724
f 4724 4711 4513
f 4513 4711 4698
f 4698 4685 4505
f 4685 4672 4501
f 4672 4659 4497
f 4497 4659 4646
f 4493 4646 4633
f 4489 4633 4620
f 4620 4607 4481

