# https://github.com/mikedh/trimesh
v 0.06444450 -0.01157717 -0.05248643
v 0.06800555 -0.01266747 -0.05112378
v 0.06843042 -0.01120446 -0.05070909
v 0.06484064 -0.01058215 -0.05217099
v 0.07479247 -0.01131895 -0.06058449
v 0.07581715 -0.00788542 -0.05635317
v 0.07526537 -0.00553701 -0.05552217
v 0.07436397 -0.00539872 -0.05855665
v 0.02727592 -0.04878695 -0.11330350
v 0.01228809 -0.04855820 -0.11745834
v 0.01237876 -0.05973068 -0.11504049
v 0.02639208 -0.06277540 -0.10959197
v 0.04656955 -0.08650850 -0.09054030
v 0.04097614 -0.07840348 -0.09603330
v 0.03889043 -0.09068304 -0.09950383
v 0.04766914 -0.09461421 -0.08995680
v 0.03551209 0.04503415 0.03886888
v 0.04294119 0.04328244 0.03378114
v 0.04233614 0.03818032 0.03740661
v -0.06540034 -0.01172674 -0.05343452
v -0.06888204 -0.01274446 -0.05201801
v -0.06939476 -0.01128909 -0.05168345
v -0.06595245 -0.01077416 -0.05314576
v -0.07652118 -0.01144163 -0.06171837
v -0.07805783 -0.00804824 -0.05743036
v -0.07719833 -0.00557050 -0.05669693
v -0.07654230 -0.00543757 -0.05978394
v 0.03398051 0.03949438 0.04085621
v 0.09125610 0.01093145 -0.06804755
v 0.09139453 0.00842771 -0.06923118
v 0.09204087 0.00659222 -0.06760355
v 0.09190097 0.00860799 -0.06611542
v 0.08820223 -0.00624645 -0.06825935
v 0.08836761 0.00082833 -0.06924927
v 0.08943938 0.00327570 -0.06975376
v 0.08968072 0.00102527 -0.06903805
v 0.08811479 -0.01663233 -0.06509050
v 0.08695147 -0.01596369 -0.06500768
v 0.08820405 -0.01143732 -0.06674974
v 0.08958989 -0.01185896 -0.06733710
v 0.07448760 -0.03797381 -0.04102121
v 0.07721407 -0.03478716 -0.04360585
v 0.07707220 -0.03783479 -0.04514593
v 0.07269862 -0.04000418 -0.04338520
v 0.06957842 -0.03795920 -0.04491887
v 0.07396081 -0.03835047 -0.04924086
v 0.07354933 -0.03472656 -0.05053220
v 0.06996282 -0.03488009 -0.04735476
v 0.08653738 0.01978813 -0.05545624
v 0.08714528 0.01607029 -0.05491066
v 0.08608188 0.01494764 -0.05299403
v 0.08520150 0.01859090 -0.05328204
v 0.07291496 -0.01201671 -0.06609368
v 0.07121228 -0.01829773 -0.06453726
v 0.07729336 -0.01356868 -0.06680954
v 0.07781347 -0.01095898 -0.06700343
v 0.08647764 0.01046199 -0.06165825
v 0.08653321 0.01112784 -0.06458527
v 0.08701146 0.00906129 -0.06583401
v 0.08634710 0.00786073 -0.06366571
v 0.08840929 0.01240927 -0.06886271
v 0.08862945 0.00960215 -0.07013650
v 0.07296051 -0.02836426 -0.04123038
v 0.07200439 -0.02483308 -0.04075802
v 0.07260677 -0.02321123 -0.04198757
v 0.07294408 -0.02425799 -0.04334550
v 0.07433429 -0.01146947 -0.05750011
v 0.07601401 -0.00703061 -0.05498170
v 0.08482953 -0.02754797 -0.06023859
v 0.08468214 -0.02543616 -0.05914358
v 0.08681574 -0.02131389 -0.06234949
v 0.08676529 -0.02273139 -0.06372765
v 0.08144428 -0.02333196 -0.05756437
v 0.08393944 -0.02032824 -0.06076191
v 0.08479282 -0.01956406 -0.06257592
v 0.08391309 -0.02183556 -0.06053844
v 0.08765331 0.01284198 -0.06280705
v 0.08637393 0.01494589 -0.05790249
v 0.08777224 0.01383217 -0.05665473
v 0.08940974 0.01177272 -0.06072862
v 0.07945312 0.00095031 -0.06589691
v 0.07772258 0.00595101 -0.06374297
v 0.07672136 0.00511427 -0.06370883
v 0.07815762 0.00070293 -0.06575720
v 0.08838283 0.01014455 -0.06717830
v 0.08876011 0.00799535 -0.06844581
v 0.08752654 0.00676760 -0.06725055
v 0.07789257 0.00740299 -0.05093658
v 0.07957017 0.00877357 -0.05294466
v 0.07972816 0.00719544 -0.05388372
v 0.07931148 0.00600528 -0.05316795
v 0.07675815 -0.03875463 -0.04880330
v 0.06995616 -0.02693508 -0.05801113
v 0.07166884 -0.02640496 -0.05954502
v 0.07432444 -0.02215449 -0.06222876
v 0.07271647 -0.02109184 -0.06280085
v 0.06971559 -0.03591092 -0.03951116
v 0.07314198 -0.03588030 -0.03942041
v 0.07378203 -0.03696644 -0.04032756
v 0.07047366 -0.03830997 -0.04075573
v 0.08052532 0.01189723 -0.05304812
v 0.08257435 0.01123166 -0.05484071
v 0.08087236 0.01039713 -0.05434258
v 0.07959521 0.01081598 -0.05293974
v 0.08730651 -0.00088624 -0.06767667
v 0.08667082 0.00534273 -0.06529495
v 0.08669382 -0.01007856 -0.06284846
v 0.08681282 -0.00964097 -0.06576540
v 0.08652870 -0.01374888 -0.06414782
v -0.02870053 -0.04877066 -0.11323410
v -0.01380541 -0.04854761 -0.11742641
v -0.01367879 -0.05971379 -0.11501069
v -0.02741732 -0.06279834 -0.10953980
v 0.08585747 -0.01401305 -0.06146606
v 0.08641098 -0.00209580 -0.06267495
v 0.08682840 -0.00194067 -0.06587632
v 0.09010205 0.00589789 -0.06654534
v 0.09032312 0.00022403 -0.06776447
v 0.08946767 0.00668527 -0.06745051
v 0.07588249 0.00855644 -0.06129744
v 0.07635021 0.01163339 -0.06506956
v 0.07521150 0.00543194 -0.06708723
v 0.07595532 0.00606621 -0.06287695
v 0.07320317 -0.01914395 -0.04245582
v 0.07418546 -0.01682446 -0.04390488
v 0.07280187 -0.01887137 -0.04565939
v 0.07189174 -0.02155199 -0.04494626
v 0.07510304 -0.02430201 -0.06102815
v 0.07242540 -0.02750143 -0.05883017
v 0.07304580 -0.02822103 -0.05820939
v 0.07573542 -0.02612001 -0.05977834
v 0.08457263 0.01193282 -0.05666324
v 0.08488232 0.00795007 -0.05786755
v 0.08331110 0.00788454 -0.05676522
v 0.07728215 -0.02268441 -0.05024600
v 0.07747906 -0.02136494 -0.05240693
v 0.07900138 -0.02406459 -0.05349737
v 0.07881745 -0.02619434 -0.05153640
v 0.08091747 -0.03436041 -0.05451128
v 0.07835193 -0.03462238 -0.05539341
v 0.07608996 -0.03683370 -0.05210432
v 0.07892578 -0.03678556 -0.05160393
v 0.07269987 -0.02275928 -0.04419169
v 0.07262771 -0.02169409 -0.04234057
v 0.08149186 0.00141988 -0.06742992
v 0.08015103 0.00729367 -0.06473748
v 0.08594171 0.00653149 -0.06172870
v 0.08624970 0.00423016 -0.06322781
v 0.07500871 -0.00613980 -0.04766706
v 0.07338674 -0.00574407 -0.04949668
v 0.07377639 -0.00662046 -0.04932382
v 0.07580921 -0.00760172 -0.04738495
v 0.07491820 -0.00652654 -0.04620124
v 0.07548790 -0.00813588 -0.04602720
v 0.07476412 -0.00816683 -0.04520717
v 0.07437057 -0.00733959 -0.04505618
v 0.07268026 -0.00556103 -0.04981071
v 0.07310249 -0.00585261 -0.04964207
v 0.07321622 -0.00533068 -0.04967019
v 0.07673538 -0.00261524 -0.06051778
v 0.07676668 -0.00996240 -0.06177153
v 0.07583053 -0.01109202 -0.06242369
v 0.07691116 -0.00530471 -0.06031690
v 0.08726846 -0.00859343 -0.06721387
v 0.08275868 0.01513242 -0.04967616
v 0.08187754 0.01802737 -0.04930153
v 0.08433041 0.02058374 -0.05299179
v 0.07189068 -0.01961044 -0.05518913
v 0.07532347 -0.01953054 -0.05258488
v 0.07506227 -0.01967720 -0.05098278
v 0.07245811 -0.01971068 -0.05340757
v 0.07351155 -0.01474346 -0.04864274
v 0.07134730 -0.01778053 -0.04851966
v 0.07473678 -0.01636842 -0.04645609
v 0.07492568 -0.00066620 -0.04604264
v 0.07444961 -0.00444000 -0.04862896
v 0.07448345 -0.00537182 -0.04735554
v 0.07441831 -0.00506798 -0.04612200
v 0.08793397 -0.01733298 -0.06637263
v 0.08912645 -0.01206917 -0.06874539
v 0.08754064 -0.01216737 -0.07001647
v 0.08656117 -0.01782267 -0.06773710
v 0.07117273 -0.03186982 -0.03866974
v 0.06625174 -0.03386158 -0.04240009
v 0.06988295 -0.02876480 -0.03943256
v 0.08975545 0.01716531 -0.06326206
v 0.08791773 0.01885542 -0.06352107
v 0.08816510 0.01700669 -0.06559350
v 0.09042926 0.01539541 -0.06522324
v 0.07463831 0.00044372 -0.05358157
v 0.07439575 -0.00159874 -0.05353098
v 0.07498103 -0.00046451 -0.05228034
v 0.07457878 0.00172358 -0.05211682
v 0.05162521 -0.03456068 -0.09635566
v 0.05987097 -0.03459809 -0.07783335
v 0.06390686 -0.02090062 -0.08591440
v 0.05665116 -0.02096592 -0.10148486
v 0.08178345 -0.03114772 -0.05356777
v 0.08099617 -0.03341768 -0.05104038
v 0.07694052 0.00686355 -0.04444102
v 0.07635369 0.00851232 -0.04359999
v 0.07666413 0.01420879 -0.04530047
v 0.07785944 0.01101708 -0.04531987
v 0.08932315 0.00213020 -0.07204258
v 0.09155425 0.00147120 -0.07084404
v 0.08004635 0.01180992 -0.05151718
v 0.08219957 0.01451406 -0.05432749
v 0.08069030 0.01255708 -0.05325943
v 0.07944784 0.01118748 -0.05172831
v 0.07959505 0.00371692 -0.04893549
v 0.08021751 0.00499763 -0.04880740
v 0.07840730 0.00591708 -0.04901531
v 0.07739395 0.00463281 -0.04935763
v 0.07543623 0.01359388 -0.04289877
v 0.07604547 0.01894801 -0.04602405
v 0.06783538 -0.02719682 -0.05768643
v 0.07889278 0.00568129 -0.04622165
v 0.07968011 0.00831879 -0.04648582
v 0.08088456 0.00677205 -0.04868447
v -0.04748971 -0.08652715 -0.09055571
v -0.04207246 -0.07844901 -0.09591120
v -0.03958656 -0.09086069 -0.09945739
v -0.04821483 -0.09482167 -0.08967665
v 0.07104129 -0.02399074 -0.03922834
v 0.07214114 -0.02225741 -0.04091198
v 0.07908753 0.01087704 -0.05154702
v 0.07839469 0.00971088 -0.05150305
v 0.07698759 0.00582883 -0.04992644
v 0.07788217 0.00489188 -0.05228216
v 0.08175106 -0.00151033 -0.05889063
v 0.08291778 -0.00965252 -0.05998405
v 0.06720948 -0.02058124 -0.07211494
v 0.06354982 -0.03347121 -0.05808947
v 0.07726641 0.00637325 -0.04929819
v 0.07747737 0.00688479 -0.04938745
v 0.07679248 0.00618323 -0.04918065
v 0.07632139 0.00534094 -0.04973112
v 0.07967173 -0.03538357 -0.04858341
v 0.08174670 0.00460698 -0.05687591
v 0.07898425 0.00235052 -0.05485354
v 0.08059996 0.00451847 -0.05489933
v 0.08999667 -0.00739663 -0.06738789
v 0.09135309 -0.00003325 -0.06759994
v 0.09260729 0.00009596 -0.06895116
v 0.09114551 -0.00758825 -0.06864876
v 0.06777439 -0.03663135 -0.04360746
v 0.07421245 -0.00226081 -0.05477333
v 0.07543119 -0.00370371 -0.05421961
v 0.07635861 0.00345908 -0.05279642
v 0.07561372 0.00445531 -0.05002207
v 0.07214712 -0.01911448 -0.04052164
v 0.08745611 0.01361450 -0.06445169
v 0.08802168 0.01206718 -0.06575453
v 0.08651654 0.01256248 -0.06336717
v 0.08630220 0.01358691 -0.06185601
v 0.08553067 0.01601608 -0.06003964
v 0.08484153 0.01650754 -0.05969808
v 0.08693928 0.01511962 -0.06284663
v 0.07866698 0.00391643 -0.05336935
v 0.07987494 0.00507123 -0.05403945
v 0.07723722 -0.02393624 -0.04854795
v 0.07821320 -0.02957186 -0.04851330
v 0.08549625 -0.01735375 -0.06190880
v 0.08419199 -0.01681297 -0.05933695
v 0.08499921 -0.00672105 -0.07058791
v 0.08479451 0.00196079 -0.07037508
v 0.08315965 0.00165789 -0.06861032
v 0.08386938 -0.00662510 -0.06931584
v 0.07781722 -0.00531566 -0.06685413
v 0.07442792 -0.00464169 -0.06672754
v 0.07399125 -0.00650186 -0.04461395
v 0.07352412 -0.00274279 -0.04264197
v 0.07503683 0.00244049 -0.05196447
v 0.07511401 0.00425034 -0.05048031
v 0.07897038 -0.02176059 -0.06355499
v 0.07535306 -0.02895019 -0.05626283
v 0.07926130 -0.02391066 -0.06172685
v 0.07123180 -0.02941792 -0.05435110
v 0.07101513 -0.03035080 -0.05197288
v 0.07356942 -0.03046832 -0.05345726
v 0.08118819 -0.02141347 -0.05670794
v 0.08344214 -0.02001445 -0.05904677
v 0.07331035 -0.00596896 -0.05041907
v 0.07213039 -0.00748843 -0.05221263
v 0.07147552 -0.00605312 -0.05015695
v 0.08477951 -0.00192391 -0.06078147
v 0.08559410 -0.00984045 -0.06104614
v 0.07993840 0.00727268 -0.04935858
v 0.07709502 -0.00209727 -0.04942740
v 0.07776995 0.00122020 -0.04743704
v 0.08284447 0.01011508 -0.04956690
v 0.08170785 0.00876971 -0.04988154
v 0.08093835 0.00792163 -0.04963066
v 0.08170597 0.00839638 -0.04881229
v 0.06714681 -0.01476806 -0.05223414
v 0.06940835 -0.01654369 -0.05027141
v 0.07100877 -0.01358497 -0.04958289
v 0.08464078 0.01558077 -0.05733923
v 0.08525819 0.01390100 -0.05838015
v 0.08195266 0.00799043 -0.06596224
v 0.08024725 0.00901597 -0.05376143
v 0.08027092 0.00761148 -0.05488521
v 0.07873236 0.02048265 -0.05954453
v 0.07909747 0.01801478 -0.05623775
v 0.07876281 0.01844331 -0.05505101
v 0.07843278 0.02327963 -0.05523299
v 0.07035349 -0.03316936 -0.04858357
v 0.07301010 -0.03283064 -0.05122636
v 0.07270621 -0.03154359 -0.05178058
v 0.07086193 -0.03158204 -0.04997167
v 0.07454625 -0.01977048 -0.05043683
v 0.07251903 -0.01987779 -0.05241217
v 0.08596968 -0.01585114 -0.06483116
v 0.08557962 -0.01680252 -0.06377254
v 0.08665764 -0.01272225 -0.06587778
v 0.08672375 -0.01126901 -0.06683488
v 0.07532179 0.00155087 -0.05702409
v 0.07503337 0.00016470 -0.05562297
v 0.07742579 0.01303719 -0.05792043
v 0.07995760 0.01499138 -0.05913000
v 0.08010550 0.01720546 -0.05597271
v 0.07798565 0.01560140 -0.05597947
v 0.08368428 0.00884369 -0.06777798
v 0.08022898 0.00612843 -0.05475860
v 0.08064087 0.00632173 -0.05549510
v 0.08006962 0.00653742 -0.05427898
v 0.07657756 0.00376477 -0.04973516
v 0.07888317 0.00254505 -0.04980523
v 0.08287889 0.01044869 -0.05071994
v 0.08543397 0.01368765 -0.05315209
v 0.08471762 0.01437910 -0.05451126
v 0.08234556 0.01132702 -0.05090371
v 0.07819539 0.00855993 -0.04984846
v 0.01356307 -0.03623047 -0.12368229
v 0.01531237 -0.02570212 -0.13072427
v -0.03720004 0.04294705 0.03912428
v -0.04440548 0.04204829 0.03375343
v -0.04309013 0.03551871 0.03749643
v -0.03515663 0.03685262 0.04138152
v 0.08069483 0.01780906 -0.04906626
v 0.08071696 0.01928603 -0.05233138
v 0.08182336 0.02009980 -0.05273160
v 0.08129585 0.01851696 -0.04946629
v 0.08626056 0.01247410 -0.06150259
v 0.08878284 0.00913254 -0.06647445
v 0.07658514 -0.00565993 -0.05317123
v 0.07384327 -0.00833102 -0.05382404
v 0.06456310 -0.00905398 -0.05253175
v 0.06485020 -0.00790078 -0.05227799
v 0.06549668 -0.00820904 -0.05327589
v 0.06544212 -0.00907700 -0.05369860
v 0.06891953 -0.01440629 -0.05473883
v 0.07125913 -0.01512164 -0.05377874
v 0.07037997 -0.01657031 -0.05230662
v 0.06847245 -0.01563401 -0.05409956
v 0.06417783 -0.01163780 -0.05319051
v 0.06437337 -0.01023760 -0.05281279
v 0.06510554 -0.01067560 -0.05419289
v 0.06497770 -0.01219734 -0.05502501
v 0.08391318 0.01613149 -0.05574955
v 0.08537467 0.01594234 -0.05777019
v 0.09084997 0.00754472 -0.06498996
v 0.09106066 0.00562887 -0.06627934
v 0.08824839 0.01287278 -0.06367777
v 0.08862810 0.01109576 -0.06500615
v 0.07413900 -0.01410641 -0.04382501
v 0.07515790 -0.01385103 -0.04541684
v 0.07498022 -0.01548591 -0.04540463
v 0.09180679 0.01004545 -0.06463086
v 0.09092593 0.01308503 -0.06657072
v 0.07370128 -0.03163479 -0.04013125
v 0.07261118 -0.03334989 -0.03896733
v 0.04495557 -0.10401887 -0.02542766
v 0.05543191 -0.09884307 -0.03682038
v 0.05491776 -0.10906159 -0.03608529
v 0.04444758 -0.11494839 -0.02564923
v 0.08163247 0.01334809 -0.04847786
v 0.08006691 0.01622247 -0.04838521
v 0.06437634 -0.01360106 -0.05364097
v 0.06442699 -0.01379944 -0.05376742
v 0.06704050 -0.01555198 -0.05346017
v 0.06882282 -0.00979479 -0.05067273
v 0.06525315 -0.00932308 -0.05189162
v 0.06929875 -0.01284580 -0.05452510
v 0.06879953 -0.00770022 -0.05284356
v 0.06862929 -0.00661513 -0.05158515
v 0.07014517 -0.01946819 -0.04947478
v 0.07128606 -0.02018300 -0.05105830
v 0.07275240 -0.02093725 -0.04800368
v 0.06546362 -0.01421023 -0.05532343
v 0.07638461 0.00283099 -0.05497109
v 0.07197639 -0.01248078 -0.05413369
v 0.07334929 -0.01467280 -0.05611646
v 0.07279050 -0.01634975 -0.05519957
v 0.07150148 -0.01421233 -0.05409834
v 0.07986742 -0.02439416 -0.05489709
v 0.07966872 -0.02262400 -0.05499139
v 0.07224915 -0.01878241 -0.05722781
v 0.07520685 -0.01937564 -0.05548385
v 0.07679845 -0.00292286 -0.05320064
v 0.07806803 -0.00005779 -0.05085280
v 0.07403729 -0.00588118 -0.05109841
v 0.07202474 -0.01031729 -0.05332097
v 0.07367239 -0.01256816 -0.05570367
v 0.06888728 -0.00868624 -0.05084021
v 0.07204962 -0.00832340 -0.04942266
v 0.07177589 -0.00728181 -0.04969167
v 0.06881941 -0.00773360 -0.05109483
v 0.08200043 0.00780490 -0.05609659
v 0.07880981 0.01425884 -0.04668999
v 0.08073367 0.01092782 -0.04731635
v 0.07948799 0.02503794 -0.07060214
v 0.07736747 0.01656152 -0.07555315
v 0.07817732 0.01698864 -0.06320716
v 0.06995024 -0.01124672 -0.05406327
v 0.06502321 -0.00745664 -0.05232999
v 0.06573397 -0.00803628 -0.05221009
v 0.08576090 -0.02012709 -0.06237661
v 0.07326628 -0.02186245 -0.04743882
v 0.07563058 0.00186962 -0.05034814
v 0.08441326 -0.01169095 -0.06943800
v 0.08360039 -0.01718670 -0.06753441
v 0.07521320 0.00333723 -0.05039191
v 0.07534253 0.00440669 -0.05039652
v 0.07201427 -0.02015856 -0.05195716
v 0.07409396 -0.02042438 -0.04932511
v 0.07567055 0.00465239 -0.05007233
v 0.07551838 -0.01430722 -0.04676084
v 0.08615679 0.00786462 -0.06042744
v 0.07689817 -0.03192013 -0.05582890
v 0.07496247 -0.03352443 -0.05300456
v 0.06565749 -0.00835086 -0.05175514
v 0.06904174 -0.01647312 -0.05175159
v 0.06915591 -0.00936397 -0.05316023
v 0.07426190 -0.01049135 -0.04863381
v 0.07404380 -0.01268330 -0.04840629
v 0.07547358 -0.01201086 -0.04656864
v 0.07608588 -0.01869201 -0.05708309
v 0.07263520 -0.01668798 -0.05918311
v 0.07365946 -0.01577475 -0.06127998
v 0.07794840 -0.01739605 -0.05819958
v 0.08236245 -0.02225150 -0.06519616
v 0.08067243 -0.02681329 -0.06201127
v 0.08295966 -0.02854074 -0.06189417
v 0.08528321 -0.02353614 -0.06515358
v 0.08001078 0.04159361 -0.07893890
v 0.07989391 0.03094493 -0.06383515
v 0.08039474 0.04805196 -0.06765378
v 0.08300915 0.01653126 -0.06354030
v 0.08288126 0.01427435 -0.06500722
v 0.08823082 0.01489844 -0.06730750
v 0.07789954 0.02151331 -0.05052381
v 0.07858120 0.01872491 -0.05379677
v 0.08052473 0.01854705 -0.05235766
v 0.08843052 -0.00717145 -0.07145057
v 0.07596810 0.00311123 -0.04470283
v 0.07806209 0.00329565 -0.04650827
v 0.07793687 -0.02047976 -0.06440058
v 0.07940568 -0.01940477 -0.05548044
v 0.08188408 -0.01849489 -0.05714661
v 0.08843663 0.01615634 -0.05706264
v 0.08654067 0.01405655 -0.05489723
v 0.00845653 -0.11888544 0.00611025
v 0.00841524 -0.12528279 0.00316636
v 0.00847652 -0.00692340 0.05863199
v 0.00948337 -0.00701731 0.05754432
v 0.00784651 -0.00564643 0.05637935
v 0.00752470 -0.00562037 0.05693701
v 0.00891110 -0.01563584 0.05767211
v 0.00826034 -0.01424163 0.05695837
v 0.00959813 -0.01419769 0.05577024
v 0.01075626 -0.01530889 0.05674922
v 0.00667037 -0.00554172 0.05654481
v 0.00564630 -0.00739900 0.05911701
v 0.00669861 -0.00718910 0.05988104
v 0.00702368 -0.00561252 0.05682179
v 0.08868532 0.01927144 -0.05774403
v 0.01353803 -0.01444660 0.05741923
v 0.01206869 -0.01297524 0.05680933
v 0.01264796 -0.01218196 0.05852092
v 0.01505411 -0.01296347 0.05933788
v 0.00512714 -0.01341260 0.06618285
v 0.00632208 -0.01142573 0.06607871
v 0.00536934 -0.01270702 0.06391662
v 0.00511608 -0.01444802 0.06352679
v 0.00851601 -0.01109333 0.06521742
v 0.01050219 -0.01052801 0.06681151
v 0.01245428 -0.01050450 0.06494124
v 0.01030866 -0.01129561 0.06350403
v 0.00565180 -0.01118095 0.05920498
v 0.00664333 -0.01321541 0.06042306
v 0.00492303 -0.01045406 0.06246757
v 0.01181971 -0.01035389 0.05718736
v 0.01143720 -0.01138869 0.05597199
v 0.00952519 -0.00807512 0.05607054
v 0.00977100 -0.00779262 0.05602546
v 0.04717223 -0.08733324 -0.02575505
v 0.05660638 -0.08443312 -0.03831617
v 0.03292330 0.00688537 0.03564847
v 0.03254940 0.00386009 0.03628773
v 0.02877268 0.00559992 0.03737659
v 0.02914272 0.00831492 0.03697756
v 0.07560894 -0.00995676 -0.04576819
v 0.07473142 -0.00922524 -0.04482944
v 0.08287042 0.01169320 -0.06635955
v 0.08684177 0.01423127 -0.06328286
v 0.08332491 0.01805733 -0.06171599
v 0.08279516 0.01961322 -0.05718030
v 0.08124226 0.01839136 -0.05650494
v 0.08135217 0.01656489 -0.06033894
v 0.09030445 0.01362998 -0.06166979
v 0.07441550 -0.02332314 -0.04695112
v 0.08331360 0.00389876 -0.05882911
v 0.08230174 0.02010805 -0.05478939
v 0.08544303 0.02120786 -0.05524705
v 0.08842293 -0.00698784 -0.06728881
v 0.09104892 0.01229879 -0.06331006
v 0.08987442 0.01069688 -0.06227195
v 0.08387398 0.01212203 -0.05020567
v 0.07621353 -0.01305540 -0.06226494
v 0.08180280 -0.01302199 -0.05958283
v 0.08006936 -0.01574054 -0.05894873
v -0.09143559 0.01109909 -0.06912082
v -0.09159511 0.00868368 -0.07030552
v -0.09224678 0.00684464 -0.06849035
v -0.09205184 0.00881531 -0.06709667
v -0.08838119 -0.00623216 -0.06914382
v -0.08859137 0.00068946 -0.07032324
v -0.08947664 0.00325536 -0.07089213
v -0.09003542 0.00102961 -0.07005270
v 0.07533102 -0.01498162 -0.06205402
v 0.07474554 -0.00097046 -0.05533116
v 0.07202297 -0.01857222 -0.03850301
v 0.07977830 -0.02893692 -0.05194279
v -0.08828806 -0.01633333 -0.06591494
v -0.08717567 -0.01580961 -0.06577732
v -0.08833447 -0.01121991 -0.06741443
v -0.08987176 -0.01158973 -0.06790364
v 0.08070739 -0.02762591 -0.05432968
v 0.02993875 -0.03571634 -0.11800823
v 0.03353026 -0.02439252 -0.12432335
v 0.09031598 -0.00740991 -0.07029609
v 0.08432895 0.01646033 -0.05698217
v 0.07613382 -0.02376607 -0.04782314
v 0.07630653 -0.02924712 -0.04550314
v 0.07492219 -0.02857623 -0.04412653
v 0.08043461 0.00677584 -0.05543385
v 0.07717163 -0.01922812 -0.06443626
v 0.07703220 -0.01705551 -0.06580824
v 0.06564517 -0.00761677 -0.05296709
v 0.07976789 -0.02526743 -0.06166746
v 0.07626854 -0.03030498 -0.05595938
v 0.05976671 -0.08151691 -0.05213649
v 0.05736015 -0.07864887 -0.06825926
v -0.07588076 -0.03656897 -0.04087387
v -0.07844692 -0.03360091 -0.04362534
v -0.07840017 -0.03643394 -0.04509854
v -0.07371562 -0.03793973 -0.04344312
v 0.05743515 -0.09037828 -0.06562194
v 0.05998115 -0.09434524 -0.05025665
v 0.07252304 -0.00464789 -0.03957432
v 0.07292613 -0.01151647 -0.04185506
v 0.07258023 -0.01280499 -0.04019064
v 0.02262625 -0.10855976 -0.00196818
v 0.01991829 -0.12108175 -0.00391836
v 0.07141189 -0.01800515 -0.03522744
v 0.06988363 -0.01886956 -0.02385373
v 0.07164715 -0.00287789 -0.02387090
v 0.07167244 -0.00803443 -0.03447561
v 0.05856288 0.02814142 0.01462346
v 0.05979645 0.02900099 0.00955073
v 0.06119657 0.01981151 0.00934292
v 0.05917584 0.02113863 0.01343057
v 0.01845570 0.08377124 0.02724706
v 0.00887640 0.08486243 0.02939890
v 0.00889704 0.09179495 0.02461590
v 0.01880014 0.09063942 0.02226540
v 0.03543474 -0.01589513 -0.12798229
v 0.03726699 -0.00513713 -0.13205640
v 0.01741858 -0.00795935 -0.13919009
v 0.01631618 -0.01791045 -0.13459064
v 0.01894930 0.10860115 0.00217511
v 0.00877078 0.11005838 0.00454534
v 0.00889424 0.11549938 -0.00474358
v -0.07048695 -0.03637200 -0.04482232
v -0.07436313 -0.03672518 -0.04930812
v -0.07377450 -0.03353342 -0.05072329
v -0.07067323 -0.03351418 -0.04742802
v 0.01928331 0.11381160 -0.00679734
v 0.05138702 0.00117266 0.02627022
v 0.05377076 -0.00588681 0.02621593
v 0.04975484 -0.00603770 0.02940040
v 0.04809032 0.00120187 0.02906272
v 0.07647055 -0.03377820 -0.04240213
v 0.07530789 -0.03275907 -0.04145033
v -0.08699144 0.01955561 -0.05652648
v -0.08763039 0.01583776 -0.05608001
v -0.08653865 0.01464255 -0.05427581
v -0.08564165 0.01831564 -0.05437474
v -0.07402282 -0.01137112 -0.06596844
v -0.07234862 -0.01755277 -0.06441453
v -0.07830362 -0.01295400 -0.06685556
v -0.07876185 -0.01038991 -0.06715946
v 0.00908729 0.12027851 -0.01578485
v 0.01975640 0.11842616 -0.01747562
v 0.01363176 0.01632731 0.04468919
v -0.08589574 0.01010590 -0.06343263
v -0.08650431 0.01075608 -0.06610387
v -0.08695591 0.00882785 -0.06717353
v -0.08616462 0.00754201 -0.06504250
v -0.08855946 0.01255678 -0.06993882
v -0.08866836 0.00986576 -0.07133271
v -0.07461494 -0.02689625 -0.04113452
v -0.07326973 -0.02344042 -0.04081620
v -0.07368083 -0.02200713 -0.04222171
v -0.07438478 -0.02308525 -0.04345427
v -0.07610254 -0.01162229 -0.05864337
v -0.07755121 -0.00707553 -0.05613566
v -0.08494027 -0.02649947 -0.06086842
v -0.08512878 -0.02476029 -0.05972646
v -0.08708731 -0.02074800 -0.06293372
v -0.08692689 -0.02203871 -0.06452866
v 0.01373978 0.01810469 0.04185326
v 0.01704449 0.01461151 0.04035120
v 0.01667172 0.01245441 0.04241775
v 0.00658455 0.05880529 0.04185408
v 0.00757626 0.06571835 0.03770356
v 0.01556791 0.06571733 0.03642321
v 0.01417574 0.05886539 0.04109846
v 0.02081030 0.01178187 0.03872092
v 0.02031223 0.00981405 0.04024098
v 0.00881488 0.09841361 0.01862625
v 0.01890721 0.09720621 0.01616684
v 0.01955774 0.12606107 -0.06600074
v -0.08243766 -0.02321506 -0.05804882
v -0.08464675 -0.02022298 -0.06138435
v -0.08521584 -0.01945232 -0.06331771
v -0.08458871 -0.02174555 -0.06122864
v 0.01986846 0.12595025 -0.05786862
v 0.00886648 0.12865171 -0.05818091
v -0.08757039 0.01270340 -0.06433637
v -0.08627306 0.01477380 -0.05950997
v -0.08804185 0.01371496 -0.05806268
v -0.08964039 0.01176169 -0.06212679
v 0.01003931 0.12815380 -0.07042007
v 0.06920586 -0.00234659 -0.09274400
v 0.07237358 -0.00421889 -0.07732079
v 0.07522894 0.00791573 -0.07835145
v 0.07325642 0.01440080 -0.09480838
v 0.03320034 -0.10045025 -0.01312687
v 0.03169647 -0.11317675 -0.01439702
v -0.07998101 0.00127094 -0.06665023
v -0.07833048 0.00609124 -0.06452596
v -0.07773982 0.00528485 -0.06425525
v -0.07920100 0.00105234 -0.06632648
v -0.08840022 0.01000935 -0.06850920
v -0.08878966 0.00788293 -0.06965254
v -0.08740204 0.00659211 -0.06846406
v -0.07842352 0.00669860 -0.05257592
v -0.08020392 0.00803875 -0.05469824
v -0.07977921 0.00663262 -0.05564260
v -0.07993976 0.00532200 -0.05482421
v -0.07742678 -0.03698575 -0.04900089
v -0.07095750 -0.02616712 -0.05806411
v -0.07251054 -0.02563788 -0.05973809
v -0.07532965 -0.02142384 -0.06248022
v -0.07385862 -0.02029584 -0.06285094
v 0.04965367 0.04821762 0.02179093
v 0.05337389 0.05442876 0.01735634
v 0.05570476 0.04769266 0.01302294
v 0.05333153 0.04270692 0.01877872
v 0.00442267 0.04685063 0.04762989
v 0.01128576 0.04737625 0.04811186
v 0.00958064 0.04079150 0.04855383
v 0.00414540 0.04011403 0.04837136
v -0.07100405 -0.03444843 -0.03921616
v -0.07454676 -0.03442461 -0.03895508
v -0.07512562 -0.03556452 -0.04009723
v -0.07169794 -0.03666863 -0.04051482
v 0.05928887 0.01398448 0.01386923
v 0.06202028 0.01088785 0.01091441
v 0.06093651 0.00253612 0.01544377
v 0.05774951 0.00687159 0.01779834
v 0.05419247 0.00235951 0.02353155
v -0.08081600 0.01130063 -0.05479290
v -0.08236574 0.01072838 -0.05671393
v -0.08086716 0.00989281 -0.05615535
v -0.08001830 0.01020885 -0.05463942
v 0.05676697 -0.00425224 0.02300945
v -0.08752217 -0.00106723 -0.06871314
v -0.08650076 0.00512586 -0.06648787
v 0.01775713 0.07454273 0.03295730
v 0.00856306 0.07517060 0.03445369
v 0.05824465 0.03881080 0.01060495
v 0.05636201 0.03567388 0.01612436
v 0.01078555 0.01893877 0.04676908
v 0.01152483 0.02060749 0.04353144
v 0.00845863 0.02366691 0.04514297
v -0.08726451 -0.01016735 -0.06341239
v -0.08704822 -0.00971099 -0.06648319
v -0.08707058 -0.01377364 -0.06469206
v -0.08680208 -0.01405559 -0.06186205
v 0.00474608 0.02350242 0.05096966
v 0.00425420 0.02685593 0.04895989
v 0.00701062 0.02686711 0.04521656
v 0.03000132 0.05673645 0.03458125
v 0.03182619 0.06380656 0.02988683
v 0.03965066 0.06202986 0.02542087
v 0.03734228 0.05512929 0.02972071
v 0.01889751 0.10303298 0.00962235
v -0.08699815 -0.00238601 -0.06342851
v -0.08706366 -0.00214544 -0.06675128
v 0.00874997 0.10435629 0.01209176
v 0.00396829 0.03435612 0.04726470
v 0.00776324 0.03454499 0.04534956
v 0.00696930 0.03179465 0.04419283
v -0.09029368 0.00604544 -0.06762537
v -0.09075700 0.00032351 -0.06866886
v -0.08960950 0.00671846 -0.06856368
v -0.07650254 0.00873489 -0.06187487
v -0.07685231 0.01192763 -0.06561384
v -0.07634687 0.00593859 -0.06753638
v -0.07676592 0.00647844 -0.06351400
v 0.00390689 0.03173192 0.04698332
v 0.02439130 0.00752287 0.03854812
v 0.02491480 0.00996846 0.03822656
v 0.06680855 -0.03283126 -0.04879007
v 0.06847558 -0.03421893 -0.04724103
v 0.07374209 0.01363715 -0.03688897
v 0.07246583 0.00276727 -0.03528774
v 0.07265737 0.01042027 -0.02517525
v 0.07245577 0.02392531 -0.02674133
v 0.07438902 0.03654109 -0.02996092
v 0.07521798 0.04439162 -0.03465361
v 0.07690403 0.02844602 -0.04199283
v 0.07544687 0.02292641 -0.03884102
v 0.05277361 -0.08784341 -0.07905230
v 0.05037692 -0.07711471 -0.08301396
v 0.00470566 0.02078027 0.05356584
v 0.00450442 0.01794406 0.05601035
v 0.01968202 0.03518144 -0.14854757
v -0.07342732 -0.01813564 -0.04308152
v -0.07449860 -0.01604003 -0.04470014
v -0.07306711 -0.01808755 -0.04628858
v -0.07288995 -0.02078831 -0.04532914
v 0.01910843 0.02126141 -0.14728169
v 0.03963584 0.02526254 -0.13875736
v 0.03992558 0.03857124 -0.13958186
v 0.06609228 -0.01313954 -0.08939905
v -0.07601878 -0.02354789 -0.06133108
v -0.07323700 -0.02670007 -0.05898975
v -0.07374886 -0.02742378 -0.05842895
v -0.07629555 -0.02521784 -0.06002494
v 0.06974777 -0.01296295 -0.07512404
v 0.01095527 -0.00937961 0.05951810
v 0.00770788 -0.00546529 0.05563689
v 0.00842245 -0.00836336 0.05646686
v 0.00783594 -0.00548633 0.05562985
v 0.01184258 -0.01168558 0.06125647
v 0.01442561 -0.01115528 0.06263284
v 0.00888890 -0.01239699 0.05539218
v 0.00780595 -0.01242130 0.05593365
v 0.00770249 -0.00815954 0.05679354
v 0.00800288 -0.00549000 0.05573935
v 0.00168471 -0.01357839 0.06874672
v 0.00227061 -0.01195318 0.07132121
v 0.00651437 -0.01128021 0.06997676
v 0.00497216 -0.01297670 0.06822114
v 0.00690119 -0.00540939 0.05649729
v 0.00591346 -0.00793544 0.05793922
v 0.00570971 -0.00969034 0.06396430
v 0.00753426 -0.00697482 0.05958442
v 0.00727028 -0.00557907 0.05694573
v 0.00770899 -0.00922225 0.06298350
v 0.00650780 -0.01522622 0.06084488
v 0.00940775 -0.00920035 0.06143700
v -0.08403147 0.01158108 -0.05852770
v -0.08442372 0.00735929 -0.05966375
v -0.08302602 0.00730468 -0.05861031
v -0.07847849 -0.02233426 -0.05085777
v -0.07890484 -0.02117580 -0.05294100
v -0.08003154 -0.02377771 -0.05408471
v -0.07963843 -0.02564862 -0.05216646
v 0.07794455 -0.02039340 -0.05412792
v 0.05701301 -0.06643818 -0.03452476
v 0.06050359 -0.05168021 -0.04223441
v 0.06019704 -0.05277731 -0.04712523
v -0.08097766 -0.03302252 -0.05496246
v -0.07848635 -0.03335509 -0.05596023
v -0.07662852 -0.03535865 -0.05247292
v -0.07931447 -0.03525913 -0.05202581
v -0.07424023 -0.02179871 -0.04436163
v -0.07331869 -0.02064551 -0.04275739
v -0.08175424 0.00174048 -0.06839558
v -0.08108468 0.00733589 -0.06559526
v 0.05808777 -0.06782855 -0.04288023
v 0.08195186 0.00630176 -0.05659791
v 0.06491293 0.05532953 -0.00565115
v 0.06615564 0.06674342 -0.01433330
v 0.07187049 0.05571741 -0.02583262
v -0.08569160 0.00605237 -0.06309892
v -0.08621163 0.00393334 -0.06435234
v 0.07179290 0.04563195 -0.02148250
v 0.06667121 0.07673876 -0.02190731
v 0.07214821 0.06654177 -0.03264556
v 0.07581905 0.05495259 -0.04222275
v 0.07882551 0.03452119 -0.05567477
v 0.04144075 0.02003095 0.03323412
v 0.04138871 0.01994613 0.03315721
v 0.03957682 0.01968939 0.03447925
v -0.07602873 -0.00608196 -0.04884190
v -0.07445874 -0.00576181 -0.05066730
v -0.07478019 -0.00660809 -0.05050094
v -0.07671735 -0.00747580 -0.04852790
v 0.03967496 0.01967152 0.03460852
v 0.04121764 0.02001269 0.03269266
v 0.03926049 0.01961227 0.03366073
v -0.07588641 -0.00632235 -0.04727896
v -0.07639926 -0.00788867 -0.04710167
v -0.07564795 -0.00786152 -0.04624292
v -0.07528282 -0.00702013 -0.04607511
v 0.04217117 0.02043643 0.03172518
v 0.04260391 0.02029512 0.03214428
v 0.04270503 0.02013394 0.03205698
v 0.02279914 0.02147092 0.03686669
v 0.02348513 0.02179798 0.03638432
v 0.02599974 0.02056671 0.03639001
v 0.02550828 0.02061600 0.03750435
v 0.02240519 0.02133705 0.03707113
v 0.02513174 0.02042073 0.03753821
v -0.07380458 -0.00564340 -0.05101875
v -0.07418501 -0.00589865 -0.05083470
v -0.07434244 -0.00537362 -0.05086878
v -0.07726329 -0.00275039 -0.06223556
v -0.07818117 -0.01017700 -0.06280994
v -0.07727214 -0.01126112 -0.06320666
v -0.07810406 -0.00537932 -0.06159371
v 0.02738704 0.02350600 0.03051360
v 0.02701330 0.02383670 0.03054267
v -0.08747199 -0.00861667 -0.06809337
v 0.02800743 0.02309268 0.03059339
v 0.02077000 0.02321090 0.03538191
v 0.02068839 0.02462715 0.03522241
v -0.08355960 0.01473829 -0.05069883
v -0.08266602 0.01754299 -0.05023794
v -0.08516227 0.02006406 -0.05403443
v 0.02655645 0.02490972 0.03058367
v 0.02676499 0.02407334 0.03056836
v 0.02094818 0.02281486 0.03560084
v -0.07335149 -0.01955460 -0.05604411
v -0.07675557 -0.01919130 -0.05328006
v -0.07591172 -0.01907482 -0.05165100
v -0.07378475 -0.01960772 -0.05417944
v -0.07402331 -0.01438946 -0.04950923
v -0.07176279 -0.01732234 -0.04918764
v -0.07510198 -0.01576390 -0.04725665
v -0.07568473 -0.00058966 -0.04723101
v -0.07543541 -0.00440662 -0.04968879
v -0.07551184 -0.00527327 -0.04847991
v -0.07538058 -0.00489803 -0.04722244
v -0.08830208 -0.01694783 -0.06726216
v -0.08936618 -0.01175682 -0.06956815
v -0.08784115 -0.01185217 -0.07106194
v -0.08683757 -0.01737991 -0.06872737
v 0.01948188 0.02278509 0.03499187
v 0.01860987 0.02313212 0.03452678
v -0.07242487 -0.03043320 -0.03835626
v -0.06710256 -0.03241136 -0.04225533
v -0.07140976 -0.02723137 -0.03929593
v -0.09026241 0.01705057 -0.06431920
v -0.08839077 0.01864557 -0.06449135
v -0.08859841 0.01687480 -0.06663169
v -0.09078997 0.01535415 -0.06632598
v -0.07570948 0.00018082 -0.05489983
v -0.07555023 -0.00175368 -0.05481358
v -0.07593496 -0.00073800 -0.05355788
v -0.07564968 0.00137417 -0.05347169
v 0.01855283 0.02511022 0.03461167
v 0.02995722 0.01937794 0.03757397
v 0.02987609 0.01869848 0.03753324
v 0.02533334 0.01910538 0.03775413
v 0.02516148 0.01989280 0.03773739
v 0.03000028 0.01976692 0.03744009
v 0.03363863 0.01978616 0.03651667
v 0.03337748 0.01942585 0.03666745
v 0.03338611 0.01875753 0.03656207
v -0.05293474 -0.03421414 -0.09631072
v -0.06098226 -0.03391083 -0.07779904
v -0.06504649 -0.02016900 -0.08593120
v -0.05793963 -0.02047998 -0.10150241
v -0.08213587 -0.03025725 -0.05412295
v -0.08145455 -0.03227123 -0.05154440
v -0.07734652 0.00674937 -0.04592403
v -0.07672907 0.00858175 -0.04446214
v -0.07721175 0.01410263 -0.04593913
v -0.07816078 0.01089793 -0.04643124
v 0.02226390 0.02011132 0.03761867
v 0.02232501 0.02094181 0.03741943
v 0.03341116 0.01813424 0.03649446
v 0.02985338 0.01809096 0.03738185
v -0.08947798 0.00241205 -0.07332353
v -0.09183418 0.00176161 -0.07194927
v 0.02535702 0.01847732 0.03766229
v 0.02217350 0.01972594 0.03771833
v 0.01972879 0.02112225 0.03723550
v 0.02079170 0.02121538 0.03725828
v 0.03024007 0.01686020 0.03776000
v 0.03039159 0.01596723 0.03811893
v 0.02554693 0.01656893 0.03830877
v 0.02548581 0.01747319 0.03801431
v -0.08048265 0.01116437 -0.05327724
v -0.08202129 0.01415511 -0.05614242
v -0.08064930 0.01200031 -0.05505703
v -0.07980303 0.01052247 -0.05350129
v -0.08023067 0.00341583 -0.05070295
v -0.08082019 0.00459846 -0.05061822
v -0.07905562 0.00535981 -0.05085823
v -0.07814079 0.00413089 -0.05109494
v 0.03378425 0.01701647 0.03652570
v 0.03394642 0.01590527 0.03655193
v -0.07581115 0.01362011 -0.04324118
v -0.07649300 0.01857745 -0.04639008
v 0.04388047 0.02036131 0.03031043
v 0.04432928 0.02082589 0.02943450
v 0.04432669 0.02032080 0.02944941
v -0.06883282 -0.02643471 -0.05757553
v 0.04400672 0.01995799 0.02993491
v 0.04640483 0.01596901 0.02562964
v 0.04768460 0.01720138 0.02497417
v 0.04925429 0.01575330 0.02318580
v -0.07934371 0.00548121 -0.04798114
v -0.08003334 0.00808571 -0.04815583
v -0.08129610 0.00647344 -0.05046172
v -0.07199968 -0.02253744 -0.03939586
v -0.07274332 -0.02098329 -0.04129693
v -0.07953821 0.01024573 -0.05323492
v -0.07898172 0.00908177 -0.05308677
v -0.07770620 0.00512697 -0.05157592
v -0.07866964 0.00434730 -0.05376020
v 0.04788563 0.01452808 0.02449906
v -0.08281740 -0.00195411 -0.05986433
v -0.08395401 -0.00976664 -0.06039032
v 0.05609614 0.00398944 0.02020883
v 0.04982767 0.01109711 0.02373032
v 0.05141053 0.01236287 0.02151890
v 0.04338410 0.02017032 0.03113504
v 0.04270384 0.01987386 0.03208805
v 0.04330746 0.02033091 0.03110631
v 0.04371899 0.02066329 0.03019508
v 0.04348863 0.01963089 0.03076303
v 0.04277724 0.01937669 0.03182590
v 0.04141076 0.01977892 0.03318166
v 0.04141020 0.01923922 0.03304182
v 0.03947478 0.01897246 0.03441141
v 0.03934842 0.01958429 0.03454435
v 0.03666350 0.01945601 0.03568683
v -0.06816350 -0.01940005 -0.07214855
v -0.06462244 -0.03269025 -0.05785449
v 0.03734615 0.01969627 0.03546483
v 0.03687810 0.01878911 0.03552591
v 0.03976252 0.01834048 0.03405832
v 0.03720302 0.01817457 0.03532303
v 0.04150408 0.01860675 0.03253162
v 0.04282706 0.01885631 0.03131254
v 0.04360931 0.01915651 0.03022659
v 0.04426735 0.01945579 0.02940231
v 0.04471844 0.02003995 0.02881419
v 0.04443091 0.01828428 0.02975856
v 0.04487225 0.01694922 0.02856863
v 0.04385593 0.01671167 0.03023965
v 0.04344005 0.01801213 0.03092291
v 0.04489371 0.01854386 0.02846400
v 0.04553281 0.01731766 0.02700373
v -0.07793841 0.00570490 -0.05110687
v -0.07810203 0.00615885 -0.05116894
v -0.07756121 0.00547743 -0.05085780
v -0.07713565 0.00469182 -0.05144254
v 0.04210678 0.01774947 0.03220210
v 0.04228483 0.01664410 0.03165660
v 0.04009000 0.01648897 0.03329528
v 0.04005357 0.01742205 0.03383995
v -0.08058696 -0.03407169 -0.04894614
v -0.08187795 0.00412195 -0.05833192
v -0.07971802 0.00184720 -0.05615972
v -0.08090673 0.00400664 -0.05640260
v 0.03751553 0.01719576 0.03531373
v 0.03763012 0.01619392 0.03471028
v -0.09018549 -0.00715530 -0.06779847
v -0.09185061 0.00015525 -0.06798890
v -0.09296305 0.00036166 -0.06945977
v -0.09131832 -0.00722015 -0.06912388
v 0.03054432 0.01961957 0.03751501
v 0.03048960 0.01962387 0.03643676
v 0.03431839 0.01933324 0.03570305
v 0.03385620 0.01964073 0.03650457
v 0.03758517 0.01952540 0.03560750
v -0.06872281 -0.03510392 -0.04341131
v -0.07560563 -0.00240196 -0.05599557
v -0.07693137 -0.00375786 -0.05548862
v 0.03734648 0.01936626 0.03494368
v 0.03389648 0.01904326 0.03499334
v 0.03246971 0.02203561 0.03034921
v 0.03382135 0.02208583 0.02989405
v 0.03724200 0.01899285 0.03424418
v -0.07737552 0.00289978 -0.05418782
v -0.07651545 0.00378367 -0.05160296
v 0.03045384 0.01941858 0.03569949
v 0.03077752 0.02209768 0.03094162
v 0.02680439 0.02059288 0.03554833
v -0.07272879 -0.01809351 -0.04108663
v 0.02904585 0.02263141 0.03074817
v 0.02394403 0.02159886 0.03599177
v 0.03311577 0.03383677 0.03529403
v 0.03263004 0.03251287 0.03597698
v 0.03857365 0.03111030 0.03637999
v 0.03852179 0.03217300 0.03529222
v 0.05026186 -0.00177594 -0.12146279
v 0.05177299 0.01343923 -0.12648900
v 0.03910215 0.00895901 -0.13625556
v 0.03979800 0.03100967 0.03553193
v 0.03995011 0.03076425 0.03539481
v 0.04261307 0.02945949 0.03403500
v 0.04207756 0.02952459 0.03381981
v 0.04000881 0.03085729 0.03611261
v -0.08719208 0.01342235 -0.06606003
v -0.08794126 0.01188901 -0.06722017
v -0.08616645 0.01227921 -0.06505758
v -0.08597244 0.01330768 -0.06359040
v -0.08522249 0.01574087 -0.06181676
v -0.08467129 0.01618362 -0.06136132
v -0.08660683 0.01488664 -0.06453184
v -0.07936701 0.00338524 -0.05472040
v -0.08020047 0.00454895 -0.05562883
v 0.04204110 0.02918365 0.03418532
v 0.03741991 0.03252443 0.03805241
v -0.07847507 -0.02333904 -0.04911005
v -0.07911764 -0.02870198 -0.04898276
v -0.08613623 -0.01726528 -0.06242806
v -0.08577549 -0.01694101 -0.05949164
v -0.08524232 -0.00639354 -0.07161868
v -0.08521263 0.00217145 -0.07156432
v -0.08369731 0.00188237 -0.06958483
v -0.08410355 -0.00622929 -0.07023865
v 0.03747915 0.03260712 0.03750455
v 0.03762338 0.03243458 0.03649985
v 0.04160489 0.02689843 0.03035916
v 0.04084104 0.02803705 0.03114411
v -0.07868543 -0.00482207 -0.06725071
v -0.07558323 -0.00403960 -0.06690083
v -0.07495659 -0.00614748 -0.04553055
v -0.07425259 -0.00236266 -0.04350721
v -0.07608736 0.00196696 -0.05345189
v -0.07621849 0.00361839 -0.05199661
v -0.07975768 -0.02110154 -0.06401257
v -0.07590187 -0.02821651 -0.05667334
v -0.07989167 -0.02321669 -0.06230972
v -0.07196487 -0.02877771 -0.05463119
v -0.07168220 -0.02964836 -0.05230829
v -0.07409394 -0.02976489 -0.05391823
v 0.04105224 0.02798387 0.03262991
v 0.04211388 0.02702991 0.03118147
v 0.04259136 0.02590593 0.02963761
v 0.04299206 0.02608851 0.03010812
v 0.03628339 0.02556477 0.02794174
v 0.03595939 0.02603019 0.02825872
v 0.03554986 0.02658284 0.02868637
v -0.08274435 -0.02146365 -0.05684971
v -0.08449694 -0.01995227 -0.05949775
v 0.03642960 0.02511657 0.02773616
v -0.07447870 -0.00606970 -0.05151979
v -0.07341834 -0.00760969 -0.05334805
v -0.07259312 -0.00613224 -0.05136787
v -0.08561351 -0.00241639 -0.06147853
v -0.08651753 -0.01003977 -0.06155189
v -0.08041099 0.00677059 -0.05126421
v 0.03640262 0.02465247 0.02762186
v -0.07807963 -0.00209010 -0.05073023
v -0.07846580 0.00119921 -0.04897875
v -0.08343886 0.00973008 -0.05122615
v -0.08216563 0.00824752 -0.05179377
v -0.08130124 0.00747028 -0.05155056
v -0.08207246 0.00807107 -0.05061686
v -0.06800549 -0.01484134 -0.05310639
v -0.07019703 -0.01653972 -0.05114601
v -0.07177562 -0.01353160 -0.05050505
v 0.03611242 0.02417466 0.02752876
v 0.03637163 0.02365486 0.02772094
v 0.05882076 -0.01390443 0.01994738
v 0.05898297 -0.00182314 0.01933241
v -0.08439071 0.01531469 -0.05910853
v -0.08490305 0.01361743 -0.06013649
v -0.08226810 0.00816641 -0.06702325
v 0.06153548 -0.01080682 0.01579058
v 0.04310040 0.02057134 0.03115860
v -0.08068447 0.00833963 -0.05556909
v -0.08022690 0.00713977 -0.05666184
v 0.04352584 0.02099555 0.03030983
v -0.07890359 0.02009811 -0.05989970
v -0.07939304 0.01756908 -0.05675241
v -0.07907535 0.01797740 -0.05565802
v -0.07859838 0.02269639 -0.05562560
v 0.04264485 0.02076935 0.03088976
v -0.07098448 -0.03207417 -0.04875176
v -0.07355701 -0.03180448 -0.05163696
v -0.07325957 -0.03073227 -0.05220670
v -0.07143014 -0.03077739 -0.05020602
v -0.07531209 -0.01916068 -0.05109585
v -0.07375875 -0.01968950 -0.05311496
v 0.04306727 0.02130219 0.03017414
v -0.08635714 -0.01582224 -0.06561471
v -0.08600500 -0.01674809 -0.06445583
v -0.08694693 -0.01272020 -0.06663253
v -0.08704674 -0.01126978 -0.06766027
v 0.04402412 0.02184501 0.02949396
v 0.04429655 0.02145507 0.02924776
v 0.04084778 0.01977925 0.03224177
v 0.03565939 0.02236792 0.02899548
v 0.03588264 0.02258158 0.02857145
v -0.07614724 0.00103669 -0.05809969
v -0.07594015 -0.00009915 -0.05695552
v -0.07813348 0.01264156 -0.05864789
v -0.08052799 0.01458132 -0.05992107
v -0.08047805 0.01680142 -0.05684612
v -0.07863207 0.01515599 -0.05677313
v -0.08397143 0.00902520 -0.06882303
v 0.04147673 0.02051829 0.03121917
v 0.03911769 0.01938622 0.03304005
v 0.03483424 0.02223078 0.02943781
v 0.03660786 0.02277899 0.02853189
v 0.03652740 0.02315708 0.02801001
v -0.08035410 0.00559853 -0.05641031
v -0.08061798 0.00578083 -0.05718077
v 0.04213540 0.02091330 0.03067069
v -0.08018322 0.00599949 -0.05595893
v 0.04241178 0.02156742 0.02984793
v 0.04343764 0.02227284 0.02957196
v -0.07743743 0.00331362 -0.05133036
v -0.07963250 0.00232539 -0.05146033
v -0.08310258 0.00998896 -0.05262555
v -0.08547489 0.01341117 -0.05485741
v -0.08455501 0.01403457 -0.05634934
v -0.08261351 0.01075807 -0.05277169
v 0.04234495 0.02335956 0.02877458
v 0.04267503 0.02422537 0.02886943
v 0.04320207 0.02316507 0.02938144
v -0.07883111 0.00784208 -0.05152163
v 0.04327271 0.02413019 0.02930290
v 0.04248568 0.02248659 0.02911992
v -0.01521333 -0.03617514 -0.12364721
v -0.01700480 -0.02560710 -0.13069043
v 0.04270254 0.02509533 0.02909025
v 0.04319967 0.02508160 0.02954641
v 0.04458772 0.02098371 0.02899606
v 0.04444566 0.02198027 0.02903843
v 0.04459798 0.02370546 0.02852915
v 0.04509502 0.02116233 0.02842811
v -0.08146591 0.01732225 -0.04986741
v -0.08144256 0.01878235 -0.05318745
v -0.08262327 0.01955978 -0.05365978
v -0.08212586 0.01799028 -0.05032605
v -0.08586609 0.01215753 -0.06326355
v 0.04568041 0.02091767 0.02767263
v 0.04518441 0.01926130 0.02755489
v 0.04581210 0.02426823 0.02795418
v 0.04748882 0.02339798 0.02676796
v -0.08889808 0.00911372 -0.06766526
v -0.07791410 -0.00567026 -0.05437264
v -0.07532918 -0.00847122 -0.05496835
v 0.04700012 0.02019658 0.02601597
v 0.04626562 0.01844207 0.02629979
v 0.04409403 0.02267198 0.02915105
v -0.06569528 -0.00927504 -0.05360482
v -0.06600506 -0.00812885 -0.05338844
v -0.06666641 -0.00839624 -0.05432610
v -0.06662622 -0.00929290 -0.05478071
v 0.04412973 0.02391850 0.02878411
v 0.04516916 0.02588161 0.02939551
v -0.06997041 -0.01446560 -0.05582239
v -0.07219039 -0.01518253 -0.05474713
v -0.07115830 -0.01659302 -0.05322764
v -0.06932737 -0.01570703 -0.05503726
v 0.04611783 0.02636668 0.02919606
v 0.04451770 0.02545195 0.02965869
v 0.04401119 0.02675114 0.03105757
v 0.04439208 0.02718733 0.03090578
v -0.06525873 -0.01184011 -0.05413522
v -0.06548393 -0.01045318 -0.05382146
v -0.06629336 -0.01089189 -0.05523952
v -0.06592623 -0.01234709 -0.05590505
v 0.04524415 0.02759684 0.03070543
v 0.04353490 0.02819208 0.03224271
v -0.08364102 0.01573920 -0.05754467
v -0.08522383 0.01564507 -0.05947724
v 0.04450586 0.02825670 0.03263023
v 0.04325230 0.02785057 0.03264491
v 0.04402549 0.02519696 0.02957997
v -0.09102144 0.00775276 -0.06610848
v -0.09128112 0.00586332 -0.06707108
v -0.08817285 0.01278984 -0.06514300
v -0.08870041 0.01103967 -0.06632167
v 0.04352779 0.02633787 0.03074472
v 0.04276470 0.02750353 0.03222139
v 0.04165066 0.02813454 0.03414864
v -0.07462448 -0.01350611 -0.04471623
v -0.07574019 -0.01338506 -0.04634073
v -0.07544755 -0.01491311 -0.04627530
v -0.09208832 0.01015286 -0.06567347
v -0.09119683 0.01316079 -0.06765928
v -0.07502744 -0.03022614 -0.04000108
v -0.07390675 -0.03195425 -0.03853890
v -0.04758693 -0.10338894 -0.02523032
v -0.05763288 -0.09789158 -0.03715645
v -0.05765208 -0.10888413 -0.03692717
v -0.04717529 -0.11450734 -0.02510970
v -0.08249217 0.01302864 -0.04947787
v -0.08088879 0.01585394 -0.04916995
v 0.03992815 0.02949028 0.03640151
v 0.03891256 0.02913043 0.03445327
v 0.03719385 0.03124849 0.03832535
v -0.06530827 -0.01375306 -0.05455728
v -0.06532101 -0.01392941 -0.05459613
v -0.06790889 -0.01562233 -0.05431111
v -0.06983416 -0.00989037 -0.05169201
v -0.06634545 -0.00950736 -0.05290871
v 0.03613247 0.03017061 0.03617863
v 0.03292298 0.03161553 0.03833595
v 0.03923799 0.03103028 0.03773969
v 0.03553436 0.03012133 0.03438088
v 0.03343804 0.02739731 0.03022789
v 0.03166881 0.02736057 0.03104724
v 0.03213331 0.02969464 0.03582374
v -0.07057938 -0.01300741 -0.05562863
v 0.02098840 0.02600293 0.03583390
v 0.02173804 0.02739290 0.03652361
v -0.07005446 -0.00785478 -0.05388146
v -0.06978557 -0.00679562 -0.05274773
v -0.07104268 -0.01910333 -0.04993394
v -0.07229050 -0.02005656 -0.05167859
v -0.07384153 -0.02043383 -0.04848281
v -0.06624727 -0.01430310 -0.05606361
v -0.07718520 0.00250635 -0.05632538
v 0.02692092 0.02613665 0.03107520
v 0.02660627 0.02552681 0.03080461
v 0.01980047 0.02627853 0.03603877
v 0.02102183 0.02777274 0.03696492
v -0.07339000 -0.01266185 -0.05531475
v -0.07468898 -0.01477026 -0.05713672
v -0.07388458 -0.01638926 -0.05614363
v -0.07276418 -0.01433715 -0.05522818
v -0.08077972 -0.02420398 -0.05547882
v -0.08099268 -0.02251847 -0.05533576
v -0.07310154 -0.01880067 -0.05848863
v -0.07650194 -0.01918301 -0.05634001
v -0.07793278 -0.00290121 -0.05454963
v -0.07902261 -0.00019526 -0.05233373
v -0.07526235 -0.00597882 -0.05217963
v -0.07342149 -0.01041852 -0.05454152
v -0.07532635 -0.01272287 -0.05674648
v -0.06995443 -0.00881917 -0.05194736
v -0.07306718 -0.00838587 -0.05058008
v -0.07284797 -0.00737193 -0.05089283
v -0.06994741 -0.00788431 -0.05223991
v -0.08172937 0.00731583 -0.05792871
v -0.07930323 0.01408889 -0.04740556
v -0.08102294 0.01076646 -0.04862433
v -0.07960868 0.02533487 -0.07110430
v -0.07772449 0.01718985 -0.07610801
v -0.07831626 0.01691123 -0.06360611
v -0.07128467 -0.01137181 -0.05535279
v -0.06621941 -0.00767110 -0.05350421
v -0.06689116 -0.00823739 -0.05329705
v -0.08598049 -0.01988556 -0.06320108
v -0.07457418 -0.02114866 -0.04781406
v -0.07660598 0.00149918 -0.05177746
v -0.08478722 -0.01132797 -0.07038800
v -0.08388159 -0.01668729 -0.06842747
v -0.07621127 0.00282191 -0.05186507
v -0.07636362 0.00382471 -0.05193089
v -0.07319377 -0.02005364 -0.05259567
v -0.07477270 -0.01973154 -0.04994049
v -0.07663932 0.00403844 -0.05169007
v -0.07599265 -0.01387176 -0.04768267
v -0.08572902 0.00736425 -0.06212660
v 0.02563058 0.02931616 0.03680671
v 0.02841806 0.02705584 0.03135825
v -0.07702899 -0.03108561 -0.05657379
v -0.07528550 -0.03244000 -0.05355065
v 0.02746948 0.02666475 0.03127583
v -0.06677273 -0.00854579 -0.05281315
v 0.02373788 0.02843426 0.03654084
v -0.06989297 -0.01648675 -0.05264581
v -0.07037965 -0.00949431 -0.05430875
v 0.02501045 0.03040922 0.03870957
v 0.02252606 0.02905745 0.03771106
v 0.03247579 0.03090265 0.03746298
v -0.07504386 -0.01033021 -0.04971373
v -0.07463774 -0.01241771 -0.04936584
v -0.07618315 -0.01170451 -0.04760178
v 0.02109707 0.07152677 -0.14430429
v 0.02065269 0.05566831 -0.14808202
v -0.07766357 -0.01856969 -0.05771563
v -0.07402382 -0.01678180 -0.06028817
v -0.07569509 -0.01582543 -0.06179968
v -0.07971747 -0.01737299 -0.05858721
v -0.08255248 -0.02165296 -0.06616049
v -0.08090591 -0.02601603 -0.06282007
v -0.08289807 -0.02744110 -0.06261140
v -0.08532082 -0.02278866 -0.06607098
v 0.04028822 0.05751350 -0.13915166
v 0.04020527 0.07129753 -0.13606733
v -0.08037766 0.04170441 -0.07924467
v -0.07995169 0.03102361 -0.06431574
v -0.08068549 0.04802971 -0.06795304
v -0.08358790 0.01621753 -0.06435425
v -0.08332165 0.01414548 -0.06588797
v -0.08864367 0.01486136 -0.06840596
v -0.07824941 0.02091811 -0.05097972
v -0.07887646 0.01818772 -0.05445602
v -0.08108409 0.01805381 -0.05309723
v -0.08857214 -0.00684266 -0.07253139
v 0.03847431 0.02935213 0.03299388
v 0.03462857 0.02707820 0.02944087
v 0.05013957 0.07235885 -0.12838839
v 0.04923828 0.08104591 -0.12529747
v 0.04057155 0.08305354 -0.13071117
v 0.03662186 -0.06449241 -0.10075425
v 0.02675200 -0.07606431 -0.10743710
v -0.07652315 0.00305989 -0.04618303
v -0.07862867 0.00315422 -0.04821754
v 0.01768019 0.02647198 0.03712505
v -0.07885109 -0.01988551 -0.06484556
v 0.01933434 0.02834344 0.03767037
v -0.08099464 -0.01937051 -0.05564492
v -0.08337405 -0.01845923 -0.05728148
v -0.08902099 0.01595658 -0.05814738
v -0.08668172 0.01391732 -0.05640965
v 0.01669402 0.02490204 0.03678956
v 0.01644461 0.02468132 0.03682450
v 0.01707594 0.02665211 0.03672547
v 0.01855217 0.02860612 0.03733052
v 0.02136116 0.02989637 0.03829709
v 0.02099984 0.03046898 0.03851111
v 0.02471922 0.03225956 0.03969064
v 0.02465032 0.03129074 0.03993526
v 0.03256987 0.03246713 0.03936226
v 0.03287482 0.03351403 0.03925731
v 0.02418407 0.03277598 0.03879775
v 0.02058129 0.03052915 0.03760597
v 0.02389755 0.03335021 0.03690263
v 0.02106937 0.03112359 0.03558322
v 0.03327137 0.03390912 0.03684609
v 0.03295091 0.03363153 0.03872525
v 0.01975566 0.02199134 0.03685466
v 0.01767248 0.02237214 0.03671421
v 0.02009048 0.02223342 0.03690512
v 0.01745926 0.02257432 0.03678115
v 0.02141420 0.02247879 0.03602852
v 0.01686920 0.02313494 0.03668170
v 0.01661364 0.02299981 0.03658263
v -0.01356479 -0.11843487 0.00599056
v -0.01255901 -0.12539700 0.00298604
v 0.02191293 0.02236469 0.03598380
v 0.01659422 0.02679965 0.03626876
v 0.01550261 0.02442222 0.03648736
v 0.01621210 0.02706357 0.03456460
v 0.01557083 0.02470034 0.03569383
v 0.01851158 0.02940412 0.03399932
v 0.01805889 0.02854646 0.03611082
v 0.01575639 0.02290624 0.03641421
v 0.01636334 0.02232061 0.03658155
v 0.01556093 0.02309885 0.03591898
v 0.01619490 0.02216498 0.03622191
v 0.02198471 0.01902173 0.03773573
v 0.02198484 0.01815205 0.03722479
v 0.01905924 0.02067694 0.03730866
v 0.01898309 0.02010764 0.03669339
v 0.03027871 0.01528695 0.03704075
v 0.03394613 0.01501188 0.03624106
v 0.03022433 0.01429199 0.03642810
v -0.00862622 -0.00530547 0.05906054
v -0.00975897 -0.00536433 0.05769891
v -0.00810761 -0.00387246 0.05679083
v -0.00771759 -0.00393191 0.05738473
v 0.03383878 0.01381992 0.03550296
v 0.02565437 0.01528324 0.03681219
v 0.02559592 0.01586148 0.03718077
v 0.03159458 -0.12139164 -0.01579245
v 0.04533887 0.01538779 0.02733941
v 0.04631939 0.01367441 0.02640024
v 0.04475749 0.01332944 0.02843229
v 0.04414462 0.01526578 0.02923989
v 0.04256167 0.01523548 0.03111548
v -0.00972654 -0.01377420 0.05833375
v -0.00904530 -0.01241659 0.05770023
v -0.01026946 -0.01238214 0.05649501
v -0.01139850 -0.01358522 0.05732768
v 0.04274591 0.01336465 0.03060205
v 0.04027194 0.01337629 0.03256326
v 0.04007225 0.01518191 0.03289476
v 0.03782691 0.01492568 0.03451698
v 0.03753196 0.01329868 0.03406301
v 0.04864473 0.01853885 0.02437118
v 0.04957997 0.02181991 0.02422771
v 0.05006843 0.01715078 0.02243984
v 0.05174524 0.02059480 0.02175393
v 0.01532221 0.02767965 0.03518855
v -0.00680519 -0.00385403 0.05698785
v -0.00572812 -0.00576882 0.05969680
v -0.00678834 -0.00550570 0.06032694
v -0.00712469 -0.00395253 0.05723024
v 0.01524277 0.02505931 0.03504274
v 0.01394012 0.02763674 0.03579187
v 0.01428482 0.02497662 0.03586901
v 0.01488255 0.02990770 0.03647794
v 0.01650918 0.03030267 0.03500281
v 0.01548994 0.02329176 0.03572626
v 0.01608368 0.02206138 0.03575145
v 0.01518124 0.02335114 0.03615878
v 0.01578909 0.02165019 0.03569250
v 0.02199062 0.01776014 0.03696271
v 0.02216949 0.01717652 0.03630677
v 0.01890884 0.01968329 0.03664026
v 0.01865218 0.01904372 0.03647748
v 0.04845573 -0.01314957 -0.11706969
v 0.05251091 0.02956421 -0.12860951
v 0.04480064 0.03253522 0.03489476
v 0.04324724 0.03085077 0.03627499
v 0.03993136 0.03236214 0.03834166
v 0.04002922 0.03439798 0.03752588
v 0.04820585 0.03543557 0.03339068
v 0.05117473 0.03241948 0.02986457
v 0.04796044 0.03023247 0.03178458
v 0.04589654 0.02942948 0.03371462
v 0.05024547 0.02432734 0.02498939
v 0.04859778 0.02514321 0.02729109
v 0.04832029 0.02659054 0.02858830
v 0.05005150 0.02645509 0.02669938
v 0.05262367 0.02382655 0.02274561
v 0.05260756 0.02683135 0.02471432
v 0.04913114 0.02841296 0.02909302
v 0.04727077 0.02794714 0.03084700
v 0.05256680 0.02938558 0.02740858
v 0.02182346 0.03360875 0.03888683
v 0.02267975 0.03307564 0.03740817
v 0.02023008 0.03194735 0.03531886
v 0.01878169 0.03149018 0.03663322
v 0.02038665 0.03453902 0.03976808
v 0.01633240 0.03225948 0.03719311
v 0.03361788 0.03539028 0.04077469
v 0.03361196 0.03334755 0.04028208
v 0.02363426 0.03341727 0.03543816
v 0.02161348 0.03186559 0.03558262
v 0.02345108 0.03285591 0.03554387
v 0.02151602 0.03166871 0.03522755
v 0.05785213 0.09179471 -0.10768005
v 0.05989643 0.09752405 -0.09538382
v 0.04346942 0.10852332 -0.10139013
v 0.04272703 0.10129654 -0.11353268
v 0.04040116 0.03050607 0.03572471
v 0.04115318 0.03003316 0.03578228
v 0.04340855 0.02898526 0.03432746
v 0.04299876 0.02931121 0.03429782
v 0.04511458 0.02825865 0.03258494
v 0.04536096 0.02793944 0.03252069
v 0.04632185 0.02700379 0.03066266
v 0.04600963 0.02749657 0.03089167
v 0.04647560 0.02668818 0.02942878
v 0.04697395 0.02606172 0.02907033
v 0.02138593 0.03183068 0.03530071
v 0.02327766 0.03259063 0.03612001
v 0.05160601 0.06029894 -0.12994587
v 0.04266586 0.07026919 0.02042171
v 0.04982053 0.06698158 0.01463468
v 0.04720658 0.06009158 0.02066995
v 0.04175084 0.02990093 0.03661752
v 0.04408045 0.02884007 0.03456757
v 0.04592451 0.02785964 0.03210310
v 0.04704932 0.02673087 0.03003016
v 0.04764118 0.02590941 0.02888696
v 0.07249188 -0.01574108 -0.04009615
v 0.07272046 -0.01555481 -0.04172580
v 0.07949110 -0.00583366 -0.06685854
v 0.07743141 0.00047855 -0.06582401
v 0.07608879 0.00391611 -0.06429465
v 0.08072874 0.01215625 -0.05110249
v 0.08277490 0.01534294 -0.05390183
v 0.08395053 -0.02349997 -0.05934338
v 0.08054308 -0.02565475 -0.05574226
v -0.08922038 0.01901443 -0.05873101
v 0.08369278 -0.02260696 -0.06002140
v 0.08917871 0.01120431 -0.06265982
v 0.08956449 0.00960352 -0.06398040
v 0.09044260 0.00917630 -0.06356081
v 0.04153766 -0.03504497 -0.10795943
v 0.04606037 -0.02217666 -0.11368752
v 0.08979443 0.00788820 -0.06531262
v 0.07415642 -0.01076697 -0.04417176
v 0.08064456 -0.00610361 -0.06703991
v 0.08233904 -0.00644000 -0.06862886
v 0.08340838 -0.01133466 -0.06860708
v 0.08255770 -0.01097443 -0.06811076
v 0.08274306 -0.01646804 -0.06678379
v 0.08196126 -0.01578504 -0.06641491
v 0.08523496 -0.01968139 -0.06267043
v 0.08551453 -0.01527568 -0.06549055
v 0.08378916 0.01571507 -0.05527437
v 0.08376604 0.01502677 -0.05452066
v 0.08443975 0.01569052 -0.05561429
v 0.07508819 -0.01190457 -0.04551602
v 0.07888624 0.00981879 -0.05125858
v 0.07862532 0.00814589 -0.04945823
v 0.07830853 0.00857207 -0.04996396
v 0.07310862 -0.00698094 -0.04936535
v 0.07283885 -0.00614479 -0.04959216
v 0.07434154 -0.00845839 -0.04909153
v 0.07599244 -0.00973487 -0.04693533
v 0.07070608 -0.01723417 -0.04909672
v 0.07048614 -0.01792908 -0.05047097
v 0.07008491 -0.01862947 -0.04977901
v 0.08659517 0.02115456 -0.05812549
v 0.07870467 0.00718928 -0.04906541
v 0.07997434 0.00819108 -0.04940732
v 0.08065089 0.00930687 -0.04970417
v 0.08524978 0.01492355 -0.05563693
v 0.08120175 0.01014711 -0.04987472
v 0.08010901 0.01028059 -0.05014031
v 0.08152488 0.01184907 -0.05089469
v 0.07940259 0.01036244 -0.05055298
v 0.07554542 -0.01429055 -0.06233845
v 0.07445077 -0.01437970 -0.06030290
v 0.07398686 0.00471717 -0.04064405
v 0.07457025 0.00276408 -0.04253077
v 0.07958686 -0.02648482 -0.05346958
v 0.07635579 0.00968351 -0.05897528
v 0.07750508 0.01299457 -0.06067545
v 0.08708888 -0.01115463 -0.06684504
v 0.07999794 -0.01764903 -0.05720425
v 0.07786112 -0.01875718 -0.05601663
v 0.08226182 -0.01619613 -0.05859574
v 0.08433529 -0.01359756 -0.06011618
v 0.07517575 0.00136913 -0.05361021
v 0.08450244 0.00591605 -0.05895740
v 0.08474419 0.00374008 -0.06009368
v 0.08313790 0.00606233 -0.05775315
v 0.07838771 0.01663582 -0.05905080
v 0.07857240 0.01649851 -0.05665125
v 0.07575475 0.01284878 -0.05798983
v 0.07837915 0.01462120 -0.05620920
v 0.07247635 -0.01396558 -0.04874270
v 0.07051169 -0.01920131 -0.05213106
v 0.07251099 -0.01798500 -0.05366149
v 0.07165863 -0.01971587 -0.05300557
v 0.07309388 -0.01894099 -0.05472782
v 0.07324785 -0.01774481 -0.05615420
v 0.07350931 -0.01608439 -0.05739859
v 0.07448677 -0.01407223 -0.05770461
v 0.07200609 -0.00985728 -0.04930162
v 0.07784662 0.01748540 -0.04791240
v 0.07161232 -0.01166633 -0.04932071
v 0.07343127 -0.00827495 -0.04916956
v 0.07339461 -0.00999748 -0.04884934
v 0.07294820 -0.01190161 -0.04860917
v 0.07619021 -0.02179570 -0.04993480
v 0.07630405 -0.02024091 -0.05243768
v 0.07546456 -0.02122954 -0.04931796
v 0.07670375 -0.01970792 -0.05462531
v 0.07451507 -0.02081528 -0.04906410
v 0.07784206 0.01078066 -0.05828459
v 0.07855366 0.01404834 -0.05796761
v 0.07225315 -0.01235054 -0.03854853
v 0.06397037 -0.00517228 0.01071970
v 0.06558309 0.00505607 0.00546199
v 0.02567020 -0.05945302 0.02994665
v 0.02521897 -0.06253920 0.03004053
v 0.05546803 -0.01661841 0.02396715
v 0.05078554 -0.01986430 0.02826423
v 0.02506139 -0.05421698 0.04158503
v 0.02344603 -0.05526727 0.04136166
v 0.02267909 -0.05459747 0.04160696
v 0.02406528 -0.05408446 0.04145155
v 0.02246228 -0.05409511 0.04031890
v 0.02299920 -0.05437804 0.03972230
v 0.02296258 -0.05433518 0.04089487
v 0.02272486 -0.05417259 0.04146687
v 0.02951592 -0.03447267 0.04592498
v 0.03177228 -0.02941044 0.04289842
v 0.03468766 -0.03572296 0.04180045
v 0.03220915 -0.04025767 0.04406009
v 0.02413002 -0.05601491 0.03261286
v 0.02438611 -0.05412295 0.03335107
v 0.02379741 -0.05353000 0.03630835
v 0.02369332 -0.05475562 0.03567173
v 0.02350250 -0.05723404 0.03243553
v 0.02288134 -0.05533155 0.03551155
v 0.02578447 -0.05752907 0.03008489
v 0.02594278 -0.05470242 0.03054257
v 0.03478159 -0.06265971 0.03798214
v 0.03107981 -0.06003773 0.03958791
v 0.03243514 -0.05631470 0.04071911
v 0.03629948 -0.05757196 0.03922433
v 0.02554939 -0.01820162 0.04382836
v 0.02900391 -0.02341509 0.04355631
v 0.02666285 -0.02906116 0.04566893
v 0.02322934 -0.02189647 0.04578887
v 0.01976483 -0.01557961 0.04653142
v 0.02193403 -0.01228863 0.04433845
v 0.01917971 -0.00516175 0.05039448
v 0.02046481 -0.00921320 0.05206037
v 0.02043371 -0.01027416 0.05600921
v 0.02035141 -0.00762040 0.05453647
v 0.01742540 -0.01502230 0.05417315
v 0.02029274 -0.01197999 0.05055761
v 0.01267111 -0.01707961 0.05496442
v -0.01414940 -0.01322656 0.05775534
v -0.01257181 -0.01138442 0.05723988
v -0.01280999 -0.01069504 0.05894988
v -0.01535495 -0.01184204 0.05956063
v 0.01219775 -0.01637178 0.05566306
v 0.01730896 -0.01600874 0.05276710
v -0.00482200 -0.01186966 0.06661239
v -0.00608783 -0.00979838 0.06643181
v -0.00533208 -0.01101588 0.06441575
v -0.00499589 -0.01281587 0.06383543
v 0.01715118 -0.01772676 0.05105845
v 0.01350082 -0.01833135 0.05461008
v 0.01147737 -0.01582097 0.05681665
v 0.01495068 -0.01497951 0.05684444
v -0.00835247 -0.00944314 0.06547514
v -0.01040218 -0.00935693 0.06693739
v -0.01249522 -0.00940244 0.06512015
v -0.01017557 -0.00993580 0.06380120
v -0.00602346 -0.00951220 0.05982348
v -0.00712952 -0.01148198 0.06104735
v -0.00503994 -0.00884001 0.06302751
v -0.01214382 -0.00873532 0.05754940
v -0.01196969 -0.00961874 0.05643605
v -0.00989641 -0.00631770 0.05655916
v -0.01014948 -0.00602699 0.05643739
v 0.01701325 -0.01233518 0.05881949
v 0.00432102 -0.01409081 0.06600389
v 0.00570110 -0.01279289 0.06782068
v 0.01048818 0.01686341 0.04946702
v 0.01332582 0.01371544 0.04686655
v 0.01037011 0.01428935 0.05155615
v 0.01338655 0.01154550 0.04893551
v 0.01578890 -0.00992697 0.06228676
v 0.01836101 -0.00751067 0.06085920
v 0.01268385 -0.00885975 0.06573619
v 0.01389276 -0.00587725 0.06530519
v 0.00408336 0.02943709 0.04787283
v 0.00183176 -0.01772672 0.06148996
v 0.00224121 -0.01854583 0.06092162
v 0.00136770 -0.01588521 0.06342855
v 0.02178892 0.09441037 -0.13141432
v 0.02224246 0.10671005 -0.12025442
v 0.02112022 0.11950505 -0.09752109
v 0.01872690 0.12351857 -0.08532933
v 0.00458417 -0.04395846 0.05859021
v 0.00444224 -0.04008206 0.05955946
v 0.01315636 -0.04895713 0.04146673
v 0.00766713 -0.04935399 0.04284795
v 0.00750405 -0.05083381 0.04614449
v 0.01301959 -0.05055247 0.04475931
v 0.01692756 -0.05010398 0.04292414
v 0.01746430 -0.04900055 0.03958430
v 0.01343937 -0.04746561 0.03907238
v 0.00780544 -0.04761621 0.03995996
v 0.01199377 -0.05210710 0.05064327
v 0.00738530 -0.05250863 0.05302269
v 0.00588298 -0.05132975 0.05502440
v 0.01127869 -0.05078159 0.05258970
v 0.01967324 -0.02298813 0.04955052
v 0.01599837 -0.02211700 0.05320105
v 0.01158638 -0.02181971 0.05721502
v 0.00766791 -0.02173944 0.05962981
v 0.00659199 -0.01908541 0.05940117
v 0.00988727 -0.01862969 0.05736936
v 0.00606032 -0.01782052 0.05934460
v 0.00908199 -0.01734157 0.05731146
v 0.00857892 -0.01650639 0.05761300
v 0.00902735 -0.01617902 0.05780533
v 0.00710608 -0.01606269 0.05929193
v 0.00767030 -0.01556431 0.05907423
v 0.00564362 -0.01682304 0.05950942
v 0.00433635 0.00819000 0.06382508
v 0.00411726 0.01154117 0.06079069
v 0.00940295 -0.03846765 0.05759442
v 0.00465791 -0.03637623 0.06035053
v 0.00447857 -0.02931761 0.06108534
v 0.00904651 -0.03012024 0.05989498
v 0.01397990 -0.03185930 0.05696792
v 0.01429097 -0.04015854 0.05455918
v 0.00276654 -0.01974945 0.06078785
v 0.00876127 -0.04171174 0.05619308
v 0.00908494 -0.04470728 0.05536845
v 0.01393022 -0.04313467 0.05306331
v 0.01420029 -0.04547461 0.05178900
v 0.01911371 -0.04267090 0.05072177
v 0.01993814 -0.03406228 0.05336619
v 0.02596963 -0.03725521 0.04955805
v 0.02349708 -0.04603441 0.04667782
v 0.03208261 -0.05253043 0.04229867
v 0.02676992 -0.05475577 0.04155674
v 0.02686355 -0.05278130 0.04208298
v 0.02662322 -0.05095312 0.04304012
v 0.03165277 -0.04811265 0.04414174
v 0.03568977 -0.05212477 0.04155540
v 0.03467878 -0.04618433 0.04296343
v 0.02974915 -0.04299584 0.04638389
v 0.02581882 -0.04859881 0.04444215
v 0.02534865 -0.05259422 0.04203699
v 0.02432076 -0.05307705 0.04178205
v 0.02509609 -0.05123179 0.04265355
v 0.02408427 -0.05184503 0.04229666
v 0.02434405 -0.04988788 0.04342665
v 0.02354601 -0.05076323 0.04287747
v 0.02224321 -0.04959755 0.04407135
v 0.02264402 -0.04819294 0.04509974
v 0.02278786 -0.05223294 0.04116303
v 0.02216684 -0.05164315 0.04213585
v 0.02224436 -0.05134830 0.04306669
v 0.02289661 -0.05215492 0.04182556
v 0.02308505 -0.05308891 0.04033500
v 0.02296815 -0.05293891 0.04106418
v 0.02348386 -0.05268632 0.03705220
v 0.02318527 -0.05139003 0.03787638
v -0.05064885 -0.08597796 -0.02473053
v -0.05876100 -0.08352071 -0.03834064
v 0.02347232 -0.05388822 0.03961803
v 0.02341341 -0.05406247 0.04061431
v 0.02337904 -0.05368458 0.04139705
v 0.02349346 -0.05249228 0.04182842
v 0.02311905 -0.05140492 0.04227703
v 0.02219648 -0.05049813 0.04340038
v 0.01492645 -0.04779863 0.05078668
v 0.01848645 -0.04709745 0.04816999
v 0.01919345 -0.04888319 0.04714066
v 0.01579923 -0.05068196 0.04970630
v 0.01991566 -0.05044208 0.04624712
v 0.01807129 -0.04780976 0.03692025
v 0.01628091 -0.05166846 0.04792058
v 0.02120360 -0.04984792 0.03681414
v 0.02213914 -0.04906206 0.03429693
v 0.02068723 -0.05042176 0.04006441
v 0.02418452 -0.05290491 0.03445495
v 0.02373163 -0.05140707 0.03478565
v 0.02563160 -0.05260009 0.03134830
v 0.02490337 -0.05080098 0.03226837
v 0.02030552 -0.05084721 0.04484328
v 0.01838009 -0.04525064 0.04920129
v 0.01003207 -0.04775887 0.05430038
v 0.00520035 -0.04768994 0.05682068
v -0.03280305 0.00734920 0.03658657
v -0.03253235 0.00430901 0.03684314
v -0.02842032 0.00588892 0.03766104
v -0.02877695 0.00857045 0.03756524
v 0.00510112 0.00084937 0.07096300
v 0.00493786 0.00498320 0.06723048
v 0.02235170 -0.05426065 0.04139650
v 0.00839285 -0.12999915 0.00021479
v -0.07643279 -0.00963879 -0.04680567
v -0.07563352 -0.00886902 -0.04582290
v -0.08339798 0.01168195 -0.06736655
v 0.02530057 -0.05632901 0.04108291
v 0.02300854 -0.05950897 0.03240930
v 0.02027560 -0.05609167 0.03577721
v 0.03110486 -0.06816610 0.03793376
v 0.02506921 -0.07203718 0.04024980
v 0.02345659 -0.06694332 0.04205976
v 0.02837088 -0.06420290 0.03973572
v 0.01993647 -0.05992695 0.04382170
v 0.02295521 -0.05779725 0.04155045
v -0.08670114 0.01398935 -0.06484482
v 0.02173618 -0.05629415 0.04236747
v 0.01899642 -0.05724796 0.04479797
v 0.01856723 -0.05517626 0.04526794
v 0.02112766 -0.05518153 0.04262390
v 0.01872022 -0.05229880 0.04514618
v 0.01398731 -0.05030376 0.04831913
v 0.01372295 -0.05460285 0.04262311
v 0.01886996 -0.05629236 0.03987224
v 0.02478064 -0.05798470 0.03672320
v 0.02230542 -0.05367230 0.04128108
v -0.08381873 0.01776513 -0.06263979
v -0.08366506 0.01914125 -0.05811237
v -0.08175512 0.01794378 -0.05738791
v -0.08191241 0.01617296 -0.06121867
v 0.01893785 -0.05282142 0.04585387
v 0.02173705 -0.05420295 0.04269366
v 0.01468259 -0.05113750 0.04963393
v 0.01987408 -0.12715229 -0.00705220
v 0.02138056 -0.05452387 0.04278280
v 0.01881791 -0.05353702 0.04544789
v 0.01499246 -0.05235366 0.04991961
v 0.01459770 -0.05432516 0.04946376
v 0.01467455 -0.05688371 0.04937039
v 0.01544203 -0.06086214 0.04873447
v 0.01751164 -0.06957249 0.04618867
v 0.01835462 -0.07537180 0.04478450
v 0.01104651 -0.07096370 0.05046011
v 0.01105397 -0.07643455 0.04940353
v 0.01038315 -0.06059805 0.05330438
v 0.01012581 -0.05609719 0.05402016
v 0.01047388 -0.05300610 0.05427271
v 0.01055725 -0.05083410 0.05390979
v 0.00372571 -0.02202260 0.06045239
v 0.00565268 -0.01588233 0.06072660
v 0.00434010 -0.01498720 0.06317169
v 0.00817172 -0.01110689 0.06845283
v 0.00137838 -0.01469105 0.06591469
v 0.01100997 -0.00923635 0.06755723
v 0.00928114 -0.00989976 0.06918223
v 0.00957858 -0.00789993 0.06960426
v 0.01079470 -0.00705491 0.06826227
v 0.00723683 -0.01022930 0.07047621
v 0.00876979 -0.00827788 0.07087144
v 0.00264263 -0.01087990 0.07246824
v 0.00384348 -0.00785627 0.07400100
v 0.00495131 -0.00278671 0.07333079
v 0.00450362 -0.00601999 0.07432935
v 0.01002189 -0.00635822 0.07004111
v 0.01162088 -0.00442364 0.06823494
v -0.09084701 0.01359301 -0.06278495
v 0.01168665 -0.00138686 0.06579033
v 0.01446090 -0.00323181 0.06273769
v 0.00925459 0.12757234 -0.04269748
v 0.01006888 -0.04956170 0.05301697
v 0.00909643 -0.04883277 0.05112952
v -0.07600276 -0.02251785 -0.04720322
v -0.08342427 0.00343896 -0.05992449
v 0.01345353 -0.06526064 0.03508126
v 0.01384291 -0.06002480 0.03774430
v 0.00830652 -0.05985377 0.03950499
v -0.08316827 0.01957431 -0.05573728
v -0.08627986 0.02075858 -0.05623782
v 0.00821479 -0.06453322 0.03713370
v 0.00500980 -0.04784128 0.05262220
v -0.08851359 -0.00681939 -0.06808501
v -0.09131726 0.01234492 -0.06448715
v -0.08999671 0.01083374 -0.06369715
v -0.08446613 0.01170951 -0.05170785
v -0.07785701 -0.01317318 -0.06271996
v -0.08324561 -0.01295407 -0.05977622
v -0.08175713 -0.01566049 -0.05909947
v -0.07719722 -0.01503232 -0.06235671
v -0.07594759 -0.00108090 -0.05660460
v 0.00459655 -0.05248807 0.04580932
v 0.00872120 -0.05324288 0.04464929
v 0.00536224 -0.04830050 0.05492440
v 0.00575164 -0.04946422 0.05634752
v 0.00589728 -0.05195004 0.05725518
v 0.00407310 -0.05931469 0.04033895
v 0.00383312 -0.06447002 0.03796770
v -0.07256824 -0.01728121 -0.03896372
v 0.02245530 -0.06104219 0.03330306
v -0.08030774 -0.02821645 -0.05249620
v -0.08116136 -0.02715992 -0.05496685
v -0.03154058 -0.03563312 -0.11793863
v -0.03514050 -0.02419261 -0.12426840
v -0.09053947 -0.00708003 -0.07120099
v 0.02300057 -0.06472310 0.03093234
v 0.01880828 -0.06198116 0.03576164
v 0.01850803 -0.06525151 0.03345307
v 0.00490580 -0.07649253 0.05280585
v 0.00478246 -0.07101239 0.05322996
v 0.00586345 -0.05523251 0.05778507
v 0.00518863 -0.06004698 0.05639673
v 0.02213851 0.11434948 -0.10945798
v 0.06074384 0.07347681 -0.00718000
v 0.05897542 0.06665397 -0.00027345
v -0.08401597 0.01623664 -0.05879891
v 0.05223391 0.07367785 0.00651774
v 0.05427716 0.07908256 0.00014262
v 0.06146751 0.08147194 -0.01488869
v 0.05487614 0.08604527 -0.00710942
v 0.03890703 0.12028670 -0.06145756
v 0.03924538 0.11927667 -0.04753985
v 0.02025486 0.12501566 -0.04393100
v 0.03397436 0.12064747 -0.07510586
v 0.04649230 0.11257782 -0.08437563
v 0.04847268 0.11488692 -0.06530541
v 0.04809367 0.11435500 -0.05032386
v -0.07769270 -0.02300738 -0.04811603
v -0.07785303 -0.02831591 -0.04573096
v -0.07656182 -0.02737982 -0.04417927
v -0.08039185 0.00628274 -0.05716302
v 0.02671514 -0.08856459 -0.10822213
v 0.05248130 0.04258942 -0.12953548
v 0.04658382 0.11299029 -0.03685211
v 0.03839849 0.11708681 -0.03414108
v 0.03775437 0.11364719 -0.02219581
v 0.04511320 0.11037353 -0.02552356
v 0.02003613 0.12222726 -0.02988741
v 0.00920832 0.12434898 -0.02818680
v 0.01853982 0.00511929 -0.14406785
v 0.00438868 0.01509958 0.05831450
v 0.04756489 -0.05134796 -0.09181808
v 0.05700086 -0.05179076 -0.07415659
v 0.06015732 -0.10444373 -0.04994678
v 0.07027037 -0.02893215 -0.05531299
v 0.06988838 -0.02820343 -0.05595765
v 0.05913021 -0.06677907 -0.05464669
v 0.06011174 -0.05271690 -0.05621392
v 0.03797387 -0.05038344 -0.10333148
v 0.07878876 -0.01749678 -0.06576392
v 0.07943288 -0.01388796 -0.06692358
v 0.08023130 -0.01832017 -0.06528471
v 0.08080047 -0.01432147 -0.06659831
v 0.08094618 -0.01009188 -0.06723118
v 0.08101140 -0.02003887 -0.06436581
v 0.07846386 0.01665326 -0.05511481
v 0.08032271 0.01808534 -0.05400063
v -0.07796673 -0.01845443 -0.06474014
v -0.07784934 -0.01626893 -0.06596144
v 0.06975693 -0.03041754 -0.05107989
v 0.06960417 -0.02968726 -0.05277964
v -0.06684531 -0.00780282 -0.05406319
v 0.06895991 -0.03005546 -0.05209564
v 0.06880976 -0.03057165 -0.05071758
v 0.06960968 -0.03141763 -0.04947119
v 0.06866481 -0.03121126 -0.04959788
v 0.07761306 0.03382966 -0.04732251
v 0.06742720 -0.03046483 -0.05334504
v 0.06901212 -0.02866942 -0.05567944
v 0.06910968 -0.02914873 -0.05414490
v 0.06857114 -0.02992649 -0.05281383
v 0.06837402 -0.03088732 -0.05082121
v 0.06834932 -0.03190400 -0.04915391
v 0.06885894 -0.03267091 -0.04845738
v -0.08021268 -0.02456678 -0.06240238
v -0.07659183 -0.02959188 -0.05661285
v -0.06084268 -0.08076935 -0.05309633
v -0.05849257 -0.07864506 -0.06843171
v -0.05908863 -0.09035914 -0.06582150
v -0.06137960 -0.09384125 -0.05105899
v -0.07344963 -0.00395462 -0.04016092
v -0.07357703 -0.01094858 -0.04271621
v -0.07342730 -0.01206949 -0.04082425
v 0.08149502 -0.02111362 -0.06460825
v 0.07442202 -0.03169283 -0.05335953
v -0.02694662 -0.10763695 -0.00120989
v -0.02399015 -0.12062830 -0.00379658
v 0.07715368 0.00981423 -0.06036407
v 0.07729245 0.00788973 -0.06199257
v 0.07990436 0.00942422 -0.06312975
v 0.07970737 0.01162968 -0.06176466
v 0.05885649 -0.01246130 -0.10506830
v 0.06112437 -0.00116135 -0.10965385
v 0.01296659 -0.08649331 -0.11274994
v 0.01274598 -0.07318101 -0.11302178
v 0.07574955 0.03157847 -0.09393837
v 0.07716419 0.01140213 -0.05910340
v 0.07979745 0.01339214 -0.06047232
v 0.07978217 -0.00984292 -0.06728214
v 0.07536296 0.01109727 -0.05940152
v 0.07565421 0.00929037 -0.06069813
v 0.08113832 0.01508511 -0.06196789
v 0.08099207 0.01310717 -0.06339351
v 0.08090632 0.01073724 -0.06466688
v 0.07595874 0.00728828 -0.06207547
v -0.07228389 -0.01648602 -0.03549597
v -0.07051028 -0.01658288 -0.02443056
v -0.07287636 -0.00121136 -0.02430236
v -0.07242515 -0.00666285 -0.03480009
v 0.07832973 0.01495293 -0.06079670
v 0.07971605 0.06248944 -0.06998165
v 0.07915995 0.05675744 -0.08382104
v 0.07608841 0.07951709 -0.07308694
v 0.07534419 0.07473486 -0.08811136
v 0.07099698 0.06896267 -0.10380471
v 0.07454504 0.04983203 -0.09961105
v 0.07852598 0.01657925 -0.05546839
v 0.08119208 0.01906188 -0.05430902
v 0.06202188 0.08818573 -0.02223491
v 0.06727320 0.08352826 -0.02930628
v 0.05508460 0.09219757 -0.01379330
v 0.05499157 0.09776076 -0.02002063
v 0.06148703 0.09457140 -0.02877074
v 0.06900147 0.08817670 -0.04074967
v 0.07877930 0.05287227 -0.05565764
v 0.07761978 0.06765949 -0.05608288
v 0.07415100 0.07137413 -0.04275393
v -0.05833073 0.02781548 0.01389117
v -0.05958251 0.02880890 0.00842683
v -0.06096303 0.02042782 0.00851458
v -0.05898174 0.02123346 0.01303713
v 0.07368346 0.08411223 -0.05766596
v 0.06490334 0.09755062 -0.04662110
v 0.06879972 0.09430544 -0.06101175
v 0.05789802 0.10618640 -0.05008822
v 0.06021847 0.10454264 -0.06462343
v 0.06020563 0.10222002 -0.08040803
v 0.07064594 0.09061274 -0.07608536
v 0.05975625 0.10031936 -0.03451863
v 0.05347606 0.10279928 -0.02501917
v 0.05478638 0.10687883 -0.03763637
v 0.05130138 0.10702579 -0.02924028
v 0.07178730 0.07282532 -0.03571034
v 0.06358626 -0.03640916 -0.04945887
v 0.06565085 -0.03718102 -0.04448145
v -0.01944995 0.08392987 0.02752040
v -0.00974702 0.08494992 0.02952912
v -0.00992052 0.09200893 0.02462909
v -0.01987516 0.09096304 0.02237359
v 0.07014286 -0.02672309 -0.03649206
v -0.03700241 -0.01571820 -0.12794112
v -0.03877904 -0.00499078 -0.13202038
v -0.01903693 -0.00788959 -0.13916060
v -0.01798047 -0.01782657 -0.13456437
v 0.06849367 -0.00240053 -0.00215489
v 0.06803340 0.01055908 -0.00433271
v 0.07205085 0.00258216 -0.01493006
v 0.06992622 -0.01343441 -0.01335924
v -0.02043608 0.10868817 0.00234042
v -0.01024751 0.11011916 0.00463177
v -0.01044187 0.11552773 -0.00466280
v -0.02082247 0.11383829 -0.00665014
v -0.05133229 0.00281448 0.02656968
v -0.05362382 -0.00396003 0.02626712
v -0.04970765 -0.00432349 0.02960764
v -0.04784334 0.00254885 0.02933553
v 0.06464967 0.02522557 -0.00606847
v 0.07035188 0.01726021 -0.01653352
v 0.07048756 0.03231896 -0.01803694
v 0.06605963 0.03928609 -0.00607321
v 0.06232196 0.06368166 -0.11874734
v 0.06459972 0.04662149 -0.11714634
v -0.07768464 -0.03249361 -0.04237052
v -0.07673701 -0.03137456 -0.04122579
v 0.06510546 0.03348190 -0.11579824
v 0.04454256 0.05305123 0.02532317
v -0.01067072 0.12028227 -0.01571264
v -0.02131896 0.11840583 -0.01734715
v 0.02151188 0.08538151 -0.13779230
v 0.04459434 0.07759535 0.01331806
v 0.05438246 0.08445975 -0.11847491
v -0.00050933 -0.07162747 -0.11453927
v 0.04130609 0.09063257 -0.12478658
v 0.07008985 0.08609096 -0.09096733
v 0.06704427 0.08110943 -0.10417958
v 0.05916406 0.07490937 -0.11886574
v 0.06415107 0.01684185 -0.11435504
v 0.04553431 0.10608104 -0.01840052
v 0.05538710 0.02297959 0.01978548
v 0.05441209 0.01887609 0.01852315
v 0.05598665 0.02749358 0.02188998
v 0.05255676 0.01429222 0.02041031
v 0.01666030 0.01055515 0.04454539
v 0.01670768 0.00888248 0.04672528
v 0.01640345 0.00632971 0.04859814
v 0.01972575 0.00599748 0.04441509
v 0.01927665 0.00313303 0.04622804
v 0.01253158 0.00621854 0.05338056
v 0.01321689 0.00893599 0.05112138
v 0.01526993 0.00376602 0.04999542
v 0.01514650 0.00090817 0.05165425
v 0.01248774 0.00331733 0.05567450
v 0.02008059 -0.01233005 0.04793003
v 0.02000365 -0.00748699 0.04564027
v 0.01763210 -0.00261213 0.04803026
v 0.02230679 -0.00033166 0.04425488
v 0.02118259 -0.00357678 0.04508392
v 0.01804346 0.00037713 0.04711975
v 0.02318138 0.00292702 0.04226155
v 0.01712118 -0.00203614 0.05447717
v 0.01872287 -0.00543301 0.05823653
v 0.01341248 0.00004207 0.05915913
v 0.01122336 0.00169363 0.06230579
v 0.01071453 0.00523317 0.05901260
v 0.01990429 0.00790521 0.04234960
v 0.02403013 0.00521499 0.04042530
v 0.02439366 -0.00808041 0.04406175
v 0.02865223 -0.01294596 0.04306267
v 0.02615983 -0.00382761 0.04281716
v 0.03008583 -0.00801557 0.04117099
v 0.02694347 -0.00038951 0.04065250
v 0.03102751 -0.00409150 0.03926381
v 0.03213621 -0.01867063 0.04213563
v 0.03540616 -0.02407481 0.04087972
v 0.03823212 -0.03149221 0.03925379
v 0.03807892 -0.01895828 0.03878874
v 0.04170111 -0.02592122 0.03655657
v 0.03990725 -0.01326484 0.03652294
v 0.04395032 -0.02031136 0.03430755
v -0.01304194 0.01647945 0.04476621
v -0.01324699 0.01856781 0.04207962
v -0.01645847 0.01496459 0.04058005
v -0.01614314 0.01277965 0.04259545
v -0.00754211 0.05886499 0.04206334
v -0.00823632 0.06637494 0.03767120
v -0.01704658 0.06578568 0.03629743
v -0.01563939 0.05870391 0.04112992
v 0.03440663 -0.01291118 0.03984640
v 0.03570418 -0.00851997 0.03790611
v 0.03190314 -0.00038931 0.03715711
v 0.02792897 0.00254249 0.03848733
v 0.04048565 -0.00076344 0.03369658
v 0.04055166 -0.00711407 0.03496406
v 0.03629144 -0.00365561 0.03600541
v 0.03650192 0.00166121 0.03490984
v 0.04552535 -0.01216115 0.03272839
v 0.04500145 -0.00328496 0.03197270
v 0.04387015 0.00251391 0.03105684
v 0.02983581 0.01234218 0.03696340
v 0.02538498 0.01342633 0.03733287
v 0.03345434 0.01155790 0.03600877
v 0.03992258 0.00417764 0.03295052
v 0.03679066 0.00577618 0.03481196
v 0.04796512 0.01018525 0.02611510
v 0.04561271 0.00973495 0.02821808
v 0.04009142 0.01032984 0.03283521
v 0.03718689 0.01090639 0.03472590
v 0.04307609 0.01007772 0.03076602
v 0.02160985 0.01524597 0.03735042
v 0.01774510 0.01738856 0.03740348
v 0.05585745 -0.06499004 -0.07130213
v 0.00997076 0.00830019 0.05637544
v 0.01004283 0.01131179 0.05381435
v 0.01365684 0.03258851 0.03858359
v 0.01216411 0.03011764 0.03801962
v 0.00655401 0.02950536 0.04453851
v 0.01703808 0.03509695 0.04144978
v 0.01498081 0.02015651 0.03761128
v -0.02031034 0.01221998 0.03940963
v -0.01982372 0.01021418 0.04047012
v 0.01345906 0.02274277 0.03796947
v 0.01243629 0.02462480 0.03783397
v 0.01183010 0.02742236 0.03790706
v -0.01002022 0.09856123 0.01868507
v -0.02013273 0.09740695 0.01630032
v -0.02104579 0.12600124 -0.06593283
v -0.02139593 0.12587489 -0.05777937
v -0.01041467 0.12861261 -0.05813836
v -0.01155642 0.12814595 -0.07038474
v 0.02661788 0.04568863 0.04280012
v 0.02381181 0.03938173 0.04557223
v 0.05596673 0.05985984 0.00858129
v 0.06016964 0.05175103 0.00493616
v 0.04835840 0.03927938 0.02980757
v 0.05180272 0.03574479 0.02676015
v 0.05546394 0.03182671 0.02410784
v 0.06215786 0.04041062 0.00243201
v 0.06202658 0.02804806 0.00200672
v 0.06438830 0.01627318 0.00313729
v -0.07023197 -0.00174625 -0.09295648
v -0.07326013 -0.00326474 -0.07767101
v -0.07595734 0.00870319 -0.07878384
v -0.07405810 0.01493453 -0.09508693
v 0.04658737 0.08979066 0.00082945
v -0.03716596 -0.09969325 -0.01225263
v -0.03496798 -0.11279816 -0.01420827
v -0.00051618 -0.08548773 -0.11401031
v 0.04651154 0.09578300 -0.00547803
v 0.04612469 0.08342470 0.00739990
v 0.03734558 0.10917483 -0.01327788
v 0.03735689 0.10436549 -0.00543766
v 0.04620716 0.10124265 -0.01180776
v 0.03778350 0.09887462 0.00123675
v 0.03813647 0.09293146 0.00742447
v 0.03767785 0.08667985 0.01396141
v 0.03651097 0.08055913 0.01964577
v 0.03490463 0.07216704 0.02572516
v 0.04679058 -0.06425583 -0.08944891
v 0.00765333 -0.00545382 0.05588232
v 0.00731588 -0.00547751 0.05633248
v -0.04982843 0.04618911 0.02095663
v -0.05252207 0.05260020 0.01585579
v -0.05581784 0.04556566 0.01256604
v -0.05369166 0.04080700 0.01801113
v 0.00752962 -0.00537321 0.05565473
v 0.00700484 -0.00542807 0.05617758
v 0.00737225 -0.00569204 0.05619358
v 0.00731680 -0.01389796 0.05840262
v 0.00629738 -0.01179013 0.05745627
v 0.00671419 -0.00812450 0.05702405
v 0.06943058 -0.03331165 -0.03880080
v -0.00589848 0.04664085 0.04778539
v -0.01257287 0.04634725 0.04760206
v -0.01074302 0.04009226 0.04765652
v -0.00516871 0.04092265 0.04774548
v -0.05892907 0.01502985 0.01347776
v -0.06170744 0.01216757 0.01039766
v -0.06027820 0.00436486 0.01496942
v -0.05745316 0.00840449 0.01741016
v -0.05383387 0.00397596 0.02340765
v -0.05645279 -0.00216569 0.02303328
v -0.01837313 0.07440542 0.03312815
v -0.00901178 0.07522355 0.03466902
v -0.05777232 0.03745658 0.00980271
v -0.05665411 0.03435199 0.01566392
v -0.01028820 0.01909449 0.04685960
v -0.01120016 0.02101205 0.04375960
v -0.00812979 0.02388659 0.04523062
v -0.00420746 0.02359238 0.05101370
v -0.00396179 0.02700138 0.04903201
v -0.00684729 0.02704535 0.04521412
v -0.03158172 0.05629973 0.03466665
v -0.03297170 0.06355190 0.02981297
v -0.04025947 0.06172813 0.02436918
v -0.03859674 0.05450537 0.02976541
v -0.02027856 0.10318094 0.00979418
v -0.01010990 0.10444652 0.01217079
v -0.00393470 0.03512141 0.04674754
v -0.00810329 0.03497277 0.04499386
v -0.00712788 0.03230940 0.04424061
v -0.00386985 0.03220658 0.04685080
v -0.02393503 0.00776356 0.03871391
v -0.02444899 0.01012296 0.03833411
v -0.06713860 -0.03153068 -0.04857262
v -0.06917389 -0.03280710 -0.04718659
v -0.07364319 0.01405944 -0.03703915
v -0.07272038 0.00370601 -0.03551057
v -0.07248953 0.01153820 -0.02488192
v -0.07203051 0.02400837 -0.02689937
v -0.07406353 0.03625261 -0.03022851
v -0.07526126 0.04431907 -0.03498425
v -0.07687904 0.02841017 -0.04250937
v -0.07523882 0.02275116 -0.03908252
v -0.05408410 -0.08781902 -0.07919095
v -0.05153531 -0.07697709 -0.08292434
v -0.00414296 0.02076436 0.05351684
v -0.00402651 0.01800087 0.05606433
v -0.02097569 0.03523489 -0.14852849
v -0.02050111 0.02134297 -0.14726569
v -0.04091463 0.02540677 -0.13874227
v -0.04111280 0.03865768 -0.13956405
v -0.06720592 -0.01240347 -0.08952180
v -0.07071459 -0.01194406 -0.07527917
v -0.01115222 -0.00791781 0.05941254
v -0.00802791 -0.00366624 0.05615793
v -0.00883962 -0.00653103 0.05700725
v -0.00806672 -0.00378551 0.05619692
v -0.01198826 -0.01030333 0.06159722
v -0.01455029 -0.01011125 0.06276152
v -0.00944896 -0.01059778 0.05607933
v -0.00845573 -0.01057532 0.05674703
v -0.00810945 -0.00630894 0.05731849
v -0.00830609 -0.00369389 0.05621859
v -0.00197150 -0.01316274 0.06874976
v -0.00270929 -0.01170618 0.07145521
v -0.00671783 -0.01043863 0.07020569
v -0.00506021 -0.01206565 0.06852218
v -0.00704397 -0.00370652 0.05702210
v -0.00621839 -0.00624818 0.05845948
v -0.00566210 -0.00794790 0.06434406
v -0.00760398 -0.00539937 0.06000313
v -0.00739571 -0.00392434 0.05736291
v -0.00775295 -0.00762939 0.06327176
v -0.00684287 -0.01335642 0.06122341
v -0.00938347 -0.00776424 0.06164309
v -0.07929987 -0.02024658 -0.05455957
v -0.06064752 -0.06545858 -0.03413906
v -0.06370153 -0.05083355 -0.04199833
v -0.06254400 -0.05197699 -0.04780691
v -0.06090865 -0.06737567 -0.04313098
v -0.08177343 0.00579290 -0.05830189
v -0.06477195 0.05476318 -0.00556985
v -0.06678160 0.06666040 -0.01428382
v -0.07224292 0.05566688 -0.02593845
v -0.07152274 0.04532676 -0.02152775
v -0.06756757 0.07661897 -0.02182039
v -0.07282342 0.06646843 -0.03265359
v -0.07622059 0.05484107 -0.04241246
v -0.07893360 0.03448335 -0.05612147
v -0.04071668 0.02101464 0.03251607
v -0.04072353 0.02091883 0.03247726
v -0.03896936 0.02065694 0.03380986
v -0.03907211 0.02063164 0.03394336
v -0.04042572 0.02090782 0.03195820
v -0.03861796 0.02046071 0.03287875
v -0.04137721 0.02143268 0.03096510
v -0.04180238 0.02130531 0.03141848
v -0.04187038 0.02114649 0.03133523
v -0.02219865 0.02242064 0.03631323
v -0.02282660 0.02257719 0.03566577
v -0.02550497 0.02134090 0.03553213
v -0.02496158 0.02150684 0.03698575
v -0.02176205 0.02221266 0.03654702
v -0.02452548 0.02132905 0.03705890
v -0.02679264 0.02442268 0.02954620
v -0.02635462 0.02480406 0.02962914
v -0.02742560 0.02402788 0.02950629
v -0.01985699 0.02445249 0.03465857
v -0.01964357 0.02570176 0.03458793
v -0.02576180 0.02596875 0.02973673
v -0.02601339 0.02517949 0.02965463
v -0.02017685 0.02383567 0.03487636
v -0.01866365 0.02404337 0.03436270
v -0.01757474 0.02445880 0.03380335
v -0.01736171 0.02632841 0.03386415
v -0.02935524 0.02032059 0.03703171
v -0.02922870 0.01964278 0.03703809
v -0.02465759 0.01999039 0.03730754
v -0.02454160 0.02078798 0.03727685
v -0.02944508 0.02069715 0.03686314
v -0.03307303 0.02074622 0.03587348
v -0.03275486 0.02042964 0.03608174
v -0.03273709 0.01976116 0.03599599
v -0.02157269 0.02094741 0.03717120
v -0.02166317 0.02179937 0.03692688
v -0.03274946 0.01912410 0.03600446
v -0.02918086 0.01902188 0.03691234
v -0.02466446 0.01935049 0.03728509
v -0.02145341 0.02057597 0.03725632
v -0.01897030 0.02201493 0.03675981
v -0.02007539 0.02207744 0.03675534
v -0.02978615 0.01800279 0.03757757
v -0.03004662 0.01671598 0.03778337
v -0.02519989 0.01675938 0.03832690
v -0.02508341 0.01830245 0.03816497
v -0.03345763 0.01790404 0.03666433
v -0.03374864 0.01642400 0.03682145
v -0.04299224 0.02138942 0.02961063
v -0.04343390 0.02186834 0.02872196
v -0.04343224 0.02137007 0.02878432
v -0.04311196 0.02098258 0.02927868
v -0.04586694 0.01696143 0.02571337
v -0.04661186 0.01820738 0.02442849
v -0.04834516 0.01688728 0.02264365
v -0.04708010 0.01542326 0.02422983
v -0.05628582 0.00594201 0.02040694
v -0.04958060 0.01207735 0.02340544
v -0.05129494 0.01373251 0.02138630
v -0.04251307 0.02120270 0.03044231
v -0.04186180 0.02090308 0.03139150
v -0.04243794 0.02134424 0.03037930
v -0.04284082 0.02167594 0.02945764
v -0.04266582 0.02062983 0.03007922
v -0.04193094 0.02039543 0.03117882
v -0.04073191 0.02076262 0.03254089
v -0.04074817 0.02020941 0.03246546
v -0.03886256 0.01993264 0.03384614
v -0.03873880 0.02056099 0.03393944
v -0.03604311 0.02046212 0.03503468
v -0.03676528 0.02068067 0.03478754
v -0.03624311 0.01978530 0.03490964
v -0.03914154 0.01924948 0.03353424
v -0.03655658 0.01912220 0.03476518
v -0.04083278 0.01953440 0.03201720
v -0.04193490 0.01986868 0.03069339
v -0.04272447 0.02017491 0.02956818
v -0.04338991 0.02048126 0.02878265
v -0.04384203 0.02110729 0.02819296
v -0.04310902 0.01906849 0.02906624
v -0.04381768 0.01779746 0.02827747
v -0.04252381 0.01744935 0.02972886
v -0.04216849 0.01870390 0.03032443
v -0.04397095 0.01955223 0.02811119
v -0.04479058 0.01836500 0.02703368
v -0.04127540 0.01840754 0.03192577
v -0.04139638 0.01722447 0.03150569
v -0.03960584 0.01689158 0.03341632
v -0.03959193 0.01798536 0.03381789
v -0.03652901 0.01783271 0.03531394
v -0.03685142 0.01656844 0.03511223
v -0.03007573 0.02050103 0.03693971
v -0.03017953 0.02045060 0.03537881
v -0.03400136 0.02022171 0.03458023
v -0.03329938 0.02057386 0.03585602
v -0.03700422 0.02050724 0.03492164
v -0.03690483 0.02010411 0.03390959
v -0.03347059 0.01969852 0.03390634
v -0.03183988 0.02291038 0.02919299
v -0.03289951 0.02295666 0.02871092
v -0.03678666 0.01962730 0.03321109
v -0.03004470 0.02010137 0.03463472
v -0.03022131 0.02296869 0.02985128
v -0.02631697 0.02127473 0.03453437
v -0.02849043 0.02354613 0.02959932
v -0.02332598 0.02227260 0.03514000
v -0.03281495 0.03477924 0.03509661
v -0.03253681 0.03365241 0.03653618
v -0.03844861 0.03177132 0.03684048
v -0.03811561 0.03296040 0.03499413
v -0.05162629 -0.00153890 -0.12146270
v -0.05300115 0.01367684 -0.12652043
v -0.04049791 0.00913446 -0.13623437
v -0.03895267 0.03252044 0.03434238
v -0.03941133 0.03216372 0.03467475
v -0.04185770 0.03063886 0.03325352
v -0.04114104 0.03095794 0.03263626
v -0.03913718 0.03251253 0.03500179
v -0.04104652 0.03074684 0.03313174
v -0.03655943 0.03422432 0.03691043
v -0.03663581 0.03412544 0.03627794
v -0.03694937 0.03370012 0.03562723
v -0.04100727 0.02790317 0.02952464
v -0.04017612 0.02923072 0.03027951
v -0.04030128 0.02923049 0.03153356
v -0.04139430 0.02817733 0.03024884
v -0.04196931 0.02686492 0.02880283
v -0.04228315 0.02706702 0.02928872
v -0.03553089 0.02645880 0.02696230
v -0.03517051 0.02692261 0.02728083
v -0.03476569 0.02760397 0.02769156
v -0.03565747 0.02599103 0.02679111
v -0.03563841 0.02551006 0.02668720
v -0.03528401 0.02506978 0.02661924
v -0.03557526 0.02454593 0.02682306
v -0.05844466 -0.01111100 0.01986949
v -0.05862482 0.00023172 0.01918142
v -0.06099019 -0.00821958 0.01544298
v -0.04227082 0.02157274 0.03042485
v -0.04268755 0.02201496 0.02957004
v -0.04183905 0.02179180 0.03008796
v -0.04230616 0.02225415 0.02938608
v -0.04317707 0.02288142 0.02870993
v -0.04339262 0.02251415 0.02850230
v -0.04008515 0.02054971 0.03146175
v -0.03485996 0.02318776 0.02792869
v -0.03501501 0.02345600 0.02756682
v -0.04069033 0.02140309 0.03038459
v -0.03859903 0.02002321 0.03207814
v -0.03417168 0.02301173 0.02830853
v -0.03580347 0.02367207 0.02759055
v -0.03569538 0.02407585 0.02710097
v -0.04141055 0.02179355 0.02984267
v -0.04167180 0.02246066 0.02907759
v -0.04269149 0.02321748 0.02881048
v -0.04166277 0.02432396 0.02796751
v -0.04203645 0.02514471 0.02804505
v -0.04245834 0.02415174 0.02859378
v -0.04257977 0.02514473 0.02846196
v -0.04181308 0.02338032 0.02836461
v -0.04204791 0.02603367 0.02826840
v -0.04244787 0.02607427 0.02870666
v -0.04371930 0.02202934 0.02829685
v -0.04348917 0.02303361 0.02828877
v -0.04382204 0.02472331 0.02774098
v -0.04426355 0.02221371 0.02771128
v -0.04480853 0.02193540 0.02690205
v -0.04417493 0.02042472 0.02714935
v -0.04500452 0.02527875 0.02713589
v -0.04674151 0.02441080 0.02619762
v -0.04615272 0.02108750 0.02555230
v -0.04520882 0.01954104 0.02593529
v -0.04307994 0.02371896 0.02835592
v -0.04336238 0.02496287 0.02795388
v -0.04430359 0.02702472 0.02849148
v -0.04543405 0.02738263 0.02855285
v -0.04369531 0.02661301 0.02877186
v -0.04320259 0.02796932 0.03014769
v -0.04343187 0.02840842 0.02990105
v -0.04457358 0.02850732 0.03015322
v -0.04247393 0.02961766 0.03106225
v -0.04348052 0.02942511 0.03163755
v -0.04234537 0.02928668 0.03159373
v -0.04326016 0.02630989 0.02870325
v -0.04278633 0.02749478 0.02985456
v -0.04200822 0.02885403 0.03125134
v -0.04086471 0.02956372 0.03322101
v -0.03897544 0.03109316 0.03537607
v -0.03827915 0.03061208 0.03342473
v -0.03627925 0.03299423 0.03726878
v -0.03534266 0.03197710 0.03543349
v -0.03293624 0.03197085 0.03940122
v -0.03930026 0.03101591 0.03837949
v -0.03504866 0.03164819 0.03354055
v -0.03260093 0.02859779 0.02924683
v -0.03084544 0.02856106 0.03013529
v -0.03140696 0.03140260 0.03509811
v -0.02006375 0.02678891 0.03513844
v -0.02078796 0.02820856 0.03582410
v -0.02610783 0.02712373 0.03017027
v -0.02581613 0.02652953 0.02995007
v -0.01871156 0.02732096 0.03533248
v -0.01999880 0.02867003 0.03623088
v -0.02480805 0.03041271 0.03597376
v -0.02756818 0.02810888 0.03037990
v -0.02664747 0.02765287 0.03032984
v -0.02281039 0.02938279 0.03577663
v -0.02425769 0.03154679 0.03777270
v -0.02151923 0.02998018 0.03693325
v -0.03177105 0.03271311 0.03659991
v -0.02220291 0.07154956 -0.14427438
v -0.02182772 0.05570430 -0.14806007
v -0.04138504 0.05756496 -0.13911782
v -0.04125206 0.07131844 -0.13602665
v -0.03779277 0.03065828 0.03211900
v -0.03383351 0.02822938 0.02845804
v -0.05115123 0.07234646 -0.12836285
v -0.05027263 0.08101731 -0.12525980
v -0.04161880 0.08305493 -0.13066486
v -0.03750868 -0.06445439 -0.10071494
v -0.02736905 -0.07609710 -0.10741574
v -0.01671803 0.02759857 0.03635996
v -0.01841632 0.02954089 0.03683041
v -0.01576287 0.02595964 0.03605268
v -0.01553965 0.02572549 0.03610630
v -0.01612337 0.02778934 0.03599719
v -0.01764063 0.02982254 0.03654338
v -0.02045240 0.03117459 0.03736683
v -0.02011809 0.03176643 0.03761632
v -0.02384171 0.03379908 0.03868348
v -0.02375256 0.03282899 0.03897236
v -0.03181485 0.03436803 0.03836910
v -0.03219023 0.03530237 0.03821508
v -0.02329515 0.03417944 0.03776303
v -0.01968242 0.03182654 0.03676411
v -0.02308205 0.03443958 0.03609546
v -0.02028472 0.03246820 0.03506155
v -0.03272294 0.03498773 0.03647368
v -0.03217536 0.03518128 0.03733470
v -0.01899375 0.02290979 0.03633834
v -0.01692303 0.02334531 0.03619925
v -0.01934900 0.02321894 0.03636285
v -0.01668534 0.02358556 0.03620972
v -0.02065685 0.02335694 0.03542971
v -0.01601391 0.02416088 0.03601485
v -0.01580382 0.02397898 0.03598996
v -0.02117313 0.02310162 0.03529076
v -0.01568893 0.02791252 0.03554222
v -0.01459657 0.02542764 0.03569892
v -0.01567446 0.02784006 0.03452849
v -0.01503415 0.02538681 0.03549641
v -0.01793440 0.03050381 0.03363005
v -0.01712505 0.02973069 0.03544763
v -0.01490090 0.02390861 0.03573010
v -0.01557580 0.02329425 0.03600124
v -0.01473309 0.02379796 0.03555790
v -0.01545958 0.02296769 0.03607401
v -0.02125774 0.01988528 0.03725026
v -0.02143463 0.01864779 0.03764379
v -0.01833013 0.02156451 0.03681749
v -0.01845240 0.02105765 0.03702756
v -0.02985450 0.01559772 0.03709089
v -0.03365007 0.01536601 0.03647986
v -0.02977701 0.01440892 0.03730615
v -0.03362742 0.01394321 0.03633639
v -0.02504462 0.01515633 0.03808502
v -0.02517599 0.01591961 0.03812870
v -0.03405722 -0.12092568 -0.01532195
v -0.04485464 0.01627470 0.02752631
v -0.04575516 0.01453676 0.02654384
v -0.04434204 0.01415114 0.02877851
v -0.04334345 0.01601613 0.02922663
v -0.04187553 0.01581208 0.03116366
v -0.04233348 0.01394289 0.03086865
v -0.03991920 0.01371805 0.03285953
v -0.03974139 0.01553843 0.03322465
v -0.03695677 0.01542238 0.03501051
v -0.03729456 0.01362004 0.03466425
v -0.04786420 0.01949479 0.02387053
v -0.04893002 0.02264484 0.02370644
v -0.04949996 0.01807712 0.02202537
v -0.05089186 0.02126707 0.02121009
v -0.01482806 0.02848757 0.03527952
v -0.01457763 0.02560511 0.03525599
v -0.01360422 0.02819253 0.03605596
v -0.01340666 0.02574356 0.03574072
v -0.01489626 0.03042050 0.03692824
v -0.01626140 0.03101677 0.03496400
v -0.01482510 0.02377916 0.03552346
v -0.01537022 0.02255787 0.03556218
v -0.01438794 0.02362095 0.03610012
v -0.01487029 0.02185070 0.03567102
v -0.02162911 0.01825899 0.03759852
v -0.02131451 0.01718230 0.03772273
v -0.01854734 0.02039122 0.03678770
v -0.01777995 0.01917753 0.03676118
v -0.04987581 -0.01291817 -0.11706635
v -0.05363386 0.02972275 -0.12864688
v -0.04527164 0.03099407 0.03467865
v -0.04338785 0.03016313 0.03598787
v -0.04003396 0.03153809 0.03851235
v -0.04084596 0.03249007 0.03788534
v -0.04865218 0.03351296 0.03296719
v -0.05111710 0.03116004 0.02980766
v -0.04800308 0.02949521 0.03126725
v -0.04587239 0.02900122 0.03333501
v -0.04978696 0.02490571 0.02458522
v -0.04820545 0.02602037 0.02697970
v -0.04816199 0.02693181 0.02852591
v -0.04992468 0.02625379 0.02647106
v -0.05171439 0.02423153 0.02208486
v -0.05210868 0.02644729 0.02420353
v -0.04906605 0.02813656 0.02859707
v -0.04724161 0.02803730 0.03072546
v -0.05172628 0.02874221 0.02689674
v -0.02164990 0.03350861 0.03892136
v -0.02230535 0.03336255 0.03752048
v -0.01994863 0.03256966 0.03573896
v -0.01880541 0.03246501 0.03663693
v -0.02061515 0.03426071 0.03972317
v -0.01675533 0.03263756 0.03762728
v -0.03377334 0.03326194 0.04096742
v -0.03363915 0.03257414 0.04097086
v -0.02292911 0.03437130 0.03508504
v -0.02082570 0.03294675 0.03517664
v -0.02280125 0.03376418 0.03537236
v -0.02090242 0.03260749 0.03495700
v -0.05891432 0.09173668 -0.10762794
v -0.06094730 0.09741459 -0.09533562
v -0.04458580 0.10845891 -0.10134420
v -0.04380297 0.10126133 -0.11347477
v -0.03999563 0.03139597 0.03542798
v -0.04110888 0.03074515 0.03604288
v -0.04342898 0.02952555 0.03467907
v -0.04279466 0.03013199 0.03428493
v -0.04466741 0.02908678 0.03223150
v -0.04514672 0.02872559 0.03268081
v -0.04610753 0.02776229 0.03081157
v -0.04561902 0.02825242 0.03073266
v -0.04598777 0.02753325 0.02916070
v -0.04650014 0.02707618 0.02876956
v -0.02093981 0.03251859 0.03561356
v -0.02272615 0.03308034 0.03646422
v -0.05261992 0.06032157 -0.12994087
v -0.04259190 0.06962975 0.02042730
v -0.04928691 0.06615739 0.01430549
v -0.04649324 0.05864467 0.01842601
v -0.04181278 0.02996165 0.03675774
v -0.04425765 0.02915052 0.03477248
v -0.04605241 0.02835209 0.03242368
v -0.04705933 0.02746480 0.03026650
v -0.04745840 0.02673211 0.02886005
v -0.07308862 -0.01475297 -0.04068607
v -0.07333957 -0.01485334 -0.04249709
v -0.08027746 -0.00541123 -0.06755589
v -0.07851838 0.00094269 -0.06620169
v -0.07734093 0.00435028 -0.06481653
v -0.08118532 0.01140974 -0.05296599
v -0.08266120 0.01478223 -0.05582267
v -0.08440701 -0.02318515 -0.06006248
v -0.08135684 -0.02541960 -0.05634483
v -0.08429951 -0.02245956 -0.06071670
v -0.08921665 0.01121225 -0.06412061
v -0.08971603 0.00963928 -0.06532513
v -0.09065969 0.00930620 -0.06481785
v -0.04301557 -0.03488957 -0.10788532
v -0.04751500 -0.02186849 -0.11366451
v -0.08998337 0.00798448 -0.06655069
v -0.07495549 -0.01035357 -0.04512163
v -0.08129807 -0.00574407 -0.06772867
v -0.08286218 -0.00609932 -0.06940014
v -0.08378278 -0.01089394 -0.06937636
v -0.08308657 -0.01054609 -0.06877481
v -0.08314546 -0.01600224 -0.06761817
v -0.08254377 -0.01530870 -0.06709649
v -0.08557350 -0.01956803 -0.06345301
v -0.08560780 -0.01517254 -0.06621018
v -0.08357760 0.01526686 -0.05711449
v -0.08374035 0.01453030 -0.05639401
v -0.08427718 0.01533805 -0.05739794
v -0.07586975 -0.01149372 -0.04646375
v -0.07940219 0.00912564 -0.05298952
v -0.07911351 0.00747437 -0.05133528
v -0.07885584 0.00783456 -0.05176402
v -0.07415231 -0.00701622 -0.05057584
v -0.07391956 -0.00620933 -0.05080492
v -0.07522541 -0.00837974 -0.05023576
v -0.07682260 -0.00953644 -0.04804422
v -0.07135625 -0.01706482 -0.04990440
v -0.07119251 -0.01781256 -0.05129125
v -0.07066721 -0.01834065 -0.05045575
v -0.08701488 0.02089892 -0.05909259
v -0.07923656 0.00657225 -0.05094408
v -0.08038209 0.00762364 -0.05134027
v -0.08112690 0.00864826 -0.05165011
v -0.08506609 0.01468812 -0.05737083
v -0.08158452 0.00952080 -0.05177084
v -0.08063623 0.00954081 -0.05203886
v -0.08188155 0.01118802 -0.05277881
v -0.07998287 0.00958248 -0.05238105
v -0.07698958 -0.01431847 -0.06298777
v -0.07590313 -0.01445849 -0.06127661
v -0.07474624 0.00501078 -0.04119630
v -0.07514897 0.00287260 -0.04361827
v -0.08032960 -0.02612693 -0.05410250
v -0.07692261 0.00973136 -0.05949016
v -0.07767349 0.01298655 -0.06122041
v -0.08719277 -0.01103032 -0.06755558
v -0.08161276 -0.01754220 -0.05733821
v -0.07936984 -0.01863871 -0.05640590
v -0.08404081 -0.01621106 -0.05864225
v -0.08564065 -0.01365100 -0.06036264
v -0.07614698 0.00101515 -0.05499421
v -0.08442482 0.00536346 -0.06035023
v -0.08471616 0.00336444 -0.06120040
v -0.08312838 0.00545804 -0.05927605
v -0.07867038 0.01634286 -0.05955403
v -0.07906900 0.01611352 -0.05724821
v -0.07639737 0.01261553 -0.05870609
v -0.07901771 0.01428948 -0.05692569
v -0.07314473 -0.01379914 -0.04967283
v -0.07178243 -0.01921260 -0.05276837
v -0.07334436 -0.01794651 -0.05458049
v -0.07282200 -0.01982934 -0.05389167
v -0.07396311 -0.01886555 -0.05566929
v -0.07422703 -0.01770878 -0.05719210
v -0.07464202 -0.01613359 -0.05852331
v -0.07617471 -0.01417886 -0.05876874
v -0.07295197 -0.00989016 -0.05040973
v -0.07859540 0.01708729 -0.04851059
v -0.07248518 -0.01164342 -0.05033899
v -0.07439085 -0.00827060 -0.05032698
v -0.07427726 -0.00995287 -0.04998172
v -0.07377861 -0.01180085 -0.04970540
v -0.07764947 -0.02128200 -0.05043538
v -0.07776646 -0.01998962 -0.05305832
v -0.07642315 -0.02043662 -0.04985578
v -0.07803796 -0.01950078 -0.05519705
v -0.07537178 -0.02000196 -0.04959630
v -0.07839066 0.01068810 -0.05898832
v -0.07915297 0.01376780 -0.05858346
v -0.07319541 -0.01126865 -0.03898781
v -0.06346714 -0.00302454 0.01055628
v -0.06517076 0.00680949 0.00496303
v -0.02880279 -0.05460984 0.02930757
v -0.02815254 -0.05763268 0.02946937
v -0.05522554 -0.01387833 0.02387940
v -0.05056824 -0.01728338 0.02796525
v -0.02617579 -0.05024997 0.04156491
v -0.02538145 -0.05163647 0.04142781
v -0.02437997 -0.05108542 0.04154494
v -0.02520636 -0.05039458 0.04140141
v -0.02386590 -0.04949409 0.04020113
v -0.02461549 -0.04986947 0.03941723
v -0.02471128 -0.05029382 0.04071429
v -0.02405398 -0.04997764 0.04148461
v -0.02907179 -0.03252134 0.04606383
v -0.03165187 -0.02815550 0.04279927
v -0.03443014 -0.03389208 0.04140923
v -0.03184956 -0.03788505 0.04432039
v -0.02689347 -0.05089206 0.03201783
v -0.02692314 -0.04846847 0.03277071
v -0.02555273 -0.04881134 0.03561291
v -0.02567551 -0.04964759 0.03504449
v -0.02675936 -0.05245281 0.03187038
v -0.02555403 -0.05060626 0.03496311
v -0.02871315 -0.05247889 0.02940164
v -0.02853600 -0.04930619 0.02994458
v -0.03632012 -0.05874971 0.03819600
v -0.03238923 -0.05578483 0.03998358
v -0.03326562 -0.05196892 0.04087337
v -0.03713960 -0.05337662 0.03941614
v -0.02529232 -0.01715505 0.04415626
v -0.02889536 -0.02232146 0.04361488
v -0.02637573 -0.02742422 0.04612069
v -0.02292633 -0.02051636 0.04586228
v -0.01949179 -0.01431565 0.04689499
v -0.02180459 -0.01125717 0.04457440
v -0.01918774 -0.00442975 0.05098661
v -0.02081436 -0.00828738 0.05259850
v -0.02038926 -0.00959257 0.05647198
v -0.02038375 -0.00689803 0.05515056
v -0.01819537 -0.01433497 0.05473751
v -0.02068026 -0.01101825 0.05100958
v -0.01295125 -0.01588855 0.05508845
v -0.01273123 -0.01536026 0.05631368
v -0.01779157 -0.01495188 0.05288493
v -0.01712718 -0.01632065 0.05098287
v -0.01321082 -0.01709254 0.05403948
v -0.01204487 -0.01453272 0.05731279
v -0.01550568 -0.01400380 0.05720414
v -0.01711659 -0.01149501 0.05889285
v -0.00420442 -0.01291532 0.06626800
v -0.00555355 -0.01149451 0.06825519
v -0.01022367 0.01702764 0.04960467
v -0.01300094 0.01391523 0.04693362
v -0.01004196 0.01434399 0.05176334
v -0.01282677 0.01157416 0.04896815
v -0.01602953 -0.00935256 0.06251432
v -0.01810692 -0.00736078 0.06095624
v -0.01294164 -0.00826576 0.06595626
v -0.01419230 -0.00593396 0.06559964
v -0.00377360 0.02975311 0.04775364
v -0.00202135 -0.01723996 0.06144862
v -0.00241126 -0.01809413 0.06103415
v -0.00170837 -0.01556475 0.06344369
v -0.02286025 0.09440660 -0.13138016
v -0.02332027 0.10669587 -0.12022234
v -0.02235977 0.11944655 -0.09748981
v -0.02008129 0.12345824 -0.08528635
v -0.00521488 -0.04342093 0.05865067
v -0.00538609 -0.03939433 0.05991166
v -0.01317651 -0.04722782 0.04076609
v -0.00752764 -0.04828119 0.04256633
v -0.00724232 -0.04983034 0.04580630
v -0.01288934 -0.04893358 0.04397494
v -0.01713710 -0.04816197 0.04185718
v -0.01789943 -0.04657178 0.03862234
v -0.01369990 -0.04559198 0.03826886
v -0.00792242 -0.04643212 0.03953553
v -0.01207473 -0.05061143 0.04950034
v -0.00704792 -0.05172894 0.05234081
v -0.00573883 -0.05067765 0.05453479
v -0.01092339 -0.04966784 0.05148569
v -0.01951003 -0.02169470 0.04911426
v -0.01572102 -0.02069991 0.05283847
v -0.01144625 -0.02061830 0.05683301
v -0.00786264 -0.02099776 0.05965098
v -0.00656218 -0.01835470 0.05934600
v -0.00987458 -0.01763543 0.05713715
v -0.00606837 -0.01706871 0.05928427
v -0.00923257 -0.01648575 0.05733693
v -0.00881430 -0.01565070 0.05773323
v -0.00963979 -0.01458852 0.05822704
v -0.00763669 -0.01453098 0.05961518
v -0.00831977 -0.01379032 0.05959589
v -0.00579803 -0.01601964 0.05949355
v -0.00453953 0.00849021 0.06433201
v -0.00402663 0.01168192 0.06107269
v -0.01012223 -0.03726837 0.05828293
v -0.00574238 -0.03573073 0.06081250
v -0.00493449 -0.02890327 0.06108361
v -0.00970403 -0.02921619 0.05974456
v -0.01427935 -0.03071343 0.05663711
v -0.01489990 -0.03893602 0.05473587
v -0.00278710 -0.01933102 0.06073015
v -0.00967020 -0.04059859 0.05689287
v -0.00959953 -0.04378413 0.05533536
v -0.01471691 -0.04206203 0.05331829
v -0.01447236 -0.04447708 0.05117794
v -0.01917225 -0.04121012 0.05038799
v -0.01968162 -0.03284052 0.05294407
v -0.02529909 -0.03534044 0.04902062
v -0.02307686 -0.04368773 0.04609315
v -0.03248763 -0.04848030 0.04236325
v -0.02778734 -0.05063451 0.04176397
v -0.02735186 -0.04886406 0.04206236
v -0.02665876 -0.04740027 0.04274384
v -0.03142551 -0.04460353 0.04390768
v -0.03599893 -0.04823790 0.04145129
v -0.03433689 -0.04290526 0.04304603
v -0.02934797 -0.04030452 0.04599917
v -0.02555516 -0.04562002 0.04401361
v -0.02609905 -0.04880760 0.04176725
v -0.02531288 -0.04940517 0.04159243
v -0.02545179 -0.04768955 0.04214838
v -0.02476741 -0.04834770 0.04179700
v -0.02450618 -0.04696112 0.04301110
v -0.02385159 -0.04776242 0.04229645
v -0.02225109 -0.04711530 0.04334914
v -0.02268395 -0.04578937 0.04460469
v -0.02392688 -0.04864758 0.04057102
v -0.02288297 -0.04866809 0.04129256
v -0.02250159 -0.04853585 0.04197584
v -0.02365586 -0.04889307 0.04122464
v -0.02457216 -0.04916959 0.03981974
v -0.02423977 -0.04933193 0.04090157
v -0.02509292 -0.04840304 0.03631911
v -0.02439056 -0.04770602 0.03705342
v -0.02506753 -0.04953473 0.03916388
v -0.02503398 -0.05011499 0.04026890
v -0.02462039 -0.05004850 0.04128484
v -0.02440546 -0.04893777 0.04141762
v -0.02373092 -0.04815809 0.04169958
v -0.02231251 -0.04786232 0.04256700
v -0.01482522 -0.04664269 0.04976334
v -0.01847429 -0.04561993 0.04731738
v -0.01866792 -0.04723006 0.04582543
v -0.01553501 -0.04910791 0.04832364
v -0.01939340 -0.04887343 0.04492820
v -0.01872880 -0.04487006 0.03602180
v -0.01634878 -0.04975479 0.04651085
v -0.02214181 -0.04631492 0.03603880
v -0.02345979 -0.04478040 0.03357662
v -0.02120144 -0.04771851 0.03919385
v -0.02636918 -0.04745107 0.03369535
v -0.02554565 -0.04619171 0.03406518
v -0.02834452 -0.04684794 0.03099938
v -0.02722449 -0.04521461 0.03180667
v -0.02017700 -0.04914907 0.04343900
v -0.01866421 -0.04381856 0.04871382
v -0.01009325 -0.04661144 0.05321782
v -0.00533785 -0.04704468 0.05668575
v -0.00520000 0.00111444 0.07144257
v -0.00509382 0.00509618 0.06760122
v -0.02395841 -0.05061363 0.04159053
v -0.01241534 -0.13027461 -0.00040474
v -0.02690247 -0.05229311 0.04128955
v -0.02633082 -0.05480862 0.03187292
v -0.02488486 -0.05184343 0.03524195
v -0.03360248 -0.06406946 0.03819683
v -0.02800434 -0.06830530 0.03981156
v -0.02587558 -0.06348745 0.04181655
v -0.03039272 -0.06004956 0.04013190
v -0.02251674 -0.05727557 0.04407694
v -0.02525004 -0.05419282 0.04195127
v -0.02379900 -0.05315956 0.04239245
v -0.02111132 -0.05497149 0.04482713
v -0.02031056 -0.05314225 0.04503657
v -0.02277182 -0.05212342 0.04242561
v -0.01975047 -0.04932738 0.04522914
v -0.01455064 -0.04833936 0.04843226
v -0.01492435 -0.05269970 0.04250774
v -0.02027231 -0.05369905 0.03952524
v -0.02357530 -0.05205046 0.03643411
v -0.02304532 -0.04954054 0.04130691
v -0.02037158 -0.05042028 0.04587034
v -0.02310725 -0.05019796 0.04280417
v -0.01519840 -0.04903977 0.04957208
v -0.02308258 -0.12696338 -0.00702563
v -0.02285122 -0.05113465 0.04260331
v -0.02038808 -0.05143568 0.04533939
v -0.01561567 -0.05038289 0.04968119
v -0.01601272 -0.05287970 0.04964984
v -0.01606628 -0.05574920 0.04945356
v -0.01729012 -0.05944021 0.04907816
v -0.02088761 -0.06730904 0.04639082
v -0.02214397 -0.07260259 0.04474590
v -0.01484353 -0.06949374 0.05038097
v -0.01567906 -0.07467836 0.04954597
v -0.01230202 -0.06003243 0.05367465
v -0.01127681 -0.05545927 0.05445945
v -0.01101065 -0.05217078 0.05415365
v -0.01078779 -0.04962409 0.05399727
v -0.00386238 -0.02159338 0.06070554
v -0.00602580 -0.01439824 0.06104146
v -0.00446639 -0.01391757 0.06347698
v -0.00805437 -0.00988644 0.06863818
v -0.00171035 -0.01434315 0.06600174
v -0.01127890 -0.00854394 0.06774924
v -0.00927537 -0.00897374 0.06931180
v -0.01017613 -0.00772861 0.07005518
v -0.01164791 -0.00713213 0.06887122
v -0.00765739 -0.00961670 0.07074073
v -0.00912770 -0.00791547 0.07110862
v -0.00325217 -0.01097017 0.07279716
v -0.00421777 -0.00762980 0.07422046
v -0.00505510 -0.00274472 0.07340498
v -0.00467162 -0.00564709 0.07457484
v -0.01062838 -0.00629783 0.07050551
v -0.01162803 -0.00449915 0.06843293
v -0.01171295 -0.00128027 0.06610437
v -0.01448841 -0.00317694 0.06300526
v -0.01081915 0.12751904 -0.04262774
v -0.01013190 -0.04820476 0.05318551
v -0.00906928 -0.04760333 0.05136546
v -0.01552387 -0.06329948 0.03459153
v -0.01494079 -0.05935862 0.03741203
v -0.01073869 -0.05846928 0.03924333
v -0.01068825 -0.06358987 0.03667728
v -0.00458526 -0.04723360 0.05285906
v -0.00531493 -0.05183958 0.04585947
v -0.00972607 -0.05199894 0.04460157
v -0.00491993 -0.04767885 0.05504982
v -0.00543160 -0.04894557 0.05631441
v -0.00582343 -0.05143402 0.05756626
v -0.00617570 -0.05862602 0.04027148
v -0.00670693 -0.06369150 0.03771378
v -0.02480499 -0.05636297 0.03280613
v -0.02568737 -0.06033555 0.03047052
v -0.02027680 -0.05851785 0.03524457
v -0.02087392 -0.06160219 0.03297596
v -0.00904882 -0.07540742 0.05258178
v -0.00868901 -0.07019062 0.05324059
v -0.00632057 -0.05486520 0.05756093
v -0.00693308 -0.05984291 0.05668327
v -0.02321194 0.11431988 -0.10943481
v -0.06144625 0.07343639 -0.00704215
v -0.05918541 0.06629901 -0.00006181
v -0.05253535 0.07340467 0.00682083
v -0.05497303 0.07918686 0.00037692
v -0.06238088 0.08146137 -0.01472378
v -0.05583422 0.08608934 -0.00689010
v -0.04023105 0.12014355 -0.06135768
v -0.04062967 0.11913280 -0.04740692
v -0.02179090 0.12493387 -0.04382262
v -0.03523931 0.12053564 -0.07503755
v -0.04764234 0.11245595 -0.08431941
v -0.04962473 0.11470906 -0.06521977
v -0.04935986 0.11416587 -0.05019983
v -0.02739840 -0.08883086 -0.10813931
v -0.05354207 0.04267401 -0.12955101
v -0.04790987 0.11281009 -0.03670141
v -0.03981348 0.11694622 -0.03398389
v -0.03919356 0.11353046 -0.02201544
v -0.04647148 0.11021233 -0.02534863
v -0.02159390 0.12217849 -0.02976440
v -0.01079498 0.12432840 -0.02811859
v -0.02006420 0.00520109 -0.14405356
v -0.00401680 0.01514960 0.05835301
v -0.04868854 -0.05106452 -0.09178188
v -0.05840735 -0.05146560 -0.07390877
v -0.06288152 -0.10453863 -0.05018090
v -0.07116548 -0.02817033 -0.05542210
v -0.07081453 -0.02740176 -0.05600787
v -0.06120927 -0.06643225 -0.05528674
v -0.06163249 -0.05187599 -0.05601504
v -0.03921874 -0.05028618 -0.10327291
v -0.07956371 -0.01687082 -0.06615220
v -0.08040841 -0.01340334 -0.06723869
v -0.08088051 -0.01773200 -0.06583255
v -0.08164219 -0.01387185 -0.06708416
v -0.08159970 -0.00966175 -0.06776705
v -0.08150799 -0.01946625 -0.06509848
v -0.07899539 0.01617694 -0.05594127
v -0.08093937 0.01759122 -0.05483904
v -0.07062959 -0.02973104 -0.05126070
v -0.07059024 -0.02908019 -0.05299405
v -0.06992849 -0.02934393 -0.05218172
v -0.06977613 -0.02974843 -0.05081435
v -0.07029582 -0.03044644 -0.04957214
v -0.06945314 -0.03020389 -0.04963883
v -0.07772009 0.03375122 -0.04777842
v -0.06760686 -0.02934391 -0.05331661
v -0.07007674 -0.02786944 -0.05569621
v -0.07007954 -0.02850905 -0.05425658
v -0.06957617 -0.02928706 -0.05285161
v -0.06880920 -0.03010150 -0.05074903
v -0.06870816 -0.03084120 -0.04905610
v -0.06959052 -0.03143791 -0.04848547
v -0.08183674 -0.02050961 -0.06541447
v -0.07480939 -0.03085872 -0.05391443
v -0.07790024 0.00967638 -0.06096591
v -0.07801147 0.00787869 -0.06262090
v -0.08037805 0.00946110 -0.06390364
v -0.08024393 0.01150362 -0.06247478
v -0.06012974 -0.01208007 -0.10512879
v -0.06231920 -0.00081091 -0.10974578
v -0.01381668 -0.08663332 -0.11270417
v -0.01354995 -0.07321323 -0.11299871
v -0.07634213 0.03188105 -0.09422152
v -0.07789771 0.01115729 -0.05971851
v -0.08039262 0.01310234 -0.06116522
v -0.08056446 -0.00937491 -0.06772041
v -0.07600012 0.01096542 -0.05997507
v -0.07631105 0.00931645 -0.06130195
v -0.08172841 0.01472646 -0.06275798
v -0.08158609 0.01285126 -0.06412864
v -0.08192822 0.01056640 -0.06550109
v -0.07661738 0.00744738 -0.06269050
v -0.07866108 0.01477401 -0.06128198
v -0.08023141 0.06238888 -0.07013113
v -0.07972834 0.05674027 -0.08397898
v -0.07682205 0.07936025 -0.07311777
v -0.07609134 0.07463272 -0.08816687
v -0.07180677 0.06892662 -0.10385800
v -0.07526521 0.04992301 -0.09974123
v -0.07900722 0.01617324 -0.05614852
v -0.08200998 0.01852377 -0.05518959
v -0.06305984 0.08808918 -0.02207190
v -0.06827021 0.08338902 -0.02918636
v -0.05621587 0.09216485 -0.01357721
v -0.05620314 0.09764118 -0.01982283
v -0.06259385 0.09440932 -0.02861969
v -0.06994172 0.08799801 -0.04065536
v -0.07906423 0.05278038 -0.05592985
v -0.07819491 0.06750076 -0.05618698
v -0.07488564 0.07120635 -0.04276709
v -0.07451766 0.08391963 -0.05764076
v -0.06593656 0.09732756 -0.04651969
v -0.06979607 0.09408944 -0.06093840
v -0.05901921 0.10594978 -0.04998965
v -0.06127325 0.10431876 -0.06455035
v -0.06126253 0.10204428 -0.08035281
v -0.07158647 0.09042446 -0.07604624
v -0.06089453 0.10011300 -0.03438283
v -0.05472575 0.10262848 -0.02484383
v -0.05598292 0.10665248 -0.03750706
v -0.05256872 0.10682233 -0.02908288
v -0.07267641 0.07269948 -0.03564261
v -0.06439528 -0.03523202 -0.04934780
v -0.06577823 -0.03547377 -0.04429900
v -0.07160324 -0.02510387 -0.03664616
v -0.06773969 -0.00042356 -0.00207010
v -0.06828588 0.01235385 -0.00446191
v -0.07172894 0.00467351 -0.01475956
v -0.06981342 -0.01062705 -0.01387742
v -0.06501105 0.02634217 -0.00691022
v -0.07038719 0.01873353 -0.01682408
v -0.07013614 0.03219376 -0.01804923
v -0.06539219 0.03884570 -0.00619457
v -0.06323320 0.06368530 -0.11877594
v -0.06553953 0.04670288 -0.11719416
v -0.06603467 0.03364754 -0.11590344
v -0.04535456 0.05196412 0.02464321
v -0.02258406 0.08538707 -0.13776641
v -0.04496678 0.07728023 0.01360689
v -0.05542497 0.08441999 -0.11843213
v -0.04237413 0.09061753 -0.12473632
v -0.07101487 0.08595751 -0.09094907
v -0.06799635 0.08103955 -0.10416140
v -0.06013048 0.07487176 -0.11885788
v -0.06516401 0.01712786 -0.11449141
v -0.04687737 0.10595912 -0.01820363
v -0.05439544 0.02329807 0.01902791
v -0.05380781 0.01961435 0.01828740
v -0.05515526 0.02684971 0.02117226
v -0.05199967 0.01558630 0.01970670
v -0.01592570 0.01059992 0.04440654
v -0.01590937 0.00888563 0.04647460
v -0.01575407 0.00635985 0.04853887
v -0.01896270 0.00615973 0.04410833
v -0.01854034 0.00327372 0.04605883
v -0.01241285 0.00635316 0.05382309
v -0.01271039 0.00898367 0.05132020
v -0.01498566 0.00383624 0.05029720
v -0.01496682 0.00098428 0.05214243
v -0.01233200 0.00336966 0.05611926
v -0.02013689 -0.01107862 0.04837438
v -0.02001182 -0.00673679 0.04615511
v -0.01764513 -0.00225072 0.04853658
v -0.02197392 0.00015831 0.04441762
v -0.02090040 -0.00307683 0.04523297
v -0.01771213 0.00061539 0.04730337
v -0.02284023 0.00334492 0.04224456
v -0.01683107 -0.00179832 0.05507679
v -0.01875525 -0.00511272 0.05869014
v -0.01338932 0.00016906 0.05954723
v -0.01131551 0.00192698 0.06278470
v -0.01074526 0.00542873 0.05964233
v -0.01929157 0.00813898 0.04223927
v -0.02356589 0.00553389 0.04052303
v -0.02413974 -0.00725239 0.04402506
v -0.02838616 -0.01205706 0.04298910
v -0.02594087 -0.00317335 0.04291808
v -0.02976986 -0.00713643 0.04149461
v -0.02685672 0.00031778 0.04088886
v -0.03085405 -0.00322128 0.03955334
v -0.03184606 -0.01773659 0.04196953
v -0.03512659 -0.02290467 0.04071270
v -0.03813289 -0.02972799 0.03888875
v -0.03774640 -0.01747546 0.03923849
v -0.04140086 -0.02413696 0.03669989
v -0.03957757 -0.01155743 0.03718431
v -0.04374100 -0.01809507 0.03468537
v -0.03397987 -0.01174424 0.04031328
v -0.03545251 -0.00724054 0.03842968
v -0.03175809 0.00032209 0.03756919
v -0.02771046 0.00309854 0.03900673
v -0.04032441 0.00037784 0.03402632
v -0.04027352 -0.00555840 0.03540554
v -0.03610021 -0.00256520 0.03637863
v -0.03641549 0.00228866 0.03519402
v -0.04528464 -0.01027608 0.03316525
v -0.04459711 -0.00175294 0.03225453
v -0.04386070 0.00364427 0.03174251
v -0.02926737 0.01225322 0.03775468
v -0.02488437 0.01351933 0.03833898
v -0.03319190 0.01170170 0.03700555
v -0.03984427 0.00488266 0.03347635
v -0.03654516 0.00611401 0.03502034
v -0.04754780 0.01100623 0.02592405
v -0.04531189 0.01039898 0.02829682
v -0.03996401 0.01080403 0.03342299
v -0.03683393 0.01115246 0.03522756
v -0.04277689 0.01049877 0.03088034
v -0.02082425 0.01538440 0.03823467
v -0.01696438 0.01752428 0.03754824
v -0.05720301 -0.06455066 -0.07113880
v -0.01023123 0.00857583 0.05704243
v -0.00986104 0.01139806 0.05417860
v -0.01393606 0.03264306 0.03887377
v -0.01226253 0.03024705 0.03860532
v -0.00667836 0.02975420 0.04463033
v -0.01730496 0.03495108 0.04153376
v -0.01413619 0.02045541 0.03757538
v -0.01224643 0.02294054 0.03768454
v -0.01133255 0.02527469 0.03761166
v -0.01120551 0.02780429 0.03821883
v -0.02800841 0.04396079 0.04287332
v -0.02463527 0.03936863 0.04499679
v -0.05561873 0.05905164 0.00855388
v -0.05933198 0.05093133 0.00490703
v -0.04950592 0.03825194 0.02923406
v -0.05290305 0.03462432 0.02662676
v -0.05537714 0.03085015 0.02388815
v -0.06138945 0.03940883 0.00233678
v -0.06224246 0.02889524 0.00110505
v -0.06428750 0.01758681 0.00217241
v -0.04762779 0.08989631 0.00111199
v -0.04774323 0.09581786 -0.00521499
v -0.04692861 0.08359798 0.00771674
v -0.03878600 0.10910634 -0.01307017
v -0.03876255 0.10437554 -0.00520418
v -0.04751647 0.10118227 -0.01158324
v -0.03910129 0.09897609 0.00151193
v -0.03926721 0.09308902 0.00770544
v -0.03858559 0.08689466 0.01421921
v -0.03720329 0.08042648 0.02009992
v -0.03537509 0.07180290 0.02607958
v -0.04815259 -0.06411456 -0.08933635
v -0.00801481 -0.00355500 0.05633163
v -0.00751739 -0.00373573 0.05676576
v -0.00778441 -0.00356283 0.05615610
v -0.00721295 -0.00369253 0.05665520
v -0.00761396 -0.00394918 0.05672328
v -0.00804848 -0.01207303 0.05908206
v -0.00681662 -0.01004966 0.05811208
v -0.00706424 -0.00633836 0.05755734
v -0.07092973 -0.03173765 -0.03871124
v -0.05907193 -0.10080694 -0.06471308
v -0.05410613 -0.09736020 -0.07819551
v 0.05841294 -0.10037996 -0.06503743
v 0.05384339 -0.09718582 -0.07872896
v 0.01980273 -0.13237131 -0.00936947
v 0.03196268 -0.12828091 -0.01789811
v 0.03420388 -0.13688223 -0.01825044
v 0.02120743 -0.13999200 -0.01083908
v 0.06174654 -0.11835582 -0.07081482
v 0.05956103 -0.10954501 -0.06638359
v 0.05539632 -0.10624864 -0.08114778
v 0.05890363 -0.11491728 -0.08688010
v 0.04836593 -0.10418493 -0.09387182
v 0.05131180 -0.11377077 -0.10017285
v 0.04056641 -0.11386409 -0.11045147
v 0.03838577 -0.10278682 -0.10364379
v 0.02619210 -0.10197078 -0.11089887
v 0.02776200 -0.11434008 -0.11705684
v 0.04505048 -0.12300547 -0.02628708
v 0.05569357 -0.11758193 -0.03717631
v 0.05766601 -0.12729645 -0.03967721
v 0.04726715 -0.13225473 -0.02761394
v 0.06109877 -0.11316654 -0.05087862
v 0.06255250 -0.12279468 -0.05460326
v 0.01366863 -0.11456299 -0.12007686
v 0.01308487 -0.10095454 -0.11467326
v 0.02284005 -0.15859710 -0.01483468
v 0.00921308 -0.16063079 -0.01263131
v 0.00969857 -0.15098706 -0.00928694
v 0.02225300 -0.14920010 -0.01291531
v 0.05445079 -0.16258636 -0.03393530
v 0.06828981 -0.15615924 -0.04781775
v 0.07471775 -0.16449761 -0.04444307
v 0.05859409 -0.17245740 -0.03094404
v 0.09659626 -0.16181774 -0.05668665
v 0.10609873 -0.15054673 -0.07871208
v 0.03826817 -0.16636570 -0.02262354
v 0.04070704 -0.17661296 -0.01926681
v -0.00098669 -0.12737435 -0.12728186
v -0.00070277 -0.11442783 -0.12048662
v 0.09619278 -0.14500856 -0.08123945
v 0.09544010 -0.14118060 -0.10535913
v 0.10772726 -0.14699718 -0.10381923
v 0.05388736 -0.16278566 -0.14395688
v 0.05427660 -0.16967794 -0.14663979
v 0.06932631 -0.16480960 -0.14466055
v 0.06510437 -0.15841599 -0.14105925
v 0.07506597 -0.12807588 -0.09989464
v 0.06365294 -0.12926336 -0.11517657
v 0.07146055 -0.13738754 -0.12057859
v 0.08466998 -0.13506919 -0.10418287
v 0.03645694 -0.14698488 -0.13699636
v 0.05455852 -0.14175476 -0.13090095
v 0.04896399 -0.13353758 -0.12558492
v 0.03248927 -0.13633966 -0.13151260
v 0.08647383 -0.14005211 -0.08186578
v 0.07710899 -0.13330959 -0.07966847
v 0.07875198 -0.14871410 -0.06371973
v 0.07141192 -0.14125654 -0.06313339
v 0.06223829 -0.14841525 -0.04852087
v 0.05709588 -0.12145745 -0.10797599
v 0.04438769 -0.12370706 -0.11814527
v 0.02960439 -0.12581779 -0.12429267
v 0.01433628 -0.12681732 -0.12716712
v -0.00085942 -0.17642897 -0.14509648
v -0.00103951 -0.16410260 -0.14324932
v 0.01737598 -0.14965810 -0.13858600
v 0.01580722 -0.13847440 -0.13396569
v 0.08726934 -0.15498875 -0.06179545
v 0.06482975 -0.13297398 -0.06062892
v 0.05903639 -0.13808005 -0.04424425
v 0.06541771 -0.17912465 -0.02000169
v 0.08341290 -0.17288798 -0.03639310
v 0.04488866 -0.18369697 -0.00911126
v 0.02620669 -0.18738148 -0.00244931
v 0.01905397 -0.16272470 -0.14221330
v 0.01844856 -0.17473400 -0.14441587
v 0.03818365 -0.17174019 -0.14553693
v 0.04166561 -0.15905796 -0.14235131
v 0.05217433 -0.15301731 -0.03261496
v 0.03767932 -0.15619741 -0.02110644
v 0.02294065 -0.16897959 -0.01479761
v 0.06569158 -0.12166104 -0.09322353
v 0.06828704 -0.12601210 -0.07604758
v 0.04989849 -0.14244053 -0.03017028
v 0.03615489 -0.14659823 -0.01953136
v 0.00909203 -0.14225088 -0.00574875
v 0.02410734 -0.17885333 -0.01086110
v 0.09659316 -0.15132356 -0.12520362
v 0.08354407 -0.15850320 -0.13804524
v 0.07647210 -0.15461218 -0.13618386
v -0.00151606 -0.15073676 -0.13966224
v -0.00183994 -0.15117097 -0.00864713
v -0.00253833 -0.16099088 -0.01261323
v -0.00117787 -0.14254561 -0.00418475
v 0.08102277 -0.14617549 -0.12654352
v 0.06056009 -0.15097839 -0.13644725
v -0.00157374 -0.13605453 -0.00061533
v -0.00056137 -0.10027741 -0.11577927
v -0.00274015 -0.17282510 -0.01573830
v -0.00276701 -0.18496670 -0.01303774
v -0.00274538 -0.19370732 -0.00336864
v 0.00895907 -0.13535075 -0.00250973
v 0.01027698 -0.18256874 -0.01111761
v 0.00950240 -0.17154408 -0.01420376
v 0.01098895 -0.19180100 -0.00255461
v -0.00107081 -0.13902538 -0.13437179
v -0.02278836 -0.13260867 -0.00944280
v -0.03473292 -0.12802948 -0.01692833
v -0.03593326 -0.13675059 -0.01875995
v -0.02310408 -0.13999721 -0.01162012
v -0.06281719 -0.11908292 -0.07072435
v -0.06018163 -0.11058277 -0.06636429
v -0.05576615 -0.10643385 -0.08048784
v -0.06093170 -0.11506244 -0.08689847
v -0.04934665 -0.10453680 -0.09378269
v -0.05364594 -0.11382065 -0.10078622
v -0.04266319 -0.11417360 -0.11093196
v -0.04004504 -0.10289897 -0.10403235
v -0.02783586 -0.10221400 -0.11114567
v -0.02971006 -0.11458348 -0.11731945
v -0.04735059 -0.12305605 -0.02587023
v -0.05739033 -0.11783953 -0.03775505
v -0.05798016 -0.12753886 -0.04023265
v -0.04915291 -0.13213442 -0.02778698
v -0.06281262 -0.11415043 -0.05087173
v -0.06290821 -0.12408848 -0.05443883
v -0.01535996 -0.11469724 -0.12018289
v -0.01435402 -0.10108815 -0.11477306
v -0.02674376 -0.15867676 -0.01494566
v -0.01361705 -0.16060424 -0.01309741
v -0.01266907 -0.15072513 -0.01033672
v -0.02497369 -0.14907987 -0.01389047
v -0.05752021 -0.16310245 -0.03489539
v -0.07145645 -0.15659048 -0.04846726
v -0.07810952 -0.16488968 -0.04537643
v -0.06209688 -0.17297013 -0.03175058
v -0.10023891 -0.16219042 -0.05756332
v -0.10981371 -0.15097544 -0.07943632
v -0.04205797 -0.16671032 -0.02317004
v -0.04493235 -0.17698015 -0.01964188
v -0.09963147 -0.14572743 -0.08192616
v -0.09892128 -0.14200036 -0.10596318
v -0.11161081 -0.14739874 -0.10459247
v -0.05631976 -0.16372290 -0.14446458
v -0.05651430 -0.17062463 -0.14715904
v -0.07199737 -0.16579187 -0.14528017
v -0.06778174 -0.15946957 -0.14155127
v -0.07777237 -0.13083710 -0.10033466
v -0.06632762 -0.13132432 -0.11534540
v -0.07470287 -0.13849033 -0.12087081
v -0.08803647 -0.13607737 -0.10456718
v -0.03914978 -0.14772436 -0.13723293
v -0.05752317 -0.14254494 -0.13114825
v -0.05135537 -0.13357328 -0.12551451
v -0.03492628 -0.13702664 -0.13166372
v -0.08980796 -0.14087230 -0.08230540
v -0.08067787 -0.13611564 -0.08144951
v -0.08205346 -0.14932166 -0.06419326
v -0.07368028 -0.14417654 -0.06497250
v -0.06486453 -0.14913678 -0.04846655
v -0.05949019 -0.12290756 -0.10835087
v -0.04652793 -0.12479065 -0.11822445
v -0.03182203 -0.12640204 -0.12432757
v -0.01613277 -0.12830023 -0.12713961
v -0.02018451 -0.15086228 -0.13882244
v -0.01876968 -0.13692631 -0.13364634
v -0.09062354 -0.15558115 -0.06248466
v -0.06632797 -0.13445081 -0.06083708
v -0.06028126 -0.13856360 -0.04475869
v -0.06943780 -0.17973042 -0.02070096
v -0.08712100 -0.17316781 -0.03723333
v -0.04961466 -0.18404454 -0.00910982
v -0.03134947 -0.18717273 -0.00225007
v -0.02161170 -0.16297778 -0.14242926
v -0.02044535 -0.17509057 -0.14454561
v -0.03999411 -0.17267500 -0.14586873
v -0.04407145 -0.15988512 -0.14267780
v -0.05402315 -0.15360725 -0.03426329
v -0.04045186 -0.15659720 -0.02252231
v -0.02752770 -0.16929138 -0.01517147
v -0.06826368 -0.12355332 -0.09366581
v -0.06996588 -0.12876625 -0.07746115
v -0.05182945 -0.14239402 -0.03064254
v -0.03796989 -0.14688686 -0.02106718
v -0.01214905 -0.14213964 -0.00706761
v -0.02898462 -0.17884013 -0.01090260
v -0.10021209 -0.15210858 -0.12558961
v -0.08677892 -0.15945068 -0.13851075
v -0.07936914 -0.15575726 -0.13661416
v -0.08418574 -0.14724520 -0.12700510
v -0.06324404 -0.15207618 -0.13681820
v -0.01198072 -0.13526681 -0.00358748
v -0.01526076 -0.18252413 -0.01090552
v -0.01437133 -0.17173342 -0.01437174
v -0.01611892 -0.19121380 -0.00231055
v -0.00805494 -0.00389560 0.05635738
v -0.06861900 -0.03389740 -0.01833192
v -0.06832282 -0.04117876 -0.02587451
v -0.06477048 -0.05346455 -0.01877508
v -0.06587132 -0.04522929 -0.01087682
v -0.05959314 -0.06337998 -0.01135776
v -0.06255432 -0.05384434 -0.00532940
v -0.05322313 -0.07198028 -0.00296522
v -0.05763985 -0.06234011 0.00135847
v -0.04906734 -0.07817220 0.00627077
v -0.05385982 -0.06881351 0.00930176
v -0.03703380 -0.08671167 0.02892209
v -0.03575494 -0.09205967 0.02501260
v -0.03001687 -0.09669960 0.03354436
v -0.02951464 -0.09185937 0.03803538
v -0.02290182 -0.09958228 0.04056033
v -0.02209276 -0.09457944 0.04481636
v -0.01422813 -0.10026961 0.04434825
v -0.01370844 -0.09635254 0.04909364
v -0.00446501 -0.10097980 0.04629370
v -0.00397972 -0.09699729 0.05109166
v -0.00270912 -0.08606699 0.05389458
v -0.01124116 -0.08589354 0.05292015
v -0.01252073 -0.09119289 0.05188271
v -0.00354483 -0.09227025 0.05314675
v -0.01875353 -0.08410573 0.04955924
v -0.02063329 -0.08940925 0.04763127
v -0.02582216 -0.08184959 0.04396600
v -0.02786761 -0.08709813 0.04161343
v -0.03354392 -0.07756973 0.03671691
v -0.03574971 -0.08252048 0.03352006
v -0.03955210 -0.07170933 0.03236159
v -0.04254582 -0.07380753 0.02751520
v -0.01404848 -0.10304317 0.03717039
v -0.00468083 -0.10322668 0.03952641
v -0.02199227 -0.10247273 0.03348260
v -0.02854825 -0.09904991 0.02749280
v -0.03366222 -0.09546803 0.01981389
v -0.04418304 -0.08418744 0.01567264
v -0.03871606 -0.09145145 0.01146345
v -0.04470165 -0.08488384 0.00331184
v -0.04841223 -0.07811504 -0.00663969
v -0.05658004 -0.06902444 -0.01646745
v -0.06388503 -0.05817973 -0.02578818
v -0.06710726 -0.04561235 -0.03263146
v -0.07054519 -0.03329642 -0.03034394
v -0.01689963 -0.07979617 0.04974794
v -0.00972426 -0.08066598 0.05306091
v -0.02346630 -0.07757752 0.04475738
v -0.03050600 -0.07347490 0.03844652
v -0.03676154 -0.06797553 0.03570298
v -0.04076254 -0.05448327 0.03631125
v -0.04007205 -0.06129841 0.03508007
v -0.03729022 -0.04059201 0.04010078
v -0.03941684 -0.04778162 0.03870266
v -0.04446318 -0.03288254 0.03372915
v -0.04723702 -0.04313200 0.03023878
v -0.04306695 -0.04621675 0.03456613
v -0.04079226 -0.03727429 0.03674195
v -0.04767205 -0.02599022 0.03025413
v -0.05090317 -0.03785272 0.02601611
v -0.01315132 -0.10436502 0.03076836
v -0.00477208 -0.10439557 0.03175049
v -0.01984082 -0.10389443 0.02729341
v -0.02502163 -0.10146729 0.02160758
v -0.02841631 -0.09884086 0.01524205
v -0.03287507 -0.09650808 0.00830112
v -0.03701374 -0.09274071 0.00037382
v -0.04293257 -0.08665919 -0.00920570
v -0.05271518 -0.07683305 -0.02057190
v -0.06192920 -0.06295356 -0.03116090
v -0.06483716 -0.04976438 -0.03878417
v -0.02429221 -0.10481048 0.00522285
v -0.02073824 -0.10477615 0.01016627
v -0.01833668 -0.10662623 0.01490428
v -0.01579547 -0.10783217 0.01937262
v -0.01079533 -0.10819693 0.01882135
v -0.00431258 -0.10864994 0.01853730
v -0.00899312 -0.10893337 0.01230955
v -0.00342939 -0.10997335 0.01276316
v -0.01106772 -0.11053538 0.00906979
v -0.00294521 -0.11191593 0.01006404
v -0.01316091 -0.11322137 0.00715244
v -0.00268029 -0.11585702 0.00888733
v -0.04300225 -0.06370360 0.03071309
v -0.04651584 -0.06349798 0.02523500
v -0.04814803 -0.05333113 0.02679882
v -0.05269097 -0.04970188 0.02173728
v -0.05106564 -0.06157747 0.01911576
v -0.04451925 -0.05537942 0.03205494
v -0.05626272 -0.05715849 0.01218580
v -0.05693895 -0.04439188 0.01640068
v -0.05454056 -0.03086812 0.02223082
v -0.05984654 -0.03746107 0.01156347
v -0.05988822 -0.05067196 0.00542660
v -0.05781881 -0.02577977 0.01805097
v -0.06061730 -0.02068603 0.01438619
v -0.06220276 -0.03207775 0.00728807
v -0.06308993 -0.04320327 0.00102426
v -0.04733592 -0.07532388 0.01881905
v -0.06547951 -0.03660283 -0.00402961
v -0.06255426 -0.01627033 0.00992480
v -0.06402959 -0.02606017 0.00267809
v -0.06508470 -0.01058897 0.00437229
v -0.06673200 -0.01974878 -0.00454757
v -0.06796824 -0.02767353 -0.01205913
v -0.07115724 -0.02521287 -0.02619521
v -0.00256877 -0.08096284 0.05430955
v -0.06461776 -0.03417712 -0.05344128
v -0.02283892 -0.02965192 0.04935912
v -0.01806091 -0.02663118 0.05327018
v -0.01313864 -0.02536533 0.05715115
v -0.00881721 -0.02487928 0.06010537
v -0.00424226 -0.02540483 0.06114179
v -0.00198574 -0.12656105 0.00578657
v -0.00047360 0.04037862 0.04879131
v -0.00230600 -0.12002833 0.00853757
v -0.00152433 -0.06382921 0.03828283
v -0.00079881 0.12518860 -0.02731460
v -0.00228330 -0.07638483 0.05428696
v -0.00098784 -0.05849396 0.04107538
v -0.00001893 0.00549798 0.06893413
v -0.00192630 -0.07159657 0.05459353
v -0.00025299 -0.05550662 0.05976296
v 0.00039014 -0.04872029 0.05737219
v -0.00001532 0.07510825 0.03529157
v 0.00011399 -0.05149268 0.05863472
v -0.00001030 -0.02258978 0.06096432
v -0.00001954 0.00176058 0.07268596
v 0.00041929 -0.04748846 0.05521432
v -0.00077713 -0.04834904 -0.11799497
v -0.00089711 -0.06114611 0.05783701
v -0.00038371 -0.05194079 0.04633569
v 0.00030984 -0.04739400 0.05316352
v -0.00003162 -0.04760163 0.04035904
v -0.00002867 -0.02695844 0.06150197
v 0.00038528 0.02176084 0.05452392
v -0.00083448 -0.00902452 -0.14101064
v 0.00018752 0.01923959 0.05728028
v -0.00054839 0.09884633 0.01962150
v -0.00024684 0.08524960 0.03017569
v -0.00002234 0.00912842 0.06536404
v -0.00060285 0.05513123 -0.15169351
v -0.00056034 0.07192902 -0.14800930
v -0.00079282 0.05899071 0.04200742
v -0.00067476 0.12526153 -0.08851049
v 0.00000304 -0.00217480 0.07489247
v -0.00021074 -0.01494815 0.06616818
v -0.00076348 0.11620772 -0.00381515
v -0.00072606 0.02004738 -0.15047166
v -0.00055353 0.11639521 -0.11234743
v -0.00008618 -0.05129109 0.05578481
v -0.00078555 0.12102186 -0.01500670
v 0.00009880 -0.05255796 0.05382397
v -0.00040038 -0.01103194 0.07323239
v -0.00079187 0.00394468 -0.14679988
v -0.00066731 0.03408660 -0.15188186
v -0.00049035 -0.03648135 0.06018854
v -0.00035541 -0.03028112 0.06135129
v -0.00059794 0.12178582 -0.10080114
v -0.00069490 0.04671857 0.04773981
v -0.00038573 -0.04080274 0.05948193
v 0.00002881 0.02959457 0.04941351
v -0.00027979 -0.04459473 0.05912148
v -0.00175635 -0.13172269 0.00254082
v -0.00051580 0.09622905 -0.13447532
v -0.00019886 -0.04787823 0.05755818
v 0.00012182 -0.05068627 0.04696342
v 0.00017184 0.01271610 0.06215581
v 0.00003376 -0.04915267 0.04351405
v -0.00027446 0.06596709 0.03833122
v -0.00004910 -0.01879222 0.06178907
v -0.00010322 -0.01784662 0.06242947
v 0.00013621 0.02758749 0.05060304
v -0.00041224 0.09232932 0.02548568
v 0.00005387 0.03188397 0.04887287
v 0.00004965 -0.01993817 0.06135101
v -0.00053357 0.08684461 -0.14110848
v -0.00076217 0.12944430 -0.07160094
v -0.00077201 0.13014078 -0.05860890
v 0.00038176 0.02485182 0.05280996
v 0.00026960 0.01643924 0.05962728
v -0.00074947 -0.05803864 -0.11640837
v -0.00024131 -0.00805114 0.07518675
v -0.00014478 -0.00532990 0.07537248
v -0.00071213 0.11063353 0.00565857
v -0.00085074 -0.01873574 -0.13619372
v -0.00078877 0.12898657 -0.04200180
v -0.00065208 0.10482933 0.01316172
v -0.00082923 -0.03666737 -0.12487147
v -0.00085254 -0.02652971 -0.13217600
v -0.00030843 -0.01205296 0.07165562
v -0.00019558 0.03469015 0.04827399
v -0.00019560 -0.01367624 0.06891286
v -0.00052315 0.10894857 -0.12309209
v -0.00018540 -0.01655807 0.06387702
v 0.00782045 -0.00564543 0.05581260
v 0.06729595 -0.03657831 -0.01775879
v 0.06649579 -0.04356789 -0.02565252
v 0.06249720 -0.05596727 -0.01846772
v 0.06421199 -0.04827966 -0.01044341
v 0.05703995 -0.06665758 -0.01170597
v 0.06068930 -0.05754613 -0.00560277
v 0.05072448 -0.07584048 -0.00398928
v 0.05558382 -0.06629478 0.00117421
v -0.00468343 -0.01120505 0.07089299
v -0.00349766 -0.01266746 0.06868044
v 0.04567093 -0.08237989 0.00553403
v 0.05091355 -0.07271849 0.00867010
v -0.01472256 0.02470619 0.03529465
v -0.00930752 -0.01500980 0.05814700
v -0.00793925 0.00742179 0.06257092
v -0.01396610 0.02465514 0.03599089
v 0.03081942 -0.09071770 0.02822416
v 0.02957282 -0.09538586 0.02457344
v 0.02191860 -0.09964527 0.03309672
v 0.02234871 -0.09549320 0.03779390
v -0.01224295 -0.01484677 0.05707029
v 0.01417932 -0.10200565 0.04020754
v 0.01455077 -0.09720570 0.04447994
v 0.00542401 -0.10186897 0.04409284
v 0.00589110 -0.09783009 0.04872768
v -0.00725920 0.01375251 0.05660055
v -0.00944334 0.02256019 0.04461804
v 0.00548387 -0.08696564 0.05304529
v 0.00567367 -0.09246193 0.05169487
v -0.00742985 0.01050549 0.05964788
v -0.01884546 -0.01092303 0.05759649
v -0.01678113 -0.01412170 0.05617632
v -0.00780946 -0.00591258 0.07277942
v -0.00845061 -0.00345129 0.07152648
v 0.01307630 -0.08670022 0.04937370
v -0.00860404 -0.00865835 0.07105085
v -0.00542675 -0.01022094 0.07179998
v 0.01426796 -0.09206338 0.04734689
v -0.01457183 0.02462247 0.03575756
v -0.02601385 0.02559607 0.02948076
v -0.00709396 -0.00779781 0.07293865
v -0.00357401 -0.00961286 0.07350582
v -0.01738914 0.02556518 0.03347385
v -0.01458472 0.02475581 0.03551568
v -0.01373184 -0.00709193 0.06609814
v -0.00802597 0.02141355 0.04867249
v 0.01985799 -0.08530885 0.04351377
v 0.02128909 -0.09115306 0.04134886
v 0.02816328 -0.08220755 0.03626516
v 0.02993967 -0.08683509 0.03295413
v -0.01688411 -0.00828365 0.06177181
v 0.03564411 -0.07611129 0.03190366
v 0.03806712 -0.07797751 0.02655444
v 0.00482837 -0.10459433 0.03710309
v -0.01526068 0.02469811 0.03576290
v -0.01567095 0.02486907 0.03586255
v -0.00871059 0.00395009 0.06579100
v 0.01300925 -0.10455225 0.03316254
v 0.02055831 -0.10159127 0.02685194
v 0.02656693 -0.09810765 0.01920798
v 0.03963379 -0.08819360 0.01492807
v -0.02009936 0.02517649 0.03434960
v -0.00322188 -0.01480580 0.06353763
v -0.01166924 -0.00785555 0.06843998
v -0.00990816 -0.00828668 0.06988186
v -0.00396374 -0.01574405 0.06143128
v 0.03357609 -0.09415886 0.01098384
v 0.04087818 -0.08834594 0.00250751
v -0.01160748 0.02421000 0.03765469
v 0.04585719 -0.08156577 -0.00792759
v -0.00751949 0.01925654 0.05196838
v -0.00739704 0.01673852 0.05465556
v 0.05358681 -0.07188355 -0.01728583
v 0.06056985 -0.06005384 -0.02567800
v -0.00302139 -0.01374433 0.06615327
v 0.06484059 -0.04750751 -0.03275773
v 0.06875426 -0.03550623 -0.03012656
v 0.01184196 -0.08205859 0.04983336
v 0.00510052 -0.08204243 0.05345802
v 0.01857715 -0.08056583 0.04472581
v -0.00863383 0.00013546 0.06909171
v 0.02619665 -0.07761144 0.03834190
v 0.03364124 -0.07227249 0.03552273
v 0.03978052 -0.05849073 0.03575848
v -0.00671283 -0.01497573 0.05966336
v 0.03798468 -0.06555133 0.03465356
v 0.03766911 -0.04335936 0.04038500
v 0.03912700 -0.05130815 0.03902088
v 0.04478401 -0.03548382 0.03374476
v 0.04698391 -0.04639597 0.03019513
v 0.04301959 -0.04984628 0.03495981
v -0.00039665 -0.00981615 0.07442284
v -0.00616742 -0.00914473 0.07240369
v 0.04133036 -0.03995442 0.03714771
v 0.04797332 -0.02851989 0.03056945
v 0.05045630 -0.04051419 0.02683281
v 0.00370546 -0.10502727 0.03034813
v -0.02727781 0.03357124 0.04116608
v -0.02742674 0.03315522 0.03959543
v 0.01054094 -0.10509732 0.02682718
v 0.01677649 -0.10299633 0.02110358
v 0.02130061 -0.10038410 0.01463547
v 0.02676350 -0.09815538 0.00759786
v 0.03269135 -0.09402657 -0.00053074
v 0.03966860 -0.08843664 -0.01043587
v -0.02081882 0.03626052 0.04379873
v -0.00450311 0.03776057 0.04700668
v -0.00940005 0.03730770 0.04615225
v 0.04883339 -0.07863169 -0.02186089
v -0.02775810 0.03466796 0.03750004
v -0.02796834 0.03214919 0.03739368
v -0.02746683 0.03278498 0.03822843
v -0.02786151 0.03357283 0.03884841
v -0.02811453 0.03444023 0.03825451
v 0.05808507 -0.06429443 -0.03150452
v -0.02779824 0.03431263 0.03552348
v 0.06145964 -0.05074709 -0.03890834
v -0.02726660 0.03519116 0.03552474
v 0.01859751 -0.10524341 0.00450247
v -0.02527396 0.03557909 0.04200114
v 0.01362872 -0.10495768 0.00954938
v 0.00994998 -0.10740474 0.01445569
v -0.02765226 0.03509568 0.03637242
v -0.02782649 0.03112504 0.03569115
v 0.00687537 -0.10849512 0.01890187
v -0.02890334 0.02846710 0.03030749
v 0.00199179 -0.10885085 0.01865212
v -0.00027140 0.03746295 0.04892414
v -0.01984114 0.04571936 0.04497603
v -0.04936113 0.04195986 0.02545380
v 0.00199511 -0.10966211 0.01229042
v -0.05314688 0.03701102 0.02302224
v 0.00447374 -0.11170434 0.00935879
v -0.04626595 0.00679169 0.02855836
v -0.04910819 0.00762761 0.02623340
v -0.01720261 0.03927348 0.04688025
v 0.00719519 -0.11422560 0.00782754
v 0.04059270 -0.06815074 0.03035025
v 0.04404173 -0.06783190 0.02478474
v 0.04737260 -0.05712626 0.02632236
v 0.05193071 -0.05280694 0.02198372
v -0.02497695 0.06460047 0.03350769
v -0.03064048 0.11160755 -0.00944948
v -0.02400417 0.05785647 0.03870217
v -0.03744718 0.04817465 0.03527916
v 0.04926299 -0.06566778 0.01898186
v -0.03066944 0.10668750 -0.00090964
v 0.04318090 -0.05937918 0.03139618
v 0.05480508 -0.06113389 0.01259238
v 0.05596622 -0.04794573 0.01701092
v 0.05456803 -0.03371570 0.02316688
v 0.05900930 -0.04124729 0.01192621
v -0.04438533 0.04611902 0.02941986
v 0.05821193 -0.05448734 0.00548447
v -0.05438704 0.01264726 0.01900158
v -0.00663836 0.05241199 0.04570265
v -0.05612661 0.01774262 0.01641460
v 0.05778727 -0.02893702 0.01870744
v -0.01411363 0.05216972 0.04538466
v -0.02767913 0.12364817 -0.06998665
v 0.06050688 -0.02412189 0.01451303
v 0.06122669 -0.03560751 0.00773825
v 0.06125350 -0.04676351 0.00103959
v 0.04353458 -0.07927781 0.01786035
v -0.01222181 0.03503616 0.04330783
v 0.06397923 -0.03987798 -0.00343974
v -0.03676089 0.00896549 0.03518656
v -0.03971048 0.00819029 0.03341436
v 0.06306909 -0.01947873 0.01026371
v -0.03146999 0.12311782 -0.05901272
v -0.05327869 0.01067693 0.02106475
v -0.02883399 0.08247571 0.02461630
v -0.00904343 0.03008188 0.04150592
v -0.01043052 0.03267636 0.04136267
v -0.02975275 0.08937484 0.01916255
v 0.06336670 -0.02936450 0.00339623
v 0.06519989 -0.01319798 0.00483737
v 0.06643251 -0.02254835 -0.00388431
v -0.03025032 0.09565998 0.01286051
v 0.06710631 -0.03061120 -0.01103994
v 0.06943446 -0.02743031 -0.02585228
v -0.03108813 0.11604584 -0.01954709
v -0.02066820 0.01394056 0.03861857
v 0.06353407 -0.03502880 -0.05356849
v 0.02324064 -0.03115472 0.05011829
v 0.01807165 -0.02790588 0.05389635
v -0.05557498 0.03219081 0.02021035
v -0.05679613 0.02719754 0.01837133
v -0.03195734 0.12215990 -0.04547787
v -0.02905045 0.01061387 0.03770278
v -0.05644238 0.02223836 0.01685989
v -0.01610056 0.12572844 -0.07798743
v 0.01276087 -0.02666282 0.05741005
v -0.05140661 0.00877975 0.02359808
v 0.00849949 -0.02566998 0.06029088
v 0.00410822 -0.02568565 0.06093370
v -0.03045060 0.04975804 0.03967932
v -0.03303207 0.00972770 0.03662534
v -0.00859999 0.02732270 0.04141000
v -0.01706831 0.01671372 0.03903138
v -0.01385048 0.01960929 0.03946690
v -0.03049585 0.10137019 0.00637550
v -0.01140431 0.02219287 0.04035970
v -0.00972386 0.02463419 0.04131669
v -0.02481090 0.01210539 0.03865480
v -0.02736060 0.07320573 0.03019771
v -0.03140255 0.11961231 -0.03179211
v -0.04306712 0.00757283 0.03132733
v -0.00074401 0.12701783 -0.08085199
v -0.00081610 0.05269841 0.04545353
v -0.01059506 0.02341096 0.04109569
v -0.01497107 0.03693814 0.04587260
v -0.02236649 0.05141628 0.04332927
v -0.00137513 -0.06600528 0.05577077
v -0.02737681 -0.04352188 0.04559425
v -0.02874186 -0.04623614 0.04371466
v -0.02920903 -0.05332100 0.04090655
v -0.01989967 -0.03752293 0.05201371
v -0.02419448 -0.04048301 0.04801247
v -0.01948673 -0.06343435 0.04831840
v -0.02969109 -0.04883148 0.04272563
v -0.01389900 -0.06462753 0.05208233
v -0.03016371 -0.05102152 0.04179104
v -0.00802275 -0.06455337 0.05483276
v -0.00043287 -0.03294164 0.06123557
v -0.01001890 -0.03337806 0.05942143
v -0.00515542 -0.03220950 0.06118814
v -0.01504085 -0.03511597 0.05591666
v -0.02704144 -0.05656261 0.04095501
v -0.02407592 -0.06070231 0.04343599
v 0.00447127 -0.01175717 0.07079801
v 0.00335133 -0.01327778 0.06858179
v 0.01539285 0.02435073 0.03541050
v 0.00878061 -0.01614766 0.05777394
v 0.00768891 0.00711184 0.06192049
v 0.01482458 0.02418815 0.03605921
v 0.01172136 -0.01580759 0.05651786
v 0.00715270 0.01362374 0.05621042
v 0.00997325 0.02222535 0.04459341
v 0.00707058 0.01021686 0.05900350
v 0.01873850 -0.01152864 0.05718174
v 0.01631477 -0.01494858 0.05563444
v 0.00754054 -0.00627684 0.07246034
v 0.00841648 -0.00366002 0.07111731
v 0.00800759 -0.00906119 0.07073928
v 0.00503520 -0.01069175 0.07167570
v 0.01547196 0.02363233 0.03651290
v 0.02681031 0.02436216 0.03036516
v 0.00674830 -0.00812884 0.07278057
v 0.00309184 -0.00978734 0.07339703
v 0.01850557 0.02439858 0.03425070
v 0.01533670 0.02409432 0.03591182
v 0.01327967 -0.00715525 0.06571288
v 0.00838491 0.02133834 0.04858281
v 0.01674254 -0.00863294 0.06158959
v 0.01616526 0.02368755 0.03647771
v 0.01654406 0.02385940 0.03656421
v 0.00831384 0.00351286 0.06506838
v 0.02116426 0.02373152 0.03502985
v 0.00289421 -0.01541290 0.06331398
v 0.01100691 -0.00802239 0.06799258
v 0.00951435 -0.00875129 0.06956650
v 0.00359950 -0.01656491 0.06115757
v 0.01255949 0.02361899 0.03765365
v 0.00774473 0.01912191 0.05178185
v 0.00726308 0.01647656 0.05431791
v 0.00289007 -0.01445557 0.06597904
v 0.00875427 -0.00001450 0.06863441
v 0.00642482 -0.01605690 0.05951332
v 0.00563211 -0.00949223 0.07220909
v 0.02733050 0.03500061 0.04098551
v 0.02776271 0.03343699 0.03936479
v 0.02012688 0.03718596 0.04396051
v 0.00418133 0.03698933 0.04763201
v 0.00874565 0.03735130 0.04673635
v 0.02850116 0.03312132 0.03857634
v 0.02856851 0.03077966 0.03825583
v 0.02771626 0.03242318 0.03694668
v 0.02859611 0.03182849 0.03978218
v 0.02887824 0.03275750 0.03929636
v 0.02802974 0.03314363 0.03584072
v 0.02767253 0.03448703 0.03630937
v 0.02511112 0.03650178 0.04242590
v 0.02814322 0.03411558 0.03706768
v 0.02859874 0.02972967 0.03652005
v 0.02975754 0.02727523 0.03124004
v 0.01880242 0.04650598 0.04586507
v 0.04807743 0.04347468 0.02583048
v 0.05230817 0.03840148 0.02355748
v 0.04643351 0.00600451 0.02840606
v 0.04937001 0.00656997 0.02621058
v 0.01584155 0.04052644 0.04645293
v 0.02353410 0.06516488 0.03416624
v 0.02915092 0.11161017 -0.00963552
v 0.02199736 0.05820307 0.03853671
v 0.03582516 0.04946094 0.03510502
v 0.02921058 0.10661820 -0.00113118
v 0.04309189 0.04729836 0.02968517
v 0.05463596 0.01126113 0.01922555
v 0.00536050 0.05271309 0.04546806
v 0.05656129 0.01682850 0.01676285
v 0.01327753 0.05299650 0.04596226
v 0.02629639 0.12373369 -0.07006222
v 0.01195574 0.03488253 0.04336219
v 0.03708854 0.00867485 0.03476900
v 0.03986569 0.00771577 0.03293287
v 0.03003592 0.12322345 -0.05911388
v 0.05320078 0.00914096 0.02094894
v 0.02786408 0.08244318 0.02417202
v 0.00893128 0.02986507 0.04120282
v 0.01021378 0.03230259 0.04119964
v 0.02872555 0.08908305 0.01896205
v 0.02905265 0.09546932 0.01263415
v 0.02957426 0.11610769 -0.01971192
v 0.02127735 0.01355596 0.03797841
v 0.05496391 0.03322430 0.02040742
v 0.05686822 0.02761874 0.01894670
v 0.03048591 0.12226390 -0.04560558
v 0.02955439 0.01044346 0.03694542
v 0.05707891 0.02216682 0.01729224
v 0.01465942 0.12575999 -0.07802848
v 0.05154593 0.00748212 0.02359783
v 0.02841051 0.05085795 0.03958233
v 0.03337678 0.00949093 0.03602389
v 0.00951030 0.02688761 0.04149092
v 0.01742305 0.01616436 0.03867381
v 0.01434584 0.01906092 0.03914869
v 0.02911977 0.10122489 0.00612451
v 0.01235279 0.02191362 0.04032504
v 0.01055344 0.02421323 0.04136026
v 0.02509377 0.01168146 0.03768137
v 0.02653728 0.07344160 0.02990056
v 0.02990034 0.11970608 -0.03193982
v 0.04306954 0.00678892 0.03066871
v 0.01134899 0.02301421 0.04108069
v 0.01411519 0.03729902 0.04491700
v 0.02098486 0.05237694 0.04382314
v 0.02779889 -0.04641455 0.04604422
v 0.02906552 -0.04982772 0.04403498
v 0.02802480 -0.05750333 0.04101114
v 0.02028544 -0.03879511 0.05240208
v 0.02465296 -0.04259734 0.04858891
v 0.01654490 -0.06540801 0.04798725
v 0.02913096 -0.05269926 0.04245081
v 0.01092511 -0.06551118 0.05177919
v 0.02927241 -0.05513608 0.04145725
v 0.00500567 -0.06513678 0.05456525
v 0.00951130 -0.03437356 0.05921861
v 0.00432807 -0.03261616 0.06142812
v 0.01468557 -0.03630670 0.05590179
v 0.02506591 -0.06056132 0.04070823
v 0.02161518 -0.06389727 0.04326873
v 0.03055190 0.02511381 0.02590622
v -0.02970347 0.02593637 0.02484293
v 0.02927974 0.02391989 0.03739860
v 0.02769323 0.02392829 0.03697194
v 0.02622508 0.02394862 0.03624806
v 0.02500398 0.02397702 0.03528301
v 0.02932404 0.02423601 0.03737764
v 0.02776966 0.02455308 0.03696065
v 0.02633546 0.02485439 0.03624350
v 0.02513859 0.02511689 0.03528697
v 0.02942110 0.02454116 0.03737757
v 0.02797070 0.02514858 0.03694082
v 0.02662904 0.02571871 0.03621855
v 0.02549656 0.02620881 0.03528184
v 0.02957972 0.02482089 0.03736918
v 0.02827742 0.02569776 0.03693786
v 0.02707339 0.02651534 0.03620986
v 0.02606124 0.02721171 0.03526627
v 0.02978926 0.02506454 0.03735470
v 0.02868318 0.02617608 0.03692210
v 0.02766153 0.02721283 0.03620048
v 0.02680229 0.02809245 0.03525770
v 0.03003831 0.02526652 0.03735312
v 0.02917345 0.02656981 0.03691054
v 0.02837051 0.02778066 0.03618262
v 0.02769247 0.02879767 0.03522072
v 0.03032277 0.02541401 0.03734098
v 0.02972795 0.02685945 0.03689384
v 0.02917279 0.02819842 0.03616200
v 0.02870605 0.02932407 0.03518863
v 0.03063128 0.02550513 0.03732767
v 0.03032939 0.02704011 0.03688345
v 0.03004677 0.02845774 0.03614362
v 0.02980775 0.02964053 0.03515633
v 0.03094540 0.02553444 0.03731980
v 0.03094848 0.02709865 0.03686877
v 0.03094467 0.02853735 0.03611722
v 0.03094709 0.02974377 0.03512659
v 0.03126127 0.02550274 0.03730629
v 0.03157036 0.02703746 0.03685198
v 0.03184703 0.02844841 0.03609739
v 0.03207703 0.02962386 0.03510902
v 0.03156432 0.02540909 0.03730050
v 0.03216039 0.02685099 0.03683421
v 0.03271054 0.02818432 0.03607903
v 0.03317060 0.02929164 0.03509628
v 0.03184184 0.02525921 0.03728322
v 0.03270770 0.02655562 0.03680990
v 0.03350514 0.02775539 0.03605619
v 0.03417427 0.02875994 0.03507777
v 0.03208524 0.02505795 0.03727799
v 0.03318471 0.02616019 0.03679738
v 0.03420274 0.02718522 0.03603643
v 0.03506211 0.02804950 0.03505864
v 0.03228387 0.02481389 0.03726086
v 0.03357669 0.02568193 0.03677588
v 0.03477440 0.02649063 0.03601505
v 0.03577774 0.02716986 0.03502935
v 0.03243281 0.02453658 0.03725990
v 0.03386853 0.02513338 0.03676690
v 0.03519736 0.02569180 0.03599132
v 0.03631289 0.02616709 0.03500361
v 0.03252116 0.02423442 0.03724321
v 0.03404455 0.02454136 0.03674018
v 0.03545872 0.02482843 0.03596838
v 0.03664325 0.02507989 0.03498499
v 0.03255440 0.02392070 0.03724637
v 0.03411021 0.02392395 0.03674101
v 0.03554931 0.02392989 0.03595371
v 0.03676517 0.02394387 0.03497103
v 0.03252233 0.02360753 0.03723638
v 0.03405196 0.02330288 0.03673498
v 0.03546691 0.02303351 0.03594957
v 0.03665019 0.02280753 0.03495381
v 0.03243804 0.02329747 0.03725725
v 0.03388180 0.02269911 0.03675796
v 0.03522008 0.02216014 0.03597619
v 0.03633026 0.02171680 0.03496347
v 0.03229413 0.02301234 0.03726804
v 0.03360164 0.02214031 0.03678425
v 0.03481277 0.02134821 0.03601276
v 0.03582525 0.02069928 0.03500704
v 0.03209683 0.02276354 0.03728489
v 0.03321160 0.02165192 0.03680482
v 0.03425214 0.02063486 0.03604480
v 0.03512390 0.01980444 0.03503523
v 0.03185634 0.02255610 0.03730026
v 0.03274077 0.02124521 0.03683802
v 0.03355672 0.02005034 0.03606821
v 0.03423774 0.01906852 0.03504535
v 0.03157376 0.02240583 0.03730736
v 0.03218179 0.02095638 0.03683193
v 0.03274991 0.01962803 0.03606426
v 0.03322377 0.01853214 0.03505323
v 0.03126771 0.02231050 0.03732284
v 0.03158526 0.02077199 0.03685142
v 0.03187856 0.01937004 0.03606780
v 0.03212061 0.01820760 0.03505853
v 0.03094602 0.02228163 0.03732351
v 0.03095289 0.02071567 0.03685043
v 0.03096821 0.01928214 0.03607136
v 0.03097762 0.01810943 0.03505075
v 0.03062498 0.02231197 0.03733975
v 0.03032348 0.02077797 0.03687200
v 0.03005432 0.01937797 0.03608647
v 0.02982434 0.01822874 0.03506602
v 0.03031299 0.02240743 0.03733927
v 0.02971363 0.02096307 0.03687644
v 0.02916766 0.01964420 0.03610736
v 0.02872515 0.01856537 0.03507761
v 0.03002290 0.02255585 0.03736448
v 0.02914794 0.02125777 0.03690920
v 0.02835059 0.02007390 0.03613511
v 0.02769447 0.01910250 0.03512716
v 0.02977208 0.02276184 0.03736165
v 0.02865483 0.02165847 0.03691247
v 0.02762917 0.02065280 0.03616298
v 0.02677603 0.01982633 0.03517545
v 0.02955747 0.02300688 0.03738917
v 0.02823798 0.02214037 0.03695494
v 0.02702964 0.02135367 0.03619982
v 0.02602223 0.02071378 0.03521377
v 0.03094171 0.02392015 0.03747095
v 0.02940433 0.02329260 0.03738997
v 0.02794152 0.02269861 0.03695163
v 0.02659166 0.02216186 0.03621625
v 0.02545460 0.02172491 0.03525593
v 0.02931463 0.02360122 0.03738537
v 0.02775168 0.02330144 0.03696486
v 0.02631055 0.02303575 0.03624840
v 0.02511291 0.02282835 0.03527801
v 0.02382739 0.02400278 0.03444710
v 0.02201475 0.02404752 0.03300633
v 0.02048757 0.02409359 0.03109120
v 0.01936372 0.02410376 0.02891146
v 0.01867612 0.02411635 0.02653953
v 0.01848651 0.02414178 0.02406125
v 0.01870783 0.02414020 0.02159726
v 0.01942997 0.02415069 0.01917493
v 0.02058907 0.02417290 0.01698785
v 0.02214983 0.02419381 0.01507431
v 0.02405032 0.02421099 0.01350340
v 0.02622216 0.02422537 0.01233188
v 0.02857629 0.02423497 0.01160821
v 0.02399388 0.02537615 0.03444960
v 0.02221657 0.02575624 0.03301753
v 0.02071425 0.02611605 0.03110276
v 0.01959728 0.02634348 0.02893676
v 0.01893020 0.02649704 0.02655953
v 0.01871279 0.02655052 0.02408966
v 0.01894242 0.02651375 0.02162486
v 0.01962096 0.02636889 0.01925689
v 0.02078621 0.02620634 0.01700624
v 0.02231984 0.02592441 0.01508828
v 0.02418357 0.02557097 0.01351523
v 0.02630943 0.02516099 0.01234248
v 0.02862113 0.02471172 0.01161361
v 0.02442022 0.02668961 0.03444519
v 0.02275656 0.02741287 0.03300906
v 0.02135559 0.02804159 0.03110703
v 0.02030258 0.02850287 0.02894170
v 0.01966009 0.02878745 0.02657296
v 0.01943743 0.02888851 0.02410905
v 0.01964804 0.02881921 0.02164875
v 0.02029041 0.02855780 0.01927313
v 0.02137722 0.02816345 0.01701981
v 0.02282060 0.02758922 0.01510153
v 0.02457877 0.02687792 0.01352487
v 0.02658557 0.02606275 0.01234682
v 0.02876193 0.02517172 0.01161559
v 0.02509371 0.02789446 0.03444773
v 0.02360623 0.02892487 0.03298631
v 0.02234871 0.02981905 0.03112422
v 0.02139885 0.03048528 0.02895884
v 0.02080972 0.03089999 0.02659773
v 0.02060790 0.03105698 0.02412797
v 0.02079578 0.03094420 0.02166622
v 0.02137889 0.03057688 0.01928295
v 0.02233857 0.02996698 0.01703099
v 0.02363520 0.02912144 0.01511215
v 0.02521879 0.02808264 0.01353286
v 0.02702464 0.02689113 0.01235433
v 0.02898496 0.02559429 0.01161943
v 0.02597567 0.02894437 0.03442989
v 0.02474339 0.03021323 0.03297294
v 0.02368798 0.03138150 0.03115087
v 0.02286562 0.03221335 0.02897558
v 0.02235419 0.03274250 0.02660978
v 0.02217950 0.03294881 0.02414738
v 0.02233944 0.03281490 0.02168481
v 0.02283758 0.03236007 0.01930777
v 0.02363404 0.03154721 0.01704350
v 0.02473865 0.03046557 0.01512036
v 0.02608450 0.02913940 0.01353692
v 0.02762167 0.02761985 0.01235670
v 0.02929116 0.02596503 0.01161992
v 0.02703153 0.02981094 0.03440283
v 0.02610451 0.03129768 0.03298516
v 0.02531472 0.03263334 0.03116436
v 0.02464261 0.03362785 0.02899048
v 0.02423339 0.03426297 0.02662560
v 0.02409131 0.03451106 0.02416936
v 0.02421786 0.03435718 0.02170338
v 0.02460247 0.03381038 0.01932739
v 0.02523279 0.03288746 0.01712389
v 0.02608307 0.03156970 0.01512559
v 0.02714184 0.03000698 0.01353834
v 0.02834977 0.02821692 0.01235713
v 0.02965999 0.02626969 0.01162085
v 0.02824870 0.03043037 0.03436505
v 0.02764605 0.03211428 0.03297461
v 0.02713034 0.03355449 0.03116698
v 0.02666103 0.03468223 0.02899434
v 0.02637009 0.03539639 0.02664112
v 0.02627009 0.03567054 0.02417825
v 0.02634576 0.03549675 0.02171897
v 0.02661560 0.03489053 0.01933974
v 0.02705436 0.03387339 0.01714092
v 0.02761744 0.03239090 0.01512402
v 0.02834877 0.03065191 0.01353731
v 0.02918121 0.02866141 0.01235702
v 0.03008515 0.02649627 0.01162013
v 0.02959363 0.03079891 0.03428335
v 0.02929247 0.03261600 0.03299312
v 0.02906011 0.03415682 0.03119099
v 0.02882096 0.03534078 0.02900118
v 0.02867674 0.03609734 0.02664473
v 0.02862805 0.03638852 0.02418392
v 0.02866380 0.03620371 0.02172153
v 0.02879448 0.03555281 0.01934122
v 0.02901378 0.03446101 0.01714296
v 0.02928283 0.03289624 0.01512101
v 0.02965421 0.03104799 0.01353548
v 0.03007931 0.02893470 0.01235482
v 0.03054320 0.02663547 0.01161934
v 0.03097393 0.03090848 0.03424742
v 0.03100904 0.03278175 0.03295407
v 0.03105059 0.03439111 0.03120094
v 0.03104932 0.03557738 0.02900411
v 0.03105186 0.03633035 0.02663460
v 0.03109099 0.03664232 0.02417086
v 0.03105886 0.03644134 0.02171306
v 0.03104906 0.03577369 0.01933635
v 0.03104492 0.03465686 0.01713835
v 0.03104305 0.03313104 0.01520089
v 0.03101246 0.03118305 0.01353352
v 0.03101583 0.02902742 0.01235161
v 0.03101976 0.02668262 0.01161725
v 0.03230878 0.03078126 0.03422620
v 0.03271795 0.03258602 0.03293008
v 0.03304322 0.03415560 0.03113041
v 0.03327628 0.03536741 0.02899065
v 0.03343233 0.03610237 0.02661643
v 0.03348545 0.03638964 0.02415607
v 0.03344295 0.03620502 0.02169620
v 0.03329894 0.03554744 0.01932331
v 0.03307059 0.03444966 0.01712355
v 0.03276827 0.03295678 0.01519072
v 0.03236993 0.03104999 0.01353018
v 0.03194985 0.02893458 0.01234754
v 0.03149640 0.02663546 0.01161365
v 0.03361915 0.03036437 0.03421669
v 0.03434431 0.03207337 0.03286718
v 0.03497495 0.03351861 0.03102647
v 0.03542386 0.03470476 0.02893995
v 0.03571397 0.03540265 0.02658026
v 0.03580907 0.03566951 0.02412329
v 0.03572717 0.03549656 0.02166792
v 0.03545757 0.03488183 0.01929918
v 0.03501759 0.03385272 0.01710515
v 0.03442651 0.03244811 0.01517621
v 0.03370380 0.03072087 0.01357903
v 0.03285141 0.02866217 0.01234225
v 0.03195669 0.02649676 0.01161065
v 0.03483267 0.02975319 0.03422624
v 0.03586759 0.03127265 0.03281777
v 0.03674740 0.03258381 0.03096462
v 0.03739581 0.03360870 0.02885436
v 0.03781172 0.03425839 0.02652517
v 0.03795579 0.03450667 0.02408278
v 0.03783628 0.03435700 0.02163523
v 0.03744767 0.03380837 0.01926991
v 0.03681182 0.03288587 0.01708176
v 0.03595220 0.03162427 0.01515467
v 0.03490435 0.03007272 0.01356303
v 0.03367756 0.02822023 0.01233769
v 0.03237765 0.02627077 0.01160598
v 0.03589461 0.02888877 0.03420988
v 0.03719433 0.03020406 0.03277226
v 0.03831450 0.03131295 0.03093189
v 0.03914322 0.03217925 0.02880298
v 0.03965579 0.03272933 0.02646951
v 0.03983953 0.03294809 0.02403686
v 0.03968538 0.03282597 0.02159396
v 0.03919324 0.03236688 0.01923729
v 0.03838364 0.03158823 0.01705492
v 0.03729045 0.03051925 0.01513373
v 0.03595573 0.02920441 0.01354630
v 0.03443415 0.02769214 0.01235465
v 0.03274836 0.02596708 0.01160362
v 0.03676603 0.02783938 0.03418978
v 0.03829176 0.02887174 0.03275399
v 0.03959594 0.02974597 0.03088241
v 0.04056741 0.03042663 0.02873860
v 0.04117453 0.03087701 0.02641393
v 0.04139123 0.03105694 0.02398841
v 0.04120748 0.03096611 0.02155087
v 0.04062755 0.03061263 0.01919968
v 0.03967555 0.03000806 0.01702452
v 0.03838832 0.02917454 0.01510774
v 0.03681995 0.02814559 0.01352674
v 0.03502961 0.02696403 0.01234100
v 0.03305151 0.02559722 0.01159935
v 0.03740854 0.02663264 0.03416073
v 0.03910046 0.02735789 0.03272634
v 0.04056428 0.02797831 0.03084289
v 0.04164258 0.02845144 0.02869366
v 0.04232265 0.02877340 0.02637327
v 0.04255871 0.02890686 0.02394303
v 0.04234269 0.02885173 0.02150677
v 0.04169372 0.02861517 0.01915935
v 0.04063269 0.02820319 0.01698791
v 0.03920418 0.02763932 0.01507950
v 0.03746413 0.02693805 0.01350715
v 0.03547489 0.02613470 0.01232740
v 0.03328034 0.02517394 0.01159457
v 0.03781362 0.02532602 0.03414150
v 0.03960482 0.02570795 0.03270679
v 0.04114886 0.02605534 0.03082163
v 0.04229693 0.02631536 0.02866709
v 0.04303262 0.02649074 0.02633481
v 0.04329022 0.02657635 0.02390397
v 0.04305652 0.02656070 0.02147015
v 0.04235820 0.02645124 0.01912826
v 0.04122658 0.02625549 0.01696237
v 0.03970926 0.02597883 0.01506041
v 0.03785939 0.02562902 0.01348954
v 0.03574687 0.02523441 0.01230882
v 0.03341816 0.02471453 0.01159008
v 0.03796320 0.02396221 0.03412905
v 0.03979361 0.02398712 0.03268124
v 0.04136460 0.02402599 0.03080304
v 0.04254473 0.02407230 0.02864648
v 0.04327891 0.02411505 0.02630893
v 0.04357029 0.02415790 0.02387454
v 0.04330594 0.02417241 0.02144166
v 0.04258633 0.02419983 0.01909966
v 0.04142857 0.02422476 0.01693793
v 0.03987917 0.02425078 0.01503940
v 0.03799239 0.02426894 0.01347330
v 0.03584034 0.02427410 0.01230683
v 0.03346473 0.02423669 0.01158386
v 0.03783002 0.02259382 0.03411813
v 0.03963922 0.02226125 0.03268188
v 0.04119654 0.02199631 0.03082262
v 0.04235151 0.02181139 0.02865120
v 0.04306531 0.02172076 0.02633110
v 0.04330049 0.02170931 0.02388012
v 0.04307013 0.02177977 0.02142251
v 0.04236757 0.02194203 0.01907591
v 0.04123022 0.02219322 0.01691589
v 0.03970965 0.02252186 0.01502231
v 0.03786199 0.02290917 0.01346036
v 0.03572198 0.02329234 0.01228332
v 0.03341924 0.02375805 0.01157832
v 0.03744895 0.02127700 0.03413535
v 0.03915428 0.02059713 0.03270720
v 0.04060533 0.02003734 0.03082763
v 0.04166985 0.01963873 0.02866248
v 0.04233534 0.01942177 0.02634380
v 0.04256234 0.01935137 0.02389595
v 0.04234768 0.01946913 0.02143574
v 0.04169990 0.01976942 0.01907229
v 0.04063615 0.02023552 0.01690307
v 0.03920546 0.02085685 0.01500932
v 0.03746574 0.02160075 0.01345016
v 0.03545113 0.02239134 0.01227463
v 0.03328167 0.02329999 0.01157655
v 0.03682963 0.02005986 0.03416167
v 0.03835310 0.01906982 0.03271923
v 0.03963738 0.01824597 0.03085232
v 0.04057276 0.01765201 0.02870016
v 0.04117354 0.01729493 0.02635351
v 0.04138404 0.01718878 0.02390682
v 0.04119278 0.01735008 0.02145214
v 0.04061050 0.01777142 0.01909588
v 0.03966052 0.01843972 0.01692381
v 0.03838174 0.01932865 0.01501691
v 0.03682292 0.02039256 0.01344085
v 0.03500643 0.02156172 0.01227057
v 0.03305499 0.02287554 0.01157266
v 0.03596972 0.01898488 0.03416435
v 0.03727369 0.01771710 0.03270507
v 0.03830013 0.01667939 0.03088466
v 0.03910884 0.01590391 0.02872882
v 0.03962095 0.01543479 0.02637539
v 0.03980404 0.01529473 0.02391375
v 0.03964972 0.01549562 0.02146487
v 0.03915949 0.01602679 0.01910629
v 0.03835318 0.01686930 0.01693488
v 0.03726491 0.01799440 0.01503313
v 0.03594099 0.01928812 0.01340895
v 0.03441190 0.02083169 0.01226370
v 0.03275171 0.02250597 0.01157188
v 0.03491130 0.01811212 0.03416111
v 0.03587266 0.01664224 0.03275958
v 0.03665490 0.01541742 0.03094738
v 0.03731890 0.01448557 0.02877263
v 0.03774514 0.01391932 0.02639642
v 0.03789539 0.01374619 0.02392833
v 0.03777875 0.01397591 0.02147797
v 0.03739607 0.01459555 0.01911625
v 0.03676670 0.01558407 0.01694534
v 0.03591441 0.01690164 0.01504654
v 0.03488757 0.01841998 0.01340344
v 0.03368492 0.02023484 0.01226274
v 0.03238112 0.02220028 0.01157144
v 0.03102992 0.02424097 0.01135127
v 0.03367881 0.01746955 0.03417442
v 0.03427745 0.01585005 0.03281127
v 0.03482467 0.01447470 0.03098127
v 0.03531146 0.01342581 0.02878595
v 0.03562083 0.01279473 0.02640495
v 0.03572884 0.01259650 0.02393774
v 0.03565326 0.01284688 0.02148487
v 0.03539077 0.01353261 0.01912735
v 0.03495800 0.01462807 0.01695554
v 0.03441157 0.01600645 0.01495081
v 0.03368709 0.01777493 0.01340022
v 0.03285895 0.01979279 0.01226270
v 0.03196023 0.02197542 0.01157178
v 0.03233374 0.01708812 0.03418418
v 0.03258556 0.01536217 0.03284708
v 0.03287207 0.01387877 0.03099767
v 0.03313801 0.01276699 0.02879696
v 0.03331708 0.01209891 0.02641223
v 0.03338696 0.01189190 0.02394413
v 0.03335461 0.01215541 0.02149158
v 0.03321860 0.01287859 0.01913899
v 0.03300273 0.01404026 0.01696451
v 0.03275093 0.01550047 0.01495088
v 0.03238150 0.01737892 0.01340401
v 0.03195729 0.01951740 0.01226483
v 0.03150015 0.02183515 0.01157318
v 0.03094937 0.01695287 0.03421517
v 0.03085480 0.01519127 0.03285471
v 0.03084793 0.01366838 0.03099979
v 0.03088724 0.01254014 0.02879482
v 0.03091863 0.01185948 0.02641779
v 0.03097701 0.01166534 0.02394840
v 0.03096004 0.01192196 0.02149799
v 0.03095864 0.01265521 0.01914462
v 0.03095729 0.01383211 0.01698245
v 0.03102237 0.01532966 0.01495691
v 0.03102333 0.01724361 0.01340733
v 0.03102369 0.01942722 0.01226722
v 0.03102456 0.02178867 0.01157457
v 0.02958238 0.01710359 0.03421387
v 0.02913765 0.01534532 0.03286426
v 0.02883869 0.01385764 0.03098057
v 0.02864505 0.01275837 0.02878714
v 0.02853381 0.01209549 0.02641908
v 0.02850926 0.01189224 0.02395848
v 0.02855879 0.01215106 0.02150700
v 0.02869955 0.01287299 0.01915273
v 0.02898580 0.01394943 0.01686342
v 0.02929430 0.01549782 0.01496378
v 0.02966313 0.01737798 0.01341569
v 0.03008491 0.01951671 0.01227355
v 0.03054577 0.02183476 0.01157813
v 0.02826337 0.01749787 0.03423194
v 0.02747997 0.01583840 0.03286929
v 0.02689796 0.01444217 0.03097764
v 0.02648471 0.01341388 0.02878922
v 0.02623030 0.01278977 0.02642348
v 0.02615643 0.01259812 0.02396361
v 0.02624694 0.01284395 0.02151633
v 0.02652373 0.01352659 0.01916252
v 0.02702787 0.01453941 0.01687667
v 0.02762793 0.01599861 0.01497522
v 0.02835665 0.01777362 0.01342489
v 0.02918682 0.01979141 0.01227858
v 0.03008780 0.02197469 0.01158088
v 0.02704729 0.01814909 0.03426553
v 0.02598565 0.01664908 0.03286606
v 0.02511111 0.01539710 0.03098444
v 0.02448324 0.01447545 0.02880533
v 0.02410934 0.01391967 0.02643443
v 0.02399025 0.01375111 0.02397519
v 0.02413571 0.01397971 0.02151761
v 0.02453428 0.01459647 0.01916253
v 0.02522348 0.01550015 0.01689100
v 0.02609139 0.01681688 0.01499247
v 0.02714762 0.01841572 0.01343954
v 0.02835423 0.02023285 0.01228858
v 0.02966211 0.02219909 0.01158674
v 0.02594173 0.01901332 0.03432811
v 0.02464507 0.01775610 0.03289188
v 0.02355135 0.01669516 0.03099425
v 0.02274307 0.01591393 0.02882103
v 0.02225682 0.01544355 0.02645301
v 0.02210332 0.01530391 0.02399047
v 0.02228409 0.01550157 0.02152956
v 0.02282201 0.01595745 0.01908438
v 0.02364200 0.01679601 0.01691016
v 0.02474768 0.01792009 0.01500802
v 0.02609141 0.01928198 0.01345195
v 0.02762569 0.02082931 0.01229772
v 0.02929318 0.02250451 0.01159042
v 0.02503834 0.02007468 0.03437255
v 0.02351859 0.01909136 0.03294398
v 0.02224234 0.01826328 0.03103380
v 0.02130465 0.01765901 0.02884927
v 0.02073306 0.01729346 0.02647956
v 0.02055426 0.01718894 0.02401022
v 0.02076576 0.01734872 0.02154466
v 0.02136087 0.01776789 0.01917641
v 0.02234837 0.01837794 0.01692719
v 0.02364411 0.01926402 0.01502518
v 0.02522409 0.02033770 0.01346566
v 0.02702811 0.02155731 0.01230763
v 0.02898646 0.02287386 0.01159646
v 0.02437357 0.02129569 0.03440176
v 0.02268686 0.02062849 0.03297745
v 0.02126857 0.02006557 0.03106702
v 0.02024303 0.01966321 0.02887180
v 0.01961366 0.01941420 0.02649481
v 0.01940584 0.01934717 0.02403362
v 0.01962861 0.01945321 0.02156874
v 0.02029151 0.01974930 0.01919626
v 0.02137997 0.02018070 0.01695384
v 0.02282397 0.02079719 0.01504201
v 0.02458227 0.02154422 0.01347715
v 0.02658799 0.02238798 0.01231399
v 0.02876311 0.02329811 0.01159929
v 0.02395500 0.02261870 0.03444013
v 0.02218302 0.02230568 0.03299654
v 0.02067211 0.02203293 0.03108816
v 0.01958608 0.02184184 0.02889114
v 0.01892347 0.02172242 0.02651879
v 0.01870744 0.02169037 0.02405349
v 0.01893682 0.02174715 0.02158596
v 0.01963196 0.02191027 0.01921001
v 0.02078821 0.02213776 0.01697205
v 0.02232190 0.02246401 0.01505775
v 0.02418531 0.02285096 0.01349093
v 0.02631061 0.02328746 0.01232602
v 0.02862168 0.02375678 0.01160535
v -0.03222345 0.02421013 0.03690365
v -0.03377527 0.02421824 0.03640636
v -0.03519703 0.02423996 0.03561509
v -0.03639928 0.02426663 0.03462623
v -0.03218763 0.02452487 0.03689811
v -0.03370560 0.02483674 0.03640277
v -0.03510356 0.02513700 0.03563207
v -0.03627200 0.02539886 0.03464154
v -0.03209835 0.02482903 0.03691067
v -0.03352762 0.02542990 0.03642571
v -0.03483951 0.02599751 0.03565327
v -0.03593759 0.02648379 0.03466196
v -0.03194802 0.02510669 0.03691199
v -0.03323086 0.02597562 0.03643068
v -0.03441264 0.02678810 0.03566699
v -0.03540262 0.02748327 0.03468661
v -0.03174865 0.02535123 0.03692392
v -0.03283955 0.02645731 0.03644955
v -0.03384412 0.02748277 0.03568774
v -0.03468805 0.02835833 0.03471113
v -0.03150432 0.02555214 0.03692602
v -0.03236066 0.02685091 0.03645813
v -0.03314914 0.02805406 0.03570619
v -0.03380964 0.02906845 0.03472939
v -0.03122746 0.02570275 0.03694076
v -0.03181435 0.02714635 0.03647580
v -0.03235688 0.02848009 0.03572503
v -0.03281298 0.02959821 0.03475079
v -0.03092409 0.02579520 0.03694761
v -0.03122277 0.02732921 0.03649116
v -0.03149751 0.02874444 0.03574381
v -0.03172674 0.02992548 0.03476274
v -0.03060889 0.02582616 0.03695433
v -0.03060400 0.02738980 0.03649988
v -0.03059990 0.02883217 0.03575579
v -0.03060244 0.03004048 0.03478130
v -0.03029378 0.02579434 0.03695959
v -0.02998563 0.02732833 0.03651083
v -0.02970526 0.02874653 0.03577149
v -0.02948115 0.02993632 0.03479867
v -0.02998864 0.02570141 0.03696474
v -0.02939001 0.02714530 0.03651214
v -0.02884242 0.02848314 0.03577653
v -0.02839386 0.02961315 0.03481080
v -0.02970769 0.02555174 0.03696793
v -0.02884028 0.02684986 0.03651636
v -0.02804375 0.02805552 0.03577973
v -0.02738533 0.02907339 0.03481884
v -0.02946148 0.02534850 0.03696681
v -0.02835648 0.02645368 0.03651750
v -0.02733962 0.02748004 0.03578049
v -0.02648722 0.02835093 0.03482436
v -0.02925660 0.02510275 0.03697591
v -0.02795686 0.02597069 0.03652390
v -0.02676147 0.02677743 0.03577620
v -0.02575438 0.02746233 0.03481013
v -0.02910306 0.02482142 0.03697722
v -0.02765909 0.02541965 0.03651977
v -0.02632769 0.02597699 0.03576953
v -0.02520012 0.02645018 0.03480515
v -0.02900908 0.02451639 0.03697319
v -0.02747046 0.02482107 0.03651998
v -0.02605062 0.02510801 0.03576892
v -0.02484993 0.02535544 0.03480146
v -0.02897426 0.02419855 0.03697499
v -0.02740125 0.02419817 0.03651739
v -0.02594504 0.02420358 0.03576994
v -0.02471814 0.02421390 0.03480717
v -0.02900463 0.02388300 0.03696831
v -0.02745776 0.02357644 0.03650879
v -0.02601875 0.02329734 0.03576942
v -0.02481923 0.02307335 0.03478887
v -0.02909605 0.02357818 0.03695989
v -0.02764059 0.02298201 0.03648781
v -0.02628968 0.02243392 0.03573423
v -0.02514846 0.02197964 0.03476975
v -0.02924670 0.02329922 0.03695026
v -0.02793423 0.02243323 0.03647954
v -0.02671794 0.02163618 0.03572224
v -0.02570484 0.02097487 0.03473117
v -0.02945346 0.02305608 0.03693860
v -0.02833869 0.02195638 0.03645568
v -0.02730447 0.02094102 0.03569927
v -0.02644497 0.02009792 0.03470435
v -0.02969970 0.02285618 0.03693243
v -0.02882204 0.02156178 0.03645415
v -0.02801581 0.02037047 0.03568308
v -0.02734887 0.01938663 0.03466991
v -0.02998273 0.02270772 0.03692814
v -0.02937976 0.02127232 0.03643798
v -0.02882529 0.01994964 0.03566811
v -0.02837227 0.01885340 0.03465538
v -0.03029005 0.02261747 0.03692339
v -0.02997975 0.02109365 0.03643808
v -0.02969997 0.01969060 0.03566252
v -0.02946918 0.01852538 0.03465074
v -0.03060802 0.02258602 0.03692658
v -0.03060382 0.02103520 0.03643142
v -0.03060817 0.01960479 0.03565631
v -0.03062168 0.01841346 0.03465243
v -0.03092569 0.02261818 0.03692572
v -0.03122804 0.02109821 0.03643385
v -0.03151421 0.01969536 0.03566063
v -0.03175843 0.01852895 0.03465888
v -0.03123133 0.02270990 0.03692991
v -0.03182526 0.02127809 0.03644000
v -0.03238093 0.01996062 0.03566405
v -0.03285091 0.01886094 0.03466422
v -0.03151254 0.02285993 0.03692604
v -0.03237692 0.02157365 0.03644025
v -0.03317975 0.02039092 0.03566431
v -0.03385873 0.01940633 0.03466920
v -0.03175697 0.02306256 0.03692346
v -0.03285686 0.02196955 0.03643855
v -0.03387722 0.02096722 0.03566315
v -0.03473950 0.02013700 0.03466153
v -0.03195684 0.02330951 0.03691236
v -0.03324870 0.02245254 0.03642744
v -0.03444678 0.02166953 0.03565298
v -0.03545472 0.02102187 0.03465150
v -0.03061466 0.02420446 0.03709718
v -0.03210469 0.02358994 0.03690789
v -0.03353937 0.02300380 0.03641703
v -0.03486548 0.02247185 0.03563340
v -0.03596711 0.02203744 0.03461859
v -0.03219263 0.02389506 0.03689663
v -0.03371376 0.02359972 0.03639702
v -0.03511184 0.02334164 0.03561010
v -0.03628202 0.02313171 0.03460478
v -0.03758384 0.02429895 0.03378996
v -0.03939303 0.02435303 0.03235381
v -0.04094477 0.02443510 0.03047520
v -0.04211104 0.02450150 0.02832214
v -0.04283953 0.02453909 0.02597231
v -0.04312865 0.02454974 0.02353861
v -0.04287821 0.02457386 0.02109417
v -0.04216466 0.02460078 0.01874070
v -0.04100954 0.02463012 0.01656932
v -0.03945760 0.02465841 0.01466252
v -0.03756547 0.02468423 0.01308894
v -0.03540815 0.02469458 0.01191711
v -0.03319728 0.02446641 0.01124759
v -0.03742696 0.02565711 0.03380498
v -0.03919673 0.02606722 0.03237540
v -0.04070964 0.02646048 0.03049798
v -0.04185247 0.02673649 0.02834498
v -0.04258755 0.02691659 0.02600808
v -0.04285082 0.02698590 0.02356881
v -0.04262375 0.02696735 0.02112483
v -0.04193031 0.02685985 0.01877300
v -0.04080041 0.02666793 0.01659744
v -0.03928063 0.02639336 0.01468651
v -0.03742740 0.02604769 0.01310876
v -0.03530979 0.02564959 0.01192625
v -0.03315350 0.02494099 0.01125282
v -0.03701955 0.02696204 0.03383081
v -0.03866648 0.02773332 0.03238989
v -0.04011460 0.02838558 0.03051934
v -0.04118253 0.02887472 0.02837767
v -0.04186607 0.02919331 0.02604042
v -0.04211364 0.02932055 0.02360039
v -0.04190448 0.02926723 0.02115751
v -0.04125873 0.02902876 0.01880081
v -0.04019768 0.02862380 0.01662249
v -0.03876929 0.02806037 0.01470719
v -0.03702640 0.02735887 0.01312737
v -0.03517845 0.02630050 0.01198316
v -0.03301741 0.02539650 0.01125794
v -0.03637018 0.02816335 0.03385388
v -0.03785669 0.02924395 0.03239292
v -0.03913400 0.03013649 0.03053373
v -0.04009408 0.03084174 0.02840358
v -0.04071138 0.03128622 0.02606788
v -0.04093596 0.03146213 0.02363226
v -0.04075688 0.03137481 0.02119257
v -0.04017862 0.03102829 0.01883921
v -0.03922905 0.03042839 0.01665774
v -0.03794447 0.02959832 0.01473464
v -0.03637709 0.02856919 0.01314614
v -0.03458511 0.02738805 0.01195073
v -0.03278904 0.02582289 0.01126058
v -0.03550627 0.02921216 0.03387094
v -0.03676316 0.03055259 0.03241133
v -0.03785465 0.03169320 0.03057225
v -0.03864979 0.03253998 0.02843557
v -0.03918145 0.03311213 0.02610523
v -0.03937248 0.03334749 0.02367262
v -0.03921991 0.03323573 0.02122779
v -0.03873066 0.03278284 0.01886850
v -0.03792535 0.03200963 0.01668105
v -0.03683670 0.03094442 0.01475544
v -0.03550659 0.02963073 0.01316065
v -0.03413870 0.02785810 0.01199588
v -0.03248718 0.02619020 0.01126491
v -0.03444655 0.03007989 0.03387932
v -0.03546190 0.03162280 0.03247309
v -0.03629697 0.03296917 0.03062089
v -0.03692895 0.03396914 0.02849144
v -0.03733299 0.03463194 0.02614779
v -0.03747686 0.03489629 0.02370397
v -0.03735450 0.03475835 0.02125648
v -0.03697067 0.03422176 0.01888971
v -0.03634032 0.03330553 0.01669866
v -0.03548713 0.03204893 0.01476717
v -0.03444831 0.03049863 0.01317058
v -0.03341683 0.02844690 0.01200039
v -0.03211755 0.02649486 0.01126709
v -0.03325471 0.03067607 0.03389673
v -0.03395429 0.03239567 0.03251325
v -0.03452695 0.03392254 0.03067084
v -0.03495131 0.03504351 0.02851562
v -0.03522300 0.03576427 0.02617247
v -0.03531390 0.03605030 0.02372454
v -0.03523031 0.03589027 0.02127355
v -0.03496595 0.03528661 0.01890397
v -0.03453483 0.03426430 0.01670938
v -0.03395296 0.03286507 0.01477727
v -0.03341088 0.03088630 0.01318480
v -0.03259310 0.02888721 0.01200460
v -0.03169500 0.02672138 0.01127026
v -0.03195513 0.03107795 0.03390130
v -0.03230544 0.03294064 0.03253926
v -0.03258633 0.03456942 0.03068897
v -0.03279096 0.03571228 0.02852289
v -0.03292654 0.03645795 0.02617729
v -0.03297124 0.03675766 0.02373448
v -0.03292777 0.03658465 0.02128315
v -0.03279362 0.03593929 0.01891249
v -0.03257819 0.03485269 0.01671240
v -0.03228823 0.03336517 0.01477813
v -0.03210858 0.03128017 0.01318698
v -0.03169302 0.02916066 0.01200568
v -0.03123532 0.02686077 0.01127101
v -0.03061783 0.03120745 0.03394863
v -0.03057023 0.03313156 0.03252244
v -0.03053546 0.03478595 0.03066940
v -0.03052974 0.03593373 0.02850775
v -0.03052763 0.03668600 0.02617037
v -0.03055110 0.03699132 0.02373336
v -0.03053346 0.03680982 0.02127789
v -0.03053303 0.03615592 0.01890485
v -0.03054669 0.03504610 0.01671013
v -0.03074219 0.03330294 0.01476755
v -0.03075341 0.03141100 0.01318650
v -0.03075684 0.02925427 0.01200659
v -0.03075875 0.02690789 0.01127186
v -0.02928292 0.03109798 0.03396420
v -0.02883653 0.03295160 0.03251468
v -0.02845185 0.03453173 0.03060791
v -0.02826213 0.03568802 0.02847314
v -0.02813334 0.03643789 0.02615304
v -0.02809181 0.03673434 0.02371697
v -0.02813506 0.03656358 0.02126423
v -0.02827106 0.03592946 0.01888613
v -0.02848841 0.03486427 0.01667934
v -0.02901771 0.03312887 0.01476334
v -0.02939498 0.03127636 0.01318405
v -0.02982048 0.02916208 0.01200522
v -0.03028199 0.02686073 0.01127148
v -0.02797968 0.03073452 0.03400659
v -0.02718263 0.03244266 0.03250752
v -0.02649125 0.03388796 0.03055681
v -0.02608992 0.03500508 0.02844615
v -0.02582812 0.03572234 0.02613117
v -0.02574020 0.03600647 0.02368980
v -0.02582747 0.03584900 0.02123786
v -0.02609573 0.03525992 0.01886027
v -0.02674377 0.03404958 0.01667448
v -0.02735335 0.03262309 0.01475765
v -0.02808942 0.03088020 0.01317967
v -0.02892143 0.02888836 0.01200233
v -0.02982352 0.02672140 0.01126989
v -0.02677880 0.03006841 0.03401407
v -0.02566878 0.03160700 0.03251216
v -0.02471416 0.03291485 0.03055729
v -0.02409613 0.03392655 0.02843573
v -0.02371142 0.03456943 0.02610471
v -0.02358097 0.03483243 0.02366652
v -0.02371155 0.03469615 0.02120888
v -0.02409489 0.03417050 0.01883094
v -0.02494343 0.03308286 0.01666460
v -0.02582210 0.03180109 0.01474963
v -0.02688203 0.03023653 0.01317332
v -0.02809028 0.02844509 0.01199778
v -0.02939875 0.02649560 0.01126793
v -0.02567867 0.02919504 0.03399512
v -0.02433584 0.03049487 0.03252586
v -0.02318577 0.03162434 0.03057462
v -0.02237029 0.03248256 0.02842739
v -0.02186950 0.03303134 0.02608231
v -0.02169957 0.03325723 0.02363356
v -0.02186173 0.03314338 0.02117429
v -0.02235311 0.03270659 0.01879485
v -0.02336263 0.03178571 0.01665156
v -0.02447655 0.03069814 0.01473896
v -0.02582398 0.02937026 0.01316550
v -0.02736155 0.02784825 0.01199265
v -0.02902930 0.02619077 0.01126493
v -0.02478265 0.02813323 0.03398456
v -0.02324674 0.02915857 0.03251957
v -0.02192262 0.03004838 0.03058608
v -0.02095437 0.03072569 0.02841590
v -0.02036173 0.03116254 0.02606434
v -0.02016124 0.03134232 0.02360515
v -0.02035173 0.03125738 0.02114098
v -0.02092976 0.03092238 0.01875644
v -0.02206692 0.03020420 0.01663517
v -0.02337154 0.02935447 0.01472656
v -0.02495685 0.02831409 0.01315577
v -0.02676394 0.02711979 0.01198643
v -0.02872313 0.02582037 0.01126220
v -0.02411051 0.02691741 0.03395987
v -0.02240889 0.02763476 0.03251036
v -0.02096547 0.02825612 0.03057963
v -0.01990221 0.02872163 0.02839833
v -0.01925247 0.02902845 0.02603281
v -0.01903198 0.02915302 0.02357478
v -0.01924200 0.02910776 0.02111088
v -0.01987491 0.02889515 0.01872620
v -0.02110107 0.02840232 0.01661708
v -0.02255312 0.02782143 0.01471118
v -0.02431442 0.02710840 0.01314385
v -0.02632269 0.02629060 0.01197713
v -0.02849889 0.02539723 0.01125753
v -0.02369103 0.02559861 0.03395602
v -0.02188760 0.02597283 0.03250404
v -0.02035510 0.02631465 0.03057225
v -0.01923124 0.02655341 0.02839025
v -0.01855604 0.02671917 0.02601621
v -0.01833693 0.02679198 0.02355091
v -0.01858175 0.02676266 0.02109032
v -0.01929829 0.02662676 0.01873839
v -0.02050842 0.02644376 0.01660004
v -0.02204925 0.02615676 0.01469506
v -0.02391747 0.02580133 0.01313153
v -0.02604639 0.02538924 0.01197007
v -0.02835817 0.02493728 0.01125410
v -0.02353652 0.02422632 0.03395855
v -0.02169948 0.02425232 0.03248657
v -0.02014135 0.02429237 0.03055426
v -0.01900978 0.02431132 0.02836530
v -0.01832114 0.02432800 0.02599557
v -0.01812620 0.02434843 0.02353188
v -0.01836265 0.02435149 0.02106903
v -0.01914077 0.02438621 0.01875457
v -0.02030892 0.02440745 0.01658115
v -0.02187646 0.02442631 0.01467855
v -0.02378234 0.02444108 0.01311865
v -0.02595603 0.02445236 0.01195984
v -0.02831228 0.02445976 0.01124890
v -0.02365769 0.02285570 0.03393656
v -0.02186179 0.02253486 0.03246984
v -0.02034209 0.02226661 0.03054122
v -0.01923906 0.02205092 0.02834417
v -0.01857319 0.02193274 0.02597006
v -0.01836087 0.02190465 0.02351130
v -0.01860794 0.02196861 0.02105606
v -0.01931548 0.02207751 0.01868356
v -0.02050577 0.02237228 0.01656182
v -0.02204568 0.02269604 0.01466244
v -0.02391560 0.02308046 0.01310605
v -0.02604578 0.02351412 0.01195303
v -0.02835835 0.02398084 0.01124569
v -0.02406198 0.02154200 0.03390108
v -0.02236833 0.02087040 0.03244730
v -0.02093627 0.02030662 0.03052181
v -0.01990061 0.01989831 0.02832003
v -0.01927132 0.01964943 0.02594476
v -0.01907031 0.01957521 0.02348788
v -0.01930584 0.01967845 0.02103169
v -0.01997842 0.01997218 0.01867169
v -0.02109623 0.02041537 0.01654269
v -0.02254627 0.02103078 0.01464725
v -0.02431068 0.02177326 0.01309386
v -0.02632323 0.02261049 0.01194452
v -0.02849873 0.02352146 0.01124076
v -0.02472175 0.02033201 0.03387242
v -0.02319250 0.01933782 0.03241795
v -0.02191159 0.01850866 0.03048427
v -0.02097064 0.01789792 0.02829201
v -0.02039978 0.01752856 0.02592255
v -0.02022511 0.01741722 0.02346071
v -0.02044786 0.01756642 0.02100866
v -0.02108379 0.01794902 0.01869004
v -0.02205793 0.01861208 0.01652459
v -0.02336151 0.01949734 0.01463365
v -0.02494997 0.02056842 0.01308299
v -0.02676039 0.02178405 0.01193682
v -0.02872183 0.02309826 0.01123742
v -0.02560296 0.01927368 0.03384829
v -0.02431531 0.01800823 0.03236903
v -0.02322173 0.01693856 0.03044688
v -0.02241448 0.01615036 0.02826031
v -0.02192940 0.01567455 0.02589175
v -0.02177942 0.01552917 0.02343532
v -0.02196926 0.01572358 0.02098594
v -0.02252422 0.01619293 0.01867191
v -0.02335209 0.01703283 0.01651015
v -0.02446278 0.01815427 0.01462045
v -0.02581456 0.01951325 0.01307231
v -0.02735565 0.02105763 0.01192851
v -0.02902654 0.02272977 0.01123266
v -0.02667975 0.01841501 0.03381022
v -0.02566182 0.01691852 0.03233387
v -0.02479274 0.01564727 0.03042285
v -0.02416275 0.01471388 0.02823644
v -0.02378700 0.01415172 0.02586708
v -0.02366929 0.01397600 0.02341628
v -0.02381979 0.01420073 0.02096978
v -0.02427547 0.01475579 0.01865835
v -0.02493079 0.01573655 0.01649873
v -0.02580601 0.01705225 0.01460923
v -0.02687074 0.01864769 0.01306336
v -0.02808297 0.02046172 0.01192209
v -0.02939520 0.02242507 0.01122977
v -0.03076364 0.02446294 0.01100769
v -0.02788970 0.01778089 0.03377193
v -0.02718645 0.01611177 0.03230207
v -0.02659129 0.01469605 0.03039951
v -0.02616750 0.01365531 0.02821597
v -0.02590832 0.01302203 0.02585813
v -0.02583141 0.01282590 0.02340653
v -0.02592902 0.01306947 0.02096507
v -0.02621196 0.01374780 0.01861769
v -0.02673200 0.01477470 0.01648968
v -0.02733929 0.01623354 0.01460071
v -0.02807657 0.01800464 0.01305673
v -0.02891354 0.02001889 0.01191791
v -0.02981970 0.02219977 0.01122714
v -0.02920735 0.01738375 0.03375728
v -0.02883462 0.01562104 0.03227767
v -0.02853774 0.01411400 0.03038262
v -0.02833237 0.01300510 0.02820374
v -0.02821171 0.01233048 0.02585305
v -0.02818093 0.01212044 0.02340563
v -0.02823372 0.01237771 0.02096325
v -0.02837934 0.01310014 0.01861635
v -0.02868741 0.01418463 0.01648312
v -0.02900475 0.01572992 0.01459531
v -0.02938185 0.01760876 0.01305367
v -0.02981173 0.01974488 0.01191573
v -0.03027848 0.02205928 0.01122631
v -0.03058168 0.01724870 0.03376108
v -0.03052197 0.01546365 0.03226059
v -0.03055668 0.01392490 0.03037047
v -0.03058046 0.01278936 0.02820294
v -0.03060008 0.01210111 0.02584958
v -0.03063720 0.01188802 0.02340982
v -0.03062869 0.01214879 0.02096596
v -0.03063064 0.01288262 0.01862104
v -0.03072078 0.01398714 0.01647973
v -0.03073252 0.01556017 0.01459463
v -0.03074056 0.01747463 0.01305334
v -0.03074999 0.01965295 0.01191605
v -0.03076015 0.02200750 0.01122804
v -0.03196910 0.01739004 0.03376222
v -0.03224058 0.01564054 0.03226271
v -0.03258517 0.01413267 0.03036861
v -0.03283570 0.01301699 0.02820951
v -0.03299823 0.01234339 0.02585512
v -0.03305942 0.01213496 0.02340784
v -0.03302104 0.01239612 0.02096910
v -0.03288152 0.01311802 0.01862604
v -0.03265147 0.01428038 0.01646463
v -0.03246021 0.01573190 0.01459758
v -0.03209904 0.01760928 0.01305524
v -0.03168339 0.01974545 0.01191634
v -0.03123241 0.02205974 0.01122619
v -0.03329451 0.01779508 0.03377235
v -0.03392746 0.01614627 0.03228103
v -0.03454727 0.01473036 0.03037645
v -0.03501108 0.01368528 0.02821793
v -0.03530319 0.01305129 0.02586590
v -0.03540110 0.01285689 0.02341646
v -0.03531870 0.01310839 0.02097680
v -0.03504653 0.01379567 0.01863176
v -0.03460106 0.01488976 0.01647232
v -0.03412079 0.01623900 0.01460173
v -0.03340502 0.01800526 0.01305991
v -0.03258443 0.02001971 0.01192003
v -0.03169136 0.02220052 0.01122741
v -0.03450718 0.01845476 0.03378773
v -0.03548889 0.01696782 0.03230827
v -0.03635871 0.01570202 0.03039567
v -0.03701045 0.01476818 0.02822814
v -0.03742194 0.01420125 0.02587996
v -0.03756298 0.01403086 0.02343009
v -0.03743533 0.01426206 0.02099063
v -0.03704172 0.01488360 0.01864328
v -0.03639826 0.01587518 0.01648377
v -0.03565078 0.01706059 0.01461009
v -0.03460905 0.01864895 0.01306514
v -0.03341135 0.02046352 0.01192349
v -0.03211278 0.02242674 0.01122845
v -0.03556254 0.01933480 0.03378843
v -0.03683426 0.01807858 0.03232402
v -0.03794166 0.01700756 0.03041791
v -0.03876495 0.01622077 0.02824331
v -0.03928279 0.01574415 0.02589685
v -0.03946102 0.01560766 0.02345060
v -0.03929504 0.01580942 0.02100895
v -0.03879392 0.01634317 0.01866017
v -0.03797407 0.01719217 0.01649535
v -0.03686946 0.01832106 0.01459945
v -0.03566152 0.01951787 0.01307321
v -0.03414009 0.02105937 0.01192837
v -0.03248326 0.02273187 0.01123178
v -0.03643752 0.02039735 0.03379977
v -0.03793487 0.01943559 0.03233102
v -0.03923655 0.01860134 0.03043248
v -0.04020983 0.01798953 0.02826652
v -0.04081696 0.01762766 0.02591842
v -0.04101887 0.01752542 0.02347558
v -0.04082510 0.01769199 0.02102635
v -0.04023209 0.01811966 0.01867313
v -0.03926915 0.01879399 0.01650601
v -0.03797275 0.01968677 0.01460512
v -0.03652381 0.02058110 0.01308410
v -0.03473419 0.02179098 0.01193554
v -0.03278801 0.02310164 0.01123432
v -0.03707618 0.02160834 0.03379668
v -0.03875565 0.02096603 0.03234099
v -0.04019578 0.02042854 0.03044387
v -0.04129141 0.02001437 0.02829156
v -0.04195777 0.01977602 0.02594693
v -0.04217691 0.01971291 0.02349547
v -0.04195776 0.01983629 0.02103889
v -0.04129823 0.02014648 0.01867726
v -0.04022782 0.02062163 0.01651156
v -0.03879230 0.02124416 0.01461755
v -0.03704651 0.02200442 0.01305180
v -0.03517973 0.02261951 0.01194618
v -0.03301450 0.02352467 0.01123980
v -0.03745858 0.02292851 0.03377822
v -0.03926283 0.02262462 0.03234698
v -0.04079857 0.02239670 0.03046981
v -0.04194297 0.02224730 0.02831886
v -0.04264345 0.02212609 0.02596780
v -0.04288141 0.02208802 0.02350991
v -0.04265148 0.02216453 0.02105325
v -0.04195231 0.02233594 0.01870625
v -0.04081564 0.02258903 0.01653958
v -0.03929255 0.02292043 0.01463981
v -0.03743800 0.02331536 0.01307220
v -0.03544952 0.02352569 0.01195497
v -0.03315447 0.02398283 0.01124347
f 4 2 1
f 8 6 5
f 13 15 14
f 17 19 18
f 32 30 29
f 36 34 33
f 37 39 38
f 21 23 20
f 25 27 24
f 41 43 42
f 48 46 45
f 52 50 49
f 53 55 54
f 60 58 57
f 29 62 61
f 66 64 63
f 67 6 68
f 72 70 69
f 76 74 73
f 77 79 78
f 81 83 82
f 59 86 85
f 88 90 89
f 96 94 93
f 100 98 97
f 101 103 102
f 106 34 87
f 108 115 107
f 117 36 118
f 124 126 125
f 131 129 128
f 132 134 133
f 142 140 139
f 148 60 147
f 144 127 124
f 149 151 150
f 156 154 153
f 159 158 157
f 116 164 105
f 171 169 168
f 174 173 172
f 179 181 180
f 186 188 187
f 194 196 195
f 199 139 198
f 206 208 207
f 213 211 210
f 202 214 201
f 96 216 54
f 92 43 44
f 97 246 100
f 250 229 228
f 252 58 253
f 258 256 255
f 260 229 259
f 110 112 113
f 114 263 109
f 265 267 266
f 56 270 269
f 274 249 250
f 185 63 64
f 280 278 276
f 285 283 157
f 288 211 212
f 141 92 46
f 289 175 176
f 148 105 106
f 312 170 171
f 238 42 43
f 318 160 317
f 310 308 307
f 241 325 324
f 160 240 317
f 47 307 308
f 108 315 164
f 345 86 119
f 348 350 349
f 356 358 357
f 355 353 352
f 363 32 362
f 149 150 176
f 364 253 365
f 366 368 367
f 183 371 63
f 163 161 160
f 209 101 208
f 378 165 166
f 379 381 380
f 383 3 4
f 284 386 385
f 387 389 388
f 391 229 249
f 73 397 396
f 405 407 406
f 203 411 410
f 414 413 412
f 1 357 4
f 277 131 275
f 254 57 58
f 358 415 351
f 417 386 408
f 401 192 420
f 419 127 143
f 421 182 422
f 103 302 409
f 428 368 174
f 380 359 356
f 62 266 323
f 140 431 430
f 357 351 348
f 356 379 380
f 415 403 434
f 437 436 435
f 438 440 439
f 188 450 449
f 452 454 453
f 265 181 421
f 224 64 225
f 237 213 427
f 275 128 458
f 281 460 459
f 50 79 461
f 73 282 281
f 468 466 465
f 390 352 359
f 482 484 483
f 489 487 486
f 493 495 494
f 472 470 469
f 502 500 499
f 220 222 223
f 512 143 66
f 518 511 80
f 513 230 286
f 205 31 244
f 189 451 188
f 163 532 8
f 533 225 251
f 446 447 412
f 335 540 334
f 544 546 545
f 329 291 292
f 199 262 238
f 385 416 550
f 532 191 247
f 363 118 243
f 236 237 250
f 578 580 579
f 573 571 570
f 561 562 272
f 241 259 240
f 590 592 591
f 545 595 594
f 503 155 504
f 606 624 623
f 478 480 479
f 646 648 647
f 590 689 684
f 564 651 650
f 728 184 727
f 714 716 715
f 692 575 693
f 541 581 578
f 346 248 400
f 161 230 160
f 128 94 95
f 698 704 703
f 574 576 575
f 290 401 328
f 630 725 726
f 733 735 734
f 755 496 493
f 759 481 760
f 757 762 761
f 764 466 467
f 768 3808 3809
f 759 488 489
f 492 475 771
f 474 769 473
f 773 465 772
f 771 486 483
f 484 775 491
f 774 489 486
f 495 764 756
f 495 761 494
f 137 784 136
f 325 797 547
f 165 51 52
f 369 29 370
f 730 568 569
f 90 301 89
f 243 516 242
f 800 806 805
f 817 808 816
f 816 823 822
f 306 447 807
f 815 809 808
f 829 828 825
f 726 501 502
f 274 424 423
f 879 881 880
f 884 879 885
f 219 217 211
f 906 904 897
f 455 205 542
f 898 830 829
f 903 880 881
f 906 897 898
f 377 519 165
f 923 948 946
f 946 951 950
f 3519 739 3517
f 900 886 880
f 225 65 144
f 182 442 422
f 809 947 824
f 954 962 961
f 927 965 966
f 885 880 886
f 925 966 967
f 343 341 340
f 965 971 968
f 968 970 969
f 972 969 973
f 963 981 978
f 336 338 339
f 992 827 828
f 810 996 959
f 1007 1002 1008
f 1012 827 1009
f 1011 1007 1008
f 294 292 291
f 907 920 919
f 1017 1019 1018
f 1020 1022 1021
f 1035 1020 1044
f 1061 1047 1046
f 1063 1046 1062
f 1044 1021 1045
f 1102 1097 1109
f 1116 1118 1117
f 1016 1014 1013
f 881 904 903
f 816 1127 817
f 1094 949 1097
f 514 167 515
f 146 81 82
f 1133 1130 1129
f 1102 1126 822
f 822 1116 816
f 1145 1148 1136
f 1076 1151 1069
f 1148 1086 1087
f 1109 1114 1136
f 1154 1156 1155
f 1153 967 1156
f 3464 463 3714
f 1144 1152 1151
f 1156 1163 1162
f 1164 1169 1165
f 1145 1176 1147
f 1114 1154 1171
f 1183 1164 1177
f 1184 1177 1185
f 1069 1062 1064
f 1023 1194 1022
f 1162 1170 1169
f 1195 1185 1191
f 1183 1176 1155
f 1201 1152 1196
f 1061 1201 1202
f 3825 843 3836
f 1203 1195 1034
f 1202 1184 1195
f 1218 1203 1217
f 1060 1202 1203
f 1225 1217 1219
f 671 694 670
f 1219 1024 1035
f 1217 1034 1024
f 1226 1015 1227
f 1243 1234 1233
f 1231 1229 1228
f 847 1233 843
f 843 1244 878
f 1233 1245 1244
f 1923 233 216
f 2100 499 500
f 3914 2135 3900
f 61 323 505
f 210 217 457
f 1299 1309 1300
f 3863 1231 3862
f 1066 1321 1322
f 1322 1228 1229
f 1060 1321 1047
f 1325 1323 1310
f 1244 1332 1330
f 1290 1242 1288
f 1337 1339 1338
f 1330 1340 1339
f 1341 1245 1294
f 1342 1332 1341
f 1343 1341 1344
f 1344 1294 1293
f 3857 1345 1346
f 1347 1342 1343
f 3856 1295 1345
f 1349 1348 1347
f 3861 1347 3853
f 3853 1343 3857
f 906 829 1353
f 905 1353 1354
f 865 1355 1357
f 1355 829 825
f 1357 825 826
f 1356 1353 1355
f 3834 1338 3833
f 866 1356 865
f 1358 1354 1356
f 3828 1337 3834
f 838 1012 841
f 1363 1338 1339
f 1368 1339 1340
f 1348 1340 1342
f 1371 3824 3829
f 524 526 523
f 528 530 527
f 1372 1369 1371
f 535 537 538
f 1367 1348 1350
f 1370 1359 1369
f 1369 3833 3824
f 1373 903 904
f 555 557 558
f 1374 910 1373
f 1373 905 1375
f 1374 1375 1376
f 1375 1354 1370
f 1378 908 1377
f 376 651 1387
f 1388 973 969
f 586 588 585
f 1390 1388 1391
f 1391 969 970
f 597 599 596
f 600 602 603
f 1392 970 979
f 608 610 607
f 612 523 611
f 614 616 613
f 617 25 24
f 620 622 619
f 1397 1391 1392
f 1398 1392 1399
f 1400 920 1378
f 1402 1165 1169
f 636 638 635
f 930 1402 929
f 641 643 644
f 929 1169 1170
f 1404 1403 1402
f 1411 1365 1406
f 1412 1415 1414
f 652 654 655
f 609 657 658
f 659 661 662
f 558 586 585
f 665 667 664
f 1413 1406 1412
f 1418 3810 3813
f 1417 1371 1416
f 1416 3829 3810
f 1419 1416 1418
f 1386 1374 1420
f 677 679 676
f 1385 1420 1421
f 1420 1376 1422
f 685 687 688
f 1421 1422 1423
f 528 691 658
f 1422 1372 1417
f 1018 747 1425
f 699 701 702
f 1424 579 1017
f 3663 1767 3660
f 700 711 712
f 1093 3754 1571
f 717 530 719
f 721 723 720
f 704 3543 3554
f 19 1426 1430
f 1429 1427 1426
f 1658 3542 3544
f 1439 1434 1438
f 1437 1435 1434
f 1426 1433 1432
f 1442 1432 1440
f 742 744 745
f 1432 1441 1440
f 751 753 750
f 1438 1403 1405
f 1446 1444 1443
f 1447 1446 1443
f 3860 1443 3848
f 1415 1445 1446
f 1414 1446 1448
f 2173 469 470
f 777 779 686
f 780 782 783
f 1676 1806 1675
f 3859 1349 3861
f 789 791 788
f 745 793 742
f 652 795 653
f 1455 1457 1456
f 1454 1350 1452
f 610 802 801
f 3831 698 703
f 1352 1045 1351
f 1015 1459 1460
f 811 813 814
f 2118 3817 2117
f 819 821 818
f 1466 1194 1190
f 1467 1465 1466
f 1182 1468 1467
f 832 833 831
f 835 837 834
f 1467 1190 1182
f 1469 1444 1445
f 840 712 690
f 1453 1469 1454
f 599 845 846
f 1226 3849 3855
f 851 853 850
f 855 856 854
f 858 860 857
f 861 863 864
f 1014 3855 3858
f 867 868 869
f 870 872 873
f 874 876 877
f 1310 1471 1309
f 1476 1427 1475
f 1461 1475 1460
f 887 889 890
f 788 892 891
f 894 896 893
f 1460 1227 1015
f 901 524 612
f 1465 1477 1464
f 1865 3500 1864
f 911 913 914
f 916 918 915
f 1850 3507 1851
f 921 895 894
f 1479 1436 1478
f 926 667 601
f 1481 563 1480
f 269 84 1482
f 931 933 916
f 934 614 869
f 936 688 937
f 938 662 939
f 1484 122 123
f 941 835 834
f 320 509 510
f 1849 3505 1850
f 84 1484 83
f 1487 1488 539
f 1757 3502 3509
f 365 1491 364
f 461 80 511
f 117 362 1496
f 1494 541 1495
f 926 957 958
f 1477 1433 1476
f 1709 1585 1700
f 119 1496 345
f 271 504 156
f 511 189 186
f 345 1492 365
f 255 344 254
f 57 299 132
f 1501 268 1500
f 267 1499 145
f 974 976 977
f 1678 1693 1676
f 3846 1807 3840
f 557 663 558
f 983 984 985
f 1443 3849 3848
f 421 268 265
f 989 991 988
f 1490 418 1504
f 279 309 310
f 997 676 679
f 998 999 875
f 1504 38 1505
f 1506 1507 1486
f 360 1508 1506
f 1506 207 360
f 939 1006 938
f 270 1483 269
f 66 546 512
f 1010 793 935
f 367 437 1509
f 244 363 243
f 1670 3534 1669
f 209 1510 226
f 235 1512 1511
f 1511 234 235
f 388 426 425
f 427 250 237
f 161 521 231
f 100 45 44
f 1025 608 1027
f 1029 1031 1028
f 939 1033 1032
f 41 594 99
f 1036 783 1037
f 702 1038 1039
f 1040 1042 1043
f 362 369 1493
f 187 477 186
f 70 539 198
f 1511 1521 234
f 1049 603 1048
f 613 869 614
f 860 1051 857
f 1005 1053 1006
f 753 1056 1054
f 1057 1059 1055
f 293 1522 292
f 288 1521 1522
f 292 1523 329
f 331 1508 1524
f 306 453 305
f 100 41 99
f 462 78 79
f 330 1524 462
f 635 1068 636
f 1485 1526 1528
f 206 1528 1510
f 1070 1072 831
f 942 1073 1074
f 916 1075 917
f 440 1530 439
f 157 1514 285
f 1529 5 1530
f 371 546 63
f 790 663 791
f 1077 857 1078
f 1403 1435 1165
f 1080 1082 1079
f 531 1529 440
f 21 1084 1085
f 272 1531 561
f 137 396 397
f 690 802 691
f 335 3567 581
f 1090 1029 1091
f 1092 794 1042
f 1533 137 138
f 661 1095 1096
f 69 445 72
f 1099 1101 1098
f 38 1536 1505
f 1104 1106 1103
f 852 1108 853
f 1377 909 1386
f 291 411 294
f 316 516 33
f 539 1533 534
f 1505 316 313
f 1110 1112 1113
f 1539 460 264
f 522 1537 1539
f 834 1120 1119
f 1122 1124 1121
f 612 1041 901
f 935 615 614
f 276 130 131
f 1686 3522 1685
f 193 1541 273
f 231 1540 287
f 556 982 557
f 365 85 345
f 190 318 1541
f 1810 3574 3528
f 3924 3512 3791
f 1132 985 1131
f 208 102 132
f 1134 662 661
f 1491 80 77
f 429 1542 147
f 1137 915 918
f 172 428 174
f 1139 1141 1142
f 549 54 55
f 1517 1518 296
f 976 1146 938
f 834 984 941
f 1543 286 115
f 1544 239 513
f 133 1544 1542
f 506 257 258
f 420 328 401
f 1158 1160 1157
f 587 1103 588
f 1513 1514 151
f 607 1027 608
f 304 1545 303
f 364 77 506
f 69 198 139
f 1006 976 938
f 700 1112 701
f 3877 3525 3787
f 1166 657 656
f 1167 858 1077
f 1300 3524 1299
f 1172 1174 1175
f 218 200 217
f 1179 1181 1178
f 372 97 98
f 89 227 88
f 1186 1188 1189
f 172 1517 1549
f 1482 81 1498
f 1090 1193 1030
f 394 353 1551
f 526 1198 1197
f 811 858 812
f 1199 1026 1025
f 606 697 696
f 1204 1206 743
f 1207 523 526
f 1209 867 613
f 914 685 936
f 1478 1441 1477
f 1029 1161 1091
f 1211 1213 1214
f 3858 1451 3859
f 844 1216 845
f 423 273 274
f 1220 1222 1083
f 22 1224 23
f 882 897 881
f 1519 173 387
f 1189 1232 1178
f 349 550 416
f 1071 1236 1072
f 1237 1239 745
f 1221 1189 1240
f 1510 1512 333
f 939 1241 1005
f 1556 5 67
f 1553 394 1551
f 404 67 347
f 1247 1249 1246
f 142 238 92
f 1251 635 1250
f 850 1253 851
f 1254 1077 1255
f 57 133 429
f 443 552 551
f 1187 1175 1188
f 1256 831 833
f 432 382 383
f 741 747 746
f 434 351 415
f 349 383 348
f 251 1481 1480
f 395 352 353
f 1518 1550 1551
f 1558 378 340
f 109 314 315
f 285 1513 407
f 395 393 392
f 202 410 1558
f 417 405 432
f 1246 1258 1247
f 3 297 2
f 1259 1261 1262
f 403 347 284
f 955 953 952
f 462 51 330
f 1096 687 1263
f 429 60 57
f 896 1265 932
f 1267 1268 1266
f 423 327 420
f 37 180 40
f 20 1187 1186
f 1256 1071 1070
f 155 156 504
f 1188 1269 1232
f 1236 1271 1262
f 1272 535 621
f 565 463 464
f 1273 745 1239
f 876 1255 1274
f 316 164 315
f 437 503 1509
f 194 1495 197
f 1275 864 863
f 624 631 630
f 1277 1137 1278
f 569 567 566
f 1481 125 366
f 324 547 326
f 1279 1107 1280
f 1525 329 1523
f 1281 1137 918
f 171 1553 1552
f 1488 396 1533
f 1557 1562 1559
f 1282 1206 1205
f 1053 1278 1281
f 778 607 1283
f 713 3566 3569
f 251 144 124
f 4 348 383
f 709 707 706
f 728 45 246
f 261 1563 544
f 789 1287 790
f 74 263 282
f 403 385 434
f 1178 1240 1189
f 1223 1289 1224
f 158 150 151
f 1220 1186 1221
f 296 354 433
f 784 1538 1566
f 1181 1291 1222
f 1269 1257 1246
f 1566 438 399
f 136 1566 1564
f 1563 169 1565
f 107 109 108
f 1297 1298 1296
f 1464 1476 1461
f 1520 507 508
f 1301 1303 1304
f 1306 1308 1305
f 175 1532 272
f 1532 200 201
f 1311 1312 1313
f 872 1315 1316
f 1317 1318 1319
f 3836 878 3828
f 1305 864 1276
f 1040 863 1320
f 1564 399 169
f 592 1575 591
f 591 1088 689
f 1581 1583 1582
f 1196 1147 1176
f 710 583 713
f 285 408 386
f 953 961 963
f 1594 1589 1593
f 1585 1587 1586
f 1592 1590 1589
f 3885 944 3899
f 1600 1598 1597
f 1604 1602 1601
f 1399 979 980
f 1589 1596 1595
f 1610 1608 1607
f 298 361 360
f 551 276 277
f 1627 3814 3819
f 859 818 860
f 1078 1328 1329
f 1555 1530 1556
f 572 680 681
f 772 776 774
f 977 918 917
f 404 392 393
f 1054 750 753
f 1644 1643 1642
f 932 1082 933
f 1067 1334 1068
f 1540 264 114
f 597 643 1336
f 471 762 470
f 1642 3831 3842
f 1644 3842 3843
f 923 950 927
f 96 548 95
f 520 522 521
f 445 443 442
f 849 848 842
f 480 755 493
f 1646 481 1639
f 311 1567 170
f 464 3497 3495
f 3497 1361 3495
f 234 236 235
f 190 192 191
f 153 152 149
f 231 286 230
f 1552 1551 1550
f 760 1648 488
f 3832 1649 3830
f 828 826 825
f 52 166 165
f 1663 1661 1660
f 287 115 286
f 668 670 669
f 634 640 639
f 553 559 554
f 118 33 516
f 492 491 490
f 3552 1651 3553
f 582 584 583
f 384 392 415
f 1381 1383 1380
f 1562 435 436
f 952 951 947
f 3529 583 584
f 1660 1667 1666
f 1394 1396 1393
f 1660 1664 1663
f 1671 1669 1668
f 1624 1673 1672
f 1407 1409 1410
f 1677 1675 1674
f 1613 1677 1625
f 1679 1676 1677
f 1626 3811 3814
f 534 198 539
f 176 150 159
f 803 734 800
f 400 191 192
f 65 143 144
f 3526 1656 3540
f 402 157 283
f 629 627 626
f 461 49 50
f 758 495 756
f 796 786 785
f 406 1513 1560
f 342 166 167
f 1694 1658 1695
f 1692 1694 1696
f 3557 1652 3552
f 3921 1703 3923
f 326 302 90
f 3916 1702 1706
f 3919 1698 1701
f 1699 3927 3918
f 1557 1560 1561
f 1127 1117 1128
f 400 289 346
f 1706 1707 1708
f 1707 1599 1600
f 1709 1708 1588
f 1714 1711 1713
f 3919 1709 1700
f 1704 1577 1703
f 1716 1713 1715
f 1559 1549 297
f 1722 1720 1719
f 1335 596 1489
f 410 377 378
f 973 1163 972
f 168 399 398
f 1571 1089 1093
f 1572 682 1571
f 749 647 754
f 1730 1723 1729
f 1594 1729 1592
f 1729 1591 1592
f 1731 1730 1583
f 1384 1377 1379
f 1732 1712 1714
f 1724 1731 1732
f 1712 1731 1580
f 1722 1732 1733
f 1721 1733 1734
f 1734 1716 1717
f 1735 1736 1697
f 1733 1714 1716
f 1663 1741 1668
f 1742 1740 1743
f 1738 1737 1735
f 1665 1666 1740
f 1665 1744 1664
f 1725 1746 1745
f 1591 1745 1590
f 1590 1747 1596
f 1745 1748 1747
f 1659 3538 3542
f 3287 3545 3282
f 1185 1182 1190
f 1664 1749 1741
f 1741 1739 1738
f 1746 1743 1748
f 1726 1742 1746
f 1153 924 925
f 1115 1153 1154
f 1654 3575 1655
f 1896 3549 1686
f 1720 1744 1726
f 1721 1749 1720
f 1750 1701 1698
f 1697 1750 1696
f 1151 1063 1062
f 1751 1670 1671
f 1695 1752 1751
f 961 986 981
f 1770 1768 1767
f 1766 1593 1765
f 1731 1579 1580
f 1579 1774 1578
f 3928 1771 3929
f 1764 3928 3917
f 1777 1775 1774
f 3762 1699 1700
f 1004 1128 1003
f 1774 1771 1772
f 987 1399 980
f 1578 1772 1764
f 1783 1781 1778
f 1597 1770 1767
f 639 3895 3884
f 3928 1769 1770
f 1793 1789 1788
f 3929 1798 1769
f 3508 3773 1806
f 1802 3924 3922
f 1788 1794 1793
f 1793 1795 1776
f 3773 1675 1806
f 1584 1783 1789
f 1771 3920 3929
f 1801 1798 1800
f 1768 1798 1799
f 1775 1797 1771
f 508 515 1520
f 1796 1802 1797
f 1800 3920 3922
f 1794 1804 1795
f 3532 1752 3547
f 485 1807 775
f 3809 1640 768
f 3837 1810 1653
f 485 1640 1808
f 1690 3770 3772
f 487 1648 1811
f 3839 1816 3822
f 3838 1648 3830
f 3839 1811 3838
f 1812 487 1811
f 1641 767 768
f 465 755 776
f 767 3823 3808
f 3822 3826 3847
f 1809 1815 767
f 3837 1651 3840
f 675 3541 3496
f 1814 1822 1821
f 1821 3821 3820
f 1824 1649 1825
f 1827 1850 1805
f 1668 1662 1663
f 1779 1848 1828
f 1790 1805 1794
f 1833 1853 1852
f 3521 693 575
f 1614 1616 1617
f 1852 3498 3501
f 1620 1622 1623
f 1855 1574 1861
f 1847 3501 3513
f 1766 1855 1782
f 1629 1631 1628
f 1633 1634 1632
f 1635 1637 1638
f 1848 1852 1847
f 1855 1863 1862
f 1803 1867 1802
f 1862 1831 1832
f 1782 1862 1781
f 3922 1865 1800
f 1873 1870 1869
f 1874 799 804
f 2045 3897 2044
f 1219 1295 1225
f 1615 1396 1395
f 3884 1877 1876
f 645 3786 3559
f 1345 1035 1346
f 634 3884 3880
f 15 1327 14
f 3910 1878 1893
f 1894 605 1893
f 3506 627 693
f 3560 645 3559
f 340 454 1558
f 1897 195 1898
f 1889 1877 1890
f 1901 129 1900
f 196 754 232
f 1705 3921 3916
f 340 166 343
f 1570 563 561
f 1904 194 1897
f 1781 1832 1780
f 1905 55 1906
f 1000 995 996
f 986 920 987
f 1191 1190 1194
f 2094 2075 2093
f 1920 1919 1915
f 453 1912 1911
f 1915 1918 1916
f 3882 2106 3901
f 1655 3531 1868
f 1916 1926 1925
f 704 3561 703
f 278 1925 1900
f 3565 1818 1820
f 1097 1115 1114
f 1927 727 1923
f 3578 3654 3758
f 1920 307 1929
f 1929 48 728
f 503 1497 1509
f 1902 787 796
f 1816 3820 3826
f 1925 1923 1924
f 1535 1568 1534
f 254 258 255
f 1509 366 367
f 119 35 36
f 219 293 294
f 141 47 431
f 542 244 245
f 1940 430 431
f 1779 1827 1790
f 1701 3915 3919
f 1661 3515 1667
f 270 754 647
f 197 749 196
f 1727 1212 1211
f 53 232 754
f 1465 1479 1478
f 1284 3854 1293
f 1951 412 413
f 168 1554 1553
f 1486 206 207
f 506 78 361
f 994 1007 993
f 951 963 964
f 1013 3861 1351
f 3826 1820 1818
f 1498 1954 1482
f 299 543 132
f 1754 1756 1753
f 1681 1683 1682
f 1696 1695 1697
f 13 738 737
f 473 475 474
f 482 768 1640
f 204 30 205
f 1761 820 819
f 611 1125 612
f 1501 1908 1909
f 1074 711 699
f 1960 82 83
f 120 1960 123
f 35 87 34
f 1773 1025 1031
f 1965 1569 1535
f 494 471 479
f 1966 1969 1968
f 446 1971 1967
f 174 125 126
f 1580 1578 1577
f 1785 1787 1784
f 1972 304 305
f 1254 875 999
f 1973 342 514
f 321 1973 509
f 1910 275 1907
f 509 514 508
f 1486 1527 1485
f 1974 804 1975
f 1977 1974 1978
f 1980 1966 1981
f 379 2 295
f 1718 1710 1701
f 884 992 883
f 1680 1678 1679
f 902 525 524
f 344 256 299
f 135 137 136
f 236 228 333
f 448 1967 1966
f 589 604 584
f 910 908 907
f 1981 1968 1987
f 1982 1987 1979
f 1988 1987 1989
f 1990 1989 1991
f 1991 1993 1992
f 322 320 319
f 992 830 883
f 1144 1086 1143
f 1995 1978 1994
f 1133 1118 1126
f 1997 1994 1996
f 870 1335 1489
f 805 1982 1998
f 727 2000 1999
f 1996 1988 1990
f 1994 1979 1988
f 1829 792 1273
f 1830 941 983
f 798 800 799
f 729 731 730
f 2011 2023 2022
f 1834 846 1159
f 402 284 347
f 2022 2024 2025
f 1838 989 988
f 810 952 809
f 1823 1840 644
f 1430 1432 1431
f 1215 1841 1079
f 149 176 177
f 1316 873 872
f 2112 1384 2106
f 1842 1844 1845
f 1159 845 1160
f 837 1846 1120
f 1971 2030 2027
f 517 370 189
f 858 833 812
f 1471 2027 1888
f 3551 626 627
f 2174 770 490
f 935 1854 1010
f 1613 1611 1618
f 1231 1225 1295
f 1856 891 892
f 1300 748 741
f 1150 1858 1859
f 1643 696 1642
f 1215 1264 1216
f 1320 902 901
f 1956 1944 1960
f 2031 669 1474
f 2034 1310 1299
f 1879 1656 1657
f 40 242 39
f 1992 2039 1456
f 888 957 889
f 1882 1996 1990
f 1078 1255 1077
f 1871 1192 1090
f 294 218 219
f 1323 2026 1471
f 123 83 1484
f 1324 2041 1323
f 384 359 352
f 1324 2038 2036
f 1883 1885 1829
f 287 114 107
f 1096 1134 661
f 915 931 916
f 806 1981 1982
f 3533 584 604
f 1425 2042 1018
f 1018 1948 1017
f 3562 740 3519
f 1948 649 646
f 1881 1990 1991
f 1900 130 278
f 992 994 993
f 923 925 924
f 3878 2047 3876
f 1643 625 606
f 2050 2051 2049
f 2045 1404 2047
f 3876 945 3885
f 1139 1079 1841
f 1037 892 982
f 2055 2057 2056
f 1198 718 717
f 1619 1612 1611
f 2058 1606 2059
f 2059 1607 2058
f 2058 1624 1605
f 71 179 37
f 405 1557 382
f 976 1006 977
f 322 1972 1911
f 2061 2063 2062
f 2066 2067 1825
f 2052 2064 2051
f 1609 2066 1647
f 1515 152 1516
f 1009 993 1007
f 1644 3815 2118
f 279 1916 278
f 1285 3862 1284
f 1647 1825 1649
f 2056 2067 2065
f 319 1953 1952
f 667 1913 1914
f 2070 625 2048
f 2052 2055 2063
f 2038 1655 1458
f 1606 2073 2072
f 1235 1270 1236
f 2072 2075 2074
f 2059 2072 2062
f 2074 2077 2076
f 1601 2078 2073
f 2049 1643 1645
f 1000 1001 994
f 1089 684 689
f 1931 1306 1930
f 1462 1021 1022
f 1932 1934 1935
f 875 1846 998
f 1936 1937 1938
f 44 46 92
f 1534 1956 120
f 1541 317 391
f 2081 2084 2083
f 146 1959 300
f 1360 1942 1361
f 985 1032 1033
f 1995 1892 2043
f 2079 2082 2081
f 2095 2076 2077
f 2081 2078 2079
f 2055 2054 2053
f 501 2095 500
f 2097 2099 2098
f 2098 2094 2083
f 2140 3893 3866
f 2141 3894 3893
f 2051 2048 2049
f 592 2101 1576
f 2071 2076 2096
f 2102 2098 2101
f 593 2102 592
f 1019 746 747
f 1950 12 1327
f 725 2096 501
f 1385 2104 1379
f 1379 2106 1384
f 2107 2100 2097
f 3908 502 3896
f 3896 499 3901
f 940 2109 944
f 928 1170 973
f 3868 684 3899
f 1962 1964 1961
f 3878 573 3897
f 2039 1968 1969
f 1389 2110 2109
f 1398 2113 1397
f 3757 3753 3743
f 3911 2107 2103
f 949 924 1115
f 260 324 326
f 1390 2113 2110
f 2070 2064 2071
f 3867 2103 593
f 2105 1421 2114
f 2114 1423 2115
f 3892 2115 3903
f 3908 2114 3892
f 554 1902 553
f 972 967 966
f 1765 1573 1574
f 1984 1986 1983
f 2053 2069 2057
f 3573 724 714
f 1625 1674 1673
f 3881 2119 2122
f 3903 2123 3904
f 56 1906 55
f 626 3879 629
f 2001 2003 2004
f 3912 2127 3907
f 2006 2008 2009
f 2127 1412 2128
f 2014 2016 2017
f 2018 2020 2021
f 1495 1947 197
f 1379 1386 1385
f 3814 1680 1618
f 2029 1884 2028
f 3902 2120 3887
f 629 3914 3872
f 682 943 1089
f 724 2121 716
f 1757 3821 3845
f 765 3844 3809
f 3851 715 3852
f 706 3870 3872
f 981 987 980
f 1457 1656 1880
f 2017 2032 2033
f 1458 1868 1457
f 1776 1792 1793
f 1959 1946 1958
f 3663 3725 3661
f 3913 2122 3850
f 1093 689 1088
f 966 968 972
f 3852 3881 3913
f 2172 2170 2171
f 670 2137 669
f 3761 1903 233
f 1429 28 1449
f 964 978 971
f 3841 1413 2127
f 1473 669 2137
f 3834 1359 1358
f 2138 1870 2137
f 1872 2137 1870
f 715 3888 3881
f 1881 1992 1880
f 3843 739 740
f 1837 3513 3514
f 253 59 85
f 1808 3840 1807
f 1647 3818 1609
f 3865 671 668
f 2112 3883 2111
f 1405 2044 1438
f 3829 1364 1366
f 273 391 249
f 576 3520 3555
f 3875 668 2031
f 1430 2140 2139
f 2136 3860 28
f 1430 18 19
f 3893 570 695
f 1442 2046 2141
f 1431 2141 2140
f 3869 3850 2136
f 3808 1817 766
f 3866 695 671
f 2142 798 2138
f 571 2142 694
f 3819 1618 1611
f 2143 2025 2142
f 694 2138 670
f 681 2144 572
f 2144 2022 2143
f 328 457 290
f 1572 2011 2144
f 630 3903 624
f 2085 2087 2088
f 2090 2092 2089
f 572 2143 571
f 1875 2153 2149
f 1873 2149 2154
f 2103 2097 2102
f 2157 2155 2156
f 2128 1414 2120
f 3874 589 582
f 3872 628 629
f 2149 2158 2159
f 2159 3905 3890
f 698 3902 705
f 3823 3827 1817
f 2158 3874 3905
f 1438 2046 1439
f 2035 2160 2161
f 2161 3889 3886
f 3871 605 589
f 3873 18 3875
f 370 61 451
f 649 413 648
f 2153 2156 2158
f 1428 1449 1450
f 1490 73 1488
f 3890 710 633
f 2155 3891 3871
f 1456 1880 1992
f 2125 2087 2124
f 2160 3890 3889
f 300 505 323
f 1064 1046 1065
f 2043 1891 2155
f 2129 2004 2003
f 2131 2133 2134
f 3848 1450 1449
f 1998 804 805
f 3879 3864 3914
f 474 490 770
f 1164 1182 1177
f 707 3909 3870
f 708 2162 707
f 2162 3886 3909
f 548 1905 458
f 1145 1114 1171
f 705 1650 704
f 2043 1977 1995
f 737 554 559
f 1034 1191 1023
f 458 1907 275
f 195 232 233
f 2040 1969 1970
f 2145 2147 2148
f 2054 2049 1645
f 3832 1639 3818
f 9 11 10
f 252 506 258
f 472 479 471
f 1865 3791 3503
f 900 910 907
f 1941 2151 1942
f 1921 1927 1919
f 2163 1898 2116
f 271 153 178
f 1904 12 9
f 282 264 460
f 1872 2154 2035
f 1326 1897 2163
f 628 693 627
f 1724 1719 1723
f 1549 436 172
f 1582 1730 1729
f 1921 1929 1928
f 3563 10 11
f 2152 1950 1949
f 475 774 771
f 769 2171 473
f 2171 476 473
f 476 772 475
f 1791 464 1760
f 2166 2168 2169
f 595 372 98
f 483 1641 482
f 762 2173 470
f 771 484 492
f 486 1809 483
f 297 1517 296
f 763 2174 762
f 776 759 489
f 184 2176 2000
f 412 303 414
f 2005 185 224
f 3811 1682 3846
f 2164 756 764
f 1472 2161 2162
f 950 964 965
f 2177 2179 2180
f 227 1510 333
f 764 467 2164
f 2182 2184 2181
f 2186 2018 2185
f 1985 2181 1986
f 214 729 1531
f 1545 1546 1569
f 865 842 866
f 849 1357 1362
f 452 1558 454
f 559 3188 737
f 16 737 3188
f 560 498 374
f 3193 3195 3194
f 3200 3198 3199
f 3211 3213 3212
f 3215 3217 3216
f 2187 2002 2001
f 2169 2189 2190
f 2192 2085 2191
f 2193 2195 2196
f 2198 2200 2197
f 1998 1979 1975
f 3664 3668 3671
f 2116 1903 1902
f 1859 2009 1150
f 3904 2126 3906
f 1135 1087 1130
f 2201 2015 2014
f 1149 110 1858
f 3221 3218 3215
f 2203 2205 2206
f 579 1895 1019
f 1755 2208 1756
f 3891 1893 605
f 1211 2150 1727
f 868 2210 2209
f 944 930 940
f 2130 2202 2201
f 233 1898 195
f 665 750 666
f 1167 999 618
f 2211 2213 2214
f 2215 2217 2218
f 3867 590 3868
f 2220 220 2219
f 823 948 1094
f 3225 3227 3226
f 266 455 265
f 3882 2107 3883
f 2221 3519 3517
f 2223 2225 2226
f 2207 2124 2208
f 673 3869 3864
f 817 996 815
f 2227 2146 2145
f 1947 646 749
f 3900 17 3873
f 2229 1638 1381
f 1679 1618 1680
f 1637 2232 2230
f 2233 1617 1616
f 2231 2236 2237
f 1381 2238 1382
f 3586 2242 3587
f 1630 2233 1631
f 1681 472 469
f 1408 2243 2244
f 3236 3238 3237
f 3232 3240 3235
f 1637 2238 1638
f 3237 3233 3234
f 1409 1634 2245
f 1380 2247 2246
f 1628 2245 1621
f 2249 1622 1633
f 1632 1408 2244
f 2248 1631 2250
f 2235 1637 1636
f 3245 3199 3198
f 631 2071 725
f 515 52 49
f 782 2251 1251
f 2253 2255 2252
f 397 459 784
f 1456 2040 1455
f 2040 2036 1455
f 1401 2111 1398
f 2041 1970 2026
f 1535 414 1965
f 1586 2080 2079
f 2256 1132 1886
f 1700 3918 3919
f 3815 1686 3817
f 1263 1886 1096
f 598 844 599
f 2257 2259 2260
f 2258 2262 2259
f 2259 2263 2216
f 2260 2216 2215
f 1967 1970 1969
f 2212 1963 2213
f 922 2218 2217
f 1312 1101 2264
f 1307 1286 789
f 1548 1546 1972
f 2266 2268 2265
f 2265 2270 2269
f 2272 2269 2271
f 2273 2265 2272
f 2275 2277 2274
f 2278 2277 2279
f 2284 3617 3639
f 2287 2286 2281
f 2288 2283 2287
f 2290 3639 3620
f 2291 2293 2294
f 2295 2294 2279
f 2296 2291 2295
f 2297 2292 2291
f 2294 2299 2300
f 2279 2300 2278
f 2298 2302 2292
f 2292 2303 2293
f 2293 2304 2299
f 2304 2306 2299
f 2306 2300 2299
f 2308 2310 2307
f 2302 2310 2303
f 2301 2307 2302
f 2312 2307 2311
f 2313 2315 2316
f 2318 2320 2317
f 3748 2322 2323
f 2324 2273 2326
f 2313 2326 2327
f 2328 2313 2316
f 2329 2324 2328
f 2331 2333 2330
f 2330 2267 2266
f 2325 2266 2273
f 2329 2330 2325
f 2333 2335 2267
f 2336 2333 2332
f 2338 2332 2337
f 2331 2337 2332
f 2329 2339 2331
f 2328 2340 2329
f 2316 2341 2328
f 2342 2315 2343
f 2344 2346 2347
f 2341 2347 2340
f 2342 2344 2341
f 2348 2345 2344
f 2350 2352 2353
f 2339 2353 2337
f 2340 2350 2339
f 2347 2351 2350
f 2337 2354 2338
f 2353 2355 2354
f 2356 2276 2357
f 2356 2358 2359
f 2356 2296 2295
f 2279 2356 2295
f 2360 2270 2268
f 2267 2360 2268
f 2362 2364 2365
f 2362 2361 2358
f 2366 2358 2357
f 2366 2363 2362
f 2357 2368 2366
f 2366 2369 2367
f 2276 2370 2368
f 2368 2282 2369
f 2372 2374 2371
f 2375 2377 2007
f 2378 2380 2381
f 2382 2381 2383
f 2384 2378 2382
f 2385 2379 2378
f 2388 2390 2387
f 2387 2392 2391
f 2393 2387 2391
f 2394 2388 2387
f 2186 2402 2400
f 2403 2327 2326
f 2272 2326 2273
f 2271 2403 2272
f 2405 2404 2403
f 2404 2408 2327
f 2409 2411 2412
f 2409 2271 2269
f 2413 2269 2270
f 2413 2410 2409
f 2417 2416 2418
f 2417 2406 2405
f 2412 2405 2271
f 2411 2417 2412
f 2406 2407 2404
f 3569 632 713
f 2420 2397 2421
f 2420 2423 2422
f 2424 2422 2419
f 2424 2398 2420
f 2425 2392 2426
f 2421 2426 2423
f 2397 2425 2421
f 2396 2391 2425
f 2427 2315 2314
f 2427 2408 2428
f 2430 2428 2429
f 2343 2427 2430
f 2432 2430 2431
f 2431 2429 2433
f 2435 2433 2434
f 2436 2431 2435
f 2428 2407 2437
f 2422 2407 2419
f 2438 2422 2423
f 2429 2437 2438
f 2440 2433 2439
f 2441 2433 2429
f 2442 2439 2441
f 2443 2440 2439
f 2445 2444 2443
f 2447 2443 2442
f 2383 2445 2447
f 2381 2446 2445
f 2448 2423 2426
f 2449 2426 2392
f 2441 2449 2442
f 2441 2438 2448
f 2449 2390 2450
f 2450 2389 2451
f 2447 2451 2383
f 2442 2450 2447
f 2451 2453 2452
f 2452 2455 2454
f 2382 2454 2384
f 2383 2452 2382
f 2456 2373 2372
f 2459 2461 2458
f 2463 2465 2462
f 2462 2285 2284
f 2466 2284 2290
f 2467 2462 2466
f 2461 3703 3701
f 2468 2470 2471
f 2472 2471 2473
f 2474 3701 3688
f 2475 2477 2478
f 2458 2453 2479
f 2479 2389 2388
f 2395 2479 2388
f 2480 2458 2479
f 2481 2483 2478
f 2484 2485 221
f 2471 2464 2463
f 2473 2463 2467
f 2487 2466 2486
f 2486 2290 2488
f 2490 2488 2489
f 2491 2486 2490
f 2492 2467 2487
f 2493 2487 2491
f 2494 2492 2493
f 2495 2473 2492
f 3690 2474 3688
f 3691 2496 3690
f 2498 2493 2499
f 2500 2499 2501
f 3700 2498 2500
f 3687 2494 2498
f 2306 2278 2300
f 2305 2504 2306
f 2504 2507 2506
f 2506 2288 2508
f 2274 2508 2275
f 2278 2506 2274
f 3633 2489 2488
f 3620 2488 2290
f 2507 2289 2288
f 2505 2509 2507
f 2508 2287 2511
f 2511 2281 2280
f 2370 2280 2282
f 2275 2511 2370
f 2512 2489 2513
f 2514 2513 2515
f 2517 2514 2516
f 2517 2490 2512
f 2499 2491 2517
f 2499 2516 2501
f 2510 2519 2518
f 2518 2521 2520
f 3616 2520 3621
f 3632 2518 3616
f 2522 2303 2310
f 2523 2310 2309
f 2305 2522 2524
f 2524 2523 2525
f 2519 2525 2521
f 2505 2524 2519
f 2308 2527 2526
f 2526 2529 2528
f 2531 2528 2530
f 2309 2526 2531
f 1214 2151 1211
f 2419 2418 2424
f 2533 2349 2317
f 2534 2317 2320
f 2535 2533 2534
f 2536 2345 2533
f 2537 2346 2536
f 2538 2536 2535
f 2539 2537 2538
f 2540 2351 2537
f 2312 2541 2527
f 2527 2542 2529
f 2543 2434 2544
f 2545 2544 2546
f 2319 2543 2545
f 2318 2435 2543
f 2514 2548 2547
f 2547 2550 2549
f 2552 2549 2551
f 2552 2514 2547
f 2520 2554 2553
f 2553 2556 2555
f 3590 2555 3593
f 3621 2553 3590
f 2523 2531 2557
f 2557 2530 2558
f 2525 2557 2559
f 2559 2558 2560
f 2554 2560 2556
f 2521 2559 2554
f 2561 2007 2006
f 2376 2225 2377
f 2564 2566 2563
f 2563 338 2567
f 2569 2567 2568
f 2570 2563 2569
f 2572 2574 2571
f 2571 2576 2575
f 2544 2575 2546
f 2544 2572 2571
f 2578 2569 2577
f 2579 2569 2568
f 2574 2579 2576
f 2573 2577 2574
f 2581 2583 2580
f 2584 2583 2585
f 3697 2580 2584
f 3676 2580 3675
f 2582 2552 2583
f 2583 2551 2585
f 2500 2589 2588
f 2590 2589 2591
f 3693 2588 2590
f 3695 2500 2588
f 2501 2591 2589
f 2592 2594 2595
f 2386 2503 2502
f 2596 2386 2374
f 2596 2373 2597
f 2599 2597 2598
f 2599 2379 2596
f 2600 2380 2599
f 2600 2598 2601
f 2603 2601 2602
f 2603 2446 2600
f 2604 2602 2605
f 2440 2605 2434
f 2444 2604 2440
f 2606 2581 2607
f 2606 2590 2591
f 2591 2582 2606
f 3676 2456 3689
f 3689 2372 3693
f 2478 2608 2481
f 2609 2611 2199
f 2564 2613 2612
f 2612 2598 2597
f 2457 2597 2373
f 2565 2612 2457
f 2614 2570 2578
f 2615 2578 2573
f 2602 2614 2615
f 2601 2613 2614
f 2572 2605 2616
f 2616 2602 2615
f 2573 2616 2615
f 1459 1045 1021
f 1265 1079 1082
f 1612 1609 1611
f 2067 2069 2068
f 1135 1136 1148
f 1938 2618 2617
f 95 458 128
f 2058 1608 1612
f 1454 1445 1367
f 655 1048 2619
f 722 2621 723
f 1131 1033 1134
f 562 366 1497
f 1723 1725 1591
f 1786 1122 1787
f 267 323 266
f 1325 1654 2038
f 1468 1435 1479
f 658 529 528
f 8 247 7
f 382 1559 3
f 788 1307 789
f 940 929 928
f 911 2623 912
f 2621 655 654
f 2624 2625 2626
f 998 27 26
f 635 2626 2625
f 2627 644 1840
f 2628 1840 2629
f 1200 2627 2628
f 1199 641 2627
f 1520 49 477
f 1452 1349 1451
f 2630 1859 1858
f 644 1335 1823
f 1197 717 2632
f 2632 719 1166
f 2628 1166 1200
f 2629 2632 2628
f 1762 1050 821
f 1823 873 1839
f 2634 794 652
f 1028 1027 1161
f 1042 2635 1043
f 93 1901 1924
f 2036 1458 1455
f 1527 1525 1526
f 877 1274 1277
f 134 797 1544
f 1328 931 1329
f 607 1091 1161
f 1043 2637 2636
f 2636 2639 2638
f 1275 2638 1276
f 1275 1043 2636
f 1272 2626 2640
f 2640 638 637
f 1110 2640 637
f 536 2640 2641
f 1472 1474 1473
f 2042 1951 649
f 1058 1105 1059
f 2642 2643 2644
f 1192 2644 1193
f 912 2642 1192
f 3898 3526 3786
f 1049 2620 2621
f 616 1885 613
f 1331 666 750
f 990 1198 525
f 1911 321 322
f 1298 1205 2645
f 76 1504 75
f 1502 421 422
f 610 658 691
f 1146 659 938
f 2646 914 936
f 1280 1238 1279
f 975 2647 2648
f 2647 975 974
f 1453 1452 1451
f 1514 158 151
f 835 1843 1842
f 1271 1173 1289
f 2649 813 2650
f 1893 1826 1894
f 1050 1937 1051
f 2651 814 813
f 1006 1281 977
f 2653 2654 2655
f 1001 1003 1002
f 585 679 558
f 2624 621 620
f 555 2028 556
f 1207 1197 2629
f 1626 478 472
f 426 419 1567
f 1030 1773 1031
f 3898 634 3880
f 534 138 262
f 1125 1042 1041
f 333 88 227
f 569 561 730
f 1489 871 870
f 1857 620 891
f 1673 3770 3763
f 622 864 1308
f 2647 974 2657
f 619 891 620
f 261 545 262
f 393 1556 404
f 2658 2647 2657
f 1075 2657 917
f 1081 2658 1075
f 1080 2659 2658
f 2644 1141 2660
f 2660 1140 1336
f 642 1336 643
f 1193 2660 642
f 679 555 558
f 1503 1500 1502
f 1318 1101 1100
f 2661 1139 1142
f 2661 2663 2662
f 2662 2659 2661
f 2662 2622 2664
f 2664 911 2646
f 2648 2646 1146
f 2648 2662 2664
f 2083 2093 2081
f 1442 1437 1439
f 519 330 51
f 1885 1209 613
f 799 805 804
f 1946 1952 1953
f 1302 1253 1252
f 566 224 533
f 1389 928 1388
f 683 681 680
f 836 1842 2665
f 2665 1845 1303
f 2666 1303 1302
f 24 2665 2666
f 831 2650 832
f 1845 1304 1303
f 2010 2012 2011
f 1051 2667 2668
f 1522 1511 1523
f 531 441 522
f 782 1251 1250
f 1250 2625 2669
f 2669 1857 1856
f 783 1856 1037
f 782 2669 783
f 720 2671 721
f 1055 1930 1056
f 1333 1251 2251
f 619 1308 1307
f 652 2619 2634
f 521 1539 1540
f 1838 537 2672
f 2672 536 2641
f 1113 2641 1110
f 1113 1838 2672
f 1016 1351 1045
f 3897 570 3894
f 226 104 101
f 3564 3827 1818
f 1036 1884 1883
f 2674 1304 2673
f 2673 1844 2675
f 1334 2675 1039
f 1333 2673 1334
f 2676 1039 2675
f 1843 2675 1844
f 942 2676 1843
f 1074 702 2676
f 811 859 858
f 752 1055 753
f 1200 656 1026
f 1120 874 2677
f 2677 877 1052
f 1241 1052 1005
f 1119 2677 1241
f 1560 151 1515
f 1208 611 523
f 215 736 214
f 1460 1462 1461
f 1208 1839 873
f 854 1282 1297
f 72 182 179
f 544 1565 512
f 217 456 457
f 2047 930 945
f 1204 1937 2633
f 913 686 685
f 840 1113 1112
f 1531 730 561
f 2678 1283 801
f 601 1914 602
f 1537 459 460
f 1819 3509 3527
f 991 862 538
f 2679 1073 1830
f 2680 983 2256
f 779 2256 1263
f 778 2680 779
f 2678 1830 2680
f 180 245 40
f 1886 1131 1134
f 1138 1274 1255
f 1841 1140 1139
f 75 314 74
f 193 420 192
f 2681 1099 1098
f 170 1565 169
f 349 417 432
f 1121 2684 2683
f 547 409 302
f 123 121 120
f 2643 1142 1141
f 1542 513 1543
f 899 907 919
f 1210 676 867
f 791 982 892
f 24 837 836
f 893 932 931
f 1860 863 862
f 535 862 861
f 832 813 812
f 2650 813 832
f 1569 1547 1568
f 181 542 180
f 660 937 688
f 2013 568 2012
f 887 2631 2630
f 1524 361 78
f 520 162 1529
f 2653 854 2685
f 1238 2655 2686
f 718 527 530
f 1492 518 1491
f 792 615 793
f 599 1835 596
f 290 456 175
f 312 1552 425
f 1248 1179 1249
f 153 177 178
f 1240 1222 1221
f 1257 1235 1071
f 1291 1083 1222
f 1052 1277 1053
f 743 2618 1204
f 444 430 443
f 23 1172 1187
f 2687 1180 1179
f 102 409 134
f 1283 610 801
f 373 650 651
f 1180 1084 1291
f 855 2655 1237
f 1173 1917 1174
f 2689 853 2688
f 2688 1108 1279
f 2686 1279 1238
f 2687 2688 2686
f 2691 1252 2690
f 2690 850 2689
f 1248 2689 2687
f 1248 2691 2690
f 2692 24 2666
f 2691 2666 1302
f 1247 2692 2691
f 1258 617 2692
f 394 1555 393
f 2693 1259 1223
f 1072 1262 1261
f 1257 1168 1258
f 398 1555 1554
f 871 1314 872
f 1178 1249 1179
f 1224 1173 1172
f 1010 2618 742
f 1175 1292 1269
f 2654 2686 2655
f 2694 1216 1264
f 71 1487 70
f 701 1111 1038
f 1072 2649 2650
f 1085 22 21
f 895 1264 896
f 1601 1605 1604
f 1259 1271 1289
f 21 1220 1083
f 988 538 537
f 598 1336 1140
f 820 1762 821
f 1050 818 821
f 1298 1761 2652
f 1168 618 617
f 858 1256 833
f 39 516 1536
f 2652 819 814
f 313 315 314
f 2026 1971 2027
f 2656 596 1835
f 814 818 811
f 2696 813 2649
f 1260 2649 1261
f 2693 2696 1260
f 2697 2651 2696
f 381 390 380
f 3818 1611 1609
f 1475 1428 1227
f 1292 1917 1235
f 1551 354 1518
f 1526 1523 1511
f 1593 1595 1573
f 1232 1246 1249
f 2695 1223 22
f 2698 1296 2697
f 2698 2693 2695
f 2685 2695 1085
f 2685 1297 2698
f 562 271 272
f 2652 1296 1298
f 1365 1364 1363
f 1958 1953 1957
f 585 2210 997
f 1561 1515 435
f 975 1146 976
f 347 68 346
f 1038 636 1068
f 2700 780 2699
f 2699 1036 1883
f 2701 1883 1829
f 851 2699 2701
f 2674 2251 2702
f 2702 781 2700
f 1253 2700 851
f 1301 2702 1253
f 1519 388 1550
f 1273 1280 2703
f 2703 1107 852
f 2701 852 851
f 1829 2703 2701
f 91 326 90
f 1784 2656 1785
f 2683 2705 2704
f 604 3499 3533
f 1669 3548 1662
f 2062 2060 2059
f 621 861 622
f 2023 732 2024
f 686 1263 687
f 857 2668 1328
f 883 882 879
f 637 1111 1110
f 2668 893 1328
f 2667 894 2668
f 1039 1068 1334
f 313 1504 1505
f 1911 305 453
f 1936 1964 2212
f 2707 2401 2183
f 2708 2183 2182
f 738 2116 554
f 2349 2432 2436
f 2711 2020 2019
f 2400 2019 2186
f 2714 2716 2713
f 2717 2719 2720
f 2721 2723 2724
f 2726 2728 2725
f 2725 2730 2729
f 2731 2729 2709
f 2732 2725 2731
f 2734 2736 2733
f 2738 2740 2737
f 2737 2741 2742
f 2744 2746 2743
f 2745 2748 2747
f 2749 2747 2751
f 2753 2751 2752
f 2250 2246 2248
f 2754 1614 2755
f 3598 2755 3609
f 3608 2747 3609
f 1617 2755 1614
f 2242 1620 2757
f 2191 2760 2759
f 2761 2760 2762
f 3648 2761 3649
f 3623 2759 3648
f 3209 3223 3224
f 1395 2236 2235
f 1395 1636 1615
f 1616 2229 2233
f 1617 2763 2756
f 2756 3628 3608
f 2765 2234 1630
f 2766 3628 3622
f 3202 3246 3247
f 1516 435 1515
f 2768 3552 3553
f 1495 578 1424
f 2135 28 17
f 3526 2773 2774
f 1690 3926 3925
f 2778 2780 2777
f 2777 2781 2782
f 2784 2777 2783
f 3555 575 576
f 1494 9 540
f 3529 2015 3566
f 451 505 450
f 2786 2788 2785
f 2779 2785 2780
f 2789 2741 2740
f 2790 2752 2789
f 2792 2794 2791
f 2793 2796 2794
f 2796 2750 2749
f 2794 2749 2753
f 2798 1396 2754
f 3591 2754 3598
f 2798 2800 1393
f 3591 2799 2798
f 2797 2795 2801
f 2791 2753 2790
f 216 232 54
f 3804 2807 3803
f 3805 2804 3803
f 2769 3557 3552
f 183 184 97
f 2811 2775 2776
f 2804 2776 2805
f 2809 2811 2804
f 2812 2813 2814
f 3805 2816 3795
f 3796 2815 3795
f 3798 2820 2821
f 3793 2819 3798
f 2824 2735 2819
f 2823 2824 2819
f 2825 2826 2724
f 3793 2827 3792
f 3796 2826 3792
f 2713 2829 2828
f 2828 2831 2830
f 2822 2828 2830
f 2821 2713 2828
f 2832 2822 2830
f 2833 2830 2831
f 2834 2832 2833
f 2835 2827 2832
f 2837 2839 2836
f 2836 2841 2840
f 2842 2840 2727
f 2843 2836 2842
f 2840 2845 2844
f 2718 2845 2719
f 2730 2844 2718
f 2727 2844 2728
f 2846 2719 2845
f 2846 2841 2847
f 2829 2847 2831
f 2829 2716 2846
f 2847 2839 2848
f 2848 2838 2849
f 2833 2849 2834
f 2831 2848 2833
f 2850 2851 2852
f 2853 2852 2854
f 2783 2782 2855
f 2785 2853 2856
f 2780 2856 2781
f 2857 2855 2782
f 2859 2782 2781
f 2861 2842 2860
f 2860 2727 2726
f 2862 2726 2732
f 2863 2860 2862
f 2861 2858 2857
f 2843 2857 2859
f 2856 2854 2864
f 2781 2864 2859
f 2837 2859 2864
f 2838 2864 2854
f 2852 2834 2849
f 2854 2849 2838
f 2865 2818 2835
f 2851 2835 2834
f 2813 2815 2865
f 2814 2865 2851
f 2866 2814 2850
f 2788 2850 2853
f 2866 2787 2867
f 2812 2867 2775
f 1892 1890 1891
f 2720 2846 2870
f 298 256 257
f 2872 2713 2820
f 3794 2735 2734
f 2729 2874 2873
f 2846 2715 2870
f 2876 2878 2875
f 2733 2878 2734
f 3806 2879 2880
f 3806 2872 3794
f 2882 2884 2881
f 2881 2715 2714
f 2880 2714 2872
f 2879 2881 2880
f 2885 2887 2888
f 2888 2890 2885
f 2885 2892 2891
f 2893 2885 2891
f 1942 2532 2894
f 2895 2720 2870
f 2884 2870 2715
f 2883 2895 2884
f 2896 2892 2895
f 2889 2717 2890
f 2890 2720 2892
f 2897 2891 2896
f 2898 2896 2883
f 2899 2883 2882
f 2900 2882 2879
f 3797 2879 3807
f 2876 2901 2877
f 2901 2904 2903
f 1785 1835 1834
f 2905 2899 2900
f 2907 2897 2898
f 3797 2903 3799
f 632 577 633
f 3532 2867 2787
f 434 550 350
f 2768 3640 3643
f 2910 1623 2249
f 2241 2758 2242
f 3640 2913 3652
f 1623 2757 1620
f 3587 2757 3652
f 2229 1380 2250
f 2765 1629 2914
f 2915 1629 2912
f 3642 2914 2915
f 3641 2765 2914
f 2919 3642 3613
f 2918 2912 2241
f 3614 2241 3586
f 3618 3613 3670
f 3541 2180 3496
f 3521 2188 3506
f 3705 714 3851
f 2925 2917 2924
f 2924 2916 2919
f 3610 2919 3618
f 3611 2924 3610
f 2926 2766 2925
f 3658 2925 3611
f 1715 1705 1710
f 785 498 796
f 1387 565 1791
f 374 1899 560
f 3573 2206 3556
f 2929 2886 2893
f 2932 2934 2931
f 1905 1908 1907
f 2930 2936 2937
f 2938 2930 2929
f 1493 517 518
f 1603 1586 1602
f 2939 2929 2908
f 2940 2908 2907
f 3665 1600 3661
f 2886 2937 2887
f 2906 2898 2899
f 2908 2893 2897
f 2942 2933 2941
f 2941 2937 2936
f 3501 2936 3513
f 3498 2941 3501
f 2943 2710 2873
f 2943 2874 2889
f 2945 2889 2888
f 2946 2943 2945
f 2932 2888 2887
f 2931 2945 2932
f 727 1929 728
f 2903 2947 2948
f 545 42 262
f 1480 533 251
f 2907 2949 2940
f 2906 2950 2949
f 1558 215 202
f 3799 2948 3801
f 2054 1644 2118
f 3705 2203 3573
f 1828 1849 1827
f 2953 2955 2952
f 2952 2957 2956
f 2956 2258 2952
f 2953 2258 2257
f 2454 2474 2496
f 3747 2959 3766
f 3747 2131 3737
f 2961 2963 2958
f 2958 2964 2959
f 222 2485 2965
f 2477 2966 2608
f 2631 2006 1859
f 2384 2496 2497
f 2967 2959 2964
f 2968 2970 2969
f 3759 2971 3784
f 3784 2960 3766
f 2972 2033 2032
f 2007 2973 2008
f 3560 2134 2133
f 1836 1832 1831
f 3506 2090 3551
f 955 959 956
f 672 674 673
f 633 713 632
f 2024 733 803
f 2025 803 798
f 425 1550 388
f 2975 888 887
f 1319 1157 2694
f 1212 2977 1213
f 889 2228 2227
f 1978 1975 1979
f 1138 1329 915
f 751 2979 2978
f 1619 1625 1624
f 2252 1728 1727
f 1157 845 1216
f 2706 1938 2617
f 2980 2254 2981
f 2982 887 2630
f 802 711 2679
f 678 2029 2028
f 527 690 528
f 1839 2629 1840
f 2983 602 1914
f 2983 1913 1331
f 2985 1331 1054
f 2986 2983 2985
f 2987 2635 2634
f 2985 2639 2986
f 2990 1318 2989
f 2991 2993 2994
f 2995 2994 2996
f 1106 2991 2995
f 1058 2992 2991
f 1415 1365 1367
f 1317 2217 2997
f 1932 2255 2980
f 926 2999 664
f 3001 2992 3000
f 3000 1057 2978
f 2999 2978 2979
f 2998 3000 2999
f 3002 2209 3003
f 3002 2996 2994
f 2993 3002 2994
f 3001 2998 3002
f 1103 2995 3004
f 3004 2996 3003
f 2209 3004 3003
f 588 3004 2210
f 295 433 381
f 2638 2988 3005
f 3005 1056 1930
f 1305 1930 1306
f 1276 3005 1305
f 1987 1993 1989
f 2633 1761 2645
f 1423 1417 1419
f 3561 739 703
f 2671 2704 2705
f 1473 2035 1472
f 922 2694 895
f 1401 1378 1384
f 556 1884 1037
f 842 3825 3836
f 1854 2617 1010
f 933 1081 1075
f 1440 1436 1437
f 529 719 530
f 1031 1027 1028
f 777 912 1871
f 2645 1204 2633
f 441 1538 1537
f 790 587 586
f 2065 1610 1607
f 1860 990 902
f 60 87 59
f 1424 1948 1947
f 332 1507 331
f 261 138 135
f 187 449 507
f 1719 1726 1725
f 1931 1059 3006
f 3006 1105 1104
f 1287 1104 587
f 1286 3006 1287
f 3007 3009 3010
f 3009 653 795
f 618 26 25
f 2029 1210 1209
f 957 600 2228
f 1049 2228 600
f 2631 3011 2561
f 890 2227 3011
f 3011 2145 3012
f 2561 3012 2375
f 1026 609 608
f 2706 1961 1964
f 3013 2485 3014
f 2148 1267 3015
f 3015 1266 1311
f 2997 1101 1317
f 642 1773 1193
f 186 461 511
f 1041 1320 901
f 1121 3017 1122
f 2984 2987 3018
f 3018 2634 2619
f 1048 3018 2619
f 603 2984 3018
f 2679 801 802
f 2062 2074 2061
f 2061 2076 2064
f 414 1545 1965
f 3016 2683 3019
f 3019 2704 2670
f 3020 2670 720
f 3007 3019 3020
f 1871 1091 777
f 3021 1122 3017
f 3022 3017 3010
f 1314 3022 1315
f 1784 3021 1314
f 1316 1763 611
f 3023 3010 3009
f 3023 795 1092
f 1763 1092 1125
f 1315 3023 1763
f 3016 3010 3017
f 752 2978 1057
f 2986 2637 2987
f 3024 653 3008
f 3020 3008 3007
f 720 3024 3020
f 723 654 3024
f 2681 1268 3025
f 2671 1268 721
f 2705 3025 2671
f 1313 3027 1311
f 3026 3029 3027
f 3027 3030 3031
f 1311 3031 3015
f 2012 731 2023
f 917 974 977
f 743 856 744
f 1888 2030 1425
f 2682 2684 3032
f 3032 1124 2989
f 1100 2989 1318
f 1099 3032 1100
f 1123 2989 1124
f 3033 1159 1158
f 2990 1158 1319
f 1123 3033 2990
f 1786 1834 3033
f 1054 2988 2985
f 2979 664 2999
f 2623 2663 2643
f 1095 688 687
f 3034 2261 2956
f 3036 2956 2957
f 3037 3034 3036
f 3038 3035 3034
f 3040 3026 1313
f 2263 3041 3040
f 3042 3043 3041
f 3041 3028 3026
f 3044 3043 3039
f 3046 3045 3044
f 3047 3049 3045
f 3043 3049 3028
f 3038 3051 3050
f 3050 3053 3052
f 3052 3044 3050
f 3039 3050 3044
f 3054 3039 3042
f 3042 2262 3054
f 2261 3054 2262
f 2216 2997 2217
f 2212 2667 1936
f 3056 2209 3055
f 934 1961 1854
f 2013 3757 567
f 3058 3060 3061
f 3059 3063 3060
f 3060 2213 1963
f 3061 1963 1962
f 3063 2214 2213
f 3062 3064 3063
f 3065 2260 3064
f 3064 2215 2214
f 3066 3031 3030
f 2608 3067 3066
f 2966 3068 3067
f 3031 3068 3015
f 2455 2461 2474
f 2476 2226 2477
f 3551 2089 3525
f 3526 3769 3786
f 433 355 381
f 2115 1419 2123
f 3509 2922 3527
f 3769 2131 2134
f 3069 2167 2166
f 2971 2928 2960
f 2961 2773 2962
f 3070 2478 2483
f 2610 3071 2954
f 2502 2374 2386
f 3072 2595 3073
f 2964 3052 2967
f 3048 3074 3049
f 2593 3075 3074
f 3075 3029 3074
f 3074 3028 3049
f 3072 3075 2592
f 3076 2482 2481
f 2481 3066 3076
f 3076 3030 3075
f 2967 3053 2970
f 2482 3073 2483
f 479 493 494
f 706 3873 709
f 3561 2221 3517
f 2013 3754 3755
f 3533 2016 3529
f 3562 2222 2974
f 1171 1155 1176
f 2586 2565 2587
f 2982 113 2484
f 2562 3077 3068
f 2376 3012 3077
f 3012 2148 3077
f 3077 3015 3068
f 2963 3046 2964
f 3051 2970 3053
f 1683 491 775
f 3850 1447 3860
f 1986 3734 3768
f 3079 2546 2575
f 3081 2575 2576
f 1983 3768 3765
f 3082 2319 2545
f 3080 2545 2546
f 3734 3082 3080
f 3732 2323 3082
f 1309 1888 748
f 3073 2772 2771
f 2760 3084 2762
f 2760 2088 3083
f 3085 3086 3087
f 3089 3090 3088
f 3089 3084 3085
f 3092 3090 3091
f 3093 2744 2743
f 2751 2748 3093
f 3093 2752 2751
f 2742 3093 3094
f 3094 2743 3095
f 3096 3098 3087
f 3099 3087 3086
f 3097 3095 3098
f 3100 2746 3101
f 3101 3102 3100
f 2764 2927 3101
f 2745 3101 2746
f 3102 3091 3100
f 3100 3095 2743
f 2869 3592 3634
f 3102 3104 3092
f 3658 2869 3634
f 2927 3103 3102
f 3098 3091 3090
f 3087 3090 3085
f 2088 3105 3083
f 3083 3086 3084
f 2483 2771 3070
f 2401 2185 2321
f 3099 3105 3106
f 2125 3106 3105
f 3108 2742 3107
f 3107 3094 3097
f 3110 3107 3109
f 3109 3097 3096
f 3111 3096 3099
f 3112 3109 3111
f 3113 2737 3108
f 3115 2722 3114
f 3117 3114 3116
f 3119 3116 3118
f 3118 3120 3121
f 3116 3113 3120
f 3122 3111 3123
f 3122 1755 1754
f 3124 3126 3127
f 3125 3121 3126
f 3128 3118 3125
f 3129 3125 3124
f 2020 3128 3129
f 3853 1346 1352
f 1065 1047 1066
f 1814 3830 1649
f 2021 3129 3130
f 3111 3106 3123
f 3123 2207 1755
f 2377 2224 2973
f 3014 113 112
f 1756 3782 3767
f 3131 2530 2528
f 3133 2528 2529
f 1753 3767 3775
f 3134 3127 3135
f 2327 2314 2313
f 2436 2317 2349
f 2018 3711 3712
f 2534 3137 2535
f 2320 3136 2534
f 2185 3712 3771
f 3138 2542 2539
f 3134 3744 3745
f 3785 3134 3745
f 3140 2539 2538
f 2535 3140 2538
f 3711 3130 3785
f 2558 3132 3141
f 3782 3141 3132
f 2560 3141 3142
f 3760 3142 3141
f 958 2976 2981
f 1933 2980 3143
f 2399 2418 2416
f 2348 2343 2432
f 2322 2319 2323
f 2718 2874 2730
f 2709 2873 2710
f 2894 1361 1942
f 346 176 347
f 1876 1882 1881
f 2802 3607 3592
f 3104 3088 3092
f 2974 3649 3603
f 3089 2761 2762
f 3088 3145 3089
f 2803 3603 3607
f 3870 692 628
f 2123 1418 2126
f 1365 1368 1367
f 1581 1782 1783
f 3569 2129 3520
f 3555 2002 3521
f 3146 2551 3147
f 3751 3147 3750
f 3742 3146 3751
f 3149 2585 3146
f 3196 3197 3195
f 3604 2191 3623
f 3142 2556 2560
f 3777 3150 3142
f 3646 2550 3593
f 3150 2555 2556
f 3778 3151 3150
f 3788 3152 3646
f 3153 2551 2549
f 3152 2549 2550
f 3781 3153 3152
f 3776 3147 3153
f 3148 2206 2205
f 2183 2321 2184
f 2132 2928 2133
f 3684 2204 2203
f 3719 2197 3721
f 2594 2773 2951
f 2595 2951 2772
f 1870 799 1869
f 3713 2178 3706
f 3706 3736 3790
f 336 3774 3722
f 339 3154 336
f 3789 3149 3742
f 3683 2584 3149
f 2963 3048 3047
f 3722 337 336
f 339 2566 2586
f 3156 2168 2167
f 2610 2167 2611
f 2954 3156 2610
f 3157 2953 2257
f 3707 2169 3709
f 2567 3159 2568
f 337 2567 338
f 3730 2166 3707
f 3764 1983 3765
f 2579 3081 2576
f 2568 3160 2579
f 3709 2190 3764
f 3065 3162 3161
f 3161 1984 2189
f 3157 2189 2168
f 2257 3161 3157
f 734 1922 806
f 3059 2708 3163
f 3163 2182 1985
f 3162 1985 1984
f 3062 3163 3162
f 3203 3205 3204
f 2122 1448 1447
f 3817 1685 3812
f 139 444 69
f 1570 566 533
f 2957 3165 3036
f 2955 3164 2957
f 1912 341 1973
f 3130 3124 3134
f 1548 319 1547
f 1949 1327 1887
f 2969 3078 3167
f 3167 3169 3168
f 3724 2017 3720
f 3720 2033 3759
f 3168 3165 3170
f 3170 3164 3171
f 3779 3171 3756
f 3724 3170 3779
f 3171 3166 3172
f 3172 3071 3173
f 3752 3173 3749
f 3756 3172 3752
f 3169 3036 3165
f 2593 2962 2594
f 3173 2609 3174
f 3174 2199 2198
f 3783 2198 3719
f 3749 3174 3783
f 2190 1984 1983
f 2196 2767 3148
f 2119 1414 1448
f 1464 1466 1465
f 2199 3069 2200
f 2457 2587 2565
f 2226 2562 2966
f 481 1627 1639
f 333 235 236
f 3078 3037 3169
f 3040 2997 2263
f 2219 1933 2220
f 2385 2497 2503
f 221 3175 2484
f 2220 3143 3175
f 3175 2976 2975
f 2484 2975 2982
f 2954 3166 2955
f 2630 110 2982
f 1547 1952 1955
f 2091 2188 2187
f 3733 2178 2177
f 1918 1927 1926
f 3563 111 3511
f 955 960 954
f 2037 112 3563
f 3143 2981 2976
f 2218 2214 2215
f 672 3787 3541
f 2152 3014 2037
f 1147 1143 1145
f 2248 1409 2245
f 1615 1635 1616
f 1410 2246 2247
f 3241 3242 3240
f 3177 1383 1382
f 2238 3176 1382
f 3176 2230 3178
f 1410 3179 1407
f 3179 2243 1407
f 1633 2800 2249
f 1621 2758 2912
f 1622 2245 1634
f 2236 3181 3182
f 2237 3182 3183
f 2250 2233 2229
f 2912 1628 1621
f 135 1564 1563
f 1567 512 1565
f 1085 2653 2685
f 3184 868 3056
f 869 3057 934
f 1266 1098 1312
f 1267 722 721
f 937 2646 936
f 2146 722 2147
f 2211 921 2667
f 1957 507 449
f 1313 2264 3040
f 1496 1493 1492
f 2681 2705 2682
f 2887 2933 2932
f 1687 1659 1694
f 145 1498 81
f 1317 1319 2694
f 37 418 71
f 1935 3185 2977
f 104 301 103
f 2101 2083 2084
f 543 360 207
f 1934 3186 3185
f 234 212 237
f 3845 1822 1824
f 1976 1874 1974
f 223 2219 220
f 3655 3605 3612
f 468 773 2165
f 1935 1728 1932
f 3240 3226 3235
f 3261 3250 3260
f 3215 3244 3264
f 3265 3215 3264
f 3267 3198 3196
f 3205 3269 3255
f 3214 3265 3270
f 3271 3214 3192
f 3251 3239 3236
f 3222 3266 3272
f 3232 3234 3233
f 3216 3243 3244
f 3196 3268 3267
f 3244 3254 3255
f 3238 3247 3246
f 3264 3255 3269
f 3253 3216 3217
f 3211 3221 3265
f 3257 3218 3256
f 3258 3272 3259
f 3274 3280 3273
f 3228 3262 3263
f 3275 3281 3280
f 3226 3273 3280
f 3236 3260 3251
f 3281 3236 3237
f 3287 3192 3189
f 3235 3280 3234
f 3234 3281 3237
f 3288 3259 3272
f 3260 3276 3251
f 3289 3278 3284
f 3210 3224 3283
f 3199 3201 3200
f 3228 3230 3229
f 3290 3285 3286
f 3282 3271 3287
f 3260 3262 3261
f 3243 3268 3254
f 3267 3241 3232
f 3194 3208 3193
f 3191 3269 3206
f 3270 3192 3214
f 3275 3230 3231
f 3264 3270 3265
f 3252 3276 3291
f 3248 3291 3223
f 3213 3279 3277
f 3272 3289 3288
f 3277 3212 3213
f 3228 3281 3231
f 3220 3253 3219
f 3219 3217 3257
f 3256 3222 3258
f 3247 3252 3248
f 3245 3232 3233
f 3266 3212 3289
f 3208 3255 3254
f 3288 3284 3285
f 3204 3208 3207
f 560 3187 559
f 3209 3201 3202
f 3189 3191 3190
f 448 807 447
f 647 122 270
f 1833 1780 1832
f 510 508 507
f 3210 1887 3201
f 1887 3200 3201
f 15 3197 3200
f 16 3195 3197
f 3195 3187 3194
f 3194 1899 3207
f 3207 375 3204
f 387 126 127
f 3189 1760 3287
f 3577 757 758
f 763 2172 2175
f 3583 3580 3581
f 3581 3579 3578
f 3594 3596 3595
f 3400 3602 3401
f 3626 3625 3627
f 3631 3599 3601
f 3636 3595 3596
f 3647 3588 3645
f 3650 3584 3647
f 3653 3580 3651
f 3653 3654 3579
f 1801 3656 3655
f 3651 3582 3650
f 3644 3595 3637
f 1767 3659 3660
f 1597 3661 1600
f 1708 3665 3664
f 3671 3667 3666
f 3666 3673 3672
f 1588 3664 1587
f 2080 3666 2082
f 2082 3672 2084
f 3674 3635 3631
f 3677 3636 3635
f 3682 3645 3681
f 3692 3650 3686
f 3681 3644 3680
f 786 3692 785
f 3694 3651 3692
f 785 3686 497
f 497 3682 650
f 650 3681 564
f 3696 3681 3680
f 3405 3605 3402
f 3702 3678 3677
f 3699 3679 3678
f 3645 3638 3644
f 1799 3659 1768
f 3708 3458 3460
f 3462 3708 3460
f 3714 564 3696
f 3615 3602 3600
f 3710 3696 3698
f 3635 3596 3599
f 3629 3627 3630
f 3597 3599 3596
f 3630 3715 3629
f 3627 3597 3594
f 3717 3723 3718
f 3715 3660 3629
f 3716 3725 3715
f 3668 3661 3725
f 3668 3717 3667
f 3667 3718 3673
f 3727 3673 3718
f 3728 3672 3673
f 3726 3718 3723
f 1576 2084 3672
f 3727 3731 3729
f 3203 1387 3190
f 3190 1791 3189
f 3283 1949 3210
f 317 259 391
f 2000 3653 3694
f 3601 3600 3602
f 3589 3584 3585
f 3577 756 2170
f 3585 3582 3583
f 3678 3637 3636
f 3204 376 3203
f 1801 3657 1799
f 3729 3728 3727
f 1575 3738 1088
f 3735 1576 3728
f 1776 1796 1775
f 1293 1290 1284
f 1326 1327 12
f 1294 1234 1290
f 878 1330 1337
f 497 374 498
f 122 413 121
f 3699 3704 3708
f 3606 3401 3602
f 3708 3698 3699
f 3464 3710 3462
f 3704 3443 3458
f 439 399 438
f 1512 1526 1511
f 1668 1738 1671
f 839 1362 838
f 1362 826 1012
f 3843 1896 3815
f 2053 2118 2117
f 3888 2120 2119
f 696 3816 3831
f 1826 639 640
f 3740 3729 3731
f 956 886 960
f 1980 1922 807
f 33 105 164
f 1343 3856 3857
f 3907 2128 3902
f 1766 1582 1594
f 14 2163 738
f 595 99 594
f 3233 3246 3245
f 1346 1044 1352
f 748 1425 747
f 3193 3254 3268
f 3190 3206 3203
f 3612 3606 3615
f 3624 3615 3625
f 3631 3443 3674
f 3679 3644 3637
f 3686 3647 3682
f 3702 3674 3704
f 3625 3600 3597
f 3601 3415 3631
f 3739 3735 3729
f 3630 3594 3741
f 3741 3716 3630
f 1284 1288 1285
f 3698 3680 3679
f 1778 1780 1779
f 1792 1584 1789
f 695 571 694
f 3638 3594 3595
f 3741 3588 3589
f 3247 3209 3202
f 3292 3294 3295
f 3296 3298 3299
f 3299 3300 3301
f 3302 3304 3305
f 3306 3308 3309
f 3307 3311 3308
f 3303 3301 3300
f 3312 3304 3313
f 3314 3316 3317
f 3318 3320 3321
f 3324 3321 3325
f 3326 3328 3323
f 3329 3331 3332
f 3333 3335 3336
f 3337 3339 3340
f 3333 3341 3342
f 3342 3343 3344
f 3319 3344 3343
f 3338 3334 3339
f 3346 3302 3347
f 3305 3347 3302
f 3312 3223 3349
f 3350 3340 3351
f 3312 3348 3305
f 3352 3341 3326
f 3311 3354 3308
f 3341 3327 3326
f 3359 3361 3362
f 3360 3250 3249
f 3318 3345 3319
f 3364 3318 3324
f 3314 3324 3365
f 3366 3301 3346
f 3299 3367 3296
f 3308 3368 3309
f 3369 3295 3294
f 3317 3364 3314
f 3370 3317 3316
f 3325 3365 3324
f 3352 3319 3343
f 3296 3353 3311
f 3297 3311 3310
f 3363 3354 3345
f 3345 3353 3344
f 3344 3367 3342
f 3366 3342 3367
f 3347 3334 3346
f 3339 3348 3340
f 3348 3351 3340
f 3363 3369 3368
f 3294 3368 3369
f 3293 3309 3294
f 3331 3374 3332
f 3346 3333 3366
f 3323 3352 3326
f 3356 3321 3320
f 3355 3325 3321
f 3357 3371 3325
f 3322 3320 3352
f 3361 3329 3362
f 3373 3375 3374
f 3374 3376 3332
f 3329 3376 3362
f 3327 3372 3328
f 3336 3375 3327
f 3335 3376 3375
f 3376 3337 3362
f 3337 3359 3362
f 3359 3276 3250
f 3377 3295 3370
f 3277 3315 3278
f 3371 3379 3365
f 3378 3358 3380
f 3365 3315 3314
f 3316 3279 3370
f 3282 3370 3279
f 3313 3224 3312
f 3378 3284 3379
f 3380 3285 3378
f 3379 3278 3315
f 3276 3351 3291
f 3291 3349 3223
f 3313 2965 3013
f 2965 3303 222
f 222 3300 223
f 223 3298 3186
f 3298 3185 3186
f 3297 2977 3185
f 3310 1213 2977
f 3307 1214 1213
f 2532 3306 3293
f 2894 3293 3292
f 2871 3292 3377
f 3253 3240 3242
f 3283 3013 2152
f 1997 1889 1892
f 1237 744 855
f 1535 120 121
f 1531 201 214
f 1119 1032 984
f 946 824 947
f 163 5 162
f 3589 3723 3741
f 1155 1162 1164
f 427 327 424
f 553 796 498
f 3381 2231 2237
f 3381 2230 2232
f 2237 3180 3381
f 3383 3385 3382
f 3384 3387 3385
f 3386 3389 3387
f 3388 3391 3389
f 3392 3394 3395
f 3395 3396 3397
f 3398 3397 3396
f 3400 3399 3398
f 3403 3405 3402
f 3406 3404 3403
f 3408 3407 3406
f 3410 3409 3408
f 3412 3411 3410
f 3415 3398 3414
f 3414 3396 3416
f 3416 3394 3417
f 3417 3393 3418
f 3393 3420 3418
f 3419 3421 3420
f 3390 3422 3421
f 3388 3423 3422
f 3386 3424 3423
f 3384 3425 3424
f 3425 3426 3184
f 2904 3428 2947
f 3429 2904 2902
f 3430 2902 2876
f 2875 3430 2876
f 3432 2733 2736
f 2825 3435 2824
f 3437 3439 3436
f 3441 3436 3440
f 2724 3434 2825
f 3436 3115 3117
f 3440 3117 3119
f 3443 3414 3442
f 3442 3416 3444
f 3444 3417 3445
f 3445 3418 3446
f 3446 3420 3447
f 3420 3448 3447
f 3421 3449 3448
f 3422 3450 3449
f 3423 3451 3450
f 3424 3452 3451
f 3425 3056 3452
f 3451 2253 2252
f 3450 2252 1727
f 3449 1727 2150
f 3448 2150 1941
f 3453 3448 1941
f 3454 3447 3453
f 3455 3446 3454
f 3456 3445 3455
f 3442 3456 3457
f 3443 3457 3458
f 3459 3458 3457
f 3457 3455 3459
f 3459 3454 3461
f 3462 3459 3461
f 3461 3453 3463
f 3464 3461 3463
f 3463 1941 1360
f 3404 3401 3405
f 3407 3399 3404
f 3409 3397 3407
f 3411 3395 3409
f 3465 3413 3412
f 3467 3469 3466
f 3465 3431 3433
f 3470 3466 3465
f 3438 3432 3435
f 3467 3438 3437
f 3468 3437 3441
f 3471 3468 3472
f 3472 3441 3473
f 3473 3440 2712
f 2712 3119 3128
f 3475 3472 3474
f 3474 3473 3476
f 3476 2712 2711
f 3477 2711 2400
f 3478 3476 3477
f 3479 3474 3478
f 3392 3413 3480
f 3466 3480 3413
f 3419 3392 3480
f 3390 3480 3391
f 3469 3391 3480
f 3389 3471 3475
f 3387 3475 3479
f 3385 3479 3481
f 3482 2400 2402
f 3483 3477 3482
f 3481 3478 3483
f 3484 2402 2707
f 3058 2707 2708
f 3061 3484 3058
f 3485 3482 3484
f 3382 3481 3486
f 3486 3483 3485
f 3426 3382 3487
f 3487 3486 1962
f 3486 3061 1962
f 1961 3487 1962
f 3057 3426 3487
f 3428 3402 3488
f 3427 3403 3428
f 3429 3406 3427
f 3430 3408 3429
f 3431 3410 3430
f 3470 3433 3432
f 3434 3438 3435
f 2723 3439 3434
f 2875 3433 3431
f 2736 3435 3432
f 2947 3488 3500
f 3464 1360 3497
f 1900 1924 1901
f 1736 1718 1750
f 1955 1943 1956
f 1671 1735 1751
f 1696 1698 1692
f 1800 1864 1801
f 2063 2056 2060
f 1737 1717 1736
f 1751 1697 1695
f 943 3899 684
f 3656 3402 3605
f 1577 1764 1703
f 3917 1599 3923
f 1945 82 1944
f 68 7 248
f 147 1543 148
f 1109 1133 1102
f 1503 1907 1908
f 1499 1909 1498
f 452 735 215
f 1824 3835 3845
f 1825 2068 1824
f 1463 1022 1194
f 841 1009 1011
f 1568 1955 1534
f 1926 1927 1923
f 1910 1502 1939
f 1939 422 442
f 309 1940 308
f 1804 1866 1803
f 269 1954 56
f 2065 2060 2056
f 3812 1758 3835
f 280 552 1940
f 1875 1869 1874
f 1739 1734 1737
f 1778 1790 1788
f 310 1915 279
f 1909 1906 1954
f 1789 1778 1788
f 978 980 979
f 1584 1731 1583
f 425 311 312
f 148 115 116
f 2044 3894 2046
f 277 1939 551
f 1943 1945 1944
f 1461 1463 1464
f 2253 3056 3055
f 2981 3489 958
f 2209 3489 3055
f 2254 3055 3489
f 2998 958 3489
f 2826 2721 2724
f 3490 2721 2817
f 2816 3490 2817
f 2334 2296 2335
f 2298 2334 2336
f 2301 2336 2338
f 2311 2338 2354
f 2312 2354 2355
f 2359 2361 2360
f 2335 2359 2360
f 2414 2365 2364
f 2413 2361 2365
f 2355 2540 2541
f 2541 2539 2542
f 2722 2739 2738
f 3114 2738 3113
f 3110 3121 3120
f 3108 3120 3113
f 3122 3127 3126
f 3112 3126 3121
f 3127 1753 3135
f 3139 2529 2542
f 3744 3133 3139
f 3490 2740 2739
f 3491 2789 3490
f 228 91 88
f 245 243 242
f 248 247 191
f 2 296 295
f 145 300 267
f 327 210 328
f 329 331 330
f 250 228 236
f 239 240 230
f 373 375 374
f 178 176 175
f 1218 1228 1321
f 3862 1295 3854
f 808 824 823
f 3858 1013 1014
f 3813 1411 1413
f 2154 2159 2160
f 3845 1758 1757
f 306 1922 452
f 2157 1976 1977
f 708 2031 1474
f 1450 1227 1428
f 1672 1605 1624
f 1813 1821 1816
f 1717 1715 1718
f 176 402 347
f 1710 3916 3915
f 1712 1577 1711
f 1705 1711 1704
f 971 979 970
f 822 1094 1102
f 2909 2793 2792
f 2810 2795 2793
f 2799 2249 2800
f 3662 2910 2799
f 2769 2801 2795
f 3177 3178 3179
f 3178 3180 3179
f 3181 1393 2800
f 3181 1632 3182
f 3182 2244 3183
f 3183 2243 3180
f 3492 2790 3491
f 2808 3491 2816
f 2239 3572 2240
f 1149 3571 3570
f 1150 3567 3571
f 2202 3566 2015
f 2921 3565 2923
f 3568 2133 2928
f 1777 1759 1792
f 1201 1183 1184
f 3561 2195 2194
f 3553 2770 2768
f 3927 1687 1692
f 1516 154 503
f 3549 2974 2803
f 3550 2779 2778
f 2771 3575 3546
f 3070 3546 3558
f 3547 2775 2867
f 1376 1370 1372
f 2767 3556 2206
f 2195 3543 2767
f 2775 3542 2776
f 3377 3545 2871
f 3804 3539 2806
f 2776 3538 2805
f 2240 3535 2920
f 2920 3669 3619
f 3548 2786 2779
f 1805 1851 1804
f 3534 2787 2786
f 2951 3540 3531
f 2772 3531 3575
f 2973 3530 3536
f 2224 3537 3530
f 1957 320 510
f 306 304 303
f 2770 3528 2913
f 2913 3574 2239
f 2923 3527 2922
f 308 431 47
f 207 132 543
f 1879 1881 1880
f 3733 3525 2089
f 2475 3558 3524
f 2476 3524 3523
f 2223 3523 3537
f 3522 2803 2802
f 2037 11 1950
f 1959 450 505
f 2003 3520 2129
f 9 334 540
f 2009 3518 3567
f 2008 3536 3518
f 3877 673 3879
f 3515 2778 2784
f 2935 3513 2936
f 111 3570 3511
f 3510 2935 2938
f 683 3885 943
f 3508 2810 2909
f 736 732 729
f 1795 1803 1796
f 3505 2938 2939
f 3507 2939 2940
f 2950 3504 2949
f 2940 3504 3507
f 3801 3512 2950
f 2868 3502 2869
f 2869 3522 2802
f 1024 1023 1020
f 3500 2948 2947
f 551 442 443
f 2972 3568 2928
f 2032 3499 2972
f 216 1924 1923
f 203 201 200
f 1828 1847 1837
f 1958 449 450
f 272 178 175
f 2871 3495 1361
f 3619 3564 2921
f 2801 3643 3662
f 2005 3654 2176
f 960 899 962
f 3657 3612 3624
f 3780 3646 3151
f 3151 3593 2555
f 2193 3623 2194
f 3607 3145 3144
f 3603 2761 3145
f 3592 3144 3104
f 2926 3634 3103
f 3634 3104 3103
f 3755 3746 3753
f 566 3758 2005
f 3488 1864 3500
f 1602 2079 2078
f 2868 3611 2922
f 2922 3610 2923
f 2923 3618 2921
f 3670 2918 3614
f 3619 3614 2920
f 2921 3670 3619
f 2920 3586 2240
f 3613 2915 2918
f 2917 3622 3641
f 2916 3641 3642
f 2239 3652 2913
f 2911 3652 2757
f 3643 2911 2910
f 2797 3662 3591
f 2797 3598 2750
f 3622 2763 2765
f 3608 2764 2745
f 2194 3648 2221
f 2221 3649 2222
f 2756 3609 2755
f 2750 3609 2747
f 3669 1817 3827
f 3763 1691 1699
f 2515 3590 2548
f 2548 3593 2550
f 2513 3632 3616
f 2513 3621 2515
f 2509 3620 2289
f 2510 3633 2509
f 2289 3639 2283
f 2283 3617 2286
f 2240 3587 2239
f 3659 3624 3626
f 716 3887 3888
f 727 3761 1923
f 2165 2170 2164
f 3660 3626 3629
f 3743 3578 3757
f 2175 769 770
f 2100 2095 2099
f 3758 3757 3578
f 640 3568 1826
f 1653 3553 1651
f 1895 3530 746
f 746 3537 741
f 1653 3528 3576
f 3762 1604 1672
f 2093 2073 2078
f 959 995 884
f 962 919 986
f 1400 1398 1399
f 1000 1127 1004
f 956 884 885
f 1662 3550 1661
f 2034 3546 1654
f 3926 3539 3802
f 3535 766 1817
f 3572 765 766
f 334 3571 335
f 1868 3540 1656
f 1684 1652 1678
f 1682 775 1807
f 1585 3762 1700
f 3763 1672 1673
f 2173 490 491
f 1658 3547 1752
f 3556 1650 724
f 1571 2010 1572
f 1587 3671 2080
f 2099 2077 2094
f 787 1999 786
f 2000 786 1999
f 3155 3697 3683
f 3713 3683 3789
f 2180 3685 3684
f 3496 3684 3705
f 1684 3840 1651
f 1760 3495 3545
f 2607 3693 2590
f 2581 3689 2607
f 2371 3700 3695
f 2371 3693 2372
f 2587 3675 2586
f 2586 3697 339
f 2497 3687 2503
f 2502 3687 3700
f 2494 3690 2495
f 3690 2472 2495
f 3688 2468 2472
f 3701 2469 2468
f 726 3892 630
f 581 3518 580
f 10 3570 334
f 1837 3510 1849
f 741 3523 1300
f 1299 3558 2034
f 1851 3504 1866
f 3527 1820 1819
f 580 3536 1895
f 1758 3522 3502
f 1693 3508 1806
f 3504 1867 1866
f 1894 3568 3499
f 2126 3813 3841
f 3906 3841 3912
f 2113 3867 2110
f 2179 3789 3685
f 624 3904 623
f 2192 3788 3780
f 2177 3787 3733
f 1364 3833 1338
f 3858 1470 1453
f 3135 3775 3744
f 2069 3835 2068
f 1351 3853 1352
f 2108 3901 499
f 2089 3736 3733
f 3828 1358 866
f 2001 3783 2187
f 2187 3719 2091
f 2130 3752 2004
f 2004 3749 2001
f 2014 3779 2201
f 2201 3756 2130
f 3167 3759 2969
f 3168 3720 3167
f 3159 3764 3160
f 3160 3765 3081
f 3730 3158 337
f 3158 3709 3159
f 2200 3730 3722
f 3685 3742 2204
f 3722 2197 2200
f 3790 2092 3721
f 3774 3721 2197
f 3154 3790 3774
f 3155 3706 3154
f 2091 3721 2092
f 2196 3750 3776
f 2193 3776 3781
f 3604 3781 3788
f 2086 3780 3778
f 2087 3778 3777
f 2204 3751 2205
f 2205 3750 3148
f 3909 574 692
f 2124 3777 3760
f 2208 3760 3782
f 3711 3140 3137
f 3785 3138 3140
f 3745 3139 3138
f 3771 3136 2322
f 3712 3137 3136
f 3775 3131 3133
f 3767 3132 3131
f 1813 3838 1814
f 1293 3856 1344
f 2184 3748 3732
f 2181 3732 3734
f 3765 3079 3081
f 3768 3080 3079
f 709 3875 2031
f 2774 3737 3769
f 3786 2134 3559
f 3809 766 765
f 2968 3766 2959
f 2969 3784 2968
f 2958 3737 2961
f 2132 3766 2960
f 2321 3771 3748
f 3860 1449 28
f 3905 582 710
f 3886 577 574
f 3847 1818 3827
f 705 3887 2121
f 3816 3907 698
f 2111 3911 2113
f 3810 1366 1411
f 1812 3822 1815
f 675 3852 674
f 3496 3851 675
f 2110 3868 2109
f 2104 3901 2106
f 2109 3899 944
f 3842 703 739
f 1680 3846 1684
f 1639 3819 3818
f 623 3906 697
f 2139 3866 3865
f 1808 3844 3837
f 3820 1819 1820
f 3872 3900 706
f 1646 3830 1648
f 3889 633 577
f 2139 3875 18
f 2156 3871 3874
f 674 3913 3869
f 2117 3812 2069
f 1815 3847 3823
f 3855 1444 1470
f 697 3912 3816
f 866 3836 3828
f 3864 2136 2135
f 3585 3726 3589
f 3583 3731 3585
f 3753 3738 3739
f 3740 3581 3743
f 1088 3746 1093
f 3739 3743 3753
f 2791 3493 2792
f 3492 2807 3493
f 2792 3494 2909
f 3493 2806 3494
f 3508 3494 3516
f 3516 2806 3539
f 2948 3791 3801
f 2105 3896 2104
f 3538 3804 2805
f 680 3876 683
f 1891 3910 3891
f 2905 3801 2950
f 2900 3799 2905
f 2901 3807 2877
f 2734 3806 3794
f 2877 3806 2878
f 2820 3794 2872
f 2818 3792 2827
f 2823 3792 2826
f 2822 3798 2821
f 2819 3800 3798
f 2817 3795 2816
f 2809 3795 2815
f 2808 3803 2807
f 2805 3803 2804
f 1702 3923 1599
f 3922 1797 1802
f 3915 1706 1709
f 3918 1692 1698
f 1657 3880 1879
f 1890 3895 3910
f 3772 1674 1675
f 1689 3772 3773
f 3926 3538 1688
f 3516 1689 3773
f 3917 1703 1764
f 1598 3928 1770
f 3880 1876 1879
f 1691 3925 3927
f 3925 1688 1687
f 1117 1118 3930
f 1066 1322 3930
f 1243 847 3930
f 3825 848 3930
f 1128 1117 3930
f 1129 1130 3930
f 841 1011 3930
f 1230 3863 3930
f 1242 1243 3930
f 1322 1229 3930
f 1064 1065 3930
f 1003 1128 3930
f 1229 1230 3930
f 3863 1285 3930
f 1285 1288 3930
f 848 839 3930
f 847 3825 3930
f 1118 1129 3930
f 1065 1066 3930
f 1087 1086 3930
f 1008 1002 3930
f 1011 1008 3930
f 1002 1003 3930
f 1076 1069 3930
f 838 841 3930
f 839 838 3930
f 1288 1242 3930
f 1130 1087 3930
f 1086 1076 3930
f 1069 1064 3930
f 2410 2414 3931
f 2411 2410 3931
f 3617 2285 3931
f 2394 2393 3931
f 2393 2396 3931
f 2281 2286 3931
f 2282 2280 3931
f 2398 2399 3931
f 2465 2464 3931
f 2396 2397 3931
f 2470 2469 3931
f 2399 2416 3931
f 2480 2395 3931
f 2459 2480 3931
f 2369 2282 3931
f 2460 2459 3931
f 2415 2411 3931
f 2416 2415 3931
f 2364 2363 3931
f 2286 3617 3931
f 2464 2470 3931
f 2469 3703 3931
f 2285 2465 3931
f 2414 2364 3931
f 2395 2394 3931
f 2363 2367 3931
f 2397 2398 3931
f 2280 2281 3931
f 3703 2460 3931
f 2367 2369 3931
f 3934 3937 3938
f 3934 3939 3935
f 3932 3937 3933
f 3938 3943 3939
f 3937 3940 3941
f 3937 3942 3938
f 3942 3947 3943
f 3941 3944 3945
f 3942 3945 3946
f 3947 3950 3951
f 3944 3949 3945
f 3945 3950 3946
f 3950 3955 3951
f 3949 3952 3953
f 3950 3953 3954
f 3955 3958 3959
f 3953 3956 3957
f 3953 3958 3954
f 3959 3962 3963
f 3957 3960 3961
f 3958 3961 3962
f 3962 3967 3963
f 3960 3965 3961
f 3961 3966 3962
f 3966 3971 3967
f 3965 3968 3969
f 3966 3969 3970
f 3970 3975 3971
f 3968 3973 3969
f 3969 3974 3970
f 3974 3979 3975
f 3973 3976 3977
f 3974 3977 3978
f 3979 3982 3983
f 3976 3981 3977
f 3977 3982 3978
f 3982 3987 3983
f 3981 3984 3985
f 3982 3985 3986
f 3987 3990 3991
f 3984 3989 3985
f 3985 3990 3986
f 3991 3994 3995
f 3989 3992 3993
f 3990 3993 3994
f 3995 3998 3999
f 3992 3997 3993
f 3993 3998 3994
f 3998 4003 3999
f 3997 4000 4001
f 3998 4001 4002
f 4002 4007 4003
f 4000 4005 4001
f 4001 4006 4002
f 4006 4011 4007
f 4005 4008 4009
f 4006 4009 4010
f 4011 4014 4015
f 4008 4013 4009
f 4009 4014 4010
f 4014 4019 4015
f 4013 4016 4017
f 4014 4017 4018
f 4019 4022 4023
f 4016 4021 4017
f 4017 4022 4018
f 4023 4026 4027
f 4021 4024 4025
f 4022 4025 4026
f 4027 4030 4031
f 4024 4029 4025
f 4025 4030 4026
f 4031 4034 4035
f 4029 4032 4033
f 4030 4033 4034
f 4034 4039 4035
f 4032 4037 4033
f 4033 4038 4034
f 4038 4043 4039
f 4037 4040 4041
f 4038 4041 4042
f 4043 4046 4047
f 4040 4045 4041
f 4041 4046 4042
f 4046 4051 4047
f 4045 4048 4049
f 4046 4049 4050
f 4051 4055 4056
f 4048 4054 4049
f 4049 4055 4050
f 4056 4059 4060
f 4053 4058 4054
f 4055 4058 4059
f 3932 4052 3936
f 3936 4052 3940
f 3940 4052 3944
f 3944 4052 3948
f 3948 4052 3952
f 3952 4052 3956
f 3956 4052 3960
f 3960 4052 3964
f 3964 4052 3968
f 3968 4052 3972
f 3972 4052 3976
f 3976 4052 3980
f 3980 4052 3984
f 3984 4052 3988
f 3988 4052 3992
f 3992 4052 3996
f 3996 4052 4000
f 4000 4052 4004
f 4004 4052 4008
f 4008 4052 4012
f 4012 4052 4016
f 4016 4052 4020
f 4020 4052 4024
f 4024 4052 4028
f 4028 4052 4032
f 4032 4052 4036
f 4036 4052 4040
f 4040 4052 4044
f 4044 4052 4048
f 4048 4052 4053
f 4053 4052 4057
f 4060 3934 3935
f 4058 3932 3933
f 4058 3934 4059
f 4057 4052 3932
f 4069 4081 4082
f 4066 4080 4067
f 4065 4077 4078
f 4063 4075 4076
f 4071 4085 4072
f 4069 4083 4070
f 4067 4081 4068
f 4066 4078 4079
f 4063 4077 4064
f 4061 4075 4062
f 4072 4086 4073
f 4071 4083 4084
f 4076 4090 4077
f 4074 4088 4075
f 4086 4098 4099
f 4083 4097 4084
f 4082 4094 4095
f 4079 4093 4080
f 4078 4090 4091
f 4076 4088 4089
f 4085 4097 4098
f 4082 4096 4083
f 4080 4094 4081
f 4079 4091 4092
f 4089 4103 4090
f 4088 4100 4101
f 4098 4112 4099
f 4096 4110 4097
f 4095 4107 4108
f 4092 4106 4093
f 4090 4104 4091
f 4089 4101 4102
f 4097 4111 4098
f 4095 4109 4096
f 4094 4106 4107
f 4092 4104 4105
f 4103 4115 4116
f 4100 4114 4101
f 4112 4124 4125
f 4110 4122 4123
f 4107 4121 4108
f 4105 4119 4106
f 4103 4117 4104
f 4101 4115 4102
f 4110 4124 4111
f 4109 4121 4122
f 4107 4119 4120
f 4105 4117 4118
f 4115 4129 4116
f 4114 4126 4127
f 4124 4138 4125
f 4123 4135 4136
f 4120 4134 4121
f 4119 4131 4132
f 4117 4129 4130
f 4114 4128 4115
f 4124 4136 4137
f 4122 4134 4135
f 4119 4133 4120
f 4117 4131 4118
f 4129 4141 4142
f 4126 4140 4127
f 4138 4150 4151
f 4136 4148 4149
f 4133 4147 4134
f 4131 4145 4132
f 4130 4142 4143
f 4127 4141 4128
f 4137 4149 4150
f 4135 4147 4148
f 4132 4146 4133
f 4131 4143 4144
f 4142 4154 4155
f 4140 4152 4153
f 4150 4164 4151
f 4149 4161 4162
f 4146 4160 4147
f 4144 4158 4145
f 4142 4156 4143
f 4140 4154 4141
f 4149 4163 4150
f 4148 4160 4161
f 4146 4158 4159
f 4144 4156 4157
f 4155 4167 4168
f 4153 4165 4166
f 4163 4177 4164
f 4161 4175 4162
f 4159 4173 4160
f 4158 4170 4171
f 4155 4169 4156
f 4153 4167 4154
f 4163 4175 4176
f 4161 4173 4174
f 4159 4171 4172
f 4156 4170 4157
f 4167 4181 4168
f 4165 4179 4166
f 4176 4190 4177
f 4175 4187 4188
f 4173 4185 4186
f 4170 4184 4171
f 4169 4181 4182
f 4167 4179 4180
f 4175 4189 4176
f 4173 4187 4174
f 4171 4185 4172
f 4170 4182 4183
f 4180 4194 4181
f 4178 4192 4179
f 4190 4202 4203
f 4187 4201 4188
f 4186 4198 4199
f 4183 4197 4184
f 4182 4194 4195
f 4180 4192 4193
f 4189 4201 4202
f 4186 4200 4187
f 4184 4198 4185
f 4183 4195 4196
f 4193 4207 4194
f 4192 4204 4205
f 4202 4216 4203
f 4200 4214 4201
f 4199 4211 4212
f 4196 4210 4197
f 4194 4208 4195
f 4193 4205 4206
f 4201 4215 4202
f 4199 4213 4200
f 4198 4210 4211
f 4196 4208 4209
f 4207 4219 4220
f 4204 4218 4205
f 4216 4228 4229
f 4213 4227 4214
f 4211 4225 4212
f 4209 4223 4210
f 4207 4221 4208
f 4205 4219 4206
f 4214 4228 4215
f 4213 4225 4226
f 4211 4223 4224
f 4209 4221 4222
f 4219 4233 4220
f 4218 4230 4231
f 4228 4242 4229
f 4226 4240 4227
f 4225 4237 4238
f 4223 4235 4236
f 4221 4233 4234
f 4218 4232 4219
f 4228 4240 4241
f 4226 4238 4239
f 4223 4237 4224
f 4221 4235 4222
f 4233 4245 4246
f 4230 4244 4231
f 4242 4254 4255
f 4240 4252 4253
f 4237 4251 4238
f 4235 4249 4236
f 4234 4246 4247
f 4231 4245 4232
f 4241 4253 4254
f 4239 4251 4252
f 4236 4250 4237
f 4235 4247 4248
f 4246 4258 4259
f 4244 4256 4257
f 4254 4268 4255
f 4253 4265 4266
f 4250 4264 4251
f 4248 4262 4249
f 4246 4260 4247
f 4244 4258 4245
f 4253 4267 4254
f 4252 4264 4265
f 4250 4262 4263
f 4248 4260 4261
f 4259 4271 4272
f 4257 4269 4270
f 4267 4281 4268
f 4265 4279 4266
f 4263 4277 4264
f 4262 4274 4275
f 4259 4273 4260
f 4257 4271 4258
f 4266 4280 4267
f 4265 4277 4278
f 4263 4275 4276
f 4260 4274 4261
f 4271 4285 4272
f 4269 4283 4270
f 4281 4293 4294
f 4279 4291 4292
f 4277 4289 4290
f 4274 4288 4275
f 4273 4285 4286
f 4271 4283 4284
f 4280 4292 4293
f 4277 4291 4278
f 4275 4289 4276
f 4274 4286 4287
f 4284 4298 4285
f 4282 4296 4283
f 4294 4306 4307
f 4291 4305 4292
f 4290 4302 4303
f 4287 4301 4288
f 4286 4298 4299
f 4284 4296 4297
f 4293 4305 4306
f 4290 4304 4291
f 4288 4302 4289
f 4287 4299 4300
f 4297 4311 4298
f 4296 4308 4309
f 4306 4320 4307
f 4304 4318 4305
f 4303 4315 4316
f 4300 4314 4301
f 4298 4312 4299
f 4297 4309 4310
f 4305 4319 4306
f 4304 4316 4317
f 4302 4314 4315
f 4300 4312 4313
f 4310 4324 4311
f 4308 4322 4309
f 4320 4332 4333
f 4318 4330 4331
f 4316 4328 4329
f 4313 4327 4314
f 4311 4325 4312
f 4310 4322 4323
f 4318 4332 4319
f 4316 4330 4317
f 4315 4327 4328
f 4312 4326 4313
f 4323 4337 4324
f 4322 4334 4335
f 4332 4346 4333
f 4330 4344 4331
f 4329 4341 4342
f 4327 4339 4340
f 4325 4337 4338
f 4322 4336 4323
f 4332 4344 4345
f 4330 4342 4343
f 4327 4341 4328
f 4325 4339 4326
f 4337 4350 4351
f 4334 4349 4335
f 4346 4359 4360
f 4344 4357 4358
f 4341 4356 4342
f 4340 4353 4354
f 4338 4351 4352
f 4335 4350 4336
f 4345 4358 4359
f 4343 4356 4357
f 4340 4355 4341
f 4338 4353 4339
f 4351 4363 4364
f 4349 4361 4362
f 4359 4373 4360
f 4358 4370 4371
f 4355 4369 4356
f 4354 4366 4367
f 4351 4365 4352
f 4349 4363 4350
f 4358 4372 4359
f 4357 4369 4370
f 4355 4367 4368
f 4352 4366 4353
f 4364 4376 4377
f 4362 4374 4375
f 4373 4385 4386
f 4370 4384 4371
f 4368 4382 4369
f 4367 4379 4380
f 4364 4378 4365
f 4362 4376 4363
f 4372 4384 4385
f 4370 4382 4383
f 4368 4380 4381
f 4365 4379 4366
f 4376 4390 4377
f 4374 4388 4375
f 4385 4399 4386
f 4384 4396 4397
f 4382 4394 4395
f 4379 4393 4380
f 4378 4390 4391
f 4376 4388 4389
f 4384 4398 4385
f 4382 4396 4383
f 4380 4394 4381
f 4379 4391 4392
f 4389 4403 4390
f 4387 4401 4388
f 4399 4411 4412
f 4396 4410 4397
f 4395 4407 4408
f 4393 4405 4406
f 4391 4403 4404
f 4389 4401 4402
f 4398 4410 4411
f 4395 4409 4396
f 4393 4407 4394
f 4391 4405 4392
f 4402 4416 4403
f 4401 4413 4414
f 4411 4425 4412
f 4409 4423 4410
f 4408 4420 4421
f 4406 4418 4419
f 4403 4417 4404
f 4402 4414 4415
f 4410 4424 4411
f 4408 4422 4409
f 4407 4419 4420
f 4404 4418 4405
f 4416 4428 4429
f 4413 4427 4414
f 4425 4437 4438
f 4423 4435 4436
f 4421 4433 4434
f 4418 4432 4419
f 4416 4430 4417
f 4415 4427 4428
f 4423 4437 4424
f 4421 4435 4422
f 4420 4432 4433
f 4418 4430 4431
f 4428 4442 4429
f 4426 4440 4427
f 4437 4451 4438
f 4435 4449 4436
f 4434 4446 4447
f 4432 4444 4445
f 4430 4442 4443
f 4427 4441 4428
f 4437 4449 4450
f 4435 4447 4448
f 4432 4446 4433
f 4430 4444 4431
f 4442 4454 4455
f 4439 4453 4440
f 4451 4463 4464
f 4449 4461 4462
f 4446 4460 4447
f 4444 4458 4445
f 4443 4455 4456
f 4440 4454 4441
f 4450 4462 4463
f 4447 4461 4448
f 4445 4459 4446
f 4444 4456 4457
f 4455 4467 4468
f 4453 4465 4466
f 4463 4477 4464
f 4462 4474 4475
f 4459 4473 4460
f 4457 4471 4458
f 4455 4469 4456
f 4453 4467 4454
f 4462 4476 4463
f 4461 4473 4474
f 4459 4471 4472
f 4457 4469 4470
f 4347 4073 4086
f 4347 4086 4099
f 4347 4099 4112
f 4347 4112 4125
f 4347 4125 4138
f 4347 4138 4151
f 4347 4151 4164
f 4347 4164 4177
f 4347 4177 4190
f 4347 4190 4203
f 4347 4203 4216
f 4347 4216 4229
f 4347 4229 4242
f 4347 4242 4255
f 4347 4255 4268
f 4347 4268 4281
f 4347 4281 4294
f 4347 4294 4307
f 4347 4307 4320
f 4347 4320 4333
f 4347 4333 4346
f 4347 4346 4360
f 4347 4360 4373
f 4347 4373 4386
f 4347 4386 4399
f 4347 4399 4412
f 4347 4412 4425
f 4347 4425 4438
f 4347 4438 4451
f 4347 4451 4464
f 4347 4464 4477
f 4468 4063 4064
f 4466 4061 4062
f 4477 4072 4073
f 4474 4071 4475
f 4472 4069 4473
f 4471 4066 4067
f 4468 4065 4469
f 4466 4063 4467
f 4347 4477 4073
f 4476 4071 4072
f 4474 4069 4070
f 4472 4067 4068
f 4469 4066 4470
f 3935 4465 4060
f 4465 4056 4060
f 4452 4051 4056
f 4439 4047 4051
f 4047 4413 4043
f 4043 4400 4039
f 4039 4387 4035
f 4387 4031 4035
f 4031 4361 4027
f 4361 4023 4027
f 4348 4019 4023
f 4334 4015 4019
f 4015 4308 4011
f 4011 4295 4007
f 4007 4282 4003
f 4282 3999 4003
f 3999 4256 3995
f 4256 3991 3995
f 4243 3987 3991
f 4230 3983 3987
f 3983 4204 3979
f 3979 4191 3975
f 3975 4178 3971
f 4178 3967 3971
f 3967 4152 3963
f 4152 3959 3963
f 4139 3955 3959
f 4126 3951 3955
f 3951 4100 3947
f 3947 4087 3943
f 3943 4074 3939
f 4074 3935 3939
f 4480 4483 4484
f 4480 4485 4481
f 4479 4482 4483
f 4484 4489 4485
f 4482 4487 4483
f 4483 4488 4484
f 4488 4493 4489
f 4487 4490 4491
f 4488 4491 4492
f 4493 4496 4497
f 4490 4495 4491
f 4491 4496 4492
f 4496 4501 4497
f 4495 4498 4499
f 4496 4499 4500
f 4501 4504 4505
f 4498 4503 4499
f 4499 4504 4500
f 4505 4508 4509
f 4503 4506 4507
f 4504 4507 4508
f 4509 4512 4513
f 4506 4511 4507
f 4507 4512 4508
f 4513 4516 4517
f 4511 4514 4515
f 4512 4515 4516
f 4516 4521 4517
f 4514 4519 4515
f 4515 4520 4516
f 4520 4525 4521
f 4518 4523 4519
f 4520 4523 4524
f 4525 4528 4529
f 4522 4527 4523
f 4523 4528 4524
f 4528 4533 4529
f 4527 4530 4531
f 4528 4531 4532
f 4533 4536 4537
f 4530 4535 4531
f 4531 4536 4532
f 4537 4540 4541
f 4534 4539 4535
f 4536 4539 4540
f 4541 4544 4545
f 4539 4542 4543
f 4539 4544 4540
f 4544 4549 4545
f 4542 4547 4543
f 4544 4547 4548
f 4548 4553 4549
f 4547 4550 4551
f 4547 4552 4548
f 4552 4557 4553
f 4551 4554 4555
f 4552 4555 4556
f 4557 4560 4561
f 4554 4559 4555
f 4555 4560 4556
f 4560 4565 4561
f 4559 4562 4563
f 4560 4563 4564
f 4565 4568 4569
f 4562 4567 4563
f 4563 4568 4564
f 4569 4572 4573
f 4567 4570 4571
f 4568 4571 4572
f 4572 4577 4573
f 4570 4575 4571
f 4571 4576 4572
f 4576 4581 4577
f 4575 4578 4579
f 4576 4579 4580
f 4580 4585 4581
f 4578 4583 4579
f 4579 4584 4580
f 4584 4589 4585
f 4583 4586 4587
f 4584 4587 4588
f 4589 4592 4593
f 4586 4591 4587
f 4587 4592 4588
f 4592 4597 4593
f 4591 4594 4595
f 4592 4595 4596
f 4597 4601 4602
f 4594 4600 4595
f 4595 4601 4596
f 4602 4605 4606
f 4600 4603 4604
f 4601 4604 4605
f 4478 4598 4482
f 4482 4598 4486
f 4486 4598 4490
f 4490 4598 4494
f 4494 4598 4498
f 4498 4598 4502
f 4502 4598 4506
f 4506 4598 4510
f 4510 4598 4514
f 4514 4598 4518
f 4518 4598 4522
f 4522 4598 4526
f 4526 4598 4530
f 4530 4598 4534
f 4534 4598 4538
f 4538 4598 4542
f 4542 4598 4546
f 4546 4598 4550
f 4550 4598 4554
f 4554 4598 4558
f 4558 4598 4562
f 4562 4598 4566
f 4566 4598 4570
f 4570 4598 4574
f 4574 4598 4578
f 4578 4598 4582
f 4582 4598 4586
f 4586 4598 4590
f 4590 4598 4594
f 4594 4598 4599
f 4599 4598 4603
f 4606 4480 4481
f 4603 4479 4604
f 4604 4480 4605
f 4603 4598 4478
f 4615 4627 4628
f 4612 4626 4613
f 4611 4623 4624
f 4609 4621 4622
f 4618 4630 4631
f 4615 4629 4616
f 4613 4627 4614
f 4612 4624 4625
f 4609 4623 4610
f 4607 4621 4608
f 4619 4631 4632
f 4617 4629 4630
f 4622 4636 4623
f 4620 4634 4621
f 4632 4644 4645
f 4629 4643 4630
f 4628 4640 4641
f 4626 4638 4639
f 4624 4636 4637
f 4622 4634 4635
f 4631 4643 4644
f 4628 4642 4629
f 4626 4640 4627
f 4624 4638 4625
f 4635 4649 4636
f 4634 4646 4647
f 4644 4658 4645
f 4642 4656 4643
f 4641 4653 4654
f 4639 4651 4652
f 4636 4650 4637
f 4635 4647 4648
f 4643 4657 4644
f 4642 4654 4655
f 4640 4652 4653
f 4637 4651 4638
f 4648 4662 4649
f 4646 4660 4647
f 4658 4670 4671
f 4656 4668 4669
f 4653 4667 4654
f 4651 4665 4652
f 4649 4663 4650
f 4648 4660 4661
f 4656 4670 4657
f 4654 4668 4655
f 4653 4665 4666
f 4651 4663 4664
f 4661 4675 4662
f 4660 4672 4673
f 4670 4684 4671
f 4668 4682 4669
f 4667 4679 4680
f 4665 4677 4678
f 4663 4675 4676
f 4661 4673 4674
f 4670 4682 4683
f 4667 4681 4668
f 4665 4679 4666
f 4663 4677 4664
f 4675 4687 4688
f 4672 4686 4673
f 4684 4696 4697
f 4682 4694 4695
f 4679 4693 4680
f 4678 4690 4691
f 4676 4688 4689
f 4673 4687 4674
f 4683 4695 4696
f 4681 4693 4694
f 4678 4692 4679
f 4676 4690 4677
f 4688 4700 4701
f 4686 4698 4699
f 4696 4710 4697
f 4695 4707 4708
f 4692 4706 4693
f 4691 4703 4704
f 4688 4702 4689
f 4686 4700 4687
f 4695 4709 4696
f 4694 4706 4707
f 4692 4704 4705
f 4689 4703 4690
f 4701 4713 4714
f 4699 4711 4712
f 4710 4722 4723
f 4707 4721 4708
f 4705 4719 4706
f 4704 4716 4717
f 4701 4715 4702
f 4699 4713 4700
f 4709 4721 4722
f 4707 4719 4720
f 4705 4717 4718
f 4702 4716 4703
f 4713 4727 4714
f 4711 4725 4712
f 4723 4735 4736
f 4721 4733 4734
f 4719 4731 4732
f 4716 4730 4717
f 4715 4727 4728
f 4713 4725 4726
f 4721 4735 4722
f 4719 4733 4720
f 4717 4731 4718
f 4716 4728 4729
f 4726 4740 4727
f 4724 4738 4725
f 4736 4748 4749
f 4733 4747 4734
f 4732 4744 4745
f 4730 4742 4743
f 4728 4740 4741
f 4726 4738 4739
f 4735 4747 4748
f 4732 4746 4733
f 4730 4744 4731
f 4728 4742 4729
f 4739 4753 4740
f 4738 4750 4751
f 4748 4762 4749
f 4746 4760 4747
f 4745 4757 4758
f 4743 4755 4756
f 4740 4754 4741
f 4739 4751 4752
f 4747 4761 4748
f 4745 4759 4746
f 4744 4756 4757
f 4741 4755 4742
f 4753 4765 4766
f 4750 4764 4751
f 4762 4774 4775
f 4759 4773 4760
f 4758 4770 4771
f 4755 4769 4756
f 4753 4767 4754
f 4752 4764 4765
f 4760 4774 4761
f 4758 4772 4759
f 4757 4769 4770
f 4755 4767 4768
f 4765 4779 4766
f 4764 4776 4777
f 4774 4788 4775
f 4772 4786 4773
f 4771 4783 4784
f 4769 4781 4782
f 4767 4779 4780
f 4765 4777 4778
f 4774 4786 4787
f 4771 4785 4772
f 4769 4783 4770
f 4767 4781 4768
f 4779 4791 4792
f 4776 4790 4777
f 4788 4800 4801
f 4786 4798 4799
f 4783 4797 4784
f 4782 4794 4795
f 4780 4792 4793
f 4777 4791 4778
f 4787 4799 4800
f 4785 4797 4798
f 4782 4796 4783
f 4780 4794 4781
f 4792 4804 4805
f 4790 4802 4803
f 4800 4814 4801
f 4799 4811 4812
f 4796 4810 4797
f 4795 4807 4808
f 4792 4806 4793
f 4790 4804 4791
f 4799 4813 4800
f 4798 4810 4811
f 4796 4808 4809
f 4793 4807 4794
f 4805 4817 4818
f 4803 4815 4816
f 4814 4826 4827
f 4811 4825 4812
f 4809 4823 4810
f 4808 4820 4821
f 4805 4819 4806
f 4803 4817 4804
f 4813 4825 4826
f 4811 4823 4824
f 4809 4821 4822
f 4806 4820 4807
f 4817 4831 4818
f 4815 4829 4816
f 4826 4840 4827
f 4825 4837 4838
f 4823 4835 4836
f 4820 4834 4821
f 4819 4831 4832
f 4817 4829 4830
f 4825 4839 4826
f 4823 4837 4824
f 4821 4835 4822
f 4820 4832 4833
f 4830 4844 4831
f 4828 4842 4829
f 4840 4852 4853
f 4837 4851 4838
f 4836 4848 4849
f 4834 4846 4847
f 4832 4844 4845
f 4830 4842 4843
f 4839 4851 4852
f 4836 4850 4837
f 4834 4848 4835
f 4832 4846 4833
f 4843 4857 4844
f 4842 4854 4855
f 4852 4866 4853
f 4850 4864 4851
f 4849 4861 4862
f 4847 4859 4860
f 4844 4858 4845
f 4843 4855 4856
f 4851 4865 4852
f 4849 4863 4850
f 4848 4860 4861
f 4845 4859 4846
f 4857 4869 4870
f 4855 4867 4868
f 4866 4878 4879
f 4864 4876 4877
f 4862 4874 4875
f 4859 4873 4860
f 4857 4871 4858
f 4856 4868 4869
f 4864 4878 4865
f 4862 4876 4863
f 4861 4873 4874
f 4859 4871 4872
f 4869 4883 4870
f 4868 4880 4881
f 4878 4892 4879
f 4877 4889 4890
f 4874 4888 4875
f 4873 4885 4886
f 4871 4883 4884
f 4868 4882 4869
f 4878 4890 4891
f 4876 4888 4889
f 4873 4887 4874
f 4871 4885 4872
f 4883 4896 4897
f 4880 4895 4881
f 4892 4905 4906
f 4890 4903 4904
f 4887 4902 4888
f 4885 4900 4886
f 4884 4897 4898
f 4881 4896 4882
f 4891 4904 4905
f 4889 4902 4903
f 4886 4901 4887
f 4885 4898 4899
f 4897 4909 4910
f 4895 4907 4908
f 4905 4919 4906
f 4904 4916 4917
f 4901 4915 4902
f 4899 4913 4900
f 4897 4911 4898
f 4895 4909 4896
f 4904 4918 4905
f 4903 4915 4916
f 4901 4913 4914
f 4899 4911 4912
f 4910 4922 4923
f 4908 4920 4921
f 4919 4931 4932
f 4916 4930 4917
f 4914 4928 4915
f 4913 4925 4926
f 4910 4924 4911
f 4908 4922 4909
f 4918 4930 4931
f 4916 4928 4929
f 4914 4926 4927
f 4911 4925 4912
f 4922 4936 4923
f 4920 4934 4921
f 4931 4945 4932
f 4930 4942 4943
f 4928 4940 4941
f 4925 4939 4926
f 4924 4936 4937
f 4922 4934 4935
f 4930 4944 4931
f 4928 4942 4929
f 4926 4940 4927
f 4925 4937 4938
f 4935 4949 4936
f 4933 4947 4934
f 4945 4957 4958
f 4942 4956 4943
f 4941 4953 4954
f 4938 4952 4939
f 4937 4949 4950
f 4935 4947 4948
f 4944 4956 4957
f 4941 4955 4942
f 4939 4953 4940
f 4938 4950 4951
f 4948 4962 4949
f 4947 4959 4960
f 4957 4971 4958
f 4955 4969 4956
f 4954 4966 4967
f 4951 4965 4952
f 4949 4963 4950
f 4948 4960 4961
f 4956 4970 4957
f 4954 4968 4955
f 4953 4965 4966
f 4951 4963 4964
f 4962 4974 4975
f 4959 4973 4960
f 4971 4983 4984
f 4968 4982 4969
f 4966 4980 4967
f 4964 4978 4965
f 4962 4976 4963
f 4960 4974 4961
f 4969 4983 4970
f 4967 4981 4968
f 4966 4978 4979
f 4964 4976 4977
f 4975 4987 4988
f 4973 4985 4986
f 4983 4997 4984
f 4981 4995 4982
f 4979 4993 4980
f 4978 4990 4991
f 4976 4988 4989
f 4973 4987 4974
f 4983 4995 4996
f 4981 4993 4994
f 4978 4992 4979
f 4976 4990 4977
f 4988 5000 5001
f 4985 4999 4986
f 4997 5009 5010
f 4995 5007 5008
f 4992 5006 4993
f 4991 5003 5004
f 4989 5001 5002
f 4986 5000 4987
f 4996 5008 5009
f 4994 5006 5007
f 4991 5005 4992
f 4989 5003 4990
f 5001 5013 5014
f 4999 5011 5012
f 5009 5023 5010
f 5008 5020 5021
f 5005 5019 5006
f 5004 5016 5017
f 5001 5015 5002
f 4999 5013 5000
f 5008 5022 5009
f 5007 5019 5020
f 5005 5017 5018
f 5002 5016 5003
f 4893 4619 4632
f 4893 4632 4645
f 4893 4645 4658
f 4893 4658 4671
f 4893 4671 4684
f 4893 4684 4697
f 4893 4697 4710
f 4893 4710 4723
f 4893 4723 4736
f 4893 4736 4749
f 4893 4749 4762
f 4893 4762 4775
f 4893 4775 4788
f 4893 4788 4801
f 4893 4801 4814
f 4893 4814 4827
f 4893 4827 4840
f 4893 4840 4853
f 4893 4853 4866
f 4893 4866 4879
f 4893 4879 4892
f 4893 4892 4906
f 4893 4906 4919
f 4893 4919 4932
f 4893 4932 4945
f 4893 4945 4958
f 4893 4958 4971
f 4893 4971 4984
f 4893 4984 4997
f 4893 4997 5010
f 4893 5010 5023
f 5014 4609 4610
f 5012 4607 4608
f 5022 4619 5023
f 5020 4617 5021
f 5018 4615 5019
f 5017 4612 4613
f 5014 4611 5015
f 5012 4609 5013
f 4893 5023 4619
f 5021 4618 5022
f 5020 4615 4616
f 5018 4613 4614
f 5015 4612 5016
f 4481 5011 4606
f 5011 4602 4606
f 4998 4597 4602
f 4985 4593 4597
f 4593 4959 4589
f 4589 4946 4585
f 4585 4933 4581
f 4933 4577 4581
f 4577 4907 4573
f 4907 4569 4573
f 4894 4565 4569
f 4880 4561 4565
f 4561 4854 4557
f 4557 4841 4553
f 4553 4828 4549
f 4828 4545 4549
f 4545 4802 4541
f 4802 4537 4541
f 4789 4533 4537
f 4776 4529 4533
f 4529 4750 4525
f 4525 4737 4521
f 4521 4724 4517
f 4724 4513 4517
f 4513 4698 4509
f 4698 4505 4509
f 4685 4501 4505
f 4672 4497 4501
f 4497 4646 4493
f 4493 4633 4489
f 4489 4620 4485
f 4620 4481 4485
f 4 3 2
f 8 7 6
f 13 16 15
f 17 28 19
f 32 31 30
f 36 35 34
f 37 40 39
f 21 22 23
f 25 26 27
f 41 44 43
f 48 47 46
f 52 51 50
f 53 56 55
f 60 59 58
f 29 30 62
f 66 65 64
f 67 5 6
f 72 71 70
f 76 75 74
f 77 80 79
f 81 84 83
f 59 87 86
f 88 91 90
f 96 95 94
f 100 99 98
f 101 104 103
f 106 105 34
f 108 116 115
f 117 119 36
f 124 127 126
f 131 130 129
f 132 102 134
f 142 141 140
f 148 106 60
f 144 143 127
f 149 152 151
f 156 155 154
f 159 150 158
f 116 108 164
f 171 170 169
f 174 126 173
f 179 182 181
f 186 189 188
f 194 197 196
f 199 142 139
f 206 209 208
f 213 212 211
f 202 215 214
f 96 93 216
f 92 238 43
f 97 184 246
f 250 249 229
f 252 254 58
f 258 257 256
f 260 91 229
f 110 111 112
f 114 264 263
f 265 268 267
f 56 53 270
f 274 273 249
f 185 183 63
f 280 279 278
f 285 284 283
f 288 219 211
f 141 142 92
f 289 290 175
f 148 116 105
f 312 311 170
f 238 262 42
f 318 163 160
f 310 309 308
f 241 239 325
f 160 230 240
f 47 48 307
f 108 109 315
f 345 85 86
f 348 351 350
f 356 359 358
f 355 354 353
f 363 31 32
f 364 252 253
f 366 125 368
f 183 372 371
f 163 162 161
f 209 226 101
f 378 377 165
f 379 295 381
f 383 382 3
f 284 285 386
f 387 127 389
f 391 259 229
f 73 281 397
f 405 408 407
f 203 218 411
f 414 121 413
f 1 356 357
f 277 276 131
f 254 344 57
f 358 384 415
f 417 416 386
f 401 400 192
f 419 389 127
f 421 181 182
f 103 301 302
f 428 367 368
f 380 390 359
f 62 204 266
f 140 141 431
f 357 358 351
f 356 1 379
f 415 392 403
f 437 428 436
f 438 441 440
f 188 451 450
f 265 455 181
f 224 185 64
f 237 212 213
f 275 131 128
f 281 282 460
f 50 462 79
f 73 74 282
f 468 467 466
f 390 355 352
f 482 485 484
f 489 488 487
f 493 496 495
f 472 471 470
f 502 501 500
f 220 221 222
f 512 419 143
f 518 517 511
f 513 239 230
f 205 30 31
f 189 370 451
f 163 318 532
f 533 224 225
f 446 448 447
f 335 541 540
f 544 512 546
f 329 519 291
f 199 534 262
f 385 386 416
f 532 190 191
f 363 117 118
f 578 581 580
f 573 572 571
f 561 563 562
f 241 260 259
f 590 593 592
f 545 546 595
f 503 154 155
f 606 625 624
f 478 481 480
f 646 649 648
f 590 591 689
f 564 565 651
f 728 246 184
f 714 724 716
f 692 574 575
f 541 335 581
f 346 68 248
f 161 231 230
f 128 129 94
f 698 705 704
f 574 577 576
f 290 289 401
f 630 631 725
f 733 736 735
f 755 466 496
f 759 480 481
f 757 763 762
f 764 496 466
f 768 767 3808
f 759 760 488
f 492 474 475
f 474 770 769
f 773 468 465
f 771 774 486
f 484 485 775
f 774 776 489
f 495 496 764
f 495 757 761
f 137 397 784
f 325 239 797
f 165 519 51
f 369 32 29
f 730 731 568
f 90 302 301
f 243 118 516
f 800 734 806
f 817 815 808
f 816 808 823
f 306 303 447
f 815 810 809
f 829 830 828
f 726 725 501
f 274 427 424
f 879 882 881
f 884 883 879
f 219 218 217
f 906 905 904
f 455 204 205
f 898 882 830
f 903 900 880
f 377 291 519
f 923 949 948
f 946 947 951
f 3519 740 739
f 900 899 886
f 225 64 65
f 182 445 442
f 809 952 947
f 954 960 962
f 927 950 965
f 885 879 880
f 925 927 966
f 343 342 341
f 965 964 971
f 968 971 970
f 972 968 969
f 963 961 981
f 336 337 338
f 992 993 827
f 810 815 996
f 1007 1001 1002
f 1012 826 827
f 1011 1009 1007
f 294 293 292
f 907 908 920
f 1017 579 1019
f 1020 1023 1022
f 1035 1024 1020
f 1061 1060 1047
f 1063 1061 1046
f 1044 1020 1021
f 1102 1094 1097
f 1116 1126 1118
f 1016 1015 1014
f 881 897 904
f 816 1116 1127
f 1094 948 949
f 514 342 167
f 146 145 81
f 1133 1135 1130
f 1102 1133 1126
f 822 1126 1116
f 1145 1143 1148
f 1076 1144 1151
f 1148 1143 1086
f 1109 1097 1114
f 1154 1153 1156
f 1153 925 967
f 3464 3497 463
f 1144 1147 1152
f 1156 967 1163
f 1164 1162 1169
f 1145 1171 1176
f 1114 1115 1154
f 1183 1155 1164
f 1184 1183 1177
f 1069 1151 1062
f 1023 1191 1194
f 1162 1163 1170
f 1195 1184 1185
f 1183 1196 1176
f 1201 1063 1152
f 1061 1063 1201
f 3825 847 843
f 1203 1202 1195
f 1202 1201 1184
f 1218 1060 1203
f 1060 1061 1202
f 1225 1218 1217
f 671 695 694
f 1219 1217 1024
f 1217 1203 1034
f 1226 1014 1015
f 1243 1242 1234
f 1231 1230 1229
f 847 1243 1233
f 843 1233 1244
f 1233 1234 1245
f 1923 3761 233
f 2100 2108 499
f 3914 3864 2135
f 61 62 323
f 210 211 217
f 1299 1310 1309
f 3863 1230 1231
f 1066 1047 1321
f 1322 1321 1228
f 1060 1218 1321
f 1325 1324 1323
f 1244 1245 1332
f 1290 1234 1242
f 1337 1330 1339
f 1330 1332 1340
f 1341 1332 1245
f 1342 1340 1332
f 1343 1342 1341
f 1344 1341 1294
f 3857 3856 1345
f 1347 1348 1342
f 3856 3854 1295
f 1349 1350 1348
f 3861 1349 1347
f 3853 1347 1343
f 906 898 829
f 905 906 1353
f 865 1356 1355
f 1355 1353 829
f 1357 1355 825
f 1356 1354 1353
f 3834 1337 1338
f 866 1358 1356
f 1358 1359 1354
f 3828 878 1337
f 838 1362 1012
f 1363 1364 1338
f 1368 1363 1339
f 1348 1368 1340
f 1371 1369 3824
f 524 525 526
f 528 529 530
f 1372 1370 1369
f 535 536 537
f 1367 1368 1348
f 1370 1354 1359
f 1369 1359 3833
f 1373 910 903
f 555 556 557
f 1374 909 910
f 1373 904 905
f 1374 1373 1375
f 1375 905 1354
f 1378 920 908
f 376 373 651
f 1388 928 973
f 586 587 588
f 1390 1389 1388
f 1391 1388 969
f 597 598 599
f 600 601 602
f 1392 1391 970
f 608 609 610
f 612 524 523
f 614 615 616
f 617 618 25
f 620 621 622
f 1397 1390 1391
f 1398 1397 1392
f 1400 987 920
f 1402 1403 1165
f 636 637 638
f 930 1404 1402
f 641 642 643
f 929 1402 1169
f 1404 1405 1403
f 1411 1366 1365
f 1412 1406 1415
f 652 653 654
f 609 656 657
f 659 660 661
f 558 663 586
f 665 666 667
f 1413 1411 1406
f 1418 1416 3810
f 1417 1372 1371
f 1416 1371 3829
f 1419 1417 1416
f 1386 909 1374
f 677 678 679
f 1385 1386 1420
f 1420 1374 1376
f 685 686 687
f 1421 1420 1422
f 528 690 691
f 1422 1376 1372
f 1018 1019 747
f 699 700 701
f 1424 578 579
f 3663 1597 1767
f 700 699 711
f 1093 3746 3754
f 717 718 530
f 721 722 723
f 704 1650 3543
f 19 1429 1426
f 1429 1428 1427
f 1658 1659 3542
f 1439 1437 1434
f 1437 1436 1435
f 1426 1427 1433
f 1442 1431 1432
f 742 743 744
f 1432 1433 1441
f 751 752 753
f 1438 1434 1403
f 1446 1445 1444
f 1447 1448 1446
f 3860 1447 1443
f 1415 1367 1445
f 1414 1415 1446
f 2173 1683 469
f 777 778 779
f 780 781 782
f 1676 1693 1806
f 3859 1451 1349
f 789 790 791
f 745 792 793
f 652 794 795
f 1455 1458 1457
f 1454 1367 1350
f 610 691 802
f 3831 3816 698
f 1352 1044 1045
f 1015 1016 1459
f 811 812 813
f 2118 3815 3817
f 819 820 821
f 1466 1463 1194
f 1467 1468 1465
f 1182 1165 1468
f 832 812 833
f 835 836 837
f 1467 1466 1190
f 1469 1470 1444
f 840 700 712
f 1453 1470 1469
f 599 844 845
f 1226 1450 3849
f 851 852 853
f 855 744 856
f 858 859 860
f 861 862 863
f 1014 1226 3855
f 867 676 868
f 870 871 872
f 874 875 876
f 1310 1323 1471
f 1476 1433 1427
f 1461 1476 1475
f 887 888 889
f 788 791 892
f 894 895 896
f 1460 1475 1227
f 901 902 524
f 1465 1478 1477
f 1865 3503 3500
f 911 912 913
f 916 917 918
f 1850 3505 3507
f 921 922 895
f 1479 1435 1436
f 926 664 667
f 1481 562 563
f 269 1483 84
f 931 932 933
f 934 935 614
f 936 685 688
f 938 659 662
f 1484 270 122
f 941 942 835
f 320 321 509
f 1849 3510 3505
f 84 1483 1484
f 1487 1490 1488
f 1757 1758 3502
f 365 1492 1491
f 461 79 80
f 117 363 362
f 1494 540 541
f 926 601 957
f 1477 1441 1433
f 1709 1588 1585
f 119 117 1496
f 271 1497 504
f 511 517 189
f 345 1496 1492
f 57 344 299
f 1501 1499 268
f 267 268 1499
f 974 975 976
f 1678 1652 1693
f 3846 1682 1807
f 557 982 663
f 983 941 984
f 1443 1444 3849
f 421 1500 268
f 989 990 991
f 1490 1487 418
f 279 280 309
f 997 868 676
f 998 26 999
f 1504 418 38
f 1506 1508 1507
f 360 361 1508
f 1506 1486 207
f 939 1005 1006
f 270 1484 1483
f 66 63 546
f 1010 742 793
f 367 428 437
f 244 31 363
f 1670 3532 3534
f 209 206 1510
f 388 389 426
f 427 274 250
f 161 520 521
f 100 246 45
f 1025 1026 608
f 1029 1030 1031
f 939 662 1033
f 41 42 594
f 1036 780 783
f 702 701 1038
f 1040 1041 1042
f 362 32 369
f 187 1520 477
f 70 1487 539
f 1049 600 603
f 613 867 869
f 860 1050 1051
f 1005 1052 1053
f 753 1055 1056
f 1057 1058 1059
f 293 288 1522
f 288 212 1521
f 292 1522 1523
f 331 1507 1508
f 306 452 453
f 100 44 41
f 462 1524 78
f 330 331 1524
f 635 1067 1068
f 1485 1527 1526
f 206 1485 1528
f 1070 1071 1072
f 942 941 1073
f 916 933 1075
f 440 1529 1530
f 157 158 1514
f 1529 162 5
f 371 595 546
f 790 586 663
f 1077 858 857
f 1403 1434 1435
f 1080 1081 1082
f 531 520 1529
f 21 1083 1084
f 272 1532 1531
f 690 712 802
f 335 3571 3567
f 1090 1030 1029
f 1092 795 794
f 1533 396 137
f 661 660 1095
f 69 444 445
f 1099 1100 1101
f 38 39 1536
f 1104 1105 1106
f 852 1107 1108
f 1377 908 909
f 291 377 411
f 316 1536 516
f 539 1488 1533
f 1505 1536 316
f 1110 1111 1112
f 1539 1537 460
f 522 441 1537
f 834 837 1120
f 1122 1123 1124
f 612 1125 1041
f 935 793 615
f 276 278 130
f 1686 3549 3522
f 193 190 1541
f 231 521 1540
f 556 1037 982
f 365 253 85
f 190 532 318
f 1810 765 3574
f 3924 1867 3512
f 1132 983 985
f 208 101 102
f 1134 1033 662
f 1491 518 80
f 429 133 1542
f 1137 1138 915
f 172 436 428
f 1139 1140 1141
f 549 96 54
f 1517 1519 1518
f 834 1119 984
f 1543 513 286
f 1544 797 239
f 133 134 1544
f 506 361 257
f 420 327 328
f 1158 1159 1160
f 587 1104 1103
f 607 1161 1027
f 304 1546 1545
f 364 1491 77
f 69 70 198
f 700 840 1112
f 3877 626 3525
f 1166 719 657
f 1167 1168 858
f 1300 3523 3524
f 1172 1173 1174
f 218 203 200
f 1179 1180 1181
f 372 183 97
f 89 104 227
f 1186 1187 1188
f 172 173 1517
f 1482 84 81
f 1090 1192 1193
f 394 395 353
f 526 525 1198
f 1199 1200 1026
f 606 623 697
f 1204 1205 1206
f 1207 1208 523
f 1209 1210 867
f 914 913 685
f 1478 1436 1441
f 1029 1028 1161
f 1211 1212 1213
f 3858 1453 1451
f 844 1215 1216
f 423 193 273
f 1220 1221 1222
f 22 1223 1224
f 882 898 897
f 1519 1517 173
f 1189 1188 1232
f 349 350 550
f 1071 1235 1236
f 1237 1238 1239
f 1221 1186 1189
f 1510 1528 1512
f 939 1032 1241
f 1556 1530 5
f 1553 1554 394
f 404 1556 67
f 1247 1248 1249
f 142 199 238
f 1251 1067 635
f 850 1252 1253
f 1254 1167 1077
f 57 132 133
f 443 430 552
f 1187 1172 1175
f 1256 1070 831
f 432 405 382
f 741 748 747
f 434 350 351
f 349 432 383
f 251 124 1481
f 395 384 352
f 1518 1519 1550
f 1558 410 378
f 109 263 314
f 285 1514 1513
f 395 394 393
f 202 203 410
f 417 408 405
f 1246 1257 1258
f 3 1559 297
f 1259 1260 1261
f 403 404 347
f 955 954 953
f 462 50 51
f 1096 1095 687
f 429 147 60
f 896 1264 1265
f 1267 721 1268
f 423 424 327
f 37 179 180
f 20 23 1187
f 1256 1168 1071
f 1188 1175 1269
f 1236 1270 1271
f 1272 536 535
f 565 564 463
f 1273 792 745
f 876 1254 1255
f 316 33 164
f 437 1516 503
f 194 1494 1495
f 1275 1276 864
f 624 625 631
f 1277 1274 1137
f 569 568 567
f 1481 124 125
f 324 325 547
f 1279 1108 1107
f 1525 332 329
f 1281 1278 1137
f 171 168 1553
f 1488 73 396
f 1557 1561 1562
f 1282 856 1206
f 1053 1277 1278
f 778 777 607
f 713 583 3566
f 251 225 144
f 4 357 348
f 709 708 707
f 728 48 45
f 261 135 1563
f 789 1286 1287
f 74 314 263
f 403 284 385
f 1178 1181 1240
f 1223 1259 1289
f 1220 20 1186
f 296 1518 354
f 784 459 1538
f 1181 1180 1291
f 1269 1292 1257
f 1566 1538 438
f 136 784 1566
f 1563 1564 169
f 107 114 109
f 1297 1282 1298
f 1464 1477 1476
f 1520 187 507
f 1301 1302 1303
f 1306 1307 1308
f 175 456 1532
f 1532 456 200
f 1311 1266 1312
f 872 1314 1315
f 3836 843 878
f 1305 1308 864
f 1040 1275 863
f 1564 1566 399
f 592 1576 1575
f 591 1575 1088
f 1581 1584 1583
f 1196 1152 1147
f 710 582 583
f 285 407 408
f 953 954 961
f 1594 1592 1589
f 1585 1588 1587
f 1592 1591 1590
f 3885 945 944
f 1600 1599 1598
f 1604 1603 1602
f 1399 1392 979
f 1589 1590 1596
f 1610 1609 1608
f 298 257 361
f 551 552 276
f 1627 1626 3814
f 859 811 818
f 1078 857 1328
f 1555 439 1530
f 572 573 680
f 772 465 776
f 977 1281 918
f 404 403 392
f 1054 1331 750
f 1644 1645 1643
f 932 1265 1082
f 1067 1333 1334
f 1540 1539 264
f 597 1335 643
f 471 761 762
f 1642 696 3831
f 1644 1642 3842
f 923 946 950
f 96 549 548
f 520 531 522
f 445 444 443
f 849 839 848
f 480 759 755
f 1646 760 481
f 311 426 1567
f 464 463 3497
f 3497 1360 1361
f 234 237 236
f 190 193 192
f 153 154 152
f 231 287 286
f 1552 1553 1551
f 760 1646 1648
f 3832 1647 1649
f 828 827 826
f 52 167 166
f 1663 1662 1661
f 287 107 115
f 668 671 670
f 634 645 640
f 553 560 559
f 118 36 33
f 492 484 491
f 3552 1652 1651
f 582 589 584
f 384 395 392
f 1381 1382 1383
f 1562 1561 435
f 952 953 951
f 3529 3566 583
f 1660 1661 1667
f 1394 1395 1396
f 1660 1665 1664
f 1671 1670 1669
f 1624 1625 1673
f 1407 1408 1409
f 1677 1676 1675
f 1613 1679 1677
f 1679 1678 1676
f 1626 1681 3811
f 534 199 198
f 803 733 734
f 400 248 191
f 65 66 143
f 3526 1657 1656
f 402 159 157
f 629 628 627
f 461 477 49
f 758 757 495
f 796 787 786
f 406 407 1513
f 342 343 166
f 1694 1659 1658
f 1692 1687 1694
f 3557 1693 1652
f 3921 1704 1703
f 326 547 302
f 3916 3921 1702
f 3919 3918 1698
f 1699 1691 3927
f 1557 406 1560
f 1127 1116 1117
f 400 401 289
f 1706 1702 1707
f 1707 1702 1599
f 1709 1706 1708
f 1714 1712 1711
f 3919 3915 1709
f 1704 1711 1577
f 1716 1714 1713
f 1559 1562 1549
f 1722 1721 1720
f 1335 597 596
f 410 411 377
f 973 1170 1163
f 168 169 399
f 1571 682 1089
f 1572 681 682
f 749 646 647
f 1730 1724 1723
f 1594 1582 1729
f 1729 1723 1591
f 1384 1378 1377
f 1732 1731 1712
f 1724 1730 1731
f 1722 1724 1732
f 1721 1722 1733
f 1734 1733 1716
f 1735 1737 1736
f 1733 1732 1714
f 1663 1664 1741
f 1742 1665 1740
f 1738 1739 1737
f 1665 1660 1666
f 1665 1742 1744
f 1725 1726 1746
f 1591 1725 1745
f 1590 1745 1747
f 1745 1746 1748
f 1659 1688 3538
f 3287 1760 3545
f 1185 1177 1182
f 1664 1744 1749
f 1741 1749 1739
f 1746 1742 1743
f 1726 1744 1742
f 1115 924 1153
f 1654 3546 3575
f 1896 3562 3549
f 1720 1749 1744
f 1721 1739 1749
f 1750 1718 1701
f 1697 1736 1750
f 1151 1152 1063
f 1751 1752 1670
f 1695 1658 1752
f 961 962 986
f 1770 1769 1768
f 1766 1594 1593
f 1731 1759 1579
f 1579 1777 1774
f 3928 1772 1771
f 1764 1772 3928
f 1777 1776 1775
f 3762 3763 1699
f 1004 1127 1128
f 1774 1775 1771
f 987 1400 1399
f 1578 1774 1772
f 1783 1782 1781
f 1597 1598 1770
f 639 1878 3895
f 3928 3929 1769
f 1793 1792 1789
f 3929 3920 1798
f 3508 3516 3773
f 1802 1867 3924
f 1788 1790 1794
f 1793 1794 1795
f 3773 3772 1675
f 1584 1581 1783
f 1771 1797 3920
f 1801 1799 1798
f 1768 1769 1798
f 1775 1796 1797
f 508 514 515
f 1796 1803 1802
f 1800 1798 3920
f 1794 1805 1804
f 3532 1670 1752
f 485 1808 1807
f 3809 3844 1640
f 3837 3844 1810
f 485 482 1640
f 1690 1691 3770
f 487 488 1648
f 3839 1813 1816
f 3838 1811 1648
f 3839 1812 1811
f 1812 1809 487
f 1641 1809 767
f 465 466 755
f 767 1815 3823
f 3822 1816 3826
f 1809 1812 1815
f 3837 1653 1651
f 675 672 3541
f 1814 1649 1822
f 1821 1822 3821
f 1824 1822 1649
f 1827 1849 1850
f 1668 1669 1662
f 1779 1780 1848
f 1790 1827 1805
f 1833 1836 1853
f 3521 3506 693
f 1614 1615 1616
f 1852 1853 3498
f 1620 1621 1622
f 1855 1765 1574
f 1847 1852 3501
f 1766 1765 1855
f 1629 1630 1631
f 1633 1622 1634
f 1635 1636 1637
f 1848 1833 1852
f 1855 1861 1863
f 1803 1866 1867
f 1862 1863 1831
f 1782 1855 1862
f 3922 3924 1865
f 1873 1872 1870
f 1874 1869 799
f 2045 3878 3897
f 1219 1345 1295
f 1615 1614 1396
f 3884 3895 1877
f 645 3898 3786
f 1345 1219 1035
f 634 639 3884
f 15 1887 1327
f 3910 3895 1878
f 1894 604 605
f 3506 3551 627
f 3560 640 645
f 340 341 454
f 1897 194 195
f 1889 1882 1877
f 1901 94 129
f 196 749 754
f 1705 1704 3921
f 340 378 166
f 1570 1480 563
f 1904 1494 194
f 1781 1862 1832
f 1905 549 55
f 1000 994 995
f 986 919 920
f 1191 1185 1190
f 2094 2077 2075
f 1920 1921 1919
f 453 454 1912
f 1915 1919 1918
f 3882 2112 2106
f 1655 3575 3531
f 1916 1918 1926
f 704 3554 3561
f 278 1916 1925
f 3565 3564 1818
f 1097 949 1115
f 1927 1928 727
f 3578 3579 3654
f 1920 310 307
f 1929 307 48
f 503 504 1497
f 1902 1903 787
f 1816 1821 3820
f 1925 1926 1923
f 1535 1569 1568
f 254 252 258
f 1509 1497 366
f 119 86 35
f 219 288 293
f 141 46 47
f 542 205 244
f 1940 552 430
f 1779 1828 1827
f 1701 1710 3915
f 1661 3550 3515
f 270 53 754
f 197 1947 749
f 1727 1728 1212
f 53 54 232
f 1465 1468 1479
f 1284 3862 3854
f 1951 446 412
f 168 398 1554
f 1486 1485 206
f 506 77 78
f 994 1001 1007
f 951 953 963
f 1013 3859 3861
f 3826 3820 1820
f 1498 1909 1954
f 299 298 543
f 1754 1755 1756
f 1681 469 1683
f 1696 1694 1695
f 13 14 738
f 473 476 475
f 482 1641 768
f 204 62 30
f 1761 1762 820
f 611 1763 1125
f 1501 1503 1908
f 1074 1073 711
f 1960 1944 82
f 120 1956 1960
f 35 86 87
f 1773 1199 1025
f 1965 1545 1569
f 494 761 471
f 1966 1967 1969
f 446 1951 1971
f 174 368 125
f 1580 1579 1578
f 1785 1786 1787
f 1972 1546 304
f 1254 876 875
f 1973 341 342
f 321 1912 1973
f 1910 277 275
f 509 1973 514
f 1486 1507 1527
f 1974 1874 804
f 1977 1976 1974
f 1980 448 1966
f 379 1 2
f 1718 1715 1710
f 884 995 992
f 1680 1684 1678
f 902 990 525
f 344 255 256
f 135 138 137
f 448 446 1967
f 589 605 604
f 910 909 908
f 1981 1966 1968
f 1982 1981 1987
f 1988 1979 1987
f 1990 1988 1989
f 1991 1989 1993
f 322 321 320
f 992 828 830
f 1144 1076 1086
f 1995 1977 1978
f 1133 1129 1118
f 1997 1995 1994
f 870 1823 1335
f 805 806 1982
f 727 184 2000
f 1996 1994 1988
f 1994 1978 1979
f 1829 616 792
f 1830 1073 941
f 798 803 800
f 729 732 731
f 2011 2012 2023
f 1834 1835 846
f 402 283 284
f 2022 2023 2024
f 1838 718 989
f 810 955 952
f 1823 1839 1840
f 1430 1426 1432
f 1215 844 1841
f 1316 1208 873
f 2112 1401 1384
f 1842 1843 1844
f 1159 846 845
f 837 27 1846
f 1971 1951 2030
f 517 369 370
f 1471 2026 2027
f 3551 3525 626
f 2174 2175 770
f 935 934 1854
f 1613 1619 1611
f 1231 1228 1225
f 1856 1857 891
f 1300 1309 748
f 1150 1149 1858
f 1643 606 696
f 1215 1265 1264
f 1320 1860 902
f 1956 1943 1944
f 2031 668 669
f 2034 1325 1310
f 1879 1880 1656
f 40 245 242
f 1992 1993 2039
f 888 958 957
f 1882 1889 1996
f 1078 1138 1255
f 1871 912 1192
f 294 411 218
f 1323 2041 2026
f 123 1960 83
f 1324 2036 2041
f 384 358 359
f 1324 1325 2038
f 1883 1884 1885
f 287 1540 114
f 1096 1886 1134
f 915 1329 931
f 806 1980 1981
f 3533 3529 584
f 1425 2030 2042
f 1018 2042 1948
f 3562 1896 740
f 1948 2042 649
f 1881 1882 1990
f 1900 129 130
f 992 995 994
f 923 927 925
f 3878 2045 2047
f 1643 2048 625
f 2050 2052 2051
f 2045 1405 1404
f 3876 2047 945
f 1139 1080 1079
f 1037 1856 892
f 2055 2053 2057
f 1198 989 718
f 1619 2058 1612
f 2058 1605 1606
f 2059 2060 1607
f 2058 1619 1624
f 71 72 179
f 405 406 1557
f 322 1548 1972
f 2061 2052 2063
f 2066 2065 2067
f 2052 2061 2064
f 1609 1610 2066
f 1515 151 152
f 1009 827 993
f 1644 3843 3815
f 279 1915 1916
f 1285 3863 3862
f 1647 2066 1825
f 2056 2057 2067
f 319 320 1953
f 667 666 1913
f 2070 631 625
f 2052 2050 2055
f 2038 1654 1655
f 1606 1601 2073
f 1235 1917 1270
f 2072 2073 2075
f 2059 1606 2072
f 2074 2075 2077
f 1601 1602 2078
f 2049 2048 1643
f 1000 1004 1001
f 1089 943 684
f 1931 1286 1306
f 1462 1459 1021
f 1932 1933 1934
f 875 874 1846
f 1936 1051 1937
f 44 45 46
f 1534 1955 1956
f 1541 318 317
f 2081 2082 2084
f 146 1945 1959
f 1360 1941 1942
f 985 984 1032
f 1995 1997 1892
f 2079 2080 2082
f 2095 2096 2076
f 2081 2093 2078
f 2055 2050 2054
f 501 2096 2095
f 2097 2100 2099
f 2098 2099 2094
f 2140 2141 3893
f 2141 2046 3894
f 2051 2070 2048
f 592 2102 2101
f 2071 2064 2076
f 2102 2097 2098
f 593 2103 2102
f 1019 1895 746
f 1950 11 12
f 725 2071 2096
f 1385 2105 2104
f 1379 2104 2106
f 2107 2108 2100
f 3908 726 502
f 3896 502 499
f 940 1389 2109
f 928 929 1170
f 3868 590 684
f 1962 1963 1964
f 3878 680 573
f 2039 1993 1968
f 1389 1390 2110
f 1398 2111 2113
f 3757 3755 3753
f 3911 3883 2107
f 949 923 924
f 260 241 324
f 1390 1397 2113
f 2070 2051 2064
f 3867 3911 2103
f 2105 1385 1421
f 2114 1421 1423
f 3892 2114 2115
f 3908 2105 2114
f 554 2116 1902
f 972 1163 967
f 1765 1593 1573
f 1984 1985 1986
f 2053 2117 2069
f 3573 3556 724
f 1625 1677 1674
f 3881 3888 2119
f 3903 2115 2123
f 56 1954 1906
f 626 3877 3879
f 2001 2002 2003
f 3912 3841 2127
f 2006 2007 2008
f 2127 1413 1412
f 2014 2015 2016
f 2018 2019 2020
f 1495 1424 1947
f 1379 1377 1386
f 3814 3811 1680
f 2029 1885 1884
f 3902 2128 2120
f 629 3879 3914
f 682 683 943
f 724 1650 2121
f 1757 1819 3821
f 765 1810 3844
f 3851 714 715
f 706 707 3870
f 981 986 987
f 1457 1868 1656
f 2017 2016 2032
f 1458 1655 1868
f 1776 1777 1792
f 1959 1945 1946
f 3663 3715 3725
f 3913 3881 2122
f 1093 1089 689
f 966 965 968
f 3852 715 3881
f 2172 3577 2170
f 670 2138 2137
f 3761 787 1903
f 1429 19 28
f 964 963 978
f 3841 3813 1413
f 1473 1474 669
f 3834 3833 1359
f 2138 798 1870
f 1872 1473 2137
f 715 716 3888
f 1881 1991 1992
f 3843 3842 739
f 1837 1847 3513
f 253 58 59
f 1808 3837 3840
f 1647 3832 3818
f 3865 3866 671
f 2112 3882 3883
f 1405 2045 2044
f 3829 3824 1364
f 273 1541 391
f 576 632 3520
f 3875 3865 668
f 1430 1431 2140
f 2136 3850 3860
f 1430 2139 18
f 3893 3894 570
f 1442 1439 2046
f 1431 1442 2141
f 3869 3913 3850
f 3808 3823 1817
f 3866 3893 695
f 2142 2025 798
f 571 2143 2142
f 3819 3814 1618
f 2143 2022 2025
f 694 2142 2138
f 681 1572 2144
f 2144 2011 2022
f 328 210 457
f 1572 2010 2011
f 630 3892 3903
f 2085 2086 2087
f 2090 2091 2092
f 572 2144 2143
f 1875 1976 2153
f 1873 1875 2149
f 2103 2107 2097
f 2157 2043 2155
f 2128 1412 1414
f 3874 3871 589
f 3872 3870 628
f 2149 2153 2158
f 2159 2158 3905
f 698 3907 3902
f 3823 3847 3827
f 2158 2156 3874
f 1438 2044 2046
f 2035 2154 2160
f 2161 2160 3889
f 3871 3891 605
f 3873 17 18
f 370 29 61
f 649 1951 413
f 2153 2157 2156
f 1428 1429 1449
f 1490 76 73
f 3890 3905 710
f 2155 1891 3891
f 1456 1457 1880
f 2125 2088 2087
f 2160 2159 3890
f 300 1959 505
f 1064 1062 1046
f 2043 1892 1891
f 2129 2130 2004
f 2131 2132 2133
f 3848 3849 1450
f 1998 1975 804
f 3879 673 3864
f 474 492 490
f 1164 1165 1182
f 707 2162 3909
f 708 1472 2162
f 2162 2161 3886
f 548 549 1905
f 1145 1136 1114
f 705 2121 1650
f 2043 2157 1977
f 737 738 554
f 1034 1195 1191
f 458 1905 1907
f 195 196 232
f 2040 2039 1969
f 2145 2146 2147
f 2054 2050 2049
f 3832 1646 1639
f 9 12 11
f 252 364 506
f 472 478 479
f 1865 3924 3791
f 900 903 910
f 1941 2150 2151
f 1921 1928 1927
f 2163 1897 1898
f 271 156 153
f 1904 1326 12
f 282 263 264
f 1872 1873 2154
f 1326 1904 1897
f 628 692 693
f 1724 1722 1719
f 1549 1562 436
f 1582 1583 1730
f 1921 1920 1929
f 3563 3511 10
f 2152 2037 1950
f 475 772 774
f 769 2172 2171
f 2171 2165 476
f 476 773 772
f 1791 565 464
f 2166 2167 2168
f 595 371 372
f 483 1809 1641
f 762 2174 2173
f 771 483 484
f 486 487 1809
f 297 1549 1517
f 763 2175 2174
f 776 755 759
f 184 185 2176
f 412 447 303
f 2005 2176 185
f 3811 1681 1682
f 2164 2170 756
f 1472 2035 2161
f 950 951 964
f 2177 2178 2179
f 227 226 1510
f 2182 2183 2184
f 2186 2019 2018
f 1985 2182 2181
f 214 736 729
f 865 849 842
f 849 865 1357
f 559 3187 3188
f 16 13 737
f 560 553 498
f 3193 3196 3195
f 3200 3197 3198
f 3211 3214 3213
f 3215 3218 3217
f 2187 2188 2002
f 2169 2168 2189
f 2192 2086 2085
f 2193 2194 2195
f 2198 2199 2200
f 1998 1982 1979
f 3664 3665 3668
f 2116 1898 1903
f 1859 2006 2009
f 3904 2123 2126
f 1135 1148 1087
f 2201 2202 2015
f 1149 111 110
f 3221 3222 3218
f 2203 2204 2205
f 579 580 1895
f 1755 2207 2208
f 3891 3910 1893
f 1211 2151 2150
f 868 997 2210
f 944 945 930
f 2130 2129 2202
f 233 1903 1898
f 665 751 750
f 1167 1254 999
f 2211 2212 2213
f 2215 2216 2217
f 3867 593 590
f 2220 221 220
f 823 824 948
f 3225 3220 3227
f 266 204 455
f 3882 2108 2107
f 2221 2222 3519
f 2223 2224 2225
f 2207 2125 2124
f 673 674 3869
f 817 1000 996
f 2227 2228 2146
f 1947 1948 646
f 3900 2135 17
f 2229 1635 1638
f 1679 1613 1618
f 1637 2231 2232
f 2233 2234 1617
f 2231 2235 2236
f 1381 1638 2238
f 3586 2241 2242
f 1630 2234 2233
f 1681 1626 472
f 1408 1407 2243
f 3236 3239 3238
f 3232 3241 3240
f 1637 2230 2238
f 3237 3238 3233
f 1409 1408 1634
f 1380 1383 2247
f 1628 2248 2245
f 2249 1623 1622
f 1632 1634 1408
f 2248 1628 1631
f 2235 2231 1637
f 3245 3246 3199
f 631 2070 2071
f 515 167 52
f 782 781 2251
f 2253 2254 2255
f 397 281 459
f 1456 2039 2040
f 2040 2041 2036
f 1401 2112 2111
f 2041 2040 1970
f 1535 121 414
f 1586 1587 2080
f 2256 983 1132
f 1700 1699 3918
f 3815 1896 1686
f 1263 2256 1886
f 598 1841 844
f 2257 2258 2259
f 2258 2261 2262
f 2259 2262 2263
f 2260 2259 2216
f 1967 1971 1970
f 2212 1964 1963
f 922 921 2218
f 1312 1098 1101
f 1307 1306 1286
f 1548 1569 1546
f 2266 2267 2268
f 2265 2268 2270
f 2272 2265 2269
f 2273 2266 2265
f 2275 2276 2277
f 2278 2274 2277
f 2284 2285 3617
f 2287 2283 2286
f 2288 2289 2283
f 2290 2284 3639
f 2291 2292 2293
f 2295 2291 2294
f 2296 2297 2291
f 2297 2298 2292
f 2294 2293 2299
f 2279 2294 2300
f 2298 2301 2302
f 2292 2302 2303
f 2293 2303 2304
f 2304 2305 2306
f 2308 2309 2310
f 2302 2307 2310
f 2301 2311 2307
f 2312 2308 2307
f 2313 2314 2315
f 2318 2319 2320
f 3748 3771 2322
f 2324 2325 2273
f 2313 2324 2326
f 2328 2324 2313
f 2329 2325 2324
f 2331 2332 2333
f 2330 2333 2267
f 2325 2330 2266
f 2329 2331 2330
f 2333 2334 2335
f 2336 2334 2333
f 2338 2336 2332
f 2331 2339 2337
f 2329 2340 2339
f 2328 2341 2340
f 2316 2342 2341
f 2342 2316 2315
f 2344 2345 2346
f 2341 2344 2347
f 2342 2348 2344
f 2348 2349 2345
f 2350 2351 2352
f 2339 2350 2353
f 2340 2347 2350
f 2347 2346 2351
f 2337 2353 2354
f 2353 2352 2355
f 2356 2277 2276
f 2356 2357 2358
f 2356 2359 2296
f 2279 2277 2356
f 2360 2361 2270
f 2267 2335 2360
f 2362 2363 2364
f 2362 2365 2361
f 2366 2362 2358
f 2366 2367 2363
f 2357 2276 2368
f 2366 2368 2369
f 2276 2275 2370
f 2368 2370 2282
f 2372 2373 2374
f 2375 2376 2377
f 2378 2379 2380
f 2382 2378 2381
f 2384 2385 2378
f 2385 2386 2379
f 2388 2389 2390
f 2387 2390 2392
f 2393 2394 2387
f 2394 2395 2388
f 2186 2401 2402
f 2403 2404 2327
f 2272 2403 2326
f 2271 2405 2403
f 2405 2406 2404
f 2404 2407 2408
f 2409 2410 2411
f 2409 2412 2271
f 2413 2409 2269
f 2413 2414 2410
f 2417 2415 2416
f 2417 2418 2406
f 2412 2417 2405
f 2411 2415 2417
f 2406 2419 2407
f 3569 3520 632
f 2420 2398 2397
f 2420 2421 2423
f 2424 2420 2422
f 2424 2399 2398
f 2425 2391 2392
f 2421 2425 2426
f 2397 2396 2425
f 2396 2393 2391
f 2427 2314 2408
f 2430 2427 2428
f 2343 2315 2427
f 2432 2343 2430
f 2431 2430 2429
f 2435 2431 2433
f 2436 2432 2431
f 2428 2408 2407
f 2422 2437 2407
f 2438 2437 2422
f 2429 2428 2437
f 2440 2434 2433
f 2441 2439 2433
f 2442 2443 2439
f 2443 2444 2440
f 2445 2446 2444
f 2447 2445 2443
f 2383 2381 2445
f 2381 2380 2446
f 2448 2438 2423
f 2449 2448 2426
f 2441 2448 2449
f 2441 2429 2438
f 2449 2392 2390
f 2450 2390 2389
f 2447 2450 2451
f 2442 2449 2450
f 2451 2389 2453
f 2452 2453 2455
f 2382 2452 2454
f 2383 2451 2452
f 2456 2457 2373
f 2459 2460 2461
f 2463 2464 2465
f 2462 2465 2285
f 2466 2462 2284
f 2467 2463 2462
f 2461 2460 3703
f 2468 2469 2470
f 2472 2468 2471
f 2474 2461 3701
f 2475 2476 2477
f 2458 2455 2453
f 2479 2453 2389
f 2395 2480 2479
f 2480 2459 2458
f 2481 2482 2483
f 2484 113 2485
f 2471 2470 2464
f 2473 2471 2463
f 2487 2467 2466
f 2486 2466 2290
f 2490 2486 2488
f 2491 2487 2486
f 2492 2473 2467
f 2493 2492 2487
f 2494 2495 2492
f 2495 2472 2473
f 3690 2496 2474
f 3691 2497 2496
f 2498 2494 2493
f 2500 2498 2499
f 3700 3687 2498
f 3687 3691 2494
f 2306 2504 2278
f 2305 2505 2504
f 2504 2505 2507
f 2506 2507 2288
f 2274 2506 2508
f 2278 2504 2506
f 3633 3632 2489
f 3620 3633 2488
f 2507 2509 2289
f 2505 2510 2509
f 2508 2288 2287
f 2511 2287 2281
f 2370 2511 2280
f 2275 2508 2511
f 2512 2490 2489
f 2514 2512 2513
f 2517 2512 2514
f 2517 2491 2490
f 2499 2493 2491
f 2499 2517 2516
f 2510 2505 2519
f 2518 2519 2521
f 3616 2518 2520
f 3632 2510 2518
f 2522 2304 2303
f 2523 2522 2310
f 2305 2304 2522
f 2524 2522 2523
f 2519 2524 2525
f 2505 2305 2524
f 2308 2312 2527
f 2526 2527 2529
f 2531 2526 2528
f 2309 2308 2526
f 1214 2532 2151
f 2419 2406 2418
f 2533 2345 2349
f 2534 2533 2317
f 2535 2536 2533
f 2536 2346 2345
f 2537 2351 2346
f 2538 2537 2536
f 2539 2540 2537
f 2540 2352 2351
f 2312 2355 2541
f 2527 2541 2542
f 2543 2435 2434
f 2545 2543 2544
f 2319 2318 2543
f 2318 2436 2435
f 2514 2515 2548
f 2547 2548 2550
f 2552 2547 2549
f 2552 2516 2514
f 2520 2521 2554
f 2553 2554 2556
f 3590 2553 2555
f 3621 2520 2553
f 2523 2309 2531
f 2557 2531 2530
f 2525 2523 2557
f 2559 2557 2558
f 2554 2559 2560
f 2521 2525 2559
f 2561 2375 2007
f 2376 2562 2225
f 2564 2565 2566
f 2563 2566 338
f 2569 2563 2567
f 2570 2564 2563
f 2572 2573 2574
f 2571 2574 2576
f 2544 2571 2575
f 2544 2434 2572
f 2578 2570 2569
f 2579 2577 2569
f 2574 2577 2579
f 2573 2578 2577
f 2581 2582 2583
f 2584 2580 2583
f 3697 3675 2580
f 3676 2581 2580
f 2582 2516 2552
f 2583 2552 2551
f 2500 2501 2589
f 2590 2588 2589
f 3693 3695 2588
f 3695 3700 2500
f 2501 2516 2591
f 2592 2593 2594
f 2386 2385 2503
f 2596 2379 2386
f 2596 2374 2373
f 2599 2596 2597
f 2599 2380 2379
f 2600 2446 2380
f 2600 2599 2598
f 2603 2600 2601
f 2603 2444 2446
f 2604 2603 2602
f 2440 2604 2605
f 2444 2603 2604
f 2606 2582 2581
f 2606 2607 2590
f 2591 2516 2582
f 3676 2587 2456
f 3689 2456 2372
f 2478 2477 2608
f 2609 2610 2611
f 2564 2570 2613
f 2612 2613 2598
f 2457 2612 2597
f 2565 2564 2612
f 2614 2613 2570
f 2615 2614 2578
f 2602 2601 2614
f 2601 2598 2613
f 2572 2434 2605
f 2616 2605 2602
f 2573 2572 2616
f 1459 1016 1045
f 1265 1215 1079
f 1612 1608 1609
f 2067 2057 2069
f 1135 1109 1136
f 1938 1937 2618
f 95 548 458
f 2058 1607 1608
f 1454 1469 1445
f 655 2620 1048
f 722 1049 2621
f 1131 985 1033
f 562 1481 366
f 1723 1719 1725
f 1786 1123 1122
f 267 300 323
f 1325 2034 1654
f 1468 1165 1435
f 658 657 529
f 8 532 247
f 382 1557 1559
f 788 619 1307
f 940 930 929
f 911 2622 2623
f 2621 2620 655
f 2624 1857 2625
f 998 1846 27
f 635 638 2626
f 2627 641 644
f 2628 2627 1840
f 1200 1199 2627
f 1199 1773 641
f 1520 515 49
f 1452 1350 1349
f 2630 2631 1859
f 644 643 1335
f 1197 1198 717
f 2632 717 719
f 2628 2632 1166
f 2629 1197 2632
f 1762 2633 1050
f 1823 870 873
f 2634 2635 794
f 1042 794 2635
f 93 94 1901
f 2036 2038 1458
f 1527 332 1525
f 877 876 1274
f 134 409 797
f 1328 893 931
f 607 777 1091
f 1043 2635 2637
f 2636 2637 2639
f 1275 2636 2638
f 1275 1040 1043
f 1272 2624 2626
f 2640 2626 638
f 1110 2641 2640
f 536 1272 2640
f 1472 708 1474
f 2042 2030 1951
f 1058 1106 1105
f 2642 2623 2643
f 1192 2642 2644
f 912 2623 2642
f 3898 1657 3526
f 1049 1048 2620
f 616 1829 1885
f 1331 1913 666
f 990 989 1198
f 1911 1912 321
f 1298 1282 1205
f 76 1490 1504
f 1502 1500 421
f 610 609 658
f 1146 937 659
f 2646 911 914
f 1280 1239 1238
f 1453 1454 1452
f 835 942 1843
f 1271 1270 1173
f 1893 1878 1826
f 1050 2633 1937
f 2651 2652 814
f 1006 1053 1281
f 2653 1084 2654
f 1001 1004 1003
f 585 997 679
f 2624 1272 621
f 555 678 2028
f 1207 526 1197
f 1626 1627 478
f 426 389 419
f 1030 1193 1773
f 3898 645 634
f 534 1533 138
f 1125 1092 1042
f 333 228 88
f 569 1570 561
f 1489 2656 871
f 1857 2624 620
f 1673 1674 3770
f 622 861 864
f 619 788 891
f 261 544 545
f 393 1555 1556
f 2658 2659 2647
f 1075 2658 2657
f 1081 1080 2658
f 1080 1139 2659
f 2644 2643 1141
f 2660 1141 1140
f 642 2660 1336
f 1193 2644 2660
f 679 678 555
f 1503 1501 1500
f 1318 1317 1101
f 2661 2659 1139
f 2661 1142 2663
f 2662 2647 2659
f 2662 2663 2622
f 2664 2622 911
f 2648 2664 2646
f 2648 2647 2662
f 2083 2094 2093
f 1442 1440 1437
f 519 329 330
f 1885 2029 1209
f 799 800 805
f 1946 1943 1952
f 1302 1301 1253
f 566 2005 224
f 1389 940 928
f 683 682 681
f 836 835 1842
f 2665 1842 1845
f 2666 2665 1303
f 24 836 2665
f 831 1072 2650
f 1845 1844 1304
f 2010 2013 2012
f 1051 1936 2667
f 1522 1521 1511
f 531 440 441
f 1250 635 2625
f 2669 2625 1857
f 783 2669 1856
f 782 1250 2669
f 720 2670 2671
f 1055 1931 1930
f 1333 1067 1251
f 619 622 1308
f 652 655 2619
f 521 522 1539
f 1838 988 537
f 2672 537 536
f 1113 2672 2641
f 1113 527 1838
f 1016 1013 1351
f 3897 573 570
f 226 227 104
f 3564 3669 3827
f 1036 1037 1884
f 2674 1301 1304
f 2673 1304 1844
f 1334 2673 2675
f 1333 2674 2673
f 2676 702 1039
f 1843 2676 2675
f 942 1074 2676
f 1074 699 702
f 752 1057 1055
f 1200 1166 656
f 1120 1846 874
f 2677 874 877
f 1241 2677 1052
f 1119 1120 2677
f 1560 1513 151
f 1208 1316 611
f 215 735 736
f 1460 1459 1462
f 1208 1207 1839
f 854 856 1282
f 72 445 182
f 544 1563 1565
f 217 200 456
f 2047 1404 930
f 1204 2618 1937
f 913 777 686
f 840 527 1113
f 1531 729 730
f 2678 778 1283
f 601 667 1914
f 1537 1538 459
f 1819 1757 3509
f 991 1860 862
f 2679 711 1073
f 2680 1830 983
f 779 2680 2256
f 778 2678 2680
f 2678 2679 1830
f 180 542 245
f 1886 1132 1131
f 1138 1137 1274
f 1841 598 1140
f 75 313 314
f 193 423 420
f 2681 2682 1099
f 170 1567 1565
f 349 416 417
f 1121 1124 2684
f 547 797 409
f 123 122 121
f 2643 2663 1142
f 1542 1544 513
f 899 900 907
f 1210 677 676
f 791 663 982
f 24 27 837
f 893 896 932
f 1860 1320 863
f 535 538 862
f 1569 1548 1547
f 181 455 542
f 660 659 937
f 2013 567 568
f 887 890 2631
f 1524 1508 361
f 520 161 162
f 2653 855 854
f 1238 1237 2655
f 718 1838 527
f 1492 1493 518
f 792 616 615
f 599 846 1835
f 290 457 456
f 312 171 1552
f 1248 2687 1179
f 153 149 177
f 1240 1181 1222
f 1257 1292 1235
f 1291 1084 1083
f 1052 877 1277
f 743 742 2618
f 444 140 430
f 23 1224 1172
f 2687 2654 1180
f 102 103 409
f 1283 607 610
f 373 497 650
f 1180 2654 1084
f 855 2653 2655
f 1173 1270 1917
f 2689 850 853
f 2688 853 1108
f 2686 2688 1279
f 2687 2689 2688
f 2691 1302 1252
f 2690 1252 850
f 1248 2690 2689
f 1248 1247 2691
f 2692 617 24
f 2691 2692 2666
f 1247 1258 2692
f 1258 1168 617
f 394 1554 1555
f 2693 1260 1259
f 1072 1236 1262
f 1257 1071 1168
f 398 439 1555
f 871 1784 1314
f 1178 1232 1249
f 1224 1289 1173
f 1010 2617 2618
f 1175 1174 1292
f 2654 2687 2686
f 2694 1157 1216
f 71 418 1487
f 701 1112 1111
f 1072 1261 2649
f 1085 2695 22
f 895 2694 1264
f 1601 1606 1605
f 1259 1262 1271
f 21 20 1220
f 988 991 538
f 598 597 1336
f 1050 860 818
f 1298 2645 1761
f 1168 1167 618
f 858 1168 1256
f 39 242 516
f 2652 1761 819
f 313 316 315
f 2026 1970 1971
f 2656 1489 596
f 814 819 818
f 2696 2651 813
f 1260 2696 2649
f 2693 2697 2696
f 2697 1296 2651
f 381 355 390
f 3818 3819 1611
f 1475 1427 1428
f 1292 1174 1917
f 1551 353 354
f 1526 1525 1523
f 1593 1589 1595
f 1232 1269 1246
f 2695 2693 1223
f 2698 1297 1296
f 2698 2697 2693
f 2685 2698 2695
f 2685 854 1297
f 562 1497 271
f 2652 2651 1296
f 1365 1366 1364
f 1958 1946 1953
f 585 588 2210
f 1561 1560 1515
f 975 2648 1146
f 347 67 68
f 1038 1111 636
f 2700 781 780
f 2699 780 1036
f 2701 2699 1883
f 851 2700 2699
f 2674 1333 2251
f 2702 2251 781
f 1253 2702 2700
f 1301 2674 2702
f 1519 387 388
f 1273 1239 1280
f 2703 1280 1107
f 2701 2703 852
f 1829 1273 2703
f 91 260 326
f 1784 871 2656
f 2683 2684 2705
f 604 1894 3499
f 1669 3534 3548
f 2062 2063 2060
f 621 535 861
f 2023 731 732
f 686 779 1263
f 857 1051 2668
f 883 830 882
f 637 636 1111
f 2668 894 893
f 2667 921 894
f 1039 1038 1068
f 313 75 1504
f 1911 1972 305
f 1936 2706 1964
f 2707 2402 2401
f 2708 2707 2183
f 738 2163 2116
f 2349 2348 2432
f 2711 2712 2020
f 2400 2711 2019
f 2714 2715 2716
f 2717 2718 2719
f 2721 2722 2723
f 2726 2727 2728
f 2725 2728 2730
f 2731 2725 2729
f 2732 2726 2725
f 2734 2735 2736
f 2738 2739 2740
f 2737 2740 2741
f 2744 2745 2746
f 2745 2744 2748
f 2749 2750 2747
f 2753 2749 2751
f 2250 1380 2246
f 2754 1396 1614
f 3598 2754 2755
f 3608 2745 2747
f 1617 2756 2755
f 2242 2758 1620
f 2191 2085 2760
f 2761 2759 2760
f 3648 2759 2761
f 3623 2191 2759
f 3209 3248 3223
f 1395 1394 2236
f 1395 2235 1636
f 1616 1635 2229
f 1617 2234 2763
f 2756 2763 3628
f 2765 2763 2234
f 2766 2764 3628
f 3202 3199 3246
f 1516 437 435
f 2768 2769 3552
f 1495 541 578
f 2135 2136 28
f 3526 3540 2773
f 1690 1689 3926
f 2778 2779 2780
f 2777 2780 2781
f 2784 2778 2777
f 3555 3521 575
f 1494 1904 9
f 3529 2016 2015
f 451 61 505
f 2786 2787 2788
f 2779 2786 2785
f 2789 2752 2741
f 2790 2753 2752
f 2792 2793 2794
f 2793 2795 2796
f 2796 2797 2750
f 2794 2796 2749
f 2798 1393 1396
f 3591 2798 2754
f 2798 2799 2800
f 3591 3662 2799
f 2797 2796 2795
f 2791 2794 2753
f 216 233 232
f 3804 2806 2807
f 3805 2809 2804
f 2769 2810 3557
f 183 185 184
f 2811 2812 2775
f 2804 2811 2776
f 2809 2813 2811
f 2812 2811 2813
f 3805 2808 2816
f 3796 2818 2815
f 3798 3800 2820
f 3793 2823 2819
f 2824 2736 2735
f 2823 2825 2824
f 2825 2823 2826
f 3793 2822 2827
f 3796 2817 2826
f 2713 2716 2829
f 2828 2829 2831
f 2822 2821 2828
f 2821 2820 2713
f 2832 2827 2822
f 2833 2832 2830
f 2834 2835 2832
f 2835 2818 2827
f 2837 2838 2839
f 2836 2839 2841
f 2842 2836 2840
f 2843 2837 2836
f 2840 2841 2845
f 2718 2844 2845
f 2730 2728 2844
f 2727 2840 2844
f 2846 2845 2841
f 2829 2846 2847
f 2847 2841 2839
f 2848 2839 2838
f 2833 2848 2849
f 2831 2847 2848
f 2850 2814 2851
f 2853 2850 2852
f 2783 2777 2782
f 2785 2788 2853
f 2780 2785 2856
f 2857 2858 2855
f 2859 2857 2782
f 2861 2843 2842
f 2860 2842 2727
f 2862 2860 2726
f 2863 2861 2860
f 2861 2863 2858
f 2843 2861 2857
f 2856 2853 2854
f 2781 2856 2864
f 2837 2843 2859
f 2838 2837 2864
f 2852 2851 2834
f 2854 2852 2849
f 2865 2815 2818
f 2851 2865 2835
f 2813 2809 2815
f 2814 2813 2865
f 2866 2812 2814
f 2788 2866 2850
f 2866 2788 2787
f 2812 2866 2867
f 1892 1889 1890
f 2720 2719 2846
f 298 299 256
f 2872 2714 2713
f 3794 3800 2735
f 2729 2730 2874
f 2846 2716 2715
f 2876 2877 2878
f 2733 2875 2878
f 3806 3807 2879
f 3806 2880 2872
f 2882 2883 2884
f 2881 2884 2715
f 2880 2881 2714
f 2879 2882 2881
f 2885 2886 2887
f 2888 2889 2890
f 2885 2890 2892
f 2893 2886 2885
f 1942 2151 2532
f 2895 2892 2720
f 2884 2895 2870
f 2883 2896 2895
f 2896 2891 2892
f 2889 2874 2717
f 2890 2717 2720
f 2897 2893 2891
f 2898 2897 2896
f 2899 2898 2883
f 2900 2899 2882
f 3797 2900 2879
f 2876 2902 2901
f 2901 2902 2904
f 1785 2656 1835
f 2905 2906 2899
f 2907 2908 2897
f 3797 2901 2903
f 632 576 577
f 3532 3547 2867
f 434 385 550
f 2768 2770 3640
f 2910 2911 1623
f 2241 2912 2758
f 3640 2770 2913
f 1623 2911 2757
f 3587 2242 2757
f 2229 1381 1380
f 2765 1630 1629
f 2915 2914 1629
f 3642 3641 2914
f 3641 3622 2765
f 2919 2916 3642
f 2918 2915 2912
f 3614 2918 2241
f 3618 2919 3613
f 3541 2177 2180
f 3521 2002 2188
f 3705 3573 714
f 2925 2766 2917
f 2924 2917 2916
f 3610 2924 2919
f 3611 2925 2924
f 2926 2927 2766
f 3658 2926 2925
f 1715 1713 1705
f 785 497 498
f 1387 651 565
f 374 375 1899
f 3573 2203 2206
f 2929 2930 2886
f 2932 2933 2934
f 1905 1906 1908
f 2930 2935 2936
f 2938 2935 2930
f 1493 369 517
f 1603 1585 1586
f 2939 2938 2929
f 2940 2939 2908
f 3665 1707 1600
f 2886 2930 2937
f 2906 2907 2898
f 2908 2929 2893
f 2942 2934 2933
f 2941 2933 2937
f 3501 2941 2936
f 3498 2942 2941
f 2943 2944 2710
f 2943 2873 2874
f 2945 2943 2889
f 2946 2944 2943
f 2932 2945 2888
f 2931 2946 2945
f 727 1928 1929
f 2903 2904 2947
f 545 594 42
f 1480 1570 533
f 2907 2906 2949
f 2906 2905 2950
f 1558 452 215
f 3799 2903 2948
f 2054 1645 1644
f 3705 3684 2203
f 1828 1837 1849
f 2953 2954 2955
f 2952 2955 2957
f 2956 2261 2258
f 2953 2952 2258
f 2454 2455 2474
f 3747 2958 2959
f 3747 2132 2131
f 2961 2962 2963
f 2958 2963 2964
f 222 221 2485
f 2477 2226 2966
f 2631 2561 2006
f 2384 2454 2496
f 2967 2968 2959
f 2968 2967 2970
f 3759 2033 2971
f 3784 2971 2960
f 2972 2971 2033
f 2007 2377 2973
f 3560 3559 2134
f 1836 1833 1832
f 3506 2188 2090
f 955 810 959
f 672 675 674
f 633 710 713
f 2024 732 733
f 2025 2024 803
f 425 1552 1550
f 2975 2976 888
f 1319 1158 1157
f 1212 1935 2977
f 889 957 2228
f 1978 1974 1975
f 1138 1078 1329
f 751 665 2979
f 1619 1613 1625
f 2252 2255 1728
f 1157 1160 845
f 2706 1936 1938
f 2980 2255 2254
f 2982 2975 887
f 802 712 711
f 678 677 2029
f 527 840 690
f 1839 1207 2629
f 2983 2984 602
f 2983 1914 1913
f 2985 2983 1331
f 2986 2984 2983
f 2987 2637 2635
f 2985 2988 2639
f 2990 1319 1318
f 2991 2992 2993
f 2995 2991 2994
f 1106 1058 2991
f 1058 1057 2992
f 1415 1406 1365
f 1317 922 2217
f 1932 1728 2255
f 926 2998 2999
f 3001 2993 2992
f 3000 2992 1057
f 2999 3000 2978
f 2998 3001 3000
f 3002 2998 2209
f 3002 3003 2996
f 2993 3001 3002
f 1103 1106 2995
f 3004 2995 2996
f 2209 2210 3004
f 588 1103 3004
f 295 296 433
f 2638 2639 2988
f 3005 2988 1056
f 1305 3005 1930
f 1276 2638 3005
f 1987 1968 1993
f 2633 1762 1761
f 1423 1422 1417
f 3561 3517 739
f 2671 2670 2704
f 1473 1872 2035
f 922 1317 2694
f 1401 1400 1378
f 556 2028 1884
f 842 848 3825
f 1854 2706 2617
f 933 1082 1081
f 1440 1441 1436
f 529 657 719
f 1031 1025 1027
f 777 913 912
f 2645 1205 1204
f 441 438 1538
f 790 1287 587
f 2065 2066 1610
f 1860 991 990
f 60 106 87
f 1424 1017 1948
f 332 1527 1507
f 261 262 138
f 187 188 449
f 1719 1720 1726
f 1931 1055 1059
f 3006 1059 1105
f 1287 3006 1104
f 1286 1931 3006
f 3007 3008 3009
f 3009 3008 653
f 618 999 26
f 2029 677 1210
f 957 601 600
f 1049 2146 2228
f 2631 890 3011
f 890 889 2227
f 3011 2227 2145
f 2561 3011 3012
f 1026 656 609
f 2706 1854 1961
f 3013 2965 2485
f 2148 2147 1267
f 3015 1267 1266
f 2997 2264 1101
f 642 641 1773
f 186 477 461
f 1041 1040 1320
f 1121 3016 3017
f 2984 2986 2987
f 3018 2987 2634
f 1048 603 3018
f 603 602 2984
f 2679 2678 801
f 2062 2072 2074
f 2061 2074 2076
f 414 303 1545
f 3016 1121 2683
f 3019 2683 2704
f 3020 3019 2670
f 3007 3016 3019
f 1871 1090 1091
f 3021 1787 1122
f 3022 3021 3017
f 1314 3021 3022
f 1784 1787 3021
f 1316 1315 1763
f 3023 3022 3010
f 3023 3009 795
f 1763 3023 1092
f 1315 3022 3023
f 3016 3007 3010
f 752 751 2978
f 2986 2639 2637
f 3024 654 653
f 3020 3024 3008
f 720 723 3024
f 723 2621 654
f 2681 1098 1268
f 2671 3025 1268
f 2705 2681 3025
f 1313 3026 3027
f 3026 3028 3029
f 3027 3029 3030
f 1311 3027 3031
f 2012 568 731
f 917 2657 974
f 743 1206 856
f 1888 2027 2030
f 2682 2705 2684
f 3032 2684 1124
f 1100 3032 2989
f 1099 2682 3032
f 1123 2990 2989
f 3033 1834 1159
f 2990 3033 1158
f 1123 1786 3033
f 1786 1785 1834
f 1054 1056 2988
f 2979 665 664
f 2623 2622 2663
f 1095 660 688
f 3034 3035 2261
f 3036 3034 2956
f 3037 3038 3034
f 3038 3039 3035
f 3040 3041 3026
f 2263 3042 3041
f 3042 3039 3043
f 3041 3043 3028
f 3044 3045 3043
f 3046 3047 3045
f 3047 3048 3049
f 3043 3045 3049
f 3038 3037 3051
f 3050 3051 3053
f 3052 3046 3044
f 3039 3038 3050
f 3054 3035 3039
f 3042 2263 2262
f 2261 3035 3054
f 2216 2263 2997
f 2212 2211 2667
f 3056 868 2209
f 934 3057 1961
f 2013 3755 3757
f 3058 3059 3060
f 3059 3062 3063
f 3060 3063 2213
f 3061 3060 1963
f 3063 3064 2214
f 3062 3065 3064
f 3065 2257 2260
f 3064 2260 2215
f 3066 3067 3031
f 2608 2966 3067
f 2966 2562 3068
f 3031 3067 3068
f 2455 2458 2461
f 2476 2223 2226
f 3551 2090 2089
f 3526 2774 3769
f 433 354 355
f 2115 1423 1419
f 3509 2868 2922
f 3769 3737 2131
f 3069 2611 2167
f 2971 2972 2928
f 2961 2774 2773
f 3070 2475 2478
f 2610 2609 3071
f 2502 2371 2374
f 3072 2592 2595
f 2964 3046 3052
f 3048 2593 3074
f 2593 2592 3075
f 3075 3030 3029
f 3074 3029 3028
f 3072 3076 3075
f 3076 3072 2482
f 2481 2608 3066
f 3076 3066 3030
f 2967 3052 3053
f 2482 3072 3073
f 479 480 493
f 706 3900 3873
f 3561 2194 2221
f 2013 2010 3754
f 3533 2032 2016
f 3562 3519 2222
f 1171 1154 1155
f 2586 2566 2565
f 2982 110 113
f 2562 2376 3077
f 2376 2375 3012
f 3012 2145 2148
f 3077 2148 3015
f 2963 3047 3046
f 3051 3078 2970
f 1683 2173 491
f 3850 2122 1447
f 1986 2181 3734
f 3079 3080 2546
f 3081 3079 2575
f 1983 1986 3768
f 3082 2323 2319
f 3080 3082 2545
f 3734 3732 3082
f 3732 3748 2323
f 1309 1471 1888
f 3073 2595 2772
f 2760 3083 3084
f 2760 2085 2088
f 3085 3084 3086
f 3089 3085 3090
f 3089 2762 3084
f 3092 3088 3090
f 3093 2748 2744
f 2751 2747 2748
f 3093 2741 2752
f 2742 2741 3093
f 3094 3093 2743
f 3096 3097 3098
f 3099 3096 3087
f 3097 3094 3095
f 3100 2743 2746
f 3101 2927 3102
f 2764 2766 2927
f 2745 2764 3101
f 3102 3092 3091
f 3100 3091 3095
f 2869 2802 3592
f 3102 3103 3104
f 3658 2868 2869
f 2927 2926 3103
f 3098 3095 3091
f 3087 3098 3090
f 2088 2125 3105
f 3083 3105 3086
f 2483 3073 2771
f 2401 2186 2185
f 3099 3086 3105
f 2125 2207 3106
f 3108 2737 2742
f 3107 2742 3094
f 3110 3108 3107
f 3109 3107 3097
f 3111 3109 3096
f 3112 3110 3109
f 3113 2738 2737
f 3115 2723 2722
f 3117 3115 3114
f 3119 3117 3116
f 3118 3116 3120
f 3116 3114 3113
f 3122 3112 3111
f 3122 3123 1755
f 3124 3125 3126
f 3125 3118 3121
f 3128 3119 3118
f 3129 3128 3125
f 2020 2712 3128
f 3853 3857 1346
f 1065 1046 1047
f 1814 3838 3830
f 2021 2020 3129
f 3111 3099 3106
f 3123 3106 2207
f 2377 2225 2224
f 3014 2485 113
f 1756 2208 3782
f 3131 3132 2530
f 3133 3131 2528
f 1753 1756 3767
f 3134 3124 3127
f 2327 2408 2314
f 2436 2318 2317
f 2018 2021 3711
f 2534 3136 3137
f 2320 2322 3136
f 2185 2018 3712
f 3138 3139 2542
f 3134 3135 3744
f 3785 3130 3134
f 3140 3138 2539
f 2535 3137 3140
f 3711 2021 3130
f 2558 2530 3132
f 3782 3760 3141
f 2560 2558 3141
f 3760 3777 3142
f 958 888 2976
f 1933 1932 2980
f 2399 2424 2418
f 2348 2342 2343
f 2322 2320 2319
f 2718 2717 2874
f 2709 2729 2873
f 2894 2871 1361
f 346 289 176
f 1876 1877 1882
f 2802 2803 3607
f 3104 3144 3088
f 2974 2222 3649
f 3089 3145 2761
f 3088 3144 3145
f 2803 2974 3603
f 3870 3909 692
f 2123 1419 1418
f 1365 1363 1368
f 1581 1766 1782
f 3569 2202 2129
f 3555 2003 2002
f 3146 2585 2551
f 3751 3146 3147
f 3742 3149 3146
f 3149 2584 2585
f 3196 3198 3197
f 3604 2192 2191
f 3142 3150 2556
f 3777 3778 3150
f 3646 3152 2550
f 3150 3151 2555
f 3778 3780 3151
f 3788 3781 3152
f 3153 3147 2551
f 3152 3153 2549
f 3781 3776 3153
f 3776 3750 3147
f 3148 2767 2206
f 2183 2401 2321
f 2132 2960 2928
f 3684 3685 2204
f 3719 2198 2197
f 2594 2962 2773
f 2595 2594 2951
f 1870 798 799
f 3713 2179 2178
f 3706 2178 3736
f 336 3154 3774
f 339 3155 3154
f 3789 3683 3149
f 3683 3697 2584
f 2963 2962 3048
f 3722 3730 337
f 339 338 2566
f 3156 3157 2168
f 2610 3156 2167
f 2954 2953 3156
f 3157 3156 2953
f 3707 2166 2169
f 2567 3158 3159
f 337 3158 2567
f 3730 3069 2166
f 3764 2190 1983
f 2579 3160 3081
f 2568 3159 3160
f 3709 2169 2190
f 3065 3062 3162
f 3161 3162 1984
f 3157 3161 2189
f 2257 3065 3161
f 734 735 1922
f 3059 3058 2708
f 3163 2708 2182
f 3162 3163 1985
f 3062 3059 3163
f 3203 3206 3205
f 2122 2119 1448
f 3817 1686 1685
f 139 140 444
f 1570 569 566
f 2957 3164 3165
f 2955 3166 3164
f 1912 454 341
f 3130 3129 3124
f 1548 322 319
f 1949 1950 1327
f 2969 2970 3078
f 3167 3078 3169
f 3724 2014 2017
f 3720 2017 2033
f 3168 3169 3165
f 3170 3165 3164
f 3779 3170 3171
f 3724 3168 3170
f 3171 3164 3166
f 3172 3166 3071
f 3752 3172 3173
f 3756 3171 3172
f 3169 3037 3036
f 2593 3048 2962
f 3173 3071 2609
f 3174 2609 2199
f 3783 3174 2198
f 3749 3173 3174
f 2190 2189 1984
f 2196 2195 2767
f 2119 2120 1414
f 1464 1463 1466
f 2199 2611 3069
f 2457 2456 2587
f 2226 2225 2562
f 481 478 1627
f 333 1512 235
f 3078 3051 3037
f 3040 2264 2997
f 2219 1934 1933
f 2385 2384 2497
f 221 2220 3175
f 2220 1933 3143
f 3175 3143 2976
f 2484 3175 2975
f 2954 3071 3166
f 2630 1858 110
f 1547 319 1952
f 2091 2090 2188
f 3733 3736 2178
f 1918 1919 1927
f 3563 112 111
f 955 956 960
f 2037 3014 112
f 3143 2980 2981
f 2218 2211 2214
f 672 3877 3787
f 2152 3013 3014
f 1147 1144 1143
f 2248 2246 1409
f 1615 1636 1635
f 1410 1409 2246
f 3241 3243 3242
f 1382 3176 3177
f 3177 1410 2247
f 2247 1383 3177
f 3176 2238 2230
f 1410 3177 3179
f 3179 3180 2243
f 1633 3181 2800
f 1621 1620 2758
f 1622 1621 2245
f 2236 1394 3181
f 2237 2236 3182
f 2250 1631 2233
f 2912 1629 1628
f 135 136 1564
f 1567 419 512
f 1085 1084 2653
f 3184 869 868
f 869 3184 3057
f 1266 1268 1098
f 1267 2147 722
f 937 1146 2646
f 2146 1049 722
f 2211 2218 921
f 1957 510 507
f 1313 1312 2264
f 1496 362 1493
f 2887 2937 2933
f 1687 1688 1659
f 145 1499 1498
f 37 38 418
f 1935 1934 3185
f 104 89 301
f 2101 2098 2083
f 543 298 360
f 1934 2219 3186
f 234 1521 212
f 3845 3821 1822
f 1976 1875 1874
f 223 3186 2219
f 3655 3656 3605
f 2165 2164 467
f 467 468 2165
f 773 476 2165
f 1935 1212 1728
f 3240 3225 3226
f 3261 3249 3250
f 3215 3216 3244
f 3265 3221 3215
f 3267 3245 3198
f 3205 3206 3269
f 3214 3211 3265
f 3271 3213 3214
f 3251 3252 3239
f 3222 3221 3266
f 3232 3235 3234
f 3216 3242 3243
f 3196 3193 3268
f 3244 3243 3254
f 3238 3239 3247
f 3264 3244 3255
f 3253 3242 3216
f 3211 3266 3221
f 3257 3217 3218
f 3258 3222 3272
f 3274 3275 3280
f 3228 3229 3262
f 3275 3231 3281
f 3226 3227 3273
f 3236 3263 3260
f 3281 3263 3236
f 3287 3271 3192
f 3235 3226 3280
f 3234 3280 3281
f 3288 3290 3259
f 3260 3250 3276
f 3289 3212 3278
f 3210 3209 3224
f 3199 3202 3201
f 3228 3231 3230
f 3290 3288 3285
f 3282 3279 3271
f 3260 3263 3262
f 3243 3241 3268
f 3267 3268 3241
f 3194 3207 3208
f 3191 3270 3269
f 3270 3191 3192
f 3275 3274 3230
f 3264 3269 3270
f 3252 3251 3276
f 3248 3252 3291
f 3213 3271 3279
f 3272 3266 3289
f 3277 3278 3212
f 3228 3263 3281
f 3220 3225 3253
f 3219 3253 3217
f 3256 3218 3222
f 3247 3239 3252
f 3245 3267 3232
f 3266 3211 3212
f 3208 3205 3255
f 3288 3289 3284
f 3204 3205 3208
f 560 1899 3187
f 3209 3210 3201
f 3189 3192 3191
f 448 1980 807
f 647 648 122
f 1833 1848 1780
f 510 509 508
f 3210 1949 1887
f 1887 15 3200
f 15 16 3197
f 16 3188 3195
f 3195 3188 3187
f 3194 3187 1899
f 3207 1899 375
f 387 173 126
f 3189 1791 1760
f 3577 763 757
f 763 3577 2172
f 3583 3582 3580
f 3581 3580 3579
f 3594 3597 3596
f 3400 3601 3602
f 3626 3624 3625
f 3631 3635 3599
f 3636 3637 3595
f 3647 3584 3588
f 3650 3582 3584
f 3653 3579 3580
f 3653 2176 3654
f 1801 1864 3656
f 3651 3580 3582
f 3644 3638 3595
f 1767 1768 3659
f 1597 3663 3661
f 1708 1707 3665
f 3671 3668 3667
f 3666 3667 3673
f 1588 1708 3664
f 2080 3671 3666
f 2082 3666 3672
f 3674 3677 3635
f 3677 3678 3636
f 3682 3647 3645
f 3692 3651 3650
f 3681 3645 3644
f 786 3694 3692
f 3694 3653 3651
f 785 3692 3686
f 497 3686 3682
f 650 3682 3681
f 3696 564 3681
f 3405 3606 3605
f 3702 3699 3678
f 3699 3698 3679
f 3645 3588 3638
f 1799 3657 3659
f 3708 3704 3458
f 3462 3710 3708
f 3714 463 564
f 3615 3606 3602
f 3710 3714 3696
f 3635 3636 3596
f 3629 3626 3627
f 3597 3600 3599
f 3630 3716 3715
f 3627 3625 3597
f 3717 3716 3723
f 3715 3663 3660
f 3716 3717 3725
f 3668 3665 3661
f 3668 3725 3717
f 3667 3717 3718
f 3727 3728 3673
f 3728 1576 3672
f 3726 3727 3718
f 1576 2101 2084
f 3727 3726 3731
f 3203 376 1387
f 3190 1387 1791
f 3283 2152 1949
f 317 240 259
f 2000 2176 3653
f 3601 3599 3600
f 3589 3588 3584
f 3577 758 756
f 3585 3584 3582
f 3678 3679 3637
f 3204 375 376
f 1801 3655 3657
f 3729 3735 3728
f 1575 3735 3738
f 3735 1575 1576
f 1776 1795 1796
f 1293 1294 1290
f 1326 14 1327
f 1294 1245 1234
f 878 1244 1330
f 497 373 374
f 122 648 413
f 3699 3702 3704
f 3606 3405 3401
f 3708 3710 3698
f 3464 3714 3710
f 3704 3674 3443
f 439 398 399
f 1512 1528 1526
f 1668 1741 1738
f 839 849 1362
f 1362 1357 826
f 3843 740 1896
f 2053 2054 2118
f 3888 3887 2120
f 696 697 3816
f 1826 1878 639
f 3740 3739 3729
f 956 885 886
f 1980 806 1922
f 33 34 105
f 1343 1344 3856
f 3907 2127 2128
f 1766 1581 1582
f 14 1326 2163
f 595 98 99
f 3233 3238 3246
f 1346 1035 1044
f 748 1888 1425
f 3193 3208 3254
f 3190 3191 3206
f 3612 3605 3606
f 3624 3612 3615
f 3631 3415 3443
f 3679 3680 3644
f 3686 3650 3647
f 3702 3677 3674
f 3625 3615 3600
f 3601 3400 3415
f 3739 3738 3735
f 3630 3627 3594
f 3741 3723 3716
f 1284 1290 1288
f 3698 3696 3680
f 1778 1781 1780
f 1792 1759 1584
f 695 570 571
f 3638 3741 3594
f 3741 3638 3588
f 3247 3248 3209
f 3292 3293 3294
f 3296 3297 3298
f 3299 3298 3300
f 3302 3303 3304
f 3306 3307 3308
f 3307 3310 3311
f 3303 3302 3301
f 3312 3305 3304
f 3314 3315 3316
f 3318 3319 3320
f 3324 3318 3321
f 3326 3327 3328
f 3329 3330 3331
f 3333 3334 3335
f 3337 3338 3339
f 3333 3336 3341
f 3342 3341 3343
f 3319 3345 3344
f 3338 3335 3334
f 3346 3301 3302
f 3305 3348 3347
f 3312 3224 3223
f 3350 3337 3340
f 3312 3349 3348
f 3352 3343 3341
f 3311 3353 3354
f 3341 3336 3327
f 3359 3360 3361
f 3360 3359 3250
f 3318 3363 3345
f 3364 3363 3318
f 3314 3364 3324
f 3366 3299 3301
f 3299 3366 3367
f 3308 3354 3368
f 3369 3317 3295
f 3317 3369 3364
f 3370 3295 3317
f 3325 3371 3365
f 3352 3320 3319
f 3296 3367 3353
f 3297 3296 3311
f 3363 3368 3354
f 3345 3354 3353
f 3344 3353 3367
f 3366 3333 3342
f 3347 3339 3334
f 3339 3347 3348
f 3348 3349 3351
f 3363 3364 3369
f 3294 3309 3368
f 3293 3306 3309
f 3331 3373 3374
f 3346 3334 3333
f 3323 3322 3352
f 3356 3355 3321
f 3355 3357 3325
f 3357 3358 3371
f 3322 3356 3320
f 3361 3330 3329
f 3373 3372 3375
f 3374 3375 3376
f 3329 3332 3376
f 3327 3375 3372
f 3336 3335 3375
f 3335 3338 3376
f 3376 3338 3337
f 3337 3350 3359
f 3359 3350 3276
f 3377 3292 3295
f 3277 3316 3315
f 3371 3378 3379
f 3378 3371 3358
f 3365 3379 3315
f 3316 3277 3279
f 3282 3377 3370
f 3313 3283 3224
f 3378 3285 3284
f 3380 3286 3285
f 3379 3284 3278
f 3276 3350 3351
f 3291 3351 3349
f 3313 3304 2965
f 2965 3304 3303
f 222 3303 3300
f 223 3300 3298
f 3298 3297 3185
f 3297 3310 2977
f 3310 3307 1213
f 3307 3306 1214
f 2532 1214 3306
f 2894 2532 3293
f 2871 2894 3292
f 3253 3225 3240
f 3283 3313 3013
f 1997 1996 1889
f 1237 745 744
f 1535 1534 120
f 1531 1532 201
f 1119 1241 1032
f 946 948 824
f 163 8 5
f 3589 3726 3723
f 1155 1156 1162
f 427 213 327
f 553 1902 796
f 3381 2232 2231
f 3381 3178 2230
f 2237 3183 3180
f 3383 3384 3385
f 3384 3386 3387
f 3386 3388 3389
f 3388 3390 3391
f 3392 3393 3394
f 3395 3394 3396
f 3398 3399 3397
f 3400 3401 3399
f 3403 3404 3405
f 3406 3407 3404
f 3408 3409 3407
f 3410 3411 3409
f 3412 3413 3411
f 3415 3400 3398
f 3414 3398 3396
f 3416 3396 3394
f 3417 3394 3393
f 3393 3419 3420
f 3419 3390 3421
f 3390 3388 3422
f 3388 3386 3423
f 3386 3384 3424
f 3384 3383 3425
f 3425 3383 3426
f 2904 3427 3428
f 3429 3427 2904
f 3430 3429 2902
f 2875 3431 3430
f 3432 3433 2733
f 2825 3434 3435
f 3437 3438 3439
f 3441 3437 3436
f 2724 2723 3434
f 3436 3439 3115
f 3440 3436 3117
f 3443 3415 3414
f 3442 3414 3416
f 3444 3416 3417
f 3445 3417 3418
f 3446 3418 3420
f 3420 3421 3448
f 3421 3422 3449
f 3422 3423 3450
f 3423 3424 3451
f 3424 3425 3452
f 3425 3184 3056
f 3451 3452 2253
f 3450 3451 2252
f 3449 3450 1727
f 3448 3449 2150
f 3453 3447 3448
f 3454 3446 3447
f 3455 3445 3446
f 3456 3444 3445
f 3442 3444 3456
f 3443 3442 3457
f 3459 3460 3458
f 3457 3456 3455
f 3459 3455 3454
f 3462 3460 3459
f 3461 3454 3453
f 3464 3462 3461
f 3463 3453 1941
f 3404 3399 3401
f 3407 3397 3399
f 3409 3395 3397
f 3411 3392 3395
f 3465 3466 3413
f 3467 3468 3469
f 3465 3412 3431
f 3470 3467 3466
f 3438 3470 3432
f 3467 3470 3438
f 3468 3467 3437
f 3471 3469 3468
f 3472 3468 3441
f 3473 3441 3440
f 2712 3440 3119
f 3475 3471 3472
f 3474 3472 3473
f 3476 3473 2712
f 3477 3476 2711
f 3478 3474 3476
f 3479 3475 3474
f 3392 3411 3413
f 3466 3469 3480
f 3419 3393 3392
f 3390 3419 3480
f 3469 3471 3391
f 3389 3391 3471
f 3387 3389 3475
f 3385 3387 3479
f 3482 3477 2400
f 3483 3478 3477
f 3481 3479 3478
f 3484 3482 2402
f 3058 3484 2707
f 3061 3485 3484
f 3485 3483 3482
f 3382 3385 3481
f 3486 3481 3483
f 3426 3383 3382
f 3487 3382 3486
f 3486 3485 3061
f 1961 3057 3487
f 3057 3184 3426
f 3428 3403 3402
f 3427 3406 3403
f 3429 3408 3406
f 3430 3410 3408
f 3431 3412 3410
f 3470 3465 3433
f 3434 3439 3438
f 2723 3115 3439
f 2875 2733 3433
f 2736 2824 3435
f 2947 3428 3488
f 3464 3463 1360
f 1900 1925 1924
f 1736 1717 1718
f 1955 1952 1943
f 1671 1738 1735
f 1696 1750 1698
f 1800 1865 1864
f 2063 2055 2056
f 1737 1734 1717
f 1751 1735 1697
f 943 3885 3899
f 3656 3488 3402
f 1577 1578 1764
f 3917 1598 1599
f 1945 146 82
f 68 6 7
f 147 1542 1543
f 1109 1135 1133
f 1503 1910 1907
f 1499 1501 1909
f 452 1922 735
f 1824 2068 3835
f 1825 2067 2068
f 1463 1462 1022
f 841 1012 1009
f 1568 1547 1955
f 1910 1503 1502
f 1939 1502 422
f 309 280 1940
f 1804 1851 1866
f 269 1482 1954
f 2065 1607 2060
f 3812 1685 1758
f 280 276 552
f 1875 1873 1869
f 1739 1721 1734
f 1778 1779 1790
f 310 1920 1915
f 1909 1908 1906
f 1789 1783 1778
f 978 981 980
f 1584 1759 1731
f 425 426 311
f 148 1543 115
f 2044 3897 3894
f 277 1910 1939
f 1943 1946 1945
f 1461 1462 1463
f 2253 3452 3056
f 2981 2254 3489
f 2209 2998 3489
f 2254 2253 3055
f 2998 926 958
f 2826 2817 2721
f 3490 2739 2721
f 2816 3491 3490
f 2334 2297 2296
f 2298 2297 2334
f 2301 2298 2336
f 2311 2301 2338
f 2312 2311 2354
f 2359 2358 2361
f 2335 2296 2359
f 2414 2413 2365
f 2413 2270 2361
f 2355 2352 2540
f 2541 2540 2539
f 2722 2721 2739
f 3114 2722 2738
f 3110 3112 3121
f 3108 3110 3120
f 3122 1754 3127
f 3112 3122 3126
f 3127 1754 1753
f 3139 3133 2529
f 3744 3775 3133
f 3490 2789 2740
f 3491 2790 2789
f 228 229 91
f 245 244 243
f 248 7 247
f 2 297 296
f 145 146 300
f 327 213 210
f 329 332 331
f 239 241 240
f 373 376 375
f 178 177 176
f 1218 1225 1228
f 3862 1231 1295
f 808 809 824
f 3858 3859 1013
f 3813 3810 1411
f 2154 2149 2159
f 3845 3835 1758
f 306 807 1922
f 2157 2153 1976
f 708 709 2031
f 1450 1226 1227
f 1672 1604 1605
f 1813 1814 1821
f 1717 1716 1715
f 176 159 402
f 1710 1705 3916
f 1712 1580 1577
f 1705 1713 1711
f 971 978 979
f 822 823 1094
f 2909 2810 2793
f 2810 2769 2795
f 2799 2910 2249
f 3662 3643 2910
f 2769 2768 2801
f 3177 3176 3178
f 3178 3381 3180
f 3181 1394 1393
f 3181 1633 1632
f 3182 1632 2244
f 3183 2244 2243
f 3492 2791 2790
f 2808 3492 3491
f 2239 3574 3572
f 1149 1150 3571
f 1150 2009 3567
f 2202 3569 3566
f 2921 3564 3565
f 3568 3560 2133
f 1777 1579 1759
f 1201 1196 1183
f 3561 3554 2195
f 3553 3576 2770
f 3927 3925 1687
f 1516 152 154
f 3549 3562 2974
f 3550 3548 2779
f 2771 2772 3575
f 3070 2771 3546
f 3547 3544 2775
f 1376 1375 1370
f 2767 3543 3556
f 2195 3554 3543
f 2775 3544 3542
f 3377 3282 3545
f 3804 3802 3539
f 2776 3542 3538
f 2240 3572 3535
f 2920 3535 3669
f 3548 3534 2786
f 1805 1850 1851
f 3534 3532 2787
f 2951 2773 3540
f 2772 2951 3531
f 2973 2224 3530
f 2224 2223 3537
f 1957 1953 320
f 306 305 304
f 2770 3576 3528
f 2913 3528 3574
f 2923 3565 3527
f 308 1940 431
f 207 208 132
f 1879 1876 1881
f 3733 3787 3525
f 2475 3070 3558
f 2476 2475 3524
f 2223 2476 3523
f 3522 3549 2803
f 2037 3563 11
f 1959 1958 450
f 2003 3555 3520
f 9 10 334
f 2009 2008 3518
f 2008 2973 3536
f 3877 672 673
f 3515 3550 2778
f 2935 3514 3513
f 111 1149 3570
f 3510 3514 2935
f 683 3876 3885
f 3508 3557 2810
f 736 733 732
f 1795 1804 1803
f 3505 3510 2938
f 3507 3505 2939
f 2950 3512 3504
f 2940 2949 3504
f 3801 3791 3512
f 2868 3509 3502
f 2869 3502 3522
f 1024 1034 1023
f 3500 3503 2948
f 551 1939 442
f 2972 3499 3568
f 2032 3533 3499
f 216 93 1924
f 203 202 201
f 1828 1848 1847
f 1958 1957 449
f 272 271 178
f 2871 3545 3495
f 3619 3669 3564
f 2801 2768 3643
f 2005 3758 3654
f 960 886 899
f 3657 3655 3612
f 3780 3788 3646
f 3151 3646 3593
f 2193 3604 3623
f 3607 3603 3145
f 3603 3649 2761
f 3592 3607 3144
f 2926 3658 3634
f 3634 3592 3104
f 3755 3754 3746
f 566 567 3758
f 3488 3656 1864
f 1602 1586 2079
f 2868 3658 3611
f 2922 3611 3610
f 2923 3610 3618
f 3670 3613 2918
f 3619 3670 3614
f 2921 3618 3670
f 2920 3614 3586
f 3613 3642 2915
f 2917 2766 3622
f 2916 2917 3641
f 2239 3587 3652
f 2911 3640 3652
f 3643 3640 2911
f 2797 2801 3662
f 2797 3591 3598
f 3622 3628 2763
f 3608 3628 2764
f 2194 3623 3648
f 2221 3648 3649
f 2756 3608 3609
f 2750 3598 3609
f 3669 3535 1817
f 3763 3770 1691
f 2515 3621 3590
f 2548 3590 3593
f 2513 2489 3632
f 2513 3616 3621
f 2509 3633 3620
f 2510 3632 3633
f 2289 3620 3639
f 2283 3639 3617
f 2240 3586 3587
f 3659 3657 3624
f 716 2121 3887
f 727 1999 3761
f 2165 2171 2170
f 3660 3659 3626
f 3743 3581 3578
f 2175 2172 769
f 2100 500 2095
f 3758 567 3757
f 640 3560 3568
f 1653 3576 3553
f 1895 3536 3530
f 746 3530 3537
f 1653 1810 3528
f 3762 1603 1604
f 2093 2075 2073
f 959 996 995
f 962 899 919
f 1400 1401 1398
f 1000 817 1127
f 956 959 884
f 1662 3548 3550
f 2034 3558 3546
f 3926 1689 3539
f 3535 3572 766
f 3572 3574 765
f 334 3570 3571
f 1868 3531 3540
f 1684 1651 1652
f 1682 1683 775
f 1585 1603 3762
f 3763 3762 1672
f 2173 2174 490
f 1658 3544 3547
f 3556 3543 1650
f 1571 3754 2010
f 1587 3664 3671
f 2099 2095 2077
f 787 3761 1999
f 2000 3694 786
f 3155 339 3697
f 3713 3155 3683
f 2180 2179 3685
f 3496 2180 3684
f 1684 3846 3840
f 1760 464 3495
f 2607 3689 3693
f 2581 3676 3689
f 2371 2502 3700
f 2371 3695 3693
f 2587 3676 3675
f 2586 3675 3697
f 2497 3691 3687
f 2502 2503 3687
f 2494 3691 3690
f 3690 3688 2472
f 3688 3701 2468
f 3701 3703 2469
f 726 3908 3892
f 581 3567 3518
f 10 3511 3570
f 1837 3514 3510
f 741 3537 3523
f 1299 3524 3558
f 1851 3507 3504
f 3527 3565 1820
f 580 3518 3536
f 1758 1685 3522
f 1693 3557 3508
f 3504 3512 1867
f 1894 1826 3568
f 2126 1418 3813
f 3906 2126 3841
f 2113 3911 3867
f 2179 3713 3789
f 624 3903 3904
f 2192 3604 3788
f 2177 3541 3787
f 1364 3824 3833
f 3858 3855 1470
f 3135 1753 3775
f 2069 3812 3835
f 1351 3861 3853
f 2108 3882 3901
f 2089 2092 3736
f 3828 3834 1358
f 2001 3749 3783
f 2187 3783 3719
f 2130 3756 3752
f 2004 3752 3749
f 2014 3724 3779
f 2201 3779 3756
f 3167 3720 3759
f 3168 3724 3720
f 3159 3709 3764
f 3160 3764 3765
f 3730 3707 3158
f 3158 3707 3709
f 2200 3069 3730
f 3685 3789 3742
f 3722 3774 2197
f 3790 3736 2092
f 3774 3790 3721
f 3154 3706 3790
f 3155 3713 3706
f 2091 3719 3721
f 2196 3148 3750
f 2193 2196 3776
f 3604 2193 3781
f 2086 2192 3780
f 2087 2086 3778
f 2204 3742 3751
f 2205 3751 3750
f 3909 3886 574
f 2124 2087 3777
f 2208 2124 3760
f 3711 3785 3140
f 3785 3745 3138
f 3745 3744 3139
f 3771 3712 3136
f 3712 3711 3137
f 3775 3767 3131
f 3767 3782 3132
f 1813 3839 3838
f 1293 3854 3856
f 2184 2321 3748
f 2181 2184 3732
f 3765 3768 3079
f 3768 3734 3080
f 709 3873 3875
f 2774 2961 3737
f 3786 3769 2134
f 3809 3808 766
f 2968 3784 3766
f 2969 3759 3784
f 2958 3747 3737
f 2132 3747 3766
f 2321 2185 3771
f 3860 3848 1449
f 3905 3874 582
f 3886 3889 577
f 3847 3826 1818
f 705 3902 3887
f 3816 3912 3907
f 2111 3883 3911
f 3810 3829 1366
f 1812 3839 3822
f 675 3851 3852
f 3496 3705 3851
f 2110 3867 3868
f 2104 3896 3901
f 2109 3868 3899
f 3842 3831 703
f 1680 3811 3846
f 1639 1627 3819
f 623 3904 3906
f 2139 2140 3866
f 1808 1640 3844
f 3820 3821 1819
f 3872 3914 3900
f 1646 3832 3830
f 3889 3890 633
f 2139 3865 3875
f 2156 2155 3871
f 674 3852 3913
f 2117 3817 3812
f 1815 3822 3847
f 3855 3849 1444
f 697 3906 3912
f 866 842 3836
f 3864 3869 2136
f 3585 3731 3726
f 3583 3740 3731
f 3753 3746 3738
f 3740 3583 3581
f 1088 3738 3746
f 3739 3740 3743
f 2791 3492 3493
f 3492 2808 2807
f 2792 3493 3494
f 3493 2807 2806
f 3508 2909 3494
f 3516 3494 2806
f 2948 3503 3791
f 2105 3908 3896
f 3538 3802 3804
f 680 3878 3876
f 1891 1890 3910
f 2905 3799 3801
f 2900 3797 3799
f 2901 3797 3807
f 2734 2878 3806
f 2877 3807 3806
f 2820 3800 3794
f 2818 3796 3792
f 2823 3793 3792
f 2822 3793 3798
f 2819 2735 3800
f 2817 3796 3795
f 2809 3805 3795
f 2808 3805 3803
f 2805 3804 3803
f 1702 3921 3923
f 3922 3920 1797
f 3915 3916 1706
f 3918 3927 1692
f 1657 3898 3880
f 1890 1877 3895
f 3772 3770 1674
f 1689 1690 3772
f 3926 3802 3538
f 3516 3539 1689
f 3917 3923 1703
f 1598 3917 3928
f 3880 3884 1876
f 1691 1690 3925
f 3925 3926 1688
f 3934 3933 3937
f 3934 3938 3939
f 3932 3936 3937
f 3938 3942 3943
f 3937 3936 3940
f 3937 3941 3942
f 3942 3946 3947
f 3941 3940 3944
f 3942 3941 3945
f 3947 3946 3950
f 3944 3948 3949
f 3945 3949 3950
f 3950 3954 3955
f 3949 3948 3952
f 3950 3949 3953
f 3955 3954 3958
f 3953 3952 3956
f 3953 3957 3958
f 3959 3958 3962
f 3957 3956 3960
f 3958 3957 3961
f 3962 3966 3967
f 3960 3964 3965
f 3961 3965 3966
f 3966 3970 3971
f 3965 3964 3968
f 3966 3965 3969
f 3970 3974 3975
f 3968 3972 3973
f 3969 3973 3974
f 3974 3978 3979
f 3973 3972 3976
f 3974 3973 3977
f 3979 3978 3982
f 3976 3980 3981
f 3977 3981 3982
f 3982 3986 3987
f 3981 3980 3984
f 3982 3981 3985
f 3987 3986 3990
f 3984 3988 3989
f 3985 3989 3990
f 3991 3990 3994
f 3989 3988 3992
f 3990 3989 3993
f 3995 3994 3998
f 3992 3996 3997
f 3993 3997 3998
f 3998 4002 4003
f 3997 3996 4000
f 3998 3997 4001
f 4002 4006 4007
f 4000 4004 4005
f 4001 4005 4006
f 4006 4010 4011
f 4005 4004 4008
f 4006 4005 4009
f 4011 4010 4014
f 4008 4012 4013
f 4009 4013 4014
f 4014 4018 4019
f 4013 4012 4016
f 4014 4013 4017
f 4019 4018 4022
f 4016 4020 4021
f 4017 4021 4022
f 4023 4022 4026
f 4021 4020 4024
f 4022 4021 4025
f 4027 4026 4030
f 4024 4028 4029
f 4025 4029 4030
f 4031 4030 4034
f 4029 4028 4032
f 4030 4029 4033
f 4034 4038 4039
f 4032 4036 4037
f 4033 4037 4038
f 4038 4042 4043
f 4037 4036 4040
f 4038 4037 4041
f 4043 4042 4046
f 4040 4044 4045
f 4041 4045 4046
f 4046 4050 4051
f 4045 4044 4048
f 4046 4045 4049
f 4051 4050 4055
f 4048 4053 4054
f 4049 4054 4055
f 4056 4055 4059
f 4053 4057 4058
f 4055 4054 4058
f 4060 4059 3934
f 4058 4057 3932
f 4058 3933 3934
f 4069 4068 4081
f 4066 4079 4080
f 4065 4064 4077
f 4063 4062 4075
f 4071 4084 4085
f 4069 4082 4083
f 4067 4080 4081
f 4066 4065 4078
f 4063 4076 4077
f 4061 4074 4075
f 4072 4085 4086
f 4071 4070 4083
f 4076 4089 4090
f 4074 4087 4088
f 4086 4085 4098
f 4083 4096 4097
f 4082 4081 4094
f 4079 4092 4093
f 4078 4077 4090
f 4076 4075 4088
f 4085 4084 4097
f 4082 4095 4096
f 4080 4093 4094
f 4079 4078 4091
f 4089 4102 4103
f 4088 4087 4100
f 4098 4111 4112
f 4096 4109 4110
f 4095 4094 4107
f 4092 4105 4106
f 4090 4103 4104
f 4089 4088 4101
f 4097 4110 4111
f 4095 4108 4109
f 4094 4093 4106
f 4092 4091 4104
f 4103 4102 4115
f 4100 4113 4114
f 4112 4111 4124
f 4110 4109 4122
f 4107 4120 4121
f 4105 4118 4119
f 4103 4116 4117
f 4101 4114 4115
f 4110 4123 4124
f 4109 4108 4121
f 4107 4106 4119
f 4105 4104 4117
f 4115 4128 4129
f 4114 4113 4126
f 4124 4137 4138
f 4123 4122 4135
f 4120 4133 4134
f 4119 4118 4131
f 4117 4116 4129
f 4114 4127 4128
f 4124 4123 4136
f 4122 4121 4134
f 4119 4132 4133
f 4117 4130 4131
f 4129 4128 4141
f 4126 4139 4140
f 4138 4137 4150
f 4136 4135 4148
f 4133 4146 4147
f 4131 4144 4145
f 4130 4129 4142
f 4127 4140 4141
f 4137 4136 4149
f 4135 4134 4147
f 4132 4145 4146
f 4131 4130 4143
f 4142 4141 4154
f 4140 4139 4152
f 4150 4163 4164
f 4149 4148 4161
f 4146 4159 4160
f 4144 4157 4158
f 4142 4155 4156
f 4140 4153 4154
f 4149 4162 4163
f 4148 4147 4160
f 4146 4145 4158
f 4144 4143 4156
f 4155 4154 4167
f 4153 4152 4165
f 4163 4176 4177
f 4161 4174 4175
f 4159 4172 4173
f 4158 4157 4170
f 4155 4168 4169
f 4153 4166 4167
f 4163 4162 4175
f 4161 4160 4173
f 4159 4158 4171
f 4156 4169 4170
f 4167 4180 4181
f 4165 4178 4179
f 4176 4189 4190
f 4175 4174 4187
f 4173 4172 4185
f 4170 4183 4184
f 4169 4168 4181
f 4167 4166 4179
f 4175 4188 4189
f 4173 4186 4187
f 4171 4184 4185
f 4170 4169 4182
f 4180 4193 4194
f 4178 4191 4192
f 4190 4189 4202
f 4187 4200 4201
f 4186 4185 4198
f 4183 4196 4197
f 4182 4181 4194
f 4180 4179 4192
f 4189 4188 4201
f 4186 4199 4200
f 4184 4197 4198
f 4183 4182 4195
f 4193 4206 4207
f 4192 4191 4204
f 4202 4215 4216
f 4200 4213 4214
f 4199 4198 4211
f 4196 4209 4210
f 4194 4207 4208
f 4193 4192 4205
f 4201 4214 4215
f 4199 4212 4213
f 4198 4197 4210
f 4196 4195 4208
f 4207 4206 4219
f 4204 4217 4218
f 4216 4215 4228
f 4213 4226 4227
f 4211 4224 4225
f 4209 4222 4223
f 4207 4220 4221
f 4205 4218 4219
f 4214 4227 4228
f 4213 4212 4225
f 4211 4210 4223
f 4209 4208 4221
f 4219 4232 4233
f 4218 4217 4230
f 4228 4241 4242
f 4226 4239 4240
f 4225 4224 4237
f 4223 4222 4235
f 4221 4220 4233
f 4218 4231 4232
f 4228 4227 4240
f 4226 4225 4238
f 4223 4236 4237
f 4221 4234 4235
f 4233 4232 4245
f 4230 4243 4244
f 4242 4241 4254
f 4240 4239 4252
f 4237 4250 4251
f 4235 4248 4249
f 4234 4233 4246
f 4231 4244 4245
f 4241 4240 4253
f 4239 4238 4251
f 4236 4249 4250
f 4235 4234 4247
f 4246 4245 4258
f 4244 4243 4256
f 4254 4267 4268
f 4253 4252 4265
f 4250 4263 4264
f 4248 4261 4262
f 4246 4259 4260
f 4244 4257 4258
f 4253 4266 4267
f 4252 4251 4264
f 4250 4249 4262
f 4248 4247 4260
f 4259 4258 4271
f 4257 4256 4269
f 4267 4280 4281
f 4265 4278 4279
f 4263 4276 4277
f 4262 4261 4274
f 4259 4272 4273
f 4257 4270 4271
f 4266 4279 4280
f 4265 4264 4277
f 4263 4262 4275
f 4260 4273 4274
f 4271 4284 4285
f 4269 4282 4283
f 4281 4280 4293
f 4279 4278 4291
f 4277 4276 4289
f 4274 4287 4288
f 4273 4272 4285
f 4271 4270 4283
f 4280 4279 4292
f 4277 4290 4291
f 4275 4288 4289
f 4274 4273 4286
f 4284 4297 4298
f 4282 4295 4296
f 4294 4293 4306
f 4291 4304 4305
f 4290 4289 4302
f 4287 4300 4301
f 4286 4285 4298
f 4284 4283 4296
f 4293 4292 4305
f 4290 4303 4304
f 4288 4301 4302
f 4287 4286 4299
f 4297 4310 4311
f 4296 4295 4308
f 4306 4319 4320
f 4304 4317 4318
f 4303 4302 4315
f 4300 4313 4314
f 4298 4311 4312
f 4297 4296 4309
f 4305 4318 4319
f 4304 4303 4316
f 4302 4301 4314
f 4300 4299 4312
f 4310 4323 4324
f 4308 4321 4322
f 4320 4319 4332
f 4318 4317 4330
f 4316 4315 4328
f 4313 4326 4327
f 4311 4324 4325
f 4310 4309 4322
f 4318 4331 4332
f 4316 4329 4330
f 4315 4314 4327
f 4312 4325 4326
f 4323 4336 4337
f 4322 4321 4334
f 4332 4345 4346
f 4330 4343 4344
f 4329 4328 4341
f 4327 4326 4339
f 4325 4324 4337
f 4322 4335 4336
f 4332 4331 4344
f 4330 4329 4342
f 4327 4340 4341
f 4325 4338 4339
f 4337 4336 4350
f 4334 4348 4349
f 4346 4345 4359
f 4344 4343 4357
f 4341 4355 4356
f 4340 4339 4353
f 4338 4337 4351
f 4335 4349 4350
f 4345 4344 4358
f 4343 4342 4356
f 4340 4354 4355
f 4338 4352 4353
f 4351 4350 4363
f 4349 4348 4361
f 4359 4372 4373
f 4358 4357 4370
f 4355 4368 4369
f 4354 4353 4366
f 4351 4364 4365
f 4349 4362 4363
f 4358 4371 4372
f 4357 4356 4369
f 4355 4354 4367
f 4352 4365 4366
f 4364 4363 4376
f 4362 4361 4374
f 4373 4372 4385
f 4370 4383 4384
f 4368 4381 4382
f 4367 4366 4379
f 4364 4377 4378
f 4362 4375 4376
f 4372 4371 4384
f 4370 4369 4382
f 4368 4367 4380
f 4365 4378 4379
f 4376 4389 4390
f 4374 4387 4388
f 4385 4398 4399
f 4384 4383 4396
f 4382 4381 4394
f 4379 4392 4393
f 4378 4377 4390
f 4376 4375 4388
f 4384 4397 4398
f 4382 4395 4396
f 4380 4393 4394
f 4379 4378 4391
f 4389 4402 4403
f 4387 4400 4401
f 4399 4398 4411
f 4396 4409 4410
f 4395 4394 4407
f 4393 4392 4405
f 4391 4390 4403
f 4389 4388 4401
f 4398 4397 4410
f 4395 4408 4409
f 4393 4406 4407
f 4391 4404 4405
f 4402 4415 4416
f 4401 4400 4413
f 4411 4424 4425
f 4409 4422 4423
f 4408 4407 4420
f 4406 4405 4418
f 4403 4416 4417
f 4402 4401 4414
f 4410 4423 4424
f 4408 4421 4422
f 4407 4406 4419
f 4404 4417 4418
f 4416 4415 4428
f 4413 4426 4427
f 4425 4424 4437
f 4423 4422 4435
f 4421 4420 4433
f 4418 4431 4432
f 4416 4429 4430
f 4415 4414 4427
f 4423 4436 4437
f 4421 4434 4435
f 4420 4419 4432
f 4418 4417 4430
f 4428 4441 4442
f 4426 4439 4440
f 4437 4450 4451
f 4435 4448 4449
f 4434 4433 4446
f 4432 4431 4444
f 4430 4429 4442
f 4427 4440 4441
f 4437 4436 4449
f 4435 4434 4447
f 4432 4445 4446
f 4430 4443 4444
f 4442 4441 4454
f 4439 4452 4453
f 4451 4450 4463
f 4449 4448 4461
f 4446 4459 4460
f 4444 4457 4458
f 4443 4442 4455
f 4440 4453 4454
f 4450 4449 4462
f 4447 4460 4461
f 4445 4458 4459
f 4444 4443 4456
f 4455 4454 4467
f 4453 4452 4465
f 4463 4476 4477
f 4462 4461 4474
f 4459 4472 4473
f 4457 4470 4471
f 4455 4468 4469
f 4453 4466 4467
f 4462 4475 4476
f 4461 4460 4473
f 4459 4458 4471
f 4457 4456 4469
f 4468 4467 4063
f 4466 4465 4061
f 4477 4476 4072
f 4474 4070 4071
f 4472 4068 4069
f 4471 4470 4066
f 4468 4064 4065
f 4466 4062 4063
f 4476 4475 4071
f 4474 4473 4069
f 4472 4471 4067
f 4469 4065 4066
f 3935 4061 4465
f 4465 4452 4056
f 4452 4439 4051
f 4439 4426 4047
f 4047 4426 4413
f 4043 4413 4400
f 4039 4400 4387
f 4387 4374 4031
f 4031 4374 4361
f 4361 4348 4023
f 4348 4334 4019
f 4334 4321 4015
f 4015 4321 4308
f 4011 4308 4295
f 4007 4295 4282
f 4282 4269 3999
f 3999 4269 4256
f 4256 4243 3991
f 4243 4230 3987
f 4230 4217 3983
f 3983 4217 4204
f 3979 4204 4191
f 3975 4191 4178
f 4178 4165 3967
f 3967 4165 4152
f 4152 4139 3959
f 4139 4126 3955
f 4126 4113 3951
f 3951 4113 4100
f 3947 4100 4087
f 3943 4087 4074
f 4074 4061 3935
f 4480 4479 4483
f 4480 4484 4485
f 4479 4478 4482
f 4484 4488 4489
f 4482 4486 4487
f 4483 4487 4488
f 4488 4492 4493
f 4487 4486 4490
f 4488 4487 4491
f 4493 4492 4496
f 4490 4494 4495
f 4491 4495 4496
f 4496 4500 4501
f 4495 4494 4498
f 4496 4495 4499
f 4501 4500 4504
f 4498 4502 4503
f 4499 4503 4504
f 4505 4504 4508
f 4503 4502 4506
f 4504 4503 4507
f 4509 4508 4512
f 4506 4510 4511
f 4507 4511 4512
f 4513 4512 4516
f 4511 4510 4514
f 4512 4511 4515
f 4516 4520 4521
f 4514 4518 4519
f 4515 4519 4520
f 4520 4524 4525
f 4518 4522 4523
f 4520 4519 4523
f 4525 4524 4528
f 4522 4526 4527
f 4523 4527 4528
f 4528 4532 4533
f 4527 4526 4530
f 4528 4527 4531
f 4533 4532 4536
f 4530 4534 4535
f 4531 4535 4536
f 4537 4536 4540
f 4534 4538 4539
f 4536 4535 4539
f 4541 4540 4544
f 4539 4538 4542
f 4539 4543 4544
f 4544 4548 4549
f 4542 4546 4547
f 4544 4543 4547
f 4548 4552 4553
f 4547 4546 4550
f 4547 4551 4552
f 4552 4556 4557
f 4551 4550 4554
f 4552 4551 4555
f 4557 4556 4560
f 4554 4558 4559
f 4555 4559 4560
f 4560 4564 4565
f 4559 4558 4562
f 4560 4559 4563
f 4565 4564 4568
f 4562 4566 4567
f 4563 4567 4568
f 4569 4568 4572
f 4567 4566 4570
f 4568 4567 4571
f 4572 4576 4577
f 4570 4574 4575
f 4571 4575 4576
f 4576 4580 4581
f 4575 4574 4578
f 4576 4575 4579
f 4580 4584 4585
f 4578 4582 4583
f 4579 4583 4584
f 4584 4588 4589
f 4583 4582 4586
f 4584 4583 4587
f 4589 4588 4592
f 4586 4590 4591
f 4587 4591 4592
f 4592 4596 4597
f 4591 4590 4594
f 4592 4591 4595
f 4597 4596 4601
f 4594 4599 4600
f 4595 4600 4601
f 4602 4601 4605
f 4600 4599 4603
f 4601 4600 4604
f 4606 4605 4480
f 4603 4478 4479
f 4604 4479 4480
f 4615 4614 4627
f 4612 4625 4626
f 4611 4610 4623
f 4609 4608 4621
f 4618 4617 4630
f 4615 4628 4629
f 4613 4626 4627
f 4612 4611 4624
f 4609 4622 4623
f 4607 4620 4621
f 4619 4618 4631
f 4617 4616 4629
f 4622 4635 4636
f 4620 4633 4634
f 4632 4631 4644
f 4629 4642 4643
f 4628 4627 4640
f 4626 4625 4638
f 4624 4623 4636
f 4622 4621 4634
f 4631 4630 4643
f 4628 4641 4642
f 4626 4639 4640
f 4624 4637 4638
f 4635 4648 4649
f 4634 4633 4646
f 4644 4657 4658
f 4642 4655 4656
f 4641 4640 4653
f 4639 4638 4651
f 4636 4649 4650
f 4635 4634 4647
f 4643 4656 4657
f 4642 4641 4654
f 4640 4639 4652
f 4637 4650 4651
f 4648 4661 4662
f 4646 4659 4660
f 4658 4657 4670
f 4656 4655 4668
f 4653 4666 4667
f 4651 4664 4665
f 4649 4662 4663
f 4648 4647 4660
f 4656 4669 4670
f 4654 4667 4668
f 4653 4652 4665
f 4651 4650 4663
f 4661 4674 4675
f 4660 4659 4672
f 4670 4683 4684
f 4668 4681 4682
f 4667 4666 4679
f 4665 4664 4677
f 4663 4662 4675
f 4661 4660 4673
f 4670 4669 4682
f 4667 4680 4681
f 4665 4678 4679
f 4663 4676 4677
f 4675 4674 4687
f 4672 4685 4686
f 4684 4683 4696
f 4682 4681 4694
f 4679 4692 4693
f 4678 4677 4690
f 4676 4675 4688
f 4673 4686 4687
f 4683 4682 4695
f 4681 4680 4693
f 4678 4691 4692
f 4676 4689 4690
f 4688 4687 4700
f 4686 4685 4698
f 4696 4709 4710
f 4695 4694 4707
f 4692 4705 4706
f 4691 4690 4703
f 4688 4701 4702
f 4686 4699 4700
f 4695 4708 4709
f 4694 4693 4706
f 4692 4691 4704
f 4689 4702 4703
f 4701 4700 4713
f 4699 4698 4711
f 4710 4709 4722
f 4707 4720 4721
f 4705 4718 4719
f 4704 4703 4716
f 4701 4714 4715
f 4699 4712 4713
f 4709 4708 4721
f 4707 4706 4719
f 4705 4704 4717
f 4702 4715 4716
f 4713 4726 4727
f 4711 4724 4725
f 4723 4722 4735
f 4721 4720 4733
f 4719 4718 4731
f 4716 4729 4730
f 4715 4714 4727
f 4713 4712 4725
f 4721 4734 4735
f 4719 4732 4733
f 4717 4730 4731
f 4716 4715 4728
f 4726 4739 4740
f 4724 4737 4738
f 4736 4735 4748
f 4733 4746 4747
f 4732 4731 4744
f 4730 4729 4742
f 4728 4727 4740
f 4726 4725 4738
f 4735 4734 4747
f 4732 4745 4746
f 4730 4743 4744
f 4728 4741 4742
f 4739 4752 4753
f 4738 4737 4750
f 4748 4761 4762
f 4746 4759 4760
f 4745 4744 4757
f 4743 4742 4755
f 4740 4753 4754
f 4739 4738 4751
f 4747 4760 4761
f 4745 4758 4759
f 4744 4743 4756
f 4741 4754 4755
f 4753 4752 4765
f 4750 4763 4764
f 4762 4761 4774
f 4759 4772 4773
f 4758 4757 4770
f 4755 4768 4769
f 4753 4766 4767
f 4752 4751 4764
f 4760 4773 4774
f 4758 4771 4772
f 4757 4756 4769
f 4755 4754 4767
f 4765 4778 4779
f 4764 4763 4776
f 4774 4787 4788
f 4772 4785 4786
f 4771 4770 4783
f 4769 4768 4781
f 4767 4766 4779
f 4765 4764 4777
f 4774 4773 4786
f 4771 4784 4785
f 4769 4782 4783
f 4767 4780 4781
f 4779 4778 4791
f 4776 4789 4790
f 4788 4787 4800
f 4786 4785 4798
f 4783 4796 4797
f 4782 4781 4794
f 4780 4779 4792
f 4777 4790 4791
f 4787 4786 4799
f 4785 4784 4797
f 4782 4795 4796
f 4780 4793 4794
f 4792 4791 4804
f 4790 4789 4802
f 4800 4813 4814
f 4799 4798 4811
f 4796 4809 4810
f 4795 4794 4807
f 4792 4805 4806
f 4790 4803 4804
f 4799 4812 4813
f 4798 4797 4810
f 4796 4795 4808
f 4793 4806 4807
f 4805 4804 4817
f 4803 4802 4815
f 4814 4813 4826
f 4811 4824 4825
f 4809 4822 4823
f 4808 4807 4820
f 4805 4818 4819
f 4803 4816 4817
f 4813 4812 4825
f 4811 4810 4823
f 4809 4808 4821
f 4806 4819 4820
f 4817 4830 4831
f 4815 4828 4829
f 4826 4839 4840
f 4825 4824 4837
f 4823 4822 4835
f 4820 4833 4834
f 4819 4818 4831
f 4817 4816 4829
f 4825 4838 4839
f 4823 4836 4837
f 4821 4834 4835
f 4820 4819 4832
f 4830 4843 4844
f 4828 4841 4842
f 4840 4839 4852
f 4837 4850 4851
f 4836 4835 4848
f 4834 4833 4846
f 4832 4831 4844
f 4830 4829 4842
f 4839 4838 4851
f 4836 4849 4850
f 4834 4847 4848
f 4832 4845 4846
f 4843 4856 4857
f 4842 4841 4854
f 4852 4865 4866
f 4850 4863 4864
f 4849 4848 4861
f 4847 4846 4859
f 4844 4857 4858
f 4843 4842 4855
f 4851 4864 4865
f 4849 4862 4863
f 4848 4847 4860
f 4845 4858 4859
f 4857 4856 4869
f 4855 4854 4867
f 4866 4865 4878
f 4864 4863 4876
f 4862 4861 4874
f 4859 4872 4873
f 4857 4870 4871
f 4856 4855 4868
f 4864 4877 4878
f 4862 4875 4876
f 4861 4860 4873
f 4859 4858 4871
f 4869 4882 4883
f 4868 4867 4880
f 4878 4891 4892
f 4877 4876 4889
f 4874 4887 4888
f 4873 4872 4885
f 4871 4870 4883
f 4868 4881 4882
f 4878 4877 4890
f 4876 4875 4888
f 4873 4886 4887
f 4871 4884 4885
f 4883 4882 4896
f 4880 4894 4895
f 4892 4891 4905
f 4890 4889 4903
f 4887 4901 4902
f 4885 4899 4900
f 4884 4883 4897
f 4881 4895 4896
f 4891 4890 4904
f 4889 4888 4902
f 4886 4900 4901
f 4885 4884 4898
f 4897 4896 4909
f 4895 4894 4907
f 4905 4918 4919
f 4904 4903 4916
f 4901 4914 4915
f 4899 4912 4913
f 4897 4910 4911
f 4895 4908 4909
f 4904 4917 4918
f 4903 4902 4915
f 4901 4900 4913
f 4899 4898 4911
f 4910 4909 4922
f 4908 4907 4920
f 4919 4918 4931
f 4916 4929 4930
f 4914 4927 4928
f 4913 4912 4925
f 4910 4923 4924
f 4908 4921 4922
f 4918 4917 4930
f 4916 4915 4928
f 4914 4913 4926
f 4911 4924 4925
f 4922 4935 4936
f 4920 4933 4934
f 4931 4944 4945
f 4930 4929 4942
f 4928 4927 4940
f 4925 4938 4939
f 4924 4923 4936
f 4922 4921 4934
f 4930 4943 4944
f 4928 4941 4942
f 4926 4939 4940
f 4925 4924 4937
f 4935 4948 4949
f 4933 4946 4947
f 4945 4944 4957
f 4942 4955 4956
f 4941 4940 4953
f 4938 4951 4952
f 4937 4936 4949
f 4935 4934 4947
f 4944 4943 4956
f 4941 4954 4955
f 4939 4952 4953
f 4938 4937 4950
f 4948 4961 4962
f 4947 4946 4959
f 4957 4970 4971
f 4955 4968 4969
f 4954 4953 4966
f 4951 4964 4965
f 4949 4962 4963
f 4948 4947 4960
f 4956 4969 4970
f 4954 4967 4968
f 4953 4952 4965
f 4951 4950 4963
f 4962 4961 4974
f 4959 4972 4973
f 4971 4970 4983
f 4968 4981 4982
f 4966 4979 4980
f 4964 4977 4978
f 4962 4975 4976
f 4960 4973 4974
f 4969 4982 4983
f 4967 4980 4981
f 4966 4965 4978
f 4964 4963 4976
f 4975 4974 4987
f 4973 4972 4985
f 4983 4996 4997
f 4981 4994 4995
f 4979 4992 4993
f 4978 4977 4990
f 4976 4975 4988
f 4973 4986 4987
f 4983 4982 4995
f 4981 4980 4993
f 4978 4991 4992
f 4976 4989 4990
f 4988 4987 5000
f 4985 4998 4999
f 4997 4996 5009
f 4995 4994 5007
f 4992 5005 5006
f 4991 4990 5003
f 4989 4988 5001
f 4986 4999 5000
f 4996 4995 5008
f 4994 4993 5006
f 4991 5004 5005
f 4989 5002 5003
f 5001 5000 5013
f 4999 4998 5011
f 5009 5022 5023
f 5008 5007 5020
f 5005 5018 5019
f 5004 5003 5016
f 5001 5014 5015
f 4999 5012 5013
f 5008 5021 5022
f 5007 5006 5019
f 5005 5004 5017
f 5002 5015 5016
f 5014 5013 4609
f 5012 5011 4607
f 5022 4618 4619
f 5020 4616 4617
f 5018 4614 4615
f 5017 5016 4612
f 5014 4610 4611
f 5012 4608 4609
f 5021 4617 4618
f 5020 5019 4615
f 5018 5017 4613
f 5015 4611 4612
f 4481 4607 5011
f 5011 4998 4602
f 4998 4985 4597
f 4985 4972 4593
f 4593 4972 4959
f 4589 4959 4946
f 4585 4946 4933
f 4933 4920 4577
f 4577 4920 4907
f 4907 4894 4569
f 4894 4880 4565
f 4880 4867 4561
f 4561 4867 4854
f 4557 4854 4841
f 4553 4841 4828
f 4828 4815 4545
f 4545 4815 4802
f 4802 4789 4537
f 4789 4776 4533
f 4776 4763 4529
f 4529 4763 4750
f 4525 4750 4737
f 4521 4737 4724
f 4724 4711 4513
f 4513 4711 4698
f 4698 4685 4505
f 4685 4672 4501
f 4672 4659 4497
f 4497 4659 4646
f 4493 4646 4633
f 4489 4633 4620
f 4620 4607 4481

