# https://github.com/mikedh/trimesh
v 0.06724165 -0.01305648 -0.05793829
v 0.07074202 -0.01425283 -0.05640103
v 0.07110281 -0.01266250 -0.05596443
v 0.06740241 -0.01193527 -0.05763510
v 0.07738983 -0.01238659 -0.06574444
v 0.07814819 -0.00880153 -0.06170528
v 0.07767377 -0.00646020 -0.06082070
v 0.07636088 -0.00620886 -0.06406443
v 0.02741132 -0.05046996 -0.12133826
v 0.01184621 -0.05014482 -0.12579872
v 0.01189892 -0.06147159 -0.12326700
v 0.02643413 -0.06475763 -0.11746494
v 0.04667701 -0.08993393 -0.09739891
v 0.04135831 -0.08147252 -0.10360259
v 0.03887767 -0.09382420 -0.10682508
v 0.04626807 -0.09840718 -0.09631048
v 0.03528004 0.03495030 0.04385059
v 0.04464618 0.03675079 0.03823000
v 0.04301527 0.02975519 0.04284010
v -0.06781568 -0.01180798 -0.05811997
v -0.07130426 -0.01266331 -0.05645018
v -0.07174888 -0.01120749 -0.05606258
v -0.06837773 -0.01092993 -0.05782037
v -0.07905751 -0.01176856 -0.06691962
v -0.08037464 -0.00808582 -0.06256703
v -0.07910980 -0.00560337 -0.06183554
v -0.07818647 -0.00561278 -0.06527888
v 0.03382738 0.02713207 0.04815251
v 0.09509695 0.01108441 -0.07328142
v 0.09528202 0.00846219 -0.07455517
v 0.09610914 0.00653743 -0.07291958
v 0.09601966 0.00867602 -0.07136689
v 0.09265124 -0.00674838 -0.07310805
v 0.09257281 0.00043786 -0.07431123
v 0.09362106 0.00300918 -0.07490576
v 0.09400059 0.00069767 -0.07420646
v 0.09293223 -0.01756082 -0.06971358
v 0.09171996 -0.01686705 -0.06960014
v 0.09291020 -0.01214743 -0.07160597
v 0.09417159 -0.01247591 -0.07220515
v 0.07734188 -0.04207565 -0.04457812
v 0.08057585 -0.03831527 -0.04724603
v 0.08033504 -0.04141589 -0.04881317
v 0.07528670 -0.04366386 -0.04722901
v 0.07156728 -0.04217615 -0.04905077
v 0.07653277 -0.04187784 -0.05336605
v 0.07622493 -0.03803170 -0.05492403
v 0.07207375 -0.03888807 -0.05179473
v 0.09030101 0.02021845 -0.06004283
v 0.09104767 0.01632653 -0.05950697
v 0.08987461 0.01515560 -0.05748244
v 0.08887772 0.01896143 -0.05777339
v 0.07636966 -0.01360540 -0.07212377
v 0.07447638 -0.02040930 -0.07042670
v 0.08082676 -0.01509162 -0.07244430
v 0.08144406 -0.01209479 -0.07260283
v 0.09005444 0.01059255 -0.06647880
v 0.09039226 0.01125082 -0.06953850
v 0.09104901 0.00905440 -0.07087456
v 0.09010985 0.00781731 -0.06862420
v 0.09229776 0.01243084 -0.07394636
v 0.09249044 0.00953887 -0.07534959
v 0.07426799 -0.03360375 -0.04532695
v 0.07309296 -0.03016059 -0.04484177
v 0.07404788 -0.02783830 -0.04608232
v 0.07451601 -0.02885504 -0.04758153
v 0.07660347 -0.01250289 -0.06294326
v 0.07855497 -0.00802917 -0.06029171
v 0.08943518 -0.02932701 -0.06453424
v 0.08938997 -0.02699517 -0.06337300
v 0.09166098 -0.02255788 -0.06679409
v 0.09143230 -0.02405894 -0.06819955
v 0.08597089 -0.02463641 -0.06177019
v 0.08853897 -0.02134102 -0.06505099
v 0.08941048 -0.02055814 -0.06700671
v 0.08849388 -0.02294958 -0.06488575
v 0.09166627 0.01287890 -0.06760792
v 0.09026637 0.01501683 -0.06252675
v 0.09176944 0.01402322 -0.06129177
v 0.09351206 0.01187149 -0.06551853
v 0.08304590 0.00074240 -0.07113548
v 0.08115243 0.00608575 -0.06897342
v 0.08017864 0.00512850 -0.06909741
v 0.08173598 0.00034604 -0.07122673
v 0.09247953 0.01014178 -0.07224638
v 0.09287553 0.00790763 -0.07355297
v 0.09159397 0.00660385 -0.07235936
v 0.08102825 0.00743653 -0.05512951
v 0.08271451 0.00909899 -0.05738286
v 0.08285178 0.00735367 -0.05832481
v 0.08242587 0.00606077 -0.05762211
v 0.07995141 -0.04193051 -0.05277363
v 0.07290708 -0.02973217 -0.06341342
v 0.07492118 -0.02882117 -0.06475966
v 0.07768587 -0.02425748 -0.06756230
v 0.07600936 -0.02356222 -0.06835072
v 0.07127554 -0.04104355 -0.04334364
v 0.07519978 -0.04073177 -0.04299475
v 0.07627802 -0.04138765 -0.04382611
v 0.07260289 -0.04284851 -0.04441639
v 0.08371861 0.01223016 -0.05743350
v 0.08579939 0.01151496 -0.05935287
v 0.08402752 0.01061899 -0.05876821
v 0.08273654 0.01103630 -0.05727358
v 0.09165294 -0.00132857 -0.07265527
v 0.09051089 0.00511849 -0.07035144
v 0.09112139 -0.01069795 -0.06744372
v 0.09140033 -0.01024636 -0.07049092
v 0.09116454 -0.01447592 -0.06870678
v -0.03046832 -0.04954617 -0.12119067
v -0.01491368 -0.04976700 -0.12575063
v -0.01527846 -0.06102346 -0.12321422
v -0.02992073 -0.06373481 -0.11731715
v 0.09034812 -0.01476336 -0.06591555
v 0.09071393 -0.00253684 -0.06736469
v 0.09127320 -0.00239087 -0.07073433
v 0.09435650 0.00579767 -0.07178578
v 0.09479443 -0.00012104 -0.07301853
v 0.09360398 0.00661837 -0.07258406
v 0.07936046 0.00875061 -0.06640760
v 0.07983547 0.01190778 -0.07037280
v 0.07869519 0.00536719 -0.07296135
v 0.07954156 0.00611922 -0.06830908
v 0.07529859 -0.02276140 -0.04656211
v 0.07648976 -0.01992166 -0.04817285
v 0.07513343 -0.02197054 -0.04997434
v 0.07402228 -0.02511374 -0.04917437
v 0.07846804 -0.02629148 -0.06611300
v 0.07559878 -0.02991680 -0.06392410
v 0.07619788 -0.03074024 -0.06323835
v 0.07912245 -0.02822633 -0.06480040
v 0.08791283 0.01228299 -0.06130480
v 0.08815964 0.00798876 -0.06259612
v 0.08657624 0.00795147 -0.06138478
v 0.08088497 -0.02503254 -0.05456423
v 0.08123310 -0.02332176 -0.05679217
v 0.08303072 -0.02599040 -0.05774753
v 0.08274245 -0.02858624 -0.05565799
v 0.08509482 -0.03659662 -0.05862149
v 0.08195662 -0.03693411 -0.05954406
v 0.07924899 -0.03974315 -0.05622105
v 0.08271717 -0.03945863 -0.05561349
v 0.07459871 -0.02676899 -0.04840710
v 0.07432163 -0.02583091 -0.04639700
v 0.08507959 0.00121809 -0.07275893
v 0.08359219 0.00737781 -0.07000563
v 0.08958219 0.00640062 -0.06657542
v 0.09018443 0.00396240 -0.06814129
v 0.07748109 -0.00751576 -0.05248590
v 0.07588294 -0.00707300 -0.05453432
v 0.07634017 -0.00800900 -0.05436913
v 0.07832992 -0.00913022 -0.05214240
v 0.07731757 -0.00818961 -0.05085661
v 0.07793736 -0.00991648 -0.05068581
v 0.07719237 -0.01008902 -0.04975771
v 0.07676107 -0.00928809 -0.04959644
v 0.07518259 -0.00672093 -0.05497796
v 0.07562061 -0.00712427 -0.05475897
v 0.07568066 -0.00659227 -0.05475621
v 0.08027177 -0.00367078 -0.06504831
v 0.08099649 -0.01119984 -0.06617372
v 0.07923415 -0.01223932 -0.06724474
v 0.07925128 -0.00599824 -0.06548274
v 0.09179248 -0.00921147 -0.07198057
v 0.08627947 0.01531024 -0.05401046
v 0.08532147 0.01838832 -0.05353710
v 0.08802220 0.02092100 -0.05748059
v 0.07529642 -0.02176777 -0.05996165
v 0.07852630 -0.02189083 -0.05721205
v 0.07802699 -0.02237292 -0.05561810
v 0.07557105 -0.02202802 -0.05816811
v 0.07612299 -0.01701380 -0.05341665
v 0.07390744 -0.02038517 -0.05320612
v 0.07721527 -0.01905719 -0.05092783
v 0.07729793 -0.00194431 -0.05047655
v 0.07684754 -0.00560214 -0.05351011
v 0.07687263 -0.00679326 -0.05209024
v 0.07670428 -0.00666274 -0.05068014
v 0.09241394 -0.01825653 -0.07094510
v 0.09340224 -0.01267464 -0.07355759
v 0.09176780 -0.01272267 -0.07473349
v 0.09082385 -0.01870818 -0.07217222
v 0.07246817 -0.03722535 -0.04258452
v 0.06730340 -0.03947975 -0.04636879
v 0.07048891 -0.03473219 -0.04342801
v 0.09370179 0.01747812 -0.06808898
v 0.09190416 0.01903467 -0.06826928
v 0.09217558 0.01714283 -0.07040486
v 0.09436458 0.01566525 -0.07017656
v 0.07734053 -0.00025999 -0.05846449
v 0.07695601 -0.00246611 -0.05858171
v 0.07771683 -0.00128318 -0.05718372
v 0.07740292 0.00111489 -0.05688525
v 0.05324132 -0.03631647 -0.10328438
v 0.06176939 -0.03712005 -0.08423017
v 0.06626979 -0.02274920 -0.09218173
v 0.05876607 -0.02220613 -0.10800090
v 0.08637155 -0.03324896 -0.05758910
v 0.08520711 -0.03594701 -0.05497003
v 0.07991982 0.00590018 -0.04829985
v 0.07904413 0.00729279 -0.04716476
v 0.07949203 0.01372444 -0.04890686
v 0.08083269 0.01041892 -0.04914934
v 0.09322017 0.00185879 -0.07727750
v 0.09556423 0.00125198 -0.07615386
v 0.08337144 0.01195061 -0.05582733
v 0.08568849 0.01501971 -0.05878225
v 0.08393030 0.01296313 -0.05763273
v 0.08264155 0.01144627 -0.05596546
v 0.08267110 0.00299401 -0.05320305
v 0.08355183 0.00433958 -0.05288802
v 0.08173194 0.00557594 -0.05330639
v 0.08059081 0.00414158 -0.05375572
v 0.07785397 0.01252727 -0.04605987
v 0.07881784 0.01886491 -0.04924197
v 0.07047295 -0.02999811 -0.06342433
v 0.08202296 0.00490673 -0.05030602
v 0.08296572 0.00767441 -0.05043205
v 0.08431851 0.00613347 -0.05270839
v -0.05385719 -0.08665925 -0.09716504
v -0.04747000 -0.07902768 -0.10320290
v -0.04533238 -0.09190319 -0.10669926
v -0.05532710 -0.09423081 -0.09658858
v 0.07188594 -0.02974622 -0.04297859
v 0.07341218 -0.02718033 -0.04485519
v 0.08220884 0.01111401 -0.05581999
v 0.08153426 0.00981045 -0.05576470
v 0.08015740 0.00569570 -0.05410862
v 0.08108153 0.00473498 -0.05682171
v 0.08555093 -0.00219982 -0.06314120
v 0.08725176 -0.01038468 -0.06421854
v 0.06985188 -0.02305294 -0.07777902
v 0.06572805 -0.03708364 -0.06442711
v 0.08059958 0.00619103 -0.05361271
v 0.08077235 0.00675534 -0.05359977
v 0.08002787 0.00607281 -0.05335127
v 0.07957444 0.00504156 -0.05412371
v 0.08344301 -0.03836482 -0.05238205
v 0.08521768 0.00436076 -0.06127756
v 0.08238947 0.00186988 -0.05918901
v 0.08393434 0.00435514 -0.05923093
v 0.09457240 -0.00791025 -0.07242654
v 0.09586768 -0.00037248 -0.07278068
v 0.09694923 -0.00019802 -0.07436051
v 0.09558892 -0.00805238 -0.07374939
v 0.06927220 -0.04149479 -0.04776349
v 0.07652433 -0.00314047 -0.05995448
v 0.07798912 -0.00465692 -0.05942182
v 0.07955141 0.00324074 -0.05743573
v 0.07880324 0.00415877 -0.05427925
v 0.07389302 -0.02326996 -0.04441146
v 0.09142200 0.01372245 -0.06933234
v 0.09204208 0.01215298 -0.07073376
v 0.09042571 0.01273905 -0.06823888
v 0.09012039 0.01381952 -0.06668824
v 0.08914208 0.01650186 -0.06483345
v 0.08854795 0.01667116 -0.06442648
v 0.09082359 0.01529023 -0.06767543
v 0.08189867 0.00367855 -0.05793893
v 0.08306565 0.00502446 -0.05848544
v 0.08043451 -0.02686093 -0.05287340
v 0.08189376 -0.03253345 -0.05248148
v 0.09017602 -0.01826882 -0.06630424
v 0.08868871 -0.01769897 -0.06360908
v 0.08884411 -0.00714083 -0.07570504
v 0.08852697 0.00173494 -0.07568865
v 0.08680063 0.00143945 -0.07394817
v 0.08759093 -0.00709672 -0.07447192
v 0.08139993 -0.00601787 -0.07241512
v 0.07796481 -0.00544928 -0.07265125
v 0.07633238 -0.00858977 -0.04900321
v 0.07566705 -0.00467230 -0.04671514
v 0.07804861 0.00193318 -0.05656938
v 0.07826752 0.00385344 -0.05489051
v 0.08252776 -0.02337872 -0.06849162
v 0.07868439 -0.03118119 -0.06107943
v 0.08285017 -0.02559625 -0.06657126
v 0.07415018 -0.03218507 -0.05929032
v 0.07379754 -0.03325962 -0.05675776
v 0.07670679 -0.03298775 -0.05816222
v 0.08559700 -0.02269804 -0.06093242
v 0.08801613 -0.02111421 -0.06329203
v 0.07585697 -0.00702560 -0.05565459
v 0.07458705 -0.00843943 -0.05759124
v 0.07402208 -0.00714189 -0.05540001
v 0.08873280 -0.00232543 -0.06545378
v 0.08997533 -0.01044992 -0.06552850
v 0.08338141 0.00680917 -0.05347108
v 0.07966743 -0.00306393 -0.05416123
v 0.08046028 0.00021991 -0.05189072
v 0.08650626 0.00977517 -0.05366473
v 0.08534946 0.00841528 -0.05399854
v 0.08451381 0.00742328 -0.05371395
v 0.08524993 0.00785493 -0.05281187
v 0.06990513 -0.01646554 -0.05751473
v 0.07220172 -0.01840265 -0.05537574
v 0.07373413 -0.01529975 -0.05466906
v 0.08833066 0.01596047 -0.06200360
v 0.08889907 0.01428898 -0.06309479
v 0.08545844 0.00803369 -0.07127985
v 0.08342461 0.00926450 -0.05824568
v 0.08347882 0.00770098 -0.05935111
v 0.08199023 0.02133581 -0.06388720
v 0.08241703 0.01879283 -0.06045931
v 0.08211113 0.01916970 -0.05914345
v 0.08168275 0.02414338 -0.05903664
v 0.07270616 -0.03680971 -0.05315318
v 0.07580967 -0.03587493 -0.05575282
v 0.07562452 -0.03436641 -0.05640948
v 0.07347863 -0.03481995 -0.05465798
v 0.07734441 -0.02259898 -0.05510100
v 0.07545248 -0.02237236 -0.05713944
v 0.09061819 -0.01669048 -0.06938557
v 0.09015398 -0.01764026 -0.06825158
v 0.09122139 -0.01340987 -0.07052349
v 0.09138215 -0.01195828 -0.07159288
v 0.07840943 0.00114891 -0.06174245
v 0.07789074 -0.00062146 -0.06047546
v 0.08062640 0.01367991 -0.06253039
v 0.08344517 0.01550553 -0.06372080
v 0.08362895 0.01785838 -0.06027569
v 0.08122464 0.01635312 -0.06032437
v 0.08736810 0.00881807 -0.07304652
v 0.08344880 0.00605263 -0.05917413
v 0.08395530 0.00621074 -0.05986170
v 0.08320483 0.00654939 -0.05871909
v 0.07963491 0.00318573 -0.05429554
v 0.08181047 0.00170025 -0.05431927
v 0.08661795 0.01030104 -0.05493135
v 0.08923087 0.01374971 -0.05758587
v 0.08843175 0.01455646 -0.05900570
v 0.08600071 0.01135507 -0.05516711
v 0.08142561 0.00861600 -0.05402316
v 0.01355685 -0.03762347 -0.13183193
v 0.01554377 -0.02677380 -0.13859165
v -0.03774028 0.04116729 0.04091659
v -0.04584181 0.04276804 0.03506573
v -0.04436029 0.03593117 0.03911299
v -0.03574869 0.03413239 0.04492398
v 0.08427005 0.01796591 -0.05309319
v 0.08435990 0.01970018 -0.05650780
v 0.08550119 0.02055627 -0.05708036
v 0.08494721 0.01884278 -0.05363927
v 0.08996201 0.01269666 -0.06632156
v 0.09275719 0.00920519 -0.07158972
v 0.07913730 -0.00668521 -0.05828871
v 0.07618140 -0.00940160 -0.05918838
v 0.06715793 -0.01029678 -0.05792932
v 0.06740954 -0.00907038 -0.05767355
v 0.06805592 -0.00935005 -0.05869185
v 0.06801140 -0.01027761 -0.05916259
v 0.07168964 -0.01603729 -0.06027319
v 0.07414763 -0.01688939 -0.05910261
v 0.07321177 -0.01848117 -0.05749881
v 0.07131378 -0.01746320 -0.05952429
v 0.06684515 -0.01299732 -0.05859232
v 0.06700126 -0.01153018 -0.05820389
v 0.06774511 -0.01200926 -0.05961874
v 0.06781885 -0.01369010 -0.06043350
v 0.08740137 0.01641296 -0.06036530
v 0.08912176 0.01610758 -0.06238685
v 0.09501933 0.00757581 -0.07019360
v 0.09531750 0.00553756 -0.07158560
v 0.09217753 0.01310321 -0.06859068
v 0.09255430 0.01125685 -0.07002936
v 0.07656877 -0.01692673 -0.04808030
v 0.07766352 -0.01628987 -0.04988771
v 0.07743131 -0.01818187 -0.04983380
v 0.09579007 0.01017649 -0.06983929
v 0.09476365 0.01332180 -0.07166074
v 0.07552559 -0.03644224 -0.04399298
v 0.07437657 -0.03827518 -0.04279180
v 0.03791106 -0.11253646 -0.02822645
v 0.04838191 -0.10613831 -0.04097475
v 0.04733732 -0.11606544 -0.03947612
v 0.03701007 -0.12180691 -0.02742536
v 0.08501084 0.01329798 -0.05272002
v 0.08337638 0.01637918 -0.05257958
v 0.06716864 -0.01523805 -0.05909034
v 0.06727781 -0.01536561 -0.05913953
v 0.06984576 -0.01725578 -0.05878718
v 0.07146346 -0.01115799 -0.05593837
v 0.06792092 -0.01068693 -0.05733337
v 0.07182918 -0.01416841 -0.06006048
v 0.07130655 -0.00870884 -0.05830384
v 0.07122947 -0.00781070 -0.05696141
v 0.07257318 -0.02243596 -0.05406141
v 0.07396384 -0.02296490 -0.05571016
v 0.07516658 -0.02412729 -0.05248469
v 0.06829397 -0.01574752 -0.06065103
v 0.07953863 0.00250698 -0.05960053
v 0.07446983 -0.01368637 -0.05962685
v 0.07627720 -0.01618300 -0.06143397
v 0.07584236 -0.01814269 -0.06036768
v 0.07415841 -0.01563564 -0.05952560
v 0.08427389 -0.02601987 -0.05907091
v 0.08392932 -0.02416176 -0.05925044
v 0.07597961 -0.02074633 -0.06197698
v 0.07885718 -0.02132755 -0.06009462
v 0.07959214 -0.00395672 -0.05823938
v 0.08080276 -0.00097021 -0.05560278
v 0.07657766 -0.00705460 -0.05632054
v 0.07444037 -0.01136963 -0.05876426
v 0.07617257 -0.01373670 -0.06110121
v 0.07150431 -0.00997680 -0.05614054
v 0.07465333 -0.00954841 -0.05456591
v 0.07434893 -0.00845142 -0.05490704
v 0.07141409 -0.00894884 -0.05645579
v 0.08528416 0.00782213 -0.06059608
v 0.08186819 0.01412934 -0.05067652
v 0.08393070 0.01058264 -0.05133814
v 0.08250576 0.02577919 -0.07459552
v 0.08048230 0.01680821 -0.08025719
v 0.08152445 0.01756435 -0.06806851
v 0.07235354 -0.01239088 -0.05967399
v 0.06748573 -0.00869668 -0.05778961
v 0.06833877 -0.00934997 -0.05771292
v 0.09057064 -0.02124426 -0.06677518
v 0.07561238 -0.02537292 -0.05183458
v 0.07851613 0.00119089 -0.05514045
v 0.08837445 -0.01228225 -0.07432392
v 0.08755810 -0.01818462 -0.07222882
v 0.07824858 0.00282645 -0.05501853
v 0.07844776 0.00395109 -0.05497712
v 0.07481799 -0.02276240 -0.05669617
v 0.07672480 -0.02345852 -0.05391393
v 0.07883602 0.00424232 -0.05456433
v 0.07810090 -0.01667534 -0.05133151
v 0.08950259 0.00783704 -0.06527539
v 0.08033492 -0.03419860 -0.06034964
v 0.07815830 -0.03621779 -0.05735530
v 0.06830619 -0.00965231 -0.05719197
v 0.07185926 -0.01823199 -0.05694768
v 0.07162903 -0.01043371 -0.05867324
v 0.07684670 -0.01227458 -0.05352720
v 0.07668517 -0.01472992 -0.05325354
v 0.07801012 -0.01408530 -0.05115562
v 0.08008903 -0.02023479 -0.06147151
v 0.07635595 -0.01847174 -0.06395307
v 0.07772616 -0.01741099 -0.06585999
v 0.08219215 -0.01865598 -0.06234363
v 0.08634482 -0.02362784 -0.06980920
v 0.08445308 -0.02860184 -0.06660337
v 0.08698555 -0.03037139 -0.06611214
v 0.08957284 -0.02491301 -0.06947000
v 0.08267838 0.04283824 -0.08244788
v 0.08288423 0.03189331 -0.06715351
v 0.08308193 0.04942496 -0.07045433
v 0.08682229 0.01678295 -0.06831534
v 0.08669305 0.01443151 -0.06991174
v 0.09209947 0.01492991 -0.07222220
v 0.08113232 0.02203676 -0.05399202
v 0.08201414 0.01933480 -0.05773872
v 0.08408936 0.01888189 -0.05635504
v 0.09242075 -0.00764776 -0.07639398
v 0.07866167 0.00204084 -0.04887483
v 0.08097243 0.00241710 -0.05077791
v 0.08145435 -0.02211921 -0.06947051
v 0.08358547 -0.02080123 -0.05975212
v 0.08622149 -0.01958067 -0.06135907
v 0.09237359 0.01650727 -0.06174055
v 0.09043391 0.01428938 -0.05945150
v -0.01041079 -0.12225713 0.00072381
v -0.00623556 -0.12684406 -0.00078667
v 0.01131824 -0.00593366 0.06247991
v 0.01226285 -0.00582118 0.06131272
v 0.01064434 -0.00457374 0.06035520
v 0.01033623 -0.00467171 0.06089547
v 0.01275418 -0.01359437 0.06185257
v 0.01192047 -0.01267128 0.06101348
v 0.01315164 -0.01259963 0.05977726
v 0.01466098 -0.01360494 0.06074831
v 0.00958031 -0.00467130 0.06068214
v 0.00881430 -0.00633117 0.06294971
v 0.00961852 -0.00624086 0.06382394
v 0.00983415 -0.00470717 0.06089806
v 0.09247759 0.01962834 -0.06240087
v 0.01721757 -0.01286152 0.06128592
v 0.01562233 -0.01150511 0.06062495
v 0.01590969 -0.01088508 0.06225654
v 0.01797555 -0.01148068 0.06303718
v 0.00857189 -0.01219059 0.07023975
v 0.00944745 -0.01029704 0.07005000
v 0.00862642 -0.01134602 0.06788149
v 0.00849480 -0.01305678 0.06763847
v 0.01121375 -0.00993398 0.06909030
v 0.01307242 -0.00923820 0.07089750
v 0.01489749 -0.00946425 0.06874304
v 0.01281724 -0.01026365 0.06722563
v 0.00901450 -0.00974160 0.06319849
v 0.01007891 -0.01155976 0.06459399
v 0.00815670 -0.00919113 0.06620082
v 0.01485681 -0.00911426 0.06096989
v 0.01455702 -0.00995890 0.05982640
v 0.01247793 -0.00681267 0.05988976
v 0.01265373 -0.00670766 0.06001983
v 0.04109353 -0.09702744 -0.02972606
v 0.05081972 -0.09177084 -0.04286825
v 0.03696041 0.00619057 0.03595742
v 0.03647605 0.00341611 0.03772137
v 0.03257537 0.00534078 0.03908447
v 0.03311434 0.00816713 0.03766200
v 0.07807808 -0.01198469 -0.05033920
v 0.07714684 -0.01128075 -0.04930563
v 0.08652594 0.01179408 -0.07145527
v 0.09056370 0.01441180 -0.06802418
v 0.08713826 0.01835956 -0.06637066
v 0.08655421 0.02004636 -0.06175474
v 0.08487846 0.01895536 -0.06094024
v 0.08499590 0.01701009 -0.06497114
v 0.09437684 0.01384986 -0.06655859
v 0.07664043 -0.02711285 -0.05134901
v 0.08689386 0.00362690 -0.06341770
v 0.08604757 0.02057253 -0.05926213
v 0.08917025 0.02156276 -0.05984646
v 0.09306376 -0.00761468 -0.07226777
v 0.09510066 0.01248912 -0.06835559
v 0.09395035 0.01084801 -0.06723265
v 0.08754256 0.01216090 -0.05447650
v 0.08077929 -0.01446867 -0.06661268
v 0.08623966 -0.01394701 -0.06355505
v 0.08445184 -0.01676519 -0.06286962
v -0.09542200 0.01137524 -0.07463259
v -0.09561432 0.00888278 -0.07599684
v -0.09641084 0.00695734 -0.07400772
v -0.09628256 0.00898241 -0.07247205
v -0.09275448 -0.00668362 -0.07413673
v -0.09272774 0.00035660 -0.07555488
v -0.09344716 0.00303287 -0.07613469
v -0.09420658 0.00075905 -0.07528877
v 0.07967693 -0.01637629 -0.06636497
v 0.07720287 -0.00181865 -0.06038512
v 0.07344455 -0.02357786 -0.04220660
v 0.08400180 -0.03124199 -0.05595391
v -0.09254353 -0.01663754 -0.07078862
v -0.09152745 -0.01621635 -0.07049736
v -0.09281380 -0.01164166 -0.07239452
v -0.09411910 -0.01191118 -0.07309715
v 0.08520982 -0.02946577 -0.05843913
v 0.03032441 -0.03709270 -0.12590544
v 0.03431681 -0.02542903 -0.13184124
v 0.09442317 -0.00787063 -0.07534500
v 0.08777540 0.01704706 -0.06157706
v 0.07881477 -0.02721111 -0.05222389
v 0.07917978 -0.03291640 -0.04951176
v 0.07702844 -0.03288955 -0.04821703
v 0.08366550 0.00672906 -0.05984872
v 0.08060495 -0.02111994 -0.06975818
v 0.08046770 -0.01897449 -0.07129540
v 0.06819513 -0.00873539 -0.05839790
v 0.08343105 -0.02700754 -0.06639232
v 0.07970021 -0.03247600 -0.06059071
v 0.05522043 -0.08746623 -0.05710332
v 0.05394253 -0.08284993 -0.07392492
v -0.08011776 -0.03382906 -0.04364411
v -0.08258016 -0.03159248 -0.04657989
v -0.08274711 -0.03409724 -0.04799596
v -0.07802108 -0.03502928 -0.04633514
v 0.05377066 -0.09539059 -0.07110877
v 0.05372357 -0.10052006 -0.05521145
v 0.07463057 -0.00785070 -0.04308344
v 0.07527261 -0.01426874 -0.04586583
v 0.07470331 -0.01634402 -0.04398791
v 0.00697711 -0.11709373 -0.00701530
v 0.00568036 -0.12513731 -0.00774108
v 0.07279310 -0.02395382 -0.03853268
v 0.07163641 -0.02551232 -0.02659002
v 0.07403466 -0.00766374 -0.02622868
v 0.07393190 -0.01302065 -0.03740574
v 0.06233659 0.02421474 0.01616020
v 0.06340049 0.02720738 0.00942471
v 0.06476630 0.01767905 0.00871118
v 0.06270140 0.01804210 0.01400410
v 0.01925716 0.08653093 0.02973491
v 0.00950984 0.08740848 0.03233648
v 0.00925612 0.09435674 0.02739821
v 0.01940597 0.09333440 0.02485513
v 0.03640749 -0.01643933 -0.13504253
v 0.03829452 -0.00517802 -0.13863601
v 0.01787211 -0.00817736 -0.14618640
v 0.01669558 -0.01858575 -0.14206916
v 0.01943839 0.11227460 0.00384291
v 0.00896328 0.11364125 0.00634082
v 0.00907238 0.11935265 -0.00325311
v -0.07456169 -0.03292135 -0.04775769
v -0.07858054 -0.03397867 -0.05241088
v -0.07778255 -0.03115171 -0.05412951
v -0.07455764 -0.03026040 -0.05061112
v 0.01977155 0.11773419 -0.00542347
v 0.05521009 -0.00363847 0.02609180
v 0.05712024 -0.01256848 0.02486482
v 0.05334987 -0.01130376 0.02915197
v 0.05216534 -0.00233541 0.02963432
v 0.07935013 -0.03779718 -0.04606278
v 0.07771242 -0.03716508 -0.04518520
v -0.09043776 0.02053886 -0.06122951
v -0.09117799 0.01668499 -0.06070200
v -0.08998901 0.01554795 -0.05870701
v -0.08895469 0.01941262 -0.05885920
v -0.07737803 -0.01058490 -0.07168329
v -0.07558359 -0.01628838 -0.06987900
v -0.08175513 -0.01231388 -0.07238120
v -0.08238444 -0.01000071 -0.07269425
v 0.00927227 0.12435845 -0.01457585
v 0.02023310 0.12255862 -0.01637312
v 0.01645894 0.01632425 0.04784504
v -0.08949811 0.01024244 -0.06846581
v -0.09036949 0.01087017 -0.07123549
v -0.09085672 0.00887277 -0.07235827
v -0.08985015 0.00755149 -0.07022937
v -0.09248117 0.01286778 -0.07536928
v -0.09258763 0.01006655 -0.07689840
v -0.07709970 -0.02297590 -0.04370663
v -0.07522830 -0.01934330 -0.04316853
v -0.07582170 -0.01856966 -0.04474492
v -0.07674569 -0.01987289 -0.04617785
v -0.07838146 -0.01172728 -0.06374681
v -0.07972834 -0.00698278 -0.06113617
v -0.08908980 -0.02611213 -0.06504815
v -0.08955366 -0.02461896 -0.06382817
v -0.09135272 -0.02085126 -0.06743082
v -0.09102952 -0.02198829 -0.06908225
v 0.01653865 0.01797966 0.04443890
v 0.01998618 0.01494635 0.04284494
v 0.01985823 0.01291299 0.04595749
v 0.00706012 0.05395656 0.04699313
v 0.00801688 0.06544405 0.04103610
v 0.01617508 0.06590318 0.03915552
v 0.01461287 0.05484786 0.04630791
v 0.02388314 0.01222593 0.04046983
v 0.02335814 0.01031902 0.04309705
v 0.00909224 0.10135577 0.02107796
v 0.01944756 0.10017581 0.01844534
v 0.01993329 0.13039826 -0.06576695
v -0.08669371 -0.02355441 -0.06218486
v -0.08903081 -0.02070341 -0.06572114
v -0.08953171 -0.02000873 -0.06780864
v -0.08893865 -0.02221241 -0.06556650
v 0.02036637 0.13029100 -0.05731611
v 0.00905907 0.13301268 -0.05770682
v -0.09118106 0.01306142 -0.06928823
v -0.08969654 0.01526901 -0.06428308
v -0.09178153 0.01429237 -0.06279814
v -0.09357416 0.01213770 -0.06702046
v 0.01013498 0.13249260 -0.07022016
v 0.07184625 -0.00279599 -0.09850426
v 0.07542045 -0.00498505 -0.08288047
v 0.07824965 0.00768634 -0.08368975
v 0.07591150 0.01457317 -0.10001422
v 0.02256606 -0.11103724 -0.01745453
v 0.02095755 -0.12008286 -0.01756300
v -0.08352736 0.00152015 -0.07207108
v -0.08188934 0.00645382 -0.06977978
v -0.08134972 0.00567133 -0.06959480
v -0.08293875 0.00130071 -0.07166801
v -0.09232088 0.01004153 -0.07368471
v -0.09272015 0.00781756 -0.07486059
v -0.09131112 0.00651235 -0.07375356
v -0.08118435 0.00690489 -0.05711366
v -0.08292869 0.00835303 -0.05950299
v -0.08221625 0.00696716 -0.06049382
v -0.08261399 0.00554111 -0.05962863
v -0.08171291 -0.03471420 -0.05219145
v -0.07445845 -0.02461269 -0.06272311
v -0.07603008 -0.02461554 -0.06453779
v -0.07886097 -0.02064583 -0.06752287
v -0.07717023 -0.01902287 -0.06788003
v 0.05244506 0.04679352 0.02232683
v 0.05374442 0.05455601 0.01702259
v 0.05800322 0.04779077 0.01238615
v 0.05728089 0.04008483 0.01945044
v 0.00411823 0.03562474 0.05570868
v 0.01057171 0.03469865 0.05560594
v 0.00839744 0.02777967 0.05461952
v 0.00355873 0.02948955 0.05535958
v -0.07473116 -0.03045237 -0.04168969
v -0.07832188 -0.03094289 -0.04157177
v -0.07909553 -0.03251751 -0.04281179
v -0.07580034 -0.03329052 -0.04323437
v 0.06240775 0.01090788 0.01413083
v 0.06488574 0.00784354 0.01035267
v 0.06375510 -0.00074851 0.01438232
v 0.06087431 0.00401702 0.01725638
v 0.05755708 -0.00240194 0.02279643
v -0.08368322 0.01173596 -0.05952134
v -0.08534849 0.01107072 -0.06156966
v -0.08368374 0.01018936 -0.06095534
v -0.08278681 0.01057008 -0.05933712
v 0.06019323 -0.01076435 0.02168884
v -0.09181093 -0.00137910 -0.07391363
v -0.09040944 0.00497851 -0.07175840
v 0.01868026 0.07653224 0.03507123
v 0.00933106 0.07699994 0.03724318
v 0.06119680 0.03847364 0.00957834
v 0.06014307 0.03208345 0.01754341
v 0.01357148 0.01859145 0.05067769
v 0.01451862 0.01995276 0.04681287
v 0.01045014 0.02147940 0.04976849
v -0.09159581 -0.01070382 -0.06824861
v -0.09146321 -0.01026186 -0.07145058
v -0.09154797 -0.01435679 -0.06941643
v -0.09125037 -0.01464935 -0.06645314
v 0.00615324 0.02198491 0.05552889
v 0.00450225 0.02365239 0.05355563
v 0.00831497 0.02317630 0.05020755
v 0.03110206 0.05427952 0.03840144
v 0.03330951 0.06433093 0.03288213
v 0.04118077 0.06332777 0.02749222
v 0.03884694 0.05353929 0.03303286
v 0.01940341 0.10639029 0.01160273
v -0.09107618 -0.00268898 -0.06853112
v -0.09134319 -0.00249421 -0.07195162
v 0.00899271 0.10763070 0.01419389
v 0.00350907 0.02642133 0.05312499
v 0.00702070 0.02542720 0.05076001
v 0.00638861 0.02539646 0.04882602
v -0.09442514 0.00602735 -0.07288973
v -0.09502167 0.00010248 -0.07396007
v -0.09359282 0.00675055 -0.07380848
v -0.07992435 0.00934312 -0.06721113
v -0.08006308 0.01278016 -0.07106142
v -0.07968943 0.00661490 -0.07324590
v -0.08022173 0.00701885 -0.06892560
v 0.00336971 0.02545016 0.05220694
v 0.02788943 0.00763552 0.04066455
v 0.02843275 0.00994790 0.03910245
v 0.06787024 -0.03760885 -0.05357177
v 0.06994078 -0.03893588 -0.05177037
v 0.07623956 0.01152251 -0.03951283
v 0.07490474 -0.00061033 -0.03803410
v 0.07483175 0.00789237 -0.02716710
v 0.07577109 0.02164228 -0.02904110
v 0.07704447 0.03546696 -0.03208979
v 0.07780687 0.04398433 -0.03624545
v 0.07953974 0.02815741 -0.04408957
v 0.07803594 0.02196003 -0.04142329
v 0.05066161 -0.09189279 -0.08503867
v 0.05057726 -0.08076570 -0.08997272
v 0.00539060 0.02036082 0.05806467
v 0.00467900 0.01801609 0.06002564
v 0.02020328 0.03641271 -0.15369990
v -0.07565244 -0.01555555 -0.04581804
v -0.07673521 -0.01388045 -0.04768491
v -0.07553080 -0.01613884 -0.04940215
v -0.07566049 -0.01856178 -0.04822759
v 0.01964000 0.02197349 -0.15312573
v 0.04069912 0.02621396 -0.14416254
v 0.04096314 0.04003728 -0.14430119
v 0.06867246 -0.01423016 -0.09546898
v -0.07966742 -0.02295696 -0.06628098
v -0.07686923 -0.02575541 -0.06363024
v -0.07740487 -0.02644572 -0.06295407
v -0.07991394 -0.02461989 -0.06481580
v 0.07267564 -0.01448657 -0.08085907
v 0.01384980 -0.00814828 0.06311059
v 0.01068858 -0.00446201 0.05962049
v 0.01145576 -0.00693116 0.06023571
v 0.01083019 -0.00461759 0.05950969
v 0.01446308 -0.01087146 0.06499849
v 0.01669106 -0.00981515 0.06624630
v 0.01219479 -0.01083896 0.05948642
v 0.01120723 -0.01087871 0.06007325
v 0.01073323 -0.00672091 0.06059783
v 0.01093910 -0.00455293 0.05978763
v 0.00482477 -0.01261260 0.07281642
v 0.00489459 -0.01068974 0.07561716
v 0.00940393 -0.01017008 0.07440902
v 0.00829382 -0.01195812 0.07244823
v 0.00992570 -0.00444409 0.06039339
v 0.00912202 -0.00673799 0.06178519
v 0.00882286 -0.00867826 0.06782381
v 0.01035256 -0.00604860 0.06349244
v 0.01007402 -0.00468754 0.06098807
v 0.01055303 -0.00823645 0.06677117
v 0.00989385 -0.01338546 0.06495304
v 0.01219559 -0.00819898 0.06509300
v -0.08738427 0.01193963 -0.06340157
v -0.08757076 0.00741003 -0.06467853
v -0.08604032 0.00742255 -0.06356818
v -0.08215403 -0.02171691 -0.05465206
v -0.08263975 -0.02092445 -0.05693778
v -0.08392504 -0.02358709 -0.05802752
v -0.08355226 -0.02491998 -0.05583524
v 0.08190771 -0.02208143 -0.05849574
v 0.05251889 -0.07577694 -0.03970511
v 0.05935884 -0.05936037 -0.04746099
v 0.06042145 -0.05914675 -0.05278528
v -0.08515000 -0.03224334 -0.05875198
v -0.08258180 -0.03223680 -0.05973531
v -0.08077551 -0.03339811 -0.05590618
v -0.08358414 -0.03383901 -0.05550906
v -0.07695162 -0.01905931 -0.04713498
v -0.07554802 -0.01764276 -0.04535753
v -0.08538557 0.00191725 -0.07384551
v -0.08487063 0.00765639 -0.07095288
v 0.05552869 -0.07510343 -0.04851009
v 0.08530970 0.00614701 -0.06106041
v 0.06771696 0.05511942 -0.00662971
v 0.06827358 0.06805941 -0.01441950
v 0.07419685 0.05603593 -0.02658629
v -0.08920301 0.00597728 -0.06828438
v -0.09004733 0.00379545 -0.06958994
v 0.07446718 0.04504010 -0.02300543
v 0.06871989 0.07888910 -0.02203099
v 0.07441442 0.06801561 -0.03306391
v 0.07828867 0.05612484 -0.04358184
v 0.08171279 0.03567855 -0.05850004
v 0.04266787 0.02011187 0.03264587
v 0.04277432 0.01996705 0.03285562
v 0.04107032 0.01982920 0.03407675
v -0.07811745 -0.00538822 -0.05271268
v -0.07657515 -0.00533576 -0.05478540
v -0.07693782 -0.00619725 -0.05460886
v -0.07880303 -0.00665363 -0.05227493
v 0.04120807 0.01985563 0.03384461
v 0.04217302 0.02043665 0.03196611
v 0.04059571 0.02009607 0.03309635
v -0.07789033 -0.00524035 -0.05091678
v -0.07843006 -0.00676813 -0.05071845
v -0.07767561 -0.00657173 -0.04970295
v -0.07721864 -0.00558151 -0.04949853
v 0.04311857 0.02077179 0.03094494
v 0.04378992 0.02035724 0.03150832
v 0.04404942 0.02015124 0.03176149
v 0.02458525 0.02157743 0.03565858
v 0.02573737 0.02176877 0.03521903
v 0.02818384 0.02112221 0.03519138
v 0.02719932 0.02089873 0.03616605
v 0.02442186 0.02139890 0.03607890
v 0.02738833 0.02054320 0.03663005
v -0.07599818 -0.00547369 -0.05531228
v -0.07634814 -0.00561802 -0.05506651
v -0.07647981 -0.00506182 -0.05506272
v -0.07993957 -0.00283646 -0.06779904
v -0.08167298 -0.01083418 -0.06795467
v -0.08000641 -0.01175213 -0.06853239
v -0.08003090 -0.00541451 -0.06732527
v 0.02891953 0.02322737 0.03065587
v 0.02831838 0.02349948 0.03061139
v -0.09185308 -0.00913937 -0.07308676
v 0.02978369 0.02294576 0.03073819
v 0.02311182 0.02284835 0.03374401
v 0.02336269 0.02380389 0.03354567
v -0.08673234 0.01593154 -0.05486577
v -0.08571292 0.01891565 -0.05444277
v -0.08853071 0.02116032 -0.05851506
v 0.02791286 0.02439219 0.03066606
v 0.02784576 0.02369921 0.03059098
v 0.02371540 0.02264811 0.03397759
v -0.07647031 -0.01954045 -0.06033406
v -0.08000958 -0.01848181 -0.05722206
v -0.07891091 -0.01794271 -0.05538613
v -0.07689414 -0.01917053 -0.05823658
v -0.07645934 -0.01338077 -0.05327006
v -0.07436987 -0.01614388 -0.05282911
v -0.07750319 -0.01414829 -0.05059903
v -0.07760972 0.00056702 -0.05082689
v -0.07755580 -0.00376923 -0.05372395
v -0.07753410 -0.00444880 -0.05227904
v -0.07735519 -0.00372711 -0.05079281
v -0.09236789 -0.01710287 -0.07214584
v -0.09338155 -0.01198629 -0.07473572
v -0.09179752 -0.01192400 -0.07610171
v -0.09081493 -0.01734102 -0.07348730
v 0.02182040 0.02235506 0.03414559
v 0.02074208 0.02261136 0.03371697
v -0.07552828 -0.02611818 -0.04071568
v -0.07081259 -0.02816998 -0.04464447
v -0.07396550 -0.02241919 -0.04135221
v -0.09410498 0.01764885 -0.06937294
v -0.09217459 0.01918263 -0.06947502
v -0.09249020 0.01731918 -0.07171345
v -0.09471127 0.01587734 -0.07155912
v -0.07780324 0.00031552 -0.05986025
v -0.07760516 -0.00163347 -0.05975009
v -0.07804636 -0.00045616 -0.05826310
v -0.07784902 0.00161657 -0.05819323
v 0.02096550 0.02412317 0.03374787
v 0.03233177 0.01944412 0.03684348
v 0.03254522 0.01875639 0.03676625
v 0.02811743 0.01919432 0.03697775
v 0.02773498 0.01993505 0.03696980
v 0.03203640 0.01989474 0.03669414
v 0.03557020 0.01997062 0.03591917
v 0.03560947 0.01940784 0.03607373
v 0.03589338 0.01870433 0.03588416
v -0.05542217 -0.03393125 -0.10292425
v -0.06386625 -0.03273052 -0.08356187
v -0.06757958 -0.01931067 -0.09171036
v -0.06028563 -0.02006435 -0.10774069
v -0.08651139 -0.02976282 -0.05785679
v -0.08579813 -0.03122293 -0.05504786
v -0.07926913 0.00841618 -0.04941598
v -0.07835918 0.01076181 -0.04747515
v -0.07903587 0.01629562 -0.04909192
v -0.08031555 0.01273740 -0.04977029
v 0.02503097 0.02020092 0.03676592
v 0.02488793 0.02090807 0.03656323
v 0.03608002 0.01810148 0.03560610
v 0.03289170 0.01815439 0.03652861
v -0.09355211 0.00225459 -0.07895000
v -0.09602076 0.00167536 -0.07767975
v 0.02826770 0.01867016 0.03683988
v 0.02486869 0.01987103 0.03684703
v 0.02209297 0.02108840 0.03633009
v 0.02327211 0.02117311 0.03632407
v 0.03352771 0.01706939 0.03602968
v 0.03376679 0.01636809 0.03690185
v 0.02913556 0.01762516 0.03795305
v 0.02880958 0.01815623 0.03642130
v -0.08343633 0.01153524 -0.05789541
v -0.08529602 0.01468071 -0.06092374
v -0.08366477 0.01249994 -0.05975587
v -0.08269002 0.01092982 -0.05805542
v -0.08241402 0.00422317 -0.05481596
v -0.08319329 0.00539787 -0.05471471
v -0.08157753 0.00591519 -0.05518086
v -0.08054231 0.00467953 -0.05547929
v 0.03660404 0.01704223 0.03499779
v 0.03699475 0.01582519 0.03508950
v -0.07686205 0.01627779 -0.04586460
v -0.07797376 0.02096809 -0.04948216
v 0.04529661 0.02029061 0.03000136
v 0.04586063 0.02074137 0.02921241
v 0.04580035 0.02020206 0.02919009
v -0.07214681 -0.02441165 -0.06244375
v 0.04534551 0.01987085 0.02962126
v 0.04882781 0.01492446 0.02584329
v 0.05039581 0.01611477 0.02570344
v 0.05240483 0.01372644 0.02369735
v -0.08147412 0.00671412 -0.05189571
v -0.08225180 0.00949685 -0.05193688
v -0.08366068 0.00750601 -0.05445496
v -0.07388406 -0.01793966 -0.04124790
v -0.07460952 -0.01722263 -0.04358848
v -0.08234085 0.01064442 -0.05785612
v -0.08171788 0.00942876 -0.05768745
v -0.08036619 0.00536373 -0.05601597
v -0.08131909 0.00453458 -0.05863769
v 0.05098622 0.01245950 0.02464201
v -0.08631653 -0.00222584 -0.06475394
v -0.08790680 -0.01028270 -0.06504252
v 0.05933117 0.00020408 0.01955020
v 0.05391055 0.00813461 0.02358793
v 0.05521680 0.00975077 0.02165700
v 0.04469452 0.02008385 0.03086039
v 0.04397959 0.01982122 0.03183446
v 0.04473379 0.02035864 0.03076500
v 0.04527104 0.02067963 0.02987017
v 0.04470971 0.01954576 0.03043766
v 0.04396005 0.01926204 0.03149701
v 0.04272838 0.01970886 0.03284612
v 0.04256237 0.01915937 0.03263787
v 0.04085125 0.01891050 0.03384328
v 0.04086059 0.01958331 0.03408911
v 0.03857103 0.01945506 0.03522151
v -0.07083998 -0.01794072 -0.07714312
v -0.06830638 -0.03028002 -0.06319508
v 0.03902646 0.01988879 0.03495415
v 0.03879982 0.01873973 0.03494501
v 0.04100254 0.01836020 0.03339223
v 0.03891995 0.01818550 0.03457565
v 0.04263435 0.01860894 0.03204380
v 0.04402104 0.01882020 0.03090672
v 0.04484819 0.01914647 0.02986900
v 0.04563402 0.01943817 0.02907593
v 0.04624443 0.01988574 0.02860847
v 0.04577150 0.01794910 0.02929596
v 0.04672113 0.01635958 0.02821903
v 0.04547060 0.01620066 0.02971664
v 0.04458471 0.01776623 0.03033533
v 0.04665519 0.01822967 0.02827549
v 0.04767669 0.01666513 0.02701486
v -0.08058935 0.00611324 -0.05554461
v -0.08084574 0.00644139 -0.05558966
v -0.08022992 0.00579824 -0.05518797
v -0.07967392 0.00508493 -0.05592908
v 0.04324588 0.01767476 0.03158521
v 0.04374814 0.01638611 0.03104455
v 0.04164508 0.01638925 0.03243304
v 0.04121376 0.01730065 0.03285012
v -0.08488122 -0.03241325 -0.05223024
v -0.08492272 0.00407658 -0.06320892
v -0.08259620 0.00177525 -0.06106456
v -0.08355623 0.00414833 -0.06121017
v 0.03942638 0.01706750 0.03433377
v 0.04011461 0.01588520 0.03405552
v -0.09458222 -0.00746915 -0.07299113
v -0.09609634 0.00003354 -0.07340117
v -0.09720018 0.00030300 -0.07499640
v -0.09566113 -0.00747900 -0.07447318
v 0.03203302 0.02017271 0.03625736
v 0.03170352 0.02074674 0.03516927
v 0.03505389 0.02031813 0.03483030
v 0.03600800 0.01999594 0.03537814
v 0.03929019 0.01978410 0.03471566
v -0.07264255 -0.03120578 -0.04614377
v -0.07748578 -0.00240371 -0.06112226
v -0.07902966 -0.00367144 -0.06045764
v 0.03812969 0.02022837 0.03417371
v 0.03514710 0.02045786 0.03363293
v 0.03379796 0.02238932 0.03039361
v 0.03517457 0.02237681 0.03008129
v 0.03773635 0.02042950 0.03297463
v -0.07985613 0.00306693 -0.05908732
v -0.07908144 0.00399192 -0.05601066
v 0.03214656 0.02084676 0.03397116
v 0.03238984 0.02250580 0.03053182
v 0.02909786 0.02146382 0.03407539
v -0.07479848 -0.01489789 -0.04348793
v 0.03098553 0.02272980 0.03074689
v 0.02665078 0.02196837 0.03435545
v 0.03381917 0.02919725 0.03749777
v 0.03404888 0.02832199 0.03925198
v 0.04071116 0.02660083 0.04043140
v 0.03939218 0.02779517 0.03770839
v 0.05175953 -0.00163129 -0.12763941
v 0.05342821 0.01401974 -0.13208471
v 0.04019381 0.00938147 -0.14229631
v 0.04121051 0.02635502 0.03626946
v 0.04161232 0.02668749 0.03696285
v 0.04448056 0.02592124 0.03559990
v 0.04379852 0.02581445 0.03466136
v 0.04115328 0.02571787 0.03609184
v -0.09085581 0.01364039 -0.07113671
v -0.09174763 0.01201587 -0.07232918
v -0.08980639 0.01255836 -0.07013909
v -0.08954599 0.01366524 -0.06862229
v -0.08855788 0.01633827 -0.06676258
v -0.08799560 0.01660759 -0.06624913
v -0.09022120 0.01518856 -0.06958766
v -0.08204879 0.00346212 -0.05971824
v -0.08273771 0.00476414 -0.06047771
v 0.04353932 0.02503504 0.03438840
v 0.03835740 0.02671543 0.03783563
v -0.08201432 -0.02201275 -0.05260091
v -0.08313774 -0.02742196 -0.05233631
v -0.09056662 -0.01781305 -0.06691507
v -0.09039301 -0.01756207 -0.06377389
v -0.08914771 -0.00651455 -0.07703177
v -0.08902105 0.00215532 -0.07718264
v -0.08737776 0.00198774 -0.07519054
v -0.08797329 -0.00624830 -0.07564266
v 0.03853733 0.02743853 0.03788784
v 0.03901628 0.02826874 0.03766191
v 0.04233871 0.02531561 0.02971719
v 0.04166947 0.02568832 0.03058718
v -0.08227751 -0.00452467 -0.07261819
v -0.07912402 -0.00354311 -0.07242598
v -0.07684812 -0.00458153 -0.04884252
v -0.07581308 -0.00040065 -0.04657436
v -0.07842797 0.00217456 -0.05813481
v -0.07865099 0.00391729 -0.05646424
v -0.08349752 -0.02078552 -0.06901343
v -0.07967866 -0.02747878 -0.06111296
v -0.08367957 -0.02290197 -0.06712154
v -0.07559483 -0.02730381 -0.05888354
v -0.07535951 -0.02786370 -0.05629043
v -0.07788043 -0.02857361 -0.05804502
v 0.04254185 0.02532782 0.03234711
v 0.04355099 0.02495669 0.03077014
v 0.04284545 0.02487373 0.02894577
v 0.04403745 0.02481624 0.02949758
v 0.03846123 0.02473222 0.02794992
v 0.03817519 0.02491173 0.02837109
v 0.03767508 0.02506501 0.02891781
v -0.08701034 -0.02185120 -0.06093800
v -0.08879750 -0.02042152 -0.06377124
v 0.03863220 0.02448041 0.02768367
v -0.07673164 -0.00590927 -0.05595601
v -0.07580591 -0.00748912 -0.05800560
v -0.07484395 -0.00605573 -0.05575888
v -0.08952731 -0.00275730 -0.06646030
v -0.09072073 -0.01052556 -0.06639227
v -0.08293951 0.00746604 -0.05542678
v 0.03874434 0.02415031 0.02755062
v -0.08014269 -0.00136111 -0.05493484
v -0.08044862 0.00218951 -0.05298739
v -0.08615416 0.01072493 -0.05533241
v -0.08491379 0.00900184 -0.05598177
v -0.08386654 0.00827546 -0.05566048
v -0.08458735 0.00909757 -0.05463231
v -0.07046506 -0.01478193 -0.05755516
v -0.07277442 -0.01625998 -0.05534955
v -0.07423352 -0.01314044 -0.05463721
v 0.03880840 0.02376981 0.02750273
v 0.03853907 0.02340781 0.02763049
v 0.06147651 -0.02246621 0.01783203
v 0.06205925 -0.00669276 0.01810000
v -0.08789292 0.01582393 -0.06398834
v -0.08844247 0.01403421 -0.06506009
v -0.08588289 0.00848708 -0.07254124
v 0.06440371 -0.01723277 0.01408256
v 0.04442940 0.02064263 0.03049596
v -0.08343084 0.00868292 -0.06038383
v -0.08276670 0.00745137 -0.06155704
v 0.04495252 0.02099071 0.02968176
v -0.08170287 0.02177916 -0.06471522
v -0.08232101 0.01921408 -0.06136961
v -0.08183420 0.01967325 -0.06006798
v -0.08106361 0.02462973 -0.05988130
v 0.04371551 0.02095453 0.03008045
v -0.07482123 -0.02929708 -0.05214643
v -0.07740027 -0.02979984 -0.05531516
v -0.07705284 -0.02909264 -0.05609240
v -0.07522117 -0.02856016 -0.05388767
v -0.07822988 -0.01788052 -0.05476731
v -0.07684155 -0.01893055 -0.05698758
v 0.04415220 0.02136678 0.02936884
v -0.09062927 -0.01633641 -0.07033297
v -0.09030347 -0.01732183 -0.06907073
v -0.09124569 -0.01329049 -0.07148656
v -0.09148746 -0.01185167 -0.07259091
v 0.04549679 0.02148785 0.02897727
v 0.04593082 0.02121639 0.02898851
v 0.04131673 0.02078540 0.03121509
v 0.03734085 0.02245637 0.02919654
v 0.03798015 0.02254547 0.02868954
v -0.07837707 0.00129294 -0.06344102
v -0.07808003 -0.00005539 -0.06224065
v -0.08110753 0.01373865 -0.06351656
v -0.08363558 0.01562639 -0.06472852
v -0.08344185 0.01818497 -0.06134756
v -0.08149318 0.01655572 -0.06133541
v -0.08765508 0.00930474 -0.07440937
v 0.04223192 0.02111200 0.03035202
v 0.03972370 0.02047914 0.03217612
v 0.03633546 0.02241642 0.02967565
v 0.03802804 0.02285352 0.02826559
v 0.03836110 0.02304793 0.02788306
v -0.08296587 0.00584637 -0.06123274
v -0.08331878 0.00598008 -0.06200133
v 0.04242487 0.02149029 0.02960820
v -0.08271533 0.00629007 -0.06079391
v 0.04292691 0.02197526 0.02890487
v 0.04446217 0.02204918 0.02884261
v -0.07972693 0.00383591 -0.05579575
v -0.08175030 0.00305847 -0.05568407
v -0.08609901 0.01069256 -0.05694614
v -0.08878486 0.01415565 -0.05938660
v -0.08771639 0.01473423 -0.06104318
v -0.08571044 0.01129455 -0.05724864
v 0.04353323 0.02313661 0.02824054
v 0.04342161 0.02372493 0.02831539
v 0.04477644 0.02259495 0.02868297
v -0.08162979 0.00813971 -0.05595142
v 0.04482870 0.02333215 0.02871015
v 0.04324176 0.02264919 0.02839550
v -0.01614422 -0.03728957 -0.13179007
v -0.01778291 -0.02645153 -0.13855503
v 0.04322112 0.02432220 0.02853793
v 0.04459679 0.02405319 0.02901567
v 0.04622568 0.02079481 0.02881238
v 0.04626592 0.02160628 0.02867641
v 0.04670885 0.02233505 0.02827531
v 0.04671476 0.02066067 0.02833768
v -0.08431496 0.01888058 -0.05386132
v -0.08444330 0.02026116 -0.05741594
v -0.08586556 0.02085680 -0.05803364
v -0.08526009 0.01938093 -0.05448463
v -0.08954549 0.01240808 -0.06826469
v 0.04752193 0.02034876 0.02772015
v 0.04717186 0.01891517 0.02769611
v 0.04781844 0.02263713 0.02813161
v 0.05014616 0.02124758 0.02793245
v -0.09278415 0.00928159 -0.07296552
v -0.08010970 -0.00528579 -0.05905680
v -0.07759795 -0.00830950 -0.05978516
v 0.04924981 0.01916666 0.02677260
v 0.04845523 0.01778359 0.02682503
v 0.04594541 0.02213659 0.02870028
v -0.06815794 -0.00956836 -0.05822601
v -0.06844963 -0.00840226 -0.05798916
v -0.06908984 -0.00865757 -0.05895515
v -0.06902608 -0.00957344 -0.05950510
v 0.04594951 0.02279062 0.02853803
v 0.04721987 0.02397718 0.02962842
v -0.07238977 -0.01463846 -0.06057774
v -0.07465297 -0.01510402 -0.05934729
v -0.07370978 -0.01637149 -0.05757964
v -0.07180332 -0.01571528 -0.05956500
v 0.04844958 0.02367415 0.03021381
v 0.04648617 0.02351502 0.02938344
v 0.04599733 0.02437373 0.03086962
v 0.04666755 0.02481250 0.03130559
v -0.06778356 -0.01211889 -0.05882993
v -0.06797250 -0.01075320 -0.05850276
v -0.06874868 -0.01121839 -0.06000278
v -0.06836203 -0.01264057 -0.06062622
v 0.04781560 0.02464420 0.03221072
v 0.04565118 0.02517952 0.03309706
v -0.08693942 0.01619897 -0.06237482
v -0.08862062 0.01608991 -0.06425581
v 0.04676848 0.02510444 0.03418211
v 0.04508193 0.02464445 0.03268305
v 0.04570886 0.02361140 0.02918906
v -0.09524973 0.00784383 -0.07128515
v -0.09545810 0.00590020 -0.07239722
v -0.09178624 0.01319358 -0.07026866
v -0.09247562 0.01131772 -0.07154206
v 0.04525004 0.02430471 0.03022177
v 0.04446395 0.02466163 0.03189880
v 0.04303671 0.02477015 0.03360106
v -0.07673267 -0.01153693 -0.04776601
v -0.07794882 -0.01177760 -0.04965555
v -0.07769962 -0.01314081 -0.04952373
v -0.09639187 0.01035284 -0.07084694
v -0.09519830 0.01356195 -0.07302552
v -0.07812461 -0.02666079 -0.04263402
v -0.07734288 -0.02820943 -0.04103613
v -0.05744426 -0.09758813 -0.02903241
v -0.06599473 -0.09202107 -0.04108332
v -0.06647328 -0.10334048 -0.04005494
v -0.05778832 -0.10926912 -0.02768166
v -0.08539341 0.01440199 -0.05334096
v -0.08361595 0.01747880 -0.05316026
v 0.04101301 0.02533540 0.03547730
v 0.04045425 0.02571688 0.03383785
v 0.03809620 0.02620209 0.03711839
v -0.06773508 -0.01388090 -0.05920855
v -0.06780759 -0.01411938 -0.05923664
v -0.07039853 -0.01566956 -0.05881560
v -0.07216035 -0.00985857 -0.05611530
v -0.06867404 -0.00964018 -0.05756536
v 0.03770585 0.02624331 0.03521809
v 0.03408838 0.02672983 0.04344276
v 0.04127802 0.02597476 0.04249298
v 0.03709171 0.02666022 0.03304945
v 0.03531442 0.02542030 0.03026068
v 0.03368226 0.02538867 0.03061826
v 0.03420579 0.02603880 0.03420848
v -0.07288290 -0.01315812 -0.06059982
v 0.02393193 0.02481325 0.03408539
v 0.02481107 0.02559902 0.03468468
v -0.07245757 -0.00788909 -0.05856497
v -0.07208278 -0.00686060 -0.05734546
v -0.07394331 -0.01767515 -0.05338222
v -0.07543661 -0.01883888 -0.05522026
v -0.07682060 -0.01866366 -0.05173931
v -0.06872345 -0.01446311 -0.06067679
v -0.07960986 0.00265555 -0.06134662
v 0.02875484 0.02504394 0.03118936
v 0.02820442 0.02479527 0.03092797
v 0.02240264 0.02473591 0.03476529
v 0.02370248 0.02574635 0.03564248
v -0.07566649 -0.01269944 -0.06037181
v -0.07708878 -0.01489878 -0.06212261
v -0.07644531 -0.01649732 -0.06086805
v -0.07516726 -0.01444680 -0.06009992
v -0.08490352 -0.02433792 -0.05950116
v -0.08508734 -0.02273610 -0.05939462
v -0.07592778 -0.01916869 -0.06312230
v -0.07975769 -0.01919185 -0.06065875
v -0.08023325 -0.00260635 -0.05926446
v -0.08111414 0.00039076 -0.05672436
v -0.07748679 -0.00569765 -0.05666400
v -0.07575761 -0.01033317 -0.05937159
v -0.07768941 -0.01274136 -0.06173553
v -0.07226204 -0.00885180 -0.05643589
v -0.07535774 -0.00819508 -0.05486619
v -0.07511780 -0.00724114 -0.05527052
v -0.07223932 -0.00794349 -0.05680057
v -0.08451021 0.00753608 -0.06283484
v -0.08175292 0.01589881 -0.05090310
v -0.08345421 0.01221548 -0.05243019
v -0.08228750 0.02668517 -0.07545633
v -0.08053923 0.01805195 -0.08095005
v -0.08127020 0.01822123 -0.06887198
v -0.07349700 -0.01139824 -0.06039490
v -0.06860635 -0.00797998 -0.05808338
v -0.06917696 -0.00843074 -0.05803378
v -0.09033627 -0.02020480 -0.06766746
v -0.07761566 -0.01899884 -0.05088885
v -0.07878797 0.00195597 -0.05639133
v -0.08860949 -0.01132750 -0.07562784
v -0.08769525 -0.01668815 -0.07340651
v -0.07850372 0.00317222 -0.05647922
v -0.07873960 0.00421585 -0.05654960
v -0.07630828 -0.01910167 -0.05633084
v -0.07764533 -0.01811723 -0.05342292
v -0.07906645 0.00442317 -0.05625888
v -0.07834357 -0.01254748 -0.05116970
v -0.08910003 0.00735796 -0.06725080
v 0.02851286 0.02614941 0.03501951
v 0.03083625 0.02525225 0.03133731
v -0.08095396 -0.03024508 -0.06061623
v -0.07927096 -0.03085686 -0.05724343
v 0.02958708 0.02516543 0.03133113
v -0.06908303 -0.00866947 -0.05746219
v 0.02663123 0.02589305 0.03480837
v -0.07243494 -0.01641442 -0.05702098
v -0.07273877 -0.00958795 -0.05901933
v 0.02749668 0.02652849 0.03678772
v 0.02528989 0.02621417 0.03618840
v 0.03413725 0.02642872 0.03635875
v -0.07727488 -0.00961632 -0.05358398
v -0.07699618 -0.01155973 -0.05317981
v -0.07840520 -0.01053949 -0.05112417
v 0.02155791 0.07366139 -0.14808537
v 0.02114439 0.05732622 -0.15250677
v -0.08116120 -0.01892057 -0.06213659
v -0.07700580 -0.01720173 -0.06498499
v -0.07898163 -0.01651049 -0.06648366
v -0.08345851 -0.01785813 -0.06299618
v -0.08639765 -0.02152756 -0.07082041
v -0.08480119 -0.02561383 -0.06724378
v -0.08673580 -0.02671262 -0.06677873
v -0.08927747 -0.02250105 -0.07052286
v 0.04128342 0.05939399 -0.14320529
v 0.04124509 0.07356454 -0.13952751
v -0.08269919 0.04338116 -0.08319247
v -0.08247546 0.03269924 -0.06808356
v -0.08281369 0.05000413 -0.07125774
v -0.08714886 0.01683843 -0.06935579
v -0.08698293 0.01464162 -0.07106464
v -0.09271583 0.01518699 -0.07365735
v -0.08020435 0.02301008 -0.05472042
v -0.08141970 0.01993567 -0.05869197
v -0.08366983 0.01980153 -0.05720165
v -0.09268358 -0.00709270 -0.07795266
v 0.03983433 0.02630929 0.03195750
v 0.03665793 0.02525638 0.02963884
v 0.05146879 0.07490880 -0.13148339
v 0.05044664 0.08392461 -0.12795988
v 0.04145881 0.08580957 -0.13363890
v 0.03722626 -0.06672199 -0.10806431
v 0.02654077 -0.07830989 -0.11506880
v -0.07847799 0.00438046 -0.04981626
v -0.08070181 0.00420965 -0.05220854
v 0.02015711 0.02478300 0.03600387
v -0.08248672 -0.01945640 -0.06998760
v 0.02200346 0.02554946 0.03654319
v -0.08498728 -0.01967723 -0.05979249
v -0.08762994 -0.01893237 -0.06144311
v -0.09282029 0.01664595 -0.06290823
v -0.09026210 0.01459280 -0.06102354
v 0.01882215 0.02409379 0.03559321
v 0.01802652 0.02395260 0.03585455
v 0.01929208 0.02490442 0.03615569
v 0.02097461 0.02574330 0.03666864
v 0.02429632 0.02622999 0.03705890
v 0.02350776 0.02657369 0.03754586
v 0.02697452 0.02716234 0.03839220
v 0.02690221 0.02667431 0.03783188
v 0.03405964 0.02701233 0.03809339
v 0.03431191 0.02740032 0.03876477
v 0.02626625 0.02790054 0.03842780
v 0.02288513 0.02716735 0.03721437
v 0.02550491 0.02857566 0.03783556
v 0.02337700 0.02743763 0.03593994
v 0.03464836 0.02925694 0.03753759
v 0.03475729 0.02822490 0.03866604
v 0.02178469 0.02193893 0.03582064
v 0.01965777 0.02218813 0.03580822
v 0.02230305 0.02211183 0.03555940
v 0.02008176 0.02241823 0.03539259
v 0.02365403 0.02216306 0.03492882
v 0.01907263 0.02288037 0.03534171
v 0.01838234 0.02275850 0.03571823
v -0.03202257 -0.11720842 0.00171970
v -0.02725139 -0.12332277 -0.00072434
v 0.02483001 0.02240002 0.03427361
v 0.01846248 0.02502663 0.03586602
v 0.01716895 0.02382915 0.03590872
v 0.01810383 0.02539314 0.03481783
v 0.01758502 0.02375168 0.03538220
v 0.02066349 0.02670909 0.03517524
v 0.02019034 0.02615177 0.03605928
v 0.01754645 0.02269724 0.03591195
v 0.01836565 0.02213463 0.03604622
v 0.01755005 0.02283086 0.03562791
v 0.01827754 0.02204660 0.03610109
v 0.02465196 0.01925929 0.03680094
v 0.02502849 0.01879404 0.03669554
v 0.02135647 0.02064243 0.03656907
v 0.02142291 0.02023811 0.03617178
v 0.03388466 0.01602431 0.03634668
v 0.03719022 0.01517382 0.03508979
v 0.03403769 0.01477505 0.03600979
v -0.00682790 -0.00715377 0.06475760
v -0.00782805 -0.00712543 0.06356356
v -0.00623798 -0.00580630 0.06258272
v -0.00587195 -0.00592900 0.06315275
v 0.03739827 0.01383411 0.03469704
v 0.02929693 0.01615831 0.03677822
v 0.02925819 0.01693816 0.03746560
v 0.02207983 -0.12647445 -0.01720389
v 0.04761334 0.01448313 0.02717341
v 0.04922156 0.01193616 0.02634006
v 0.04719133 0.01202385 0.02793429
v 0.04617346 0.01459292 0.02878369
v 0.04441407 0.01469977 0.03045677
v -0.00780689 -0.01511346 0.06459837
v -0.00727941 -0.01394339 0.06386273
v -0.00841197 -0.01393661 0.06279897
v -0.00936070 -0.01502799 0.06387049
v 0.04507161 0.01251616 0.02991345
v 0.04259960 0.01266924 0.03166804
v 0.04193663 0.01488194 0.03202814
v 0.04059768 0.01437535 0.03415608
v 0.04063926 0.01269533 0.03370402
v 0.05145197 0.01725039 0.02531169
v 0.05287149 0.01952562 0.02606351
v 0.05327145 0.01518798 0.02368245
v 0.05487227 0.01766219 0.02352252
v 0.01695822 0.02556896 0.03562666
v -0.00513648 -0.00576795 0.06292888
v -0.00431355 -0.00741641 0.06516598
v -0.00521013 -0.00724418 0.06582467
v -0.00538900 -0.00588935 0.06308542
v 0.01690662 0.02395165 0.03506104
v 0.01549199 0.02574374 0.03785191
v 0.01639478 0.02396358 0.03729542
v 0.01616623 0.02673590 0.03940363
v 0.01814239 0.02720011 0.03648813
v 0.01767829 0.02284944 0.03546244
v 0.01856943 0.02174185 0.03573157
v 0.01756775 0.02273623 0.03616367
v 0.01866572 0.02131600 0.03597523
v 0.02509469 0.01832833 0.03728579
v 0.02544303 0.01757714 0.03727834
v 0.02151380 0.01989779 0.03711959
v 0.02170193 0.01925584 0.03703240
v 0.05002015 -0.01348828 -0.12361490
v 0.05413990 0.03069543 -0.13352826
v 0.04667804 0.02594177 0.03984163
v 0.04488322 0.02536356 0.04013668
v 0.04105690 0.02582959 0.04273995
v 0.04082614 0.02604764 0.04351766
v 0.05020552 0.02910332 0.03734946
v 0.05420303 0.02637508 0.03333484
v 0.05058582 0.02469744 0.03522175
v 0.04820824 0.02476054 0.03676618
v 0.05347657 0.02105101 0.02738509
v 0.05181076 0.02237616 0.02949046
v 0.05134973 0.02360538 0.03119386
v 0.05286550 0.02240243 0.02921444
v 0.05550534 0.02008964 0.02493401
v 0.05534732 0.02192611 0.02731993
v 0.05203500 0.02378071 0.03198072
v 0.05028353 0.02435054 0.03372403
v 0.05506754 0.02359023 0.03035112
v 0.02251608 0.02648449 0.04267329
v 0.02323708 0.02797750 0.04041253
v 0.02174111 0.02829573 0.03704884
v 0.02016665 0.02740677 0.03920004
v 0.02016364 0.02578662 0.04392479
v 0.01709023 0.02713080 0.04069440
v 0.03348551 0.02459086 0.04713567
v 0.03414272 0.02572196 0.04535163
v 0.02542905 0.02901552 0.03750049
v 0.02375574 0.02798047 0.03672367
v 0.02454411 0.02854364 0.03782197
v 0.02316705 0.02780676 0.03627743
v 0.05902774 0.09519444 -0.10947183
v 0.06118984 0.10100164 -0.09683156
v 0.04434775 0.11214881 -0.10284610
v 0.04356879 0.10469950 -0.11547244
v 0.04180215 0.02649803 0.03807691
v 0.04320512 0.02553119 0.03923518
v 0.04577810 0.02523845 0.03722727
v 0.04462039 0.02590748 0.03670250
v 0.04720098 0.02523375 0.03490977
v 0.04828744 0.02515535 0.03520849
v 0.04941666 0.02435913 0.03310863
v 0.04850999 0.02469254 0.03307706
v 0.04903216 0.02405603 0.03135762
v 0.04979520 0.02339460 0.03083847
v 0.02276357 0.02760613 0.03783317
v 0.02412308 0.02814128 0.03914653
v 0.05301202 0.06242842 -0.13359612
v 0.04428928 0.07199145 0.02241715
v 0.05153031 0.06808027 0.01606608
v 0.04803623 0.06145632 0.02175698
v 0.04381758 0.02519625 0.04042302
v 0.04664554 0.02454657 0.03778525
v 0.04903946 0.02451427 0.03506453
v 0.05025554 0.02399538 0.03271757
v 0.05077239 0.02328367 0.03128087
v 0.07437647 -0.01991388 -0.04389429
v 0.07483524 -0.01894026 -0.04572960
v 0.08311222 -0.00634315 -0.07223418
v 0.08099797 -0.00002336 -0.07145935
v 0.07963616 0.00367869 -0.07000771
v 0.08416653 0.01234752 -0.05543046
v 0.08624760 0.01567808 -0.05842223
v 0.08869752 -0.02487258 -0.06360556
v 0.08510467 -0.02714792 -0.05988652
v -0.09290233 0.01981029 -0.06356708
v 0.08837754 -0.02379804 -0.06429069
v 0.09327722 0.01133232 -0.06756293
v 0.09365033 0.00967924 -0.06900603
v 0.09453008 0.00927011 -0.06862724
v 0.04243522 -0.03659974 -0.11550426
v 0.04757139 -0.02321216 -0.12065640
v 0.09394308 0.00788182 -0.07042806
v 0.07658467 -0.01309922 -0.04849585
v 0.08425554 -0.00656026 -0.07232337
v 0.08605404 -0.00687099 -0.07378121
v 0.08721182 -0.01194998 -0.07360429
v 0.08629951 -0.01160756 -0.07320429
v 0.08658863 -0.01742074 -0.07160804
v 0.08571775 -0.01675892 -0.07132639
v 0.08997341 -0.02068149 -0.06707210
v 0.09039438 -0.01623181 -0.06989433
v 0.08728842 0.01601861 -0.05983471
v 0.08734554 0.01534799 -0.05903267
v 0.08811016 0.01588996 -0.06016683
v 0.07754204 -0.01423225 -0.04999295
v 0.08210638 0.00984143 -0.05550547
v 0.08202810 0.00797313 -0.05363983
v 0.08163302 0.00854959 -0.05420371
v 0.07568123 -0.00825926 -0.05451228
v 0.07537743 -0.00737241 -0.05475137
v 0.07693712 -0.01002207 -0.05404056
v 0.07851537 -0.01149094 -0.05160323
v 0.07342336 -0.01936282 -0.05401181
v 0.07334518 -0.02007760 -0.05536536
v 0.07288831 -0.02120323 -0.05439328
v 0.09049955 0.02141746 -0.06280469
v 0.08210661 0.00686902 -0.05320682
v 0.08347825 0.00789655 -0.05354030
v 0.08421052 0.00917284 -0.05387970
v 0.08904605 0.01498423 -0.06018780
v 0.08479922 0.01012845 -0.05406517
v 0.08356403 0.01032940 -0.05438258
v 0.08507212 0.01200246 -0.05517587
v 0.08275823 0.01048346 -0.05484842
v 0.07920245 -0.01564288 -0.06714974
v 0.07776074 -0.01586444 -0.06523003
v 0.07632417 0.00265088 -0.04395170
v 0.07697640 0.00136417 -0.04642798
v 0.08386329 -0.02837389 -0.05760451
v 0.07974148 0.00990111 -0.06383925
v 0.08086079 0.01347903 -0.06554643
v 0.09181358 -0.01191773 -0.07162858
v 0.08428171 -0.01879766 -0.06132864
v 0.08193558 -0.02017651 -0.06031526
v 0.08670371 -0.01714680 -0.06266271
v 0.08879151 -0.01437429 -0.06439257
v 0.07807200 0.00083154 -0.05836173
v 0.08800948 0.00581046 -0.06363098
v 0.08844553 0.00352003 -0.06481239
v 0.08652855 0.00597814 -0.06236847
v 0.08172072 0.01732831 -0.06353634
v 0.08185307 0.01728306 -0.06099469
v 0.07918274 0.01322081 -0.06263037
v 0.08164731 0.01541087 -0.06056881
v 0.07517675 -0.01586346 -0.05370454
v 0.07343707 -0.02164949 -0.05687283
v 0.07548475 -0.02001072 -0.05870130
v 0.07468096 -0.02204536 -0.05782490
v 0.07624616 -0.02102770 -0.05967011
v 0.07655307 -0.01967222 -0.06112022
v 0.07677425 -0.01784797 -0.06246102
v 0.07720942 -0.01538180 -0.06297032
v 0.07464839 -0.01118475 -0.05440849
v 0.08104261 0.01765732 -0.05164302
v 0.07426412 -0.01318045 -0.05441390
v 0.07603364 -0.00967715 -0.05424503
v 0.07601884 -0.01152580 -0.05387089
v 0.07555733 -0.01361874 -0.05360629
v 0.07934947 -0.02447634 -0.05440334
v 0.07982479 -0.02237564 -0.05692461
v 0.07837422 -0.02427655 -0.05382320
v 0.08053272 -0.02140932 -0.05905407
v 0.07720747 -0.02401713 -0.05359920
v 0.08120511 0.01123640 -0.06292711
v 0.08181827 0.01476324 -0.06244650
v 0.07428977 -0.01691622 -0.04212172
v 0.06665807 -0.00938950 0.00924209
v 0.06823638 0.00176854 0.00451670
v 0.01653231 -0.07146402 0.03353775
v 0.01405849 -0.07493639 0.03289630
v 0.05817512 -0.02552993 0.02187281
v 0.05317274 -0.02794789 0.02705894
v 0.01907167 -0.06621525 0.04165573
v 0.01649206 -0.06784547 0.04092291
v 0.01573216 -0.06687792 0.04217901
v 0.01832836 -0.06578970 0.04249350
v 0.01379275 -0.06785576 0.04252687
v 0.01545017 -0.06681386 0.04242148
v 0.01578018 -0.06643314 0.04333045
v 0.01425921 -0.06797361 0.04306894
v 0.03099705 -0.03927935 0.04834239
v 0.03321715 -0.03587491 0.04487114
v 0.03476112 -0.04414828 0.04268061
v 0.03252759 -0.04735426 0.04536599
v 0.01685437 -0.06712189 0.03619227
v 0.01839767 -0.06442896 0.03705730
v 0.01785939 -0.06389856 0.03973429
v 0.01663854 -0.06623577 0.03846534
v 0.01532608 -0.06872595 0.03645905
v 0.01530445 -0.06692412 0.03920892
v 0.01800114 -0.06890556 0.03374710
v 0.01980051 -0.06536037 0.03419122
v 0.02439133 -0.07858486 0.03415205
v 0.02218860 -0.07429802 0.03584674
v 0.02599592 -0.06912100 0.03883897
v 0.02903353 -0.07172204 0.03722648
v 0.02871800 -0.02072307 0.04754475
v 0.03166344 -0.02796186 0.04647620
v 0.02880230 -0.03218610 0.04824301
v 0.02598186 -0.02401703 0.04871654
v 0.02320927 -0.01612153 0.04961478
v 0.02580461 -0.01259711 0.04811250
v 0.02245093 -0.00394109 0.05399299
v 0.02371159 -0.00763173 0.05554179
v 0.02387416 -0.00810296 0.05962813
v 0.02384620 -0.00579882 0.05811052
v 0.02095558 -0.01291434 0.05765615
v 0.02329387 -0.01048739 0.05404196
v 0.01675774 -0.01548182 0.05874271
v -0.01201628 -0.01456125 0.06448655
v -0.01056503 -0.01311028 0.06362826
v -0.01075819 -0.01268398 0.06520524
v -0.01333849 -0.01327403 0.06579251
v 0.01631316 -0.01490356 0.05939123
v 0.02073114 -0.01401913 0.05587894
v -0.00326920 -0.01268133 0.07143221
v -0.00483375 -0.01102052 0.07123993
v -0.00366094 -0.01218239 0.06955846
v -0.00295658 -0.01364775 0.06909442
v 0.02084354 -0.01644336 0.05407885
v 0.01711128 -0.01672765 0.05794501
v 0.01547640 -0.01432049 0.06073336
v 0.01854902 -0.01331278 0.06060340
v -0.00687991 -0.01079539 0.07039609
v -0.00908936 -0.01036544 0.07205707
v -0.01107488 -0.01085774 0.07048156
v -0.00850415 -0.01144978 0.06903955
v -0.00437537 -0.01086105 0.06544939
v -0.00536270 -0.01268637 0.06669389
v -0.00362955 -0.01023139 0.06822407
v -0.01013125 -0.01065204 0.06360011
v -0.00989708 -0.01147874 0.06257228
v -0.00794039 -0.00814429 0.06247113
v -0.00814493 -0.00798094 0.06255637
v 0.02011181 -0.01081270 0.06250589
v 0.00772962 -0.01304521 0.07012469
v 0.00896211 -0.01160439 0.07199261
v 0.01270678 0.01694186 0.05347879
v 0.01647004 0.01436771 0.05095116
v 0.01265420 0.01495716 0.05591923
v 0.01643369 0.01256205 0.05333519
v 0.01850220 -0.00871143 0.06619294
v 0.02156173 -0.00606029 0.06482797
v 0.01552431 -0.00807975 0.06999239
v 0.01705795 -0.00453528 0.06963425
v 0.00385461 0.02450468 0.05286076
v 0.00550151 -0.01726860 0.06599250
v 0.00583055 -0.01806791 0.06537098
v 0.00492380 -0.01558358 0.06775067
v 0.02220727 0.09741503 -0.13408011
v 0.02263978 0.11003668 -0.12243026
v 0.02161225 0.12338473 -0.09846877
v 0.01909813 0.12764414 -0.08573751
v 0.00978390 -0.04387991 0.06697515
v 0.00979917 -0.03939502 0.06755411
v 0.01613328 -0.05143878 0.04810554
v 0.01173041 -0.05112044 0.05067606
v 0.01171575 -0.05230780 0.05397734
v 0.01620904 -0.05278706 0.05136620
v 0.01837844 -0.05378941 0.04820180
v 0.01818365 -0.05322621 0.04475738
v 0.01629171 -0.05055808 0.04566808
v 0.01184319 -0.04978273 0.04757256
v 0.01535788 -0.05398818 0.05736895
v 0.01170448 -0.05369200 0.06068045
v 0.01016827 -0.05154894 0.06319588
v 0.01506999 -0.05213962 0.05968529
v 0.02371647 -0.02284247 0.05306099
v 0.01996434 -0.02062384 0.05683104
v 0.01552839 -0.02040584 0.06152561
v 0.01150013 -0.02072650 0.06451560
v 0.01020179 -0.01825541 0.06374941
v 0.01356832 -0.01744730 0.06146955
v 0.00951339 -0.01704081 0.06353072
v 0.01282888 -0.01629831 0.06141834
v 0.01207995 -0.01529608 0.06141862
v 0.01275484 -0.01437930 0.06178628
v 0.01046041 -0.01420581 0.06316262
v 0.01125248 -0.01354002 0.06320692
v 0.00894506 -0.01595533 0.06367164
v 0.00552033 0.00942561 0.06767881
v 0.00496541 0.01261925 0.06485084
v 0.01491688 -0.03744816 0.06522985
v 0.01023112 -0.03560949 0.06826664
v 0.00925927 -0.02863589 0.06796549
v 0.01375977 -0.02920272 0.06602281
v 0.01880739 -0.03106803 0.06242460
v 0.01959739 -0.04040136 0.06121792
v 0.00640582 -0.01923129 0.06528576
v 0.01411637 -0.04127758 0.06406128
v 0.01402388 -0.04495897 0.06306136
v 0.01870310 -0.04407641 0.05979994
v 0.01814624 -0.04721490 0.05812528
v 0.02319329 -0.04493421 0.05586573
v 0.02475269 -0.03469829 0.05854992
v 0.02892698 -0.04020564 0.05300560
v 0.02495905 -0.05046707 0.05056434
v 0.02755263 -0.06337671 0.04196328
v 0.02051736 -0.06675344 0.04013825
v 0.02208059 -0.06378938 0.04207258
v 0.02352932 -0.06027573 0.04411885
v 0.02951052 -0.05711425 0.04506107
v 0.03102694 -0.06362983 0.04060714
v 0.03268825 -0.05546503 0.04298492
v 0.03022353 -0.04921170 0.04842925
v 0.02471401 -0.05573112 0.04676792
v 0.02097435 -0.06338471 0.04320079
v 0.01942651 -0.06423745 0.04338339
v 0.02215241 -0.06053855 0.04459328
v 0.02063024 -0.06171760 0.04459510
v 0.02288261 -0.05755474 0.04616848
v 0.02160140 -0.05896203 0.04587356
v 0.02185448 -0.05590072 0.04799848
v 0.02317683 -0.05345379 0.04899358
v 0.01903983 -0.06076021 0.04447183
v 0.01969691 -0.05888714 0.04558007
v 0.02046975 -0.05847758 0.04647959
v 0.01969816 -0.06058422 0.04492151
v 0.01760217 -0.06323166 0.04373346
v 0.01822452 -0.06251549 0.04399110
v 0.01865293 -0.06156643 0.04093315
v 0.01936006 -0.05906468 0.04156150
v -0.06053133 -0.07940958 -0.02810999
v -0.06632679 -0.07775614 -0.04292217
v 0.01704406 -0.06536095 0.04256493
v 0.01699964 -0.06536043 0.04341960
v 0.01779201 -0.06483895 0.04338071
v 0.01923759 -0.06254251 0.04426452
v 0.02042163 -0.05989638 0.04524430
v 0.02110616 -0.05738550 0.04707352
v 0.01819752 -0.04988885 0.05658688
v 0.02114547 -0.05066615 0.05319046
v 0.02094436 -0.05331868 0.05181052
v 0.01829435 -0.05379237 0.05559863
v 0.02067058 -0.05562200 0.05057430
v 0.01822953 -0.05276747 0.04199640
v 0.01807934 -0.05515485 0.05321892
v 0.01931427 -0.05599544 0.04107741
v 0.02001070 -0.05577022 0.03866889
v 0.01948179 -0.05598736 0.04422885
v 0.01908351 -0.06219033 0.03885152
v 0.01985995 -0.05933357 0.03906846
v 0.02067098 -0.06229324 0.03529330
v 0.02102033 -0.05929151 0.03649545
v 0.02019919 -0.05633473 0.04836506
v 0.02179734 -0.04807599 0.05449634
v 0.01436554 -0.04803964 0.06134550
v 0.01010440 -0.04767957 0.06538930
v -0.03415736 0.00816234 0.03643300
v -0.03381546 0.00500510 0.03751775
v -0.02979427 0.00629676 0.03852605
v -0.03032946 0.00934386 0.03771687
v 0.00674330 0.00221549 0.07514664
v 0.00638568 0.00636678 0.07122433
v 0.01468869 -0.06701807 0.04255471
v -0.00362289 -0.13068527 -0.00336359
v -0.07851028 -0.00830675 -0.05028190
v -0.07766875 -0.00742577 -0.04918485
v -0.08722463 0.01204800 -0.07270215
v 0.01763874 -0.06941505 0.03925806
v 0.01329426 -0.07140864 0.03618190
v 0.01238320 -0.06717069 0.04147955
v 0.01644993 -0.08538806 0.03239318
v 0.00773417 -0.08877814 0.03468451
v 0.00889904 -0.08306104 0.03727669
v 0.01578730 -0.08025418 0.03441209
v 0.00853733 -0.07487270 0.04099896
v 0.01370865 -0.07179548 0.03938424
v -0.09000149 0.01455372 -0.06983072
v 0.01252280 -0.06974929 0.04098951
v 0.00844632 -0.07176634 0.04322267
v 0.00884794 -0.07013187 0.04493675
v 0.01237580 -0.06859428 0.04261299
v 0.00932061 -0.06861665 0.04602522
v 0.00574387 -0.06637685 0.05005316
v 0.00421094 -0.06786410 0.04394551
v 0.00833952 -0.07036565 0.04060685
v 0.01316093 -0.07255948 0.03740060
v 0.01272758 -0.06899142 0.04226186
v -0.08727877 0.01850912 -0.06749321
v -0.08726725 0.02002710 -0.06279230
v -0.08498772 0.01909246 -0.06198557
v -0.08525540 0.01703820 -0.06601269
v 0.00977807 -0.06932881 0.04698039
v 0.01225512 -0.06919844 0.04375486
v 0.00653709 -0.06751834 0.05154863
v 0.00848401 -0.13000047 -0.00940482
v 0.01242649 -0.06882234 0.04347277
v 0.00981741 -0.06932130 0.04618180
v 0.00641768 -0.06861874 0.05107123
v 0.00496930 -0.07014847 0.04919942
v 0.00435141 -0.07217071 0.04820343
v 0.00358759 -0.07557607 0.04641296
v 0.00112978 -0.08499538 0.04188147
v -0.00187904 -0.09109809 0.03804980
v -0.00580971 -0.08429888 0.04573015
v -0.01035130 -0.08980273 0.04296291
v -0.00085708 -0.07520021 0.05192958
v 0.00047911 -0.07134326 0.05331049
v 0.00160122 -0.06930701 0.05402637
v 0.00298755 -0.06717668 0.05544750
v 0.00752980 -0.02132674 0.06539650
v 0.00907977 -0.01437141 0.06493965
v 0.00785253 -0.01412381 0.06748630
v 0.01089778 -0.00976507 0.07263480
v 0.00493149 -0.01422260 0.07017846
v 0.01370210 -0.00817378 0.07200352
v 0.01182308 -0.00861525 0.07365458
v 0.01266475 -0.00683242 0.07440566
v 0.01425169 -0.00586964 0.07304701
v 0.01005492 -0.00908653 0.07517854
v 0.01142877 -0.00711529 0.07562299
v 0.00529959 -0.00987597 0.07720163
v 0.00620888 -0.00692225 0.07869369
v 0.00655757 -0.00153022 0.07730938
v 0.00646170 -0.00499350 0.07846962
v 0.01298680 -0.00518511 0.07484256
v 0.01428495 -0.00315507 0.07263209
v -0.09495147 0.01401900 -0.06777500
v 0.01444211 0.00010235 0.06991582
v 0.01777234 -0.00153019 0.06659470
v 0.00958326 0.13191067 -0.04201998
v 0.00286115 -0.06556349 0.05572727
v 0.00201455 -0.06383674 0.05401875
v -0.07912258 -0.02008342 -0.05014727
v -0.08668190 0.00327771 -0.06492789
v 0.00100937 -0.07500163 0.03608701
v 0.00289360 -0.07094657 0.03821623
v -0.00256564 -0.07014653 0.04116413
v -0.08657491 0.02071056 -0.06026347
v -0.08983652 0.02167291 -0.06089873
v -0.00392430 -0.07328363 0.03849383
v -0.00140038 -0.06181991 0.05644719
v -0.09306874 -0.00728180 -0.07312750
v -0.09554355 0.01274000 -0.06956401
v -0.09401139 0.01119623 -0.06869282
v -0.08761867 0.01268782 -0.05592342
v -0.08155582 -0.01394443 -0.06753126
v -0.08729769 -0.01355519 -0.06444608
v -0.08574193 -0.01624858 -0.06361797
v -0.08080150 -0.01569223 -0.06694911
v -0.07781924 -0.00100679 -0.06185635
v -0.00345319 -0.06411791 0.04920229
v 0.00025733 -0.06574740 0.04687849
v -0.00089013 -0.06303670 0.05840995
v -0.00093441 -0.06478836 0.05854342
v -0.00214703 -0.06754516 0.05740847
v -0.00659007 -0.06884614 0.04306467
v -0.00861955 -0.07252293 0.04022902
v -0.07435347 -0.01324280 -0.04096247
v 0.01129983 -0.07349155 0.03587401
v -0.08456935 -0.02748901 -0.05607956
v -0.08548485 -0.02697907 -0.05881705
v -0.03290518 -0.03630527 -0.12578015
v -0.03641467 -0.02465350 -0.13174696
v -0.09465647 -0.00728556 -0.07663871
v 0.01072382 -0.07658682 0.03321385
v 0.00667811 -0.07433625 0.03695132
v 0.00605029 -0.07613162 0.03537488
v -0.01520516 -0.08730088 0.04868264
v -0.01156104 -0.08212217 0.05000630
v -0.00310884 -0.07021710 0.05766406
v -0.00596273 -0.07378918 0.05547746
v 0.02296466 0.11772610 -0.11110741
v 0.06253374 0.07558513 -0.00653925
v 0.06144786 0.06779204 -0.00021396
v -0.08731369 0.01686097 -0.06357958
v 0.05420863 0.07524189 0.00781137
v 0.05601160 0.08097208 0.00130740
v 0.06334130 0.08363128 -0.01442956
v 0.05651468 0.08849819 -0.00613546
v 0.03979179 0.12443429 -0.06156424
v 0.04019159 0.12347280 -0.04730638
v 0.02083565 0.12933473 -0.04322302
v 0.03471990 0.12470382 -0.07562653
v 0.04748603 0.11637706 -0.08536997
v 0.04979232 0.11862533 -0.06587629
v 0.04926224 0.11835190 -0.05041564
v -0.08105825 -0.02096732 -0.05124087
v -0.08148755 -0.02622478 -0.04879275
v -0.07960150 -0.02454263 -0.04702096
v -0.08298930 0.00654592 -0.06202589
v 0.02636478 -0.09150905 -0.11634783
v 0.05400251 0.04428269 -0.13377975
v 0.04773887 0.11702861 -0.03663024
v 0.03936494 0.12125588 -0.03365276
v 0.03873519 0.11772909 -0.02149083
v 0.04628816 0.11435357 -0.02508423
v 0.02054325 0.12649587 -0.02902786
v 0.00940810 0.12860680 -0.02726099
v 0.01904331 0.00538010 -0.15052870
v 0.00489094 0.01588239 0.06241510
v 0.04884071 -0.05360401 -0.09872431
v 0.05872677 -0.05512568 -0.08125034
v 0.05299629 -0.11068298 -0.05471956
v 0.07316040 -0.03175795 -0.06039541
v 0.07286612 -0.03086497 -0.06113636
v 0.05608218 -0.07194522 -0.06055818
v 0.06127143 -0.05732492 -0.06273018
v 0.03880749 -0.05227565 -0.11081804
v 0.08237854 -0.01897154 -0.07099601
v 0.08309143 -0.01499705 -0.07227892
v 0.08387543 -0.01959100 -0.07017230
v 0.08447604 -0.01530205 -0.07169017
v 0.08461490 -0.01078388 -0.07244926
v 0.08472191 -0.02131903 -0.06917460
v 0.08178053 0.01740730 -0.05928606
v 0.08391511 0.01864518 -0.05818106
v -0.08132483 -0.01768904 -0.06996744
v -0.08112943 -0.01536026 -0.07129046
v 0.07221118 -0.03375276 -0.05587504
v 0.07219265 -0.03283009 -0.05769647
v -0.06926393 -0.00804258 -0.05867114
v 0.07123365 -0.03356101 -0.05701892
v 0.07092547 -0.03423089 -0.05556079
v 0.07177839 -0.03514005 -0.05421595
v 0.07054906 -0.03518760 -0.05439613
v 0.08040881 0.03459869 -0.04960627
v 0.06935375 -0.03398539 -0.05863609
v 0.07160045 -0.03182228 -0.06095860
v 0.07164140 -0.03241907 -0.05926229
v 0.07078085 -0.03336631 -0.05783613
v 0.07027815 -0.03461152 -0.05568108
v 0.06990283 -0.03608710 -0.05387810
v 0.07058666 -0.03697910 -0.05314117
v -0.08403428 -0.02422286 -0.06702233
v -0.08043773 -0.02888209 -0.06086741
v -0.06757038 -0.07606508 -0.05782336
v -0.06486081 -0.07620648 -0.07386526
v -0.06626453 -0.08723103 -0.07107589
v -0.06944767 -0.08896883 -0.05568259
v -0.07468790 -0.00099581 -0.04253634
v -0.07554397 -0.00876553 -0.04555547
v -0.07531332 -0.00916562 -0.04324836
v 0.08529524 -0.02243727 -0.06937219
v 0.07761277 -0.03422340 -0.05791564
v -0.04468066 -0.10409290 -0.00520549
v -0.03876146 -0.11680831 -0.00806143
v 0.08035934 0.01026591 -0.06529205
v 0.08062803 0.00815162 -0.06711047
v 0.08335495 0.00965940 -0.06824268
v 0.08312654 0.01199050 -0.06669974
v 0.06099375 -0.01313771 -0.11139479
v 0.06321393 -0.00111450 -0.11550400
v 0.01185881 -0.08913381 -0.12131690
v 0.01204622 -0.07514938 -0.12110057
v 0.07834587 0.03247818 -0.09830230
v 0.08036236 0.01196157 -0.06386832
v 0.08322468 0.01386282 -0.06521870
v 0.08345740 -0.01062238 -0.07266469
v 0.07867152 0.01151027 -0.06428768
v 0.07902882 0.00957288 -0.06574381
v 0.08473968 0.01548247 -0.06670614
v 0.08461575 0.01339637 -0.06827770
v 0.08442228 0.01094364 -0.06976248
v 0.07938070 0.00740642 -0.06734533
v -0.07421860 -0.01165526 -0.03694476
v -0.07320224 -0.01029929 -0.02416136
v -0.07366939 0.00327004 -0.02438688
v -0.07347804 -0.00240000 -0.03635480
v 0.08165380 0.01559546 -0.06546491
v 0.08207223 0.06447590 -0.07213559
v 0.08148973 0.05870126 -0.08664886
v 0.07813489 0.08212544 -0.07460330
v 0.07737327 0.07726090 -0.09023980
v 0.07293812 0.07136754 -0.10655043
v 0.07673429 0.05159322 -0.10319153
v 0.08185194 0.01732870 -0.05970839
v 0.08486374 0.01957520 -0.05864535
v 0.06380194 0.09093527 -0.02187203
v 0.06918433 0.08622096 -0.02932583
v 0.05665268 0.09514031 -0.01303866
v 0.05647181 0.10112753 -0.01945522
v 0.06318176 0.09772359 -0.02858344
v 0.07092975 0.09096879 -0.04100974
v 0.08142251 0.05411075 -0.05783460
v 0.07990319 0.06968953 -0.05756697
v 0.07629891 0.07355275 -0.04358107
v -0.06049629 0.02952118 0.01486345
v -0.06221829 0.03062094 0.00931369
v -0.06217122 0.02227779 0.00903822
v -0.06044340 0.02295560 0.01359323
v 0.07562257 0.08692156 -0.05850442
v 0.06660059 0.10087005 -0.04697930
v 0.07047336 0.09764692 -0.06162803
v 0.05932841 0.10988419 -0.05053014
v 0.06171436 0.10809729 -0.06536789
v 0.06160756 0.10577742 -0.08142253
v 0.07238382 0.09381118 -0.07706117
v 0.06134656 0.10376827 -0.03449408
v 0.05489649 0.10644207 -0.02466177
v 0.05617291 0.11065850 -0.03773693
v 0.05263869 0.11085270 -0.02907043
v 0.07382382 0.07526154 -0.03591614
v 0.06450205 -0.04143050 -0.05440767
v 0.06594634 -0.04355289 -0.04892946
v -0.01995455 0.08675843 0.02968608
v -0.00989395 0.08768401 0.03237521
v -0.01033016 0.09463351 0.02719834
v -0.02060806 0.09367063 0.02445013
v 0.07045483 -0.03356842 -0.03999356
v -0.03825547 -0.01587935 -0.13499825
v -0.03996847 -0.00482749 -0.13862963
v -0.01974633 -0.00804323 -0.14617722
v -0.01872888 -0.01836865 -0.14205624
v 0.07104861 -0.00677561 -0.00294303
v 0.07113072 0.00836928 -0.00607777
v 0.07448396 -0.00031220 -0.01648514
v 0.07328498 -0.01968094 -0.01492430
v -0.02116025 0.11220594 0.00353815
v -0.01068740 0.11363024 0.00617224
v -0.01088346 0.11929286 -0.00340354
v -0.02154595 0.11759933 -0.00571092
v -0.05037846 0.00510907 0.02748511
v -0.05289302 -0.00117846 0.02748820
v -0.04891185 -0.00227148 0.03083280
v -0.04748489 0.00434755 0.03034087
v 0.06864496 0.02424054 -0.00778921
v 0.07417588 0.01596238 -0.01833450
v 0.07374609 0.03080509 -0.01995194
v 0.06940626 0.03819717 -0.00737299
v 0.06405059 0.06596701 -0.12199470
v 0.06639984 0.04852903 -0.12097263
v -0.08151681 -0.02992957 -0.04523577
v -0.08023336 -0.02834771 -0.04401202
v 0.06715141 0.03485558 -0.12012966
v 0.04650500 0.05307846 0.02640349
v -0.01110814 0.12426797 -0.01472224
v -0.02203972 0.12235614 -0.01666418
v 0.02195070 0.08796990 -0.14101474
v 0.04615689 0.07962168 0.01518351
v 0.05563431 0.08759070 -0.12069809
v -0.00175406 -0.07335096 -0.12281246
v 0.04215276 0.09377030 -0.12719263
v 0.07181261 0.08920720 -0.09243518
v 0.06864510 0.08413303 -0.10623792
v 0.06070535 0.07766641 -0.12151612
v 0.06632145 0.01757836 -0.11940299
v 0.04677283 0.10987662 -0.01773392
v 0.05819530 0.01849293 0.02198470
v 0.05767980 0.01539186 0.02025128
v 0.05866599 0.02169846 0.02458420
v 0.05559977 0.01214622 0.02082156
v 0.01991270 0.01128322 0.04860619
v 0.01978012 0.01005733 0.05102397
v 0.01942588 0.00754636 0.05267334
v 0.02291133 0.00718974 0.04881047
v 0.02273760 0.00456443 0.05090481
v 0.01473825 0.00756297 0.05774812
v 0.01612165 0.01022706 0.05548111
v 0.01825420 0.00512684 0.05426218
v 0.01808873 0.00233314 0.05582751
v 0.01491406 0.00479906 0.05963048
v 0.02330291 -0.01160787 0.05137854
v 0.02364176 -0.00667397 0.04991513
v 0.02117546 -0.00143370 0.05260235
v 0.02627433 0.00085118 0.04936374
v 0.02511350 -0.00263099 0.05002846
v 0.02149893 0.00164997 0.05171050
v 0.02661787 0.00386964 0.04656853
v 0.02056922 -0.00050509 0.05830954
v 0.02210598 -0.00351749 0.06210826
v 0.01671422 0.00193518 0.06305270
v 0.01350825 0.00306707 0.06614084
v 0.01264921 0.00644495 0.06307028
v 0.02308695 0.00861888 0.04603838
v 0.02736066 0.00555460 0.04357902
v 0.02851471 -0.00826217 0.04902367
v 0.03257028 -0.01499873 0.04751065
v 0.03026621 -0.00379382 0.04739303
v 0.03413656 -0.00946607 0.04513147
v 0.03075755 -0.00022019 0.04414440
v 0.03503172 -0.00506727 0.04241159
v 0.03557536 -0.02261364 0.04536760
v 0.03791004 -0.03022756 0.04292754
v 0.03909739 -0.04010063 0.04043516
v 0.04147629 -0.02402402 0.04093647
v 0.04335667 -0.03322097 0.03718252
v 0.04379136 -0.01667959 0.03851214
v 0.04658064 -0.02598470 0.03503539
v -0.01528869 0.01714902 0.04771455
v -0.01533253 0.01902713 0.04435760
v -0.01853734 0.01580044 0.04263416
v -0.01836027 0.01356656 0.04576292
v -0.00713126 0.05502538 0.04637680
v -0.00806157 0.06576144 0.04063276
v -0.01728657 0.06679477 0.03857436
v -0.01535743 0.05632984 0.04515245
v 0.03841850 -0.01595098 0.04305857
v 0.03987801 -0.01047605 0.04087170
v 0.03593680 -0.00077123 0.03959457
v 0.03163985 0.00259317 0.04118191
v 0.04453833 -0.00248872 0.03486184
v 0.04472160 -0.00956486 0.03685723
v 0.04057331 -0.00498986 0.03830694
v 0.04047273 0.00081546 0.03605663
v 0.04901722 -0.01638921 0.03332827
v 0.04897316 -0.00631978 0.03284361
v 0.04794164 0.00040997 0.03175130
v 0.03381203 0.01267912 0.03656179
v 0.02897476 0.01400861 0.03749097
v 0.03725995 0.01145096 0.03504981
v 0.04381378 0.00297330 0.03339180
v 0.04053394 0.00491630 0.03501275
v 0.05180499 0.00725298 0.02568899
v 0.04931182 0.00760579 0.02792299
v 0.04318541 0.00933810 0.03221079
v 0.04054858 0.01031506 0.03390499
v 0.04624672 0.00871357 0.03016824
v 0.02483291 0.01559867 0.03824710
v 0.02074622 0.01769014 0.03834388
v 0.05644869 -0.06909432 -0.07819684
v 0.01196080 0.00949890 0.06087237
v 0.01241831 0.01233028 0.05846586
v 0.01364528 0.02655062 0.04240685
v 0.01301221 0.02609425 0.04201291
v 0.00669891 0.02429877 0.04950707
v 0.01586934 0.02476477 0.04603099
v 0.01800061 0.02012310 0.03870862
v -0.02224713 0.01323838 0.04084928
v -0.02184528 0.01103851 0.04298921
v 0.01603784 0.02204985 0.03908604
v 0.01430186 0.02335485 0.04048743
v 0.01312817 0.02504950 0.04106523
v -0.01046898 0.10149685 0.02088490
v -0.02087882 0.10036850 0.01807593
v -0.02161557 0.13022342 -0.06595737
v -0.02209566 0.13005368 -0.05756356
v -0.01082105 0.13290977 -0.05781862
v -0.01182558 0.13246621 -0.07027157
v 0.02578145 0.03359791 0.04755957
v 0.02276906 0.02484030 0.05293709
v 0.05825404 0.06058599 0.00958490
v 0.06291464 0.05200023 0.00485058
v 0.05114352 0.03439635 0.03316008
v 0.05519025 0.02942561 0.03022850
v 0.05901857 0.02522743 0.02750253
v 0.06507754 0.03998076 0.00172027
v 0.06539154 0.02761603 0.00104556
v 0.06804594 0.01434915 0.00170638
v -0.07269827 -0.00113509 -0.09858125
v -0.07607745 -0.00267050 -0.08295435
v -0.07870792 0.00929269 -0.08405770
v -0.07647273 0.01569332 -0.10037152
v 0.04804040 0.09233519 0.00224562
v -0.05158921 -0.09489921 -0.01589593
v -0.04716107 -0.10798179 -0.01858856
v -0.00246798 -0.08789423 -0.12282719
v 0.04791025 0.09889339 -0.00433731
v 0.04754369 0.08536661 0.00914947
v 0.03834269 0.11307775 -0.01233420
v 0.03841311 0.10799099 -0.00424730
v 0.04751520 0.10473504 -0.01092269
v 0.03890699 0.10213851 0.00272884
v 0.03923993 0.09569462 0.00923775
v 0.03872558 0.08892988 0.01608726
v 0.03764865 0.08291813 0.02182836
v 0.03616374 0.07377081 0.02782108
v 0.04790569 -0.06736328 -0.09691305
v 0.01052349 -0.00444797 0.06004933
v 0.01016195 -0.00446357 0.06032249
v -0.05241913 0.05082036 0.02073477
v -0.05445096 0.05736800 0.01604308
v -0.05825179 0.04978677 0.01202280
v -0.05629565 0.04463043 0.01786518
v 0.01043891 -0.00433089 0.05965588
v 0.00988462 -0.00443600 0.06019682
v 0.01036196 -0.00457338 0.05999905
v 0.01083254 -0.01213464 0.06251422
v 0.00973368 -0.01014828 0.06152807
v 0.00984909 -0.00679032 0.06088742
v 0.06938191 -0.04028880 -0.04268355
v -0.00548807 0.03844535 0.05505189
v -0.01233251 0.03932888 0.05409426
v -0.01061827 0.03236874 0.05374368
v -0.00513510 0.03214003 0.05535946
v -0.05913351 0.01671989 0.01366307
v -0.06169342 0.01456758 0.01082948
v -0.05970382 0.00727855 0.01539484
v -0.05698732 0.01062770 0.01759008
v -0.05268078 0.00658602 0.02406719
v -0.05543589 0.00127322 0.02406871
v -0.01878773 0.07694088 0.03502145
v -0.00908481 0.07733864 0.03722179
v -0.06087139 0.04112073 0.00980518
v -0.05921319 0.03726712 0.01601997
v -0.01239798 0.01923982 0.05052419
v -0.01338990 0.02107575 0.04671643
v -0.00983757 0.02226497 0.04968720
v -0.00553174 0.02231376 0.05548725
v -0.00463402 0.02412058 0.05399433
v -0.00816817 0.02402565 0.05013883
v -0.03259598 0.05704491 0.03717246
v -0.03413906 0.06515636 0.03144352
v -0.04157343 0.06463092 0.02702464
v -0.03981289 0.05685470 0.03159630
v -0.02098419 0.10641395 0.01126211
v -0.01055547 0.10766487 0.01401025
v -0.00389012 0.02782281 0.05316481
v -0.00781978 0.02774004 0.05097245
v -0.00708710 0.02668221 0.04942446
v -0.00388547 0.02636234 0.05273983
v -0.02573006 0.00861644 0.04082194
v -0.02623184 0.01110248 0.03918150
v -0.07068358 -0.02750553 -0.05179472
v -0.07284445 -0.02875099 -0.05019813
v -0.07400369 0.01714216 -0.03903688
v -0.07319033 0.00718633 -0.03736338
v -0.07262484 0.01560071 -0.02586299
v -0.07249680 0.02674752 -0.02891998
v -0.07461268 0.03860389 -0.03233094
v -0.07642137 0.04606913 -0.03678464
v -0.07829262 0.03045522 -0.04465955
v -0.07598920 0.02542026 -0.04140130
v -0.06074455 -0.08635870 -0.08524073
v -0.05793331 -0.07627955 -0.08930450
v -0.00465516 0.02052984 0.05795372
v -0.00414239 0.01825449 0.06024963
v -0.02159625 0.03643615 -0.15372477
v -0.02113334 0.02204678 -0.15313406
v -0.04203247 0.02632143 -0.14423844
v -0.04220410 0.04005812 -0.14441554
v -0.06970879 -0.01178428 -0.09528883
v -0.07349242 -0.01110314 -0.08055090
v -0.00919341 -0.00973490 0.06537185
v -0.00632498 -0.00566311 0.06201192
v -0.00698430 -0.00817745 0.06278856
v -0.00640163 -0.00587144 0.06198067
v -0.01012807 -0.01221546 0.06749173
v -0.01300645 -0.01158316 0.06854923
v -0.00764259 -0.01215221 0.06219672
v -0.00677723 -0.01207795 0.06276212
v -0.00626515 -0.00784984 0.06309900
v -0.00652532 -0.00577030 0.06214371
v 0.00069546 -0.01263155 0.07305983
v -0.00033485 -0.01075399 0.07588668
v -0.00482332 -0.01041892 0.07494371
v -0.00312831 -0.01216868 0.07319035
v -0.00547514 -0.00558816 0.06271659
v -0.00463588 -0.00779459 0.06411713
v -0.00436176 -0.00944490 0.06946317
v -0.00592201 -0.00726197 0.06554233
v -0.00559900 -0.00594787 0.06319644
v -0.00619310 -0.00927893 0.06848967
v -0.00458840 -0.01444540 0.06684477
v -0.00765428 -0.00956375 0.06714718
v -0.08312267 -0.02030699 -0.05866788
v -0.06804194 -0.05935038 -0.03734479
v -0.06895968 -0.04494718 -0.04456578
v -0.06778921 -0.04749527 -0.05114584
v -0.06753185 -0.06226851 -0.04694614
v -0.08454177 0.00597993 -0.06321914
v -0.06588672 0.05635147 -0.00703940
v -0.06792890 0.06891324 -0.01497257
v -0.07321534 0.05766839 -0.02706889
v -0.07214711 0.04744564 -0.02317680
v -0.06890529 0.07916101 -0.02270755
v -0.07388981 0.06887553 -0.03368890
v -0.07760304 0.05714063 -0.04427835
v -0.08117276 0.03653330 -0.05940603
v -0.04330890 0.02237903 0.03302147
v -0.04333497 0.02229555 0.03307120
v -0.04164294 0.02211385 0.03434863
v -0.04183308 0.02209052 0.03435173
v -0.04287277 0.02240923 0.03250517
v -0.04127128 0.02211895 0.03347816
v -0.04377345 0.02284645 0.03151698
v -0.04434078 0.02258742 0.03195328
v -0.04443163 0.02246929 0.03197455
v -0.02499521 0.02360469 0.03648822
v -0.02596043 0.02372003 0.03587275
v -0.02869822 0.02282638 0.03579336
v -0.02778066 0.02285883 0.03716660
v -0.02462793 0.02338212 0.03700120
v -0.02765660 0.02262776 0.03743809
v -0.02990114 0.02545173 0.03046376
v -0.02930206 0.02577236 0.03046328
v -0.03065915 0.02517821 0.03047925
v -0.02290939 0.02548168 0.03455012
v -0.02279665 0.02678269 0.03457676
v -0.02860999 0.02696883 0.03066251
v -0.02873386 0.02614507 0.03046485
v -0.02360930 0.02482230 0.03472399
v -0.02165260 0.02490279 0.03454994
v -0.02021150 0.02561595 0.03416258
v -0.02003668 0.02747871 0.03435060
v -0.03232637 0.02181373 0.03743874
v -0.03225428 0.02118883 0.03743227
v -0.02786388 0.02148623 0.03777390
v -0.02776949 0.02212124 0.03770545
v -0.03229888 0.02213809 0.03726685
v -0.03593944 0.02225064 0.03625043
v -0.03563282 0.02187070 0.03651420
v -0.03572676 0.02121032 0.03636884
v -0.02488348 0.02224879 0.03765602
v -0.02490521 0.02293377 0.03744677
v -0.03580977 0.02059850 0.03629203
v -0.03237994 0.02055442 0.03726570
v -0.02790495 0.02093213 0.03770348
v -0.02462023 0.02203511 0.03773815
v -0.02191634 0.02329629 0.03727232
v -0.02316114 0.02328051 0.03724762
v -0.03292758 0.01973697 0.03697028
v -0.03320469 0.01807061 0.03756118
v -0.02829426 0.01789454 0.03793629
v -0.02833076 0.01972826 0.03717996
v -0.03628609 0.01984736 0.03624759
v -0.03629006 0.01828147 0.03608026
v -0.04553816 0.02259503 0.03026831
v -0.04602408 0.02301202 0.02945243
v -0.04595274 0.02259943 0.02947316
v -0.04555943 0.02227691 0.02994913
v -0.04679653 0.01832336 0.02568574
v -0.04789231 0.01929946 0.02473636
v -0.04924208 0.01797804 0.02300135
v -0.04755478 0.01677403 0.02431922
v -0.05534311 0.00849874 0.02075520
v -0.04994880 0.01382532 0.02369890
v -0.05176458 0.01535875 0.02184143
v -0.04500208 0.02245504 0.03111852
v -0.04435144 0.02224220 0.03204088
v -0.04503647 0.02260899 0.03102885
v -0.04550702 0.02287165 0.03013925
v -0.04508170 0.02201038 0.03071225
v -0.04432404 0.02179970 0.03178355
v -0.04325072 0.02210786 0.03310063
v -0.04312737 0.02156315 0.03304645
v -0.04132515 0.02130788 0.03432048
v -0.04129425 0.02194638 0.03445417
v -0.03870317 0.02192089 0.03549074
v -0.03944262 0.02219793 0.03527594
v -0.03894245 0.02124363 0.03529777
v -0.04158426 0.02068141 0.03398238
v -0.03919658 0.02056553 0.03515763
v -0.04319730 0.02101984 0.03253894
v -0.04428180 0.02137855 0.03125434
v -0.04507350 0.02166232 0.03020312
v -0.04576300 0.02191432 0.02945872
v -0.04631967 0.02241649 0.02890399
v -0.04511110 0.02056074 0.02932700
v -0.04539967 0.01927025 0.02825126
v -0.04398398 0.01910386 0.02944235
v -0.04402051 0.02038346 0.03038484
v -0.04625129 0.02087815 0.02861148
v -0.04656861 0.01969331 0.02727976
v -0.04283044 0.02035277 0.03167972
v -0.04260714 0.01911350 0.03089336
v -0.04112598 0.01895722 0.03269732
v -0.04130459 0.02002813 0.03344556
v -0.03846414 0.01996068 0.03509888
v -0.03851913 0.01860497 0.03439949
v -0.03285643 0.02216266 0.03713860
v -0.03298355 0.02228555 0.03559348
v -0.03647194 0.02216105 0.03502237
v -0.03637660 0.02222270 0.03610826
v -0.03980694 0.02209557 0.03529925
v -0.03930368 0.02206905 0.03440637
v -0.03624158 0.02175159 0.03418406
v -0.03478199 0.02431310 0.03026384
v -0.03567451 0.02435053 0.02987008
v -0.03908087 0.02173815 0.03358642
v -0.03317233 0.02204906 0.03469470
v -0.03339204 0.02437800 0.03068364
v -0.02974322 0.02292909 0.03467445
v -0.03182565 0.02481033 0.03054728
v -0.02685341 0.02363457 0.03515324
v -0.03475963 0.03399317 0.03653795
v -0.03462708 0.03251266 0.03780564
v -0.04087028 0.03052738 0.03856610
v -0.04028521 0.03228065 0.03610867
v -0.05317134 -0.00110314 -0.12769414
v -0.05463279 0.01436488 -0.13222682
v -0.04163715 0.00963729 -0.14233543
v -0.04203983 0.03186598 0.03559511
v -0.04208826 0.03187256 0.03563751
v -0.04455984 0.03004547 0.03431731
v -0.04433933 0.03037801 0.03383753
v -0.04201278 0.03175540 0.03582074
v -0.04403811 0.03015955 0.03396631
v -0.03929535 0.03340895 0.03754478
v -0.03956067 0.03336297 0.03742713
v -0.03967660 0.03329093 0.03662962
v -0.04348668 0.02820961 0.02996005
v -0.04269601 0.02915202 0.03080775
v -0.04317178 0.02906252 0.03208369
v -0.04427288 0.02830826 0.03070843
v -0.04419579 0.02748223 0.02925263
v -0.04492640 0.02758101 0.02970919
v -0.03892956 0.02716795 0.02790183
v -0.03858989 0.02735485 0.02827518
v -0.03815409 0.02788765 0.02876892
v -0.03906985 0.02679912 0.02768851
v -0.03916162 0.02637498 0.02755935
v -0.03879103 0.02596905 0.02756145
v -0.03883860 0.02553336 0.02777308
v -0.05735308 -0.00612482 0.02126751
v -0.05790490 0.00364994 0.01986367
v -0.06045461 -0.00376854 0.01650986
v -0.04485766 0.02280078 0.03098043
v -0.04534490 0.02319681 0.03015386
v -0.04427613 0.02312189 0.03063458
v -0.04479995 0.02349795 0.02989436
v -0.04585860 0.02395258 0.02934214
v -0.04606611 0.02356625 0.02924036
v -0.04225464 0.02236723 0.03191033
v -0.03786103 0.02442965 0.02907858
v -0.03818998 0.02459918 0.02864271
v -0.04294243 0.02294145 0.03092649
v -0.04090505 0.02201661 0.03261410
v -0.03712586 0.02432738 0.02950245
v -0.03870411 0.02483175 0.02850561
v -0.03879692 0.02513638 0.02805850
v -0.04347195 0.02330337 0.03029317
v -0.04390028 0.02384310 0.02956910
v -0.04517419 0.02431295 0.02936035
v -0.04428184 0.02533808 0.02854401
v -0.04459966 0.02602380 0.02856310
v -0.04528354 0.02506862 0.02908754
v -0.04544186 0.02592448 0.02892772
v -0.04419691 0.02458492 0.02892421
v -0.04444618 0.02678932 0.02876781
v -0.04527282 0.02675745 0.02913719
v -0.04632901 0.02315428 0.02901445
v -0.04631998 0.02399131 0.02892794
v -0.04673440 0.02530248 0.02839972
v -0.04679843 0.02331455 0.02846302
v -0.04738812 0.02308543 0.02773589
v -0.04679609 0.02161073 0.02794005
v -0.04772023 0.02581547 0.02793730
v -0.04879817 0.02445123 0.02681059
v -0.04814459 0.02186381 0.02617392
v -0.04721583 0.02063195 0.02644946
v -0.04603099 0.02462644 0.02897258
v -0.04629161 0.02566643 0.02863288
v -0.04729573 0.02728297 0.02930984
v -0.04780647 0.02706108 0.02910416
v -0.04667140 0.02693780 0.02932590
v -0.04631262 0.02795145 0.03070257
v -0.04664902 0.02826190 0.03075307
v -0.04736239 0.02772224 0.03113846
v -0.04574056 0.02934036 0.03216699
v -0.04623554 0.02872265 0.03265935
v -0.04545636 0.02912359 0.03226647
v -0.04615756 0.02678511 0.02924369
v -0.04576683 0.02768786 0.03027803
v -0.04504656 0.02873234 0.03169875
v -0.04377076 0.02937394 0.03368707
v -0.04173306 0.03080067 0.03576566
v -0.04118181 0.03012729 0.03390384
v -0.03897227 0.03272271 0.03747596
v -0.03839350 0.03162536 0.03588365
v -0.03488277 0.03006094 0.04291677
v -0.04198230 0.02916682 0.04148042
v -0.03824743 0.03145668 0.03395494
v -0.03601109 0.02876230 0.03025472
v -0.03438152 0.02879089 0.03094521
v -0.03493953 0.03091435 0.03523370
v -0.02356671 0.02780111 0.03511235
v -0.02447142 0.02894246 0.03586828
v -0.02945298 0.02784458 0.03118819
v -0.02892184 0.02743575 0.03093168
v -0.02171185 0.02825150 0.03560611
v -0.02323915 0.02944347 0.03654452
v -0.02885721 0.03044785 0.03614292
v -0.03142620 0.02839840 0.03134837
v -0.03027217 0.02814329 0.03133922
v -0.02657020 0.02980298 0.03598870
v -0.02788754 0.03170161 0.03799761
v -0.02495261 0.03054836 0.03729481
v -0.03507534 0.03217119 0.03714073
v -0.02276395 0.07363629 -0.14814292
v -0.02241161 0.05733720 -0.15254702
v -0.04244830 0.05940148 -0.14334299
v -0.04227091 0.07360131 -0.13967298
v -0.04066797 0.03035443 0.03249238
v -0.03722016 0.02838248 0.02952461
v -0.05254833 0.07477571 -0.13175349
v -0.05156516 0.08376051 -0.12822594
v -0.04252831 0.08572585 -0.13380949
v -0.04087305 -0.06493224 -0.10780951
v -0.03073233 -0.07709374 -0.11496343
v -0.01959081 0.02847555 0.03677045
v -0.02151059 0.03005414 0.03726628
v -0.01833325 0.02710482 0.03645527
v -0.01789643 0.02681568 0.03673024
v -0.01880492 0.02859121 0.03671901
v -0.02052469 0.03029465 0.03722036
v -0.02380102 0.03140193 0.03784800
v -0.02327577 0.03190410 0.03823586
v -0.02704284 0.03362145 0.03923441
v -0.02688217 0.03285370 0.03915354
v -0.03481078 0.03388980 0.03861746
v -0.03517185 0.03445176 0.03878094
v -0.02633080 0.03395233 0.03868907
v -0.02255868 0.03206911 0.03765114
v -0.02552922 0.03393846 0.03747776
v -0.02274897 0.03213603 0.03601559
v -0.03550733 0.03440843 0.03734238
v -0.03540295 0.03434591 0.03840313
v -0.02171889 0.02406861 0.03677196
v -0.01957609 0.02445829 0.03679562
v -0.02225245 0.02430114 0.03640835
v -0.01960797 0.02469713 0.03640533
v -0.02374854 0.02434600 0.03552125
v -0.01855243 0.02536774 0.03626220
v -0.01824516 0.02513122 0.03663407
v -0.02477013 0.02422848 0.03516773
v -0.01814826 0.02860884 0.03643703
v -0.01696703 0.02651533 0.03661475
v -0.01744094 0.02842012 0.03491204
v -0.01677115 0.02633112 0.03541439
v -0.02002453 0.03059282 0.03472749
v -0.01966812 0.03027565 0.03646052
v -0.01742246 0.02505881 0.03668622
v -0.01835747 0.02439293 0.03685420
v -0.01693797 0.02477041 0.03587418
v -0.01819449 0.02397121 0.03594315
v -0.02438832 0.02144128 0.03767676
v -0.02429751 0.01989750 0.03717105
v -0.02126274 0.02286062 0.03747264
v -0.02125349 0.02214133 0.03655144
v -0.03253573 0.01671283 0.03653421
v -0.03591181 0.01673403 0.03555949
v -0.03196949 0.01557320 0.03611856
v -0.03543350 0.01526200 0.03467592
v -0.02739279 0.01656102 0.03646936
v -0.02787335 0.01741097 0.03685744
v -0.04542718 -0.11664682 -0.01881391
v -0.04568541 0.01776380 0.02717601
v -0.04625057 0.01604998 0.02649137
v -0.04478379 0.01574544 0.02817177
v -0.04416539 0.01768128 0.02854749
v -0.04268238 0.01765778 0.03020050
v -0.04286112 0.01572832 0.02974378
v -0.04056629 0.01562889 0.03137043
v -0.04080163 0.01760384 0.03209845
v -0.03804520 0.01728172 0.03374187
v -0.03852273 0.01522913 0.03323127
v -0.04967552 0.02011498 0.02469178
v -0.05064932 0.02292607 0.02435854
v -0.05092283 0.01893280 0.02259137
v -0.05256558 0.02170932 0.02207514
v -0.01608348 0.02829799 0.03580943
v -0.01599354 0.02622333 0.03533302
v -0.01464963 0.02757524 0.03737335
v -0.01492419 0.02580336 0.03684634
v -0.01590449 0.02843934 0.03954056
v -0.01744490 0.03021638 0.03636071
v -0.01669712 0.02457363 0.03576451
v -0.01782115 0.02348252 0.03551232
v -0.01605509 0.02417291 0.03638652
v -0.01713364 0.02283476 0.03636881
v -0.02442566 0.01976364 0.03674374
v -0.02376052 0.01856438 0.03729191
v -0.02150235 0.02170758 0.03601797
v -0.02019632 0.02047222 0.03695493
v -0.05160255 -0.01264385 -0.12358086
v -0.05524650 0.03086684 -0.13373491
v -0.04743399 0.03126954 0.03686335
v -0.04560406 0.02941137 0.03836593
v -0.04226611 0.02965022 0.04176449
v -0.04270443 0.03177930 0.04140115
v -0.05044702 0.03510107 0.03412129
v -0.05257276 0.03174510 0.03031242
v -0.05023799 0.02974257 0.03281773
v -0.04831277 0.02875526 0.03508298
v -0.05215190 0.02469713 0.02547574
v -0.05071646 0.02551699 0.02785102
v -0.05085498 0.02641734 0.02976664
v -0.05241476 0.02607362 0.02771174
v -0.05373398 0.02434087 0.02313515
v -0.05442046 0.02660575 0.02542927
v -0.05096044 0.02819496 0.02967747
v -0.04961142 0.02778490 0.03179792
v -0.05326610 0.02907354 0.02756193
v -0.02359246 0.02906884 0.04370171
v -0.02382195 0.03115892 0.04095250
v -0.02158364 0.03126833 0.03761289
v -0.02027372 0.02970867 0.03950780
v -0.02190255 0.02861596 0.04475527
v -0.01784883 0.02899782 0.04117948
v -0.03600769 0.02996008 0.04630495
v -0.03577162 0.02949015 0.04518344
v -0.02520351 0.03350887 0.03715272
v -0.02326461 0.03232458 0.03673191
v -0.02452518 0.03283869 0.03754063
v -0.02294087 0.03194985 0.03628841
v -0.06020158 0.09494169 -0.10983367
v -0.06238335 0.10066156 -0.09728488
v -0.04563876 0.11190864 -0.10315152
v -0.04478801 0.10451782 -0.11571237
v -0.04203672 0.03073496 0.03640124
v -0.04331550 0.02959944 0.03722870
v -0.04566891 0.02852370 0.03549121
v -0.04473745 0.02935987 0.03509396
v -0.04691394 0.02830748 0.03318888
v -0.04773164 0.02780788 0.03363460
v -0.04858496 0.02717922 0.03150199
v -0.04806852 0.02749897 0.03170772
v -0.04854114 0.02690266 0.03011148
v -0.04890137 0.02661905 0.02940842
v -0.02275875 0.03102692 0.03810780
v -0.02449728 0.03166466 0.03942951
v -0.05410683 0.06233514 -0.13386919
v -0.04436496 0.07234565 0.02170103
v -0.05127373 0.06877293 0.01519673
v -0.04927369 0.06300345 0.02110876
v -0.04435267 0.02861761 0.03914140
v -0.04684697 0.02821206 0.03638807
v -0.04862067 0.02766092 0.03348977
v -0.04959896 0.02692101 0.03110911
v -0.04990557 0.02631044 0.02966226
v -0.07487620 -0.01143139 -0.04296320
v -0.07546908 -0.01232504 -0.04515748
v -0.08398418 -0.00528084 -0.07296021
v -0.08216479 0.00135920 -0.07145904
v -0.08096147 0.00484885 -0.07027803
v -0.08414269 0.01190223 -0.05754582
v -0.08574943 0.01533327 -0.06059349
v -0.08881701 -0.02331672 -0.06422761
v -0.08568908 -0.02558902 -0.06033136
v -0.08869790 -0.02282356 -0.06498289
v -0.09309395 0.01149847 -0.06911075
v -0.09376978 0.00982612 -0.07040726
v -0.09489936 0.00948951 -0.06984543
v -0.04487583 -0.03521734 -0.11529516
v -0.04939656 -0.02184262 -0.12050312
v -0.09409086 0.00812146 -0.07171873
v -0.07700607 -0.00868925 -0.04832474
v -0.08502886 -0.00564297 -0.07315391
v -0.08664114 -0.00607491 -0.07484428
v -0.08762971 -0.01086855 -0.07465545
v -0.08690222 -0.01050039 -0.07412615
v -0.08696096 -0.01600957 -0.07270147
v -0.08632706 -0.01527282 -0.07228346
v -0.08993170 -0.02004972 -0.06795538
v -0.09014657 -0.01578026 -0.07084111
v -0.08675946 0.01577819 -0.06191711
v -0.08686398 0.01515766 -0.06116074
v -0.08746688 0.01586518 -0.06215694
v -0.07792404 -0.00995078 -0.04983483
v -0.08225057 0.00938392 -0.05753742
v -0.08189754 0.00784965 -0.05569775
v -0.08168223 0.00813872 -0.05624791
v -0.07637237 -0.00678040 -0.05483745
v -0.07612281 -0.00601542 -0.05509204
v -0.07741661 -0.00782770 -0.05420542
v -0.07892027 -0.00856775 -0.05168512
v -0.07399084 -0.01647997 -0.05386930
v -0.07392742 -0.01745643 -0.05533698
v -0.07353196 -0.01756280 -0.05411253
v -0.09068192 0.02164287 -0.06393719
v -0.08188858 0.00704318 -0.05519011
v -0.08309162 0.00820537 -0.05557451
v -0.08398453 0.00921441 -0.05597807
v -0.08839332 0.01521311 -0.06205807
v -0.08453090 0.01007838 -0.05613674
v -0.08350854 0.01004602 -0.05651600
v -0.08489313 0.01172195 -0.05729992
v -0.08286171 0.01000359 -0.05692577
v -0.07996043 -0.01487865 -0.06803302
v -0.07862873 -0.01478422 -0.06621179
v -0.07572037 0.00757097 -0.04380269
v -0.07678704 0.00468035 -0.04682820
v -0.08451942 -0.02592178 -0.05792189
v -0.08036093 0.01040174 -0.06473671
v -0.08086468 0.01401500 -0.06642779
v -0.09173618 -0.01159173 -0.07246786
v -0.08560688 -0.01800151 -0.06162730
v -0.08312437 -0.01895151 -0.06068411
v -0.08834109 -0.01679227 -0.06299624
v -0.08994520 -0.01422523 -0.06493873
v -0.07841132 0.00114156 -0.05996106
v -0.08759456 0.00529518 -0.06547134
v -0.08818983 0.00321586 -0.06631953
v -0.08622003 0.00543244 -0.06426677
v -0.08169423 0.01773040 -0.06447296
v -0.08215053 0.01750729 -0.06198190
v -0.07983272 0.01336613 -0.06371561
v -0.08217080 0.01558340 -0.06163490
v -0.07559959 -0.01320588 -0.05365662
v -0.07501969 -0.01862862 -0.05651376
v -0.07607958 -0.01776007 -0.05892975
v -0.07591049 -0.01946061 -0.05794018
v -0.07679775 -0.01877718 -0.06005139
v -0.07693615 -0.01787618 -0.06182384
v -0.07724910 -0.01648658 -0.06337406
v -0.07870791 -0.01442853 -0.06379049
v -0.07528513 -0.00965412 -0.05461622
v -0.08072402 0.01909502 -0.05215985
v -0.07485142 -0.01132259 -0.05449609
v -0.07663390 -0.00794483 -0.05447628
v -0.07656062 -0.00954196 -0.05402553
v -0.07610147 -0.01127493 -0.05370860
v -0.08111568 -0.02015837 -0.05403733
v -0.08123360 -0.01956522 -0.05708815
v -0.07959267 -0.01879279 -0.05326973
v -0.08158157 -0.01953064 -0.05942486
v -0.07831973 -0.01820914 -0.05298277
v -0.08165466 0.01164721 -0.06395371
v -0.08232743 0.01502969 -0.06345351
v -0.07467870 -0.00750677 -0.04098477
v -0.06323028 0.00094779 0.01112103
v -0.06473644 0.01003828 0.00584286
v -0.03399253 -0.05378543 0.03984506
v -0.03478372 -0.05640303 0.03976847
v -0.05433172 -0.00993739 0.02509847
v -0.04925609 -0.01448011 0.02895345
v -0.03097503 -0.05237523 0.05225923
v -0.03116660 -0.05397638 0.05215481
v -0.02993589 -0.05347136 0.05275814
v -0.02999644 -0.05283454 0.05266244
v -0.02883066 -0.05165571 0.05095512
v -0.02901325 -0.05174524 0.05027000
v -0.02913955 -0.05223756 0.05195094
v -0.02924842 -0.05214281 0.05263042
v -0.02940029 -0.03357288 0.05558098
v -0.03094811 -0.02916869 0.04837894
v -0.03456796 -0.03431591 0.04735894
v -0.03290345 -0.03881789 0.05287124
v -0.03053928 -0.05100296 0.04268203
v -0.02902031 -0.04887777 0.04345543
v -0.02822692 -0.04979409 0.04669176
v -0.02926741 -0.05036798 0.04570419
v -0.03140469 -0.05258530 0.04249570
v -0.02980805 -0.05135712 0.04572357
v -0.03273879 -0.05186963 0.04000489
v -0.03094558 -0.04904809 0.04061371
v -0.04452989 -0.05661273 0.04460977
v -0.03956241 -0.05543890 0.04766474
v -0.03813591 -0.05216607 0.04961208
v -0.04254390 -0.05233624 0.04695784
v -0.02465630 -0.01854328 0.04973597
v -0.02822953 -0.02351490 0.04927421
v -0.02583397 -0.02857658 0.05438533
v -0.02220218 -0.02216275 0.05335359
v -0.01842569 -0.01610476 0.05327474
v -0.02169503 -0.01226648 0.05059144
v -0.01931813 -0.00465000 0.05624693
v -0.01990710 -0.00902435 0.05837434
v -0.01950423 -0.01014576 0.06227589
v -0.02012232 -0.00711257 0.06061036
v -0.01601445 -0.01492152 0.06102501
v -0.01960883 -0.01209069 0.05725805
v -0.01095934 -0.01683537 0.06148810
v -0.01073783 -0.01634324 0.06274485
v -0.01606511 -0.01603994 0.05932194
v -0.01576049 -0.01749595 0.05762973
v -0.01095894 -0.01773323 0.06032375
v -0.00989773 -0.01586419 0.06375213
v -0.01332068 -0.01497929 0.06386307
v -0.01547418 -0.01240989 0.06492309
v -0.00193088 -0.01322115 0.07105032
v -0.00414807 -0.01214662 0.07290126
v -0.01191038 0.01739696 0.05346410
v -0.01532699 0.01477616 0.05076140
v -0.01175767 0.01516766 0.05594561
v -0.01516317 0.01263363 0.05318860
v -0.01460113 -0.01027006 0.06809223
v -0.01749650 -0.00797705 0.06643509
v -0.01207508 -0.00926747 0.07135750
v -0.01347762 -0.00608095 0.07068913
v -0.00400773 0.02527706 0.05305540
v 0.00098640 -0.01726151 0.06663090
v 0.00049680 -0.01827058 0.06636795
v 0.00159731 -0.01549308 0.06810047
v -0.02338320 0.09733992 -0.13418429
v -0.02386740 0.10994264 -0.12255508
v -0.02305022 0.12321123 -0.09865669
v -0.02066215 0.12746213 -0.08592457
v 0.00020033 -0.04416740 0.06898559
v -0.00017912 -0.03980552 0.06960304
v -0.00930210 -0.04974050 0.05200649
v -0.00335651 -0.05041512 0.05276116
v -0.00281506 -0.05171786 0.05603505
v -0.00880039 -0.05136824 0.05526476
v -0.01409639 -0.05067965 0.05365048
v -0.01533354 -0.04911890 0.05012016
v -0.01010444 -0.04844613 0.04977736
v -0.00391169 -0.04882042 0.05001634
v -0.00741294 -0.05307604 0.06096007
v -0.00185992 -0.05340310 0.06255303
v -0.00052077 -0.05180652 0.06511645
v -0.00643515 -0.05171632 0.06316015
v -0.01826808 -0.02289606 0.05687080
v -0.01358243 -0.02160248 0.05996225
v -0.00901673 -0.02149049 0.06369737
v -0.00494618 -0.02193535 0.06606835
v -0.00387518 -0.01919950 0.06515542
v -0.00758980 -0.01851686 0.06340037
v -0.00344276 -0.01780578 0.06496582
v -0.00695494 -0.01738735 0.06332808
v -0.00653455 -0.01658885 0.06365572
v -0.00758006 -0.01594091 0.06448865
v -0.00531238 -0.01556852 0.06536006
v -0.00625050 -0.01496998 0.06552806
v -0.00314376 -0.01655510 0.06511324
v -0.00485548 0.00972691 0.06843928
v -0.00440992 0.01285158 0.06535355
v -0.00598884 -0.03796130 0.06872496
v -0.00094026 -0.03617838 0.06982576
v -0.00095500 -0.02944909 0.06886493
v -0.00618357 -0.03004646 0.06826306
v -0.01153191 -0.03148286 0.06604452
v -0.01251207 -0.04007111 0.06664743
v 0.00022276 -0.01973404 0.06631455
v -0.00561798 -0.04154237 0.06787723
v -0.00534527 -0.04512325 0.06646253
v -0.01208782 -0.04359598 0.06528394
v -0.01162069 -0.04676157 0.06378880
v -0.01821391 -0.04336499 0.06342226
v -0.01838987 -0.03394124 0.06407781
v -0.02533125 -0.03663832 0.06047834
v -0.02354719 -0.04620465 0.05964141
v -0.03597457 -0.04916158 0.05211263
v -0.03249088 -0.05227053 0.05129919
v -0.03119190 -0.05093557 0.05274211
v -0.02960943 -0.04982524 0.05443312
v -0.03383837 -0.04562089 0.05430595
v -0.03947382 -0.04830040 0.05029591
v -0.03627691 -0.04364918 0.05188168
v -0.03068180 -0.04143465 0.05712622
v -0.02732330 -0.04802053 0.05653512
v -0.02985863 -0.05139418 0.05326169
v -0.02929342 -0.05202104 0.05309761
v -0.02813270 -0.05049753 0.05433453
v -0.02756603 -0.05141082 0.05401381
v -0.02634731 -0.04977603 0.05574512
v -0.02541116 -0.05085852 0.05511921
v -0.02247090 -0.05020694 0.05668604
v -0.02332318 -0.04851251 0.05808117
v -0.02544987 -0.05098167 0.05207346
v -0.02307894 -0.05108796 0.05317587
v -0.02242237 -0.05142711 0.05427541
v -0.02502308 -0.05145492 0.05312353
v -0.02742951 -0.05116508 0.05106774
v -0.02683971 -0.05178893 0.05243737
v -0.02679305 -0.04978662 0.04768470
v -0.02490047 -0.04887725 0.04838729
v -0.02888046 -0.05130930 0.05020820
v -0.02895662 -0.05185595 0.05147547
v -0.02871322 -0.05254266 0.05283555
v -0.02723867 -0.05161994 0.05325043
v -0.02513823 -0.05122232 0.05410485
v -0.02235940 -0.05103423 0.05557204
v -0.01178603 -0.04909458 0.06245916
v -0.01728462 -0.04869138 0.06082352
v -0.01697716 -0.05063241 0.05907415
v -0.01208575 -0.05198804 0.06111213
v -0.01765949 -0.05233658 0.05773194
v -0.01656413 -0.04752144 0.04739118
v -0.01260492 -0.05277017 0.05889779
v -0.02113879 -0.04816237 0.04725074
v -0.02244261 -0.04648760 0.04484115
v -0.02007579 -0.04964479 0.05082490
v -0.02750973 -0.04835208 0.04473318
v -0.02546822 -0.04745629 0.04548211
v -0.02923224 -0.04670560 0.04167748
v -0.02692648 -0.04575529 0.04287924
v -0.01844152 -0.05218883 0.05611525
v -0.01753705 -0.04642154 0.06204250
v -0.00569456 -0.04819021 0.06480560
v -0.00017545 -0.04799618 0.06728759
v -0.00429081 0.00218185 0.07589129
v -0.00488015 0.00629411 0.07208205
v -0.02951732 -0.05277044 0.05300850
v -0.02459205 -0.12824777 -0.00288314
v -0.03281992 -0.05422120 0.05087548
v -0.03221489 -0.05465043 0.04236883
v -0.03016028 -0.05270968 0.04579590
v -0.04557699 -0.06160204 0.04388516
v -0.04375735 -0.06690854 0.04587415
v -0.03921691 -0.06361178 0.04891669
v -0.04085462 -0.05960736 0.04673416
v -0.03255578 -0.05966683 0.05235447
v -0.03305648 -0.05655491 0.05142040
v -0.03122379 -0.05594818 0.05249876
v -0.02947729 -0.05834106 0.05379533
v -0.02753392 -0.05646571 0.05500541
v -0.02959035 -0.05479803 0.05350652
v -0.02488229 -0.05308803 0.05516557
v -0.01916386 -0.05454493 0.05660199
v -0.02147364 -0.05669640 0.05099918
v -0.02678039 -0.05591370 0.04977608
v -0.02936123 -0.05383115 0.04696393
v -0.02820203 -0.05205359 0.05200182
v -0.02607532 -0.05379659 0.05700717
v -0.02851469 -0.05270435 0.05392103
v -0.02059334 -0.05495552 0.05888038
v -0.03584396 -0.12376592 -0.01011022
v -0.02898414 -0.05333281 0.05394110
v -0.02666103 -0.05446059 0.05623072
v -0.02165182 -0.05593213 0.05857888
v -0.02334741 -0.05889840 0.05709053
v -0.02495200 -0.06126592 0.05635498
v -0.02850543 -0.06372921 0.05566752
v -0.03598011 -0.06865861 0.05143613
v -0.04025814 -0.07268363 0.04722408
v -0.03022441 -0.07257089 0.05263382
v -0.03419418 -0.07698752 0.05016355
v -0.02358983 -0.06660254 0.05839855
v -0.01986707 -0.06315918 0.05880148
v -0.01839884 -0.06053619 0.05919759
v -0.01684024 -0.05790946 0.06079756
v -0.00075934 -0.02216514 0.06694211
v -0.00352592 -0.01504513 0.06646236
v -0.00184863 -0.01426538 0.06852497
v -0.00659853 -0.01062776 0.07345659
v 0.00135373 -0.01413585 0.07041750
v -0.01005807 -0.00903714 0.07288234
v -0.00773216 -0.00925508 0.07425207
v -0.00893771 -0.00745148 0.07487340
v -0.01044091 -0.00683443 0.07368312
v -0.00575797 -0.00943179 0.07553927
v -0.00745483 -0.00745313 0.07578227
v -0.00105667 -0.01012510 0.07746739
v -0.00229788 -0.00686290 0.07897139
v -0.00354458 -0.00144380 0.07804152
v -0.00269350 -0.00490281 0.07849246
v -0.00902885 -0.00575121 0.07511403
v -0.01009890 -0.00421978 0.07298502
v -0.01127556 -0.00093685 0.07075503
v -0.01451374 -0.00297870 0.06785060
v -0.01136305 0.13171667 -0.04220742
v -0.01537163 -0.05688104 0.06069516
v -0.01364305 -0.05620555 0.05814978
v -0.02684881 -0.06478161 0.04347873
v -0.02492714 -0.06194846 0.04667289
v -0.01962352 -0.06275339 0.04612648
v -0.02245454 -0.06686200 0.04422283
v -0.00926899 -0.05776474 0.05842073
v -0.01196486 -0.05984035 0.05137254
v -0.01613031 -0.05805695 0.05130173
v -0.00997590 -0.05839992 0.06098435
v -0.01097167 -0.05983639 0.06136102
v -0.01271156 -0.06233682 0.06068953
v -0.01593035 -0.06462489 0.04558449
v -0.01847560 -0.06856225 0.04337034
v -0.03172999 -0.05636399 0.04309638
v -0.03380843 -0.05932593 0.04056612
v -0.02901517 -0.05966751 0.04506713
v -0.03046553 -0.06155734 0.04279152
v -0.02793111 -0.08069066 0.05208996
v -0.02372104 -0.07593929 0.05321039
v -0.01455854 -0.06504304 0.06019321
v -0.01737319 -0.06937487 0.05855990
v -0.02381295 0.11784683 -0.11123152
v -0.06253314 0.07599414 -0.00717277
v -0.06034996 0.06833960 -0.00049071
v -0.05370827 0.07571092 0.00737303
v -0.05602669 0.08149804 0.00073364
v -0.06346491 0.08399913 -0.01502777
v -0.05693203 0.08873045 -0.00672937
v -0.04131250 0.12403198 -0.06196745
v -0.04177858 0.12302966 -0.04776077
v -0.02259999 0.12903720 -0.04353003
v -0.03615084 0.12437385 -0.07596360
v -0.04882215 0.11602811 -0.08576863
v -0.05098510 0.11830316 -0.06635714
v -0.05071196 0.11784160 -0.05094764
v -0.03184147 -0.09077179 -0.11627997
v -0.05509311 0.04428795 -0.13403602
v -0.04926758 0.11649908 -0.03719490
v -0.04097061 0.12080182 -0.03413451
v -0.04038218 0.11729462 -0.02198584
v -0.04784140 0.11383504 -0.02566415
v -0.02233498 0.12625445 -0.02931316
v -0.01124366 0.12847634 -0.02741293
v -0.02070844 0.00547605 -0.15052982
v -0.00409597 0.01580263 0.06225151
v -0.05194101 -0.05076607 -0.09829034
v -0.06328152 -0.05018368 -0.08023806
v -0.07100746 -0.09950101 -0.05459292
v -0.07478157 -0.02663384 -0.05978281
v -0.07442763 -0.02599428 -0.06052570
v -0.06686050 -0.06279831 -0.05967423
v -0.06738305 -0.04901801 -0.06117722
v -0.04176213 -0.05069742 -0.11057936
v -0.08310712 -0.01646591 -0.07148495
v -0.08407489 -0.01316700 -0.07266863
v -0.08455858 -0.01753797 -0.07103338
v -0.08537217 -0.01376054 -0.07243241
v -0.08532953 -0.00955252 -0.07319969
v -0.08528511 -0.01935914 -0.07012371
v -0.08175270 0.01779791 -0.06032675
v -0.08387233 0.01912099 -0.05917607
v -0.07429766 -0.02739896 -0.05503507
v -0.07422275 -0.02699905 -0.05699671
v -0.07350632 -0.02677409 -0.05600679
v -0.07336070 -0.02691958 -0.05448462
v -0.07395145 -0.02756620 -0.05310365
v -0.07298078 -0.02696498 -0.05311620
v -0.07956684 0.03590774 -0.05041390
v -0.07075542 -0.02631495 -0.05745157
v -0.07355518 -0.02581831 -0.06007139
v -0.07353540 -0.02627834 -0.05841538
v -0.07306883 -0.02657841 -0.05676112
v -0.07232551 -0.02705737 -0.05435683
v -0.07221610 -0.02718846 -0.05233235
v -0.07320301 -0.02786321 -0.05173925
v -0.08563710 -0.02040140 -0.07028059
v -0.07867267 -0.02961775 -0.05787644
v -0.08120080 0.01037525 -0.06615916
v -0.08143379 0.00838900 -0.06793153
v -0.08394903 0.00992682 -0.06922879
v -0.08367250 0.01212933 -0.06765851
v -0.06232971 -0.01172012 -0.11131531
v -0.06434159 -0.00022649 -0.11561746
v -0.01691737 -0.08889316 -0.12129857
v -0.01566779 -0.07473829 -0.12107505
v -0.07868136 0.03311449 -0.09886332
v -0.08108918 0.01200228 -0.06478375
v -0.08368598 0.01391972 -0.06617439
v -0.08428861 -0.00923735 -0.07314860
v -0.07941362 0.01165708 -0.06515669
v -0.07980538 0.00989078 -0.06658415
v -0.08516024 0.01544403 -0.06772275
v -0.08511420 0.01342645 -0.06927536
v -0.08570840 0.01096325 -0.07081577
v -0.08017851 0.00786841 -0.06803077
v -0.08175684 0.01600056 -0.06638368
v -0.08208191 0.06476621 -0.07286722
v -0.08175853 0.05889704 -0.08731841
v -0.07854552 0.08206995 -0.07528813
v -0.07797190 0.07717028 -0.09087302
v -0.07371417 0.07125986 -0.10707995
v -0.07729126 0.05177452 -0.10371438
v -0.08193658 0.01769214 -0.06070551
v -0.08517683 0.01985528 -0.05963020
v -0.06432461 0.09092254 -0.02253638
v -0.06965251 0.08621414 -0.03002304
v -0.05740774 0.09507617 -0.01365148
v -0.05755909 0.10080034 -0.02010425
v -0.06403985 0.09744849 -0.02927653
v -0.07137236 0.09089866 -0.04172146
v -0.08081428 0.05491602 -0.05861085
v -0.07985189 0.06999489 -0.05830466
v -0.07632187 0.07382154 -0.04429481
v -0.07606094 0.08682028 -0.05920913
v -0.06750295 0.10051660 -0.04766936
v -0.07135385 0.09731046 -0.06229632
v -0.06058245 0.10937995 -0.05115009
v -0.06287979 0.10762893 -0.06597400
v -0.06279755 0.10535191 -0.08196207
v -0.07319775 0.09350639 -0.07770242
v -0.06242397 0.10335131 -0.03518711
v -0.05616724 0.10598210 -0.02531648
v -0.05751944 0.11012691 -0.03837478
v -0.05407438 0.11030760 -0.02970507
v -0.07393630 0.07552464 -0.03660757
v -0.06872509 -0.03188963 -0.05282645
v -0.07048462 -0.03077232 -0.04671263
v -0.07398359 -0.01948657 -0.03792179
v -0.06798095 0.00428850 -0.00074141
v -0.06808969 0.01520751 -0.00413085
v -0.07274898 0.00865077 -0.01448462
v -0.07266067 -0.00505518 -0.01195664
v -0.06638511 0.02779766 -0.00629250
v -0.07130139 0.02130566 -0.01692075
v -0.07053731 0.03487975 -0.01979530
v -0.06638792 0.04093405 -0.00780586
v -0.06501289 0.06584430 -0.12239279
v -0.06731506 0.04854721 -0.12134963
v -0.06794853 0.03510628 -0.12049575
v -0.04722425 0.05617628 0.02468387
v -0.02313374 0.08791730 -0.14110036
v -0.04628928 0.07985086 0.01465838
v -0.05674574 0.08739489 -0.12101590
v -0.04332623 0.09363144 -0.12739447
v -0.07263181 0.08894735 -0.09300725
v -0.06958923 0.08391478 -0.10670451
v -0.06171914 0.07747180 -0.12190479
v -0.06717874 0.01812774 -0.11969517
v -0.04819371 0.10943817 -0.01832243
v -0.05621096 0.02398827 0.02017884
v -0.05507521 0.02043839 0.01917793
v -0.05686533 0.02779247 0.02216418
v -0.05289117 0.01678285 0.02039594
v -0.01834588 0.01143594 0.04825809
v -0.01813471 0.00995478 0.05075411
v -0.01781915 0.00724296 0.05267766
v -0.02103219 0.00702362 0.04842722
v -0.02023614 0.00384184 0.05047267
v -0.01363813 0.00736600 0.05830223
v -0.01475697 0.01004693 0.05554295
v -0.01637667 0.00452198 0.05462304
v -0.01687649 0.00171041 0.05723301
v -0.01363666 0.00430230 0.06053826
v -0.01904503 -0.01218901 0.05469102
v -0.02010637 -0.00701438 0.05190717
v -0.01880242 -0.00208646 0.05379821
v -0.02320467 0.00031735 0.04886098
v -0.02166257 -0.00322969 0.05024880
v -0.01921111 0.00090675 0.05198786
v -0.02423537 0.00364988 0.04609190
v -0.01819463 -0.00135975 0.06011304
v -0.01872004 -0.00522244 0.06398969
v -0.01455867 0.00111990 0.06437704
v -0.01166863 0.00244620 0.06727961
v -0.01155873 0.00631760 0.06413765
v -0.02140173 0.00888793 0.04574421
v -0.02511393 0.00595106 0.04330230
v -0.02433153 -0.00787167 0.04914403
v -0.02805176 -0.01272148 0.04752640
v -0.02645691 -0.00358150 0.04664235
v -0.02974019 -0.00779126 0.04494149
v -0.02769442 0.00003457 0.04343994
v -0.03128026 -0.00359385 0.04181507
v -0.03129301 -0.01808046 0.04589649
v -0.03444734 -0.02275414 0.04450580
v -0.03749893 -0.02922649 0.04297134
v -0.03668175 -0.01707967 0.04157302
v -0.03993939 -0.02285017 0.03907064
v -0.03885772 -0.01075574 0.03893301
v -0.04202796 -0.01660697 0.03621075
v -0.03353714 -0.01185866 0.04304340
v -0.03526515 -0.00729909 0.04021194
v -0.03280780 0.00064015 0.03914665
v -0.02887082 0.00326359 0.04069768
v -0.04100571 0.00144687 0.03524767
v -0.04008137 -0.00492407 0.03673193
v -0.03662901 -0.00219152 0.03795502
v -0.03744986 0.00315320 0.03595952
v -0.04452422 -0.00866109 0.03446136
v -0.04447232 -0.00024557 0.03350507
v -0.04414483 0.00502779 0.03230469
v -0.03114849 0.01343203 0.03651462
v -0.02691888 0.01479202 0.03729979
v -0.03459723 0.01298811 0.03477727
v -0.04075091 0.00623158 0.03369773
v -0.03749263 0.00710946 0.03448810
v -0.04779280 0.01279957 0.02597342
v -0.04571543 0.01202212 0.02786759
v -0.04051108 0.01263847 0.03199805
v -0.03774491 0.01272715 0.03322212
v -0.04337299 0.01240724 0.03017574
v -0.02298952 0.01677134 0.03795147
v -0.01917406 0.01884947 0.03795912
v -0.06346492 -0.06271521 -0.07707387
v -0.01112596 0.00962119 0.06159988
v -0.01144469 0.01236853 0.05875869
v -0.01476429 0.02842512 0.04302327
v -0.01278780 0.02779737 0.04198505
v -0.00715054 0.02536765 0.04990106
v -0.01782196 0.02791699 0.04639018
v -0.01632396 0.02113236 0.03832795
v -0.01422737 0.02325213 0.03884923
v -0.01285040 0.02497589 0.03987125
v -0.01234302 0.02654931 0.04100067
v -0.02723720 0.03904274 0.04517484
v -0.02509277 0.03229430 0.05063230
v -0.05748875 0.06164662 0.00892690
v -0.06097837 0.05327505 0.00426731
v -0.05156882 0.04087940 0.03022335
v -0.05481175 0.03681115 0.02731306
v -0.05691505 0.03187608 0.02434855
v -0.06276024 0.04197015 0.00115527
v -0.06391248 0.03022181 0.00162573
v -0.06460608 0.01967519 0.00269771
v -0.04882953 0.09261540 0.00168064
v -0.04901193 0.09883891 -0.00488702
v -0.04814950 0.08601385 0.00856281
v -0.04000570 0.11272135 -0.01282727
v -0.03999133 0.10776540 -0.00474881
v -0.04883929 0.10445038 -0.01150394
v -0.04029009 0.10208984 0.00219911
v -0.04040854 0.09589387 0.00864448
v -0.03980332 0.08944896 0.01545770
v -0.03848236 0.08313126 0.02154916
v -0.03661691 0.07429510 0.02747925
v -0.05344196 -0.06396092 -0.09640527
v -0.00627688 -0.00549738 0.06215648
v -0.00578153 -0.00562775 0.06254999
v -0.00608596 -0.00546305 0.06199076
v -0.00550155 -0.00555591 0.06249820
v -0.00595972 -0.00571390 0.06238044
v -0.00621467 -0.01334472 0.06495639
v -0.00510819 -0.01126530 0.06393647
v -0.00540773 -0.00780264 0.06330802
v -0.07417109 -0.02598218 -0.04012232
v -0.06753257 -0.09730069 -0.07024162
v -0.06184856 -0.09516203 -0.08439095
v 0.05339536 -0.10577250 -0.07026068
v 0.05057596 -0.10170268 -0.08450981
v 0.01083245 -0.13459718 -0.01087217
v 0.02437960 -0.13279830 -0.01815014
v 0.02874490 -0.14086241 -0.01674320
v 0.01470857 -0.14252217 -0.01100276
v 0.05903377 -0.12353031 -0.07592651
v 0.05461367 -0.11510293 -0.07144457
v 0.05264915 -0.11090427 -0.08693033
v 0.05813608 -0.11919947 -0.09259700
v 0.04777731 -0.10797673 -0.10061754
v 0.05152182 -0.11772873 -0.10679056
v 0.04108867 -0.11770915 -0.11784657
v 0.03853964 -0.10618622 -0.11140177
v 0.02646908 -0.10531667 -0.11952487
v 0.02825234 -0.11817575 -0.12501168
v 0.03799041 -0.12880950 -0.02711004
v 0.04812475 -0.12386710 -0.04057456
v 0.05126406 -0.13301773 -0.04236219
v 0.04162101 -0.13765925 -0.02745093
v 0.05392560 -0.11928135 -0.05537948
v 0.05745373 -0.12816215 -0.05866756
v 0.01338239 -0.11822416 -0.12848398
v 0.01240491 -0.10414401 -0.12352075
v 0.01880217 -0.16119732 -0.01333109
v 0.00452413 -0.16235064 -0.01055686
v 0.00444284 -0.15227610 -0.00907039
v 0.01741516 -0.15168807 -0.01254289
v 0.05208568 -0.16697516 -0.03548603
v 0.06731485 -0.16086604 -0.05115972
v 0.07270371 -0.16948090 -0.04738692
v 0.05559460 -0.17662196 -0.03205534
v 0.09450931 -0.16809841 -0.06095741
v 0.10511708 -0.15722606 -0.08452163
v 0.03511329 -0.16991174 -0.02216727
v 0.03701859 -0.17963241 -0.01844869
v -0.00243698 -0.13145085 -0.13578928
v -0.00231028 -0.11781895 -0.12895392
v 0.09683502 -0.15082613 -0.08724955
v 0.09669033 -0.14679949 -0.11240806
v 0.10784812 -0.15339294 -0.11070232
v 0.05536088 -0.16777501 -0.15309639
v 0.05567833 -0.17482711 -0.15599641
v 0.07072295 -0.17004123 -0.15389627
v 0.06675231 -0.16354111 -0.15000387
v 0.07596005 -0.13339256 -0.10691825
v 0.06483131 -0.13392992 -0.12317672
v 0.07318469 -0.14225399 -0.12854433
v 0.08640269 -0.14022492 -0.11144079
v 0.03763514 -0.15161774 -0.14579582
v 0.05620533 -0.14643778 -0.13928716
v 0.05054285 -0.13858415 -0.13418753
v 0.03326729 -0.14066623 -0.14040707
v 0.08764417 -0.14542599 -0.08801816
v 0.07732509 -0.13926302 -0.08566850
v 0.07887191 -0.15388042 -0.06857479
v 0.07037816 -0.14576787 -0.06691219
v 0.06049699 -0.15253928 -0.05034173
v 0.05780171 -0.12615244 -0.11505251
v 0.04532620 -0.12803806 -0.12593697
v 0.03002083 -0.13003726 -0.13266878
v 0.01390271 -0.13103910 -0.13563964
v -0.00208043 -0.18113904 -0.15471627
v -0.00215168 -0.16867585 -0.15263417
v 0.01756596 -0.15362784 -0.14768882
v 0.01568164 -0.14269181 -0.14289112
v 0.08682393 -0.16051081 -0.06654070
v 0.06250710 -0.13765799 -0.06393313
v 0.05608972 -0.14296566 -0.04570590
v 0.06119590 -0.18307102 -0.02060957
v 0.08004916 -0.17834441 -0.03905354
v 0.03996040 -0.18630834 -0.00799532
v 0.01995041 -0.18933800 -0.00020696
v 0.01892135 -0.16748245 -0.15151626
v 0.01782269 -0.17967121 -0.15407558
v 0.03912530 -0.17656754 -0.15506327
v 0.04284869 -0.16379365 -0.15147667
v 0.04875325 -0.15740956 -0.03280365
v 0.03380492 -0.15984936 -0.02093484
v 0.01906548 -0.17149651 -0.01271473
v 0.06600215 -0.12663817 -0.09949330
v 0.06707079 -0.13143422 -0.08113918
v 0.04580822 -0.14709282 -0.02961983
v 0.03188534 -0.15014994 -0.01878980
v 0.00202386 -0.14330833 -0.00637079
v 0.01940049 -0.18105723 -0.00862114
v 0.09663970 -0.15723091 -0.13324754
v 0.08420791 -0.16394779 -0.14683148
v 0.07798959 -0.15985449 -0.14493765
v -0.00257908 -0.15463904 -0.14885595
v -0.00762992 -0.15192148 -0.00766255
v -0.00832844 -0.16245045 -0.00983089
v -0.00799180 -0.14298473 -0.00483944
v 0.08259078 -0.15136532 -0.13458847
v 0.06226579 -0.15589246 -0.14509524
v -0.01066929 -0.13594784 -0.00236377
v -0.00256241 -0.10326312 -0.12464622
v -0.00873387 -0.17451820 -0.01220526
v -0.00981697 -0.18633124 -0.00959695
v -0.01123812 -0.19454382 -0.00058690
v -0.00047782 -0.13625754 -0.00458344
v 0.00457586 -0.18423150 -0.00801053
v 0.00480020 -0.17332377 -0.01104120
v 0.00308794 -0.19317253 0.00003962
v -0.00217144 -0.14316778 -0.14325190
v -0.03351165 -0.13018425 -0.01172590
v -0.04517469 -0.12447511 -0.01970747
v -0.04596575 -0.13384786 -0.02013350
v -0.03202821 -0.13848047 -0.01343214
v -0.07116838 -0.11698201 -0.07646429
v -0.06921914 -0.10671744 -0.07167502
v -0.06429186 -0.10469486 -0.08724690
v -0.06808102 -0.11451904 -0.09330028
v -0.05675893 -0.10456810 -0.10145166
v -0.05935883 -0.11509991 -0.10773909
v -0.04704713 -0.11675449 -0.11853718
v -0.04550607 -0.10464360 -0.11223077
v -0.03184951 -0.10490807 -0.12005096
v -0.03306861 -0.11779088 -0.12551215
v -0.05835753 -0.11839369 -0.02781876
v -0.06696861 -0.11296640 -0.04042922
v -0.06731257 -0.12360702 -0.04300330
v -0.06011264 -0.12804580 -0.02865503
v -0.07178356 -0.10903887 -0.05489840
v -0.07213646 -0.12022270 -0.05855744
v -0.01773343 -0.11811495 -0.12866744
v -0.01737577 -0.10400267 -0.12376898
v -0.03492361 -0.15877396 -0.01452939
v -0.02085401 -0.16146204 -0.01148809
v -0.01987813 -0.15062624 -0.01036345
v -0.03300151 -0.14827493 -0.01469976
v -0.06748597 -0.16211309 -0.03624110
v -0.08057830 -0.15530002 -0.05161696
v -0.08794402 -0.16262297 -0.04788121
v -0.07221307 -0.17162311 -0.03217886
v -0.11063051 -0.15852702 -0.06095691
v -0.11933383 -0.14749242 -0.08417222
v -0.05168742 -0.16675775 -0.02238165
v -0.05452023 -0.17679891 -0.01828175
v -0.10792601 -0.14421333 -0.08731370
v -0.10643985 -0.14132029 -0.11241997
v -0.12082126 -0.14408116 -0.11044016
v -0.06118800 -0.16702104 -0.15357718
v -0.06137227 -0.17413485 -0.15649928
v -0.07818396 -0.16796991 -0.15435211
v -0.07336941 -0.16212165 -0.15034543
v -0.08331133 -0.13131809 -0.10728732
v -0.07105755 -0.13387676 -0.12334804
v -0.08032126 -0.14023872 -0.12851331
v -0.09455427 -0.13660361 -0.11135345
v -0.04259381 -0.15145560 -0.14594902
v -0.06202549 -0.14531589 -0.13942336
v -0.05515449 -0.13645025 -0.13393624
v -0.03770560 -0.14068854 -0.14042109
v -0.09711333 -0.14055412 -0.08790951
v -0.08684509 -0.13487804 -0.08651142
v -0.09010987 -0.14845659 -0.06857824
v -0.08157247 -0.14200628 -0.06865829
v -0.07453037 -0.14631237 -0.05044073
v -0.06416067 -0.12498581 -0.11556418
v -0.05035022 -0.12779157 -0.12615767
v -0.03457560 -0.13002424 -0.13268788
v -0.01778974 -0.13328709 -0.13579234
v -0.02234989 -0.15508829 -0.14783640
v -0.02140911 -0.13928393 -0.14268535
v -0.09964757 -0.15382445 -0.06670877
v -0.07438891 -0.13189724 -0.06426430
v -0.06976639 -0.13513169 -0.04655842
v -0.08016796 -0.17771836 -0.02043204
v -0.09810132 -0.16978177 -0.03896166
v -0.05974649 -0.18285593 -0.00691582
v -0.04077487 -0.18659861 0.00106653
v -0.02433185 -0.16712441 -0.15171263
v -0.02259655 -0.17950958 -0.15419881
v -0.04352827 -0.17678477 -0.15540957
v -0.04803024 -0.16352455 -0.15175305
v -0.06463647 -0.15100509 -0.03427826
v -0.05001193 -0.15541333 -0.02250487
v -0.03613507 -0.17005336 -0.01287204
v -0.07400463 -0.12392086 -0.10017690
v -0.07703809 -0.12735486 -0.08251882
v -0.06241507 -0.13896990 -0.03117261
v -0.04778432 -0.14455490 -0.02133412
v -0.02058456 -0.14145882 -0.00794292
v -0.03758102 -0.17922790 -0.00786743
v -0.10843286 -0.15095003 -0.13270316
v -0.09412468 -0.16003980 -0.14672659
v -0.08555105 -0.15766783 -0.14502285
v -0.09073929 -0.14837165 -0.13463888
v -0.06822759 -0.15497813 -0.14532520
v -0.02231078 -0.13404940 -0.00553045
v -0.02296864 -0.18331319 -0.00721198
v -0.02165623 -0.17295001 -0.01131530
v -0.02494340 -0.19112785 0.00093720
v -0.00636093 -0.00579618 0.06208884
v -0.07216324 -0.02661527 -0.01722503
v -0.07238559 -0.03343784 -0.02538071
v -0.07091971 -0.04435217 -0.01846038
v -0.07016091 -0.03659035 -0.01005804
v -0.06832588 -0.05314768 -0.01151569
v -0.06827310 -0.04409816 -0.00475277
v -0.06415398 -0.06142505 -0.00384448
v -0.06517678 -0.05147969 0.00117738
v -0.06270571 -0.06695373 0.00486955
v -0.06202022 -0.05818676 0.00898758
v -0.05934372 -0.07782876 0.02704340
v -0.06012628 -0.08290426 0.02167262
v -0.05911119 -0.08891886 0.02930204
v -0.05607333 -0.08532654 0.03472231
v -0.05431939 -0.09442538 0.03513489
v -0.05172878 -0.09117636 0.04059926
v -0.04766653 -0.09969443 0.03771750
v -0.04504649 -0.09707858 0.04331446
v -0.03863918 -0.10459296 0.03807411
v -0.03598998 -0.10199572 0.04374946
v -0.02830997 -0.09332220 0.04905128
v -0.03696158 -0.08932287 0.04963069
v -0.04084371 -0.09317880 0.04701670
v -0.03303870 -0.09881175 0.04667987
v -0.04302415 -0.08459984 0.04780894
v -0.04750396 -0.08771632 0.04484629
v -0.04811504 -0.07911248 0.04324832
v -0.05206485 -0.08226745 0.04010501
v -0.05231461 -0.07264031 0.03791828
v -0.05550041 -0.07535021 0.03299934
v -0.05413054 -0.06634679 0.03448886
v -0.05666075 -0.06688794 0.02830120
v -0.04772446 -0.10135625 0.03047544
v -0.03935274 -0.10621995 0.03138650
v -0.05407436 -0.09696168 0.02801883
v -0.05769262 -0.09126258 0.02279522
v -0.05976216 -0.08603881 0.01585172
v -0.06178665 -0.07402716 0.01357416
v -0.05951385 -0.08192904 0.00841988
v -0.06196261 -0.07405339 0.00082661
v -0.06196142 -0.06890061 -0.00842759
v -0.06728590 -0.05977979 -0.01787305
v -0.07062423 -0.04956149 -0.02627568
v -0.07171690 -0.03791147 -0.03311502
v -0.07283024 -0.02609314 -0.03031299
v -0.03875872 -0.08150479 0.04916339
v -0.03231706 -0.08498479 0.05062997
v -0.04348590 -0.07680988 0.04530333
v -0.04793534 -0.07038334 0.04147393
v -0.05017630 -0.06408472 0.03970583
v -0.04676762 -0.05169430 0.04244638
v -0.04896854 -0.05753728 0.03991140
v -0.03878001 -0.04003967 0.04649772
v -0.04286439 -0.04645399 0.04578871
v -0.04363422 -0.03094283 0.03687888
v -0.04872750 -0.03988907 0.03513321
v -0.04614480 -0.04424422 0.03985121
v -0.04121429 -0.03601303 0.04148358
v -0.04572007 -0.02389221 0.03179342
v -0.05103993 -0.03507484 0.02886071
v -0.04741713 -0.10331577 0.02425654
v -0.03945513 -0.10744764 0.02411110
v -0.05281949 -0.09933580 0.02199534
v -0.05454720 -0.09562235 0.01762814
v -0.05505927 -0.09270798 0.01199936
v -0.05644275 -0.08922573 0.00518632
v -0.05608175 -0.08566398 -0.00257649
v -0.05723201 -0.07953447 -0.01201966
v -0.06406348 -0.06903902 -0.02308042
v -0.06952329 -0.05542689 -0.03297484
v -0.07019373 -0.04318328 -0.04038614
v -0.04654990 -0.10187048 0.00279105
v -0.04783925 -0.10269216 0.00770614
v -0.05012124 -0.10395140 0.01133465
v -0.04970852 -0.10544277 0.01481449
v -0.04475412 -0.10859778 0.01394881
v -0.03729220 -0.11246833 0.01320373
v -0.03826568 -0.11170658 0.00937721
v -0.03292034 -0.11496329 0.00916411
v -0.03758824 -0.11195982 0.00624322
v -0.02891249 -0.11655743 0.00686918
v -0.03611226 -0.11250784 0.00366901
v -0.02468996 -0.11863441 0.00509290
v -0.05265127 -0.05905467 0.03374377
v -0.05458260 -0.05743445 0.02746021
v -0.05257121 -0.04849920 0.03095364
v -0.05483732 -0.04495813 0.02474583
v -0.05651603 -0.05408385 0.02036267
v -0.05077146 -0.05144513 0.03643679
v -0.06061783 -0.04816403 0.01318981
v -0.05841435 -0.03807050 0.01876110
v -0.05385769 -0.02649982 0.02423595
v -0.06108623 -0.03015630 0.01382323
v -0.06394123 -0.04144331 0.00674625
v -0.05735397 -0.02043685 0.02000860
v -0.06046033 -0.01452528 0.01621524
v -0.06379992 -0.02473747 0.00921002
v -0.06649277 -0.03455348 0.00269079
v -0.05923005 -0.06636029 0.01821136
v -0.06883555 -0.02874552 -0.00250047
v -0.06312785 -0.01072998 0.01150936
v -0.06626999 -0.01908375 0.00454265
v -0.06584466 -0.00552100 0.00553731
v -0.06924504 -0.01349454 -0.00227797
v -0.07140417 -0.02049035 -0.01052063
v -0.07320946 -0.01836096 -0.02571655
v -0.02458899 -0.08854948 0.05048773
v -0.06873075 -0.03133654 -0.05774775
v -0.02218064 -0.03059931 0.05938450
v -0.01604013 -0.02759196 0.06216414
v -0.01038673 -0.02628739 0.06515129
v -0.00558671 -0.02583545 0.06742209
v -0.00055059 -0.02586833 0.06793408
v -0.01590583 -0.12625146 0.00236327
v -0.00041082 0.03081210 0.05706285
v -0.01935206 -0.12108509 0.00442318
v -0.01374506 -0.07050773 0.04208735
v -0.00092185 0.12932532 -0.02630680
v -0.02117886 -0.08395747 0.05134077
v -0.01114643 -0.06659749 0.04521120
v 0.00086126 0.00667595 0.07345806
v -0.01810078 -0.07965305 0.05227420
v -0.00902217 -0.06839016 0.06011414
v -0.00532748 -0.06207201 0.06068719
v 0.00057308 0.07626951 0.03848185
v -0.00697199 -0.06501748 0.05984821
v 0.00375431 -0.02242384 0.06646851
v 0.00135318 0.00288838 0.07709018
v -0.00521259 -0.06061373 0.05920838
v -0.00150548 -0.04981906 -0.12639019
v -0.01237088 -0.07277690 0.05769534
v -0.00772147 -0.06209191 0.05083586
v -0.00518936 -0.05984411 0.05772836
v 0.00442163 -0.04945775 0.04989670
v 0.00431479 -0.02665872 0.06762256
v 0.00047346 0.02120392 0.05882172
v -0.00100580 -0.00946175 -0.14832544
v 0.00024489 0.01942568 0.06130338
v -0.00048800 0.10141231 0.02229240
v 0.00048682 0.08707696 0.03373280
v 0.00035997 0.01024284 0.06939431
v -0.00066411 0.05648921 -0.15650228
v -0.00061508 0.07377696 -0.15217417
v -0.00017615 0.05285859 0.04668523
v -0.00079099 0.12931988 -0.08911636
v 0.00169238 -0.00118763 0.07850462
v 0.00320806 -0.01472531 0.07029460
v -0.00090024 0.11988137 -0.00221005
v -0.00080956 0.02048479 -0.15666488
v -0.00066052 0.11985621 -0.11434432
v 0.00510770 -0.05125206 0.06543788
v -0.00088634 0.12494393 -0.01369144
v 0.00508492 -0.05312769 0.06329833
v 0.00197499 -0.01000026 0.07772658
v -0.00089505 0.00391853 -0.15358762
v -0.00070025 0.03500595 -0.15738203
v 0.00470929 -0.03643607 0.06808285
v 0.00420032 -0.03029733 0.06808459
v -0.00071265 0.12551472 -0.10218694
v -0.00036193 0.03647746 0.05525596
v 0.00482477 -0.04067737 0.06872460
v -0.00028404 0.02500576 0.05466503
v 0.00506696 -0.04457282 0.06839075
v -0.01364294 -0.13115343 -0.00003759
v -0.00046897 0.09895381 -0.13750704
v 0.00513569 -0.04786573 0.06715913
v 0.00470440 -0.05212256 0.05636961
v 0.00042029 0.01391613 0.06612916
v 0.00454294 -0.05085279 0.05293632
v -0.00002610 0.06426511 0.04198352
v 0.00350681 -0.01836129 0.06654018
v 0.00347298 -0.01753191 0.06710392
v -0.00007684 0.02434260 0.05529017
v -0.00010138 0.09430934 0.02865598
v -0.00026160 0.02602022 0.05485259
v 0.00365750 -0.01933384 0.06595892
v -0.00059305 0.08916079 -0.14469142
v -0.00087866 0.13378121 -0.07141770
v -0.00089484 0.13450249 -0.05831419
v 0.00044526 0.02357406 0.05733442
v 0.00036694 0.01715410 0.06342899
v -0.00160898 -0.05961453 -0.12476643
v 0.00195850 -0.00699841 0.07933484
v 0.00179233 -0.00473827 0.07947095
v -0.00080251 0.11399464 0.00757419
v -0.00108445 -0.01955310 -0.14394572
v -0.00088983 0.13327944 -0.04139769
v -0.00069410 0.10784563 0.01542273
v -0.00134568 -0.03804535 -0.13318126
v -0.00117743 -0.02768224 -0.14024283
v 0.00221775 -0.01083778 0.07585221
v -0.00034709 0.02714886 0.05516450
v 0.00284354 -0.01317081 0.07297824
v -0.00056648 0.11206231 -0.12563343
v 0.00336735 -0.01628812 0.06823824
v 0.01078351 -0.00460252 0.05964206
v 0.06697896 -0.04579742 -0.02135050
v 0.06417417 -0.05271162 -0.02970048
v 0.05865353 -0.06584801 -0.02376261
v 0.06203707 -0.05864047 -0.01495281
v 0.05031616 -0.07822135 -0.01772149
v 0.05563571 -0.06918638 -0.01086777
v 0.04034067 -0.08787835 -0.01083069
v 0.04710647 -0.07945612 -0.00609048
v -0.00261875 -0.01074399 0.07557577
v -0.00115165 -0.01234561 0.07317454
v 0.02937530 -0.09553956 -0.00291365
v 0.03875015 -0.08639465 0.00086664
v -0.01628254 0.02544038 0.03546602
v -0.00710201 -0.01616927 0.06414193
v -0.00845818 0.00855040 0.06697671
v -0.01549309 0.02504550 0.03655074
v 0.00618154 -0.10641819 0.01801386
v 0.00297551 -0.10971969 0.01403567
v -0.00923040 -0.11265686 0.02200268
v -0.00741270 -0.10912944 0.02690088
v -0.01021568 -0.01599610 0.06354433
v -0.01973632 -0.11358687 0.02965481
v -0.01718805 -0.10950857 0.03433343
v -0.02924061 -0.11009549 0.03434764
v -0.02641254 -0.10652060 0.03929843
v -0.00803013 0.01454230 0.06076127
v -0.01136839 0.02172245 0.04826272
v -0.02166076 -0.09782469 0.04630652
v -0.02417764 -0.10261782 0.04358532
v -0.00831450 0.01169208 0.06405428
v -0.01738551 -0.01170637 0.06361888
v -0.01468046 -0.01497896 0.06275140
v -0.00603352 -0.00523331 0.07702393
v -0.00680064 -0.00257930 0.07570212
v -0.01423322 -0.10067690 0.04147185
v -0.00664929 -0.00829210 0.07572713
v -0.00338553 -0.00964187 0.07654368
v -0.01488932 -0.10524470 0.03857543
v -0.01696963 0.02575496 0.03669503
v -0.02847304 0.02657965 0.03043832
v -0.00509277 -0.00709162 0.07740813
v -0.00147196 -0.00862552 0.07794534
v -0.01965276 0.02680020 0.03402370
v -0.01655227 0.02570317 0.03586060
v -0.01282708 -0.00753390 0.07126980
v -0.00956367 0.02063565 0.05277785
v -0.00572627 -0.10086469 0.03474861
v -0.00616009 -0.10527045 0.03157043
v 0.00545779 -0.09939197 0.02794258
v 0.00601241 -0.10294280 0.02363818
v -0.01582039 -0.00899085 0.06738980
v 0.01700260 -0.09414317 0.02419187
v 0.02017209 -0.09460175 0.01834676
v -0.02974722 -0.11225918 0.02783897
v -0.01755606 0.02588954 0.03652020
v -0.01801721 0.02609188 0.03627126
v -0.00873096 0.00468994 0.07016081
v -0.02059078 -0.11483085 0.02327834
v -0.01058924 -0.11363086 0.01647080
v -0.00138497 -0.11153422 0.00915708
v 0.01903996 -0.10279150 0.00540971
v -0.02262717 0.02624903 0.03447520
v -0.00021390 -0.01485461 0.06838373
v -0.01059073 -0.00802984 0.07343540
v -0.00844218 -0.00827123 0.07466370
v -0.00133208 -0.01597554 0.06662642
v 0.01176746 -0.10750062 0.00191680
v 0.02353614 -0.10185318 -0.00560550
v -0.01349278 0.02420981 0.03951429
v 0.03518466 -0.09358506 -0.01434006
v -0.00871481 0.01910972 0.05604602
v -0.00779340 0.01709140 0.05867202
v 0.04703052 -0.08324181 -0.02311919
v 0.05661570 -0.06943878 -0.03080488
v -0.00032139 -0.01361636 0.07070866
v 0.06317851 -0.05586316 -0.03726475
v 0.06675871 -0.04343203 -0.03433005
v -0.01326669 -0.09575966 0.04276242
v -0.01887441 -0.09309167 0.04836107
v -0.00545539 -0.09605193 0.03695276
v -0.00806273 0.00088915 0.07368205
v 0.00596610 -0.09477858 0.03149409
v 0.01669165 -0.09046945 0.02891021
v 0.03157857 -0.07373141 0.03293615
v -0.00432606 -0.01572873 0.06520957
v 0.02594292 -0.08244924 0.03017156
v 0.03549382 -0.05376236 0.04021075
v 0.03396421 -0.06368688 0.03783600
v 0.04429354 -0.04565248 0.03354763
v 0.04386709 -0.05856159 0.02911711
v 0.03806099 -0.06282586 0.03321258
v 0.00191916 -0.00878951 0.07875680
v -0.00415958 -0.00843366 0.07710233
v 0.03986338 -0.05062966 0.03714851
v 0.04887405 -0.03765960 0.02989809
v 0.04913593 -0.05326122 0.02536245
v -0.03044718 -0.11184938 0.02189422
v -0.02942015 0.02910158 0.04678599
v -0.02933966 0.02980735 0.04445153
v -0.02280559 -0.11435322 0.01792269
v -0.01305966 -0.11390513 0.01256023
v -0.00467826 -0.11251928 0.00643731
v 0.00421125 -0.11167096 -0.00019585
v 0.01664051 -0.10729070 -0.00703757
v 0.02928783 -0.09995949 -0.01570611
v -0.02125000 0.02846014 0.04985508
v -0.00449299 0.02930082 0.05452540
v -0.00900214 0.02917717 0.05167917
v 0.04173683 -0.08925535 -0.02745206
v -0.03092193 0.03430414 0.03848784
v -0.03155061 0.03186532 0.03773258
v -0.02915366 0.03128112 0.04118543
v -0.03078349 0.03347279 0.03913294
v -0.03116652 0.03410919 0.03888707
v 0.05381251 -0.07341186 -0.03652810
v -0.02959605 0.03329074 0.03761389
v 0.06015424 -0.05883916 -0.04373894
v -0.02918417 0.03435629 0.03711244
v -0.00109202 -0.11547786 -0.00014520
v -0.02668647 0.02946729 0.04793105
v -0.01093842 -0.11494511 0.00339750
v -0.02036707 -0.11619654 0.00746052
v -0.03022798 0.03441804 0.03763884
v -0.03176270 0.03085558 0.03587575
v -0.02592477 -0.11608169 0.01159588
v -0.03275894 0.02865957 0.03122342
v -0.03110856 -0.11483826 0.01217641
v -0.00027982 0.02858728 0.05637988
v -0.01973178 0.03929336 0.04978537
v -0.05173898 0.04538859 0.02556583
v -0.02591585 -0.11594716 0.00799002
v -0.05538033 0.04013843 0.02329426
v -0.02055674 -0.11742123 0.00447291
v -0.04636847 0.00866273 0.02898836
v -0.04882277 0.00969985 0.02654176
v -0.01729927 0.03170609 0.05293104
v -0.01506870 -0.11942083 0.00279035
v 0.02682877 -0.08551311 0.02383124
v 0.03164303 -0.08343568 0.01812689
v 0.03996125 -0.07153314 0.02274423
v 0.04641900 -0.06728707 0.01846634
v -0.02581575 0.06581224 0.03569300
v -0.03152971 0.11531109 -0.00885805
v -0.02494999 0.05684811 0.04215962
v -0.03898881 0.04930018 0.03761884
v 0.03841077 -0.08052805 0.01264570
v -0.03163932 0.11017305 -0.00006749
v 0.03408737 -0.07526852 0.02690122
v 0.04695731 -0.07533976 0.00713559
v 0.05315818 -0.06177528 0.01395553
v 0.05461487 -0.04591349 0.02125333
v 0.05776473 -0.05428737 0.00897033
v -0.04658219 0.04911829 0.03022644
v 0.05359691 -0.06807631 0.00058334
v -0.05439922 0.01430626 0.01919466
v -0.00635956 0.04571426 0.05178996
v -0.05690927 0.01889526 0.01690632
v 0.05886247 -0.04081824 0.01647817
v -0.01377988 0.04726047 0.05065572
v -0.02832517 0.12769970 -0.07042236
v 0.06226910 -0.03460663 0.01206546
v 0.06141636 -0.04723410 0.00494336
v 0.05936401 -0.05876651 -0.00291459
v 0.02690897 -0.09391151 0.00857593
v -0.01239239 0.02739996 0.04841416
v 0.06417726 -0.05016079 -0.00708564
v -0.03778639 0.01022684 0.03405222
v -0.04044845 0.00990709 0.03275631
v 0.06533233 -0.02758267 0.00800207
v -0.03230601 0.12718704 -0.05919388
v -0.05323261 0.01264546 0.02144421
v -0.02972533 0.08526020 0.02637803
v -0.00967752 0.02628954 0.04604626
v -0.01072051 0.02754115 0.04600058
v -0.03080796 0.09207345 0.02083031
v 0.06528895 -0.03845870 0.00061487
v 0.06829266 -0.01915828 0.00293407
v 0.06949408 -0.02976290 -0.00558279
v -0.03125960 0.09858976 0.01422056
v 0.06921228 -0.03868240 -0.01401902
v 0.06929543 -0.03490982 -0.02893086
v -0.03206788 0.11992821 -0.01917048
v -0.02259732 0.01515580 0.03889993
v 0.06550942 -0.03937248 -0.05905143
v 0.02701009 -0.03246695 0.05377675
v 0.02228759 -0.02742019 0.05827355
v -0.05811353 0.03421687 0.02091290
v -0.05891494 0.02865587 0.01926861
v -0.03289174 0.12620266 -0.04547671
v -0.03075297 0.01158715 0.03708299
v -0.05808789 0.02332711 0.01767179
v -0.01648556 0.12992558 -0.07823396
v 0.01708779 -0.02551001 0.06235721
v -0.05102384 0.01082881 0.02386143
v 0.01277950 -0.02461772 0.06580371
v 0.00845854 -0.02490528 0.06661242
v -0.03142590 0.04861515 0.04276886
v -0.03446932 0.01078444 0.03557421
v -0.01063442 0.02493704 0.04572709
v -0.01905906 0.01751149 0.03977707
v -0.01611142 0.02010405 0.04113726
v -0.03147973 0.10459304 0.00746468
v -0.01353809 0.02232254 0.04247965
v -0.01162024 0.02363183 0.04475595
v -0.02659783 0.01309017 0.03809274
v -0.02806799 0.07561743 0.03169249
v -0.03238193 0.12359794 -0.03161712
v -0.04332191 0.00908203 0.03089705
v -0.00085746 0.13129130 -0.08086590
v -0.00016565 0.04421045 0.05191465
v -0.01253754 0.02300637 0.04378955
v -0.01519290 0.02749264 0.05148932
v -0.02277407 0.04792672 0.04745303
v -0.01503312 -0.07590222 0.05406399
v -0.02881151 -0.04552485 0.05770089
v -0.03145316 -0.04801840 0.05494403
v -0.03523624 -0.05426513 0.04948906
v -0.01884019 -0.03915707 0.06441645
v -0.02446342 -0.04252484 0.06091813
v -0.03277038 -0.06599322 0.05440961
v -0.03343439 -0.05021713 0.05293429
v -0.02710911 -0.06940109 0.05587968
v -0.03486061 -0.05198739 0.05088637
v -0.02063266 -0.07267690 0.05642898
v 0.00445555 -0.03316836 0.06804738
v -0.00603847 -0.03395426 0.06863140
v -0.00065913 -0.03279952 0.06912052
v -0.01241371 -0.03589698 0.06676747
v -0.03573979 -0.05790247 0.04934780
v -0.03612111 -0.06178987 0.05134177
v 0.00740286 -0.01073820 0.07522948
v 0.00659745 -0.01230113 0.07270439
v 0.01735193 0.02343663 0.03461048
v 0.01240701 -0.01465507 0.06160282
v 0.00927275 0.00829181 0.06586719
v 0.01676626 0.02337317 0.03641766
v 0.01582160 -0.01453171 0.06042351
v 0.00860193 0.01438755 0.06044399
v 0.01261379 0.02082092 0.04848479
v 0.00878835 0.01136151 0.06325816
v 0.02182253 -0.00964276 0.06074996
v 0.01987185 -0.01306456 0.05908010
v 0.00952995 -0.00499374 0.07665267
v 0.01019820 -0.00217108 0.07517547
v 0.01083988 -0.00801232 0.07559393
v 0.00793042 -0.00970795 0.07649323
v 0.01716861 0.02327251 0.03594789
v 0.02757924 0.02390021 0.03061613
v 0.00923972 -0.00700532 0.07746159
v 0.00572560 -0.00886050 0.07823784
v 0.02021487 0.02368453 0.03364067
v 0.01730592 0.02342881 0.03550893
v 0.01662166 -0.00645361 0.07026637
v 0.01063555 0.02013096 0.05280749
v 0.01988588 -0.00739180 0.06580478
v 0.01784639 0.02332331 0.03571523
v 0.01843331 0.02349913 0.03541334
v 0.01036403 0.00488893 0.06892124
v 0.02285907 0.02305657 0.03357313
v 0.00653523 -0.01494463 0.06765050
v 0.01419468 -0.00725305 0.07267283
v 0.01231690 -0.00772581 0.07423902
v 0.00728887 -0.01568734 0.06548303
v 0.01504466 0.02283893 0.03968327
v 0.00929347 0.01873727 0.05594920
v 0.00816418 0.01676823 0.05846029
v 0.00652754 -0.01378664 0.07021833
v 0.01050632 0.00129462 0.07252113
v 0.00966512 -0.01471739 0.06343436
v 0.00852340 -0.00854263 0.07718703
v 0.02725959 0.02549654 0.04620479
v 0.02801007 0.02642314 0.04395573
v 0.01885102 0.02365478 0.05051788
v 0.00378546 0.02731207 0.05434096
v 0.00780761 0.02574062 0.05228615
v 0.03063081 0.02811071 0.03855013
v 0.03050793 0.02660031 0.03653102
v 0.02839430 0.02772148 0.04137165
v 0.03019964 0.02690746 0.03794946
v 0.03068753 0.02734407 0.03860043
v 0.02911235 0.02870124 0.03845212
v 0.02866004 0.02927256 0.03804342
v 0.02478831 0.02410720 0.04915424
v 0.02968933 0.02896423 0.03851144
v 0.03119121 0.02623927 0.03484916
v 0.03224788 0.02531726 0.03109038
v 0.01798287 0.03404561 0.05206122
v 0.05150734 0.03992475 0.02770386
v 0.05575549 0.03381011 0.02571130
v 0.05046083 0.00336352 0.02862816
v 0.05344944 0.00287927 0.02596235
v 0.01528629 0.02672782 0.05422580
v 0.02420050 0.06520062 0.03674854
v 0.02992500 0.11554511 -0.00843814
v 0.02235000 0.05531280 0.04294531
v 0.03692488 0.04446828 0.03950665
v 0.03001229 0.11030184 0.00035349
v 0.04563703 0.04415642 0.03227693
v 0.05795674 0.00868765 0.01924968
v 0.00570901 0.04439315 0.05293166
v 0.05987693 0.01346195 0.01780283
v 0.01269806 0.04449533 0.05269518
v 0.02684151 0.12797934 -0.07016240
v 0.01091739 0.02453335 0.04815036
v 0.04059196 0.00781848 0.03422834
v 0.04340240 0.00678543 0.03287382
v 0.03073124 0.12750332 -0.05887037
v 0.05692658 0.00594665 0.02067971
v 0.02880579 0.08499871 0.02651361
v 0.00978416 0.02484146 0.04613685
v 0.01027791 0.02566028 0.04598493
v 0.02950866 0.09166055 0.02136860
v 0.02982674 0.09842768 0.01474875
v 0.03031838 0.12024225 -0.01876601
v 0.02442363 0.01395552 0.03891204
v 0.05887435 0.02787341 0.02322758
v 0.06039642 0.02238456 0.02142854
v 0.03126956 0.12653752 -0.04511048
v 0.03350945 0.01059999 0.03685869
v 0.06043592 0.01803451 0.01893436
v 0.01485867 0.13002461 -0.07811635
v 0.05546659 0.00375566 0.02315845
v 0.02904111 0.04457770 0.04404943
v 0.03729371 0.00915107 0.03567894
v 0.01108074 0.02379803 0.04570038
v 0.02056921 0.01652013 0.04013147
v 0.01755284 0.01908446 0.04133967
v 0.02991485 0.10460441 0.00792380
v 0.01523557 0.02113998 0.04262943
v 0.01254132 0.02233404 0.04491219
v 0.02874810 0.01200527 0.03825461
v 0.02757814 0.07522637 0.03209145
v 0.03065077 0.12395532 -0.03121989
v 0.04661579 0.00507344 0.03066650
v 0.01359687 0.02174698 0.04385424
v 0.01298669 0.02427873 0.05163369
v 0.02075359 0.04473500 0.04913371
v 0.02753165 -0.05297916 0.04829206
v 0.02619803 -0.05880225 0.04469055
v 0.02033497 -0.07041738 0.03802639
v 0.02482405 -0.04036535 0.05780842
v 0.02706982 -0.04641989 0.05258989
v 0.00260395 -0.08057939 0.04443888
v 0.02432075 -0.06343928 0.04176324
v -0.00295576 -0.07973693 0.04938924
v 0.02319654 -0.06727665 0.03996398
v -0.00848990 -0.07785724 0.05279930
v 0.01487775 -0.03319339 0.06604095
v 0.00930814 -0.03228658 0.06846738
v 0.01996459 -0.03574603 0.06215394
v 0.01469551 -0.07525663 0.03682299
v 0.00835081 -0.07976094 0.03927327
v 0.03265024 0.02478538 0.02629042
v -0.03318799 0.02686144 0.02633474
v 0.03129154 0.02381166 0.03705006
v 0.02971088 0.02380950 0.03662013
v 0.02825448 0.02380998 0.03588259
v 0.02701881 0.02381460 0.03491573
v 0.03133162 0.02412678 0.03703434
v 0.02978583 0.02442569 0.03660354
v 0.02836475 0.02470504 0.03586561
v 0.02715628 0.02494574 0.03490947
v 0.03142600 0.02442890 0.03702917
v 0.02998088 0.02501708 0.03658271
v 0.02864920 0.02556345 0.03584639
v 0.02751456 0.02603189 0.03489772
v 0.03158179 0.02470696 0.03701550
v 0.03028287 0.02556231 0.03656812
v 0.02908707 0.02635725 0.03583150
v 0.02807832 0.02703060 0.03487839
v 0.03178600 0.02495218 0.03700610
v 0.03067906 0.02604384 0.03655972
v 0.02966711 0.02705448 0.03581990
v 0.02881749 0.02791072 0.03486570
v 0.03203227 0.02515279 0.03699791
v 0.03116343 0.02643618 0.03653860
v 0.03036983 0.02762255 0.03579505
v 0.02971399 0.02863274 0.03483986
v 0.03231325 0.02530161 0.03698600
v 0.03171042 0.02672832 0.03652036
v 0.03115839 0.02804574 0.03576674
v 0.03071017 0.02915248 0.03479572
v 0.03261827 0.02539265 0.03696677
v 0.03230527 0.02690825 0.03649525
v 0.03201441 0.02830479 0.03573176
v 0.03177955 0.02947395 0.03474221
v 0.03293190 0.02542569 0.03696377
v 0.03291782 0.02697224 0.03648600
v 0.03289898 0.02839202 0.03570054
v 0.03289167 0.02958142 0.03469784
v 0.03324499 0.02539628 0.03694913
v 0.03353269 0.02691373 0.03646035
v 0.03378915 0.02831044 0.03567523
v 0.03400064 0.02946728 0.03466693
v 0.03354743 0.02530704 0.03694906
v 0.03412148 0.02673839 0.03645520
v 0.03464539 0.02805580 0.03566276
v 0.03508293 0.02915016 0.03465223
v 0.03382451 0.02516012 0.03693337
v 0.03466563 0.02644926 0.03643043
v 0.03543674 0.02763834 0.03564115
v 0.03607180 0.02864230 0.03463247
v 0.03406751 0.02496076 0.03692876
v 0.03514341 0.02606100 0.03642406
v 0.03612913 0.02708258 0.03562051
v 0.03694519 0.02795563 0.03460458
v 0.03426605 0.02471866 0.03691332
v 0.03553469 0.02558605 0.03639772
v 0.03669266 0.02640403 0.03559489
v 0.03765243 0.02709718 0.03457190
v 0.03441739 0.02444179 0.03691401
v 0.03583244 0.02504541 0.03639568
v 0.03712018 0.02562207 0.03557450
v 0.03818883 0.02611271 0.03453569
v 0.03450694 0.02413901 0.03690159
v 0.03600771 0.02445748 0.03636216
v 0.03738306 0.02477081 0.03553976
v 0.03853793 0.02503795 0.03451202
v 0.03454439 0.02382449 0.03691132
v 0.03608770 0.02384381 0.03637837
v 0.03748524 0.02388427 0.03552933
v 0.03867206 0.02392519 0.03447694
v 0.03451748 0.02351019 0.03690910
v 0.03603387 0.02322532 0.03636586
v 0.03741583 0.02298651 0.03553961
v 0.03858543 0.02278732 0.03448228
v 0.03443242 0.02320325 0.03691972
v 0.03586534 0.02262451 0.03638807
v 0.03717998 0.02210416 0.03557355
v 0.03827382 0.02168096 0.03450433
v 0.03428498 0.02292248 0.03691654
v 0.03557826 0.02207112 0.03638694
v 0.03676803 0.02129324 0.03558468
v 0.03775563 0.02065754 0.03453889
v 0.03408605 0.02267617 0.03692540
v 0.03518509 0.02158543 0.03639996
v 0.03619464 0.02059210 0.03558248
v 0.03703335 0.01977667 0.03452898
v 0.03384218 0.02247327 0.03692969
v 0.03470566 0.02118834 0.03641000
v 0.03549572 0.02001506 0.03559660
v 0.03614724 0.01905138 0.03454432
v 0.03356025 0.02232397 0.03693296
v 0.03414971 0.02089697 0.03641478
v 0.03469004 0.01959288 0.03559915
v 0.03513482 0.01851890 0.03455429
v 0.03325440 0.02223147 0.03694022
v 0.03355107 0.02071596 0.03642634
v 0.03381741 0.01933640 0.03560812
v 0.03403736 0.01818087 0.03457837
v 0.03293509 0.02220037 0.03694841
v 0.03292383 0.02065595 0.03644041
v 0.03290820 0.01925084 0.03563393
v 0.03289388 0.01805819 0.03462392
v 0.03261644 0.02223098 0.03696452
v 0.03229783 0.02071512 0.03646726
v 0.03200258 0.01933994 0.03565700
v 0.03175347 0.01815503 0.03465302
v 0.03230766 0.02232215 0.03697555
v 0.03169452 0.02089087 0.03649018
v 0.03112518 0.01958502 0.03570354
v 0.03064509 0.01847403 0.03469439
v 0.03202095 0.02246864 0.03699791
v 0.03113479 0.02117947 0.03652230
v 0.03031711 0.01999597 0.03574036
v 0.02962467 0.01899165 0.03472535
v 0.03177349 0.02266977 0.03700603
v 0.03064767 0.02156967 0.03654665
v 0.02960417 0.02055422 0.03578524
v 0.02872474 0.01969371 0.03478929
v 0.03156167 0.02291100 0.03703390
v 0.03023779 0.02204328 0.03658821
v 0.02901543 0.02124328 0.03583166
v 0.02798610 0.02056362 0.03483881
v 0.03294299 0.02381914 0.03713665
v 0.03141165 0.02319132 0.03704265
v 0.02994587 0.02259243 0.03660086
v 0.02858551 0.02203660 0.03585903
v 0.02743925 0.02157347 0.03488114
v 0.03132380 0.02349670 0.03704198
v 0.02976481 0.02318901 0.03661747
v 0.02832147 0.02290519 0.03588574
v 0.02711314 0.02266779 0.03490177
v 0.02581940 0.02382616 0.03408032
v 0.02395665 0.02385189 0.03262207
v 0.02237747 0.02387739 0.03071116
v 0.02127107 0.02386877 0.02848292
v 0.02059228 0.02387187 0.02608789
v 0.02042503 0.02387108 0.02358084
v 0.02065813 0.02385896 0.02109541
v 0.02139956 0.02401486 0.01881092
v 0.02255378 0.02404302 0.01663387
v 0.02411054 0.02406579 0.01472360
v 0.02600838 0.02408571 0.01315337
v 0.02817724 0.02410226 0.01198136
v 0.03052907 0.02411414 0.01125592
v 0.02599118 0.02518913 0.03407180
v 0.02417786 0.02556163 0.03262172
v 0.02261994 0.02588712 0.03070546
v 0.02150982 0.02609593 0.02848322
v 0.02084849 0.02624086 0.02606217
v 0.02063979 0.02629301 0.02354950
v 0.02088178 0.02625329 0.02104052
v 0.02157511 0.02612033 0.01861059
v 0.02274957 0.02607162 0.01664879
v 0.02427931 0.02579285 0.01473951
v 0.02614057 0.02544301 0.01316586
v 0.02826423 0.02503632 0.01199254
v 0.03057384 0.02459013 0.01126169
v 0.02642425 0.02649573 0.03405961
v 0.02471801 0.02721795 0.03261076
v 0.02325130 0.02782510 0.03066010
v 0.02217559 0.02827004 0.02844451
v 0.02153394 0.02855580 0.02602473
v 0.02132251 0.02865968 0.02352321
v 0.02153685 0.02859532 0.02102874
v 0.02218869 0.02834477 0.01860729
v 0.02333834 0.02802656 0.01666391
v 0.02477871 0.02745539 0.01475404
v 0.02653460 0.02674779 0.01317584
v 0.02853918 0.02593631 0.01199693
v 0.03071399 0.02504919 0.01126373
v 0.02710924 0.02770399 0.03406734
v 0.02557728 0.02873332 0.03259852
v 0.02419773 0.02960136 0.03060917
v 0.02322095 0.03026444 0.02840791
v 0.02263298 0.03069096 0.02601067
v 0.02243888 0.03085481 0.02351282
v 0.02263714 0.03075082 0.02101567
v 0.02321911 0.03039586 0.01860037
v 0.02429803 0.02982750 0.01667805
v 0.02559372 0.02898580 0.01476627
v 0.02717428 0.02795115 0.01318446
v 0.02897791 0.02676380 0.01200476
v 0.03093694 0.02547133 0.01126787
v 0.02800419 0.02877159 0.03406869
v 0.02664380 0.03006882 0.03257222
v 0.02543988 0.03114489 0.03051042
v 0.02462621 0.03200966 0.02834450
v 0.02413099 0.03255662 0.02597161
v 0.02396376 0.03277150 0.02349868
v 0.02412725 0.03264363 0.02101689
v 0.02460970 0.03219737 0.01862302
v 0.02558767 0.03140797 0.01668232
v 0.02669289 0.03032908 0.01476855
v 0.02803911 0.02900611 0.01318988
v 0.02957394 0.02749173 0.01200703
v 0.03124246 0.02584153 0.01126810
v 0.02912390 0.02966400 0.03409881
v 0.02796881 0.03113147 0.03246092
v 0.02691224 0.03242939 0.03039970
v 0.02632280 0.03345076 0.02829884
v 0.02595045 0.03409823 0.02595594
v 0.02582161 0.03435158 0.02350365
v 0.02595352 0.03420295 0.02102939
v 0.02633437 0.03366579 0.01864070
v 0.02695589 0.03275499 0.01641119
v 0.02803292 0.03143401 0.01476890
v 0.02909460 0.02987241 0.01319053
v 0.03030103 0.02808833 0.01200704
v 0.03161095 0.02614609 0.01126906
v 0.03033268 0.03026661 0.03403564
v 0.02943489 0.03202735 0.03243222
v 0.02868440 0.03339854 0.03035549
v 0.02830324 0.03454245 0.02827703
v 0.02804910 0.03525850 0.02595492
v 0.02796290 0.03553362 0.02350081
v 0.02804532 0.03536479 0.02104188
v 0.02831621 0.03476629 0.01866058
v 0.02875411 0.03376354 0.01646106
v 0.02956529 0.03225463 0.01476780
v 0.03030011 0.03051723 0.01318831
v 0.03113124 0.02853263 0.01200563
v 0.03203534 0.02637248 0.01126756
v 0.03156082 0.03063354 0.03387423
v 0.03113153 0.03256442 0.03249152
v 0.03065443 0.03409213 0.03044359
v 0.03046808 0.03525295 0.02830684
v 0.03033917 0.03599602 0.02596545
v 0.03029671 0.03628185 0.02351032
v 0.03033715 0.03609894 0.02105012
v 0.03047311 0.03545393 0.01866679
v 0.03070070 0.03437275 0.01646815
v 0.03122751 0.03276278 0.01476014
v 0.03160451 0.03091413 0.01318491
v 0.03202937 0.02880606 0.01200302
v 0.03249313 0.02651204 0.01126654
v 0.03289741 0.03074991 0.03382522
v 0.03283877 0.03272121 0.03243117
v 0.03276313 0.03438769 0.03055472
v 0.03272662 0.03552717 0.02835368
v 0.03271852 0.03626754 0.02598164
v 0.03274986 0.03656262 0.02350658
v 0.03272055 0.03636611 0.02104564
v 0.03271820 0.03570272 0.01866873
v 0.03273000 0.03459016 0.01647544
v 0.03275515 0.03306848 0.01454614
v 0.03295878 0.03105276 0.01317726
v 0.03296496 0.02889953 0.01199915
v 0.03296939 0.02655970 0.01126407
v 0.03420913 0.03060992 0.03376228
v 0.03456557 0.03249441 0.03242238
v 0.03481606 0.03408444 0.03057759
v 0.03496704 0.03533532 0.02838029
v 0.03510121 0.03606515 0.02598507
v 0.03514346 0.03635065 0.02350731
v 0.03510200 0.03616533 0.02103726
v 0.03496930 0.03550939 0.01866055
v 0.03475662 0.03441346 0.01646163
v 0.03447700 0.03291935 0.01453486
v 0.03431210 0.03092486 0.01316735
v 0.03389758 0.02881035 0.01199267
v 0.03344606 0.02651259 0.01126032
v 0.03550885 0.03021124 0.03375408
v 0.03617984 0.03195609 0.03236329
v 0.03675859 0.03339792 0.03049418
v 0.03710192 0.03467232 0.02836105
v 0.03738381 0.03538708 0.02596345
v 0.03747556 0.03566423 0.02348262
v 0.03739542 0.03549217 0.02101493
v 0.03713549 0.03487553 0.01863980
v 0.03670765 0.03384202 0.01644730
v 0.03613773 0.03243196 0.01452302
v 0.03544134 0.03069737 0.01293321
v 0.03479793 0.02853864 0.01198511
v 0.03390598 0.02637454 0.01125636
v 0.03667402 0.02967710 0.03373664
v 0.03766647 0.03122059 0.03228417
v 0.03849164 0.03253134 0.03040368
v 0.03907037 0.03359144 0.02827674
v 0.03948544 0.03426984 0.02591004
v 0.03963100 0.03453117 0.02344631
v 0.03951615 0.03438181 0.02098504
v 0.03913669 0.03383260 0.01861107
v 0.03851327 0.03290134 0.01642338
v 0.03767131 0.03162929 0.01450207
v 0.03664690 0.03006519 0.01291924
v 0.03561968 0.02810518 0.01197300
v 0.03432636 0.02615101 0.01125133
v 0.03772384 0.02881712 0.03372005
v 0.03894751 0.03018008 0.03217620
v 0.04000959 0.03129166 0.03031400
v 0.04079492 0.03219130 0.02818839
v 0.04133295 0.03277612 0.02584270
v 0.04153075 0.03300890 0.02339641
v 0.04138465 0.03288270 0.02094228
v 0.04089908 0.03241467 0.01858329
v 0.04010013 0.03162276 0.01640186
v 0.03902013 0.03054026 0.01448598
v 0.03770266 0.02920895 0.01290748
v 0.03620371 0.02767922 0.01172863
v 0.03469570 0.02584978 0.01124527
v 0.03859186 0.02778465 0.03369962
v 0.04007081 0.02889783 0.03218586
v 0.04129669 0.02978878 0.03025866
v 0.04222785 0.03050148 0.02810708
v 0.04286899 0.03097639 0.02578031
v 0.04310700 0.03115292 0.02334675
v 0.04293035 0.03104881 0.02090215
v 0.04235787 0.03068283 0.01854869
v 0.04141074 0.03006013 0.01637584
v 0.04013221 0.02920909 0.01446492
v 0.03857554 0.02816155 0.01289289
v 0.03680209 0.02696144 0.01171785
v 0.03499662 0.02548460 0.01123719
v 0.03924540 0.02660363 0.03366745
v 0.04086767 0.02741041 0.03218105
v 0.04232579 0.02812293 0.03026918
v 0.04335645 0.02861657 0.02807925
v 0.04405449 0.02892479 0.02574384
v 0.04431099 0.02904161 0.02330617
v 0.04410317 0.02896429 0.02086573
v 0.04345411 0.02870372 0.01851356
v 0.04239361 0.02827096 0.01634451
v 0.04096743 0.02768603 0.01444085
v 0.03923096 0.02696323 0.01287839
v 0.03725316 0.02613973 0.01170737
v 0.03522733 0.02505871 0.01123497
v 0.03966822 0.02531714 0.03363831
v 0.04141400 0.02575303 0.03215759
v 0.04291268 0.02621375 0.03025026
v 0.04404355 0.02651910 0.02805521
v 0.04480889 0.02667683 0.02570833
v 0.04507795 0.02672988 0.02327256
v 0.04484773 0.02668403 0.02083625
v 0.04414797 0.02655031 0.01849077
v 0.04301029 0.02632870 0.01632817
v 0.04148898 0.02602815 0.01443047
v 0.03963881 0.02565774 0.01286790
v 0.03753162 0.02524791 0.01169373
v 0.03536410 0.02460354 0.01122780
v 0.03984110 0.02396614 0.03360966
v 0.04165368 0.02406536 0.03213424
v 0.04321111 0.02415591 0.03023870
v 0.04437802 0.02428076 0.02805814
v 0.04509165 0.02432617 0.02569568
v 0.04538349 0.02430457 0.02324706
v 0.04512060 0.02429079 0.02081770
v 0.04439894 0.02429256 0.01847457
v 0.04323615 0.02430042 0.01631294
v 0.04167545 0.02430132 0.01442130
v 0.03978336 0.02429813 0.01286250
v 0.03763294 0.02428272 0.01170490
v 0.03541279 0.02412556 0.01122289
v 0.03974276 0.02259371 0.03360017
v 0.04157848 0.02229157 0.03214964
v 0.04313449 0.02208145 0.03024426
v 0.04428635 0.02196850 0.02806915
v 0.04499654 0.02191795 0.02572436
v 0.04512174 0.02180109 0.02324271
v 0.04489738 0.02186744 0.02080213
v 0.04420156 0.02202490 0.01845963
v 0.04305581 0.02225882 0.01630437
v 0.04152211 0.02257050 0.01441510
v 0.03966498 0.02293660 0.01285991
v 0.03766893 0.02318931 0.01191530
v 0.03536916 0.02364207 0.01122134
v 0.03936561 0.02125663 0.03362609
v 0.04108078 0.02060976 0.03214389
v 0.04252494 0.02005341 0.03025194
v 0.04359508 0.01972073 0.02804753
v 0.04423872 0.01943693 0.02568426
v 0.04446613 0.01937761 0.02324932
v 0.04423931 0.01950455 0.02080355
v 0.04355989 0.01981490 0.01845815
v 0.04247731 0.02028656 0.01629995
v 0.04102870 0.02089578 0.01441339
v 0.03928154 0.02162082 0.01285787
v 0.03740088 0.02228387 0.01191117
v 0.03523139 0.02318609 0.01121774
v 0.03873886 0.02003355 0.03364247
v 0.04027835 0.01905406 0.03215250
v 0.04157905 0.01817644 0.03025049
v 0.04255040 0.01757351 0.02805944
v 0.04315121 0.01722283 0.02569378
v 0.04335306 0.01713570 0.02325313
v 0.04314008 0.01731551 0.02080820
v 0.04252929 0.01775231 0.01846792
v 0.04154693 0.01843093 0.01631108
v 0.04022413 0.01932802 0.01442380
v 0.03864753 0.02040964 0.01285732
v 0.03695588 0.02146105 0.01190342
v 0.03500568 0.02276164 0.01121484
v 0.03786802 0.01896003 0.03364606
v 0.03916102 0.01767837 0.03218613
v 0.04032921 0.01652820 0.03025608
v 0.04115241 0.01573197 0.02806497
v 0.04165677 0.01527689 0.02570576
v 0.04181691 0.01516795 0.02325290
v 0.04163626 0.01538638 0.02081878
v 0.04111454 0.01593856 0.01847742
v 0.04026915 0.01679555 0.01632233
v 0.03913718 0.01792939 0.01443680
v 0.03789293 0.01919417 0.01303660
v 0.03636386 0.02072652 0.01190160
v 0.03470241 0.02239397 0.01121327
v 0.03680108 0.01808671 0.03367015
v 0.03787285 0.01650872 0.03219382
v 0.03880415 0.01510849 0.03023958
v 0.03943714 0.01420354 0.02805695
v 0.03982185 0.01368705 0.02571296
v 0.03994082 0.01354693 0.02326424
v 0.03979289 0.01380078 0.02083075
v 0.03937551 0.01444334 0.01848742
v 0.03870442 0.01545008 0.01633589
v 0.03780188 0.01678079 0.01445433
v 0.03684198 0.01832197 0.01303543
v 0.03563812 0.02012925 0.01190078
v 0.03433248 0.02208886 0.01121304
v 0.03298202 0.02411794 0.01099936
v 0.03558933 0.01742016 0.03369602
v 0.03638753 0.01561695 0.03220253
v 0.03703256 0.01408731 0.03024443
v 0.03745725 0.01310065 0.02807787
v 0.03771688 0.01250996 0.02572785
v 0.03778977 0.01234555 0.02328215
v 0.03768170 0.01262154 0.02084684
v 0.03738525 0.01332920 0.01850696
v 0.03691087 0.01444098 0.01635345
v 0.03637213 0.01591442 0.01457479
v 0.03564297 0.01767415 0.01303604
v 0.03481307 0.01968697 0.01190130
v 0.03391223 0.02186363 0.01121379
v 0.03429037 0.01699634 0.03373903
v 0.03474243 0.01506573 0.03221931
v 0.03507651 0.01347916 0.03026430
v 0.03528356 0.01242118 0.02810325
v 0.03541488 0.01178619 0.02574723
v 0.03544955 0.01160668 0.02330101
v 0.03538888 0.01189094 0.02086624
v 0.03522342 0.01263074 0.01852938
v 0.03495984 0.01381262 0.01637603
v 0.03471345 0.01540424 0.01457986
v 0.03433868 0.01727823 0.01304007
v 0.03391221 0.01941177 0.01190430
v 0.03345264 0.02172347 0.01121562
v 0.03292107 0.01683198 0.03375509
v 0.03300878 0.01488578 0.03224475
v 0.03302788 0.01329000 0.03029886
v 0.03301150 0.01220281 0.02813174
v 0.03300379 0.01154560 0.02577762
v 0.03303055 0.01135948 0.02332340
v 0.03299320 0.01163584 0.02088950
v 0.03297279 0.01238679 0.01854832
v 0.03296021 0.01357226 0.01639054
v 0.03298591 0.01523169 0.01458785
v 0.03298108 0.01714096 0.01304531
v 0.03297931 0.01931993 0.01190792
v 0.03297742 0.02167609 0.01121764
v 0.03152453 0.01695292 0.03379760
v 0.03125751 0.01504838 0.03226615
v 0.03095227 0.01353207 0.03035430
v 0.03072929 0.01244130 0.02816921
v 0.03059344 0.01178710 0.02581317
v 0.03054793 0.01159351 0.02336266
v 0.03058445 0.01186379 0.02092047
v 0.03071615 0.01259146 0.01857314
v 0.03095686 0.01385276 0.01648878
v 0.03125769 0.01539722 0.01459838
v 0.03162237 0.01727393 0.01305476
v 0.03204114 0.01940882 0.01191539
v 0.03249901 0.02172190 0.01122181
v 0.03018267 0.01735005 0.03383645
v 0.02956033 0.01556637 0.03232074
v 0.02895516 0.01414987 0.03041468
v 0.02852371 0.01311689 0.02822520
v 0.02825366 0.01249357 0.02586205
v 0.02816841 0.01230834 0.02340540
v 0.02825432 0.01256123 0.02096250
v 0.02853313 0.01324864 0.01860770
v 0.02899726 0.01443905 0.01650885
v 0.02959025 0.01589597 0.01461467
v 0.03031643 0.01766715 0.01306584
v 0.03114333 0.01968126 0.01192184
v 0.03204120 0.02186063 0.01122528
v 0.02894370 0.01799388 0.03388634
v 0.02797393 0.01642577 0.03238025
v 0.02710933 0.01513700 0.03047474
v 0.02647449 0.01419976 0.02829002
v 0.02609219 0.01364039 0.02591682
v 0.02596727 0.01347171 0.02345917
v 0.02611169 0.01370284 0.02100398
v 0.02651006 0.01432365 0.01865676
v 0.02719197 0.01539522 0.01652752
v 0.02805445 0.01671059 0.01463314
v 0.02910811 0.01830688 0.01308238
v 0.03031112 0.02012145 0.01193305
v 0.03161580 0.02208446 0.01123178
v 0.02786656 0.01884729 0.03394078
v 0.02659115 0.01754529 0.03244875
v 0.02549799 0.01645766 0.03052860
v 0.02468578 0.01566381 0.02834635
v 0.02419638 0.01518757 0.02597179
v 0.02404312 0.01504485 0.02350670
v 0.02422650 0.01524243 0.02104837
v 0.02479557 0.01584810 0.01871615
v 0.02560978 0.01668672 0.01654943
v 0.02671143 0.01780949 0.01465118
v 0.02805194 0.01917000 0.01309662
v 0.02958274 0.02071569 0.01194341
v 0.03124681 0.02238849 0.01123615
v 0.02698485 0.01990787 0.03398303
v 0.02544004 0.01889114 0.03252489
v 0.02415726 0.01805048 0.03059678
v 0.02321444 0.01743968 0.02839886
v 0.02264591 0.01706836 0.02601749
v 0.02247155 0.01695883 0.02354291
v 0.02269314 0.01711332 0.02107812
v 0.02329845 0.01753388 0.01871755
v 0.02431543 0.01826292 0.01656850
v 0.02560765 0.01914883 0.01466985
v 0.02718431 0.02022239 0.01311199
v 0.02898509 0.02144122 0.01195470
v 0.03094021 0.02275682 0.01124285
v 0.02633004 0.02112101 0.03402764
v 0.02460123 0.02044118 0.03257484
v 0.02315747 0.01986732 0.03065683
v 0.02213480 0.01946017 0.02843733
v 0.02151669 0.01920159 0.02603989
v 0.02131774 0.01912892 0.02356808
v 0.02155850 0.01922313 0.02110086
v 0.02223109 0.01950881 0.01873601
v 0.02334821 0.02006056 0.01659547
v 0.02478676 0.02067814 0.01468941
v 0.02654191 0.02142510 0.01312500
v 0.02854425 0.02226919 0.01196204
v 0.03071647 0.02317957 0.01124619
v 0.02592917 0.02244515 0.03406530
v 0.02411009 0.02212434 0.03260295
v 0.02256235 0.02184287 0.03069006
v 0.02148128 0.02163373 0.02846670
v 0.02082492 0.02150801 0.02606516
v 0.02062723 0.02145985 0.02358051
v 0.02088194 0.02150691 0.02110698
v 0.02159103 0.02166653 0.01874715
v 0.02275449 0.02201192 0.01661577
v 0.02428326 0.02233982 0.01470610
v 0.02614424 0.02272864 0.01314008
v 0.02826672 0.02316673 0.01197495
v 0.03057504 0.02363723 0.01125278
v -0.03428042 0.02483091 0.03721090
v -0.03583620 0.02483737 0.03670805
v -0.03725877 0.02486198 0.03588432
v -0.03844858 0.02488639 0.03484239
v -0.03424212 0.02514802 0.03719458
v -0.03576167 0.02545936 0.03668294
v -0.03715484 0.02575893 0.03587686
v -0.03832346 0.02601424 0.03485993
v -0.03414865 0.02545500 0.03719897
v -0.03557945 0.02605511 0.03669930
v -0.03688943 0.02661961 0.03589368
v -0.03798751 0.02709889 0.03487300
v -0.03399744 0.02573548 0.03719502
v -0.03528029 0.02660354 0.03669152
v -0.03646102 0.02741202 0.03590053
v -0.03745318 0.02810152 0.03489666
v -0.03379627 0.02598201 0.03720511
v -0.03488828 0.02708676 0.03671244
v -0.03589339 0.02811067 0.03592001
v -0.03673811 0.02898189 0.03491414
v -0.03355122 0.02618550 0.03720530
v -0.03440814 0.02748333 0.03671348
v -0.03519769 0.02868323 0.03593718
v -0.03585814 0.02969494 0.03493739
v -0.03327319 0.02633642 0.03721946
v -0.03386133 0.02777820 0.03673622
v -0.03440511 0.02911081 0.03595756
v -0.03485669 0.03022662 0.03495460
v -0.03296876 0.02643091 0.03722055
v -0.03326873 0.02796298 0.03673975
v -0.03354501 0.02937545 0.03596877
v -0.03377021 0.03055784 0.03496676
v -0.03265329 0.02646208 0.03722895
v -0.03264938 0.02802495 0.03675582
v -0.03264749 0.02946590 0.03598254
v -0.03264603 0.03067629 0.03497992
v -0.03233758 0.02643311 0.03723089
v -0.03203009 0.02796561 0.03675731
v -0.03175191 0.02938028 0.03599055
v -0.03152407 0.03057002 0.03500103
v -0.03203213 0.02634053 0.03723620
v -0.03143431 0.02778378 0.03676571
v -0.03088922 0.02911912 0.03600629
v -0.03043914 0.03024474 0.03501686
v -0.03175155 0.02619092 0.03723918
v -0.03088470 0.02749048 0.03676746
v -0.03009206 0.02869308 0.03600978
v -0.02943401 0.02970841 0.03503025
v -0.03150548 0.02598735 0.03724097
v -0.03040199 0.02709371 0.03677472
v -0.02939068 0.02811801 0.03601082
v -0.02854164 0.02898660 0.03502949
v -0.03130198 0.02574310 0.03724267
v -0.03000555 0.02661301 0.03677223
v -0.02881506 0.02741617 0.03600829
v -0.02781355 0.02809825 0.03502629
v -0.03114965 0.02546297 0.03724676
v -0.02970819 0.02606318 0.03677805
v -0.02838165 0.02661912 0.03601244
v -0.02726293 0.02709094 0.03502639
v -0.03105594 0.02515798 0.03724650
v -0.02952067 0.02546776 0.03678384
v -0.02810955 0.02575391 0.03601310
v -0.02691663 0.02600305 0.03503017
v -0.03102006 0.02484212 0.03725448
v -0.02945144 0.02484773 0.03678958
v -0.02800872 0.02485406 0.03602456
v -0.02678660 0.02486885 0.03503283
v -0.03105156 0.02452556 0.03725066
v -0.02951073 0.02422710 0.03678392
v -0.02808674 0.02395053 0.03601479
v -0.02689124 0.02372183 0.03502327
v -0.03114103 0.02421848 0.03725311
v -0.02968822 0.02362734 0.03678320
v -0.02834320 0.02307697 0.03601069
v -0.02720970 0.02262019 0.03501378
v -0.03128843 0.02393466 0.03725289
v -0.02997786 0.02307249 0.03677728
v -0.02876462 0.02227220 0.03600344
v -0.02774231 0.02160912 0.03500586
v -0.03149636 0.02369023 0.03724152
v -0.03037988 0.02259194 0.03676462
v -0.02934110 0.02157370 0.03599007
v -0.02846422 0.02072230 0.03499179
v -0.03174228 0.02348650 0.03723899
v -0.03086250 0.02219572 0.03675648
v -0.03005033 0.02100635 0.03597163
v -0.02936675 0.02000900 0.03495576
v -0.03202860 0.02333747 0.03723031
v -0.03142288 0.02190420 0.03674176
v -0.03085959 0.02058654 0.03595339
v -0.03039269 0.01949250 0.03492904
v -0.03233730 0.02324278 0.03723095
v -0.03202536 0.02172226 0.03673606
v -0.03173925 0.02033349 0.03593253
v -0.03149632 0.01917118 0.03490788
v -0.03265819 0.02321163 0.03722784
v -0.03265436 0.02166245 0.03672810
v -0.03265124 0.02024771 0.03592617
v -0.03264108 0.01907819 0.03489992
v -0.03297976 0.02323978 0.03722945
v -0.03328425 0.02172097 0.03672392
v -0.03356258 0.02033817 0.03591475
v -0.03378910 0.01919578 0.03487784
v -0.03328753 0.02333231 0.03722477
v -0.03388496 0.02190007 0.03672215
v -0.03443656 0.02059405 0.03591777
v -0.03488972 0.01952815 0.03486900
v -0.03357290 0.02347912 0.03722784
v -0.03444480 0.02218866 0.03672727
v -0.03524321 0.02101316 0.03592160
v -0.03590201 0.02005073 0.03487331
v -0.03381796 0.02368202 0.03722532
v -0.03492639 0.02258454 0.03672630
v -0.03594758 0.02158251 0.03592407
v -0.03679080 0.02076182 0.03486909
v -0.03402326 0.02392484 0.03723000
v -0.03532886 0.02306067 0.03673522
v -0.03652647 0.02227601 0.03593746
v -0.03751751 0.02163121 0.03489257
v -0.03265985 0.02483798 0.03739074
v -0.03416807 0.02420660 0.03722365
v -0.03561371 0.02361579 0.03673044
v -0.03694494 0.02307748 0.03593500
v -0.03804206 0.02264082 0.03487327
v -0.03425593 0.02451116 0.03721999
v -0.03578613 0.02421425 0.03671231
v -0.03718869 0.02395208 0.03590822
v -0.03835158 0.02374377 0.03485503
v -0.03963120 0.02491063 0.03397460
v -0.04145148 0.02494232 0.03252195
v -0.04300622 0.02500318 0.03061845
v -0.04418759 0.02505736 0.02845502
v -0.04491984 0.02509096 0.02610119
v -0.04515738 0.02511246 0.02363796
v -0.04490248 0.02511617 0.02122007
v -0.04418752 0.02512755 0.01887498
v -0.04303519 0.02513751 0.01670769
v -0.04149203 0.02514323 0.01480309
v -0.03961159 0.02514664 0.01323396
v -0.03746419 0.02514408 0.01206376
v -0.03524128 0.02513722 0.01145248
v -0.03947500 0.02626611 0.03399203
v -0.04125284 0.02666071 0.03253555
v -0.04277470 0.02703372 0.03063924
v -0.04393266 0.02730123 0.02847821
v -0.04464580 0.02747716 0.02612286
v -0.04488856 0.02754136 0.02367816
v -0.04465367 0.02750813 0.02123879
v -0.04395848 0.02737853 0.01889070
v -0.04283405 0.02716240 0.01671965
v -0.04132227 0.02686547 0.01481242
v -0.03947892 0.02650066 0.01324009
v -0.03737791 0.02607888 0.01206271
v -0.03519696 0.02561354 0.01145693
v -0.03907123 0.02757316 0.03401867
v -0.04073355 0.02832669 0.03255564
v -0.04218281 0.02897227 0.03066873
v -0.04324704 0.02944621 0.02850550
v -0.04391688 0.02975443 0.02615498
v -0.04415506 0.02987267 0.02370949
v -0.04394290 0.02979591 0.02126298
v -0.04329506 0.02953612 0.01890614
v -0.04223949 0.02910676 0.01673088
v -0.04081890 0.02852174 0.01482013
v -0.03908488 0.02780118 0.01324642
v -0.03722388 0.02696149 0.01218838
v -0.03505974 0.02607182 0.01146031
v -0.03842531 0.02877956 0.03403531
v -0.03992641 0.02984931 0.03256472
v -0.04119664 0.03073276 0.03068567
v -0.04215074 0.03141692 0.02852928
v -0.04276170 0.03185019 0.02618226
v -0.04297658 0.03201344 0.02373761
v -0.04279480 0.03190079 0.02128574
v -0.04222038 0.03152572 0.01892697
v -0.04127663 0.03090003 0.01674713
v -0.04000134 0.03004824 0.01483196
v -0.03844343 0.02900120 0.01325406
v -0.03666473 0.02780281 0.01207162
v -0.03483353 0.02649460 0.01146429
v -0.03755958 0.02983321 0.03405405
v -0.03882332 0.03116749 0.03258365
v -0.03990142 0.03229084 0.03071547
v -0.04069592 0.03312536 0.02855947
v -0.04122227 0.03368220 0.02621271
v -0.04141469 0.03388986 0.02376046
v -0.04126551 0.03374788 0.02130307
v -0.04078104 0.03326925 0.01894108
v -0.03998231 0.03247100 0.01675764
v -0.03890093 0.03138534 0.01484091
v -0.03758043 0.03005375 0.01325921
v -0.03618636 0.02851669 0.01220024
v -0.03453102 0.02686424 0.01146728
v -0.03649918 0.03070386 0.03406277
v -0.03749582 0.03223894 0.03263022
v -0.03833086 0.03356963 0.03075464
v -0.03895887 0.03455611 0.02860177
v -0.03936826 0.03519719 0.02623503
v -0.03952093 0.03543347 0.02377599
v -0.03940444 0.03526697 0.02131864
v -0.03902935 0.03470032 0.01895002
v -0.03840534 0.03376130 0.01676636
v -0.03755992 0.03248217 0.01484595
v -0.03652732 0.03091513 0.01326249
v -0.03546381 0.02911234 0.01220526
v -0.03416192 0.02716927 0.01146924
v -0.03529515 0.03131404 0.03408201
v -0.03597492 0.03302266 0.03266861
v -0.03654455 0.03452235 0.03079856
v -0.03697466 0.03563371 0.02861749
v -0.03725490 0.03633400 0.02624756
v -0.03735899 0.03658894 0.02378648
v -0.03728438 0.03640031 0.02132506
v -0.03702901 0.03576808 0.01895765
v -0.03660617 0.03472096 0.01677333
v -0.03603001 0.03330103 0.01485320
v -0.03545915 0.03154243 0.01338628
v -0.03463876 0.02955610 0.01220713
v -0.03373827 0.02739500 0.01147026
v -0.03399252 0.03171812 0.03409318
v -0.03432304 0.03355703 0.03269266
v -0.03459847 0.03515445 0.03082046
v -0.03481023 0.03630104 0.02862694
v -0.03495467 0.03703229 0.02624978
v -0.03501511 0.03730302 0.02378551
v -0.03498244 0.03710087 0.02132460
v -0.03485948 0.03642585 0.01896161
v -0.03465376 0.03531258 0.01677550
v -0.03436872 0.03380384 0.01485524
v -0.03415623 0.03193936 0.01338755
v -0.03373849 0.02983014 0.01220752
v -0.03327892 0.02753457 0.01147081
v -0.03264824 0.03185225 0.03412490
v -0.03259291 0.03374682 0.03268649
v -0.03254793 0.03536961 0.03081154
v -0.03254936 0.03652688 0.02862007
v -0.03255796 0.03726519 0.02624954
v -0.03258274 0.03755160 0.02376217
v -0.03258858 0.03733220 0.02132167
v -0.03260218 0.03664745 0.01895821
v -0.03262324 0.03551064 0.01677836
v -0.03279057 0.03395683 0.01496192
v -0.03280033 0.03207524 0.01338549
v -0.03280235 0.02992346 0.01220595
v -0.03280193 0.02758219 0.01147061
v -0.03131431 0.03173711 0.03415672
v -0.03086141 0.03357043 0.03268984
v -0.03046977 0.03513429 0.03076976
v -0.03028346 0.03629217 0.02859785
v -0.03016420 0.03702473 0.02623541
v -0.03013466 0.03729620 0.02377366
v -0.03019273 0.03709380 0.02131861
v -0.03034383 0.03642682 0.01894974
v -0.03057496 0.03532836 0.01676049
v -0.03106602 0.03378811 0.01495724
v -0.03144170 0.03194261 0.01338105
v -0.03186588 0.02983245 0.01220340
v -0.03232492 0.02753564 0.01146937
v -0.03001863 0.03136479 0.03420036
v -0.02921437 0.03306722 0.03269770
v -0.02851307 0.03450968 0.03074124
v -0.02811350 0.03562037 0.02858482
v -0.02786284 0.03631685 0.02623164
v -0.02778755 0.03657647 0.02376847
v -0.02788933 0.03638704 0.02131270
v -0.02817208 0.03576505 0.01893915
v -0.02879229 0.03470430 0.01686426
v -0.02940050 0.03328603 0.01495065
v -0.03013565 0.03154870 0.01337494
v -0.03096618 0.02956014 0.01219879
v -0.03186613 0.02739708 0.01146685
v -0.02881219 0.03070611 0.03420472
v -0.02770013 0.03224159 0.03270520
v -0.02674284 0.03354538 0.03075578
v -0.02612610 0.03454524 0.02859170
v -0.02574871 0.03517494 0.02622547
v -0.02562918 0.03541158 0.02376562
v -0.02577255 0.03524679 0.02129779
v -0.02617129 0.03468920 0.01892368
v -0.02699042 0.03374310 0.01685388
v -0.02786872 0.03246864 0.01494230
v -0.02892805 0.03090694 0.01336783
v -0.03013515 0.02911825 0.01219428
v -0.03144148 0.02717186 0.01146533
v -0.02772466 0.02983315 0.03419273
v -0.02637314 0.03113824 0.03272650
v -0.02521587 0.03226110 0.03077710
v -0.02440119 0.03310858 0.02859645
v -0.02390472 0.03364433 0.02622221
v -0.02374233 0.03384724 0.02375405
v -0.02391822 0.03370888 0.02128203
v -0.02442465 0.03324168 0.01890193
v -0.02540902 0.03244944 0.01683934
v -0.02652218 0.03136883 0.01493078
v -0.02786963 0.03004255 0.01335979
v -0.02940581 0.02852300 0.01218880
v -0.03107158 0.02686795 0.01146166
v -0.02683546 0.02877297 0.03418656
v -0.02528623 0.02980701 0.03272422
v -0.02395568 0.03069273 0.03079711
v -0.02298529 0.03135642 0.02860600
v -0.02239182 0.03178078 0.02622522
v -0.02219775 0.03194285 0.02374657
v -0.02239847 0.03183763 0.02126822
v -0.02299315 0.03147479 0.01888019
v -0.02411140 0.03087420 0.01682169
v -0.02541634 0.03002824 0.01491745
v -0.02700148 0.02898889 0.01334940
v -0.02880755 0.02779610 0.01218270
v -0.03076521 0.02649824 0.01145956
v -0.02617081 0.02755984 0.03417571
v -0.02445762 0.02828274 0.03272719
v -0.02300570 0.02890567 0.03080201
v -0.02192817 0.02936037 0.02860560
v -0.02127212 0.02965529 0.02621534
v -0.02105237 0.02976343 0.02373794
v -0.02127289 0.02970006 0.02125905
v -0.02193005 0.02945979 0.01886781
v -0.02314462 0.02907532 0.01680133
v -0.02459582 0.02849900 0.01490073
v -0.02635766 0.02778600 0.01333688
v -0.02836538 0.02696902 0.01217216
v -0.03054043 0.02607620 0.01145412
v -0.02575043 0.02624860 0.03418065
v -0.02393033 0.02662656 0.03273152
v -0.02241120 0.02696420 0.03081520
v -0.02126620 0.02719514 0.02861717
v -0.02057969 0.02735284 0.02621815
v -0.02035245 0.02741391 0.02373454
v -0.02059154 0.02737506 0.02125416
v -0.02129565 0.02722314 0.01886641
v -0.02254843 0.02712096 0.01678295
v -0.02409020 0.02683722 0.01488379
v -0.02595965 0.02648140 0.01332493
v -0.02808860 0.02606903 0.01216691
v -0.03039952 0.02561688 0.01145215
v -0.02558439 0.02488228 0.03419074
v -0.02373325 0.02491298 0.03273498
v -0.02218275 0.02494808 0.03082109
v -0.02103265 0.02495745 0.02861748
v -0.02033385 0.02497128 0.02622683
v -0.02012249 0.02499605 0.02371791
v -0.02037155 0.02498687 0.02126388
v -0.02117428 0.02506510 0.01893321
v -0.02234631 0.02508999 0.01676600
v -0.02391635 0.02510934 0.01486849
v -0.02582344 0.02512350 0.01331343
v -0.02799749 0.02513401 0.01215672
v -0.03035327 0.02514028 0.01144700
v -0.02570815 0.02350299 0.03417557
v -0.02388997 0.02318272 0.03272795
v -0.02236649 0.02290148 0.03081145
v -0.02125071 0.02270277 0.02860349
v -0.02057439 0.02258350 0.02621176
v -0.02035659 0.02255182 0.02373704
v -0.02060816 0.02260765 0.02127850
v -0.02131411 0.02274833 0.01891475
v -0.02254223 0.02305581 0.01675343
v -0.02408385 0.02338191 0.01485413
v -0.02595582 0.02376471 0.01330281
v -0.02808706 0.02419652 0.01215399
v -0.03039957 0.02466151 0.01144727
v -0.02609534 0.02217330 0.03416907
v -0.02437291 0.02149489 0.03272436
v -0.02293369 0.02092053 0.03080903
v -0.02190881 0.02051935 0.02858413
v -0.02127718 0.02027077 0.02619701
v -0.02107171 0.02020003 0.02373012
v -0.02130791 0.02030624 0.02127945
v -0.02198456 0.02060433 0.01892609
v -0.02313152 0.02110250 0.01673759
v -0.02458374 0.02171796 0.01484291
v -0.02635005 0.02245903 0.01329299
v -0.02836515 0.02329368 0.01215092
v -0.03053965 0.02420284 0.01144263
v -0.02673073 0.02094790 0.03416028
v -0.02518238 0.01994242 0.03271150
v -0.02391341 0.01911183 0.03077193
v -0.02297612 0.01850141 0.02856756
v -0.02240556 0.01813506 0.02618688
v -0.02223110 0.01802654 0.02371857
v -0.02245498 0.01817955 0.02127096
v -0.02311546 0.01863509 0.01888902
v -0.02409165 0.01930133 0.01672130
v -0.02539751 0.02018527 0.01483308
v -0.02698821 0.02125476 0.01328453
v -0.02880040 0.02246816 0.01214075
v -0.03076248 0.02377960 0.01144094
v -0.02760562 0.01987633 0.03413759
v -0.02631870 0.01860401 0.03265235
v -0.02523259 0.01753087 0.03072064
v -0.02442790 0.01673833 0.02853090
v -0.02394380 0.01626307 0.02615513
v -0.02379339 0.01612132 0.02369217
v -0.02398242 0.01631977 0.02123801
v -0.02455434 0.01688308 0.01886876
v -0.02538455 0.01772286 0.01670898
v -0.02649783 0.01884316 0.01482182
v -0.02785191 0.02020023 0.01327532
v -0.02939464 0.02174248 0.01213160
v -0.03106635 0.02341188 0.01143397
v -0.02868978 0.01901062 0.03409140
v -0.02767931 0.01750246 0.03260590
v -0.02681634 0.01622451 0.03068695
v -0.02619205 0.01529063 0.02849171
v -0.02581790 0.01472931 0.02611410
v -0.02570063 0.01455986 0.02365264
v -0.02585137 0.01479045 0.02119732
v -0.02630504 0.01544385 0.01885952
v -0.02696150 0.01642771 0.01669898
v -0.02784010 0.01774167 0.01481101
v -0.02890731 0.01933547 0.01326635
v -0.03012157 0.02114675 0.01212582
v -0.03143493 0.02310693 0.01143242
v -0.03280342 0.02514349 0.01120262
v -0.02991509 0.01835873 0.03404826
v -0.02922011 0.01667673 0.03256840
v -0.02862862 0.01525568 0.03064450
v -0.02820818 0.01422046 0.02844209
v -0.02794889 0.01359407 0.02607033
v -0.02787296 0.01340462 0.02360736
v -0.02797285 0.01365473 0.02116279
v -0.02825992 0.01434260 0.01880888
v -0.02876204 0.01546497 0.01669173
v -0.02937279 0.01692351 0.01480317
v -0.03011271 0.01869268 0.01325998
v -0.03095159 0.02070447 0.01212086
v -0.03185914 0.02288211 0.01142895
v -0.03123971 0.01795998 0.03402488
v -0.03088729 0.01615570 0.03252455
v -0.03058962 0.01465334 0.03060121
v -0.03038560 0.01355769 0.02840441
v -0.03026024 0.01289611 0.02603197
v -0.03022880 0.01269630 0.02357297
v -0.03028420 0.01295864 0.02112998
v -0.03043384 0.01368337 0.01878739
v -0.03071821 0.01487375 0.01668630
v -0.03103767 0.01641963 0.01479865
v -0.03141790 0.01829593 0.01325893
v -0.03185020 0.02042920 0.01212223
v -0.03231869 0.02274069 0.01143176
v -0.03262876 0.01784435 0.03399845
v -0.03261177 0.01594031 0.03247743
v -0.03262819 0.01444180 0.03056704
v -0.03264381 0.01333184 0.02838534
v -0.03265844 0.01265932 0.02601815
v -0.03268301 0.01246600 0.02353963
v -0.03268302 0.01272555 0.02111552
v -0.03268754 0.01346220 0.01877842
v -0.03275274 0.01467372 0.01668463
v -0.03276611 0.01624796 0.01480030
v -0.03277677 0.01816031 0.01326017
v -0.03278856 0.02033689 0.01212338
v -0.03280221 0.02268786 0.01144092
v -0.03401362 0.01799868 0.03401342
v -0.03434253 0.01610592 0.03246744
v -0.03466750 0.01464153 0.03055561
v -0.03490440 0.01355611 0.02837761
v -0.03506070 0.01289940 0.02600908
v -0.03512005 0.01270140 0.02355669
v -0.03507859 0.01296885 0.02111524
v -0.03494092 0.01369091 0.01878050
v -0.03471346 0.01484901 0.01663116
v -0.03449445 0.01641673 0.01480548
v -0.03413570 0.01829335 0.01326369
v -0.03372241 0.02042761 0.01212512
v -0.03327303 0.02274003 0.01143276
v -0.03534034 0.01841076 0.03400454
v -0.03602059 0.01664709 0.03247868
v -0.03663239 0.01525133 0.03056466
v -0.03708191 0.01422759 0.02837829
v -0.03736828 0.01360747 0.02601488
v -0.03746755 0.01341904 0.02356773
v -0.03738001 0.01367590 0.02112554
v -0.03710637 0.01436252 0.01878533
v -0.03666170 0.01545357 0.01663166
v -0.03615797 0.01691966 0.01481383
v -0.03544218 0.01868757 0.01326959
v -0.03462324 0.02070116 0.01212739
v -0.03373144 0.02288070 0.01143137
v -0.03655479 0.01906311 0.03398116
v -0.03756460 0.01751027 0.03248899
v -0.03843724 0.01623877 0.03057636
v -0.03908607 0.01531126 0.02839020
v -0.03948854 0.01475690 0.02602785
v -0.03963044 0.01459129 0.02357769
v -0.03949695 0.01482548 0.02113694
v -0.03910133 0.01544600 0.01879345
v -0.03845406 0.01643260 0.01663944
v -0.03768967 0.01773658 0.01482485
v -0.03664790 0.01932840 0.01327734
v -0.03545158 0.02114251 0.01213345
v -0.03415388 0.02310553 0.01143399
v -0.03761660 0.01992836 0.03398018
v -0.03890123 0.01863180 0.03249617
v -0.04001340 0.01755220 0.03058768
v -0.04083953 0.01676826 0.02840600
v -0.04134806 0.01630336 0.02604193
v -0.04152151 0.01617088 0.02359387
v -0.04135200 0.01637225 0.02115094
v -0.04084595 0.01690226 0.01880806
v -0.04002155 0.01774237 0.01665385
v -0.03891095 0.01885824 0.01476853
v -0.03770263 0.02019302 0.01328848
v -0.03618174 0.02173767 0.01213838
v -0.03452438 0.02341019 0.01143624
v -0.03848984 0.02098909 0.03398758
v -0.03999722 0.01999232 0.03249323
v -0.04130636 0.01914858 0.03059969
v -0.04227392 0.01854445 0.02841651
v -0.04287236 0.01819165 0.02605441
v -0.04307002 0.01808947 0.02361332
v -0.04287119 0.01825619 0.02116744
v -0.04227239 0.01867512 0.01882741
v -0.04130377 0.01933656 0.01666977
v -0.04000223 0.02021563 0.01478122
v -0.03856686 0.02124909 0.01330020
v -0.03677641 0.02246474 0.01214692
v -0.03483004 0.02377908 0.01143977
v -0.03912694 0.02220593 0.03399065
v -0.04081026 0.02153411 0.03250241
v -0.04225197 0.02097975 0.03059598
v -0.04334352 0.02057214 0.02842969
v -0.04400233 0.02033932 0.02607146
v -0.04421674 0.02027824 0.02363329
v -0.04399101 0.02039848 0.02118996
v -0.04332290 0.02069475 0.01884936
v -0.04224960 0.02115056 0.01668918
v -0.04081696 0.02175565 0.01478835
v -0.03908393 0.02248715 0.01322032
v -0.03722141 0.02329328 0.01215489
v -0.03505614 0.02420167 0.01144335
v -0.03950926 0.02353385 0.03397499
v -0.04131572 0.02321239 0.03251467
v -0.04286290 0.02295735 0.03062599
v -0.04400172 0.02279320 0.02844212
v -0.04469274 0.02267986 0.02608922
v -0.04491434 0.02264616 0.02364950
v -0.04467142 0.02271631 0.02120940
v -0.04397389 0.02286919 0.01886176
v -0.04283844 0.02310693 0.01669776
v -0.04132000 0.02341946 0.01479523
v -0.03947741 0.02378991 0.01322743
v -0.03749288 0.02419240 0.01216451
v -0.03519719 0.02465967 0.01144771
f 4 2 1
f 8 6 5
f 13 15 14
f 17 19 18
f 32 30 29
f 36 34 33
f 37 39 38
f 21 23 20
f 25 27 24
f 41 43 42
f 48 46 45
f 52 50 49
f 53 55 54
f 60 58 57
f 29 62 61
f 66 64 63
f 67 6 68
f 72 70 69
f 76 74 73
f 77 79 78
f 81 83 82
f 59 86 85
f 88 90 89
f 96 94 93
f 100 98 97
f 101 103 102
f 106 34 87
f 108 115 107
f 117 36 118
f 124 126 125
f 131 129 128
f 132 134 133
f 142 140 139
f 148 60 147
f 144 127 124
f 149 151 150
f 156 154 153
f 159 158 157
f 116 164 105
f 171 169 168
f 174 173 172
f 179 181 180
f 186 188 187
f 194 196 195
f 199 139 198
f 206 208 207
f 213 211 210
f 202 214 201
f 96 216 54
f 92 43 44
f 97 246 100
f 250 229 228
f 252 58 253
f 258 256 255
f 260 229 259
f 110 112 113
f 114 263 109
f 265 267 266
f 56 270 269
f 274 249 250
f 185 63 64
f 280 278 276
f 285 283 157
f 288 211 212
f 141 92 46
f 289 175 176
f 148 105 106
f 312 170 171
f 238 42 43
f 318 160 317
f 310 308 307
f 241 325 324
f 160 240 317
f 47 307 308
f 108 315 164
f 345 86 119
f 348 350 349
f 356 358 357
f 355 353 352
f 363 32 362
f 149 150 176
f 364 253 365
f 366 368 367
f 183 371 63
f 163 161 160
f 209 101 208
f 378 165 166
f 379 381 380
f 383 3 4
f 284 386 385
f 387 389 388
f 391 229 249
f 73 397 396
f 405 407 406
f 203 411 410
f 414 413 412
f 1 357 4
f 277 131 275
f 254 57 58
f 358 415 351
f 417 386 408
f 401 192 420
f 419 127 143
f 421 182 422
f 103 302 409
f 428 368 174
f 380 359 356
f 62 266 323
f 140 431 430
f 357 351 348
f 356 379 380
f 415 403 434
f 437 436 435
f 438 440 439
f 188 450 449
f 452 454 453
f 265 181 421
f 224 64 225
f 237 213 427
f 275 128 458
f 281 460 459
f 50 79 461
f 73 282 281
f 468 466 465
f 390 352 359
f 482 484 483
f 489 487 486
f 493 495 494
f 472 470 469
f 502 500 499
f 220 222 223
f 512 143 66
f 518 511 80
f 513 230 286
f 205 31 244
f 189 451 188
f 163 532 8
f 533 225 251
f 446 447 412
f 335 540 334
f 544 546 545
f 329 291 292
f 199 262 238
f 385 416 550
f 532 191 247
f 363 118 243
f 236 237 250
f 578 580 579
f 573 571 570
f 561 562 272
f 241 259 240
f 590 592 591
f 545 595 594
f 503 155 504
f 606 624 623
f 478 480 479
f 646 648 647
f 590 689 684
f 564 651 650
f 728 184 727
f 714 716 715
f 692 575 693
f 541 581 578
f 346 248 400
f 161 230 160
f 128 94 95
f 698 704 703
f 574 576 575
f 290 401 328
f 630 725 726
f 733 735 734
f 755 496 493
f 759 481 760
f 757 762 761
f 764 466 467
f 768 3808 3809
f 759 488 489
f 492 475 771
f 474 769 473
f 773 465 772
f 771 486 483
f 484 775 491
f 774 489 486
f 495 764 756
f 495 761 494
f 137 784 136
f 325 797 547
f 165 51 52
f 369 29 370
f 730 568 569
f 90 301 89
f 243 516 242
f 800 806 805
f 817 808 816
f 816 823 822
f 306 447 807
f 815 809 808
f 829 828 825
f 726 501 502
f 274 424 423
f 879 881 880
f 884 879 885
f 219 217 211
f 906 904 897
f 455 205 542
f 898 830 829
f 903 880 881
f 906 897 898
f 377 519 165
f 923 948 946
f 946 951 950
f 3519 739 3517
f 900 886 880
f 225 65 144
f 182 442 422
f 809 947 824
f 954 962 961
f 927 965 966
f 885 880 886
f 925 966 967
f 343 341 340
f 965 971 968
f 968 970 969
f 972 969 973
f 963 981 978
f 336 338 339
f 992 827 828
f 810 996 959
f 1007 1002 1008
f 1012 827 1009
f 1011 1007 1008
f 294 292 291
f 907 920 919
f 1017 1019 1018
f 1020 1022 1021
f 1035 1020 1044
f 1061 1047 1046
f 1063 1046 1062
f 1044 1021 1045
f 1102 1097 1109
f 1116 1118 1117
f 1016 1014 1013
f 881 904 903
f 816 1127 817
f 1094 949 1097
f 514 167 515
f 146 81 82
f 1133 1130 1129
f 1102 1126 822
f 822 1116 816
f 1145 1148 1136
f 1076 1151 1069
f 1148 1086 1087
f 1109 1114 1136
f 1154 1156 1155
f 1153 967 1156
f 3464 463 3714
f 1144 1152 1151
f 1156 1163 1162
f 1164 1169 1165
f 1145 1176 1147
f 1114 1154 1171
f 1183 1164 1177
f 1184 1177 1185
f 1069 1062 1064
f 1023 1194 1022
f 1162 1170 1169
f 1195 1185 1191
f 1183 1176 1155
f 1201 1152 1196
f 1061 1201 1202
f 3825 843 3836
f 1203 1195 1034
f 1202 1184 1195
f 1218 1203 1217
f 1060 1202 1203
f 1225 1217 1219
f 671 694 670
f 1219 1024 1035
f 1217 1034 1024
f 1226 1015 1227
f 1243 1234 1233
f 1231 1229 1228
f 847 1233 843
f 843 1244 878
f 1233 1245 1244
f 1923 233 216
f 2100 499 500
f 3914 2135 3900
f 61 323 505
f 210 217 457
f 1299 1309 1300
f 3863 1231 3862
f 1066 1321 1322
f 1322 1228 1229
f 1060 1321 1047
f 1325 1323 1310
f 1244 1332 1330
f 1290 1242 1288
f 1337 1339 1338
f 1330 1340 1339
f 1341 1245 1294
f 1342 1332 1341
f 1343 1341 1344
f 1344 1294 1293
f 3857 1345 1346
f 1347 1342 1343
f 3856 1295 1345
f 1349 1348 1347
f 3861 1347 3853
f 3853 1343 3857
f 906 829 1353
f 905 1353 1354
f 865 1355 1357
f 1355 829 825
f 1357 825 826
f 1356 1353 1355
f 3834 1338 3833
f 866 1356 865
f 1358 1354 1356
f 3828 1337 3834
f 838 1012 841
f 1363 1338 1339
f 1368 1339 1340
f 1348 1340 1342
f 1371 3824 3829
f 524 526 523
f 528 530 527
f 1372 1369 1371
f 535 537 538
f 1367 1348 1350
f 1370 1359 1369
f 1369 3833 3824
f 1373 903 904
f 555 557 558
f 1374 910 1373
f 1373 905 1375
f 1374 1375 1376
f 1375 1354 1370
f 1378 908 1377
f 376 651 1387
f 1388 973 969
f 586 588 585
f 1390 1388 1391
f 1391 969 970
f 597 599 596
f 600 602 603
f 1392 970 979
f 608 610 607
f 612 523 611
f 614 616 613
f 617 25 24
f 620 622 619
f 1397 1391 1392
f 1398 1392 1399
f 1400 920 1378
f 1402 1165 1169
f 636 638 635
f 930 1402 929
f 641 643 644
f 929 1169 1170
f 1404 1403 1402
f 1411 1365 1406
f 1412 1415 1414
f 652 654 655
f 609 657 658
f 659 661 662
f 558 586 585
f 665 667 664
f 1413 1406 1412
f 1418 3810 3813
f 1417 1371 1416
f 1416 3829 3810
f 1419 1416 1418
f 1386 1374 1420
f 677 679 676
f 1385 1420 1421
f 1420 1376 1422
f 685 687 688
f 1421 1422 1423
f 528 691 658
f 1422 1372 1417
f 1018 747 1425
f 699 701 702
f 1424 579 1017
f 3663 1767 3660
f 700 711 712
f 1093 3754 1571
f 717 530 719
f 721 723 720
f 704 3543 3554
f 19 1426 1430
f 1429 1427 1426
f 1658 3542 3544
f 1439 1434 1438
f 1437 1435 1434
f 1426 1433 1432
f 1442 1432 1440
f 742 744 745
f 1432 1441 1440
f 751 753 750
f 1438 1403 1405
f 1446 1444 1443
f 1447 1446 1443
f 3860 1443 3848
f 1415 1445 1446
f 1414 1446 1448
f 2173 469 470
f 777 779 686
f 780 782 783
f 1676 1806 1675
f 3859 1349 3861
f 789 791 788
f 745 793 742
f 652 795 653
f 1455 1457 1456
f 1454 1350 1452
f 610 802 801
f 3831 698 703
f 1352 1045 1351
f 1015 1459 1460
f 811 813 814
f 2118 3817 2117
f 819 821 818
f 1466 1194 1190
f 1467 1465 1466
f 1182 1468 1467
f 832 833 831
f 835 837 834
f 1467 1190 1182
f 1469 1444 1445
f 840 712 690
f 1453 1469 1454
f 599 845 846
f 1226 3849 3855
f 851 853 850
f 855 856 854
f 858 860 857
f 861 863 864
f 1014 3855 3858
f 867 868 869
f 870 872 873
f 874 876 877
f 1310 1471 1309
f 1476 1427 1475
f 1461 1475 1460
f 887 889 890
f 788 892 891
f 894 896 893
f 1460 1227 1015
f 901 524 612
f 1465 1477 1464
f 1865 3500 1864
f 911 913 914
f 916 918 915
f 1850 3507 1851
f 921 895 894
f 1479 1436 1478
f 926 667 601
f 1481 563 1480
f 269 84 1482
f 931 933 916
f 934 614 869
f 936 688 937
f 938 662 939
f 1484 122 123
f 941 835 834
f 320 509 510
f 1849 3505 1850
f 84 1484 83
f 1487 1488 539
f 1757 3502 3509
f 365 1491 364
f 461 80 511
f 117 362 1496
f 1494 541 1495
f 926 957 958
f 1477 1433 1476
f 1709 1585 1700
f 119 1496 345
f 271 504 156
f 511 189 186
f 345 1492 365
f 255 344 254
f 57 299 132
f 1501 268 1500
f 267 1499 145
f 974 976 977
f 1678 1693 1676
f 3846 1807 3840
f 557 663 558
f 983 984 985
f 1443 3849 3848
f 421 268 265
f 989 991 988
f 1490 418 1504
f 279 309 310
f 997 676 679
f 998 999 875
f 1504 38 1505
f 1506 1507 1486
f 360 1508 1506
f 1506 207 360
f 939 1006 938
f 270 1483 269
f 66 546 512
f 1010 793 935
f 367 437 1509
f 244 363 243
f 1670 3534 1669
f 209 1510 226
f 235 1512 1511
f 1511 234 235
f 388 426 425
f 427 250 237
f 161 521 231
f 100 45 44
f 1025 608 1027
f 1029 1031 1028
f 939 1033 1032
f 41 594 99
f 1036 783 1037
f 702 1038 1039
f 1040 1042 1043
f 362 369 1493
f 187 477 186
f 70 539 198
f 1511 1521 234
f 1049 603 1048
f 613 869 614
f 860 1051 857
f 1005 1053 1006
f 753 1056 1054
f 1057 1059 1055
f 293 1522 292
f 288 1521 1522
f 292 1523 329
f 331 1508 1524
f 306 453 305
f 100 41 99
f 462 78 79
f 330 1524 462
f 635 1068 636
f 1485 1526 1528
f 206 1528 1510
f 1070 1072 831
f 942 1073 1074
f 916 1075 917
f 440 1530 439
f 157 1514 285
f 1529 5 1530
f 371 546 63
f 790 663 791
f 1077 857 1078
f 1403 1435 1165
f 1080 1082 1079
f 531 1529 440
f 21 1084 1085
f 272 1531 561
f 137 396 397
f 690 802 691
f 335 3567 581
f 1090 1029 1091
f 1092 794 1042
f 1533 137 138
f 661 1095 1096
f 69 445 72
f 1099 1101 1098
f 38 1536 1505
f 1104 1106 1103
f 852 1108 853
f 1377 909 1386
f 291 411 294
f 316 516 33
f 539 1533 534
f 1505 316 313
f 1110 1112 1113
f 1539 460 264
f 522 1537 1539
f 834 1120 1119
f 1122 1124 1121
f 612 1041 901
f 935 615 614
f 276 130 131
f 1686 3522 1685
f 193 1541 273
f 231 1540 287
f 556 982 557
f 365 85 345
f 190 318 1541
f 1810 3574 3528
f 3924 3512 3791
f 1132 985 1131
f 208 102 132
f 1134 662 661
f 1491 80 77
f 429 1542 147
f 1137 915 918
f 172 428 174
f 1139 1141 1142
f 549 54 55
f 1517 1518 296
f 976 1146 938
f 834 984 941
f 1543 286 115
f 1544 239 513
f 133 1544 1542
f 506 257 258
f 420 328 401
f 1158 1160 1157
f 587 1103 588
f 1513 1514 151
f 607 1027 608
f 304 1545 303
f 364 77 506
f 69 198 139
f 1006 976 938
f 700 1112 701
f 3877 3525 3787
f 1166 657 656
f 1167 858 1077
f 1300 3524 1299
f 1172 1174 1175
f 218 200 217
f 1179 1181 1178
f 372 97 98
f 89 227 88
f 1186 1188 1189
f 172 1517 1549
f 1482 81 1498
f 1090 1193 1030
f 394 353 1551
f 526 1198 1197
f 811 858 812
f 1199 1026 1025
f 606 697 696
f 1204 1206 743
f 1207 523 526
f 1209 867 613
f 914 685 936
f 1478 1441 1477
f 1029 1161 1091
f 1211 1213 1214
f 3858 1451 3859
f 844 1216 845
f 423 273 274
f 1220 1222 1083
f 22 1224 23
f 882 897 881
f 1519 173 387
f 1189 1232 1178
f 349 550 416
f 1071 1236 1072
f 1237 1239 745
f 1221 1189 1240
f 1510 1512 333
f 939 1241 1005
f 1556 5 67
f 1553 394 1551
f 404 67 347
f 1247 1249 1246
f 142 238 92
f 1251 635 1250
f 850 1253 851
f 1254 1077 1255
f 57 133 429
f 443 552 551
f 1187 1175 1188
f 1256 831 833
f 432 382 383
f 741 747 746
f 434 351 415
f 349 383 348
f 251 1481 1480
f 395 352 353
f 1518 1550 1551
f 1558 378 340
f 109 314 315
f 285 1513 407
f 395 393 392
f 202 410 1558
f 417 405 432
f 1246 1258 1247
f 3 297 2
f 1259 1261 1262
f 403 347 284
f 955 953 952
f 462 51 330
f 1096 687 1263
f 429 60 57
f 896 1265 932
f 1267 1268 1266
f 423 327 420
f 37 180 40
f 20 1187 1186
f 1256 1071 1070
f 155 156 504
f 1188 1269 1232
f 1236 1271 1262
f 1272 535 621
f 565 463 464
f 1273 745 1239
f 876 1255 1274
f 316 164 315
f 437 503 1509
f 194 1495 197
f 1275 864 863
f 624 631 630
f 1277 1137 1278
f 569 567 566
f 1481 125 366
f 324 547 326
f 1279 1107 1280
f 1525 329 1523
f 1281 1137 918
f 171 1553 1552
f 1488 396 1533
f 1557 1562 1559
f 1282 1206 1205
f 1053 1278 1281
f 778 607 1283
f 713 3566 3569
f 251 144 124
f 4 348 383
f 709 707 706
f 728 45 246
f 261 1563 544
f 789 1287 790
f 74 263 282
f 403 385 434
f 1178 1240 1189
f 1223 1289 1224
f 158 150 151
f 1220 1186 1221
f 296 354 433
f 784 1538 1566
f 1181 1291 1222
f 1269 1257 1246
f 1566 438 399
f 136 1566 1564
f 1563 169 1565
f 107 109 108
f 1297 1298 1296
f 1464 1476 1461
f 1520 507 508
f 1301 1303 1304
f 1306 1308 1305
f 175 1532 272
f 1532 200 201
f 1311 1312 1313
f 872 1315 1316
f 1317 1318 1319
f 3836 878 3828
f 1305 864 1276
f 1040 863 1320
f 1564 399 169
f 592 1575 591
f 591 1088 689
f 1581 1583 1582
f 1196 1147 1176
f 710 583 713
f 285 408 386
f 953 961 963
f 1594 1589 1593
f 1585 1587 1586
f 1592 1590 1589
f 3885 944 3899
f 1600 1598 1597
f 1604 1602 1601
f 1399 979 980
f 1589 1596 1595
f 1610 1608 1607
f 298 361 360
f 551 276 277
f 1627 3814 3819
f 859 818 860
f 1078 1328 1329
f 1555 1530 1556
f 572 680 681
f 772 776 774
f 977 918 917
f 404 392 393
f 1054 750 753
f 1644 1643 1642
f 932 1082 933
f 1067 1334 1068
f 1540 264 114
f 597 643 1336
f 471 762 470
f 1642 3831 3842
f 1644 3842 3843
f 923 950 927
f 96 548 95
f 520 522 521
f 445 443 442
f 849 848 842
f 480 755 493
f 1646 481 1639
f 311 1567 170
f 464 3497 3495
f 3497 1361 3495
f 234 236 235
f 190 192 191
f 153 152 149
f 231 286 230
f 1552 1551 1550
f 760 1648 488
f 3832 1649 3830
f 828 826 825
f 52 166 165
f 1663 1661 1660
f 287 115 286
f 668 670 669
f 634 640 639
f 553 559 554
f 118 33 516
f 492 491 490
f 3552 1651 3553
f 582 584 583
f 384 392 415
f 1381 1383 1380
f 1562 435 436
f 952 951 947
f 3529 583 584
f 1660 1667 1666
f 1394 1396 1393
f 1660 1664 1663
f 1671 1669 1668
f 1624 1673 1672
f 1407 1409 1410
f 1677 1675 1674
f 1613 1677 1625
f 1679 1676 1677
f 1626 3811 3814
f 534 198 539
f 176 150 159
f 803 734 800
f 400 191 192
f 65 143 144
f 3526 1656 3540
f 402 157 283
f 629 627 626
f 461 49 50
f 758 495 756
f 796 786 785
f 406 1513 1560
f 342 166 167
f 1694 1658 1695
f 1692 1694 1696
f 3557 1652 3552
f 3921 1703 3923
f 326 302 90
f 3916 1702 1706
f 3919 1698 1701
f 1699 3927 3918
f 1557 1560 1561
f 1127 1117 1128
f 400 289 346
f 1706 1707 1708
f 1707 1599 1600
f 1709 1708 1588
f 1714 1711 1713
f 3919 1709 1700
f 1704 1577 1703
f 1716 1713 1715
f 1559 1549 297
f 1722 1720 1719
f 1335 596 1489
f 410 377 378
f 973 1163 972
f 168 399 398
f 1571 1089 1093
f 1572 682 1571
f 749 647 754
f 1730 1723 1729
f 1594 1729 1592
f 1729 1591 1592
f 1731 1730 1583
f 1384 1377 1379
f 1732 1712 1714
f 1724 1731 1732
f 1712 1731 1580
f 1722 1732 1733
f 1721 1733 1734
f 1734 1716 1717
f 1735 1736 1697
f 1733 1714 1716
f 1663 1741 1668
f 1742 1740 1743
f 1738 1737 1735
f 1665 1666 1740
f 1665 1744 1664
f 1725 1746 1745
f 1591 1745 1590
f 1590 1747 1596
f 1745 1748 1747
f 1659 3538 3542
f 3287 3545 3282
f 1185 1182 1190
f 1664 1749 1741
f 1741 1739 1738
f 1746 1743 1748
f 1726 1742 1746
f 1153 924 925
f 1115 1153 1154
f 1654 3575 1655
f 1896 3549 1686
f 1720 1744 1726
f 1721 1749 1720
f 1750 1701 1698
f 1697 1750 1696
f 1151 1063 1062
f 1751 1670 1671
f 1695 1752 1751
f 961 986 981
f 1770 1768 1767
f 1766 1593 1765
f 1731 1579 1580
f 1579 1774 1578
f 3928 1771 3929
f 1764 3928 3917
f 1777 1775 1774
f 3762 1699 1700
f 1004 1128 1003
f 1774 1771 1772
f 987 1399 980
f 1578 1772 1764
f 1783 1781 1778
f 1597 1770 1767
f 639 3895 3884
f 3928 1769 1770
f 1793 1789 1788
f 3929 1798 1769
f 3508 3773 1806
f 1802 3924 3922
f 1788 1794 1793
f 1793 1795 1776
f 3773 1675 1806
f 1584 1783 1789
f 1771 3920 3929
f 1801 1798 1800
f 1768 1798 1799
f 1775 1797 1771
f 508 515 1520
f 1796 1802 1797
f 1800 3920 3922
f 1794 1804 1795
f 3532 1752 3547
f 485 1807 775
f 3809 1640 768
f 3837 1810 1653
f 485 1640 1808
f 1690 3770 3772
f 487 1648 1811
f 3839 1816 3822
f 3838 1648 3830
f 3839 1811 3838
f 1812 487 1811
f 1641 767 768
f 465 755 776
f 767 3823 3808
f 3822 3826 3847
f 1809 1815 767
f 3837 1651 3840
f 675 3541 3496
f 1814 1822 1821
f 1821 3821 3820
f 1824 1649 1825
f 1827 1850 1805
f 1668 1662 1663
f 1779 1848 1828
f 1790 1805 1794
f 1833 1853 1852
f 3521 693 575
f 1614 1616 1617
f 1852 3498 3501
f 1620 1622 1623
f 1855 1574 1861
f 1847 3501 3513
f 1766 1855 1782
f 1629 1631 1628
f 1633 1634 1632
f 1635 1637 1638
f 1848 1852 1847
f 1855 1863 1862
f 1803 1867 1802
f 1862 1831 1832
f 1782 1862 1781
f 3922 1865 1800
f 1873 1870 1869
f 1874 799 804
f 2045 3897 2044
f 1219 1295 1225
f 1615 1396 1395
f 3884 1877 1876
f 645 3786 3559
f 1345 1035 1346
f 634 3884 3880
f 15 1327 14
f 3910 1878 1893
f 1894 605 1893
f 3506 627 693
f 3560 645 3559
f 340 454 1558
f 1897 195 1898
f 1889 1877 1890
f 1901 129 1900
f 196 754 232
f 1705 3921 3916
f 340 166 343
f 1570 563 561
f 1904 194 1897
f 1781 1832 1780
f 1905 55 1906
f 1000 995 996
f 986 920 987
f 1191 1190 1194
f 2094 2075 2093
f 1920 1919 1915
f 453 1912 1911
f 1915 1918 1916
f 3882 2106 3901
f 1655 3531 1868
f 1916 1926 1925
f 704 3561 703
f 278 1925 1900
f 3565 1818 1820
f 1097 1115 1114
f 1927 727 1923
f 3578 3654 3758
f 1920 307 1929
f 1929 48 728
f 503 1497 1509
f 1902 787 796
f 1816 3820 3826
f 1925 1923 1924
f 1535 1568 1534
f 254 258 255
f 1509 366 367
f 119 35 36
f 219 293 294
f 141 47 431
f 542 244 245
f 1940 430 431
f 1779 1827 1790
f 1701 3915 3919
f 1661 3515 1667
f 270 754 647
f 197 749 196
f 1727 1212 1211
f 53 232 754
f 1465 1479 1478
f 1284 3854 1293
f 1951 412 413
f 168 1554 1553
f 1486 206 207
f 506 78 361
f 994 1007 993
f 951 963 964
f 1013 3861 1351
f 3826 1820 1818
f 1498 1954 1482
f 299 543 132
f 1754 1756 1753
f 1681 1683 1682
f 1696 1695 1697
f 13 738 737
f 473 475 474
f 482 768 1640
f 204 30 205
f 1761 820 819
f 611 1125 612
f 1501 1908 1909
f 1074 711 699
f 1960 82 83
f 120 1960 123
f 35 87 34
f 1773 1025 1031
f 1965 1569 1535
f 494 471 479
f 1966 1969 1968
f 446 1971 1967
f 174 125 126
f 1580 1578 1577
f 1785 1787 1784
f 1972 304 305
f 1254 875 999
f 1973 342 514
f 321 1973 509
f 1910 275 1907
f 509 514 508
f 1486 1527 1485
f 1974 804 1975
f 1977 1974 1978
f 1980 1966 1981
f 379 2 295
f 1718 1710 1701
f 884 992 883
f 1680 1678 1679
f 902 525 524
f 344 256 299
f 135 137 136
f 236 228 333
f 448 1967 1966
f 589 604 584
f 910 908 907
f 1981 1968 1987
f 1982 1987 1979
f 1988 1987 1989
f 1990 1989 1991
f 1991 1993 1992
f 322 320 319
f 992 830 883
f 1144 1086 1143
f 1995 1978 1994
f 1133 1118 1126
f 1997 1994 1996
f 870 1335 1489
f 805 1982 1998
f 727 2000 1999
f 1996 1988 1990
f 1994 1979 1988
f 1829 792 1273
f 1830 941 983
f 798 800 799
f 729 731 730
f 2011 2023 2022
f 1834 846 1159
f 402 284 347
f 2022 2024 2025
f 1838 989 988
f 810 952 809
f 1823 1840 644
f 1430 1432 1431
f 1215 1841 1079
f 149 176 177
f 1316 873 872
f 2112 1384 2106
f 1842 1844 1845
f 1159 845 1160
f 837 1846 1120
f 1971 2030 2027
f 517 370 189
f 858 833 812
f 1471 2027 1888
f 3551 626 627
f 2174 770 490
f 935 1854 1010
f 1613 1611 1618
f 1231 1225 1295
f 1856 891 892
f 1300 748 741
f 1150 1858 1859
f 1643 696 1642
f 1215 1264 1216
f 1320 902 901
f 1956 1944 1960
f 2031 669 1474
f 2034 1310 1299
f 1879 1656 1657
f 40 242 39
f 1992 2039 1456
f 888 957 889
f 1882 1996 1990
f 1078 1255 1077
f 1871 1192 1090
f 294 218 219
f 1323 2026 1471
f 123 83 1484
f 1324 2041 1323
f 384 359 352
f 1324 2038 2036
f 1883 1885 1829
f 287 114 107
f 1096 1134 661
f 915 931 916
f 806 1981 1982
f 3533 584 604
f 1425 2042 1018
f 1018 1948 1017
f 3562 740 3519
f 1948 649 646
f 1881 1990 1991
f 1900 130 278
f 992 994 993
f 923 925 924
f 3878 2047 3876
f 1643 625 606
f 2050 2051 2049
f 2045 1404 2047
f 3876 945 3885
f 1139 1079 1841
f 1037 892 982
f 2055 2057 2056
f 1198 718 717
f 1619 1612 1611
f 2058 1606 2059
f 2059 1607 2058
f 2058 1624 1605
f 71 179 37
f 405 1557 382
f 976 1006 977
f 322 1972 1911
f 2061 2063 2062
f 2066 2067 1825
f 2052 2064 2051
f 1609 2066 1647
f 1515 152 1516
f 1009 993 1007
f 1644 3815 2118
f 279 1916 278
f 1285 3862 1284
f 1647 1825 1649
f 2056 2067 2065
f 319 1953 1952
f 667 1913 1914
f 2070 625 2048
f 2052 2055 2063
f 2038 1655 1458
f 1606 2073 2072
f 1235 1270 1236
f 2072 2075 2074
f 2059 2072 2062
f 2074 2077 2076
f 1601 2078 2073
f 2049 1643 1645
f 1000 1001 994
f 1089 684 689
f 1931 1306 1930
f 1462 1021 1022
f 1932 1934 1935
f 875 1846 998
f 1936 1937 1938
f 44 46 92
f 1534 1956 120
f 1541 317 391
f 2081 2084 2083
f 146 1959 300
f 1360 1942 1361
f 985 1032 1033
f 1995 1892 2043
f 2079 2082 2081
f 2095 2076 2077
f 2081 2078 2079
f 2055 2054 2053
f 501 2095 500
f 2097 2099 2098
f 2098 2094 2083
f 2140 3893 3866
f 2141 3894 3893
f 2051 2048 2049
f 592 2101 1576
f 2071 2076 2096
f 2102 2098 2101
f 593 2102 592
f 1019 746 747
f 1950 12 1327
f 725 2096 501
f 1385 2104 1379
f 1379 2106 1384
f 2107 2100 2097
f 3908 502 3896
f 3896 499 3901
f 940 2109 944
f 928 1170 973
f 3868 684 3899
f 1962 1964 1961
f 3878 573 3897
f 2039 1968 1969
f 1389 2110 2109
f 1398 2113 1397
f 3757 3753 3743
f 3911 2107 2103
f 949 924 1115
f 260 324 326
f 1390 2113 2110
f 2070 2064 2071
f 3867 2103 593
f 2105 1421 2114
f 2114 1423 2115
f 3892 2115 3903
f 3908 2114 3892
f 554 1902 553
f 972 967 966
f 1765 1573 1574
f 1984 1986 1983
f 2053 2069 2057
f 3573 724 714
f 1625 1674 1673
f 3881 2119 2122
f 3903 2123 3904
f 56 1906 55
f 626 3879 629
f 2001 2003 2004
f 3912 2127 3907
f 2006 2008 2009
f 2127 1412 2128
f 2014 2016 2017
f 2018 2020 2021
f 1495 1947 197
f 1379 1386 1385
f 3814 1680 1618
f 2029 1884 2028
f 3902 2120 3887
f 629 3914 3872
f 682 943 1089
f 724 2121 716
f 1757 3821 3845
f 765 3844 3809
f 3851 715 3852
f 706 3870 3872
f 981 987 980
f 1457 1656 1880
f 2017 2032 2033
f 1458 1868 1457
f 1776 1792 1793
f 1959 1946 1958
f 3663 3725 3661
f 3913 2122 3850
f 1093 689 1088
f 966 968 972
f 3852 3881 3913
f 2172 2170 2171
f 670 2137 669
f 3761 1903 233
f 1429 28 1449
f 964 978 971
f 3841 1413 2127
f 1473 669 2137
f 3834 1359 1358
f 2138 1870 2137
f 1872 2137 1870
f 715 3888 3881
f 1881 1992 1880
f 3843 739 740
f 1837 3513 3514
f 253 59 85
f 1808 3840 1807
f 1647 3818 1609
f 3865 671 668
f 2112 3883 2111
f 1405 2044 1438
f 3829 1364 1366
f 273 391 249
f 576 3520 3555
f 3875 668 2031
f 1430 2140 2139
f 2136 3860 28
f 1430 18 19
f 3893 570 695
f 1442 2046 2141
f 1431 2141 2140
f 3869 3850 2136
f 3808 1817 766
f 3866 695 671
f 2142 798 2138
f 571 2142 694
f 3819 1618 1611
f 2143 2025 2142
f 694 2138 670
f 681 2144 572
f 2144 2022 2143
f 328 457 290
f 1572 2011 2144
f 630 3903 624
f 2085 2087 2088
f 2090 2092 2089
f 572 2143 571
f 1875 2153 2149
f 1873 2149 2154
f 2103 2097 2102
f 2157 2155 2156
f 2128 1414 2120
f 3874 589 582
f 3872 628 629
f 2149 2158 2159
f 2159 3905 3890
f 698 3902 705
f 3823 3827 1817
f 2158 3874 3905
f 1438 2046 1439
f 2035 2160 2161
f 2161 3889 3886
f 3871 605 589
f 3873 18 3875
f 370 61 451
f 649 413 648
f 2153 2156 2158
f 1428 1449 1450
f 1490 73 1488
f 3890 710 633
f 2155 3891 3871
f 1456 1880 1992
f 2125 2087 2124
f 2160 3890 3889
f 300 505 323
f 1064 1046 1065
f 2043 1891 2155
f 2129 2004 2003
f 2131 2133 2134
f 3848 1450 1449
f 1998 804 805
f 3879 3864 3914
f 474 490 770
f 1164 1182 1177
f 707 3909 3870
f 708 2162 707
f 2162 3886 3909
f 548 1905 458
f 1145 1114 1171
f 705 1650 704
f 2043 1977 1995
f 737 554 559
f 1034 1191 1023
f 458 1907 275
f 195 232 233
f 2040 1969 1970
f 2145 2147 2148
f 2054 2049 1645
f 3832 1639 3818
f 9 11 10
f 252 506 258
f 472 479 471
f 1865 3791 3503
f 900 910 907
f 1941 2151 1942
f 1921 1927 1919
f 2163 1898 2116
f 271 153 178
f 1904 12 9
f 282 264 460
f 1872 2154 2035
f 1326 1897 2163
f 628 693 627
f 1724 1719 1723
f 1549 436 172
f 1582 1730 1729
f 1921 1929 1928
f 3563 10 11
f 2152 1950 1949
f 475 774 771
f 769 2171 473
f 2171 476 473
f 476 772 475
f 1791 464 1760
f 2166 2168 2169
f 595 372 98
f 483 1641 482
f 762 2173 470
f 771 484 492
f 486 1809 483
f 297 1517 296
f 763 2174 762
f 776 759 489
f 184 2176 2000
f 412 303 414
f 2005 185 224
f 3811 1682 3846
f 2164 756 764
f 1472 2161 2162
f 950 964 965
f 2177 2179 2180
f 227 1510 333
f 764 467 2164
f 2182 2184 2181
f 2186 2018 2185
f 1985 2181 1986
f 214 729 1531
f 1545 1546 1569
f 865 842 866
f 849 1357 1362
f 452 1558 454
f 559 3188 737
f 16 737 3188
f 560 498 374
f 3193 3195 3194
f 3200 3198 3199
f 3211 3213 3212
f 3215 3217 3216
f 2187 2002 2001
f 2169 2189 2190
f 2192 2085 2191
f 2193 2195 2196
f 2198 2200 2197
f 1998 1979 1975
f 3664 3668 3671
f 2116 1903 1902
f 1859 2009 1150
f 3904 2126 3906
f 1135 1087 1130
f 2201 2015 2014
f 1149 110 1858
f 3221 3218 3215
f 2203 2205 2206
f 579 1895 1019
f 1755 2208 1756
f 3891 1893 605
f 1211 2150 1727
f 868 2210 2209
f 944 930 940
f 2130 2202 2201
f 233 1898 195
f 665 750 666
f 1167 999 618
f 2211 2213 2214
f 2215 2217 2218
f 3867 590 3868
f 2220 220 2219
f 823 948 1094
f 3225 3227 3226
f 266 455 265
f 3882 2107 3883
f 2221 3519 3517
f 2223 2225 2226
f 2207 2124 2208
f 673 3869 3864
f 817 996 815
f 2227 2146 2145
f 1947 646 749
f 3900 17 3873
f 2229 1638 1381
f 1679 1618 1680
f 1637 2232 2230
f 2233 1617 1616
f 2231 2236 2237
f 1381 2238 1382
f 3586 2242 3587
f 1630 2233 1631
f 1681 472 469
f 1408 2243 2244
f 3236 3238 3237
f 3232 3240 3235
f 1637 2238 1638
f 3237 3233 3234
f 1409 1634 2245
f 1380 2247 2246
f 1628 2245 1621
f 2249 1622 1633
f 1632 1408 2244
f 2248 1631 2250
f 2235 1637 1636
f 3245 3199 3198
f 631 2071 725
f 515 52 49
f 782 2251 1251
f 2253 2255 2252
f 397 459 784
f 1456 2040 1455
f 2040 2036 1455
f 1401 2111 1398
f 2041 1970 2026
f 1535 414 1965
f 1586 2080 2079
f 2256 1132 1886
f 1700 3918 3919
f 3815 1686 3817
f 1263 1886 1096
f 598 844 599
f 2257 2259 2260
f 2258 2262 2259
f 2259 2263 2216
f 2260 2216 2215
f 1967 1970 1969
f 2212 1963 2213
f 922 2218 2217
f 1312 1101 2264
f 1307 1286 789
f 1548 1546 1972
f 2266 2268 2265
f 2265 2270 2269
f 2272 2269 2271
f 2273 2265 2272
f 2275 2277 2274
f 2278 2277 2279
f 2284 3617 3639
f 2287 2286 2281
f 2288 2283 2287
f 2290 3639 3620
f 2291 2293 2294
f 2295 2294 2279
f 2296 2291 2295
f 2297 2292 2291
f 2294 2299 2300
f 2279 2300 2278
f 2298 2302 2292
f 2292 2303 2293
f 2293 2304 2299
f 2304 2306 2299
f 2306 2300 2299
f 2308 2310 2307
f 2302 2310 2303
f 2301 2307 2302
f 2312 2307 2311
f 2313 2315 2316
f 2318 2320 2317
f 3748 2322 2323
f 2324 2273 2326
f 2313 2326 2327
f 2328 2313 2316
f 2329 2324 2328
f 2331 2333 2330
f 2330 2267 2266
f 2325 2266 2273
f 2329 2330 2325
f 2333 2335 2267
f 2336 2333 2332
f 2338 2332 2337
f 2331 2337 2332
f 2329 2339 2331
f 2328 2340 2329
f 2316 2341 2328
f 2342 2315 2343
f 2344 2346 2347
f 2341 2347 2340
f 2342 2344 2341
f 2348 2345 2344
f 2350 2352 2353
f 2339 2353 2337
f 2340 2350 2339
f 2347 2351 2350
f 2337 2354 2338
f 2353 2355 2354
f 2356 2276 2357
f 2356 2358 2359
f 2356 2296 2295
f 2279 2356 2295
f 2360 2270 2268
f 2267 2360 2268
f 2362 2364 2365
f 2362 2361 2358
f 2366 2358 2357
f 2366 2363 2362
f 2357 2368 2366
f 2366 2369 2367
f 2276 2370 2368
f 2368 2282 2369
f 2372 2374 2371
f 2375 2377 2007
f 2378 2380 2381
f 2382 2381 2383
f 2384 2378 2382
f 2385 2379 2378
f 2388 2390 2387
f 2387 2392 2391
f 2393 2387 2391
f 2394 2388 2387
f 2186 2402 2400
f 2403 2327 2326
f 2272 2326 2273
f 2271 2403 2272
f 2405 2404 2403
f 2404 2408 2327
f 2409 2411 2412
f 2409 2271 2269
f 2413 2269 2270
f 2413 2410 2409
f 2417 2416 2418
f 2417 2406 2405
f 2412 2405 2271
f 2411 2417 2412
f 2406 2407 2404
f 3569 632 713
f 2420 2397 2421
f 2420 2423 2422
f 2424 2422 2419
f 2424 2398 2420
f 2425 2392 2426
f 2421 2426 2423
f 2397 2425 2421
f 2396 2391 2425
f 2427 2315 2314
f 2427 2408 2428
f 2430 2428 2429
f 2343 2427 2430
f 2432 2430 2431
f 2431 2429 2433
f 2435 2433 2434
f 2436 2431 2435
f 2428 2407 2437
f 2422 2407 2419
f 2438 2422 2423
f 2429 2437 2438
f 2440 2433 2439
f 2441 2433 2429
f 2442 2439 2441
f 2443 2440 2439
f 2445 2444 2443
f 2447 2443 2442
f 2383 2445 2447
f 2381 2446 2445
f 2448 2423 2426
f 2449 2426 2392
f 2441 2449 2442
f 2441 2438 2448
f 2449 2390 2450
f 2450 2389 2451
f 2447 2451 2383
f 2442 2450 2447
f 2451 2453 2452
f 2452 2455 2454
f 2382 2454 2384
f 2383 2452 2382
f 2456 2373 2372
f 2459 2461 2458
f 2463 2465 2462
f 2462 2285 2284
f 2466 2284 2290
f 2467 2462 2466
f 2461 3703 3701
f 2468 2470 2471
f 2472 2471 2473
f 2474 3701 3688
f 2475 2477 2478
f 2458 2453 2479
f 2479 2389 2388
f 2395 2479 2388
f 2480 2458 2479
f 2481 2483 2478
f 2484 2485 221
f 2471 2464 2463
f 2473 2463 2467
f 2487 2466 2486
f 2486 2290 2488
f 2490 2488 2489
f 2491 2486 2490
f 2492 2467 2487
f 2493 2487 2491
f 2494 2492 2493
f 2495 2473 2492
f 3690 2474 3688
f 3691 2496 3690
f 2498 2493 2499
f 2500 2499 2501
f 3700 2498 2500
f 3687 2494 2498
f 2306 2278 2300
f 2305 2504 2306
f 2504 2507 2506
f 2506 2288 2508
f 2274 2508 2275
f 2278 2506 2274
f 3633 2489 2488
f 3620 2488 2290
f 2507 2289 2288
f 2505 2509 2507
f 2508 2287 2511
f 2511 2281 2280
f 2370 2280 2282
f 2275 2511 2370
f 2512 2489 2513
f 2514 2513 2515
f 2517 2514 2516
f 2517 2490 2512
f 2499 2491 2517
f 2499 2516 2501
f 2510 2519 2518
f 2518 2521 2520
f 3616 2520 3621
f 3632 2518 3616
f 2522 2303 2310
f 2523 2310 2309
f 2305 2522 2524
f 2524 2523 2525
f 2519 2525 2521
f 2505 2524 2519
f 2308 2527 2526
f 2526 2529 2528
f 2531 2528 2530
f 2309 2526 2531
f 1214 2151 1211
f 2419 2418 2424
f 2533 2349 2317
f 2534 2317 2320
f 2535 2533 2534
f 2536 2345 2533
f 2537 2346 2536
f 2538 2536 2535
f 2539 2537 2538
f 2540 2351 2537
f 2312 2541 2527
f 2527 2542 2529
f 2543 2434 2544
f 2545 2544 2546
f 2319 2543 2545
f 2318 2435 2543
f 2514 2548 2547
f 2547 2550 2549
f 2552 2549 2551
f 2552 2514 2547
f 2520 2554 2553
f 2553 2556 2555
f 3590 2555 3593
f 3621 2553 3590
f 2523 2531 2557
f 2557 2530 2558
f 2525 2557 2559
f 2559 2558 2560
f 2554 2560 2556
f 2521 2559 2554
f 2561 2007 2006
f 2376 2225 2377
f 2564 2566 2563
f 2563 338 2567
f 2569 2567 2568
f 2570 2563 2569
f 2572 2574 2571
f 2571 2576 2575
f 2544 2575 2546
f 2544 2572 2571
f 2578 2569 2577
f 2579 2569 2568
f 2574 2579 2576
f 2573 2577 2574
f 2581 2583 2580
f 2584 2583 2585
f 3697 2580 2584
f 3676 2580 3675
f 2582 2552 2583
f 2583 2551 2585
f 2500 2589 2588
f 2590 2589 2591
f 3693 2588 2590
f 3695 2500 2588
f 2501 2591 2589
f 2592 2594 2595
f 2386 2503 2502
f 2596 2386 2374
f 2596 2373 2597
f 2599 2597 2598
f 2599 2379 2596
f 2600 2380 2599
f 2600 2598 2601
f 2603 2601 2602
f 2603 2446 2600
f 2604 2602 2605
f 2440 2605 2434
f 2444 2604 2440
f 2606 2581 2607
f 2606 2590 2591
f 2591 2582 2606
f 3676 2456 3689
f 3689 2372 3693
f 2478 2608 2481
f 2609 2611 2199
f 2564 2613 2612
f 2612 2598 2597
f 2457 2597 2373
f 2565 2612 2457
f 2614 2570 2578
f 2615 2578 2573
f 2602 2614 2615
f 2601 2613 2614
f 2572 2605 2616
f 2616 2602 2615
f 2573 2616 2615
f 1459 1045 1021
f 1265 1079 1082
f 1612 1609 1611
f 2067 2069 2068
f 1135 1136 1148
f 1938 2618 2617
f 95 458 128
f 2058 1608 1612
f 1454 1445 1367
f 655 1048 2619
f 722 2621 723
f 1131 1033 1134
f 562 366 1497
f 1723 1725 1591
f 1786 1122 1787
f 267 323 266
f 1325 1654 2038
f 1468 1435 1479
f 658 529 528
f 8 247 7
f 382 1559 3
f 788 1307 789
f 940 929 928
f 911 2623 912
f 2621 655 654
f 2624 2625 2626
f 998 27 26
f 635 2626 2625
f 2627 644 1840
f 2628 1840 2629
f 1200 2627 2628
f 1199 641 2627
f 1520 49 477
f 1452 1349 1451
f 2630 1859 1858
f 644 1335 1823
f 1197 717 2632
f 2632 719 1166
f 2628 1166 1200
f 2629 2632 2628
f 1762 1050 821
f 1823 873 1839
f 2634 794 652
f 1028 1027 1161
f 1042 2635 1043
f 93 1901 1924
f 2036 1458 1455
f 1527 1525 1526
f 877 1274 1277
f 134 797 1544
f 1328 931 1329
f 607 1091 1161
f 1043 2637 2636
f 2636 2639 2638
f 1275 2638 1276
f 1275 1043 2636
f 1272 2626 2640
f 2640 638 637
f 1110 2640 637
f 536 2640 2641
f 1472 1474 1473
f 2042 1951 649
f 1058 1105 1059
f 2642 2643 2644
f 1192 2644 1193
f 912 2642 1192
f 3898 3526 3786
f 1049 2620 2621
f 616 1885 613
f 1331 666 750
f 990 1198 525
f 1911 321 322
f 1298 1205 2645
f 76 1504 75
f 1502 421 422
f 610 658 691
f 1146 659 938
f 2646 914 936
f 1280 1238 1279
f 975 2647 2648
f 2647 975 974
f 1453 1452 1451
f 1514 158 151
f 835 1843 1842
f 1271 1173 1289
f 2649 813 2650
f 1893 1826 1894
f 1050 1937 1051
f 2651 814 813
f 1006 1281 977
f 2653 2654 2655
f 1001 1003 1002
f 585 679 558
f 2624 621 620
f 555 2028 556
f 1207 1197 2629
f 1626 478 472
f 426 419 1567
f 1030 1773 1031
f 3898 634 3880
f 534 138 262
f 1125 1042 1041
f 333 88 227
f 569 561 730
f 1489 871 870
f 1857 620 891
f 1673 3770 3763
f 622 864 1308
f 2647 974 2657
f 619 891 620
f 261 545 262
f 393 1556 404
f 2658 2647 2657
f 1075 2657 917
f 1081 2658 1075
f 1080 2659 2658
f 2644 1141 2660
f 2660 1140 1336
f 642 1336 643
f 1193 2660 642
f 679 555 558
f 1503 1500 1502
f 1318 1101 1100
f 2661 1139 1142
f 2661 2663 2662
f 2662 2659 2661
f 2662 2622 2664
f 2664 911 2646
f 2648 2646 1146
f 2648 2662 2664
f 2083 2093 2081
f 1442 1437 1439
f 519 330 51
f 1885 1209 613
f 799 805 804
f 1946 1952 1953
f 1302 1253 1252
f 566 224 533
f 1389 928 1388
f 683 681 680
f 836 1842 2665
f 2665 1845 1303
f 2666 1303 1302
f 24 2665 2666
f 831 2650 832
f 1845 1304 1303
f 2010 2012 2011
f 1051 2667 2668
f 1522 1511 1523
f 531 441 522
f 782 1251 1250
f 1250 2625 2669
f 2669 1857 1856
f 783 1856 1037
f 782 2669 783
f 720 2671 721
f 1055 1930 1056
f 1333 1251 2251
f 619 1308 1307
f 652 2619 2634
f 521 1539 1540
f 1838 537 2672
f 2672 536 2641
f 1113 2641 1110
f 1113 1838 2672
f 1016 1351 1045
f 3897 570 3894
f 226 104 101
f 3564 3827 1818
f 1036 1884 1883
f 2674 1304 2673
f 2673 1844 2675
f 1334 2675 1039
f 1333 2673 1334
f 2676 1039 2675
f 1843 2675 1844
f 942 2676 1843
f 1074 702 2676
f 811 859 858
f 752 1055 753
f 1200 656 1026
f 1120 874 2677
f 2677 877 1052
f 1241 1052 1005
f 1119 2677 1241
f 1560 151 1515
f 1208 611 523
f 215 736 214
f 1460 1462 1461
f 1208 1839 873
f 854 1282 1297
f 72 182 179
f 544 1565 512
f 217 456 457
f 2047 930 945
f 1204 1937 2633
f 913 686 685
f 840 1113 1112
f 1531 730 561
f 2678 1283 801
f 601 1914 602
f 1537 459 460
f 1819 3509 3527
f 991 862 538
f 2679 1073 1830
f 2680 983 2256
f 779 2256 1263
f 778 2680 779
f 2678 1830 2680
f 180 245 40
f 1886 1131 1134
f 1138 1274 1255
f 1841 1140 1139
f 75 314 74
f 193 420 192
f 2681 1099 1098
f 170 1565 169
f 349 417 432
f 1121 2684 2683
f 547 409 302
f 123 121 120
f 2643 1142 1141
f 1542 513 1543
f 899 907 919
f 1210 676 867
f 791 982 892
f 24 837 836
f 893 932 931
f 1860 863 862
f 535 862 861
f 832 813 812
f 2650 813 832
f 1569 1547 1568
f 181 542 180
f 660 937 688
f 2013 568 2012
f 887 2631 2630
f 1524 361 78
f 520 162 1529
f 2653 854 2685
f 1238 2655 2686
f 718 527 530
f 1492 518 1491
f 792 615 793
f 599 1835 596
f 290 456 175
f 312 1552 425
f 1248 1179 1249
f 153 177 178
f 1240 1222 1221
f 1257 1235 1071
f 1291 1083 1222
f 1052 1277 1053
f 743 2618 1204
f 444 430 443
f 23 1172 1187
f 2687 1180 1179
f 102 409 134
f 1283 610 801
f 373 650 651
f 1180 1084 1291
f 855 2655 1237
f 1173 1917 1174
f 2689 853 2688
f 2688 1108 1279
f 2686 1279 1238
f 2687 2688 2686
f 2691 1252 2690
f 2690 850 2689
f 1248 2689 2687
f 1248 2691 2690
f 2692 24 2666
f 2691 2666 1302
f 1247 2692 2691
f 1258 617 2692
f 394 1555 393
f 2693 1259 1223
f 1072 1262 1261
f 1257 1168 1258
f 398 1555 1554
f 871 1314 872
f 1178 1249 1179
f 1224 1173 1172
f 1010 2618 742
f 1175 1292 1269
f 2654 2686 2655
f 2694 1216 1264
f 71 1487 70
f 701 1111 1038
f 1072 2649 2650
f 1085 22 21
f 895 1264 896
f 1601 1605 1604
f 1259 1271 1289
f 21 1220 1083
f 988 538 537
f 598 1336 1140
f 820 1762 821
f 1050 818 821
f 1298 1761 2652
f 1168 618 617
f 858 1256 833
f 39 516 1536
f 2652 819 814
f 313 315 314
f 2026 1971 2027
f 2656 596 1835
f 814 818 811
f 2696 813 2649
f 1260 2649 1261
f 2693 2696 1260
f 2697 2651 2696
f 381 390 380
f 3818 1611 1609
f 1475 1428 1227
f 1292 1917 1235
f 1551 354 1518
f 1526 1523 1511
f 1593 1595 1573
f 1232 1246 1249
f 2695 1223 22
f 2698 1296 2697
f 2698 2693 2695
f 2685 2695 1085
f 2685 1297 2698
f 562 271 272
f 2652 1296 1298
f 1365 1364 1363
f 1958 1953 1957
f 585 2210 997
f 1561 1515 435
f 975 1146 976
f 347 68 346
f 1038 636 1068
f 2700 780 2699
f 2699 1036 1883
f 2701 1883 1829
f 851 2699 2701
f 2674 2251 2702
f 2702 781 2700
f 1253 2700 851
f 1301 2702 1253
f 1519 388 1550
f 1273 1280 2703
f 2703 1107 852
f 2701 852 851
f 1829 2703 2701
f 91 326 90
f 1784 2656 1785
f 2683 2705 2704
f 604 3499 3533
f 1669 3548 1662
f 2062 2060 2059
f 621 861 622
f 2023 732 2024
f 686 1263 687
f 857 2668 1328
f 883 882 879
f 637 1111 1110
f 2668 893 1328
f 2667 894 2668
f 1039 1068 1334
f 313 1504 1505
f 1911 305 453
f 1936 1964 2212
f 2707 2401 2183
f 2708 2183 2182
f 738 2116 554
f 2349 2432 2436
f 2711 2020 2019
f 2400 2019 2186
f 2714 2716 2713
f 2717 2719 2720
f 2721 2723 2724
f 2726 2728 2725
f 2725 2730 2729
f 2731 2729 2709
f 2732 2725 2731
f 2734 2736 2733
f 2738 2740 2737
f 2737 2741 2742
f 2744 2746 2743
f 2745 2748 2747
f 2749 2747 2751
f 2753 2751 2752
f 2250 2246 2248
f 2754 1614 2755
f 3598 2755 3609
f 3608 2747 3609
f 1617 2755 1614
f 2242 1620 2757
f 2191 2760 2759
f 2761 2760 2762
f 3648 2761 3649
f 3623 2759 3648
f 3209 3223 3224
f 1395 2236 2235
f 1395 1636 1615
f 1616 2229 2233
f 1617 2763 2756
f 2756 3628 3608
f 2765 2234 1630
f 2766 3628 3622
f 3202 3246 3247
f 1516 435 1515
f 2768 3552 3553
f 1495 578 1424
f 2135 28 17
f 3526 2773 2774
f 1690 3926 3925
f 2778 2780 2777
f 2777 2781 2782
f 2784 2777 2783
f 3555 575 576
f 1494 9 540
f 3529 2015 3566
f 451 505 450
f 2786 2788 2785
f 2779 2785 2780
f 2789 2741 2740
f 2790 2752 2789
f 2792 2794 2791
f 2793 2796 2794
f 2796 2750 2749
f 2794 2749 2753
f 2798 1396 2754
f 3591 2754 3598
f 2798 2800 1393
f 3591 2799 2798
f 2797 2795 2801
f 2791 2753 2790
f 216 232 54
f 3804 2807 3803
f 3805 2804 3803
f 2769 3557 3552
f 183 184 97
f 2811 2775 2776
f 2804 2776 2805
f 2809 2811 2804
f 2812 2813 2814
f 3805 2816 3795
f 3796 2815 3795
f 3798 2820 2821
f 3793 2819 3798
f 2824 2735 2819
f 2823 2824 2819
f 2825 2826 2724
f 3793 2827 3792
f 3796 2826 3792
f 2713 2829 2828
f 2828 2831 2830
f 2822 2828 2830
f 2821 2713 2828
f 2832 2822 2830
f 2833 2830 2831
f 2834 2832 2833
f 2835 2827 2832
f 2837 2839 2836
f 2836 2841 2840
f 2842 2840 2727
f 2843 2836 2842
f 2840 2845 2844
f 2718 2845 2719
f 2730 2844 2718
f 2727 2844 2728
f 2846 2719 2845
f 2846 2841 2847
f 2829 2847 2831
f 2829 2716 2846
f 2847 2839 2848
f 2848 2838 2849
f 2833 2849 2834
f 2831 2848 2833
f 2850 2851 2852
f 2853 2852 2854
f 2783 2782 2855
f 2785 2853 2856
f 2780 2856 2781
f 2857 2855 2782
f 2859 2782 2781
f 2861 2842 2860
f 2860 2727 2726
f 2862 2726 2732
f 2863 2860 2862
f 2861 2858 2857
f 2843 2857 2859
f 2856 2854 2864
f 2781 2864 2859
f 2837 2859 2864
f 2838 2864 2854
f 2852 2834 2849
f 2854 2849 2838
f 2865 2818 2835
f 2851 2835 2834
f 2813 2815 2865
f 2814 2865 2851
f 2866 2814 2850
f 2788 2850 2853
f 2866 2787 2867
f 2812 2867 2775
f 1892 1890 1891
f 2720 2846 2870
f 298 256 257
f 2872 2713 2820
f 3794 2735 2734
f 2729 2874 2873
f 2846 2715 2870
f 2876 2878 2875
f 2733 2878 2734
f 3806 2879 2880
f 3806 2872 3794
f 2882 2884 2881
f 2881 2715 2714
f 2880 2714 2872
f 2879 2881 2880
f 2885 2887 2888
f 2888 2890 2885
f 2885 2892 2891
f 2893 2885 2891
f 1942 2532 2894
f 2895 2720 2870
f 2884 2870 2715
f 2883 2895 2884
f 2896 2892 2895
f 2889 2717 2890
f 2890 2720 2892
f 2897 2891 2896
f 2898 2896 2883
f 2899 2883 2882
f 2900 2882 2879
f 3797 2879 3807
f 2876 2901 2877
f 2901 2904 2903
f 1785 1835 1834
f 2905 2899 2900
f 2907 2897 2898
f 3797 2903 3799
f 632 577 633
f 3532 2867 2787
f 434 550 350
f 2768 3640 3643
f 2910 1623 2249
f 2241 2758 2242
f 3640 2913 3652
f 1623 2757 1620
f 3587 2757 3652
f 2229 1380 2250
f 2765 1629 2914
f 2915 1629 2912
f 3642 2914 2915
f 3641 2765 2914
f 2919 3642 3613
f 2918 2912 2241
f 3614 2241 3586
f 3618 3613 3670
f 3541 2180 3496
f 3521 2188 3506
f 3705 714 3851
f 2925 2917 2924
f 2924 2916 2919
f 3610 2919 3618
f 3611 2924 3610
f 2926 2766 2925
f 3658 2925 3611
f 1715 1705 1710
f 785 498 796
f 1387 565 1791
f 374 1899 560
f 3573 2206 3556
f 2929 2886 2893
f 2932 2934 2931
f 1905 1908 1907
f 2930 2936 2937
f 2938 2930 2929
f 1493 517 518
f 1603 1586 1602
f 2939 2929 2908
f 2940 2908 2907
f 3665 1600 3661
f 2886 2937 2887
f 2906 2898 2899
f 2908 2893 2897
f 2942 2933 2941
f 2941 2937 2936
f 3501 2936 3513
f 3498 2941 3501
f 2943 2710 2873
f 2943 2874 2889
f 2945 2889 2888
f 2946 2943 2945
f 2932 2888 2887
f 2931 2945 2932
f 727 1929 728
f 2903 2947 2948
f 545 42 262
f 1480 533 251
f 2907 2949 2940
f 2906 2950 2949
f 1558 215 202
f 3799 2948 3801
f 2054 1644 2118
f 3705 2203 3573
f 1828 1849 1827
f 2953 2955 2952
f 2952 2957 2956
f 2956 2258 2952
f 2953 2258 2257
f 2454 2474 2496
f 3747 2959 3766
f 3747 2131 3737
f 2961 2963 2958
f 2958 2964 2959
f 222 2485 2965
f 2477 2966 2608
f 2631 2006 1859
f 2384 2496 2497
f 2967 2959 2964
f 2968 2970 2969
f 3759 2971 3784
f 3784 2960 3766
f 2972 2033 2032
f 2007 2973 2008
f 3560 2134 2133
f 1836 1832 1831
f 3506 2090 3551
f 955 959 956
f 672 674 673
f 633 713 632
f 2024 733 803
f 2025 803 798
f 425 1550 388
f 2975 888 887
f 1319 1157 2694
f 1212 2977 1213
f 889 2228 2227
f 1978 1975 1979
f 1138 1329 915
f 751 2979 2978
f 1619 1625 1624
f 2252 1728 1727
f 1157 845 1216
f 2706 1938 2617
f 2980 2254 2981
f 2982 887 2630
f 802 711 2679
f 678 2029 2028
f 527 690 528
f 1839 2629 1840
f 2983 602 1914
f 2983 1913 1331
f 2985 1331 1054
f 2986 2983 2985
f 2987 2635 2634
f 2985 2639 2986
f 2990 1318 2989
f 2991 2993 2994
f 2995 2994 2996
f 1106 2991 2995
f 1058 2992 2991
f 1415 1365 1367
f 1317 2217 2997
f 1932 2255 2980
f 926 2999 664
f 3001 2992 3000
f 3000 1057 2978
f 2999 2978 2979
f 2998 3000 2999
f 3002 2209 3003
f 3002 2996 2994
f 2993 3002 2994
f 3001 2998 3002
f 1103 2995 3004
f 3004 2996 3003
f 2209 3004 3003
f 588 3004 2210
f 295 433 381
f 2638 2988 3005
f 3005 1056 1930
f 1305 1930 1306
f 1276 3005 1305
f 1987 1993 1989
f 2633 1761 2645
f 1423 1417 1419
f 3561 739 703
f 2671 2704 2705
f 1473 2035 1472
f 922 2694 895
f 1401 1378 1384
f 556 1884 1037
f 842 3825 3836
f 1854 2617 1010
f 933 1081 1075
f 1440 1436 1437
f 529 719 530
f 1031 1027 1028
f 777 912 1871
f 2645 1204 2633
f 441 1538 1537
f 790 587 586
f 2065 1610 1607
f 1860 990 902
f 60 87 59
f 1424 1948 1947
f 332 1507 331
f 261 138 135
f 187 449 507
f 1719 1726 1725
f 1931 1059 3006
f 3006 1105 1104
f 1287 1104 587
f 1286 3006 1287
f 3007 3009 3010
f 3009 653 795
f 618 26 25
f 2029 1210 1209
f 957 600 2228
f 1049 2228 600
f 2631 3011 2561
f 890 2227 3011
f 3011 2145 3012
f 2561 3012 2375
f 1026 609 608
f 2706 1961 1964
f 3013 2485 3014
f 2148 1267 3015
f 3015 1266 1311
f 2997 1101 1317
f 642 1773 1193
f 186 461 511
f 1041 1320 901
f 1121 3017 1122
f 2984 2987 3018
f 3018 2634 2619
f 1048 3018 2619
f 603 2984 3018
f 2679 801 802
f 2062 2074 2061
f 2061 2076 2064
f 414 1545 1965
f 3016 2683 3019
f 3019 2704 2670
f 3020 2670 720
f 3007 3019 3020
f 1871 1091 777
f 3021 1122 3017
f 3022 3017 3010
f 1314 3022 1315
f 1784 3021 1314
f 1316 1763 611
f 3023 3010 3009
f 3023 795 1092
f 1763 1092 1125
f 1315 3023 1763
f 3016 3010 3017
f 752 2978 1057
f 2986 2637 2987
f 3024 653 3008
f 3020 3008 3007
f 720 3024 3020
f 723 654 3024
f 2681 1268 3025
f 2671 1268 721
f 2705 3025 2671
f 1313 3027 1311
f 3026 3029 3027
f 3027 3030 3031
f 1311 3031 3015
f 2012 731 2023
f 917 974 977
f 743 856 744
f 1888 2030 1425
f 2682 2684 3032
f 3032 1124 2989
f 1100 2989 1318
f 1099 3032 1100
f 1123 2989 1124
f 3033 1159 1158
f 2990 1158 1319
f 1123 3033 2990
f 1786 1834 3033
f 1054 2988 2985
f 2979 664 2999
f 2623 2663 2643
f 1095 688 687
f 3034 2261 2956
f 3036 2956 2957
f 3037 3034 3036
f 3038 3035 3034
f 3040 3026 1313
f 2263 3041 3040
f 3042 3043 3041
f 3041 3028 3026
f 3044 3043 3039
f 3046 3045 3044
f 3047 3049 3045
f 3043 3049 3028
f 3038 3051 3050
f 3050 3053 3052
f 3052 3044 3050
f 3039 3050 3044
f 3054 3039 3042
f 3042 2262 3054
f 2261 3054 2262
f 2216 2997 2217
f 2212 2667 1936
f 3056 2209 3055
f 934 1961 1854
f 2013 3757 567
f 3058 3060 3061
f 3059 3063 3060
f 3060 2213 1963
f 3061 1963 1962
f 3063 2214 2213
f 3062 3064 3063
f 3065 2260 3064
f 3064 2215 2214
f 3066 3031 3030
f 2608 3067 3066
f 2966 3068 3067
f 3031 3068 3015
f 2455 2461 2474
f 2476 2226 2477
f 3551 2089 3525
f 3526 3769 3786
f 433 355 381
f 2115 1419 2123
f 3509 2922 3527
f 3769 2131 2134
f 3069 2167 2166
f 2971 2928 2960
f 2961 2773 2962
f 3070 2478 2483
f 2610 3071 2954
f 2502 2374 2386
f 3072 2595 3073
f 2964 3052 2967
f 3048 3074 3049
f 2593 3075 3074
f 3075 3029 3074
f 3074 3028 3049
f 3072 3075 2592
f 3076 2482 2481
f 2481 3066 3076
f 3076 3030 3075
f 2967 3053 2970
f 2482 3073 2483
f 479 493 494
f 706 3873 709
f 3561 2221 3517
f 2013 3754 3755
f 3533 2016 3529
f 3562 2222 2974
f 1171 1155 1176
f 2586 2565 2587
f 2982 113 2484
f 2562 3077 3068
f 2376 3012 3077
f 3012 2148 3077
f 3077 3015 3068
f 2963 3046 2964
f 3051 2970 3053
f 1683 491 775
f 3850 1447 3860
f 1986 3734 3768
f 3079 2546 2575
f 3081 2575 2576
f 1983 3768 3765
f 3082 2319 2545
f 3080 2545 2546
f 3734 3082 3080
f 3732 2323 3082
f 1309 1888 748
f 3073 2772 2771
f 2760 3084 2762
f 2760 2088 3083
f 3085 3086 3087
f 3089 3090 3088
f 3089 3084 3085
f 3092 3090 3091
f 3093 2744 2743
f 2751 2748 3093
f 3093 2752 2751
f 2742 3093 3094
f 3094 2743 3095
f 3096 3098 3087
f 3099 3087 3086
f 3097 3095 3098
f 3100 2746 3101
f 3101 3102 3100
f 2764 2927 3101
f 2745 3101 2746
f 3102 3091 3100
f 3100 3095 2743
f 2869 3592 3634
f 3102 3104 3092
f 3658 2869 3634
f 2927 3103 3102
f 3098 3091 3090
f 3087 3090 3085
f 2088 3105 3083
f 3083 3086 3084
f 2483 2771 3070
f 2401 2185 2321
f 3099 3105 3106
f 2125 3106 3105
f 3108 2742 3107
f 3107 3094 3097
f 3110 3107 3109
f 3109 3097 3096
f 3111 3096 3099
f 3112 3109 3111
f 3113 2737 3108
f 3115 2722 3114
f 3117 3114 3116
f 3119 3116 3118
f 3118 3120 3121
f 3116 3113 3120
f 3122 3111 3123
f 3122 1755 1754
f 3124 3126 3127
f 3125 3121 3126
f 3128 3118 3125
f 3129 3125 3124
f 2020 3128 3129
f 3853 1346 1352
f 1065 1047 1066
f 1814 3830 1649
f 2021 3129 3130
f 3111 3106 3123
f 3123 2207 1755
f 2377 2224 2973
f 3014 113 112
f 1756 3782 3767
f 3131 2530 2528
f 3133 2528 2529
f 1753 3767 3775
f 3134 3127 3135
f 2327 2314 2313
f 2436 2317 2349
f 2018 3711 3712
f 2534 3137 2535
f 2320 3136 2534
f 2185 3712 3771
f 3138 2542 2539
f 3134 3744 3745
f 3785 3134 3745
f 3140 2539 2538
f 2535 3140 2538
f 3711 3130 3785
f 2558 3132 3141
f 3782 3141 3132
f 2560 3141 3142
f 3760 3142 3141
f 958 2976 2981
f 1933 2980 3143
f 2399 2418 2416
f 2348 2343 2432
f 2322 2319 2323
f 2718 2874 2730
f 2709 2873 2710
f 2894 1361 1942
f 346 176 347
f 1876 1882 1881
f 2802 3607 3592
f 3104 3088 3092
f 2974 3649 3603
f 3089 2761 2762
f 3088 3145 3089
f 2803 3603 3607
f 3870 692 628
f 2123 1418 2126
f 1365 1368 1367
f 1581 1782 1783
f 3569 2129 3520
f 3555 2002 3521
f 3146 2551 3147
f 3751 3147 3750
f 3742 3146 3751
f 3149 2585 3146
f 3196 3197 3195
f 3604 2191 3623
f 3142 2556 2560
f 3777 3150 3142
f 3646 2550 3593
f 3150 2555 2556
f 3778 3151 3150
f 3788 3152 3646
f 3153 2551 2549
f 3152 2549 2550
f 3781 3153 3152
f 3776 3147 3153
f 3148 2206 2205
f 2183 2321 2184
f 2132 2928 2133
f 3684 2204 2203
f 3719 2197 3721
f 2594 2773 2951
f 2595 2951 2772
f 1870 799 1869
f 3713 2178 3706
f 3706 3736 3790
f 336 3774 3722
f 339 3154 336
f 3789 3149 3742
f 3683 2584 3149
f 2963 3048 3047
f 3722 337 336
f 339 2566 2586
f 3156 2168 2167
f 2610 2167 2611
f 2954 3156 2610
f 3157 2953 2257
f 3707 2169 3709
f 2567 3159 2568
f 337 2567 338
f 3730 2166 3707
f 3764 1983 3765
f 2579 3081 2576
f 2568 3160 2579
f 3709 2190 3764
f 3065 3162 3161
f 3161 1984 2189
f 3157 2189 2168
f 2257 3161 3157
f 734 1922 806
f 3059 2708 3163
f 3163 2182 1985
f 3162 1985 1984
f 3062 3163 3162
f 3203 3205 3204
f 2122 1448 1447
f 3817 1685 3812
f 139 444 69
f 1570 566 533
f 2957 3165 3036
f 2955 3164 2957
f 1912 341 1973
f 3130 3124 3134
f 1548 319 1547
f 1949 1327 1887
f 2969 3078 3167
f 3167 3169 3168
f 3724 2017 3720
f 3720 2033 3759
f 3168 3165 3170
f 3170 3164 3171
f 3779 3171 3756
f 3724 3170 3779
f 3171 3166 3172
f 3172 3071 3173
f 3752 3173 3749
f 3756 3172 3752
f 3169 3036 3165
f 2593 2962 2594
f 3173 2609 3174
f 3174 2199 2198
f 3783 2198 3719
f 3749 3174 3783
f 2190 1984 1983
f 2196 2767 3148
f 2119 1414 1448
f 1464 1466 1465
f 2199 3069 2200
f 2457 2587 2565
f 2226 2562 2966
f 481 1627 1639
f 333 235 236
f 3078 3037 3169
f 3040 2997 2263
f 2219 1933 2220
f 2385 2497 2503
f 221 3175 2484
f 2220 3143 3175
f 3175 2976 2975
f 2484 2975 2982
f 2954 3166 2955
f 2630 110 2982
f 1547 1952 1955
f 2091 2188 2187
f 3733 2178 2177
f 1918 1927 1926
f 3563 111 3511
f 955 960 954
f 2037 112 3563
f 3143 2981 2976
f 2218 2214 2215
f 672 3787 3541
f 2152 3014 2037
f 1147 1143 1145
f 2248 1409 2245
f 1615 1635 1616
f 1410 2246 2247
f 3241 3242 3240
f 3177 1383 1382
f 2238 3176 1382
f 3176 2230 3178
f 1410 3179 1407
f 3179 2243 1407
f 1633 2800 2249
f 1621 2758 2912
f 1622 2245 1634
f 2236 3181 3182
f 2237 3182 3183
f 2250 2233 2229
f 2912 1628 1621
f 135 1564 1563
f 1567 512 1565
f 1085 2653 2685
f 3184 868 3056
f 869 3057 934
f 1266 1098 1312
f 1267 722 721
f 937 2646 936
f 2146 722 2147
f 2211 921 2667
f 1957 507 449
f 1313 2264 3040
f 1496 1493 1492
f 2681 2705 2682
f 2887 2933 2932
f 1687 1659 1694
f 145 1498 81
f 1317 1319 2694
f 37 418 71
f 1935 3185 2977
f 104 301 103
f 2101 2083 2084
f 543 360 207
f 1934 3186 3185
f 234 212 237
f 3845 1822 1824
f 1976 1874 1974
f 223 2219 220
f 3655 3605 3612
f 468 773 2165
f 1935 1728 1932
f 3240 3226 3235
f 3261 3250 3260
f 3215 3244 3264
f 3265 3215 3264
f 3267 3198 3196
f 3205 3269 3255
f 3214 3265 3270
f 3271 3214 3192
f 3251 3239 3236
f 3222 3266 3272
f 3232 3234 3233
f 3216 3243 3244
f 3196 3268 3267
f 3244 3254 3255
f 3238 3247 3246
f 3264 3255 3269
f 3253 3216 3217
f 3211 3221 3265
f 3257 3218 3256
f 3258 3272 3259
f 3274 3280 3273
f 3228 3262 3263
f 3275 3281 3280
f 3226 3273 3280
f 3236 3260 3251
f 3281 3236 3237
f 3287 3192 3189
f 3235 3280 3234
f 3234 3281 3237
f 3288 3259 3272
f 3260 3276 3251
f 3289 3278 3284
f 3210 3224 3283
f 3199 3201 3200
f 3228 3230 3229
f 3290 3285 3286
f 3282 3271 3287
f 3260 3262 3261
f 3243 3268 3254
f 3267 3241 3232
f 3194 3208 3193
f 3191 3269 3206
f 3270 3192 3214
f 3275 3230 3231
f 3264 3270 3265
f 3252 3276 3291
f 3248 3291 3223
f 3213 3279 3277
f 3272 3289 3288
f 3277 3212 3213
f 3228 3281 3231
f 3220 3253 3219
f 3219 3217 3257
f 3256 3222 3258
f 3247 3252 3248
f 3245 3232 3233
f 3266 3212 3289
f 3208 3255 3254
f 3288 3284 3285
f 3204 3208 3207
f 560 3187 559
f 3209 3201 3202
f 3189 3191 3190
f 448 807 447
f 647 122 270
f 1833 1780 1832
f 510 508 507
f 3210 1887 3201
f 1887 3200 3201
f 15 3197 3200
f 16 3195 3197
f 3195 3187 3194
f 3194 1899 3207
f 3207 375 3204
f 387 126 127
f 3189 1760 3287
f 3577 757 758
f 763 2172 2175
f 3583 3580 3581
f 3581 3579 3578
f 3594 3596 3595
f 3400 3602 3401
f 3626 3625 3627
f 3631 3599 3601
f 3636 3595 3596
f 3647 3588 3645
f 3650 3584 3647
f 3653 3580 3651
f 3653 3654 3579
f 1801 3656 3655
f 3651 3582 3650
f 3644 3595 3637
f 1767 3659 3660
f 1597 3661 1600
f 1708 3665 3664
f 3671 3667 3666
f 3666 3673 3672
f 1588 3664 1587
f 2080 3666 2082
f 2082 3672 2084
f 3674 3635 3631
f 3677 3636 3635
f 3682 3645 3681
f 3692 3650 3686
f 3681 3644 3680
f 786 3692 785
f 3694 3651 3692
f 785 3686 497
f 497 3682 650
f 650 3681 564
f 3696 3681 3680
f 3405 3605 3402
f 3702 3678 3677
f 3699 3679 3678
f 3645 3638 3644
f 1799 3659 1768
f 3708 3458 3460
f 3462 3708 3460
f 3714 564 3696
f 3615 3602 3600
f 3710 3696 3698
f 3635 3596 3599
f 3629 3627 3630
f 3597 3599 3596
f 3630 3715 3629
f 3627 3597 3594
f 3717 3723 3718
f 3715 3660 3629
f 3716 3725 3715
f 3668 3661 3725
f 3668 3717 3667
f 3667 3718 3673
f 3727 3673 3718
f 3728 3672 3673
f 3726 3718 3723
f 1576 2084 3672
f 3727 3731 3729
f 3203 1387 3190
f 3190 1791 3189
f 3283 1949 3210
f 317 259 391
f 2000 3653 3694
f 3601 3600 3602
f 3589 3584 3585
f 3577 756 2170
f 3585 3582 3583
f 3678 3637 3636
f 3204 376 3203
f 1801 3657 1799
f 3729 3728 3727
f 1575 3738 1088
f 3735 1576 3728
f 1776 1796 1775
f 1293 1290 1284
f 1326 1327 12
f 1294 1234 1290
f 878 1330 1337
f 497 374 498
f 122 413 121
f 3699 3704 3708
f 3606 3401 3602
f 3708 3698 3699
f 3464 3710 3462
f 3704 3443 3458
f 439 399 438
f 1512 1526 1511
f 1668 1738 1671
f 839 1362 838
f 1362 826 1012
f 3843 1896 3815
f 2053 2118 2117
f 3888 2120 2119
f 696 3816 3831
f 1826 639 640
f 3740 3729 3731
f 956 886 960
f 1980 1922 807
f 33 105 164
f 1343 3856 3857
f 3907 2128 3902
f 1766 1582 1594
f 14 2163 738
f 595 99 594
f 3233 3246 3245
f 1346 1044 1352
f 748 1425 747
f 3193 3254 3268
f 3190 3206 3203
f 3612 3606 3615
f 3624 3615 3625
f 3631 3443 3674
f 3679 3644 3637
f 3686 3647 3682
f 3702 3674 3704
f 3625 3600 3597
f 3601 3415 3631
f 3739 3735 3729
f 3630 3594 3741
f 3741 3716 3630
f 1284 1288 1285
f 3698 3680 3679
f 1778 1780 1779
f 1792 1584 1789
f 695 571 694
f 3638 3594 3595
f 3741 3588 3589
f 3247 3209 3202
f 3292 3294 3295
f 3296 3298 3299
f 3299 3300 3301
f 3302 3304 3305
f 3306 3308 3309
f 3307 3311 3308
f 3303 3301 3300
f 3312 3304 3313
f 3314 3316 3317
f 3318 3320 3321
f 3324 3321 3325
f 3326 3328 3323
f 3329 3331 3332
f 3333 3335 3336
f 3337 3339 3340
f 3333 3341 3342
f 3342 3343 3344
f 3319 3344 3343
f 3338 3334 3339
f 3346 3302 3347
f 3305 3347 3302
f 3312 3223 3349
f 3350 3340 3351
f 3312 3348 3305
f 3352 3341 3326
f 3311 3354 3308
f 3341 3327 3326
f 3359 3361 3362
f 3360 3250 3249
f 3318 3345 3319
f 3364 3318 3324
f 3314 3324 3365
f 3366 3301 3346
f 3299 3367 3296
f 3308 3368 3309
f 3369 3295 3294
f 3317 3364 3314
f 3370 3317 3316
f 3325 3365 3324
f 3352 3319 3343
f 3296 3353 3311
f 3297 3311 3310
f 3363 3354 3345
f 3345 3353 3344
f 3344 3367 3342
f 3366 3342 3367
f 3347 3334 3346
f 3339 3348 3340
f 3348 3351 3340
f 3363 3369 3368
f 3294 3368 3369
f 3293 3309 3294
f 3331 3374 3332
f 3346 3333 3366
f 3323 3352 3326
f 3356 3321 3320
f 3355 3325 3321
f 3357 3371 3325
f 3322 3320 3352
f 3361 3329 3362
f 3373 3375 3374
f 3374 3376 3332
f 3329 3376 3362
f 3327 3372 3328
f 3336 3375 3327
f 3335 3376 3375
f 3376 3337 3362
f 3337 3359 3362
f 3359 3276 3250
f 3377 3295 3370
f 3277 3315 3278
f 3371 3379 3365
f 3378 3358 3380
f 3365 3315 3314
f 3316 3279 3370
f 3282 3370 3279
f 3313 3224 3312
f 3378 3284 3379
f 3380 3285 3378
f 3379 3278 3315
f 3276 3351 3291
f 3291 3349 3223
f 3313 2965 3013
f 2965 3303 222
f 222 3300 223
f 223 3298 3186
f 3298 3185 3186
f 3297 2977 3185
f 3310 1213 2977
f 3307 1214 1213
f 2532 3306 3293
f 2894 3293 3292
f 2871 3292 3377
f 3253 3240 3242
f 3283 3013 2152
f 1997 1889 1892
f 1237 744 855
f 1535 120 121
f 1531 201 214
f 1119 1032 984
f 946 824 947
f 163 5 162
f 3589 3723 3741
f 1155 1162 1164
f 427 327 424
f 553 796 498
f 3381 2231 2237
f 3381 2230 2232
f 2237 3180 3381
f 3383 3385 3382
f 3384 3387 3385
f 3386 3389 3387
f 3388 3391 3389
f 3392 3394 3395
f 3395 3396 3397
f 3398 3397 3396
f 3400 3399 3398
f 3403 3405 3402
f 3406 3404 3403
f 3408 3407 3406
f 3410 3409 3408
f 3412 3411 3410
f 3415 3398 3414
f 3414 3396 3416
f 3416 3394 3417
f 3417 3393 3418
f 3393 3420 3418
f 3419 3421 3420
f 3390 3422 3421
f 3388 3423 3422
f 3386 3424 3423
f 3384 3425 3424
f 3425 3426 3184
f 2904 3428 2947
f 3429 2904 2902
f 3430 2902 2876
f 2875 3430 2876
f 3432 2733 2736
f 2825 3435 2824
f 3437 3439 3436
f 3441 3436 3440
f 2724 3434 2825
f 3436 3115 3117
f 3440 3117 3119
f 3443 3414 3442
f 3442 3416 3444
f 3444 3417 3445
f 3445 3418 3446
f 3446 3420 3447
f 3420 3448 3447
f 3421 3449 3448
f 3422 3450 3449
f 3423 3451 3450
f 3424 3452 3451
f 3425 3056 3452
f 3451 2253 2252
f 3450 2252 1727
f 3449 1727 2150
f 3448 2150 1941
f 3453 3448 1941
f 3454 3447 3453
f 3455 3446 3454
f 3456 3445 3455
f 3442 3456 3457
f 3443 3457 3458
f 3459 3458 3457
f 3457 3455 3459
f 3459 3454 3461
f 3462 3459 3461
f 3461 3453 3463
f 3464 3461 3463
f 3463 1941 1360
f 3404 3401 3405
f 3407 3399 3404
f 3409 3397 3407
f 3411 3395 3409
f 3465 3413 3412
f 3467 3469 3466
f 3465 3431 3433
f 3470 3466 3465
f 3438 3432 3435
f 3467 3438 3437
f 3468 3437 3441
f 3471 3468 3472
f 3472 3441 3473
f 3473 3440 2712
f 2712 3119 3128
f 3475 3472 3474
f 3474 3473 3476
f 3476 2712 2711
f 3477 2711 2400
f 3478 3476 3477
f 3479 3474 3478
f 3392 3413 3480
f 3466 3480 3413
f 3419 3392 3480
f 3390 3480 3391
f 3469 3391 3480
f 3389 3471 3475
f 3387 3475 3479
f 3385 3479 3481
f 3482 2400 2402
f 3483 3477 3482
f 3481 3478 3483
f 3484 2402 2707
f 3058 2707 2708
f 3061 3484 3058
f 3485 3482 3484
f 3382 3481 3486
f 3486 3483 3485
f 3426 3382 3487
f 3487 3486 1962
f 3486 3061 1962
f 1961 3487 1962
f 3057 3426 3487
f 3428 3402 3488
f 3427 3403 3428
f 3429 3406 3427
f 3430 3408 3429
f 3431 3410 3430
f 3470 3433 3432
f 3434 3438 3435
f 2723 3439 3434
f 2875 3433 3431
f 2736 3435 3432
f 2947 3488 3500
f 3464 1360 3497
f 1900 1924 1901
f 1736 1718 1750
f 1955 1943 1956
f 1671 1735 1751
f 1696 1698 1692
f 1800 1864 1801
f 2063 2056 2060
f 1737 1717 1736
f 1751 1697 1695
f 943 3899 684
f 3656 3402 3605
f 1577 1764 1703
f 3917 1599 3923
f 1945 82 1944
f 68 7 248
f 147 1543 148
f 1109 1133 1102
f 1503 1907 1908
f 1499 1909 1498
f 452 735 215
f 1824 3835 3845
f 1825 2068 1824
f 1463 1022 1194
f 841 1009 1011
f 1568 1955 1534
f 1926 1927 1923
f 1910 1502 1939
f 1939 422 442
f 309 1940 308
f 1804 1866 1803
f 269 1954 56
f 2065 2060 2056
f 3812 1758 3835
f 280 552 1940
f 1875 1869 1874
f 1739 1734 1737
f 1778 1790 1788
f 310 1915 279
f 1909 1906 1954
f 1789 1778 1788
f 978 980 979
f 1584 1731 1583
f 425 311 312
f 148 115 116
f 2044 3894 2046
f 277 1939 551
f 1943 1945 1944
f 1461 1463 1464
f 2253 3056 3055
f 2981 3489 958
f 2209 3489 3055
f 2254 3055 3489
f 2998 958 3489
f 2826 2721 2724
f 3490 2721 2817
f 2816 3490 2817
f 2334 2296 2335
f 2298 2334 2336
f 2301 2336 2338
f 2311 2338 2354
f 2312 2354 2355
f 2359 2361 2360
f 2335 2359 2360
f 2414 2365 2364
f 2413 2361 2365
f 2355 2540 2541
f 2541 2539 2542
f 2722 2739 2738
f 3114 2738 3113
f 3110 3121 3120
f 3108 3120 3113
f 3122 3127 3126
f 3112 3126 3121
f 3127 1753 3135
f 3139 2529 2542
f 3744 3133 3139
f 3490 2740 2739
f 3491 2789 3490
f 228 91 88
f 245 243 242
f 248 247 191
f 2 296 295
f 145 300 267
f 327 210 328
f 329 331 330
f 250 228 236
f 239 240 230
f 373 375 374
f 178 176 175
f 1218 1228 1321
f 3862 1295 3854
f 808 824 823
f 3858 1013 1014
f 3813 1411 1413
f 2154 2159 2160
f 3845 1758 1757
f 306 1922 452
f 2157 1976 1977
f 708 2031 1474
f 1450 1227 1428
f 1672 1605 1624
f 1813 1821 1816
f 1717 1715 1718
f 176 402 347
f 1710 3916 3915
f 1712 1577 1711
f 1705 1711 1704
f 971 979 970
f 822 1094 1102
f 2909 2793 2792
f 2810 2795 2793
f 2799 2249 2800
f 3662 2910 2799
f 2769 2801 2795
f 3177 3178 3179
f 3178 3180 3179
f 3181 1393 2800
f 3181 1632 3182
f 3182 2244 3183
f 3183 2243 3180
f 3492 2790 3491
f 2808 3491 2816
f 2239 3572 2240
f 1149 3571 3570
f 1150 3567 3571
f 2202 3566 2015
f 2921 3565 2923
f 3568 2133 2928
f 1777 1759 1792
f 1201 1183 1184
f 3561 2195 2194
f 3553 2770 2768
f 3927 1687 1692
f 1516 154 503
f 3549 2974 2803
f 3550 2779 2778
f 2771 3575 3546
f 3070 3546 3558
f 3547 2775 2867
f 1376 1370 1372
f 2767 3556 2206
f 2195 3543 2767
f 2775 3542 2776
f 3377 3545 2871
f 3804 3539 2806
f 2776 3538 2805
f 2240 3535 2920
f 2920 3669 3619
f 3548 2786 2779
f 1805 1851 1804
f 3534 2787 2786
f 2951 3540 3531
f 2772 3531 3575
f 2973 3530 3536
f 2224 3537 3530
f 1957 320 510
f 306 304 303
f 2770 3528 2913
f 2913 3574 2239
f 2923 3527 2922
f 308 431 47
f 207 132 543
f 1879 1881 1880
f 3733 3525 2089
f 2475 3558 3524
f 2476 3524 3523
f 2223 3523 3537
f 3522 2803 2802
f 2037 11 1950
f 1959 450 505
f 2003 3520 2129
f 9 334 540
f 2009 3518 3567
f 2008 3536 3518
f 3877 673 3879
f 3515 2778 2784
f 2935 3513 2936
f 111 3570 3511
f 3510 2935 2938
f 683 3885 943
f 3508 2810 2909
f 736 732 729
f 1795 1803 1796
f 3505 2938 2939
f 3507 2939 2940
f 2950 3504 2949
f 2940 3504 3507
f 3801 3512 2950
f 2868 3502 2869
f 2869 3522 2802
f 1024 1023 1020
f 3500 2948 2947
f 551 442 443
f 2972 3568 2928
f 2032 3499 2972
f 216 1924 1923
f 203 201 200
f 1828 1847 1837
f 1958 449 450
f 272 178 175
f 2871 3495 1361
f 3619 3564 2921
f 2801 3643 3662
f 2005 3654 2176
f 960 899 962
f 3657 3612 3624
f 3780 3646 3151
f 3151 3593 2555
f 2193 3623 2194
f 3607 3145 3144
f 3603 2761 3145
f 3592 3144 3104
f 2926 3634 3103
f 3634 3104 3103
f 3755 3746 3753
f 566 3758 2005
f 3488 1864 3500
f 1602 2079 2078
f 2868 3611 2922
f 2922 3610 2923
f 2923 3618 2921
f 3670 2918 3614
f 3619 3614 2920
f 2921 3670 3619
f 2920 3586 2240
f 3613 2915 2918
f 2917 3622 3641
f 2916 3641 3642
f 2239 3652 2913
f 2911 3652 2757
f 3643 2911 2910
f 2797 3662 3591
f 2797 3598 2750
f 3622 2763 2765
f 3608 2764 2745
f 2194 3648 2221
f 2221 3649 2222
f 2756 3609 2755
f 2750 3609 2747
f 3669 1817 3827
f 3763 1691 1699
f 2515 3590 2548
f 2548 3593 2550
f 2513 3632 3616
f 2513 3621 2515
f 2509 3620 2289
f 2510 3633 2509
f 2289 3639 2283
f 2283 3617 2286
f 2240 3587 2239
f 3659 3624 3626
f 716 3887 3888
f 727 3761 1923
f 2165 2170 2164
f 3660 3626 3629
f 3743 3578 3757
f 2175 769 770
f 2100 2095 2099
f 3758 3757 3578
f 640 3568 1826
f 1653 3553 1651
f 1895 3530 746
f 746 3537 741
f 1653 3528 3576
f 3762 1604 1672
f 2093 2073 2078
f 959 995 884
f 962 919 986
f 1400 1398 1399
f 1000 1127 1004
f 956 884 885
f 1662 3550 1661
f 2034 3546 1654
f 3926 3539 3802
f 3535 766 1817
f 3572 765 766
f 334 3571 335
f 1868 3540 1656
f 1684 1652 1678
f 1682 775 1807
f 1585 3762 1700
f 3763 1672 1673
f 2173 490 491
f 1658 3547 1752
f 3556 1650 724
f 1571 2010 1572
f 1587 3671 2080
f 2099 2077 2094
f 787 1999 786
f 2000 786 1999
f 3155 3697 3683
f 3713 3683 3789
f 2180 3685 3684
f 3496 3684 3705
f 1684 3840 1651
f 1760 3495 3545
f 2607 3693 2590
f 2581 3689 2607
f 2371 3700 3695
f 2371 3693 2372
f 2587 3675 2586
f 2586 3697 339
f 2497 3687 2503
f 2502 3687 3700
f 2494 3690 2495
f 3690 2472 2495
f 3688 2468 2472
f 3701 2469 2468
f 726 3892 630
f 581 3518 580
f 10 3570 334
f 1837 3510 1849
f 741 3523 1300
f 1299 3558 2034
f 1851 3504 1866
f 3527 1820 1819
f 580 3536 1895
f 1758 3522 3502
f 1693 3508 1806
f 3504 1867 1866
f 1894 3568 3499
f 2126 3813 3841
f 3906 3841 3912
f 2113 3867 2110
f 2179 3789 3685
f 624 3904 623
f 2192 3788 3780
f 2177 3787 3733
f 1364 3833 1338
f 3858 1470 1453
f 3135 3775 3744
f 2069 3835 2068
f 1351 3853 1352
f 2108 3901 499
f 2089 3736 3733
f 3828 1358 866
f 2001 3783 2187
f 2187 3719 2091
f 2130 3752 2004
f 2004 3749 2001
f 2014 3779 2201
f 2201 3756 2130
f 3167 3759 2969
f 3168 3720 3167
f 3159 3764 3160
f 3160 3765 3081
f 3730 3158 337
f 3158 3709 3159
f 2200 3730 3722
f 3685 3742 2204
f 3722 2197 2200
f 3790 2092 3721
f 3774 3721 2197
f 3154 3790 3774
f 3155 3706 3154
f 2091 3721 2092
f 2196 3750 3776
f 2193 3776 3781
f 3604 3781 3788
f 2086 3780 3778
f 2087 3778 3777
f 2204 3751 2205
f 2205 3750 3148
f 3909 574 692
f 2124 3777 3760
f 2208 3760 3782
f 3711 3140 3137
f 3785 3138 3140
f 3745 3139 3138
f 3771 3136 2322
f 3712 3137 3136
f 3775 3131 3133
f 3767 3132 3131
f 1813 3838 1814
f 1293 3856 1344
f 2184 3748 3732
f 2181 3732 3734
f 3765 3079 3081
f 3768 3080 3079
f 709 3875 2031
f 2774 3737 3769
f 3786 2134 3559
f 3809 766 765
f 2968 3766 2959
f 2969 3784 2968
f 2958 3737 2961
f 2132 3766 2960
f 2321 3771 3748
f 3860 1449 28
f 3905 582 710
f 3886 577 574
f 3847 1818 3827
f 705 3887 2121
f 3816 3907 698
f 2111 3911 2113
f 3810 1366 1411
f 1812 3822 1815
f 675 3852 674
f 3496 3851 675
f 2110 3868 2109
f 2104 3901 2106
f 2109 3899 944
f 3842 703 739
f 1680 3846 1684
f 1639 3819 3818
f 623 3906 697
f 2139 3866 3865
f 1808 3844 3837
f 3820 1819 1820
f 3872 3900 706
f 1646 3830 1648
f 3889 633 577
f 2139 3875 18
f 2156 3871 3874
f 674 3913 3869
f 2117 3812 2069
f 1815 3847 3823
f 3855 1444 1470
f 697 3912 3816
f 866 3836 3828
f 3864 2136 2135
f 3585 3726 3589
f 3583 3731 3585
f 3753 3738 3739
f 3740 3581 3743
f 1088 3746 1093
f 3739 3743 3753
f 2791 3493 2792
f 3492 2807 3493
f 2792 3494 2909
f 3493 2806 3494
f 3508 3494 3516
f 3516 2806 3539
f 2948 3791 3801
f 2105 3896 2104
f 3538 3804 2805
f 680 3876 683
f 1891 3910 3891
f 2905 3801 2950
f 2900 3799 2905
f 2901 3807 2877
f 2734 3806 3794
f 2877 3806 2878
f 2820 3794 2872
f 2818 3792 2827
f 2823 3792 2826
f 2822 3798 2821
f 2819 3800 3798
f 2817 3795 2816
f 2809 3795 2815
f 2808 3803 2807
f 2805 3803 2804
f 1702 3923 1599
f 3922 1797 1802
f 3915 1706 1709
f 3918 1692 1698
f 1657 3880 1879
f 1890 3895 3910
f 3772 1674 1675
f 1689 3772 3773
f 3926 3538 1688
f 3516 1689 3773
f 3917 1703 1764
f 1598 3928 1770
f 3880 1876 1879
f 1691 3925 3927
f 3925 1688 1687
f 1117 1118 3930
f 1066 1322 3930
f 1243 847 3930
f 3825 848 3930
f 1128 1117 3930
f 1129 1130 3930
f 841 1011 3930
f 1230 3863 3930
f 1242 1243 3930
f 1322 1229 3930
f 1064 1065 3930
f 1003 1128 3930
f 1229 1230 3930
f 3863 1285 3930
f 1285 1288 3930
f 848 839 3930
f 847 3825 3930
f 1118 1129 3930
f 1065 1066 3930
f 1087 1086 3930
f 1008 1002 3930
f 1011 1008 3930
f 1002 1003 3930
f 1076 1069 3930
f 838 841 3930
f 839 838 3930
f 1288 1242 3930
f 1130 1087 3930
f 1086 1076 3930
f 1069 1064 3930
f 2410 2414 3931
f 2411 2410 3931
f 3617 2285 3931
f 2394 2393 3931
f 2393 2396 3931
f 2281 2286 3931
f 2282 2280 3931
f 2398 2399 3931
f 2465 2464 3931
f 2396 2397 3931
f 2470 2469 3931
f 2399 2416 3931
f 2480 2395 3931
f 2459 2480 3931
f 2369 2282 3931
f 2460 2459 3931
f 2415 2411 3931
f 2416 2415 3931
f 2364 2363 3931
f 2286 3617 3931
f 2464 2470 3931
f 2469 3703 3931
f 2285 2465 3931
f 2414 2364 3931
f 2395 2394 3931
f 2363 2367 3931
f 2397 2398 3931
f 2280 2281 3931
f 3703 2460 3931
f 2367 2369 3931
f 3934 3937 3938
f 3934 3939 3935
f 3932 3937 3933
f 3938 3943 3939
f 3937 3940 3941
f 3937 3942 3938
f 3942 3947 3943
f 3941 3944 3945
f 3942 3945 3946
f 3947 3950 3951
f 3944 3949 3945
f 3945 3950 3946
f 3950 3955 3951
f 3949 3952 3953
f 3950 3953 3954
f 3955 3958 3959
f 3953 3956 3957
f 3953 3958 3954
f 3959 3962 3963
f 3957 3960 3961
f 3958 3961 3962
f 3962 3967 3963
f 3960 3965 3961
f 3961 3966 3962
f 3966 3971 3967
f 3965 3968 3969
f 3966 3969 3970
f 3970 3975 3971
f 3968 3973 3969
f 3969 3974 3970
f 3974 3979 3975
f 3973 3976 3977
f 3974 3977 3978
f 3979 3982 3983
f 3976 3981 3977
f 3977 3982 3978
f 3982 3987 3983
f 3981 3984 3985
f 3982 3985 3986
f 3987 3990 3991
f 3984 3989 3985
f 3985 3990 3986
f 3991 3994 3995
f 3989 3992 3993
f 3990 3993 3994
f 3995 3998 3999
f 3992 3997 3993
f 3993 3998 3994
f 3998 4003 3999
f 3997 4000 4001
f 3998 4001 4002
f 4002 4007 4003
f 4000 4005 4001
f 4001 4006 4002
f 4006 4011 4007
f 4005 4008 4009
f 4006 4009 4010
f 4011 4014 4015
f 4008 4013 4009
f 4009 4014 4010
f 4014 4019 4015
f 4013 4016 4017
f 4014 4017 4018
f 4019 4022 4023
f 4016 4021 4017
f 4017 4022 4018
f 4023 4026 4027
f 4021 4024 4025
f 4022 4025 4026
f 4027 4030 4031
f 4024 4029 4025
f 4025 4030 4026
f 4031 4034 4035
f 4029 4032 4033
f 4030 4033 4034
f 4034 4039 4035
f 4032 4037 4033
f 4033 4038 4034
f 4038 4043 4039
f 4037 4040 4041
f 4038 4041 4042
f 4043 4046 4047
f 4040 4045 4041
f 4041 4046 4042
f 4046 4051 4047
f 4045 4048 4049
f 4046 4049 4050
f 4051 4055 4056
f 4048 4054 4049
f 4049 4055 4050
f 4056 4059 4060
f 4053 4058 4054
f 4055 4058 4059
f 3932 4052 3936
f 3936 4052 3940
f 3940 4052 3944
f 3944 4052 3948
f 3948 4052 3952
f 3952 4052 3956
f 3956 4052 3960
f 3960 4052 3964
f 3964 4052 3968
f 3968 4052 3972
f 3972 4052 3976
f 3976 4052 3980
f 3980 4052 3984
f 3984 4052 3988
f 3988 4052 3992
f 3992 4052 3996
f 3996 4052 4000
f 4000 4052 4004
f 4004 4052 4008
f 4008 4052 4012
f 4012 4052 4016
f 4016 4052 4020
f 4020 4052 4024
f 4024 4052 4028
f 4028 4052 4032
f 4032 4052 4036
f 4036 4052 4040
f 4040 4052 4044
f 4044 4052 4048
f 4048 4052 4053
f 4053 4052 4057
f 4060 3934 3935
f 4058 3932 3933
f 4058 3934 4059
f 4057 4052 3932
f 4069 4081 4082
f 4066 4080 4067
f 4065 4077 4078
f 4063 4075 4076
f 4071 4085 4072
f 4069 4083 4070
f 4067 4081 4068
f 4066 4078 4079
f 4063 4077 4064
f 4061 4075 4062
f 4072 4086 4073
f 4071 4083 4084
f 4076 4090 4077
f 4074 4088 4075
f 4086 4098 4099
f 4083 4097 4084
f 4082 4094 4095
f 4079 4093 4080
f 4078 4090 4091
f 4076 4088 4089
f 4085 4097 4098
f 4082 4096 4083
f 4080 4094 4081
f 4079 4091 4092
f 4089 4103 4090
f 4088 4100 4101
f 4098 4112 4099
f 4096 4110 4097
f 4095 4107 4108
f 4092 4106 4093
f 4090 4104 4091
f 4089 4101 4102
f 4097 4111 4098
f 4095 4109 4096
f 4094 4106 4107
f 4092 4104 4105
f 4103 4115 4116
f 4100 4114 4101
f 4112 4124 4125
f 4110 4122 4123
f 4107 4121 4108
f 4105 4119 4106
f 4103 4117 4104
f 4101 4115 4102
f 4110 4124 4111
f 4109 4121 4122
f 4107 4119 4120
f 4105 4117 4118
f 4115 4129 4116
f 4114 4126 4127
f 4124 4138 4125
f 4123 4135 4136
f 4120 4134 4121
f 4119 4131 4132
f 4117 4129 4130
f 4114 4128 4115
f 4124 4136 4137
f 4122 4134 4135
f 4119 4133 4120
f 4117 4131 4118
f 4129 4141 4142
f 4126 4140 4127
f 4138 4150 4151
f 4136 4148 4149
f 4133 4147 4134
f 4131 4145 4132
f 4130 4142 4143
f 4127 4141 4128
f 4137 4149 4150
f 4135 4147 4148
f 4132 4146 4133
f 4131 4143 4144
f 4142 4154 4155
f 4140 4152 4153
f 4150 4164 4151
f 4149 4161 4162
f 4146 4160 4147
f 4144 4158 4145
f 4142 4156 4143
f 4140 4154 4141
f 4149 4163 4150
f 4148 4160 4161
f 4146 4158 4159
f 4144 4156 4157
f 4155 4167 4168
f 4153 4165 4166
f 4163 4177 4164
f 4161 4175 4162
f 4159 4173 4160
f 4158 4170 4171
f 4155 4169 4156
f 4153 4167 4154
f 4163 4175 4176
f 4161 4173 4174
f 4159 4171 4172
f 4156 4170 4157
f 4167 4181 4168
f 4165 4179 4166
f 4176 4190 4177
f 4175 4187 4188
f 4173 4185 4186
f 4170 4184 4171
f 4169 4181 4182
f 4167 4179 4180
f 4175 4189 4176
f 4173 4187 4174
f 4171 4185 4172
f 4170 4182 4183
f 4180 4194 4181
f 4178 4192 4179
f 4190 4202 4203
f 4187 4201 4188
f 4186 4198 4199
f 4183 4197 4184
f 4182 4194 4195
f 4180 4192 4193
f 4189 4201 4202
f 4186 4200 4187
f 4184 4198 4185
f 4183 4195 4196
f 4193 4207 4194
f 4192 4204 4205
f 4202 4216 4203
f 4200 4214 4201
f 4199 4211 4212
f 4196 4210 4197
f 4194 4208 4195
f 4193 4205 4206
f 4201 4215 4202
f 4199 4213 4200
f 4198 4210 4211
f 4196 4208 4209
f 4207 4219 4220
f 4204 4218 4205
f 4216 4228 4229
f 4213 4227 4214
f 4211 4225 4212
f 4209 4223 4210
f 4207 4221 4208
f 4205 4219 4206
f 4214 4228 4215
f 4213 4225 4226
f 4211 4223 4224
f 4209 4221 4222
f 4219 4233 4220
f 4218 4230 4231
f 4228 4242 4229
f 4226 4240 4227
f 4225 4237 4238
f 4223 4235 4236
f 4221 4233 4234
f 4218 4232 4219
f 4228 4240 4241
f 4226 4238 4239
f 4223 4237 4224
f 4221 4235 4222
f 4233 4245 4246
f 4230 4244 4231
f 4242 4254 4255
f 4240 4252 4253
f 4237 4251 4238
f 4235 4249 4236
f 4234 4246 4247
f 4231 4245 4232
f 4241 4253 4254
f 4239 4251 4252
f 4236 4250 4237
f 4235 4247 4248
f 4246 4258 4259
f 4244 4256 4257
f 4254 4268 4255
f 4253 4265 4266
f 4250 4264 4251
f 4248 4262 4249
f 4246 4260 4247
f 4244 4258 4245
f 4253 4267 4254
f 4252 4264 4265
f 4250 4262 4263
f 4248 4260 4261
f 4259 4271 4272
f 4257 4269 4270
f 4267 4281 4268
f 4265 4279 4266
f 4263 4277 4264
f 4262 4274 4275
f 4259 4273 4260
f 4257 4271 4258
f 4266 4280 4267
f 4265 4277 4278
f 4263 4275 4276
f 4260 4274 4261
f 4271 4285 4272
f 4269 4283 4270
f 4281 4293 4294
f 4279 4291 4292
f 4277 4289 4290
f 4274 4288 4275
f 4273 4285 4286
f 4271 4283 4284
f 4280 4292 4293
f 4277 4291 4278
f 4275 4289 4276
f 4274 4286 4287
f 4284 4298 4285
f 4282 4296 4283
f 4294 4306 4307
f 4291 4305 4292
f 4290 4302 4303
f 4287 4301 4288
f 4286 4298 4299
f 4284 4296 4297
f 4293 4305 4306
f 4290 4304 4291
f 4288 4302 4289
f 4287 4299 4300
f 4297 4311 4298
f 4296 4308 4309
f 4306 4320 4307
f 4304 4318 4305
f 4303 4315 4316
f 4300 4314 4301
f 4298 4312 4299
f 4297 4309 4310
f 4305 4319 4306
f 4304 4316 4317
f 4302 4314 4315
f 4300 4312 4313
f 4310 4324 4311
f 4308 4322 4309
f 4320 4332 4333
f 4318 4330 4331
f 4316 4328 4329
f 4313 4327 4314
f 4311 4325 4312
f 4310 4322 4323
f 4318 4332 4319
f 4316 4330 4317
f 4315 4327 4328
f 4312 4326 4313
f 4323 4337 4324
f 4322 4334 4335
f 4332 4346 4333
f 4330 4344 4331
f 4329 4341 4342
f 4327 4339 4340
f 4325 4337 4338
f 4322 4336 4323
f 4332 4344 4345
f 4330 4342 4343
f 4327 4341 4328
f 4325 4339 4326
f 4337 4350 4351
f 4334 4349 4335
f 4346 4359 4360
f 4344 4357 4358
f 4341 4356 4342
f 4340 4353 4354
f 4338 4351 4352
f 4335 4350 4336
f 4345 4358 4359
f 4343 4356 4357
f 4340 4355 4341
f 4338 4353 4339
f 4351 4363 4364
f 4349 4361 4362
f 4359 4373 4360
f 4358 4370 4371
f 4355 4369 4356
f 4354 4366 4367
f 4351 4365 4352
f 4349 4363 4350
f 4358 4372 4359
f 4357 4369 4370
f 4355 4367 4368
f 4352 4366 4353
f 4364 4376 4377
f 4362 4374 4375
f 4373 4385 4386
f 4370 4384 4371
f 4368 4382 4369
f 4367 4379 4380
f 4364 4378 4365
f 4362 4376 4363
f 4372 4384 4385
f 4370 4382 4383
f 4368 4380 4381
f 4365 4379 4366
f 4376 4390 4377
f 4374 4388 4375
f 4385 4399 4386
f 4384 4396 4397
f 4382 4394 4395
f 4379 4393 4380
f 4378 4390 4391
f 4376 4388 4389
f 4384 4398 4385
f 4382 4396 4383
f 4380 4394 4381
f 4379 4391 4392
f 4389 4403 4390
f 4387 4401 4388
f 4399 4411 4412
f 4396 4410 4397
f 4395 4407 4408
f 4393 4405 4406
f 4391 4403 4404
f 4389 4401 4402
f 4398 4410 4411
f 4395 4409 4396
f 4393 4407 4394
f 4391 4405 4392
f 4402 4416 4403
f 4401 4413 4414
f 4411 4425 4412
f 4409 4423 4410
f 4408 4420 4421
f 4406 4418 4419
f 4403 4417 4404
f 4402 4414 4415
f 4410 4424 4411
f 4408 4422 4409
f 4407 4419 4420
f 4404 4418 4405
f 4416 4428 4429
f 4413 4427 4414
f 4425 4437 4438
f 4423 4435 4436
f 4421 4433 4434
f 4418 4432 4419
f 4416 4430 4417
f 4415 4427 4428
f 4423 4437 4424
f 4421 4435 4422
f 4420 4432 4433
f 4418 4430 4431
f 4428 4442 4429
f 4426 4440 4427
f 4437 4451 4438
f 4435 4449 4436
f 4434 4446 4447
f 4432 4444 4445
f 4430 4442 4443
f 4427 4441 4428
f 4437 4449 4450
f 4435 4447 4448
f 4432 4446 4433
f 4430 4444 4431
f 4442 4454 4455
f 4439 4453 4440
f 4451 4463 4464
f 4449 4461 4462
f 4446 4460 4447
f 4444 4458 4445
f 4443 4455 4456
f 4440 4454 4441
f 4450 4462 4463
f 4447 4461 4448
f 4445 4459 4446
f 4444 4456 4457
f 4455 4467 4468
f 4453 4465 4466
f 4463 4477 4464
f 4462 4474 4475
f 4459 4473 4460
f 4457 4471 4458
f 4455 4469 4456
f 4453 4467 4454
f 4462 4476 4463
f 4461 4473 4474
f 4459 4471 4472
f 4457 4469 4470
f 4347 4073 4086
f 4347 4086 4099
f 4347 4099 4112
f 4347 4112 4125
f 4347 4125 4138
f 4347 4138 4151
f 4347 4151 4164
f 4347 4164 4177
f 4347 4177 4190
f 4347 4190 4203
f 4347 4203 4216
f 4347 4216 4229
f 4347 4229 4242
f 4347 4242 4255
f 4347 4255 4268
f 4347 4268 4281
f 4347 4281 4294
f 4347 4294 4307
f 4347 4307 4320
f 4347 4320 4333
f 4347 4333 4346
f 4347 4346 4360
f 4347 4360 4373
f 4347 4373 4386
f 4347 4386 4399
f 4347 4399 4412
f 4347 4412 4425
f 4347 4425 4438
f 4347 4438 4451
f 4347 4451 4464
f 4347 4464 4477
f 4468 4063 4064
f 4466 4061 4062
f 4477 4072 4073
f 4474 4071 4475
f 4472 4069 4473
f 4471 4066 4067
f 4468 4065 4469
f 4466 4063 4467
f 4347 4477 4073
f 4476 4071 4072
f 4474 4069 4070
f 4472 4067 4068
f 4469 4066 4470
f 3935 4465 4060
f 4465 4056 4060
f 4452 4051 4056
f 4439 4047 4051
f 4047 4413 4043
f 4043 4400 4039
f 4039 4387 4035
f 4387 4031 4035
f 4031 4361 4027
f 4361 4023 4027
f 4348 4019 4023
f 4334 4015 4019
f 4015 4308 4011
f 4011 4295 4007
f 4007 4282 4003
f 4282 3999 4003
f 3999 4256 3995
f 4256 3991 3995
f 4243 3987 3991
f 4230 3983 3987
f 3983 4204 3979
f 3979 4191 3975
f 3975 4178 3971
f 4178 3967 3971
f 3967 4152 3963
f 4152 3959 3963
f 4139 3955 3959
f 4126 3951 3955
f 3951 4100 3947
f 3947 4087 3943
f 3943 4074 3939
f 4074 3935 3939
f 4480 4483 4484
f 4480 4485 4481
f 4479 4482 4483
f 4484 4489 4485
f 4482 4487 4483
f 4483 4488 4484
f 4488 4493 4489
f 4487 4490 4491
f 4488 4491 4492
f 4493 4496 4497
f 4490 4495 4491
f 4491 4496 4492
f 4496 4501 4497
f 4495 4498 4499
f 4496 4499 4500
f 4501 4504 4505
f 4498 4503 4499
f 4499 4504 4500
f 4505 4508 4509
f 4503 4506 4507
f 4504 4507 4508
f 4509 4512 4513
f 4506 4511 4507
f 4507 4512 4508
f 4513 4516 4517
f 4511 4514 4515
f 4512 4515 4516
f 4516 4521 4517
f 4514 4519 4515
f 4515 4520 4516
f 4520 4525 4521
f 4518 4523 4519
f 4520 4523 4524
f 4525 4528 4529
f 4522 4527 4523
f 4523 4528 4524
f 4528 4533 4529
f 4527 4530 4531
f 4528 4531 4532
f 4533 4536 4537
f 4530 4535 4531
f 4531 4536 4532
f 4537 4540 4541
f 4534 4539 4535
f 4536 4539 4540
f 4541 4544 4545
f 4539 4542 4543
f 4539 4544 4540
f 4544 4549 4545
f 4542 4547 4543
f 4544 4547 4548
f 4548 4553 4549
f 4547 4550 4551
f 4547 4552 4548
f 4552 4557 4553
f 4551 4554 4555
f 4552 4555 4556
f 4557 4560 4561
f 4554 4559 4555
f 4555 4560 4556
f 4560 4565 4561
f 4559 4562 4563
f 4560 4563 4564
f 4565 4568 4569
f 4562 4567 4563
f 4563 4568 4564
f 4569 4572 4573
f 4567 4570 4571
f 4568 4571 4572
f 4572 4577 4573
f 4570 4575 4571
f 4571 4576 4572
f 4576 4581 4577
f 4575 4578 4579
f 4576 4579 4580
f 4580 4585 4581
f 4578 4583 4579
f 4579 4584 4580
f 4584 4589 4585
f 4583 4586 4587
f 4584 4587 4588
f 4589 4592 4593
f 4586 4591 4587
f 4587 4592 4588
f 4592 4597 4593
f 4591 4594 4595
f 4592 4595 4596
f 4597 4601 4602
f 4594 4600 4595
f 4595 4601 4596
f 4602 4605 4606
f 4600 4603 4604
f 4601 4604 4605
f 4478 4598 4482
f 4482 4598 4486
f 4486 4598 4490
f 4490 4598 4494
f 4494 4598 4498
f 4498 4598 4502
f 4502 4598 4506
f 4506 4598 4510
f 4510 4598 4514
f 4514 4598 4518
f 4518 4598 4522
f 4522 4598 4526
f 4526 4598 4530
f 4530 4598 4534
f 4534 4598 4538
f 4538 4598 4542
f 4542 4598 4546
f 4546 4598 4550
f 4550 4598 4554
f 4554 4598 4558
f 4558 4598 4562
f 4562 4598 4566
f 4566 4598 4570
f 4570 4598 4574
f 4574 4598 4578
f 4578 4598 4582
f 4582 4598 4586
f 4586 4598 4590
f 4590 4598 4594
f 4594 4598 4599
f 4599 4598 4603
f 4606 4480 4481
f 4603 4479 4604
f 4604 4480 4605
f 4603 4598 4478
f 4615 4627 4628
f 4612 4626 4613
f 4611 4623 4624
f 4609 4621 4622
f 4618 4630 4631
f 4615 4629 4616
f 4613 4627 4614
f 4612 4624 4625
f 4609 4623 4610
f 4607 4621 4608
f 4619 4631 4632
f 4617 4629 4630
f 4622 4636 4623
f 4620 4634 4621
f 4632 4644 4645
f 4629 4643 4630
f 4628 4640 4641
f 4626 4638 4639
f 4624 4636 4637
f 4622 4634 4635
f 4631 4643 4644
f 4628 4642 4629
f 4626 4640 4627
f 4624 4638 4625
f 4635 4649 4636
f 4634 4646 4647
f 4644 4658 4645
f 4642 4656 4643
f 4641 4653 4654
f 4639 4651 4652
f 4636 4650 4637
f 4635 4647 4648
f 4643 4657 4644
f 4642 4654 4655
f 4640 4652 4653
f 4637 4651 4638
f 4648 4662 4649
f 4646 4660 4647
f 4658 4670 4671
f 4656 4668 4669
f 4653 4667 4654
f 4651 4665 4652
f 4649 4663 4650
f 4648 4660 4661
f 4656 4670 4657
f 4654 4668 4655
f 4653 4665 4666
f 4651 4663 4664
f 4661 4675 4662
f 4660 4672 4673
f 4670 4684 4671
f 4668 4682 4669
f 4667 4679 4680
f 4665 4677 4678
f 4663 4675 4676
f 4661 4673 4674
f 4670 4682 4683
f 4667 4681 4668
f 4665 4679 4666
f 4663 4677 4664
f 4675 4687 4688
f 4672 4686 4673
f 4684 4696 4697
f 4682 4694 4695
f 4679 4693 4680
f 4678 4690 4691
f 4676 4688 4689
f 4673 4687 4674
f 4683 4695 4696
f 4681 4693 4694
f 4678 4692 4679
f 4676 4690 4677
f 4688 4700 4701
f 4686 4698 4699
f 4696 4710 4697
f 4695 4707 4708
f 4692 4706 4693
f 4691 4703 4704
f 4688 4702 4689
f 4686 4700 4687
f 4695 4709 4696
f 4694 4706 4707
f 4692 4704 4705
f 4689 4703 4690
f 4701 4713 4714
f 4699 4711 4712
f 4710 4722 4723
f 4707 4721 4708
f 4705 4719 4706
f 4704 4716 4717
f 4701 4715 4702
f 4699 4713 4700
f 4709 4721 4722
f 4707 4719 4720
f 4705 4717 4718
f 4702 4716 4703
f 4713 4727 4714
f 4711 4725 4712
f 4723 4735 4736
f 4721 4733 4734
f 4719 4731 4732
f 4716 4730 4717
f 4715 4727 4728
f 4713 4725 4726
f 4721 4735 4722
f 4719 4733 4720
f 4717 4731 4718
f 4716 4728 4729
f 4726 4740 4727
f 4724 4738 4725
f 4736 4748 4749
f 4733 4747 4734
f 4732 4744 4745
f 4730 4742 4743
f 4728 4740 4741
f 4726 4738 4739
f 4735 4747 4748
f 4732 4746 4733
f 4730 4744 4731
f 4728 4742 4729
f 4739 4753 4740
f 4738 4750 4751
f 4748 4762 4749
f 4746 4760 4747
f 4745 4757 4758
f 4743 4755 4756
f 4740 4754 4741
f 4739 4751 4752
f 4747 4761 4748
f 4745 4759 4746
f 4744 4756 4757
f 4741 4755 4742
f 4753 4765 4766
f 4750 4764 4751
f 4762 4774 4775
f 4759 4773 4760
f 4758 4770 4771
f 4755 4769 4756
f 4753 4767 4754
f 4752 4764 4765
f 4760 4774 4761
f 4758 4772 4759
f 4757 4769 4770
f 4755 4767 4768
f 4765 4779 4766
f 4764 4776 4777
f 4774 4788 4775
f 4772 4786 4773
f 4771 4783 4784
f 4769 4781 4782
f 4767 4779 4780
f 4765 4777 4778
f 4774 4786 4787
f 4771 4785 4772
f 4769 4783 4770
f 4767 4781 4768
f 4779 4791 4792
f 4776 4790 4777
f 4788 4800 4801
f 4786 4798 4799
f 4783 4797 4784
f 4782 4794 4795
f 4780 4792 4793
f 4777 4791 4778
f 4787 4799 4800
f 4785 4797 4798
f 4782 4796 4783
f 4780 4794 4781
f 4792 4804 4805
f 4790 4802 4803
f 4800 4814 4801
f 4799 4811 4812
f 4796 4810 4797
f 4795 4807 4808
f 4792 4806 4793
f 4790 4804 4791
f 4799 4813 4800
f 4798 4810 4811
f 4796 4808 4809
f 4793 4807 4794
f 4805 4817 4818
f 4803 4815 4816
f 4814 4826 4827
f 4811 4825 4812
f 4809 4823 4810
f 4808 4820 4821
f 4805 4819 4806
f 4803 4817 4804
f 4813 4825 4826
f 4811 4823 4824
f 4809 4821 4822
f 4806 4820 4807
f 4817 4831 4818
f 4815 4829 4816
f 4826 4840 4827
f 4825 4837 4838
f 4823 4835 4836
f 4820 4834 4821
f 4819 4831 4832
f 4817 4829 4830
f 4825 4839 4826
f 4823 4837 4824
f 4821 4835 4822
f 4820 4832 4833
f 4830 4844 4831
f 4828 4842 4829
f 4840 4852 4853
f 4837 4851 4838
f 4836 4848 4849
f 4834 4846 4847
f 4832 4844 4845
f 4830 4842 4843
f 4839 4851 4852
f 4836 4850 4837
f 4834 4848 4835
f 4832 4846 4833
f 4843 4857 4844
f 4842 4854 4855
f 4852 4866 4853
f 4850 4864 4851
f 4849 4861 4862
f 4847 4859 4860
f 4844 4858 4845
f 4843 4855 4856
f 4851 4865 4852
f 4849 4863 4850
f 4848 4860 4861
f 4845 4859 4846
f 4857 4869 4870
f 4855 4867 4868
f 4866 4878 4879
f 4864 4876 4877
f 4862 4874 4875
f 4859 4873 4860
f 4857 4871 4858
f 4856 4868 4869
f 4864 4878 4865
f 4862 4876 4863
f 4861 4873 4874
f 4859 4871 4872
f 4869 4883 4870
f 4868 4880 4881
f 4878 4892 4879
f 4877 4889 4890
f 4874 4888 4875
f 4873 4885 4886
f 4871 4883 4884
f 4868 4882 4869
f 4878 4890 4891
f 4876 4888 4889
f 4873 4887 4874
f 4871 4885 4872
f 4883 4896 4897
f 4880 4895 4881
f 4892 4905 4906
f 4890 4903 4904
f 4887 4902 4888
f 4885 4900 4886
f 4884 4897 4898
f 4881 4896 4882
f 4891 4904 4905
f 4889 4902 4903
f 4886 4901 4887
f 4885 4898 4899
f 4897 4909 4910
f 4895 4907 4908
f 4905 4919 4906
f 4904 4916 4917
f 4901 4915 4902
f 4899 4913 4900
f 4897 4911 4898
f 4895 4909 4896
f 4904 4918 4905
f 4903 4915 4916
f 4901 4913 4914
f 4899 4911 4912
f 4910 4922 4923
f 4908 4920 4921
f 4919 4931 4932
f 4916 4930 4917
f 4914 4928 4915
f 4913 4925 4926
f 4910 4924 4911
f 4908 4922 4909
f 4918 4930 4931
f 4916 4928 4929
f 4914 4926 4927
f 4911 4925 4912
f 4922 4936 4923
f 4920 4934 4921
f 4931 4945 4932
f 4930 4942 4943
f 4928 4940 4941
f 4925 4939 4926
f 4924 4936 4937
f 4922 4934 4935
f 4930 4944 4931
f 4928 4942 4929
f 4926 4940 4927
f 4925 4937 4938
f 4935 4949 4936
f 4933 4947 4934
f 4945 4957 4958
f 4942 4956 4943
f 4941 4953 4954
f 4938 4952 4939
f 4937 4949 4950
f 4935 4947 4948
f 4944 4956 4957
f 4941 4955 4942
f 4939 4953 4940
f 4938 4950 4951
f 4948 4962 4949
f 4947 4959 4960
f 4957 4971 4958
f 4955 4969 4956
f 4954 4966 4967
f 4951 4965 4952
f 4949 4963 4950
f 4948 4960 4961
f 4956 4970 4957
f 4954 4968 4955
f 4953 4965 4966
f 4951 4963 4964
f 4962 4974 4975
f 4959 4973 4960
f 4971 4983 4984
f 4968 4982 4969
f 4966 4980 4967
f 4964 4978 4965
f 4962 4976 4963
f 4960 4974 4961
f 4969 4983 4970
f 4967 4981 4968
f 4966 4978 4979
f 4964 4976 4977
f 4975 4987 4988
f 4973 4985 4986
f 4983 4997 4984
f 4981 4995 4982
f 4979 4993 4980
f 4978 4990 4991
f 4976 4988 4989
f 4973 4987 4974
f 4983 4995 4996
f 4981 4993 4994
f 4978 4992 4979
f 4976 4990 4977
f 4988 5000 5001
f 4985 4999 4986
f 4997 5009 5010
f 4995 5007 5008
f 4992 5006 4993
f 4991 5003 5004
f 4989 5001 5002
f 4986 5000 4987
f 4996 5008 5009
f 4994 5006 5007
f 4991 5005 4992
f 4989 5003 4990
f 5001 5013 5014
f 4999 5011 5012
f 5009 5023 5010
f 5008 5020 5021
f 5005 5019 5006
f 5004 5016 5017
f 5001 5015 5002
f 4999 5013 5000
f 5008 5022 5009
f 5007 5019 5020
f 5005 5017 5018
f 5002 5016 5003
f 4893 4619 4632
f 4893 4632 4645
f 4893 4645 4658
f 4893 4658 4671
f 4893 4671 4684
f 4893 4684 4697
f 4893 4697 4710
f 4893 4710 4723
f 4893 4723 4736
f 4893 4736 4749
f 4893 4749 4762
f 4893 4762 4775
f 4893 4775 4788
f 4893 4788 4801
f 4893 4801 4814
f 4893 4814 4827
f 4893 4827 4840
f 4893 4840 4853
f 4893 4853 4866
f 4893 4866 4879
f 4893 4879 4892
f 4893 4892 4906
f 4893 4906 4919
f 4893 4919 4932
f 4893 4932 4945
f 4893 4945 4958
f 4893 4958 4971
f 4893 4971 4984
f 4893 4984 4997
f 4893 4997 5010
f 4893 5010 5023
f 5014 4609 4610
f 5012 4607 4608
f 5022 4619 5023
f 5020 4617 5021
f 5018 4615 5019
f 5017 4612 4613
f 5014 4611 5015
f 5012 4609 5013
f 4893 5023 4619
f 5021 4618 5022
f 5020 4615 4616
f 5018 4613 4614
f 5015 4612 5016
f 4481 5011 4606
f 5011 4602 4606
f 4998 4597 4602
f 4985 4593 4597
f 4593 4959 4589
f 4589 4946 4585
f 4585 4933 4581
f 4933 4577 4581
f 4577 4907 4573
f 4907 4569 4573
f 4894 4565 4569
f 4880 4561 4565
f 4561 4854 4557
f 4557 4841 4553
f 4553 4828 4549
f 4828 4545 4549
f 4545 4802 4541
f 4802 4537 4541
f 4789 4533 4537
f 4776 4529 4533
f 4529 4750 4525
f 4525 4737 4521
f 4521 4724 4517
f 4724 4513 4517
f 4513 4698 4509
f 4698 4505 4509
f 4685 4501 4505
f 4672 4497 4501
f 4497 4646 4493
f 4493 4633 4489
f 4489 4620 4485
f 4620 4481 4485
f 4 3 2
f 8 7 6
f 13 16 15
f 17 28 19
f 32 31 30
f 36 35 34
f 37 40 39
f 21 22 23
f 25 26 27
f 41 44 43
f 48 47 46
f 52 51 50
f 53 56 55
f 60 59 58
f 29 30 62
f 66 65 64
f 67 5 6
f 72 71 70
f 76 75 74
f 77 80 79
f 81 84 83
f 59 87 86
f 88 91 90
f 96 95 94
f 100 99 98
f 101 104 103
f 106 105 34
f 108 116 115
f 117 119 36
f 124 127 126
f 131 130 129
f 132 102 134
f 142 141 140
f 148 106 60
f 144 143 127
f 149 152 151
f 156 155 154
f 159 150 158
f 116 108 164
f 171 170 169
f 174 126 173
f 179 182 181
f 186 189 188
f 194 197 196
f 199 142 139
f 206 209 208
f 213 212 211
f 202 215 214
f 96 93 216
f 92 238 43
f 97 184 246
f 250 249 229
f 252 254 58
f 258 257 256
f 260 91 229
f 110 111 112
f 114 264 263
f 265 268 267
f 56 53 270
f 274 273 249
f 185 183 63
f 280 279 278
f 285 284 283
f 288 219 211
f 141 142 92
f 289 290 175
f 148 116 105
f 312 311 170
f 238 262 42
f 318 163 160
f 310 309 308
f 241 239 325
f 160 230 240
f 47 48 307
f 108 109 315
f 345 85 86
f 348 351 350
f 356 359 358
f 355 354 353
f 363 31 32
f 364 252 253
f 366 125 368
f 183 372 371
f 163 162 161
f 209 226 101
f 378 377 165
f 379 295 381
f 383 382 3
f 284 285 386
f 387 127 389
f 391 259 229
f 73 281 397
f 405 408 407
f 203 218 411
f 414 121 413
f 1 356 357
f 277 276 131
f 254 344 57
f 358 384 415
f 417 416 386
f 401 400 192
f 419 389 127
f 421 181 182
f 103 301 302
f 428 367 368
f 380 390 359
f 62 204 266
f 140 141 431
f 357 358 351
f 356 1 379
f 415 392 403
f 437 428 436
f 438 441 440
f 188 451 450
f 265 455 181
f 224 185 64
f 237 212 213
f 275 131 128
f 281 282 460
f 50 462 79
f 73 74 282
f 468 467 466
f 390 355 352
f 482 485 484
f 489 488 487
f 493 496 495
f 472 471 470
f 502 501 500
f 220 221 222
f 512 419 143
f 518 517 511
f 513 239 230
f 205 30 31
f 189 370 451
f 163 318 532
f 533 224 225
f 446 448 447
f 335 541 540
f 544 512 546
f 329 519 291
f 199 534 262
f 385 386 416
f 532 190 191
f 363 117 118
f 578 581 580
f 573 572 571
f 561 563 562
f 241 260 259
f 590 593 592
f 545 546 595
f 503 154 155
f 606 625 624
f 478 481 480
f 646 649 648
f 590 591 689
f 564 565 651
f 728 246 184
f 714 724 716
f 692 574 575
f 541 335 581
f 346 68 248
f 161 231 230
f 128 129 94
f 698 705 704
f 574 577 576
f 290 289 401
f 630 631 725
f 733 736 735
f 755 466 496
f 759 480 481
f 757 763 762
f 764 496 466
f 768 767 3808
f 759 760 488
f 492 474 475
f 474 770 769
f 773 468 465
f 771 774 486
f 484 485 775
f 774 776 489
f 495 496 764
f 495 757 761
f 137 397 784
f 325 239 797
f 165 519 51
f 369 32 29
f 730 731 568
f 90 302 301
f 243 118 516
f 800 734 806
f 817 815 808
f 816 808 823
f 306 303 447
f 815 810 809
f 829 830 828
f 726 725 501
f 274 427 424
f 879 882 881
f 884 883 879
f 219 218 217
f 906 905 904
f 455 204 205
f 898 882 830
f 903 900 880
f 377 291 519
f 923 949 948
f 946 947 951
f 3519 740 739
f 900 899 886
f 225 64 65
f 182 445 442
f 809 952 947
f 954 960 962
f 927 950 965
f 885 879 880
f 925 927 966
f 343 342 341
f 965 964 971
f 968 971 970
f 972 968 969
f 963 961 981
f 336 337 338
f 992 993 827
f 810 815 996
f 1007 1001 1002
f 1012 826 827
f 1011 1009 1007
f 294 293 292
f 907 908 920
f 1017 579 1019
f 1020 1023 1022
f 1035 1024 1020
f 1061 1060 1047
f 1063 1061 1046
f 1044 1020 1021
f 1102 1094 1097
f 1116 1126 1118
f 1016 1015 1014
f 881 897 904
f 816 1116 1127
f 1094 948 949
f 514 342 167
f 146 145 81
f 1133 1135 1130
f 1102 1133 1126
f 822 1126 1116
f 1145 1143 1148
f 1076 1144 1151
f 1148 1143 1086
f 1109 1097 1114
f 1154 1153 1156
f 1153 925 967
f 3464 3497 463
f 1144 1147 1152
f 1156 967 1163
f 1164 1162 1169
f 1145 1171 1176
f 1114 1115 1154
f 1183 1155 1164
f 1184 1183 1177
f 1069 1151 1062
f 1023 1191 1194
f 1162 1163 1170
f 1195 1184 1185
f 1183 1196 1176
f 1201 1063 1152
f 1061 1063 1201
f 3825 847 843
f 1203 1202 1195
f 1202 1201 1184
f 1218 1060 1203
f 1060 1061 1202
f 1225 1218 1217
f 671 695 694
f 1219 1217 1024
f 1217 1203 1034
f 1226 1014 1015
f 1243 1242 1234
f 1231 1230 1229
f 847 1243 1233
f 843 1233 1244
f 1233 1234 1245
f 1923 3761 233
f 2100 2108 499
f 3914 3864 2135
f 61 62 323
f 210 211 217
f 1299 1310 1309
f 3863 1230 1231
f 1066 1047 1321
f 1322 1321 1228
f 1060 1218 1321
f 1325 1324 1323
f 1244 1245 1332
f 1290 1234 1242
f 1337 1330 1339
f 1330 1332 1340
f 1341 1332 1245
f 1342 1340 1332
f 1343 1342 1341
f 1344 1341 1294
f 3857 3856 1345
f 1347 1348 1342
f 3856 3854 1295
f 1349 1350 1348
f 3861 1349 1347
f 3853 1347 1343
f 906 898 829
f 905 906 1353
f 865 1356 1355
f 1355 1353 829
f 1357 1355 825
f 1356 1354 1353
f 3834 1337 1338
f 866 1358 1356
f 1358 1359 1354
f 3828 878 1337
f 838 1362 1012
f 1363 1364 1338
f 1368 1363 1339
f 1348 1368 1340
f 1371 1369 3824
f 524 525 526
f 528 529 530
f 1372 1370 1369
f 535 536 537
f 1367 1368 1348
f 1370 1354 1359
f 1369 1359 3833
f 1373 910 903
f 555 556 557
f 1374 909 910
f 1373 904 905
f 1374 1373 1375
f 1375 905 1354
f 1378 920 908
f 376 373 651
f 1388 928 973
f 586 587 588
f 1390 1389 1388
f 1391 1388 969
f 597 598 599
f 600 601 602
f 1392 1391 970
f 608 609 610
f 612 524 523
f 614 615 616
f 617 618 25
f 620 621 622
f 1397 1390 1391
f 1398 1397 1392
f 1400 987 920
f 1402 1403 1165
f 636 637 638
f 930 1404 1402
f 641 642 643
f 929 1402 1169
f 1404 1405 1403
f 1411 1366 1365
f 1412 1406 1415
f 652 653 654
f 609 656 657
f 659 660 661
f 558 663 586
f 665 666 667
f 1413 1411 1406
f 1418 1416 3810
f 1417 1372 1371
f 1416 1371 3829
f 1419 1417 1416
f 1386 909 1374
f 677 678 679
f 1385 1386 1420
f 1420 1374 1376
f 685 686 687
f 1421 1420 1422
f 528 690 691
f 1422 1376 1372
f 1018 1019 747
f 699 700 701
f 1424 578 579
f 3663 1597 1767
f 700 699 711
f 1093 3746 3754
f 717 718 530
f 721 722 723
f 704 1650 3543
f 19 1429 1426
f 1429 1428 1427
f 1658 1659 3542
f 1439 1437 1434
f 1437 1436 1435
f 1426 1427 1433
f 1442 1431 1432
f 742 743 744
f 1432 1433 1441
f 751 752 753
f 1438 1434 1403
f 1446 1445 1444
f 1447 1448 1446
f 3860 1447 1443
f 1415 1367 1445
f 1414 1415 1446
f 2173 1683 469
f 777 778 779
f 780 781 782
f 1676 1693 1806
f 3859 1451 1349
f 789 790 791
f 745 792 793
f 652 794 795
f 1455 1458 1457
f 1454 1367 1350
f 610 691 802
f 3831 3816 698
f 1352 1044 1045
f 1015 1016 1459
f 811 812 813
f 2118 3815 3817
f 819 820 821
f 1466 1463 1194
f 1467 1468 1465
f 1182 1165 1468
f 832 812 833
f 835 836 837
f 1467 1466 1190
f 1469 1470 1444
f 840 700 712
f 1453 1470 1469
f 599 844 845
f 1226 1450 3849
f 851 852 853
f 855 744 856
f 858 859 860
f 861 862 863
f 1014 1226 3855
f 867 676 868
f 870 871 872
f 874 875 876
f 1310 1323 1471
f 1476 1433 1427
f 1461 1476 1475
f 887 888 889
f 788 791 892
f 894 895 896
f 1460 1475 1227
f 901 902 524
f 1465 1478 1477
f 1865 3503 3500
f 911 912 913
f 916 917 918
f 1850 3505 3507
f 921 922 895
f 1479 1435 1436
f 926 664 667
f 1481 562 563
f 269 1483 84
f 931 932 933
f 934 935 614
f 936 685 688
f 938 659 662
f 1484 270 122
f 941 942 835
f 320 321 509
f 1849 3510 3505
f 84 1483 1484
f 1487 1490 1488
f 1757 1758 3502
f 365 1492 1491
f 461 79 80
f 117 363 362
f 1494 540 541
f 926 601 957
f 1477 1441 1433
f 1709 1588 1585
f 119 117 1496
f 271 1497 504
f 511 517 189
f 345 1496 1492
f 57 344 299
f 1501 1499 268
f 267 268 1499
f 974 975 976
f 1678 1652 1693
f 3846 1682 1807
f 557 982 663
f 983 941 984
f 1443 1444 3849
f 421 1500 268
f 989 990 991
f 1490 1487 418
f 279 280 309
f 997 868 676
f 998 26 999
f 1504 418 38
f 1506 1508 1507
f 360 361 1508
f 1506 1486 207
f 939 1005 1006
f 270 1484 1483
f 66 63 546
f 1010 742 793
f 367 428 437
f 244 31 363
f 1670 3532 3534
f 209 206 1510
f 388 389 426
f 427 274 250
f 161 520 521
f 100 246 45
f 1025 1026 608
f 1029 1030 1031
f 939 662 1033
f 41 42 594
f 1036 780 783
f 702 701 1038
f 1040 1041 1042
f 362 32 369
f 187 1520 477
f 70 1487 539
f 1049 600 603
f 613 867 869
f 860 1050 1051
f 1005 1052 1053
f 753 1055 1056
f 1057 1058 1059
f 293 288 1522
f 288 212 1521
f 292 1522 1523
f 331 1507 1508
f 306 452 453
f 100 44 41
f 462 1524 78
f 330 331 1524
f 635 1067 1068
f 1485 1527 1526
f 206 1485 1528
f 1070 1071 1072
f 942 941 1073
f 916 933 1075
f 440 1529 1530
f 157 158 1514
f 1529 162 5
f 371 595 546
f 790 586 663
f 1077 858 857
f 1403 1434 1435
f 1080 1081 1082
f 531 520 1529
f 21 1083 1084
f 272 1532 1531
f 690 712 802
f 335 3571 3567
f 1090 1030 1029
f 1092 795 794
f 1533 396 137
f 661 660 1095
f 69 444 445
f 1099 1100 1101
f 38 39 1536
f 1104 1105 1106
f 852 1107 1108
f 1377 908 909
f 291 377 411
f 316 1536 516
f 539 1488 1533
f 1505 1536 316
f 1110 1111 1112
f 1539 1537 460
f 522 441 1537
f 834 837 1120
f 1122 1123 1124
f 612 1125 1041
f 935 793 615
f 276 278 130
f 1686 3549 3522
f 193 190 1541
f 231 521 1540
f 556 1037 982
f 365 253 85
f 190 532 318
f 1810 765 3574
f 3924 1867 3512
f 1132 983 985
f 208 101 102
f 1134 1033 662
f 1491 518 80
f 429 133 1542
f 1137 1138 915
f 172 436 428
f 1139 1140 1141
f 549 96 54
f 1517 1519 1518
f 834 1119 984
f 1543 513 286
f 1544 797 239
f 133 134 1544
f 506 361 257
f 420 327 328
f 1158 1159 1160
f 587 1104 1103
f 607 1161 1027
f 304 1546 1545
f 364 1491 77
f 69 70 198
f 700 840 1112
f 3877 626 3525
f 1166 719 657
f 1167 1168 858
f 1300 3523 3524
f 1172 1173 1174
f 218 203 200
f 1179 1180 1181
f 372 183 97
f 89 104 227
f 1186 1187 1188
f 172 173 1517
f 1482 84 81
f 1090 1192 1193
f 394 395 353
f 526 525 1198
f 1199 1200 1026
f 606 623 697
f 1204 1205 1206
f 1207 1208 523
f 1209 1210 867
f 914 913 685
f 1478 1436 1441
f 1029 1028 1161
f 1211 1212 1213
f 3858 1453 1451
f 844 1215 1216
f 423 193 273
f 1220 1221 1222
f 22 1223 1224
f 882 898 897
f 1519 1517 173
f 1189 1188 1232
f 349 350 550
f 1071 1235 1236
f 1237 1238 1239
f 1221 1186 1189
f 1510 1528 1512
f 939 1032 1241
f 1556 1530 5
f 1553 1554 394
f 404 1556 67
f 1247 1248 1249
f 142 199 238
f 1251 1067 635
f 850 1252 1253
f 1254 1167 1077
f 57 132 133
f 443 430 552
f 1187 1172 1175
f 1256 1070 831
f 432 405 382
f 741 748 747
f 434 350 351
f 349 432 383
f 251 124 1481
f 395 384 352
f 1518 1519 1550
f 1558 410 378
f 109 263 314
f 285 1514 1513
f 395 394 393
f 202 203 410
f 417 408 405
f 1246 1257 1258
f 3 1559 297
f 1259 1260 1261
f 403 404 347
f 955 954 953
f 462 50 51
f 1096 1095 687
f 429 147 60
f 896 1264 1265
f 1267 721 1268
f 423 424 327
f 37 179 180
f 20 23 1187
f 1256 1168 1071
f 1188 1175 1269
f 1236 1270 1271
f 1272 536 535
f 565 564 463
f 1273 792 745
f 876 1254 1255
f 316 33 164
f 437 1516 503
f 194 1494 1495
f 1275 1276 864
f 624 625 631
f 1277 1274 1137
f 569 568 567
f 1481 124 125
f 324 325 547
f 1279 1108 1107
f 1525 332 329
f 1281 1278 1137
f 171 168 1553
f 1488 73 396
f 1557 1561 1562
f 1282 856 1206
f 1053 1277 1278
f 778 777 607
f 713 583 3566
f 251 225 144
f 4 357 348
f 709 708 707
f 728 48 45
f 261 135 1563
f 789 1286 1287
f 74 314 263
f 403 284 385
f 1178 1181 1240
f 1223 1259 1289
f 1220 20 1186
f 296 1518 354
f 784 459 1538
f 1181 1180 1291
f 1269 1292 1257
f 1566 1538 438
f 136 784 1566
f 1563 1564 169
f 107 114 109
f 1297 1282 1298
f 1464 1477 1476
f 1520 187 507
f 1301 1302 1303
f 1306 1307 1308
f 175 456 1532
f 1532 456 200
f 1311 1266 1312
f 872 1314 1315
f 3836 843 878
f 1305 1308 864
f 1040 1275 863
f 1564 1566 399
f 592 1576 1575
f 591 1575 1088
f 1581 1584 1583
f 1196 1152 1147
f 710 582 583
f 285 407 408
f 953 954 961
f 1594 1592 1589
f 1585 1588 1587
f 1592 1591 1590
f 3885 945 944
f 1600 1599 1598
f 1604 1603 1602
f 1399 1392 979
f 1589 1590 1596
f 1610 1609 1608
f 298 257 361
f 551 552 276
f 1627 1626 3814
f 859 811 818
f 1078 857 1328
f 1555 439 1530
f 572 573 680
f 772 465 776
f 977 1281 918
f 404 403 392
f 1054 1331 750
f 1644 1645 1643
f 932 1265 1082
f 1067 1333 1334
f 1540 1539 264
f 597 1335 643
f 471 761 762
f 1642 696 3831
f 1644 1642 3842
f 923 946 950
f 96 549 548
f 520 531 522
f 445 444 443
f 849 839 848
f 480 759 755
f 1646 760 481
f 311 426 1567
f 464 463 3497
f 3497 1360 1361
f 234 237 236
f 190 193 192
f 153 154 152
f 231 287 286
f 1552 1553 1551
f 760 1646 1648
f 3832 1647 1649
f 828 827 826
f 52 167 166
f 1663 1662 1661
f 287 107 115
f 668 671 670
f 634 645 640
f 553 560 559
f 118 36 33
f 492 484 491
f 3552 1652 1651
f 582 589 584
f 384 395 392
f 1381 1382 1383
f 1562 1561 435
f 952 953 951
f 3529 3566 583
f 1660 1661 1667
f 1394 1395 1396
f 1660 1665 1664
f 1671 1670 1669
f 1624 1625 1673
f 1407 1408 1409
f 1677 1676 1675
f 1613 1679 1677
f 1679 1678 1676
f 1626 1681 3811
f 534 199 198
f 803 733 734
f 400 248 191
f 65 66 143
f 3526 1657 1656
f 402 159 157
f 629 628 627
f 461 477 49
f 758 757 495
f 796 787 786
f 406 407 1513
f 342 343 166
f 1694 1659 1658
f 1692 1687 1694
f 3557 1693 1652
f 3921 1704 1703
f 326 547 302
f 3916 3921 1702
f 3919 3918 1698
f 1699 1691 3927
f 1557 406 1560
f 1127 1116 1117
f 400 401 289
f 1706 1702 1707
f 1707 1702 1599
f 1709 1706 1708
f 1714 1712 1711
f 3919 3915 1709
f 1704 1711 1577
f 1716 1714 1713
f 1559 1562 1549
f 1722 1721 1720
f 1335 597 596
f 410 411 377
f 973 1170 1163
f 168 169 399
f 1571 682 1089
f 1572 681 682
f 749 646 647
f 1730 1724 1723
f 1594 1582 1729
f 1729 1723 1591
f 1384 1378 1377
f 1732 1731 1712
f 1724 1730 1731
f 1722 1724 1732
f 1721 1722 1733
f 1734 1733 1716
f 1735 1737 1736
f 1733 1732 1714
f 1663 1664 1741
f 1742 1665 1740
f 1738 1739 1737
f 1665 1660 1666
f 1665 1742 1744
f 1725 1726 1746
f 1591 1725 1745
f 1590 1745 1747
f 1745 1746 1748
f 1659 1688 3538
f 3287 1760 3545
f 1185 1177 1182
f 1664 1744 1749
f 1741 1749 1739
f 1746 1742 1743
f 1726 1744 1742
f 1115 924 1153
f 1654 3546 3575
f 1896 3562 3549
f 1720 1749 1744
f 1721 1739 1749
f 1750 1718 1701
f 1697 1736 1750
f 1151 1152 1063
f 1751 1752 1670
f 1695 1658 1752
f 961 962 986
f 1770 1769 1768
f 1766 1594 1593
f 1731 1759 1579
f 1579 1777 1774
f 3928 1772 1771
f 1764 1772 3928
f 1777 1776 1775
f 3762 3763 1699
f 1004 1127 1128
f 1774 1775 1771
f 987 1400 1399
f 1578 1774 1772
f 1783 1782 1781
f 1597 1598 1770
f 639 1878 3895
f 3928 3929 1769
f 1793 1792 1789
f 3929 3920 1798
f 3508 3516 3773
f 1802 1867 3924
f 1788 1790 1794
f 1793 1794 1795
f 3773 3772 1675
f 1584 1581 1783
f 1771 1797 3920
f 1801 1799 1798
f 1768 1769 1798
f 1775 1796 1797
f 508 514 515
f 1796 1803 1802
f 1800 1798 3920
f 1794 1805 1804
f 3532 1670 1752
f 485 1808 1807
f 3809 3844 1640
f 3837 3844 1810
f 485 482 1640
f 1690 1691 3770
f 487 488 1648
f 3839 1813 1816
f 3838 1811 1648
f 3839 1812 1811
f 1812 1809 487
f 1641 1809 767
f 465 466 755
f 767 1815 3823
f 3822 1816 3826
f 1809 1812 1815
f 3837 1653 1651
f 675 672 3541
f 1814 1649 1822
f 1821 1822 3821
f 1824 1822 1649
f 1827 1849 1850
f 1668 1669 1662
f 1779 1780 1848
f 1790 1827 1805
f 1833 1836 1853
f 3521 3506 693
f 1614 1615 1616
f 1852 1853 3498
f 1620 1621 1622
f 1855 1765 1574
f 1847 1852 3501
f 1766 1765 1855
f 1629 1630 1631
f 1633 1622 1634
f 1635 1636 1637
f 1848 1833 1852
f 1855 1861 1863
f 1803 1866 1867
f 1862 1863 1831
f 1782 1855 1862
f 3922 3924 1865
f 1873 1872 1870
f 1874 1869 799
f 2045 3878 3897
f 1219 1345 1295
f 1615 1614 1396
f 3884 3895 1877
f 645 3898 3786
f 1345 1219 1035
f 634 639 3884
f 15 1887 1327
f 3910 3895 1878
f 1894 604 605
f 3506 3551 627
f 3560 640 645
f 340 341 454
f 1897 194 195
f 1889 1882 1877
f 1901 94 129
f 196 749 754
f 1705 1704 3921
f 340 378 166
f 1570 1480 563
f 1904 1494 194
f 1781 1862 1832
f 1905 549 55
f 1000 994 995
f 986 919 920
f 1191 1185 1190
f 2094 2077 2075
f 1920 1921 1919
f 453 454 1912
f 1915 1919 1918
f 3882 2112 2106
f 1655 3575 3531
f 1916 1918 1926
f 704 3554 3561
f 278 1916 1925
f 3565 3564 1818
f 1097 949 1115
f 1927 1928 727
f 3578 3579 3654
f 1920 310 307
f 1929 307 48
f 503 504 1497
f 1902 1903 787
f 1816 1821 3820
f 1925 1926 1923
f 1535 1569 1568
f 254 252 258
f 1509 1497 366
f 119 86 35
f 219 288 293
f 141 46 47
f 542 205 244
f 1940 552 430
f 1779 1828 1827
f 1701 1710 3915
f 1661 3550 3515
f 270 53 754
f 197 1947 749
f 1727 1728 1212
f 53 54 232
f 1465 1468 1479
f 1284 3862 3854
f 1951 446 412
f 168 398 1554
f 1486 1485 206
f 506 77 78
f 994 1001 1007
f 951 953 963
f 1013 3859 3861
f 3826 3820 1820
f 1498 1909 1954
f 299 298 543
f 1754 1755 1756
f 1681 469 1683
f 1696 1694 1695
f 13 14 738
f 473 476 475
f 482 1641 768
f 204 62 30
f 1761 1762 820
f 611 1763 1125
f 1501 1503 1908
f 1074 1073 711
f 1960 1944 82
f 120 1956 1960
f 35 86 87
f 1773 1199 1025
f 1965 1545 1569
f 494 761 471
f 1966 1967 1969
f 446 1951 1971
f 174 368 125
f 1580 1579 1578
f 1785 1786 1787
f 1972 1546 304
f 1254 876 875
f 1973 341 342
f 321 1912 1973
f 1910 277 275
f 509 1973 514
f 1486 1507 1527
f 1974 1874 804
f 1977 1976 1974
f 1980 448 1966
f 379 1 2
f 1718 1715 1710
f 884 995 992
f 1680 1684 1678
f 902 990 525
f 344 255 256
f 135 138 137
f 448 446 1967
f 589 605 604
f 910 909 908
f 1981 1966 1968
f 1982 1981 1987
f 1988 1979 1987
f 1990 1988 1989
f 1991 1989 1993
f 322 321 320
f 992 828 830
f 1144 1076 1086
f 1995 1977 1978
f 1133 1129 1118
f 1997 1995 1994
f 870 1823 1335
f 805 806 1982
f 727 184 2000
f 1996 1994 1988
f 1994 1978 1979
f 1829 616 792
f 1830 1073 941
f 798 803 800
f 729 732 731
f 2011 2012 2023
f 1834 1835 846
f 402 283 284
f 2022 2023 2024
f 1838 718 989
f 810 955 952
f 1823 1839 1840
f 1430 1426 1432
f 1215 844 1841
f 1316 1208 873
f 2112 1401 1384
f 1842 1843 1844
f 1159 846 845
f 837 27 1846
f 1971 1951 2030
f 517 369 370
f 1471 2026 2027
f 3551 3525 626
f 2174 2175 770
f 935 934 1854
f 1613 1619 1611
f 1231 1228 1225
f 1856 1857 891
f 1300 1309 748
f 1150 1149 1858
f 1643 606 696
f 1215 1265 1264
f 1320 1860 902
f 1956 1943 1944
f 2031 668 669
f 2034 1325 1310
f 1879 1880 1656
f 40 245 242
f 1992 1993 2039
f 888 958 957
f 1882 1889 1996
f 1078 1138 1255
f 1871 912 1192
f 294 411 218
f 1323 2041 2026
f 123 1960 83
f 1324 2036 2041
f 384 358 359
f 1324 1325 2038
f 1883 1884 1885
f 287 1540 114
f 1096 1886 1134
f 915 1329 931
f 806 1980 1981
f 3533 3529 584
f 1425 2030 2042
f 1018 2042 1948
f 3562 1896 740
f 1948 2042 649
f 1881 1882 1990
f 1900 129 130
f 992 995 994
f 923 927 925
f 3878 2045 2047
f 1643 2048 625
f 2050 2052 2051
f 2045 1405 1404
f 3876 2047 945
f 1139 1080 1079
f 1037 1856 892
f 2055 2053 2057
f 1198 989 718
f 1619 2058 1612
f 2058 1605 1606
f 2059 2060 1607
f 2058 1619 1624
f 71 72 179
f 405 406 1557
f 322 1548 1972
f 2061 2052 2063
f 2066 2065 2067
f 2052 2061 2064
f 1609 1610 2066
f 1515 151 152
f 1009 827 993
f 1644 3843 3815
f 279 1915 1916
f 1285 3863 3862
f 1647 2066 1825
f 2056 2057 2067
f 319 320 1953
f 667 666 1913
f 2070 631 625
f 2052 2050 2055
f 2038 1654 1655
f 1606 1601 2073
f 1235 1917 1270
f 2072 2073 2075
f 2059 1606 2072
f 2074 2075 2077
f 1601 1602 2078
f 2049 2048 1643
f 1000 1004 1001
f 1089 943 684
f 1931 1286 1306
f 1462 1459 1021
f 1932 1933 1934
f 875 874 1846
f 1936 1051 1937
f 44 45 46
f 1534 1955 1956
f 1541 318 317
f 2081 2082 2084
f 146 1945 1959
f 1360 1941 1942
f 985 984 1032
f 1995 1997 1892
f 2079 2080 2082
f 2095 2096 2076
f 2081 2093 2078
f 2055 2050 2054
f 501 2096 2095
f 2097 2100 2099
f 2098 2099 2094
f 2140 2141 3893
f 2141 2046 3894
f 2051 2070 2048
f 592 2102 2101
f 2071 2064 2076
f 2102 2097 2098
f 593 2103 2102
f 1019 1895 746
f 1950 11 12
f 725 2071 2096
f 1385 2105 2104
f 1379 2104 2106
f 2107 2108 2100
f 3908 726 502
f 3896 502 499
f 940 1389 2109
f 928 929 1170
f 3868 590 684
f 1962 1963 1964
f 3878 680 573
f 2039 1993 1968
f 1389 1390 2110
f 1398 2111 2113
f 3757 3755 3753
f 3911 3883 2107
f 949 923 924
f 260 241 324
f 1390 1397 2113
f 2070 2051 2064
f 3867 3911 2103
f 2105 1385 1421
f 2114 1421 1423
f 3892 2114 2115
f 3908 2105 2114
f 554 2116 1902
f 972 1163 967
f 1765 1593 1573
f 1984 1985 1986
f 2053 2117 2069
f 3573 3556 724
f 1625 1677 1674
f 3881 3888 2119
f 3903 2115 2123
f 56 1954 1906
f 626 3877 3879
f 2001 2002 2003
f 3912 3841 2127
f 2006 2007 2008
f 2127 1413 1412
f 2014 2015 2016
f 2018 2019 2020
f 1495 1424 1947
f 1379 1377 1386
f 3814 3811 1680
f 2029 1885 1884
f 3902 2128 2120
f 629 3879 3914
f 682 683 943
f 724 1650 2121
f 1757 1819 3821
f 765 1810 3844
f 3851 714 715
f 706 707 3870
f 981 986 987
f 1457 1868 1656
f 2017 2016 2032
f 1458 1655 1868
f 1776 1777 1792
f 1959 1945 1946
f 3663 3715 3725
f 3913 3881 2122
f 1093 1089 689
f 966 965 968
f 3852 715 3881
f 2172 3577 2170
f 670 2138 2137
f 3761 787 1903
f 1429 19 28
f 964 963 978
f 3841 3813 1413
f 1473 1474 669
f 3834 3833 1359
f 2138 798 1870
f 1872 1473 2137
f 715 716 3888
f 1881 1991 1992
f 3843 3842 739
f 1837 1847 3513
f 253 58 59
f 1808 3837 3840
f 1647 3832 3818
f 3865 3866 671
f 2112 3882 3883
f 1405 2045 2044
f 3829 3824 1364
f 273 1541 391
f 576 632 3520
f 3875 3865 668
f 1430 1431 2140
f 2136 3850 3860
f 1430 2139 18
f 3893 3894 570
f 1442 1439 2046
f 1431 1442 2141
f 3869 3913 3850
f 3808 3823 1817
f 3866 3893 695
f 2142 2025 798
f 571 2143 2142
f 3819 3814 1618
f 2143 2022 2025
f 694 2142 2138
f 681 1572 2144
f 2144 2011 2022
f 328 210 457
f 1572 2010 2011
f 630 3892 3903
f 2085 2086 2087
f 2090 2091 2092
f 572 2144 2143
f 1875 1976 2153
f 1873 1875 2149
f 2103 2107 2097
f 2157 2043 2155
f 2128 1412 1414
f 3874 3871 589
f 3872 3870 628
f 2149 2153 2158
f 2159 2158 3905
f 698 3907 3902
f 3823 3847 3827
f 2158 2156 3874
f 1438 2044 2046
f 2035 2154 2160
f 2161 2160 3889
f 3871 3891 605
f 3873 17 18
f 370 29 61
f 649 1951 413
f 2153 2157 2156
f 1428 1429 1449
f 1490 76 73
f 3890 3905 710
f 2155 1891 3891
f 1456 1457 1880
f 2125 2088 2087
f 2160 2159 3890
f 300 1959 505
f 1064 1062 1046
f 2043 1892 1891
f 2129 2130 2004
f 2131 2132 2133
f 3848 3849 1450
f 1998 1975 804
f 3879 673 3864
f 474 492 490
f 1164 1165 1182
f 707 2162 3909
f 708 1472 2162
f 2162 2161 3886
f 548 549 1905
f 1145 1136 1114
f 705 2121 1650
f 2043 2157 1977
f 737 738 554
f 1034 1195 1191
f 458 1905 1907
f 195 196 232
f 2040 2039 1969
f 2145 2146 2147
f 2054 2050 2049
f 3832 1646 1639
f 9 12 11
f 252 364 506
f 472 478 479
f 1865 3924 3791
f 900 903 910
f 1941 2150 2151
f 1921 1928 1927
f 2163 1897 1898
f 271 156 153
f 1904 1326 12
f 282 263 264
f 1872 1873 2154
f 1326 1904 1897
f 628 692 693
f 1724 1722 1719
f 1549 1562 436
f 1582 1583 1730
f 1921 1920 1929
f 3563 3511 10
f 2152 2037 1950
f 475 772 774
f 769 2172 2171
f 2171 2165 476
f 476 773 772
f 1791 565 464
f 2166 2167 2168
f 595 371 372
f 483 1809 1641
f 762 2174 2173
f 771 483 484
f 486 487 1809
f 297 1549 1517
f 763 2175 2174
f 776 755 759
f 184 185 2176
f 412 447 303
f 2005 2176 185
f 3811 1681 1682
f 2164 2170 756
f 1472 2035 2161
f 950 951 964
f 2177 2178 2179
f 227 226 1510
f 2182 2183 2184
f 2186 2019 2018
f 1985 2182 2181
f 214 736 729
f 865 849 842
f 849 865 1357
f 559 3187 3188
f 16 13 737
f 560 553 498
f 3193 3196 3195
f 3200 3197 3198
f 3211 3214 3213
f 3215 3218 3217
f 2187 2188 2002
f 2169 2168 2189
f 2192 2086 2085
f 2193 2194 2195
f 2198 2199 2200
f 1998 1982 1979
f 3664 3665 3668
f 2116 1898 1903
f 1859 2006 2009
f 3904 2123 2126
f 1135 1148 1087
f 2201 2202 2015
f 1149 111 110
f 3221 3222 3218
f 2203 2204 2205
f 579 580 1895
f 1755 2207 2208
f 3891 3910 1893
f 1211 2151 2150
f 868 997 2210
f 944 945 930
f 2130 2129 2202
f 233 1903 1898
f 665 751 750
f 1167 1254 999
f 2211 2212 2213
f 2215 2216 2217
f 3867 593 590
f 2220 221 220
f 823 824 948
f 3225 3220 3227
f 266 204 455
f 3882 2108 2107
f 2221 2222 3519
f 2223 2224 2225
f 2207 2125 2124
f 673 674 3869
f 817 1000 996
f 2227 2228 2146
f 1947 1948 646
f 3900 2135 17
f 2229 1635 1638
f 1679 1613 1618
f 1637 2231 2232
f 2233 2234 1617
f 2231 2235 2236
f 1381 1638 2238
f 3586 2241 2242
f 1630 2234 2233
f 1681 1626 472
f 1408 1407 2243
f 3236 3239 3238
f 3232 3241 3240
f 1637 2230 2238
f 3237 3238 3233
f 1409 1408 1634
f 1380 1383 2247
f 1628 2248 2245
f 2249 1623 1622
f 1632 1634 1408
f 2248 1628 1631
f 2235 2231 1637
f 3245 3246 3199
f 631 2070 2071
f 515 167 52
f 782 781 2251
f 2253 2254 2255
f 397 281 459
f 1456 2039 2040
f 2040 2041 2036
f 1401 2112 2111
f 2041 2040 1970
f 1535 121 414
f 1586 1587 2080
f 2256 983 1132
f 1700 1699 3918
f 3815 1896 1686
f 1263 2256 1886
f 598 1841 844
f 2257 2258 2259
f 2258 2261 2262
f 2259 2262 2263
f 2260 2259 2216
f 1967 1971 1970
f 2212 1964 1963
f 922 921 2218
f 1312 1098 1101
f 1307 1306 1286
f 1548 1569 1546
f 2266 2267 2268
f 2265 2268 2270
f 2272 2265 2269
f 2273 2266 2265
f 2275 2276 2277
f 2278 2274 2277
f 2284 2285 3617
f 2287 2283 2286
f 2288 2289 2283
f 2290 2284 3639
f 2291 2292 2293
f 2295 2291 2294
f 2296 2297 2291
f 2297 2298 2292
f 2294 2293 2299
f 2279 2294 2300
f 2298 2301 2302
f 2292 2302 2303
f 2293 2303 2304
f 2304 2305 2306
f 2308 2309 2310
f 2302 2307 2310
f 2301 2311 2307
f 2312 2308 2307
f 2313 2314 2315
f 2318 2319 2320
f 3748 3771 2322
f 2324 2325 2273
f 2313 2324 2326
f 2328 2324 2313
f 2329 2325 2324
f 2331 2332 2333
f 2330 2333 2267
f 2325 2330 2266
f 2329 2331 2330
f 2333 2334 2335
f 2336 2334 2333
f 2338 2336 2332
f 2331 2339 2337
f 2329 2340 2339
f 2328 2341 2340
f 2316 2342 2341
f 2342 2316 2315
f 2344 2345 2346
f 2341 2344 2347
f 2342 2348 2344
f 2348 2349 2345
f 2350 2351 2352
f 2339 2350 2353
f 2340 2347 2350
f 2347 2346 2351
f 2337 2353 2354
f 2353 2352 2355
f 2356 2277 2276
f 2356 2357 2358
f 2356 2359 2296
f 2279 2277 2356
f 2360 2361 2270
f 2267 2335 2360
f 2362 2363 2364
f 2362 2365 2361
f 2366 2362 2358
f 2366 2367 2363
f 2357 2276 2368
f 2366 2368 2369
f 2276 2275 2370
f 2368 2370 2282
f 2372 2373 2374
f 2375 2376 2377
f 2378 2379 2380
f 2382 2378 2381
f 2384 2385 2378
f 2385 2386 2379
f 2388 2389 2390
f 2387 2390 2392
f 2393 2394 2387
f 2394 2395 2388
f 2186 2401 2402
f 2403 2404 2327
f 2272 2403 2326
f 2271 2405 2403
f 2405 2406 2404
f 2404 2407 2408
f 2409 2410 2411
f 2409 2412 2271
f 2413 2409 2269
f 2413 2414 2410
f 2417 2415 2416
f 2417 2418 2406
f 2412 2417 2405
f 2411 2415 2417
f 2406 2419 2407
f 3569 3520 632
f 2420 2398 2397
f 2420 2421 2423
f 2424 2420 2422
f 2424 2399 2398
f 2425 2391 2392
f 2421 2425 2426
f 2397 2396 2425
f 2396 2393 2391
f 2427 2314 2408
f 2430 2427 2428
f 2343 2315 2427
f 2432 2343 2430
f 2431 2430 2429
f 2435 2431 2433
f 2436 2432 2431
f 2428 2408 2407
f 2422 2437 2407
f 2438 2437 2422
f 2429 2428 2437
f 2440 2434 2433
f 2441 2439 2433
f 2442 2443 2439
f 2443 2444 2440
f 2445 2446 2444
f 2447 2445 2443
f 2383 2381 2445
f 2381 2380 2446
f 2448 2438 2423
f 2449 2448 2426
f 2441 2448 2449
f 2441 2429 2438
f 2449 2392 2390
f 2450 2390 2389
f 2447 2450 2451
f 2442 2449 2450
f 2451 2389 2453
f 2452 2453 2455
f 2382 2452 2454
f 2383 2451 2452
f 2456 2457 2373
f 2459 2460 2461
f 2463 2464 2465
f 2462 2465 2285
f 2466 2462 2284
f 2467 2463 2462
f 2461 2460 3703
f 2468 2469 2470
f 2472 2468 2471
f 2474 2461 3701
f 2475 2476 2477
f 2458 2455 2453
f 2479 2453 2389
f 2395 2480 2479
f 2480 2459 2458
f 2481 2482 2483
f 2484 113 2485
f 2471 2470 2464
f 2473 2471 2463
f 2487 2467 2466
f 2486 2466 2290
f 2490 2486 2488
f 2491 2487 2486
f 2492 2473 2467
f 2493 2492 2487
f 2494 2495 2492
f 2495 2472 2473
f 3690 2496 2474
f 3691 2497 2496
f 2498 2494 2493
f 2500 2498 2499
f 3700 3687 2498
f 3687 3691 2494
f 2306 2504 2278
f 2305 2505 2504
f 2504 2505 2507
f 2506 2507 2288
f 2274 2506 2508
f 2278 2504 2506
f 3633 3632 2489
f 3620 3633 2488
f 2507 2509 2289
f 2505 2510 2509
f 2508 2288 2287
f 2511 2287 2281
f 2370 2511 2280
f 2275 2508 2511
f 2512 2490 2489
f 2514 2512 2513
f 2517 2512 2514
f 2517 2491 2490
f 2499 2493 2491
f 2499 2517 2516
f 2510 2505 2519
f 2518 2519 2521
f 3616 2518 2520
f 3632 2510 2518
f 2522 2304 2303
f 2523 2522 2310
f 2305 2304 2522
f 2524 2522 2523
f 2519 2524 2525
f 2505 2305 2524
f 2308 2312 2527
f 2526 2527 2529
f 2531 2526 2528
f 2309 2308 2526
f 1214 2532 2151
f 2419 2406 2418
f 2533 2345 2349
f 2534 2533 2317
f 2535 2536 2533
f 2536 2346 2345
f 2537 2351 2346
f 2538 2537 2536
f 2539 2540 2537
f 2540 2352 2351
f 2312 2355 2541
f 2527 2541 2542
f 2543 2435 2434
f 2545 2543 2544
f 2319 2318 2543
f 2318 2436 2435
f 2514 2515 2548
f 2547 2548 2550
f 2552 2547 2549
f 2552 2516 2514
f 2520 2521 2554
f 2553 2554 2556
f 3590 2553 2555
f 3621 2520 2553
f 2523 2309 2531
f 2557 2531 2530
f 2525 2523 2557
f 2559 2557 2558
f 2554 2559 2560
f 2521 2525 2559
f 2561 2375 2007
f 2376 2562 2225
f 2564 2565 2566
f 2563 2566 338
f 2569 2563 2567
f 2570 2564 2563
f 2572 2573 2574
f 2571 2574 2576
f 2544 2571 2575
f 2544 2434 2572
f 2578 2570 2569
f 2579 2577 2569
f 2574 2577 2579
f 2573 2578 2577
f 2581 2582 2583
f 2584 2580 2583
f 3697 3675 2580
f 3676 2581 2580
f 2582 2516 2552
f 2583 2552 2551
f 2500 2501 2589
f 2590 2588 2589
f 3693 3695 2588
f 3695 3700 2500
f 2501 2516 2591
f 2592 2593 2594
f 2386 2385 2503
f 2596 2379 2386
f 2596 2374 2373
f 2599 2596 2597
f 2599 2380 2379
f 2600 2446 2380
f 2600 2599 2598
f 2603 2600 2601
f 2603 2444 2446
f 2604 2603 2602
f 2440 2604 2605
f 2444 2603 2604
f 2606 2582 2581
f 2606 2607 2590
f 2591 2516 2582
f 3676 2587 2456
f 3689 2456 2372
f 2478 2477 2608
f 2609 2610 2611
f 2564 2570 2613
f 2612 2613 2598
f 2457 2612 2597
f 2565 2564 2612
f 2614 2613 2570
f 2615 2614 2578
f 2602 2601 2614
f 2601 2598 2613
f 2572 2434 2605
f 2616 2605 2602
f 2573 2572 2616
f 1459 1016 1045
f 1265 1215 1079
f 1612 1608 1609
f 2067 2057 2069
f 1135 1109 1136
f 1938 1937 2618
f 95 548 458
f 2058 1607 1608
f 1454 1469 1445
f 655 2620 1048
f 722 1049 2621
f 1131 985 1033
f 562 1481 366
f 1723 1719 1725
f 1786 1123 1122
f 267 300 323
f 1325 2034 1654
f 1468 1165 1435
f 658 657 529
f 8 532 247
f 382 1557 1559
f 788 619 1307
f 940 930 929
f 911 2622 2623
f 2621 2620 655
f 2624 1857 2625
f 998 1846 27
f 635 638 2626
f 2627 641 644
f 2628 2627 1840
f 1200 1199 2627
f 1199 1773 641
f 1520 515 49
f 1452 1350 1349
f 2630 2631 1859
f 644 643 1335
f 1197 1198 717
f 2632 717 719
f 2628 2632 1166
f 2629 1197 2632
f 1762 2633 1050
f 1823 870 873
f 2634 2635 794
f 1042 794 2635
f 93 94 1901
f 2036 2038 1458
f 1527 332 1525
f 877 876 1274
f 134 409 797
f 1328 893 931
f 607 777 1091
f 1043 2635 2637
f 2636 2637 2639
f 1275 2636 2638
f 1275 1040 1043
f 1272 2624 2626
f 2640 2626 638
f 1110 2641 2640
f 536 1272 2640
f 1472 708 1474
f 2042 2030 1951
f 1058 1106 1105
f 2642 2623 2643
f 1192 2642 2644
f 912 2623 2642
f 3898 1657 3526
f 1049 1048 2620
f 616 1829 1885
f 1331 1913 666
f 990 989 1198
f 1911 1912 321
f 1298 1282 1205
f 76 1490 1504
f 1502 1500 421
f 610 609 658
f 1146 937 659
f 2646 911 914
f 1280 1239 1238
f 1453 1454 1452
f 835 942 1843
f 1271 1270 1173
f 1893 1878 1826
f 1050 2633 1937
f 2651 2652 814
f 1006 1053 1281
f 2653 1084 2654
f 1001 1004 1003
f 585 997 679
f 2624 1272 621
f 555 678 2028
f 1207 526 1197
f 1626 1627 478
f 426 389 419
f 1030 1193 1773
f 3898 645 634
f 534 1533 138
f 1125 1092 1042
f 333 228 88
f 569 1570 561
f 1489 2656 871
f 1857 2624 620
f 1673 1674 3770
f 622 861 864
f 619 788 891
f 261 544 545
f 393 1555 1556
f 2658 2659 2647
f 1075 2658 2657
f 1081 1080 2658
f 1080 1139 2659
f 2644 2643 1141
f 2660 1141 1140
f 642 2660 1336
f 1193 2644 2660
f 679 678 555
f 1503 1501 1500
f 1318 1317 1101
f 2661 2659 1139
f 2661 1142 2663
f 2662 2647 2659
f 2662 2663 2622
f 2664 2622 911
f 2648 2664 2646
f 2648 2647 2662
f 2083 2094 2093
f 1442 1440 1437
f 519 329 330
f 1885 2029 1209
f 799 800 805
f 1946 1943 1952
f 1302 1301 1253
f 566 2005 224
f 1389 940 928
f 683 682 681
f 836 835 1842
f 2665 1842 1845
f 2666 2665 1303
f 24 836 2665
f 831 1072 2650
f 1845 1844 1304
f 2010 2013 2012
f 1051 1936 2667
f 1522 1521 1511
f 531 440 441
f 1250 635 2625
f 2669 2625 1857
f 783 2669 1856
f 782 1250 2669
f 720 2670 2671
f 1055 1931 1930
f 1333 1067 1251
f 619 622 1308
f 652 655 2619
f 521 522 1539
f 1838 988 537
f 2672 537 536
f 1113 2672 2641
f 1113 527 1838
f 1016 1013 1351
f 3897 573 570
f 226 227 104
f 3564 3669 3827
f 1036 1037 1884
f 2674 1301 1304
f 2673 1304 1844
f 1334 2673 2675
f 1333 2674 2673
f 2676 702 1039
f 1843 2676 2675
f 942 1074 2676
f 1074 699 702
f 752 1057 1055
f 1200 1166 656
f 1120 1846 874
f 2677 874 877
f 1241 2677 1052
f 1119 1120 2677
f 1560 1513 151
f 1208 1316 611
f 215 735 736
f 1460 1459 1462
f 1208 1207 1839
f 854 856 1282
f 72 445 182
f 544 1563 1565
f 217 200 456
f 2047 1404 930
f 1204 2618 1937
f 913 777 686
f 840 527 1113
f 1531 729 730
f 2678 778 1283
f 601 667 1914
f 1537 1538 459
f 1819 1757 3509
f 991 1860 862
f 2679 711 1073
f 2680 1830 983
f 779 2680 2256
f 778 2678 2680
f 2678 2679 1830
f 180 542 245
f 1886 1132 1131
f 1138 1137 1274
f 1841 598 1140
f 75 313 314
f 193 423 420
f 2681 2682 1099
f 170 1567 1565
f 349 416 417
f 1121 1124 2684
f 547 797 409
f 123 122 121
f 2643 2663 1142
f 1542 1544 513
f 899 900 907
f 1210 677 676
f 791 663 982
f 24 27 837
f 893 896 932
f 1860 1320 863
f 535 538 862
f 1569 1548 1547
f 181 455 542
f 660 659 937
f 2013 567 568
f 887 890 2631
f 1524 1508 361
f 520 161 162
f 2653 855 854
f 1238 1237 2655
f 718 1838 527
f 1492 1493 518
f 792 616 615
f 599 846 1835
f 290 457 456
f 312 171 1552
f 1248 2687 1179
f 153 149 177
f 1240 1181 1222
f 1257 1292 1235
f 1291 1084 1083
f 1052 877 1277
f 743 742 2618
f 444 140 430
f 23 1224 1172
f 2687 2654 1180
f 102 103 409
f 1283 607 610
f 373 497 650
f 1180 2654 1084
f 855 2653 2655
f 1173 1270 1917
f 2689 850 853
f 2688 853 1108
f 2686 2688 1279
f 2687 2689 2688
f 2691 1302 1252
f 2690 1252 850
f 1248 2690 2689
f 1248 1247 2691
f 2692 617 24
f 2691 2692 2666
f 1247 1258 2692
f 1258 1168 617
f 394 1554 1555
f 2693 1260 1259
f 1072 1236 1262
f 1257 1071 1168
f 398 439 1555
f 871 1784 1314
f 1178 1232 1249
f 1224 1289 1173
f 1010 2617 2618
f 1175 1174 1292
f 2654 2687 2686
f 2694 1157 1216
f 71 418 1487
f 701 1112 1111
f 1072 1261 2649
f 1085 2695 22
f 895 2694 1264
f 1601 1606 1605
f 1259 1262 1271
f 21 20 1220
f 988 991 538
f 598 597 1336
f 1050 860 818
f 1298 2645 1761
f 1168 1167 618
f 858 1168 1256
f 39 242 516
f 2652 1761 819
f 313 316 315
f 2026 1970 1971
f 2656 1489 596
f 814 819 818
f 2696 2651 813
f 1260 2696 2649
f 2693 2697 2696
f 2697 1296 2651
f 381 355 390
f 3818 3819 1611
f 1475 1427 1428
f 1292 1174 1917
f 1551 353 354
f 1526 1525 1523
f 1593 1589 1595
f 1232 1269 1246
f 2695 2693 1223
f 2698 1297 1296
f 2698 2697 2693
f 2685 2698 2695
f 2685 854 1297
f 562 1497 271
f 2652 2651 1296
f 1365 1366 1364
f 1958 1946 1953
f 585 588 2210
f 1561 1560 1515
f 975 2648 1146
f 347 67 68
f 1038 1111 636
f 2700 781 780
f 2699 780 1036
f 2701 2699 1883
f 851 2700 2699
f 2674 1333 2251
f 2702 2251 781
f 1253 2702 2700
f 1301 2674 2702
f 1519 387 388
f 1273 1239 1280
f 2703 1280 1107
f 2701 2703 852
f 1829 1273 2703
f 91 260 326
f 1784 871 2656
f 2683 2684 2705
f 604 1894 3499
f 1669 3534 3548
f 2062 2063 2060
f 621 535 861
f 2023 731 732
f 686 779 1263
f 857 1051 2668
f 883 830 882
f 637 636 1111
f 2668 894 893
f 2667 921 894
f 1039 1038 1068
f 313 75 1504
f 1911 1972 305
f 1936 2706 1964
f 2707 2402 2401
f 2708 2707 2183
f 738 2163 2116
f 2349 2348 2432
f 2711 2712 2020
f 2400 2711 2019
f 2714 2715 2716
f 2717 2718 2719
f 2721 2722 2723
f 2726 2727 2728
f 2725 2728 2730
f 2731 2725 2729
f 2732 2726 2725
f 2734 2735 2736
f 2738 2739 2740
f 2737 2740 2741
f 2744 2745 2746
f 2745 2744 2748
f 2749 2750 2747
f 2753 2749 2751
f 2250 1380 2246
f 2754 1396 1614
f 3598 2754 2755
f 3608 2745 2747
f 1617 2756 2755
f 2242 2758 1620
f 2191 2085 2760
f 2761 2759 2760
f 3648 2759 2761
f 3623 2191 2759
f 3209 3248 3223
f 1395 1394 2236
f 1395 2235 1636
f 1616 1635 2229
f 1617 2234 2763
f 2756 2763 3628
f 2765 2763 2234
f 2766 2764 3628
f 3202 3199 3246
f 1516 437 435
f 2768 2769 3552
f 1495 541 578
f 2135 2136 28
f 3526 3540 2773
f 1690 1689 3926
f 2778 2779 2780
f 2777 2780 2781
f 2784 2778 2777
f 3555 3521 575
f 1494 1904 9
f 3529 2016 2015
f 451 61 505
f 2786 2787 2788
f 2779 2786 2785
f 2789 2752 2741
f 2790 2753 2752
f 2792 2793 2794
f 2793 2795 2796
f 2796 2797 2750
f 2794 2796 2749
f 2798 1393 1396
f 3591 2798 2754
f 2798 2799 2800
f 3591 3662 2799
f 2797 2796 2795
f 2791 2794 2753
f 216 233 232
f 3804 2806 2807
f 3805 2809 2804
f 2769 2810 3557
f 183 185 184
f 2811 2812 2775
f 2804 2811 2776
f 2809 2813 2811
f 2812 2811 2813
f 3805 2808 2816
f 3796 2818 2815
f 3798 3800 2820
f 3793 2823 2819
f 2824 2736 2735
f 2823 2825 2824
f 2825 2823 2826
f 3793 2822 2827
f 3796 2817 2826
f 2713 2716 2829
f 2828 2829 2831
f 2822 2821 2828
f 2821 2820 2713
f 2832 2827 2822
f 2833 2832 2830
f 2834 2835 2832
f 2835 2818 2827
f 2837 2838 2839
f 2836 2839 2841
f 2842 2836 2840
f 2843 2837 2836
f 2840 2841 2845
f 2718 2844 2845
f 2730 2728 2844
f 2727 2840 2844
f 2846 2845 2841
f 2829 2846 2847
f 2847 2841 2839
f 2848 2839 2838
f 2833 2848 2849
f 2831 2847 2848
f 2850 2814 2851
f 2853 2850 2852
f 2783 2777 2782
f 2785 2788 2853
f 2780 2785 2856
f 2857 2858 2855
f 2859 2857 2782
f 2861 2843 2842
f 2860 2842 2727
f 2862 2860 2726
f 2863 2861 2860
f 2861 2863 2858
f 2843 2861 2857
f 2856 2853 2854
f 2781 2856 2864
f 2837 2843 2859
f 2838 2837 2864
f 2852 2851 2834
f 2854 2852 2849
f 2865 2815 2818
f 2851 2865 2835
f 2813 2809 2815
f 2814 2813 2865
f 2866 2812 2814
f 2788 2866 2850
f 2866 2788 2787
f 2812 2866 2867
f 1892 1889 1890
f 2720 2719 2846
f 298 299 256
f 2872 2714 2713
f 3794 3800 2735
f 2729 2730 2874
f 2846 2716 2715
f 2876 2877 2878
f 2733 2875 2878
f 3806 3807 2879
f 3806 2880 2872
f 2882 2883 2884
f 2881 2884 2715
f 2880 2881 2714
f 2879 2882 2881
f 2885 2886 2887
f 2888 2889 2890
f 2885 2890 2892
f 2893 2886 2885
f 1942 2151 2532
f 2895 2892 2720
f 2884 2895 2870
f 2883 2896 2895
f 2896 2891 2892
f 2889 2874 2717
f 2890 2717 2720
f 2897 2893 2891
f 2898 2897 2896
f 2899 2898 2883
f 2900 2899 2882
f 3797 2900 2879
f 2876 2902 2901
f 2901 2902 2904
f 1785 2656 1835
f 2905 2906 2899
f 2907 2908 2897
f 3797 2901 2903
f 632 576 577
f 3532 3547 2867
f 434 385 550
f 2768 2770 3640
f 2910 2911 1623
f 2241 2912 2758
f 3640 2770 2913
f 1623 2911 2757
f 3587 2242 2757
f 2229 1381 1380
f 2765 1630 1629
f 2915 2914 1629
f 3642 3641 2914
f 3641 3622 2765
f 2919 2916 3642
f 2918 2915 2912
f 3614 2918 2241
f 3618 2919 3613
f 3541 2177 2180
f 3521 2002 2188
f 3705 3573 714
f 2925 2766 2917
f 2924 2917 2916
f 3610 2924 2919
f 3611 2925 2924
f 2926 2927 2766
f 3658 2926 2925
f 1715 1713 1705
f 785 497 498
f 1387 651 565
f 374 375 1899
f 3573 2203 2206
f 2929 2930 2886
f 2932 2933 2934
f 1905 1906 1908
f 2930 2935 2936
f 2938 2935 2930
f 1493 369 517
f 1603 1585 1586
f 2939 2938 2929
f 2940 2939 2908
f 3665 1707 1600
f 2886 2930 2937
f 2906 2907 2898
f 2908 2929 2893
f 2942 2934 2933
f 2941 2933 2937
f 3501 2941 2936
f 3498 2942 2941
f 2943 2944 2710
f 2943 2873 2874
f 2945 2943 2889
f 2946 2944 2943
f 2932 2945 2888
f 2931 2946 2945
f 727 1928 1929
f 2903 2904 2947
f 545 594 42
f 1480 1570 533
f 2907 2906 2949
f 2906 2905 2950
f 1558 452 215
f 3799 2903 2948
f 2054 1645 1644
f 3705 3684 2203
f 1828 1837 1849
f 2953 2954 2955
f 2952 2955 2957
f 2956 2261 2258
f 2953 2952 2258
f 2454 2455 2474
f 3747 2958 2959
f 3747 2132 2131
f 2961 2962 2963
f 2958 2963 2964
f 222 221 2485
f 2477 2226 2966
f 2631 2561 2006
f 2384 2454 2496
f 2967 2968 2959
f 2968 2967 2970
f 3759 2033 2971
f 3784 2971 2960
f 2972 2971 2033
f 2007 2377 2973
f 3560 3559 2134
f 1836 1833 1832
f 3506 2188 2090
f 955 810 959
f 672 675 674
f 633 710 713
f 2024 732 733
f 2025 2024 803
f 425 1552 1550
f 2975 2976 888
f 1319 1158 1157
f 1212 1935 2977
f 889 957 2228
f 1978 1974 1975
f 1138 1078 1329
f 751 665 2979
f 1619 1613 1625
f 2252 2255 1728
f 1157 1160 845
f 2706 1936 1938
f 2980 2255 2254
f 2982 2975 887
f 802 712 711
f 678 677 2029
f 527 840 690
f 1839 1207 2629
f 2983 2984 602
f 2983 1914 1913
f 2985 2983 1331
f 2986 2984 2983
f 2987 2637 2635
f 2985 2988 2639
f 2990 1319 1318
f 2991 2992 2993
f 2995 2991 2994
f 1106 1058 2991
f 1058 1057 2992
f 1415 1406 1365
f 1317 922 2217
f 1932 1728 2255
f 926 2998 2999
f 3001 2993 2992
f 3000 2992 1057
f 2999 3000 2978
f 2998 3001 3000
f 3002 2998 2209
f 3002 3003 2996
f 2993 3001 3002
f 1103 1106 2995
f 3004 2995 2996
f 2209 2210 3004
f 588 1103 3004
f 295 296 433
f 2638 2639 2988
f 3005 2988 1056
f 1305 3005 1930
f 1276 2638 3005
f 1987 1968 1993
f 2633 1762 1761
f 1423 1422 1417
f 3561 3517 739
f 2671 2670 2704
f 1473 1872 2035
f 922 1317 2694
f 1401 1400 1378
f 556 2028 1884
f 842 848 3825
f 1854 2706 2617
f 933 1082 1081
f 1440 1441 1436
f 529 657 719
f 1031 1025 1027
f 777 913 912
f 2645 1205 1204
f 441 438 1538
f 790 1287 587
f 2065 2066 1610
f 1860 991 990
f 60 106 87
f 1424 1017 1948
f 332 1527 1507
f 261 262 138
f 187 188 449
f 1719 1720 1726
f 1931 1055 1059
f 3006 1059 1105
f 1287 3006 1104
f 1286 1931 3006
f 3007 3008 3009
f 3009 3008 653
f 618 999 26
f 2029 677 1210
f 957 601 600
f 1049 2146 2228
f 2631 890 3011
f 890 889 2227
f 3011 2227 2145
f 2561 3011 3012
f 1026 656 609
f 2706 1854 1961
f 3013 2965 2485
f 2148 2147 1267
f 3015 1267 1266
f 2997 2264 1101
f 642 641 1773
f 186 477 461
f 1041 1040 1320
f 1121 3016 3017
f 2984 2986 2987
f 3018 2987 2634
f 1048 603 3018
f 603 602 2984
f 2679 2678 801
f 2062 2072 2074
f 2061 2074 2076
f 414 303 1545
f 3016 1121 2683
f 3019 2683 2704
f 3020 3019 2670
f 3007 3016 3019
f 1871 1090 1091
f 3021 1787 1122
f 3022 3021 3017
f 1314 3021 3022
f 1784 1787 3021
f 1316 1315 1763
f 3023 3022 3010
f 3023 3009 795
f 1763 3023 1092
f 1315 3022 3023
f 3016 3007 3010
f 752 751 2978
f 2986 2639 2637
f 3024 654 653
f 3020 3024 3008
f 720 723 3024
f 723 2621 654
f 2681 1098 1268
f 2671 3025 1268
f 2705 2681 3025
f 1313 3026 3027
f 3026 3028 3029
f 3027 3029 3030
f 1311 3027 3031
f 2012 568 731
f 917 2657 974
f 743 1206 856
f 1888 2027 2030
f 2682 2705 2684
f 3032 2684 1124
f 1100 3032 2989
f 1099 2682 3032
f 1123 2990 2989
f 3033 1834 1159
f 2990 3033 1158
f 1123 1786 3033
f 1786 1785 1834
f 1054 1056 2988
f 2979 665 664
f 2623 2622 2663
f 1095 660 688
f 3034 3035 2261
f 3036 3034 2956
f 3037 3038 3034
f 3038 3039 3035
f 3040 3041 3026
f 2263 3042 3041
f 3042 3039 3043
f 3041 3043 3028
f 3044 3045 3043
f 3046 3047 3045
f 3047 3048 3049
f 3043 3045 3049
f 3038 3037 3051
f 3050 3051 3053
f 3052 3046 3044
f 3039 3038 3050
f 3054 3035 3039
f 3042 2263 2262
f 2261 3035 3054
f 2216 2263 2997
f 2212 2211 2667
f 3056 868 2209
f 934 3057 1961
f 2013 3755 3757
f 3058 3059 3060
f 3059 3062 3063
f 3060 3063 2213
f 3061 3060 1963
f 3063 3064 2214
f 3062 3065 3064
f 3065 2257 2260
f 3064 2260 2215
f 3066 3067 3031
f 2608 2966 3067
f 2966 2562 3068
f 3031 3067 3068
f 2455 2458 2461
f 2476 2223 2226
f 3551 2090 2089
f 3526 2774 3769
f 433 354 355
f 2115 1423 1419
f 3509 2868 2922
f 3769 3737 2131
f 3069 2611 2167
f 2971 2972 2928
f 2961 2774 2773
f 3070 2475 2478
f 2610 2609 3071
f 2502 2371 2374
f 3072 2592 2595
f 2964 3046 3052
f 3048 2593 3074
f 2593 2592 3075
f 3075 3030 3029
f 3074 3029 3028
f 3072 3076 3075
f 3076 3072 2482
f 2481 2608 3066
f 3076 3066 3030
f 2967 3052 3053
f 2482 3072 3073
f 479 480 493
f 706 3900 3873
f 3561 2194 2221
f 2013 2010 3754
f 3533 2032 2016
f 3562 3519 2222
f 1171 1154 1155
f 2586 2566 2565
f 2982 110 113
f 2562 2376 3077
f 2376 2375 3012
f 3012 2145 2148
f 3077 2148 3015
f 2963 3047 3046
f 3051 3078 2970
f 1683 2173 491
f 3850 2122 1447
f 1986 2181 3734
f 3079 3080 2546
f 3081 3079 2575
f 1983 1986 3768
f 3082 2323 2319
f 3080 3082 2545
f 3734 3732 3082
f 3732 3748 2323
f 1309 1471 1888
f 3073 2595 2772
f 2760 3083 3084
f 2760 2085 2088
f 3085 3084 3086
f 3089 3085 3090
f 3089 2762 3084
f 3092 3088 3090
f 3093 2748 2744
f 2751 2747 2748
f 3093 2741 2752
f 2742 2741 3093
f 3094 3093 2743
f 3096 3097 3098
f 3099 3096 3087
f 3097 3094 3095
f 3100 2743 2746
f 3101 2927 3102
f 2764 2766 2927
f 2745 2764 3101
f 3102 3092 3091
f 3100 3091 3095
f 2869 2802 3592
f 3102 3103 3104
f 3658 2868 2869
f 2927 2926 3103
f 3098 3095 3091
f 3087 3098 3090
f 2088 2125 3105
f 3083 3105 3086
f 2483 3073 2771
f 2401 2186 2185
f 3099 3086 3105
f 2125 2207 3106
f 3108 2737 2742
f 3107 2742 3094
f 3110 3108 3107
f 3109 3107 3097
f 3111 3109 3096
f 3112 3110 3109
f 3113 2738 2737
f 3115 2723 2722
f 3117 3115 3114
f 3119 3117 3116
f 3118 3116 3120
f 3116 3114 3113
f 3122 3112 3111
f 3122 3123 1755
f 3124 3125 3126
f 3125 3118 3121
f 3128 3119 3118
f 3129 3128 3125
f 2020 2712 3128
f 3853 3857 1346
f 1065 1046 1047
f 1814 3838 3830
f 2021 2020 3129
f 3111 3099 3106
f 3123 3106 2207
f 2377 2225 2224
f 3014 2485 113
f 1756 2208 3782
f 3131 3132 2530
f 3133 3131 2528
f 1753 1756 3767
f 3134 3124 3127
f 2327 2408 2314
f 2436 2318 2317
f 2018 2021 3711
f 2534 3136 3137
f 2320 2322 3136
f 2185 2018 3712
f 3138 3139 2542
f 3134 3135 3744
f 3785 3130 3134
f 3140 3138 2539
f 2535 3137 3140
f 3711 2021 3130
f 2558 2530 3132
f 3782 3760 3141
f 2560 2558 3141
f 3760 3777 3142
f 958 888 2976
f 1933 1932 2980
f 2399 2424 2418
f 2348 2342 2343
f 2322 2320 2319
f 2718 2717 2874
f 2709 2729 2873
f 2894 2871 1361
f 346 289 176
f 1876 1877 1882
f 2802 2803 3607
f 3104 3144 3088
f 2974 2222 3649
f 3089 3145 2761
f 3088 3144 3145
f 2803 2974 3603
f 3870 3909 692
f 2123 1419 1418
f 1365 1363 1368
f 1581 1766 1782
f 3569 2202 2129
f 3555 2003 2002
f 3146 2585 2551
f 3751 3146 3147
f 3742 3149 3146
f 3149 2584 2585
f 3196 3198 3197
f 3604 2192 2191
f 3142 3150 2556
f 3777 3778 3150
f 3646 3152 2550
f 3150 3151 2555
f 3778 3780 3151
f 3788 3781 3152
f 3153 3147 2551
f 3152 3153 2549
f 3781 3776 3153
f 3776 3750 3147
f 3148 2767 2206
f 2183 2401 2321
f 2132 2960 2928
f 3684 3685 2204
f 3719 2198 2197
f 2594 2962 2773
f 2595 2594 2951
f 1870 798 799
f 3713 2179 2178
f 3706 2178 3736
f 336 3154 3774
f 339 3155 3154
f 3789 3683 3149
f 3683 3697 2584
f 2963 2962 3048
f 3722 3730 337
f 339 338 2566
f 3156 3157 2168
f 2610 3156 2167
f 2954 2953 3156
f 3157 3156 2953
f 3707 2166 2169
f 2567 3158 3159
f 337 3158 2567
f 3730 3069 2166
f 3764 2190 1983
f 2579 3160 3081
f 2568 3159 3160
f 3709 2169 2190
f 3065 3062 3162
f 3161 3162 1984
f 3157 3161 2189
f 2257 3065 3161
f 734 735 1922
f 3059 3058 2708
f 3163 2708 2182
f 3162 3163 1985
f 3062 3059 3163
f 3203 3206 3205
f 2122 2119 1448
f 3817 1686 1685
f 139 140 444
f 1570 569 566
f 2957 3164 3165
f 2955 3166 3164
f 1912 454 341
f 3130 3129 3124
f 1548 322 319
f 1949 1950 1327
f 2969 2970 3078
f 3167 3078 3169
f 3724 2014 2017
f 3720 2017 2033
f 3168 3169 3165
f 3170 3165 3164
f 3779 3170 3171
f 3724 3168 3170
f 3171 3164 3166
f 3172 3166 3071
f 3752 3172 3173
f 3756 3171 3172
f 3169 3037 3036
f 2593 3048 2962
f 3173 3071 2609
f 3174 2609 2199
f 3783 3174 2198
f 3749 3173 3174
f 2190 2189 1984
f 2196 2195 2767
f 2119 2120 1414
f 1464 1463 1466
f 2199 2611 3069
f 2457 2456 2587
f 2226 2225 2562
f 481 478 1627
f 333 1512 235
f 3078 3051 3037
f 3040 2264 2997
f 2219 1934 1933
f 2385 2384 2497
f 221 2220 3175
f 2220 1933 3143
f 3175 3143 2976
f 2484 3175 2975
f 2954 3071 3166
f 2630 1858 110
f 1547 319 1952
f 2091 2090 2188
f 3733 3736 2178
f 1918 1919 1927
f 3563 112 111
f 955 956 960
f 2037 3014 112
f 3143 2980 2981
f 2218 2211 2214
f 672 3877 3787
f 2152 3013 3014
f 1147 1144 1143
f 2248 2246 1409
f 1615 1636 1635
f 1410 1409 2246
f 3241 3243 3242
f 1382 3176 3177
f 3177 1410 2247
f 2247 1383 3177
f 3176 2238 2230
f 1410 3177 3179
f 3179 3180 2243
f 1633 3181 2800
f 1621 1620 2758
f 1622 1621 2245
f 2236 1394 3181
f 2237 2236 3182
f 2250 1631 2233
f 2912 1629 1628
f 135 136 1564
f 1567 419 512
f 1085 1084 2653
f 3184 869 868
f 869 3184 3057
f 1266 1268 1098
f 1267 2147 722
f 937 1146 2646
f 2146 1049 722
f 2211 2218 921
f 1957 510 507
f 1313 1312 2264
f 1496 362 1493
f 2887 2937 2933
f 1687 1688 1659
f 145 1499 1498
f 37 38 418
f 1935 1934 3185
f 104 89 301
f 2101 2098 2083
f 543 298 360
f 1934 2219 3186
f 234 1521 212
f 3845 3821 1822
f 1976 1875 1874
f 223 3186 2219
f 3655 3656 3605
f 2165 2164 467
f 467 468 2165
f 773 476 2165
f 1935 1212 1728
f 3240 3225 3226
f 3261 3249 3250
f 3215 3216 3244
f 3265 3221 3215
f 3267 3245 3198
f 3205 3206 3269
f 3214 3211 3265
f 3271 3213 3214
f 3251 3252 3239
f 3222 3221 3266
f 3232 3235 3234
f 3216 3242 3243
f 3196 3193 3268
f 3244 3243 3254
f 3238 3239 3247
f 3264 3244 3255
f 3253 3242 3216
f 3211 3266 3221
f 3257 3217 3218
f 3258 3222 3272
f 3274 3275 3280
f 3228 3229 3262
f 3275 3231 3281
f 3226 3227 3273
f 3236 3263 3260
f 3281 3263 3236
f 3287 3271 3192
f 3235 3226 3280
f 3234 3280 3281
f 3288 3290 3259
f 3260 3250 3276
f 3289 3212 3278
f 3210 3209 3224
f 3199 3202 3201
f 3228 3231 3230
f 3290 3288 3285
f 3282 3279 3271
f 3260 3263 3262
f 3243 3241 3268
f 3267 3268 3241
f 3194 3207 3208
f 3191 3270 3269
f 3270 3191 3192
f 3275 3274 3230
f 3264 3269 3270
f 3252 3251 3276
f 3248 3252 3291
f 3213 3271 3279
f 3272 3266 3289
f 3277 3278 3212
f 3228 3263 3281
f 3220 3225 3253
f 3219 3253 3217
f 3256 3218 3222
f 3247 3239 3252
f 3245 3267 3232
f 3266 3211 3212
f 3208 3205 3255
f 3288 3289 3284
f 3204 3205 3208
f 560 1899 3187
f 3209 3210 3201
f 3189 3192 3191
f 448 1980 807
f 647 648 122
f 1833 1848 1780
f 510 509 508
f 3210 1949 1887
f 1887 15 3200
f 15 16 3197
f 16 3188 3195
f 3195 3188 3187
f 3194 3187 1899
f 3207 1899 375
f 387 173 126
f 3189 1791 1760
f 3577 763 757
f 763 3577 2172
f 3583 3582 3580
f 3581 3580 3579
f 3594 3597 3596
f 3400 3601 3602
f 3626 3624 3625
f 3631 3635 3599
f 3636 3637 3595
f 3647 3584 3588
f 3650 3582 3584
f 3653 3579 3580
f 3653 2176 3654
f 1801 1864 3656
f 3651 3580 3582
f 3644 3638 3595
f 1767 1768 3659
f 1597 3663 3661
f 1708 1707 3665
f 3671 3668 3667
f 3666 3667 3673
f 1588 1708 3664
f 2080 3671 3666
f 2082 3666 3672
f 3674 3677 3635
f 3677 3678 3636
f 3682 3647 3645
f 3692 3651 3650
f 3681 3645 3644
f 786 3694 3692
f 3694 3653 3651
f 785 3692 3686
f 497 3686 3682
f 650 3682 3681
f 3696 564 3681
f 3405 3606 3605
f 3702 3699 3678
f 3699 3698 3679
f 3645 3588 3638
f 1799 3657 3659
f 3708 3704 3458
f 3462 3710 3708
f 3714 463 564
f 3615 3606 3602
f 3710 3714 3696
f 3635 3636 3596
f 3629 3626 3627
f 3597 3600 3599
f 3630 3716 3715
f 3627 3625 3597
f 3717 3716 3723
f 3715 3663 3660
f 3716 3717 3725
f 3668 3665 3661
f 3668 3725 3717
f 3667 3717 3718
f 3727 3728 3673
f 3728 1576 3672
f 3726 3727 3718
f 1576 2101 2084
f 3727 3726 3731
f 3203 376 1387
f 3190 1387 1791
f 3283 2152 1949
f 317 240 259
f 2000 2176 3653
f 3601 3599 3600
f 3589 3588 3584
f 3577 758 756
f 3585 3584 3582
f 3678 3679 3637
f 3204 375 376
f 1801 3655 3657
f 3729 3735 3728
f 1575 3735 3738
f 3735 1575 1576
f 1776 1795 1796
f 1293 1294 1290
f 1326 14 1327
f 1294 1245 1234
f 878 1244 1330
f 497 373 374
f 122 648 413
f 3699 3702 3704
f 3606 3405 3401
f 3708 3710 3698
f 3464 3714 3710
f 3704 3674 3443
f 439 398 399
f 1512 1528 1526
f 1668 1741 1738
f 839 849 1362
f 1362 1357 826
f 3843 740 1896
f 2053 2054 2118
f 3888 3887 2120
f 696 697 3816
f 1826 1878 639
f 3740 3739 3729
f 956 885 886
f 1980 806 1922
f 33 34 105
f 1343 1344 3856
f 3907 2127 2128
f 1766 1581 1582
f 14 1326 2163
f 595 98 99
f 3233 3238 3246
f 1346 1035 1044
f 748 1888 1425
f 3193 3208 3254
f 3190 3191 3206
f 3612 3605 3606
f 3624 3612 3615
f 3631 3415 3443
f 3679 3680 3644
f 3686 3650 3647
f 3702 3677 3674
f 3625 3615 3600
f 3601 3400 3415
f 3739 3738 3735
f 3630 3627 3594
f 3741 3723 3716
f 1284 1290 1288
f 3698 3696 3680
f 1778 1781 1780
f 1792 1759 1584
f 695 570 571
f 3638 3741 3594
f 3741 3638 3588
f 3247 3248 3209
f 3292 3293 3294
f 3296 3297 3298
f 3299 3298 3300
f 3302 3303 3304
f 3306 3307 3308
f 3307 3310 3311
f 3303 3302 3301
f 3312 3305 3304
f 3314 3315 3316
f 3318 3319 3320
f 3324 3318 3321
f 3326 3327 3328
f 3329 3330 3331
f 3333 3334 3335
f 3337 3338 3339
f 3333 3336 3341
f 3342 3341 3343
f 3319 3345 3344
f 3338 3335 3334
f 3346 3301 3302
f 3305 3348 3347
f 3312 3224 3223
f 3350 3337 3340
f 3312 3349 3348
f 3352 3343 3341
f 3311 3353 3354
f 3341 3336 3327
f 3359 3360 3361
f 3360 3359 3250
f 3318 3363 3345
f 3364 3363 3318
f 3314 3364 3324
f 3366 3299 3301
f 3299 3366 3367
f 3308 3354 3368
f 3369 3317 3295
f 3317 3369 3364
f 3370 3295 3317
f 3325 3371 3365
f 3352 3320 3319
f 3296 3367 3353
f 3297 3296 3311
f 3363 3368 3354
f 3345 3354 3353
f 3344 3353 3367
f 3366 3333 3342
f 3347 3339 3334
f 3339 3347 3348
f 3348 3349 3351
f 3363 3364 3369
f 3294 3309 3368
f 3293 3306 3309
f 3331 3373 3374
f 3346 3334 3333
f 3323 3322 3352
f 3356 3355 3321
f 3355 3357 3325
f 3357 3358 3371
f 3322 3356 3320
f 3361 3330 3329
f 3373 3372 3375
f 3374 3375 3376
f 3329 3332 3376
f 3327 3375 3372
f 3336 3335 3375
f 3335 3338 3376
f 3376 3338 3337
f 3337 3350 3359
f 3359 3350 3276
f 3377 3292 3295
f 3277 3316 3315
f 3371 3378 3379
f 3378 3371 3358
f 3365 3379 3315
f 3316 3277 3279
f 3282 3377 3370
f 3313 3283 3224
f 3378 3285 3284
f 3380 3286 3285
f 3379 3284 3278
f 3276 3350 3351
f 3291 3351 3349
f 3313 3304 2965
f 2965 3304 3303
f 222 3303 3300
f 223 3300 3298
f 3298 3297 3185
f 3297 3310 2977
f 3310 3307 1213
f 3307 3306 1214
f 2532 1214 3306
f 2894 2532 3293
f 2871 2894 3292
f 3253 3225 3240
f 3283 3313 3013
f 1997 1996 1889
f 1237 745 744
f 1535 1534 120
f 1531 1532 201
f 1119 1241 1032
f 946 948 824
f 163 8 5
f 3589 3726 3723
f 1155 1156 1162
f 427 213 327
f 553 1902 796
f 3381 2232 2231
f 3381 3178 2230
f 2237 3183 3180
f 3383 3384 3385
f 3384 3386 3387
f 3386 3388 3389
f 3388 3390 3391
f 3392 3393 3394
f 3395 3394 3396
f 3398 3399 3397
f 3400 3401 3399
f 3403 3404 3405
f 3406 3407 3404
f 3408 3409 3407
f 3410 3411 3409
f 3412 3413 3411
f 3415 3400 3398
f 3414 3398 3396
f 3416 3396 3394
f 3417 3394 3393
f 3393 3419 3420
f 3419 3390 3421
f 3390 3388 3422
f 3388 3386 3423
f 3386 3384 3424
f 3384 3383 3425
f 3425 3383 3426
f 2904 3427 3428
f 3429 3427 2904
f 3430 3429 2902
f 2875 3431 3430
f 3432 3433 2733
f 2825 3434 3435
f 3437 3438 3439
f 3441 3437 3436
f 2724 2723 3434
f 3436 3439 3115
f 3440 3436 3117
f 3443 3415 3414
f 3442 3414 3416
f 3444 3416 3417
f 3445 3417 3418
f 3446 3418 3420
f 3420 3421 3448
f 3421 3422 3449
f 3422 3423 3450
f 3423 3424 3451
f 3424 3425 3452
f 3425 3184 3056
f 3451 3452 2253
f 3450 3451 2252
f 3449 3450 1727
f 3448 3449 2150
f 3453 3447 3448
f 3454 3446 3447
f 3455 3445 3446
f 3456 3444 3445
f 3442 3444 3456
f 3443 3442 3457
f 3459 3460 3458
f 3457 3456 3455
f 3459 3455 3454
f 3462 3460 3459
f 3461 3454 3453
f 3464 3462 3461
f 3463 3453 1941
f 3404 3399 3401
f 3407 3397 3399
f 3409 3395 3397
f 3411 3392 3395
f 3465 3466 3413
f 3467 3468 3469
f 3465 3412 3431
f 3470 3467 3466
f 3438 3470 3432
f 3467 3470 3438
f 3468 3467 3437
f 3471 3469 3468
f 3472 3468 3441
f 3473 3441 3440
f 2712 3440 3119
f 3475 3471 3472
f 3474 3472 3473
f 3476 3473 2712
f 3477 3476 2711
f 3478 3474 3476
f 3479 3475 3474
f 3392 3411 3413
f 3466 3469 3480
f 3419 3393 3392
f 3390 3419 3480
f 3469 3471 3391
f 3389 3391 3471
f 3387 3389 3475
f 3385 3387 3479
f 3482 3477 2400
f 3483 3478 3477
f 3481 3479 3478
f 3484 3482 2402
f 3058 3484 2707
f 3061 3485 3484
f 3485 3483 3482
f 3382 3385 3481
f 3486 3481 3483
f 3426 3383 3382
f 3487 3382 3486
f 3486 3485 3061
f 1961 3057 3487
f 3057 3184 3426
f 3428 3403 3402
f 3427 3406 3403
f 3429 3408 3406
f 3430 3410 3408
f 3431 3412 3410
f 3470 3465 3433
f 3434 3439 3438
f 2723 3115 3439
f 2875 2733 3433
f 2736 2824 3435
f 2947 3428 3488
f 3464 3463 1360
f 1900 1925 1924
f 1736 1717 1718
f 1955 1952 1943
f 1671 1738 1735
f 1696 1750 1698
f 1800 1865 1864
f 2063 2055 2056
f 1737 1734 1717
f 1751 1735 1697
f 943 3885 3899
f 3656 3488 3402
f 1577 1578 1764
f 3917 1598 1599
f 1945 146 82
f 68 6 7
f 147 1542 1543
f 1109 1135 1133
f 1503 1910 1907
f 1499 1501 1909
f 452 1922 735
f 1824 2068 3835
f 1825 2067 2068
f 1463 1462 1022
f 841 1012 1009
f 1568 1547 1955
f 1910 1503 1502
f 1939 1502 422
f 309 280 1940
f 1804 1851 1866
f 269 1482 1954
f 2065 1607 2060
f 3812 1685 1758
f 280 276 552
f 1875 1873 1869
f 1739 1721 1734
f 1778 1779 1790
f 310 1920 1915
f 1909 1908 1906
f 1789 1783 1778
f 978 981 980
f 1584 1759 1731
f 425 426 311
f 148 1543 115
f 2044 3897 3894
f 277 1910 1939
f 1943 1946 1945
f 1461 1462 1463
f 2253 3452 3056
f 2981 2254 3489
f 2209 2998 3489
f 2254 2253 3055
f 2998 926 958
f 2826 2817 2721
f 3490 2739 2721
f 2816 3491 3490
f 2334 2297 2296
f 2298 2297 2334
f 2301 2298 2336
f 2311 2301 2338
f 2312 2311 2354
f 2359 2358 2361
f 2335 2296 2359
f 2414 2413 2365
f 2413 2270 2361
f 2355 2352 2540
f 2541 2540 2539
f 2722 2721 2739
f 3114 2722 2738
f 3110 3112 3121
f 3108 3110 3120
f 3122 1754 3127
f 3112 3122 3126
f 3127 1754 1753
f 3139 3133 2529
f 3744 3775 3133
f 3490 2789 2740
f 3491 2790 2789
f 228 229 91
f 245 244 243
f 248 7 247
f 2 297 296
f 145 146 300
f 327 213 210
f 329 332 331
f 239 241 240
f 373 376 375
f 178 177 176
f 1218 1225 1228
f 3862 1231 1295
f 808 809 824
f 3858 3859 1013
f 3813 3810 1411
f 2154 2149 2159
f 3845 3835 1758
f 306 807 1922
f 2157 2153 1976
f 708 709 2031
f 1450 1226 1227
f 1672 1604 1605
f 1813 1814 1821
f 1717 1716 1715
f 176 159 402
f 1710 1705 3916
f 1712 1580 1577
f 1705 1713 1711
f 971 978 979
f 822 823 1094
f 2909 2810 2793
f 2810 2769 2795
f 2799 2910 2249
f 3662 3643 2910
f 2769 2768 2801
f 3177 3176 3178
f 3178 3381 3180
f 3181 1394 1393
f 3181 1633 1632
f 3182 1632 2244
f 3183 2244 2243
f 3492 2791 2790
f 2808 3492 3491
f 2239 3574 3572
f 1149 1150 3571
f 1150 2009 3567
f 2202 3569 3566
f 2921 3564 3565
f 3568 3560 2133
f 1777 1579 1759
f 1201 1196 1183
f 3561 3554 2195
f 3553 3576 2770
f 3927 3925 1687
f 1516 152 154
f 3549 3562 2974
f 3550 3548 2779
f 2771 2772 3575
f 3070 2771 3546
f 3547 3544 2775
f 1376 1375 1370
f 2767 3543 3556
f 2195 3554 3543
f 2775 3544 3542
f 3377 3282 3545
f 3804 3802 3539
f 2776 3542 3538
f 2240 3572 3535
f 2920 3535 3669
f 3548 3534 2786
f 1805 1850 1851
f 3534 3532 2787
f 2951 2773 3540
f 2772 2951 3531
f 2973 2224 3530
f 2224 2223 3537
f 1957 1953 320
f 306 305 304
f 2770 3576 3528
f 2913 3528 3574
f 2923 3565 3527
f 308 1940 431
f 207 208 132
f 1879 1876 1881
f 3733 3787 3525
f 2475 3070 3558
f 2476 2475 3524
f 2223 2476 3523
f 3522 3549 2803
f 2037 3563 11
f 1959 1958 450
f 2003 3555 3520
f 9 10 334
f 2009 2008 3518
f 2008 2973 3536
f 3877 672 673
f 3515 3550 2778
f 2935 3514 3513
f 111 1149 3570
f 3510 3514 2935
f 683 3876 3885
f 3508 3557 2810
f 736 733 732
f 1795 1804 1803
f 3505 3510 2938
f 3507 3505 2939
f 2950 3512 3504
f 2940 2949 3504
f 3801 3791 3512
f 2868 3509 3502
f 2869 3502 3522
f 1024 1034 1023
f 3500 3503 2948
f 551 1939 442
f 2972 3499 3568
f 2032 3533 3499
f 216 93 1924
f 203 202 201
f 1828 1848 1847
f 1958 1957 449
f 272 271 178
f 2871 3545 3495
f 3619 3669 3564
f 2801 2768 3643
f 2005 3758 3654
f 960 886 899
f 3657 3655 3612
f 3780 3788 3646
f 3151 3646 3593
f 2193 3604 3623
f 3607 3603 3145
f 3603 3649 2761
f 3592 3607 3144
f 2926 3658 3634
f 3634 3592 3104
f 3755 3754 3746
f 566 567 3758
f 3488 3656 1864
f 1602 1586 2079
f 2868 3658 3611
f 2922 3611 3610
f 2923 3610 3618
f 3670 3613 2918
f 3619 3670 3614
f 2921 3618 3670
f 2920 3614 3586
f 3613 3642 2915
f 2917 2766 3622
f 2916 2917 3641
f 2239 3587 3652
f 2911 3640 3652
f 3643 3640 2911
f 2797 2801 3662
f 2797 3591 3598
f 3622 3628 2763
f 3608 3628 2764
f 2194 3623 3648
f 2221 3648 3649
f 2756 3608 3609
f 2750 3598 3609
f 3669 3535 1817
f 3763 3770 1691
f 2515 3621 3590
f 2548 3590 3593
f 2513 2489 3632
f 2513 3616 3621
f 2509 3633 3620
f 2510 3632 3633
f 2289 3620 3639
f 2283 3639 3617
f 2240 3586 3587
f 3659 3657 3624
f 716 2121 3887
f 727 1999 3761
f 2165 2171 2170
f 3660 3659 3626
f 3743 3581 3578
f 2175 2172 769
f 2100 500 2095
f 3758 567 3757
f 640 3560 3568
f 1653 3576 3553
f 1895 3536 3530
f 746 3530 3537
f 1653 1810 3528
f 3762 1603 1604
f 2093 2075 2073
f 959 996 995
f 962 899 919
f 1400 1401 1398
f 1000 817 1127
f 956 959 884
f 1662 3548 3550
f 2034 3558 3546
f 3926 1689 3539
f 3535 3572 766
f 3572 3574 765
f 334 3570 3571
f 1868 3531 3540
f 1684 1651 1652
f 1682 1683 775
f 1585 1603 3762
f 3763 3762 1672
f 2173 2174 490
f 1658 3544 3547
f 3556 3543 1650
f 1571 3754 2010
f 1587 3664 3671
f 2099 2095 2077
f 787 3761 1999
f 2000 3694 786
f 3155 339 3697
f 3713 3155 3683
f 2180 2179 3685
f 3496 2180 3684
f 1684 3846 3840
f 1760 464 3495
f 2607 3689 3693
f 2581 3676 3689
f 2371 2502 3700
f 2371 3695 3693
f 2587 3676 3675
f 2586 3675 3697
f 2497 3691 3687
f 2502 2503 3687
f 2494 3691 3690
f 3690 3688 2472
f 3688 3701 2468
f 3701 3703 2469
f 726 3908 3892
f 581 3567 3518
f 10 3511 3570
f 1837 3514 3510
f 741 3537 3523
f 1299 3524 3558
f 1851 3507 3504
f 3527 3565 1820
f 580 3518 3536
f 1758 1685 3522
f 1693 3557 3508
f 3504 3512 1867
f 1894 1826 3568
f 2126 1418 3813
f 3906 2126 3841
f 2113 3911 3867
f 2179 3713 3789
f 624 3903 3904
f 2192 3604 3788
f 2177 3541 3787
f 1364 3824 3833
f 3858 3855 1470
f 3135 1753 3775
f 2069 3812 3835
f 1351 3861 3853
f 2108 3882 3901
f 2089 2092 3736
f 3828 3834 1358
f 2001 3749 3783
f 2187 3783 3719
f 2130 3756 3752
f 2004 3752 3749
f 2014 3724 3779
f 2201 3779 3756
f 3167 3720 3759
f 3168 3724 3720
f 3159 3709 3764
f 3160 3764 3765
f 3730 3707 3158
f 3158 3707 3709
f 2200 3069 3730
f 3685 3789 3742
f 3722 3774 2197
f 3790 3736 2092
f 3774 3790 3721
f 3154 3706 3790
f 3155 3713 3706
f 2091 3719 3721
f 2196 3148 3750
f 2193 2196 3776
f 3604 2193 3781
f 2086 2192 3780
f 2087 2086 3778
f 2204 3742 3751
f 2205 3751 3750
f 3909 3886 574
f 2124 2087 3777
f 2208 2124 3760
f 3711 3785 3140
f 3785 3745 3138
f 3745 3744 3139
f 3771 3712 3136
f 3712 3711 3137
f 3775 3767 3131
f 3767 3782 3132
f 1813 3839 3838
f 1293 3854 3856
f 2184 2321 3748
f 2181 2184 3732
f 3765 3768 3079
f 3768 3734 3080
f 709 3873 3875
f 2774 2961 3737
f 3786 3769 2134
f 3809 3808 766
f 2968 3784 3766
f 2969 3759 3784
f 2958 3747 3737
f 2132 3747 3766
f 2321 2185 3771
f 3860 3848 1449
f 3905 3874 582
f 3886 3889 577
f 3847 3826 1818
f 705 3902 3887
f 3816 3912 3907
f 2111 3883 3911
f 3810 3829 1366
f 1812 3839 3822
f 675 3851 3852
f 3496 3705 3851
f 2110 3867 3868
f 2104 3896 3901
f 2109 3868 3899
f 3842 3831 703
f 1680 3811 3846
f 1639 1627 3819
f 623 3904 3906
f 2139 2140 3866
f 1808 1640 3844
f 3820 3821 1819
f 3872 3914 3900
f 1646 3832 3830
f 3889 3890 633
f 2139 3865 3875
f 2156 2155 3871
f 674 3852 3913
f 2117 3817 3812
f 1815 3822 3847
f 3855 3849 1444
f 697 3906 3912
f 866 842 3836
f 3864 3869 2136
f 3585 3731 3726
f 3583 3740 3731
f 3753 3746 3738
f 3740 3583 3581
f 1088 3738 3746
f 3739 3740 3743
f 2791 3492 3493
f 3492 2808 2807
f 2792 3493 3494
f 3493 2807 2806
f 3508 2909 3494
f 3516 3494 2806
f 2948 3503 3791
f 2105 3908 3896
f 3538 3802 3804
f 680 3878 3876
f 1891 1890 3910
f 2905 3799 3801
f 2900 3797 3799
f 2901 3797 3807
f 2734 2878 3806
f 2877 3807 3806
f 2820 3800 3794
f 2818 3796 3792
f 2823 3793 3792
f 2822 3793 3798
f 2819 2735 3800
f 2817 3796 3795
f 2809 3805 3795
f 2808 3805 3803
f 2805 3804 3803
f 1702 3921 3923
f 3922 3920 1797
f 3915 3916 1706
f 3918 3927 1692
f 1657 3898 3880
f 1890 1877 3895
f 3772 3770 1674
f 1689 1690 3772
f 3926 3802 3538
f 3516 3539 1689
f 3917 3923 1703
f 1598 3917 3928
f 3880 3884 1876
f 1691 1690 3925
f 3925 3926 1688
f 3934 3933 3937
f 3934 3938 3939
f 3932 3936 3937
f 3938 3942 3943
f 3937 3936 3940
f 3937 3941 3942
f 3942 3946 3947
f 3941 3940 3944
f 3942 3941 3945
f 3947 3946 3950
f 3944 3948 3949
f 3945 3949 3950
f 3950 3954 3955
f 3949 3948 3952
f 3950 3949 3953
f 3955 3954 3958
f 3953 3952 3956
f 3953 3957 3958
f 3959 3958 3962
f 3957 3956 3960
f 3958 3957 3961
f 3962 3966 3967
f 3960 3964 3965
f 3961 3965 3966
f 3966 3970 3971
f 3965 3964 3968
f 3966 3965 3969
f 3970 3974 3975
f 3968 3972 3973
f 3969 3973 3974
f 3974 3978 3979
f 3973 3972 3976
f 3974 3973 3977
f 3979 3978 3982
f 3976 3980 3981
f 3977 3981 3982
f 3982 3986 3987
f 3981 3980 3984
f 3982 3981 3985
f 3987 3986 3990
f 3984 3988 3989
f 3985 3989 3990
f 3991 3990 3994
f 3989 3988 3992
f 3990 3989 3993
f 3995 3994 3998
f 3992 3996 3997
f 3993 3997 3998
f 3998 4002 4003
f 3997 3996 4000
f 3998 3997 4001
f 4002 4006 4007
f 4000 4004 4005
f 4001 4005 4006
f 4006 4010 4011
f 4005 4004 4008
f 4006 4005 4009
f 4011 4010 4014
f 4008 4012 4013
f 4009 4013 4014
f 4014 4018 4019
f 4013 4012 4016
f 4014 4013 4017
f 4019 4018 4022
f 4016 4020 4021
f 4017 4021 4022
f 4023 4022 4026
f 4021 4020 4024
f 4022 4021 4025
f 4027 4026 4030
f 4024 4028 4029
f 4025 4029 4030
f 4031 4030 4034
f 4029 4028 4032
f 4030 4029 4033
f 4034 4038 4039
f 4032 4036 4037
f 4033 4037 4038
f 4038 4042 4043
f 4037 4036 4040
f 4038 4037 4041
f 4043 4042 4046
f 4040 4044 4045
f 4041 4045 4046
f 4046 4050 4051
f 4045 4044 4048
f 4046 4045 4049
f 4051 4050 4055
f 4048 4053 4054
f 4049 4054 4055
f 4056 4055 4059
f 4053 4057 4058
f 4055 4054 4058
f 4060 4059 3934
f 4058 4057 3932
f 4058 3933 3934
f 4069 4068 4081
f 4066 4079 4080
f 4065 4064 4077
f 4063 4062 4075
f 4071 4084 4085
f 4069 4082 4083
f 4067 4080 4081
f 4066 4065 4078
f 4063 4076 4077
f 4061 4074 4075
f 4072 4085 4086
f 4071 4070 4083
f 4076 4089 4090
f 4074 4087 4088
f 4086 4085 4098
f 4083 4096 4097
f 4082 4081 4094
f 4079 4092 4093
f 4078 4077 4090
f 4076 4075 4088
f 4085 4084 4097
f 4082 4095 4096
f 4080 4093 4094
f 4079 4078 4091
f 4089 4102 4103
f 4088 4087 4100
f 4098 4111 4112
f 4096 4109 4110
f 4095 4094 4107
f 4092 4105 4106
f 4090 4103 4104
f 4089 4088 4101
f 4097 4110 4111
f 4095 4108 4109
f 4094 4093 4106
f 4092 4091 4104
f 4103 4102 4115
f 4100 4113 4114
f 4112 4111 4124
f 4110 4109 4122
f 4107 4120 4121
f 4105 4118 4119
f 4103 4116 4117
f 4101 4114 4115
f 4110 4123 4124
f 4109 4108 4121
f 4107 4106 4119
f 4105 4104 4117
f 4115 4128 4129
f 4114 4113 4126
f 4124 4137 4138
f 4123 4122 4135
f 4120 4133 4134
f 4119 4118 4131
f 4117 4116 4129
f 4114 4127 4128
f 4124 4123 4136
f 4122 4121 4134
f 4119 4132 4133
f 4117 4130 4131
f 4129 4128 4141
f 4126 4139 4140
f 4138 4137 4150
f 4136 4135 4148
f 4133 4146 4147
f 4131 4144 4145
f 4130 4129 4142
f 4127 4140 4141
f 4137 4136 4149
f 4135 4134 4147
f 4132 4145 4146
f 4131 4130 4143
f 4142 4141 4154
f 4140 4139 4152
f 4150 4163 4164
f 4149 4148 4161
f 4146 4159 4160
f 4144 4157 4158
f 4142 4155 4156
f 4140 4153 4154
f 4149 4162 4163
f 4148 4147 4160
f 4146 4145 4158
f 4144 4143 4156
f 4155 4154 4167
f 4153 4152 4165
f 4163 4176 4177
f 4161 4174 4175
f 4159 4172 4173
f 4158 4157 4170
f 4155 4168 4169
f 4153 4166 4167
f 4163 4162 4175
f 4161 4160 4173
f 4159 4158 4171
f 4156 4169 4170
f 4167 4180 4181
f 4165 4178 4179
f 4176 4189 4190
f 4175 4174 4187
f 4173 4172 4185
f 4170 4183 4184
f 4169 4168 4181
f 4167 4166 4179
f 4175 4188 4189
f 4173 4186 4187
f 4171 4184 4185
f 4170 4169 4182
f 4180 4193 4194
f 4178 4191 4192
f 4190 4189 4202
f 4187 4200 4201
f 4186 4185 4198
f 4183 4196 4197
f 4182 4181 4194
f 4180 4179 4192
f 4189 4188 4201
f 4186 4199 4200
f 4184 4197 4198
f 4183 4182 4195
f 4193 4206 4207
f 4192 4191 4204
f 4202 4215 4216
f 4200 4213 4214
f 4199 4198 4211
f 4196 4209 4210
f 4194 4207 4208
f 4193 4192 4205
f 4201 4214 4215
f 4199 4212 4213
f 4198 4197 4210
f 4196 4195 4208
f 4207 4206 4219
f 4204 4217 4218
f 4216 4215 4228
f 4213 4226 4227
f 4211 4224 4225
f 4209 4222 4223
f 4207 4220 4221
f 4205 4218 4219
f 4214 4227 4228
f 4213 4212 4225
f 4211 4210 4223
f 4209 4208 4221
f 4219 4232 4233
f 4218 4217 4230
f 4228 4241 4242
f 4226 4239 4240
f 4225 4224 4237
f 4223 4222 4235
f 4221 4220 4233
f 4218 4231 4232
f 4228 4227 4240
f 4226 4225 4238
f 4223 4236 4237
f 4221 4234 4235
f 4233 4232 4245
f 4230 4243 4244
f 4242 4241 4254
f 4240 4239 4252
f 4237 4250 4251
f 4235 4248 4249
f 4234 4233 4246
f 4231 4244 4245
f 4241 4240 4253
f 4239 4238 4251
f 4236 4249 4250
f 4235 4234 4247
f 4246 4245 4258
f 4244 4243 4256
f 4254 4267 4268
f 4253 4252 4265
f 4250 4263 4264
f 4248 4261 4262
f 4246 4259 4260
f 4244 4257 4258
f 4253 4266 4267
f 4252 4251 4264
f 4250 4249 4262
f 4248 4247 4260
f 4259 4258 4271
f 4257 4256 4269
f 4267 4280 4281
f 4265 4278 4279
f 4263 4276 4277
f 4262 4261 4274
f 4259 4272 4273
f 4257 4270 4271
f 4266 4279 4280
f 4265 4264 4277
f 4263 4262 4275
f 4260 4273 4274
f 4271 4284 4285
f 4269 4282 4283
f 4281 4280 4293
f 4279 4278 4291
f 4277 4276 4289
f 4274 4287 4288
f 4273 4272 4285
f 4271 4270 4283
f 4280 4279 4292
f 4277 4290 4291
f 4275 4288 4289
f 4274 4273 4286
f 4284 4297 4298
f 4282 4295 4296
f 4294 4293 4306
f 4291 4304 4305
f 4290 4289 4302
f 4287 4300 4301
f 4286 4285 4298
f 4284 4283 4296
f 4293 4292 4305
f 4290 4303 4304
f 4288 4301 4302
f 4287 4286 4299
f 4297 4310 4311
f 4296 4295 4308
f 4306 4319 4320
f 4304 4317 4318
f 4303 4302 4315
f 4300 4313 4314
f 4298 4311 4312
f 4297 4296 4309
f 4305 4318 4319
f 4304 4303 4316
f 4302 4301 4314
f 4300 4299 4312
f 4310 4323 4324
f 4308 4321 4322
f 4320 4319 4332
f 4318 4317 4330
f 4316 4315 4328
f 4313 4326 4327
f 4311 4324 4325
f 4310 4309 4322
f 4318 4331 4332
f 4316 4329 4330
f 4315 4314 4327
f 4312 4325 4326
f 4323 4336 4337
f 4322 4321 4334
f 4332 4345 4346
f 4330 4343 4344
f 4329 4328 4341
f 4327 4326 4339
f 4325 4324 4337
f 4322 4335 4336
f 4332 4331 4344
f 4330 4329 4342
f 4327 4340 4341
f 4325 4338 4339
f 4337 4336 4350
f 4334 4348 4349
f 4346 4345 4359
f 4344 4343 4357
f 4341 4355 4356
f 4340 4339 4353
f 4338 4337 4351
f 4335 4349 4350
f 4345 4344 4358
f 4343 4342 4356
f 4340 4354 4355
f 4338 4352 4353
f 4351 4350 4363
f 4349 4348 4361
f 4359 4372 4373
f 4358 4357 4370
f 4355 4368 4369
f 4354 4353 4366
f 4351 4364 4365
f 4349 4362 4363
f 4358 4371 4372
f 4357 4356 4369
f 4355 4354 4367
f 4352 4365 4366
f 4364 4363 4376
f 4362 4361 4374
f 4373 4372 4385
f 4370 4383 4384
f 4368 4381 4382
f 4367 4366 4379
f 4364 4377 4378
f 4362 4375 4376
f 4372 4371 4384
f 4370 4369 4382
f 4368 4367 4380
f 4365 4378 4379
f 4376 4389 4390
f 4374 4387 4388
f 4385 4398 4399
f 4384 4383 4396
f 4382 4381 4394
f 4379 4392 4393
f 4378 4377 4390
f 4376 4375 4388
f 4384 4397 4398
f 4382 4395 4396
f 4380 4393 4394
f 4379 4378 4391
f 4389 4402 4403
f 4387 4400 4401
f 4399 4398 4411
f 4396 4409 4410
f 4395 4394 4407
f 4393 4392 4405
f 4391 4390 4403
f 4389 4388 4401
f 4398 4397 4410
f 4395 4408 4409
f 4393 4406 4407
f 4391 4404 4405
f 4402 4415 4416
f 4401 4400 4413
f 4411 4424 4425
f 4409 4422 4423
f 4408 4407 4420
f 4406 4405 4418
f 4403 4416 4417
f 4402 4401 4414
f 4410 4423 4424
f 4408 4421 4422
f 4407 4406 4419
f 4404 4417 4418
f 4416 4415 4428
f 4413 4426 4427
f 4425 4424 4437
f 4423 4422 4435
f 4421 4420 4433
f 4418 4431 4432
f 4416 4429 4430
f 4415 4414 4427
f 4423 4436 4437
f 4421 4434 4435
f 4420 4419 4432
f 4418 4417 4430
f 4428 4441 4442
f 4426 4439 4440
f 4437 4450 4451
f 4435 4448 4449
f 4434 4433 4446
f 4432 4431 4444
f 4430 4429 4442
f 4427 4440 4441
f 4437 4436 4449
f 4435 4434 4447
f 4432 4445 4446
f 4430 4443 4444
f 4442 4441 4454
f 4439 4452 4453
f 4451 4450 4463
f 4449 4448 4461
f 4446 4459 4460
f 4444 4457 4458
f 4443 4442 4455
f 4440 4453 4454
f 4450 4449 4462
f 4447 4460 4461
f 4445 4458 4459
f 4444 4443 4456
f 4455 4454 4467
f 4453 4452 4465
f 4463 4476 4477
f 4462 4461 4474
f 4459 4472 4473
f 4457 4470 4471
f 4455 4468 4469
f 4453 4466 4467
f 4462 4475 4476
f 4461 4460 4473
f 4459 4458 4471
f 4457 4456 4469
f 4468 4467 4063
f 4466 4465 4061
f 4477 4476 4072
f 4474 4070 4071
f 4472 4068 4069
f 4471 4470 4066
f 4468 4064 4065
f 4466 4062 4063
f 4476 4475 4071
f 4474 4473 4069
f 4472 4471 4067
f 4469 4065 4066
f 3935 4061 4465
f 4465 4452 4056
f 4452 4439 4051
f 4439 4426 4047
f 4047 4426 4413
f 4043 4413 4400
f 4039 4400 4387
f 4387 4374 4031
f 4031 4374 4361
f 4361 4348 4023
f 4348 4334 4019
f 4334 4321 4015
f 4015 4321 4308
f 4011 4308 4295
f 4007 4295 4282
f 4282 4269 3999
f 3999 4269 4256
f 4256 4243 3991
f 4243 4230 3987
f 4230 4217 3983
f 3983 4217 4204
f 3979 4204 4191
f 3975 4191 4178
f 4178 4165 3967
f 3967 4165 4152
f 4152 4139 3959
f 4139 4126 3955
f 4126 4113 3951
f 3951 4113 4100
f 3947 4100 4087
f 3943 4087 4074
f 4074 4061 3935
f 4480 4479 4483
f 4480 4484 4485
f 4479 4478 4482
f 4484 4488 4489
f 4482 4486 4487
f 4483 4487 4488
f 4488 4492 4493
f 4487 4486 4490
f 4488 4487 4491
f 4493 4492 4496
f 4490 4494 4495
f 4491 4495 4496
f 4496 4500 4501
f 4495 4494 4498
f 4496 4495 4499
f 4501 4500 4504
f 4498 4502 4503
f 4499 4503 4504
f 4505 4504 4508
f 4503 4502 4506
f 4504 4503 4507
f 4509 4508 4512
f 4506 4510 4511
f 4507 4511 4512
f 4513 4512 4516
f 4511 4510 4514
f 4512 4511 4515
f 4516 4520 4521
f 4514 4518 4519
f 4515 4519 4520
f 4520 4524 4525
f 4518 4522 4523
f 4520 4519 4523
f 4525 4524 4528
f 4522 4526 4527
f 4523 4527 4528
f 4528 4532 4533
f 4527 4526 4530
f 4528 4527 4531
f 4533 4532 4536
f 4530 4534 4535
f 4531 4535 4536
f 4537 4536 4540
f 4534 4538 4539
f 4536 4535 4539
f 4541 4540 4544
f 4539 4538 4542
f 4539 4543 4544
f 4544 4548 4549
f 4542 4546 4547
f 4544 4543 4547
f 4548 4552 4553
f 4547 4546 4550
f 4547 4551 4552
f 4552 4556 4557
f 4551 4550 4554
f 4552 4551 4555
f 4557 4556 4560
f 4554 4558 4559
f 4555 4559 4560
f 4560 4564 4565
f 4559 4558 4562
f 4560 4559 4563
f 4565 4564 4568
f 4562 4566 4567
f 4563 4567 4568
f 4569 4568 4572
f 4567 4566 4570
f 4568 4567 4571
f 4572 4576 4577
f 4570 4574 4575
f 4571 4575 4576
f 4576 4580 4581
f 4575 4574 4578
f 4576 4575 4579
f 4580 4584 4585
f 4578 4582 4583
f 4579 4583 4584
f 4584 4588 4589
f 4583 4582 4586
f 4584 4583 4587
f 4589 4588 4592
f 4586 4590 4591
f 4587 4591 4592
f 4592 4596 4597
f 4591 4590 4594
f 4592 4591 4595
f 4597 4596 4601
f 4594 4599 4600
f 4595 4600 4601
f 4602 4601 4605
f 4600 4599 4603
f 4601 4600 4604
f 4606 4605 4480
f 4603 4478 4479
f 4604 4479 4480
f 4615 4614 4627
f 4612 4625 4626
f 4611 4610 4623
f 4609 4608 4621
f 4618 4617 4630
f 4615 4628 4629
f 4613 4626 4627
f 4612 4611 4624
f 4609 4622 4623
f 4607 4620 4621
f 4619 4618 4631
f 4617 4616 4629
f 4622 4635 4636
f 4620 4633 4634
f 4632 4631 4644
f 4629 4642 4643
f 4628 4627 4640
f 4626 4625 4638
f 4624 4623 4636
f 4622 4621 4634
f 4631 4630 4643
f 4628 4641 4642
f 4626 4639 4640
f 4624 4637 4638
f 4635 4648 4649
f 4634 4633 4646
f 4644 4657 4658
f 4642 4655 4656
f 4641 4640 4653
f 4639 4638 4651
f 4636 4649 4650
f 4635 4634 4647
f 4643 4656 4657
f 4642 4641 4654
f 4640 4639 4652
f 4637 4650 4651
f 4648 4661 4662
f 4646 4659 4660
f 4658 4657 4670
f 4656 4655 4668
f 4653 4666 4667
f 4651 4664 4665
f 4649 4662 4663
f 4648 4647 4660
f 4656 4669 4670
f 4654 4667 4668
f 4653 4652 4665
f 4651 4650 4663
f 4661 4674 4675
f 4660 4659 4672
f 4670 4683 4684
f 4668 4681 4682
f 4667 4666 4679
f 4665 4664 4677
f 4663 4662 4675
f 4661 4660 4673
f 4670 4669 4682
f 4667 4680 4681
f 4665 4678 4679
f 4663 4676 4677
f 4675 4674 4687
f 4672 4685 4686
f 4684 4683 4696
f 4682 4681 4694
f 4679 4692 4693
f 4678 4677 4690
f 4676 4675 4688
f 4673 4686 4687
f 4683 4682 4695
f 4681 4680 4693
f 4678 4691 4692
f 4676 4689 4690
f 4688 4687 4700
f 4686 4685 4698
f 4696 4709 4710
f 4695 4694 4707
f 4692 4705 4706
f 4691 4690 4703
f 4688 4701 4702
f 4686 4699 4700
f 4695 4708 4709
f 4694 4693 4706
f 4692 4691 4704
f 4689 4702 4703
f 4701 4700 4713
f 4699 4698 4711
f 4710 4709 4722
f 4707 4720 4721
f 4705 4718 4719
f 4704 4703 4716
f 4701 4714 4715
f 4699 4712 4713
f 4709 4708 4721
f 4707 4706 4719
f 4705 4704 4717
f 4702 4715 4716
f 4713 4726 4727
f 4711 4724 4725
f 4723 4722 4735
f 4721 4720 4733
f 4719 4718 4731
f 4716 4729 4730
f 4715 4714 4727
f 4713 4712 4725
f 4721 4734 4735
f 4719 4732 4733
f 4717 4730 4731
f 4716 4715 4728
f 4726 4739 4740
f 4724 4737 4738
f 4736 4735 4748
f 4733 4746 4747
f 4732 4731 4744
f 4730 4729 4742
f 4728 4727 4740
f 4726 4725 4738
f 4735 4734 4747
f 4732 4745 4746
f 4730 4743 4744
f 4728 4741 4742
f 4739 4752 4753
f 4738 4737 4750
f 4748 4761 4762
f 4746 4759 4760
f 4745 4744 4757
f 4743 4742 4755
f 4740 4753 4754
f 4739 4738 4751
f 4747 4760 4761
f 4745 4758 4759
f 4744 4743 4756
f 4741 4754 4755
f 4753 4752 4765
f 4750 4763 4764
f 4762 4761 4774
f 4759 4772 4773
f 4758 4757 4770
f 4755 4768 4769
f 4753 4766 4767
f 4752 4751 4764
f 4760 4773 4774
f 4758 4771 4772
f 4757 4756 4769
f 4755 4754 4767
f 4765 4778 4779
f 4764 4763 4776
f 4774 4787 4788
f 4772 4785 4786
f 4771 4770 4783
f 4769 4768 4781
f 4767 4766 4779
f 4765 4764 4777
f 4774 4773 4786
f 4771 4784 4785
f 4769 4782 4783
f 4767 4780 4781
f 4779 4778 4791
f 4776 4789 4790
f 4788 4787 4800
f 4786 4785 4798
f 4783 4796 4797
f 4782 4781 4794
f 4780 4779 4792
f 4777 4790 4791
f 4787 4786 4799
f 4785 4784 4797
f 4782 4795 4796
f 4780 4793 4794
f 4792 4791 4804
f 4790 4789 4802
f 4800 4813 4814
f 4799 4798 4811
f 4796 4809 4810
f 4795 4794 4807
f 4792 4805 4806
f 4790 4803 4804
f 4799 4812 4813
f 4798 4797 4810
f 4796 4795 4808
f 4793 4806 4807
f 4805 4804 4817
f 4803 4802 4815
f 4814 4813 4826
f 4811 4824 4825
f 4809 4822 4823
f 4808 4807 4820
f 4805 4818 4819
f 4803 4816 4817
f 4813 4812 4825
f 4811 4810 4823
f 4809 4808 4821
f 4806 4819 4820
f 4817 4830 4831
f 4815 4828 4829
f 4826 4839 4840
f 4825 4824 4837
f 4823 4822 4835
f 4820 4833 4834
f 4819 4818 4831
f 4817 4816 4829
f 4825 4838 4839
f 4823 4836 4837
f 4821 4834 4835
f 4820 4819 4832
f 4830 4843 4844
f 4828 4841 4842
f 4840 4839 4852
f 4837 4850 4851
f 4836 4835 4848
f 4834 4833 4846
f 4832 4831 4844
f 4830 4829 4842
f 4839 4838 4851
f 4836 4849 4850
f 4834 4847 4848
f 4832 4845 4846
f 4843 4856 4857
f 4842 4841 4854
f 4852 4865 4866
f 4850 4863 4864
f 4849 4848 4861
f 4847 4846 4859
f 4844 4857 4858
f 4843 4842 4855
f 4851 4864 4865
f 4849 4862 4863
f 4848 4847 4860
f 4845 4858 4859
f 4857 4856 4869
f 4855 4854 4867
f 4866 4865 4878
f 4864 4863 4876
f 4862 4861 4874
f 4859 4872 4873
f 4857 4870 4871
f 4856 4855 4868
f 4864 4877 4878
f 4862 4875 4876
f 4861 4860 4873
f 4859 4858 4871
f 4869 4882 4883
f 4868 4867 4880
f 4878 4891 4892
f 4877 4876 4889
f 4874 4887 4888
f 4873 4872 4885
f 4871 4870 4883
f 4868 4881 4882
f 4878 4877 4890
f 4876 4875 4888
f 4873 4886 4887
f 4871 4884 4885
f 4883 4882 4896
f 4880 4894 4895
f 4892 4891 4905
f 4890 4889 4903
f 4887 4901 4902
f 4885 4899 4900
f 4884 4883 4897
f 4881 4895 4896
f 4891 4890 4904
f 4889 4888 4902
f 4886 4900 4901
f 4885 4884 4898
f 4897 4896 4909
f 4895 4894 4907
f 4905 4918 4919
f 4904 4903 4916
f 4901 4914 4915
f 4899 4912 4913
f 4897 4910 4911
f 4895 4908 4909
f 4904 4917 4918
f 4903 4902 4915
f 4901 4900 4913
f 4899 4898 4911
f 4910 4909 4922
f 4908 4907 4920
f 4919 4918 4931
f 4916 4929 4930
f 4914 4927 4928
f 4913 4912 4925
f 4910 4923 4924
f 4908 4921 4922
f 4918 4917 4930
f 4916 4915 4928
f 4914 4913 4926
f 4911 4924 4925
f 4922 4935 4936
f 4920 4933 4934
f 4931 4944 4945
f 4930 4929 4942
f 4928 4927 4940
f 4925 4938 4939
f 4924 4923 4936
f 4922 4921 4934
f 4930 4943 4944
f 4928 4941 4942
f 4926 4939 4940
f 4925 4924 4937
f 4935 4948 4949
f 4933 4946 4947
f 4945 4944 4957
f 4942 4955 4956
f 4941 4940 4953
f 4938 4951 4952
f 4937 4936 4949
f 4935 4934 4947
f 4944 4943 4956
f 4941 4954 4955
f 4939 4952 4953
f 4938 4937 4950
f 4948 4961 4962
f 4947 4946 4959
f 4957 4970 4971
f 4955 4968 4969
f 4954 4953 4966
f 4951 4964 4965
f 4949 4962 4963
f 4948 4947 4960
f 4956 4969 4970
f 4954 4967 4968
f 4953 4952 4965
f 4951 4950 4963
f 4962 4961 4974
f 4959 4972 4973
f 4971 4970 4983
f 4968 4981 4982
f 4966 4979 4980
f 4964 4977 4978
f 4962 4975 4976
f 4960 4973 4974
f 4969 4982 4983
f 4967 4980 4981
f 4966 4965 4978
f 4964 4963 4976
f 4975 4974 4987
f 4973 4972 4985
f 4983 4996 4997
f 4981 4994 4995
f 4979 4992 4993
f 4978 4977 4990
f 4976 4975 4988
f 4973 4986 4987
f 4983 4982 4995
f 4981 4980 4993
f 4978 4991 4992
f 4976 4989 4990
f 4988 4987 5000
f 4985 4998 4999
f 4997 4996 5009
f 4995 4994 5007
f 4992 5005 5006
f 4991 4990 5003
f 4989 4988 5001
f 4986 4999 5000
f 4996 4995 5008
f 4994 4993 5006
f 4991 5004 5005
f 4989 5002 5003
f 5001 5000 5013
f 4999 4998 5011
f 5009 5022 5023
f 5008 5007 5020
f 5005 5018 5019
f 5004 5003 5016
f 5001 5014 5015
f 4999 5012 5013
f 5008 5021 5022
f 5007 5006 5019
f 5005 5004 5017
f 5002 5015 5016
f 5014 5013 4609
f 5012 5011 4607
f 5022 4618 4619
f 5020 4616 4617
f 5018 4614 4615
f 5017 5016 4612
f 5014 4610 4611
f 5012 4608 4609
f 5021 4617 4618
f 5020 5019 4615
f 5018 5017 4613
f 5015 4611 4612
f 4481 4607 5011
f 5011 4998 4602
f 4998 4985 4597
f 4985 4972 4593
f 4593 4972 4959
f 4589 4959 4946
f 4585 4946 4933
f 4933 4920 4577
f 4577 4920 4907
f 4907 4894 4569
f 4894 4880 4565
f 4880 4867 4561
f 4561 4867 4854
f 4557 4854 4841
f 4553 4841 4828
f 4828 4815 4545
f 4545 4815 4802
f 4802 4789 4537
f 4789 4776 4533
f 4776 4763 4529
f 4529 4763 4750
f 4525 4750 4737
f 4521 4737 4724
f 4724 4711 4513
f 4513 4711 4698
f 4698 4685 4505
f 4685 4672 4501
f 4672 4659 4497
f 4497 4659 4646
f 4493 4646 4633
f 4489 4633 4620
f 4620 4607 4481

