# https://github.com/mikedh/trimesh
v 0.06692366 -0.01120585 -0.05540822
v 0.07050361 -0.01222761 -0.05383883
v 0.07085353 -0.01063611 -0.05340882
v 0.06710663 -0.01011639 -0.05510932
v 0.07698474 -0.01054098 -0.06321935
v 0.07776099 -0.00681721 -0.05914182
v 0.07725147 -0.00443675 -0.05827779
v 0.07595419 -0.00432711 -0.06155372
v 0.02776360 -0.04866871 -0.11885764
v 0.01193981 -0.04849045 -0.12340806
v 0.01234426 -0.05991602 -0.12078494
v 0.02730902 -0.06292657 -0.11493276
v 0.05003935 -0.08739972 -0.09408382
v 0.04382695 -0.07926060 -0.10041343
v 0.04150537 -0.09150030 -0.10406053
v 0.05233038 -0.09570458 -0.09323885
v 0.04188048 0.05785261 0.04137407
v 0.04902497 0.05551542 0.03458241
v 0.04826656 0.05023861 0.03757327
v -0.06858321 -0.01040143 -0.05565348
v -0.07214437 -0.01140548 -0.05405607
v -0.07259484 -0.00995634 -0.05367691
v -0.06913390 -0.00948307 -0.05534950
v -0.07972439 -0.01003141 -0.06442624
v -0.08108869 -0.00644526 -0.06006648
v -0.07987742 -0.00402273 -0.05936275
v -0.07890943 -0.00388353 -0.06276491
v 0.04160100 0.05182555 0.04301732
v 0.09464777 0.01250254 -0.07078189
v 0.09480689 0.00992060 -0.07206073
v 0.09559632 0.00801209 -0.07044770
v 0.09552098 0.01013298 -0.06889006
v 0.09210824 -0.00524732 -0.07069198
v 0.09207421 0.00193372 -0.07187026
v 0.09314227 0.00448980 -0.07245317
v 0.09350143 0.00217691 -0.07176338
v 0.09233423 -0.01583451 -0.06727326
v 0.09112035 -0.01518491 -0.06718857
v 0.09230645 -0.01054441 -0.06919035
v 0.09357445 -0.01087992 -0.06975250
v 0.07897083 -0.03662510 -0.04060227
v 0.08165450 -0.03358105 -0.04365086
v 0.08164588 -0.03657271 -0.04512509
v 0.07698773 -0.03833528 -0.04319516
v 0.07361545 -0.03627431 -0.04483454
v 0.07805733 -0.03697958 -0.04961678
v 0.07737770 -0.03346508 -0.05139776
v 0.07379571 -0.03326016 -0.04779007
v 0.08990614 0.02181868 -0.05748660
v 0.09065271 0.01795009 -0.05693848
v 0.08947758 0.01690921 -0.05491126
v 0.08847197 0.02071765 -0.05520353
v 0.07624072 -0.01095088 -0.06928711
v 0.07463551 -0.01731886 -0.06740597
v 0.08068078 -0.01254282 -0.06967489
v 0.08117150 -0.00988171 -0.06991664
v 0.08960304 0.01206517 -0.06400054
v 0.08994111 0.01272466 -0.06705696
v 0.09057679 0.01053519 -0.06839795
v 0.08964258 0.00930853 -0.06615748
v 0.09185073 0.01393290 -0.07144115
v 0.09202528 0.01105903 -0.07285164
v 0.07636996 -0.02636506 -0.04103928
v 0.07506286 -0.02269558 -0.04065507
v 0.07551084 -0.02135209 -0.04223611
v 0.07593910 -0.02257911 -0.04375426
v 0.07624735 -0.01052661 -0.06036773
v 0.07818161 -0.00591164 -0.05770522
v 0.08919045 -0.02681620 -0.06187642
v 0.08899646 -0.02472169 -0.06083232
v 0.09113864 -0.02060192 -0.06432250
v 0.09098889 -0.02198133 -0.06567352
v 0.08550541 -0.02261339 -0.05928188
v 0.08798690 -0.01952586 -0.06262100
v 0.08884019 -0.01881595 -0.06459110
v 0.08796040 -0.02110097 -0.06244329
v 0.09124892 0.01437871 -0.06508313
v 0.08986425 0.01656665 -0.05998674
v 0.09136795 0.01554432 -0.05872441
v 0.09309233 0.01336292 -0.06298892
v 0.08259273 0.00235873 -0.06863068
v 0.08072633 0.00760015 -0.06644307
v 0.07976823 0.00675148 -0.06655055
v 0.08132390 0.00209656 -0.06866906
v 0.09202075 0.01162558 -0.06976900
v 0.09241073 0.00939178 -0.07109210
v 0.09111141 0.00810467 -0.06988926
v 0.08057776 0.00903799 -0.05265975
v 0.08226716 0.01063766 -0.05491649
v 0.08239967 0.00890405 -0.05586020
v 0.08199498 0.00764894 -0.05513802
v 0.08113005 -0.03746703 -0.04917851
v 0.07343873 -0.02612059 -0.06017281
v 0.07517792 -0.02566843 -0.06170500
v 0.07774024 -0.02136328 -0.06462952
v 0.07624275 -0.02026459 -0.06528359
v 0.07376713 -0.03399522 -0.03879461
v 0.07735434 -0.03419683 -0.03865858
v 0.07812114 -0.03550030 -0.03969311
v 0.07470898 -0.03667182 -0.04012022
v 0.08328762 0.01376285 -0.05496802
v 0.08536203 0.01302784 -0.05688442
v 0.08358736 0.01214660 -0.05631123
v 0.08229644 0.01259031 -0.05481287
v 0.09112725 0.00018734 -0.07022052
v 0.09003617 0.00663232 -0.06787739
v 0.09053995 -0.00911738 -0.06503741
v 0.09079826 -0.00870186 -0.06808446
v 0.09053450 -0.01286688 -0.06631456
v -0.03054117 -0.04866777 -0.11885360
v -0.01493858 -0.04850185 -0.12340039
v -0.01507322 -0.05989260 -0.12079833
v -0.02966371 -0.06295119 -0.11495314
v 0.08975089 -0.01313123 -0.06352881
v 0.09017187 -0.00098811 -0.06493882
v 0.09072991 -0.00084929 -0.06830911
v 0.09385919 0.00727112 -0.06932798
v 0.09426098 0.00136762 -0.07057332
v 0.09313482 0.00808724 -0.07012328
v 0.07893766 0.01025589 -0.06380983
v 0.07943309 0.01347437 -0.06773992
v 0.07830939 0.00708102 -0.07030855
v 0.07912646 0.00773636 -0.06570575
v 0.07609262 -0.01747794 -0.04315925
v 0.07698219 -0.01525927 -0.04498936
v 0.07562769 -0.01758199 -0.04679283
v 0.07476059 -0.02028842 -0.04579675
v 0.07849847 -0.02350411 -0.06323045
v 0.07585859 -0.02678289 -0.06091427
v 0.07649183 -0.02755151 -0.06023714
v 0.07916138 -0.02542672 -0.06192310
v 0.08747737 0.01380125 -0.05881418
v 0.08770928 0.00952043 -0.06012615
v 0.08612604 0.00948639 -0.05892143
v 0.08104139 -0.02175764 -0.05161719
v 0.08117025 -0.02056302 -0.05401579
v 0.08294030 -0.02328972 -0.05500586
v 0.08295762 -0.02527905 -0.05270640
v 0.08524013 -0.03353992 -0.05566409
v 0.08235092 -0.03357317 -0.05645612
v 0.08020179 -0.03558441 -0.05277263
v 0.08334506 -0.03573054 -0.05233182
v 0.07564673 -0.02127455 -0.04482922
v 0.07546536 -0.01997543 -0.04278218
v 0.08459733 0.00281566 -0.07027658
v 0.08315110 0.00891932 -0.06749431
v 0.08911537 0.00794545 -0.06411783
v 0.08970091 0.00551665 -0.06567820
v 0.07727829 -0.00471203 -0.04980793
v 0.07561152 -0.00446859 -0.05190129
v 0.07609935 -0.00540545 -0.05172551
v 0.07819328 -0.00617692 -0.04944094
v 0.07718196 -0.00492642 -0.04812601
v 0.07785551 -0.00660941 -0.04792200
v 0.07712524 -0.00655328 -0.04696462
v 0.07668265 -0.00565750 -0.04680127
v 0.07488244 -0.00437903 -0.05236498
v 0.07534495 -0.00465669 -0.05213138
v 0.07539874 -0.00407337 -0.05212666
v 0.07979319 -0.00194393 -0.06261698
v 0.08046859 -0.00947614 -0.06377824
v 0.07879628 -0.01046492 -0.06477417
v 0.07886317 -0.00422879 -0.06297569
v 0.09124012 -0.00763682 -0.06955202
v 0.08585765 0.01733038 -0.05141361
v 0.08487767 0.02043034 -0.05094085
v 0.08760938 0.02276375 -0.05489930
v 0.07511245 -0.01920290 -0.05722691
v 0.07861460 -0.01873732 -0.05432556
v 0.07826527 -0.01884156 -0.05261669
v 0.07555049 -0.01916507 -0.05533348
v 0.07617638 -0.01371461 -0.05057248
v 0.07408595 -0.01685258 -0.05024184
v 0.07751401 -0.01508312 -0.04790525
v 0.07699958 0.00125193 -0.04784203
v 0.07657367 -0.00292801 -0.05087097
v 0.07665516 -0.00381669 -0.04942087
v 0.07652992 -0.00335076 -0.04797141
v 0.09189060 -0.01640362 -0.06847589
v 0.09284475 -0.01099503 -0.07109607
v 0.09122461 -0.01106927 -0.07229206
v 0.09034736 -0.01680553 -0.06970319
v 0.07491283 -0.02965535 -0.03802804
v 0.07000138 -0.03188351 -0.04178697
v 0.07321518 -0.02634612 -0.03879812
v 0.09330124 0.01891707 -0.06556688
v 0.09149593 0.02051030 -0.06573433
v 0.09175798 0.01858466 -0.06789197
v 0.09395242 0.01707934 -0.06766371
v 0.07689399 0.00168761 -0.05596206
v 0.07652365 -0.00039107 -0.05603859
v 0.07729307 0.00087097 -0.05462978
v 0.07696462 0.00311656 -0.05436425
v 0.05373537 -0.03411071 -0.10046888
v 0.06292252 -0.03404290 -0.08090613
v 0.06660985 -0.02000946 -0.08925536
v 0.05878368 -0.02009780 -0.10535473
v 0.08628631 -0.03044186 -0.05480528
v 0.08559035 -0.03244042 -0.05188870
v 0.07944590 0.00919754 -0.04573413
v 0.07854369 0.01122311 -0.04461751
v 0.07892416 0.01710965 -0.04639462
v 0.08034004 0.01358579 -0.04659924
v 0.09271879 0.00334807 -0.07480060
v 0.09505180 0.00274949 -0.07367630
v 0.08295578 0.01352222 -0.05332772
v 0.08527058 0.01654508 -0.05627361
v 0.08350307 0.01448642 -0.05515495
v 0.08221830 0.01299904 -0.05349703
v 0.08230292 0.00543058 -0.05065832
v 0.08316227 0.00668227 -0.05034067
v 0.08131240 0.00759142 -0.05076352
v 0.08016673 0.00625800 -0.05120498
v 0.07716434 0.01678025 -0.04364862
v 0.07814045 0.02219185 -0.04683678
v 0.07119966 -0.02622190 -0.06007183
v 0.08160503 0.00770271 -0.04772087
v 0.08252352 0.01048019 -0.04786384
v 0.08391226 0.00859283 -0.05016105
v -0.05200827 -0.08792133 -0.09445634
v -0.04617880 -0.07964339 -0.10049762
v -0.04376170 -0.09192590 -0.10423337
v -0.05428142 -0.09622594 -0.09378815
v 0.07413159 -0.02163443 -0.03872521
v 0.07503352 -0.02019600 -0.04095615
v 0.08177530 0.01272850 -0.05333838
v 0.08109620 0.01144965 -0.05329531
v 0.07971285 0.00737866 -0.05162701
v 0.08063560 0.00641123 -0.05432004
v 0.08507536 -0.00054727 -0.06073509
v 0.08670957 -0.00873760 -0.06187055
v 0.07037201 -0.01951153 -0.07481458
v 0.06742886 -0.03241167 -0.06019778
v 0.08016542 0.00800203 -0.05109469
v 0.08033707 0.00845227 -0.05110296
v 0.07959834 0.00780320 -0.05086304
v 0.07913578 0.00692165 -0.05160381
v 0.08428461 -0.03417838 -0.04902845
v 0.08476862 0.00592338 -0.05884292
v 0.08193464 0.00351742 -0.05672375
v 0.08348269 0.00593756 -0.05677866
v 0.09398626 -0.00636553 -0.06997767
v 0.09531581 0.00113265 -0.07032616
v 0.09639741 0.00130216 -0.07188360
v 0.09500431 -0.00650670 -0.07127917
v 0.07171948 -0.03480183 -0.04333626
v 0.07608498 -0.00112258 -0.05743213
v 0.07759171 -0.00248221 -0.05685519
v 0.07910749 0.00496474 -0.05493554
v 0.07835836 0.00592902 -0.05178918
v 0.07495982 -0.01709568 -0.04081932
v 0.09098259 0.01521232 -0.06683578
v 0.09159724 0.01364010 -0.06824914
v 0.08997362 0.01421596 -0.06574281
v 0.08967988 0.01529161 -0.06418220
v 0.08873607 0.01797345 -0.06233363
v 0.08814601 0.01818333 -0.06190630
v 0.09039328 0.01678249 -0.06516664
v 0.08145142 0.00531388 -0.05543396
v 0.08261830 0.00661333 -0.05601265
v 0.08093673 -0.02280797 -0.04971421
v 0.08246537 -0.02850681 -0.04928776
v 0.08957783 -0.01656815 -0.06390696
v 0.08812419 -0.01598476 -0.06121700
v 0.08833990 -0.00552626 -0.07323550
v 0.08803903 0.00327295 -0.07319330
v 0.08632149 0.00301551 -0.07146157
v 0.08710039 -0.00540745 -0.07198622
v 0.08103079 -0.00408296 -0.06980255
v 0.07764847 -0.00335625 -0.06998749
v 0.07627925 -0.00468306 -0.04620803
v 0.07550753 -0.00050493 -0.04394677
v 0.07762349 0.00380282 -0.05405352
v 0.07784259 0.00575252 -0.05237774
v 0.08237309 -0.02091738 -0.06575349
v 0.07883299 -0.02820975 -0.05813261
v 0.08271503 -0.02310506 -0.06382587
v 0.07466949 -0.02855254 -0.05612387
v 0.07448709 -0.02926326 -0.05348564
v 0.07709806 -0.02956728 -0.05508560
v 0.08515776 -0.02070040 -0.05842482
v 0.08748442 -0.01927823 -0.06085777
v 0.07556949 -0.00477623 -0.05304168
v 0.07430588 -0.00652678 -0.05506071
v 0.07372538 -0.00515626 -0.05287206
v 0.08823178 -0.00074958 -0.06302345
v 0.08941454 -0.00885545 -0.06312265
v 0.08295858 0.00896369 -0.05094881
v 0.07935724 -0.00047851 -0.05154277
v 0.08011875 0.00303120 -0.04929321
v 0.08609284 0.01195350 -0.05110786
v 0.08492740 0.01046643 -0.05145897
v 0.08408818 0.00960642 -0.05118689
v 0.08483663 0.01023139 -0.05026660
v 0.06965996 -0.01446518 -0.05495210
v 0.07203180 -0.01616768 -0.05273038
v 0.07357953 -0.01298452 -0.05204298
v 0.08791362 0.01746082 -0.05947926
v 0.08846251 0.01577383 -0.06059312
v 0.08501171 0.00954894 -0.06877203
v 0.08297255 0.01086277 -0.05576716
v 0.08301843 0.00931224 -0.05688469
v 0.08157796 0.02295446 -0.06121089
v 0.08200414 0.02050366 -0.05783829
v 0.08168508 0.02102733 -0.05654980
v 0.08121470 0.02609452 -0.05642902
v 0.07401919 -0.03176056 -0.04943157
v 0.07670874 -0.03161163 -0.05233921
v 0.07628350 -0.03047580 -0.05316104
v 0.07441208 -0.03037738 -0.05121903
v 0.07764561 -0.01892539 -0.05205217
v 0.07553971 -0.01925426 -0.05425129
v 0.09002560 -0.01505844 -0.06697743
v 0.08955593 -0.01598693 -0.06584633
v 0.09062527 -0.01183824 -0.06812862
v 0.09079215 -0.01041866 -0.06919046
v 0.07795150 0.00281503 -0.05925651
v 0.07741611 0.00120447 -0.05798762
v 0.08027081 0.01516235 -0.05994770
v 0.08306804 0.01705488 -0.06115096
v 0.08322250 0.01956553 -0.05770816
v 0.08084610 0.01796909 -0.05774772
v 0.08691268 0.01032284 -0.07053240
v 0.08299885 0.00766727 -0.05671326
v 0.08350064 0.00782467 -0.05741376
v 0.08275636 0.00815493 -0.05624892
v 0.07921445 0.00535442 -0.05175276
v 0.08144341 0.00419072 -0.05177394
v 0.08619317 0.01215619 -0.05238970
v 0.08882552 0.01547745 -0.05503211
v 0.08802883 0.01622817 -0.05647638
v 0.08556896 0.01306015 -0.05262037
v 0.08099844 0.01028267 -0.05154832
v 0.01338922 -0.03599155 -0.12944753
v 0.01521140 -0.02526739 -0.13619503
v -0.04180745 0.05673987 0.04107199
v -0.04901034 0.05469592 0.03392342
v -0.04779346 0.04944658 0.03713692
v -0.04143505 0.05061441 0.04288868
v 0.08378242 0.02027099 -0.05050723
v 0.08388716 0.02177108 -0.05394765
v 0.08505475 0.02245765 -0.05451263
v 0.08448242 0.02089499 -0.05103211
v 0.08952677 0.01415045 -0.06382523
v 0.09231711 0.01065848 -0.06911424
v 0.07882098 -0.00432178 -0.05568466
v 0.07588087 -0.00718185 -0.05657206
v 0.06684011 -0.00855353 -0.05543094
v 0.06708842 -0.00731563 -0.05517577
v 0.06773484 -0.00763077 -0.05620310
v 0.06768971 -0.00854950 -0.05667106
v 0.07141405 -0.01421108 -0.05774798
v 0.07391205 -0.01486155 -0.05652840
v 0.07303256 -0.01630829 -0.05488336
v 0.07106305 -0.01552224 -0.05697908
v 0.06653665 -0.01124966 -0.05608119
v 0.06668860 -0.00978574 -0.05570189
v 0.06742274 -0.01027793 -0.05712789
v 0.06748094 -0.01194293 -0.05794599
v 0.08700424 0.01794369 -0.05783740
v 0.08872948 0.01763289 -0.05986205
v 0.09452586 0.00902653 -0.06771751
v 0.09479566 0.00701742 -0.06911881
v 0.09176178 0.01456344 -0.06607878
v 0.09213190 0.01271271 -0.06753859
v 0.07686743 -0.01248138 -0.04501637
v 0.07783347 -0.01239420 -0.04692638
v 0.07772233 -0.01404034 -0.04679368
v 0.09532189 0.01161616 -0.06734017
v 0.09434307 0.01472983 -0.06914751
v 0.07749005 -0.02981519 -0.03978232
v 0.07652158 -0.03139783 -0.03843265
v 0.04920982 -0.10325693 -0.01910422
v 0.06163538 -0.09883612 -0.03282058
v 0.06112742 -0.10944006 -0.03169551
v 0.04973746 -0.11421759 -0.01839121
v 0.08457520 0.01563326 -0.05012550
v 0.08290455 0.01874626 -0.04998610
v 0.06686492 -0.01337799 -0.05655642
v 0.06696110 -0.01356187 -0.05661087
v 0.06958565 -0.01537108 -0.05624333
v 0.07120149 -0.00916606 -0.05339303
v 0.06760952 -0.00882259 -0.05480549
v 0.07155403 -0.01242764 -0.05754152
v 0.07100260 -0.00690846 -0.05579419
v 0.07091971 -0.00590661 -0.05444819
v 0.07291829 -0.01855457 -0.05099688
v 0.07420932 -0.01949118 -0.05272250
v 0.07570855 -0.01991995 -0.04925758
v 0.06797935 -0.01397043 -0.05816276
v 0.07908582 0.00424531 -0.05711754
v 0.07419018 -0.01190219 -0.05709539
v 0.07595309 -0.01411122 -0.05883482
v 0.07557731 -0.01591944 -0.05772153
v 0.07388760 -0.01380928 -0.05698550
v 0.08397241 -0.02365795 -0.05645500
v 0.08361083 -0.02190332 -0.05664782
v 0.07565176 -0.01847799 -0.05934720
v 0.07866172 -0.01887162 -0.05740068
v 0.07921146 -0.00164316 -0.05566876
v 0.08045302 0.00146167 -0.05303494
v 0.07629912 -0.00465384 -0.05369185
v 0.07416047 -0.00954584 -0.05622888
v 0.07585733 -0.01171801 -0.05850083
v 0.07121921 -0.00803063 -0.05360811
v 0.07439792 -0.00747356 -0.05201149
v 0.07409164 -0.00642920 -0.05236259
v 0.07111177 -0.00704295 -0.05393045
v 0.08483041 0.00943030 -0.05813101
v 0.08138701 0.01688332 -0.04812013
v 0.08351395 0.01319714 -0.04877173
v 0.08219467 0.02761179 -0.07184973
v 0.08018643 0.01871975 -0.07762223
v 0.08110738 0.01913638 -0.06539942
v 0.07209623 -0.01067570 -0.05714027
v 0.06716067 -0.00691448 -0.05528352
v 0.06801875 -0.00750940 -0.05518400
v 0.09001765 -0.01939816 -0.06432527
v 0.07632374 -0.02069900 -0.04849130
v 0.07810306 0.00337776 -0.05256891
v 0.08787175 -0.01055636 -0.07185535
v 0.08713307 -0.01622693 -0.06971667
v 0.07781702 0.00484263 -0.05248725
v 0.07801478 0.00595038 -0.05245066
v 0.07497013 -0.01952549 -0.05376838
v 0.07715964 -0.01948285 -0.05077113
v 0.07840145 0.00620486 -0.05203803
v 0.07823916 -0.01305061 -0.04841934
v 0.08904963 0.00935781 -0.06280675
v 0.08052935 -0.03113005 -0.05738039
v 0.07879604 -0.03241525 -0.05409183
v 0.06798728 -0.00778685 -0.05466923
v 0.07164665 -0.01621281 -0.05435741
v 0.07134382 -0.00868951 -0.05615650
v 0.07673254 -0.00933672 -0.05079617
v 0.07664332 -0.01160209 -0.05046356
v 0.07803767 -0.01066147 -0.04831709
v 0.07973544 -0.01811648 -0.05889547
v 0.07596409 -0.01637848 -0.06140635
v 0.07724880 -0.01545099 -0.06337430
v 0.08174875 -0.01672637 -0.05985072
v 0.08601894 -0.02144840 -0.06721763
v 0.08434041 -0.02604141 -0.06386810
v 0.08695949 -0.02759942 -0.06335124
v 0.08926834 -0.02262915 -0.06688616
v 0.08238447 0.04478856 -0.07969208
v 0.08252005 0.03386762 -0.06446864
v 0.08268881 0.05161947 -0.06772817
v 0.08641443 0.01825217 -0.06577527
v 0.08627246 0.01589360 -0.06737444
v 0.09168059 0.01645357 -0.06970038
v 0.08055911 0.02459294 -0.05149344
v 0.08154280 0.02143919 -0.05517179
v 0.08361118 0.02122333 -0.05379454
v 0.09190381 -0.00605623 -0.07392000
v 0.07824720 0.00521186 -0.04626292
v 0.08057196 0.00520104 -0.04818115
v 0.08133031 -0.01958839 -0.06669026
v 0.08320225 -0.01868599 -0.05720935
v 0.08573804 -0.01770628 -0.05890365
v 0.09198821 0.01794770 -0.05918208
v 0.09005751 0.01581206 -0.05687203
v 0.01241655 -0.11486981 0.02048128
v 0.01178691 -0.12338477 0.01509727
v 0.00928709 -0.01303810 0.06125656
v 0.01053192 -0.01354894 0.05993965
v 0.00863209 -0.01199539 0.05864275
v 0.00823469 -0.01182334 0.05926794
v 0.01000441 -0.02299730 0.06152461
v 0.00897942 -0.02150992 0.06048530
v 0.01039105 -0.02214769 0.05921138
v 0.01162206 -0.02280139 0.06080184
v 0.00761680 -0.01153809 0.05840815
v 0.00644336 -0.01304970 0.06172632
v 0.00763177 -0.01286765 0.06222140
v 0.00791643 -0.01179026 0.05881087
v 0.09209727 0.02112932 -0.05983302
v 0.01435732 -0.02240221 0.06115488
v 0.01296081 -0.02034158 0.06022286
v 0.01348685 -0.01954903 0.06187410
v 0.01652055 -0.02059773 0.06276815
v 0.00556276 -0.01894188 0.06905951
v 0.00708827 -0.01696753 0.06888180
v 0.00591907 -0.01830621 0.06696931
v 0.00556082 -0.01983533 0.06637482
v 0.00973826 -0.01693840 0.06801903
v 0.01218854 -0.01622345 0.07025557
v 0.01449969 -0.01656935 0.06858554
v 0.01155523 -0.01782937 0.06640349
v 0.00631691 -0.01759920 0.06232432
v 0.00749746 -0.01946486 0.06363130
v 0.00541532 -0.01625754 0.06566301
v 0.01309073 -0.01734682 0.06007538
v 0.01278534 -0.01862999 0.05884148
v 0.01051776 -0.01462431 0.05871774
v 0.01077500 -0.01432615 0.05833143
v 0.05190193 -0.08515912 -0.02059272
v 0.06277688 -0.08446417 -0.03563803
v 0.03682578 0.00320088 0.03769427
v 0.03659992 -0.00085334 0.03871981
v 0.03247685 0.00098208 0.03992786
v 0.03300121 0.00436717 0.03916528
v 0.07808568 -0.00842204 -0.04750703
v 0.07714753 -0.00760558 -0.04646460
v 0.08609620 0.01325812 -0.06893258
v 0.09017616 0.01589435 -0.06552213
v 0.08674346 0.01984503 -0.06382733
v 0.08614307 0.02164514 -0.05917509
v 0.08447409 0.02058787 -0.05836828
v 0.08461217 0.01851832 -0.06242195
v 0.09395618 0.01529653 -0.06403841
v 0.07756340 -0.02205362 -0.04785766
v 0.08642936 0.00518104 -0.06097586
v 0.08561562 0.02229027 -0.05668716
v 0.08877439 0.02322517 -0.05727509
v 0.09247478 -0.00607593 -0.06984158
v 0.09465519 0.01392582 -0.06585240
v 0.09350290 0.01229694 -0.06473394
v 0.08714299 0.01408527 -0.05189711
v 0.08024756 -0.01269208 -0.06420028
v 0.08570839 -0.01224563 -0.06119120
v 0.08395187 -0.01497194 -0.06044577
v -0.09586041 0.01330938 -0.07201366
v -0.09606553 0.01082243 -0.07339143
v -0.09685363 0.00891434 -0.07140823
v -0.09670625 0.01093121 -0.06987017
v -0.09318642 -0.00466132 -0.07159504
v -0.09316452 0.00239649 -0.07297743
v -0.09389781 0.00505449 -0.07354676
v -0.09464693 0.00278869 -0.07270996
v 0.07916357 -0.01450202 -0.06392585
v 0.07674935 0.00012618 -0.05788695
v 0.07491823 -0.01608874 -0.03836004
v 0.08411089 -0.02809511 -0.05308103
v -0.09305607 -0.01491676 -0.06837451
v -0.09202590 -0.01440635 -0.06807369
v -0.09326970 -0.00976362 -0.06992117
v -0.09459844 -0.01004465 -0.07061407
v 0.08494119 -0.02694866 -0.05580445
v 0.03033436 -0.03538453 -0.12342818
v 0.03416067 -0.02382326 -0.12934978
v 0.09388931 -0.00629075 -0.07286968
v 0.08737552 0.01857392 -0.05908877
v 0.07959047 -0.02251464 -0.04886107
v 0.08021872 -0.02793211 -0.04596916
v 0.07849839 -0.02707160 -0.04437023
v 0.08320861 0.00834337 -0.05739150
v 0.08059285 -0.01833023 -0.06689569
v 0.08047406 -0.01610450 -0.06842425
v 0.06785981 -0.00700419 -0.05590829
v 0.08331064 -0.02447346 -0.06366376
v 0.07982303 -0.02954750 -0.05767598
v 0.06540459 -0.08219994 -0.05194914
v 0.06194527 -0.07935742 -0.07007048
v -0.08080590 -0.03615002 -0.04171186
v -0.08339451 -0.03310282 -0.04462731
v -0.08347346 -0.03590684 -0.04606468
v -0.07856803 -0.03748678 -0.04435169
v 0.06305092 -0.09142306 -0.06676342
v 0.06565151 -0.09508854 -0.04929366
v 0.07472669 -0.00203392 -0.04015954
v 0.07553037 -0.00960924 -0.04280659
v 0.07528378 -0.01062400 -0.04073473
v 0.02739210 -0.10425778 0.01060483
v 0.02398306 -0.11853944 0.00724666
v 0.07470961 -0.01504601 -0.03459572
v 0.07368188 -0.01543897 -0.02207124
v 0.07459528 0.00137445 -0.02304291
v 0.07453629 -0.00496387 -0.03415984
v 0.06344214 0.03529603 0.01498558
v 0.06436615 0.03360544 0.01151853
v 0.06452367 0.02363867 0.01054247
v 0.06311482 0.02606457 0.01418744
v 0.01925685 0.08777487 0.03333754
v 0.00923712 0.08913375 0.03545318
v 0.00891408 0.09591508 0.03053350
v 0.01921614 0.09468781 0.02821259
v 0.03615477 -0.01485386 -0.13254634
v 0.03797914 -0.00355735 -0.13612454
v 0.01746213 -0.00663663 -0.14374515
v 0.01627941 -0.01703844 -0.13965760
v 0.01918606 0.11379720 0.00697854
v 0.00870510 0.11517887 0.00947985
v 0.00885434 0.12093648 -0.00011947
v -0.07510722 -0.03610631 -0.04592788
v -0.07916703 -0.03620663 -0.05056722
v -0.07846794 -0.03291589 -0.05228540
v -0.07524133 -0.03317935 -0.04885700
v 0.01954225 0.11929423 -0.00230494
v 0.05531509 0.00344250 0.02661699
v 0.05727334 -0.00206663 0.02790038
v 0.05377825 -0.00374401 0.03122847
v 0.05249025 0.00209518 0.02959582
v 0.08077169 -0.03237836 -0.04228527
v 0.07939204 -0.03119479 -0.04121010
v -0.09105109 0.02216025 -0.05872384
v -0.09178437 0.01828306 -0.05821365
v -0.09069145 0.01705768 -0.05628671
v -0.08968473 0.02088059 -0.05644523
v -0.07839943 -0.01049079 -0.06955341
v -0.07662112 -0.01692551 -0.06786445
v -0.08269780 -0.01200148 -0.07022415
v -0.08323348 -0.00924464 -0.07039813
v 0.00908018 0.12595834 -0.01147077
v 0.02006618 0.12414052 -0.01327616
v 0.01493874 0.01333312 0.04752109
v -0.08997800 0.01223319 -0.06587496
v -0.09080186 0.01286872 -0.06864116
v -0.09128685 0.01086995 -0.06975386
v -0.09031758 0.00955334 -0.06763706
v -0.09295199 0.01472510 -0.07279322
v -0.09306516 0.01193106 -0.07433455
v -0.07855988 -0.02692019 -0.04234617
v -0.07695612 -0.02333933 -0.04198863
v -0.07747865 -0.02162710 -0.04339093
v -0.07829804 -0.02276903 -0.04474204
v -0.07910892 -0.01017328 -0.06127117
v -0.08053594 -0.00552745 -0.05869962
v -0.08975276 -0.02531134 -0.06284665
v -0.09017541 -0.02351248 -0.06158792
v -0.09192659 -0.01933908 -0.06508190
v -0.09164064 -0.02068352 -0.06676997
v 0.01534475 0.01573827 0.04450753
v 0.01940656 0.01124900 0.04277812
v 0.01904858 0.00873536 0.04481553
v 0.00809655 0.06531540 0.04886443
v 0.00876591 0.06980190 0.04529038
v 0.01795416 0.06917626 0.04396172
v 0.01728973 0.06472233 0.04825330
v 0.02380448 0.00802585 0.04140297
v 0.02328394 0.00547355 0.04294330
v 0.00874898 0.10283031 0.02419562
v 0.01916453 0.10164475 0.02164040
v 0.01981840 0.13205744 -0.06278981
v -0.08729712 -0.02205220 -0.05983613
v -0.08954775 -0.01893388 -0.06332841
v -0.09004007 -0.01814027 -0.06537607
v -0.08948051 -0.02051519 -0.06318276
v 0.02021047 0.13194582 -0.05445537
v 0.00888972 0.13470140 -0.05475922
v -0.09166002 0.01496768 -0.06669758
v -0.09022991 0.01715037 -0.06169637
v -0.09229170 0.01611673 -0.06020946
v -0.09402478 0.01401216 -0.06442773
v 0.01005004 0.13418129 -0.06724155
v 0.07158186 -0.00072873 -0.09584631
v 0.07521559 -0.00273227 -0.08020004
v 0.07796689 0.00981557 -0.08094078
v 0.07560857 0.01654808 -0.09740003
v 0.03668373 -0.09727164 -0.00407318
v 0.03513226 -0.11134296 -0.00630954
v -0.08417507 0.00308972 -0.06954858
v -0.08249577 0.00808956 -0.06721377
v -0.08201150 0.00716991 -0.06709017
v -0.08363984 0.00267511 -0.06921133
v -0.09274960 0.01203598 -0.07108246
v -0.09315926 0.00983462 -0.07226922
v -0.09174597 0.00852610 -0.07115740
v -0.08175169 0.00882490 -0.05456335
v -0.08351906 0.01027551 -0.05692827
v -0.08287556 0.00882160 -0.05793938
v -0.08322245 0.00745157 -0.05706934
v -0.08235861 -0.03633012 -0.05023204
v -0.07530174 -0.02571566 -0.06077010
v -0.07682128 -0.02505299 -0.06246743
v -0.07970738 -0.02071306 -0.06541024
v -0.07814728 -0.01972259 -0.06591398
v 0.05450616 0.05780197 0.02306469
v 0.05592888 0.05998970 0.01867373
v 0.05978506 0.05345106 0.01563058
v 0.05825999 0.05288807 0.01974452
v 0.00699437 0.05703321 0.05173654
v 0.01538584 0.05755648 0.05261275
v 0.01409077 0.05104245 0.05387324
v 0.00680399 0.04915958 0.05252524
v -0.07552677 -0.03443256 -0.04003046
v -0.07918222 -0.03421564 -0.03981609
v -0.07983532 -0.03526809 -0.04096400
v -0.07638307 -0.03641076 -0.04138244
v 0.06257894 0.01668199 0.01359698
v 0.06460469 0.01394245 0.01094113
v 0.06370381 0.00449683 0.01631019
v 0.06074037 0.00769625 0.01816578
v 0.05744421 0.00473359 0.02362432
v -0.08429801 0.01358854 -0.05697577
v -0.08592036 0.01300561 -0.05898826
v -0.08426255 0.01212471 -0.05838568
v -0.08340716 0.01242512 -0.05679857
v 0.06016091 -0.00048914 0.02400306
v -0.09225433 0.00062583 -0.07135976
v -0.09085287 0.00702177 -0.06915560
v 0.01874844 0.07746259 0.03996062
v 0.00912630 0.07854965 0.04139410
v 0.06241880 0.04437309 0.01298797
v 0.06144316 0.04502292 0.01705316
v 0.01151058 0.01745049 0.04974837
v 0.01233348 0.01954498 0.04622254
v 0.00894463 0.02396552 0.04774677
v -0.09204734 -0.00864776 -0.06576072
v -0.09190433 -0.00821142 -0.06893753
v -0.09200362 -0.01234360 -0.06694019
v -0.09172945 -0.01264934 -0.06400227
v 0.00509814 0.02386372 0.05401582
v 0.00553925 0.02833299 0.05178084
v 0.00824149 0.02816424 0.04829539
v 0.03505201 0.06512685 0.04019978
v 0.03549325 0.06964584 0.03632165
v 0.04311429 0.06816562 0.03063333
v 0.04220472 0.06428085 0.03417704
v 0.01912633 0.10786770 0.01474251
v -0.09153238 -0.00064882 -0.06600724
v -0.09178345 -0.00044665 -0.06940167
v 0.00865765 0.10910525 0.01732747
v 0.00583702 0.04006039 0.05119725
v 0.01145243 0.04063072 0.05102320
v 0.00983704 0.03555767 0.04909572
v -0.09485951 0.00802219 -0.07029839
v -0.09545150 0.00211050 -0.07138924
v -0.09403583 0.00875051 -0.07121100
v -0.08055996 0.01088611 -0.06462716
v -0.08076482 0.01417964 -0.06851875
v -0.08046545 0.00780413 -0.07076262
v -0.08091967 0.00842134 -0.06640875
v 0.00563601 0.03583310 0.05060945
v 0.02773251 0.00276286 0.04124940
v 0.02827105 0.00579112 0.04042868
v 0.07010701 -0.03104795 -0.04943113
v 0.07222624 -0.03237721 -0.04751530
v 0.07537802 0.01719060 -0.03747487
v 0.07449544 0.00595624 -0.03535591
v 0.07497999 0.01400065 -0.02410615
v 0.07390629 0.02828305 -0.02595174
v 0.07610421 0.04212425 -0.02932214
v 0.07692437 0.04904062 -0.03366527
v 0.07898303 0.03194519 -0.04207631
v 0.07718847 0.02681355 -0.03937505
v 0.05787528 -0.08887650 -0.08171292
v 0.05435336 -0.07800377 -0.08605246
v 0.00573232 0.01982621 0.05699179
v 0.00589273 0.01611396 0.06024713
v 0.01985218 0.03798607 -0.15108210
v -0.07722905 -0.01728838 -0.04426711
v -0.07823092 -0.01505097 -0.04604128
v -0.07689217 -0.01709742 -0.04763282
v -0.07699051 -0.02002288 -0.04650794
v 0.01924509 0.02359469 -0.15057640
v 0.04044108 0.02784024 -0.14157759
v 0.04072116 0.04161556 -0.14162734
v 0.06861468 -0.01197575 -0.09269805
v -0.08043994 -0.02283094 -0.06411139
v -0.07762908 -0.02603830 -0.06155759
v -0.07815832 -0.02674699 -0.06090370
v -0.08067066 -0.02438693 -0.06265384
v 0.07268502 -0.01176128 -0.07801088
v 0.01199187 -0.01599188 0.06219053
v 0.00844834 -0.01160859 0.05792141
v 0.00941057 -0.01470024 0.05926533
v 0.00848220 -0.01138019 0.05792481
v 0.01293798 -0.01849836 0.06430941
v 0.01657031 -0.01795989 0.06596121
v 0.00965719 -0.02022392 0.05850057
v 0.00862354 -0.01984644 0.05897495
v 0.00882790 -0.01441175 0.05948354
v 0.00868738 -0.01158491 0.05796283
v 0.00214825 -0.01955274 0.07166828
v 0.00289876 -0.01737341 0.07479580
v 0.00758124 -0.01630699 0.07332379
v 0.00563655 -0.01850463 0.07118743
v 0.00804158 -0.01126602 0.05846659
v 0.00677163 -0.01390083 0.06049304
v 0.00637842 -0.01516397 0.06684558
v 0.00839322 -0.01292764 0.06206981
v 0.00803094 -0.01173393 0.05905762
v 0.00872409 -0.01510067 0.06583895
v 0.00720470 -0.02130791 0.06399304
v 0.01038037 -0.01539454 0.06425182
v -0.08789160 0.01390744 -0.06080667
v -0.08810128 0.00941567 -0.06207702
v -0.08658527 0.00941446 -0.06096827
v -0.08309588 -0.02141121 -0.05250861
v -0.08349491 -0.02012475 -0.05470171
v -0.08472624 -0.02278842 -0.05580580
v -0.08445776 -0.02482717 -0.05374217
v 0.08166564 -0.01966509 -0.05584667
v 0.06355298 -0.06483699 -0.03195966
v 0.06657994 -0.05075898 -0.04169979
v 0.06553689 -0.05209137 -0.04808832
v -0.08581984 -0.03214130 -0.05660033
v -0.08326150 -0.03261026 -0.05766135
v -0.08144061 -0.03476961 -0.05392594
v -0.08426784 -0.03456494 -0.05345002
v -0.07840969 -0.02122311 -0.04555845
v -0.07714806 -0.02005864 -0.04391380
v -0.08598281 0.00357805 -0.07131761
v -0.08543921 0.00934834 -0.06838068
v 0.06441206 -0.06787391 -0.04211544
v 0.08485744 0.00775355 -0.05859113
v 0.06633754 0.06058993 -0.00172104
v 0.06738584 0.07090645 -0.01122790
v 0.07344465 0.06000101 -0.02395407
v -0.08968202 0.00798645 -0.06571244
v -0.09051087 0.00581772 -0.06702460
v 0.07358708 0.05053832 -0.02006478
v 0.06793254 0.08137944 -0.01882107
v 0.07372702 0.07091104 -0.03067617
v 0.07766978 0.05886449 -0.04097211
v 0.08126935 0.03741313 -0.05553892
v 0.04456804 0.01971835 0.03138272
v 0.04450651 0.01972924 0.03126734
v 0.04288552 0.01946452 0.03256450
v -0.07924530 -0.00460760 -0.05054649
v -0.07759826 -0.00434800 -0.05254302
v -0.07795583 -0.00517495 -0.05235076
v -0.07996885 -0.00600579 -0.05016366
v 0.04284441 0.01940078 0.03274586
v 0.04439183 0.01974550 0.03090489
v 0.04252862 0.01936301 0.03169148
v -0.07917581 -0.00489662 -0.04893263
v -0.07969934 -0.00646797 -0.04873712
v -0.07900211 -0.00646333 -0.04780576
v -0.07863858 -0.00566063 -0.04766875
v 0.04521645 0.02012104 0.03004291
v 0.04567579 0.01983569 0.03040993
v 0.04581911 0.01974425 0.03027160
v 0.02661963 0.02112558 0.03531508
v 0.02699912 0.02156267 0.03483398
v 0.02946785 0.02043882 0.03492878
v 0.02943420 0.02036732 0.03600466
v 0.02626030 0.02104370 0.03545362
v 0.02883617 0.02024968 0.03594159
v -0.07692140 -0.00417335 -0.05293543
v -0.07732239 -0.00445712 -0.05274289
v -0.07747317 -0.00395449 -0.05276626
v -0.08054092 -0.00092237 -0.06525286
v -0.08220810 -0.00889128 -0.06548330
v -0.08064381 -0.00988952 -0.06603031
v -0.08073218 -0.00359772 -0.06479136
v 0.03073370 0.02415782 0.02714662
v 0.03058349 0.02449158 0.02712212
v -0.09228407 -0.00710031 -0.07056180
v 0.03113006 0.02375477 0.02733702
v 0.02448769 0.02372674 0.03355461
v 0.02441021 0.02588548 0.03333836
v -0.08757959 0.01722183 -0.05253299
v -0.08660742 0.02017185 -0.05211281
v -0.08930480 0.02261329 -0.05610799
v 0.03043040 0.02568577 0.02710813
v 0.03055672 0.02477309 0.02708930
v 0.02428131 0.02293657 0.03393831
v -0.07730385 -0.01854893 -0.05800072
v -0.08104710 -0.01814001 -0.05507052
v -0.08007482 -0.01800367 -0.05332511
v -0.07783913 -0.01853568 -0.05598752
v -0.07762591 -0.01314612 -0.05122656
v -0.07552602 -0.01622299 -0.05081670
v -0.07883994 -0.01464698 -0.04875455
v -0.07896028 0.00093723 -0.04889983
v -0.07864247 -0.00289343 -0.05152357
v -0.07872094 -0.00383473 -0.05020010
v -0.07870244 -0.00349365 -0.04885823
v -0.09293091 -0.01549605 -0.06975203
v -0.09390819 -0.01017556 -0.07226298
v -0.09233596 -0.01021910 -0.07367197
v -0.09141383 -0.01590674 -0.07116295
v 0.02293199 0.02278245 0.03323901
v 0.02211048 0.02339827 0.03241954
v -0.07671319 -0.03032484 -0.03924722
v -0.07143925 -0.03285118 -0.04321938
v -0.07540683 -0.02743287 -0.04022221
v -0.09457742 0.01947193 -0.06679182
v -0.09266843 0.02099129 -0.06689586
v -0.09294920 0.01916833 -0.06911259
v -0.09515934 0.01774404 -0.06894309
v -0.07857188 0.00200439 -0.05738456
v -0.07842443 -0.00009808 -0.05731498
v -0.07889761 0.00095510 -0.05586958
v -0.07862686 0.00324104 -0.05574673
v 0.02217159 0.02592276 0.03257089
v 0.03443466 0.01917732 0.03548631
v 0.03440334 0.01836897 0.03549495
v 0.02918980 0.01859931 0.03605038
v 0.02887926 0.01965294 0.03602542
v 0.03456680 0.01955757 0.03550629
v 0.03792300 0.01964721 0.03437975
v 0.03786306 0.01935313 0.03427822
v 0.03760593 0.01854514 0.03430363
v -0.05597467 -0.03386913 -0.10066497
v -0.06461864 -0.03379771 -0.08133093
v -0.06860027 -0.01952363 -0.08965708
v -0.06102501 -0.01965408 -0.10562643
v -0.08717243 -0.02925144 -0.05568412
v -0.08656163 -0.03148736 -0.05297668
v -0.08073252 0.00870212 -0.04764276
v -0.08021270 0.01051323 -0.04602846
v -0.08074716 0.01648074 -0.04748037
v -0.08178125 0.01313021 -0.04799538
v 0.02561952 0.01971661 0.03594758
v 0.02568297 0.02079831 0.03564342
v 0.03729505 0.01788712 0.03444554
v 0.03430130 0.01771957 0.03551227
v -0.09400248 0.00417773 -0.07638856
v -0.09647367 0.00360359 -0.07508859
v 0.02936055 0.01788886 0.03607745
v 0.02581974 0.01919643 0.03615091
v 0.02326753 0.02090162 0.03567917
v 0.02424674 0.02104445 0.03553329
v 0.03411108 0.01659131 0.03606870
v 0.03453884 0.01506727 0.03621356
v 0.02922329 0.01525731 0.03692142
v 0.02928686 0.01680479 0.03648928
v -0.08402632 0.01338998 -0.05533116
v -0.08582775 0.01658217 -0.05832970
v -0.08422030 0.01441531 -0.05717828
v -0.08328054 0.01280555 -0.05550075
v -0.08346113 0.00528303 -0.05262629
v -0.08418206 0.00652518 -0.05248719
v -0.08239140 0.00739227 -0.05278734
v -0.08139595 0.00607766 -0.05312356
v 0.03730527 0.01680622 0.03481619
v 0.03745003 0.01530695 0.03496162
v -0.07910389 0.01580299 -0.04471213
v -0.07980292 0.02114850 -0.04793319
v 0.04703729 0.01963720 0.02870066
v 0.04761707 0.02007891 0.02774218
v 0.04757595 0.01951457 0.02790344
v -0.07299219 -0.02600343 -0.06050140
v 0.04722984 0.01919652 0.02837176
v 0.04993015 0.01616476 0.02493950
v 0.05092703 0.01772749 0.02428075
v 0.05232429 0.01717919 0.02306475
v -0.08267433 0.00746825 -0.04984842
v -0.08348992 0.01018548 -0.04994749
v -0.08471230 0.00851426 -0.05229528
v -0.07571970 -0.02257497 -0.04033425
v -0.07640538 -0.02072330 -0.04242885
v -0.08297128 0.01247529 -0.05531708
v -0.08235855 0.01125750 -0.05516514
v -0.08100922 0.00717533 -0.05350526
v -0.08197570 0.00636805 -0.05610567
v 0.05128415 0.01549582 0.02392233
v -0.08687927 -0.00031542 -0.06229414
v -0.08843506 -0.00834729 -0.06263729
v 0.05940121 0.00603420 0.02049974
v 0.05338658 0.01214649 0.02352749
v 0.05478662 0.01351742 0.02155951
v 0.04653801 0.01962383 0.02935105
v 0.04589755 0.01946353 0.03019494
v 0.04638013 0.01974457 0.02944466
v 0.04687588 0.01997736 0.02852232
v 0.04664642 0.01892713 0.02916334
v 0.04601269 0.01883265 0.03000674
v 0.04464880 0.01952507 0.03122054
v 0.04484177 0.01888295 0.03099593
v 0.04307131 0.01867256 0.03233375
v 0.04295570 0.01937209 0.03242632
v 0.04089299 0.01933718 0.03332397
v -0.07202692 -0.01888791 -0.07541770
v -0.06896657 -0.03265567 -0.06070996
v 0.04113914 0.01950946 0.03341089
v 0.04070169 0.01855925 0.03337572
v 0.04312700 0.01794480 0.03219508
v 0.04078036 0.01788810 0.03338261
v 0.04474090 0.01812375 0.03075507
v 0.04607825 0.01821682 0.02969095
v 0.04682439 0.01842067 0.02867513
v 0.04754756 0.01863221 0.02788774
v 0.04805269 0.01927874 0.02736149
v 0.04731259 0.01755921 0.02807791
v 0.04796721 0.01632554 0.02709571
v 0.04669667 0.01598425 0.02857608
v 0.04647772 0.01735082 0.02934844
v 0.04817313 0.01781908 0.02707149
v 0.04903929 0.01690254 0.02595717
v -0.08127463 0.00774203 -0.05306576
v -0.08148686 0.00819848 -0.05307892
v -0.08089211 0.00755013 -0.05269568
v -0.08039182 0.00667120 -0.05347376
v 0.04538402 0.01716270 0.03069894
v 0.04543662 0.01580005 0.03023647
v 0.04329012 0.01557907 0.03203417
v 0.04347182 0.01697796 0.03241422
v -0.08569487 -0.03343740 -0.05022551
v -0.08548062 0.00607488 -0.06066062
v -0.08318655 0.00374690 -0.05852713
v -0.08417558 0.00608711 -0.05867473
v 0.04099847 0.01701768 0.03365415
v 0.04088185 0.01546041 0.03338126
v -0.09501892 -0.00551965 -0.07047477
v -0.09653508 0.00201707 -0.07083777
v -0.09764696 0.00225503 -0.07242277
v -0.09610972 -0.00554362 -0.07194755
v 0.03466597 0.01936662 0.03590679
v 0.03418621 0.01966254 0.03504298
v 0.03805604 0.01940473 0.03415589
v 0.03755420 0.01936391 0.03478182
v 0.04097511 0.01926244 0.03376910
v -0.07318700 -0.03513646 -0.04448740
v -0.07826237 -0.00075449 -0.05864119
v -0.07986871 -0.00223879 -0.05804641
v 0.04083983 0.01935794 0.03327871
v 0.03725273 0.01903669 0.03353233
v 0.03548367 0.02252487 0.02742609
v 0.03678293 0.02253775 0.02695901
v 0.04071692 0.01887605 0.03272418
v -0.08053052 0.00485371 -0.05657274
v -0.07975666 0.00575250 -0.05352388
v 0.03378009 0.01936509 0.03429434
v 0.03375831 0.02256392 0.02802039
v 0.02994074 0.02047567 0.03415027
v -0.07658375 -0.01751422 -0.04219832
v 0.03202554 0.02326003 0.02765950
v 0.02701928 0.02141027 0.03465126
v 0.03725055 0.03578762 0.03505805
v 0.03601479 0.03534871 0.03582649
v 0.04285828 0.03366725 0.03470410
v 0.04326780 0.03369069 0.03432710
v 0.05143966 -0.00000512 -0.12501095
v 0.05304336 0.01571806 -0.12956204
v 0.03984343 0.01100258 -0.13979393
v 0.04446863 0.03214075 0.03479612
v 0.04420574 0.03232859 0.03422619
v 0.04664944 0.03027408 0.03242903
v 0.04659418 0.02999659 0.03267511
v 0.04447634 0.03153775 0.03524425
v -0.09132669 0.01561138 -0.06854121
v -0.09219338 0.01399721 -0.06973427
v -0.09027950 0.01451992 -0.06753983
v -0.09003387 0.01561129 -0.06601930
v -0.08908352 0.01826003 -0.06417370
v -0.08852346 0.01854057 -0.06365389
v -0.09069408 0.01716626 -0.06698510
v -0.08266523 0.00540477 -0.05715814
v -0.08337135 0.00669164 -0.05792300
v 0.04641540 0.02925938 0.03302651
v 0.04173767 0.03363924 0.03738271
v -0.08314788 -0.02257878 -0.05063596
v -0.08405583 -0.02804517 -0.05033441
v -0.09104828 -0.01587641 -0.06447993
v -0.09088802 -0.01563111 -0.06135637
v -0.08964866 -0.00476130 -0.07455602
v -0.08950642 0.00399037 -0.07463969
v -0.08792162 0.00375134 -0.07265398
v -0.08853087 -0.00459458 -0.07318462
v 0.04180395 0.03421858 0.03674608
v 0.04178912 0.03401878 0.03566662
v 0.04569835 0.02658023 0.02858646
v 0.04506985 0.02836397 0.02934372
v -0.08306746 -0.00342418 -0.07023224
v -0.08001088 -0.00273593 -0.07010152
v -0.07836234 -0.00479935 -0.04710853
v -0.07757487 -0.00092467 -0.04502020
v -0.07917133 0.00384607 -0.05566403
v -0.07939894 0.00555776 -0.05402292
v -0.08425155 -0.02013481 -0.06678699
v -0.08040158 -0.02741512 -0.05896899
v -0.08440688 -0.02224200 -0.06489638
v -0.07635476 -0.02811806 -0.05690761
v -0.07612908 -0.02899400 -0.05437663
v -0.07861975 -0.02899130 -0.05600014
v 0.04517032 0.02804689 0.03089222
v 0.04600476 0.02676932 0.02952034
v 0.04675950 0.02565560 0.02793187
v 0.04695951 0.02562385 0.02862042
v 0.03934184 0.02553490 0.02509410
v 0.03904636 0.02600269 0.02534656
v 0.03874182 0.02671372 0.02567278
v -0.08762023 -0.02028204 -0.05858757
v -0.08935800 -0.01868553 -0.06139049
v 0.03944402 0.02514159 0.02491738
v -0.07764330 -0.00453667 -0.05353984
v -0.07662815 -0.00623536 -0.05561628
v -0.07569344 -0.00478695 -0.05338706
v -0.09000605 -0.00072210 -0.06395888
v -0.09119756 -0.00849479 -0.06392644
v -0.08380745 0.00882627 -0.05311437
v 0.03929807 0.02470353 0.02480242
v -0.08125076 -0.00049674 -0.05273981
v -0.08165658 0.00291650 -0.05089891
v -0.08707596 0.01196268 -0.05305295
v -0.08573641 0.01041314 -0.05363533
v -0.08475009 0.00957359 -0.05337527
v -0.08558673 0.01018739 -0.05244013
v -0.07128783 -0.01356165 -0.05516904
v -0.07365499 -0.01532520 -0.05303061
v -0.07517280 -0.01224417 -0.05236901
v 0.03884139 0.02428201 0.02472400
v 0.03917718 0.02380667 0.02485067
v 0.06248464 -0.00851044 0.02213940
v 0.06210455 0.00130856 0.02014399
v -0.08841977 0.01768849 -0.06139985
v -0.08893670 0.01597331 -0.06246361
v -0.08642720 0.01027290 -0.06995006
v 0.06472420 -0.00642207 0.01777119
v 0.04618704 0.01998152 0.02947208
v -0.08406049 0.01054518 -0.05782313
v -0.08340126 0.00933193 -0.05899013
v 0.04677643 0.02036288 0.02857250
v -0.08257950 0.02295993 -0.06221750
v -0.08322606 0.02039205 -0.05894319
v -0.08283505 0.02074858 -0.05773151
v -0.08217022 0.02556855 -0.05761286
v 0.04581955 0.02030141 0.02918452
v -0.07554854 -0.03161677 -0.05038579
v -0.07816069 -0.03121217 -0.05340536
v -0.07780707 -0.03005512 -0.05412601
v -0.07596738 -0.03016663 -0.05204995
v -0.07943017 -0.01808901 -0.05273360
v -0.07785635 -0.01861148 -0.05481637
v 0.04645235 0.02076751 0.02842951
v -0.09112559 -0.01443255 -0.06787856
v -0.09078991 -0.01535643 -0.06661488
v -0.09170339 -0.01126425 -0.06898886
v -0.09192176 -0.00983173 -0.07007322
v 0.04745231 0.02120148 0.02770888
v 0.04767755 0.02080588 0.02744477
v 0.04406082 0.01957665 0.03056318
v 0.03844276 0.02270077 0.02601694
v 0.03855336 0.02284748 0.02570696
v -0.07902268 0.00316527 -0.06090695
v -0.07877853 0.00177948 -0.05970016
v -0.08183477 0.01526303 -0.06096158
v -0.08435169 0.01714685 -0.06220599
v -0.08425767 0.01955105 -0.05891491
v -0.08230492 0.01792695 -0.05886776
v -0.08816679 0.01112989 -0.07182372
v 0.04469539 0.02023947 0.02949899
v 0.04245050 0.01920937 0.03128330
v 0.03770999 0.02261333 0.02646079
v 0.03954413 0.02291908 0.02565850
v 0.03940756 0.02329455 0.02514826
v -0.08360233 0.00775832 -0.05868201
v -0.08394250 0.00791032 -0.05945158
v 0.04562259 0.02052103 0.02893755
v -0.08335936 0.00818696 -0.05823504
v 0.04601828 0.02113844 0.02807978
v 0.04701100 0.02176314 0.02783689
v -0.08060277 0.00521534 -0.05344158
v -0.08280271 0.00411381 -0.05348338
v -0.08683901 0.01222742 -0.05451601
v -0.08944803 0.01579947 -0.05690190
v -0.08833342 0.01649613 -0.05851979
v -0.08633057 0.01302839 -0.05470517
v 0.04596500 0.02297189 0.02696720
v 0.04648758 0.02388951 0.02710979
v 0.04671779 0.02269445 0.02764760
v -0.08223020 0.01002523 -0.05342033
v 0.04695003 0.02363127 0.02767727
v 0.04611177 0.02210484 0.02730965
v -0.01646355 -0.03593514 -0.12944943
v -0.01824625 -0.02517818 -0.13620909
v 0.04671467 0.02481482 0.02737157
v 0.04698645 0.02461265 0.02800351
v 0.04792066 0.02021816 0.02741738
v 0.04793219 0.02139166 0.02733628
v 0.04823706 0.02321324 0.02675580
v 0.04848509 0.02040024 0.02697798
v -0.08540951 0.01986207 -0.05168525
v -0.08538906 0.02143926 -0.05513883
v -0.08666705 0.02222491 -0.05565888
v -0.08617419 0.02059427 -0.05214872
v -0.08998948 0.01432615 -0.06567460
v 0.04916300 0.02039831 0.02631492
v 0.04871321 0.01869973 0.02642816
v 0.04947622 0.02395893 0.02640942
v 0.05102388 0.02384157 0.02597748
v -0.09321924 0.01123055 -0.07035464
v -0.08104380 -0.00415538 -0.05673494
v -0.07844164 -0.00700875 -0.05736173
v 0.05033303 0.02032762 0.02506063
v 0.04965710 0.01838809 0.02536990
v 0.04766596 0.02212063 0.02744826
v -0.06888213 -0.00801528 -0.05573707
v -0.06917872 -0.00686701 -0.05551098
v -0.06980963 -0.00708103 -0.05647068
v -0.06974199 -0.00798777 -0.05701021
v 0.04776065 0.02326002 0.02709097
v 0.04902812 0.02531081 0.02780116
v -0.07316627 -0.01318496 -0.05812177
v -0.07549082 -0.01388597 -0.05697130
v -0.07459021 -0.01536982 -0.05525959
v -0.07261097 -0.01441491 -0.05716399
v 0.04990051 0.02616746 0.02769399
v 0.04820421 0.02486991 0.02806909
v 0.04776042 0.02594850 0.02946019
v 0.04834438 0.02655640 0.02929049
v -0.06850661 -0.01054882 -0.05632401
v -0.06869419 -0.00917943 -0.05600359
v -0.06945162 -0.00963298 -0.05750256
v -0.06909414 -0.01109511 -0.05814031
v 0.04912950 0.02708925 0.02897759
v 0.04779444 0.02803610 0.03080429
v -0.08747603 0.01810326 -0.05977336
v -0.08916275 0.01798652 -0.06167544
v 0.04832642 0.02856052 0.03067251
v 0.04724682 0.02743622 0.03101652
v 0.04776038 0.02454593 0.02803769
v -0.09568210 0.00979480 -0.06868795
v -0.09589874 0.00786468 -0.06980787
v -0.09227999 0.01512579 -0.06766150
v -0.09294041 0.01326694 -0.06892799
v 0.04725265 0.02555948 0.02929862
v 0.04648178 0.02697825 0.03054862
v 0.04582063 0.02815692 0.03291756
v -0.07822043 -0.01243745 -0.04611332
v -0.07929772 -0.01216968 -0.04782277
v -0.07907987 -0.01379699 -0.04774794
v -0.09680215 0.01229991 -0.06822894
v -0.09562898 0.01547786 -0.07039821
v -0.07926533 -0.03002918 -0.04104451
v -0.07836396 -0.03169903 -0.03940460
v -0.04818708 -0.10541301 -0.02090540
v -0.06126164 -0.10044280 -0.03462895
v -0.06116459 -0.11137852 -0.03374607
v -0.04869654 -0.11620929 -0.02044540
v -0.08639403 0.01545886 -0.05115703
v -0.08469134 0.01843160 -0.05102262
v 0.04425043 0.03003277 0.03536621
v 0.04344516 0.02982657 0.03321883
v 0.04144574 0.03231595 0.03744994
v -0.06848791 -0.01251695 -0.05675795
v -0.06855809 -0.01266652 -0.05676256
v -0.07120218 -0.01432404 -0.05638982
v -0.07299589 -0.00857174 -0.05372039
v -0.06943833 -0.00818730 -0.05509606
v 0.04058009 0.03140002 0.03541817
v 0.03609737 0.03611062 0.03721715
v 0.04381897 0.03482229 0.03670419
v 0.04002510 0.03136043 0.03360004
v 0.03691540 0.02823559 0.02724373
v 0.03506285 0.02856214 0.02818400
v 0.03628542 0.03195028 0.03449611
v -0.07364653 -0.01164212 -0.05812022
v 0.02448318 0.02735162 0.03414091
v 0.02518423 0.02876332 0.03491835
v -0.07322465 -0.00645611 -0.05612618
v -0.07288162 -0.00546254 -0.05491631
v -0.07508886 -0.01813488 -0.05147200
v -0.07651237 -0.01889993 -0.05317390
v -0.07807503 -0.01948687 -0.04985680
v -0.06946930 -0.01297071 -0.05822043
v -0.08027702 0.00448307 -0.05883783
v 0.03052235 0.02701110 0.02773012
v 0.03030961 0.02644481 0.02742342
v 0.02353027 0.02728727 0.03426932
v 0.02464006 0.02890269 0.03539147
v -0.07643347 -0.01123524 -0.05790735
v -0.07785776 -0.01330309 -0.05963138
v -0.07725838 -0.01503993 -0.05841517
v -0.07593772 -0.01300094 -0.05764735
v -0.08558518 -0.02313426 -0.05720575
v -0.08576810 -0.02143558 -0.05708249
v -0.07666963 -0.01780985 -0.06069622
v -0.08059683 -0.01811872 -0.05833514
v -0.08114254 -0.00138613 -0.05692922
v -0.08213530 0.00147821 -0.05447475
v -0.07844160 -0.00448261 -0.05430558
v -0.07654623 -0.00896929 -0.05693582
v -0.07845980 -0.01118032 -0.05924529
v -0.07307429 -0.00752179 -0.05402438
v -0.07623421 -0.00702390 -0.05252228
v -0.07599062 -0.00599698 -0.05289641
v -0.07303685 -0.00658302 -0.05437177
v -0.08509054 0.00949773 -0.06024276
v -0.08306850 0.01657322 -0.04896208
v -0.08462223 0.01305658 -0.05037405
v -0.08319994 0.02824235 -0.07289310
v -0.08142734 0.01968482 -0.07849275
v -0.08201119 0.01960670 -0.06629606
v -0.07427396 -0.00989762 -0.05790679
v -0.06933013 -0.00646468 -0.05561594
v -0.06993777 -0.00698667 -0.05556102
v -0.09087609 -0.01854281 -0.06529182
v -0.07893067 -0.02037596 -0.04914346
v -0.07967010 0.00332424 -0.05402452
v -0.08919279 -0.00974723 -0.07323378
v -0.08831991 -0.01530699 -0.07108833
v -0.07930232 0.00472645 -0.05405363
v -0.07952827 0.00577333 -0.05412823
v -0.07734152 -0.01892324 -0.05419691
v -0.07890915 -0.01868768 -0.05147710
v -0.07982663 0.00601569 -0.05382340
v -0.07961240 -0.01264447 -0.04923640
v -0.08960756 0.00936185 -0.06466230
v 0.02911200 0.03102784 0.03523735
v 0.03173500 0.02789652 0.02822780
v -0.08163360 -0.03026545 -0.05847941
v -0.07998727 -0.03175845 -0.05524875
v 0.03093143 0.02745974 0.02801587
v -0.06984673 -0.00722965 -0.05500144
v 0.02725560 0.02988239 0.03483739
v -0.07327268 -0.01522553 -0.05463143
v -0.07349966 -0.00808819 -0.05654422
v 0.02868890 0.03191100 0.03737860
v 0.02614907 0.03021293 0.03620724
v 0.03692710 0.03229687 0.03649379
v -0.07837347 -0.00895768 -0.05144157
v -0.07811834 -0.01111497 -0.05108908
v -0.07964162 -0.01038703 -0.04913755
v 0.02134489 0.07550561 -0.14547041
v 0.02086334 0.05914620 -0.14996348
v -0.08188295 -0.01748950 -0.05974340
v -0.07769944 -0.01568561 -0.06255843
v -0.07962729 -0.01484326 -0.06404591
v -0.08410821 -0.01620539 -0.06058613
v -0.08705044 -0.02042254 -0.06854637
v -0.08549631 -0.02500151 -0.06505358
v -0.08746417 -0.02632739 -0.06468061
v -0.08994403 -0.02147852 -0.06829147
v 0.04107185 0.06116186 -0.14052053
v 0.04096615 0.07538461 -0.13678025
v -0.08358733 0.04514622 -0.08058337
v -0.08348075 0.03413710 -0.06563091
v -0.08387797 0.05168508 -0.06875255
v -0.08765549 0.01863696 -0.06675147
v -0.08747467 0.01646709 -0.06845494
v -0.09313527 0.01708194 -0.07105374
v -0.08159433 0.02371554 -0.05274463
v -0.08247820 0.02096061 -0.05643857
v -0.08483073 0.02072313 -0.05505155
v -0.09316472 -0.00525824 -0.07544006
v 0.04262850 0.03000166 0.03151596
v 0.03797830 0.02754755 0.02643907
v 0.05125452 0.07662480 -0.12875442
v 0.05025915 0.08564724 -0.12517291
v 0.04133720 0.08759359 -0.13082920
v 0.03865494 -0.06472390 -0.10529099
v 0.02817754 -0.07656489 -0.11235374
v -0.07980656 0.00481982 -0.04789197
v -0.08186289 0.00500448 -0.05010330
v 0.02119723 0.02685698 0.03597765
v -0.08328436 -0.01899537 -0.06778942
v 0.02292367 0.02892747 0.03640765
v -0.08564067 -0.01814450 -0.05744494
v -0.08820556 -0.01715110 -0.05905349
v -0.09333096 0.01842230 -0.06034222
v -0.09084539 0.01630315 -0.05849559
v 0.02015754 0.02502982 0.03561617
v 0.02001017 0.02473518 0.03578416
v 0.02079621 0.02697303 0.03578198
v 0.02222281 0.02911715 0.03620795
v 0.02506328 0.03064700 0.03700450
v 0.02465083 0.03110530 0.03743558
v 0.02823316 0.03370380 0.03876155
v 0.02846938 0.03272970 0.03889050
v 0.03646783 0.03393523 0.03844677
v 0.03655861 0.03504594 0.03851842
v 0.02779871 0.03452214 0.03800054
v 0.02429139 0.03143588 0.03678191
v 0.02739207 0.03500537 0.03654689
v 0.02411922 0.03182738 0.03587532
v 0.03710570 0.03549425 0.03640674
v 0.03658162 0.03539298 0.03793899
v 0.02334400 0.02181918 0.03530044
v 0.02101081 0.02261769 0.03532090
v 0.02368290 0.02199363 0.03544835
v 0.02076154 0.02281918 0.03539605
v 0.02480002 0.02237212 0.03450004
v 0.02021191 0.02358479 0.03519905
v 0.02007839 0.02334824 0.03536640
v -0.01221095 -0.11562078 0.02004726
v -0.01171213 -0.12423760 0.01488923
v 0.02494432 0.02226024 0.03457314
v 0.02037620 0.02707872 0.03546344
v 0.01919084 0.02431627 0.03585837
v 0.01932891 0.02674140 0.03468303
v 0.01884901 0.02400012 0.03501235
v 0.02114635 0.02954402 0.03468271
v 0.02184096 0.02926673 0.03515365
v 0.01922070 0.02322175 0.03547399
v 0.01949665 0.02270057 0.03532743
v 0.01864785 0.02285662 0.03561350
v 0.01895906 0.02203000 0.03565174
v 0.02568936 0.01840028 0.03637788
v 0.02548962 0.01709277 0.03681678
v 0.02267287 0.02032827 0.03603543
v 0.02229992 0.01916046 0.03631195
v 0.03449112 0.01350547 0.03599863
v 0.03771284 0.01368246 0.03497221
v 0.03432283 0.01174543 0.03615477
v -0.00885210 -0.01240246 0.06145981
v -0.01016328 -0.01302667 0.06017873
v -0.00821576 -0.01129754 0.05895393
v -0.00778054 -0.01115909 0.05954408
v 0.03766695 0.01181564 0.03489379
v 0.02909414 0.01229228 0.03728005
v 0.02936792 0.01369442 0.03698766
v 0.03543307 -0.12042972 -0.00777776
v 0.04865851 0.01523247 0.02631968
v 0.04971229 0.01423411 0.02578964
v 0.04800087 0.01324665 0.02760789
v 0.04715940 0.01473601 0.02788690
v 0.04548582 0.01430286 0.02968968
v -0.00980254 -0.02265498 0.06151540
v -0.00875306 -0.02118466 0.06057753
v -0.01026705 -0.02176351 0.05931188
v -0.01153797 -0.02254503 0.06056839
v 0.04564908 0.01243241 0.02966297
v 0.04317935 0.01209656 0.03167817
v 0.04323259 0.01392586 0.03165190
v 0.04110043 0.01391988 0.03309983
v 0.04091738 0.01183432 0.03313947
v 0.05209408 0.01915402 0.02415938
v 0.05326558 0.02291891 0.02470001
v 0.05344227 0.01800998 0.02322648
v 0.05588057 0.02264867 0.02292063
v 0.01800960 0.02750089 0.03580565
v -0.00706328 -0.01097214 0.05860834
v -0.00576687 -0.01261661 0.06191824
v -0.00708436 -0.01238306 0.06238674
v -0.00738849 -0.01118404 0.05902797
v 0.01809042 0.02386326 0.03560592
v 0.01640359 0.02726463 0.03775908
v 0.01679935 0.02403244 0.03728323
v 0.01769133 0.02992374 0.03942562
v 0.01912014 0.03061406 0.03622830
v 0.01813443 0.02263971 0.03598542
v 0.01843116 0.02130472 0.03579790
v 0.01739830 0.02225666 0.03691119
v 0.01786161 0.02062610 0.03672522
v 0.02540908 0.01568990 0.03710302
v 0.02524393 0.01436230 0.03723863
v 0.02200069 0.01811793 0.03683289
v 0.02126166 0.01705388 0.03736666
v 0.04971480 -0.01176538 -0.12104450
v 0.05378290 0.03239441 -0.13094726
v 0.05085067 0.04110568 0.03533626
v 0.04878981 0.03648912 0.03658575
v 0.04559270 0.03812687 0.03854923
v 0.04688619 0.04417018 0.03833092
v 0.05346997 0.04653487 0.03334336
v 0.05601197 0.04216769 0.03068439
v 0.05358430 0.03782131 0.03288233
v 0.05130984 0.03414607 0.03448296
v 0.05538637 0.02656915 0.02636610
v 0.05287070 0.02647395 0.02744329
v 0.05335284 0.02845356 0.02925532
v 0.05579609 0.03024338 0.02811497
v 0.05797331 0.02735010 0.02402204
v 0.05876025 0.03230545 0.02584144
v 0.05524638 0.03387220 0.03044829
v 0.05261600 0.03097683 0.03186369
v 0.05784525 0.03685965 0.02807750
v 0.02544359 0.03751272 0.04235373
v 0.02576274 0.03629157 0.03850300
v 0.02311518 0.03320576 0.03629552
v 0.02175276 0.03259287 0.03882353
v 0.02585048 0.03977274 0.04458485
v 0.02017969 0.03315720 0.04160036
v 0.03990394 0.04567384 0.04257634
v 0.03837529 0.03968417 0.04101746
v 0.02654548 0.03501393 0.03516537
v 0.02458636 0.03287487 0.03560497
v 0.02634039 0.03477153 0.03527118
v 0.02449663 0.03274621 0.03573523
v 0.05901472 0.09672651 -0.10666673
v 0.06114864 0.10261008 -0.09398304
v 0.04430381 0.11387487 -0.09995177
v 0.04350297 0.10644507 -0.11261920
v 0.04454072 0.03213190 0.03399902
v 0.04506413 0.03254712 0.03369593
v 0.04733445 0.03059487 0.03249855
v 0.04685581 0.03019742 0.03223401
v 0.04875734 0.02847132 0.03014745
v 0.04919159 0.02847787 0.03087309
v 0.05018375 0.02736979 0.02961115
v 0.04978786 0.02733269 0.02896509
v 0.05035076 0.02647821 0.02789381
v 0.05073451 0.02659058 0.02807957
v 0.02393642 0.03299802 0.03573324
v 0.02590452 0.03505033 0.03602557
v 0.05280455 0.06411120 -0.13092664
v 0.04452640 0.07425909 0.02616899
v 0.05186476 0.07124678 0.01925506
v 0.05042302 0.06516521 0.02446418
v 0.04621170 0.03375797 0.03587537
v 0.04884902 0.03208523 0.03432668
v 0.05053763 0.02965214 0.03194264
v 0.05155738 0.02775255 0.02994088
v 0.05194632 0.02670750 0.02842418
v 0.07532458 -0.01351083 -0.04043336
v 0.07543180 -0.01365894 -0.04247401
v 0.08269006 -0.00460291 -0.06967320
v 0.08062091 0.00188621 -0.06886265
v 0.07924289 0.00547922 -0.06741996
v 0.08375069 0.01394047 -0.05292485
v 0.08585469 0.01723525 -0.05591722
v 0.08820536 -0.02281095 -0.06113339
v 0.08469602 -0.02495524 -0.05733974
v -0.09342825 0.02160011 -0.06098883
v 0.08784795 -0.02188823 -0.06184313
v 0.09283327 0.01279482 -0.06505965
v 0.09319181 0.01113677 -0.06651682
v 0.09405980 0.01071767 -0.06614587
v 0.04265235 -0.03464220 -0.11292022
v 0.04747865 -0.02134900 -0.11807574
v 0.09346630 0.00934238 -0.06795482
v 0.07666979 -0.00909697 -0.04558540
v 0.08380073 -0.00485927 -0.06979578
v 0.08556716 -0.00521423 -0.07128973
v 0.08674468 -0.01017630 -0.07110700
v 0.08584368 -0.00983907 -0.07068413
v 0.08615989 -0.01551147 -0.06907703
v 0.08531519 -0.01480396 -0.06876452
v 0.08938891 -0.01895860 -0.06464774
v 0.08977783 -0.01459509 -0.06750864
v 0.08689581 0.01756744 -0.05731688
v 0.08694533 0.01693984 -0.05651350
v 0.08771708 0.01746454 -0.05763647
v 0.07765663 -0.01036792 -0.04708786
v 0.08168240 0.01146563 -0.05302847
v 0.08159634 0.00976594 -0.05113358
v 0.08119605 0.01023309 -0.05170684
v 0.07542243 -0.00587225 -0.05188328
v 0.07509716 -0.00501275 -0.05212795
v 0.07675169 -0.00727252 -0.05136451
v 0.07844719 -0.00836068 -0.04884214
v 0.07337643 -0.01650743 -0.05119712
v 0.07324846 -0.01738562 -0.05259578
v 0.07295515 -0.01799886 -0.05150765
v 0.09009305 0.02300427 -0.06023753
v 0.08167713 0.00879572 -0.05069082
v 0.08304885 0.00985044 -0.05102359
v 0.08378153 0.01099808 -0.05136248
v 0.08864883 0.01657563 -0.05764806
v 0.08436923 0.01185224 -0.05154372
v 0.08314011 0.01200920 -0.05188074
v 0.08465060 0.01361976 -0.05265945
v 0.08233231 0.01208117 -0.05235266
v 0.07875858 -0.01380863 -0.06466781
v 0.07735464 -0.01391453 -0.06271091
v 0.07586548 0.00751249 -0.04134402
v 0.07656323 0.00514730 -0.04377758
v 0.08371436 -0.02572750 -0.05488867
v 0.07933398 0.01139547 -0.06123193
v 0.08046398 0.01499294 -0.06293912
v 0.09121465 -0.01033267 -0.06923319
v 0.08381963 -0.01691009 -0.05886087
v 0.08157353 -0.01806238 -0.05775928
v 0.08617400 -0.01540161 -0.06026556
v 0.08822405 -0.01272044 -0.06202860
v 0.07762716 0.00265154 -0.05586219
v 0.08754436 0.00732372 -0.06117846
v 0.08797357 0.00505390 -0.06237337
v 0.08606975 0.00749969 -0.05991782
v 0.08130995 0.01890405 -0.06091587
v 0.08145623 0.01887924 -0.05839911
v 0.07875489 0.01476215 -0.06005451
v 0.08126713 0.01696125 -0.05798704
v 0.07506768 -0.01308609 -0.05095199
v 0.07342752 -0.01871933 -0.05406267
v 0.07535160 -0.01753159 -0.05599225
v 0.07463606 -0.01926758 -0.05502025
v 0.07609909 -0.01853595 -0.05695115
v 0.07629716 -0.01737040 -0.05846545
v 0.07643058 -0.01571222 -0.05985444
v 0.07685834 -0.01341205 -0.06039289
v 0.07441691 -0.00906351 -0.05184016
v 0.08049440 0.02038031 -0.04911122
v 0.07407939 -0.01094495 -0.05181193
v 0.07580487 -0.00718602 -0.05159364
v 0.07582293 -0.00894937 -0.05119263
v 0.07541860 -0.01090041 -0.05088292
v 0.07967219 -0.02079201 -0.05133780
v 0.07983431 -0.01940726 -0.05409260
v 0.07883564 -0.02019334 -0.05063597
v 0.08030796 -0.01900292 -0.05639478
v 0.07770833 -0.01979009 -0.05039003
v 0.08081872 0.01273821 -0.06033845
v 0.08143774 0.01629467 -0.05984793
v 0.07515261 -0.00977636 -0.03871574
v 0.06667059 -0.00204195 0.01230836
v 0.06771986 0.00786454 0.00638136
v 0.02656344 -0.04774169 0.05214826
v 0.02622528 -0.04912646 0.05340075
v 0.05949309 -0.01144013 0.02642994
v 0.05523470 -0.01539314 0.03142721
v 0.02493728 -0.04170327 0.05611572
v 0.02363594 -0.04046190 0.05622386
v 0.02236708 -0.03992273 0.05691769
v 0.02357507 -0.04140556 0.05638913
v 0.02054037 -0.03730126 0.06015079
v 0.02181998 -0.04094463 0.05899663
v 0.02209688 -0.04082603 0.05893009
v 0.02137800 -0.03717420 0.05933658
v 0.03026556 -0.03495913 0.05424514
v 0.03343860 -0.02942686 0.04851655
v 0.03636997 -0.03161033 0.04895409
v 0.03317762 -0.03576450 0.05360911
v 0.02355583 -0.04479990 0.05253717
v 0.02413585 -0.04403196 0.05198272
v 0.02344322 -0.04294307 0.05460844
v 0.02278578 -0.04209295 0.05454463
v 0.02282447 -0.04527882 0.05413262
v 0.02164562 -0.04273392 0.05601357
v 0.02650529 -0.04704411 0.05063518
v 0.02648181 -0.04509532 0.04908951
v 0.03602692 -0.04409070 0.05316940
v 0.03181492 -0.04318199 0.05422238
v 0.03354772 -0.04219675 0.05418468
v 0.03807638 -0.04181637 0.05262249
v 0.02748324 -0.02414710 0.04773629
v 0.03094049 -0.02650544 0.04773718
v 0.02706837 -0.03282572 0.05310127
v 0.02383615 -0.02882208 0.05232905
v 0.02061005 -0.02446021 0.05241022
v 0.02377402 -0.02029412 0.04816489
v 0.02109378 -0.01394158 0.05442384
v 0.02264316 -0.01938272 0.05682089
v 0.02234926 -0.02015640 0.06065607
v 0.02245584 -0.01751479 0.05909660
v 0.01956776 -0.02584934 0.05971847
v 0.02261572 -0.02283910 0.05510884
v 0.01411878 -0.02596265 0.06087932
v -0.01417578 -0.02187964 0.06098337
v -0.01285819 -0.01999486 0.06012404
v -0.01318763 -0.01908082 0.06185836
v -0.01612445 -0.01995861 0.06263553
v 0.01361307 -0.02515006 0.06114131
v 0.01964502 -0.02647148 0.05901692
v -0.00523459 -0.01868108 0.06901237
v -0.00672000 -0.01656651 0.06881884
v -0.00544301 -0.01795982 0.06693008
v -0.00519722 -0.01968115 0.06638883
v 0.01904979 -0.02771889 0.05788814
v 0.01457401 -0.02681800 0.06092542
v 0.01228546 -0.02350497 0.06108837
v 0.01604786 -0.02366496 0.06081042
v -0.00927550 -0.01640788 0.06795684
v -0.01174414 -0.01563564 0.07016148
v -0.01399074 -0.01586665 0.06846920
v -0.01103223 -0.01710738 0.06636199
v -0.00573752 -0.01718716 0.06245385
v -0.00693969 -0.01902091 0.06363170
v -0.00487042 -0.01587438 0.06576069
v -0.01284963 -0.01694356 0.06019096
v -0.01256358 -0.01830247 0.05894022
v -0.01011732 -0.01416933 0.05891703
v -0.01043208 -0.01379667 0.05854554
v 0.01887801 -0.02061394 0.06239884
v 0.00482304 -0.01964519 0.06878343
v 0.00627564 -0.01849543 0.07083197
v 0.01166062 0.01408370 0.05285542
v 0.01511755 0.00988949 0.04953451
v 0.01176890 0.01092445 0.05487387
v 0.01491807 0.00679101 0.05141694
v 0.01822591 -0.01667893 0.06552194
v 0.02081755 -0.01489088 0.06452890
v 0.01489821 -0.01446965 0.06936610
v 0.01594674 -0.01172469 0.06903515
v 0.00538706 0.03230962 0.05072926
v 0.00231979 -0.02440247 0.06489726
v 0.00294567 -0.02516487 0.06489614
v 0.00200864 -0.02210500 0.06633525
v 0.02207504 0.09920850 -0.13136885
v 0.02254584 0.11188128 -0.11960956
v 0.02148687 0.12515078 -0.09564221
v 0.01902664 0.12935407 -0.08286437
v 0.00565823 -0.05076880 0.06862834
v 0.00502403 -0.04672276 0.06929245
v 0.01364333 -0.05466229 0.05433630
v 0.00874719 -0.05701314 0.05525679
v 0.00906159 -0.05965092 0.05893788
v 0.01411678 -0.05748003 0.05797746
v 0.01727906 -0.05346152 0.05666861
v 0.01805509 -0.05060818 0.05343435
v 0.01317969 -0.05178271 0.05154914
v 0.00775643 -0.05385646 0.05158523
v 0.01284603 -0.05992755 0.06527331
v 0.00820848 -0.06151339 0.06765123
v 0.00681278 -0.05885266 0.06919075
v 0.01248321 -0.05835409 0.06715442
v 0.02070595 -0.03218756 0.05697938
v 0.01731972 -0.03093323 0.06036230
v 0.01266053 -0.02960781 0.06377849
v 0.00857209 -0.02897878 0.06625912
v 0.00764124 -0.02592390 0.06459033
v 0.01062656 -0.02605719 0.06272823
v 0.00720274 -0.02461175 0.06383106
v 0.01013502 -0.02497498 0.06222450
v 0.00968121 -0.02389739 0.06184232
v 0.00997168 -0.02339613 0.06182778
v 0.00791964 -0.02264221 0.06289817
v 0.00867216 -0.02245097 0.06273508
v 0.00683946 -0.02345810 0.06323550
v 0.00519005 0.00478837 0.06959806
v 0.00520164 0.00861405 0.06615099
v 0.00881342 -0.04432207 0.06761175
v 0.00499762 -0.04316529 0.06972543
v 0.00585917 -0.03683820 0.07017463
v 0.01001848 -0.03716292 0.06889480
v 0.01427127 -0.03804208 0.06581414
v 0.01427048 -0.04612346 0.06459349
v 0.00363912 -0.02631600 0.06553572
v 0.00893873 -0.04757799 0.06692926
v 0.00965878 -0.05091080 0.06671000
v 0.01400284 -0.04898948 0.06428357
v 0.01449794 -0.05102602 0.06459921
v 0.01983556 -0.04742863 0.06146250
v 0.02064623 -0.04080303 0.06251016
v 0.02729198 -0.04144197 0.05901418
v 0.02449081 -0.04628976 0.05877151
v 0.03368121 -0.04122331 0.05477421
v 0.02689958 -0.04184050 0.05559454
v 0.02720143 -0.04201300 0.05610371
v 0.02712205 -0.04285520 0.05691442
v 0.03298358 -0.04019533 0.05575910
v 0.03786133 -0.04002126 0.05287983
v 0.03627033 -0.03763834 0.05308605
v 0.03092314 -0.04081678 0.05705984
v 0.02676309 -0.04434371 0.05770104
v 0.02546653 -0.04306518 0.05648845
v 0.02398461 -0.04260479 0.05671613
v 0.02533288 -0.04412666 0.05702123
v 0.02402960 -0.04431193 0.05701198
v 0.02502427 -0.04553269 0.05752245
v 0.02395666 -0.04619893 0.05716931
v 0.02334581 -0.04832624 0.05744790
v 0.02369631 -0.04751311 0.05820218
v 0.02283994 -0.04528546 0.05747290
v 0.02247089 -0.04804100 0.05688306
v 0.02253340 -0.04906522 0.05682835
v 0.02264524 -0.04647762 0.05688735
v 0.02281130 -0.04303732 0.05850834
v 0.02233284 -0.04418254 0.05752283
v 0.02394694 -0.04489527 0.05450195
v 0.02403197 -0.04610170 0.05346289
v -0.05127241 -0.08747275 -0.02171851
v -0.06255163 -0.08618831 -0.03714873
v 0.02272893 -0.04182848 0.05861200
v 0.02274683 -0.04233212 0.05859115
v 0.02285242 -0.04171410 0.05710229
v 0.02306600 -0.04419736 0.05699635
v 0.02301753 -0.04640752 0.05679939
v 0.02298788 -0.04887326 0.05696732
v 0.01550603 -0.05319189 0.06467978
v 0.01896077 -0.05010964 0.06138213
v 0.01971735 -0.05148731 0.06061641
v 0.01655565 -0.05602288 0.06407293
v 0.02019172 -0.05265447 0.05971993
v 0.01838242 -0.04790210 0.05044370
v 0.01655911 -0.05663667 0.06237418
v 0.02208923 -0.04747043 0.05157693
v 0.02283400 -0.04559526 0.04904642
v 0.02148779 -0.04924427 0.05423418
v 0.02469397 -0.04424025 0.05274712
v 0.02460527 -0.04591567 0.05117603
v 0.02628889 -0.04417009 0.04873504
v 0.02577111 -0.04436871 0.04843295
v 0.02033054 -0.05192989 0.05812042
v 0.01887450 -0.04890709 0.06130262
v 0.01068572 -0.05429364 0.06710900
v 0.00585419 -0.05442178 0.06845537
v -0.03639315 0.00341575 0.03758172
v -0.03625316 -0.00073859 0.03850294
v -0.03188040 0.00121640 0.03990072
v -0.03223041 0.00473131 0.03914740
v 0.00602139 -0.00362072 0.07615954
v 0.00556762 0.00106284 0.07265889
v 0.02162525 -0.03805520 0.05775235
v 0.01148117 -0.12975977 0.01043573
v -0.07984115 -0.00832074 -0.04839385
v -0.07905268 -0.00758057 -0.04735560
v -0.08772807 0.01380630 -0.07011820
v 0.02544701 -0.04097453 0.05557978
v 0.02241130 -0.04605694 0.05558698
v 0.01903109 -0.04373100 0.06011325
v 0.03104080 -0.04532105 0.05491634
v 0.02433352 -0.04726558 0.05997726
v 0.02192224 -0.04333155 0.06066584
v 0.02770225 -0.04301528 0.05630603
v 0.01868338 -0.03745086 0.06078705
v 0.02288868 -0.03984549 0.05720242
v -0.09056716 0.01636732 -0.06727363
v 0.02120789 -0.03785305 0.05796470
v 0.01740455 -0.03520016 0.06109899
v 0.01657885 -0.03342925 0.06179862
v 0.02017866 -0.03663018 0.05850144
v 0.01583011 -0.02755158 0.06496015
v 0.01003222 -0.02248494 0.06881504
v 0.01051593 -0.02971314 0.06330402
v 0.01629460 -0.03386783 0.06040276
v 0.02252813 -0.03823514 0.05534156
v 0.02041563 -0.03306123 0.06030921
v -0.08785025 0.02020825 -0.06493887
v -0.08787692 0.02163406 -0.06026997
v -0.08568806 0.02060783 -0.05949575
v -0.08586568 0.01867504 -0.06347290
v 0.01611588 -0.02859716 0.06413455
v 0.02043581 -0.03314077 0.06019609
v 0.00999840 -0.02395439 0.06883897
v 0.02321096 -0.12585354 0.00288464
v 0.02003658 -0.03477485 0.05941891
v 0.01624751 -0.03063313 0.06288047
v 0.01034570 -0.02650493 0.06739002
v 0.01067979 -0.03025503 0.06605422
v 0.01142553 -0.03296497 0.06590843
v 0.01277462 -0.03579332 0.06636032
v 0.01429767 -0.04247304 0.06620505
v 0.01601073 -0.04813444 0.06594425
v 0.00865891 -0.04329629 0.06816333
v 0.00843202 -0.04815784 0.06916576
v 0.00672895 -0.03526390 0.07028969
v 0.00565646 -0.03125077 0.07013614
v 0.00521810 -0.02794788 0.07018536
v 0.00499274 -0.02376883 0.07095017
v 0.00433388 -0.02889281 0.06698781
v 0.00625917 -0.02184034 0.06388945
v 0.00483170 -0.02051325 0.06598642
v 0.00942552 -0.01653344 0.07175634
v 0.00187197 -0.02078805 0.06879211
v 0.01283688 -0.01464484 0.07094318
v 0.01054309 -0.01507379 0.07255036
v 0.01097961 -0.01347611 0.07343117
v 0.01268488 -0.01290673 0.07238619
v 0.00850377 -0.01547400 0.07386200
v 0.00994996 -0.01373872 0.07433028
v 0.00345168 -0.01624687 0.07604828
v 0.00465387 -0.01282461 0.07822404
v 0.00606672 -0.00717530 0.07840396
v 0.00532076 -0.01069757 0.07891233
v 0.01147276 -0.01188386 0.07373242
v 0.01310272 -0.01008625 0.07203604
v -0.09537134 0.01592118 -0.06516803
v 0.01324092 -0.00692033 0.07007168
v 0.01692982 -0.00926940 0.06682149
v 0.00935700 0.13357151 -0.03894747
v 0.00460311 -0.02070238 0.07206351
v 0.00434236 -0.01967980 0.07109762
v -0.08049148 -0.02190965 -0.04846685
v -0.08719638 0.00531952 -0.06237254
v 0.01115160 -0.04663193 0.05888123
v 0.01146566 -0.03746844 0.06106342
v 0.00564749 -0.03757716 0.06170718
v -0.08729032 0.02216365 -0.05781765
v -0.09051675 0.02322664 -0.05842829
v 0.00547433 -0.04493023 0.06096659
v -0.00013741 -0.01873213 0.07225985
v -0.09350253 -0.00536002 -0.07061501
v -0.09600383 0.01457838 -0.06697441
v -0.09449481 0.01302854 -0.06610896
v -0.08845188 0.01401385 -0.05356240
v -0.08212319 -0.01209655 -0.06508616
v -0.08785855 -0.01166573 -0.06204844
v -0.08634236 -0.01446133 -0.06121526
v -0.08139659 -0.01392384 -0.06452175
v -0.07860220 0.00067548 -0.05937036
v 0.00076322 -0.02642082 0.06530187
v 0.00513008 -0.02713129 0.06476685
v -0.00040298 -0.01949108 0.07337862
v 0.00000360 -0.02243870 0.07269136
v 0.00050674 -0.02695895 0.07223806
v 0.00166439 -0.03727098 0.06183314
v 0.00145611 -0.04528657 0.06141188
v -0.07649258 -0.01687670 -0.04001360
v 0.02158193 -0.04480518 0.05626881
v -0.08535235 -0.02725480 -0.05396366
v -0.08613233 -0.02608017 -0.05658061
v -0.03325694 -0.03526879 -0.12346607
v -0.03700938 -0.02360199 -0.12943603
v -0.09516119 -0.00548088 -0.07412844
v 0.02321429 -0.05008114 0.05450901
v 0.01695504 -0.04249749 0.05830886
v 0.01694761 -0.04849796 0.05693573
v 0.00247869 -0.04853804 0.07075779
v 0.00287273 -0.04405664 0.06923440
v 0.00059914 -0.03134716 0.07267575
v 0.00133924 -0.03644370 0.07168982
v 0.02237954 0.11966783 -0.10827244
v 0.06199559 0.07713107 -0.00365112
v 0.06010792 0.07102142 0.00387297
v -0.08784787 0.01877223 -0.06101741
v 0.05377379 0.07821330 0.01043653
v 0.05524440 0.08325749 0.00412606
v 0.06255841 0.08606818 -0.01168611
v 0.05588127 0.09059745 -0.00339045
v 0.03970440 0.12603816 -0.05859754
v 0.04006785 0.12505844 -0.04431319
v 0.02064441 0.13097255 -0.04028914
v 0.03464662 0.12636487 -0.07264198
v 0.04745242 0.11801232 -0.08242180
v 0.04947480 0.12041064 -0.06288867
v 0.04913999 0.11996134 -0.04744165
v -0.08234681 -0.02233086 -0.04945598
v -0.08255855 -0.02794031 -0.04697957
v -0.08086490 -0.02719278 -0.04537546
v -0.08364030 0.00841423 -0.05947497
v 0.02790063 -0.08927295 -0.11405920
v 0.05369630 0.04588271 -0.13115551
v 0.04761058 0.11860252 -0.03361441
v 0.03921545 0.12281971 -0.03060216
v 0.03854537 0.11926685 -0.01837675
v 0.04609237 0.11592467 -0.02198124
v 0.02040028 0.12808004 -0.02594483
v 0.00924862 0.13020396 -0.02418035
v 0.01862371 0.00686301 -0.14807007
v 0.00544959 0.01252987 0.06324655
v 0.05015314 -0.05134871 -0.09568907
v 0.06097174 -0.05207270 -0.07747325
v 0.06631780 -0.10559414 -0.04781583
v 0.07371191 -0.02810606 -0.05718891
v 0.07333319 -0.02733600 -0.05793828
v 0.06517207 -0.06717071 -0.05539657
v 0.06516372 -0.05278515 -0.05740613
v 0.03952286 -0.05031403 -0.10815351
v 0.08218811 -0.01656607 -0.06825047
v 0.08278699 -0.01288403 -0.06962568
v 0.08359902 -0.01735584 -0.06751007
v 0.08411688 -0.01329101 -0.06908806
v 0.08419549 -0.00894251 -0.06988575
v 0.08441559 -0.01914744 -0.06654462
v 0.08137436 0.01920518 -0.05671410
v 0.08347085 0.02061944 -0.05560534
v -0.08223967 -0.01762115 -0.06785033
v -0.08211788 -0.01545770 -0.06922831
v 0.07320285 -0.02917928 -0.05242045
v 0.07303682 -0.02857278 -0.05431879
v -0.06998093 -0.00650385 -0.05620113
v 0.07234419 -0.02877775 -0.05350470
v 0.07219022 -0.02914597 -0.05192768
v 0.07310329 -0.02998979 -0.05053869
v 0.07207288 -0.02965358 -0.05059334
v 0.07989471 0.03686184 -0.04701874
v 0.07066514 -0.02907514 -0.05500919
v 0.07242920 -0.02771070 -0.05757932
v 0.07253409 -0.02813006 -0.05585972
v 0.07191457 -0.02864538 -0.05431134
v 0.07165345 -0.02947831 -0.05204745
v 0.07167274 -0.03024990 -0.04997594
v 0.07241909 -0.03101059 -0.04912209
v -0.08474316 -0.02357882 -0.06481679
v -0.08112609 -0.02875150 -0.05869779
v -0.06601219 -0.08315254 -0.05381443
v -0.06298116 -0.08081622 -0.07057924
v -0.06397300 -0.09259575 -0.06745431
v -0.06615827 -0.09647191 -0.05064074
v -0.07703148 -0.00279314 -0.04156220
v -0.07718991 -0.00987740 -0.04400347
v -0.07726986 -0.01125400 -0.04201838
v 0.08498939 -0.02028913 -0.06673809
v 0.07804915 -0.03073376 -0.05481309
v -0.02738553 -0.10647554 0.01032648
v -0.02397313 -0.12025790 0.00680539
v 0.07999169 0.01171385 -0.06272888
v 0.08023102 0.00962601 -0.06455053
v 0.08294883 0.01114658 -0.06570692
v 0.08275032 0.01343430 -0.06413591
v 0.06078774 -0.01112603 -0.10878400
v 0.06289459 0.00062569 -0.11287870
v 0.01297393 -0.08708259 -0.11906067
v 0.01286535 -0.07347497 -0.11868630
v 0.07804988 0.03434362 -0.09564918
v 0.07999859 0.01341024 -0.06130037
v 0.08285532 0.01534008 -0.06265462
v 0.08307375 -0.00872648 -0.07007109
v 0.07827104 0.01298804 -0.06170728
v 0.07862296 0.01106759 -0.06316571
v 0.08436364 0.01693872 -0.06414909
v 0.08422361 0.01483798 -0.06573194
v 0.08401107 0.01240295 -0.06723783
v 0.07896707 0.00895320 -0.06476542
v -0.07646174 -0.01619729 -0.03651307
v -0.07494772 -0.01680374 -0.02490647
v -0.07578218 0.00012961 -0.02568129
v -0.07630318 -0.00591452 -0.03613710
v 0.08126128 0.01708116 -0.06285132
v 0.08174262 0.06646653 -0.06936036
v 0.08123485 0.06048357 -0.08386016
v 0.07782245 0.08407916 -0.07180743
v 0.07713253 0.07910294 -0.08746871
v 0.07272247 0.07312254 -0.10381904
v 0.07651857 0.05329508 -0.10040747
v 0.08145372 0.01900321 -0.05711738
v 0.08442758 0.02141838 -0.05607078
v 0.06323580 0.09300906 -0.01913009
v 0.06867665 0.08824623 -0.02645309
v 0.05613972 0.09703343 -0.01021983
v 0.05611705 0.10283528 -0.01657950
v 0.06275149 0.09962409 -0.02574353
v 0.07044732 0.09307548 -0.03828479
v 0.08089178 0.05680968 -0.05507896
v 0.07947379 0.07189120 -0.05476802
v 0.07581697 0.07575349 -0.04072109
v -0.06345855 0.03522769 0.01333588
v -0.06504753 0.03419996 0.00955222
v -0.06511196 0.02397214 0.00865413
v -0.06305145 0.02631051 0.01239963
v 0.07529137 0.08884399 -0.05573129
v 0.06627514 0.10269763 -0.04409466
v 0.07028310 0.09930300 -0.05884210
v 0.05915686 0.11154023 -0.04746672
v 0.06152045 0.10980228 -0.06240451
v 0.06151646 0.10738990 -0.07855279
v 0.07219579 0.09547945 -0.07434322
v 0.06102654 0.10553527 -0.03159935
v 0.05461569 0.10807507 -0.02167730
v 0.05598090 0.11228296 -0.03464697
v 0.05241096 0.11244762 -0.02594720
v 0.07340223 0.07703464 -0.03341359
v 0.06707568 -0.03486373 -0.05033672
v 0.06978211 -0.03532149 -0.04409298
v -0.02059717 0.08796957 0.03307987
v -0.01033130 0.08920733 0.03531907
v -0.01063820 0.09616221 0.03021112
v -0.02106863 0.09508493 0.02767960
v 0.07382332 -0.02387670 -0.03542138
v -0.03891051 -0.01456823 -0.13265510
v -0.04063222 -0.00326489 -0.13624549
v -0.02028945 -0.00647588 -0.14380156
v -0.01925403 -0.01691168 -0.13968320
v 0.07105104 0.00108344 -0.00053619
v 0.06981919 0.01326972 -0.00250396
v 0.07453769 0.00553308 -0.01354904
v 0.07352423 -0.00847251 -0.01187946
v -0.02140715 0.11387379 0.00667156
v -0.01090784 0.11523250 0.00931176
v -0.01108041 0.12095414 -0.00027033
v -0.02176820 0.11931199 -0.00259198
v -0.05681647 0.00291552 0.02584256
v -0.05889406 -0.00269121 0.02663827
v -0.05518071 -0.00419045 0.03020703
v -0.05354820 0.00187243 0.02918559
v 0.06804684 0.02734748 -0.00347709
v 0.07203406 0.01965132 -0.01481578
v 0.07229573 0.03661295 -0.01655692
v 0.06814316 0.04411085 -0.00325128
v 0.06384552 0.06767037 -0.11932836
v 0.06618635 0.05007147 -0.11823533
v -0.08245063 -0.03205869 -0.04345104
v -0.08126899 -0.03105543 -0.04231571
v 0.06682523 0.03648687 -0.11751694
v 0.04888233 0.06167606 0.02820354
v -0.01129483 0.12595168 -0.01162114
v -0.02225879 0.12410074 -0.01355638
v 0.02178453 0.08981603 -0.13831426
v 0.04610460 0.08203818 0.01802225
v 0.05549325 0.08920348 -0.11793645
v -0.00131309 -0.07180198 -0.12042733
v 0.04206340 0.09545065 -0.12441396
v 0.07163756 0.09083375 -0.08975364
v 0.06851316 0.08573237 -0.10345501
v 0.06052331 0.07932241 -0.11881495
v 0.06595918 0.01924057 -0.11686097
v 0.04648260 0.11148755 -0.01468406
v 0.06053690 0.02831972 0.02051065
v 0.05882043 0.02178167 0.01896178
v 0.06131588 0.03519874 0.02174601
v 0.05610678 0.01484440 0.02055686
v 0.01870610 0.00592220 0.04662112
v 0.01841195 0.00262798 0.04827827
v 0.01762806 -0.00016382 0.05057019
v 0.02192420 -0.00085928 0.04561601
v 0.02080170 -0.00437755 0.04723953
v 0.01432341 0.00043943 0.05600758
v 0.01446117 0.00362560 0.05381496
v 0.01711245 -0.00318019 0.05237687
v 0.01725316 -0.00618991 0.05485114
v 0.01432886 -0.00241673 0.05941165
v 0.02202376 -0.02292504 0.05286342
v 0.02186053 -0.01611089 0.04914176
v 0.01965502 -0.01059790 0.05101201
v 0.02424199 -0.00792546 0.04493042
v 0.02321677 -0.01141187 0.04661440
v 0.02003919 -0.00721049 0.04891394
v 0.02616210 -0.00426939 0.04357278
v 0.01923384 -0.00976271 0.05862815
v 0.02156682 -0.01342682 0.06229439
v 0.01547176 -0.00578297 0.06346618
v 0.01253714 -0.00321117 0.06650241
v 0.01191600 0.00052128 0.06265811
v 0.02246102 0.00252000 0.04440697
v 0.02714841 -0.00065232 0.04258158
v 0.02682256 -0.01530820 0.04543247
v 0.03154971 -0.01791274 0.04456023
v 0.02900588 -0.01065188 0.04353935
v 0.03327267 -0.01280839 0.04259274
v 0.03037944 -0.00708923 0.04265592
v 0.03449393 -0.00930025 0.04129765
v 0.03515082 -0.02106725 0.04453349
v 0.03817050 -0.02371817 0.04453539
v 0.04087387 -0.02783844 0.04505975
v 0.04126717 -0.01895040 0.04134145
v 0.04502244 -0.02317119 0.04111411
v 0.04343185 -0.01419725 0.03855136
v 0.04756556 -0.01853243 0.03793087
v -0.01367403 0.01352443 0.04733462
v -0.01409168 0.01603250 0.04439772
v -0.01840605 0.01146860 0.04286674
v -0.01793195 0.00891676 0.04464870
v -0.00834796 0.06538252 0.04852225
v -0.00911188 0.06972475 0.04502764
v -0.01821898 0.06933476 0.04366989
v -0.01761212 0.06512661 0.04792551
v 0.03774216 -0.01535863 0.04161097
v 0.03937076 -0.01188418 0.03962011
v 0.03575392 -0.00573391 0.03972945
v 0.03169245 -0.00327191 0.04116578
v 0.04469891 -0.00308042 0.03561546
v 0.04446997 -0.00909326 0.03681329
v 0.04017023 -0.00737526 0.03819365
v 0.04075876 -0.00228286 0.03714138
v 0.04975713 -0.01177061 0.03502817
v 0.04940167 -0.00384301 0.03368665
v 0.04830935 0.00146735 0.03232862
v 0.03363070 0.00909998 0.03707787
v 0.02873307 0.00983651 0.03815322
v 0.03711793 0.00884954 0.03599529
v 0.04431072 0.00137196 0.03456970
v 0.04083324 0.00204193 0.03610243
v 0.05125942 0.01087251 0.02579487
v 0.04899553 0.00969175 0.02811413
v 0.04354021 0.00854458 0.03271233
v 0.04059269 0.00860662 0.03434153
v 0.04648636 0.00889620 0.03054883
v 0.02453333 0.01207688 0.03855117
v 0.01990604 0.01488719 0.03898886
v 0.06050703 -0.06555030 -0.07365119
v 0.01162007 0.00386622 0.05960681
v 0.01156196 0.00744075 0.05687184
v 0.01822593 0.03440259 0.04415165
v 0.01551563 0.03054944 0.04193116
v 0.00861047 0.03207921 0.04807438
v 0.02332463 0.04155223 0.04769143
v 0.01686302 0.01857355 0.03944494
v -0.02281421 0.00831925 0.04157778
v -0.02219995 0.00566438 0.04289330
v 0.01518611 0.02176489 0.03967331
v 0.01444035 0.02356462 0.04037451
v 0.01390251 0.02719936 0.04104529
v -0.01071246 0.10300899 0.02394662
v -0.02121967 0.10193855 0.02121839
v -0.02176204 0.13198677 -0.06300382
v -0.02221830 0.13182588 -0.05472295
v -0.01091132 0.13463642 -0.05489346
v -0.01200426 0.13418034 -0.06735195
v 0.03286658 0.05834687 0.04784803
v 0.03043540 0.05208905 0.05108010
v 0.05865987 0.06407018 0.01249385
v 0.06242730 0.05585704 0.00873176
v 0.05346166 0.05189699 0.03014382
v 0.05724287 0.04788369 0.02652316
v 0.05980142 0.04209003 0.02359702
v 0.06496590 0.04457576 0.00565319
v 0.06582486 0.03041046 0.00466219
v 0.06676636 0.01872019 0.00450241
v -0.07361130 -0.00004397 -0.09626815
v -0.07712236 -0.00177988 -0.08069869
v -0.07967611 0.01077953 -0.08155914
v -0.07734790 0.01725344 -0.09796777
v 0.04740727 0.09441930 0.00512010
v -0.03711561 -0.09998185 -0.00460924
v -0.03491063 -0.11366920 -0.00710579
v -0.00169443 -0.08595845 -0.12060172
v 0.04737888 0.10068499 -0.00139333
v 0.04702995 0.08770896 0.01198911
v 0.03809674 0.11461814 -0.00921297
v 0.03806220 0.10958177 -0.00114467
v 0.04711938 0.10642520 -0.00791202
v 0.03846181 0.10378065 0.00576968
v 0.03883903 0.09748871 0.01224631
v 0.03853527 0.09095680 0.01927012
v 0.03790091 0.08511930 0.02525928
v 0.03661153 0.07611469 0.03228435
v 0.05020865 -0.06501121 -0.09350388
v 0.00858760 -0.01168966 0.05791311
v 0.00819868 -0.01188214 0.05854649
v -0.05460798 0.05727216 0.02190572
v -0.05636548 0.05931270 0.01734550
v -0.05974644 0.05317653 0.01316476
v -0.05846763 0.05247054 0.01817713
v 0.00848622 -0.01173971 0.05784278
v 0.00796408 -0.01173521 0.05830880
v 0.00846031 -0.01179132 0.05839076
v 0.00821387 -0.02093807 0.06191022
v 0.00709690 -0.01906298 0.06068050
v 0.00778437 -0.01449992 0.05957457
v 0.07348417 -0.03072688 -0.03757827
v -0.00744077 0.05732917 0.05148733
v -0.01584912 0.05757318 0.05213857
v -0.01431914 0.05127323 0.05369519
v -0.00685601 0.05002324 0.05223302
v -0.06267489 0.01645760 0.01223779
v -0.06536408 0.01351135 0.00960365
v -0.06466109 0.00398076 0.01488321
v -0.06147108 0.00737438 0.01704057
v -0.05892966 0.00415202 0.02255260
v -0.06182742 -0.00134477 0.02243532
v -0.01953989 0.07758240 0.03970798
v -0.00957979 0.07855725 0.04121136
v -0.06319240 0.04472955 0.01038783
v -0.06153172 0.04476599 0.01527818
v -0.01028323 0.01771472 0.04966725
v -0.01090565 0.01984061 0.04604863
v -0.00767805 0.02429879 0.04750686
v -0.00356367 0.02389092 0.05371363
v -0.00360073 0.02832624 0.05101012
v -0.00706408 0.02852676 0.04789820
v -0.03562736 0.06474257 0.03976591
v -0.03616142 0.06905139 0.03550313
v -0.04346617 0.06745657 0.03005851
v -0.04273829 0.06381195 0.03351990
v -0.02130461 0.10803082 0.01439749
v -0.01078492 0.10923212 0.01713461
v -0.00522599 0.04070965 0.05081238
v -0.01083344 0.04131165 0.05040079
v -0.00914744 0.03623385 0.04871355
v -0.00457556 0.03629598 0.05003366
v -0.02704130 0.00303551 0.04134532
v -0.02745341 0.00610726 0.04051236
v -0.07127199 -0.03166248 -0.05044748
v -0.07355700 -0.03278222 -0.04871177
v -0.07698801 0.01625198 -0.03870776
v -0.07608000 0.00513936 -0.03690369
v -0.07637880 0.01331734 -0.02607443
v -0.07552522 0.02715209 -0.02757624
v -0.07790024 0.04099367 -0.03085359
v -0.07882106 0.04838632 -0.03509897
v -0.08054104 0.03124831 -0.04352302
v -0.07867987 0.02558082 -0.04065254
v -0.05942003 -0.08963060 -0.08234325
v -0.05614897 -0.07870954 -0.08638740
v -0.00435874 0.01986160 0.05682858
v -0.00473760 0.01619944 0.06018252
v -0.02201564 0.03812875 -0.15119000
v -0.02162110 0.02373405 -0.15067826
v -0.04263386 0.02812920 -0.14175802
v -0.04270721 0.04188139 -0.14183190
v -0.07068929 -0.01130230 -0.09308852
v -0.07462059 -0.01095727 -0.07846519
v -0.01169948 -0.01575556 0.06231550
v -0.00798585 -0.01105363 0.05820670
v -0.00896222 -0.01432649 0.05949566
v -0.00799326 -0.01082811 0.05816342
v -0.01236204 -0.01779272 0.06431907
v -0.01602847 -0.01715646 0.06574139
v -0.00936103 -0.01981555 0.05869637
v -0.00828004 -0.01942310 0.05922350
v -0.00829491 -0.01407892 0.05971690
v -0.00827930 -0.01091389 0.05822659
v -0.00206071 -0.01947081 0.07162749
v -0.00287533 -0.01727615 0.07469138
v -0.00744191 -0.01607907 0.07330224
v -0.00537914 -0.01832025 0.07118465
v -0.00745144 -0.01080615 0.05868182
v -0.00615754 -0.01358726 0.06072376
v -0.00584432 -0.01471963 0.06688980
v -0.00789852 -0.01225706 0.06229485
v -0.00753899 -0.01107726 0.05930034
v -0.00826516 -0.01453965 0.06594637
v -0.00677038 -0.02090361 0.06402699
v -0.01002333 -0.01482207 0.06437063
v -0.08388027 -0.01910187 -0.05636654
v -0.06409481 -0.06713820 -0.03340767
v -0.06800208 -0.05277619 -0.04280688
v -0.06746176 -0.05357212 -0.04908831
v -0.06545663 -0.06989790 -0.04342959
v -0.08518313 0.00784482 -0.06066814
v -0.06786577 0.06017784 -0.00295276
v -0.06962300 0.07074053 -0.01220673
v -0.07569668 0.05958443 -0.02517831
v -0.07548690 0.04973625 -0.02149861
v -0.07000560 0.08110609 -0.01971616
v -0.07579034 0.07053011 -0.03172365
v -0.07939683 0.05844093 -0.04215090
v -0.08234559 0.03734302 -0.05677010
v -0.04342748 0.02007017 0.03100082
v -0.04348904 0.01997759 0.03094123
v -0.04182176 0.01973616 0.03231846
v -0.04181881 0.01970377 0.03248395
v -0.04313808 0.02010521 0.03051219
v -0.04142945 0.01960729 0.03137226
v -0.04410090 0.02055967 0.02956765
v -0.04454154 0.02027612 0.02990718
v -0.04461113 0.02014617 0.02977282
v -0.02539504 0.02126011 0.03516964
v -0.02576177 0.02156463 0.03468790
v -0.02844669 0.02033005 0.03459579
v -0.02826210 0.02035387 0.03586360
v -0.02500510 0.02110457 0.03510894
v -0.02763913 0.02015498 0.03574820
v -0.02977980 0.02389145 0.02689367
v -0.02952155 0.02419574 0.02692008
v -0.03023336 0.02355740 0.02694783
v -0.02310912 0.02384642 0.03319728
v -0.02299011 0.02602226 0.03301068
v -0.02922506 0.02527134 0.02685339
v -0.02931374 0.02448081 0.02688554
v -0.02307410 0.02288282 0.03366735
v -0.02160535 0.02293320 0.03283091
v -0.02073896 0.02365979 0.03192495
v -0.02039747 0.02646133 0.03211527
v -0.03332620 0.01904836 0.03533991
v -0.03325043 0.01830431 0.03535553
v -0.02803899 0.01852644 0.03579582
v -0.02772830 0.01950129 0.03575185
v -0.03343908 0.01949302 0.03529428
v -0.03680837 0.01973494 0.03417743
v -0.03673965 0.01938269 0.03417048
v -0.03645518 0.01868307 0.03422753
v -0.02445136 0.01968226 0.03559659
v -0.02450841 0.02073001 0.03531401
v -0.03619151 0.01802433 0.03448012
v -0.03309992 0.01773553 0.03539722
v -0.02811024 0.01787672 0.03581918
v -0.02461139 0.01920308 0.03578140
v -0.02194142 0.02090406 0.03537432
v -0.02299671 0.02102726 0.03519547
v -0.03299496 0.01658600 0.03626801
v -0.03346508 0.01515172 0.03615880
v -0.02809787 0.01534637 0.03688293
v -0.02801360 0.01674237 0.03646101
v -0.03636132 0.01683458 0.03510663
v -0.03662291 0.01522163 0.03532211
v -0.04572232 0.02015461 0.02809083
v -0.04627800 0.02057832 0.02711748
v -0.04625750 0.02001828 0.02730422
v -0.04593040 0.01973203 0.02777353
v -0.04945935 0.01613611 0.02448742
v -0.05035587 0.01773609 0.02380563
v -0.05202078 0.01698885 0.02222525
v -0.05114860 0.01531582 0.02334964
v -0.06066096 0.00569029 0.01953017
v -0.05387869 0.01174822 0.02260159
v -0.05523080 0.01318387 0.02062904
v -0.04526849 0.02008533 0.02880382
v -0.04463025 0.01984213 0.02972925
v -0.04517283 0.02022374 0.02887117
v -0.04561781 0.02045690 0.02794485
v -0.04546270 0.01939069 0.02857182
v -0.04475864 0.01924670 0.02956635
v -0.04359276 0.01978411 0.03092190
v -0.04383832 0.01913160 0.03075205
v -0.04204976 0.01895303 0.03218285
v -0.04185202 0.01969699 0.03223332
v -0.03973123 0.01961568 0.03312458
v -0.04003943 0.01981433 0.03315704
v -0.03956163 0.01885370 0.03325221
v -0.04212898 0.01812650 0.03204072
v -0.03967738 0.01807782 0.03320583
v -0.04375602 0.01833278 0.03052538
v -0.04480675 0.01862149 0.02924516
v -0.04561800 0.01885831 0.02810753
v -0.04632312 0.01912008 0.02734187
v -0.04679238 0.01969473 0.02679575
v -0.04633925 0.01787150 0.02775635
v -0.04716685 0.01660023 0.02683381
v -0.04591770 0.01612421 0.02843397
v -0.04544875 0.01754838 0.02915487
v -0.04705866 0.01827381 0.02669154
v -0.04810333 0.01715167 0.02562567
v -0.04440472 0.01732127 0.03065322
v -0.04450758 0.01590192 0.03017342
v -0.04241123 0.01555069 0.03224085
v -0.04248605 0.01707410 0.03254037
v -0.03888458 0.01710883 0.03374958
v -0.03896141 0.01547350 0.03372832
v -0.03361014 0.01954140 0.03573636
v -0.03350601 0.01966349 0.03435795
v -0.03738926 0.01956006 0.03336134
v -0.03651182 0.01971252 0.03451741
v -0.03996540 0.01962166 0.03349925
v -0.04009616 0.01935714 0.03261296
v -0.03656920 0.01888738 0.03284510
v -0.03450739 0.02238332 0.02693614
v -0.03525532 0.02245930 0.02636848
v -0.03996876 0.01875205 0.03209617
v -0.03308168 0.01929849 0.03365176
v -0.03291016 0.02238114 0.02759843
v -0.02912394 0.02044524 0.03356858
v -0.03117355 0.02306512 0.02720781
v -0.02598399 0.02140048 0.03428645
v -0.03628784 0.03575144 0.03468107
v -0.03509114 0.03495834 0.03568055
v -0.04191667 0.03360905 0.03426643
v -0.04225821 0.03377486 0.03374649
v -0.05390603 0.00039941 -0.12518518
v -0.05525793 0.01613217 -0.12979740
v -0.04229537 0.01129509 -0.13991612
v -0.04313257 0.03218463 0.03355558
v -0.04288802 0.03215185 0.03319908
v -0.04518230 0.03041342 0.03127913
v -0.04515884 0.03029575 0.03153542
v -0.04324523 0.03175839 0.03405748
v -0.04487189 0.02964113 0.03187530
v -0.04051998 0.03398121 0.03621380
v -0.04058151 0.03430209 0.03566672
v -0.04058386 0.03394298 0.03489305
v -0.04466024 0.02681509 0.02805818
v -0.04401525 0.02850964 0.02865398
v -0.04427693 0.02842223 0.03014197
v -0.04508382 0.02706248 0.02882734
v -0.04566236 0.02580151 0.02739330
v -0.04586742 0.02586504 0.02797362
v -0.03805815 0.02543240 0.02460362
v -0.03785196 0.02605394 0.02479445
v -0.03755721 0.02666619 0.02515344
v -0.03810147 0.02505803 0.02445024
v -0.03783863 0.02465645 0.02436287
v -0.03778829 0.02426701 0.02432336
v -0.03800528 0.02381747 0.02451536
v -0.06392635 -0.00977199 0.01999559
v -0.06342331 0.00066128 0.01873399
v -0.06594554 -0.00740900 0.01575567
v -0.04505033 0.02040940 0.02892399
v -0.04557179 0.02077482 0.02808304
v -0.04467150 0.02076418 0.02871329
v -0.04533399 0.02111045 0.02799796
v -0.04621465 0.02153645 0.02721911
v -0.04636072 0.02124965 0.02687588
v -0.04286345 0.01975953 0.03012050
v -0.03713959 0.02269818 0.02551936
v -0.03719530 0.02289338 0.02524629
v -0.04349971 0.02052501 0.02902779
v -0.04154756 0.01925566 0.03066239
v -0.03667623 0.02250404 0.02593950
v -0.03822109 0.02298400 0.02524864
v -0.03807066 0.02339270 0.02479083
v -0.04447867 0.02080180 0.02845914
v -0.04484187 0.02143998 0.02769361
v -0.04588256 0.02205662 0.02746514
v -0.04508398 0.02320957 0.02654025
v -0.04527901 0.02407673 0.02654567
v -0.04564074 0.02294762 0.02720516
v -0.04586092 0.02385241 0.02712671
v -0.04511097 0.02231685 0.02695983
v -0.04552941 0.02498763 0.02682677
v -0.04580295 0.02477689 0.02735640
v -0.04660406 0.02070358 0.02677447
v -0.04648954 0.02178060 0.02671416
v -0.04700492 0.02349050 0.02604470
v -0.04717526 0.02081865 0.02621000
v -0.04786958 0.02066856 0.02544182
v -0.04740068 0.01905590 0.02589925
v -0.04826478 0.02409718 0.02555606
v -0.04941868 0.02415708 0.02471527
v -0.04932528 0.02039269 0.02440719
v -0.04867728 0.01849442 0.02489184
v -0.04614194 0.02246891 0.02684111
v -0.04652787 0.02353745 0.02645160
v -0.04775743 0.02545921 0.02696467
v -0.04838961 0.02654452 0.02651204
v -0.04695154 0.02508298 0.02731355
v -0.04651835 0.02617485 0.02867371
v -0.04693388 0.02681695 0.02841365
v -0.04747359 0.02751707 0.02775304
v -0.04618346 0.02834185 0.02973204
v -0.04654127 0.02871080 0.02938498
v -0.04582860 0.02768424 0.03011664
v -0.04653265 0.02481484 0.02732917
v -0.04604849 0.02586357 0.02851381
v -0.04531035 0.02715385 0.02975736
v -0.04459697 0.02853109 0.03190833
v -0.04293697 0.03041542 0.03430611
v -0.04207969 0.02982338 0.03222683
v -0.04019772 0.03273855 0.03639841
v -0.03923653 0.03156568 0.03451613
v -0.03528674 0.03554226 0.03711430
v -0.04290372 0.03435402 0.03606527
v -0.03874557 0.03145932 0.03299171
v -0.03586380 0.02795233 0.02678186
v -0.03405436 0.02811792 0.02770318
v -0.03527654 0.03124383 0.03378300
v -0.02330455 0.02744895 0.03380546
v -0.02406484 0.02860919 0.03458796
v -0.02950529 0.02634905 0.02739595
v -0.02923241 0.02585594 0.02712214
v -0.02188037 0.02754908 0.03386293
v -0.02327748 0.02897131 0.03495331
v -0.02833014 0.03045755 0.03468771
v -0.03094471 0.02710787 0.02779973
v -0.03002146 0.02671294 0.02763066
v -0.02623478 0.02958496 0.03442771
v -0.02790724 0.03175054 0.03669181
v -0.02491619 0.03024591 0.03578557
v -0.03602778 0.03208053 0.03569045
v -0.02309355 0.07558136 -0.14559308
v -0.02279822 0.05923601 -0.15007415
v -0.04288207 0.06134892 -0.14074247
v -0.04264141 0.07556098 -0.13701965
v -0.04146571 0.03000662 0.03078444
v -0.03684710 0.02737960 0.02593504
v -0.05284399 0.07677429 -0.12908180
v -0.05182171 0.08576684 -0.12549570
v -0.04292974 0.08771236 -0.13105111
v -0.04053118 -0.06480215 -0.10536294
v -0.02997841 -0.07670477 -0.11242479
v -0.01944522 0.02737440 0.03543848
v -0.02128343 0.02943046 0.03581893
v -0.01829864 0.02559151 0.03518229
v -0.01813128 0.02513689 0.03552012
v -0.01895689 0.02747488 0.03534830
v -0.02045713 0.02960950 0.03574086
v -0.02358828 0.03117836 0.03630958
v -0.02305350 0.03159332 0.03678090
v -0.02692680 0.03394655 0.03798750
v -0.02719800 0.03314591 0.03812694
v -0.03551841 0.03400255 0.03738814
v -0.03577327 0.03495229 0.03757749
v -0.02633700 0.03470711 0.03728284
v -0.02266126 0.03184019 0.03619166
v -0.02599977 0.03526999 0.03602434
v -0.02262847 0.03223654 0.03531790
v -0.03609312 0.03558433 0.03555928
v -0.03562496 0.03522112 0.03703794
v -0.02197287 0.02193371 0.03496899
v -0.01962623 0.02288372 0.03515700
v -0.02227463 0.02224630 0.03524516
v -0.01942124 0.02304465 0.03523790
v -0.02359007 0.02243113 0.03429916
v -0.01861949 0.02386671 0.03497737
v -0.01847173 0.02359113 0.03513673
v -0.02386834 0.02220876 0.03433086
v -0.01838985 0.02752500 0.03513668
v -0.01725747 0.02468502 0.03560342
v -0.01741983 0.02714118 0.03441323
v -0.01699808 0.02438945 0.03507925
v -0.01945794 0.02988820 0.03396928
v -0.01995013 0.02974238 0.03481226
v -0.01753530 0.02336945 0.03528005
v -0.01797722 0.02288083 0.03521045
v -0.01690766 0.02303264 0.03542230
v -0.01738873 0.02210607 0.03554002
v -0.02442916 0.01841361 0.03598211
v -0.02432081 0.01730991 0.03661810
v -0.02132395 0.02043400 0.03582433
v -0.02099430 0.01959594 0.03642697
v -0.03351165 0.01369759 0.03593550
v -0.03680668 0.01377652 0.03501999
v -0.03330525 0.01204102 0.03630839
v -0.03695699 0.01194930 0.03497235
v -0.02802392 0.01257022 0.03766543
v -0.02834081 0.01394948 0.03720883
v -0.03464994 -0.12222234 -0.00872973
v -0.04824707 0.01526626 0.02606125
v -0.04945521 0.01404920 0.02526826
v -0.04770603 0.01305831 0.02730945
v -0.04656224 0.01476215 0.02770823
v -0.04478090 0.01429959 0.02959269
v -0.04518739 0.01228712 0.02953324
v -0.04257207 0.01193376 0.03162225
v -0.04237059 0.01387776 0.03173928
v -0.03917373 0.01404032 0.03319817
v -0.04032699 0.01181677 0.03329299
v -0.05102349 0.01933788 0.02305237
v -0.05193068 0.02318322 0.02334502
v -0.05265835 0.01789844 0.02198124
v -0.05475402 0.02287227 0.02147780
v -0.01615440 0.02801379 0.03529593
v -0.01604355 0.02439787 0.03517378
v -0.01493422 0.02768539 0.03739942
v -0.01501811 0.02454432 0.03685866
v -0.01652253 0.03047661 0.03910029
v -0.01770810 0.03112558 0.03558293
v -0.01653266 0.02294900 0.03585961
v -0.01693423 0.02167786 0.03587607
v -0.01581636 0.02258737 0.03687561
v -0.01635791 0.02080998 0.03673319
v -0.02426706 0.01614835 0.03727228
v -0.02393385 0.01479440 0.03775012
v -0.02059889 0.01857663 0.03721654
v -0.01990696 0.01738880 0.03769609
v -0.05227578 -0.01142401 -0.12120097
v -0.05577707 0.03275280 -0.13122435
v -0.05016185 0.04069696 0.03436891
v -0.04775999 0.03591951 0.03574691
v -0.04466411 0.03730540 0.03790501
v -0.04646258 0.04356915 0.03790409
v -0.05296280 0.04621940 0.03231548
v -0.05557634 0.04244776 0.02947540
v -0.05279226 0.03781032 0.03153122
v -0.05053083 0.03411368 0.03348828
v -0.05388115 0.02646736 0.02476240
v -0.05143967 0.02659087 0.02594647
v -0.05209189 0.02856916 0.02791272
v -0.05463156 0.03022866 0.02664021
v -0.05664431 0.02725702 0.02244593
v -0.05766737 0.03233782 0.02440624
v -0.05415910 0.03367540 0.02904883
v -0.05156146 0.03087007 0.03055960
v -0.05704018 0.03679083 0.02677938
v -0.02434372 0.03711928 0.04187339
v -0.02469894 0.03586570 0.03820955
v -0.02178523 0.03313668 0.03607503
v -0.02061875 0.03261037 0.03851223
v -0.02487819 0.03959425 0.04383581
v -0.01907521 0.03339133 0.04112699
v -0.03927203 0.04461926 0.04191262
v -0.03748797 0.03891366 0.04048841
v -0.02528501 0.03515844 0.03498276
v -0.02319099 0.03304991 0.03523248
v -0.02531665 0.03479901 0.03519607
v -0.02325782 0.03287855 0.03542956
v -0.06056458 0.09680117 -0.10706568
v -0.06267596 0.10261164 -0.09446996
v -0.04584913 0.11389121 -0.10028375
v -0.04503569 0.10651034 -0.11287849
v -0.04337610 0.03200923 0.03324666
v -0.04401024 0.03217461 0.03311412
v -0.04606580 0.03048976 0.03153854
v -0.04568145 0.03035825 0.03138823
v -0.04749246 0.02876633 0.02901842
v -0.04794832 0.02884823 0.02985915
v -0.04883061 0.02777977 0.02843377
v -0.04832974 0.02774457 0.02773419
v -0.04882887 0.02690071 0.02657687
v -0.04927692 0.02693621 0.02677123
v -0.02281284 0.03292889 0.03563901
v -0.02481974 0.03456382 0.03619652
v -0.05447274 0.06436326 -0.13124730
v -0.04519278 0.07418933 0.02524822
v -0.05243580 0.07099762 0.01804790
v -0.05066437 0.06441227 0.02368603
v -0.04527530 0.03330231 0.03517742
v -0.04777466 0.03141109 0.03327099
v -0.04938028 0.02943724 0.03078144
v -0.05020520 0.02764187 0.02861636
v -0.05051460 0.02691646 0.02710822
v -0.07691178 -0.01412554 -0.04187603
v -0.07715741 -0.01399558 -0.04372492
v -0.08468293 -0.00390407 -0.07048792
v -0.08300226 0.00242334 -0.06909189
v -0.08174691 0.00606687 -0.06785735
v -0.08477811 0.01368434 -0.05500509
v -0.08632188 0.01722035 -0.05801646
v -0.08941033 -0.02193715 -0.06192210
v -0.08631040 -0.02431866 -0.05801443
v -0.08926059 -0.02124055 -0.06262799
v -0.09355746 0.01340947 -0.06651498
v -0.09421436 0.01176237 -0.06780881
v -0.09533841 0.01141459 -0.06724458
v -0.04532110 -0.03450193 -0.11300098
v -0.05002593 -0.02103361 -0.11823979
v -0.09455224 0.01002490 -0.06913672
v -0.07844172 -0.00913927 -0.04658554
v -0.08569051 -0.00416554 -0.07067379
v -0.08724598 -0.00448201 -0.07236277
v -0.08823231 -0.00934353 -0.07224761
v -0.08753525 -0.00903905 -0.07170739
v -0.08759991 -0.01464367 -0.07034384
v -0.08700231 -0.01399734 -0.06991737
v -0.09045094 -0.01826111 -0.06554214
v -0.09058301 -0.01384052 -0.06839129
v -0.08730463 0.01768678 -0.05932426
v -0.08744201 0.01699993 -0.05859810
v -0.08802828 0.01774019 -0.05957808
v -0.07931174 -0.01026996 -0.04803121
v -0.08283401 0.01128408 -0.05498602
v -0.08256340 0.00957327 -0.05321289
v -0.08227980 0.00997397 -0.05371245
v -0.07731965 -0.00552300 -0.05248023
v -0.07705350 -0.00472957 -0.05272153
v -0.07846907 -0.00695961 -0.05201134
v -0.08011720 -0.00811513 -0.04962318
v -0.07497662 -0.01577943 -0.05161614
v -0.07486534 -0.01651312 -0.05301292
v -0.07455885 -0.01717259 -0.05195457
v -0.09122490 0.02339811 -0.06137806
v -0.08263571 0.00862669 -0.05276536
v -0.08385399 0.00974367 -0.05317188
v -0.08469330 0.01084628 -0.05352109
v -0.08896623 0.01702914 -0.05950296
v -0.08523299 0.01171261 -0.05366035
v -0.08419306 0.01174761 -0.05401934
v -0.08554603 0.01344371 -0.05477450
v -0.08350223 0.01177819 -0.05439232
v -0.08062453 -0.01310300 -0.06555368
v -0.07935178 -0.01313502 -0.06374967
v -0.07796008 0.00665064 -0.04267901
v -0.07842778 0.00456769 -0.04517033
v -0.08526252 -0.02514723 -0.05570280
v -0.08100355 0.01196569 -0.06213641
v -0.08152969 0.01554200 -0.06385746
v -0.09216904 -0.00960839 -0.06997646
v -0.08621915 -0.01625102 -0.05923185
v -0.08381733 -0.01743422 -0.05831451
v -0.08887726 -0.01488686 -0.06059094
v -0.09044676 -0.01222738 -0.06250663
v -0.07912828 0.00292364 -0.05744400
v -0.08811442 0.00730370 -0.06289510
v -0.08868059 0.00523655 -0.06376956
v -0.08676039 0.00743464 -0.06169100
v -0.08244742 0.01911876 -0.06194723
v -0.08290330 0.01893083 -0.05947634
v -0.08043640 0.01499295 -0.06114022
v -0.08288517 0.01707758 -0.05910486
v -0.07662552 -0.01245276 -0.05143024
v -0.07596766 -0.01802090 -0.05430704
v -0.07699528 -0.01664670 -0.05656688
v -0.07683785 -0.01871391 -0.05565646
v -0.07769071 -0.01767384 -0.05768409
v -0.07776654 -0.01652742 -0.05940631
v -0.07799671 -0.01488979 -0.06089351
v -0.07943747 -0.01277220 -0.06128334
v -0.07617416 -0.00853643 -0.05229475
v -0.08212996 0.01973897 -0.05022546
v -0.07577609 -0.01031511 -0.05219773
v -0.07760147 -0.00679533 -0.05215853
v -0.07754512 -0.00850687 -0.05173886
v -0.07711634 -0.01040126 -0.05145421
v -0.08221018 -0.02034403 -0.05199976
v -0.08215911 -0.01893757 -0.05488461
v -0.08083818 -0.01950271 -0.05133989
v -0.08238768 -0.01841582 -0.05711862
v -0.07961041 -0.01908544 -0.05111196
v -0.08232566 0.01319821 -0.06137013
v -0.08303659 0.01650485 -0.06091315
v -0.07710347 -0.01061681 -0.04023947
v -0.06787660 -0.00293118 0.01059484
v -0.06901319 0.00736568 0.00457712
v -0.03184768 -0.04650412 0.04560278
v -0.03136204 -0.04827270 0.04705661
v -0.06117756 -0.01255191 0.02456478
v -0.05678315 -0.01639702 0.02972945
v -0.03011062 -0.04216967 0.05393222
v -0.02928893 -0.04158931 0.05409690
v -0.02835656 -0.04084001 0.05479241
v -0.02886952 -0.04169427 0.05424253
v -0.02752515 -0.03664090 0.05611508
v -0.02788434 -0.03959397 0.05499591
v -0.02819347 -0.04032805 0.05574285
v -0.02793736 -0.03750435 0.05631638
v -0.03211948 -0.03519860 0.05363284
v -0.03532370 -0.03014617 0.04737545
v -0.03878592 -0.03245260 0.04730071
v -0.03585741 -0.03613989 0.05253658
v -0.02867600 -0.04332613 0.04742749
v -0.02833316 -0.04222901 0.04765626
v -0.02785130 -0.04244988 0.05063558
v -0.02783426 -0.04148375 0.05050867
v -0.02883509 -0.04339955 0.04786428
v -0.02779582 -0.04117353 0.05066111
v -0.03130025 -0.04566134 0.04472290
v -0.03060022 -0.04360211 0.04417711
v -0.04054002 -0.04631446 0.05004942
v -0.03646946 -0.04493779 0.05144183
v -0.03781185 -0.04329079 0.05150374
v -0.04229671 -0.04344717 0.04972266
v -0.02855024 -0.02402185 0.04735756
v -0.03237543 -0.02698838 0.04705207
v -0.02843528 -0.03284808 0.05261225
v -0.02447264 -0.02859678 0.05150082
v -0.02105840 -0.02359818 0.05209771
v -0.02422907 -0.01977556 0.04810278
v -0.02151772 -0.01316360 0.05492580
v -0.02296199 -0.01813460 0.05681605
v -0.02203906 -0.01895224 0.06042151
v -0.02264281 -0.01636704 0.05925292
v -0.01928855 -0.02470059 0.05917672
v -0.02266406 -0.02161814 0.05484056
v -0.01366007 -0.02488230 0.06036624
v -0.01326057 -0.02412331 0.06081117
v -0.01942252 -0.02520465 0.05829364
v -0.01879786 -0.02670047 0.05716782
v -0.01406770 -0.02599087 0.06019446
v -0.01216864 -0.02307025 0.06098880
v -0.01575542 -0.02286293 0.06050158
v -0.01822351 -0.01978534 0.06217723
v -0.00450822 -0.01955504 0.06873502
v -0.00601216 -0.01818952 0.07084391
v -0.01054636 0.01438014 0.05275301
v -0.01372427 0.01001386 0.04928692
v -0.01076604 0.01106995 0.05485025
v -0.01358709 0.00688888 0.05121135
v -0.01758149 -0.01601628 0.06541626
v -0.02030195 -0.01400561 0.06455991
v -0.01431971 -0.01385416 0.06924909
v -0.01572806 -0.01127901 0.06921532
v -0.00385594 0.03255021 0.05017943
v -0.00204666 -0.02434294 0.06482746
v -0.00258011 -0.02504470 0.06493088
v -0.00181806 -0.02204015 0.06628786
v -0.02363339 0.09926219 -0.13146028
v -0.02405646 0.11192548 -0.11971860
v -0.02310384 0.12509866 -0.09585132
v -0.02076816 0.12929618 -0.08305007
v -0.00495240 -0.05036632 0.06804409
v -0.00437272 -0.04638521 0.06864557
v -0.01349206 -0.05384681 0.05373503
v -0.00845655 -0.05634115 0.05498876
v -0.00832020 -0.05884990 0.05889403
v -0.01359145 -0.05639781 0.05751542
v -0.01783692 -0.05266057 0.05595390
v -0.01880832 -0.04986537 0.05232329
v -0.01312856 -0.05086802 0.05070616
v -0.00753474 -0.05314331 0.05113455
v -0.01236208 -0.05818946 0.06430865
v -0.00716322 -0.06071972 0.06730633
v -0.00614806 -0.05821785 0.06856553
v -0.01183253 -0.05695506 0.06633519
v -0.02093794 -0.03152158 0.05624327
v -0.01694216 -0.03004118 0.05954839
v -0.01202484 -0.02872631 0.06317350
v -0.00794548 -0.02821856 0.06572225
v -0.00711642 -0.02527452 0.06424406
v -0.01001573 -0.02525977 0.06226979
v -0.00674161 -0.02411312 0.06365709
v -0.00972255 -0.02420083 0.06203332
v -0.00940120 -0.02336947 0.06190737
v -0.00977089 -0.02304596 0.06175323
v -0.00768896 -0.02231296 0.06302021
v -0.00830094 -0.02202975 0.06280319
v -0.00651667 -0.02317310 0.06325431
v -0.00476012 0.00501305 0.06973734
v -0.00459516 0.00872010 0.06619924
v -0.00850096 -0.04359910 0.06696813
v -0.00442237 -0.04283989 0.06907873
v -0.00525366 -0.03648474 0.06967755
v -0.00951340 -0.03650167 0.06825594
v -0.01414087 -0.03725742 0.06513740
v -0.01427251 -0.04494477 0.06392369
v -0.00308909 -0.02602630 0.06523860
v -0.00874433 -0.04677771 0.06619357
v -0.00927600 -0.05016178 0.06595227
v -0.01437823 -0.04792928 0.06344695
v -0.01465145 -0.05018278 0.06357536
v -0.02054981 -0.04626037 0.06040141
v -0.02085023 -0.04004773 0.06147681
v -0.02840629 -0.04104502 0.05772580
v -0.02614160 -0.04552273 0.05737700
v -0.03765519 -0.04187460 0.05249213
v -0.03175597 -0.04238946 0.05330395
v -0.03147819 -0.04229279 0.05405970
v -0.03067931 -0.04271503 0.05501152
v -0.03624474 -0.04049139 0.05364207
v -0.04188757 -0.04102256 0.05040095
v -0.03973184 -0.03824111 0.05134209
v -0.03350013 -0.04070202 0.05538383
v -0.02944464 -0.04390073 0.05585727
v -0.03006995 -0.04316361 0.05454870
v -0.02892270 -0.04267828 0.05474814
v -0.02930402 -0.04379636 0.05513098
v -0.02831614 -0.04401534 0.05513724
v -0.02824457 -0.04497432 0.05575090
v -0.02738364 -0.04549337 0.05546903
v -0.02575256 -0.04743584 0.05596601
v -0.02598271 -0.04678023 0.05676575
v -0.02639629 -0.04467924 0.05496925
v -0.02513325 -0.04727395 0.05533003
v -0.02492504 -0.04784399 0.05549514
v -0.02614448 -0.04576739 0.05512555
v -0.02759702 -0.04289190 0.05476058
v -0.02697188 -0.04359344 0.05507330
v -0.02757715 -0.04445145 0.05093558
v -0.02707910 -0.04553145 0.05098397
v -0.02804957 -0.04105314 0.05474297
v -0.02825691 -0.04189452 0.05525225
v -0.02806057 -0.04169480 0.05508127
v -0.02758618 -0.04381756 0.05517593
v -0.02684290 -0.04581919 0.05523721
v -0.02546317 -0.04783471 0.05544608
v -0.01555438 -0.05214760 0.06361419
v -0.01993199 -0.04922711 0.06024984
v -0.02051902 -0.05041819 0.05936940
v -0.01645145 -0.05466710 0.06333955
v -0.02123779 -0.05187114 0.05900630
v -0.01944539 -0.04678472 0.04893772
v -0.01648711 -0.05542397 0.06186094
v -0.02397422 -0.04625547 0.04953264
v -0.02495357 -0.04419199 0.04649754
v -0.02314901 -0.04840162 0.05290797
v -0.02794433 -0.04329752 0.04829671
v -0.02748432 -0.04444845 0.04794502
v -0.02961537 -0.04240573 0.04472016
v -0.02859780 -0.04280188 0.04499836
v -0.02154676 -0.05120486 0.05797616
v -0.01989183 -0.04792103 0.06025827
v -0.01023838 -0.05353668 0.06622668
v -0.00528845 -0.05397495 0.06803087
v -0.00578429 -0.00334739 0.07635073
v -0.00518004 0.00129699 0.07278410
v -0.02815401 -0.03910046 0.05560130
v -0.01178777 -0.13033460 0.00968851
v -0.03076383 -0.04210003 0.05317048
v -0.02868605 -0.04440253 0.04900260
v -0.02745204 -0.04032676 0.05155584
v -0.03642420 -0.04768340 0.05201309
v -0.03028063 -0.04976457 0.05663013
v -0.02838872 -0.04532966 0.05775525
v -0.03342250 -0.04485631 0.05371079
v -0.02607144 -0.03900548 0.05832075
v -0.02898699 -0.04129211 0.05492256
v -0.02798403 -0.03935669 0.05566265
v -0.02516718 -0.03657705 0.05850355
v -0.02480692 -0.03456701 0.05901236
v -0.02729946 -0.03793987 0.05608590
v -0.02457275 -0.02896755 0.06180743
v -0.01995100 -0.02421925 0.06607725
v -0.01855455 -0.03144001 0.06020484
v -0.02342137 -0.03556116 0.05624378
v -0.02727101 -0.03876986 0.05318677
v -0.02744900 -0.03404623 0.05709363
v -0.02497789 -0.03018655 0.06095128
v -0.02773856 -0.03441150 0.05733718
v -0.01991931 -0.02544701 0.06605887
v -0.02330704 -0.12751509 0.00228973
v -0.02745875 -0.03598332 0.05679698
v -0.02500909 -0.03190333 0.05976494
v -0.02004937 -0.02753225 0.06482181
v -0.01997620 -0.03116730 0.06367266
v -0.01982634 -0.03398511 0.06363307
v -0.02050170 -0.03700442 0.06392933
v -0.02186451 -0.04426958 0.06334580
v -0.02323826 -0.05009508 0.06320514
v -0.01644215 -0.04457109 0.06584095
v -0.01657368 -0.04967951 0.06705282
v -0.01549278 -0.03613374 0.06820433
v -0.01528926 -0.03197708 0.06830379
v -0.01537929 -0.02874322 0.06810400
v -0.01596712 -0.02454027 0.06904272
v -0.00370362 -0.02841642 0.06638187
v -0.00605577 -0.02170516 0.06405613
v -0.00462306 -0.02054400 0.06604822
v -0.00910734 -0.01605383 0.07169586
v -0.00171744 -0.02083557 0.06881054
v -0.01242185 -0.01416250 0.07087247
v -0.01026170 -0.01469116 0.07252795
v -0.01117662 -0.01332442 0.07373049
v -0.01281268 -0.01265838 0.07268728
v -0.00838648 -0.01524094 0.07390068
v -0.01005041 -0.01360996 0.07456012
v -0.00352628 -0.01624725 0.07605192
v -0.00467799 -0.01289890 0.07842021
v -0.00582186 -0.00729861 0.07816663
v -0.00525706 -0.01074098 0.07908148
v -0.01194970 -0.01171753 0.07418183
v -0.01328638 -0.00974256 0.07230434
v -0.01323451 -0.00648480 0.07026208
v -0.01684468 -0.00855413 0.06699270
v -0.01144099 0.13346605 -0.03912370
v -0.01596290 -0.02161915 0.07023992
v -0.01527592 -0.02056457 0.06929445
v -0.01614616 -0.04853922 0.05534754
v -0.01733899 -0.04164558 0.05748067
v -0.01170802 -0.03905037 0.05917520
v -0.01072824 -0.04699362 0.05833178
v -0.01133476 -0.01956750 0.07110746
v -0.00986468 -0.02754189 0.06411757
v -0.01369619 -0.02879304 0.06260040
v -0.01148494 -0.02037089 0.07227573
v -0.01160480 -0.02323801 0.07155256
v -0.01134292 -0.02741876 0.07107010
v -0.00863863 -0.03809445 0.06066859
v -0.00699062 -0.04624472 0.05986361
v -0.02745985 -0.04411569 0.05071407
v -0.02814753 -0.04987472 0.04909097
v -0.02249269 -0.04369292 0.05411959
v -0.02209197 -0.04876901 0.05238837
v -0.01073671 -0.04930061 0.06948362
v -0.01116412 -0.04502485 0.06786321
v -0.01073787 -0.03188037 0.07131988
v -0.01067834 -0.03695072 0.07016867
v -0.02394280 0.11977435 -0.10839953
v -0.06419741 0.07722428 -0.00445876
v -0.06169670 0.07092892 0.00282938
v -0.05529759 0.07815100 0.00953042
v -0.05743894 0.08354431 0.00335128
v -0.06472797 0.08589606 -0.01251086
v -0.05804362 0.09060048 -0.00414891
v -0.04150274 0.12590158 -0.05899669
v -0.04196415 0.12488510 -0.04475201
v -0.02270023 0.13084131 -0.04057501
v -0.03636028 0.12628141 -0.07294942
v -0.04903807 0.11797048 -0.08282025
v -0.05116023 0.12027706 -0.06337819
v -0.05093372 0.11975742 -0.04797604
v -0.03074537 -0.08961541 -0.11403837
v -0.05552735 0.04618392 -0.13145117
v -0.04950286 0.11839624 -0.03416655
v -0.04120071 0.12264378 -0.03107877
v -0.04060853 0.11912491 -0.01887994
v -0.04806887 0.11572444 -0.02255397
v -0.02252797 0.12799112 -0.02624472
v -0.01140593 0.13016145 -0.02434215
v -0.02122672 0.00701008 -0.14809649
v -0.00454892 0.01257000 0.06322712
v -0.05198111 -0.05132508 -0.09586115
v -0.06296152 -0.05248950 -0.07766443
v -0.06728874 -0.10710284 -0.04922269
v -0.07554781 -0.02758659 -0.05779638
v -0.07519824 -0.02683527 -0.05850382
v -0.06632391 -0.06863746 -0.05630346
v -0.06676568 -0.05352228 -0.05802229
v -0.04188541 -0.05026061 -0.10820708
v -0.08392875 -0.01588218 -0.06924948
v -0.08485385 -0.01225731 -0.07034891
v -0.08530503 -0.01661914 -0.06873953
v -0.08608816 -0.01261790 -0.07007941
v -0.08600823 -0.00819175 -0.07077231
v -0.08598537 -0.01830916 -0.06781284
v -0.08264147 0.01903532 -0.05794377
v -0.08479811 0.02030896 -0.05684609
v -0.07507673 -0.02922837 -0.05326287
v -0.07500861 -0.02861051 -0.05516906
v -0.07429266 -0.02897214 -0.05431692
v -0.07415775 -0.02939908 -0.05283321
v -0.07473923 -0.03002668 -0.05143135
v -0.07377516 -0.02991951 -0.05154938
v -0.08115935 0.03648467 -0.04839316
v -0.07153329 -0.02894219 -0.05581715
v -0.07438799 -0.02749938 -0.05823219
v -0.07435066 -0.02803855 -0.05661858
v -0.07386431 -0.02884328 -0.05507393
v -0.07306447 -0.02965834 -0.05277643
v -0.07294954 -0.03053046 -0.05085586
v -0.07396350 -0.03127537 -0.05020235
v -0.08631562 -0.01931515 -0.06798567
v -0.07939826 -0.03010079 -0.05582978
v -0.08182006 0.01204790 -0.06355628
v -0.08204557 0.01004374 -0.06533447
v -0.08452719 0.01164314 -0.06663751
v -0.08425569 0.01385028 -0.06506016
v -0.06311527 -0.01064492 -0.10903639
v -0.06511949 0.00115264 -0.11319768
v -0.01613338 -0.08717480 -0.11914017
v -0.01521760 -0.07349689 -0.11870827
v -0.07948285 0.03492064 -0.09635700
v -0.08172374 0.01364993 -0.06218822
v -0.08429977 0.01559393 -0.06359420
v -0.08500939 -0.00801375 -0.07073282
v -0.08001653 0.01329256 -0.06256019
v -0.08041387 0.01151778 -0.06398693
v -0.08571821 0.01718192 -0.06512417
v -0.08565202 0.01518994 -0.06667253
v -0.08622448 0.01273805 -0.06821666
v -0.08080352 0.00946439 -0.06545238
v -0.08245485 0.01746722 -0.06382600
v -0.08310449 0.06640299 -0.07027478
v -0.08256079 0.06064043 -0.08466504
v -0.07930670 0.08396722 -0.07260085
v -0.07853746 0.07915490 -0.08817457
v -0.07416040 0.07331041 -0.10440635
v -0.07797078 0.05363095 -0.10105535
v -0.08280663 0.01893454 -0.05827852
v -0.08598111 0.02120459 -0.05722302
v -0.06529247 0.09277747 -0.01991876
v -0.07067123 0.08797383 -0.02727431
v -0.05825032 0.09689604 -0.01094699
v -0.05814133 0.10264052 -0.01726499
v -0.06469622 0.09937296 -0.02649397
v -0.07230222 0.09279031 -0.03909987
v -0.08224382 0.05659138 -0.05622740
v -0.08102710 0.07166342 -0.05574893
v -0.07763037 0.07545000 -0.04168493
v -0.07695705 0.08861412 -0.05655894
v -0.06804013 0.10246180 -0.04480637
v -0.07196701 0.09912369 -0.05953967
v -0.06086528 0.11134520 -0.04808298
v -0.06313251 0.10965949 -0.06301614
v -0.06307404 0.10732932 -0.07912199
v -0.07377495 0.09537354 -0.07504804
v -0.06289110 0.10529882 -0.03228910
v -0.05657842 0.10785841 -0.02232077
v -0.05778969 0.11207370 -0.03526545
v -0.05430843 0.11224496 -0.02657054
v -0.07540757 0.07673965 -0.03431504
v -0.06866829 -0.03594138 -0.05146964
v -0.07047926 -0.03644055 -0.04549336
v -0.07563072 -0.02528860 -0.03737125
v -0.07201628 0.00025395 -0.00261590
v -0.07162890 0.01363734 -0.00468922
v -0.07528866 0.00511429 -0.01622273
v -0.07439086 -0.00968210 -0.01464496
v -0.06957290 0.02794158 -0.00528921
v -0.07353380 0.01994464 -0.01699428
v -0.07370026 0.03587959 -0.01807769
v -0.06953596 0.04361526 -0.00466219
v -0.06538956 0.06789269 -0.11977823
v -0.06787070 0.05039516 -0.11866302
v -0.06856410 0.03688254 -0.11797812
v -0.04922787 0.06085055 0.02739249
v -0.02340678 0.08989485 -0.13841484
v -0.04756239 0.08210256 0.01729030
v -0.05704090 0.08929744 -0.11831001
v -0.04362053 0.09555191 -0.12464703
v -0.07314339 0.09078746 -0.09039818
v -0.07001172 0.08580805 -0.10398259
v -0.06205056 0.07944632 -0.11923723
v -0.06787789 0.01973961 -0.11727634
v -0.04853665 0.11130356 -0.01528813
v -0.05960306 0.02782064 0.01902481
v -0.05801924 0.02162059 0.01754267
v -0.06059419 0.03471867 0.02051385
v -0.05585149 0.01459347 0.01946628
v -0.01736195 0.00599183 0.04632982
v -0.01711661 0.00277597 0.04802922
v -0.01651192 0.00003415 0.05053745
v -0.02082132 -0.00062338 0.04541185
v -0.02008888 -0.00399166 0.04738221
v -0.01355949 0.00077354 0.05621918
v -0.01345363 0.00379619 0.05385511
v -0.01631603 -0.00285678 0.05265180
v -0.01663087 -0.00575895 0.05524015
v -0.01374854 -0.00200920 0.05973119
v -0.02254314 -0.02172915 0.05271462
v -0.02227260 -0.01560357 0.04932807
v -0.01953192 -0.01015405 0.05149586
v -0.02396725 -0.00741824 0.04508695
v -0.02305733 -0.01086046 0.04667050
v -0.01961808 -0.00676167 0.04924261
v -0.02550812 -0.00388302 0.04353924
v -0.01909914 -0.00896620 0.05908009
v -0.02129278 -0.01232624 0.06246674
v -0.01518438 -0.00516248 0.06385049
v -0.01225608 -0.00275802 0.06680849
v -0.01158707 0.00100611 0.06309320
v -0.02139621 0.00264611 0.04415295
v -0.02646380 -0.00046855 0.04249902
v -0.02709870 -0.01474100 0.04542314
v -0.03249425 -0.01778305 0.04457554
v -0.02909218 -0.01017111 0.04355058
v -0.03367257 -0.01256049 0.04252239
v -0.03004198 -0.00679083 0.04245742
v -0.03454379 -0.00912278 0.04111772
v -0.03655049 -0.02141829 0.04393335
v -0.04001711 -0.02449619 0.04348662
v -0.04309775 -0.02890564 0.04330649
v -0.04268321 -0.01943319 0.04088052
v -0.04682504 -0.02406739 0.03976541
v -0.04435702 -0.01441429 0.03816582
v -0.04909333 -0.01917298 0.03675419
v -0.03861708 -0.01548008 0.04135710
v -0.03988863 -0.01180860 0.03953591
v -0.03546338 -0.00551425 0.03971345
v -0.03114437 -0.00311597 0.04114331
v -0.04525045 -0.00286910 0.03569236
v -0.04517278 -0.00910314 0.03662656
v -0.04041677 -0.00722005 0.03813212
v -0.04074411 -0.00212097 0.03697678
v -0.05076411 -0.01209933 0.03416711
v -0.05014621 -0.00382219 0.03328695
v -0.04884727 0.00150781 0.03226722
v -0.03268768 0.00933228 0.03740505
v -0.02775126 0.01015452 0.03875722
v -0.03646707 0.00890721 0.03609844
v -0.04435233 0.00151063 0.03443271
v -0.04067348 0.00232027 0.03608659
v -0.05165095 0.01042623 0.02500784
v -0.04934810 0.00942589 0.02780477
v -0.04330993 0.00843146 0.03273454
v -0.04018439 0.00857313 0.03448936
v -0.04641995 0.00869964 0.03038957
v -0.02338409 0.01245396 0.03909182
v -0.01869946 0.01519639 0.03942261
v -0.06212366 -0.06634215 -0.07415657
v -0.01112451 0.00423599 0.05986958
v -0.01083272 0.00764254 0.05704749
v -0.01709365 0.03477001 0.04369231
v -0.01430889 0.03089536 0.04174630
v -0.00758861 0.03255950 0.04771154
v -0.02260414 0.04194296 0.04703869
v -0.01545042 0.01886791 0.03957593
v -0.01349882 0.02207000 0.03962338
v -0.01246494 0.02408419 0.03989516
v -0.01218973 0.02745994 0.04067545
v -0.03320397 0.05749423 0.04718459
v -0.03023526 0.05156776 0.05036307
v -0.05921136 0.06372156 0.01082432
v -0.06294936 0.05583868 0.00672232
v -0.05332147 0.05123919 0.02898723
v -0.05701877 0.04736895 0.02546763
v -0.05921876 0.04184729 0.02248513
v -0.06583942 0.04488555 0.00390395
v -0.06714579 0.03172166 0.00281375
v -0.06808925 0.01914293 0.00257286
v -0.04956597 0.09459793 0.00444568
v -0.04953676 0.10068810 -0.00202092
v -0.04915169 0.08817577 0.01127040
v -0.04021568 0.11453819 -0.00975216
v -0.04021532 0.10957813 -0.00166446
v -0.04921916 0.10631743 -0.00852160
v -0.04063062 0.10389344 0.00523659
v -0.04097113 0.09779920 0.01164519
v -0.04054752 0.09149659 0.01853114
v -0.03928493 0.08530023 0.02468393
v -0.03737839 0.07607570 0.03147320
v -0.05241921 -0.06534432 -0.09372155
v -0.00818828 -0.01107773 0.05844424
v -0.00772659 -0.01126458 0.05885798
v -0.00799536 -0.01115335 0.05813158
v -0.00745507 -0.01116560 0.05856601
v -0.00797394 -0.01132283 0.05864828
v -0.00784443 -0.02053913 0.06207018
v -0.00653248 -0.01867351 0.06088923
v -0.00719963 -0.01422967 0.05983439
v -0.07518043 -0.03222102 -0.03922955
v -0.06480469 -0.10287911 -0.06631484
v -0.06052358 -0.09927687 -0.08119345
v 0.06414002 -0.10166666 -0.06545404
v 0.05958282 -0.09840077 -0.08062287
v 0.02290233 -0.13252153 -0.00068763
v 0.03577923 -0.12790665 -0.00942589
v 0.03797023 -0.13741353 -0.01121288
v 0.02387473 -0.14120574 -0.00444250
v 0.06715506 -0.12022371 -0.07164432
v 0.06566732 -0.11132014 -0.06625638
v 0.06096762 -0.10767711 -0.08320872
v 0.06359570 -0.11556270 -0.08892442
v 0.05254891 -0.10523500 -0.09790493
v 0.05497125 -0.11439222 -0.10390902
v 0.04325343 -0.11425392 -0.11553900
v 0.04116697 -0.10362298 -0.10902294
v 0.02782790 -0.10273788 -0.11733489
v 0.02947912 -0.11462117 -0.12295388
v 0.05061567 -0.12288245 -0.01915825
v 0.06131352 -0.11815517 -0.03249726
v 0.06278885 -0.12795387 -0.03573498
v 0.05260475 -0.13279535 -0.02092035
v 0.06683333 -0.11469185 -0.04829128
v 0.06771281 -0.12499957 -0.05303353
v 0.01409446 -0.11469246 -0.12643076
v 0.01329440 -0.10163048 -0.12133678
v 0.02533637 -0.15931913 -0.00977848
v 0.01077069 -0.16193938 -0.00776264
v 0.01139934 -0.15328634 -0.00366471
v 0.02473117 -0.15109783 -0.00770885
v 0.05974907 -0.16322216 -0.02993125
v 0.07432731 -0.15657730 -0.04577111
v 0.08061384 -0.16479947 -0.04167984
v 0.06315953 -0.17297435 -0.02732719
v 0.10320261 -0.16193935 -0.05419552
v 0.11291499 -0.15082806 -0.07775641
v 0.04204635 -0.16686127 -0.01807662
v 0.04430973 -0.17745703 -0.01509325
v -0.00187947 -0.12746088 -0.13417079
v -0.00170666 -0.11435575 -0.12692069
v 0.10255926 -0.14553759 -0.08201773
v 0.10140177 -0.14191757 -0.10758261
v 0.11429480 -0.14758492 -0.10455233
v 0.05731064 -0.16364506 -0.15042396
v 0.05759705 -0.17046577 -0.15339465
v 0.07367231 -0.16582760 -0.15043443
v 0.06914558 -0.15935507 -0.14695123
v 0.07928652 -0.12943175 -0.10315943
v 0.06703372 -0.13025096 -0.11993301
v 0.07589740 -0.13822147 -0.12495575
v 0.08996972 -0.13586707 -0.10729422
v 0.03878959 -0.14766723 -0.14341962
v 0.05799673 -0.14250204 -0.13634568
v 0.05137760 -0.13411593 -0.13182095
v 0.03400771 -0.13689849 -0.13809133
v 0.09238149 -0.14070693 -0.08329687
v 0.08201146 -0.13461132 -0.08106524
v 0.08478875 -0.14927861 -0.06356540
v 0.07675748 -0.14185070 -0.06201480
v 0.06907342 -0.14823012 -0.04424616
v 0.06059311 -0.12227294 -0.11229271
v 0.04684253 -0.12427226 -0.12369961
v 0.03084791 -0.12623629 -0.13073544
v 0.01442565 -0.12702921 -0.13413382
v -0.00114525 -0.17705108 -0.15276811
v -0.00132105 -0.16484363 -0.15064433
v 0.01818150 -0.14955248 -0.14537506
v 0.01632512 -0.13890041 -0.14081821
v 0.09366249 -0.15539382 -0.06094157
v 0.07036242 -0.13395710 -0.05859108
v 0.06488115 -0.13908803 -0.04050437
v 0.07095132 -0.17957260 -0.01562153
v 0.08954072 -0.17303780 -0.03269761
v 0.04936122 -0.18467388 -0.00419746
v 0.02968953 -0.18878269 0.00295491
v 0.02012041 -0.16348763 -0.14936310
v 0.01888254 -0.17545801 -0.15204151
v 0.04060090 -0.17243174 -0.15271452
v 0.04431990 -0.15980144 -0.14902115
v 0.05764974 -0.15361388 -0.02724186
v 0.04166988 -0.15646920 -0.01589939
v 0.02542925 -0.16972466 -0.00995017
v 0.07009783 -0.12250123 -0.09602138
v 0.07284924 -0.12704490 -0.07680914
v 0.05497527 -0.14387363 -0.02421741
v 0.04037015 -0.14806150 -0.01362042
v 0.01091927 -0.14373486 0.00141069
v 0.02679289 -0.18002835 -0.00613799
v 0.10291916 -0.15230322 -0.12722453
v 0.08898164 -0.15963462 -0.14197785
v 0.08114642 -0.15568955 -0.14124303
v -0.00211723 -0.15072142 -0.14659472
v -0.00100537 -0.15372322 -0.00270098
v -0.00172085 -0.16158523 -0.00751527
v -0.00004399 -0.14429921 0.00276268
v 0.08622182 -0.14708547 -0.13051389
v 0.06436740 -0.15182595 -0.14212389
v -0.00048916 -0.13678494 0.00785382
v -0.00169658 -0.10087364 -0.12240977
v -0.00201985 -0.17331348 -0.01139206
v -0.00184556 -0.18630423 -0.00842725
v -0.00145334 -0.19569355 0.00177259
v 0.01148918 -0.13585313 0.00618912
v 0.01222186 -0.18361254 -0.00644191
v 0.01109361 -0.17215890 -0.00954126
v 0.01357619 -0.19345059 0.00283103
v -0.00187490 -0.13882865 -0.14146560
v -0.02316858 -0.13391064 -0.00157860
v -0.03559574 -0.12961639 -0.01060966
v -0.03740063 -0.13857588 -0.01244607
v -0.02369452 -0.14220908 -0.00508174
v -0.06913201 -0.12101402 -0.07217074
v -0.06648082 -0.11259270 -0.06705922
v -0.06234883 -0.10834817 -0.08372200
v -0.06556229 -0.11618561 -0.08956628
v -0.05483899 -0.10569672 -0.09831631
v -0.05774909 -0.11444032 -0.10463253
v -0.04627882 -0.11439246 -0.11610249
v -0.04393988 -0.10395167 -0.10940321
v -0.03093539 -0.10296778 -0.11767888
v -0.03274474 -0.11465912 -0.12335957
v -0.04977458 -0.12471543 -0.02110660
v -0.06114106 -0.12012175 -0.03442259
v -0.06265593 -0.12950540 -0.03728155
v -0.05205626 -0.13425185 -0.02290270
v -0.06785140 -0.11659978 -0.04954980
v -0.06858007 -0.12629221 -0.05364005
v -0.01739563 -0.11474165 -0.12662336
v -0.01653251 -0.10177512 -0.12152732
v -0.02702521 -0.16033947 -0.01029523
v -0.01324419 -0.16198999 -0.00770286
v -0.01268209 -0.15352350 -0.00414381
v -0.02580624 -0.15196931 -0.00842954
v -0.05962349 -0.16534241 -0.03214661
v -0.07496479 -0.15820123 -0.04748257
v -0.08120462 -0.16664819 -0.04385295
v -0.06357560 -0.17511126 -0.02930253
v -0.10364129 -0.16440439 -0.05662377
v -0.11378574 -0.15320887 -0.08002321
v -0.04292881 -0.16860780 -0.01954360
v -0.04586867 -0.17940989 -0.01617046
v -0.10405387 -0.14745958 -0.08376303
v -0.10336199 -0.14350727 -0.10904019
v -0.11569566 -0.14969948 -0.10630636
v -0.05988123 -0.16445419 -0.15117669
v -0.06010975 -0.17122902 -0.15416069
v -0.07577211 -0.16702013 -0.15123938
v -0.07159477 -0.16047387 -0.14759347
v -0.08192481 -0.13081963 -0.10393350
v -0.07000328 -0.13142990 -0.12076005
v -0.07857980 -0.13948372 -0.12557298
v -0.09232128 -0.13728979 -0.10827381
v -0.04185157 -0.14835675 -0.14363246
v -0.06092525 -0.14308430 -0.13672003
v -0.05448376 -0.13370158 -0.13152480
v -0.03721946 -0.13739064 -0.13820980
v -0.09415795 -0.14224373 -0.08464377
v -0.08349296 -0.13682380 -0.08234259
v -0.08612774 -0.15076301 -0.06498850
v -0.07818810 -0.14379819 -0.06329507
v -0.06931149 -0.14977323 -0.04598115
v -0.06321509 -0.12320848 -0.11282149
v -0.04987478 -0.12490913 -0.12392034
v -0.03429297 -0.12653942 -0.13080533
v -0.01757257 -0.12820697 -0.13447469
v -0.02189816 -0.15139768 -0.14571303
v -0.02081959 -0.13570631 -0.14004022
v -0.09467308 -0.15731068 -0.06297445
v -0.07188798 -0.13535038 -0.05951624
v -0.06563471 -0.13974737 -0.04157199
v -0.07183435 -0.18238109 -0.01744810
v -0.08982966 -0.17531267 -0.03509688
v -0.05149641 -0.18676136 -0.00453634
v -0.03245192 -0.18955755 0.00315603
v -0.02353136 -0.16352510 -0.14969409
v -0.02163496 -0.17567639 -0.15221979
v -0.04266861 -0.17333068 -0.15323220
v -0.04700866 -0.16054204 -0.14946364
v -0.05788675 -0.15522905 -0.02965296
v -0.04237089 -0.15797329 -0.01756759
v -0.02766300 -0.17116193 -0.01071300
v -0.07215262 -0.12391534 -0.09673013
v -0.07426776 -0.12939346 -0.07805225
v -0.05554985 -0.14510719 -0.02591255
v -0.04056745 -0.14929710 -0.01538900
v -0.01232885 -0.14422178 0.00044666
v -0.02956934 -0.18106015 -0.00641905
v -0.10425734 -0.15407112 -0.12881233
v -0.09068999 -0.16109106 -0.14313455
v -0.08334505 -0.15696158 -0.14211294
v -0.08839612 -0.14847364 -0.13152277
v -0.06688470 -0.15288712 -0.14274518
v -0.01189344 -0.13645111 0.00519626
v -0.01519109 -0.18409817 -0.00603694
v -0.01399683 -0.17292598 -0.00968693
v -0.01599082 -0.19306038 0.00309700
v -0.00821874 -0.01122713 0.05836933
v -0.07171245 -0.03282273 -0.01643559
v -0.07177597 -0.04152536 -0.02391040
v -0.06844850 -0.05392176 -0.01456658
v -0.06858036 -0.04426594 -0.00704572
v -0.06369162 -0.06426806 -0.00462247
v -0.06597480 -0.05295537 0.00005355
v -0.05725824 -0.07138742 0.00690488
v -0.06162544 -0.06077609 0.00908563
v -0.05143046 -0.07342462 0.01877475
v -0.05704316 -0.06421725 0.01947272
v -0.03717941 -0.07065783 0.04751748
v -0.03472661 -0.07621212 0.04367984
v -0.02869240 -0.07655596 0.05524239
v -0.03015846 -0.07106488 0.05940165
v -0.02186418 -0.07522724 0.06436162
v -0.02261433 -0.06990963 0.06819440
v -0.01370930 -0.07334512 0.06935973
v -0.01428233 -0.06834248 0.07339109
v -0.00311140 -0.07213052 0.07180051
v -0.00355155 -0.06730819 0.07521358
v -0.00428582 -0.05709243 0.07570394
v -0.01324375 -0.05744387 0.07427543
v -0.01391100 -0.06291580 0.07485201
v -0.00412517 -0.06279479 0.07606194
v -0.02046105 -0.05808579 0.06998611
v -0.02160007 -0.06465738 0.06964819
v -0.02701322 -0.05904703 0.06312735
v -0.02899633 -0.06555785 0.06179079
v -0.03558467 -0.05841815 0.05310363
v -0.03745897 -0.06522727 0.05058644
v -0.04229027 -0.05551206 0.04561482
v -0.04487683 -0.06114320 0.04076240
v -0.01232197 -0.07866473 0.06256892
v -0.00253644 -0.07676299 0.06598293
v -0.01999716 -0.08060961 0.05776162
v -0.02663539 -0.08093188 0.04921675
v -0.03249010 -0.08102695 0.03932042
v -0.04445013 -0.07354674 0.03076199
v -0.03807002 -0.08080365 0.02763586
v -0.04568155 -0.07920045 0.01630085
v -0.05171645 -0.07759061 0.00325219
v -0.06096162 -0.07074612 -0.00998690
v -0.06741957 -0.05953736 -0.02222220
v -0.07145854 -0.04724798 -0.03155236
v -0.07414957 -0.03346492 -0.02984734
v -0.01928623 -0.05361508 0.06819431
v -0.01179571 -0.05315075 0.07241174
v -0.02547705 -0.05421013 0.06276488
v -0.03310696 -0.05380283 0.05454805
v -0.03947734 -0.05104393 0.04937515
v -0.04624561 -0.04376854 0.04655268
v -0.04472043 -0.04844316 0.04732430
v -0.04277752 -0.03546447 0.04712168
v -0.04558232 -0.03943224 0.04687654
v -0.05035388 -0.03016774 0.03908143
v -0.05361728 -0.03699050 0.03784888
v -0.04980426 -0.03765030 0.04264994
v -0.04677286 -0.03281276 0.04306989
v -0.05368032 -0.02442334 0.03415964
v -0.05714675 -0.03374829 0.03199420
v -0.01034253 -0.08372290 0.05641837
v -0.00187896 -0.08251195 0.05844262
v -0.01715602 -0.08521284 0.05189740
v -0.02324857 -0.08690748 0.04405402
v -0.02772071 -0.08865872 0.03500735
v -0.03332868 -0.08957679 0.02473786
v -0.03856284 -0.08895315 0.01307235
v -0.04476831 -0.08625068 -0.00034173
v -0.05493363 -0.07851848 -0.01545809
v -0.06550798 -0.06495930 -0.02892114
v -0.06894131 -0.05173707 -0.03866331
v -0.02408225 -0.10027307 0.02096469
v -0.01973347 -0.09784639 0.02952833
v -0.01591537 -0.09591757 0.03786726
v -0.01241718 -0.09334154 0.04429248
v -0.00731338 -0.09433118 0.04394252
v -0.00026473 -0.09513320 0.04341306
v -0.00576625 -0.09956969 0.03357629
v 0.00043976 -0.09970329 0.03453040
v -0.00842969 -0.10420596 0.02739545
v 0.00068195 -0.10424422 0.02941669
v -0.01134486 -0.10893130 0.02385454
v 0.00043542 -0.11072078 0.02532851
v -0.04819786 -0.05005719 0.04289269
v -0.05134176 -0.05354603 0.03695625
v -0.05402892 -0.04497337 0.03639671
v -0.05790791 -0.04388353 0.02896241
v -0.05540992 -0.05517638 0.02904291
v -0.05038460 -0.04348914 0.04250882
v -0.06078167 -0.05311906 0.01952687
v -0.06229538 -0.03994953 0.02156491
v -0.06057214 -0.02751651 0.02583044
v -0.06469625 -0.03387065 0.01513668
v -0.06418858 -0.04814053 0.01032011
v -0.06328654 -0.02332374 0.01996514
v -0.06509782 -0.01848493 0.01565069
v -0.06601770 -0.02948532 0.01006033
v -0.06609388 -0.04109322 0.00475508
v -0.04941324 -0.06655013 0.03126387
v -0.06768855 -0.03545901 -0.00083580
v -0.06692034 -0.01472063 0.01097316
v -0.06717200 -0.02429300 0.00509837
v -0.06930086 -0.00947416 0.00499497
v -0.07030981 -0.01875297 -0.00439669
v -0.07056920 -0.02765101 -0.01017400
v -0.07454710 -0.02477389 -0.02599449
v -0.00449508 -0.05282393 0.07436217
v -0.06894433 -0.03459991 -0.05624515
v -0.02414234 -0.03677461 0.05765384
v -0.01870918 -0.03458439 0.06132609
v -0.01325986 -0.03287714 0.06526221
v -0.00931875 -0.03243841 0.06760573
v -0.00473597 -0.03261102 0.06818587
v 0.00007626 -0.12526695 0.01798712
v 0.00017359 0.04924979 0.05192427
v 0.00030995 -0.11697159 0.02246898
v -0.00315419 -0.04539313 0.06092184
v -0.00108828 0.13101652 -0.02332694
v -0.00429029 -0.04915157 0.07184654
v -0.00381345 -0.03715023 0.06176209
v 0.00036917 0.00279689 0.07462560
v -0.00429505 -0.04471987 0.06974980
v -0.00516090 -0.03161920 0.07285045
v -0.00586612 -0.02200754 0.07351127
v 0.00002201 0.07918024 0.04170283
v -0.00562424 -0.02664202 0.07321561
v 0.00006743 -0.02916428 0.06648348
v 0.00025646 -0.00170812 0.07823971
v -0.00604069 -0.01961470 0.07384156
v -0.00153326 -0.04831335 -0.12402739
v -0.00468990 -0.03604106 0.07170657
v -0.00502622 -0.02672401 0.06519413
v -0.00569249 -0.01894094 0.07240028
v 0.00020135 -0.05522150 0.05252672
v 0.00023330 -0.03338106 0.06871215
v 0.00085633 0.02160809 0.05877707
v -0.00148183 -0.00774558 -0.14596687
v 0.00059263 0.01761155 0.06209086
v -0.00094829 0.10354995 0.02490896
v -0.00046776 0.09043201 0.03562365
v 0.00046309 0.00641557 0.07141539
v -0.00101354 0.05851395 -0.15409115
v -0.00090365 0.07579581 -0.14960730
v -0.00021654 0.06669424 0.04842185
v -0.00086544 0.13114317 -0.08618703
v 0.00016057 -0.00585068 0.08038400
v 0.00002324 -0.02121748 0.06926047
v -0.00110075 0.12160639 0.00074586
v -0.00125967 0.02226400 -0.15429321
v -0.00074870 0.12179087 -0.11141817
v 0.00023175 -0.05907710 0.06941211
v -0.00111630 0.12663437 -0.01074278
v 0.00048648 -0.06205681 0.06880572
v -0.00005276 -0.01655123 0.07713897
v -0.00137731 0.00563644 -0.15123813
v -0.00114178 0.03678630 -0.15501018
v 0.00027492 -0.04412004 0.06890693
v 0.00015399 -0.03760156 0.06984452
v -0.00078441 0.12742633 -0.09922189
v 0.00017207 0.05727942 0.05179500
v 0.00029906 -0.04815261 0.06886400
v 0.00088502 0.03262003 0.05225421
v 0.00027646 -0.05162478 0.06931747
v -0.00031341 -0.13128099 0.01275064
v -0.00078471 0.10094196 -0.13472517
v 0.00018187 -0.05503942 0.06897199
v 0.00041005 -0.06015060 0.06075187
v 0.00058001 0.01017065 0.06832818
v 0.00030528 -0.05769697 0.05677514
v 0.00011647 0.07060581 0.04537725
v 0.00008099 -0.02567303 0.06575133
v 0.00009080 -0.02472921 0.06590264
v 0.00111005 0.02937208 0.05343140
v -0.00085480 0.09697744 0.03086930
v 0.00068432 0.03592354 0.05173289
v 0.00022035 -0.02670039 0.06558944
v -0.00082604 0.09119888 -0.14199661
v -0.00097580 0.13553965 -0.06851137
v -0.00100318 0.13624604 -0.05523292
v 0.00101030 0.02517908 0.05587711
v 0.00067038 0.01398077 0.06503320
v -0.00148206 -0.05821276 -0.12231649
v -0.00007162 -0.01304019 0.07994847
v -0.00000400 -0.00999227 0.08102030
v -0.00108129 0.11573957 0.01049356
v -0.00152462 -0.01796391 -0.14158913
v -0.00105038 0.13498174 -0.03830415
v -0.00102877 0.10966410 0.01824260
v -0.00155202 -0.03654711 -0.13082679
v -0.00154821 -0.02615816 -0.13794097
v -0.00001536 -0.01768991 0.07542279
v 0.00020112 0.04034104 0.05141487
v -0.00000747 -0.01984186 0.07220835
v -0.00075150 0.11407762 -0.12272038
v 0.00005711 -0.02316191 0.06696634
v 0.00875125 -0.01175084 0.05813257
v 0.07085963 -0.03110090 -0.01369814
v 0.07112419 -0.03962278 -0.02151124
v 0.06805095 -0.05156388 -0.01193991
v 0.06800799 -0.04204132 -0.00403809
v 0.06345883 -0.06151055 -0.00179256
v 0.06518359 -0.05013979 0.00333750
v 0.05728446 -0.06855784 0.00988247
v 0.06092738 -0.05755708 0.01280090
v -0.00514238 -0.01678780 0.07403192
v -0.00373672 -0.01901423 0.07139778
v 0.05078607 -0.07049278 0.02216056
v 0.05580892 -0.06091576 0.02317126
v -0.01646872 0.02362907 0.03550801
v -0.00954053 -0.02293456 0.06187841
v -0.00848970 0.00356405 0.06679244
v -0.01552450 0.02352638 0.03671504
v 0.03284255 -0.06752142 0.05143876
v 0.03162058 -0.07318069 0.04707651
v 0.02418983 -0.07379935 0.05872716
v 0.02472325 -0.06827937 0.06345035
v -0.01257538 -0.02325269 0.06095062
v 0.01630750 -0.07333335 0.06725308
v 0.01622518 -0.06811991 0.07125234
v 0.00765387 -0.07259110 0.07146816
v 0.00738827 -0.06766834 0.07575841
v -0.00803230 0.01097278 0.06070040
v -0.00888303 0.02262344 0.04691716
v 0.00475432 -0.05619004 0.07594955
v 0.00591543 -0.06189786 0.07677352
v -0.00802872 0.00705657 0.06389574
v -0.02031540 -0.01981284 0.06105597
v -0.01747078 -0.02372517 0.05981619
v -0.00876538 -0.01137429 0.07680234
v -0.00981197 -0.00843353 0.07587752
v 0.01247029 -0.05642702 0.07209087
v -0.00934473 -0.01420856 0.07427109
v -0.00602987 -0.01582630 0.07509236
v 0.01439356 -0.06275360 0.07221723
v -0.01728714 0.02404770 0.03556046
v -0.02959018 0.02477231 0.02661944
v -0.00768104 -0.01330453 0.07653578
v -0.00407894 -0.01504208 0.07720652
v -0.02050320 0.02557143 0.03139871
v -0.01677583 0.02394397 0.03540614
v -0.01519096 -0.01229063 0.06957558
v -0.00754855 0.02121519 0.05146090
v 0.01959092 -0.05646053 0.06628852
v 0.02261206 -0.06292602 0.06566857
v 0.02989372 -0.05541937 0.05738277
v 0.03251265 -0.06199960 0.05511679
v -0.01886768 -0.01485492 0.06510531
v 0.03788234 -0.05232897 0.05038738
v 0.04089909 -0.05779291 0.04507424
v 0.00743352 -0.07768364 0.06396116
v -0.01800520 0.02424842 0.03518979
v -0.01824122 0.02462582 0.03494478
v -0.00908162 -0.00022742 0.07031414
v 0.01556931 -0.07873544 0.05998015
v 0.02315496 -0.07849249 0.05186436
v 0.03017122 -0.07805345 0.04227735
v 0.04251102 -0.07065925 0.03432105
v -0.02361487 0.02516945 0.03271165
v -0.00325650 -0.02130691 0.06615462
v -0.01263941 -0.01315848 0.07189254
v -0.01076479 -0.01379996 0.07322274
v -0.00373257 -0.02284336 0.06455188
v 0.03737454 -0.07866002 0.03072580
v 0.04534619 -0.07638297 0.01909059
v -0.01299890 0.02320087 0.03976410
v 0.05235349 -0.07510365 0.00547567
v -0.00771072 0.01793327 0.05532278
v -0.00801431 0.01418942 0.05828514
v 0.06116061 -0.06826957 -0.00791936
v 0.06701344 -0.05727519 -0.02023880
v -0.00315653 -0.02030456 0.06875753
v 0.07095458 -0.04537408 -0.02966052
v 0.07318185 -0.03194895 -0.02751496
v 0.01087114 -0.05185935 0.07026276
v 0.00339529 -0.05234123 0.07355364
v 0.01782673 -0.05183473 0.06536482
v -0.00977113 -0.00461572 0.07369087
v 0.02703990 -0.05101868 0.05818668
v 0.03450621 -0.04829373 0.05346610
v 0.04226577 -0.04180794 0.05008840
v -0.00700039 -0.02226958 0.06336492
v 0.04021687 -0.04589500 0.05114381
v 0.03956853 -0.03431081 0.04948917
v 0.04174951 -0.03795958 0.04989883
v 0.04787976 -0.02846679 0.04137595
v 0.05062475 -0.03486082 0.04094954
v 0.04643384 -0.03592480 0.04627516
v -0.00011447 -0.01501012 0.07852640
v -0.00678720 -0.01479019 0.07588902
v 0.04405988 -0.03133026 0.04566385
v 0.05181467 -0.02269812 0.03614183
v 0.05453809 -0.03134353 0.03450459
v 0.00682762 -0.08301480 0.05753094
v -0.03152828 0.04179718 0.04352825
v -0.03066669 0.03793251 0.04039915
v 0.01420274 -0.08386029 0.05382574
v 0.02122164 -0.08480632 0.04624909
v 0.02680286 -0.08632781 0.03721639
v 0.03269229 -0.08677537 0.02679134
v 0.03829733 -0.08630737 0.01448969
v 0.04489324 -0.08357938 0.00093640
v -0.02636970 0.04676436 0.04847957
v -0.00605355 0.04532345 0.05145246
v -0.01266881 0.04592758 0.05243517
v 0.05549256 -0.07595042 -0.01386250
v -0.03083286 0.03494308 0.03692533
v -0.03196935 0.03201746 0.03638960
v -0.02993976 0.03574589 0.03642575
v -0.03146286 0.03360315 0.03794593
v -0.03125785 0.03443342 0.03746192
v 0.06469546 -0.06255449 -0.02733568
v -0.03036711 0.03528652 0.03560160
v 0.06851753 -0.04979220 -0.03732999
v -0.03010500 0.03644577 0.03577322
v 0.02406612 -0.09815975 0.02158363
v -0.03047438 0.04513578 0.04564001
v 0.01960231 -0.09565894 0.03024046
v 0.01545458 -0.09405670 0.03888487
v -0.03045956 0.03575760 0.03598810
v -0.03151435 0.03101119 0.03441298
v 0.01152877 -0.09248234 0.04550760
v -0.03218356 0.02764730 0.02785619
v 0.00664797 -0.09400035 0.04467655
v 0.00019612 0.04503168 0.05183179
v -0.02378510 0.05760725 0.05070879
v -0.05372528 0.05458964 0.02594145
v 0.00633889 -0.09923100 0.03393929
v -0.05749861 0.04977034 0.02232147
v 0.00893251 -0.10365704 0.02758376
v -0.05120228 0.00586506 0.02814865
v -0.05370564 0.00737924 0.02528431
v -0.02193534 0.05212762 0.05329516
v 0.01153123 -0.10812839 0.02419035
v 0.04380275 -0.04695163 0.04723172
v 0.04786589 -0.05042578 0.04104456
v 0.05104968 -0.04237814 0.04025640
v 0.05551819 -0.04125093 0.03267387
v -0.02758791 0.06920215 0.04039222
v -0.03188474 0.11703644 -0.00576005
v -0.02691029 0.06484086 0.04509430
v -0.04188211 0.06035757 0.03791236
v 0.05322842 -0.05215948 0.03309128
v -0.03193181 0.11188983 0.00300707
v 0.04660779 -0.04110054 0.04645682
v 0.05918512 -0.05001881 0.02367711
v 0.05993731 -0.03712881 0.02514946
v 0.05844327 -0.02536460 0.02847739
v 0.06290340 -0.03128137 0.01834777
v -0.04865346 0.05848061 0.03082699
v 0.06273990 -0.04495699 0.01410320
v -0.05828946 0.01166504 0.01866661
v -0.00758082 0.06160988 0.05074743
v -0.05999804 0.01940288 0.01529081
v 0.06130167 -0.02119121 0.02288386
v -0.01654864 0.06171657 0.05059635
v -0.02859287 0.12949704 -0.06745516
v 0.06355305 -0.01671595 0.01811934
v 0.06450172 -0.02717393 0.01313401
v 0.06475664 -0.03841756 0.00813968
v 0.04738244 -0.06331141 0.03493654
v -0.01646818 0.04224053 0.04946012
v 0.06676535 -0.03337934 0.00230278
v -0.04035376 0.00586293 0.03513865
v -0.04380308 0.00522414 0.03347092
v 0.06595265 -0.01343660 0.01341028
v -0.03252283 0.12900560 -0.05622175
v -0.05755937 0.01036733 0.02018687
v -0.03050440 0.08697420 0.02973965
v -0.01053283 0.03212711 0.04483853
v -0.01311774 0.03580641 0.04620330
v -0.03135193 0.09372594 0.02401662
v 0.06622423 -0.02276534 0.00782662
v 0.06839950 -0.00845424 0.00720066
v 0.06952665 -0.01743226 -0.00170776
v -0.03167451 0.10027842 0.01733348
v 0.06954245 -0.02603145 -0.00709542
v 0.07309761 -0.02346606 -0.02335053
v -0.03229203 0.12169760 -0.01609348
v -0.02316555 0.01049517 0.04024096
v 0.06743316 -0.03394836 -0.05538191
v 0.02333169 -0.03725758 0.05863647
v 0.01844401 -0.03536055 0.06209461
v -0.06015901 0.04340354 0.01940021
v -0.06155058 0.03539076 0.01763193
v -0.03309264 0.12799214 -0.04246198
v -0.03249252 0.00727438 0.03834491
v -0.06102375 0.02764297 0.01635482
v -0.01664705 0.13165146 -0.07533062
v 0.01357164 -0.03381114 0.06586457
v -0.05595602 0.00876178 0.02259133
v 0.01001190 -0.03315859 0.06827347
v 0.00536352 -0.03300171 0.06876409
v -0.03447352 0.06081239 0.04367789
v -0.03649810 0.00644372 0.03685198
v -0.00906182 0.02824926 0.04419743
v -0.01861689 0.01371633 0.04099267
v -0.01499336 0.01767822 0.04162962
v -0.03180088 0.10624873 0.01053901
v -0.01197377 0.02126285 0.04263065
v -0.00960624 0.02432813 0.04381251
v -0.02765297 0.00836661 0.03985668
v -0.02904726 0.07698018 0.03626590
v -0.03258280 0.12538950 -0.02855074
v -0.04774598 0.00527205 0.03100686
v -0.00094199 0.13304381 -0.07802331
v -0.00027336 0.06238076 0.05047956
v -0.01073841 0.02294351 0.04346121
v -0.01945324 0.04734842 0.05170691
v -0.02558115 0.06143080 0.04792406
v -0.00437744 -0.03968966 0.06964277
v -0.03121853 -0.04246476 0.05602542
v -0.03327694 -0.04192718 0.05475208
v -0.03314858 -0.04385256 0.05227865
v -0.02111323 -0.04347662 0.06125913
v -0.02744429 -0.04383299 0.05805977
v -0.02171313 -0.04040284 0.06365663
v -0.03425039 -0.04224277 0.05360025
v -0.01624648 -0.03990983 0.06751790
v -0.03442207 -0.04314070 0.05264674
v -0.01092432 -0.04089801 0.06901819
v 0.00020187 -0.04059733 0.07000714
v -0.00906184 -0.03993679 0.06785852
v -0.00511652 -0.03955119 0.07002327
v -0.01446827 -0.04127929 0.06459294
v -0.03052671 -0.04299926 0.05406138
v -0.02733764 -0.04111367 0.05806885
v 0.00518396 -0.01682261 0.07408778
v 0.00385198 -0.01899853 0.07141118
v 0.01820088 0.02325439 0.03582159
v 0.00970773 -0.02335120 0.06182800
v 0.00863698 0.00313539 0.06648740
v 0.01738233 0.02308554 0.03714281
v 0.01272794 -0.02392569 0.06098836
v 0.00866471 0.01069367 0.06050565
v 0.01023446 0.02231538 0.04714569
v 0.00842400 0.00676376 0.06364223
v 0.02087952 -0.02091288 0.06139467
v 0.01792153 -0.02487956 0.06043256
v 0.00860182 -0.01145373 0.07650568
v 0.00972919 -0.00860858 0.07560042
v 0.00933567 -0.01430402 0.07412559
v 0.00598387 -0.01586221 0.07503415
v 0.01910827 0.02383535 0.03576613
v 0.03091685 0.02506269 0.02681828
v 0.00763268 -0.01329681 0.07635327
v 0.00392305 -0.01493973 0.07704251
v 0.02213607 0.02505356 0.03198820
v 0.01860780 0.02357627 0.03559338
v 0.01557382 -0.01267711 0.06949826
v 0.00876679 0.02103656 0.05158973
v 0.01944114 -0.01551162 0.06510677
v 0.01982338 0.02398426 0.03545462
v 0.02006070 0.02423090 0.03519328
v 0.00895046 -0.00085805 0.06987941
v 0.02506030 0.02513582 0.03301094
v 0.00340654 -0.02125851 0.06619032
v 0.01285507 -0.01351533 0.07180983
v 0.01090555 -0.01404970 0.07315324
v 0.00401447 -0.02289957 0.06453460
v 0.01454339 0.02264531 0.03986814
v 0.00879836 0.01774323 0.05543174
v 0.00889200 0.01397671 0.05822296
v 0.00332165 -0.02029387 0.06877374
v 0.00972854 -0.00504072 0.07341719
v 0.00723159 -0.02250323 0.06317478
v 0.00666459 -0.01471710 0.07567123
v 0.03235020 0.04236794 0.04399565
v 0.03170738 0.03834143 0.04075228
v 0.02703870 0.04677900 0.04972133
v 0.00640292 0.04438411 0.05192281
v 0.01289007 0.04553478 0.05292015
v 0.03185365 0.03493054 0.03787203
v 0.03253594 0.03253824 0.03708559
v 0.03086949 0.03620840 0.03612559
v 0.03253408 0.03334308 0.03885451
v 0.03219202 0.03419378 0.03852325
v 0.03137314 0.03544053 0.03564868
v 0.03134035 0.03644292 0.03626288
v 0.03106089 0.04585458 0.04639366
v 0.03167852 0.03563325 0.03654839
v 0.03231316 0.03180827 0.03503136
v 0.03308146 0.02835978 0.02834401
v 0.02374108 0.05760888 0.05182780
v 0.05354667 0.05520028 0.02712303
v 0.05759186 0.05035707 0.02370978
v 0.05055278 0.00608993 0.02849049
v 0.05271400 0.00778601 0.02591604
v 0.02166969 0.05167136 0.05355257
v 0.02677184 0.06931464 0.04061075
v 0.02967586 0.11708128 -0.00537709
v 0.02656465 0.06467560 0.04555655
v 0.04154686 0.06081321 0.03856347
v 0.02972266 0.11182324 0.00341340
v 0.04836970 0.05894517 0.03174240
v 0.05780872 0.01195538 0.01968131
v 0.00710701 0.06137789 0.05098937
v 0.06024386 0.01985790 0.01672300
v 0.01646136 0.06154189 0.05106284
v 0.02675661 0.12961406 -0.06716715
v 0.01714916 0.04148190 0.05007502
v 0.04070799 0.00584780 0.03513093
v 0.04392650 0.00514812 0.03341999
v 0.03059702 0.12912658 -0.05589039
v 0.05670619 0.01069407 0.02111040
v 0.02908142 0.08679656 0.03016359
v 0.01152309 0.03166081 0.04504411
v 0.01409383 0.03513424 0.04670560
v 0.02943238 0.09324069 0.02471624
v 0.02957742 0.09994338 0.01786749
v 0.03015052 0.12178257 -0.01569855
v 0.02418815 0.01016797 0.03989479
v 0.06023017 0.04377405 0.02069362
v 0.06192724 0.03565115 0.01893126
v 0.03108840 0.12812984 -0.04210081
v 0.03336752 0.00694862 0.03808496
v 0.06125854 0.02803088 0.01781645
v 0.01480335 0.13168360 -0.07518610
v 0.05495715 0.00911389 0.02341628
v 0.03428326 0.06130106 0.04437323
v 0.03706929 0.00630600 0.03675767
v 0.01041198 0.02778004 0.04453480
v 0.01952599 0.01332337 0.04063729
v 0.01624592 0.01727060 0.04145235
v 0.02962266 0.10607252 0.01099460
v 0.01358361 0.02101030 0.04273616
v 0.01112908 0.02390865 0.04411694
v 0.02855786 0.00794648 0.03932553
v 0.02806336 0.07700738 0.03685528
v 0.03051091 0.12551907 -0.02816299
v 0.04752577 0.00527702 0.03103972
v 0.01229790 0.02245422 0.04366839
v 0.01961585 0.04638544 0.05204044
v 0.02555022 0.06141840 0.04926940
v 0.02876602 -0.04272157 0.05783894
v 0.02992104 -0.04184364 0.05677453
v 0.02827911 -0.04259540 0.05493132
v 0.02079143 -0.04450342 0.06228177
v 0.02593272 -0.04448330 0.05944542
v 0.01380538 -0.03872355 0.06609983
v 0.03006485 -0.04178115 0.05577889
v 0.00791761 -0.03871034 0.06967863
v 0.02988875 -0.04228553 0.05490691
v 0.00227941 -0.04011774 0.07036650
v 0.00947872 -0.04059714 0.06845384
v 0.00562761 -0.03981007 0.07067294
v 0.01441821 -0.04211498 0.06527147
v 0.02501479 -0.04131231 0.05663292
v 0.02019565 -0.03918290 0.06061315
v 0.03277434 0.02525034 0.02092558
v -0.03159163 0.02508413 0.02065782
v 0.03194055 0.02458593 0.03641477
v 0.03036213 0.02459846 0.03595643
v 0.02890191 0.02461305 0.03521625
v 0.02767459 0.02461086 0.03426949
v 0.03197479 0.02490362 0.03641382
v 0.03042407 0.02522723 0.03596059
v 0.02898461 0.02552426 0.03522918
v 0.02778686 0.02576754 0.03425189
v 0.03206835 0.02521008 0.03641964
v 0.03061006 0.02582804 0.03595620
v 0.02925489 0.02639979 0.03521440
v 0.02811844 0.02687366 0.03424683
v 0.03222053 0.02549149 0.03642501
v 0.03090896 0.02638235 0.03597140
v 0.02968811 0.02720333 0.03521552
v 0.02866129 0.02789183 0.03423391
v 0.03242676 0.02573682 0.03642189
v 0.03131345 0.02686460 0.03595914
v 0.03027283 0.02790768 0.03521161
v 0.02939280 0.02878019 0.03423540
v 0.03267565 0.02593908 0.03642857
v 0.03180312 0.02726088 0.03596924
v 0.03098569 0.02848132 0.03520729
v 0.03028570 0.02949235 0.03420460
v 0.03296148 0.02608618 0.03643047
v 0.03236475 0.02755194 0.03596092
v 0.03180378 0.02890513 0.03520755
v 0.03131540 0.03003952 0.03421023
v 0.03327202 0.02617518 0.03642583
v 0.03297234 0.02773018 0.03596992
v 0.03269603 0.02916835 0.03522163
v 0.03244743 0.03037526 0.03423747
v 0.03359044 0.02620379 0.03641951
v 0.03360310 0.02778768 0.03595755
v 0.03361590 0.02925254 0.03521569
v 0.03362319 0.03048631 0.03424911
v 0.03390960 0.02616983 0.03642302
v 0.03423419 0.02772157 0.03596551
v 0.03453428 0.02915744 0.03521921
v 0.03478530 0.03037357 0.03424753
v 0.03421661 0.02607220 0.03641754
v 0.03483472 0.02753195 0.03595147
v 0.03541204 0.02888444 0.03520487
v 0.03589204 0.03002732 0.03423586
v 0.03449672 0.02591792 0.03641596
v 0.03538848 0.02722939 0.03595102
v 0.03621583 0.02844380 0.03519391
v 0.03691604 0.02945833 0.03421548
v 0.03474160 0.02571133 0.03640758
v 0.03586840 0.02682336 0.03593404
v 0.03691657 0.02784992 0.03517805
v 0.03780941 0.02869816 0.03420124
v 0.03493898 0.02546047 0.03640152
v 0.03625775 0.02633290 0.03592588
v 0.03748930 0.02712659 0.03515674
v 0.03852894 0.02778625 0.03416609
v 0.03508600 0.02517633 0.03639483
v 0.03654338 0.02577140 0.03590909
v 0.03790063 0.02631027 0.03513271
v 0.03904511 0.02675638 0.03413310
v 0.03517004 0.02486638 0.03638605
v 0.03670656 0.02516541 0.03589065
v 0.03813927 0.02543184 0.03510819
v 0.03933868 0.02564919 0.03409570
v 0.03519878 0.02454704 0.03638159
v 0.03675864 0.02453778 0.03588415
v 0.03820459 0.02452713 0.03508590
v 0.03941976 0.02449413 0.03408204
v 0.03515946 0.02422835 0.03637266
v 0.03668790 0.02391778 0.03586378
v 0.03810400 0.02362614 0.03508249
v 0.03928588 0.02335808 0.03405879
v 0.03507655 0.02392860 0.03636882
v 0.03652213 0.02332827 0.03585644
v 0.03785175 0.02276469 0.03508495
v 0.03896811 0.02226933 0.03407900
v 0.03492793 0.02365580 0.03635587
v 0.03623164 0.02278862 0.03584366
v 0.03743840 0.02197570 0.03507948
v 0.03845024 0.02127987 0.03411181
v 0.03473370 0.02341478 0.03635943
v 0.03584865 0.02231408 0.03584795
v 0.03687629 0.02129398 0.03508114
v 0.03774728 0.02042917 0.03412696
v 0.03449025 0.02321885 0.03635274
v 0.03537226 0.02192996 0.03584850
v 0.03618647 0.02073529 0.03508713
v 0.03687056 0.01974317 0.03411043
v 0.03421408 0.02307347 0.03635779
v 0.03482499 0.02164535 0.03585020
v 0.03538863 0.02032603 0.03508731
v 0.03586251 0.01922323 0.03411591
v 0.03390902 0.02298532 0.03635763
v 0.03422904 0.02147074 0.03586682
v 0.03452133 0.02007524 0.03510805
v 0.03475577 0.01888504 0.03413329
v 0.03359301 0.02295571 0.03636880
v 0.03360606 0.02141493 0.03587638
v 0.03361534 0.02000628 0.03512640
v 0.03359361 0.01875184 0.03420700
v 0.03327495 0.02299011 0.03637699
v 0.03297970 0.02147650 0.03590343
v 0.03270753 0.02009335 0.03515897
v 0.03243208 0.01884223 0.03422001
v 0.03296759 0.02308335 0.03638630
v 0.03237487 0.02165587 0.03591331
v 0.03182466 0.02034430 0.03517108
v 0.03132680 0.01918064 0.03424883
v 0.03268419 0.02323416 0.03639413
v 0.03181763 0.02194715 0.03593067
v 0.03101012 0.02075422 0.03518649
v 0.03031222 0.01971249 0.03421657
v 0.03243355 0.02343662 0.03639373
v 0.03132562 0.02233973 0.03593116
v 0.03028844 0.02131313 0.03520885
v 0.02940476 0.02041700 0.03426645
v 0.03222728 0.02368237 0.03639878
v 0.03091984 0.02282092 0.03595017
v 0.02970194 0.02201354 0.03521676
v 0.02866357 0.02129654 0.03426244
v 0.03357717 0.02456437 0.03656728
v 0.03207167 0.02396275 0.03640329
v 0.03061874 0.02337393 0.03594173
v 0.02926588 0.02281523 0.03521648
v 0.02811919 0.02232752 0.03426681
v 0.03197590 0.02426838 0.03640654
v 0.03042709 0.02397229 0.03595285
v 0.02899279 0.02369456 0.03522829
v 0.02778713 0.02344051 0.03426434
v 0.02648261 0.02460934 0.03344822
v 0.02468034 0.02458621 0.03200154
v 0.02315272 0.02456263 0.03009160
v 0.02198168 0.02456936 0.02793584
v 0.02126904 0.02458697 0.02558130
v 0.02104560 0.02461929 0.02314926
v 0.02126791 0.02465000 0.02066817
v 0.02205005 0.02465904 0.01840442
v 0.02322216 0.02467603 0.01624608
v 0.02478521 0.02468608 0.01435103
v 0.02668491 0.02469300 0.01279234
v 0.02885426 0.02469724 0.01163617
v 0.03120593 0.02469887 0.01092531
v 0.02662292 0.02600099 0.03342270
v 0.02483513 0.02634164 0.03200522
v 0.02334693 0.02663737 0.03012395
v 0.02221185 0.02688418 0.02796488
v 0.02151997 0.02704040 0.02562279
v 0.02128141 0.02710901 0.02318444
v 0.02152520 0.02708010 0.02073902
v 0.02224500 0.02696089 0.01838879
v 0.02341999 0.02670771 0.01625590
v 0.02495684 0.02641232 0.01436232
v 0.02681971 0.02604998 0.01280089
v 0.02894439 0.02563223 0.01164140
v 0.03125238 0.02517542 0.01092785
v 0.02702262 0.02733529 0.03341181
v 0.02534196 0.02802983 0.03201349
v 0.02394713 0.02862061 0.03017494
v 0.02289458 0.02907289 0.02803280
v 0.02224533 0.02935882 0.02568779
v 0.02202816 0.02947095 0.02322847
v 0.02227100 0.02938308 0.02077282
v 0.02294898 0.02911255 0.01841718
v 0.02401384 0.02865999 0.01626638
v 0.02546064 0.02807308 0.01437150
v 0.02721600 0.02735370 0.01280853
v 0.02921967 0.02653042 0.01164723
v 0.03139260 0.02563349 0.01093092
v 0.02766154 0.02855996 0.03340520
v 0.02616156 0.02957381 0.03203088
v 0.02495502 0.03044935 0.03023920
v 0.02401621 0.03109394 0.02807432
v 0.02343450 0.03149043 0.02571635
v 0.02324446 0.03163100 0.02325209
v 0.02345544 0.03149723 0.02080041
v 0.02406846 0.03109764 0.01844331
v 0.02497834 0.03045770 0.01627733
v 0.02627737 0.02960321 0.01438042
v 0.02785790 0.02855591 0.01281496
v 0.02966116 0.02735806 0.01165106
v 0.03161711 0.02605591 0.01093264
v 0.02852993 0.02961309 0.03337949
v 0.02734986 0.03089028 0.03203521
v 0.02633894 0.03206054 0.03035298
v 0.02552324 0.03285612 0.02813415
v 0.02501965 0.03335259 0.02574761
v 0.02485622 0.03351969 0.02327834
v 0.02503927 0.03334558 0.02081747
v 0.02556919 0.03283182 0.01846029
v 0.02627480 0.03203467 0.01628184
v 0.02738041 0.03094228 0.01438300
v 0.02872387 0.02960903 0.01282053
v 0.03025793 0.02808418 0.01165490
v 0.03192255 0.02642474 0.01093484
v 0.02954926 0.03045706 0.03331880
v 0.02872720 0.03202064 0.03210921
v 0.02806934 0.03334827 0.03044318
v 0.02736504 0.03428294 0.02817691
v 0.02695185 0.03486552 0.02576668
v 0.02681758 0.03505906 0.02329136
v 0.02695751 0.03485398 0.02082712
v 0.02736373 0.03425099 0.01846521
v 0.02802436 0.03327505 0.01629750
v 0.02872458 0.03204225 0.01438570
v 0.02978064 0.03047338 0.01282527
v 0.03098572 0.02867875 0.01165725
v 0.03229186 0.02672875 0.01093579
v 0.03077309 0.03113223 0.03332384
v 0.03034247 0.03275603 0.03209757
v 0.02993390 0.03428300 0.03045538
v 0.02942331 0.03531673 0.02817690
v 0.02912791 0.03596908 0.02577138
v 0.02903637 0.03618844 0.02329434
v 0.02912602 0.03596152 0.02082653
v 0.02940151 0.03529128 0.01845932
v 0.02984430 0.03420382 0.01627984
v 0.03025768 0.03285708 0.01438988
v 0.03098515 0.03111435 0.01282843
v 0.03181560 0.02911989 0.01166039
v 0.03271575 0.02695321 0.01093753
v 0.03221557 0.03154387 0.03341426
v 0.03195571 0.03322150 0.03201471
v 0.03186521 0.03477711 0.03034600
v 0.03160578 0.03591703 0.02811946
v 0.03146834 0.03661940 0.02574567
v 0.03142826 0.03685606 0.02328290
v 0.03147193 0.03661881 0.02081737
v 0.03160638 0.03591353 0.01844960
v 0.03182100 0.03476663 0.01626857
v 0.03192297 0.03335553 0.01438906
v 0.03229028 0.03150883 0.01282920
v 0.03271356 0.02939320 0.01166076
v 0.03317406 0.02709200 0.01093738
v 0.03363583 0.03167878 0.03342986
v 0.03370159 0.03340024 0.03202013
v 0.03379433 0.03489092 0.03019224
v 0.03384732 0.03608329 0.02803546
v 0.03387319 0.03680100 0.02569085
v 0.03390564 0.03704717 0.02327467
v 0.03389436 0.03680843 0.02080013
v 0.03388435 0.03609250 0.01843241
v 0.03386664 0.03492829 0.01624613
v 0.03383836 0.03336042 0.01432539
v 0.03364906 0.03163940 0.01282367
v 0.03364950 0.02948406 0.01166089
v 0.03365050 0.02713872 0.01093660
v 0.03503876 0.03155693 0.03344563
v 0.03541758 0.03327591 0.03198097
v 0.03578136 0.03476500 0.03007388
v 0.03610083 0.03581316 0.02795902
v 0.03627897 0.03651894 0.02564562
v 0.03634503 0.03675738 0.02321235
v 0.03630318 0.03652134 0.02077360
v 0.03615204 0.03582228 0.01841282
v 0.03590573 0.03468474 0.01622784
v 0.03557527 0.03315271 0.01431337
v 0.03500822 0.03149797 0.01281568
v 0.03458418 0.02938920 0.01165517
v 0.03412640 0.02709206 0.01093629
v 0.03637248 0.03115111 0.03341258
v 0.03710265 0.03278930 0.03195723
v 0.03772770 0.03424731 0.03007501
v 0.03829082 0.03514601 0.02791493
v 0.03858824 0.03578511 0.02561003
v 0.03869076 0.03599786 0.02317749
v 0.03860406 0.03577394 0.02074272
v 0.03832263 0.03511745 0.01838868
v 0.03786181 0.03405204 0.01620630
v 0.03724138 0.03261486 0.01429458
v 0.03648301 0.03086391 0.01271751
v 0.03548460 0.02911535 0.01165432
v 0.03458554 0.02695259 0.01093612
v 0.03762624 0.03039808 0.03339469
v 0.03866322 0.03189211 0.03196970
v 0.03956959 0.03318289 0.03008081
v 0.04029214 0.03407263 0.02790503
v 0.04071048 0.03461760 0.02558733
v 0.04085183 0.03479722 0.02315328
v 0.04072142 0.03459282 0.02072045
v 0.04031683 0.03400028 0.01836831
v 0.03965817 0.03304764 0.01619043
v 0.03876735 0.03176299 0.01427727
v 0.03768348 0.03019507 0.01270152
v 0.03631255 0.02866117 0.01163552
v 0.03500656 0.02672526 0.01092875
v 0.03869653 0.02951419 0.03337138
v 0.04005292 0.03074759 0.03200543
v 0.04120082 0.03183201 0.03010979
v 0.04206944 0.03259282 0.02792179
v 0.04257041 0.03304327 0.02557505
v 0.04274002 0.03318514 0.02313980
v 0.04256842 0.03301580 0.02070069
v 0.04205788 0.03251947 0.01834704
v 0.04122547 0.03171530 0.01617004
v 0.04010282 0.03062981 0.01425814
v 0.03873333 0.02930609 0.01268409
v 0.03716956 0.02779313 0.01150707
v 0.03537620 0.02641770 0.01092501
v 0.03956687 0.02842074 0.03333938
v 0.04113329 0.02934969 0.03194801
v 0.04249068 0.03018484 0.03008683
v 0.04349234 0.03077275 0.02790892
v 0.04407893 0.03111203 0.02555433
v 0.04427885 0.03123041 0.02311936
v 0.04407784 0.03110583 0.02068054
v 0.04347682 0.03072149 0.01832730
v 0.04250392 0.03009912 0.01615094
v 0.04119050 0.02925716 0.01423819
v 0.03958971 0.02822754 0.01266677
v 0.03776131 0.02704978 0.01149660
v 0.03568026 0.02604134 0.01091165
v 0.04018563 0.02717821 0.03330141
v 0.04194849 0.02777930 0.03187465
v 0.04340686 0.02827907 0.03001303
v 0.04452422 0.02867084 0.02786598
v 0.04518592 0.02891379 0.02553096
v 0.04539921 0.02899675 0.02309101
v 0.04517461 0.02892160 0.02064756
v 0.04451653 0.02867652 0.01829811
v 0.04344163 0.02826300 0.01612724
v 0.04199020 0.02769604 0.01421968
v 0.04022009 0.02700186 0.01265063
v 0.03819922 0.02620660 0.01148889
v 0.03590625 0.02562575 0.01091960
v 0.04053940 0.02584044 0.03326567
v 0.04238017 0.02611704 0.03183096
v 0.04398528 0.02627899 0.02995232
v 0.04515586 0.02642742 0.02781814
v 0.04584621 0.02654205 0.02549909
v 0.04607401 0.02659073 0.02306583
v 0.04583938 0.02656868 0.02061993
v 0.04514595 0.02646135 0.01826531
v 0.04400968 0.02627191 0.01609200
v 0.04247487 0.02600547 0.01418942
v 0.04060045 0.02567662 0.01262661
v 0.03846202 0.02529397 0.01147488
v 0.03604374 0.02516196 0.01090920
v 0.04062300 0.02446285 0.03324542
v 0.04247214 0.02435539 0.03179742
v 0.04405505 0.02426586 0.02990043
v 0.04527473 0.02413569 0.02777036
v 0.04601756 0.02407807 0.02544642
v 0.04627936 0.02409888 0.02303985
v 0.04603989 0.02413882 0.02057845
v 0.04533319 0.02417404 0.01822320
v 0.04418076 0.02420733 0.01605324
v 0.04262216 0.02425084 0.01415268
v 0.04071596 0.02429843 0.01259359
v 0.03853318 0.02434711 0.01143445
v 0.03608879 0.02468870 0.01090733
v 0.04045035 0.02309058 0.03322400
v 0.04221444 0.02266992 0.03175897
v 0.04377744 0.02224133 0.02986006
v 0.04492431 0.02189600 0.02772477
v 0.04573249 0.02164084 0.02552767
v 0.04597713 0.02164922 0.02297550
v 0.04575867 0.02172267 0.02052263
v 0.04507118 0.02188930 0.01817828
v 0.04394521 0.02215202 0.01600931
v 0.04242699 0.02249772 0.01411733
v 0.04056357 0.02292277 0.01256747
v 0.03834314 0.02373764 0.01159957
v 0.03604319 0.02422262 0.01091741
v 0.04007478 0.02178709 0.03325508
v 0.04175938 0.02100509 0.03179732
v 0.04322456 0.02030857 0.02995260
v 0.04426572 0.01973400 0.02781726
v 0.04495353 0.01940651 0.02541105
v 0.04519950 0.01931211 0.02295594
v 0.04499751 0.01941492 0.02050122
v 0.04436585 0.01970701 0.01813278
v 0.04331607 0.02017821 0.01596297
v 0.04189369 0.02081229 0.01407781
v 0.04014589 0.02160120 0.01253858
v 0.03807142 0.02285349 0.01160928
v 0.03590518 0.02376130 0.01091273
v 0.03945348 0.02059037 0.03329734
v 0.04097484 0.01948887 0.03184668
v 0.04223074 0.01849680 0.02991464
v 0.04314680 0.01771743 0.02772281
v 0.04376309 0.01728417 0.02537006
v 0.04399052 0.01714414 0.02292287
v 0.04381702 0.01728880 0.02047435
v 0.04325286 0.01770477 0.01811868
v 0.04231757 0.01837535 0.01595281
v 0.04104839 0.01927197 0.01405606
v 0.03948326 0.02038893 0.01251233
v 0.03762428 0.02201315 0.01158955
v 0.03567830 0.02334261 0.01090988
v 0.03860366 0.01958769 0.03329627
v 0.03991333 0.01826835 0.03186978
v 0.04085490 0.01679216 0.02988380
v 0.04165171 0.01590049 0.02767288
v 0.04218078 0.01539139 0.02532271
v 0.04238320 0.01523059 0.02288396
v 0.04224783 0.01542052 0.02044478
v 0.04177593 0.01594681 0.01809805
v 0.04098790 0.01679280 0.01593276
v 0.03991471 0.01792082 0.01404026
v 0.03855311 0.01974463 0.01272540
v 0.03703199 0.02130602 0.01160135
v 0.03537474 0.02296935 0.01090697
v 0.03753788 0.01875126 0.03331353
v 0.03846807 0.01695246 0.03181754
v 0.03915140 0.01526390 0.02977349
v 0.03981495 0.01432939 0.02760391
v 0.04027388 0.01380680 0.02528896
v 0.04044825 0.01364868 0.02285407
v 0.04035421 0.01388176 0.02042376
v 0.03999281 0.01450418 0.01807934
v 0.03938262 0.01549511 0.01591733
v 0.03855153 0.01681971 0.01402474
v 0.03750121 0.01889241 0.01273113
v 0.03630521 0.02071055 0.01159933
v 0.03500420 0.02266552 0.01090434
v 0.03365214 0.02470536 0.01069402
v 0.03628817 0.01805871 0.03331294
v 0.03682979 0.01592077 0.03175601
v 0.03728081 0.01418558 0.02972038
v 0.03779546 0.01322484 0.02759528
v 0.03812672 0.01264868 0.02527417
v 0.03825919 0.01248150 0.02283956
v 0.03820655 0.01274365 0.02040864
v 0.03796713 0.01343404 0.01806466
v 0.03755913 0.01453151 0.01590302
v 0.03701502 0.01646761 0.01426001
v 0.03630372 0.01826764 0.01274278
v 0.03547821 0.02026594 0.01159876
v 0.03458288 0.02244011 0.01090511
v 0.03493097 0.01757687 0.03335907
v 0.03509675 0.01530416 0.03171730
v 0.03531206 0.01358858 0.02969722
v 0.03561386 0.01257053 0.02758468
v 0.03581252 0.01195333 0.02526847
v 0.03590125 0.01177461 0.02284156
v 0.03588922 0.01204984 0.02041034
v 0.03577726 0.01277927 0.01806271
v 0.03558984 0.01394746 0.01589873
v 0.03535766 0.01598028 0.01427078
v 0.03499852 0.01786748 0.01273817
v 0.03457792 0.01999370 0.01159596
v 0.03412367 0.02230152 0.01090368
v 0.03352098 0.01739615 0.03332083
v 0.03335514 0.01512518 0.03171906
v 0.03328943 0.01343271 0.02972035
v 0.03336143 0.01238591 0.02760139
v 0.03341313 0.01174419 0.02527773
v 0.03347247 0.01155063 0.02287462
v 0.03348657 0.01183076 0.02041510
v 0.03350521 0.01256417 0.01806330
v 0.03351746 0.01373040 0.01589395
v 0.03363065 0.01581188 0.01427220
v 0.03364214 0.01773917 0.01274166
v 0.03364421 0.01990318 0.01159904
v 0.03364797 0.02225474 0.01090563
v 0.03212477 0.01752407 0.03337483
v 0.03161600 0.01532485 0.03170481
v 0.03131359 0.01377459 0.02979831
v 0.03112715 0.01268383 0.02764337
v 0.03102912 0.01202836 0.02531424
v 0.03101571 0.01182974 0.02287732
v 0.03108552 0.01209249 0.02042640
v 0.03123881 0.01281056 0.01806903
v 0.03158869 0.01442886 0.01615137
v 0.03190779 0.01599433 0.01428155
v 0.03228285 0.01786864 0.01274088
v 0.03270781 0.01999534 0.01159867
v 0.03317062 0.02230234 0.01090536
v 0.03081186 0.01797415 0.03338616
v 0.02996960 0.01590512 0.03175095
v 0.02939565 0.01448173 0.02986092
v 0.02897852 0.01343463 0.02769889
v 0.02873143 0.01280129 0.02535334
v 0.02866585 0.01260283 0.02290513
v 0.02877530 0.01284179 0.02045039
v 0.02906584 0.01349931 0.01808355
v 0.02963961 0.01503878 0.01616456
v 0.03024991 0.01651150 0.01429206
v 0.03097844 0.01826509 0.01274501
v 0.03181000 0.02026911 0.01160338
v 0.03271279 0.02244172 0.01090805
v 0.02961337 0.01867830 0.03341943
v 0.02850034 0.01690711 0.03182473
v 0.02763094 0.01556227 0.02991972
v 0.02700053 0.01459633 0.02775029
v 0.02662301 0.01401676 0.02539178
v 0.02650890 0.01383239 0.02294448
v 0.02666396 0.01405088 0.02049062
v 0.02708407 0.01466655 0.01812784
v 0.02784479 0.01601553 0.01617970
v 0.02871697 0.01732697 0.01429606
v 0.02977307 0.01890778 0.01274909
v 0.03098066 0.02071252 0.01160540
v 0.03228923 0.02266748 0.01090888
v 0.02853645 0.01953233 0.03343097
v 0.02719413 0.01810844 0.03190020
v 0.02608346 0.01695447 0.02997914
v 0.02527163 0.01612460 0.02779650
v 0.02477838 0.01562829 0.02543608
v 0.02462241 0.01547243 0.02298429
v 0.02481133 0.01566133 0.02052874
v 0.02543215 0.01645970 0.01833460
v 0.02626618 0.01731260 0.01618981
v 0.02737545 0.01842810 0.01430598
v 0.02871918 0.01977343 0.01275630
v 0.03025399 0.02130858 0.01161073
v 0.03192051 0.02297194 0.01091235
v 0.02765600 0.02060799 0.03343826
v 0.02610667 0.01950815 0.03194347
v 0.02480986 0.01860726 0.03001145
v 0.02385830 0.01795461 0.02783118
v 0.02326928 0.01756581 0.02547485
v 0.02308208 0.01744660 0.02302121
v 0.02329379 0.01760116 0.02056771
v 0.02390658 0.01801558 0.01819817
v 0.02497304 0.01888837 0.01620179
v 0.02627373 0.01976748 0.01431477
v 0.02785429 0.02082806 0.01276426
v 0.02965835 0.02203577 0.01161683
v 0.03161554 0.02334160 0.01091471
v 0.02701051 0.02184471 0.03343969
v 0.02530192 0.02109161 0.03197563
v 0.02387833 0.02047055 0.03004289
v 0.02281973 0.02002014 0.02787378
v 0.02216204 0.01975824 0.02551340
v 0.02194737 0.01968313 0.02306323
v 0.02216670 0.01980436 0.02060075
v 0.02283869 0.02010836 0.01824855
v 0.02400428 0.02068260 0.01620990
v 0.02545853 0.02130137 0.01432829
v 0.02721320 0.02203133 0.01277431
v 0.02921768 0.02286349 0.01162379
v 0.03139159 0.02376398 0.01091883
v 0.02661583 0.02319748 0.03343859
v 0.02482216 0.02280781 0.03198753
v 0.02331853 0.02248163 0.03007291
v 0.02218393 0.02225317 0.02791109
v 0.02149152 0.02212623 0.02555557
v 0.02124985 0.02210494 0.02310148
v 0.02148190 0.02218226 0.02063695
v 0.02218410 0.02233081 0.01826947
v 0.02341587 0.02264099 0.01622785
v 0.02495586 0.02296049 0.01434031
v 0.02681827 0.02333578 0.01278351
v 0.02894341 0.02376276 0.01162939
v 0.03125186 0.02422258 0.01092157
v -0.03428570 0.02438394 0.03630129
v -0.03585536 0.02437869 0.03581499
v -0.03730741 0.02437669 0.03502440
v -0.03854540 0.02435102 0.03404807
v -0.03425599 0.02470469 0.03629893
v -0.03580032 0.02500968 0.03581600
v -0.03723577 0.02528593 0.03503739
v -0.03845065 0.02550843 0.03404285
v -0.03416716 0.02501643 0.03630167
v -0.03562657 0.02561840 0.03582058
v -0.03698472 0.02616763 0.03504671
v -0.03813683 0.02662234 0.03405477
v -0.03401827 0.02530135 0.03630309
v -0.03533664 0.02617948 0.03582604
v -0.03656495 0.02698703 0.03505894
v -0.03761099 0.02765438 0.03407227
v -0.03381645 0.02555285 0.03630551
v -0.03494265 0.02667172 0.03582894
v -0.03599111 0.02770666 0.03506996
v -0.03688967 0.02856805 0.03409832
v -0.03357032 0.02575998 0.03630680
v -0.03445949 0.02707657 0.03583843
v -0.03528791 0.02829897 0.03508023
v -0.03599228 0.02932737 0.03410454
v -0.03328894 0.02591708 0.03631174
v -0.03390393 0.02738135 0.03583900
v -0.03447930 0.02874132 0.03508425
v -0.03496683 0.02989767 0.03412070
v -0.03298113 0.02601350 0.03631626
v -0.03330079 0.02757255 0.03585162
v -0.03359981 0.02901835 0.03509696
v -0.03385443 0.03024367 0.03413184
v -0.03266148 0.02604878 0.03631544
v -0.03266946 0.02763806 0.03584783
v -0.03268081 0.02911134 0.03509295
v -0.03268736 0.03035120 0.03412370
v -0.03234106 0.02602019 0.03632111
v -0.03203806 0.02758104 0.03585854
v -0.03175746 0.02902402 0.03509776
v -0.03150418 0.03023152 0.03410072
v -0.03203172 0.02592893 0.03631935
v -0.03143053 0.02740023 0.03584920
v -0.03086698 0.02875770 0.03508272
v -0.03038591 0.02988680 0.03407944
v -0.03174654 0.02578021 0.03631818
v -0.03086942 0.02710516 0.03585269
v -0.03004986 0.02832750 0.03508191
v -0.02935232 0.02934988 0.03407307
v -0.03149680 0.02557646 0.03631455
v -0.03037831 0.02670624 0.03584609
v -0.02933636 0.02774901 0.03508843
v -0.02845932 0.02862275 0.03409529
v -0.03128917 0.02532865 0.03632093
v -0.02997328 0.02622086 0.03585970
v -0.02875092 0.02704379 0.03509357
v -0.02772326 0.02773104 0.03410091
v -0.03113622 0.02504592 0.03631749
v -0.02967595 0.02566415 0.03584990
v -0.02831962 0.02623437 0.03509723
v -0.02717606 0.02671018 0.03412379
v -0.03104273 0.02473673 0.03631240
v -0.02948847 0.02506060 0.03585490
v -0.02804985 0.02535410 0.03511875
v -0.02684276 0.02559922 0.03414492
v -0.03100882 0.02441659 0.03631427
v -0.02942924 0.02443066 0.03585595
v -0.02796404 0.02443462 0.03512417
v -0.02672703 0.02444047 0.03417690
v -0.03104395 0.02409792 0.03630639
v -0.02949606 0.02380156 0.03584978
v -0.02805300 0.02351483 0.03512876
v -0.02683824 0.02327013 0.03417853
v -0.03113923 0.02379038 0.03630615
v -0.02968476 0.02320100 0.03584339
v -0.02832544 0.02263223 0.03511854
v -0.02717146 0.02214634 0.03417490
v -0.03129366 0.02350925 0.03630341
v -0.02998077 0.02264286 0.03585109
v -0.02875561 0.02181595 0.03512368
v -0.02772376 0.02112786 0.03415263
v -0.03150198 0.02326389 0.03629537
v -0.03038849 0.02215896 0.03583071
v -0.02934295 0.02111625 0.03510856
v -0.02846002 0.02023332 0.03415418
v -0.03175293 0.02306310 0.03628640
v -0.03087820 0.02176336 0.03582532
v -0.03006035 0.02054743 0.03508766
v -0.02936477 0.01951360 0.03411716
v -0.03203760 0.02291249 0.03627949
v -0.03143901 0.02147225 0.03580492
v -0.03087650 0.02012985 0.03506533
v -0.03040230 0.01900328 0.03410483
v -0.03234681 0.02282058 0.03627462
v -0.03204414 0.02129334 0.03580064
v -0.03176021 0.01987533 0.03506063
v -0.03151545 0.01867742 0.03408445
v -0.03266608 0.02278661 0.03627545
v -0.03267407 0.02123437 0.03578079
v -0.03267721 0.01979992 0.03502959
v -0.03267361 0.01859885 0.03408987
v -0.03298507 0.02281681 0.03626637
v -0.03330376 0.02129337 0.03577304
v -0.03359254 0.01988669 0.03501513
v -0.03383084 0.01872108 0.03402450
v -0.03329215 0.02290452 0.03626786
v -0.03390262 0.02146986 0.03576462
v -0.03446772 0.02014418 0.03499806
v -0.03493703 0.01904557 0.03401543
v -0.03357267 0.02305149 0.03626630
v -0.03445694 0.02175710 0.03576978
v -0.03527194 0.02055487 0.03500440
v -0.03594999 0.01955419 0.03401707
v -0.03381652 0.02324712 0.03627528
v -0.03493680 0.02214345 0.03577210
v -0.03597055 0.02111585 0.03501521
v -0.03683734 0.02024093 0.03405361
v -0.03401726 0.02348766 0.03628025
v -0.03533024 0.02261711 0.03578601
v -0.03653949 0.02180440 0.03502180
v -0.03755721 0.02110710 0.03405654
v -0.03265313 0.02440176 0.03646458
v -0.03416402 0.02376181 0.03629111
v -0.03561905 0.02316323 0.03579612
v -0.03695763 0.02260018 0.03502911
v -0.03809121 0.02211547 0.03404541
v -0.03425156 0.02406213 0.03629991
v -0.03579399 0.02375417 0.03580676
v -0.03721603 0.02346441 0.03503460
v -0.03841075 0.02320789 0.03402368
v -0.03974986 0.02432718 0.03321174
v -0.04160940 0.02427342 0.03177102
v -0.04321586 0.02418915 0.02988581
v -0.04442530 0.02413073 0.02773983
v -0.04514509 0.02411368 0.02539617
v -0.04537896 0.02415797 0.02295805
v -0.04513292 0.02419910 0.02049130
v -0.04442696 0.02424079 0.01813105
v -0.04326790 0.02427914 0.01595754
v -0.04170256 0.02432524 0.01405426
v -0.03979044 0.02437382 0.01249223
v -0.03760159 0.02442248 0.01133030
v -0.03514447 0.02454618 0.01074295
v -0.03964478 0.02571814 0.03320500
v -0.04150017 0.02602910 0.03178237
v -0.04309712 0.02624454 0.02990839
v -0.04426767 0.02643957 0.02776563
v -0.04495050 0.02656099 0.02542687
v -0.04517295 0.02663577 0.02298100
v -0.04493360 0.02662258 0.02052865
v -0.04423368 0.02652455 0.01817009
v -0.04309139 0.02633813 0.01599384
v -0.04155069 0.02607389 0.01408705
v -0.03966916 0.02574670 0.01252177
v -0.03752086 0.02536057 0.01135770
v -0.03509636 0.02502289 0.01075090
v -0.03927330 0.02705934 0.03321406
v -0.04104962 0.02768808 0.03180630
v -0.04251136 0.02824830 0.02993984
v -0.04362541 0.02867599 0.02778205
v -0.04427833 0.02893096 0.02544392
v -0.04448893 0.02902941 0.02300392
v -0.04425953 0.02897060 0.02055804
v -0.04359692 0.02873387 0.01820433
v -0.04251593 0.02832235 0.01602794
v -0.04106046 0.02775957 0.01411761
v -0.03928455 0.02706772 0.01254435
v -0.03712998 0.02637589 0.01146145
v -0.03495533 0.02548275 0.01076038
v -0.03865160 0.02830418 0.03324958
v -0.04023527 0.02925495 0.03187515
v -0.04157213 0.03012869 0.02998299
v -0.04256353 0.03074294 0.02780532
v -0.04315836 0.03111785 0.02545941
v -0.04335451 0.03125400 0.02302264
v -0.04315235 0.03114440 0.02058067
v -0.04254763 0.03077032 0.01822360
v -0.04157074 0.03015232 0.01604725
v -0.04025497 0.02931363 0.01413479
v -0.03865030 0.02828838 0.01255904
v -0.03681945 0.02710990 0.01138571
v -0.03473120 0.02590340 0.01075624
v -0.03776914 0.02940331 0.03326771
v -0.03912144 0.03065344 0.03189716
v -0.04025745 0.03175575 0.02998466
v -0.04113056 0.03259223 0.02781777
v -0.04163417 0.03304972 0.02546979
v -0.04180691 0.03320984 0.02303396
v -0.04163161 0.03304853 0.02059519
v -0.04111930 0.03256065 0.01824063
v -0.04028422 0.03176047 0.01606402
v -0.03916109 0.03068015 0.01415152
v -0.03779151 0.02935927 0.01257435
v -0.03609176 0.02793040 0.01147038
v -0.03442465 0.02627333 0.01076407
v -0.03670021 0.03029290 0.03329704
v -0.03772612 0.03182644 0.03186334
v -0.03865932 0.03309786 0.02995975
v -0.03934222 0.03406214 0.02778845
v -0.03975899 0.03462142 0.02547368
v -0.03990617 0.03481491 0.02304467
v -0.03977257 0.03461852 0.02060755
v -0.03936853 0.03403495 0.01825568
v -0.03870933 0.03308442 0.01607960
v -0.03782053 0.03180600 0.01416601
v -0.03673688 0.03024410 0.01258790
v -0.03535952 0.02852585 0.01148391
v -0.03405405 0.02657661 0.01076614
v -0.03544819 0.03103458 0.03331337
v -0.03616643 0.03273486 0.03184424
v -0.03682436 0.03410013 0.02992251
v -0.03732041 0.03514078 0.02780832
v -0.03762632 0.03578564 0.02549194
v -0.03773369 0.03601007 0.02306124
v -0.03764480 0.03579234 0.02062486
v -0.03736494 0.03514041 0.01827144
v -0.03690723 0.03408009 0.01609119
v -0.03628847 0.03264875 0.01417975
v -0.03536079 0.03096140 0.01265267
v -0.03452844 0.02896752 0.01149154
v -0.03363288 0.02680140 0.01076631
v -0.03410439 0.03143102 0.03333696
v -0.03448425 0.03318385 0.03184454
v -0.03484527 0.03462712 0.02993593
v -0.03513008 0.03580444 0.02783755
v -0.03530864 0.03651378 0.02551995
v -0.03537554 0.03675845 0.02308660
v -0.03533373 0.03652954 0.02064554
v -0.03518657 0.03583646 0.01828718
v -0.03494442 0.03470456 0.01610520
v -0.03461798 0.03317844 0.01419267
v -0.03405192 0.03135626 0.01265851
v -0.03362775 0.02924031 0.01149419
v -0.03317339 0.02694013 0.01076723
v -0.03267950 0.03155655 0.03331061
v -0.03276553 0.03331990 0.03190620
v -0.03283580 0.03482588 0.03003409
v -0.03287203 0.03604389 0.02789418
v -0.03289720 0.03677857 0.02555530
v -0.03292231 0.03703652 0.02312869
v -0.03291906 0.03680505 0.02066630
v -0.03291325 0.03609626 0.01830268
v -0.03289684 0.03493858 0.01611490
v -0.03269448 0.03337650 0.01422613
v -0.03269087 0.03148753 0.01266301
v -0.03269422 0.02933111 0.01149324
v -0.03269646 0.02698673 0.01076807
v -0.03123033 0.03140775 0.03326038
v -0.03104194 0.03317002 0.03193994
v -0.03087634 0.03472107 0.03018754
v -0.03062022 0.03586842 0.02796684
v -0.03048311 0.03658459 0.02559927
v -0.03044558 0.03683000 0.02314100
v -0.03049348 0.03660103 0.02068148
v -0.03063518 0.03590369 0.01831866
v -0.03086000 0.03475953 0.01614638
v -0.03096345 0.03320523 0.01422970
v -0.03133249 0.03135232 0.01266366
v -0.03175816 0.02923829 0.01149310
v -0.03221967 0.02693922 0.01076813
v -0.02987655 0.03093049 0.03320596
v -0.02934625 0.03266928 0.03195707
v -0.02891376 0.03420391 0.03027869
v -0.02842746 0.03525139 0.02801487
v -0.02814369 0.03591479 0.02562034
v -0.02805335 0.03614854 0.02315220
v -0.02814747 0.03593214 0.02069035
v -0.02843183 0.03527222 0.01832889
v -0.02870095 0.03413084 0.01613132
v -0.02929834 0.03269890 0.01422729
v -0.03002685 0.03095491 0.01266114
v -0.03085921 0.02896416 0.01149197
v -0.03176122 0.02679970 0.01076751
v -0.02861677 0.03033712 0.03321468
v -0.02776784 0.03188318 0.03195371
v -0.02704190 0.03324122 0.03024973
v -0.02637085 0.03419842 0.02800936
v -0.02597212 0.03479739 0.02561740
v -0.02584253 0.03500726 0.02314875
v -0.02598836 0.03481334 0.02069029
v -0.02639941 0.03422152 0.01833228
v -0.02689606 0.03316597 0.01612787
v -0.02776273 0.03187893 0.01422647
v -0.02882209 0.03031224 0.01265814
v -0.03002951 0.02852126 0.01148947
v -0.03133738 0.02657422 0.01076623
v -0.02758640 0.02946697 0.03327078
v -0.02638800 0.03078420 0.03193007
v -0.02536935 0.03191819 0.03016222
v -0.02455126 0.03275092 0.02796903
v -0.02405085 0.03327363 0.02559887
v -0.02389039 0.03346056 0.02313893
v -0.02407685 0.03330334 0.02068237
v -0.02460444 0.03280014 0.01832668
v -0.02531653 0.03187157 0.01612037
v -0.02642145 0.03077590 0.01422031
v -0.02776678 0.02944716 0.01265279
v -0.02930188 0.02792527 0.01148627
v -0.03096821 0.02626969 0.01076447
v -0.02671499 0.02840185 0.03326915
v -0.02523497 0.02943260 0.03190128
v -0.02400145 0.03031529 0.03007796
v -0.02305742 0.03098242 0.02791667
v -0.02247567 0.03140406 0.02556718
v -0.02228838 0.03156568 0.02311346
v -0.02250183 0.03145280 0.02066626
v -0.02311853 0.03106575 0.01831374
v -0.02402136 0.03029022 0.01611296
v -0.02531874 0.02943416 0.01421307
v -0.02690141 0.02839260 0.01264658
v -0.02870557 0.02719823 0.01148168
v -0.03066294 0.02590022 0.01076216
v -0.02608021 0.02716994 0.03328501
v -0.02440423 0.02788001 0.03188136
v -0.02300401 0.02848462 0.03002837
v -0.02194694 0.02896058 0.02788242
v -0.02129913 0.02927182 0.02553803
v -0.02108542 0.02940690 0.02308565
v -0.02132438 0.02934239 0.02063977
v -0.02201987 0.02907734 0.01829049
v -0.02305907 0.02849241 0.01610202
v -0.02450328 0.02790283 0.01420360
v -0.02626032 0.02718908 0.01263880
v -0.02826498 0.02637014 0.01147611
v -0.03043891 0.02547768 0.01075926
v -0.02568109 0.02583358 0.03330309
v -0.02389791 0.02619557 0.03187340
v -0.02240644 0.02649152 0.02997444
v -0.02127699 0.02676824 0.02781934
v -0.02058679 0.02695157 0.02547349
v -0.02035210 0.02704596 0.02303359
v -0.02058718 0.02706269 0.02058709
v -0.02128031 0.02701328 0.01822708
v -0.02246675 0.02654186 0.01608871
v -0.02400165 0.02624173 0.01419231
v -0.02586537 0.02588483 0.01262998
v -0.02799055 0.02547147 0.01146985
v -0.03029913 0.02501942 0.01075570
v -0.02554231 0.02444270 0.03334232
v -0.02374796 0.02443722 0.03187976
v -0.02221968 0.02440830 0.02996415
v -0.02105519 0.02444387 0.02779891
v -0.02034112 0.02449334 0.02544626
v -0.02011242 0.02455331 0.02300468
v -0.02033827 0.02462826 0.02053091
v -0.02110022 0.02450371 0.01823750
v -0.02226842 0.02450778 0.01607663
v -0.02383197 0.02451657 0.01418025
v -0.02573213 0.02452804 0.01262046
v -0.02790081 0.02453680 0.01146244
v -0.03025348 0.02454315 0.01075164
v -0.02566429 0.02303095 0.03334273
v -0.02389636 0.02266981 0.03187566
v -0.02240475 0.02235192 0.02994742
v -0.02126034 0.02216505 0.02778081
v -0.02056864 0.02206332 0.02542125
v -0.02033477 0.02206469 0.02296868
v -0.02057047 0.02215805 0.02050504
v -0.02123653 0.02238774 0.01813185
v -0.02246620 0.02247612 0.01605738
v -0.02400427 0.02279031 0.01416830
v -0.02586735 0.02317132 0.01261002
v -0.02799228 0.02360285 0.01145388
v -0.03030031 0.02406735 0.01074576
v -0.02606762 0.02168036 0.03333890
v -0.02437793 0.02096620 0.03185968
v -0.02296832 0.02037274 0.02992873
v -0.02191554 0.01995175 0.02775387
v -0.02126461 0.01970979 0.02538864
v -0.02104372 0.01965453 0.02293427
v -0.02126890 0.01978510 0.02047286
v -0.02194441 0.02007649 0.01811584
v -0.02306459 0.02052192 0.01604678
v -0.02450809 0.02113017 0.01415607
v -0.02626416 0.02186805 0.01259997
v -0.02826918 0.02270572 0.01144020
v -0.03044087 0.02360929 0.01074185
v -0.02671769 0.02043771 0.03332236
v -0.02519522 0.01940321 0.03183958
v -0.02391442 0.01854327 0.02990922
v -0.02296440 0.01791609 0.02772650
v -0.02238066 0.01754329 0.02536421
v -0.02219288 0.01743903 0.02290297
v -0.02240937 0.01760562 0.02043732
v -0.02305740 0.01806350 0.01818767
v -0.02403062 0.01872469 0.01603710
v -0.02532614 0.01960102 0.01414454
v -0.02690648 0.02066565 0.01259272
v -0.02870960 0.02187745 0.01144143
v -0.03066538 0.02318714 0.01073925
v -0.02759136 0.01934882 0.03332167
v -0.02630130 0.01803732 0.03182086
v -0.02520703 0.01693093 0.02989396
v -0.02439833 0.01612332 0.02770495
v -0.02390640 0.01563817 0.02533530
v -0.02375196 0.01548867 0.02287416
v -0.02394093 0.01568299 0.02041237
v -0.02450545 0.01631617 0.01818410
v -0.02532645 0.01714835 0.01602556
v -0.02642868 0.01826115 0.01413532
v -0.02777284 0.01961260 0.01258601
v -0.02930630 0.02115103 0.01143875
v -0.03097063 0.02281770 0.01073925
v -0.02866680 0.01846080 0.03328307
v -0.02764331 0.01690766 0.03178977
v -0.02677986 0.01559914 0.02986350
v -0.02614928 0.01464087 0.02767595
v -0.02577248 0.01406376 0.02530462
v -0.02565506 0.01387752 0.02284550
v -0.02580900 0.01409422 0.02038386
v -0.02625480 0.01486912 0.01816566
v -0.02690652 0.01585814 0.01601933
v -0.02777321 0.01716235 0.01412909
v -0.02882952 0.01874888 0.01258071
v -0.03003447 0.02055615 0.01143510
v -0.03134013 0.02251380 0.01073703
v -0.03269939 0.02454715 0.01051593
v -0.02987627 0.01777852 0.03323540
v -0.02916808 0.01605266 0.03174811
v -0.02858256 0.01459541 0.02982991
v -0.02815929 0.01353154 0.02764433
v -0.02790170 0.01288594 0.02527793
v -0.02782818 0.01267834 0.02281707
v -0.02793273 0.01291099 0.02035449
v -0.02822332 0.01357855 0.01798430
v -0.02870713 0.01489241 0.01600810
v -0.02930732 0.01634773 0.01412470
v -0.03003542 0.01810756 0.01257652
v -0.03086455 0.02011461 0.01143245
v -0.03176416 0.02228904 0.01073572
v -0.03119837 0.01737104 0.03322116
v -0.03081890 0.01548848 0.03169626
v -0.03053514 0.01395204 0.02978456
v -0.03033667 0.01283346 0.02760599
v -0.03021922 0.01215153 0.02524845
v -0.03019143 0.01193321 0.02279425
v -0.03025166 0.01218329 0.02033498
v -0.03040173 0.01289475 0.01797864
v -0.03066169 0.01429546 0.01599918
v -0.03097173 0.01584645 0.01412232
v -0.03134105 0.01771352 0.01257345
v -0.03176370 0.01984242 0.01142912
v -0.03222315 0.02215087 0.01073168
v -0.03260601 0.01726185 0.03320399
v -0.03251975 0.01519758 0.03161917
v -0.03256868 0.01370171 0.02974047
v -0.03259876 0.01258459 0.02757766
v -0.03262303 0.01189761 0.02522360
v -0.03265215 0.01167626 0.02278828
v -0.03265851 0.01193625 0.02032430
v -0.03266778 0.01266249 0.01796613
v -0.03269451 0.01408746 0.01598957
v -0.03270005 0.01567760 0.01412005
v -0.03269967 0.01758159 0.01257308
v -0.03270071 0.01975257 0.01142701
v -0.03270249 0.02210609 0.01072123
v -0.03401374 0.01745128 0.03322235
v -0.03425477 0.01535185 0.03160138
v -0.03461323 0.01389391 0.02972289
v -0.03486708 0.01279786 0.02756617
v -0.03503144 0.01212542 0.02521594
v -0.03509642 0.01190933 0.02276937
v -0.03506483 0.01216207 0.02032148
v -0.03493934 0.01287759 0.01796446
v -0.03473356 0.01402939 0.01579261
v -0.03442688 0.01584294 0.01411559
v -0.03405792 0.01771650 0.01257383
v -0.03363521 0.01984416 0.01142886
v -0.03317708 0.02215177 0.01073156
v -0.03536296 0.01787390 0.03320739
v -0.03597134 0.01593930 0.03162922
v -0.03659338 0.01451896 0.02973580
v -0.03705725 0.01346245 0.02757097
v -0.03734915 0.01282261 0.02521893
v -0.03745649 0.01261660 0.02276753
v -0.03738039 0.01285431 0.02032154
v -0.03712314 0.01352952 0.01796893
v -0.03669646 0.01461313 0.01580017
v -0.03608767 0.01634116 0.01411229
v -0.03536253 0.01811516 0.01257784
v -0.03453510 0.02011792 0.01143215
v -0.03363578 0.02229072 0.01073558
v -0.03659645 0.01850785 0.03319046
v -0.03756115 0.01683535 0.03167708
v -0.03842412 0.01551233 0.02976042
v -0.03907827 0.01454285 0.02758309
v -0.03948792 0.01395960 0.02522947
v -0.03963883 0.01377050 0.02277940
v -0.03952071 0.01398379 0.02033286
v -0.03914244 0.01459448 0.01798089
v -0.03851428 0.01557405 0.01581270
v -0.03761943 0.01715602 0.01411118
v -0.03656657 0.01876069 0.01258366
v -0.03536258 0.02056096 0.01143455
v -0.03405790 0.02251623 0.01073685
v -0.03766632 0.01934418 0.03319680
v -0.03893443 0.01795060 0.03170057
v -0.04002738 0.01681952 0.02978105
v -0.04085024 0.01599268 0.02760500
v -0.04136949 0.01549052 0.02524874
v -0.04155638 0.01532706 0.02280203
v -0.04140250 0.01551259 0.02035254
v -0.04091601 0.01603516 0.01799919
v -0.04011203 0.01687239 0.01582977
v -0.03902770 0.01799987 0.01393308
v -0.03761995 0.01961882 0.01258122
v -0.03608928 0.02115975 0.01144236
v -0.03442762 0.02282058 0.01073979
v -0.03854882 0.02039474 0.03322050
v -0.04005349 0.01929766 0.03173470
v -0.04134066 0.01840507 0.02980802
v -0.04230613 0.01774594 0.02762954
v -0.04291969 0.01734422 0.02527689
v -0.04313609 0.01721999 0.02282692
v -0.04295602 0.01736861 0.02037892
v -0.04237859 0.01778452 0.01802203
v -0.04142940 0.01845224 0.01585194
v -0.04014433 0.01934321 0.01395081
v -0.03848657 0.02066359 0.01257380
v -0.03668647 0.02188185 0.01143885
v -0.03473146 0.02319059 0.01074369
v -0.03920333 0.02161361 0.03322086
v -0.04087953 0.02083912 0.03175464
v -0.04232235 0.02019341 0.02984024
v -0.04339245 0.01972552 0.02765724
v -0.04407749 0.01944755 0.02530975
v -0.04431882 0.01937425 0.02285621
v -0.04411677 0.01948912 0.02040691
v -0.04347578 0.01978149 0.01804301
v -0.04241478 0.02025625 0.01587345
v -0.04098523 0.02089785 0.01398352
v -0.03922505 0.02168706 0.01243796
v -0.03712868 0.02271000 0.01144693
v -0.03495735 0.02361323 0.01074632
v -0.03959308 0.02294575 0.03320874
v -0.04135507 0.02253218 0.03174419
v -0.04289381 0.02215356 0.02984961
v -0.04407361 0.02184572 0.02769641
v -0.04480878 0.02170987 0.02534089
v -0.04506892 0.02170143 0.02288023
v -0.04486014 0.02179008 0.02042849
v -0.04417155 0.02196807 0.01808522
v -0.04303897 0.02222862 0.01591665
v -0.04151123 0.02257694 0.01402018
v -0.03963931 0.02300227 0.01246487
v -0.03740329 0.02360502 0.01144181
v -0.03509489 0.02407252 0.01075170
f 4 2 1
f 8 6 5
f 13 15 14
f 17 19 18
f 32 30 29
f 36 34 33
f 37 39 38
f 21 23 20
f 25 27 24
f 41 43 42
f 48 46 45
f 52 50 49
f 53 55 54
f 60 58 57
f 29 62 61
f 66 64 63
f 67 6 68
f 72 70 69
f 76 74 73
f 77 79 78
f 81 83 82
f 59 86 85
f 88 90 89
f 96 94 93
f 100 98 97
f 101 103 102
f 106 34 87
f 108 115 107
f 117 36 118
f 124 126 125
f 131 129 128
f 132 134 133
f 142 140 139
f 148 60 147
f 144 127 124
f 149 151 150
f 156 154 153
f 159 158 157
f 116 164 105
f 171 169 168
f 174 173 172
f 179 181 180
f 186 188 187
f 194 196 195
f 199 139 198
f 206 208 207
f 213 211 210
f 202 214 201
f 96 216 54
f 92 43 44
f 97 246 100
f 250 229 228
f 252 58 253
f 258 256 255
f 260 229 259
f 110 112 113
f 114 263 109
f 265 267 266
f 56 270 269
f 274 249 250
f 185 63 64
f 280 278 276
f 285 283 157
f 288 211 212
f 141 92 46
f 289 175 176
f 148 105 106
f 312 170 171
f 238 42 43
f 318 160 317
f 310 308 307
f 241 325 324
f 160 240 317
f 47 307 308
f 108 315 164
f 345 86 119
f 348 350 349
f 356 358 357
f 355 353 352
f 363 32 362
f 149 150 176
f 364 253 365
f 366 368 367
f 183 371 63
f 163 161 160
f 209 101 208
f 378 165 166
f 379 381 380
f 383 3 4
f 284 386 385
f 387 389 388
f 391 229 249
f 73 397 396
f 405 407 406
f 203 411 410
f 414 413 412
f 1 357 4
f 277 131 275
f 254 57 58
f 358 415 351
f 417 386 408
f 401 192 420
f 419 127 143
f 421 182 422
f 103 302 409
f 428 368 174
f 380 359 356
f 62 266 323
f 140 431 430
f 357 351 348
f 356 379 380
f 415 403 434
f 437 436 435
f 438 440 439
f 188 450 449
f 452 454 453
f 265 181 421
f 224 64 225
f 237 213 427
f 275 128 458
f 281 460 459
f 50 79 461
f 73 282 281
f 468 466 465
f 390 352 359
f 482 484 483
f 489 487 486
f 493 495 494
f 472 470 469
f 502 500 499
f 220 222 223
f 512 143 66
f 518 511 80
f 513 230 286
f 205 31 244
f 189 451 188
f 163 532 8
f 533 225 251
f 446 447 412
f 335 540 334
f 544 546 545
f 329 291 292
f 199 262 238
f 385 416 550
f 532 191 247
f 363 118 243
f 236 237 250
f 578 580 579
f 573 571 570
f 561 562 272
f 241 259 240
f 590 592 591
f 545 595 594
f 503 155 504
f 606 624 623
f 478 480 479
f 646 648 647
f 590 689 684
f 564 651 650
f 728 184 727
f 714 716 715
f 692 575 693
f 541 581 578
f 346 248 400
f 161 230 160
f 128 94 95
f 698 704 703
f 574 576 575
f 290 401 328
f 630 725 726
f 733 735 734
f 755 496 493
f 759 481 760
f 757 762 761
f 764 466 467
f 768 3808 3809
f 759 488 489
f 492 475 771
f 474 769 473
f 773 465 772
f 771 486 483
f 484 775 491
f 774 489 486
f 495 764 756
f 495 761 494
f 137 784 136
f 325 797 547
f 165 51 52
f 369 29 370
f 730 568 569
f 90 301 89
f 243 516 242
f 800 806 805
f 817 808 816
f 816 823 822
f 306 447 807
f 815 809 808
f 829 828 825
f 726 501 502
f 274 424 423
f 879 881 880
f 884 879 885
f 219 217 211
f 906 904 897
f 455 205 542
f 898 830 829
f 903 880 881
f 906 897 898
f 377 519 165
f 923 948 946
f 946 951 950
f 3519 739 3517
f 900 886 880
f 225 65 144
f 182 442 422
f 809 947 824
f 954 962 961
f 927 965 966
f 885 880 886
f 925 966 967
f 343 341 340
f 965 971 968
f 968 970 969
f 972 969 973
f 963 981 978
f 336 338 339
f 992 827 828
f 810 996 959
f 1007 1002 1008
f 1012 827 1009
f 1011 1007 1008
f 294 292 291
f 907 920 919
f 1017 1019 1018
f 1020 1022 1021
f 1035 1020 1044
f 1061 1047 1046
f 1063 1046 1062
f 1044 1021 1045
f 1102 1097 1109
f 1116 1118 1117
f 1016 1014 1013
f 881 904 903
f 816 1127 817
f 1094 949 1097
f 514 167 515
f 146 81 82
f 1133 1130 1129
f 1102 1126 822
f 822 1116 816
f 1145 1148 1136
f 1076 1151 1069
f 1148 1086 1087
f 1109 1114 1136
f 1154 1156 1155
f 1153 967 1156
f 3464 463 3714
f 1144 1152 1151
f 1156 1163 1162
f 1164 1169 1165
f 1145 1176 1147
f 1114 1154 1171
f 1183 1164 1177
f 1184 1177 1185
f 1069 1062 1064
f 1023 1194 1022
f 1162 1170 1169
f 1195 1185 1191
f 1183 1176 1155
f 1201 1152 1196
f 1061 1201 1202
f 3825 843 3836
f 1203 1195 1034
f 1202 1184 1195
f 1218 1203 1217
f 1060 1202 1203
f 1225 1217 1219
f 671 694 670
f 1219 1024 1035
f 1217 1034 1024
f 1226 1015 1227
f 1243 1234 1233
f 1231 1229 1228
f 847 1233 843
f 843 1244 878
f 1233 1245 1244
f 1923 233 216
f 2100 499 500
f 3914 2135 3900
f 61 323 505
f 210 217 457
f 1299 1309 1300
f 3863 1231 3862
f 1066 1321 1322
f 1322 1228 1229
f 1060 1321 1047
f 1325 1323 1310
f 1244 1332 1330
f 1290 1242 1288
f 1337 1339 1338
f 1330 1340 1339
f 1341 1245 1294
f 1342 1332 1341
f 1343 1341 1344
f 1344 1294 1293
f 3857 1345 1346
f 1347 1342 1343
f 3856 1295 1345
f 1349 1348 1347
f 3861 1347 3853
f 3853 1343 3857
f 906 829 1353
f 905 1353 1354
f 865 1355 1357
f 1355 829 825
f 1357 825 826
f 1356 1353 1355
f 3834 1338 3833
f 866 1356 865
f 1358 1354 1356
f 3828 1337 3834
f 838 1012 841
f 1363 1338 1339
f 1368 1339 1340
f 1348 1340 1342
f 1371 3824 3829
f 524 526 523
f 528 530 527
f 1372 1369 1371
f 535 537 538
f 1367 1348 1350
f 1370 1359 1369
f 1369 3833 3824
f 1373 903 904
f 555 557 558
f 1374 910 1373
f 1373 905 1375
f 1374 1375 1376
f 1375 1354 1370
f 1378 908 1377
f 376 651 1387
f 1388 973 969
f 586 588 585
f 1390 1388 1391
f 1391 969 970
f 597 599 596
f 600 602 603
f 1392 970 979
f 608 610 607
f 612 523 611
f 614 616 613
f 617 25 24
f 620 622 619
f 1397 1391 1392
f 1398 1392 1399
f 1400 920 1378
f 1402 1165 1169
f 636 638 635
f 930 1402 929
f 641 643 644
f 929 1169 1170
f 1404 1403 1402
f 1411 1365 1406
f 1412 1415 1414
f 652 654 655
f 609 657 658
f 659 661 662
f 558 586 585
f 665 667 664
f 1413 1406 1412
f 1418 3810 3813
f 1417 1371 1416
f 1416 3829 3810
f 1419 1416 1418
f 1386 1374 1420
f 677 679 676
f 1385 1420 1421
f 1420 1376 1422
f 685 687 688
f 1421 1422 1423
f 528 691 658
f 1422 1372 1417
f 1018 747 1425
f 699 701 702
f 1424 579 1017
f 3663 1767 3660
f 700 711 712
f 1093 3754 1571
f 717 530 719
f 721 723 720
f 704 3543 3554
f 19 1426 1430
f 1429 1427 1426
f 1658 3542 3544
f 1439 1434 1438
f 1437 1435 1434
f 1426 1433 1432
f 1442 1432 1440
f 742 744 745
f 1432 1441 1440
f 751 753 750
f 1438 1403 1405
f 1446 1444 1443
f 1447 1446 1443
f 3860 1443 3848
f 1415 1445 1446
f 1414 1446 1448
f 2173 469 470
f 777 779 686
f 780 782 783
f 1676 1806 1675
f 3859 1349 3861
f 789 791 788
f 745 793 742
f 652 795 653
f 1455 1457 1456
f 1454 1350 1452
f 610 802 801
f 3831 698 703
f 1352 1045 1351
f 1015 1459 1460
f 811 813 814
f 2118 3817 2117
f 819 821 818
f 1466 1194 1190
f 1467 1465 1466
f 1182 1468 1467
f 832 833 831
f 835 837 834
f 1467 1190 1182
f 1469 1444 1445
f 840 712 690
f 1453 1469 1454
f 599 845 846
f 1226 3849 3855
f 851 853 850
f 855 856 854
f 858 860 857
f 861 863 864
f 1014 3855 3858
f 867 868 869
f 870 872 873
f 874 876 877
f 1310 1471 1309
f 1476 1427 1475
f 1461 1475 1460
f 887 889 890
f 788 892 891
f 894 896 893
f 1460 1227 1015
f 901 524 612
f 1465 1477 1464
f 1865 3500 1864
f 911 913 914
f 916 918 915
f 1850 3507 1851
f 921 895 894
f 1479 1436 1478
f 926 667 601
f 1481 563 1480
f 269 84 1482
f 931 933 916
f 934 614 869
f 936 688 937
f 938 662 939
f 1484 122 123
f 941 835 834
f 320 509 510
f 1849 3505 1850
f 84 1484 83
f 1487 1488 539
f 1757 3502 3509
f 365 1491 364
f 461 80 511
f 117 362 1496
f 1494 541 1495
f 926 957 958
f 1477 1433 1476
f 1709 1585 1700
f 119 1496 345
f 271 504 156
f 511 189 186
f 345 1492 365
f 255 344 254
f 57 299 132
f 1501 268 1500
f 267 1499 145
f 974 976 977
f 1678 1693 1676
f 3846 1807 3840
f 557 663 558
f 983 984 985
f 1443 3849 3848
f 421 268 265
f 989 991 988
f 1490 418 1504
f 279 309 310
f 997 676 679
f 998 999 875
f 1504 38 1505
f 1506 1507 1486
f 360 1508 1506
f 1506 207 360
f 939 1006 938
f 270 1483 269
f 66 546 512
f 1010 793 935
f 367 437 1509
f 244 363 243
f 1670 3534 1669
f 209 1510 226
f 235 1512 1511
f 1511 234 235
f 388 426 425
f 427 250 237
f 161 521 231
f 100 45 44
f 1025 608 1027
f 1029 1031 1028
f 939 1033 1032
f 41 594 99
f 1036 783 1037
f 702 1038 1039
f 1040 1042 1043
f 362 369 1493
f 187 477 186
f 70 539 198
f 1511 1521 234
f 1049 603 1048
f 613 869 614
f 860 1051 857
f 1005 1053 1006
f 753 1056 1054
f 1057 1059 1055
f 293 1522 292
f 288 1521 1522
f 292 1523 329
f 331 1508 1524
f 306 453 305
f 100 41 99
f 462 78 79
f 330 1524 462
f 635 1068 636
f 1485 1526 1528
f 206 1528 1510
f 1070 1072 831
f 942 1073 1074
f 916 1075 917
f 440 1530 439
f 157 1514 285
f 1529 5 1530
f 371 546 63
f 790 663 791
f 1077 857 1078
f 1403 1435 1165
f 1080 1082 1079
f 531 1529 440
f 21 1084 1085
f 272 1531 561
f 137 396 397
f 690 802 691
f 335 3567 581
f 1090 1029 1091
f 1092 794 1042
f 1533 137 138
f 661 1095 1096
f 69 445 72
f 1099 1101 1098
f 38 1536 1505
f 1104 1106 1103
f 852 1108 853
f 1377 909 1386
f 291 411 294
f 316 516 33
f 539 1533 534
f 1505 316 313
f 1110 1112 1113
f 1539 460 264
f 522 1537 1539
f 834 1120 1119
f 1122 1124 1121
f 612 1041 901
f 935 615 614
f 276 130 131
f 1686 3522 1685
f 193 1541 273
f 231 1540 287
f 556 982 557
f 365 85 345
f 190 318 1541
f 1810 3574 3528
f 3924 3512 3791
f 1132 985 1131
f 208 102 132
f 1134 662 661
f 1491 80 77
f 429 1542 147
f 1137 915 918
f 172 428 174
f 1139 1141 1142
f 549 54 55
f 1517 1518 296
f 976 1146 938
f 834 984 941
f 1543 286 115
f 1544 239 513
f 133 1544 1542
f 506 257 258
f 420 328 401
f 1158 1160 1157
f 587 1103 588
f 1513 1514 151
f 607 1027 608
f 304 1545 303
f 364 77 506
f 69 198 139
f 1006 976 938
f 700 1112 701
f 3877 3525 3787
f 1166 657 656
f 1167 858 1077
f 1300 3524 1299
f 1172 1174 1175
f 218 200 217
f 1179 1181 1178
f 372 97 98
f 89 227 88
f 1186 1188 1189
f 172 1517 1549
f 1482 81 1498
f 1090 1193 1030
f 394 353 1551
f 526 1198 1197
f 811 858 812
f 1199 1026 1025
f 606 697 696
f 1204 1206 743
f 1207 523 526
f 1209 867 613
f 914 685 936
f 1478 1441 1477
f 1029 1161 1091
f 1211 1213 1214
f 3858 1451 3859
f 844 1216 845
f 423 273 274
f 1220 1222 1083
f 22 1224 23
f 882 897 881
f 1519 173 387
f 1189 1232 1178
f 349 550 416
f 1071 1236 1072
f 1237 1239 745
f 1221 1189 1240
f 1510 1512 333
f 939 1241 1005
f 1556 5 67
f 1553 394 1551
f 404 67 347
f 1247 1249 1246
f 142 238 92
f 1251 635 1250
f 850 1253 851
f 1254 1077 1255
f 57 133 429
f 443 552 551
f 1187 1175 1188
f 1256 831 833
f 432 382 383
f 741 747 746
f 434 351 415
f 349 383 348
f 251 1481 1480
f 395 352 353
f 1518 1550 1551
f 1558 378 340
f 109 314 315
f 285 1513 407
f 395 393 392
f 202 410 1558
f 417 405 432
f 1246 1258 1247
f 3 297 2
f 1259 1261 1262
f 403 347 284
f 955 953 952
f 462 51 330
f 1096 687 1263
f 429 60 57
f 896 1265 932
f 1267 1268 1266
f 423 327 420
f 37 180 40
f 20 1187 1186
f 1256 1071 1070
f 155 156 504
f 1188 1269 1232
f 1236 1271 1262
f 1272 535 621
f 565 463 464
f 1273 745 1239
f 876 1255 1274
f 316 164 315
f 437 503 1509
f 194 1495 197
f 1275 864 863
f 624 631 630
f 1277 1137 1278
f 569 567 566
f 1481 125 366
f 324 547 326
f 1279 1107 1280
f 1525 329 1523
f 1281 1137 918
f 171 1553 1552
f 1488 396 1533
f 1557 1562 1559
f 1282 1206 1205
f 1053 1278 1281
f 778 607 1283
f 713 3566 3569
f 251 144 124
f 4 348 383
f 709 707 706
f 728 45 246
f 261 1563 544
f 789 1287 790
f 74 263 282
f 403 385 434
f 1178 1240 1189
f 1223 1289 1224
f 158 150 151
f 1220 1186 1221
f 296 354 433
f 784 1538 1566
f 1181 1291 1222
f 1269 1257 1246
f 1566 438 399
f 136 1566 1564
f 1563 169 1565
f 107 109 108
f 1297 1298 1296
f 1464 1476 1461
f 1520 507 508
f 1301 1303 1304
f 1306 1308 1305
f 175 1532 272
f 1532 200 201
f 1311 1312 1313
f 872 1315 1316
f 1317 1318 1319
f 3836 878 3828
f 1305 864 1276
f 1040 863 1320
f 1564 399 169
f 592 1575 591
f 591 1088 689
f 1581 1583 1582
f 1196 1147 1176
f 710 583 713
f 285 408 386
f 953 961 963
f 1594 1589 1593
f 1585 1587 1586
f 1592 1590 1589
f 3885 944 3899
f 1600 1598 1597
f 1604 1602 1601
f 1399 979 980
f 1589 1596 1595
f 1610 1608 1607
f 298 361 360
f 551 276 277
f 1627 3814 3819
f 859 818 860
f 1078 1328 1329
f 1555 1530 1556
f 572 680 681
f 772 776 774
f 977 918 917
f 404 392 393
f 1054 750 753
f 1644 1643 1642
f 932 1082 933
f 1067 1334 1068
f 1540 264 114
f 597 643 1336
f 471 762 470
f 1642 3831 3842
f 1644 3842 3843
f 923 950 927
f 96 548 95
f 520 522 521
f 445 443 442
f 849 848 842
f 480 755 493
f 1646 481 1639
f 311 1567 170
f 464 3497 3495
f 3497 1361 3495
f 234 236 235
f 190 192 191
f 153 152 149
f 231 286 230
f 1552 1551 1550
f 760 1648 488
f 3832 1649 3830
f 828 826 825
f 52 166 165
f 1663 1661 1660
f 287 115 286
f 668 670 669
f 634 640 639
f 553 559 554
f 118 33 516
f 492 491 490
f 3552 1651 3553
f 582 584 583
f 384 392 415
f 1381 1383 1380
f 1562 435 436
f 952 951 947
f 3529 583 584
f 1660 1667 1666
f 1394 1396 1393
f 1660 1664 1663
f 1671 1669 1668
f 1624 1673 1672
f 1407 1409 1410
f 1677 1675 1674
f 1613 1677 1625
f 1679 1676 1677
f 1626 3811 3814
f 534 198 539
f 176 150 159
f 803 734 800
f 400 191 192
f 65 143 144
f 3526 1656 3540
f 402 157 283
f 629 627 626
f 461 49 50
f 758 495 756
f 796 786 785
f 406 1513 1560
f 342 166 167
f 1694 1658 1695
f 1692 1694 1696
f 3557 1652 3552
f 3921 1703 3923
f 326 302 90
f 3916 1702 1706
f 3919 1698 1701
f 1699 3927 3918
f 1557 1560 1561
f 1127 1117 1128
f 400 289 346
f 1706 1707 1708
f 1707 1599 1600
f 1709 1708 1588
f 1714 1711 1713
f 3919 1709 1700
f 1704 1577 1703
f 1716 1713 1715
f 1559 1549 297
f 1722 1720 1719
f 1335 596 1489
f 410 377 378
f 973 1163 972
f 168 399 398
f 1571 1089 1093
f 1572 682 1571
f 749 647 754
f 1730 1723 1729
f 1594 1729 1592
f 1729 1591 1592
f 1731 1730 1583
f 1384 1377 1379
f 1732 1712 1714
f 1724 1731 1732
f 1712 1731 1580
f 1722 1732 1733
f 1721 1733 1734
f 1734 1716 1717
f 1735 1736 1697
f 1733 1714 1716
f 1663 1741 1668
f 1742 1740 1743
f 1738 1737 1735
f 1665 1666 1740
f 1665 1744 1664
f 1725 1746 1745
f 1591 1745 1590
f 1590 1747 1596
f 1745 1748 1747
f 1659 3538 3542
f 3287 3545 3282
f 1185 1182 1190
f 1664 1749 1741
f 1741 1739 1738
f 1746 1743 1748
f 1726 1742 1746
f 1153 924 925
f 1115 1153 1154
f 1654 3575 1655
f 1896 3549 1686
f 1720 1744 1726
f 1721 1749 1720
f 1750 1701 1698
f 1697 1750 1696
f 1151 1063 1062
f 1751 1670 1671
f 1695 1752 1751
f 961 986 981
f 1770 1768 1767
f 1766 1593 1765
f 1731 1579 1580
f 1579 1774 1578
f 3928 1771 3929
f 1764 3928 3917
f 1777 1775 1774
f 3762 1699 1700
f 1004 1128 1003
f 1774 1771 1772
f 987 1399 980
f 1578 1772 1764
f 1783 1781 1778
f 1597 1770 1767
f 639 3895 3884
f 3928 1769 1770
f 1793 1789 1788
f 3929 1798 1769
f 3508 3773 1806
f 1802 3924 3922
f 1788 1794 1793
f 1793 1795 1776
f 3773 1675 1806
f 1584 1783 1789
f 1771 3920 3929
f 1801 1798 1800
f 1768 1798 1799
f 1775 1797 1771
f 508 515 1520
f 1796 1802 1797
f 1800 3920 3922
f 1794 1804 1795
f 3532 1752 3547
f 485 1807 775
f 3809 1640 768
f 3837 1810 1653
f 485 1640 1808
f 1690 3770 3772
f 487 1648 1811
f 3839 1816 3822
f 3838 1648 3830
f 3839 1811 3838
f 1812 487 1811
f 1641 767 768
f 465 755 776
f 767 3823 3808
f 3822 3826 3847
f 1809 1815 767
f 3837 1651 3840
f 675 3541 3496
f 1814 1822 1821
f 1821 3821 3820
f 1824 1649 1825
f 1827 1850 1805
f 1668 1662 1663
f 1779 1848 1828
f 1790 1805 1794
f 1833 1853 1852
f 3521 693 575
f 1614 1616 1617
f 1852 3498 3501
f 1620 1622 1623
f 1855 1574 1861
f 1847 3501 3513
f 1766 1855 1782
f 1629 1631 1628
f 1633 1634 1632
f 1635 1637 1638
f 1848 1852 1847
f 1855 1863 1862
f 1803 1867 1802
f 1862 1831 1832
f 1782 1862 1781
f 3922 1865 1800
f 1873 1870 1869
f 1874 799 804
f 2045 3897 2044
f 1219 1295 1225
f 1615 1396 1395
f 3884 1877 1876
f 645 3786 3559
f 1345 1035 1346
f 634 3884 3880
f 15 1327 14
f 3910 1878 1893
f 1894 605 1893
f 3506 627 693
f 3560 645 3559
f 340 454 1558
f 1897 195 1898
f 1889 1877 1890
f 1901 129 1900
f 196 754 232
f 1705 3921 3916
f 340 166 343
f 1570 563 561
f 1904 194 1897
f 1781 1832 1780
f 1905 55 1906
f 1000 995 996
f 986 920 987
f 1191 1190 1194
f 2094 2075 2093
f 1920 1919 1915
f 453 1912 1911
f 1915 1918 1916
f 3882 2106 3901
f 1655 3531 1868
f 1916 1926 1925
f 704 3561 703
f 278 1925 1900
f 3565 1818 1820
f 1097 1115 1114
f 1927 727 1923
f 3578 3654 3758
f 1920 307 1929
f 1929 48 728
f 503 1497 1509
f 1902 787 796
f 1816 3820 3826
f 1925 1923 1924
f 1535 1568 1534
f 254 258 255
f 1509 366 367
f 119 35 36
f 219 293 294
f 141 47 431
f 542 244 245
f 1940 430 431
f 1779 1827 1790
f 1701 3915 3919
f 1661 3515 1667
f 270 754 647
f 197 749 196
f 1727 1212 1211
f 53 232 754
f 1465 1479 1478
f 1284 3854 1293
f 1951 412 413
f 168 1554 1553
f 1486 206 207
f 506 78 361
f 994 1007 993
f 951 963 964
f 1013 3861 1351
f 3826 1820 1818
f 1498 1954 1482
f 299 543 132
f 1754 1756 1753
f 1681 1683 1682
f 1696 1695 1697
f 13 738 737
f 473 475 474
f 482 768 1640
f 204 30 205
f 1761 820 819
f 611 1125 612
f 1501 1908 1909
f 1074 711 699
f 1960 82 83
f 120 1960 123
f 35 87 34
f 1773 1025 1031
f 1965 1569 1535
f 494 471 479
f 1966 1969 1968
f 446 1971 1967
f 174 125 126
f 1580 1578 1577
f 1785 1787 1784
f 1972 304 305
f 1254 875 999
f 1973 342 514
f 321 1973 509
f 1910 275 1907
f 509 514 508
f 1486 1527 1485
f 1974 804 1975
f 1977 1974 1978
f 1980 1966 1981
f 379 2 295
f 1718 1710 1701
f 884 992 883
f 1680 1678 1679
f 902 525 524
f 344 256 299
f 135 137 136
f 236 228 333
f 448 1967 1966
f 589 604 584
f 910 908 907
f 1981 1968 1987
f 1982 1987 1979
f 1988 1987 1989
f 1990 1989 1991
f 1991 1993 1992
f 322 320 319
f 992 830 883
f 1144 1086 1143
f 1995 1978 1994
f 1133 1118 1126
f 1997 1994 1996
f 870 1335 1489
f 805 1982 1998
f 727 2000 1999
f 1996 1988 1990
f 1994 1979 1988
f 1829 792 1273
f 1830 941 983
f 798 800 799
f 729 731 730
f 2011 2023 2022
f 1834 846 1159
f 402 284 347
f 2022 2024 2025
f 1838 989 988
f 810 952 809
f 1823 1840 644
f 1430 1432 1431
f 1215 1841 1079
f 149 176 177
f 1316 873 872
f 2112 1384 2106
f 1842 1844 1845
f 1159 845 1160
f 837 1846 1120
f 1971 2030 2027
f 517 370 189
f 858 833 812
f 1471 2027 1888
f 3551 626 627
f 2174 770 490
f 935 1854 1010
f 1613 1611 1618
f 1231 1225 1295
f 1856 891 892
f 1300 748 741
f 1150 1858 1859
f 1643 696 1642
f 1215 1264 1216
f 1320 902 901
f 1956 1944 1960
f 2031 669 1474
f 2034 1310 1299
f 1879 1656 1657
f 40 242 39
f 1992 2039 1456
f 888 957 889
f 1882 1996 1990
f 1078 1255 1077
f 1871 1192 1090
f 294 218 219
f 1323 2026 1471
f 123 83 1484
f 1324 2041 1323
f 384 359 352
f 1324 2038 2036
f 1883 1885 1829
f 287 114 107
f 1096 1134 661
f 915 931 916
f 806 1981 1982
f 3533 584 604
f 1425 2042 1018
f 1018 1948 1017
f 3562 740 3519
f 1948 649 646
f 1881 1990 1991
f 1900 130 278
f 992 994 993
f 923 925 924
f 3878 2047 3876
f 1643 625 606
f 2050 2051 2049
f 2045 1404 2047
f 3876 945 3885
f 1139 1079 1841
f 1037 892 982
f 2055 2057 2056
f 1198 718 717
f 1619 1612 1611
f 2058 1606 2059
f 2059 1607 2058
f 2058 1624 1605
f 71 179 37
f 405 1557 382
f 976 1006 977
f 322 1972 1911
f 2061 2063 2062
f 2066 2067 1825
f 2052 2064 2051
f 1609 2066 1647
f 1515 152 1516
f 1009 993 1007
f 1644 3815 2118
f 279 1916 278
f 1285 3862 1284
f 1647 1825 1649
f 2056 2067 2065
f 319 1953 1952
f 667 1913 1914
f 2070 625 2048
f 2052 2055 2063
f 2038 1655 1458
f 1606 2073 2072
f 1235 1270 1236
f 2072 2075 2074
f 2059 2072 2062
f 2074 2077 2076
f 1601 2078 2073
f 2049 1643 1645
f 1000 1001 994
f 1089 684 689
f 1931 1306 1930
f 1462 1021 1022
f 1932 1934 1935
f 875 1846 998
f 1936 1937 1938
f 44 46 92
f 1534 1956 120
f 1541 317 391
f 2081 2084 2083
f 146 1959 300
f 1360 1942 1361
f 985 1032 1033
f 1995 1892 2043
f 2079 2082 2081
f 2095 2076 2077
f 2081 2078 2079
f 2055 2054 2053
f 501 2095 500
f 2097 2099 2098
f 2098 2094 2083
f 2140 3893 3866
f 2141 3894 3893
f 2051 2048 2049
f 592 2101 1576
f 2071 2076 2096
f 2102 2098 2101
f 593 2102 592
f 1019 746 747
f 1950 12 1327
f 725 2096 501
f 1385 2104 1379
f 1379 2106 1384
f 2107 2100 2097
f 3908 502 3896
f 3896 499 3901
f 940 2109 944
f 928 1170 973
f 3868 684 3899
f 1962 1964 1961
f 3878 573 3897
f 2039 1968 1969
f 1389 2110 2109
f 1398 2113 1397
f 3757 3753 3743
f 3911 2107 2103
f 949 924 1115
f 260 324 326
f 1390 2113 2110
f 2070 2064 2071
f 3867 2103 593
f 2105 1421 2114
f 2114 1423 2115
f 3892 2115 3903
f 3908 2114 3892
f 554 1902 553
f 972 967 966
f 1765 1573 1574
f 1984 1986 1983
f 2053 2069 2057
f 3573 724 714
f 1625 1674 1673
f 3881 2119 2122
f 3903 2123 3904
f 56 1906 55
f 626 3879 629
f 2001 2003 2004
f 3912 2127 3907
f 2006 2008 2009
f 2127 1412 2128
f 2014 2016 2017
f 2018 2020 2021
f 1495 1947 197
f 1379 1386 1385
f 3814 1680 1618
f 2029 1884 2028
f 3902 2120 3887
f 629 3914 3872
f 682 943 1089
f 724 2121 716
f 1757 3821 3845
f 765 3844 3809
f 3851 715 3852
f 706 3870 3872
f 981 987 980
f 1457 1656 1880
f 2017 2032 2033
f 1458 1868 1457
f 1776 1792 1793
f 1959 1946 1958
f 3663 3725 3661
f 3913 2122 3850
f 1093 689 1088
f 966 968 972
f 3852 3881 3913
f 2172 2170 2171
f 670 2137 669
f 3761 1903 233
f 1429 28 1449
f 964 978 971
f 3841 1413 2127
f 1473 669 2137
f 3834 1359 1358
f 2138 1870 2137
f 1872 2137 1870
f 715 3888 3881
f 1881 1992 1880
f 3843 739 740
f 1837 3513 3514
f 253 59 85
f 1808 3840 1807
f 1647 3818 1609
f 3865 671 668
f 2112 3883 2111
f 1405 2044 1438
f 3829 1364 1366
f 273 391 249
f 576 3520 3555
f 3875 668 2031
f 1430 2140 2139
f 2136 3860 28
f 1430 18 19
f 3893 570 695
f 1442 2046 2141
f 1431 2141 2140
f 3869 3850 2136
f 3808 1817 766
f 3866 695 671
f 2142 798 2138
f 571 2142 694
f 3819 1618 1611
f 2143 2025 2142
f 694 2138 670
f 681 2144 572
f 2144 2022 2143
f 328 457 290
f 1572 2011 2144
f 630 3903 624
f 2085 2087 2088
f 2090 2092 2089
f 572 2143 571
f 1875 2153 2149
f 1873 2149 2154
f 2103 2097 2102
f 2157 2155 2156
f 2128 1414 2120
f 3874 589 582
f 3872 628 629
f 2149 2158 2159
f 2159 3905 3890
f 698 3902 705
f 3823 3827 1817
f 2158 3874 3905
f 1438 2046 1439
f 2035 2160 2161
f 2161 3889 3886
f 3871 605 589
f 3873 18 3875
f 370 61 451
f 649 413 648
f 2153 2156 2158
f 1428 1449 1450
f 1490 73 1488
f 3890 710 633
f 2155 3891 3871
f 1456 1880 1992
f 2125 2087 2124
f 2160 3890 3889
f 300 505 323
f 1064 1046 1065
f 2043 1891 2155
f 2129 2004 2003
f 2131 2133 2134
f 3848 1450 1449
f 1998 804 805
f 3879 3864 3914
f 474 490 770
f 1164 1182 1177
f 707 3909 3870
f 708 2162 707
f 2162 3886 3909
f 548 1905 458
f 1145 1114 1171
f 705 1650 704
f 2043 1977 1995
f 737 554 559
f 1034 1191 1023
f 458 1907 275
f 195 232 233
f 2040 1969 1970
f 2145 2147 2148
f 2054 2049 1645
f 3832 1639 3818
f 9 11 10
f 252 506 258
f 472 479 471
f 1865 3791 3503
f 900 910 907
f 1941 2151 1942
f 1921 1927 1919
f 2163 1898 2116
f 271 153 178
f 1904 12 9
f 282 264 460
f 1872 2154 2035
f 1326 1897 2163
f 628 693 627
f 1724 1719 1723
f 1549 436 172
f 1582 1730 1729
f 1921 1929 1928
f 3563 10 11
f 2152 1950 1949
f 475 774 771
f 769 2171 473
f 2171 476 473
f 476 772 475
f 1791 464 1760
f 2166 2168 2169
f 595 372 98
f 483 1641 482
f 762 2173 470
f 771 484 492
f 486 1809 483
f 297 1517 296
f 763 2174 762
f 776 759 489
f 184 2176 2000
f 412 303 414
f 2005 185 224
f 3811 1682 3846
f 2164 756 764
f 1472 2161 2162
f 950 964 965
f 2177 2179 2180
f 227 1510 333
f 764 467 2164
f 2182 2184 2181
f 2186 2018 2185
f 1985 2181 1986
f 214 729 1531
f 1545 1546 1569
f 865 842 866
f 849 1357 1362
f 452 1558 454
f 559 3188 737
f 16 737 3188
f 560 498 374
f 3193 3195 3194
f 3200 3198 3199
f 3211 3213 3212
f 3215 3217 3216
f 2187 2002 2001
f 2169 2189 2190
f 2192 2085 2191
f 2193 2195 2196
f 2198 2200 2197
f 1998 1979 1975
f 3664 3668 3671
f 2116 1903 1902
f 1859 2009 1150
f 3904 2126 3906
f 1135 1087 1130
f 2201 2015 2014
f 1149 110 1858
f 3221 3218 3215
f 2203 2205 2206
f 579 1895 1019
f 1755 2208 1756
f 3891 1893 605
f 1211 2150 1727
f 868 2210 2209
f 944 930 940
f 2130 2202 2201
f 233 1898 195
f 665 750 666
f 1167 999 618
f 2211 2213 2214
f 2215 2217 2218
f 3867 590 3868
f 2220 220 2219
f 823 948 1094
f 3225 3227 3226
f 266 455 265
f 3882 2107 3883
f 2221 3519 3517
f 2223 2225 2226
f 2207 2124 2208
f 673 3869 3864
f 817 996 815
f 2227 2146 2145
f 1947 646 749
f 3900 17 3873
f 2229 1638 1381
f 1679 1618 1680
f 1637 2232 2230
f 2233 1617 1616
f 2231 2236 2237
f 1381 2238 1382
f 3586 2242 3587
f 1630 2233 1631
f 1681 472 469
f 1408 2243 2244
f 3236 3238 3237
f 3232 3240 3235
f 1637 2238 1638
f 3237 3233 3234
f 1409 1634 2245
f 1380 2247 2246
f 1628 2245 1621
f 2249 1622 1633
f 1632 1408 2244
f 2248 1631 2250
f 2235 1637 1636
f 3245 3199 3198
f 631 2071 725
f 515 52 49
f 782 2251 1251
f 2253 2255 2252
f 397 459 784
f 1456 2040 1455
f 2040 2036 1455
f 1401 2111 1398
f 2041 1970 2026
f 1535 414 1965
f 1586 2080 2079
f 2256 1132 1886
f 1700 3918 3919
f 3815 1686 3817
f 1263 1886 1096
f 598 844 599
f 2257 2259 2260
f 2258 2262 2259
f 2259 2263 2216
f 2260 2216 2215
f 1967 1970 1969
f 2212 1963 2213
f 922 2218 2217
f 1312 1101 2264
f 1307 1286 789
f 1548 1546 1972
f 2266 2268 2265
f 2265 2270 2269
f 2272 2269 2271
f 2273 2265 2272
f 2275 2277 2274
f 2278 2277 2279
f 2284 3617 3639
f 2287 2286 2281
f 2288 2283 2287
f 2290 3639 3620
f 2291 2293 2294
f 2295 2294 2279
f 2296 2291 2295
f 2297 2292 2291
f 2294 2299 2300
f 2279 2300 2278
f 2298 2302 2292
f 2292 2303 2293
f 2293 2304 2299
f 2304 2306 2299
f 2306 2300 2299
f 2308 2310 2307
f 2302 2310 2303
f 2301 2307 2302
f 2312 2307 2311
f 2313 2315 2316
f 2318 2320 2317
f 3748 2322 2323
f 2324 2273 2326
f 2313 2326 2327
f 2328 2313 2316
f 2329 2324 2328
f 2331 2333 2330
f 2330 2267 2266
f 2325 2266 2273
f 2329 2330 2325
f 2333 2335 2267
f 2336 2333 2332
f 2338 2332 2337
f 2331 2337 2332
f 2329 2339 2331
f 2328 2340 2329
f 2316 2341 2328
f 2342 2315 2343
f 2344 2346 2347
f 2341 2347 2340
f 2342 2344 2341
f 2348 2345 2344
f 2350 2352 2353
f 2339 2353 2337
f 2340 2350 2339
f 2347 2351 2350
f 2337 2354 2338
f 2353 2355 2354
f 2356 2276 2357
f 2356 2358 2359
f 2356 2296 2295
f 2279 2356 2295
f 2360 2270 2268
f 2267 2360 2268
f 2362 2364 2365
f 2362 2361 2358
f 2366 2358 2357
f 2366 2363 2362
f 2357 2368 2366
f 2366 2369 2367
f 2276 2370 2368
f 2368 2282 2369
f 2372 2374 2371
f 2375 2377 2007
f 2378 2380 2381
f 2382 2381 2383
f 2384 2378 2382
f 2385 2379 2378
f 2388 2390 2387
f 2387 2392 2391
f 2393 2387 2391
f 2394 2388 2387
f 2186 2402 2400
f 2403 2327 2326
f 2272 2326 2273
f 2271 2403 2272
f 2405 2404 2403
f 2404 2408 2327
f 2409 2411 2412
f 2409 2271 2269
f 2413 2269 2270
f 2413 2410 2409
f 2417 2416 2418
f 2417 2406 2405
f 2412 2405 2271
f 2411 2417 2412
f 2406 2407 2404
f 3569 632 713
f 2420 2397 2421
f 2420 2423 2422
f 2424 2422 2419
f 2424 2398 2420
f 2425 2392 2426
f 2421 2426 2423
f 2397 2425 2421
f 2396 2391 2425
f 2427 2315 2314
f 2427 2408 2428
f 2430 2428 2429
f 2343 2427 2430
f 2432 2430 2431
f 2431 2429 2433
f 2435 2433 2434
f 2436 2431 2435
f 2428 2407 2437
f 2422 2407 2419
f 2438 2422 2423
f 2429 2437 2438
f 2440 2433 2439
f 2441 2433 2429
f 2442 2439 2441
f 2443 2440 2439
f 2445 2444 2443
f 2447 2443 2442
f 2383 2445 2447
f 2381 2446 2445
f 2448 2423 2426
f 2449 2426 2392
f 2441 2449 2442
f 2441 2438 2448
f 2449 2390 2450
f 2450 2389 2451
f 2447 2451 2383
f 2442 2450 2447
f 2451 2453 2452
f 2452 2455 2454
f 2382 2454 2384
f 2383 2452 2382
f 2456 2373 2372
f 2459 2461 2458
f 2463 2465 2462
f 2462 2285 2284
f 2466 2284 2290
f 2467 2462 2466
f 2461 3703 3701
f 2468 2470 2471
f 2472 2471 2473
f 2474 3701 3688
f 2475 2477 2478
f 2458 2453 2479
f 2479 2389 2388
f 2395 2479 2388
f 2480 2458 2479
f 2481 2483 2478
f 2484 2485 221
f 2471 2464 2463
f 2473 2463 2467
f 2487 2466 2486
f 2486 2290 2488
f 2490 2488 2489
f 2491 2486 2490
f 2492 2467 2487
f 2493 2487 2491
f 2494 2492 2493
f 2495 2473 2492
f 3690 2474 3688
f 3691 2496 3690
f 2498 2493 2499
f 2500 2499 2501
f 3700 2498 2500
f 3687 2494 2498
f 2306 2278 2300
f 2305 2504 2306
f 2504 2507 2506
f 2506 2288 2508
f 2274 2508 2275
f 2278 2506 2274
f 3633 2489 2488
f 3620 2488 2290
f 2507 2289 2288
f 2505 2509 2507
f 2508 2287 2511
f 2511 2281 2280
f 2370 2280 2282
f 2275 2511 2370
f 2512 2489 2513
f 2514 2513 2515
f 2517 2514 2516
f 2517 2490 2512
f 2499 2491 2517
f 2499 2516 2501
f 2510 2519 2518
f 2518 2521 2520
f 3616 2520 3621
f 3632 2518 3616
f 2522 2303 2310
f 2523 2310 2309
f 2305 2522 2524
f 2524 2523 2525
f 2519 2525 2521
f 2505 2524 2519
f 2308 2527 2526
f 2526 2529 2528
f 2531 2528 2530
f 2309 2526 2531
f 1214 2151 1211
f 2419 2418 2424
f 2533 2349 2317
f 2534 2317 2320
f 2535 2533 2534
f 2536 2345 2533
f 2537 2346 2536
f 2538 2536 2535
f 2539 2537 2538
f 2540 2351 2537
f 2312 2541 2527
f 2527 2542 2529
f 2543 2434 2544
f 2545 2544 2546
f 2319 2543 2545
f 2318 2435 2543
f 2514 2548 2547
f 2547 2550 2549
f 2552 2549 2551
f 2552 2514 2547
f 2520 2554 2553
f 2553 2556 2555
f 3590 2555 3593
f 3621 2553 3590
f 2523 2531 2557
f 2557 2530 2558
f 2525 2557 2559
f 2559 2558 2560
f 2554 2560 2556
f 2521 2559 2554
f 2561 2007 2006
f 2376 2225 2377
f 2564 2566 2563
f 2563 338 2567
f 2569 2567 2568
f 2570 2563 2569
f 2572 2574 2571
f 2571 2576 2575
f 2544 2575 2546
f 2544 2572 2571
f 2578 2569 2577
f 2579 2569 2568
f 2574 2579 2576
f 2573 2577 2574
f 2581 2583 2580
f 2584 2583 2585
f 3697 2580 2584
f 3676 2580 3675
f 2582 2552 2583
f 2583 2551 2585
f 2500 2589 2588
f 2590 2589 2591
f 3693 2588 2590
f 3695 2500 2588
f 2501 2591 2589
f 2592 2594 2595
f 2386 2503 2502
f 2596 2386 2374
f 2596 2373 2597
f 2599 2597 2598
f 2599 2379 2596
f 2600 2380 2599
f 2600 2598 2601
f 2603 2601 2602
f 2603 2446 2600
f 2604 2602 2605
f 2440 2605 2434
f 2444 2604 2440
f 2606 2581 2607
f 2606 2590 2591
f 2591 2582 2606
f 3676 2456 3689
f 3689 2372 3693
f 2478 2608 2481
f 2609 2611 2199
f 2564 2613 2612
f 2612 2598 2597
f 2457 2597 2373
f 2565 2612 2457
f 2614 2570 2578
f 2615 2578 2573
f 2602 2614 2615
f 2601 2613 2614
f 2572 2605 2616
f 2616 2602 2615
f 2573 2616 2615
f 1459 1045 1021
f 1265 1079 1082
f 1612 1609 1611
f 2067 2069 2068
f 1135 1136 1148
f 1938 2618 2617
f 95 458 128
f 2058 1608 1612
f 1454 1445 1367
f 655 1048 2619
f 722 2621 723
f 1131 1033 1134
f 562 366 1497
f 1723 1725 1591
f 1786 1122 1787
f 267 323 266
f 1325 1654 2038
f 1468 1435 1479
f 658 529 528
f 8 247 7
f 382 1559 3
f 788 1307 789
f 940 929 928
f 911 2623 912
f 2621 655 654
f 2624 2625 2626
f 998 27 26
f 635 2626 2625
f 2627 644 1840
f 2628 1840 2629
f 1200 2627 2628
f 1199 641 2627
f 1520 49 477
f 1452 1349 1451
f 2630 1859 1858
f 644 1335 1823
f 1197 717 2632
f 2632 719 1166
f 2628 1166 1200
f 2629 2632 2628
f 1762 1050 821
f 1823 873 1839
f 2634 794 652
f 1028 1027 1161
f 1042 2635 1043
f 93 1901 1924
f 2036 1458 1455
f 1527 1525 1526
f 877 1274 1277
f 134 797 1544
f 1328 931 1329
f 607 1091 1161
f 1043 2637 2636
f 2636 2639 2638
f 1275 2638 1276
f 1275 1043 2636
f 1272 2626 2640
f 2640 638 637
f 1110 2640 637
f 536 2640 2641
f 1472 1474 1473
f 2042 1951 649
f 1058 1105 1059
f 2642 2643 2644
f 1192 2644 1193
f 912 2642 1192
f 3898 3526 3786
f 1049 2620 2621
f 616 1885 613
f 1331 666 750
f 990 1198 525
f 1911 321 322
f 1298 1205 2645
f 76 1504 75
f 1502 421 422
f 610 658 691
f 1146 659 938
f 2646 914 936
f 1280 1238 1279
f 975 2647 2648
f 2647 975 974
f 1453 1452 1451
f 1514 158 151
f 835 1843 1842
f 1271 1173 1289
f 2649 813 2650
f 1893 1826 1894
f 1050 1937 1051
f 2651 814 813
f 1006 1281 977
f 2653 2654 2655
f 1001 1003 1002
f 585 679 558
f 2624 621 620
f 555 2028 556
f 1207 1197 2629
f 1626 478 472
f 426 419 1567
f 1030 1773 1031
f 3898 634 3880
f 534 138 262
f 1125 1042 1041
f 333 88 227
f 569 561 730
f 1489 871 870
f 1857 620 891
f 1673 3770 3763
f 622 864 1308
f 2647 974 2657
f 619 891 620
f 261 545 262
f 393 1556 404
f 2658 2647 2657
f 1075 2657 917
f 1081 2658 1075
f 1080 2659 2658
f 2644 1141 2660
f 2660 1140 1336
f 642 1336 643
f 1193 2660 642
f 679 555 558
f 1503 1500 1502
f 1318 1101 1100
f 2661 1139 1142
f 2661 2663 2662
f 2662 2659 2661
f 2662 2622 2664
f 2664 911 2646
f 2648 2646 1146
f 2648 2662 2664
f 2083 2093 2081
f 1442 1437 1439
f 519 330 51
f 1885 1209 613
f 799 805 804
f 1946 1952 1953
f 1302 1253 1252
f 566 224 533
f 1389 928 1388
f 683 681 680
f 836 1842 2665
f 2665 1845 1303
f 2666 1303 1302
f 24 2665 2666
f 831 2650 832
f 1845 1304 1303
f 2010 2012 2011
f 1051 2667 2668
f 1522 1511 1523
f 531 441 522
f 782 1251 1250
f 1250 2625 2669
f 2669 1857 1856
f 783 1856 1037
f 782 2669 783
f 720 2671 721
f 1055 1930 1056
f 1333 1251 2251
f 619 1308 1307
f 652 2619 2634
f 521 1539 1540
f 1838 537 2672
f 2672 536 2641
f 1113 2641 1110
f 1113 1838 2672
f 1016 1351 1045
f 3897 570 3894
f 226 104 101
f 3564 3827 1818
f 1036 1884 1883
f 2674 1304 2673
f 2673 1844 2675
f 1334 2675 1039
f 1333 2673 1334
f 2676 1039 2675
f 1843 2675 1844
f 942 2676 1843
f 1074 702 2676
f 811 859 858
f 752 1055 753
f 1200 656 1026
f 1120 874 2677
f 2677 877 1052
f 1241 1052 1005
f 1119 2677 1241
f 1560 151 1515
f 1208 611 523
f 215 736 214
f 1460 1462 1461
f 1208 1839 873
f 854 1282 1297
f 72 182 179
f 544 1565 512
f 217 456 457
f 2047 930 945
f 1204 1937 2633
f 913 686 685
f 840 1113 1112
f 1531 730 561
f 2678 1283 801
f 601 1914 602
f 1537 459 460
f 1819 3509 3527
f 991 862 538
f 2679 1073 1830
f 2680 983 2256
f 779 2256 1263
f 778 2680 779
f 2678 1830 2680
f 180 245 40
f 1886 1131 1134
f 1138 1274 1255
f 1841 1140 1139
f 75 314 74
f 193 420 192
f 2681 1099 1098
f 170 1565 169
f 349 417 432
f 1121 2684 2683
f 547 409 302
f 123 121 120
f 2643 1142 1141
f 1542 513 1543
f 899 907 919
f 1210 676 867
f 791 982 892
f 24 837 836
f 893 932 931
f 1860 863 862
f 535 862 861
f 832 813 812
f 2650 813 832
f 1569 1547 1568
f 181 542 180
f 660 937 688
f 2013 568 2012
f 887 2631 2630
f 1524 361 78
f 520 162 1529
f 2653 854 2685
f 1238 2655 2686
f 718 527 530
f 1492 518 1491
f 792 615 793
f 599 1835 596
f 290 456 175
f 312 1552 425
f 1248 1179 1249
f 153 177 178
f 1240 1222 1221
f 1257 1235 1071
f 1291 1083 1222
f 1052 1277 1053
f 743 2618 1204
f 444 430 443
f 23 1172 1187
f 2687 1180 1179
f 102 409 134
f 1283 610 801
f 373 650 651
f 1180 1084 1291
f 855 2655 1237
f 1173 1917 1174
f 2689 853 2688
f 2688 1108 1279
f 2686 1279 1238
f 2687 2688 2686
f 2691 1252 2690
f 2690 850 2689
f 1248 2689 2687
f 1248 2691 2690
f 2692 24 2666
f 2691 2666 1302
f 1247 2692 2691
f 1258 617 2692
f 394 1555 393
f 2693 1259 1223
f 1072 1262 1261
f 1257 1168 1258
f 398 1555 1554
f 871 1314 872
f 1178 1249 1179
f 1224 1173 1172
f 1010 2618 742
f 1175 1292 1269
f 2654 2686 2655
f 2694 1216 1264
f 71 1487 70
f 701 1111 1038
f 1072 2649 2650
f 1085 22 21
f 895 1264 896
f 1601 1605 1604
f 1259 1271 1289
f 21 1220 1083
f 988 538 537
f 598 1336 1140
f 820 1762 821
f 1050 818 821
f 1298 1761 2652
f 1168 618 617
f 858 1256 833
f 39 516 1536
f 2652 819 814
f 313 315 314
f 2026 1971 2027
f 2656 596 1835
f 814 818 811
f 2696 813 2649
f 1260 2649 1261
f 2693 2696 1260
f 2697 2651 2696
f 381 390 380
f 3818 1611 1609
f 1475 1428 1227
f 1292 1917 1235
f 1551 354 1518
f 1526 1523 1511
f 1593 1595 1573
f 1232 1246 1249
f 2695 1223 22
f 2698 1296 2697
f 2698 2693 2695
f 2685 2695 1085
f 2685 1297 2698
f 562 271 272
f 2652 1296 1298
f 1365 1364 1363
f 1958 1953 1957
f 585 2210 997
f 1561 1515 435
f 975 1146 976
f 347 68 346
f 1038 636 1068
f 2700 780 2699
f 2699 1036 1883
f 2701 1883 1829
f 851 2699 2701
f 2674 2251 2702
f 2702 781 2700
f 1253 2700 851
f 1301 2702 1253
f 1519 388 1550
f 1273 1280 2703
f 2703 1107 852
f 2701 852 851
f 1829 2703 2701
f 91 326 90
f 1784 2656 1785
f 2683 2705 2704
f 604 3499 3533
f 1669 3548 1662
f 2062 2060 2059
f 621 861 622
f 2023 732 2024
f 686 1263 687
f 857 2668 1328
f 883 882 879
f 637 1111 1110
f 2668 893 1328
f 2667 894 2668
f 1039 1068 1334
f 313 1504 1505
f 1911 305 453
f 1936 1964 2212
f 2707 2401 2183
f 2708 2183 2182
f 738 2116 554
f 2349 2432 2436
f 2711 2020 2019
f 2400 2019 2186
f 2714 2716 2713
f 2717 2719 2720
f 2721 2723 2724
f 2726 2728 2725
f 2725 2730 2729
f 2731 2729 2709
f 2732 2725 2731
f 2734 2736 2733
f 2738 2740 2737
f 2737 2741 2742
f 2744 2746 2743
f 2745 2748 2747
f 2749 2747 2751
f 2753 2751 2752
f 2250 2246 2248
f 2754 1614 2755
f 3598 2755 3609
f 3608 2747 3609
f 1617 2755 1614
f 2242 1620 2757
f 2191 2760 2759
f 2761 2760 2762
f 3648 2761 3649
f 3623 2759 3648
f 3209 3223 3224
f 1395 2236 2235
f 1395 1636 1615
f 1616 2229 2233
f 1617 2763 2756
f 2756 3628 3608
f 2765 2234 1630
f 2766 3628 3622
f 3202 3246 3247
f 1516 435 1515
f 2768 3552 3553
f 1495 578 1424
f 2135 28 17
f 3526 2773 2774
f 1690 3926 3925
f 2778 2780 2777
f 2777 2781 2782
f 2784 2777 2783
f 3555 575 576
f 1494 9 540
f 3529 2015 3566
f 451 505 450
f 2786 2788 2785
f 2779 2785 2780
f 2789 2741 2740
f 2790 2752 2789
f 2792 2794 2791
f 2793 2796 2794
f 2796 2750 2749
f 2794 2749 2753
f 2798 1396 2754
f 3591 2754 3598
f 2798 2800 1393
f 3591 2799 2798
f 2797 2795 2801
f 2791 2753 2790
f 216 232 54
f 3804 2807 3803
f 3805 2804 3803
f 2769 3557 3552
f 183 184 97
f 2811 2775 2776
f 2804 2776 2805
f 2809 2811 2804
f 2812 2813 2814
f 3805 2816 3795
f 3796 2815 3795
f 3798 2820 2821
f 3793 2819 3798
f 2824 2735 2819
f 2823 2824 2819
f 2825 2826 2724
f 3793 2827 3792
f 3796 2826 3792
f 2713 2829 2828
f 2828 2831 2830
f 2822 2828 2830
f 2821 2713 2828
f 2832 2822 2830
f 2833 2830 2831
f 2834 2832 2833
f 2835 2827 2832
f 2837 2839 2836
f 2836 2841 2840
f 2842 2840 2727
f 2843 2836 2842
f 2840 2845 2844
f 2718 2845 2719
f 2730 2844 2718
f 2727 2844 2728
f 2846 2719 2845
f 2846 2841 2847
f 2829 2847 2831
f 2829 2716 2846
f 2847 2839 2848
f 2848 2838 2849
f 2833 2849 2834
f 2831 2848 2833
f 2850 2851 2852
f 2853 2852 2854
f 2783 2782 2855
f 2785 2853 2856
f 2780 2856 2781
f 2857 2855 2782
f 2859 2782 2781
f 2861 2842 2860
f 2860 2727 2726
f 2862 2726 2732
f 2863 2860 2862
f 2861 2858 2857
f 2843 2857 2859
f 2856 2854 2864
f 2781 2864 2859
f 2837 2859 2864
f 2838 2864 2854
f 2852 2834 2849
f 2854 2849 2838
f 2865 2818 2835
f 2851 2835 2834
f 2813 2815 2865
f 2814 2865 2851
f 2866 2814 2850
f 2788 2850 2853
f 2866 2787 2867
f 2812 2867 2775
f 1892 1890 1891
f 2720 2846 2870
f 298 256 257
f 2872 2713 2820
f 3794 2735 2734
f 2729 2874 2873
f 2846 2715 2870
f 2876 2878 2875
f 2733 2878 2734
f 3806 2879 2880
f 3806 2872 3794
f 2882 2884 2881
f 2881 2715 2714
f 2880 2714 2872
f 2879 2881 2880
f 2885 2887 2888
f 2888 2890 2885
f 2885 2892 2891
f 2893 2885 2891
f 1942 2532 2894
f 2895 2720 2870
f 2884 2870 2715
f 2883 2895 2884
f 2896 2892 2895
f 2889 2717 2890
f 2890 2720 2892
f 2897 2891 2896
f 2898 2896 2883
f 2899 2883 2882
f 2900 2882 2879
f 3797 2879 3807
f 2876 2901 2877
f 2901 2904 2903
f 1785 1835 1834
f 2905 2899 2900
f 2907 2897 2898
f 3797 2903 3799
f 632 577 633
f 3532 2867 2787
f 434 550 350
f 2768 3640 3643
f 2910 1623 2249
f 2241 2758 2242
f 3640 2913 3652
f 1623 2757 1620
f 3587 2757 3652
f 2229 1380 2250
f 2765 1629 2914
f 2915 1629 2912
f 3642 2914 2915
f 3641 2765 2914
f 2919 3642 3613
f 2918 2912 2241
f 3614 2241 3586
f 3618 3613 3670
f 3541 2180 3496
f 3521 2188 3506
f 3705 714 3851
f 2925 2917 2924
f 2924 2916 2919
f 3610 2919 3618
f 3611 2924 3610
f 2926 2766 2925
f 3658 2925 3611
f 1715 1705 1710
f 785 498 796
f 1387 565 1791
f 374 1899 560
f 3573 2206 3556
f 2929 2886 2893
f 2932 2934 2931
f 1905 1908 1907
f 2930 2936 2937
f 2938 2930 2929
f 1493 517 518
f 1603 1586 1602
f 2939 2929 2908
f 2940 2908 2907
f 3665 1600 3661
f 2886 2937 2887
f 2906 2898 2899
f 2908 2893 2897
f 2942 2933 2941
f 2941 2937 2936
f 3501 2936 3513
f 3498 2941 3501
f 2943 2710 2873
f 2943 2874 2889
f 2945 2889 2888
f 2946 2943 2945
f 2932 2888 2887
f 2931 2945 2932
f 727 1929 728
f 2903 2947 2948
f 545 42 262
f 1480 533 251
f 2907 2949 2940
f 2906 2950 2949
f 1558 215 202
f 3799 2948 3801
f 2054 1644 2118
f 3705 2203 3573
f 1828 1849 1827
f 2953 2955 2952
f 2952 2957 2956
f 2956 2258 2952
f 2953 2258 2257
f 2454 2474 2496
f 3747 2959 3766
f 3747 2131 3737
f 2961 2963 2958
f 2958 2964 2959
f 222 2485 2965
f 2477 2966 2608
f 2631 2006 1859
f 2384 2496 2497
f 2967 2959 2964
f 2968 2970 2969
f 3759 2971 3784
f 3784 2960 3766
f 2972 2033 2032
f 2007 2973 2008
f 3560 2134 2133
f 1836 1832 1831
f 3506 2090 3551
f 955 959 956
f 672 674 673
f 633 713 632
f 2024 733 803
f 2025 803 798
f 425 1550 388
f 2975 888 887
f 1319 1157 2694
f 1212 2977 1213
f 889 2228 2227
f 1978 1975 1979
f 1138 1329 915
f 751 2979 2978
f 1619 1625 1624
f 2252 1728 1727
f 1157 845 1216
f 2706 1938 2617
f 2980 2254 2981
f 2982 887 2630
f 802 711 2679
f 678 2029 2028
f 527 690 528
f 1839 2629 1840
f 2983 602 1914
f 2983 1913 1331
f 2985 1331 1054
f 2986 2983 2985
f 2987 2635 2634
f 2985 2639 2986
f 2990 1318 2989
f 2991 2993 2994
f 2995 2994 2996
f 1106 2991 2995
f 1058 2992 2991
f 1415 1365 1367
f 1317 2217 2997
f 1932 2255 2980
f 926 2999 664
f 3001 2992 3000
f 3000 1057 2978
f 2999 2978 2979
f 2998 3000 2999
f 3002 2209 3003
f 3002 2996 2994
f 2993 3002 2994
f 3001 2998 3002
f 1103 2995 3004
f 3004 2996 3003
f 2209 3004 3003
f 588 3004 2210
f 295 433 381
f 2638 2988 3005
f 3005 1056 1930
f 1305 1930 1306
f 1276 3005 1305
f 1987 1993 1989
f 2633 1761 2645
f 1423 1417 1419
f 3561 739 703
f 2671 2704 2705
f 1473 2035 1472
f 922 2694 895
f 1401 1378 1384
f 556 1884 1037
f 842 3825 3836
f 1854 2617 1010
f 933 1081 1075
f 1440 1436 1437
f 529 719 530
f 1031 1027 1028
f 777 912 1871
f 2645 1204 2633
f 441 1538 1537
f 790 587 586
f 2065 1610 1607
f 1860 990 902
f 60 87 59
f 1424 1948 1947
f 332 1507 331
f 261 138 135
f 187 449 507
f 1719 1726 1725
f 1931 1059 3006
f 3006 1105 1104
f 1287 1104 587
f 1286 3006 1287
f 3007 3009 3010
f 3009 653 795
f 618 26 25
f 2029 1210 1209
f 957 600 2228
f 1049 2228 600
f 2631 3011 2561
f 890 2227 3011
f 3011 2145 3012
f 2561 3012 2375
f 1026 609 608
f 2706 1961 1964
f 3013 2485 3014
f 2148 1267 3015
f 3015 1266 1311
f 2997 1101 1317
f 642 1773 1193
f 186 461 511
f 1041 1320 901
f 1121 3017 1122
f 2984 2987 3018
f 3018 2634 2619
f 1048 3018 2619
f 603 2984 3018
f 2679 801 802
f 2062 2074 2061
f 2061 2076 2064
f 414 1545 1965
f 3016 2683 3019
f 3019 2704 2670
f 3020 2670 720
f 3007 3019 3020
f 1871 1091 777
f 3021 1122 3017
f 3022 3017 3010
f 1314 3022 1315
f 1784 3021 1314
f 1316 1763 611
f 3023 3010 3009
f 3023 795 1092
f 1763 1092 1125
f 1315 3023 1763
f 3016 3010 3017
f 752 2978 1057
f 2986 2637 2987
f 3024 653 3008
f 3020 3008 3007
f 720 3024 3020
f 723 654 3024
f 2681 1268 3025
f 2671 1268 721
f 2705 3025 2671
f 1313 3027 1311
f 3026 3029 3027
f 3027 3030 3031
f 1311 3031 3015
f 2012 731 2023
f 917 974 977
f 743 856 744
f 1888 2030 1425
f 2682 2684 3032
f 3032 1124 2989
f 1100 2989 1318
f 1099 3032 1100
f 1123 2989 1124
f 3033 1159 1158
f 2990 1158 1319
f 1123 3033 2990
f 1786 1834 3033
f 1054 2988 2985
f 2979 664 2999
f 2623 2663 2643
f 1095 688 687
f 3034 2261 2956
f 3036 2956 2957
f 3037 3034 3036
f 3038 3035 3034
f 3040 3026 1313
f 2263 3041 3040
f 3042 3043 3041
f 3041 3028 3026
f 3044 3043 3039
f 3046 3045 3044
f 3047 3049 3045
f 3043 3049 3028
f 3038 3051 3050
f 3050 3053 3052
f 3052 3044 3050
f 3039 3050 3044
f 3054 3039 3042
f 3042 2262 3054
f 2261 3054 2262
f 2216 2997 2217
f 2212 2667 1936
f 3056 2209 3055
f 934 1961 1854
f 2013 3757 567
f 3058 3060 3061
f 3059 3063 3060
f 3060 2213 1963
f 3061 1963 1962
f 3063 2214 2213
f 3062 3064 3063
f 3065 2260 3064
f 3064 2215 2214
f 3066 3031 3030
f 2608 3067 3066
f 2966 3068 3067
f 3031 3068 3015
f 2455 2461 2474
f 2476 2226 2477
f 3551 2089 3525
f 3526 3769 3786
f 433 355 381
f 2115 1419 2123
f 3509 2922 3527
f 3769 2131 2134
f 3069 2167 2166
f 2971 2928 2960
f 2961 2773 2962
f 3070 2478 2483
f 2610 3071 2954
f 2502 2374 2386
f 3072 2595 3073
f 2964 3052 2967
f 3048 3074 3049
f 2593 3075 3074
f 3075 3029 3074
f 3074 3028 3049
f 3072 3075 2592
f 3076 2482 2481
f 2481 3066 3076
f 3076 3030 3075
f 2967 3053 2970
f 2482 3073 2483
f 479 493 494
f 706 3873 709
f 3561 2221 3517
f 2013 3754 3755
f 3533 2016 3529
f 3562 2222 2974
f 1171 1155 1176
f 2586 2565 2587
f 2982 113 2484
f 2562 3077 3068
f 2376 3012 3077
f 3012 2148 3077
f 3077 3015 3068
f 2963 3046 2964
f 3051 2970 3053
f 1683 491 775
f 3850 1447 3860
f 1986 3734 3768
f 3079 2546 2575
f 3081 2575 2576
f 1983 3768 3765
f 3082 2319 2545
f 3080 2545 2546
f 3734 3082 3080
f 3732 2323 3082
f 1309 1888 748
f 3073 2772 2771
f 2760 3084 2762
f 2760 2088 3083
f 3085 3086 3087
f 3089 3090 3088
f 3089 3084 3085
f 3092 3090 3091
f 3093 2744 2743
f 2751 2748 3093
f 3093 2752 2751
f 2742 3093 3094
f 3094 2743 3095
f 3096 3098 3087
f 3099 3087 3086
f 3097 3095 3098
f 3100 2746 3101
f 3101 3102 3100
f 2764 2927 3101
f 2745 3101 2746
f 3102 3091 3100
f 3100 3095 2743
f 2869 3592 3634
f 3102 3104 3092
f 3658 2869 3634
f 2927 3103 3102
f 3098 3091 3090
f 3087 3090 3085
f 2088 3105 3083
f 3083 3086 3084
f 2483 2771 3070
f 2401 2185 2321
f 3099 3105 3106
f 2125 3106 3105
f 3108 2742 3107
f 3107 3094 3097
f 3110 3107 3109
f 3109 3097 3096
f 3111 3096 3099
f 3112 3109 3111
f 3113 2737 3108
f 3115 2722 3114
f 3117 3114 3116
f 3119 3116 3118
f 3118 3120 3121
f 3116 3113 3120
f 3122 3111 3123
f 3122 1755 1754
f 3124 3126 3127
f 3125 3121 3126
f 3128 3118 3125
f 3129 3125 3124
f 2020 3128 3129
f 3853 1346 1352
f 1065 1047 1066
f 1814 3830 1649
f 2021 3129 3130
f 3111 3106 3123
f 3123 2207 1755
f 2377 2224 2973
f 3014 113 112
f 1756 3782 3767
f 3131 2530 2528
f 3133 2528 2529
f 1753 3767 3775
f 3134 3127 3135
f 2327 2314 2313
f 2436 2317 2349
f 2018 3711 3712
f 2534 3137 2535
f 2320 3136 2534
f 2185 3712 3771
f 3138 2542 2539
f 3134 3744 3745
f 3785 3134 3745
f 3140 2539 2538
f 2535 3140 2538
f 3711 3130 3785
f 2558 3132 3141
f 3782 3141 3132
f 2560 3141 3142
f 3760 3142 3141
f 958 2976 2981
f 1933 2980 3143
f 2399 2418 2416
f 2348 2343 2432
f 2322 2319 2323
f 2718 2874 2730
f 2709 2873 2710
f 2894 1361 1942
f 346 176 347
f 1876 1882 1881
f 2802 3607 3592
f 3104 3088 3092
f 2974 3649 3603
f 3089 2761 2762
f 3088 3145 3089
f 2803 3603 3607
f 3870 692 628
f 2123 1418 2126
f 1365 1368 1367
f 1581 1782 1783
f 3569 2129 3520
f 3555 2002 3521
f 3146 2551 3147
f 3751 3147 3750
f 3742 3146 3751
f 3149 2585 3146
f 3196 3197 3195
f 3604 2191 3623
f 3142 2556 2560
f 3777 3150 3142
f 3646 2550 3593
f 3150 2555 2556
f 3778 3151 3150
f 3788 3152 3646
f 3153 2551 2549
f 3152 2549 2550
f 3781 3153 3152
f 3776 3147 3153
f 3148 2206 2205
f 2183 2321 2184
f 2132 2928 2133
f 3684 2204 2203
f 3719 2197 3721
f 2594 2773 2951
f 2595 2951 2772
f 1870 799 1869
f 3713 2178 3706
f 3706 3736 3790
f 336 3774 3722
f 339 3154 336
f 3789 3149 3742
f 3683 2584 3149
f 2963 3048 3047
f 3722 337 336
f 339 2566 2586
f 3156 2168 2167
f 2610 2167 2611
f 2954 3156 2610
f 3157 2953 2257
f 3707 2169 3709
f 2567 3159 2568
f 337 2567 338
f 3730 2166 3707
f 3764 1983 3765
f 2579 3081 2576
f 2568 3160 2579
f 3709 2190 3764
f 3065 3162 3161
f 3161 1984 2189
f 3157 2189 2168
f 2257 3161 3157
f 734 1922 806
f 3059 2708 3163
f 3163 2182 1985
f 3162 1985 1984
f 3062 3163 3162
f 3203 3205 3204
f 2122 1448 1447
f 3817 1685 3812
f 139 444 69
f 1570 566 533
f 2957 3165 3036
f 2955 3164 2957
f 1912 341 1973
f 3130 3124 3134
f 1548 319 1547
f 1949 1327 1887
f 2969 3078 3167
f 3167 3169 3168
f 3724 2017 3720
f 3720 2033 3759
f 3168 3165 3170
f 3170 3164 3171
f 3779 3171 3756
f 3724 3170 3779
f 3171 3166 3172
f 3172 3071 3173
f 3752 3173 3749
f 3756 3172 3752
f 3169 3036 3165
f 2593 2962 2594
f 3173 2609 3174
f 3174 2199 2198
f 3783 2198 3719
f 3749 3174 3783
f 2190 1984 1983
f 2196 2767 3148
f 2119 1414 1448
f 1464 1466 1465
f 2199 3069 2200
f 2457 2587 2565
f 2226 2562 2966
f 481 1627 1639
f 333 235 236
f 3078 3037 3169
f 3040 2997 2263
f 2219 1933 2220
f 2385 2497 2503
f 221 3175 2484
f 2220 3143 3175
f 3175 2976 2975
f 2484 2975 2982
f 2954 3166 2955
f 2630 110 2982
f 1547 1952 1955
f 2091 2188 2187
f 3733 2178 2177
f 1918 1927 1926
f 3563 111 3511
f 955 960 954
f 2037 112 3563
f 3143 2981 2976
f 2218 2214 2215
f 672 3787 3541
f 2152 3014 2037
f 1147 1143 1145
f 2248 1409 2245
f 1615 1635 1616
f 1410 2246 2247
f 3241 3242 3240
f 3177 1383 1382
f 2238 3176 1382
f 3176 2230 3178
f 1410 3179 1407
f 3179 2243 1407
f 1633 2800 2249
f 1621 2758 2912
f 1622 2245 1634
f 2236 3181 3182
f 2237 3182 3183
f 2250 2233 2229
f 2912 1628 1621
f 135 1564 1563
f 1567 512 1565
f 1085 2653 2685
f 3184 868 3056
f 869 3057 934
f 1266 1098 1312
f 1267 722 721
f 937 2646 936
f 2146 722 2147
f 2211 921 2667
f 1957 507 449
f 1313 2264 3040
f 1496 1493 1492
f 2681 2705 2682
f 2887 2933 2932
f 1687 1659 1694
f 145 1498 81
f 1317 1319 2694
f 37 418 71
f 1935 3185 2977
f 104 301 103
f 2101 2083 2084
f 543 360 207
f 1934 3186 3185
f 234 212 237
f 3845 1822 1824
f 1976 1874 1974
f 223 2219 220
f 3655 3605 3612
f 468 773 2165
f 1935 1728 1932
f 3240 3226 3235
f 3261 3250 3260
f 3215 3244 3264
f 3265 3215 3264
f 3267 3198 3196
f 3205 3269 3255
f 3214 3265 3270
f 3271 3214 3192
f 3251 3239 3236
f 3222 3266 3272
f 3232 3234 3233
f 3216 3243 3244
f 3196 3268 3267
f 3244 3254 3255
f 3238 3247 3246
f 3264 3255 3269
f 3253 3216 3217
f 3211 3221 3265
f 3257 3218 3256
f 3258 3272 3259
f 3274 3280 3273
f 3228 3262 3263
f 3275 3281 3280
f 3226 3273 3280
f 3236 3260 3251
f 3281 3236 3237
f 3287 3192 3189
f 3235 3280 3234
f 3234 3281 3237
f 3288 3259 3272
f 3260 3276 3251
f 3289 3278 3284
f 3210 3224 3283
f 3199 3201 3200
f 3228 3230 3229
f 3290 3285 3286
f 3282 3271 3287
f 3260 3262 3261
f 3243 3268 3254
f 3267 3241 3232
f 3194 3208 3193
f 3191 3269 3206
f 3270 3192 3214
f 3275 3230 3231
f 3264 3270 3265
f 3252 3276 3291
f 3248 3291 3223
f 3213 3279 3277
f 3272 3289 3288
f 3277 3212 3213
f 3228 3281 3231
f 3220 3253 3219
f 3219 3217 3257
f 3256 3222 3258
f 3247 3252 3248
f 3245 3232 3233
f 3266 3212 3289
f 3208 3255 3254
f 3288 3284 3285
f 3204 3208 3207
f 560 3187 559
f 3209 3201 3202
f 3189 3191 3190
f 448 807 447
f 647 122 270
f 1833 1780 1832
f 510 508 507
f 3210 1887 3201
f 1887 3200 3201
f 15 3197 3200
f 16 3195 3197
f 3195 3187 3194
f 3194 1899 3207
f 3207 375 3204
f 387 126 127
f 3189 1760 3287
f 3577 757 758
f 763 2172 2175
f 3583 3580 3581
f 3581 3579 3578
f 3594 3596 3595
f 3400 3602 3401
f 3626 3625 3627
f 3631 3599 3601
f 3636 3595 3596
f 3647 3588 3645
f 3650 3584 3647
f 3653 3580 3651
f 3653 3654 3579
f 1801 3656 3655
f 3651 3582 3650
f 3644 3595 3637
f 1767 3659 3660
f 1597 3661 1600
f 1708 3665 3664
f 3671 3667 3666
f 3666 3673 3672
f 1588 3664 1587
f 2080 3666 2082
f 2082 3672 2084
f 3674 3635 3631
f 3677 3636 3635
f 3682 3645 3681
f 3692 3650 3686
f 3681 3644 3680
f 786 3692 785
f 3694 3651 3692
f 785 3686 497
f 497 3682 650
f 650 3681 564
f 3696 3681 3680
f 3405 3605 3402
f 3702 3678 3677
f 3699 3679 3678
f 3645 3638 3644
f 1799 3659 1768
f 3708 3458 3460
f 3462 3708 3460
f 3714 564 3696
f 3615 3602 3600
f 3710 3696 3698
f 3635 3596 3599
f 3629 3627 3630
f 3597 3599 3596
f 3630 3715 3629
f 3627 3597 3594
f 3717 3723 3718
f 3715 3660 3629
f 3716 3725 3715
f 3668 3661 3725
f 3668 3717 3667
f 3667 3718 3673
f 3727 3673 3718
f 3728 3672 3673
f 3726 3718 3723
f 1576 2084 3672
f 3727 3731 3729
f 3203 1387 3190
f 3190 1791 3189
f 3283 1949 3210
f 317 259 391
f 2000 3653 3694
f 3601 3600 3602
f 3589 3584 3585
f 3577 756 2170
f 3585 3582 3583
f 3678 3637 3636
f 3204 376 3203
f 1801 3657 1799
f 3729 3728 3727
f 1575 3738 1088
f 3735 1576 3728
f 1776 1796 1775
f 1293 1290 1284
f 1326 1327 12
f 1294 1234 1290
f 878 1330 1337
f 497 374 498
f 122 413 121
f 3699 3704 3708
f 3606 3401 3602
f 3708 3698 3699
f 3464 3710 3462
f 3704 3443 3458
f 439 399 438
f 1512 1526 1511
f 1668 1738 1671
f 839 1362 838
f 1362 826 1012
f 3843 1896 3815
f 2053 2118 2117
f 3888 2120 2119
f 696 3816 3831
f 1826 639 640
f 3740 3729 3731
f 956 886 960
f 1980 1922 807
f 33 105 164
f 1343 3856 3857
f 3907 2128 3902
f 1766 1582 1594
f 14 2163 738
f 595 99 594
f 3233 3246 3245
f 1346 1044 1352
f 748 1425 747
f 3193 3254 3268
f 3190 3206 3203
f 3612 3606 3615
f 3624 3615 3625
f 3631 3443 3674
f 3679 3644 3637
f 3686 3647 3682
f 3702 3674 3704
f 3625 3600 3597
f 3601 3415 3631
f 3739 3735 3729
f 3630 3594 3741
f 3741 3716 3630
f 1284 1288 1285
f 3698 3680 3679
f 1778 1780 1779
f 1792 1584 1789
f 695 571 694
f 3638 3594 3595
f 3741 3588 3589
f 3247 3209 3202
f 3292 3294 3295
f 3296 3298 3299
f 3299 3300 3301
f 3302 3304 3305
f 3306 3308 3309
f 3307 3311 3308
f 3303 3301 3300
f 3312 3304 3313
f 3314 3316 3317
f 3318 3320 3321
f 3324 3321 3325
f 3326 3328 3323
f 3329 3331 3332
f 3333 3335 3336
f 3337 3339 3340
f 3333 3341 3342
f 3342 3343 3344
f 3319 3344 3343
f 3338 3334 3339
f 3346 3302 3347
f 3305 3347 3302
f 3312 3223 3349
f 3350 3340 3351
f 3312 3348 3305
f 3352 3341 3326
f 3311 3354 3308
f 3341 3327 3326
f 3359 3361 3362
f 3360 3250 3249
f 3318 3345 3319
f 3364 3318 3324
f 3314 3324 3365
f 3366 3301 3346
f 3299 3367 3296
f 3308 3368 3309
f 3369 3295 3294
f 3317 3364 3314
f 3370 3317 3316
f 3325 3365 3324
f 3352 3319 3343
f 3296 3353 3311
f 3297 3311 3310
f 3363 3354 3345
f 3345 3353 3344
f 3344 3367 3342
f 3366 3342 3367
f 3347 3334 3346
f 3339 3348 3340
f 3348 3351 3340
f 3363 3369 3368
f 3294 3368 3369
f 3293 3309 3294
f 3331 3374 3332
f 3346 3333 3366
f 3323 3352 3326
f 3356 3321 3320
f 3355 3325 3321
f 3357 3371 3325
f 3322 3320 3352
f 3361 3329 3362
f 3373 3375 3374
f 3374 3376 3332
f 3329 3376 3362
f 3327 3372 3328
f 3336 3375 3327
f 3335 3376 3375
f 3376 3337 3362
f 3337 3359 3362
f 3359 3276 3250
f 3377 3295 3370
f 3277 3315 3278
f 3371 3379 3365
f 3378 3358 3380
f 3365 3315 3314
f 3316 3279 3370
f 3282 3370 3279
f 3313 3224 3312
f 3378 3284 3379
f 3380 3285 3378
f 3379 3278 3315
f 3276 3351 3291
f 3291 3349 3223
f 3313 2965 3013
f 2965 3303 222
f 222 3300 223
f 223 3298 3186
f 3298 3185 3186
f 3297 2977 3185
f 3310 1213 2977
f 3307 1214 1213
f 2532 3306 3293
f 2894 3293 3292
f 2871 3292 3377
f 3253 3240 3242
f 3283 3013 2152
f 1997 1889 1892
f 1237 744 855
f 1535 120 121
f 1531 201 214
f 1119 1032 984
f 946 824 947
f 163 5 162
f 3589 3723 3741
f 1155 1162 1164
f 427 327 424
f 553 796 498
f 3381 2231 2237
f 3381 2230 2232
f 2237 3180 3381
f 3383 3385 3382
f 3384 3387 3385
f 3386 3389 3387
f 3388 3391 3389
f 3392 3394 3395
f 3395 3396 3397
f 3398 3397 3396
f 3400 3399 3398
f 3403 3405 3402
f 3406 3404 3403
f 3408 3407 3406
f 3410 3409 3408
f 3412 3411 3410
f 3415 3398 3414
f 3414 3396 3416
f 3416 3394 3417
f 3417 3393 3418
f 3393 3420 3418
f 3419 3421 3420
f 3390 3422 3421
f 3388 3423 3422
f 3386 3424 3423
f 3384 3425 3424
f 3425 3426 3184
f 2904 3428 2947
f 3429 2904 2902
f 3430 2902 2876
f 2875 3430 2876
f 3432 2733 2736
f 2825 3435 2824
f 3437 3439 3436
f 3441 3436 3440
f 2724 3434 2825
f 3436 3115 3117
f 3440 3117 3119
f 3443 3414 3442
f 3442 3416 3444
f 3444 3417 3445
f 3445 3418 3446
f 3446 3420 3447
f 3420 3448 3447
f 3421 3449 3448
f 3422 3450 3449
f 3423 3451 3450
f 3424 3452 3451
f 3425 3056 3452
f 3451 2253 2252
f 3450 2252 1727
f 3449 1727 2150
f 3448 2150 1941
f 3453 3448 1941
f 3454 3447 3453
f 3455 3446 3454
f 3456 3445 3455
f 3442 3456 3457
f 3443 3457 3458
f 3459 3458 3457
f 3457 3455 3459
f 3459 3454 3461
f 3462 3459 3461
f 3461 3453 3463
f 3464 3461 3463
f 3463 1941 1360
f 3404 3401 3405
f 3407 3399 3404
f 3409 3397 3407
f 3411 3395 3409
f 3465 3413 3412
f 3467 3469 3466
f 3465 3431 3433
f 3470 3466 3465
f 3438 3432 3435
f 3467 3438 3437
f 3468 3437 3441
f 3471 3468 3472
f 3472 3441 3473
f 3473 3440 2712
f 2712 3119 3128
f 3475 3472 3474
f 3474 3473 3476
f 3476 2712 2711
f 3477 2711 2400
f 3478 3476 3477
f 3479 3474 3478
f 3392 3413 3480
f 3466 3480 3413
f 3419 3392 3480
f 3390 3480 3391
f 3469 3391 3480
f 3389 3471 3475
f 3387 3475 3479
f 3385 3479 3481
f 3482 2400 2402
f 3483 3477 3482
f 3481 3478 3483
f 3484 2402 2707
f 3058 2707 2708
f 3061 3484 3058
f 3485 3482 3484
f 3382 3481 3486
f 3486 3483 3485
f 3426 3382 3487
f 3487 3486 1962
f 3486 3061 1962
f 1961 3487 1962
f 3057 3426 3487
f 3428 3402 3488
f 3427 3403 3428
f 3429 3406 3427
f 3430 3408 3429
f 3431 3410 3430
f 3470 3433 3432
f 3434 3438 3435
f 2723 3439 3434
f 2875 3433 3431
f 2736 3435 3432
f 2947 3488 3500
f 3464 1360 3497
f 1900 1924 1901
f 1736 1718 1750
f 1955 1943 1956
f 1671 1735 1751
f 1696 1698 1692
f 1800 1864 1801
f 2063 2056 2060
f 1737 1717 1736
f 1751 1697 1695
f 943 3899 684
f 3656 3402 3605
f 1577 1764 1703
f 3917 1599 3923
f 1945 82 1944
f 68 7 248
f 147 1543 148
f 1109 1133 1102
f 1503 1907 1908
f 1499 1909 1498
f 452 735 215
f 1824 3835 3845
f 1825 2068 1824
f 1463 1022 1194
f 841 1009 1011
f 1568 1955 1534
f 1926 1927 1923
f 1910 1502 1939
f 1939 422 442
f 309 1940 308
f 1804 1866 1803
f 269 1954 56
f 2065 2060 2056
f 3812 1758 3835
f 280 552 1940
f 1875 1869 1874
f 1739 1734 1737
f 1778 1790 1788
f 310 1915 279
f 1909 1906 1954
f 1789 1778 1788
f 978 980 979
f 1584 1731 1583
f 425 311 312
f 148 115 116
f 2044 3894 2046
f 277 1939 551
f 1943 1945 1944
f 1461 1463 1464
f 2253 3056 3055
f 2981 3489 958
f 2209 3489 3055
f 2254 3055 3489
f 2998 958 3489
f 2826 2721 2724
f 3490 2721 2817
f 2816 3490 2817
f 2334 2296 2335
f 2298 2334 2336
f 2301 2336 2338
f 2311 2338 2354
f 2312 2354 2355
f 2359 2361 2360
f 2335 2359 2360
f 2414 2365 2364
f 2413 2361 2365
f 2355 2540 2541
f 2541 2539 2542
f 2722 2739 2738
f 3114 2738 3113
f 3110 3121 3120
f 3108 3120 3113
f 3122 3127 3126
f 3112 3126 3121
f 3127 1753 3135
f 3139 2529 2542
f 3744 3133 3139
f 3490 2740 2739
f 3491 2789 3490
f 228 91 88
f 245 243 242
f 248 247 191
f 2 296 295
f 145 300 267
f 327 210 328
f 329 331 330
f 250 228 236
f 239 240 230
f 373 375 374
f 178 176 175
f 1218 1228 1321
f 3862 1295 3854
f 808 824 823
f 3858 1013 1014
f 3813 1411 1413
f 2154 2159 2160
f 3845 1758 1757
f 306 1922 452
f 2157 1976 1977
f 708 2031 1474
f 1450 1227 1428
f 1672 1605 1624
f 1813 1821 1816
f 1717 1715 1718
f 176 402 347
f 1710 3916 3915
f 1712 1577 1711
f 1705 1711 1704
f 971 979 970
f 822 1094 1102
f 2909 2793 2792
f 2810 2795 2793
f 2799 2249 2800
f 3662 2910 2799
f 2769 2801 2795
f 3177 3178 3179
f 3178 3180 3179
f 3181 1393 2800
f 3181 1632 3182
f 3182 2244 3183
f 3183 2243 3180
f 3492 2790 3491
f 2808 3491 2816
f 2239 3572 2240
f 1149 3571 3570
f 1150 3567 3571
f 2202 3566 2015
f 2921 3565 2923
f 3568 2133 2928
f 1777 1759 1792
f 1201 1183 1184
f 3561 2195 2194
f 3553 2770 2768
f 3927 1687 1692
f 1516 154 503
f 3549 2974 2803
f 3550 2779 2778
f 2771 3575 3546
f 3070 3546 3558
f 3547 2775 2867
f 1376 1370 1372
f 2767 3556 2206
f 2195 3543 2767
f 2775 3542 2776
f 3377 3545 2871
f 3804 3539 2806
f 2776 3538 2805
f 2240 3535 2920
f 2920 3669 3619
f 3548 2786 2779
f 1805 1851 1804
f 3534 2787 2786
f 2951 3540 3531
f 2772 3531 3575
f 2973 3530 3536
f 2224 3537 3530
f 1957 320 510
f 306 304 303
f 2770 3528 2913
f 2913 3574 2239
f 2923 3527 2922
f 308 431 47
f 207 132 543
f 1879 1881 1880
f 3733 3525 2089
f 2475 3558 3524
f 2476 3524 3523
f 2223 3523 3537
f 3522 2803 2802
f 2037 11 1950
f 1959 450 505
f 2003 3520 2129
f 9 334 540
f 2009 3518 3567
f 2008 3536 3518
f 3877 673 3879
f 3515 2778 2784
f 2935 3513 2936
f 111 3570 3511
f 3510 2935 2938
f 683 3885 943
f 3508 2810 2909
f 736 732 729
f 1795 1803 1796
f 3505 2938 2939
f 3507 2939 2940
f 2950 3504 2949
f 2940 3504 3507
f 3801 3512 2950
f 2868 3502 2869
f 2869 3522 2802
f 1024 1023 1020
f 3500 2948 2947
f 551 442 443
f 2972 3568 2928
f 2032 3499 2972
f 216 1924 1923
f 203 201 200
f 1828 1847 1837
f 1958 449 450
f 272 178 175
f 2871 3495 1361
f 3619 3564 2921
f 2801 3643 3662
f 2005 3654 2176
f 960 899 962
f 3657 3612 3624
f 3780 3646 3151
f 3151 3593 2555
f 2193 3623 2194
f 3607 3145 3144
f 3603 2761 3145
f 3592 3144 3104
f 2926 3634 3103
f 3634 3104 3103
f 3755 3746 3753
f 566 3758 2005
f 3488 1864 3500
f 1602 2079 2078
f 2868 3611 2922
f 2922 3610 2923
f 2923 3618 2921
f 3670 2918 3614
f 3619 3614 2920
f 2921 3670 3619
f 2920 3586 2240
f 3613 2915 2918
f 2917 3622 3641
f 2916 3641 3642
f 2239 3652 2913
f 2911 3652 2757
f 3643 2911 2910
f 2797 3662 3591
f 2797 3598 2750
f 3622 2763 2765
f 3608 2764 2745
f 2194 3648 2221
f 2221 3649 2222
f 2756 3609 2755
f 2750 3609 2747
f 3669 1817 3827
f 3763 1691 1699
f 2515 3590 2548
f 2548 3593 2550
f 2513 3632 3616
f 2513 3621 2515
f 2509 3620 2289
f 2510 3633 2509
f 2289 3639 2283
f 2283 3617 2286
f 2240 3587 2239
f 3659 3624 3626
f 716 3887 3888
f 727 3761 1923
f 2165 2170 2164
f 3660 3626 3629
f 3743 3578 3757
f 2175 769 770
f 2100 2095 2099
f 3758 3757 3578
f 640 3568 1826
f 1653 3553 1651
f 1895 3530 746
f 746 3537 741
f 1653 3528 3576
f 3762 1604 1672
f 2093 2073 2078
f 959 995 884
f 962 919 986
f 1400 1398 1399
f 1000 1127 1004
f 956 884 885
f 1662 3550 1661
f 2034 3546 1654
f 3926 3539 3802
f 3535 766 1817
f 3572 765 766
f 334 3571 335
f 1868 3540 1656
f 1684 1652 1678
f 1682 775 1807
f 1585 3762 1700
f 3763 1672 1673
f 2173 490 491
f 1658 3547 1752
f 3556 1650 724
f 1571 2010 1572
f 1587 3671 2080
f 2099 2077 2094
f 787 1999 786
f 2000 786 1999
f 3155 3697 3683
f 3713 3683 3789
f 2180 3685 3684
f 3496 3684 3705
f 1684 3840 1651
f 1760 3495 3545
f 2607 3693 2590
f 2581 3689 2607
f 2371 3700 3695
f 2371 3693 2372
f 2587 3675 2586
f 2586 3697 339
f 2497 3687 2503
f 2502 3687 3700
f 2494 3690 2495
f 3690 2472 2495
f 3688 2468 2472
f 3701 2469 2468
f 726 3892 630
f 581 3518 580
f 10 3570 334
f 1837 3510 1849
f 741 3523 1300
f 1299 3558 2034
f 1851 3504 1866
f 3527 1820 1819
f 580 3536 1895
f 1758 3522 3502
f 1693 3508 1806
f 3504 1867 1866
f 1894 3568 3499
f 2126 3813 3841
f 3906 3841 3912
f 2113 3867 2110
f 2179 3789 3685
f 624 3904 623
f 2192 3788 3780
f 2177 3787 3733
f 1364 3833 1338
f 3858 1470 1453
f 3135 3775 3744
f 2069 3835 2068
f 1351 3853 1352
f 2108 3901 499
f 2089 3736 3733
f 3828 1358 866
f 2001 3783 2187
f 2187 3719 2091
f 2130 3752 2004
f 2004 3749 2001
f 2014 3779 2201
f 2201 3756 2130
f 3167 3759 2969
f 3168 3720 3167
f 3159 3764 3160
f 3160 3765 3081
f 3730 3158 337
f 3158 3709 3159
f 2200 3730 3722
f 3685 3742 2204
f 3722 2197 2200
f 3790 2092 3721
f 3774 3721 2197
f 3154 3790 3774
f 3155 3706 3154
f 2091 3721 2092
f 2196 3750 3776
f 2193 3776 3781
f 3604 3781 3788
f 2086 3780 3778
f 2087 3778 3777
f 2204 3751 2205
f 2205 3750 3148
f 3909 574 692
f 2124 3777 3760
f 2208 3760 3782
f 3711 3140 3137
f 3785 3138 3140
f 3745 3139 3138
f 3771 3136 2322
f 3712 3137 3136
f 3775 3131 3133
f 3767 3132 3131
f 1813 3838 1814
f 1293 3856 1344
f 2184 3748 3732
f 2181 3732 3734
f 3765 3079 3081
f 3768 3080 3079
f 709 3875 2031
f 2774 3737 3769
f 3786 2134 3559
f 3809 766 765
f 2968 3766 2959
f 2969 3784 2968
f 2958 3737 2961
f 2132 3766 2960
f 2321 3771 3748
f 3860 1449 28
f 3905 582 710
f 3886 577 574
f 3847 1818 3827
f 705 3887 2121
f 3816 3907 698
f 2111 3911 2113
f 3810 1366 1411
f 1812 3822 1815
f 675 3852 674
f 3496 3851 675
f 2110 3868 2109
f 2104 3901 2106
f 2109 3899 944
f 3842 703 739
f 1680 3846 1684
f 1639 3819 3818
f 623 3906 697
f 2139 3866 3865
f 1808 3844 3837
f 3820 1819 1820
f 3872 3900 706
f 1646 3830 1648
f 3889 633 577
f 2139 3875 18
f 2156 3871 3874
f 674 3913 3869
f 2117 3812 2069
f 1815 3847 3823
f 3855 1444 1470
f 697 3912 3816
f 866 3836 3828
f 3864 2136 2135
f 3585 3726 3589
f 3583 3731 3585
f 3753 3738 3739
f 3740 3581 3743
f 1088 3746 1093
f 3739 3743 3753
f 2791 3493 2792
f 3492 2807 3493
f 2792 3494 2909
f 3493 2806 3494
f 3508 3494 3516
f 3516 2806 3539
f 2948 3791 3801
f 2105 3896 2104
f 3538 3804 2805
f 680 3876 683
f 1891 3910 3891
f 2905 3801 2950
f 2900 3799 2905
f 2901 3807 2877
f 2734 3806 3794
f 2877 3806 2878
f 2820 3794 2872
f 2818 3792 2827
f 2823 3792 2826
f 2822 3798 2821
f 2819 3800 3798
f 2817 3795 2816
f 2809 3795 2815
f 2808 3803 2807
f 2805 3803 2804
f 1702 3923 1599
f 3922 1797 1802
f 3915 1706 1709
f 3918 1692 1698
f 1657 3880 1879
f 1890 3895 3910
f 3772 1674 1675
f 1689 3772 3773
f 3926 3538 1688
f 3516 1689 3773
f 3917 1703 1764
f 1598 3928 1770
f 3880 1876 1879
f 1691 3925 3927
f 3925 1688 1687
f 1117 1118 3930
f 1066 1322 3930
f 1243 847 3930
f 3825 848 3930
f 1128 1117 3930
f 1129 1130 3930
f 841 1011 3930
f 1230 3863 3930
f 1242 1243 3930
f 1322 1229 3930
f 1064 1065 3930
f 1003 1128 3930
f 1229 1230 3930
f 3863 1285 3930
f 1285 1288 3930
f 848 839 3930
f 847 3825 3930
f 1118 1129 3930
f 1065 1066 3930
f 1087 1086 3930
f 1008 1002 3930
f 1011 1008 3930
f 1002 1003 3930
f 1076 1069 3930
f 838 841 3930
f 839 838 3930
f 1288 1242 3930
f 1130 1087 3930
f 1086 1076 3930
f 1069 1064 3930
f 2410 2414 3931
f 2411 2410 3931
f 3617 2285 3931
f 2394 2393 3931
f 2393 2396 3931
f 2281 2286 3931
f 2282 2280 3931
f 2398 2399 3931
f 2465 2464 3931
f 2396 2397 3931
f 2470 2469 3931
f 2399 2416 3931
f 2480 2395 3931
f 2459 2480 3931
f 2369 2282 3931
f 2460 2459 3931
f 2415 2411 3931
f 2416 2415 3931
f 2364 2363 3931
f 2286 3617 3931
f 2464 2470 3931
f 2469 3703 3931
f 2285 2465 3931
f 2414 2364 3931
f 2395 2394 3931
f 2363 2367 3931
f 2397 2398 3931
f 2280 2281 3931
f 3703 2460 3931
f 2367 2369 3931
f 3934 3937 3938
f 3934 3939 3935
f 3932 3937 3933
f 3938 3943 3939
f 3937 3940 3941
f 3937 3942 3938
f 3942 3947 3943
f 3941 3944 3945
f 3942 3945 3946
f 3947 3950 3951
f 3944 3949 3945
f 3945 3950 3946
f 3950 3955 3951
f 3949 3952 3953
f 3950 3953 3954
f 3955 3958 3959
f 3953 3956 3957
f 3953 3958 3954
f 3959 3962 3963
f 3957 3960 3961
f 3958 3961 3962
f 3962 3967 3963
f 3960 3965 3961
f 3961 3966 3962
f 3966 3971 3967
f 3965 3968 3969
f 3966 3969 3970
f 3970 3975 3971
f 3968 3973 3969
f 3969 3974 3970
f 3974 3979 3975
f 3973 3976 3977
f 3974 3977 3978
f 3979 3982 3983
f 3976 3981 3977
f 3977 3982 3978
f 3982 3987 3983
f 3981 3984 3985
f 3982 3985 3986
f 3987 3990 3991
f 3984 3989 3985
f 3985 3990 3986
f 3991 3994 3995
f 3989 3992 3993
f 3990 3993 3994
f 3995 3998 3999
f 3992 3997 3993
f 3993 3998 3994
f 3998 4003 3999
f 3997 4000 4001
f 3998 4001 4002
f 4002 4007 4003
f 4000 4005 4001
f 4001 4006 4002
f 4006 4011 4007
f 4005 4008 4009
f 4006 4009 4010
f 4011 4014 4015
f 4008 4013 4009
f 4009 4014 4010
f 4014 4019 4015
f 4013 4016 4017
f 4014 4017 4018
f 4019 4022 4023
f 4016 4021 4017
f 4017 4022 4018
f 4023 4026 4027
f 4021 4024 4025
f 4022 4025 4026
f 4027 4030 4031
f 4024 4029 4025
f 4025 4030 4026
f 4031 4034 4035
f 4029 4032 4033
f 4030 4033 4034
f 4034 4039 4035
f 4032 4037 4033
f 4033 4038 4034
f 4038 4043 4039
f 4037 4040 4041
f 4038 4041 4042
f 4043 4046 4047
f 4040 4045 4041
f 4041 4046 4042
f 4046 4051 4047
f 4045 4048 4049
f 4046 4049 4050
f 4051 4055 4056
f 4048 4054 4049
f 4049 4055 4050
f 4056 4059 4060
f 4053 4058 4054
f 4055 4058 4059
f 3932 4052 3936
f 3936 4052 3940
f 3940 4052 3944
f 3944 4052 3948
f 3948 4052 3952
f 3952 4052 3956
f 3956 4052 3960
f 3960 4052 3964
f 3964 4052 3968
f 3968 4052 3972
f 3972 4052 3976
f 3976 4052 3980
f 3980 4052 3984
f 3984 4052 3988
f 3988 4052 3992
f 3992 4052 3996
f 3996 4052 4000
f 4000 4052 4004
f 4004 4052 4008
f 4008 4052 4012
f 4012 4052 4016
f 4016 4052 4020
f 4020 4052 4024
f 4024 4052 4028
f 4028 4052 4032
f 4032 4052 4036
f 4036 4052 4040
f 4040 4052 4044
f 4044 4052 4048
f 4048 4052 4053
f 4053 4052 4057
f 4060 3934 3935
f 4058 3932 3933
f 4058 3934 4059
f 4057 4052 3932
f 4069 4081 4082
f 4066 4080 4067
f 4065 4077 4078
f 4063 4075 4076
f 4071 4085 4072
f 4069 4083 4070
f 4067 4081 4068
f 4066 4078 4079
f 4063 4077 4064
f 4061 4075 4062
f 4072 4086 4073
f 4071 4083 4084
f 4076 4090 4077
f 4074 4088 4075
f 4086 4098 4099
f 4083 4097 4084
f 4082 4094 4095
f 4079 4093 4080
f 4078 4090 4091
f 4076 4088 4089
f 4085 4097 4098
f 4082 4096 4083
f 4080 4094 4081
f 4079 4091 4092
f 4089 4103 4090
f 4088 4100 4101
f 4098 4112 4099
f 4096 4110 4097
f 4095 4107 4108
f 4092 4106 4093
f 4090 4104 4091
f 4089 4101 4102
f 4097 4111 4098
f 4095 4109 4096
f 4094 4106 4107
f 4092 4104 4105
f 4103 4115 4116
f 4100 4114 4101
f 4112 4124 4125
f 4110 4122 4123
f 4107 4121 4108
f 4105 4119 4106
f 4103 4117 4104
f 4101 4115 4102
f 4110 4124 4111
f 4109 4121 4122
f 4107 4119 4120
f 4105 4117 4118
f 4115 4129 4116
f 4114 4126 4127
f 4124 4138 4125
f 4123 4135 4136
f 4120 4134 4121
f 4119 4131 4132
f 4117 4129 4130
f 4114 4128 4115
f 4124 4136 4137
f 4122 4134 4135
f 4119 4133 4120
f 4117 4131 4118
f 4129 4141 4142
f 4126 4140 4127
f 4138 4150 4151
f 4136 4148 4149
f 4133 4147 4134
f 4131 4145 4132
f 4130 4142 4143
f 4127 4141 4128
f 4137 4149 4150
f 4135 4147 4148
f 4132 4146 4133
f 4131 4143 4144
f 4142 4154 4155
f 4140 4152 4153
f 4150 4164 4151
f 4149 4161 4162
f 4146 4160 4147
f 4144 4158 4145
f 4142 4156 4143
f 4140 4154 4141
f 4149 4163 4150
f 4148 4160 4161
f 4146 4158 4159
f 4144 4156 4157
f 4155 4167 4168
f 4153 4165 4166
f 4163 4177 4164
f 4161 4175 4162
f 4159 4173 4160
f 4158 4170 4171
f 4155 4169 4156
f 4153 4167 4154
f 4163 4175 4176
f 4161 4173 4174
f 4159 4171 4172
f 4156 4170 4157
f 4167 4181 4168
f 4165 4179 4166
f 4176 4190 4177
f 4175 4187 4188
f 4173 4185 4186
f 4170 4184 4171
f 4169 4181 4182
f 4167 4179 4180
f 4175 4189 4176
f 4173 4187 4174
f 4171 4185 4172
f 4170 4182 4183
f 4180 4194 4181
f 4178 4192 4179
f 4190 4202 4203
f 4187 4201 4188
f 4186 4198 4199
f 4183 4197 4184
f 4182 4194 4195
f 4180 4192 4193
f 4189 4201 4202
f 4186 4200 4187
f 4184 4198 4185
f 4183 4195 4196
f 4193 4207 4194
f 4192 4204 4205
f 4202 4216 4203
f 4200 4214 4201
f 4199 4211 4212
f 4196 4210 4197
f 4194 4208 4195
f 4193 4205 4206
f 4201 4215 4202
f 4199 4213 4200
f 4198 4210 4211
f 4196 4208 4209
f 4207 4219 4220
f 4204 4218 4205
f 4216 4228 4229
f 4213 4227 4214
f 4211 4225 4212
f 4209 4223 4210
f 4207 4221 4208
f 4205 4219 4206
f 4214 4228 4215
f 4213 4225 4226
f 4211 4223 4224
f 4209 4221 4222
f 4219 4233 4220
f 4218 4230 4231
f 4228 4242 4229
f 4226 4240 4227
f 4225 4237 4238
f 4223 4235 4236
f 4221 4233 4234
f 4218 4232 4219
f 4228 4240 4241
f 4226 4238 4239
f 4223 4237 4224
f 4221 4235 4222
f 4233 4245 4246
f 4230 4244 4231
f 4242 4254 4255
f 4240 4252 4253
f 4237 4251 4238
f 4235 4249 4236
f 4234 4246 4247
f 4231 4245 4232
f 4241 4253 4254
f 4239 4251 4252
f 4236 4250 4237
f 4235 4247 4248
f 4246 4258 4259
f 4244 4256 4257
f 4254 4268 4255
f 4253 4265 4266
f 4250 4264 4251
f 4248 4262 4249
f 4246 4260 4247
f 4244 4258 4245
f 4253 4267 4254
f 4252 4264 4265
f 4250 4262 4263
f 4248 4260 4261
f 4259 4271 4272
f 4257 4269 4270
f 4267 4281 4268
f 4265 4279 4266
f 4263 4277 4264
f 4262 4274 4275
f 4259 4273 4260
f 4257 4271 4258
f 4266 4280 4267
f 4265 4277 4278
f 4263 4275 4276
f 4260 4274 4261
f 4271 4285 4272
f 4269 4283 4270
f 4281 4293 4294
f 4279 4291 4292
f 4277 4289 4290
f 4274 4288 4275
f 4273 4285 4286
f 4271 4283 4284
f 4280 4292 4293
f 4277 4291 4278
f 4275 4289 4276
f 4274 4286 4287
f 4284 4298 4285
f 4282 4296 4283
f 4294 4306 4307
f 4291 4305 4292
f 4290 4302 4303
f 4287 4301 4288
f 4286 4298 4299
f 4284 4296 4297
f 4293 4305 4306
f 4290 4304 4291
f 4288 4302 4289
f 4287 4299 4300
f 4297 4311 4298
f 4296 4308 4309
f 4306 4320 4307
f 4304 4318 4305
f 4303 4315 4316
f 4300 4314 4301
f 4298 4312 4299
f 4297 4309 4310
f 4305 4319 4306
f 4304 4316 4317
f 4302 4314 4315
f 4300 4312 4313
f 4310 4324 4311
f 4308 4322 4309
f 4320 4332 4333
f 4318 4330 4331
f 4316 4328 4329
f 4313 4327 4314
f 4311 4325 4312
f 4310 4322 4323
f 4318 4332 4319
f 4316 4330 4317
f 4315 4327 4328
f 4312 4326 4313
f 4323 4337 4324
f 4322 4334 4335
f 4332 4346 4333
f 4330 4344 4331
f 4329 4341 4342
f 4327 4339 4340
f 4325 4337 4338
f 4322 4336 4323
f 4332 4344 4345
f 4330 4342 4343
f 4327 4341 4328
f 4325 4339 4326
f 4337 4350 4351
f 4334 4349 4335
f 4346 4359 4360
f 4344 4357 4358
f 4341 4356 4342
f 4340 4353 4354
f 4338 4351 4352
f 4335 4350 4336
f 4345 4358 4359
f 4343 4356 4357
f 4340 4355 4341
f 4338 4353 4339
f 4351 4363 4364
f 4349 4361 4362
f 4359 4373 4360
f 4358 4370 4371
f 4355 4369 4356
f 4354 4366 4367
f 4351 4365 4352
f 4349 4363 4350
f 4358 4372 4359
f 4357 4369 4370
f 4355 4367 4368
f 4352 4366 4353
f 4364 4376 4377
f 4362 4374 4375
f 4373 4385 4386
f 4370 4384 4371
f 4368 4382 4369
f 4367 4379 4380
f 4364 4378 4365
f 4362 4376 4363
f 4372 4384 4385
f 4370 4382 4383
f 4368 4380 4381
f 4365 4379 4366
f 4376 4390 4377
f 4374 4388 4375
f 4385 4399 4386
f 4384 4396 4397
f 4382 4394 4395
f 4379 4393 4380
f 4378 4390 4391
f 4376 4388 4389
f 4384 4398 4385
f 4382 4396 4383
f 4380 4394 4381
f 4379 4391 4392
f 4389 4403 4390
f 4387 4401 4388
f 4399 4411 4412
f 4396 4410 4397
f 4395 4407 4408
f 4393 4405 4406
f 4391 4403 4404
f 4389 4401 4402
f 4398 4410 4411
f 4395 4409 4396
f 4393 4407 4394
f 4391 4405 4392
f 4402 4416 4403
f 4401 4413 4414
f 4411 4425 4412
f 4409 4423 4410
f 4408 4420 4421
f 4406 4418 4419
f 4403 4417 4404
f 4402 4414 4415
f 4410 4424 4411
f 4408 4422 4409
f 4407 4419 4420
f 4404 4418 4405
f 4416 4428 4429
f 4413 4427 4414
f 4425 4437 4438
f 4423 4435 4436
f 4421 4433 4434
f 4418 4432 4419
f 4416 4430 4417
f 4415 4427 4428
f 4423 4437 4424
f 4421 4435 4422
f 4420 4432 4433
f 4418 4430 4431
f 4428 4442 4429
f 4426 4440 4427
f 4437 4451 4438
f 4435 4449 4436
f 4434 4446 4447
f 4432 4444 4445
f 4430 4442 4443
f 4427 4441 4428
f 4437 4449 4450
f 4435 4447 4448
f 4432 4446 4433
f 4430 4444 4431
f 4442 4454 4455
f 4439 4453 4440
f 4451 4463 4464
f 4449 4461 4462
f 4446 4460 4447
f 4444 4458 4445
f 4443 4455 4456
f 4440 4454 4441
f 4450 4462 4463
f 4447 4461 4448
f 4445 4459 4446
f 4444 4456 4457
f 4455 4467 4468
f 4453 4465 4466
f 4463 4477 4464
f 4462 4474 4475
f 4459 4473 4460
f 4457 4471 4458
f 4455 4469 4456
f 4453 4467 4454
f 4462 4476 4463
f 4461 4473 4474
f 4459 4471 4472
f 4457 4469 4470
f 4347 4073 4086
f 4347 4086 4099
f 4347 4099 4112
f 4347 4112 4125
f 4347 4125 4138
f 4347 4138 4151
f 4347 4151 4164
f 4347 4164 4177
f 4347 4177 4190
f 4347 4190 4203
f 4347 4203 4216
f 4347 4216 4229
f 4347 4229 4242
f 4347 4242 4255
f 4347 4255 4268
f 4347 4268 4281
f 4347 4281 4294
f 4347 4294 4307
f 4347 4307 4320
f 4347 4320 4333
f 4347 4333 4346
f 4347 4346 4360
f 4347 4360 4373
f 4347 4373 4386
f 4347 4386 4399
f 4347 4399 4412
f 4347 4412 4425
f 4347 4425 4438
f 4347 4438 4451
f 4347 4451 4464
f 4347 4464 4477
f 4468 4063 4064
f 4466 4061 4062
f 4477 4072 4073
f 4474 4071 4475
f 4472 4069 4473
f 4471 4066 4067
f 4468 4065 4469
f 4466 4063 4467
f 4347 4477 4073
f 4476 4071 4072
f 4474 4069 4070
f 4472 4067 4068
f 4469 4066 4470
f 3935 4465 4060
f 4465 4056 4060
f 4452 4051 4056
f 4439 4047 4051
f 4047 4413 4043
f 4043 4400 4039
f 4039 4387 4035
f 4387 4031 4035
f 4031 4361 4027
f 4361 4023 4027
f 4348 4019 4023
f 4334 4015 4019
f 4015 4308 4011
f 4011 4295 4007
f 4007 4282 4003
f 4282 3999 4003
f 3999 4256 3995
f 4256 3991 3995
f 4243 3987 3991
f 4230 3983 3987
f 3983 4204 3979
f 3979 4191 3975
f 3975 4178 3971
f 4178 3967 3971
f 3967 4152 3963
f 4152 3959 3963
f 4139 3955 3959
f 4126 3951 3955
f 3951 4100 3947
f 3947 4087 3943
f 3943 4074 3939
f 4074 3935 3939
f 4480 4483 4484
f 4480 4485 4481
f 4479 4482 4483
f 4484 4489 4485
f 4482 4487 4483
f 4483 4488 4484
f 4488 4493 4489
f 4487 4490 4491
f 4488 4491 4492
f 4493 4496 4497
f 4490 4495 4491
f 4491 4496 4492
f 4496 4501 4497
f 4495 4498 4499
f 4496 4499 4500
f 4501 4504 4505
f 4498 4503 4499
f 4499 4504 4500
f 4505 4508 4509
f 4503 4506 4507
f 4504 4507 4508
f 4509 4512 4513
f 4506 4511 4507
f 4507 4512 4508
f 4513 4516 4517
f 4511 4514 4515
f 4512 4515 4516
f 4516 4521 4517
f 4514 4519 4515
f 4515 4520 4516
f 4520 4525 4521
f 4518 4523 4519
f 4520 4523 4524
f 4525 4528 4529
f 4522 4527 4523
f 4523 4528 4524
f 4528 4533 4529
f 4527 4530 4531
f 4528 4531 4532
f 4533 4536 4537
f 4530 4535 4531
f 4531 4536 4532
f 4537 4540 4541
f 4534 4539 4535
f 4536 4539 4540
f 4541 4544 4545
f 4539 4542 4543
f 4539 4544 4540
f 4544 4549 4545
f 4542 4547 4543
f 4544 4547 4548
f 4548 4553 4549
f 4547 4550 4551
f 4547 4552 4548
f 4552 4557 4553
f 4551 4554 4555
f 4552 4555 4556
f 4557 4560 4561
f 4554 4559 4555
f 4555 4560 4556
f 4560 4565 4561
f 4559 4562 4563
f 4560 4563 4564
f 4565 4568 4569
f 4562 4567 4563
f 4563 4568 4564
f 4569 4572 4573
f 4567 4570 4571
f 4568 4571 4572
f 4572 4577 4573
f 4570 4575 4571
f 4571 4576 4572
f 4576 4581 4577
f 4575 4578 4579
f 4576 4579 4580
f 4580 4585 4581
f 4578 4583 4579
f 4579 4584 4580
f 4584 4589 4585
f 4583 4586 4587
f 4584 4587 4588
f 4589 4592 4593
f 4586 4591 4587
f 4587 4592 4588
f 4592 4597 4593
f 4591 4594 4595
f 4592 4595 4596
f 4597 4601 4602
f 4594 4600 4595
f 4595 4601 4596
f 4602 4605 4606
f 4600 4603 4604
f 4601 4604 4605
f 4478 4598 4482
f 4482 4598 4486
f 4486 4598 4490
f 4490 4598 4494
f 4494 4598 4498
f 4498 4598 4502
f 4502 4598 4506
f 4506 4598 4510
f 4510 4598 4514
f 4514 4598 4518
f 4518 4598 4522
f 4522 4598 4526
f 4526 4598 4530
f 4530 4598 4534
f 4534 4598 4538
f 4538 4598 4542
f 4542 4598 4546
f 4546 4598 4550
f 4550 4598 4554
f 4554 4598 4558
f 4558 4598 4562
f 4562 4598 4566
f 4566 4598 4570
f 4570 4598 4574
f 4574 4598 4578
f 4578 4598 4582
f 4582 4598 4586
f 4586 4598 4590
f 4590 4598 4594
f 4594 4598 4599
f 4599 4598 4603
f 4606 4480 4481
f 4603 4479 4604
f 4604 4480 4605
f 4603 4598 4478
f 4615 4627 4628
f 4612 4626 4613
f 4611 4623 4624
f 4609 4621 4622
f 4618 4630 4631
f 4615 4629 4616
f 4613 4627 4614
f 4612 4624 4625
f 4609 4623 4610
f 4607 4621 4608
f 4619 4631 4632
f 4617 4629 4630
f 4622 4636 4623
f 4620 4634 4621
f 4632 4644 4645
f 4629 4643 4630
f 4628 4640 4641
f 4626 4638 4639
f 4624 4636 4637
f 4622 4634 4635
f 4631 4643 4644
f 4628 4642 4629
f 4626 4640 4627
f 4624 4638 4625
f 4635 4649 4636
f 4634 4646 4647
f 4644 4658 4645
f 4642 4656 4643
f 4641 4653 4654
f 4639 4651 4652
f 4636 4650 4637
f 4635 4647 4648
f 4643 4657 4644
f 4642 4654 4655
f 4640 4652 4653
f 4637 4651 4638
f 4648 4662 4649
f 4646 4660 4647
f 4658 4670 4671
f 4656 4668 4669
f 4653 4667 4654
f 4651 4665 4652
f 4649 4663 4650
f 4648 4660 4661
f 4656 4670 4657
f 4654 4668 4655
f 4653 4665 4666
f 4651 4663 4664
f 4661 4675 4662
f 4660 4672 4673
f 4670 4684 4671
f 4668 4682 4669
f 4667 4679 4680
f 4665 4677 4678
f 4663 4675 4676
f 4661 4673 4674
f 4670 4682 4683
f 4667 4681 4668
f 4665 4679 4666
f 4663 4677 4664
f 4675 4687 4688
f 4672 4686 4673
f 4684 4696 4697
f 4682 4694 4695
f 4679 4693 4680
f 4678 4690 4691
f 4676 4688 4689
f 4673 4687 4674
f 4683 4695 4696
f 4681 4693 4694
f 4678 4692 4679
f 4676 4690 4677
f 4688 4700 4701
f 4686 4698 4699
f 4696 4710 4697
f 4695 4707 4708
f 4692 4706 4693
f 4691 4703 4704
f 4688 4702 4689
f 4686 4700 4687
f 4695 4709 4696
f 4694 4706 4707
f 4692 4704 4705
f 4689 4703 4690
f 4701 4713 4714
f 4699 4711 4712
f 4710 4722 4723
f 4707 4721 4708
f 4705 4719 4706
f 4704 4716 4717
f 4701 4715 4702
f 4699 4713 4700
f 4709 4721 4722
f 4707 4719 4720
f 4705 4717 4718
f 4702 4716 4703
f 4713 4727 4714
f 4711 4725 4712
f 4723 4735 4736
f 4721 4733 4734
f 4719 4731 4732
f 4716 4730 4717
f 4715 4727 4728
f 4713 4725 4726
f 4721 4735 4722
f 4719 4733 4720
f 4717 4731 4718
f 4716 4728 4729
f 4726 4740 4727
f 4724 4738 4725
f 4736 4748 4749
f 4733 4747 4734
f 4732 4744 4745
f 4730 4742 4743
f 4728 4740 4741
f 4726 4738 4739
f 4735 4747 4748
f 4732 4746 4733
f 4730 4744 4731
f 4728 4742 4729
f 4739 4753 4740
f 4738 4750 4751
f 4748 4762 4749
f 4746 4760 4747
f 4745 4757 4758
f 4743 4755 4756
f 4740 4754 4741
f 4739 4751 4752
f 4747 4761 4748
f 4745 4759 4746
f 4744 4756 4757
f 4741 4755 4742
f 4753 4765 4766
f 4750 4764 4751
f 4762 4774 4775
f 4759 4773 4760
f 4758 4770 4771
f 4755 4769 4756
f 4753 4767 4754
f 4752 4764 4765
f 4760 4774 4761
f 4758 4772 4759
f 4757 4769 4770
f 4755 4767 4768
f 4765 4779 4766
f 4764 4776 4777
f 4774 4788 4775
f 4772 4786 4773
f 4771 4783 4784
f 4769 4781 4782
f 4767 4779 4780
f 4765 4777 4778
f 4774 4786 4787
f 4771 4785 4772
f 4769 4783 4770
f 4767 4781 4768
f 4779 4791 4792
f 4776 4790 4777
f 4788 4800 4801
f 4786 4798 4799
f 4783 4797 4784
f 4782 4794 4795
f 4780 4792 4793
f 4777 4791 4778
f 4787 4799 4800
f 4785 4797 4798
f 4782 4796 4783
f 4780 4794 4781
f 4792 4804 4805
f 4790 4802 4803
f 4800 4814 4801
f 4799 4811 4812
f 4796 4810 4797
f 4795 4807 4808
f 4792 4806 4793
f 4790 4804 4791
f 4799 4813 4800
f 4798 4810 4811
f 4796 4808 4809
f 4793 4807 4794
f 4805 4817 4818
f 4803 4815 4816
f 4814 4826 4827
f 4811 4825 4812
f 4809 4823 4810
f 4808 4820 4821
f 4805 4819 4806
f 4803 4817 4804
f 4813 4825 4826
f 4811 4823 4824
f 4809 4821 4822
f 4806 4820 4807
f 4817 4831 4818
f 4815 4829 4816
f 4826 4840 4827
f 4825 4837 4838
f 4823 4835 4836
f 4820 4834 4821
f 4819 4831 4832
f 4817 4829 4830
f 4825 4839 4826
f 4823 4837 4824
f 4821 4835 4822
f 4820 4832 4833
f 4830 4844 4831
f 4828 4842 4829
f 4840 4852 4853
f 4837 4851 4838
f 4836 4848 4849
f 4834 4846 4847
f 4832 4844 4845
f 4830 4842 4843
f 4839 4851 4852
f 4836 4850 4837
f 4834 4848 4835
f 4832 4846 4833
f 4843 4857 4844
f 4842 4854 4855
f 4852 4866 4853
f 4850 4864 4851
f 4849 4861 4862
f 4847 4859 4860
f 4844 4858 4845
f 4843 4855 4856
f 4851 4865 4852
f 4849 4863 4850
f 4848 4860 4861
f 4845 4859 4846
f 4857 4869 4870
f 4855 4867 4868
f 4866 4878 4879
f 4864 4876 4877
f 4862 4874 4875
f 4859 4873 4860
f 4857 4871 4858
f 4856 4868 4869
f 4864 4878 4865
f 4862 4876 4863
f 4861 4873 4874
f 4859 4871 4872
f 4869 4883 4870
f 4868 4880 4881
f 4878 4892 4879
f 4877 4889 4890
f 4874 4888 4875
f 4873 4885 4886
f 4871 4883 4884
f 4868 4882 4869
f 4878 4890 4891
f 4876 4888 4889
f 4873 4887 4874
f 4871 4885 4872
f 4883 4896 4897
f 4880 4895 4881
f 4892 4905 4906
f 4890 4903 4904
f 4887 4902 4888
f 4885 4900 4886
f 4884 4897 4898
f 4881 4896 4882
f 4891 4904 4905
f 4889 4902 4903
f 4886 4901 4887
f 4885 4898 4899
f 4897 4909 4910
f 4895 4907 4908
f 4905 4919 4906
f 4904 4916 4917
f 4901 4915 4902
f 4899 4913 4900
f 4897 4911 4898
f 4895 4909 4896
f 4904 4918 4905
f 4903 4915 4916
f 4901 4913 4914
f 4899 4911 4912
f 4910 4922 4923
f 4908 4920 4921
f 4919 4931 4932
f 4916 4930 4917
f 4914 4928 4915
f 4913 4925 4926
f 4910 4924 4911
f 4908 4922 4909
f 4918 4930 4931
f 4916 4928 4929
f 4914 4926 4927
f 4911 4925 4912
f 4922 4936 4923
f 4920 4934 4921
f 4931 4945 4932
f 4930 4942 4943
f 4928 4940 4941
f 4925 4939 4926
f 4924 4936 4937
f 4922 4934 4935
f 4930 4944 4931
f 4928 4942 4929
f 4926 4940 4927
f 4925 4937 4938
f 4935 4949 4936
f 4933 4947 4934
f 4945 4957 4958
f 4942 4956 4943
f 4941 4953 4954
f 4938 4952 4939
f 4937 4949 4950
f 4935 4947 4948
f 4944 4956 4957
f 4941 4955 4942
f 4939 4953 4940
f 4938 4950 4951
f 4948 4962 4949
f 4947 4959 4960
f 4957 4971 4958
f 4955 4969 4956
f 4954 4966 4967
f 4951 4965 4952
f 4949 4963 4950
f 4948 4960 4961
f 4956 4970 4957
f 4954 4968 4955
f 4953 4965 4966
f 4951 4963 4964
f 4962 4974 4975
f 4959 4973 4960
f 4971 4983 4984
f 4968 4982 4969
f 4966 4980 4967
f 4964 4978 4965
f 4962 4976 4963
f 4960 4974 4961
f 4969 4983 4970
f 4967 4981 4968
f 4966 4978 4979
f 4964 4976 4977
f 4975 4987 4988
f 4973 4985 4986
f 4983 4997 4984
f 4981 4995 4982
f 4979 4993 4980
f 4978 4990 4991
f 4976 4988 4989
f 4973 4987 4974
f 4983 4995 4996
f 4981 4993 4994
f 4978 4992 4979
f 4976 4990 4977
f 4988 5000 5001
f 4985 4999 4986
f 4997 5009 5010
f 4995 5007 5008
f 4992 5006 4993
f 4991 5003 5004
f 4989 5001 5002
f 4986 5000 4987
f 4996 5008 5009
f 4994 5006 5007
f 4991 5005 4992
f 4989 5003 4990
f 5001 5013 5014
f 4999 5011 5012
f 5009 5023 5010
f 5008 5020 5021
f 5005 5019 5006
f 5004 5016 5017
f 5001 5015 5002
f 4999 5013 5000
f 5008 5022 5009
f 5007 5019 5020
f 5005 5017 5018
f 5002 5016 5003
f 4893 4619 4632
f 4893 4632 4645
f 4893 4645 4658
f 4893 4658 4671
f 4893 4671 4684
f 4893 4684 4697
f 4893 4697 4710
f 4893 4710 4723
f 4893 4723 4736
f 4893 4736 4749
f 4893 4749 4762
f 4893 4762 4775
f 4893 4775 4788
f 4893 4788 4801
f 4893 4801 4814
f 4893 4814 4827
f 4893 4827 4840
f 4893 4840 4853
f 4893 4853 4866
f 4893 4866 4879
f 4893 4879 4892
f 4893 4892 4906
f 4893 4906 4919
f 4893 4919 4932
f 4893 4932 4945
f 4893 4945 4958
f 4893 4958 4971
f 4893 4971 4984
f 4893 4984 4997
f 4893 4997 5010
f 4893 5010 5023
f 5014 4609 4610
f 5012 4607 4608
f 5022 4619 5023
f 5020 4617 5021
f 5018 4615 5019
f 5017 4612 4613
f 5014 4611 5015
f 5012 4609 5013
f 4893 5023 4619
f 5021 4618 5022
f 5020 4615 4616
f 5018 4613 4614
f 5015 4612 5016
f 4481 5011 4606
f 5011 4602 4606
f 4998 4597 4602
f 4985 4593 4597
f 4593 4959 4589
f 4589 4946 4585
f 4585 4933 4581
f 4933 4577 4581
f 4577 4907 4573
f 4907 4569 4573
f 4894 4565 4569
f 4880 4561 4565
f 4561 4854 4557
f 4557 4841 4553
f 4553 4828 4549
f 4828 4545 4549
f 4545 4802 4541
f 4802 4537 4541
f 4789 4533 4537
f 4776 4529 4533
f 4529 4750 4525
f 4525 4737 4521
f 4521 4724 4517
f 4724 4513 4517
f 4513 4698 4509
f 4698 4505 4509
f 4685 4501 4505
f 4672 4497 4501
f 4497 4646 4493
f 4493 4633 4489
f 4489 4620 4485
f 4620 4481 4485
f 4 3 2
f 8 7 6
f 13 16 15
f 17 28 19
f 32 31 30
f 36 35 34
f 37 40 39
f 21 22 23
f 25 26 27
f 41 44 43
f 48 47 46
f 52 51 50
f 53 56 55
f 60 59 58
f 29 30 62
f 66 65 64
f 67 5 6
f 72 71 70
f 76 75 74
f 77 80 79
f 81 84 83
f 59 87 86
f 88 91 90
f 96 95 94
f 100 99 98
f 101 104 103
f 106 105 34
f 108 116 115
f 117 119 36
f 124 127 126
f 131 130 129
f 132 102 134
f 142 141 140
f 148 106 60
f 144 143 127
f 149 152 151
f 156 155 154
f 159 150 158
f 116 108 164
f 171 170 169
f 174 126 173
f 179 182 181
f 186 189 188
f 194 197 196
f 199 142 139
f 206 209 208
f 213 212 211
f 202 215 214
f 96 93 216
f 92 238 43
f 97 184 246
f 250 249 229
f 252 254 58
f 258 257 256
f 260 91 229
f 110 111 112
f 114 264 263
f 265 268 267
f 56 53 270
f 274 273 249
f 185 183 63
f 280 279 278
f 285 284 283
f 288 219 211
f 141 142 92
f 289 290 175
f 148 116 105
f 312 311 170
f 238 262 42
f 318 163 160
f 310 309 308
f 241 239 325
f 160 230 240
f 47 48 307
f 108 109 315
f 345 85 86
f 348 351 350
f 356 359 358
f 355 354 353
f 363 31 32
f 364 252 253
f 366 125 368
f 183 372 371
f 163 162 161
f 209 226 101
f 378 377 165
f 379 295 381
f 383 382 3
f 284 285 386
f 387 127 389
f 391 259 229
f 73 281 397
f 405 408 407
f 203 218 411
f 414 121 413
f 1 356 357
f 277 276 131
f 254 344 57
f 358 384 415
f 417 416 386
f 401 400 192
f 419 389 127
f 421 181 182
f 103 301 302
f 428 367 368
f 380 390 359
f 62 204 266
f 140 141 431
f 357 358 351
f 356 1 379
f 415 392 403
f 437 428 436
f 438 441 440
f 188 451 450
f 265 455 181
f 224 185 64
f 237 212 213
f 275 131 128
f 281 282 460
f 50 462 79
f 73 74 282
f 468 467 466
f 390 355 352
f 482 485 484
f 489 488 487
f 493 496 495
f 472 471 470
f 502 501 500
f 220 221 222
f 512 419 143
f 518 517 511
f 513 239 230
f 205 30 31
f 189 370 451
f 163 318 532
f 533 224 225
f 446 448 447
f 335 541 540
f 544 512 546
f 329 519 291
f 199 534 262
f 385 386 416
f 532 190 191
f 363 117 118
f 578 581 580
f 573 572 571
f 561 563 562
f 241 260 259
f 590 593 592
f 545 546 595
f 503 154 155
f 606 625 624
f 478 481 480
f 646 649 648
f 590 591 689
f 564 565 651
f 728 246 184
f 714 724 716
f 692 574 575
f 541 335 581
f 346 68 248
f 161 231 230
f 128 129 94
f 698 705 704
f 574 577 576
f 290 289 401
f 630 631 725
f 733 736 735
f 755 466 496
f 759 480 481
f 757 763 762
f 764 496 466
f 768 767 3808
f 759 760 488
f 492 474 475
f 474 770 769
f 773 468 465
f 771 774 486
f 484 485 775
f 774 776 489
f 495 496 764
f 495 757 761
f 137 397 784
f 325 239 797
f 165 519 51
f 369 32 29
f 730 731 568
f 90 302 301
f 243 118 516
f 800 734 806
f 817 815 808
f 816 808 823
f 306 303 447
f 815 810 809
f 829 830 828
f 726 725 501
f 274 427 424
f 879 882 881
f 884 883 879
f 219 218 217
f 906 905 904
f 455 204 205
f 898 882 830
f 903 900 880
f 377 291 519
f 923 949 948
f 946 947 951
f 3519 740 739
f 900 899 886
f 225 64 65
f 182 445 442
f 809 952 947
f 954 960 962
f 927 950 965
f 885 879 880
f 925 927 966
f 343 342 341
f 965 964 971
f 968 971 970
f 972 968 969
f 963 961 981
f 336 337 338
f 992 993 827
f 810 815 996
f 1007 1001 1002
f 1012 826 827
f 1011 1009 1007
f 294 293 292
f 907 908 920
f 1017 579 1019
f 1020 1023 1022
f 1035 1024 1020
f 1061 1060 1047
f 1063 1061 1046
f 1044 1020 1021
f 1102 1094 1097
f 1116 1126 1118
f 1016 1015 1014
f 881 897 904
f 816 1116 1127
f 1094 948 949
f 514 342 167
f 146 145 81
f 1133 1135 1130
f 1102 1133 1126
f 822 1126 1116
f 1145 1143 1148
f 1076 1144 1151
f 1148 1143 1086
f 1109 1097 1114
f 1154 1153 1156
f 1153 925 967
f 3464 3497 463
f 1144 1147 1152
f 1156 967 1163
f 1164 1162 1169
f 1145 1171 1176
f 1114 1115 1154
f 1183 1155 1164
f 1184 1183 1177
f 1069 1151 1062
f 1023 1191 1194
f 1162 1163 1170
f 1195 1184 1185
f 1183 1196 1176
f 1201 1063 1152
f 1061 1063 1201
f 3825 847 843
f 1203 1202 1195
f 1202 1201 1184
f 1218 1060 1203
f 1060 1061 1202
f 1225 1218 1217
f 671 695 694
f 1219 1217 1024
f 1217 1203 1034
f 1226 1014 1015
f 1243 1242 1234
f 1231 1230 1229
f 847 1243 1233
f 843 1233 1244
f 1233 1234 1245
f 1923 3761 233
f 2100 2108 499
f 3914 3864 2135
f 61 62 323
f 210 211 217
f 1299 1310 1309
f 3863 1230 1231
f 1066 1047 1321
f 1322 1321 1228
f 1060 1218 1321
f 1325 1324 1323
f 1244 1245 1332
f 1290 1234 1242
f 1337 1330 1339
f 1330 1332 1340
f 1341 1332 1245
f 1342 1340 1332
f 1343 1342 1341
f 1344 1341 1294
f 3857 3856 1345
f 1347 1348 1342
f 3856 3854 1295
f 1349 1350 1348
f 3861 1349 1347
f 3853 1347 1343
f 906 898 829
f 905 906 1353
f 865 1356 1355
f 1355 1353 829
f 1357 1355 825
f 1356 1354 1353
f 3834 1337 1338
f 866 1358 1356
f 1358 1359 1354
f 3828 878 1337
f 838 1362 1012
f 1363 1364 1338
f 1368 1363 1339
f 1348 1368 1340
f 1371 1369 3824
f 524 525 526
f 528 529 530
f 1372 1370 1369
f 535 536 537
f 1367 1368 1348
f 1370 1354 1359
f 1369 1359 3833
f 1373 910 903
f 555 556 557
f 1374 909 910
f 1373 904 905
f 1374 1373 1375
f 1375 905 1354
f 1378 920 908
f 376 373 651
f 1388 928 973
f 586 587 588
f 1390 1389 1388
f 1391 1388 969
f 597 598 599
f 600 601 602
f 1392 1391 970
f 608 609 610
f 612 524 523
f 614 615 616
f 617 618 25
f 620 621 622
f 1397 1390 1391
f 1398 1397 1392
f 1400 987 920
f 1402 1403 1165
f 636 637 638
f 930 1404 1402
f 641 642 643
f 929 1402 1169
f 1404 1405 1403
f 1411 1366 1365
f 1412 1406 1415
f 652 653 654
f 609 656 657
f 659 660 661
f 558 663 586
f 665 666 667
f 1413 1411 1406
f 1418 1416 3810
f 1417 1372 1371
f 1416 1371 3829
f 1419 1417 1416
f 1386 909 1374
f 677 678 679
f 1385 1386 1420
f 1420 1374 1376
f 685 686 687
f 1421 1420 1422
f 528 690 691
f 1422 1376 1372
f 1018 1019 747
f 699 700 701
f 1424 578 579
f 3663 1597 1767
f 700 699 711
f 1093 3746 3754
f 717 718 530
f 721 722 723
f 704 1650 3543
f 19 1429 1426
f 1429 1428 1427
f 1658 1659 3542
f 1439 1437 1434
f 1437 1436 1435
f 1426 1427 1433
f 1442 1431 1432
f 742 743 744
f 1432 1433 1441
f 751 752 753
f 1438 1434 1403
f 1446 1445 1444
f 1447 1448 1446
f 3860 1447 1443
f 1415 1367 1445
f 1414 1415 1446
f 2173 1683 469
f 777 778 779
f 780 781 782
f 1676 1693 1806
f 3859 1451 1349
f 789 790 791
f 745 792 793
f 652 794 795
f 1455 1458 1457
f 1454 1367 1350
f 610 691 802
f 3831 3816 698
f 1352 1044 1045
f 1015 1016 1459
f 811 812 813
f 2118 3815 3817
f 819 820 821
f 1466 1463 1194
f 1467 1468 1465
f 1182 1165 1468
f 832 812 833
f 835 836 837
f 1467 1466 1190
f 1469 1470 1444
f 840 700 712
f 1453 1470 1469
f 599 844 845
f 1226 1450 3849
f 851 852 853
f 855 744 856
f 858 859 860
f 861 862 863
f 1014 1226 3855
f 867 676 868
f 870 871 872
f 874 875 876
f 1310 1323 1471
f 1476 1433 1427
f 1461 1476 1475
f 887 888 889
f 788 791 892
f 894 895 896
f 1460 1475 1227
f 901 902 524
f 1465 1478 1477
f 1865 3503 3500
f 911 912 913
f 916 917 918
f 1850 3505 3507
f 921 922 895
f 1479 1435 1436
f 926 664 667
f 1481 562 563
f 269 1483 84
f 931 932 933
f 934 935 614
f 936 685 688
f 938 659 662
f 1484 270 122
f 941 942 835
f 320 321 509
f 1849 3510 3505
f 84 1483 1484
f 1487 1490 1488
f 1757 1758 3502
f 365 1492 1491
f 461 79 80
f 117 363 362
f 1494 540 541
f 926 601 957
f 1477 1441 1433
f 1709 1588 1585
f 119 117 1496
f 271 1497 504
f 511 517 189
f 345 1496 1492
f 57 344 299
f 1501 1499 268
f 267 268 1499
f 974 975 976
f 1678 1652 1693
f 3846 1682 1807
f 557 982 663
f 983 941 984
f 1443 1444 3849
f 421 1500 268
f 989 990 991
f 1490 1487 418
f 279 280 309
f 997 868 676
f 998 26 999
f 1504 418 38
f 1506 1508 1507
f 360 361 1508
f 1506 1486 207
f 939 1005 1006
f 270 1484 1483
f 66 63 546
f 1010 742 793
f 367 428 437
f 244 31 363
f 1670 3532 3534
f 209 206 1510
f 388 389 426
f 427 274 250
f 161 520 521
f 100 246 45
f 1025 1026 608
f 1029 1030 1031
f 939 662 1033
f 41 42 594
f 1036 780 783
f 702 701 1038
f 1040 1041 1042
f 362 32 369
f 187 1520 477
f 70 1487 539
f 1049 600 603
f 613 867 869
f 860 1050 1051
f 1005 1052 1053
f 753 1055 1056
f 1057 1058 1059
f 293 288 1522
f 288 212 1521
f 292 1522 1523
f 331 1507 1508
f 306 452 453
f 100 44 41
f 462 1524 78
f 330 331 1524
f 635 1067 1068
f 1485 1527 1526
f 206 1485 1528
f 1070 1071 1072
f 942 941 1073
f 916 933 1075
f 440 1529 1530
f 157 158 1514
f 1529 162 5
f 371 595 546
f 790 586 663
f 1077 858 857
f 1403 1434 1435
f 1080 1081 1082
f 531 520 1529
f 21 1083 1084
f 272 1532 1531
f 690 712 802
f 335 3571 3567
f 1090 1030 1029
f 1092 795 794
f 1533 396 137
f 661 660 1095
f 69 444 445
f 1099 1100 1101
f 38 39 1536
f 1104 1105 1106
f 852 1107 1108
f 1377 908 909
f 291 377 411
f 316 1536 516
f 539 1488 1533
f 1505 1536 316
f 1110 1111 1112
f 1539 1537 460
f 522 441 1537
f 834 837 1120
f 1122 1123 1124
f 612 1125 1041
f 935 793 615
f 276 278 130
f 1686 3549 3522
f 193 190 1541
f 231 521 1540
f 556 1037 982
f 365 253 85
f 190 532 318
f 1810 765 3574
f 3924 1867 3512
f 1132 983 985
f 208 101 102
f 1134 1033 662
f 1491 518 80
f 429 133 1542
f 1137 1138 915
f 172 436 428
f 1139 1140 1141
f 549 96 54
f 1517 1519 1518
f 834 1119 984
f 1543 513 286
f 1544 797 239
f 133 134 1544
f 506 361 257
f 420 327 328
f 1158 1159 1160
f 587 1104 1103
f 607 1161 1027
f 304 1546 1545
f 364 1491 77
f 69 70 198
f 700 840 1112
f 3877 626 3525
f 1166 719 657
f 1167 1168 858
f 1300 3523 3524
f 1172 1173 1174
f 218 203 200
f 1179 1180 1181
f 372 183 97
f 89 104 227
f 1186 1187 1188
f 172 173 1517
f 1482 84 81
f 1090 1192 1193
f 394 395 353
f 526 525 1198
f 1199 1200 1026
f 606 623 697
f 1204 1205 1206
f 1207 1208 523
f 1209 1210 867
f 914 913 685
f 1478 1436 1441
f 1029 1028 1161
f 1211 1212 1213
f 3858 1453 1451
f 844 1215 1216
f 423 193 273
f 1220 1221 1222
f 22 1223 1224
f 882 898 897
f 1519 1517 173
f 1189 1188 1232
f 349 350 550
f 1071 1235 1236
f 1237 1238 1239
f 1221 1186 1189
f 1510 1528 1512
f 939 1032 1241
f 1556 1530 5
f 1553 1554 394
f 404 1556 67
f 1247 1248 1249
f 142 199 238
f 1251 1067 635
f 850 1252 1253
f 1254 1167 1077
f 57 132 133
f 443 430 552
f 1187 1172 1175
f 1256 1070 831
f 432 405 382
f 741 748 747
f 434 350 351
f 349 432 383
f 251 124 1481
f 395 384 352
f 1518 1519 1550
f 1558 410 378
f 109 263 314
f 285 1514 1513
f 395 394 393
f 202 203 410
f 417 408 405
f 1246 1257 1258
f 3 1559 297
f 1259 1260 1261
f 403 404 347
f 955 954 953
f 462 50 51
f 1096 1095 687
f 429 147 60
f 896 1264 1265
f 1267 721 1268
f 423 424 327
f 37 179 180
f 20 23 1187
f 1256 1168 1071
f 1188 1175 1269
f 1236 1270 1271
f 1272 536 535
f 565 564 463
f 1273 792 745
f 876 1254 1255
f 316 33 164
f 437 1516 503
f 194 1494 1495
f 1275 1276 864
f 624 625 631
f 1277 1274 1137
f 569 568 567
f 1481 124 125
f 324 325 547
f 1279 1108 1107
f 1525 332 329
f 1281 1278 1137
f 171 168 1553
f 1488 73 396
f 1557 1561 1562
f 1282 856 1206
f 1053 1277 1278
f 778 777 607
f 713 583 3566
f 251 225 144
f 4 357 348
f 709 708 707
f 728 48 45
f 261 135 1563
f 789 1286 1287
f 74 314 263
f 403 284 385
f 1178 1181 1240
f 1223 1259 1289
f 1220 20 1186
f 296 1518 354
f 784 459 1538
f 1181 1180 1291
f 1269 1292 1257
f 1566 1538 438
f 136 784 1566
f 1563 1564 169
f 107 114 109
f 1297 1282 1298
f 1464 1477 1476
f 1520 187 507
f 1301 1302 1303
f 1306 1307 1308
f 175 456 1532
f 1532 456 200
f 1311 1266 1312
f 872 1314 1315
f 3836 843 878
f 1305 1308 864
f 1040 1275 863
f 1564 1566 399
f 592 1576 1575
f 591 1575 1088
f 1581 1584 1583
f 1196 1152 1147
f 710 582 583
f 285 407 408
f 953 954 961
f 1594 1592 1589
f 1585 1588 1587
f 1592 1591 1590
f 3885 945 944
f 1600 1599 1598
f 1604 1603 1602
f 1399 1392 979
f 1589 1590 1596
f 1610 1609 1608
f 298 257 361
f 551 552 276
f 1627 1626 3814
f 859 811 818
f 1078 857 1328
f 1555 439 1530
f 572 573 680
f 772 465 776
f 977 1281 918
f 404 403 392
f 1054 1331 750
f 1644 1645 1643
f 932 1265 1082
f 1067 1333 1334
f 1540 1539 264
f 597 1335 643
f 471 761 762
f 1642 696 3831
f 1644 1642 3842
f 923 946 950
f 96 549 548
f 520 531 522
f 445 444 443
f 849 839 848
f 480 759 755
f 1646 760 481
f 311 426 1567
f 464 463 3497
f 3497 1360 1361
f 234 237 236
f 190 193 192
f 153 154 152
f 231 287 286
f 1552 1553 1551
f 760 1646 1648
f 3832 1647 1649
f 828 827 826
f 52 167 166
f 1663 1662 1661
f 287 107 115
f 668 671 670
f 634 645 640
f 553 560 559
f 118 36 33
f 492 484 491
f 3552 1652 1651
f 582 589 584
f 384 395 392
f 1381 1382 1383
f 1562 1561 435
f 952 953 951
f 3529 3566 583
f 1660 1661 1667
f 1394 1395 1396
f 1660 1665 1664
f 1671 1670 1669
f 1624 1625 1673
f 1407 1408 1409
f 1677 1676 1675
f 1613 1679 1677
f 1679 1678 1676
f 1626 1681 3811
f 534 199 198
f 803 733 734
f 400 248 191
f 65 66 143
f 3526 1657 1656
f 402 159 157
f 629 628 627
f 461 477 49
f 758 757 495
f 796 787 786
f 406 407 1513
f 342 343 166
f 1694 1659 1658
f 1692 1687 1694
f 3557 1693 1652
f 3921 1704 1703
f 326 547 302
f 3916 3921 1702
f 3919 3918 1698
f 1699 1691 3927
f 1557 406 1560
f 1127 1116 1117
f 400 401 289
f 1706 1702 1707
f 1707 1702 1599
f 1709 1706 1708
f 1714 1712 1711
f 3919 3915 1709
f 1704 1711 1577
f 1716 1714 1713
f 1559 1562 1549
f 1722 1721 1720
f 1335 597 596
f 410 411 377
f 973 1170 1163
f 168 169 399
f 1571 682 1089
f 1572 681 682
f 749 646 647
f 1730 1724 1723
f 1594 1582 1729
f 1729 1723 1591
f 1384 1378 1377
f 1732 1731 1712
f 1724 1730 1731
f 1722 1724 1732
f 1721 1722 1733
f 1734 1733 1716
f 1735 1737 1736
f 1733 1732 1714
f 1663 1664 1741
f 1742 1665 1740
f 1738 1739 1737
f 1665 1660 1666
f 1665 1742 1744
f 1725 1726 1746
f 1591 1725 1745
f 1590 1745 1747
f 1745 1746 1748
f 1659 1688 3538
f 3287 1760 3545
f 1185 1177 1182
f 1664 1744 1749
f 1741 1749 1739
f 1746 1742 1743
f 1726 1744 1742
f 1115 924 1153
f 1654 3546 3575
f 1896 3562 3549
f 1720 1749 1744
f 1721 1739 1749
f 1750 1718 1701
f 1697 1736 1750
f 1151 1152 1063
f 1751 1752 1670
f 1695 1658 1752
f 961 962 986
f 1770 1769 1768
f 1766 1594 1593
f 1731 1759 1579
f 1579 1777 1774
f 3928 1772 1771
f 1764 1772 3928
f 1777 1776 1775
f 3762 3763 1699
f 1004 1127 1128
f 1774 1775 1771
f 987 1400 1399
f 1578 1774 1772
f 1783 1782 1781
f 1597 1598 1770
f 639 1878 3895
f 3928 3929 1769
f 1793 1792 1789
f 3929 3920 1798
f 3508 3516 3773
f 1802 1867 3924
f 1788 1790 1794
f 1793 1794 1795
f 3773 3772 1675
f 1584 1581 1783
f 1771 1797 3920
f 1801 1799 1798
f 1768 1769 1798
f 1775 1796 1797
f 508 514 515
f 1796 1803 1802
f 1800 1798 3920
f 1794 1805 1804
f 3532 1670 1752
f 485 1808 1807
f 3809 3844 1640
f 3837 3844 1810
f 485 482 1640
f 1690 1691 3770
f 487 488 1648
f 3839 1813 1816
f 3838 1811 1648
f 3839 1812 1811
f 1812 1809 487
f 1641 1809 767
f 465 466 755
f 767 1815 3823
f 3822 1816 3826
f 1809 1812 1815
f 3837 1653 1651
f 675 672 3541
f 1814 1649 1822
f 1821 1822 3821
f 1824 1822 1649
f 1827 1849 1850
f 1668 1669 1662
f 1779 1780 1848
f 1790 1827 1805
f 1833 1836 1853
f 3521 3506 693
f 1614 1615 1616
f 1852 1853 3498
f 1620 1621 1622
f 1855 1765 1574
f 1847 1852 3501
f 1766 1765 1855
f 1629 1630 1631
f 1633 1622 1634
f 1635 1636 1637
f 1848 1833 1852
f 1855 1861 1863
f 1803 1866 1867
f 1862 1863 1831
f 1782 1855 1862
f 3922 3924 1865
f 1873 1872 1870
f 1874 1869 799
f 2045 3878 3897
f 1219 1345 1295
f 1615 1614 1396
f 3884 3895 1877
f 645 3898 3786
f 1345 1219 1035
f 634 639 3884
f 15 1887 1327
f 3910 3895 1878
f 1894 604 605
f 3506 3551 627
f 3560 640 645
f 340 341 454
f 1897 194 195
f 1889 1882 1877
f 1901 94 129
f 196 749 754
f 1705 1704 3921
f 340 378 166
f 1570 1480 563
f 1904 1494 194
f 1781 1862 1832
f 1905 549 55
f 1000 994 995
f 986 919 920
f 1191 1185 1190
f 2094 2077 2075
f 1920 1921 1919
f 453 454 1912
f 1915 1919 1918
f 3882 2112 2106
f 1655 3575 3531
f 1916 1918 1926
f 704 3554 3561
f 278 1916 1925
f 3565 3564 1818
f 1097 949 1115
f 1927 1928 727
f 3578 3579 3654
f 1920 310 307
f 1929 307 48
f 503 504 1497
f 1902 1903 787
f 1816 1821 3820
f 1925 1926 1923
f 1535 1569 1568
f 254 252 258
f 1509 1497 366
f 119 86 35
f 219 288 293
f 141 46 47
f 542 205 244
f 1940 552 430
f 1779 1828 1827
f 1701 1710 3915
f 1661 3550 3515
f 270 53 754
f 197 1947 749
f 1727 1728 1212
f 53 54 232
f 1465 1468 1479
f 1284 3862 3854
f 1951 446 412
f 168 398 1554
f 1486 1485 206
f 506 77 78
f 994 1001 1007
f 951 953 963
f 1013 3859 3861
f 3826 3820 1820
f 1498 1909 1954
f 299 298 543
f 1754 1755 1756
f 1681 469 1683
f 1696 1694 1695
f 13 14 738
f 473 476 475
f 482 1641 768
f 204 62 30
f 1761 1762 820
f 611 1763 1125
f 1501 1503 1908
f 1074 1073 711
f 1960 1944 82
f 120 1956 1960
f 35 86 87
f 1773 1199 1025
f 1965 1545 1569
f 494 761 471
f 1966 1967 1969
f 446 1951 1971
f 174 368 125
f 1580 1579 1578
f 1785 1786 1787
f 1972 1546 304
f 1254 876 875
f 1973 341 342
f 321 1912 1973
f 1910 277 275
f 509 1973 514
f 1486 1507 1527
f 1974 1874 804
f 1977 1976 1974
f 1980 448 1966
f 379 1 2
f 1718 1715 1710
f 884 995 992
f 1680 1684 1678
f 902 990 525
f 344 255 256
f 135 138 137
f 448 446 1967
f 589 605 604
f 910 909 908
f 1981 1966 1968
f 1982 1981 1987
f 1988 1979 1987
f 1990 1988 1989
f 1991 1989 1993
f 322 321 320
f 992 828 830
f 1144 1076 1086
f 1995 1977 1978
f 1133 1129 1118
f 1997 1995 1994
f 870 1823 1335
f 805 806 1982
f 727 184 2000
f 1996 1994 1988
f 1994 1978 1979
f 1829 616 792
f 1830 1073 941
f 798 803 800
f 729 732 731
f 2011 2012 2023
f 1834 1835 846
f 402 283 284
f 2022 2023 2024
f 1838 718 989
f 810 955 952
f 1823 1839 1840
f 1430 1426 1432
f 1215 844 1841
f 1316 1208 873
f 2112 1401 1384
f 1842 1843 1844
f 1159 846 845
f 837 27 1846
f 1971 1951 2030
f 517 369 370
f 1471 2026 2027
f 3551 3525 626
f 2174 2175 770
f 935 934 1854
f 1613 1619 1611
f 1231 1228 1225
f 1856 1857 891
f 1300 1309 748
f 1150 1149 1858
f 1643 606 696
f 1215 1265 1264
f 1320 1860 902
f 1956 1943 1944
f 2031 668 669
f 2034 1325 1310
f 1879 1880 1656
f 40 245 242
f 1992 1993 2039
f 888 958 957
f 1882 1889 1996
f 1078 1138 1255
f 1871 912 1192
f 294 411 218
f 1323 2041 2026
f 123 1960 83
f 1324 2036 2041
f 384 358 359
f 1324 1325 2038
f 1883 1884 1885
f 287 1540 114
f 1096 1886 1134
f 915 1329 931
f 806 1980 1981
f 3533 3529 584
f 1425 2030 2042
f 1018 2042 1948
f 3562 1896 740
f 1948 2042 649
f 1881 1882 1990
f 1900 129 130
f 992 995 994
f 923 927 925
f 3878 2045 2047
f 1643 2048 625
f 2050 2052 2051
f 2045 1405 1404
f 3876 2047 945
f 1139 1080 1079
f 1037 1856 892
f 2055 2053 2057
f 1198 989 718
f 1619 2058 1612
f 2058 1605 1606
f 2059 2060 1607
f 2058 1619 1624
f 71 72 179
f 405 406 1557
f 322 1548 1972
f 2061 2052 2063
f 2066 2065 2067
f 2052 2061 2064
f 1609 1610 2066
f 1515 151 152
f 1009 827 993
f 1644 3843 3815
f 279 1915 1916
f 1285 3863 3862
f 1647 2066 1825
f 2056 2057 2067
f 319 320 1953
f 667 666 1913
f 2070 631 625
f 2052 2050 2055
f 2038 1654 1655
f 1606 1601 2073
f 1235 1917 1270
f 2072 2073 2075
f 2059 1606 2072
f 2074 2075 2077
f 1601 1602 2078
f 2049 2048 1643
f 1000 1004 1001
f 1089 943 684
f 1931 1286 1306
f 1462 1459 1021
f 1932 1933 1934
f 875 874 1846
f 1936 1051 1937
f 44 45 46
f 1534 1955 1956
f 1541 318 317
f 2081 2082 2084
f 146 1945 1959
f 1360 1941 1942
f 985 984 1032
f 1995 1997 1892
f 2079 2080 2082
f 2095 2096 2076
f 2081 2093 2078
f 2055 2050 2054
f 501 2096 2095
f 2097 2100 2099
f 2098 2099 2094
f 2140 2141 3893
f 2141 2046 3894
f 2051 2070 2048
f 592 2102 2101
f 2071 2064 2076
f 2102 2097 2098
f 593 2103 2102
f 1019 1895 746
f 1950 11 12
f 725 2071 2096
f 1385 2105 2104
f 1379 2104 2106
f 2107 2108 2100
f 3908 726 502
f 3896 502 499
f 940 1389 2109
f 928 929 1170
f 3868 590 684
f 1962 1963 1964
f 3878 680 573
f 2039 1993 1968
f 1389 1390 2110
f 1398 2111 2113
f 3757 3755 3753
f 3911 3883 2107
f 949 923 924
f 260 241 324
f 1390 1397 2113
f 2070 2051 2064
f 3867 3911 2103
f 2105 1385 1421
f 2114 1421 1423
f 3892 2114 2115
f 3908 2105 2114
f 554 2116 1902
f 972 1163 967
f 1765 1593 1573
f 1984 1985 1986
f 2053 2117 2069
f 3573 3556 724
f 1625 1677 1674
f 3881 3888 2119
f 3903 2115 2123
f 56 1954 1906
f 626 3877 3879
f 2001 2002 2003
f 3912 3841 2127
f 2006 2007 2008
f 2127 1413 1412
f 2014 2015 2016
f 2018 2019 2020
f 1495 1424 1947
f 1379 1377 1386
f 3814 3811 1680
f 2029 1885 1884
f 3902 2128 2120
f 629 3879 3914
f 682 683 943
f 724 1650 2121
f 1757 1819 3821
f 765 1810 3844
f 3851 714 715
f 706 707 3870
f 981 986 987
f 1457 1868 1656
f 2017 2016 2032
f 1458 1655 1868
f 1776 1777 1792
f 1959 1945 1946
f 3663 3715 3725
f 3913 3881 2122
f 1093 1089 689
f 966 965 968
f 3852 715 3881
f 2172 3577 2170
f 670 2138 2137
f 3761 787 1903
f 1429 19 28
f 964 963 978
f 3841 3813 1413
f 1473 1474 669
f 3834 3833 1359
f 2138 798 1870
f 1872 1473 2137
f 715 716 3888
f 1881 1991 1992
f 3843 3842 739
f 1837 1847 3513
f 253 58 59
f 1808 3837 3840
f 1647 3832 3818
f 3865 3866 671
f 2112 3882 3883
f 1405 2045 2044
f 3829 3824 1364
f 273 1541 391
f 576 632 3520
f 3875 3865 668
f 1430 1431 2140
f 2136 3850 3860
f 1430 2139 18
f 3893 3894 570
f 1442 1439 2046
f 1431 1442 2141
f 3869 3913 3850
f 3808 3823 1817
f 3866 3893 695
f 2142 2025 798
f 571 2143 2142
f 3819 3814 1618
f 2143 2022 2025
f 694 2142 2138
f 681 1572 2144
f 2144 2011 2022
f 328 210 457
f 1572 2010 2011
f 630 3892 3903
f 2085 2086 2087
f 2090 2091 2092
f 572 2144 2143
f 1875 1976 2153
f 1873 1875 2149
f 2103 2107 2097
f 2157 2043 2155
f 2128 1412 1414
f 3874 3871 589
f 3872 3870 628
f 2149 2153 2158
f 2159 2158 3905
f 698 3907 3902
f 3823 3847 3827
f 2158 2156 3874
f 1438 2044 2046
f 2035 2154 2160
f 2161 2160 3889
f 3871 3891 605
f 3873 17 18
f 370 29 61
f 649 1951 413
f 2153 2157 2156
f 1428 1429 1449
f 1490 76 73
f 3890 3905 710
f 2155 1891 3891
f 1456 1457 1880
f 2125 2088 2087
f 2160 2159 3890
f 300 1959 505
f 1064 1062 1046
f 2043 1892 1891
f 2129 2130 2004
f 2131 2132 2133
f 3848 3849 1450
f 1998 1975 804
f 3879 673 3864
f 474 492 490
f 1164 1165 1182
f 707 2162 3909
f 708 1472 2162
f 2162 2161 3886
f 548 549 1905
f 1145 1136 1114
f 705 2121 1650
f 2043 2157 1977
f 737 738 554
f 1034 1195 1191
f 458 1905 1907
f 195 196 232
f 2040 2039 1969
f 2145 2146 2147
f 2054 2050 2049
f 3832 1646 1639
f 9 12 11
f 252 364 506
f 472 478 479
f 1865 3924 3791
f 900 903 910
f 1941 2150 2151
f 1921 1928 1927
f 2163 1897 1898
f 271 156 153
f 1904 1326 12
f 282 263 264
f 1872 1873 2154
f 1326 1904 1897
f 628 692 693
f 1724 1722 1719
f 1549 1562 436
f 1582 1583 1730
f 1921 1920 1929
f 3563 3511 10
f 2152 2037 1950
f 475 772 774
f 769 2172 2171
f 2171 2165 476
f 476 773 772
f 1791 565 464
f 2166 2167 2168
f 595 371 372
f 483 1809 1641
f 762 2174 2173
f 771 483 484
f 486 487 1809
f 297 1549 1517
f 763 2175 2174
f 776 755 759
f 184 185 2176
f 412 447 303
f 2005 2176 185
f 3811 1681 1682
f 2164 2170 756
f 1472 2035 2161
f 950 951 964
f 2177 2178 2179
f 227 226 1510
f 2182 2183 2184
f 2186 2019 2018
f 1985 2182 2181
f 214 736 729
f 865 849 842
f 849 865 1357
f 559 3187 3188
f 16 13 737
f 560 553 498
f 3193 3196 3195
f 3200 3197 3198
f 3211 3214 3213
f 3215 3218 3217
f 2187 2188 2002
f 2169 2168 2189
f 2192 2086 2085
f 2193 2194 2195
f 2198 2199 2200
f 1998 1982 1979
f 3664 3665 3668
f 2116 1898 1903
f 1859 2006 2009
f 3904 2123 2126
f 1135 1148 1087
f 2201 2202 2015
f 1149 111 110
f 3221 3222 3218
f 2203 2204 2205
f 579 580 1895
f 1755 2207 2208
f 3891 3910 1893
f 1211 2151 2150
f 868 997 2210
f 944 945 930
f 2130 2129 2202
f 233 1903 1898
f 665 751 750
f 1167 1254 999
f 2211 2212 2213
f 2215 2216 2217
f 3867 593 590
f 2220 221 220
f 823 824 948
f 3225 3220 3227
f 266 204 455
f 3882 2108 2107
f 2221 2222 3519
f 2223 2224 2225
f 2207 2125 2124
f 673 674 3869
f 817 1000 996
f 2227 2228 2146
f 1947 1948 646
f 3900 2135 17
f 2229 1635 1638
f 1679 1613 1618
f 1637 2231 2232
f 2233 2234 1617
f 2231 2235 2236
f 1381 1638 2238
f 3586 2241 2242
f 1630 2234 2233
f 1681 1626 472
f 1408 1407 2243
f 3236 3239 3238
f 3232 3241 3240
f 1637 2230 2238
f 3237 3238 3233
f 1409 1408 1634
f 1380 1383 2247
f 1628 2248 2245
f 2249 1623 1622
f 1632 1634 1408
f 2248 1628 1631
f 2235 2231 1637
f 3245 3246 3199
f 631 2070 2071
f 515 167 52
f 782 781 2251
f 2253 2254 2255
f 397 281 459
f 1456 2039 2040
f 2040 2041 2036
f 1401 2112 2111
f 2041 2040 1970
f 1535 121 414
f 1586 1587 2080
f 2256 983 1132
f 1700 1699 3918
f 3815 1896 1686
f 1263 2256 1886
f 598 1841 844
f 2257 2258 2259
f 2258 2261 2262
f 2259 2262 2263
f 2260 2259 2216
f 1967 1971 1970
f 2212 1964 1963
f 922 921 2218
f 1312 1098 1101
f 1307 1306 1286
f 1548 1569 1546
f 2266 2267 2268
f 2265 2268 2270
f 2272 2265 2269
f 2273 2266 2265
f 2275 2276 2277
f 2278 2274 2277
f 2284 2285 3617
f 2287 2283 2286
f 2288 2289 2283
f 2290 2284 3639
f 2291 2292 2293
f 2295 2291 2294
f 2296 2297 2291
f 2297 2298 2292
f 2294 2293 2299
f 2279 2294 2300
f 2298 2301 2302
f 2292 2302 2303
f 2293 2303 2304
f 2304 2305 2306
f 2308 2309 2310
f 2302 2307 2310
f 2301 2311 2307
f 2312 2308 2307
f 2313 2314 2315
f 2318 2319 2320
f 3748 3771 2322
f 2324 2325 2273
f 2313 2324 2326
f 2328 2324 2313
f 2329 2325 2324
f 2331 2332 2333
f 2330 2333 2267
f 2325 2330 2266
f 2329 2331 2330
f 2333 2334 2335
f 2336 2334 2333
f 2338 2336 2332
f 2331 2339 2337
f 2329 2340 2339
f 2328 2341 2340
f 2316 2342 2341
f 2342 2316 2315
f 2344 2345 2346
f 2341 2344 2347
f 2342 2348 2344
f 2348 2349 2345
f 2350 2351 2352
f 2339 2350 2353
f 2340 2347 2350
f 2347 2346 2351
f 2337 2353 2354
f 2353 2352 2355
f 2356 2277 2276
f 2356 2357 2358
f 2356 2359 2296
f 2279 2277 2356
f 2360 2361 2270
f 2267 2335 2360
f 2362 2363 2364
f 2362 2365 2361
f 2366 2362 2358
f 2366 2367 2363
f 2357 2276 2368
f 2366 2368 2369
f 2276 2275 2370
f 2368 2370 2282
f 2372 2373 2374
f 2375 2376 2377
f 2378 2379 2380
f 2382 2378 2381
f 2384 2385 2378
f 2385 2386 2379
f 2388 2389 2390
f 2387 2390 2392
f 2393 2394 2387
f 2394 2395 2388
f 2186 2401 2402
f 2403 2404 2327
f 2272 2403 2326
f 2271 2405 2403
f 2405 2406 2404
f 2404 2407 2408
f 2409 2410 2411
f 2409 2412 2271
f 2413 2409 2269
f 2413 2414 2410
f 2417 2415 2416
f 2417 2418 2406
f 2412 2417 2405
f 2411 2415 2417
f 2406 2419 2407
f 3569 3520 632
f 2420 2398 2397
f 2420 2421 2423
f 2424 2420 2422
f 2424 2399 2398
f 2425 2391 2392
f 2421 2425 2426
f 2397 2396 2425
f 2396 2393 2391
f 2427 2314 2408
f 2430 2427 2428
f 2343 2315 2427
f 2432 2343 2430
f 2431 2430 2429
f 2435 2431 2433
f 2436 2432 2431
f 2428 2408 2407
f 2422 2437 2407
f 2438 2437 2422
f 2429 2428 2437
f 2440 2434 2433
f 2441 2439 2433
f 2442 2443 2439
f 2443 2444 2440
f 2445 2446 2444
f 2447 2445 2443
f 2383 2381 2445
f 2381 2380 2446
f 2448 2438 2423
f 2449 2448 2426
f 2441 2448 2449
f 2441 2429 2438
f 2449 2392 2390
f 2450 2390 2389
f 2447 2450 2451
f 2442 2449 2450
f 2451 2389 2453
f 2452 2453 2455
f 2382 2452 2454
f 2383 2451 2452
f 2456 2457 2373
f 2459 2460 2461
f 2463 2464 2465
f 2462 2465 2285
f 2466 2462 2284
f 2467 2463 2462
f 2461 2460 3703
f 2468 2469 2470
f 2472 2468 2471
f 2474 2461 3701
f 2475 2476 2477
f 2458 2455 2453
f 2479 2453 2389
f 2395 2480 2479
f 2480 2459 2458
f 2481 2482 2483
f 2484 113 2485
f 2471 2470 2464
f 2473 2471 2463
f 2487 2467 2466
f 2486 2466 2290
f 2490 2486 2488
f 2491 2487 2486
f 2492 2473 2467
f 2493 2492 2487
f 2494 2495 2492
f 2495 2472 2473
f 3690 2496 2474
f 3691 2497 2496
f 2498 2494 2493
f 2500 2498 2499
f 3700 3687 2498
f 3687 3691 2494
f 2306 2504 2278
f 2305 2505 2504
f 2504 2505 2507
f 2506 2507 2288
f 2274 2506 2508
f 2278 2504 2506
f 3633 3632 2489
f 3620 3633 2488
f 2507 2509 2289
f 2505 2510 2509
f 2508 2288 2287
f 2511 2287 2281
f 2370 2511 2280
f 2275 2508 2511
f 2512 2490 2489
f 2514 2512 2513
f 2517 2512 2514
f 2517 2491 2490
f 2499 2493 2491
f 2499 2517 2516
f 2510 2505 2519
f 2518 2519 2521
f 3616 2518 2520
f 3632 2510 2518
f 2522 2304 2303
f 2523 2522 2310
f 2305 2304 2522
f 2524 2522 2523
f 2519 2524 2525
f 2505 2305 2524
f 2308 2312 2527
f 2526 2527 2529
f 2531 2526 2528
f 2309 2308 2526
f 1214 2532 2151
f 2419 2406 2418
f 2533 2345 2349
f 2534 2533 2317
f 2535 2536 2533
f 2536 2346 2345
f 2537 2351 2346
f 2538 2537 2536
f 2539 2540 2537
f 2540 2352 2351
f 2312 2355 2541
f 2527 2541 2542
f 2543 2435 2434
f 2545 2543 2544
f 2319 2318 2543
f 2318 2436 2435
f 2514 2515 2548
f 2547 2548 2550
f 2552 2547 2549
f 2552 2516 2514
f 2520 2521 2554
f 2553 2554 2556
f 3590 2553 2555
f 3621 2520 2553
f 2523 2309 2531
f 2557 2531 2530
f 2525 2523 2557
f 2559 2557 2558
f 2554 2559 2560
f 2521 2525 2559
f 2561 2375 2007
f 2376 2562 2225
f 2564 2565 2566
f 2563 2566 338
f 2569 2563 2567
f 2570 2564 2563
f 2572 2573 2574
f 2571 2574 2576
f 2544 2571 2575
f 2544 2434 2572
f 2578 2570 2569
f 2579 2577 2569
f 2574 2577 2579
f 2573 2578 2577
f 2581 2582 2583
f 2584 2580 2583
f 3697 3675 2580
f 3676 2581 2580
f 2582 2516 2552
f 2583 2552 2551
f 2500 2501 2589
f 2590 2588 2589
f 3693 3695 2588
f 3695 3700 2500
f 2501 2516 2591
f 2592 2593 2594
f 2386 2385 2503
f 2596 2379 2386
f 2596 2374 2373
f 2599 2596 2597
f 2599 2380 2379
f 2600 2446 2380
f 2600 2599 2598
f 2603 2600 2601
f 2603 2444 2446
f 2604 2603 2602
f 2440 2604 2605
f 2444 2603 2604
f 2606 2582 2581
f 2606 2607 2590
f 2591 2516 2582
f 3676 2587 2456
f 3689 2456 2372
f 2478 2477 2608
f 2609 2610 2611
f 2564 2570 2613
f 2612 2613 2598
f 2457 2612 2597
f 2565 2564 2612
f 2614 2613 2570
f 2615 2614 2578
f 2602 2601 2614
f 2601 2598 2613
f 2572 2434 2605
f 2616 2605 2602
f 2573 2572 2616
f 1459 1016 1045
f 1265 1215 1079
f 1612 1608 1609
f 2067 2057 2069
f 1135 1109 1136
f 1938 1937 2618
f 95 548 458
f 2058 1607 1608
f 1454 1469 1445
f 655 2620 1048
f 722 1049 2621
f 1131 985 1033
f 562 1481 366
f 1723 1719 1725
f 1786 1123 1122
f 267 300 323
f 1325 2034 1654
f 1468 1165 1435
f 658 657 529
f 8 532 247
f 382 1557 1559
f 788 619 1307
f 940 930 929
f 911 2622 2623
f 2621 2620 655
f 2624 1857 2625
f 998 1846 27
f 635 638 2626
f 2627 641 644
f 2628 2627 1840
f 1200 1199 2627
f 1199 1773 641
f 1520 515 49
f 1452 1350 1349
f 2630 2631 1859
f 644 643 1335
f 1197 1198 717
f 2632 717 719
f 2628 2632 1166
f 2629 1197 2632
f 1762 2633 1050
f 1823 870 873
f 2634 2635 794
f 1042 794 2635
f 93 94 1901
f 2036 2038 1458
f 1527 332 1525
f 877 876 1274
f 134 409 797
f 1328 893 931
f 607 777 1091
f 1043 2635 2637
f 2636 2637 2639
f 1275 2636 2638
f 1275 1040 1043
f 1272 2624 2626
f 2640 2626 638
f 1110 2641 2640
f 536 1272 2640
f 1472 708 1474
f 2042 2030 1951
f 1058 1106 1105
f 2642 2623 2643
f 1192 2642 2644
f 912 2623 2642
f 3898 1657 3526
f 1049 1048 2620
f 616 1829 1885
f 1331 1913 666
f 990 989 1198
f 1911 1912 321
f 1298 1282 1205
f 76 1490 1504
f 1502 1500 421
f 610 609 658
f 1146 937 659
f 2646 911 914
f 1280 1239 1238
f 1453 1454 1452
f 835 942 1843
f 1271 1270 1173
f 1893 1878 1826
f 1050 2633 1937
f 2651 2652 814
f 1006 1053 1281
f 2653 1084 2654
f 1001 1004 1003
f 585 997 679
f 2624 1272 621
f 555 678 2028
f 1207 526 1197
f 1626 1627 478
f 426 389 419
f 1030 1193 1773
f 3898 645 634
f 534 1533 138
f 1125 1092 1042
f 333 228 88
f 569 1570 561
f 1489 2656 871
f 1857 2624 620
f 1673 1674 3770
f 622 861 864
f 619 788 891
f 261 544 545
f 393 1555 1556
f 2658 2659 2647
f 1075 2658 2657
f 1081 1080 2658
f 1080 1139 2659
f 2644 2643 1141
f 2660 1141 1140
f 642 2660 1336
f 1193 2644 2660
f 679 678 555
f 1503 1501 1500
f 1318 1317 1101
f 2661 2659 1139
f 2661 1142 2663
f 2662 2647 2659
f 2662 2663 2622
f 2664 2622 911
f 2648 2664 2646
f 2648 2647 2662
f 2083 2094 2093
f 1442 1440 1437
f 519 329 330
f 1885 2029 1209
f 799 800 805
f 1946 1943 1952
f 1302 1301 1253
f 566 2005 224
f 1389 940 928
f 683 682 681
f 836 835 1842
f 2665 1842 1845
f 2666 2665 1303
f 24 836 2665
f 831 1072 2650
f 1845 1844 1304
f 2010 2013 2012
f 1051 1936 2667
f 1522 1521 1511
f 531 440 441
f 1250 635 2625
f 2669 2625 1857
f 783 2669 1856
f 782 1250 2669
f 720 2670 2671
f 1055 1931 1930
f 1333 1067 1251
f 619 622 1308
f 652 655 2619
f 521 522 1539
f 1838 988 537
f 2672 537 536
f 1113 2672 2641
f 1113 527 1838
f 1016 1013 1351
f 3897 573 570
f 226 227 104
f 3564 3669 3827
f 1036 1037 1884
f 2674 1301 1304
f 2673 1304 1844
f 1334 2673 2675
f 1333 2674 2673
f 2676 702 1039
f 1843 2676 2675
f 942 1074 2676
f 1074 699 702
f 752 1057 1055
f 1200 1166 656
f 1120 1846 874
f 2677 874 877
f 1241 2677 1052
f 1119 1120 2677
f 1560 1513 151
f 1208 1316 611
f 215 735 736
f 1460 1459 1462
f 1208 1207 1839
f 854 856 1282
f 72 445 182
f 544 1563 1565
f 217 200 456
f 2047 1404 930
f 1204 2618 1937
f 913 777 686
f 840 527 1113
f 1531 729 730
f 2678 778 1283
f 601 667 1914
f 1537 1538 459
f 1819 1757 3509
f 991 1860 862
f 2679 711 1073
f 2680 1830 983
f 779 2680 2256
f 778 2678 2680
f 2678 2679 1830
f 180 542 245
f 1886 1132 1131
f 1138 1137 1274
f 1841 598 1140
f 75 313 314
f 193 423 420
f 2681 2682 1099
f 170 1567 1565
f 349 416 417
f 1121 1124 2684
f 547 797 409
f 123 122 121
f 2643 2663 1142
f 1542 1544 513
f 899 900 907
f 1210 677 676
f 791 663 982
f 24 27 837
f 893 896 932
f 1860 1320 863
f 535 538 862
f 1569 1548 1547
f 181 455 542
f 660 659 937
f 2013 567 568
f 887 890 2631
f 1524 1508 361
f 520 161 162
f 2653 855 854
f 1238 1237 2655
f 718 1838 527
f 1492 1493 518
f 792 616 615
f 599 846 1835
f 290 457 456
f 312 171 1552
f 1248 2687 1179
f 153 149 177
f 1240 1181 1222
f 1257 1292 1235
f 1291 1084 1083
f 1052 877 1277
f 743 742 2618
f 444 140 430
f 23 1224 1172
f 2687 2654 1180
f 102 103 409
f 1283 607 610
f 373 497 650
f 1180 2654 1084
f 855 2653 2655
f 1173 1270 1917
f 2689 850 853
f 2688 853 1108
f 2686 2688 1279
f 2687 2689 2688
f 2691 1302 1252
f 2690 1252 850
f 1248 2690 2689
f 1248 1247 2691
f 2692 617 24
f 2691 2692 2666
f 1247 1258 2692
f 1258 1168 617
f 394 1554 1555
f 2693 1260 1259
f 1072 1236 1262
f 1257 1071 1168
f 398 439 1555
f 871 1784 1314
f 1178 1232 1249
f 1224 1289 1173
f 1010 2617 2618
f 1175 1174 1292
f 2654 2687 2686
f 2694 1157 1216
f 71 418 1487
f 701 1112 1111
f 1072 1261 2649
f 1085 2695 22
f 895 2694 1264
f 1601 1606 1605
f 1259 1262 1271
f 21 20 1220
f 988 991 538
f 598 597 1336
f 1050 860 818
f 1298 2645 1761
f 1168 1167 618
f 858 1168 1256
f 39 242 516
f 2652 1761 819
f 313 316 315
f 2026 1970 1971
f 2656 1489 596
f 814 819 818
f 2696 2651 813
f 1260 2696 2649
f 2693 2697 2696
f 2697 1296 2651
f 381 355 390
f 3818 3819 1611
f 1475 1427 1428
f 1292 1174 1917
f 1551 353 354
f 1526 1525 1523
f 1593 1589 1595
f 1232 1269 1246
f 2695 2693 1223
f 2698 1297 1296
f 2698 2697 2693
f 2685 2698 2695
f 2685 854 1297
f 562 1497 271
f 2652 2651 1296
f 1365 1366 1364
f 1958 1946 1953
f 585 588 2210
f 1561 1560 1515
f 975 2648 1146
f 347 67 68
f 1038 1111 636
f 2700 781 780
f 2699 780 1036
f 2701 2699 1883
f 851 2700 2699
f 2674 1333 2251
f 2702 2251 781
f 1253 2702 2700
f 1301 2674 2702
f 1519 387 388
f 1273 1239 1280
f 2703 1280 1107
f 2701 2703 852
f 1829 1273 2703
f 91 260 326
f 1784 871 2656
f 2683 2684 2705
f 604 1894 3499
f 1669 3534 3548
f 2062 2063 2060
f 621 535 861
f 2023 731 732
f 686 779 1263
f 857 1051 2668
f 883 830 882
f 637 636 1111
f 2668 894 893
f 2667 921 894
f 1039 1038 1068
f 313 75 1504
f 1911 1972 305
f 1936 2706 1964
f 2707 2402 2401
f 2708 2707 2183
f 738 2163 2116
f 2349 2348 2432
f 2711 2712 2020
f 2400 2711 2019
f 2714 2715 2716
f 2717 2718 2719
f 2721 2722 2723
f 2726 2727 2728
f 2725 2728 2730
f 2731 2725 2729
f 2732 2726 2725
f 2734 2735 2736
f 2738 2739 2740
f 2737 2740 2741
f 2744 2745 2746
f 2745 2744 2748
f 2749 2750 2747
f 2753 2749 2751
f 2250 1380 2246
f 2754 1396 1614
f 3598 2754 2755
f 3608 2745 2747
f 1617 2756 2755
f 2242 2758 1620
f 2191 2085 2760
f 2761 2759 2760
f 3648 2759 2761
f 3623 2191 2759
f 3209 3248 3223
f 1395 1394 2236
f 1395 2235 1636
f 1616 1635 2229
f 1617 2234 2763
f 2756 2763 3628
f 2765 2763 2234
f 2766 2764 3628
f 3202 3199 3246
f 1516 437 435
f 2768 2769 3552
f 1495 541 578
f 2135 2136 28
f 3526 3540 2773
f 1690 1689 3926
f 2778 2779 2780
f 2777 2780 2781
f 2784 2778 2777
f 3555 3521 575
f 1494 1904 9
f 3529 2016 2015
f 451 61 505
f 2786 2787 2788
f 2779 2786 2785
f 2789 2752 2741
f 2790 2753 2752
f 2792 2793 2794
f 2793 2795 2796
f 2796 2797 2750
f 2794 2796 2749
f 2798 1393 1396
f 3591 2798 2754
f 2798 2799 2800
f 3591 3662 2799
f 2797 2796 2795
f 2791 2794 2753
f 216 233 232
f 3804 2806 2807
f 3805 2809 2804
f 2769 2810 3557
f 183 185 184
f 2811 2812 2775
f 2804 2811 2776
f 2809 2813 2811
f 2812 2811 2813
f 3805 2808 2816
f 3796 2818 2815
f 3798 3800 2820
f 3793 2823 2819
f 2824 2736 2735
f 2823 2825 2824
f 2825 2823 2826
f 3793 2822 2827
f 3796 2817 2826
f 2713 2716 2829
f 2828 2829 2831
f 2822 2821 2828
f 2821 2820 2713
f 2832 2827 2822
f 2833 2832 2830
f 2834 2835 2832
f 2835 2818 2827
f 2837 2838 2839
f 2836 2839 2841
f 2842 2836 2840
f 2843 2837 2836
f 2840 2841 2845
f 2718 2844 2845
f 2730 2728 2844
f 2727 2840 2844
f 2846 2845 2841
f 2829 2846 2847
f 2847 2841 2839
f 2848 2839 2838
f 2833 2848 2849
f 2831 2847 2848
f 2850 2814 2851
f 2853 2850 2852
f 2783 2777 2782
f 2785 2788 2853
f 2780 2785 2856
f 2857 2858 2855
f 2859 2857 2782
f 2861 2843 2842
f 2860 2842 2727
f 2862 2860 2726
f 2863 2861 2860
f 2861 2863 2858
f 2843 2861 2857
f 2856 2853 2854
f 2781 2856 2864
f 2837 2843 2859
f 2838 2837 2864
f 2852 2851 2834
f 2854 2852 2849
f 2865 2815 2818
f 2851 2865 2835
f 2813 2809 2815
f 2814 2813 2865
f 2866 2812 2814
f 2788 2866 2850
f 2866 2788 2787
f 2812 2866 2867
f 1892 1889 1890
f 2720 2719 2846
f 298 299 256
f 2872 2714 2713
f 3794 3800 2735
f 2729 2730 2874
f 2846 2716 2715
f 2876 2877 2878
f 2733 2875 2878
f 3806 3807 2879
f 3806 2880 2872
f 2882 2883 2884
f 2881 2884 2715
f 2880 2881 2714
f 2879 2882 2881
f 2885 2886 2887
f 2888 2889 2890
f 2885 2890 2892
f 2893 2886 2885
f 1942 2151 2532
f 2895 2892 2720
f 2884 2895 2870
f 2883 2896 2895
f 2896 2891 2892
f 2889 2874 2717
f 2890 2717 2720
f 2897 2893 2891
f 2898 2897 2896
f 2899 2898 2883
f 2900 2899 2882
f 3797 2900 2879
f 2876 2902 2901
f 2901 2902 2904
f 1785 2656 1835
f 2905 2906 2899
f 2907 2908 2897
f 3797 2901 2903
f 632 576 577
f 3532 3547 2867
f 434 385 550
f 2768 2770 3640
f 2910 2911 1623
f 2241 2912 2758
f 3640 2770 2913
f 1623 2911 2757
f 3587 2242 2757
f 2229 1381 1380
f 2765 1630 1629
f 2915 2914 1629
f 3642 3641 2914
f 3641 3622 2765
f 2919 2916 3642
f 2918 2915 2912
f 3614 2918 2241
f 3618 2919 3613
f 3541 2177 2180
f 3521 2002 2188
f 3705 3573 714
f 2925 2766 2917
f 2924 2917 2916
f 3610 2924 2919
f 3611 2925 2924
f 2926 2927 2766
f 3658 2926 2925
f 1715 1713 1705
f 785 497 498
f 1387 651 565
f 374 375 1899
f 3573 2203 2206
f 2929 2930 2886
f 2932 2933 2934
f 1905 1906 1908
f 2930 2935 2936
f 2938 2935 2930
f 1493 369 517
f 1603 1585 1586
f 2939 2938 2929
f 2940 2939 2908
f 3665 1707 1600
f 2886 2930 2937
f 2906 2907 2898
f 2908 2929 2893
f 2942 2934 2933
f 2941 2933 2937
f 3501 2941 2936
f 3498 2942 2941
f 2943 2944 2710
f 2943 2873 2874
f 2945 2943 2889
f 2946 2944 2943
f 2932 2945 2888
f 2931 2946 2945
f 727 1928 1929
f 2903 2904 2947
f 545 594 42
f 1480 1570 533
f 2907 2906 2949
f 2906 2905 2950
f 1558 452 215
f 3799 2903 2948
f 2054 1645 1644
f 3705 3684 2203
f 1828 1837 1849
f 2953 2954 2955
f 2952 2955 2957
f 2956 2261 2258
f 2953 2952 2258
f 2454 2455 2474
f 3747 2958 2959
f 3747 2132 2131
f 2961 2962 2963
f 2958 2963 2964
f 222 221 2485
f 2477 2226 2966
f 2631 2561 2006
f 2384 2454 2496
f 2967 2968 2959
f 2968 2967 2970
f 3759 2033 2971
f 3784 2971 2960
f 2972 2971 2033
f 2007 2377 2973
f 3560 3559 2134
f 1836 1833 1832
f 3506 2188 2090
f 955 810 959
f 672 675 674
f 633 710 713
f 2024 732 733
f 2025 2024 803
f 425 1552 1550
f 2975 2976 888
f 1319 1158 1157
f 1212 1935 2977
f 889 957 2228
f 1978 1974 1975
f 1138 1078 1329
f 751 665 2979
f 1619 1613 1625
f 2252 2255 1728
f 1157 1160 845
f 2706 1936 1938
f 2980 2255 2254
f 2982 2975 887
f 802 712 711
f 678 677 2029
f 527 840 690
f 1839 1207 2629
f 2983 2984 602
f 2983 1914 1913
f 2985 2983 1331
f 2986 2984 2983
f 2987 2637 2635
f 2985 2988 2639
f 2990 1319 1318
f 2991 2992 2993
f 2995 2991 2994
f 1106 1058 2991
f 1058 1057 2992
f 1415 1406 1365
f 1317 922 2217
f 1932 1728 2255
f 926 2998 2999
f 3001 2993 2992
f 3000 2992 1057
f 2999 3000 2978
f 2998 3001 3000
f 3002 2998 2209
f 3002 3003 2996
f 2993 3001 3002
f 1103 1106 2995
f 3004 2995 2996
f 2209 2210 3004
f 588 1103 3004
f 295 296 433
f 2638 2639 2988
f 3005 2988 1056
f 1305 3005 1930
f 1276 2638 3005
f 1987 1968 1993
f 2633 1762 1761
f 1423 1422 1417
f 3561 3517 739
f 2671 2670 2704
f 1473 1872 2035
f 922 1317 2694
f 1401 1400 1378
f 556 2028 1884
f 842 848 3825
f 1854 2706 2617
f 933 1082 1081
f 1440 1441 1436
f 529 657 719
f 1031 1025 1027
f 777 913 912
f 2645 1205 1204
f 441 438 1538
f 790 1287 587
f 2065 2066 1610
f 1860 991 990
f 60 106 87
f 1424 1017 1948
f 332 1527 1507
f 261 262 138
f 187 188 449
f 1719 1720 1726
f 1931 1055 1059
f 3006 1059 1105
f 1287 3006 1104
f 1286 1931 3006
f 3007 3008 3009
f 3009 3008 653
f 618 999 26
f 2029 677 1210
f 957 601 600
f 1049 2146 2228
f 2631 890 3011
f 890 889 2227
f 3011 2227 2145
f 2561 3011 3012
f 1026 656 609
f 2706 1854 1961
f 3013 2965 2485
f 2148 2147 1267
f 3015 1267 1266
f 2997 2264 1101
f 642 641 1773
f 186 477 461
f 1041 1040 1320
f 1121 3016 3017
f 2984 2986 2987
f 3018 2987 2634
f 1048 603 3018
f 603 602 2984
f 2679 2678 801
f 2062 2072 2074
f 2061 2074 2076
f 414 303 1545
f 3016 1121 2683
f 3019 2683 2704
f 3020 3019 2670
f 3007 3016 3019
f 1871 1090 1091
f 3021 1787 1122
f 3022 3021 3017
f 1314 3021 3022
f 1784 1787 3021
f 1316 1315 1763
f 3023 3022 3010
f 3023 3009 795
f 1763 3023 1092
f 1315 3022 3023
f 3016 3007 3010
f 752 751 2978
f 2986 2639 2637
f 3024 654 653
f 3020 3024 3008
f 720 723 3024
f 723 2621 654
f 2681 1098 1268
f 2671 3025 1268
f 2705 2681 3025
f 1313 3026 3027
f 3026 3028 3029
f 3027 3029 3030
f 1311 3027 3031
f 2012 568 731
f 917 2657 974
f 743 1206 856
f 1888 2027 2030
f 2682 2705 2684
f 3032 2684 1124
f 1100 3032 2989
f 1099 2682 3032
f 1123 2990 2989
f 3033 1834 1159
f 2990 3033 1158
f 1123 1786 3033
f 1786 1785 1834
f 1054 1056 2988
f 2979 665 664
f 2623 2622 2663
f 1095 660 688
f 3034 3035 2261
f 3036 3034 2956
f 3037 3038 3034
f 3038 3039 3035
f 3040 3041 3026
f 2263 3042 3041
f 3042 3039 3043
f 3041 3043 3028
f 3044 3045 3043
f 3046 3047 3045
f 3047 3048 3049
f 3043 3045 3049
f 3038 3037 3051
f 3050 3051 3053
f 3052 3046 3044
f 3039 3038 3050
f 3054 3035 3039
f 3042 2263 2262
f 2261 3035 3054
f 2216 2263 2997
f 2212 2211 2667
f 3056 868 2209
f 934 3057 1961
f 2013 3755 3757
f 3058 3059 3060
f 3059 3062 3063
f 3060 3063 2213
f 3061 3060 1963
f 3063 3064 2214
f 3062 3065 3064
f 3065 2257 2260
f 3064 2260 2215
f 3066 3067 3031
f 2608 2966 3067
f 2966 2562 3068
f 3031 3067 3068
f 2455 2458 2461
f 2476 2223 2226
f 3551 2090 2089
f 3526 2774 3769
f 433 354 355
f 2115 1423 1419
f 3509 2868 2922
f 3769 3737 2131
f 3069 2611 2167
f 2971 2972 2928
f 2961 2774 2773
f 3070 2475 2478
f 2610 2609 3071
f 2502 2371 2374
f 3072 2592 2595
f 2964 3046 3052
f 3048 2593 3074
f 2593 2592 3075
f 3075 3030 3029
f 3074 3029 3028
f 3072 3076 3075
f 3076 3072 2482
f 2481 2608 3066
f 3076 3066 3030
f 2967 3052 3053
f 2482 3072 3073
f 479 480 493
f 706 3900 3873
f 3561 2194 2221
f 2013 2010 3754
f 3533 2032 2016
f 3562 3519 2222
f 1171 1154 1155
f 2586 2566 2565
f 2982 110 113
f 2562 2376 3077
f 2376 2375 3012
f 3012 2145 2148
f 3077 2148 3015
f 2963 3047 3046
f 3051 3078 2970
f 1683 2173 491
f 3850 2122 1447
f 1986 2181 3734
f 3079 3080 2546
f 3081 3079 2575
f 1983 1986 3768
f 3082 2323 2319
f 3080 3082 2545
f 3734 3732 3082
f 3732 3748 2323
f 1309 1471 1888
f 3073 2595 2772
f 2760 3083 3084
f 2760 2085 2088
f 3085 3084 3086
f 3089 3085 3090
f 3089 2762 3084
f 3092 3088 3090
f 3093 2748 2744
f 2751 2747 2748
f 3093 2741 2752
f 2742 2741 3093
f 3094 3093 2743
f 3096 3097 3098
f 3099 3096 3087
f 3097 3094 3095
f 3100 2743 2746
f 3101 2927 3102
f 2764 2766 2927
f 2745 2764 3101
f 3102 3092 3091
f 3100 3091 3095
f 2869 2802 3592
f 3102 3103 3104
f 3658 2868 2869
f 2927 2926 3103
f 3098 3095 3091
f 3087 3098 3090
f 2088 2125 3105
f 3083 3105 3086
f 2483 3073 2771
f 2401 2186 2185
f 3099 3086 3105
f 2125 2207 3106
f 3108 2737 2742
f 3107 2742 3094
f 3110 3108 3107
f 3109 3107 3097
f 3111 3109 3096
f 3112 3110 3109
f 3113 2738 2737
f 3115 2723 2722
f 3117 3115 3114
f 3119 3117 3116
f 3118 3116 3120
f 3116 3114 3113
f 3122 3112 3111
f 3122 3123 1755
f 3124 3125 3126
f 3125 3118 3121
f 3128 3119 3118
f 3129 3128 3125
f 2020 2712 3128
f 3853 3857 1346
f 1065 1046 1047
f 1814 3838 3830
f 2021 2020 3129
f 3111 3099 3106
f 3123 3106 2207
f 2377 2225 2224
f 3014 2485 113
f 1756 2208 3782
f 3131 3132 2530
f 3133 3131 2528
f 1753 1756 3767
f 3134 3124 3127
f 2327 2408 2314
f 2436 2318 2317
f 2018 2021 3711
f 2534 3136 3137
f 2320 2322 3136
f 2185 2018 3712
f 3138 3139 2542
f 3134 3135 3744
f 3785 3130 3134
f 3140 3138 2539
f 2535 3137 3140
f 3711 2021 3130
f 2558 2530 3132
f 3782 3760 3141
f 2560 2558 3141
f 3760 3777 3142
f 958 888 2976
f 1933 1932 2980
f 2399 2424 2418
f 2348 2342 2343
f 2322 2320 2319
f 2718 2717 2874
f 2709 2729 2873
f 2894 2871 1361
f 346 289 176
f 1876 1877 1882
f 2802 2803 3607
f 3104 3144 3088
f 2974 2222 3649
f 3089 3145 2761
f 3088 3144 3145
f 2803 2974 3603
f 3870 3909 692
f 2123 1419 1418
f 1365 1363 1368
f 1581 1766 1782
f 3569 2202 2129
f 3555 2003 2002
f 3146 2585 2551
f 3751 3146 3147
f 3742 3149 3146
f 3149 2584 2585
f 3196 3198 3197
f 3604 2192 2191
f 3142 3150 2556
f 3777 3778 3150
f 3646 3152 2550
f 3150 3151 2555
f 3778 3780 3151
f 3788 3781 3152
f 3153 3147 2551
f 3152 3153 2549
f 3781 3776 3153
f 3776 3750 3147
f 3148 2767 2206
f 2183 2401 2321
f 2132 2960 2928
f 3684 3685 2204
f 3719 2198 2197
f 2594 2962 2773
f 2595 2594 2951
f 1870 798 799
f 3713 2179 2178
f 3706 2178 3736
f 336 3154 3774
f 339 3155 3154
f 3789 3683 3149
f 3683 3697 2584
f 2963 2962 3048
f 3722 3730 337
f 339 338 2566
f 3156 3157 2168
f 2610 3156 2167
f 2954 2953 3156
f 3157 3156 2953
f 3707 2166 2169
f 2567 3158 3159
f 337 3158 2567
f 3730 3069 2166
f 3764 2190 1983
f 2579 3160 3081
f 2568 3159 3160
f 3709 2169 2190
f 3065 3062 3162
f 3161 3162 1984
f 3157 3161 2189
f 2257 3065 3161
f 734 735 1922
f 3059 3058 2708
f 3163 2708 2182
f 3162 3163 1985
f 3062 3059 3163
f 3203 3206 3205
f 2122 2119 1448
f 3817 1686 1685
f 139 140 444
f 1570 569 566
f 2957 3164 3165
f 2955 3166 3164
f 1912 454 341
f 3130 3129 3124
f 1548 322 319
f 1949 1950 1327
f 2969 2970 3078
f 3167 3078 3169
f 3724 2014 2017
f 3720 2017 2033
f 3168 3169 3165
f 3170 3165 3164
f 3779 3170 3171
f 3724 3168 3170
f 3171 3164 3166
f 3172 3166 3071
f 3752 3172 3173
f 3756 3171 3172
f 3169 3037 3036
f 2593 3048 2962
f 3173 3071 2609
f 3174 2609 2199
f 3783 3174 2198
f 3749 3173 3174
f 2190 2189 1984
f 2196 2195 2767
f 2119 2120 1414
f 1464 1463 1466
f 2199 2611 3069
f 2457 2456 2587
f 2226 2225 2562
f 481 478 1627
f 333 1512 235
f 3078 3051 3037
f 3040 2264 2997
f 2219 1934 1933
f 2385 2384 2497
f 221 2220 3175
f 2220 1933 3143
f 3175 3143 2976
f 2484 3175 2975
f 2954 3071 3166
f 2630 1858 110
f 1547 319 1952
f 2091 2090 2188
f 3733 3736 2178
f 1918 1919 1927
f 3563 112 111
f 955 956 960
f 2037 3014 112
f 3143 2980 2981
f 2218 2211 2214
f 672 3877 3787
f 2152 3013 3014
f 1147 1144 1143
f 2248 2246 1409
f 1615 1636 1635
f 1410 1409 2246
f 3241 3243 3242
f 1382 3176 3177
f 3177 1410 2247
f 2247 1383 3177
f 3176 2238 2230
f 1410 3177 3179
f 3179 3180 2243
f 1633 3181 2800
f 1621 1620 2758
f 1622 1621 2245
f 2236 1394 3181
f 2237 2236 3182
f 2250 1631 2233
f 2912 1629 1628
f 135 136 1564
f 1567 419 512
f 1085 1084 2653
f 3184 869 868
f 869 3184 3057
f 1266 1268 1098
f 1267 2147 722
f 937 1146 2646
f 2146 1049 722
f 2211 2218 921
f 1957 510 507
f 1313 1312 2264
f 1496 362 1493
f 2887 2937 2933
f 1687 1688 1659
f 145 1499 1498
f 37 38 418
f 1935 1934 3185
f 104 89 301
f 2101 2098 2083
f 543 298 360
f 1934 2219 3186
f 234 1521 212
f 3845 3821 1822
f 1976 1875 1874
f 223 3186 2219
f 3655 3656 3605
f 2165 2164 467
f 467 468 2165
f 773 476 2165
f 1935 1212 1728
f 3240 3225 3226
f 3261 3249 3250
f 3215 3216 3244
f 3265 3221 3215
f 3267 3245 3198
f 3205 3206 3269
f 3214 3211 3265
f 3271 3213 3214
f 3251 3252 3239
f 3222 3221 3266
f 3232 3235 3234
f 3216 3242 3243
f 3196 3193 3268
f 3244 3243 3254
f 3238 3239 3247
f 3264 3244 3255
f 3253 3242 3216
f 3211 3266 3221
f 3257 3217 3218
f 3258 3222 3272
f 3274 3275 3280
f 3228 3229 3262
f 3275 3231 3281
f 3226 3227 3273
f 3236 3263 3260
f 3281 3263 3236
f 3287 3271 3192
f 3235 3226 3280
f 3234 3280 3281
f 3288 3290 3259
f 3260 3250 3276
f 3289 3212 3278
f 3210 3209 3224
f 3199 3202 3201
f 3228 3231 3230
f 3290 3288 3285
f 3282 3279 3271
f 3260 3263 3262
f 3243 3241 3268
f 3267 3268 3241
f 3194 3207 3208
f 3191 3270 3269
f 3270 3191 3192
f 3275 3274 3230
f 3264 3269 3270
f 3252 3251 3276
f 3248 3252 3291
f 3213 3271 3279
f 3272 3266 3289
f 3277 3278 3212
f 3228 3263 3281
f 3220 3225 3253
f 3219 3253 3217
f 3256 3218 3222
f 3247 3239 3252
f 3245 3267 3232
f 3266 3211 3212
f 3208 3205 3255
f 3288 3289 3284
f 3204 3205 3208
f 560 1899 3187
f 3209 3210 3201
f 3189 3192 3191
f 448 1980 807
f 647 648 122
f 1833 1848 1780
f 510 509 508
f 3210 1949 1887
f 1887 15 3200
f 15 16 3197
f 16 3188 3195
f 3195 3188 3187
f 3194 3187 1899
f 3207 1899 375
f 387 173 126
f 3189 1791 1760
f 3577 763 757
f 763 3577 2172
f 3583 3582 3580
f 3581 3580 3579
f 3594 3597 3596
f 3400 3601 3602
f 3626 3624 3625
f 3631 3635 3599
f 3636 3637 3595
f 3647 3584 3588
f 3650 3582 3584
f 3653 3579 3580
f 3653 2176 3654
f 1801 1864 3656
f 3651 3580 3582
f 3644 3638 3595
f 1767 1768 3659
f 1597 3663 3661
f 1708 1707 3665
f 3671 3668 3667
f 3666 3667 3673
f 1588 1708 3664
f 2080 3671 3666
f 2082 3666 3672
f 3674 3677 3635
f 3677 3678 3636
f 3682 3647 3645
f 3692 3651 3650
f 3681 3645 3644
f 786 3694 3692
f 3694 3653 3651
f 785 3692 3686
f 497 3686 3682
f 650 3682 3681
f 3696 564 3681
f 3405 3606 3605
f 3702 3699 3678
f 3699 3698 3679
f 3645 3588 3638
f 1799 3657 3659
f 3708 3704 3458
f 3462 3710 3708
f 3714 463 564
f 3615 3606 3602
f 3710 3714 3696
f 3635 3636 3596
f 3629 3626 3627
f 3597 3600 3599
f 3630 3716 3715
f 3627 3625 3597
f 3717 3716 3723
f 3715 3663 3660
f 3716 3717 3725
f 3668 3665 3661
f 3668 3725 3717
f 3667 3717 3718
f 3727 3728 3673
f 3728 1576 3672
f 3726 3727 3718
f 1576 2101 2084
f 3727 3726 3731
f 3203 376 1387
f 3190 1387 1791
f 3283 2152 1949
f 317 240 259
f 2000 2176 3653
f 3601 3599 3600
f 3589 3588 3584
f 3577 758 756
f 3585 3584 3582
f 3678 3679 3637
f 3204 375 376
f 1801 3655 3657
f 3729 3735 3728
f 1575 3735 3738
f 3735 1575 1576
f 1776 1795 1796
f 1293 1294 1290
f 1326 14 1327
f 1294 1245 1234
f 878 1244 1330
f 497 373 374
f 122 648 413
f 3699 3702 3704
f 3606 3405 3401
f 3708 3710 3698
f 3464 3714 3710
f 3704 3674 3443
f 439 398 399
f 1512 1528 1526
f 1668 1741 1738
f 839 849 1362
f 1362 1357 826
f 3843 740 1896
f 2053 2054 2118
f 3888 3887 2120
f 696 697 3816
f 1826 1878 639
f 3740 3739 3729
f 956 885 886
f 1980 806 1922
f 33 34 105
f 1343 1344 3856
f 3907 2127 2128
f 1766 1581 1582
f 14 1326 2163
f 595 98 99
f 3233 3238 3246
f 1346 1035 1044
f 748 1888 1425
f 3193 3208 3254
f 3190 3191 3206
f 3612 3605 3606
f 3624 3612 3615
f 3631 3415 3443
f 3679 3680 3644
f 3686 3650 3647
f 3702 3677 3674
f 3625 3615 3600
f 3601 3400 3415
f 3739 3738 3735
f 3630 3627 3594
f 3741 3723 3716
f 1284 1290 1288
f 3698 3696 3680
f 1778 1781 1780
f 1792 1759 1584
f 695 570 571
f 3638 3741 3594
f 3741 3638 3588
f 3247 3248 3209
f 3292 3293 3294
f 3296 3297 3298
f 3299 3298 3300
f 3302 3303 3304
f 3306 3307 3308
f 3307 3310 3311
f 3303 3302 3301
f 3312 3305 3304
f 3314 3315 3316
f 3318 3319 3320
f 3324 3318 3321
f 3326 3327 3328
f 3329 3330 3331
f 3333 3334 3335
f 3337 3338 3339
f 3333 3336 3341
f 3342 3341 3343
f 3319 3345 3344
f 3338 3335 3334
f 3346 3301 3302
f 3305 3348 3347
f 3312 3224 3223
f 3350 3337 3340
f 3312 3349 3348
f 3352 3343 3341
f 3311 3353 3354
f 3341 3336 3327
f 3359 3360 3361
f 3360 3359 3250
f 3318 3363 3345
f 3364 3363 3318
f 3314 3364 3324
f 3366 3299 3301
f 3299 3366 3367
f 3308 3354 3368
f 3369 3317 3295
f 3317 3369 3364
f 3370 3295 3317
f 3325 3371 3365
f 3352 3320 3319
f 3296 3367 3353
f 3297 3296 3311
f 3363 3368 3354
f 3345 3354 3353
f 3344 3353 3367
f 3366 3333 3342
f 3347 3339 3334
f 3339 3347 3348
f 3348 3349 3351
f 3363 3364 3369
f 3294 3309 3368
f 3293 3306 3309
f 3331 3373 3374
f 3346 3334 3333
f 3323 3322 3352
f 3356 3355 3321
f 3355 3357 3325
f 3357 3358 3371
f 3322 3356 3320
f 3361 3330 3329
f 3373 3372 3375
f 3374 3375 3376
f 3329 3332 3376
f 3327 3375 3372
f 3336 3335 3375
f 3335 3338 3376
f 3376 3338 3337
f 3337 3350 3359
f 3359 3350 3276
f 3377 3292 3295
f 3277 3316 3315
f 3371 3378 3379
f 3378 3371 3358
f 3365 3379 3315
f 3316 3277 3279
f 3282 3377 3370
f 3313 3283 3224
f 3378 3285 3284
f 3380 3286 3285
f 3379 3284 3278
f 3276 3350 3351
f 3291 3351 3349
f 3313 3304 2965
f 2965 3304 3303
f 222 3303 3300
f 223 3300 3298
f 3298 3297 3185
f 3297 3310 2977
f 3310 3307 1213
f 3307 3306 1214
f 2532 1214 3306
f 2894 2532 3293
f 2871 2894 3292
f 3253 3225 3240
f 3283 3313 3013
f 1997 1996 1889
f 1237 745 744
f 1535 1534 120
f 1531 1532 201
f 1119 1241 1032
f 946 948 824
f 163 8 5
f 3589 3726 3723
f 1155 1156 1162
f 427 213 327
f 553 1902 796
f 3381 2232 2231
f 3381 3178 2230
f 2237 3183 3180
f 3383 3384 3385
f 3384 3386 3387
f 3386 3388 3389
f 3388 3390 3391
f 3392 3393 3394
f 3395 3394 3396
f 3398 3399 3397
f 3400 3401 3399
f 3403 3404 3405
f 3406 3407 3404
f 3408 3409 3407
f 3410 3411 3409
f 3412 3413 3411
f 3415 3400 3398
f 3414 3398 3396
f 3416 3396 3394
f 3417 3394 3393
f 3393 3419 3420
f 3419 3390 3421
f 3390 3388 3422
f 3388 3386 3423
f 3386 3384 3424
f 3384 3383 3425
f 3425 3383 3426
f 2904 3427 3428
f 3429 3427 2904
f 3430 3429 2902
f 2875 3431 3430
f 3432 3433 2733
f 2825 3434 3435
f 3437 3438 3439
f 3441 3437 3436
f 2724 2723 3434
f 3436 3439 3115
f 3440 3436 3117
f 3443 3415 3414
f 3442 3414 3416
f 3444 3416 3417
f 3445 3417 3418
f 3446 3418 3420
f 3420 3421 3448
f 3421 3422 3449
f 3422 3423 3450
f 3423 3424 3451
f 3424 3425 3452
f 3425 3184 3056
f 3451 3452 2253
f 3450 3451 2252
f 3449 3450 1727
f 3448 3449 2150
f 3453 3447 3448
f 3454 3446 3447
f 3455 3445 3446
f 3456 3444 3445
f 3442 3444 3456
f 3443 3442 3457
f 3459 3460 3458
f 3457 3456 3455
f 3459 3455 3454
f 3462 3460 3459
f 3461 3454 3453
f 3464 3462 3461
f 3463 3453 1941
f 3404 3399 3401
f 3407 3397 3399
f 3409 3395 3397
f 3411 3392 3395
f 3465 3466 3413
f 3467 3468 3469
f 3465 3412 3431
f 3470 3467 3466
f 3438 3470 3432
f 3467 3470 3438
f 3468 3467 3437
f 3471 3469 3468
f 3472 3468 3441
f 3473 3441 3440
f 2712 3440 3119
f 3475 3471 3472
f 3474 3472 3473
f 3476 3473 2712
f 3477 3476 2711
f 3478 3474 3476
f 3479 3475 3474
f 3392 3411 3413
f 3466 3469 3480
f 3419 3393 3392
f 3390 3419 3480
f 3469 3471 3391
f 3389 3391 3471
f 3387 3389 3475
f 3385 3387 3479
f 3482 3477 2400
f 3483 3478 3477
f 3481 3479 3478
f 3484 3482 2402
f 3058 3484 2707
f 3061 3485 3484
f 3485 3483 3482
f 3382 3385 3481
f 3486 3481 3483
f 3426 3383 3382
f 3487 3382 3486
f 3486 3485 3061
f 1961 3057 3487
f 3057 3184 3426
f 3428 3403 3402
f 3427 3406 3403
f 3429 3408 3406
f 3430 3410 3408
f 3431 3412 3410
f 3470 3465 3433
f 3434 3439 3438
f 2723 3115 3439
f 2875 2733 3433
f 2736 2824 3435
f 2947 3428 3488
f 3464 3463 1360
f 1900 1925 1924
f 1736 1717 1718
f 1955 1952 1943
f 1671 1738 1735
f 1696 1750 1698
f 1800 1865 1864
f 2063 2055 2056
f 1737 1734 1717
f 1751 1735 1697
f 943 3885 3899
f 3656 3488 3402
f 1577 1578 1764
f 3917 1598 1599
f 1945 146 82
f 68 6 7
f 147 1542 1543
f 1109 1135 1133
f 1503 1910 1907
f 1499 1501 1909
f 452 1922 735
f 1824 2068 3835
f 1825 2067 2068
f 1463 1462 1022
f 841 1012 1009
f 1568 1547 1955
f 1910 1503 1502
f 1939 1502 422
f 309 280 1940
f 1804 1851 1866
f 269 1482 1954
f 2065 1607 2060
f 3812 1685 1758
f 280 276 552
f 1875 1873 1869
f 1739 1721 1734
f 1778 1779 1790
f 310 1920 1915
f 1909 1908 1906
f 1789 1783 1778
f 978 981 980
f 1584 1759 1731
f 425 426 311
f 148 1543 115
f 2044 3897 3894
f 277 1910 1939
f 1943 1946 1945
f 1461 1462 1463
f 2253 3452 3056
f 2981 2254 3489
f 2209 2998 3489
f 2254 2253 3055
f 2998 926 958
f 2826 2817 2721
f 3490 2739 2721
f 2816 3491 3490
f 2334 2297 2296
f 2298 2297 2334
f 2301 2298 2336
f 2311 2301 2338
f 2312 2311 2354
f 2359 2358 2361
f 2335 2296 2359
f 2414 2413 2365
f 2413 2270 2361
f 2355 2352 2540
f 2541 2540 2539
f 2722 2721 2739
f 3114 2722 2738
f 3110 3112 3121
f 3108 3110 3120
f 3122 1754 3127
f 3112 3122 3126
f 3127 1754 1753
f 3139 3133 2529
f 3744 3775 3133
f 3490 2789 2740
f 3491 2790 2789
f 228 229 91
f 245 244 243
f 248 7 247
f 2 297 296
f 145 146 300
f 327 213 210
f 329 332 331
f 239 241 240
f 373 376 375
f 178 177 176
f 1218 1225 1228
f 3862 1231 1295
f 808 809 824
f 3858 3859 1013
f 3813 3810 1411
f 2154 2149 2159
f 3845 3835 1758
f 306 807 1922
f 2157 2153 1976
f 708 709 2031
f 1450 1226 1227
f 1672 1604 1605
f 1813 1814 1821
f 1717 1716 1715
f 176 159 402
f 1710 1705 3916
f 1712 1580 1577
f 1705 1713 1711
f 971 978 979
f 822 823 1094
f 2909 2810 2793
f 2810 2769 2795
f 2799 2910 2249
f 3662 3643 2910
f 2769 2768 2801
f 3177 3176 3178
f 3178 3381 3180
f 3181 1394 1393
f 3181 1633 1632
f 3182 1632 2244
f 3183 2244 2243
f 3492 2791 2790
f 2808 3492 3491
f 2239 3574 3572
f 1149 1150 3571
f 1150 2009 3567
f 2202 3569 3566
f 2921 3564 3565
f 3568 3560 2133
f 1777 1579 1759
f 1201 1196 1183
f 3561 3554 2195
f 3553 3576 2770
f 3927 3925 1687
f 1516 152 154
f 3549 3562 2974
f 3550 3548 2779
f 2771 2772 3575
f 3070 2771 3546
f 3547 3544 2775
f 1376 1375 1370
f 2767 3543 3556
f 2195 3554 3543
f 2775 3544 3542
f 3377 3282 3545
f 3804 3802 3539
f 2776 3542 3538
f 2240 3572 3535
f 2920 3535 3669
f 3548 3534 2786
f 1805 1850 1851
f 3534 3532 2787
f 2951 2773 3540
f 2772 2951 3531
f 2973 2224 3530
f 2224 2223 3537
f 1957 1953 320
f 306 305 304
f 2770 3576 3528
f 2913 3528 3574
f 2923 3565 3527
f 308 1940 431
f 207 208 132
f 1879 1876 1881
f 3733 3787 3525
f 2475 3070 3558
f 2476 2475 3524
f 2223 2476 3523
f 3522 3549 2803
f 2037 3563 11
f 1959 1958 450
f 2003 3555 3520
f 9 10 334
f 2009 2008 3518
f 2008 2973 3536
f 3877 672 673
f 3515 3550 2778
f 2935 3514 3513
f 111 1149 3570
f 3510 3514 2935
f 683 3876 3885
f 3508 3557 2810
f 736 733 732
f 1795 1804 1803
f 3505 3510 2938
f 3507 3505 2939
f 2950 3512 3504
f 2940 2949 3504
f 3801 3791 3512
f 2868 3509 3502
f 2869 3502 3522
f 1024 1034 1023
f 3500 3503 2948
f 551 1939 442
f 2972 3499 3568
f 2032 3533 3499
f 216 93 1924
f 203 202 201
f 1828 1848 1847
f 1958 1957 449
f 272 271 178
f 2871 3545 3495
f 3619 3669 3564
f 2801 2768 3643
f 2005 3758 3654
f 960 886 899
f 3657 3655 3612
f 3780 3788 3646
f 3151 3646 3593
f 2193 3604 3623
f 3607 3603 3145
f 3603 3649 2761
f 3592 3607 3144
f 2926 3658 3634
f 3634 3592 3104
f 3755 3754 3746
f 566 567 3758
f 3488 3656 1864
f 1602 1586 2079
f 2868 3658 3611
f 2922 3611 3610
f 2923 3610 3618
f 3670 3613 2918
f 3619 3670 3614
f 2921 3618 3670
f 2920 3614 3586
f 3613 3642 2915
f 2917 2766 3622
f 2916 2917 3641
f 2239 3587 3652
f 2911 3640 3652
f 3643 3640 2911
f 2797 2801 3662
f 2797 3591 3598
f 3622 3628 2763
f 3608 3628 2764
f 2194 3623 3648
f 2221 3648 3649
f 2756 3608 3609
f 2750 3598 3609
f 3669 3535 1817
f 3763 3770 1691
f 2515 3621 3590
f 2548 3590 3593
f 2513 2489 3632
f 2513 3616 3621
f 2509 3633 3620
f 2510 3632 3633
f 2289 3620 3639
f 2283 3639 3617
f 2240 3586 3587
f 3659 3657 3624
f 716 2121 3887
f 727 1999 3761
f 2165 2171 2170
f 3660 3659 3626
f 3743 3581 3578
f 2175 2172 769
f 2100 500 2095
f 3758 567 3757
f 640 3560 3568
f 1653 3576 3553
f 1895 3536 3530
f 746 3530 3537
f 1653 1810 3528
f 3762 1603 1604
f 2093 2075 2073
f 959 996 995
f 962 899 919
f 1400 1401 1398
f 1000 817 1127
f 956 959 884
f 1662 3548 3550
f 2034 3558 3546
f 3926 1689 3539
f 3535 3572 766
f 3572 3574 765
f 334 3570 3571
f 1868 3531 3540
f 1684 1651 1652
f 1682 1683 775
f 1585 1603 3762
f 3763 3762 1672
f 2173 2174 490
f 1658 3544 3547
f 3556 3543 1650
f 1571 3754 2010
f 1587 3664 3671
f 2099 2095 2077
f 787 3761 1999
f 2000 3694 786
f 3155 339 3697
f 3713 3155 3683
f 2180 2179 3685
f 3496 2180 3684
f 1684 3846 3840
f 1760 464 3495
f 2607 3689 3693
f 2581 3676 3689
f 2371 2502 3700
f 2371 3695 3693
f 2587 3676 3675
f 2586 3675 3697
f 2497 3691 3687
f 2502 2503 3687
f 2494 3691 3690
f 3690 3688 2472
f 3688 3701 2468
f 3701 3703 2469
f 726 3908 3892
f 581 3567 3518
f 10 3511 3570
f 1837 3514 3510
f 741 3537 3523
f 1299 3524 3558
f 1851 3507 3504
f 3527 3565 1820
f 580 3518 3536
f 1758 1685 3522
f 1693 3557 3508
f 3504 3512 1867
f 1894 1826 3568
f 2126 1418 3813
f 3906 2126 3841
f 2113 3911 3867
f 2179 3713 3789
f 624 3903 3904
f 2192 3604 3788
f 2177 3541 3787
f 1364 3824 3833
f 3858 3855 1470
f 3135 1753 3775
f 2069 3812 3835
f 1351 3861 3853
f 2108 3882 3901
f 2089 2092 3736
f 3828 3834 1358
f 2001 3749 3783
f 2187 3783 3719
f 2130 3756 3752
f 2004 3752 3749
f 2014 3724 3779
f 2201 3779 3756
f 3167 3720 3759
f 3168 3724 3720
f 3159 3709 3764
f 3160 3764 3765
f 3730 3707 3158
f 3158 3707 3709
f 2200 3069 3730
f 3685 3789 3742
f 3722 3774 2197
f 3790 3736 2092
f 3774 3790 3721
f 3154 3706 3790
f 3155 3713 3706
f 2091 3719 3721
f 2196 3148 3750
f 2193 2196 3776
f 3604 2193 3781
f 2086 2192 3780
f 2087 2086 3778
f 2204 3742 3751
f 2205 3751 3750
f 3909 3886 574
f 2124 2087 3777
f 2208 2124 3760
f 3711 3785 3140
f 3785 3745 3138
f 3745 3744 3139
f 3771 3712 3136
f 3712 3711 3137
f 3775 3767 3131
f 3767 3782 3132
f 1813 3839 3838
f 1293 3854 3856
f 2184 2321 3748
f 2181 2184 3732
f 3765 3768 3079
f 3768 3734 3080
f 709 3873 3875
f 2774 2961 3737
f 3786 3769 2134
f 3809 3808 766
f 2968 3784 3766
f 2969 3759 3784
f 2958 3747 3737
f 2132 3747 3766
f 2321 2185 3771
f 3860 3848 1449
f 3905 3874 582
f 3886 3889 577
f 3847 3826 1818
f 705 3902 3887
f 3816 3912 3907
f 2111 3883 3911
f 3810 3829 1366
f 1812 3839 3822
f 675 3851 3852
f 3496 3705 3851
f 2110 3867 3868
f 2104 3896 3901
f 2109 3868 3899
f 3842 3831 703
f 1680 3811 3846
f 1639 1627 3819
f 623 3904 3906
f 2139 2140 3866
f 1808 1640 3844
f 3820 3821 1819
f 3872 3914 3900
f 1646 3832 3830
f 3889 3890 633
f 2139 3865 3875
f 2156 2155 3871
f 674 3852 3913
f 2117 3817 3812
f 1815 3822 3847
f 3855 3849 1444
f 697 3906 3912
f 866 842 3836
f 3864 3869 2136
f 3585 3731 3726
f 3583 3740 3731
f 3753 3746 3738
f 3740 3583 3581
f 1088 3738 3746
f 3739 3740 3743
f 2791 3492 3493
f 3492 2808 2807
f 2792 3493 3494
f 3493 2807 2806
f 3508 2909 3494
f 3516 3494 2806
f 2948 3503 3791
f 2105 3908 3896
f 3538 3802 3804
f 680 3878 3876
f 1891 1890 3910
f 2905 3799 3801
f 2900 3797 3799
f 2901 3797 3807
f 2734 2878 3806
f 2877 3807 3806
f 2820 3800 3794
f 2818 3796 3792
f 2823 3793 3792
f 2822 3793 3798
f 2819 2735 3800
f 2817 3796 3795
f 2809 3805 3795
f 2808 3805 3803
f 2805 3804 3803
f 1702 3921 3923
f 3922 3920 1797
f 3915 3916 1706
f 3918 3927 1692
f 1657 3898 3880
f 1890 1877 3895
f 3772 3770 1674
f 1689 1690 3772
f 3926 3802 3538
f 3516 3539 1689
f 3917 3923 1703
f 1598 3917 3928
f 3880 3884 1876
f 1691 1690 3925
f 3925 3926 1688
f 3934 3933 3937
f 3934 3938 3939
f 3932 3936 3937
f 3938 3942 3943
f 3937 3936 3940
f 3937 3941 3942
f 3942 3946 3947
f 3941 3940 3944
f 3942 3941 3945
f 3947 3946 3950
f 3944 3948 3949
f 3945 3949 3950
f 3950 3954 3955
f 3949 3948 3952
f 3950 3949 3953
f 3955 3954 3958
f 3953 3952 3956
f 3953 3957 3958
f 3959 3958 3962
f 3957 3956 3960
f 3958 3957 3961
f 3962 3966 3967
f 3960 3964 3965
f 3961 3965 3966
f 3966 3970 3971
f 3965 3964 3968
f 3966 3965 3969
f 3970 3974 3975
f 3968 3972 3973
f 3969 3973 3974
f 3974 3978 3979
f 3973 3972 3976
f 3974 3973 3977
f 3979 3978 3982
f 3976 3980 3981
f 3977 3981 3982
f 3982 3986 3987
f 3981 3980 3984
f 3982 3981 3985
f 3987 3986 3990
f 3984 3988 3989
f 3985 3989 3990
f 3991 3990 3994
f 3989 3988 3992
f 3990 3989 3993
f 3995 3994 3998
f 3992 3996 3997
f 3993 3997 3998
f 3998 4002 4003
f 3997 3996 4000
f 3998 3997 4001
f 4002 4006 4007
f 4000 4004 4005
f 4001 4005 4006
f 4006 4010 4011
f 4005 4004 4008
f 4006 4005 4009
f 4011 4010 4014
f 4008 4012 4013
f 4009 4013 4014
f 4014 4018 4019
f 4013 4012 4016
f 4014 4013 4017
f 4019 4018 4022
f 4016 4020 4021
f 4017 4021 4022
f 4023 4022 4026
f 4021 4020 4024
f 4022 4021 4025
f 4027 4026 4030
f 4024 4028 4029
f 4025 4029 4030
f 4031 4030 4034
f 4029 4028 4032
f 4030 4029 4033
f 4034 4038 4039
f 4032 4036 4037
f 4033 4037 4038
f 4038 4042 4043
f 4037 4036 4040
f 4038 4037 4041
f 4043 4042 4046
f 4040 4044 4045
f 4041 4045 4046
f 4046 4050 4051
f 4045 4044 4048
f 4046 4045 4049
f 4051 4050 4055
f 4048 4053 4054
f 4049 4054 4055
f 4056 4055 4059
f 4053 4057 4058
f 4055 4054 4058
f 4060 4059 3934
f 4058 4057 3932
f 4058 3933 3934
f 4069 4068 4081
f 4066 4079 4080
f 4065 4064 4077
f 4063 4062 4075
f 4071 4084 4085
f 4069 4082 4083
f 4067 4080 4081
f 4066 4065 4078
f 4063 4076 4077
f 4061 4074 4075
f 4072 4085 4086
f 4071 4070 4083
f 4076 4089 4090
f 4074 4087 4088
f 4086 4085 4098
f 4083 4096 4097
f 4082 4081 4094
f 4079 4092 4093
f 4078 4077 4090
f 4076 4075 4088
f 4085 4084 4097
f 4082 4095 4096
f 4080 4093 4094
f 4079 4078 4091
f 4089 4102 4103
f 4088 4087 4100
f 4098 4111 4112
f 4096 4109 4110
f 4095 4094 4107
f 4092 4105 4106
f 4090 4103 4104
f 4089 4088 4101
f 4097 4110 4111
f 4095 4108 4109
f 4094 4093 4106
f 4092 4091 4104
f 4103 4102 4115
f 4100 4113 4114
f 4112 4111 4124
f 4110 4109 4122
f 4107 4120 4121
f 4105 4118 4119
f 4103 4116 4117
f 4101 4114 4115
f 4110 4123 4124
f 4109 4108 4121
f 4107 4106 4119
f 4105 4104 4117
f 4115 4128 4129
f 4114 4113 4126
f 4124 4137 4138
f 4123 4122 4135
f 4120 4133 4134
f 4119 4118 4131
f 4117 4116 4129
f 4114 4127 4128
f 4124 4123 4136
f 4122 4121 4134
f 4119 4132 4133
f 4117 4130 4131
f 4129 4128 4141
f 4126 4139 4140
f 4138 4137 4150
f 4136 4135 4148
f 4133 4146 4147
f 4131 4144 4145
f 4130 4129 4142
f 4127 4140 4141
f 4137 4136 4149
f 4135 4134 4147
f 4132 4145 4146
f 4131 4130 4143
f 4142 4141 4154
f 4140 4139 4152
f 4150 4163 4164
f 4149 4148 4161
f 4146 4159 4160
f 4144 4157 4158
f 4142 4155 4156
f 4140 4153 4154
f 4149 4162 4163
f 4148 4147 4160
f 4146 4145 4158
f 4144 4143 4156
f 4155 4154 4167
f 4153 4152 4165
f 4163 4176 4177
f 4161 4174 4175
f 4159 4172 4173
f 4158 4157 4170
f 4155 4168 4169
f 4153 4166 4167
f 4163 4162 4175
f 4161 4160 4173
f 4159 4158 4171
f 4156 4169 4170
f 4167 4180 4181
f 4165 4178 4179
f 4176 4189 4190
f 4175 4174 4187
f 4173 4172 4185
f 4170 4183 4184
f 4169 4168 4181
f 4167 4166 4179
f 4175 4188 4189
f 4173 4186 4187
f 4171 4184 4185
f 4170 4169 4182
f 4180 4193 4194
f 4178 4191 4192
f 4190 4189 4202
f 4187 4200 4201
f 4186 4185 4198
f 4183 4196 4197
f 4182 4181 4194
f 4180 4179 4192
f 4189 4188 4201
f 4186 4199 4200
f 4184 4197 4198
f 4183 4182 4195
f 4193 4206 4207
f 4192 4191 4204
f 4202 4215 4216
f 4200 4213 4214
f 4199 4198 4211
f 4196 4209 4210
f 4194 4207 4208
f 4193 4192 4205
f 4201 4214 4215
f 4199 4212 4213
f 4198 4197 4210
f 4196 4195 4208
f 4207 4206 4219
f 4204 4217 4218
f 4216 4215 4228
f 4213 4226 4227
f 4211 4224 4225
f 4209 4222 4223
f 4207 4220 4221
f 4205 4218 4219
f 4214 4227 4228
f 4213 4212 4225
f 4211 4210 4223
f 4209 4208 4221
f 4219 4232 4233
f 4218 4217 4230
f 4228 4241 4242
f 4226 4239 4240
f 4225 4224 4237
f 4223 4222 4235
f 4221 4220 4233
f 4218 4231 4232
f 4228 4227 4240
f 4226 4225 4238
f 4223 4236 4237
f 4221 4234 4235
f 4233 4232 4245
f 4230 4243 4244
f 4242 4241 4254
f 4240 4239 4252
f 4237 4250 4251
f 4235 4248 4249
f 4234 4233 4246
f 4231 4244 4245
f 4241 4240 4253
f 4239 4238 4251
f 4236 4249 4250
f 4235 4234 4247
f 4246 4245 4258
f 4244 4243 4256
f 4254 4267 4268
f 4253 4252 4265
f 4250 4263 4264
f 4248 4261 4262
f 4246 4259 4260
f 4244 4257 4258
f 4253 4266 4267
f 4252 4251 4264
f 4250 4249 4262
f 4248 4247 4260
f 4259 4258 4271
f 4257 4256 4269
f 4267 4280 4281
f 4265 4278 4279
f 4263 4276 4277
f 4262 4261 4274
f 4259 4272 4273
f 4257 4270 4271
f 4266 4279 4280
f 4265 4264 4277
f 4263 4262 4275
f 4260 4273 4274
f 4271 4284 4285
f 4269 4282 4283
f 4281 4280 4293
f 4279 4278 4291
f 4277 4276 4289
f 4274 4287 4288
f 4273 4272 4285
f 4271 4270 4283
f 4280 4279 4292
f 4277 4290 4291
f 4275 4288 4289
f 4274 4273 4286
f 4284 4297 4298
f 4282 4295 4296
f 4294 4293 4306
f 4291 4304 4305
f 4290 4289 4302
f 4287 4300 4301
f 4286 4285 4298
f 4284 4283 4296
f 4293 4292 4305
f 4290 4303 4304
f 4288 4301 4302
f 4287 4286 4299
f 4297 4310 4311
f 4296 4295 4308
f 4306 4319 4320
f 4304 4317 4318
f 4303 4302 4315
f 4300 4313 4314
f 4298 4311 4312
f 4297 4296 4309
f 4305 4318 4319
f 4304 4303 4316
f 4302 4301 4314
f 4300 4299 4312
f 4310 4323 4324
f 4308 4321 4322
f 4320 4319 4332
f 4318 4317 4330
f 4316 4315 4328
f 4313 4326 4327
f 4311 4324 4325
f 4310 4309 4322
f 4318 4331 4332
f 4316 4329 4330
f 4315 4314 4327
f 4312 4325 4326
f 4323 4336 4337
f 4322 4321 4334
f 4332 4345 4346
f 4330 4343 4344
f 4329 4328 4341
f 4327 4326 4339
f 4325 4324 4337
f 4322 4335 4336
f 4332 4331 4344
f 4330 4329 4342
f 4327 4340 4341
f 4325 4338 4339
f 4337 4336 4350
f 4334 4348 4349
f 4346 4345 4359
f 4344 4343 4357
f 4341 4355 4356
f 4340 4339 4353
f 4338 4337 4351
f 4335 4349 4350
f 4345 4344 4358
f 4343 4342 4356
f 4340 4354 4355
f 4338 4352 4353
f 4351 4350 4363
f 4349 4348 4361
f 4359 4372 4373
f 4358 4357 4370
f 4355 4368 4369
f 4354 4353 4366
f 4351 4364 4365
f 4349 4362 4363
f 4358 4371 4372
f 4357 4356 4369
f 4355 4354 4367
f 4352 4365 4366
f 4364 4363 4376
f 4362 4361 4374
f 4373 4372 4385
f 4370 4383 4384
f 4368 4381 4382
f 4367 4366 4379
f 4364 4377 4378
f 4362 4375 4376
f 4372 4371 4384
f 4370 4369 4382
f 4368 4367 4380
f 4365 4378 4379
f 4376 4389 4390
f 4374 4387 4388
f 4385 4398 4399
f 4384 4383 4396
f 4382 4381 4394
f 4379 4392 4393
f 4378 4377 4390
f 4376 4375 4388
f 4384 4397 4398
f 4382 4395 4396
f 4380 4393 4394
f 4379 4378 4391
f 4389 4402 4403
f 4387 4400 4401
f 4399 4398 4411
f 4396 4409 4410
f 4395 4394 4407
f 4393 4392 4405
f 4391 4390 4403
f 4389 4388 4401
f 4398 4397 4410
f 4395 4408 4409
f 4393 4406 4407
f 4391 4404 4405
f 4402 4415 4416
f 4401 4400 4413
f 4411 4424 4425
f 4409 4422 4423
f 4408 4407 4420
f 4406 4405 4418
f 4403 4416 4417
f 4402 4401 4414
f 4410 4423 4424
f 4408 4421 4422
f 4407 4406 4419
f 4404 4417 4418
f 4416 4415 4428
f 4413 4426 4427
f 4425 4424 4437
f 4423 4422 4435
f 4421 4420 4433
f 4418 4431 4432
f 4416 4429 4430
f 4415 4414 4427
f 4423 4436 4437
f 4421 4434 4435
f 4420 4419 4432
f 4418 4417 4430
f 4428 4441 4442
f 4426 4439 4440
f 4437 4450 4451
f 4435 4448 4449
f 4434 4433 4446
f 4432 4431 4444
f 4430 4429 4442
f 4427 4440 4441
f 4437 4436 4449
f 4435 4434 4447
f 4432 4445 4446
f 4430 4443 4444
f 4442 4441 4454
f 4439 4452 4453
f 4451 4450 4463
f 4449 4448 4461
f 4446 4459 4460
f 4444 4457 4458
f 4443 4442 4455
f 4440 4453 4454
f 4450 4449 4462
f 4447 4460 4461
f 4445 4458 4459
f 4444 4443 4456
f 4455 4454 4467
f 4453 4452 4465
f 4463 4476 4477
f 4462 4461 4474
f 4459 4472 4473
f 4457 4470 4471
f 4455 4468 4469
f 4453 4466 4467
f 4462 4475 4476
f 4461 4460 4473
f 4459 4458 4471
f 4457 4456 4469
f 4468 4467 4063
f 4466 4465 4061
f 4477 4476 4072
f 4474 4070 4071
f 4472 4068 4069
f 4471 4470 4066
f 4468 4064 4065
f 4466 4062 4063
f 4476 4475 4071
f 4474 4473 4069
f 4472 4471 4067
f 4469 4065 4066
f 3935 4061 4465
f 4465 4452 4056
f 4452 4439 4051
f 4439 4426 4047
f 4047 4426 4413
f 4043 4413 4400
f 4039 4400 4387
f 4387 4374 4031
f 4031 4374 4361
f 4361 4348 4023
f 4348 4334 4019
f 4334 4321 4015
f 4015 4321 4308
f 4011 4308 4295
f 4007 4295 4282
f 4282 4269 3999
f 3999 4269 4256
f 4256 4243 3991
f 4243 4230 3987
f 4230 4217 3983
f 3983 4217 4204
f 3979 4204 4191
f 3975 4191 4178
f 4178 4165 3967
f 3967 4165 4152
f 4152 4139 3959
f 4139 4126 3955
f 4126 4113 3951
f 3951 4113 4100
f 3947 4100 4087
f 3943 4087 4074
f 4074 4061 3935
f 4480 4479 4483
f 4480 4484 4485
f 4479 4478 4482
f 4484 4488 4489
f 4482 4486 4487
f 4483 4487 4488
f 4488 4492 4493
f 4487 4486 4490
f 4488 4487 4491
f 4493 4492 4496
f 4490 4494 4495
f 4491 4495 4496
f 4496 4500 4501
f 4495 4494 4498
f 4496 4495 4499
f 4501 4500 4504
f 4498 4502 4503
f 4499 4503 4504
f 4505 4504 4508
f 4503 4502 4506
f 4504 4503 4507
f 4509 4508 4512
f 4506 4510 4511
f 4507 4511 4512
f 4513 4512 4516
f 4511 4510 4514
f 4512 4511 4515
f 4516 4520 4521
f 4514 4518 4519
f 4515 4519 4520
f 4520 4524 4525
f 4518 4522 4523
f 4520 4519 4523
f 4525 4524 4528
f 4522 4526 4527
f 4523 4527 4528
f 4528 4532 4533
f 4527 4526 4530
f 4528 4527 4531
f 4533 4532 4536
f 4530 4534 4535
f 4531 4535 4536
f 4537 4536 4540
f 4534 4538 4539
f 4536 4535 4539
f 4541 4540 4544
f 4539 4538 4542
f 4539 4543 4544
f 4544 4548 4549
f 4542 4546 4547
f 4544 4543 4547
f 4548 4552 4553
f 4547 4546 4550
f 4547 4551 4552
f 4552 4556 4557
f 4551 4550 4554
f 4552 4551 4555
f 4557 4556 4560
f 4554 4558 4559
f 4555 4559 4560
f 4560 4564 4565
f 4559 4558 4562
f 4560 4559 4563
f 4565 4564 4568
f 4562 4566 4567
f 4563 4567 4568
f 4569 4568 4572
f 4567 4566 4570
f 4568 4567 4571
f 4572 4576 4577
f 4570 4574 4575
f 4571 4575 4576
f 4576 4580 4581
f 4575 4574 4578
f 4576 4575 4579
f 4580 4584 4585
f 4578 4582 4583
f 4579 4583 4584
f 4584 4588 4589
f 4583 4582 4586
f 4584 4583 4587
f 4589 4588 4592
f 4586 4590 4591
f 4587 4591 4592
f 4592 4596 4597
f 4591 4590 4594
f 4592 4591 4595
f 4597 4596 4601
f 4594 4599 4600
f 4595 4600 4601
f 4602 4601 4605
f 4600 4599 4603
f 4601 4600 4604
f 4606 4605 4480
f 4603 4478 4479
f 4604 4479 4480
f 4615 4614 4627
f 4612 4625 4626
f 4611 4610 4623
f 4609 4608 4621
f 4618 4617 4630
f 4615 4628 4629
f 4613 4626 4627
f 4612 4611 4624
f 4609 4622 4623
f 4607 4620 4621
f 4619 4618 4631
f 4617 4616 4629
f 4622 4635 4636
f 4620 4633 4634
f 4632 4631 4644
f 4629 4642 4643
f 4628 4627 4640
f 4626 4625 4638
f 4624 4623 4636
f 4622 4621 4634
f 4631 4630 4643
f 4628 4641 4642
f 4626 4639 4640
f 4624 4637 4638
f 4635 4648 4649
f 4634 4633 4646
f 4644 4657 4658
f 4642 4655 4656
f 4641 4640 4653
f 4639 4638 4651
f 4636 4649 4650
f 4635 4634 4647
f 4643 4656 4657
f 4642 4641 4654
f 4640 4639 4652
f 4637 4650 4651
f 4648 4661 4662
f 4646 4659 4660
f 4658 4657 4670
f 4656 4655 4668
f 4653 4666 4667
f 4651 4664 4665
f 4649 4662 4663
f 4648 4647 4660
f 4656 4669 4670
f 4654 4667 4668
f 4653 4652 4665
f 4651 4650 4663
f 4661 4674 4675
f 4660 4659 4672
f 4670 4683 4684
f 4668 4681 4682
f 4667 4666 4679
f 4665 4664 4677
f 4663 4662 4675
f 4661 4660 4673
f 4670 4669 4682
f 4667 4680 4681
f 4665 4678 4679
f 4663 4676 4677
f 4675 4674 4687
f 4672 4685 4686
f 4684 4683 4696
f 4682 4681 4694
f 4679 4692 4693
f 4678 4677 4690
f 4676 4675 4688
f 4673 4686 4687
f 4683 4682 4695
f 4681 4680 4693
f 4678 4691 4692
f 4676 4689 4690
f 4688 4687 4700
f 4686 4685 4698
f 4696 4709 4710
f 4695 4694 4707
f 4692 4705 4706
f 4691 4690 4703
f 4688 4701 4702
f 4686 4699 4700
f 4695 4708 4709
f 4694 4693 4706
f 4692 4691 4704
f 4689 4702 4703
f 4701 4700 4713
f 4699 4698 4711
f 4710 4709 4722
f 4707 4720 4721
f 4705 4718 4719
f 4704 4703 4716
f 4701 4714 4715
f 4699 4712 4713
f 4709 4708 4721
f 4707 4706 4719
f 4705 4704 4717
f 4702 4715 4716
f 4713 4726 4727
f 4711 4724 4725
f 4723 4722 4735
f 4721 4720 4733
f 4719 4718 4731
f 4716 4729 4730
f 4715 4714 4727
f 4713 4712 4725
f 4721 4734 4735
f 4719 4732 4733
f 4717 4730 4731
f 4716 4715 4728
f 4726 4739 4740
f 4724 4737 4738
f 4736 4735 4748
f 4733 4746 4747
f 4732 4731 4744
f 4730 4729 4742
f 4728 4727 4740
f 4726 4725 4738
f 4735 4734 4747
f 4732 4745 4746
f 4730 4743 4744
f 4728 4741 4742
f 4739 4752 4753
f 4738 4737 4750
f 4748 4761 4762
f 4746 4759 4760
f 4745 4744 4757
f 4743 4742 4755
f 4740 4753 4754
f 4739 4738 4751
f 4747 4760 4761
f 4745 4758 4759
f 4744 4743 4756
f 4741 4754 4755
f 4753 4752 4765
f 4750 4763 4764
f 4762 4761 4774
f 4759 4772 4773
f 4758 4757 4770
f 4755 4768 4769
f 4753 4766 4767
f 4752 4751 4764
f 4760 4773 4774
f 4758 4771 4772
f 4757 4756 4769
f 4755 4754 4767
f 4765 4778 4779
f 4764 4763 4776
f 4774 4787 4788
f 4772 4785 4786
f 4771 4770 4783
f 4769 4768 4781
f 4767 4766 4779
f 4765 4764 4777
f 4774 4773 4786
f 4771 4784 4785
f 4769 4782 4783
f 4767 4780 4781
f 4779 4778 4791
f 4776 4789 4790
f 4788 4787 4800
f 4786 4785 4798
f 4783 4796 4797
f 4782 4781 4794
f 4780 4779 4792
f 4777 4790 4791
f 4787 4786 4799
f 4785 4784 4797
f 4782 4795 4796
f 4780 4793 4794
f 4792 4791 4804
f 4790 4789 4802
f 4800 4813 4814
f 4799 4798 4811
f 4796 4809 4810
f 4795 4794 4807
f 4792 4805 4806
f 4790 4803 4804
f 4799 4812 4813
f 4798 4797 4810
f 4796 4795 4808
f 4793 4806 4807
f 4805 4804 4817
f 4803 4802 4815
f 4814 4813 4826
f 4811 4824 4825
f 4809 4822 4823
f 4808 4807 4820
f 4805 4818 4819
f 4803 4816 4817
f 4813 4812 4825
f 4811 4810 4823
f 4809 4808 4821
f 4806 4819 4820
f 4817 4830 4831
f 4815 4828 4829
f 4826 4839 4840
f 4825 4824 4837
f 4823 4822 4835
f 4820 4833 4834
f 4819 4818 4831
f 4817 4816 4829
f 4825 4838 4839
f 4823 4836 4837
f 4821 4834 4835
f 4820 4819 4832
f 4830 4843 4844
f 4828 4841 4842
f 4840 4839 4852
f 4837 4850 4851
f 4836 4835 4848
f 4834 4833 4846
f 4832 4831 4844
f 4830 4829 4842
f 4839 4838 4851
f 4836 4849 4850
f 4834 4847 4848
f 4832 4845 4846
f 4843 4856 4857
f 4842 4841 4854
f 4852 4865 4866
f 4850 4863 4864
f 4849 4848 4861
f 4847 4846 4859
f 4844 4857 4858
f 4843 4842 4855
f 4851 4864 4865
f 4849 4862 4863
f 4848 4847 4860
f 4845 4858 4859
f 4857 4856 4869
f 4855 4854 4867
f 4866 4865 4878
f 4864 4863 4876
f 4862 4861 4874
f 4859 4872 4873
f 4857 4870 4871
f 4856 4855 4868
f 4864 4877 4878
f 4862 4875 4876
f 4861 4860 4873
f 4859 4858 4871
f 4869 4882 4883
f 4868 4867 4880
f 4878 4891 4892
f 4877 4876 4889
f 4874 4887 4888
f 4873 4872 4885
f 4871 4870 4883
f 4868 4881 4882
f 4878 4877 4890
f 4876 4875 4888
f 4873 4886 4887
f 4871 4884 4885
f 4883 4882 4896
f 4880 4894 4895
f 4892 4891 4905
f 4890 4889 4903
f 4887 4901 4902
f 4885 4899 4900
f 4884 4883 4897
f 4881 4895 4896
f 4891 4890 4904
f 4889 4888 4902
f 4886 4900 4901
f 4885 4884 4898
f 4897 4896 4909
f 4895 4894 4907
f 4905 4918 4919
f 4904 4903 4916
f 4901 4914 4915
f 4899 4912 4913
f 4897 4910 4911
f 4895 4908 4909
f 4904 4917 4918
f 4903 4902 4915
f 4901 4900 4913
f 4899 4898 4911
f 4910 4909 4922
f 4908 4907 4920
f 4919 4918 4931
f 4916 4929 4930
f 4914 4927 4928
f 4913 4912 4925
f 4910 4923 4924
f 4908 4921 4922
f 4918 4917 4930
f 4916 4915 4928
f 4914 4913 4926
f 4911 4924 4925
f 4922 4935 4936
f 4920 4933 4934
f 4931 4944 4945
f 4930 4929 4942
f 4928 4927 4940
f 4925 4938 4939
f 4924 4923 4936
f 4922 4921 4934
f 4930 4943 4944
f 4928 4941 4942
f 4926 4939 4940
f 4925 4924 4937
f 4935 4948 4949
f 4933 4946 4947
f 4945 4944 4957
f 4942 4955 4956
f 4941 4940 4953
f 4938 4951 4952
f 4937 4936 4949
f 4935 4934 4947
f 4944 4943 4956
f 4941 4954 4955
f 4939 4952 4953
f 4938 4937 4950
f 4948 4961 4962
f 4947 4946 4959
f 4957 4970 4971
f 4955 4968 4969
f 4954 4953 4966
f 4951 4964 4965
f 4949 4962 4963
f 4948 4947 4960
f 4956 4969 4970
f 4954 4967 4968
f 4953 4952 4965
f 4951 4950 4963
f 4962 4961 4974
f 4959 4972 4973
f 4971 4970 4983
f 4968 4981 4982
f 4966 4979 4980
f 4964 4977 4978
f 4962 4975 4976
f 4960 4973 4974
f 4969 4982 4983
f 4967 4980 4981
f 4966 4965 4978
f 4964 4963 4976
f 4975 4974 4987
f 4973 4972 4985
f 4983 4996 4997
f 4981 4994 4995
f 4979 4992 4993
f 4978 4977 4990
f 4976 4975 4988
f 4973 4986 4987
f 4983 4982 4995
f 4981 4980 4993
f 4978 4991 4992
f 4976 4989 4990
f 4988 4987 5000
f 4985 4998 4999
f 4997 4996 5009
f 4995 4994 5007
f 4992 5005 5006
f 4991 4990 5003
f 4989 4988 5001
f 4986 4999 5000
f 4996 4995 5008
f 4994 4993 5006
f 4991 5004 5005
f 4989 5002 5003
f 5001 5000 5013
f 4999 4998 5011
f 5009 5022 5023
f 5008 5007 5020
f 5005 5018 5019
f 5004 5003 5016
f 5001 5014 5015
f 4999 5012 5013
f 5008 5021 5022
f 5007 5006 5019
f 5005 5004 5017
f 5002 5015 5016
f 5014 5013 4609
f 5012 5011 4607
f 5022 4618 4619
f 5020 4616 4617
f 5018 4614 4615
f 5017 5016 4612
f 5014 4610 4611
f 5012 4608 4609
f 5021 4617 4618
f 5020 5019 4615
f 5018 5017 4613
f 5015 4611 4612
f 4481 4607 5011
f 5011 4998 4602
f 4998 4985 4597
f 4985 4972 4593
f 4593 4972 4959
f 4589 4959 4946
f 4585 4946 4933
f 4933 4920 4577
f 4577 4920 4907
f 4907 4894 4569
f 4894 4880 4565
f 4880 4867 4561
f 4561 4867 4854
f 4557 4854 4841
f 4553 4841 4828
f 4828 4815 4545
f 4545 4815 4802
f 4802 4789 4537
f 4789 4776 4533
f 4776 4763 4529
f 4529 4763 4750
f 4525 4750 4737
f 4521 4737 4724
f 4724 4711 4513
f 4513 4711 4698
f 4698 4685 4505
f 4685 4672 4501
f 4672 4659 4497
f 4497 4659 4646
f 4493 4646 4633
f 4489 4633 4620
f 4620 4607 4481

