# https://github.com/mikedh/trimesh
v 0.06717560 -0.01111147 -0.05555347
v 0.07072475 -0.01203095 -0.05395702
v 0.07106399 -0.01042773 -0.05353852
v 0.06734603 -0.01002634 -0.05526980
v 0.07726476 -0.01054907 -0.06339273
v 0.07800957 -0.00677965 -0.05933896
v 0.07749920 -0.00437344 -0.05847215
v 0.07620789 -0.00433153 -0.06175742
v 0.02789723 -0.04875845 -0.11891808
v 0.01205337 -0.04872463 -0.12343799
v 0.01251426 -0.05997967 -0.12086624
v 0.02746077 -0.06283011 -0.11508509
v 0.05081688 -0.08639172 -0.09452114
v 0.04448346 -0.07847010 -0.10075799
v 0.04196471 -0.09090909 -0.10439434
v 0.05335572 -0.09392307 -0.09387940
v 0.04232282 0.05027286 0.04090695
v 0.04984926 0.04871070 0.03465477
v 0.04955224 0.04287342 0.03859630
v -0.06868198 -0.01077732 -0.05573993
v -0.07221333 -0.01185154 -0.05414378
v -0.07266942 -0.01040911 -0.05376970
v -0.06923894 -0.00986306 -0.05543932
v -0.07987835 -0.01050737 -0.06446561
v -0.08123598 -0.00695069 -0.06016115
v -0.08002114 -0.00453647 -0.05947776
v -0.07906557 -0.00435637 -0.06285812
v 0.04239078 0.04360779 0.04351468
v 0.09488541 0.01238944 -0.07119986
v 0.09505662 0.00979385 -0.07245798
v 0.09587290 0.00789537 -0.07081651
v 0.09579206 0.01002387 -0.06927837
v 0.09243259 -0.00538418 -0.07093779
v 0.09236783 0.00177547 -0.07217912
v 0.09341892 0.00432954 -0.07278930
v 0.09378908 0.00202805 -0.07207941
v 0.09270954 -0.01586978 -0.06741472
v 0.09149368 -0.01525118 -0.06733262
v 0.09266566 -0.01064265 -0.06938455
v 0.09392805 -0.01096640 -0.06995838
v 0.07939130 -0.03509402 -0.04046635
v 0.08201039 -0.03234435 -0.04352379
v 0.08205859 -0.03524242 -0.04498949
v 0.07748832 -0.03676175 -0.04308772
v 0.07411262 -0.03441590 -0.04468425
v 0.07849833 -0.03553458 -0.04947336
v 0.07775448 -0.03219939 -0.05126316
v 0.07421231 -0.03149977 -0.04762784
v 0.09004825 0.02188881 -0.05793402
v 0.09080886 0.01802555 -0.05736293
v 0.08960303 0.01704548 -0.05530152
v 0.08857061 0.02086523 -0.05561398
v 0.07629509 -0.01030713 -0.06940647
v 0.07474304 -0.01639692 -0.06744520
v 0.08078953 -0.01200271 -0.06979232
v 0.08129027 -0.00952459 -0.07009678
v 0.08986007 0.01197193 -0.06438459
v 0.09019600 0.01260935 -0.06744610
v 0.09084249 0.01040709 -0.06877308
v 0.08991376 0.00919228 -0.06651492
v 0.09205647 0.01383965 -0.07185905
v 0.09224644 0.01095831 -0.07324850
v 0.07642551 -0.02410270 -0.04071884
v 0.07495321 -0.02040722 -0.04027706
v 0.07543454 -0.01942517 -0.04192556
v 0.07594728 -0.02072154 -0.04346956
v 0.07650875 -0.01046596 -0.06053758
v 0.07840581 -0.00578753 -0.05788606
v 0.08958045 -0.02644731 -0.06186358
v 0.08940057 -0.02446111 -0.06083361
v 0.09152222 -0.02051627 -0.06439681
v 0.09135368 -0.02181979 -0.06573400
v 0.08588408 -0.02252167 -0.05933890
v 0.08836158 -0.01952843 -0.06271792
v 0.08921486 -0.01885295 -0.06470227
v 0.08833955 -0.02107976 -0.06252838
v 0.09146815 0.01432508 -0.06549577
v 0.09006833 0.01655327 -0.06040980
v 0.09156688 0.01556756 -0.05915326
v 0.09331074 0.01333591 -0.06340311
v 0.08275630 0.00237124 -0.06895296
v 0.08087637 0.00759005 -0.06681688
v 0.07988070 0.00679398 -0.06690209
v 0.08143530 0.00219047 -0.06897777
v 0.09227728 0.01149057 -0.07015808
v 0.09267439 0.00924548 -0.07146062
v 0.09138554 0.00796167 -0.07024643
v 0.08083679 0.00900653 -0.05299979
v 0.08252834 0.01059724 -0.05526930
v 0.08266333 0.00885451 -0.05620224
v 0.08224268 0.00763912 -0.05547050
v 0.08158380 -0.03620201 -0.04906110
v 0.07369846 -0.02503754 -0.06014391
v 0.07545376 -0.02485304 -0.06171640
v 0.07796209 -0.02067685 -0.06468292
v 0.07641301 -0.01931636 -0.06529074
v 0.07415034 -0.03183123 -0.03865087
v 0.07767601 -0.03227140 -0.03846684
v 0.07851101 -0.03378533 -0.03953017
v 0.07518107 -0.03483732 -0.03996677
v 0.08353725 0.01371387 -0.05534571
v 0.08561239 0.01297132 -0.05726885
v 0.08384026 0.01208696 -0.05668167
v 0.08254898 0.01253637 -0.05517954
v 0.09144113 0.00003646 -0.07050353
v 0.09031949 0.00649642 -0.06821861
v 0.09090596 -0.00922642 -0.06523225
v 0.09116460 -0.00883289 -0.06829252
v 0.09091254 -0.01297545 -0.06647937
v -0.03031617 -0.04884145 -0.11895473
v -0.01478098 -0.04874119 -0.12344509
v -0.01484099 -0.06001733 -0.12088224
v -0.02940425 -0.06296098 -0.11513669
v 0.09012593 -0.01321948 -0.06368186
v 0.09051002 -0.00110030 -0.06519393
v 0.09106066 -0.00098990 -0.06857560
v 0.09414040 0.00714541 -0.06968510
v 0.09456462 0.00123710 -0.07088463
v 0.09340362 0.00795268 -0.07048755
v 0.07904779 0.01028446 -0.06421533
v 0.07947914 0.01352655 -0.06816076
v 0.07833035 0.00721547 -0.07066158
v 0.07921213 0.00781426 -0.06607677
v 0.07601166 -0.01602825 -0.04294859
v 0.07692318 -0.01403758 -0.04482661
v 0.07566231 -0.01645298 -0.04666123
v 0.07482103 -0.01898745 -0.04563491
v 0.07875642 -0.02290983 -0.06328222
v 0.07615069 -0.02602722 -0.06091256
v 0.07679825 -0.02678193 -0.06021467
v 0.07945145 -0.02486730 -0.06195865
v 0.08771415 0.01377091 -0.05920283
v 0.08796566 0.00946996 -0.06047845
v 0.08638103 0.00944165 -0.05927048
v 0.08128544 -0.02113455 -0.05159861
v 0.08144072 -0.02016871 -0.05404152
v 0.08325317 -0.02289082 -0.05501157
v 0.08325349 -0.02459891 -0.05265588
v 0.08567209 -0.03291345 -0.05561066
v 0.08277114 -0.03277006 -0.05638950
v 0.08064681 -0.03439474 -0.05266570
v 0.08378698 -0.03476426 -0.05225545
v 0.07567185 -0.01970525 -0.04460579
v 0.07539526 -0.01829206 -0.04251519
v 0.08479221 0.00278515 -0.07060403
v 0.08331849 0.00889053 -0.06787398
v 0.08938176 0.00786665 -0.06444989
v 0.08998544 0.00542461 -0.06599392
v 0.07734457 -0.00427180 -0.04989633
v 0.07572875 -0.00413112 -0.05201716
v 0.07621788 -0.00507609 -0.05184070
v 0.07824266 -0.00567164 -0.04949815
v 0.07716773 -0.00429621 -0.04814007
v 0.07785153 -0.00595648 -0.04792901
v 0.07708904 -0.00582447 -0.04694310
v 0.07661794 -0.00489162 -0.04676699
v 0.07504745 -0.00417216 -0.05252790
v 0.07548565 -0.00438891 -0.05227241
v 0.07552856 -0.00378277 -0.05226161
v 0.08007810 -0.00201099 -0.06283969
v 0.08079679 -0.00956391 -0.06394125
v 0.07908867 -0.01052440 -0.06494569
v 0.07911354 -0.00426403 -0.06319809
v 0.09157512 -0.00774482 -0.06977234
v 0.08590151 0.01759325 -0.05175872
v 0.08488734 0.02070218 -0.05130082
v 0.08766729 0.02292649 -0.05531760
v 0.07540832 -0.01889460 -0.05728208
v 0.07882451 -0.01815007 -0.05432270
v 0.07843342 -0.01807908 -0.05257652
v 0.07579821 -0.01870000 -0.05536793
v 0.07627947 -0.01307420 -0.05056284
v 0.07421641 -0.01609090 -0.05020478
v 0.07753977 -0.01413287 -0.04781370
v 0.07693797 0.00184804 -0.04787434
v 0.07665981 -0.00254879 -0.05098137
v 0.07668807 -0.00330890 -0.04947617
v 0.07648361 -0.00268392 -0.04797403
v 0.09222987 -0.01638201 -0.06860168
v 0.09317346 -0.01105738 -0.07129010
v 0.09153012 -0.01111199 -0.07248842
v 0.09066249 -0.01673756 -0.06981102
v 0.07508145 -0.02737056 -0.03777713
v 0.07045182 -0.02944852 -0.04149623
v 0.07323416 -0.02370293 -0.03841296
v 0.09349325 0.01886991 -0.06602549
v 0.09167228 0.02045981 -0.06620535
v 0.09195070 0.01850226 -0.06835152
v 0.09416115 0.01699850 -0.06811440
v 0.07712168 0.00173154 -0.05619854
v 0.07673261 -0.00026995 -0.05624609
v 0.07747268 0.00104264 -0.05483467
v 0.07716376 0.00321728 -0.05460289
v 0.05389341 -0.03387804 -0.10056970
v 0.06310320 -0.03326981 -0.08101635
v 0.06664446 -0.01964485 -0.08936468
v 0.05886690 -0.02009700 -0.10546807
v 0.08670860 -0.02996131 -0.05475870
v 0.08597912 -0.03164560 -0.05180811
v 0.07927938 0.00983984 -0.04577589
v 0.07815199 0.01209914 -0.04454539
v 0.07858441 0.01780259 -0.04645128
v 0.08012564 0.01421036 -0.04668482
v 0.09297403 0.00321974 -0.07514548
v 0.09532230 0.00262278 -0.07401248
v 0.08319207 0.01350193 -0.05371063
v 0.08550748 0.01650481 -0.05668557
v 0.08375072 0.01444623 -0.05554279
v 0.08246388 0.01296817 -0.05386684
v 0.08236179 0.00575816 -0.05083537
v 0.08323281 0.00698406 -0.05054656
v 0.08146469 0.00775037 -0.05103932
v 0.08030834 0.00644477 -0.05145359
v 0.07659118 0.01773330 -0.04350667
v 0.07772471 0.02287354 -0.04689513
v 0.07142757 -0.02499548 -0.06002613
v 0.08157378 0.00817655 -0.04785547
v 0.08244789 0.01098234 -0.04800633
v 0.08394079 0.00895338 -0.05035147
v -0.05110716 -0.08789299 -0.09510709
v -0.04547348 -0.07963128 -0.10100923
v -0.04332891 -0.09176223 -0.10468807
v -0.05270303 -0.09583222 -0.09461321
v 0.07390563 -0.01907987 -0.03825277
v 0.07485346 -0.01807773 -0.04057671
v 0.08201165 0.01271224 -0.05370210
v 0.08133168 0.01143582 -0.05364111
v 0.07996000 0.00738038 -0.05194588
v 0.08088414 0.00640472 -0.05463642
v 0.08537094 -0.00060621 -0.06096772
v 0.08705536 -0.00881869 -0.06203083
v 0.07040387 -0.01869845 -0.07477064
v 0.06773145 -0.03094684 -0.06034984
v 0.08037231 0.00807010 -0.05140260
v 0.08057028 0.00847526 -0.05143060
v 0.07982748 0.00782643 -0.05117613
v 0.07933636 0.00700130 -0.05189147
v 0.08466929 -0.03307991 -0.04889926
v 0.08504274 0.00585037 -0.05914881
v 0.08221315 0.00345843 -0.05701699
v 0.08375303 0.00588230 -0.05708900
v 0.09432814 -0.00647641 -0.07021813
v 0.09562772 0.00100723 -0.07063379
v 0.09670162 0.00117961 -0.07220876
v 0.09534025 -0.00661097 -0.07153061
v 0.07220540 -0.03262668 -0.04312332
v 0.07632112 -0.00108127 -0.05764736
v 0.07779358 -0.00234663 -0.05704159
v 0.07934795 0.00497455 -0.05522870
v 0.07859343 0.00595575 -0.05208752
v 0.07476830 -0.01533635 -0.04051765
v 0.09122378 0.01510249 -0.06724753
v 0.09184524 0.01351977 -0.06864887
v 0.09022397 0.01411432 -0.06614640
v 0.08992564 0.01520330 -0.06459705
v 0.08896893 0.01790141 -0.06275997
v 0.08837342 0.01810610 -0.06234257
v 0.09062964 0.01668612 -0.06559151
v 0.08171462 0.00528148 -0.05575304
v 0.08288177 0.00657369 -0.05633216
v 0.08113636 -0.02184842 -0.04961358
v 0.08278297 -0.02753164 -0.04916621
v 0.08995440 -0.01663902 -0.06403585
v 0.08849392 -0.01603631 -0.06133951
v 0.08860054 -0.00559666 -0.07349271
v 0.08827783 0.00316162 -0.07353812
v 0.08653763 0.00294844 -0.07179684
v 0.08734021 -0.00543988 -0.07224250
v 0.08114445 -0.00388147 -0.07005180
v 0.07769356 -0.00304698 -0.07021387
v 0.07614220 -0.00382076 -0.04612847
v 0.07524619 0.00044572 -0.04383527
v 0.07783350 0.00385951 -0.05432009
v 0.07803959 0.00582658 -0.05265213
v 0.08262462 -0.02052066 -0.06584061
v 0.07916211 -0.02758108 -0.05813814
v 0.08299699 -0.02269864 -0.06389246
v 0.07499755 -0.02757352 -0.05606357
v 0.07482903 -0.02816574 -0.05339338
v 0.07744625 -0.02874120 -0.05503795
v 0.08551420 -0.02062658 -0.05850124
v 0.08785468 -0.01927820 -0.06095492
v 0.07574475 -0.00460413 -0.05321591
v 0.07450072 -0.00633011 -0.05521971
v 0.07391232 -0.00495063 -0.05303079
v 0.08855102 -0.00083505 -0.06326899
v 0.08977371 -0.00893509 -0.06330829
v 0.08306975 0.00917253 -0.05119858
v 0.07943908 -0.00011266 -0.05167150
v 0.08012573 0.00348600 -0.04939770
v 0.08615224 0.01223256 -0.05137970
v 0.08504262 0.01066733 -0.05174104
v 0.08418216 0.00984764 -0.05143354
v 0.08486756 0.01056959 -0.05048415
v 0.06990559 -0.01427959 -0.05505798
v 0.07226428 -0.01583608 -0.05280700
v 0.07376718 -0.01263038 -0.05212191
v 0.08814560 0.01741654 -0.05990632
v 0.08870589 0.01571837 -0.06100340
v 0.08520246 0.00948708 -0.06916064
v 0.08321383 0.01084831 -0.05611994
v 0.08326326 0.00929320 -0.05722342
v 0.08154507 0.02310739 -0.06169087
v 0.08199342 0.02068290 -0.05826831
v 0.08164733 0.02124930 -0.05694925
v 0.08107676 0.02638740 -0.05684200
v 0.07440133 -0.03024303 -0.04928417
v 0.07708447 -0.03039113 -0.05223102
v 0.07664402 -0.02943533 -0.05307520
v 0.07476638 -0.02913838 -0.05109601
v 0.07779583 -0.01810002 -0.05200002
v 0.07576189 -0.01867390 -0.05424680
v 0.09039429 -0.01515161 -0.06713257
v 0.08992878 -0.01607065 -0.06598882
v 0.09098744 -0.01196315 -0.06831229
v 0.09114657 -0.01054555 -0.06939172
v 0.07822008 0.00277640 -0.05953096
v 0.07768154 0.00117519 -0.05824233
v 0.08038014 0.01519254 -0.06038388
v 0.08318014 0.01709501 -0.06158385
v 0.08328204 0.01969375 -0.05812240
v 0.08091526 0.01806391 -0.05817240
v 0.08712378 0.01023649 -0.07092847
v 0.08325466 0.00763214 -0.05703478
v 0.08375781 0.00778010 -0.05773128
v 0.08300918 0.00812590 -0.05657898
v 0.07935426 0.00554634 -0.05198083
v 0.08150832 0.00451672 -0.05193307
v 0.08634599 0.01229045 -0.05272254
v 0.08897799 0.01557617 -0.05541298
v 0.08820454 0.01627840 -0.05686714
v 0.08576426 0.01313581 -0.05299016
v 0.08123087 0.01029259 -0.05188530
v 0.01346280 -0.03641275 -0.12946767
v 0.01525675 -0.02583939 -0.13625354
v -0.04189097 0.05177137 0.04051804
v -0.04971356 0.05018447 0.03412070
v -0.04898723 0.04474097 0.03804855
v -0.04179236 0.04529971 0.04306017
v 0.08371454 0.02062632 -0.05082033
v 0.08386920 0.02202326 -0.05430489
v 0.08509271 0.02264301 -0.05491024
v 0.08448616 0.02115822 -0.05140439
v 0.08977562 0.01406307 -0.06423092
v 0.09257104 0.01053139 -0.06949930
v 0.07897957 -0.00405321 -0.05582551
v 0.07608163 -0.00700898 -0.05673266
v 0.06708319 -0.00850702 -0.05560831
v 0.06732488 -0.00725945 -0.05536016
v 0.06797621 -0.00759157 -0.05638550
v 0.06793600 -0.00851293 -0.05684694
v 0.07166894 -0.01411453 -0.05788034
v 0.07415769 -0.01466599 -0.05663446
v 0.07327252 -0.01602449 -0.05495975
v 0.07131952 -0.01536500 -0.05708231
v 0.06679001 -0.01120561 -0.05624143
v 0.06693589 -0.00974092 -0.05587071
v 0.06767683 -0.01024733 -0.05729121
v 0.06774918 -0.01191261 -0.05809376
v 0.08722033 0.01790700 -0.05826708
v 0.08894292 0.01759359 -0.06029063
v 0.09479837 0.00892549 -0.06809787
v 0.09508567 0.00690280 -0.06947618
v 0.09199440 0.01447805 -0.06649563
v 0.09237275 0.01261029 -0.06793971
v 0.07678198 -0.01135304 -0.04487157
v 0.07782751 -0.01147578 -0.04684642
v 0.07771069 -0.01301298 -0.04668404
v 0.09557712 0.01152564 -0.06775139
v 0.09456208 0.01463866 -0.06958441
v 0.07768740 -0.02781604 -0.03953348
v 0.07676306 -0.02936560 -0.03820622
v 0.05451443 -0.10028633 -0.02104815
v 0.06488433 -0.09525716 -0.03456650
v 0.06442557 -0.10594124 -0.03337050
v 0.05435976 -0.11111314 -0.02040470
v 0.08455265 0.01599744 -0.05039835
v 0.08282929 0.01915090 -0.05026659
v 0.06712453 -0.01327476 -0.05668388
v 0.06722844 -0.01348914 -0.05674598
v 0.06984207 -0.01524153 -0.05635855
v 0.07140700 -0.00896983 -0.05353443
v 0.06784284 -0.00871122 -0.05496849
v 0.07179879 -0.01235394 -0.05770027
v 0.07122450 -0.00680218 -0.05597096
v 0.07112741 -0.00576553 -0.05462009
v 0.07305354 -0.01764644 -0.05090823
v 0.07439150 -0.01873974 -0.05267383
v 0.07581129 -0.01885165 -0.04915504
v 0.06824916 -0.01390627 -0.05828736
v 0.07933049 0.00423937 -0.05739740
v 0.07443152 -0.01179377 -0.05725732
v 0.07622858 -0.01404606 -0.05898474
v 0.07584897 -0.01578553 -0.05784542
v 0.07413852 -0.01368978 -0.05712985
v 0.08433332 -0.02341793 -0.05648300
v 0.08395170 -0.02171503 -0.05670204
v 0.07597329 -0.01830838 -0.05943402
v 0.07894585 -0.01859071 -0.05746679
v 0.07937329 -0.00141071 -0.05582911
v 0.08055528 0.00175433 -0.05318955
v 0.07644886 -0.00440306 -0.05384122
v 0.07438312 -0.00939940 -0.05639219
v 0.07611076 -0.01164880 -0.05867127
v 0.07142811 -0.00785344 -0.05376112
v 0.07457824 -0.00721374 -0.05214825
v 0.07426942 -0.00620545 -0.05251553
v 0.07132249 -0.00688065 -0.05409387
v 0.08507001 0.00941278 -0.05846826
v 0.08122975 0.01737884 -0.04829938
v 0.08343716 0.01364737 -0.04896467
v 0.08215413 0.02741335 -0.07248395
v 0.08016580 0.01846105 -0.07814033
v 0.08111966 0.01922283 -0.06586152
v 0.07232337 -0.01058480 -0.05732098
v 0.06739336 -0.00684359 -0.05546959
v 0.06824661 -0.00740213 -0.05536234
v 0.09040107 -0.01935709 -0.06442168
v 0.07641621 -0.01943100 -0.04833519
v 0.07825062 0.00357727 -0.05278831
v 0.08814903 -0.01057488 -0.07205524
v 0.08741660 -0.01613027 -0.06984639
v 0.07799828 0.00495840 -0.05274090
v 0.07819204 0.00606548 -0.05271088
v 0.07517684 -0.01889285 -0.05374880
v 0.07728406 -0.01851019 -0.05068840
v 0.07858457 0.00631143 -0.05230596
v 0.07827818 -0.01224767 -0.04837038
v 0.08930860 0.00928205 -0.06315921
v 0.08092123 -0.03046962 -0.05735050
v 0.07919563 -0.03141321 -0.05402231
v 0.06821696 -0.00767477 -0.05483787
v 0.07189417 -0.01599145 -0.05445612
v 0.07157154 -0.00860648 -0.05633641
v 0.07683107 -0.00884576 -0.05084806
v 0.07674386 -0.01103631 -0.05048212
v 0.07807059 -0.00994837 -0.04830522
v 0.08005106 -0.01798555 -0.05898437
v 0.07628107 -0.01631063 -0.06151282
v 0.07758296 -0.01545216 -0.06348891
v 0.08207560 -0.01668922 -0.05995661
v 0.08633245 -0.02122397 -0.06729242
v 0.08467826 -0.02560919 -0.06388389
v 0.08731328 -0.02709332 -0.06331424
v 0.08960132 -0.02236313 -0.06691992
v 0.08225229 0.04444593 -0.08048542
v 0.08241549 0.03378608 -0.06508917
v 0.08250966 0.05136344 -0.06853814
v 0.08658589 0.01820514 -0.06623126
v 0.08645743 0.01582845 -0.06781855
v 0.09185701 0.01639766 -0.07013723
v 0.08031223 0.02505220 -0.05174553
v 0.08144869 0.02175167 -0.05551863
v 0.08348327 0.02160314 -0.05408813
v 0.09217864 -0.00611465 -0.07417974
v 0.07816521 0.00581028 -0.04631874
v 0.08057449 0.00565680 -0.04830581
v 0.08155269 -0.01912502 -0.06678106
v 0.08353370 -0.01857797 -0.05728418
v 0.08608929 -0.01768256 -0.05900452
v 0.09218943 0.01796007 -0.05963947
v 0.09024372 0.01588901 -0.05729700
v 0.02142453 -0.11391148 0.01346823
v 0.01966562 -0.12228529 0.00923402
v 0.00984661 -0.01110643 0.06026658
v 0.01099364 -0.01140024 0.05889824
v 0.00931201 -0.00975593 0.05780155
v 0.00891691 -0.00973149 0.05842662
v 0.01085580 -0.01979859 0.05985653
v 0.01001854 -0.01850996 0.05902862
v 0.01140598 -0.01874269 0.05798399
v 0.01262688 -0.01945814 0.05921133
v 0.00815637 -0.00952970 0.05771818
v 0.00711321 -0.01115452 0.06058991
v 0.00814114 -0.01112665 0.06118443
v 0.00846487 -0.00970164 0.05808547
v 0.09226055 0.02115792 -0.06030836
v 0.01517409 -0.01919943 0.06002823
v 0.01370230 -0.01736364 0.05906255
v 0.01403283 -0.01694852 0.06092979
v 0.01676514 -0.01835235 0.06176202
v 0.00613128 -0.01730796 0.06739651
v 0.00756702 -0.01543638 0.06740000
v 0.00638648 -0.01639091 0.06532310
v 0.00623825 -0.01809487 0.06481416
v 0.00998978 -0.01518342 0.06676330
v 0.01215316 -0.01528643 0.06910960
v 0.01434869 -0.01552983 0.06739178
v 0.01183557 -0.01588354 0.06526572
v 0.00705727 -0.01517595 0.06093695
v 0.00792015 -0.01700725 0.06204509
v 0.00613001 -0.01431635 0.06402892
v 0.01347352 -0.01484112 0.05925927
v 0.01330586 -0.01572514 0.05796506
v 0.01120282 -0.01213599 0.05780073
v 0.01140756 -0.01190136 0.05767045
v 0.05730397 -0.08127829 -0.02108320
v 0.06563681 -0.08076455 -0.03714133
v 0.03841673 0.00744237 0.03864965
v 0.03763494 0.00437264 0.03992718
v 0.03357237 0.00519828 0.04077255
v 0.03467606 0.00784246 0.03957709
v 0.07806028 -0.00764815 -0.04747700
v 0.07708631 -0.00677791 -0.04641755
v 0.08629458 0.01317675 -0.06935563
v 0.09038724 0.01582424 -0.06593528
v 0.08689757 0.01983043 -0.06428745
v 0.08626738 0.02170453 -0.05963464
v 0.08457303 0.02067222 -0.05880807
v 0.08474866 0.01853054 -0.06286564
v 0.09417850 0.01524571 -0.06447227
v 0.07765766 -0.02061517 -0.04767172
v 0.08671673 0.00509706 -0.06127389
v 0.08570924 0.02239987 -0.05712365
v 0.08888207 0.02331300 -0.05772717
v 0.09281752 -0.00619759 -0.07008179
v 0.09489661 0.01384467 -0.06627822
v 0.09374940 0.01222061 -0.06514278
v 0.08723931 0.01429448 -0.05223616
v 0.08058319 -0.01277150 -0.06433792
v 0.08605035 -0.01230805 -0.06132354
v 0.08428779 -0.01499816 -0.06056366
v -0.09609880 0.01290572 -0.07218990
v -0.09630055 0.01040655 -0.07353878
v -0.09709255 0.00850817 -0.07153412
v -0.09695085 0.01054083 -0.07001667
v -0.09343795 -0.00507106 -0.07160926
v -0.09341827 0.00198706 -0.07305133
v -0.09414425 0.00464676 -0.07364748
v -0.09489538 0.00237594 -0.07278739
v 0.07950281 -0.01454386 -0.06404116
v 0.07699218 0.00014115 -0.05811453
v 0.07451818 -0.01388846 -0.03791926
v 0.08446961 -0.02750313 -0.05301451
v -0.09324778 -0.01537606 -0.06832190
v -0.09223297 -0.01485104 -0.06800994
v -0.09350304 -0.01019931 -0.06989147
v -0.09481543 -0.01048042 -0.07059137
v 0.08534361 -0.02662985 -0.05577936
v 0.03043425 -0.03563589 -0.12348226
v 0.03420014 -0.02423788 -0.12945180
v 0.09418724 -0.00637866 -0.07312243
v 0.08759387 0.01853673 -0.05950459
v 0.07972793 -0.02126512 -0.04870771
v 0.08047477 -0.02655200 -0.04579422
v 0.07866625 -0.02531962 -0.04414673
v 0.08345997 0.00830659 -0.05771791
v 0.08076655 -0.01769409 -0.06696359
v 0.08060052 -0.01539631 -0.06848554
v 0.06810293 -0.00696062 -0.05609485
v 0.08361742 -0.02406971 -0.06370138
v 0.08018295 -0.02894929 -0.05766753
v 0.06739447 -0.07907574 -0.05289571
v 0.06303883 -0.07683212 -0.07071938
v -0.08012220 -0.03799842 -0.04228834
v -0.08293023 -0.03462556 -0.04502818
v -0.08289301 -0.03749659 -0.04648929
v -0.07784779 -0.03929974 -0.04494899
v 0.06447332 -0.08867572 -0.06761242
v 0.06760895 -0.09170774 -0.05077311
v 0.07415690 -0.00055384 -0.03979618
v 0.07532638 -0.00838660 -0.04264153
v 0.07492437 -0.00904840 -0.04043876
v 0.03559696 -0.10181173 0.00526673
v 0.03146992 -0.11643862 0.00194920
v 0.07408222 -0.01250246 -0.03397184
v 0.07280826 -0.01184485 -0.02158737
v 0.07302929 0.00360227 -0.02264499
v 0.07359652 -0.00277018 -0.03349730
v 0.06293816 0.03170514 0.01540320
v 0.06398205 0.03158657 0.01091988
v 0.06395154 0.02308353 0.01033799
v 0.06277932 0.02415223 0.01437634
v 0.01915340 0.08821099 0.03145896
v 0.00922712 0.08937223 0.03377876
v 0.00897732 0.09611417 0.02879821
v 0.01919604 0.09496100 0.02640466
v 0.03612167 -0.01539198 -0.13272621
v 0.03789810 -0.00425552 -0.13639082
v 0.01740094 -0.00736101 -0.14394279
v 0.01628070 -0.01769771 -0.13977177
v 0.01924789 0.11378647 0.00525285
v 0.00877162 0.11518142 0.00774212
v 0.00890837 0.12085631 -0.00186433
v -0.07424320 -0.03822287 -0.04663759
v -0.07853095 -0.03781960 -0.05102818
v -0.07797042 -0.03438547 -0.05266863
v -0.07449727 -0.03518510 -0.04948385
v 0.01958621 0.11921441 -0.00403344
v 0.05438991 0.00743842 0.02909805
v 0.05568484 0.00292897 0.02997726
v 0.05261351 0.00162953 0.03373765
v 0.05197544 0.00644966 0.03216073
v 0.08107428 -0.03088933 -0.04210515
v 0.07964917 -0.02946860 -0.04100167
v -0.09130791 0.02177283 -0.05899331
v -0.09203368 0.01790739 -0.05845099
v -0.09093872 0.01660879 -0.05652386
v -0.08994978 0.02042862 -0.05671010
v -0.07833081 -0.01138995 -0.06979462
v -0.07643456 -0.01804478 -0.06816582
v -0.08265392 -0.01287551 -0.07041602
v -0.08325090 -0.00996931 -0.07057225
v 0.00911962 0.12580138 -0.01320834
v 0.02010624 0.12397834 -0.01499736
v 0.01529443 0.01387717 0.04698078
v -0.09022041 0.01187413 -0.06603304
v -0.09105917 0.01249205 -0.06880733
v -0.09154186 0.01049371 -0.06990873
v -0.09056434 0.00919023 -0.06777190
v -0.09318912 0.01429745 -0.07298534
v -0.09329768 0.01149072 -0.07449851
v -0.07771851 -0.02967127 -0.04314982
v -0.07620047 -0.02618315 -0.04278323
v -0.07691464 -0.02402637 -0.04403494
v -0.07773180 -0.02508716 -0.04536729
v -0.07923688 -0.01068753 -0.06134477
v -0.08066248 -0.00608770 -0.05881976
v -0.08976827 -0.02603344 -0.06282284
v -0.09026482 -0.02413778 -0.06152454
v -0.09207386 -0.01985822 -0.06501035
v -0.09174974 -0.02126541 -0.06671382
v 0.01583846 0.01608382 0.04401562
v 0.01987144 0.01239768 0.04270237
v 0.01932903 0.01001608 0.04491065
v 0.00852402 0.06171593 0.04693124
v 0.00894790 0.06860548 0.04279243
v 0.01799909 0.06825654 0.04134623
v 0.01754496 0.06153991 0.04625925
v 0.02474827 0.00973993 0.04147324
v 0.02378689 0.00734125 0.04318070
v 0.00882779 0.10298235 0.02246175
v 0.01918467 0.10177162 0.01988149
v 0.01975267 0.13149565 -0.06444291
v -0.08742452 -0.02256509 -0.05977127
v -0.08973740 -0.01938313 -0.06324597
v -0.09024028 -0.01856364 -0.06528821
v -0.08965020 -0.02097789 -0.06309885
v 0.02017861 0.13143378 -0.05607234
v 0.00885711 0.13419271 -0.05641600
v -0.09189748 0.01460893 -0.06689148
v -0.09045948 0.01679527 -0.06191701
v -0.09252712 0.01577134 -0.06043091
v -0.09426805 0.01367223 -0.06462201
v 0.00993291 0.13359389 -0.06889306
v 0.07157625 -0.00095762 -0.09614746
v 0.07518702 -0.00268532 -0.08047493
v 0.07793073 0.00959573 -0.08140293
v 0.07555317 0.01612413 -0.09787793
v 0.04442224 -0.09450100 -0.00665109
v 0.04178049 -0.10859062 -0.00961953
v -0.08430362 0.00263651 -0.06971526
v -0.08264154 0.00768442 -0.06741744
v -0.08214974 0.00670897 -0.06729836
v -0.08376151 0.00215025 -0.06939742
v -0.09300479 0.01164451 -0.07124842
v -0.09341116 0.00943163 -0.07241078
v -0.09199869 0.00813736 -0.07129192
v -0.08196388 0.00851167 -0.05471762
v -0.08371982 0.00996839 -0.05709329
v -0.08306709 0.00847908 -0.05810018
v -0.08341852 0.00712429 -0.05721426
v -0.08182811 -0.03777329 -0.05059577
v -0.07496773 -0.02695356 -0.06109563
v -0.07659814 -0.02607533 -0.06269272
v -0.07956992 -0.02167452 -0.06560372
v -0.07793115 -0.02087829 -0.06619231
v 0.05460793 0.05365960 0.02256941
v 0.05543713 0.05831183 0.01771439
v 0.05895943 0.05122747 0.01483449
v 0.05821401 0.04779530 0.01963838
v 0.00736433 0.05032486 0.05165973
v 0.01597347 0.05015624 0.05154045
v 0.01414883 0.04406564 0.05187969
v 0.00675435 0.04415273 0.05214531
v -0.07454630 -0.03706174 -0.04094442
v -0.07831311 -0.03656724 -0.04057923
v -0.07907578 -0.03732526 -0.04161347
v -0.07552215 -0.03861846 -0.04212238
v 0.06204822 0.01695910 0.01441373
v 0.06368229 0.01471162 0.01169629
v 0.06267460 0.00783771 0.01728044
v 0.06022276 0.01054106 0.01908460
v 0.05665038 0.00828528 0.02572167
v -0.08451338 0.01325152 -0.05716266
v -0.08613808 0.01267434 -0.05916644
v -0.08447760 0.01179461 -0.05855709
v -0.08362075 0.01208309 -0.05697887
v 0.05838026 0.00395952 0.02608752
v -0.09251479 0.00021472 -0.07141987
v -0.09110322 0.00665114 -0.06927002
v 0.01864017 0.07815039 0.03757660
v 0.00909111 0.07899963 0.03935944
v 0.06187689 0.04154629 0.01211673
v 0.06110214 0.04000732 0.01714075
v 0.01225625 0.01742923 0.04947862
v 0.01307315 0.01914816 0.04576584
v 0.00998866 0.02324205 0.04795901
v -0.09230077 -0.00902779 -0.06572387
v -0.09216042 -0.00859928 -0.06890988
v -0.09224349 -0.01274693 -0.06688024
v -0.09196086 -0.01304676 -0.06393578
v 0.00555278 0.02329611 0.05423014
v 0.00539203 0.02725777 0.05196348
v 0.00932709 0.02668994 0.04858051
v 0.03538858 0.06144303 0.03838609
v 0.03565658 0.06752042 0.03370005
v 0.04276093 0.06660392 0.02847078
v 0.04253558 0.06063258 0.03263313
v 0.01918487 0.10792264 0.01302535
v -0.09179761 -0.00102189 -0.06603563
v -0.09204925 -0.00083728 -0.06944292
v 0.00872093 0.10918882 0.01560476
v 0.00553184 0.03657141 0.05090056
v 0.01125107 0.03636980 0.05004788
v 0.01013724 0.03263190 0.04874089
v -0.09510434 0.00762771 -0.07042187
v -0.09569733 0.00170518 -0.07145492
v -0.09428144 0.00835710 -0.07134529
v -0.08070002 0.01048613 -0.06487425
v -0.08090714 0.01372228 -0.06878953
v -0.08057830 0.00727337 -0.07101440
v -0.08105066 0.00796832 -0.06663959
v 0.00541213 0.03318118 0.05053347
v 0.02865998 0.00589494 0.04184972
v 0.02966664 0.00840833 0.04049511
v 0.07050006 -0.02885395 -0.04912235
v 0.07262325 -0.03018498 -0.04725629
v 0.07447799 0.01833720 -0.03699564
v 0.07359621 0.00759120 -0.03483098
v 0.07260353 0.01600562 -0.02378082
v 0.07290509 0.02883093 -0.02605897
v 0.07505901 0.04168136 -0.02965111
v 0.07625640 0.04858613 -0.03418481
v 0.07838184 0.03226961 -0.04210334
v 0.07633399 0.02747184 -0.03919036
v 0.05903634 -0.08670228 -0.08241180
v 0.05539542 -0.07651243 -0.08645453
v 0.00566951 0.01992054 0.05728174
v 0.00554305 0.01656761 0.06002698
v 0.01974257 0.03701203 -0.15170439
v -0.07692653 -0.01915005 -0.04472091
v -0.07803310 -0.01664511 -0.04640779
v -0.07668017 -0.01857751 -0.04797915
v -0.07669209 -0.02168743 -0.04692874
v 0.01913198 0.02263339 -0.15104650
v 0.04030857 0.02691678 -0.14212272
v 0.04059383 0.04069223 -0.14233847
v 0.06862113 -0.01188443 -0.09290767
v -0.08032001 -0.02370582 -0.06427424
v -0.07741800 -0.02703214 -0.06174921
v -0.07793833 -0.02775638 -0.06108395
v -0.08055019 -0.02523664 -0.06277813
v 0.07267727 -0.01140650 -0.07815988
v 0.01241788 -0.01404950 0.06091813
v 0.00923583 -0.00942123 0.05710021
v 0.01014635 -0.01222437 0.05814969
v 0.00928808 -0.00935953 0.05706001
v 0.01337254 -0.01643229 0.06334913
v 0.01639082 -0.01647898 0.06489425
v 0.01061969 -0.01697502 0.05747554
v 0.00953109 -0.01681938 0.05783701
v 0.00942714 -0.01197665 0.05835416
v 0.00949403 -0.00944000 0.05722360
v 0.00281987 -0.01834603 0.06956197
v 0.00316069 -0.01668650 0.07282973
v 0.00776309 -0.01587809 0.07193103
v 0.00608882 -0.01742848 0.06955082
v 0.00851912 -0.00928946 0.05762440
v 0.00744404 -0.01178380 0.05935480
v 0.00704048 -0.01355627 0.06534557
v 0.00895509 -0.01112878 0.06105821
v 0.00866533 -0.00968602 0.05830413
v 0.00923212 -0.01344276 0.06449798
v 0.00783815 -0.01895912 0.06246239
v 0.01086694 -0.01359847 0.06299847
v -0.08812143 0.01359225 -0.06097747
v -0.08832655 0.00909006 -0.06221122
v -0.08679868 0.00909864 -0.06110745
v -0.08302801 -0.02236087 -0.05265148
v -0.08350374 -0.02088346 -0.05477381
v -0.08472829 -0.02353706 -0.05584397
v -0.08434414 -0.02582234 -0.05386989
v 0.08197119 -0.01943297 -0.05589734
v 0.06675695 -0.06131985 -0.03249363
v 0.06942979 -0.04744532 -0.04168054
v 0.06807484 -0.04943984 -0.04809779
v -0.08567227 -0.03300359 -0.05666389
v -0.08300702 -0.03362201 -0.05780027
v -0.08096503 -0.03613161 -0.05424464
v -0.08392439 -0.03572774 -0.05365616
v -0.07798798 -0.02320231 -0.04607554
v -0.07670774 -0.02216880 -0.04445620
v -0.08613841 0.00313138 -0.07146939
v -0.08561357 0.00892938 -0.06858304
v 0.06721396 -0.06465606 -0.04269713
v 0.08510546 0.00772621 -0.05892096
v 0.06572653 0.05951849 -0.00351530
v 0.06693944 0.07077726 -0.01249156
v 0.07273285 0.05979015 -0.02469073
v -0.08993584 0.00762571 -0.06582619
v -0.09077096 0.00544687 -0.06711851
v 0.07249030 0.05013664 -0.02061719
v 0.06769716 0.08120123 -0.02019629
v 0.07321209 0.07080305 -0.03150602
v 0.07720301 0.05889793 -0.04173527
v 0.08109701 0.03765891 -0.05630962
v 0.04657722 0.01850800 0.03096693
v 0.04666195 0.01849744 0.03101675
v 0.04511068 0.01830787 0.03232577
v -0.07931671 -0.00540349 -0.05072852
v -0.07769140 -0.00505683 -0.05270875
v -0.07803442 -0.00587885 -0.05251106
v -0.08001422 -0.00685672 -0.05034455
v 0.04512393 0.01830043 0.03221771
v 0.04617192 0.01870394 0.03042648
v 0.04455930 0.01844011 0.03144533
v -0.07923049 -0.00587771 -0.04914727
v -0.07972964 -0.00746646 -0.04894883
v -0.07903234 -0.00755400 -0.04803637
v -0.07867429 -0.00682518 -0.04791698
v 0.04701541 0.01903899 0.02947145
v 0.04761789 0.01866793 0.02992302
v 0.04785683 0.01858132 0.02999226
v 0.02886845 0.02010814 0.03454009
v 0.02965475 0.02046157 0.03408441
v 0.03222780 0.01960368 0.03418890
v 0.03162048 0.01943278 0.03516246
v 0.02863824 0.01984872 0.03493899
v 0.03148152 0.01914504 0.03540789
v -0.07702117 -0.00476631 -0.05308857
v -0.07741234 -0.00510235 -0.05290265
v -0.07757173 -0.00462561 -0.05293126
v -0.08074525 -0.00131673 -0.06533675
v -0.08242285 -0.00930027 -0.06548229
v -0.08081341 -0.01033015 -0.06604744
v -0.08089031 -0.00402835 -0.06486964
v 0.03275777 0.02251418 0.02791041
v 0.03232675 0.02281296 0.02782934
v -0.09254060 -0.00750085 -0.07055237
v 0.03345078 0.02215655 0.02806198
v 0.02707777 0.02211697 0.03251130
v 0.02712703 0.02339704 0.03249130
v -0.08784589 0.01670580 -0.05278787
v -0.08687974 0.01964640 -0.05239448
v -0.08956780 0.02212484 -0.05639335
v 0.03205947 0.02364263 0.02787400
v 0.03205713 0.02302073 0.02778441
v 0.02731974 0.02170224 0.03275608
v -0.07731958 -0.01926371 -0.05809527
v -0.08097599 -0.01909637 -0.05523778
v -0.07994147 -0.01911741 -0.05355252
v -0.07779737 -0.01937539 -0.05613108
v -0.07757205 -0.01415552 -0.05142889
v -0.07541757 -0.01733071 -0.05105357
v -0.07869937 -0.01595083 -0.04903584
v -0.07911643 -0.00004616 -0.04912491
v -0.07874881 -0.00365704 -0.05170806
v -0.07880273 -0.00470061 -0.05039224
v -0.07877894 -0.00450018 -0.04908041
v -0.09309278 -0.01600089 -0.06970449
v -0.09410193 -0.01064306 -0.07224562
v -0.09251662 -0.01069620 -0.07365690
v -0.09154349 -0.01645954 -0.07111900
v 0.02568502 0.02139974 0.03270426
v 0.02462750 0.02169910 0.03219868
v -0.07576457 -0.03318756 -0.04016580
v -0.07034046 -0.03575753 -0.04416443
v -0.07433762 -0.03073168 -0.04121343
v -0.09482852 0.01909122 -0.06703064
v -0.09291520 0.02059069 -0.06715526
v -0.09319334 0.01877317 -0.06935244
v -0.09540657 0.01736087 -0.06916959
v -0.07873373 0.00154536 -0.05752365
v -0.07857858 -0.00062066 -0.05745794
v -0.07906190 0.00040904 -0.05603027
v -0.07880120 0.00277380 -0.05589819
v 0.02468481 0.02334136 0.03250593
v 0.03696503 0.01815289 0.03520971
v 0.03718687 0.01735391 0.03520634
v 0.03215974 0.01767015 0.03554659
v 0.03176589 0.01857352 0.03548463
v 0.03681250 0.01862432 0.03515925
v 0.04021481 0.01861904 0.03420731
v 0.04032103 0.01821129 0.03418456
v 0.04032741 0.01741999 0.03414220
v -0.05563651 -0.03427463 -0.10084319
v -0.06401933 -0.03455138 -0.08172282
v -0.06829780 -0.02031619 -0.08989450
v -0.06087004 -0.02025397 -0.10574061
v -0.08713819 -0.03001748 -0.05569274
v -0.08634184 -0.03254077 -0.05311235
v -0.08102290 0.00766646 -0.04788976
v -0.08056606 0.00920640 -0.04629235
v -0.08113278 0.01538769 -0.04773986
v -0.08211676 0.01215315 -0.04824425
v 0.02866775 0.01857143 0.03541780
v 0.02856083 0.01952983 0.03515555
v 0.04020608 0.01677134 0.03407929
v 0.03737647 0.01672254 0.03509951
v -0.09423307 0.00373632 -0.07648880
v -0.09670632 0.00317207 -0.07518476
v 0.03249902 0.01703238 0.03551187
v 0.02875093 0.01813420 0.03558880
v 0.02588198 0.01952300 0.03510555
v 0.02698254 0.01970421 0.03507598
v 0.03726064 0.01612946 0.03504933
v 0.03731881 0.01550287 0.03510465
v 0.03242182 0.01582128 0.03605161
v 0.03249637 0.01653593 0.03575023
v -0.08424529 0.01306119 -0.05553326
v -0.08606343 0.01625527 -0.05854484
v -0.08444531 0.01409960 -0.05736779
v -0.08349691 0.01248569 -0.05568460
v -0.08364674 0.00459865 -0.05281371
v -0.08438548 0.00589299 -0.05268114
v -0.08259583 0.00689558 -0.05297747
v -0.08159620 0.00554159 -0.05330981
v 0.04015217 0.01612985 0.03393969
v 0.04012893 0.01534511 0.03408374
v -0.07956961 0.01433721 -0.04496512
v -0.08022717 0.02007527 -0.04819901
v 0.04903558 0.01849562 0.02832234
v 0.04960998 0.01897379 0.02741568
v 0.04949925 0.01837213 0.02748073
v -0.07259341 -0.02728851 -0.06092155
v 0.04911890 0.01798880 0.02793885
v 0.05110484 0.01655160 0.02572832
v 0.05216571 0.01775816 0.02498308
v 0.05313167 0.01758450 0.02384884
v -0.08290716 0.00664775 -0.05007489
v -0.08375246 0.00936002 -0.05018179
v -0.08493736 0.00782230 -0.05250432
v -0.07487995 -0.02571360 -0.04119048
v -0.07579710 -0.02333674 -0.04311576
v -0.08318481 0.01213430 -0.05550586
v -0.08256842 0.01090656 -0.05534462
v -0.08121401 0.00681457 -0.05365986
v -0.08217226 0.00598828 -0.05625993
v 0.05204205 0.01632500 0.02504253
v -0.08710552 -0.00071142 -0.06235951
v -0.08865733 -0.00874268 -0.06260964
v 0.05876796 0.00928377 0.02212925
v 0.05380844 0.01415568 0.02492003
v 0.05517703 0.01529409 0.02270747
v 0.04850239 0.01841884 0.02904793
v 0.04786611 0.01823936 0.02993231
v 0.04843596 0.01866296 0.02912290
v 0.04895364 0.01893234 0.02820224
v 0.04855138 0.01767906 0.02873891
v 0.04786568 0.01757471 0.02966418
v 0.04670773 0.01823593 0.03094084
v 0.04672026 0.01757619 0.03070629
v 0.04509933 0.01744401 0.03202568
v 0.04508714 0.01813994 0.03221222
v 0.04310962 0.01816107 0.03325620
v -0.07166987 -0.02005359 -0.07568502
v -0.06821919 -0.03427083 -0.06152503
v 0.04332351 0.01841833 0.03328243
v 0.04305268 0.01733462 0.03312716
v 0.04510019 0.01674004 0.03172195
v 0.04306344 0.01667259 0.03295954
v 0.04663004 0.01678795 0.03029951
v 0.04791623 0.01690827 0.02922401
v 0.04864908 0.01716504 0.02821852
v 0.04935939 0.01750639 0.02742699
v 0.04987756 0.01812729 0.02690430
v 0.04878668 0.01678791 0.02774624
v 0.04934216 0.01635666 0.02730754
v 0.04809155 0.01592335 0.02854395
v 0.04796695 0.01644115 0.02889736
v 0.04976876 0.01724971 0.02691377
v 0.05047214 0.01689159 0.02633325
v -0.08149070 0.00736493 -0.05324645
v -0.08169641 0.00784453 -0.05325277
v -0.08109681 0.00718968 -0.05285578
v -0.08060480 0.00626222 -0.05364725
v 0.04682738 0.01623960 0.03002166
v 0.04685398 0.01570197 0.02988034
v 0.04491704 0.01541674 0.03129967
v 0.04500137 0.01613704 0.03151510
v -0.08528443 -0.03477654 -0.05050321
v -0.08569793 0.00573654 -0.06077423
v -0.08339281 0.00339435 -0.05863570
v -0.08437166 0.00575639 -0.05879459
v 0.04298372 0.01614990 0.03272857
v 0.04299550 0.01525599 0.03269950
v -0.09525872 -0.00593340 -0.07047609
v -0.09677804 0.00160848 -0.07089827
v -0.09788350 0.00183761 -0.07249238
v -0.09633961 -0.00597142 -0.07195181
v 0.03664211 0.01864924 0.03514457
v 0.03613411 0.01907339 0.03416117
v 0.03955197 0.01880619 0.03362591
v 0.04004732 0.01848666 0.03425977
v 0.04324863 0.01830516 0.03323797
v -0.07219047 -0.03761303 -0.04532544
v -0.07841938 -0.00126104 -0.05877600
v -0.08001097 -0.00281479 -0.05818819
v 0.04235078 0.01877986 0.03276394
v 0.03926150 0.01873462 0.03257727
v 0.03752591 0.02120451 0.02788153
v 0.03884589 0.02116055 0.02748160
v 0.04207681 0.01860714 0.03176280
v -0.08071849 0.00446516 -0.05671769
v -0.07995332 0.00537130 -0.05367423
v 0.03616203 0.01903324 0.03310549
v 0.03601855 0.02133364 0.02816053
v 0.03286876 0.01978651 0.03313333
v -0.07617606 -0.01979609 -0.04276158
v 0.03452810 0.02176938 0.02817724
v 0.03021750 0.02049506 0.03340427
v 0.03831714 0.03103831 0.03753940
v 0.03780628 0.03126033 0.03829340
v 0.04426686 0.03022222 0.03685531
v 0.04400408 0.02984039 0.03649234
v 0.05138250 -0.00060716 -0.12534173
v 0.05297491 0.01493122 -0.12998931
v 0.03973019 0.01018705 -0.14014797
v 0.04607322 0.02778769 0.03491150
v 0.04595601 0.02872163 0.03492520
v 0.04835955 0.02728520 0.03290170
v 0.04836211 0.02647480 0.03279996
v 0.04600461 0.02671336 0.03500925
v -0.09157339 0.01522706 -0.06873297
v -0.09244551 0.01360957 -0.06991105
v -0.09052511 0.01415148 -0.06772250
v -0.09027488 0.01525252 -0.06621270
v -0.08931536 0.01791144 -0.06438108
v -0.08875815 0.01817790 -0.06387708
v -0.09093893 0.01679479 -0.06718687
v -0.08286083 0.00505110 -0.05729306
v -0.08355966 0.00635959 -0.05805693
v 0.04807844 0.02534802 0.03278524
v 0.04321361 0.02806246 0.03708782
v -0.08293255 -0.02388225 -0.05090238
v -0.08379766 -0.02930275 -0.05057552
v -0.09126486 -0.01628398 -0.06439526
v -0.09109937 -0.01603793 -0.06127159
v -0.08984090 -0.00521551 -0.07460088
v -0.08971845 0.00355358 -0.07475457
v -0.08810351 0.00330369 -0.07278550
v -0.08869484 -0.00507861 -0.07324724
v 0.04327903 0.02912649 0.03677600
v 0.04338125 0.02984951 0.03666922
v 0.04669816 0.02422912 0.02789407
v 0.04601045 0.02529030 0.02872040
v -0.08314344 -0.00403762 -0.07040631
v -0.08006355 -0.00342206 -0.07031630
v -0.07840247 -0.00604685 -0.04736765
v -0.07770165 -0.00233481 -0.04531400
v -0.07935493 0.00340738 -0.05581385
v -0.07959454 0.00511290 -0.05418299
v -0.08421446 -0.02090453 -0.06687625
v -0.08023997 -0.02832032 -0.05910206
v -0.08436368 -0.02300544 -0.06496735
v -0.07603975 -0.02931796 -0.05716600
v -0.07574844 -0.03033002 -0.05467867
v -0.07835904 -0.03007446 -0.05619083
v 0.04669296 0.02496089 0.03038027
v 0.04757339 0.02420487 0.02899472
v 0.04739797 0.02365132 0.02726166
v 0.04822397 0.02350552 0.02795564
v 0.04170967 0.02358639 0.02533076
v 0.04140194 0.02386998 0.02566350
v 0.04097169 0.02431384 0.02613046
v -0.08775477 -0.02077376 -0.05852218
v -0.08952484 -0.01913895 -0.06131294
v 0.04186482 0.02330294 0.02512252
v -0.07773709 -0.00510211 -0.05368665
v -0.07673936 -0.00668874 -0.05572497
v -0.07580321 -0.00523671 -0.05350118
v -0.09026255 -0.00108995 -0.06399194
v -0.09144139 -0.00886702 -0.06388734
v -0.08402760 0.00826949 -0.05330971
v 0.04187804 0.02295564 0.02501162
v -0.08137856 -0.00126778 -0.05293649
v -0.08182142 0.00208017 -0.05111487
v -0.08730508 0.01139325 -0.05327719
v -0.08595854 0.00990509 -0.05383695
v -0.08497784 0.00900608 -0.05357444
v -0.08582117 0.00954391 -0.05265363
v -0.07134986 -0.01401328 -0.05524138
v -0.07367893 -0.01586792 -0.05312341
v -0.07520586 -0.01282206 -0.05247585
v 0.04179172 0.02258378 0.02498041
v 0.04173649 0.02225229 0.02508191
v 0.06035890 -0.00287785 0.02435130
v 0.06091009 0.00524395 0.02181134
v -0.08866435 0.01733613 -0.06162107
v -0.08917834 0.01563536 -0.06265837
v -0.08661019 0.00987217 -0.07014046
v 0.06311162 -0.00144784 0.01951969
v 0.04819270 0.01889377 0.02896599
v -0.08426278 0.01020431 -0.05799256
v -0.08360012 0.00899486 -0.05914830
v 0.04875264 0.01929573 0.02805300
v -0.08275593 0.02248649 -0.06257078
v -0.08341845 0.01990299 -0.05926114
v -0.08305620 0.02019747 -0.05804832
v -0.08242351 0.02497871 -0.05796511
v 0.04760124 0.01926874 0.02858610
v -0.07494829 -0.03337742 -0.05088148
v -0.07770376 -0.03265000 -0.05374558
v -0.07744391 -0.03132767 -0.05439857
v -0.07551169 -0.03165703 -0.05242568
v -0.07927585 -0.01925742 -0.05298412
v -0.07777379 -0.01955577 -0.05499576
v 0.04811596 0.01976129 0.02778751
v -0.09134052 -0.01486313 -0.06781561
v -0.09101006 -0.01576339 -0.06653714
v -0.09194358 -0.01166462 -0.06894173
v -0.09216953 -0.01023872 -0.07004303
v 0.04929344 0.01996507 0.02720742
v 0.04966934 0.01964002 0.02714040
v 0.04546130 0.01893028 0.02979780
v 0.04073425 0.02126423 0.02654526
v 0.04117311 0.02137653 0.02612722
v -0.07921236 0.00279237 -0.06102245
v -0.07894966 0.00136565 -0.05982941
v -0.08200227 0.01486904 -0.06122725
v -0.08454562 0.01672230 -0.06247553
v -0.08447278 0.01907991 -0.05919850
v -0.08249278 0.01748635 -0.05914891
v -0.08837674 0.01071043 -0.07200754
v 0.04623139 0.01937317 0.02886770
v 0.04391800 0.01866993 0.03071822
v 0.03988120 0.02119796 0.02702435
v 0.04152765 0.02162093 0.02575923
v 0.04169948 0.02186442 0.02535354
v -0.08379841 0.00741313 -0.05882354
v -0.08414516 0.00756327 -0.05958949
v 0.04665336 0.01978445 0.02812690
v -0.08355261 0.00784550 -0.05838500
v 0.04712602 0.02033745 0.02734787
v 0.04850772 0.02055135 0.02721267
v -0.08079392 0.00466286 -0.05362571
v -0.08297504 0.00341166 -0.05367264
v -0.08706401 0.01178028 -0.05472975
v -0.08968193 0.01538131 -0.05713051
v -0.08856233 0.01610834 -0.05874070
v -0.08655430 0.01266694 -0.05492174
v 0.04753286 0.02161621 0.02653377
v 0.04764815 0.02230963 0.02663215
v 0.04861118 0.02116625 0.02702308
v -0.08243587 0.00969789 -0.05358291
v 0.04871843 0.02192086 0.02708783
v 0.04738236 0.02106497 0.02674994
v -0.01635413 -0.03638909 -0.12946264
v -0.01817422 -0.02580070 -0.13625398
v 0.04762780 0.02300869 0.02685612
v 0.04858910 0.02266973 0.02743544
v 0.04988486 0.01909126 0.02702128
v 0.04999223 0.02011371 0.02685028
v 0.05036080 0.02124949 0.02636610
v 0.05029234 0.01909506 0.02656695
v -0.08570269 0.01920278 -0.05197630
v -0.08566756 0.02086018 -0.05543148
v -0.08694136 0.02172412 -0.05595100
v -0.08645342 0.02004277 -0.05245112
v -0.09024461 0.01401296 -0.06585214
v 0.05088968 0.01916694 0.02597134
v 0.05041682 0.01794798 0.02632640
v 0.05123166 0.02205336 0.02625022
v 0.05257022 0.02239313 0.02633050
v -0.09346969 0.01087493 -0.07051496
v -0.08115276 -0.00479984 -0.05688941
v -0.07855041 -0.00757843 -0.05750190
v 0.05184408 0.01931717 0.02549542
v 0.05110899 0.01792298 0.02568197
v 0.04970595 0.02070537 0.02692076
v -0.06900220 -0.00836642 -0.05582326
v -0.06930307 -0.00722479 -0.05560675
v -0.06993645 -0.00743827 -0.05655503
v -0.06986611 -0.00834506 -0.05709054
v 0.04970746 0.02140529 0.02672516
v 0.05089842 0.02319827 0.02763446
v -0.07324952 -0.01359038 -0.05817491
v -0.07555000 -0.01437791 -0.05703603
v -0.07461869 -0.01591740 -0.05533671
v -0.07267641 -0.01486131 -0.05721905
v 0.05170047 0.02403427 0.02786328
v 0.05014542 0.02253458 0.02763959
v 0.04973881 0.02335757 0.02904528
v 0.05036519 0.02417363 0.02912542
v -0.06861734 -0.01089895 -0.05639478
v -0.06881033 -0.00952783 -0.05608066
v -0.06957581 -0.00998012 -0.05757284
v -0.06920391 -0.01146892 -0.05820425
v 0.05099137 0.02478438 0.02925130
v 0.04973299 0.02516525 0.03086359
v -0.08771036 0.01776109 -0.06000234
v -0.08939546 0.01762228 -0.06189968
v 0.05003066 0.02594498 0.03096579
v 0.04913008 0.02432834 0.03068285
v 0.04955671 0.02231663 0.02751602
v -0.09592457 0.00941275 -0.06883300
v -0.09614143 0.00746746 -0.06992746
v -0.09251538 0.01475042 -0.06785839
v -0.09318275 0.01288871 -0.06911120
v 0.04902319 0.02308092 0.02864644
v 0.04831379 0.02402388 0.03005027
v 0.04742900 0.02467085 0.03213274
v -0.07809854 -0.01392001 -0.04643959
v -0.07921486 -0.01342527 -0.04809468
v -0.07894973 -0.01515961 -0.04804618
v -0.09704868 0.01192540 -0.06839951
v -0.09587114 0.01509741 -0.07059818
v -0.07849368 -0.03244161 -0.04177023
v -0.07752138 -0.03421601 -0.04019520
v -0.04323857 -0.10725117 -0.02389374
v -0.05656376 -0.10227998 -0.03739557
v -0.05599237 -0.11251194 -0.03604097
v -0.04375623 -0.11735959 -0.02317063
v -0.08666828 0.01485263 -0.05140026
v -0.08499599 0.01779613 -0.05128875
v 0.04571403 0.02576031 0.03440484
v 0.04497680 0.02597735 0.03239832
v 0.04291689 0.02715144 0.03646347
v -0.06858468 -0.01289392 -0.05683194
v -0.06865312 -0.01304293 -0.05682879
v -0.07126546 -0.01474004 -0.05644474
v -0.07308125 -0.00901156 -0.05381817
v -0.06954575 -0.00856255 -0.05519210
v 0.04230619 0.02679667 0.03435304
v 0.03779698 0.03226600 0.03910660
v 0.04499939 0.03131466 0.03790006
v 0.04170964 0.02706772 0.03223050
v 0.03890162 0.02515897 0.02763389
v 0.03728124 0.02534793 0.02821723
v 0.03849257 0.02727050 0.03317742
v -0.07374019 -0.01202016 -0.05817483
v 0.02752810 0.02444857 0.03310069
v 0.02843234 0.02535756 0.03378855
v -0.07334586 -0.00686069 -0.05622100
v -0.07299688 -0.00587025 -0.05502611
v -0.07493629 -0.01937128 -0.05173974
v -0.07638273 -0.01997097 -0.05339108
v -0.07784146 -0.02087570 -0.05018515
v -0.06956372 -0.01336075 -0.05827005
v -0.08046623 0.00409180 -0.05896931
v 0.03271117 0.02439225 0.02848684
v 0.03223691 0.02411232 0.02818123
v 0.02612095 0.02425505 0.03370627
v 0.02738405 0.02541720 0.03468912
v -0.07653160 -0.01164042 -0.05796710
v -0.07794642 -0.01381683 -0.05969049
v -0.07731715 -0.01561157 -0.05848388
v -0.07602577 -0.01341775 -0.05769656
v -0.08565758 -0.02374306 -0.05718123
v -0.08585314 -0.02201407 -0.05705310
v -0.07674447 -0.01839845 -0.06074624
v -0.08062521 -0.01881460 -0.05840605
v -0.08128145 -0.00201809 -0.05709124
v -0.08228072 0.00079072 -0.05465164
v -0.07853498 -0.00510857 -0.05446306
v -0.07664883 -0.00939208 -0.05701866
v -0.07855860 -0.01169300 -0.05932320
v -0.07317369 -0.00794168 -0.05412648
v -0.07632138 -0.00749938 -0.05263054
v -0.07608181 -0.00644942 -0.05300756
v -0.07314508 -0.00698449 -0.05447717
v -0.08529551 0.00918473 -0.06039232
v -0.08339384 0.01575639 -0.04922259
v -0.08489481 0.01231020 -0.05061518
v -0.08330255 0.02769429 -0.07334526
v -0.08150794 0.01907402 -0.07883367
v -0.08215515 0.01917497 -0.06661230
v -0.07436951 -0.01027185 -0.05797550
v -0.06946222 -0.00683206 -0.05571254
v -0.07005421 -0.00736418 -0.05566790
v -0.09105062 -0.01902101 -0.06521122
v -0.07862968 -0.02198816 -0.04953752
v -0.07984719 0.00276344 -0.05420256
v -0.08934314 -0.01024787 -0.07323950
v -0.08842605 -0.01587190 -0.07107259
v -0.07948896 0.00424193 -0.05422283
v -0.07972226 0.00529254 -0.05430145
v -0.07724048 -0.01990550 -0.05439338
v -0.07870291 -0.02000071 -0.05177555
v -0.08002602 0.00555603 -0.05399546
v -0.07953809 -0.01378261 -0.04947233
v -0.08984626 0.00901110 -0.06478900
v 0.03227562 0.02650604 0.03418110
v 0.03435845 0.02482183 0.02881504
v -0.08146038 -0.03117345 -0.05858971
v -0.07962649 -0.03299328 -0.05549417
v 0.03338043 0.02457921 0.02871934
v -0.06996058 -0.00761161 -0.05510398
v 0.03042437 0.02588272 0.03387217
v -0.07331766 -0.01568208 -0.05469830
v -0.07360923 -0.00846190 -0.05662483
v 0.03158847 0.02691238 0.03624607
v 0.02908111 0.02614754 0.03540974
v 0.03887574 0.02720956 0.03560019
v -0.07839753 -0.00980206 -0.05161272
v -0.07811012 -0.01203325 -0.05127612
v -0.07961609 -0.01143238 -0.04935450
v 0.02120659 0.07438141 -0.14643125
v 0.02073383 0.05802283 -0.15074243
v -0.08197773 -0.01805834 -0.05976039
v -0.07781330 -0.01625141 -0.06259385
v -0.07977211 -0.01535304 -0.06404878
v -0.08424667 -0.01669546 -0.06056092
v -0.08710749 -0.02104754 -0.06853385
v -0.08545784 -0.02576045 -0.06507877
v -0.08739168 -0.02712804 -0.06469143
v -0.08999943 -0.02213400 -0.06825378
v 0.04092345 0.06014285 -0.14140116
v 0.04076177 0.07439593 -0.13781966
v -0.08369160 0.04448781 -0.08118953
v -0.08364131 0.03358287 -0.06611596
v -0.08405828 0.05098342 -0.06942078
v -0.08787694 0.01826381 -0.06700653
v -0.08769126 0.01609261 -0.06869026
v -0.09338501 0.01668046 -0.07127029
v -0.08191318 0.02294528 -0.05304961
v -0.08272725 0.02036726 -0.05674693
v -0.08510417 0.02004567 -0.05534664
v -0.09337101 -0.00570396 -0.07547391
v 0.04399989 0.02625056 0.03050529
v 0.04009140 0.02479390 0.02688649
v 0.05116668 0.07564517 -0.12980729
v 0.05016857 0.08467276 -0.12632677
v 0.04118715 0.08657175 -0.13199264
v 0.03891707 -0.06439151 -0.10548528
v 0.02845102 -0.07625191 -0.11262681
v -0.08003446 0.00386656 -0.04813306
v -0.08206453 0.00420883 -0.05032403
v 0.02380175 0.02391536 0.03524249
v -0.08322618 -0.01981452 -0.06791536
v 0.02562243 0.02518880 0.03577827
v -0.08577111 -0.01865712 -0.05740247
v -0.08837564 -0.01759885 -0.05897870
v -0.09357858 0.01805985 -0.06058008
v -0.09108521 0.01591805 -0.05872206
v 0.02259768 0.02278083 0.03475537
v 0.02198539 0.02270784 0.03492580
v 0.02317059 0.02409415 0.03530949
v 0.02473777 0.02545431 0.03586149
v 0.02792558 0.02624580 0.03641114
v 0.02722964 0.02665502 0.03694297
v 0.03082475 0.02806263 0.03809457
v 0.03097960 0.02728911 0.03764762
v 0.03866340 0.02801429 0.03760740
v 0.03873907 0.02883099 0.03809500
v 0.03028050 0.02910355 0.03773326
v 0.02665790 0.02737750 0.03661750
v 0.02919808 0.03008722 0.03792996
v 0.02597528 0.02820797 0.03722258
v 0.03883930 0.03058019 0.03746225
v 0.03888741 0.02975022 0.03777603
v 0.02571085 0.02044271 0.03470902
v 0.02336164 0.02099467 0.03465219
v 0.02625887 0.02076360 0.03448775
v 0.02367567 0.02131428 0.03437235
v 0.02744371 0.02115192 0.03366398
v 0.02275515 0.02184417 0.03428866
v 0.02214473 0.02167003 0.03469249
v -0.00251513 -0.11707958 0.01371662
v -0.00406608 -0.12465909 0.00933238
v 0.02821953 0.02118552 0.03322253
v 0.02245145 0.02423873 0.03500187
v 0.02109911 0.02260563 0.03510053
v 0.02091667 0.02465606 0.03448170
v 0.02013863 0.02256484 0.03480641
v 0.02315996 0.02687335 0.03570742
v 0.02408859 0.02591345 0.03515570
v 0.02119207 0.02160075 0.03493083
v 0.02179733 0.02102312 0.03479921
v 0.02026682 0.02147086 0.03525979
v 0.02089450 0.02072102 0.03539610
v 0.02860583 0.01755856 0.03576773
v 0.02834051 0.01709380 0.03656119
v 0.02521831 0.01904214 0.03539852
v 0.02449187 0.01858536 0.03607738
v 0.03719733 0.01461261 0.03566755
v 0.04010778 0.01460161 0.03453334
v 0.03692855 0.01337766 0.03654440
v -0.00877324 -0.01157211 0.06078299
v -0.00983737 -0.01189098 0.05954494
v -0.00805786 -0.01029757 0.05835839
v -0.00769002 -0.01026434 0.05896681
v 0.04011655 0.01350926 0.03526537
v 0.03166030 0.01368299 0.03770236
v 0.03223808 0.01482026 0.03689790
v 0.04138504 -0.11760935 -0.01045612
v 0.04999156 0.01580865 0.02712333
v 0.05070936 0.01527030 0.02703902
v 0.04933738 0.01444976 0.02875537
v 0.04860537 0.01533702 0.02848784
v 0.04695357 0.01501087 0.02986641
v -0.00929652 -0.02062414 0.06035070
v -0.00859220 -0.01929965 0.05952873
v -0.01003450 -0.01955636 0.05849397
v -0.01106939 -0.02032336 0.05957256
v 0.04740866 0.01387089 0.03046199
v 0.04509791 0.01371216 0.03214746
v 0.04494245 0.01468094 0.03140547
v 0.04308792 0.01459020 0.03295404
v 0.04299262 0.01352147 0.03368745
v 0.05323300 0.01888474 0.02466956
v 0.05429503 0.02219555 0.02495516
v 0.05428749 0.01809712 0.02367153
v 0.05626560 0.02181486 0.02304000
v 0.01891478 0.02574522 0.03543885
v -0.00685321 -0.01012608 0.05824791
v -0.00584336 -0.01184656 0.06112582
v -0.00700222 -0.01167932 0.06167332
v -0.00719857 -0.01027642 0.05860942
v 0.01874720 0.02282056 0.03487495
v 0.01730181 0.02624649 0.03750094
v 0.01736135 0.02351049 0.03662680
v 0.01857066 0.02876172 0.03889027
v 0.02037042 0.02852202 0.03633173
v 0.01932186 0.02151608 0.03552690
v 0.02003474 0.02057603 0.03553852
v 0.01810079 0.02141285 0.03621504
v 0.01910990 0.02008855 0.03636217
v 0.02782757 0.01613690 0.03711345
v 0.02726014 0.01512231 0.03772802
v 0.02380086 0.01799023 0.03678562
v 0.02282974 0.01717212 0.03727103
v 0.04973168 -0.01223683 -0.12125783
v 0.05372319 0.03153491 -0.13153619
v 0.05195401 0.03571786 0.03576470
v 0.04953396 0.03230327 0.03642746
v 0.04627568 0.03361260 0.03873755
v 0.04798447 0.03780660 0.03914576
v 0.05436930 0.03998239 0.03363263
v 0.05674033 0.03616407 0.03089333
v 0.05450701 0.03311595 0.03282994
v 0.05212336 0.03053193 0.03403707
v 0.05588439 0.02492277 0.02619599
v 0.05393996 0.02502218 0.02747870
v 0.05414375 0.02667063 0.02909496
v 0.05601595 0.02746584 0.02781140
v 0.05788559 0.02517905 0.02397472
v 0.05859651 0.02849497 0.02598133
v 0.05563115 0.03007282 0.03022783
v 0.05349396 0.02846625 0.03146256
v 0.05787067 0.03186397 0.02837619
v 0.02643657 0.03385579 0.04139213
v 0.02688272 0.03266281 0.03934441
v 0.02440865 0.03031614 0.03777833
v 0.02295918 0.03057063 0.03884913
v 0.02569873 0.03542734 0.04282080
v 0.02084008 0.03137723 0.04048214
v 0.04043762 0.03836484 0.04228240
v 0.03934822 0.03487602 0.04090638
v 0.02853576 0.03059456 0.03780695
v 0.02650706 0.02913539 0.03761905
v 0.02789370 0.03063123 0.03782479
v 0.02590751 0.02912206 0.03752678
v 0.05889529 0.09593055 -0.10794911
v 0.06107478 0.10185515 -0.09534536
v 0.04422941 0.11303191 -0.10140286
v 0.04339937 0.10551216 -0.11396990
v 0.04594930 0.02881334 0.03533953
v 0.04658221 0.02906394 0.03516785
v 0.04893684 0.02777326 0.03339157
v 0.04838939 0.02757824 0.03335851
v 0.05030835 0.02631930 0.03108149
v 0.05083799 0.02669132 0.03153057
v 0.05183442 0.02574245 0.02995028
v 0.05141631 0.02540940 0.02956695
v 0.05200940 0.02465262 0.02836402
v 0.05229908 0.02490523 0.02828415
v 0.02556988 0.02970422 0.03786413
v 0.02746082 0.03114214 0.03835306
v 0.05270844 0.06316619 -0.13185313
v 0.04422115 0.07412010 0.02419995
v 0.05135095 0.07080035 0.01765715
v 0.04984381 0.06403785 0.02270000
v 0.04745719 0.03016007 0.03640825
v 0.05011173 0.02881823 0.03435114
v 0.05184943 0.02745172 0.03198678
v 0.05284553 0.02609402 0.02998891
v 0.05322928 0.02520970 0.02854848
v 0.07496553 -0.01169305 -0.04007090
v 0.07524627 -0.01224695 -0.04224319
v 0.08285739 -0.00451395 -0.06994689
v 0.08068471 0.00207373 -0.06914741
v 0.07930315 0.00561859 -0.06774216
v 0.08397850 0.01393720 -0.05330674
v 0.08607023 0.01720538 -0.05632956
v 0.08860698 -0.02267899 -0.06116730
v 0.08509456 -0.02477848 -0.05736327
v -0.09367018 0.02123731 -0.06125283
v 0.08823991 -0.02183589 -0.06190770
v 0.09307962 0.01271201 -0.06546760
v 0.09344967 0.01103437 -0.06691391
v 0.09432224 0.01062131 -0.06654099
v 0.04277597 -0.03470951 -0.11298666
v 0.04755910 -0.02158173 -0.11820073
v 0.09373517 0.00922629 -0.06833565
v 0.07658499 -0.00814559 -0.04549681
v 0.08399677 -0.00481462 -0.07006945
v 0.08579350 -0.00521677 -0.07155456
v 0.08699438 -0.01015126 -0.07131661
v 0.08607780 -0.00978289 -0.07090575
v 0.08643202 -0.01542272 -0.06923225
v 0.08556487 -0.01467813 -0.06893287
v 0.08977206 -0.01898471 -0.06476372
v 0.09015412 -0.01468725 -0.06765793
v 0.08710586 0.01754093 -0.05773615
v 0.08714376 0.01694557 -0.05691755
v 0.08792050 0.01745336 -0.05805587
v 0.07761741 -0.00947479 -0.04701420
v 0.08191805 0.01144770 -0.05338184
v 0.08179603 0.00983076 -0.05145570
v 0.08142372 0.01025726 -0.05204838
v 0.07558084 -0.00563624 -0.05203227
v 0.07525977 -0.00478914 -0.05228705
v 0.07686131 -0.00687009 -0.05144743
v 0.07849197 -0.00777050 -0.04887063
v 0.07357685 -0.01604580 -0.05124357
v 0.07348309 -0.01702837 -0.05265656
v 0.07315345 -0.01741242 -0.05150533
v 0.09023387 0.02303644 -0.06071270
v 0.08184750 0.00890964 -0.05098265
v 0.08320291 0.00998630 -0.05131553
v 0.08395988 0.01109176 -0.05168526
v 0.08884509 0.01658178 -0.05806120
v 0.08456904 0.01191968 -0.05189184
v 0.08335336 0.01203841 -0.05223219
v 0.08486750 0.01364151 -0.05303659
v 0.08256943 0.01207320 -0.05271754
v 0.07906671 -0.01384611 -0.06481230
v 0.07765434 -0.01391401 -0.06285252
v 0.07532082 0.00865254 -0.04110131
v 0.07632946 0.00595334 -0.04373620
v 0.08407776 -0.02534175 -0.05487863
v 0.07946052 0.01139911 -0.06166237
v 0.08054712 0.01501840 -0.06337917
v 0.09157054 -0.01045126 -0.06942473
v 0.08415683 -0.01688304 -0.05896184
v 0.08189219 -0.01794066 -0.05784003
v 0.08652784 -0.01543749 -0.06037941
v 0.08858614 -0.01279473 -0.06216690
v 0.07786573 0.00266059 -0.05612686
v 0.08782223 0.00724275 -0.06151078
v 0.08826692 0.00496068 -0.06267393
v 0.08634558 0.00742430 -0.06025080
v 0.08135167 0.01899332 -0.06136578
v 0.08150794 0.01897528 -0.05883964
v 0.07888766 0.01475477 -0.06049238
v 0.08134937 0.01703104 -0.05842325
v 0.07523497 -0.01267093 -0.05101594
v 0.07366469 -0.01826251 -0.05407463
v 0.07559727 -0.01726142 -0.05607221
v 0.07488976 -0.01885272 -0.05505902
v 0.07636338 -0.01826262 -0.05702671
v 0.07658157 -0.01720273 -0.05856568
v 0.07672538 -0.01564080 -0.05998819
v 0.07713611 -0.01338540 -0.06055689
v 0.07459831 -0.00878094 -0.05196359
v 0.08029018 0.02087886 -0.04931522
v 0.07425641 -0.01061489 -0.05191401
v 0.07595628 -0.00690080 -0.05172041
v 0.07597302 -0.00861693 -0.05130096
v 0.07556515 -0.01050068 -0.05096711
v 0.07986337 -0.01996421 -0.05128504
v 0.08007560 -0.01891640 -0.05410465
v 0.07897895 -0.01917651 -0.05054956
v 0.08060087 -0.01875910 -0.05645606
v 0.07783195 -0.01870390 -0.05028002
v 0.08092437 0.01277934 -0.06076596
v 0.08150848 0.01636116 -0.06028670
v 0.07456496 -0.00779160 -0.03822922
v 0.06531380 0.00210513 0.01351375
v 0.06628764 0.01028571 0.00709705
v 0.03041941 -0.04569800 0.04303781
v 0.03018389 -0.04813127 0.04354952
v 0.05759866 -0.00539943 0.02892755
v 0.05350996 -0.00887955 0.03428782
v 0.02572038 -0.03793897 0.05082313
v 0.02517758 -0.03870316 0.05138154
v 0.02413109 -0.03883303 0.05182178
v 0.02484862 -0.03870561 0.05113679
v 0.02226841 -0.03816840 0.05195381
v 0.02391925 -0.03889683 0.05095353
v 0.02397214 -0.03875977 0.05190458
v 0.02245702 -0.03808430 0.05244900
v 0.02972678 -0.02719590 0.05138301
v 0.03311813 -0.02289694 0.04899907
v 0.03553706 -0.02525922 0.04851206
v 0.03226532 -0.02874096 0.05071494
v 0.02683583 -0.04227643 0.04428352
v 0.02642004 -0.04058165 0.04415639
v 0.02521749 -0.03978658 0.04701834
v 0.02501300 -0.03997190 0.04671352
v 0.02717151 -0.04381065 0.04512174
v 0.02516632 -0.04126387 0.04749842
v 0.02984088 -0.04402464 0.04229254
v 0.02887935 -0.04130295 0.04154187
v 0.03568914 -0.04108170 0.04800938
v 0.03152015 -0.03970005 0.04889728
v 0.03227494 -0.03688962 0.04913891
v 0.03602656 -0.03667644 0.04800635
v 0.02762402 -0.01767084 0.04849394
v 0.03085054 -0.01998236 0.04867790
v 0.02737763 -0.02503501 0.05114988
v 0.02440888 -0.02171616 0.05085347
v 0.02147782 -0.01795691 0.05101550
v 0.02443390 -0.01435454 0.04826316
v 0.02118295 -0.01031908 0.05388770
v 0.02247203 -0.01436605 0.05553119
v 0.02202344 -0.01590806 0.05926798
v 0.02239898 -0.01329983 0.05792585
v 0.01994705 -0.02046740 0.05781636
v 0.02246940 -0.01689134 0.05396983
v 0.01511912 -0.02143217 0.05858697
v -0.01386501 -0.01967103 0.06046904
v -0.01249720 -0.01805936 0.05951189
v -0.01314929 -0.01749907 0.06130821
v -0.01584257 -0.01855626 0.06212835
v 0.01472779 -0.02089556 0.05924662
v 0.02011167 -0.02040459 0.05651838
v -0.00536784 -0.01795746 0.06769997
v -0.00673695 -0.01592944 0.06776898
v -0.00545805 -0.01706792 0.06569828
v -0.00534626 -0.01881982 0.06524039
v 0.01977284 -0.02092057 0.05528035
v 0.01538121 -0.02179487 0.05805737
v 0.01343558 -0.02013366 0.05948953
v 0.01684481 -0.02008982 0.05961256
v -0.00923759 -0.01564886 0.06717271
v -0.01168010 -0.01549147 0.06946492
v -0.01389585 -0.01562315 0.06774158
v -0.01109641 -0.01611298 0.06569716
v -0.00577102 -0.01588089 0.06144412
v -0.00667670 -0.01772369 0.06249747
v -0.00507924 -0.01500391 0.06451027
v -0.01243953 -0.01546213 0.05970659
v -0.01206342 -0.01653277 0.05843800
v -0.00990786 -0.01284506 0.05831337
v -0.01020412 -0.01256541 0.05816468
v 0.01888167 -0.01793140 0.06117472
v 0.00542914 -0.01813780 0.06699859
v 0.00682728 -0.01714648 0.06933004
v 0.01197164 0.01479551 0.05262436
v 0.01538245 0.01112307 0.04939569
v 0.01192134 0.01180391 0.05479906
v 0.01518655 0.00836432 0.05147744
v 0.01793063 -0.01533271 0.06457075
v 0.02033636 -0.01328454 0.06356740
v 0.01471500 -0.01396095 0.06845149
v 0.01602345 -0.01113777 0.06842702
v 0.00519698 0.03038681 0.05084038
v 0.00340628 -0.02192780 0.06296801
v 0.00402712 -0.02273145 0.06305563
v 0.00299902 -0.02026126 0.06426592
v 0.02194113 0.09815493 -0.13255750
v 0.02242606 0.11086976 -0.12095770
v 0.02143112 0.12432455 -0.09713636
v 0.01896135 0.12863241 -0.08442455
v 0.00950513 -0.04132752 0.06886795
v 0.00888911 -0.03791780 0.06895234
v 0.01565783 -0.04533385 0.04999259
v 0.01066438 -0.04676333 0.05184342
v 0.01076221 -0.04813194 0.05552649
v 0.01610389 -0.04704941 0.05368130
v 0.01923317 -0.04521852 0.05151517
v 0.01959289 -0.04330908 0.04809006
v 0.01559683 -0.04356989 0.04720480
v 0.01038250 -0.04495728 0.04833582
v 0.01613256 -0.04866802 0.05995997
v 0.01049105 -0.04945257 0.06290758
v 0.01021681 -0.04703929 0.06579117
v 0.01553221 -0.04681521 0.06243029
v 0.02181627 -0.02500812 0.05452912
v 0.01817549 -0.02468722 0.05720218
v 0.01339625 -0.02499357 0.06056300
v 0.00953638 -0.02532535 0.06297939
v 0.00848160 -0.02302210 0.06214758
v 0.01140211 -0.02245995 0.06027561
v 0.00793569 -0.02203423 0.06174111
v 0.01097320 -0.02174020 0.06017808
v 0.01061211 -0.02107438 0.06023737
v 0.01095254 -0.02036710 0.06016759
v 0.00882682 -0.02013253 0.06133068
v 0.00932412 -0.01959726 0.06106972
v 0.00760461 -0.02122603 0.06157033
v 0.00521229 0.00570268 0.06885058
v 0.00508103 0.00953145 0.06560741
v 0.01366382 -0.03554906 0.06658646
v 0.00846789 -0.03540032 0.06815042
v 0.00726022 -0.03124553 0.06660553
v 0.01215105 -0.03097865 0.06525978
v 0.01688261 -0.03133556 0.06255604
v 0.01864177 -0.03690353 0.06348217
v 0.00463922 -0.02367061 0.06331097
v 0.01424054 -0.03840454 0.06705450
v 0.01458734 -0.04149428 0.06652411
v 0.01914951 -0.03948579 0.06363396
v 0.01922876 -0.04189903 0.06286862
v 0.02304697 -0.03814176 0.05947724
v 0.02187108 -0.03265614 0.05898819
v 0.02661333 -0.03269441 0.05489664
v 0.02614943 -0.03796956 0.05558624
v 0.03206285 -0.03480585 0.05003197
v 0.02710438 -0.03738382 0.05036476
v 0.02732276 -0.03697661 0.05101097
v 0.02735302 -0.03690280 0.05201188
v 0.03123610 -0.03333956 0.05118234
v 0.03537855 -0.03324692 0.04866309
v 0.03413361 -0.03056107 0.04963513
v 0.02966948 -0.03282192 0.05253156
v 0.02727030 -0.03724092 0.05334345
v 0.02628741 -0.03802386 0.05138419
v 0.02521141 -0.03868667 0.05141217
v 0.02635348 -0.03837597 0.05221019
v 0.02544387 -0.03927987 0.05193852
v 0.02639565 -0.03896708 0.05339224
v 0.02558620 -0.04013409 0.05268012
v 0.02542089 -0.04108157 0.05419043
v 0.02590843 -0.03973806 0.05533149
v 0.02419081 -0.04120457 0.05104436
v 0.02358384 -0.04260163 0.05115607
v 0.02369069 -0.04292030 0.05197561
v 0.02409476 -0.04157056 0.05134745
v 0.02453971 -0.03970097 0.05115423
v 0.02421827 -0.04041393 0.05158602
v 0.02533878 -0.04045250 0.04727671
v 0.02496049 -0.04164060 0.04733242
v -0.04645527 -0.09060489 -0.02426788
v -0.05825874 -0.08836689 -0.03993072
v 0.02456848 -0.03876192 0.05079509
v 0.02454632 -0.03901443 0.05145771
v 0.02435959 -0.03923688 0.05160628
v 0.02455429 -0.03986704 0.05154377
v 0.02461742 -0.04100495 0.05192579
v 0.02443228 -0.04210650 0.05275458
v 0.01907304 -0.04405168 0.06127537
v 0.02247866 -0.04212698 0.05870925
v 0.02207744 -0.04372301 0.05668864
v 0.01896138 -0.04620894 0.05883757
v 0.02157029 -0.04497536 0.05476464
v 0.02000673 -0.04139679 0.04513434
v 0.01892277 -0.04697558 0.05659571
v 0.02319430 -0.04145256 0.04561057
v 0.02403710 -0.03965248 0.04298240
v 0.02236901 -0.04308404 0.04862876
v 0.02625452 -0.03954401 0.04468704
v 0.02579137 -0.04020430 0.04433564
v 0.02798560 -0.03954252 0.04147477
v 0.02703308 -0.03890310 0.04167824
v 0.02156152 -0.04492804 0.05297524
v 0.02302120 -0.04029431 0.05952806
v 0.01490241 -0.04406563 0.06462773
v 0.00969627 -0.04415648 0.06753746
v -0.03835113 0.00699458 0.03824848
v -0.03752149 0.00375923 0.03955880
v -0.03326625 0.00505711 0.04079668
v -0.03418989 0.00796759 0.03951025
v 0.00596042 -0.00296118 0.07534346
v 0.00549927 0.00172683 0.07196109
v 0.02307698 -0.03830283 0.05251903
v 0.01852503 -0.12876511 0.00575966
v -0.07983150 -0.00943274 -0.04862934
v -0.07905503 -0.00873717 -0.04760566
v -0.08794969 0.01340264 -0.07032955
v 0.02645390 -0.03870631 0.05073376
v 0.02713324 -0.04574629 0.04578445
v 0.02525446 -0.04389727 0.04991723
v 0.03342812 -0.04542459 0.04894208
v 0.03006737 -0.05091822 0.05225109
v 0.02682053 -0.04769418 0.05333277
v 0.02962286 -0.04284049 0.05003326
v 0.02308168 -0.04276256 0.05571520
v 0.02520455 -0.04032801 0.05262122
v -0.09080084 0.01599286 -0.06748056
v 0.02377765 -0.03992112 0.05363845
v 0.02146819 -0.04184061 0.05657294
v 0.01980543 -0.04106809 0.05712012
v 0.02240455 -0.03919527 0.05405444
v 0.01682522 -0.03804210 0.05680542
v 0.01229962 -0.03997038 0.05974675
v 0.01351035 -0.04328589 0.05464302
v 0.01812057 -0.04118009 0.05154778
v 0.02169387 -0.03915678 0.04687664
v 0.02064314 -0.03733344 0.05258966
v -0.08807884 0.01981385 -0.06520753
v -0.08812414 0.02122564 -0.06055805
v -0.08591741 0.02017812 -0.05978382
v -0.08608635 0.01827418 -0.06373919
v 0.01744705 -0.03928588 0.05745387
v 0.02102962 -0.03758281 0.05384092
v 0.01273796 -0.04140330 0.06072607
v 0.03008283 -0.12387028 -0.00126511
v 0.02146084 -0.03833700 0.05418497
v 0.01821921 -0.03994007 0.05744417
v 0.01378810 -0.04276020 0.06117319
v 0.01590528 -0.04463345 0.06188790
v 0.01817315 -0.04642199 0.06228582
v 0.01991545 -0.04817850 0.06136072
v 0.02307215 -0.05339472 0.05765244
v 0.02580156 -0.05732804 0.05671369
v 0.01763162 -0.05837172 0.06061420
v 0.02003442 -0.06231940 0.06022170
v 0.01577190 -0.05371709 0.06557649
v 0.01359000 -0.05059529 0.06721886
v 0.01118693 -0.04794107 0.06637980
v 0.00942798 -0.04526980 0.06498358
v 0.00552951 -0.02558374 0.06390729
v 0.00717968 -0.01968808 0.06236772
v 0.00566173 -0.01888628 0.06436048
v 0.00950831 -0.01564704 0.07041100
v 0.00280048 -0.01927274 0.06666420
v 0.01274514 -0.01415960 0.07008210
v 0.01053128 -0.01456354 0.07150809
v 0.01127993 -0.01302425 0.07263712
v 0.01290386 -0.01240174 0.07162836
v 0.00862645 -0.01505327 0.07270511
v 0.01008299 -0.01321278 0.07349949
v 0.00369954 -0.01574094 0.07443434
v 0.00465837 -0.01243498 0.07681957
v 0.00590014 -0.00670569 0.07727162
v 0.00523537 -0.01023103 0.07759099
v 0.01160168 -0.01134598 0.07309419
v 0.01314604 -0.00935233 0.07145359
v -0.09562128 0.01556829 -0.06537440
v 0.01341838 -0.00595182 0.06945914
v 0.01687722 -0.00796836 0.06604529
v 0.00940359 0.13319573 -0.04066451
v 0.00834227 -0.04344488 0.06381986
v 0.00741403 -0.04218664 0.06206088
v -0.08010202 -0.02370054 -0.04892933
v -0.08743250 0.00498017 -0.06246483
v 0.01676756 -0.05381776 0.04771405
v 0.01535944 -0.04812760 0.05016362
v 0.01015509 -0.05083263 0.05217784
v -0.08755723 0.02170342 -0.05811039
v -0.09077948 0.02277592 -0.05871592
v 0.01166663 -0.05586826 0.04992601
v 0.00345868 -0.04424085 0.06333972
v -0.09375434 -0.00578416 -0.07062440
v -0.09625386 0.01417822 -0.06717446
v -0.09473617 0.01263937 -0.06629648
v -0.08868811 0.01351012 -0.05379973
v -0.08231516 -0.01254017 -0.06506890
v -0.08805433 -0.01208602 -0.06199497
v -0.08651075 -0.01490715 -0.06116331
v -0.08157090 -0.01438858 -0.06450068
v -0.07875627 0.00019489 -0.05950737
v 0.00478542 -0.04783631 0.05746537
v 0.00843828 -0.04565626 0.05665020
v 0.00369819 -0.04570815 0.06510388
v 0.00458293 -0.04769925 0.06646750
v 0.00606867 -0.05053654 0.06808939
v 0.00664142 -0.05280717 0.05298898
v 0.00810362 -0.05818700 0.05098390
v -0.07596651 -0.01972931 -0.04071928
v 0.02535151 -0.04621174 0.04629093
v -0.08526351 -0.02815588 -0.05404381
v -0.08617994 -0.02672391 -0.05655924
v -0.03310886 -0.03566043 -0.12351665
v -0.03688489 -0.02421638 -0.12949775
v -0.09536877 -0.00593675 -0.07415384
v 0.02762729 -0.05041876 0.04424202
v 0.02036938 -0.04752479 0.04812831
v 0.02207229 -0.05167970 0.04631695
v 0.01376334 -0.06552924 0.06228018
v 0.01181489 -0.06159049 0.06172634
v 0.00804433 -0.05404512 0.06858946
v 0.01003928 -0.05797980 0.06704088
v 0.02204833 0.11881490 -0.10970766
v 0.06150854 0.07732563 -0.00496704
v 0.05974988 0.07068419 0.00225038
v -0.08808387 0.01843355 -0.06122378
v 0.05320073 0.07793131 0.00917909
v 0.05487156 0.08314212 0.00272202
v 0.06223634 0.08592509 -0.01291750
v 0.05558771 0.09047165 -0.00476795
v 0.03967781 0.12553449 -0.06021363
v 0.04007854 0.12466511 -0.04594469
v 0.02067182 0.13057657 -0.04194297
v 0.03460739 0.12574105 -0.07424565
v 0.04740195 0.11733459 -0.08394904
v 0.04937321 0.11989217 -0.06446097
v 0.04914963 0.11954123 -0.04902519
v -0.08201598 -0.02393829 -0.04984307
v -0.08210871 -0.02965641 -0.04740831
v -0.08025336 -0.02930056 -0.04596438
v -0.08383964 0.00805946 -0.05962525
v 0.02799059 -0.08906177 -0.11424940
v 0.05363872 0.04500467 -0.13189250
v 0.04764926 0.11829864 -0.03522132
v 0.03925230 0.12254131 -0.03226003
v 0.03860303 0.11908745 -0.02005869
v 0.04616423 0.11571062 -0.02362274
v 0.02042007 0.12783523 -0.02766508
v 0.00927701 0.12996541 -0.02590628
v 0.01853468 0.00605619 -0.14835167
v 0.00520686 0.01326289 0.06267171
v 0.05047608 -0.05080754 -0.09582620
v 0.06156098 -0.05071706 -0.07758909
v 0.06813549 -0.10215805 -0.04945158
v 0.07402009 -0.02708348 -0.05713934
v 0.07362860 -0.02635679 -0.05791555
v 0.06652463 -0.06454742 -0.05640650
v 0.06609762 -0.05047961 -0.05780374
v 0.03971800 -0.05017396 -0.10824671
v 0.08237837 -0.01614261 -0.06837567
v 0.08296522 -0.01260738 -0.06980118
v 0.08383118 -0.01707038 -0.06764127
v 0.08432982 -0.01310371 -0.06926990
v 0.08439608 -0.00883070 -0.07011706
v 0.08467989 -0.01890901 -0.06666757
v 0.08138024 0.01939234 -0.05710370
v 0.08345292 0.02085315 -0.05597770
v -0.08212981 -0.01855581 -0.06803361
v -0.08200471 -0.01644518 -0.06944010
v 0.07353345 -0.02783407 -0.05227432
v 0.07336418 -0.02727201 -0.05419865
v -0.07011361 -0.00686762 -0.05629165
v 0.07266884 -0.02729336 -0.05333204
v 0.07252204 -0.02754874 -0.05174169
v 0.07343667 -0.02840923 -0.05035614
v 0.07240265 -0.02788105 -0.05038080
v 0.07955027 0.03726009 -0.04751403
v 0.07097857 -0.02742218 -0.05483026
v 0.07271014 -0.02639767 -0.05748845
v 0.07283650 -0.02677950 -0.05574308
v 0.07222715 -0.02712421 -0.05414621
v 0.07196693 -0.02788679 -0.05184393
v 0.07200222 -0.02836820 -0.04972696
v 0.07278193 -0.02905018 -0.04889795
v -0.08470320 -0.02433904 -0.06486438
v -0.08098375 -0.02961059 -0.05880924
v -0.06224355 -0.08411872 -0.05567966
v -0.06027420 -0.08100667 -0.07157589
v -0.06091810 -0.09272721 -0.06900391
v -0.06187934 -0.09731106 -0.05289211
v -0.07708352 -0.00489411 -0.04195138
v -0.07710817 -0.01144908 -0.04436240
v -0.07707141 -0.01329545 -0.04248705
v 0.08527269 -0.02004584 -0.06684875
v 0.07842022 -0.02988488 -0.05475336
v -0.01867489 -0.10921216 0.00466509
v -0.01634762 -0.12157483 0.00177417
v 0.08012528 0.01170571 -0.06314966
v 0.08037137 0.00961612 -0.06495402
v 0.08310069 0.01111455 -0.06611355
v 0.08289733 0.01341875 -0.06457040
v 0.06081161 -0.01145848 -0.10899759
v 0.06287513 0.00015359 -0.11322054
v 0.01293209 -0.08701791 -0.11924104
v 0.01297769 -0.07345725 -0.11884619
v 0.07797661 0.03381472 -0.09632387
v 0.08012825 0.01340877 -0.06172933
v 0.08299354 0.01533036 -0.06309348
v 0.08324481 -0.00855590 -0.07029539
v 0.07840318 0.01297722 -0.06213724
v 0.07875172 0.01105850 -0.06358004
v 0.08451526 0.01691275 -0.06459877
v 0.08438987 0.01479058 -0.06616772
v 0.08418649 0.01234591 -0.06765025
v 0.07908968 0.00896437 -0.06515898
v -0.07589197 -0.01968041 -0.03728037
v -0.07483478 -0.02073739 -0.02560627
v -0.07681005 -0.00375224 -0.02572837
v -0.07627027 -0.00899213 -0.03666964
v 0.08133095 0.01712395 -0.06330137
v 0.08150189 0.06619345 -0.07035037
v 0.08108731 0.06005511 -0.08482060
v 0.07761758 0.08361044 -0.07297818
v 0.07698491 0.07849789 -0.08859153
v 0.07262738 0.07236159 -0.10487609
v 0.07640339 0.05269463 -0.10132048
v 0.08148599 0.01914053 -0.05754101
v 0.08446743 0.02158813 -0.05647446
v 0.06299259 0.09285418 -0.02042262
v 0.06841946 0.08813517 -0.02773171
v 0.05595960 0.09690440 -0.01161755
v 0.05601377 0.10267505 -0.01804450
v 0.06261608 0.09940410 -0.02713245
v 0.07018108 0.09283187 -0.03952127
v 0.08059131 0.05661033 -0.05591293
v 0.07918175 0.07169290 -0.05580633
v 0.07549427 0.07564932 -0.04182826
v -0.06398518 0.03186938 0.01416922
v -0.06548490 0.03185318 0.00976183
v -0.06610419 0.02151482 0.00902672
v -0.06381323 0.02351565 0.01305626
v 0.07505056 0.08851370 -0.05694712
v 0.06613293 0.10235633 -0.04549468
v 0.07008121 0.09892115 -0.06016141
v 0.05911968 0.11113939 -0.04901938
v 0.06147377 0.10928078 -0.06388474
v 0.06145030 0.10676769 -0.07997490
v 0.07201155 0.09497848 -0.07559270
v 0.06093320 0.10527837 -0.03304765
v 0.05458259 0.10788965 -0.02320896
v 0.05597986 0.11199003 -0.03623099
v 0.05245753 0.11222606 -0.02756425
v 0.07300118 0.07714167 -0.03438898
v 0.06780543 -0.03271276 -0.05000250
v 0.07047729 -0.03250358 -0.04379266
v -0.02045489 0.08833833 0.03137329
v -0.01029126 0.08938322 0.03378809
v -0.01058643 0.09634050 0.02858670
v -0.02094923 0.09533906 0.02601992
v 0.07358319 -0.02091770 -0.03486180
v -0.03886989 -0.01523734 -0.13274574
v -0.04063697 -0.00400464 -0.13639650
v -0.02032924 -0.00722958 -0.14392877
v -0.01926009 -0.01759918 -0.13975953
v 0.06919125 0.00435138 0.00066919
v 0.06846710 0.01564322 -0.00250056
v 0.07222451 0.00854277 -0.01312238
v 0.07211177 -0.00475097 -0.01050261
v -0.02136049 0.11386629 0.00503599
v -0.01086254 0.11524023 0.00761793
v -0.01104242 0.12087646 -0.00197234
v -0.02172825 0.11922388 -0.00423209
v -0.05849541 0.00219680 0.02726574
v -0.06042966 -0.00451621 0.02731320
v -0.05654810 -0.00451503 0.03149021
v -0.05499496 0.00248709 0.03080538
v 0.06756716 0.02837613 -0.00411918
v 0.07042384 0.02161901 -0.01467725
v 0.07113475 0.03672235 -0.01705365
v 0.06724463 0.04318852 -0.00455808
v 0.06377456 0.06677323 -0.12030517
v 0.06609269 0.04932569 -0.11908513
v -0.08186049 -0.03390240 -0.04394785
v -0.08058994 -0.03316696 -0.04292174
v 0.06674737 0.03578976 -0.11817789
v 0.04921744 0.05864495 0.02672926
v -0.01126765 0.12578700 -0.01331286
v -0.02222852 0.12392770 -0.01519527
v 0.02164603 0.08872162 -0.13942398
v 0.04567378 0.08186527 0.01651440
v 0.05538706 0.08832279 -0.11912183
v -0.00121051 -0.07190251 -0.12052844
v 0.04193560 0.09448622 -0.12563290
v 0.07150410 0.09019687 -0.09093384
v 0.06840397 0.08498269 -0.10463596
v 0.06044254 0.07842246 -0.11990166
v 0.06590983 0.01862590 -0.11733023
v 0.04651563 0.11131443 -0.01629966
v 0.06010527 0.02534128 0.02073593
v 0.05868049 0.02094235 0.01959319
v 0.06078866 0.03016349 0.02235441
v 0.05631838 0.01629841 0.02123761
v 0.01893222 0.00747468 0.04681817
v 0.01838093 0.00475656 0.04859829
v 0.01785026 0.00207694 0.05069416
v 0.02195369 0.00179647 0.04627512
v 0.02119108 -0.00143639 0.04802566
v 0.01429076 0.00228698 0.05613473
v 0.01478606 0.00536414 0.05379843
v 0.01738605 -0.00061770 0.05272066
v 0.01753272 -0.00364022 0.05497305
v 0.01462680 -0.00060704 0.05902174
v 0.02229576 -0.01656064 0.05167789
v 0.02238348 -0.01147056 0.04921233
v 0.02010622 -0.00764116 0.05140420
v 0.02489750 -0.00402361 0.04633472
v 0.02372166 -0.00750018 0.04753466
v 0.02044977 -0.00418529 0.04956327
v 0.02643869 -0.00059549 0.04462327
v 0.01943035 -0.00711147 0.05805346
v 0.02108154 -0.01093337 0.06132381
v 0.01573171 -0.00411498 0.06270099
v 0.01270094 -0.00224547 0.06589946
v 0.01201972 0.00164726 0.06234859
v 0.02275067 0.00466592 0.04478921
v 0.02752962 0.00259574 0.04319069
v 0.02724707 -0.01003237 0.04699984
v 0.03145686 -0.01180125 0.04709515
v 0.02943867 -0.00554813 0.04528711
v 0.03339283 -0.00686978 0.04537769
v 0.03081642 -0.00199835 0.04386714
v 0.03481236 -0.00324525 0.04344034
v 0.03483658 -0.01484885 0.04723077
v 0.03756442 -0.01753463 0.04700505
v 0.03975635 -0.02160559 0.04638366
v 0.04069908 -0.01246979 0.04472958
v 0.04383001 -0.01649866 0.04349241
v 0.04316184 -0.00727797 0.04215719
v 0.04681515 -0.01152838 0.04091660
v -0.01465852 0.01445167 0.04715227
v -0.01500390 0.01665078 0.04416576
v -0.01921172 0.01301798 0.04296391
v -0.01876049 0.01060038 0.04505513
v -0.00795863 0.06177386 0.04670632
v -0.00878589 0.06834481 0.04274691
v -0.01807370 0.06822351 0.04136942
v -0.01713684 0.06176490 0.04603132
v 0.03752412 -0.00901933 0.04511685
v 0.03938728 -0.00511807 0.04297575
v 0.03637725 0.00044613 0.04163562
v 0.03228786 0.00165984 0.04237501
v 0.04501652 0.00285631 0.03782294
v 0.04429821 -0.00224905 0.03992429
v 0.04039810 -0.00071597 0.04088450
v 0.04155018 0.00355289 0.03887074
v 0.04898952 -0.00488909 0.03814588
v 0.04905418 0.00199897 0.03626738
v 0.04877229 0.00629222 0.03449816
v 0.03616213 0.01131393 0.03789613
v 0.03100287 0.01173499 0.03880364
v 0.03957071 0.01138481 0.03669219
v 0.04535890 0.00649363 0.03621825
v 0.04212331 0.00683605 0.03736503
v 0.05198700 0.01318562 0.02738086
v 0.05028842 0.01231769 0.02977408
v 0.04543335 0.01143067 0.03377376
v 0.04271253 0.01132879 0.03519887
v 0.04817098 0.01165350 0.03181778
v 0.02626296 0.01329543 0.03884460
v 0.02132602 0.01561159 0.03909556
v 0.06157087 -0.06364073 -0.07393878
v 0.01166234 0.00508471 0.05970125
v 0.01174137 0.00844109 0.05704216
v 0.01828959 0.03179755 0.04260435
v 0.01608409 0.02894241 0.04148427
v 0.00923113 0.02981736 0.04835911
v 0.02252207 0.03647485 0.04549915
v 0.01792944 0.01857924 0.03907836
v -0.02405798 0.01059966 0.04196463
v -0.02308434 0.00805958 0.04356340
v 0.01591577 0.02112097 0.03900919
v 0.01480855 0.02319604 0.03973342
v 0.01459051 0.02619185 0.04058635
v -0.01065743 0.10314103 0.02227917
v -0.02112789 0.10205639 0.01958281
v -0.02180247 0.13143085 -0.06455994
v -0.02226663 0.13131782 -0.05624094
v -0.01096261 0.13414012 -0.05649193
v -0.01202643 0.13359657 -0.06893016
v 0.03368984 0.05051076 0.04691204
v 0.03070025 0.04380552 0.04922233
v 0.05790461 0.06349616 0.01142454
v 0.06163838 0.05498626 0.00748806
v 0.05460193 0.04556294 0.03028392
v 0.05788386 0.04127644 0.02712402
v 0.05975271 0.03584576 0.02432877
v 0.06398270 0.04342040 0.00438978
v 0.06556746 0.03088366 0.00346962
v 0.06596223 0.02007012 0.00426533
v -0.07360033 -0.00068475 -0.09648371
v -0.07711238 -0.00249269 -0.08092376
v -0.07971716 0.01009350 -0.08188754
v -0.07739646 0.01654100 -0.09828126
v 0.04721930 0.09429704 0.00360650
v -0.03043511 -0.10292168 -0.00882372
v -0.02870746 -0.11504528 -0.01130131
v -0.00176616 -0.08600396 -0.12075040
v 0.04727736 0.10058004 -0.00293019
v 0.04673369 0.08755033 0.01047831
v 0.03816090 0.11450445 -0.01090330
v 0.03809853 0.10950140 -0.00281398
v 0.04708374 0.10629383 -0.00949136
v 0.03844608 0.10373161 0.00413951
v 0.03874644 0.09744556 0.01060311
v 0.03835982 0.09085802 0.01751521
v 0.03763435 0.08496102 0.02338359
v 0.03630712 0.07610488 0.03006230
v 0.05092237 -0.06396700 -0.09366797
v 0.00932324 -0.00943934 0.05728535
v 0.00882554 -0.00962615 0.05773890
v -0.05483352 0.05501863 0.02130167
v -0.05594456 0.05898025 0.01687258
v -0.05974426 0.05222323 0.01304680
v -0.05888025 0.04907052 0.01810586
v 0.00911912 -0.00945457 0.05704890
v 0.00852670 -0.00953750 0.05750716
v 0.00898910 -0.00961827 0.05747337
v 0.00897076 -0.01808444 0.06036353
v 0.00789372 -0.01615616 0.05936797
v 0.00839524 -0.01210270 0.05849698
v 0.07368265 -0.02769888 -0.03713854
v -0.00681236 0.05054834 0.05164214
v -0.01517368 0.05079355 0.05142632
v -0.01340731 0.04462279 0.05205563
v -0.00620530 0.04407967 0.05222321
v -0.06383515 0.01457526 0.01291589
v -0.06659748 0.01128115 0.01008357
v -0.06610576 0.00289665 0.01545964
v -0.06301923 0.00682952 0.01772998
v -0.06083568 0.00294663 0.02383155
v -0.06345646 -0.00373813 0.02326276
v -0.01943034 0.07817306 0.03757687
v -0.00956536 0.07885897 0.03928771
v -0.06306230 0.04269140 0.01041617
v -0.06217042 0.04093461 0.01569845
v -0.01144872 0.01791684 0.04960215
v -0.01210922 0.01968386 0.04589023
v -0.00923317 0.02363558 0.04814574
v -0.00475194 0.02341702 0.05428525
v -0.00443363 0.02715937 0.05187523
v -0.00874475 0.02700177 0.04883213
v -0.03547029 0.06220846 0.03832340
v -0.03607894 0.06816287 0.03383598
v -0.04337515 0.06711687 0.02836045
v -0.04263838 0.06152582 0.03241073
v -0.02125525 0.10808670 0.01276841
v -0.01073008 0.10930418 0.01545682
v -0.00513073 0.03636716 0.05098101
v -0.01053501 0.03657879 0.05021987
v -0.00950534 0.03273236 0.04895154
v -0.00485890 0.03302726 0.05052351
v -0.02827183 0.00633368 0.04229666
v -0.02908808 0.00901427 0.04090287
v -0.07034854 -0.03408345 -0.05119859
v -0.07259697 -0.03521371 -0.04948334
v -0.07763479 0.01418885 -0.03881427
v -0.07647818 0.00276082 -0.03723821
v -0.07666070 0.01066122 -0.02637933
v -0.07649805 0.02461086 -0.02822891
v -0.07847802 0.03837084 -0.03151771
v -0.07926908 0.04653005 -0.03575585
v -0.08089019 0.03002292 -0.04371889
v -0.07922480 0.02384642 -0.04083383
v -0.05745460 -0.08944540 -0.08334091
v -0.05482911 -0.07894769 -0.08718006
v -0.00495298 0.02007181 0.05724476
v -0.00499013 0.01676294 0.06001903
v -0.02213686 0.03713088 -0.15174136
v -0.02172098 0.02275617 -0.15106601
v -0.04270041 0.02717742 -0.14217745
v -0.04281360 0.04091504 -0.14242288
v -0.07057779 -0.01200850 -0.09329069
v -0.07448982 -0.01181281 -0.07871171
v -0.01148492 -0.01452230 0.06162870
v -0.00792702 -0.01009217 0.05762723
v -0.00878886 -0.01298761 0.05871033
v -0.00801753 -0.01002224 0.05757480
v -0.01255113 -0.01666149 0.06376892
v -0.01581220 -0.01656419 0.06523296
v -0.00925608 -0.01773760 0.05801335
v -0.00817616 -0.01754802 0.05839831
v -0.00805196 -0.01276091 0.05892991
v -0.00823007 -0.01002962 0.05772319
v -0.00161219 -0.01852623 0.06966993
v -0.00246394 -0.01685031 0.07288248
v -0.00712847 -0.01610239 0.07203953
v -0.00530517 -0.01784186 0.06970128
v -0.00720013 -0.00999479 0.05814689
v -0.00613061 -0.01252381 0.05993950
v -0.00605728 -0.01407687 0.06584594
v -0.00787882 -0.01156809 0.06159119
v -0.00743592 -0.01021951 0.05884022
v -0.00829845 -0.01383736 0.06502520
v -0.00661658 -0.01968213 0.06295457
v -0.01000569 -0.01395995 0.06355359
v -0.08395086 -0.01973039 -0.05637976
v -0.06008415 -0.07073950 -0.03546898
v -0.06577563 -0.05596458 -0.04463745
v -0.06599943 -0.05584324 -0.05029033
v -0.06230189 -0.07195499 -0.04522880
v -0.08538951 0.00748492 -0.06081259
v -0.06830562 0.05829511 -0.00463056
v -0.06994963 0.07007980 -0.01330062
v -0.07602984 0.05828723 -0.02594898
v -0.07580575 0.04751029 -0.02228328
v -0.07027699 0.08059412 -0.02091160
v -0.07607385 0.06973501 -0.03246944
v -0.07969812 0.05768077 -0.04286258
v -0.08257387 0.03699197 -0.05743058
v -0.04553859 0.02007239 0.03156333
v -0.04573935 0.01994478 0.03166216
v -0.04420553 0.01976792 0.03300401
v -0.04423451 0.01982035 0.03289727
v -0.04501831 0.02027504 0.03100892
v -0.04361318 0.01987143 0.03207239
v -0.04593063 0.02072742 0.02997164
v -0.04652475 0.02027252 0.03044778
v -0.04672931 0.02009977 0.03052156
v -0.02796332 0.02165573 0.03538904
v -0.02872091 0.02192819 0.03484465
v -0.03145399 0.02101668 0.03481559
v -0.03071489 0.02096026 0.03600210
v -0.02768926 0.02141985 0.03560500
v -0.03053898 0.02065225 0.03623043
v -0.03202467 0.02369667 0.02848959
v -0.03149242 0.02394515 0.02844945
v -0.03278669 0.02340553 0.02852379
v -0.02598955 0.02361778 0.03315003
v -0.02606756 0.02496964 0.03300590
v -0.03114768 0.02473352 0.02841784
v -0.03106247 0.02417242 0.02838395
v -0.02640918 0.02304493 0.03343320
v -0.02460069 0.02299474 0.03346935
v -0.02348852 0.02342329 0.03289130
v -0.02326764 0.02532029 0.03292992
v -0.03602250 0.01945150 0.03596145
v -0.03621730 0.01861585 0.03592790
v -0.03125867 0.01899154 0.03627340
v -0.03080830 0.01997013 0.03626641
v -0.03587528 0.02001017 0.03590833
v -0.03926537 0.01998992 0.03500145
v -0.03936511 0.01950604 0.03495461
v -0.03938540 0.01867849 0.03492581
v -0.02771710 0.02003755 0.03608754
v -0.02763259 0.02103108 0.03582560
v -0.03929659 0.01801255 0.03495026
v -0.03638629 0.01796005 0.03584785
v -0.03145727 0.01829143 0.03626171
v -0.02776180 0.01951429 0.03621409
v -0.02484305 0.02088965 0.03574165
v -0.02600678 0.02113343 0.03567657
v -0.03621046 0.01717865 0.03560870
v -0.03630305 0.01637329 0.03581122
v -0.03124080 0.01670429 0.03680613
v -0.03132235 0.01750283 0.03621501
v -0.03912692 0.01734133 0.03456395
v -0.03915343 0.01642234 0.03460304
v -0.04780290 0.02000715 0.02872865
v -0.04838691 0.02043861 0.02778868
v -0.04833227 0.01979364 0.02788570
v -0.04795978 0.01945251 0.02835792
v -0.05158539 0.01627047 0.02546044
v -0.05255333 0.01749073 0.02478928
v -0.05438542 0.01637155 0.02330331
v -0.05351967 0.01504528 0.02457245
v -0.06236484 0.00456784 0.02040780
v -0.05636816 0.01148046 0.02390462
v -0.05746548 0.01275423 0.02168654
v -0.04731420 0.01992405 0.02952670
v -0.04668621 0.01974320 0.03047572
v -0.04730263 0.02019381 0.02958344
v -0.04777642 0.02046704 0.02862048
v -0.04744922 0.01916915 0.02918589
v -0.04670036 0.01908876 0.03023899
v -0.04576219 0.01966248 0.03161097
v -0.04580727 0.01900893 0.03142775
v -0.04420685 0.01883518 0.03279422
v -0.04420749 0.01952081 0.03294393
v -0.04222853 0.01946447 0.03400581
v -0.04247797 0.01985559 0.03395192
v -0.04220033 0.01863287 0.03392133
v -0.04415938 0.01816767 0.03252334
v -0.04208304 0.01806845 0.03370588
v -0.04569442 0.01825185 0.03106668
v -0.04672502 0.01843388 0.02979676
v -0.04759578 0.01859846 0.02865845
v -0.04835432 0.01885042 0.02786554
v -0.04888009 0.01940753 0.02732709
v -0.04802734 0.01796338 0.02810395
v -0.04897528 0.01700657 0.02739078
v -0.04749907 0.01679994 0.02875131
v -0.04694069 0.01780532 0.02932759
v -0.04903721 0.01826361 0.02721823
v -0.05016779 0.01736840 0.02634838
v -0.04577881 0.01768722 0.03060382
v -0.04595738 0.01678016 0.03025044
v -0.04403086 0.01660731 0.03194524
v -0.04406022 0.01750164 0.03228121
v -0.04090183 0.01765241 0.03328632
v -0.04099230 0.01662279 0.03311696
v -0.03577378 0.02022646 0.03597498
v -0.03561456 0.02054209 0.03454202
v -0.03905630 0.02026295 0.03387448
v -0.03927347 0.02003208 0.03496551
v -0.04247493 0.01983417 0.03390303
v -0.04183923 0.01990418 0.03310056
v -0.03870978 0.01992198 0.03283845
v -0.03673255 0.02241774 0.02829233
v -0.03762411 0.02236430 0.02782467
v -0.04142603 0.01974618 0.03207756
v -0.03561153 0.02041400 0.03339198
v -0.03533208 0.02255780 0.02860926
v -0.03226527 0.02125934 0.03349673
v -0.03388118 0.02303095 0.02860350
v -0.02945974 0.02195354 0.03395462
v -0.03730429 0.03209894 0.03716198
v -0.03681811 0.03209631 0.03789739
v -0.04336509 0.03123020 0.03643617
v -0.04300851 0.03096526 0.03598484
v -0.05390593 -0.00029778 -0.12540619
v -0.05532643 0.01527720 -0.13008164
v -0.04232516 0.01044417 -0.14017119
v -0.04506982 0.02893351 0.03471328
v -0.04501298 0.02973783 0.03468611
v -0.04741982 0.02837783 0.03266152
v -0.04725194 0.02763212 0.03265689
v -0.04498055 0.02792738 0.03480201
v -0.04681664 0.02655422 0.03265351
v -0.04219988 0.02928602 0.03694204
v -0.04237095 0.03034154 0.03673394
v -0.04243687 0.03089698 0.03635433
v -0.04591317 0.02535279 0.02824303
v -0.04528607 0.02633820 0.02898647
v -0.04601023 0.02611574 0.03052109
v -0.04689331 0.02535126 0.02916030
v -0.04654615 0.02473047 0.02760000
v -0.04741633 0.02464768 0.02821920
v -0.04076736 0.02459885 0.02574901
v -0.04052068 0.02500056 0.02606728
v -0.04007753 0.02536728 0.02655142
v -0.04089912 0.02433168 0.02555846
v -0.04090117 0.02400495 0.02546029
v -0.04097322 0.02368219 0.02548579
v -0.04083601 0.02339435 0.02563749
v -0.06527615 -0.01348562 0.02047225
v -0.06506615 -0.00114631 0.01942403
v -0.06715841 -0.01008698 0.01624045
v -0.04707588 0.02048054 0.02942905
v -0.04761843 0.02086535 0.02852921
v -0.04648480 0.02097588 0.02906804
v -0.04709059 0.02127838 0.02830751
v -0.04824329 0.02138727 0.02765711
v -0.04853344 0.02107763 0.02752583
v -0.04435552 0.02034420 0.03028156
v -0.03967332 0.02245563 0.02695461
v -0.04006971 0.02262555 0.02657359
v -0.04510166 0.02090081 0.02932551
v -0.04313824 0.01991780 0.03105268
v -0.03904923 0.02232039 0.02740739
v -0.04044057 0.02286552 0.02624659
v -0.04063134 0.02312077 0.02590096
v -0.04561050 0.02123315 0.02857690
v -0.04610300 0.02172627 0.02789003
v -0.04754341 0.02193667 0.02777441
v -0.04680194 0.02286950 0.02697239
v -0.04679044 0.02348005 0.02697127
v -0.04775206 0.02249189 0.02747755
v -0.04791972 0.02316057 0.02743331
v -0.04654798 0.02230766 0.02727810
v -0.04672988 0.02414225 0.02720125
v -0.04771173 0.02382261 0.02769984
v -0.04873570 0.02046620 0.02738856
v -0.04878586 0.02148045 0.02719218
v -0.04946890 0.02243932 0.02662293
v -0.04926917 0.02032469 0.02685810
v -0.05007210 0.02018337 0.02615592
v -0.04967660 0.01889149 0.02659660
v -0.05060009 0.02296168 0.02632935
v -0.05171386 0.02300303 0.02579972
v -0.05148922 0.01981969 0.02531064
v -0.05087255 0.01835374 0.02569118
v -0.04847896 0.02208673 0.02726940
v -0.04878465 0.02268505 0.02703941
v -0.05007421 0.02418076 0.02767986
v -0.05087456 0.02492766 0.02758846
v -0.04929533 0.02365395 0.02777717
v -0.04879902 0.02446673 0.02910536
v -0.04934193 0.02521074 0.02912079
v -0.05005369 0.02582919 0.02895305
v -0.04850840 0.02618680 0.03078911
v -0.04901362 0.02697669 0.03068614
v -0.04801031 0.02530025 0.03068561
v -0.04866244 0.02354858 0.02772545
v -0.04816734 0.02430137 0.02876002
v -0.04741589 0.02505688 0.03012228
v -0.04645335 0.02585315 0.03212893
v -0.04458366 0.02703136 0.03432635
v -0.04392901 0.02688126 0.03245909
v -0.04178640 0.02842138 0.03633580
v -0.04114771 0.02789805 0.03452704
v -0.03688546 0.03305777 0.03896508
v -0.04421161 0.03230766 0.03770665
v -0.04071841 0.02794874 0.03254187
v -0.03805339 0.02606003 0.02812217
v -0.03645964 0.02616941 0.02868254
v -0.03769021 0.02788498 0.03347848
v -0.02678444 0.02577024 0.03364348
v -0.02769907 0.02650005 0.03436362
v -0.03193487 0.02524362 0.02900121
v -0.03144340 0.02504722 0.02871216
v -0.02487915 0.02585737 0.03416527
v -0.02641479 0.02673790 0.03518056
v -0.03173412 0.02726855 0.03453918
v -0.03373459 0.02547824 0.02925064
v -0.03266684 0.02532692 0.02918748
v -0.02967912 0.02693958 0.03437716
v -0.03108157 0.02801807 0.03647624
v -0.02819095 0.02740678 0.03592966
v -0.03805646 0.02802522 0.03573783
v -0.02323640 0.07446374 -0.14648376
v -0.02293384 0.05812442 -0.15079053
v -0.04298701 0.06032150 -0.14149593
v -0.04275986 0.07451796 -0.13791861
v -0.04316163 0.02718794 0.03076924
v -0.03921310 0.02577089 0.02734753
v -0.05299661 0.07577007 -0.12997645
v -0.05196731 0.08476027 -0.12649022
v -0.04305892 0.08664948 -0.13210310
v -0.04008079 -0.06478995 -0.10564926
v -0.02955987 -0.07657368 -0.11277061
v -0.02241204 0.02566023 0.03556013
v -0.02434883 0.02687483 0.03607344
v -0.02109472 0.02458205 0.03513893
v -0.02046998 0.02433790 0.03547467
v -0.02166315 0.02575685 0.03576722
v -0.02331271 0.02705318 0.03623230
v -0.02682397 0.02789209 0.03664625
v -0.02599042 0.02819040 0.03719187
v -0.02983056 0.02946818 0.03826936
v -0.02999729 0.02886172 0.03776562
v -0.03779211 0.02910933 0.03754695
v -0.03805160 0.02987165 0.03827850
v -0.02916096 0.03045505 0.03799727
v -0.02534820 0.02879848 0.03691035
v -0.02800496 0.03145033 0.03808075
v -0.02466722 0.02948893 0.03737302
v -0.03793813 0.03165027 0.03707878
v -0.03814688 0.03087267 0.03785886
v -0.02468956 0.02190900 0.03534440
v -0.02229717 0.02244503 0.03530525
v -0.02524623 0.02224633 0.03536586
v -0.02268551 0.02274053 0.03509700
v -0.02655149 0.02253968 0.03452975
v -0.02151654 0.02336181 0.03488417
v -0.02092205 0.02316059 0.03527205
v -0.02743770 0.02255053 0.03393199
v -0.02088763 0.02583156 0.03553026
v -0.01961517 0.02409530 0.03564365
v -0.01933518 0.02598891 0.03511666
v -0.01853816 0.02391842 0.03545776
v -0.02169202 0.02812408 0.03592022
v -0.02254242 0.02746733 0.03565129
v -0.01996231 0.02301533 0.03549175
v -0.02064725 0.02242991 0.03545303
v -0.01901833 0.02280025 0.03560710
v -0.01977898 0.02207869 0.03566144
v -0.02752888 0.01881866 0.03640405
v -0.02717855 0.01810821 0.03686907
v -0.02414709 0.02037915 0.03605990
v -0.02338551 0.01970383 0.03635265
v -0.03622831 0.01534773 0.03608882
v -0.03925560 0.01533016 0.03493986
v -0.03596622 0.01403061 0.03661729
v -0.03936360 0.01394652 0.03529608
v -0.03067238 0.01457693 0.03787773
v -0.03113468 0.01570568 0.03713746
v -0.02903884 -0.12301137 -0.01222887
v -0.05024232 0.01577071 0.02692415
v -0.05181146 0.01426974 0.02647790
v -0.04984990 0.01392029 0.02830709
v -0.04842790 0.01561844 0.02836900
v -0.04648298 0.01551876 0.02997945
v -0.04726901 0.01380573 0.03016957
v -0.04463549 0.01387160 0.03199503
v -0.04406932 0.01543692 0.03170072
v -0.04119168 0.01554755 0.03298628
v -0.04243350 0.01379546 0.03361277
v -0.05321354 0.01877095 0.02414237
v -0.05370202 0.02237193 0.02399419
v -0.05470168 0.01743848 0.02275503
v -0.05616096 0.02161450 0.02197074
v -0.01749210 0.02667335 0.03588416
v -0.01725853 0.02391579 0.03550565
v -0.01602270 0.02697830 0.03753755
v -0.01613299 0.02421502 0.03699589
v -0.01725808 0.02933150 0.03897272
v -0.01902387 0.02938620 0.03658914
v -0.01801046 0.02265006 0.03591365
v -0.01888215 0.02160803 0.03600607
v -0.01687587 0.02235338 0.03659780
v -0.01798186 0.02100022 0.03692101
v -0.02671102 0.01711494 0.03736229
v -0.02618693 0.01611236 0.03798363
v -0.02270756 0.01903560 0.03711197
v -0.02186192 0.01820743 0.03779465
v -0.05225792 -0.01200703 -0.12133696
v -0.05587855 0.03185153 -0.13167624
v -0.05151445 0.03735856 0.03526624
v -0.04892144 0.03372106 0.03632141
v -0.04554915 0.03489771 0.03869516
v -0.04737700 0.03934958 0.03887010
v -0.05415563 0.04184822 0.03304914
v -0.05650717 0.03773113 0.02989857
v -0.05408870 0.03460298 0.03211124
v -0.05167390 0.03194864 0.03365672
v -0.05517392 0.02549585 0.02521968
v -0.05327513 0.02564573 0.02662010
v -0.05363703 0.02752427 0.02842752
v -0.05560528 0.02839385 0.02699995
v -0.05754539 0.02549475 0.02295768
v -0.05833740 0.02935078 0.02497186
v -0.05525308 0.03117806 0.02948002
v -0.05296199 0.02953574 0.03086786
v -0.05785954 0.03303767 0.02744209
v -0.02539405 0.03458504 0.04169815
v -0.02583773 0.03345462 0.03959979
v -0.02317719 0.03125003 0.03790394
v -0.02179085 0.03103790 0.03915792
v -0.02463219 0.03604683 0.04304919
v -0.01962428 0.03177870 0.04066992
v -0.03984880 0.03992642 0.04252652
v -0.03843379 0.03606056 0.04095562
v -0.02739300 0.03187326 0.03792510
v -0.02531230 0.03037483 0.03762986
v -0.02681515 0.03174494 0.03788344
v -0.02471867 0.03025938 0.03761902
v -0.06063655 0.09596809 -0.10816041
v -0.06276522 0.10182591 -0.09562757
v -0.04594816 0.11301580 -0.10158649
v -0.04514419 0.10555153 -0.11410970
v -0.04499036 0.02986026 0.03493614
v -0.04565597 0.03004870 0.03478856
v -0.04800603 0.02881402 0.03287103
v -0.04737267 0.02865423 0.03289764
v -0.04934937 0.02734757 0.03062881
v -0.05002450 0.02760419 0.03098441
v -0.05098050 0.02660338 0.02930681
v -0.05044672 0.02642426 0.02901816
v -0.05109853 0.02560094 0.02783446
v -0.05152886 0.02562924 0.02766266
v -0.02446669 0.03062887 0.03800316
v -0.02646160 0.03204286 0.03854043
v -0.05460280 0.06336603 -0.13201122
v -0.04514265 0.07426770 0.02373228
v -0.05228332 0.07070884 0.01690377
v -0.05047911 0.06467120 0.02242691
v -0.04675185 0.03125668 0.03619895
v -0.04944429 0.02982071 0.03393534
v -0.05121176 0.02832313 0.03143365
v -0.05211806 0.02688687 0.02931382
v -0.05244959 0.02596283 0.02786116
v -0.07657026 -0.01648628 -0.04241702
v -0.07693004 -0.01585388 -0.04414910
v -0.08477912 -0.00442814 -0.07063130
v -0.08310444 0.00179697 -0.06930567
v -0.08187135 0.00551039 -0.06808365
v -0.08499651 0.01332393 -0.05521732
v -0.08654884 0.01687018 -0.05823915
v -0.08953878 -0.02248836 -0.06185092
v -0.08640798 -0.02488169 -0.05796516
v -0.08941546 -0.02173255 -0.06254812
v -0.09379879 0.01303645 -0.06670155
v -0.09445901 0.01138020 -0.06797989
v -0.09558159 0.01103780 -0.06741397
v -0.04510988 -0.03484762 -0.11309221
v -0.04990782 -0.02161190 -0.11833753
v -0.09479988 0.00962122 -0.06929085
v -0.07840894 -0.01043626 -0.04686355
v -0.08580239 -0.00466955 -0.07079527
v -0.08738354 -0.00497136 -0.07245436
v -0.08836555 -0.00986435 -0.07228411
v -0.08765093 -0.00957305 -0.07176924
v -0.08769400 -0.01520362 -0.07035843
v -0.08707392 -0.01458599 -0.06996695
v -0.09064306 -0.01870499 -0.06545870
v -0.09082472 -0.01425474 -0.06832256
v -0.08753208 0.01734640 -0.05955001
v -0.08766732 0.01664240 -0.05882173
v -0.08825805 0.01738373 -0.05980825
v -0.07925560 -0.01152178 -0.04829198
v -0.08304572 0.01096441 -0.05516352
v -0.08277667 0.00918291 -0.05339727
v -0.08249377 0.00963550 -0.05389166
v -0.07739906 -0.00613017 -0.05262467
v -0.07714448 -0.00532284 -0.05286850
v -0.07852396 -0.00772755 -0.05216823
v -0.08012771 -0.00904349 -0.04981390
v -0.07494757 -0.01657061 -0.05177398
v -0.07485050 -0.01723763 -0.05314367
v -0.07448956 -0.01811599 -0.05214617
v -0.09147623 0.02300405 -0.06166086
v -0.08284933 0.00817431 -0.05295377
v -0.08407427 0.00927304 -0.05336735
v -0.08491072 0.01042858 -0.05372118
v -0.08920045 0.01665490 -0.05973126
v -0.08545131 0.01130407 -0.05386963
v -0.08440706 0.01135774 -0.05422286
v -0.08576614 0.01306955 -0.05499137
v -0.08371753 0.01142148 -0.05459169
v -0.08077297 -0.01357584 -0.06555729
v -0.07947399 -0.01365344 -0.06378117
v -0.07828827 0.00495966 -0.04296960
v -0.07868308 0.00334131 -0.04544571
v -0.08526576 -0.02589036 -0.05572242
v -0.08115120 0.01157934 -0.06239580
v -0.08167887 0.01514267 -0.06412757
v -0.09241610 -0.01002971 -0.06994186
v -0.08637736 -0.01671146 -0.05917080
v -0.08393139 -0.01797312 -0.05829269
v -0.08907428 -0.01529949 -0.06050626
v -0.09066948 -0.01261645 -0.06243413
v -0.07930066 0.00251299 -0.05758207
v -0.08834977 0.00696097 -0.06300906
v -0.08893313 0.00488510 -0.06385507
v -0.08698530 0.00710084 -0.06181365
v -0.08261003 0.01869687 -0.06224595
v -0.08307791 0.01850950 -0.05976687
v -0.08061210 0.01460960 -0.06140183
v -0.08305086 0.01668801 -0.05937720
v -0.07662655 -0.01323413 -0.05158754
v -0.07592616 -0.01886144 -0.05444747
v -0.07699180 -0.01732637 -0.05666285
v -0.07680088 -0.01951119 -0.05578605
v -0.07769148 -0.01836020 -0.05777531
v -0.07781152 -0.01714317 -0.05947214
v -0.07809298 -0.01542431 -0.06094126
v -0.07954815 -0.01327048 -0.06133225
v -0.07624758 -0.00903714 -0.05239634
v -0.08246128 0.01891614 -0.05050463
v -0.07582878 -0.01086105 -0.05230538
v -0.07766896 -0.00744524 -0.05230291
v -0.07759490 -0.00919397 -0.05188366
v -0.07714319 -0.01114688 -0.05161098
v -0.08206926 -0.02148446 -0.05222245
v -0.08213965 -0.01977696 -0.05500003
v -0.08062821 -0.02085034 -0.05165071
v -0.08243518 -0.01908923 -0.05716368
v -0.07937924 -0.02051033 -0.05144413
v -0.08246354 0.01282772 -0.06162505
v -0.08318760 0.01611141 -0.06118632
v -0.07682159 -0.01330221 -0.04080426
v -0.06891871 -0.00475020 0.01083342
v -0.07008179 0.00497638 0.00504227
v -0.02581098 -0.05912159 0.03821788
v -0.02455126 -0.06198720 0.03868039
v -0.06224260 -0.01562916 0.02538120
v -0.05755061 -0.01822913 0.03103877
v -0.02699557 -0.05075546 0.04964940
v -0.02592108 -0.05216642 0.04986595
v -0.02513399 -0.05183255 0.05044397
v -0.02594296 -0.05091364 0.05015066
v -0.02395697 -0.05150269 0.04908353
v -0.02447082 -0.05157516 0.04839950
v -0.02469861 -0.05129582 0.04967485
v -0.02422392 -0.05204394 0.05018679
v -0.03182169 -0.03338914 0.05151826
v -0.03600549 -0.02957562 0.04754627
v -0.03887604 -0.03424285 0.04654600
v -0.03478977 -0.03711853 0.04984880
v -0.02423555 -0.05471365 0.04090693
v -0.02408246 -0.05261780 0.04168229
v -0.02405083 -0.05170454 0.04472954
v -0.02384713 -0.05289481 0.04412681
v -0.02418174 -0.05595089 0.04082035
v -0.02382951 -0.05346151 0.04392618
v -0.02584008 -0.05705049 0.03812090
v -0.02577209 -0.05390554 0.03836748
v -0.03471579 -0.05753811 0.04362384
v -0.03131974 -0.05486253 0.04551496
v -0.03328833 -0.05103421 0.04614595
v -0.03713167 -0.05192891 0.04447075
v -0.02916502 -0.02088948 0.04802354
v -0.03309124 -0.02488496 0.04781381
v -0.02890427 -0.02953638 0.05143312
v -0.02522268 -0.02459757 0.05118355
v -0.02165255 -0.01962314 0.05145468
v -0.02512714 -0.01620142 0.04843976
v -0.02145607 -0.01064767 0.05439137
v -0.02214251 -0.01495786 0.05618112
v -0.02108648 -0.01625541 0.05969257
v -0.02189805 -0.01350180 0.05844997
v -0.01813129 -0.02082070 0.05837047
v -0.02197023 -0.01781300 0.05458658
v -0.01288934 -0.02192636 0.05912156
v -0.01258791 -0.02141244 0.05967559
v -0.01846629 -0.02112811 0.05723257
v -0.01850679 -0.02217983 0.05597518
v -0.01321657 -0.02262570 0.05865049
v -0.01167869 -0.02080495 0.05992911
v -0.01528176 -0.02040786 0.06004738
v -0.01766991 -0.01806347 0.06155878
v -0.00445144 -0.01868447 0.06728134
v -0.00607966 -0.01762862 0.06953502
v -0.01132515 0.01521368 0.05269803
v -0.01473459 0.01159402 0.04948931
v -0.01152713 0.01227739 0.05492803
v -0.01458791 0.00879938 0.05156877
v -0.01724133 -0.01537422 0.06488027
v -0.01968350 -0.01315992 0.06382435
v -0.01436897 -0.01402238 0.06877927
v -0.01568079 -0.01085941 0.06857771
v -0.00450409 0.03025354 0.05087844
v -0.00139985 -0.02215156 0.06325311
v -0.00182840 -0.02294993 0.06323822
v -0.00106230 -0.02044940 0.06448431
v -0.02377151 0.09819684 -0.13261025
v -0.02418621 0.11089568 -0.12102014
v -0.02323390 0.12426540 -0.09726385
v -0.02085522 0.12856784 -0.08453906
v -0.00382004 -0.04184717 0.06924505
v -0.00343199 -0.03857969 0.06909235
v -0.01156676 -0.04760071 0.05087977
v -0.00588524 -0.04782227 0.05225016
v -0.00576691 -0.04906412 0.05596542
v -0.01179231 -0.04904798 0.05468077
v -0.01586883 -0.04870882 0.05260501
v -0.01636463 -0.04770856 0.04880733
v -0.01149927 -0.04622447 0.04807107
v -0.00569553 -0.04607926 0.04882922
v -0.01135076 -0.05017683 0.06100642
v -0.00515288 -0.04999175 0.06358988
v -0.00492460 -0.04760508 0.06658587
v -0.01118142 -0.04824153 0.06381892
v -0.02078532 -0.02673379 0.05534480
v -0.01596518 -0.02577914 0.05804342
v -0.01079281 -0.02567420 0.06113289
v -0.00668793 -0.02575936 0.06308933
v -0.00610059 -0.02352836 0.06232494
v -0.00914487 -0.02307882 0.06062639
v -0.00585273 -0.02245418 0.06203135
v -0.00888663 -0.02227158 0.06057228
v -0.00865831 -0.02154700 0.06065450
v -0.00936078 -0.02111970 0.06067541
v -0.00733158 -0.02079272 0.06183096
v -0.00790503 -0.02032328 0.06162975
v -0.00575019 -0.02163962 0.06189591
v -0.00508636 0.00603857 0.06901822
v -0.00482087 0.00978636 0.06571980
v -0.00906503 -0.03676449 0.06719406
v -0.00339602 -0.03597367 0.06823102
v -0.00301642 -0.03163642 0.06655332
v -0.00812902 -0.03172280 0.06572051
v -0.01359020 -0.03256803 0.06373163
v -0.01507744 -0.03878254 0.06460701
v -0.00212700 -0.02393701 0.06337193
v -0.00948828 -0.03962628 0.06764723
v -0.00982484 -0.04267428 0.06749649
v -0.01554736 -0.04153610 0.06471480
v -0.01581931 -0.04422410 0.06426080
v -0.02075940 -0.04135023 0.06077916
v -0.01990311 -0.03495757 0.06036365
v -0.02652057 -0.03724638 0.05599866
v -0.02545515 -0.04393668 0.05636612
v -0.03370700 -0.04740021 0.04765912
v -0.02829867 -0.05052146 0.04862740
v -0.02851029 -0.04897862 0.04982753
v -0.02839854 -0.04732396 0.05135501
v -0.03320608 -0.04398015 0.04994906
v -0.03758084 -0.04657051 0.04593719
v -0.03689040 -0.04156847 0.04798170
v -0.03128953 -0.04065718 0.05257133
v -0.02764301 -0.04578620 0.05321172
v -0.02740963 -0.04959685 0.05064125
v -0.02620220 -0.05030530 0.05065089
v -0.02718232 -0.04859471 0.05190479
v -0.02603846 -0.04960265 0.05165495
v -0.02662776 -0.04762230 0.05331220
v -0.02561013 -0.04891365 0.05278532
v -0.02465088 -0.04813284 0.05462797
v -0.02522344 -0.04640406 0.05569589
v -0.02321925 -0.05059322 0.05037289
v -0.02219583 -0.05029128 0.05150728
v -0.02257551 -0.05018500 0.05265970
v -0.02343857 -0.05045830 0.05123531
v -0.02422280 -0.05109946 0.04921724
v -0.02409925 -0.05090786 0.05049120
v -0.02366447 -0.05119542 0.04560359
v -0.02296583 -0.05065843 0.04649486
v -0.02472126 -0.05105988 0.04842460
v -0.02489569 -0.05112644 0.04935147
v -0.02509149 -0.05093488 0.05059403
v -0.02492013 -0.05036693 0.05110040
v -0.02439709 -0.04978494 0.05204793
v -0.02357119 -0.04932315 0.05335786
v -0.01585275 -0.04654642 0.06282123
v -0.02042008 -0.04606900 0.05988672
v -0.02015889 -0.04795749 0.05808982
v -0.01558246 -0.04898940 0.06044220
v -0.01944841 -0.04933134 0.05629710
v -0.01695181 -0.04653652 0.04557053
v -0.01530432 -0.05001161 0.05818033
v -0.02056309 -0.04856812 0.04542921
v -0.02151784 -0.04783374 0.04234042
v -0.02003112 -0.04915206 0.04913395
v -0.02375966 -0.05154502 0.04259460
v -0.02334409 -0.05041677 0.04301639
v -0.02500158 -0.05161434 0.03914672
v -0.02430926 -0.05000422 0.03997007
v -0.01930951 -0.04962900 0.05451998
v -0.02082706 -0.04397732 0.06068367
v -0.01038282 -0.04546284 0.06610412
v -0.00429177 -0.04463055 0.06815922
v -0.00566575 -0.00266397 0.07549232
v -0.00541645 0.00209606 0.07204316
v -0.02462725 -0.05187180 0.05063223
v -0.00554398 -0.13051355 0.00554346
v -0.02697063 -0.05273458 0.04865363
v -0.02340071 -0.05820345 0.04110890
v -0.02323745 -0.05440132 0.04423212
v -0.03039114 -0.06253982 0.04441613
v -0.02445300 -0.06722008 0.04749324
v -0.02294168 -0.06305347 0.04949210
v -0.02800010 -0.05898774 0.04632824
v -0.02207308 -0.05703012 0.05252524
v -0.02504947 -0.05476247 0.05007463
v -0.02432564 -0.05382600 0.05136123
v -0.02165333 -0.05522731 0.05348731
v -0.02128213 -0.05377960 0.05431149
v -0.02386834 -0.05281952 0.05187772
v -0.02084485 -0.05079914 0.05383748
v -0.01643822 -0.05048171 0.05723536
v -0.01403622 -0.05349398 0.05237801
v -0.01892601 -0.05313859 0.04819660
v -0.02273184 -0.05458859 0.04553733
v -0.02352323 -0.05111952 0.04985284
v -0.02084284 -0.05150937 0.05422603
v -0.02358126 -0.05200142 0.05127088
v -0.01621495 -0.05134396 0.05841001
v -0.01682573 -0.12805748 -0.00157681
v -0.02375848 -0.05236229 0.05188081
v -0.02104098 -0.05242113 0.05430333
v -0.01621771 -0.05293492 0.05888322
v -0.01664634 -0.05495091 0.05921041
v -0.01709346 -0.05724290 0.05911305
v -0.01706730 -0.05980815 0.05784158
v -0.01637052 -0.06601003 0.05371847
v -0.01710204 -0.07097995 0.05254660
v -0.00926938 -0.06733792 0.05750181
v -0.00965816 -0.07221555 0.05687734
v -0.01111974 -0.06234100 0.06253993
v -0.01189527 -0.05877543 0.06442889
v -0.01171541 -0.05550995 0.06419943
v -0.01182637 -0.05281380 0.06301449
v -0.00265973 -0.02587150 0.06396835
v -0.00581588 -0.02035259 0.06286167
v -0.00441842 -0.01944334 0.06472111
v -0.00891592 -0.01594158 0.07069904
v -0.00108416 -0.01947981 0.06681753
v -0.01235410 -0.01427231 0.07038444
v -0.01010080 -0.01472514 0.07179186
v -0.01091142 -0.01300860 0.07289865
v -0.01249268 -0.01225542 0.07180619
v -0.00806497 -0.01518338 0.07288778
v -0.00974695 -0.01319439 0.07377962
v -0.00307008 -0.01583395 0.07444054
v -0.00428576 -0.01253277 0.07692737
v -0.00561079 -0.00660124 0.07732140
v -0.00492712 -0.01027694 0.07756137
v -0.01140842 -0.01117036 0.07336778
v -0.01312368 -0.00902075 0.07169165
v -0.01355195 -0.00557237 0.06962771
v -0.01687593 -0.00779937 0.06608791
v -0.01151236 0.13307996 -0.04080828
v -0.01201507 -0.05110160 0.06202047
v -0.01182350 -0.04973219 0.06023128
v -0.01013336 -0.06307769 0.04534102
v -0.01211918 -0.05819727 0.04731493
v -0.00644865 -0.05803259 0.05167380
v -0.00484154 -0.06244044 0.04865918
v -0.00743483 -0.04862906 0.06229944
v -0.00507708 -0.05209979 0.05657823
v -0.00892035 -0.05285079 0.05526706
v -0.00724749 -0.04992146 0.06424895
v -0.00701995 -0.05203047 0.06566771
v -0.00657731 -0.05501759 0.06680236
v -0.00288506 -0.05679771 0.05237271
v -0.00063818 -0.06207668 0.05065099
v -0.02184166 -0.05910932 0.04220668
v -0.02122583 -0.06389631 0.04008786
v -0.01690240 -0.05939430 0.04498410
v -0.01594962 -0.06313208 0.04310654
v -0.00274733 -0.07133044 0.06008221
v -0.00265907 -0.06668796 0.05984600
v -0.00567166 -0.05864800 0.06706258
v -0.00441791 -0.06261740 0.06534524
v -0.02405845 0.11884217 -0.10976554
v -0.06427874 0.07714801 -0.00549647
v -0.06209541 0.07018057 0.00152929
v -0.05541845 0.07759063 0.00858484
v -0.05765556 0.08318041 0.00225382
v -0.06498722 0.08542634 -0.01357833
v -0.05822517 0.09028278 -0.00528871
v -0.04154157 0.12538221 -0.06047748
v -0.04199139 0.12447413 -0.04624991
v -0.02274577 0.13043086 -0.04215727
v -0.03643917 0.12562142 -0.07445732
v -0.04911667 0.11724908 -0.08420021
v -0.05122976 0.11971258 -0.06478751
v -0.05096407 0.11933222 -0.04938664
v -0.03078109 -0.08942272 -0.11427932
v -0.05565752 0.04527255 -0.13204728
v -0.04951770 0.11807396 -0.03560613
v -0.04122777 0.12233970 -0.03259607
v -0.04061654 0.11892192 -0.02040770
v -0.04809167 0.11549630 -0.02402552
v -0.02252205 0.12773046 -0.02787226
v -0.01140646 0.12991171 -0.02601658
v -0.02130811 0.00618676 -0.14835259
v -0.00480247 0.01350271 0.06271698
v -0.05139980 -0.05152691 -0.09617569
v -0.06204296 -0.05307916 -0.07825747
v -0.06226751 -0.10768082 -0.05167160
v -0.07522164 -0.02879904 -0.05809192
v -0.07489936 -0.02800143 -0.05879728
v -0.06357305 -0.06973319 -0.05793899
v -0.06528817 -0.05497221 -0.05928188
v -0.04155420 -0.05039403 -0.10836814
v -0.08389824 -0.01666214 -0.06938471
v -0.08487692 -0.01294068 -0.07047724
v -0.08531501 -0.01731071 -0.06882096
v -0.08614326 -0.01324618 -0.07016661
v -0.08610129 -0.00874253 -0.07087241
v -0.08601246 -0.01895526 -0.06785797
v -0.08285011 0.01855013 -0.05823252
v -0.08504552 0.01976096 -0.05714369
v -0.07459050 -0.03080367 -0.05366784
v -0.07455388 -0.03010872 -0.05554434
v -0.07375322 -0.03065171 -0.05476498
v -0.07356005 -0.03121057 -0.05333123
v -0.07414028 -0.03183698 -0.05193562
v -0.07309321 -0.03191226 -0.05212286
v -0.08146653 0.03591972 -0.04887281
v -0.07091751 -0.03068644 -0.05632666
v -0.07393536 -0.02894728 -0.05862748
v -0.07388097 -0.02954517 -0.05701496
v -0.07331360 -0.03051719 -0.05552984
v -0.07246644 -0.03143431 -0.05326986
v -0.07220986 -0.03261685 -0.05147636
v -0.07316738 -0.03346146 -0.05086162
v -0.08635679 -0.01995254 -0.06800278
v -0.07912532 -0.03119639 -0.05602079
v -0.08196491 0.01169039 -0.06378406
v -0.08218911 0.00966786 -0.06555622
v -0.08469031 0.01125563 -0.06685597
v -0.08442427 0.01348055 -0.06529351
v -0.06306483 -0.01124708 -0.10916980
v -0.06512588 0.00049247 -0.11340436
v -0.01624669 -0.08712979 -0.11929537
v -0.01507671 -0.07349478 -0.11887052
v -0.07956336 0.03416360 -0.09682633
v -0.08188336 0.01329470 -0.06243591
v -0.08447967 0.01521464 -0.06384370
v -0.08508317 -0.00859139 -0.07086101
v -0.08017696 0.01292621 -0.06281040
v -0.08056592 0.01113579 -0.06422824
v -0.08592382 0.01680854 -0.06537889
v -0.08584839 0.01481782 -0.06690941
v -0.08641788 0.01235364 -0.06843088
v -0.08095033 0.00905354 -0.06568099
v -0.08260478 0.01706453 -0.06410928
v -0.08326802 0.06577479 -0.07109094
v -0.08267464 0.05997837 -0.08541676
v -0.07945921 0.08326777 -0.07357574
v -0.07866012 0.07839320 -0.08907888
v -0.07427948 0.07244757 -0.10523765
v -0.07805859 0.05287755 -0.10172657
v -0.08300403 0.01845602 -0.05857800
v -0.08623499 0.02071461 -0.05751963
v -0.06547192 0.09239435 -0.02103362
v -0.07080703 0.08759798 -0.02838882
v -0.05839799 0.09662056 -0.01215492
v -0.05823202 0.10241728 -0.01852944
v -0.06482647 0.09902029 -0.02768840
v -0.07246700 0.09229415 -0.04016463
v -0.08252683 0.05572992 -0.05696230
v -0.08121824 0.07103110 -0.05662901
v -0.07781741 0.07489752 -0.04264661
v -0.07710121 0.08804014 -0.05758141
v -0.06812170 0.10201702 -0.04601114
v -0.07200503 0.09863038 -0.06065514
v -0.06089560 0.11091952 -0.04944194
v -0.06320550 0.10908995 -0.06430053
v -0.06315352 0.10664438 -0.08033650
v -0.07386438 0.09472435 -0.07608070
v -0.06296295 0.10496355 -0.03354818
v -0.05662994 0.10762750 -0.02367196
v -0.05781859 0.11174839 -0.03666735
v -0.05434044 0.11198445 -0.02800170
v -0.07551766 0.07640911 -0.03516560
v -0.06765494 -0.03838141 -0.05218366
v -0.06902836 -0.03965909 -0.04655678
v -0.07433850 -0.02916025 -0.03841927
v -0.07297491 -0.00256625 -0.00216949
v -0.07268265 0.01060885 -0.00453743
v -0.07619026 0.00184360 -0.01590975
v -0.07473883 -0.01343298 -0.01415844
v -0.07111000 0.02538027 -0.00551417
v -0.07464796 0.01709565 -0.01687185
v -0.07461533 0.03347316 -0.01885568
v -0.07004499 0.04124787 -0.00595938
v -0.06551690 0.06696135 -0.12055049
v -0.06794377 0.04958722 -0.11931648
v -0.06864981 0.03607918 -0.11845396
v -0.04936543 0.05950290 0.02609568
v -0.02354065 0.08878390 -0.13947527
v -0.04750785 0.08184140 0.01607879
v -0.05716757 0.08837544 -0.11931683
v -0.04373785 0.09455557 -0.12574652
v -0.07327491 0.09003822 -0.09136526
v -0.07013242 0.08498040 -0.10495325
v -0.06219181 0.07851303 -0.12013477
v -0.06794289 0.01898196 -0.11758630
v -0.04859824 0.11111315 -0.01671274
v -0.06029174 0.02531308 0.01973265
v -0.05918387 0.02005871 0.01834802
v -0.06099434 0.03084599 0.02143035
v -0.05768989 0.01454061 0.02029675
v -0.01829228 0.00801411 0.04694506
v -0.01778612 0.00523226 0.04873583
v -0.01722621 0.00245843 0.05071833
v -0.02123808 0.00216358 0.04631639
v -0.02048167 -0.00121678 0.04790157
v -0.01417409 0.00280870 0.05632008
v -0.01438989 0.00582194 0.05389563
v -0.01689961 -0.00027799 0.05279080
v -0.01737252 -0.00341799 0.05518255
v -0.01459570 -0.00016655 0.05919748
v -0.02252433 -0.01787640 0.05226049
v -0.02289060 -0.01239858 0.04942014
v -0.02017734 -0.00767656 0.05165155
v -0.02449659 -0.00433453 0.04606244
v -0.02370947 -0.00807074 0.04739290
v -0.02008494 -0.00411970 0.04952592
v -0.02574370 -0.00053678 0.04461909
v -0.01943452 -0.00700797 0.05838784
v -0.02054176 -0.01082056 0.06159209
v -0.01567504 -0.00383660 0.06293613
v -0.01288152 -0.00182808 0.06612775
v -0.01223926 0.00219573 0.06260109
v -0.02211656 0.00517426 0.04500851
v -0.02718262 0.00284509 0.04354856
v -0.02778377 -0.01156085 0.04663393
v -0.03310268 -0.01470574 0.04630826
v -0.02963857 -0.00672391 0.04483023
v -0.03444690 -0.00915942 0.04452382
v -0.03052295 -0.00270199 0.04362382
v -0.03540574 -0.00495944 0.04290905
v -0.03728101 -0.01940782 0.04585177
v -0.04077542 -0.02405259 0.04487937
v -0.04323507 -0.03043431 0.04363692
v -0.04355366 -0.01819625 0.04273706
v -0.04729409 -0.02450610 0.04081757
v -0.04550545 -0.01194018 0.04038808
v -0.05002391 -0.01854335 0.03829641
v -0.03954385 -0.01284907 0.04373679
v -0.04085489 -0.00815570 0.04184234
v -0.03640261 -0.00061475 0.04122075
v -0.03192048 0.00130816 0.04230065
v -0.04632880 0.00059340 0.03721081
v -0.04618281 -0.00579820 0.03872242
v -0.04142876 -0.00288808 0.04020588
v -0.04191202 0.00230762 0.03834850
v -0.05179526 -0.01050552 0.03607561
v -0.05131527 -0.00179112 0.03495786
v -0.05036355 0.00390330 0.03367177
v -0.03535762 0.01189207 0.03771146
v -0.03009429 0.01259814 0.03895441
v -0.03899836 0.01149515 0.03638053
v -0.04597442 0.00510260 0.03571204
v -0.04226866 0.00598409 0.03701314
v -0.05433541 0.01072264 0.02642537
v -0.05178321 0.01059415 0.02900993
v -0.04546600 0.01090375 0.03331075
v -0.04243419 0.01114415 0.03489817
v -0.04867049 0.01082006 0.03134032
v -0.02534359 0.01417010 0.03920276
v -0.02038297 0.01644640 0.03955208
v -0.06050001 -0.06714304 -0.07506338
v -0.01163406 0.00561152 0.05985737
v -0.01157653 0.00896486 0.05719487
v -0.01722701 0.03232762 0.04275855
v -0.01501402 0.02951297 0.04154816
v -0.00860303 0.02999957 0.04860685
v -0.02156910 0.03730625 0.04544494
v -0.01686679 0.01934986 0.03952703
v -0.01479415 0.02192360 0.03936049
v -0.01373096 0.02382722 0.03993164
v -0.01338946 0.02687046 0.04055690
v -0.03308784 0.05165717 0.04652128
v -0.02985753 0.04483454 0.04887497
v -0.05906402 0.06323912 0.01020625
v -0.06302957 0.05486018 0.00590149
v -0.05460512 0.04707890 0.02945264
v -0.05826741 0.04254143 0.02616781
v -0.06020499 0.03681434 0.02327641
v -0.06583264 0.04300425 0.00299671
v -0.06820631 0.02958546 0.00248357
v -0.06935059 0.01686558 0.00273472
v -0.04970568 0.09439117 0.00317455
v -0.04959656 0.10051446 -0.00337880
v -0.04922791 0.08791403 0.01003929
v -0.04021265 0.11439884 -0.01125066
v -0.04021142 0.10948519 -0.00316563
v -0.04927973 0.10616860 -0.00990211
v -0.04064368 0.10384370 0.00377651
v -0.04099179 0.09775800 0.01023937
v -0.04049302 0.09141586 0.01706015
v -0.03916037 0.08523867 0.02316199
v -0.03738380 0.07630352 0.02970314
v -0.05160535 -0.06555468 -0.09416269
v -0.00801067 -0.01005478 0.05785589
v -0.00753830 -0.01021488 0.05828555
v -0.00778844 -0.01010593 0.05758081
v -0.00721995 -0.01015652 0.05804389
v -0.00772842 -0.01033432 0.05800819
v -0.00759441 -0.01879484 0.06091081
v -0.00650896 -0.01688930 0.05994445
v -0.00702902 -0.01287464 0.05908806
v -0.07358644 -0.03603338 -0.04042456
v -0.06159537 -0.10284618 -0.06815447
v -0.05820023 -0.09905954 -0.08268732
v 0.06512707 -0.09891229 -0.06641876
v 0.06077568 -0.09588172 -0.08139241
v 0.02897891 -0.13042143 -0.00381952
v 0.04173954 -0.12535891 -0.01123067
v 0.04310324 -0.13492477 -0.01258010
v 0.02884796 -0.13926604 -0.00623065
v 0.06836505 -0.11797401 -0.07235716
v 0.06700347 -0.10832240 -0.06731067
v 0.06199383 -0.10545410 -0.08390331
v 0.06438553 -0.11454344 -0.08981766
v 0.05329770 -0.10381468 -0.09832958
v 0.05583792 -0.11368719 -0.10456800
v 0.04368721 -0.11408923 -0.11566750
v 0.04182237 -0.10270059 -0.10942043
v 0.02824338 -0.10213061 -0.11745155
v 0.02961789 -0.11463795 -0.12271860
v 0.05459655 -0.11978497 -0.02079135
v 0.06452466 -0.11470944 -0.03405011
v 0.06561837 -0.12477957 -0.03702597
v 0.05639546 -0.12967569 -0.02269247
v 0.06902821 -0.11096046 -0.04977920
v 0.06990676 -0.12119468 -0.05393807
v 0.01418100 -0.11476889 -0.12609398
v 0.01338759 -0.10123324 -0.12109605
v 0.02926923 -0.15923867 -0.01029836
v 0.01419968 -0.16180582 -0.00825180
v 0.01529088 -0.15172015 -0.00483106
v 0.02905614 -0.14928134 -0.00847071
v 0.06340622 -0.16160335 -0.03138301
v 0.07743871 -0.15468699 -0.04670059
v 0.08396690 -0.16276731 -0.04280826
v 0.06695965 -0.17150381 -0.02883994
v 0.10667142 -0.15935215 -0.05540975
v 0.11608025 -0.14805029 -0.07880836
v 0.04575149 -0.16598219 -0.01962100
v 0.04785076 -0.17653672 -0.01666561
v -0.00182852 -0.12741047 -0.13385737
v -0.00168975 -0.11455427 -0.12642570
v 0.10495555 -0.14359702 -0.08274781
v 0.10349799 -0.14010790 -0.10826563
v 0.11708677 -0.14498432 -0.10550711
v 0.05817963 -0.16298465 -0.15083408
v 0.05833125 -0.16992241 -0.15385407
v 0.07505191 -0.16481289 -0.15105307
v 0.07027067 -0.15854204 -0.14742088
v 0.08051760 -0.12902696 -0.10367387
v 0.06806988 -0.12985563 -0.12020382
v 0.07734603 -0.13717721 -0.12542951
v 0.09174702 -0.13448554 -0.10782013
v 0.03945731 -0.14714253 -0.14366049
v 0.05903149 -0.14181967 -0.13670149
v 0.05193624 -0.13414420 -0.13202883
v 0.03452258 -0.13669169 -0.13817212
v 0.09455120 -0.13910234 -0.08391991
v 0.08360102 -0.13398720 -0.08200569
v 0.08732487 -0.14748634 -0.06427342
v 0.07905468 -0.14032120 -0.06267281
v 0.07266108 -0.14594756 -0.04468288
v 0.06113743 -0.12252021 -0.11239689
v 0.04719987 -0.12431177 -0.12358773
v 0.03112977 -0.12614061 -0.13066965
v 0.01453330 -0.12720390 -0.13362634
v -0.00080263 -0.17642222 -0.15310977
v -0.00094363 -0.16413143 -0.15091102
v 0.01866290 -0.14951101 -0.14574926
v 0.01665708 -0.13878910 -0.14055908
v 0.09649456 -0.15333706 -0.06183947
v 0.07306591 -0.13156700 -0.05909017
v 0.06871065 -0.13569459 -0.04056658
v 0.07426632 -0.17802143 -0.01749562
v 0.09317751 -0.17082934 -0.03425986
v 0.05254383 -0.18361056 -0.00603245
v 0.03310920 -0.18807487 0.00111904
v 0.02050813 -0.16292606 -0.14965746
v 0.01925502 -0.17497075 -0.15237734
v 0.04123940 -0.17188746 -0.15309423
v 0.04506161 -0.15920396 -0.14933996
v 0.06145852 -0.15168564 -0.02813363
v 0.04563177 -0.15579131 -0.01683550
v 0.02890921 -0.16924787 -0.01128921
v 0.07067025 -0.12254236 -0.09658448
v 0.07340737 -0.12667903 -0.07777824
v 0.05879470 -0.14060365 -0.02547811
v 0.04452953 -0.14563027 -0.01478528
v 0.01544750 -0.14233612 -0.00063624
v 0.03020271 -0.17950264 -0.00764423
v 0.10575747 -0.14964986 -0.12827252
v 0.09119481 -0.15777175 -0.14287344
v 0.08272052 -0.15447679 -0.14182761
v -0.00165033 -0.15047923 -0.14697975
v 0.00234322 -0.15237786 -0.00385431
v 0.00128345 -0.16197151 -0.00788711
v 0.00396280 -0.14334990 0.00118677
v 0.08796646 -0.14567368 -0.13112681
v 0.06546973 -0.15105225 -0.14252862
v 0.00456792 -0.13615622 0.00545934
v -0.00178051 -0.10065721 -0.12183149
v 0.00095926 -0.17342968 -0.01222895
v 0.00165948 -0.18615526 -0.00944814
v 0.00279630 -0.19534136 0.00017967
v 0.01704761 -0.13455309 0.00277610
v 0.01546067 -0.18336263 -0.00766638
v 0.01425945 -0.17200330 -0.01059068
v 0.01747102 -0.19291107 0.00117811
v -0.00170156 -0.13899443 -0.14146617
v -0.01790611 -0.13377406 -0.00424243
v -0.03042493 -0.12982132 -0.01322189
v -0.03284473 -0.13825552 -0.01428834
v -0.01952177 -0.14147019 -0.00662922
v -0.06540908 -0.12098062 -0.07371573
v -0.06276029 -0.11235388 -0.06906072
v -0.06000518 -0.10815315 -0.08510780
v -0.06306756 -0.11669368 -0.09055881
v -0.05330716 -0.10544398 -0.09871311
v -0.05607340 -0.11496958 -0.10481153
v -0.04516737 -0.11471910 -0.11581169
v -0.04310206 -0.10362658 -0.10940301
v -0.03066579 -0.10252959 -0.11747268
v -0.03209035 -0.11489434 -0.12282865
v -0.04495675 -0.12539680 -0.02324910
v -0.05625086 -0.12090644 -0.03649431
v -0.05812553 -0.12973402 -0.03885353
v -0.04716510 -0.13430230 -0.02475099
v -0.06265537 -0.11675566 -0.05206570
v -0.06411603 -0.12602949 -0.05559750
v -0.01709993 -0.11490315 -0.12604834
v -0.01652656 -0.10142546 -0.12105816
v -0.02408353 -0.16046074 -0.01100844
v -0.01036481 -0.16204879 -0.00810443
v -0.00924758 -0.15212099 -0.00510707
v -0.02238894 -0.15070473 -0.00921966
v -0.05599107 -0.16519770 -0.03418607
v -0.07157755 -0.15811615 -0.04915210
v -0.07736067 -0.16678748 -0.04588074
v -0.06013091 -0.17491420 -0.03125264
v -0.09923755 -0.16493708 -0.05912699
v -0.10976716 -0.15343381 -0.08223337
v -0.03970303 -0.16841039 -0.02135307
v -0.04253086 -0.17905790 -0.01793896
v -0.10097874 -0.14713690 -0.08525617
v -0.10081816 -0.14273019 -0.11024600
v -0.11188344 -0.14948724 -0.10841266
v -0.05904991 -0.16336246 -0.15160340
v -0.05941134 -0.17018756 -0.15460947
v -0.07420158 -0.16584323 -0.15211864
v -0.07039194 -0.15929198 -0.14823082
v -0.08006564 -0.12980178 -0.10444576
v -0.06891349 -0.13090573 -0.12110078
v -0.07709961 -0.13834690 -0.12623221
v -0.09038284 -0.13629061 -0.10911571
v -0.04121388 -0.14735913 -0.14392997
v -0.05990341 -0.14208609 -0.13721454
v -0.05375632 -0.13311867 -0.13169369
v -0.03670502 -0.13683663 -0.13819197
v -0.09175628 -0.14159420 -0.08567136
v -0.08049195 -0.13550644 -0.08272702
v -0.08327001 -0.15037702 -0.06623701
v -0.07459576 -0.14300719 -0.06418777
v -0.06564564 -0.14963570 -0.04752677
v -0.06153636 -0.12331863 -0.11275723
v -0.04906792 -0.12458903 -0.12380205
v -0.03388671 -0.12625271 -0.13063170
v -0.01751196 -0.12846246 -0.13429092
v -0.02145891 -0.15063685 -0.14591643
v -0.02020556 -0.13623455 -0.14069319
v -0.09135353 -0.15721427 -0.06463655
v -0.06768713 -0.13530573 -0.06092215
v -0.06156133 -0.13979448 -0.04301138
v -0.06722616 -0.18237634 -0.01983819
v -0.08532789 -0.17577951 -0.03762277
v -0.04708055 -0.18658252 -0.00685186
v -0.02813165 -0.18943165 0.00099295
v -0.02315655 -0.16268197 -0.14995649
v -0.02130489 -0.17490861 -0.15255813
v -0.04209624 -0.17242305 -0.15361637
v -0.04636768 -0.15951058 -0.14981003
v -0.05391199 -0.15497373 -0.03110931
v -0.03891858 -0.15816839 -0.01880421
v -0.02472171 -0.17086726 -0.01228330
v -0.06972998 -0.12394135 -0.09718613
v -0.07099862 -0.12876242 -0.07873359
v -0.05099380 -0.14443462 -0.02766087
v -0.03651682 -0.14819597 -0.01657530
v -0.00820154 -0.14334570 -0.00091897
v -0.02640438 -0.18075620 -0.00808827
v -0.10127240 -0.15324691 -0.13043913
v -0.08837393 -0.16000800 -0.14438969
v -0.08184572 -0.15578151 -0.14284971
v -0.08654791 -0.14735577 -0.13238576
v -0.06586467 -0.15174754 -0.14320794
v -0.00674739 -0.13612266 0.00265486
v -0.01181306 -0.18400431 -0.00744189
v -0.01110998 -0.17283607 -0.01089100
v -0.01150526 -0.19295482 0.00124679
v -0.00806978 -0.01026596 0.05774169
v -0.07054295 -0.03760786 -0.01704723
v -0.06955119 -0.04623543 -0.02498471
v -0.06511544 -0.05869985 -0.01629940
v -0.06654105 -0.04941354 -0.00826762
v -0.05876053 -0.07023472 -0.00767944
v -0.06233400 -0.05906889 -0.00202257
v -0.05066727 -0.07820078 0.00277298
v -0.05612320 -0.06747761 0.00550215
v -0.04332235 -0.08239778 0.01342294
v -0.04972599 -0.07181502 0.01456633
v -0.02729619 -0.08548881 0.03770068
v -0.02449900 -0.09035563 0.03483709
v -0.01631539 -0.09317872 0.04375096
v -0.01833542 -0.08969681 0.04744115
v -0.00761458 -0.09384900 0.05184993
v -0.00975080 -0.09072207 0.05577837
v 0.00119502 -0.09279342 0.05722769
v -0.00044991 -0.08939697 0.06162589
v 0.01176432 -0.08960882 0.06009983
v 0.01024942 -0.08596009 0.06414895
v 0.00730221 -0.07705253 0.06626182
v -0.00219433 -0.08008437 0.06421193
v -0.00139594 -0.08489919 0.06393250
v 0.00891880 -0.08229012 0.06582699
v -0.01004939 -0.08133060 0.05933525
v -0.01007076 -0.08668003 0.05834532
v -0.01755700 -0.08011619 0.05226547
v -0.01837714 -0.08539046 0.05051586
v -0.02689205 -0.07572947 0.04352923
v -0.02748177 -0.08120999 0.04085836
v -0.03453565 -0.07018498 0.03830542
v -0.03660640 -0.07352778 0.03370658
v 0.00268547 -0.09507550 0.05088101
v 0.01282299 -0.09229344 0.05449472
v -0.00587230 -0.09646058 0.04625673
v -0.01397407 -0.09581855 0.03886971
v -0.02106057 -0.09460703 0.03055887
v -0.03569909 -0.08481662 0.02428163
v -0.02909272 -0.09194972 0.02127599
v -0.03744822 -0.08826532 0.01128850
v -0.04528938 -0.08404572 -0.00054885
v -0.05565050 -0.07613372 -0.01306107
v -0.06353319 -0.06373186 -0.02407512
v -0.06904823 -0.05120049 -0.03296914
v -0.07206435 -0.03788661 -0.03100543
v -0.00993048 -0.07698721 0.05821615
v -0.00244037 -0.07566987 0.06266570
v -0.01705468 -0.07594898 0.05271907
v -0.02573941 -0.07134137 0.04564627
v -0.03273533 -0.06619529 0.04198834
v -0.04082646 -0.05319206 0.04151085
v -0.03804198 -0.06016434 0.04091684
v -0.04092961 -0.03991850 0.04469763
v -0.04164753 -0.04625396 0.04282063
v -0.04937733 -0.03336340 0.03828242
v -0.05002511 -0.04246084 0.03525183
v -0.04585988 -0.04514180 0.03927293
v -0.04536360 -0.03722404 0.04147673
v -0.05349742 -0.02667565 0.03452398
v -0.05425553 -0.03779266 0.03070407
v 0.00463493 -0.09774427 0.04530817
v 0.01399963 -0.09550793 0.04778156
v -0.00291096 -0.09916359 0.04087737
v -0.01038649 -0.09952038 0.03426886
v -0.01612960 -0.09951214 0.02639443
v -0.02234777 -0.09829383 0.01738684
v -0.02960892 -0.09529030 0.00756315
v -0.03812442 -0.09084421 -0.00404908
v -0.04948663 -0.08272351 -0.01829367
v -0.06128678 -0.06841923 -0.03089658
v -0.06667799 -0.05518433 -0.04033509
v -0.01368540 -0.10503350 0.01384728
v -0.00762598 -0.10476559 0.02078315
v -0.00165242 -0.10481973 0.02722948
v 0.00260922 -0.10361995 0.03283479
v 0.00813948 -0.10357442 0.03284109
v 0.01526694 -0.10269623 0.03323277
v 0.00729114 -0.10557137 0.02425577
v 0.01419127 -0.10495171 0.02543235
v 0.00354483 -0.10813484 0.01925222
v 0.01297637 -0.10752434 0.02122364
v -0.00042227 -0.11181364 0.01686801
v 0.01107596 -0.11188488 0.01820566
v -0.04111170 -0.06253172 0.03683619
v -0.04436745 -0.06336095 0.03155990
v -0.04868190 -0.05275248 0.03228865
v -0.05323213 -0.04952873 0.02642105
v -0.04886135 -0.06265780 0.02482077
v -0.04452100 -0.05381955 0.03732591
v -0.05506551 -0.05984167 0.01645827
v -0.05832358 -0.04563280 0.01966010
v -0.05889943 -0.03193270 0.02562265
v -0.06262577 -0.03956306 0.01408195
v -0.06038693 -0.05445424 0.00847447
v -0.06280942 -0.02790386 0.02040677
v -0.06570514 -0.02301419 0.01595900
v -0.06532273 -0.03456871 0.00965533
v -0.06423525 -0.04668207 0.00367466
v -0.04106745 -0.07607615 0.02534493
v -0.06730463 -0.04010575 -0.00145757
v -0.06802117 -0.01850164 0.01129267
v -0.06780980 -0.02841449 0.00522433
v -0.07024487 -0.01249848 0.00528763
v -0.07079849 -0.02211452 -0.00375733
v -0.07073271 -0.03121727 -0.01020554
v -0.07315207 -0.02901838 -0.02693434
v 0.00630696 -0.07286527 0.06508200
v -0.06816830 -0.03654893 -0.05680213
v -0.02377724 -0.03255853 0.05638129
v -0.01797177 -0.03016690 0.05974688
v -0.01211070 -0.02909474 0.06296691
v -0.00728932 -0.02881920 0.06445037
v -0.00263550 -0.02876627 0.06508262
v 0.00747963 -0.12489120 0.01252265
v 0.00025784 0.04407695 0.05186468
v 0.00877485 -0.11719336 0.01620943
v 0.00360540 -0.06032435 0.05132606
v -0.00107960 0.13073973 -0.02501078
v 0.00558774 -0.06867485 0.06279255
v 0.00175420 -0.05484223 0.05327966
v 0.00035258 0.00311062 0.07403718
v 0.00449720 -0.06397324 0.06118443
v 0.00124391 -0.05715344 0.06825447
v -0.00131888 -0.05010791 0.06703010
v -0.00015784 0.07893245 0.04008574
v -0.00039521 -0.05314430 0.06806629
v 0.00141082 -0.02600306 0.06389703
v 0.00034491 -0.00144727 0.07737635
v -0.00180810 -0.04798701 0.06576086
v -0.00140999 -0.04860175 -0.12403543
v 0.00265524 -0.05991728 0.06689284
v -0.00011337 -0.05049457 0.05732594
v -0.00212148 -0.04640278 0.06351290
v 0.00261726 -0.04609130 0.04926888
v 0.00205640 -0.02911853 0.06552882
v 0.00051785 0.02156233 0.05893808
v -0.00152020 -0.00855326 -0.14609505
v 0.00035215 0.01815827 0.06171154
v -0.00096820 0.10341761 0.02337045
v -0.00079115 0.08988453 0.03448791
v 0.00030937 0.00716215 0.07073454
v -0.00114535 0.05728646 -0.15478760
v -0.00104726 0.07459410 -0.15052003
v 0.00019388 0.06210013 0.04683393
v -0.00094472 0.13037984 -0.08774573
v 0.00029750 -0.00560465 0.07925402
v 0.00096520 -0.01976473 0.06688122
v -0.00105643 0.12147205 -0.00092269
v -0.00135728 0.02120248 -0.15464734
v -0.00085948 0.12082636 -0.11286651
v 0.00282825 -0.04738213 0.06703289
v -0.00109889 0.12644908 -0.01240763
v 0.00274063 -0.04942090 0.06371703
v 0.00031247 -0.01621179 0.07515617
v -0.00144830 0.00471465 -0.15145017
v -0.00125943 0.03570900 -0.15550226
v 0.00255987 -0.03610564 0.06815596
v 0.00226379 -0.03208446 0.06672243
v -0.00087885 0.12655449 -0.10074612
v 0.00040526 0.05041407 0.05152111
v 0.00267070 -0.03911447 0.06925780
v 0.00038173 0.03067342 0.05231503
v 0.00284273 -0.04192198 0.06975081
v 0.00602814 -0.13067940 0.00865399
v -0.00096708 0.09983314 -0.13594756
v 0.00286922 -0.04465012 0.06868273
v 0.00266264 -0.04864665 0.05672685
v 0.00033979 0.01119493 0.06759922
v 0.00264160 -0.04745355 0.05298810
v 0.00019255 0.06875684 0.04338146
v 0.00115959 -0.02296771 0.06355999
v 0.00111407 -0.02226757 0.06373626
v 0.00056877 0.02811453 0.05355191
v -0.00102777 0.09665836 0.02951277
v 0.00034977 0.03320427 0.05184129
v 0.00137677 -0.02387049 0.06336167
v -0.00096608 0.09002435 -0.14309724
v -0.00103078 0.13491017 -0.07012289
v -0.00103489 0.13572824 -0.05693439
v 0.00055726 0.02475075 0.05629416
v 0.00037860 0.01482775 0.06426634
v -0.00127140 -0.05844836 -0.12230647
v 0.00025558 -0.01285356 0.07826953
v 0.00020536 -0.00992519 0.07941055
v -0.00105132 0.11566515 0.00884928
v -0.00151830 -0.01865934 -0.14167331
v -0.00106906 0.13461068 -0.04002995
v -0.00099964 0.10961534 0.01665757
v -0.00145165 -0.03695806 -0.13084187
v -0.00149955 -0.02678324 -0.13795811
v 0.00038297 -0.01724971 0.07324652
v 0.00002672 0.03656936 0.05130305
v 0.00068528 -0.01881752 0.06976621
v -0.00089620 0.11300651 -0.12409664
v 0.00106420 -0.02108556 0.06473892
v 0.00940270 -0.00957493 0.05721963
v 0.07167038 -0.02682108 -0.01282230
v 0.07257535 -0.03528253 -0.02078513
v 0.07059130 -0.04591383 -0.01173609
v 0.06962730 -0.03642862 -0.00355316
v 0.06719357 -0.05486191 -0.00237010
v 0.06739971 -0.04357291 0.00349098
v 0.06146882 -0.06177113 0.00823215
v 0.06364197 -0.04955494 0.01138770
v -0.00487952 -0.01664270 0.07253773
v -0.00356184 -0.01829387 0.06970409
v 0.05590610 -0.06432496 0.01924935
v 0.05804431 -0.05355732 0.02046186
v -0.01766811 0.02325974 0.03565488
v -0.00909011 -0.02114941 0.06075143
v -0.00886251 0.00456761 0.06624188
v -0.01647220 0.02325281 0.03663043
v 0.04126510 -0.06761168 0.04367333
v 0.04204621 -0.07386456 0.04068588
v 0.03635929 -0.07829885 0.04936732
v 0.03592405 -0.07391170 0.05362168
v -0.01204491 -0.02087058 0.05991092
v 0.02966746 -0.08271345 0.05639055
v 0.02916851 -0.07892691 0.06060579
v 0.02191285 -0.08621002 0.05976321
v 0.02072463 -0.08269073 0.06439175
v -0.00845642 0.01192978 0.06043124
v -0.01038538 0.02198041 0.04710688
v 0.01648612 -0.07384099 0.06648557
v 0.01848618 -0.07850391 0.06660374
v -0.00843557 0.00814106 0.06346195
v -0.01941520 -0.01747141 0.06043139
v -0.01659564 -0.02046466 0.05918036
v -0.00848407 -0.01080097 0.07590257
v -0.00953843 -0.00770499 0.07498619
v 0.02407224 -0.07024727 0.06302264
v -0.00906918 -0.01404549 0.07345769
v -0.00560693 -0.01557101 0.07376923
v 0.02649191 -0.07518626 0.06269669
v -0.01961135 0.02362213 0.03560399
v -0.03098840 0.02439165 0.02832866
v -0.00734013 -0.01285218 0.07547645
v -0.00362550 -0.01459031 0.07567348
v -0.02283048 0.02470285 0.03259514
v -0.01864318 0.02349576 0.03556196
v -0.01495419 -0.01220179 0.06890171
v -0.00881014 0.02089046 0.05164206
v 0.02997777 -0.06495310 0.05731640
v 0.03312676 -0.06970276 0.05626480
v 0.03627823 -0.05727489 0.04947633
v 0.03946486 -0.06298740 0.04724537
v -0.01837042 -0.01415319 0.06451995
v 0.04110377 -0.05099015 0.04458240
v 0.04458097 -0.05474474 0.03983191
v 0.02240765 -0.08964060 0.05336145
v -0.02036473 0.02375121 0.03525469
v -0.02085400 0.02399362 0.03492048
v -0.00950151 0.00045297 0.06947923
v 0.02968928 -0.08678401 0.05032692
v 0.03630947 -0.08263851 0.04415789
v 0.04260086 -0.07901114 0.03648319
v 0.04944727 -0.06692817 0.03017697
v -0.02585348 0.02439058 0.03301419
v -0.00270385 -0.01996768 0.06461341
v -0.01248067 -0.01312073 0.07120294
v -0.01062235 -0.01372118 0.07250147
v -0.00342705 -0.02108354 0.06312456
v 0.04746858 -0.07667994 0.02691783
v 0.05331310 -0.07162745 0.01675781
v -0.01416998 0.02293454 0.03964047
v 0.05814977 -0.06940763 0.00422009
v -0.00850844 0.01826216 0.05544841
v -0.00827761 0.01498029 0.05820324
v 0.06570902 -0.06220613 -0.00851759
v 0.07020922 -0.05204666 -0.02016978
v -0.00281749 -0.01906359 0.06703681
v 0.07286212 -0.04100361 -0.02912247
v 0.07329680 -0.02818633 -0.02696292
v 0.02200205 -0.06620446 0.06159624
v 0.01480542 -0.06963845 0.06477450
v 0.02769290 -0.06158270 0.05698610
v -0.00988399 -0.00377526 0.07291756
v 0.03304366 -0.05378531 0.05092501
v 0.03727474 -0.04779227 0.04734757
v 0.03984932 -0.03677710 0.04602065
v -0.00656548 -0.02087606 0.06205089
v 0.03980811 -0.04238585 0.04617468
v 0.03739040 -0.02833523 0.04723052
v 0.03885069 -0.03234802 0.04637771
v 0.04589853 -0.02233070 0.04141312
v 0.04732447 -0.02870067 0.03858142
v 0.04298193 -0.03077034 0.04300277
v 0.00025922 -0.01470851 0.07666951
v -0.00637988 -0.01441358 0.07468729
v 0.04178099 -0.02562706 0.04434880
v 0.05005141 -0.01684054 0.03772751
v 0.05174613 -0.02487890 0.03428345
v 0.02278753 -0.09310146 0.04758370
v -0.03212538 0.03782615 0.04315098
v -0.03167386 0.03497772 0.04109843
v 0.02976083 -0.09084081 0.04466267
v 0.03523684 -0.08847521 0.03876731
v 0.03974368 -0.08729596 0.03111784
v 0.04427209 -0.08527721 0.02207831
v 0.04752358 -0.08290340 0.01152482
v 0.05191769 -0.07933015 -0.00043654
v -0.02541082 0.04088519 0.04722605
v -0.00564078 0.03999382 0.05187010
v -0.01186499 0.04025079 0.05142515
v 0.06113862 -0.07112957 -0.01441772
v -0.03364853 0.03058059 0.03791439
v -0.03450974 0.02801907 0.03618088
v -0.03145895 0.03290829 0.03877795
v -0.03384585 0.02894685 0.03767940
v -0.03389637 0.02956787 0.03822540
v 0.06868464 -0.05803529 -0.02742417
v -0.03188384 0.03185000 0.03844607
v 0.07116862 -0.04590680 -0.03692650
v -0.03173651 0.03229359 0.03821743
v 0.03464869 -0.09728751 0.01551452
v -0.03044979 0.04000267 0.04496209
v 0.03269238 -0.09661079 0.02324303
v 0.03075031 -0.09728222 0.03010718
v -0.03270290 0.03158555 0.03750712
v -0.03451025 0.02758224 0.03427821
v 0.02767419 -0.09787723 0.03555070
v -0.03498830 0.02582801 0.02911394
v 0.02272603 -0.10030821 0.03434869
v 0.00019518 0.04031613 0.05160734
v -0.02385543 0.05110643 0.05030285
v -0.05465443 0.05081998 0.02565256
v 0.02027953 -0.10313009 0.02509478
v -0.05858720 0.04549926 0.02270854
v 0.02157215 -0.10478938 0.01953264
v -0.05334051 0.00710970 0.02985424
v -0.05614405 0.00732647 0.02684064
v -0.02119487 0.04502156 0.05100212
v 0.02281305 -0.10800794 0.01665416
v 0.04394415 -0.04369255 0.04257856
v 0.04777566 -0.04524780 0.03689433
v 0.04821122 -0.03640636 0.03672614
v 0.05292660 -0.03413433 0.03073996
v -0.02753978 0.06805674 0.03851224
v -0.03190421 0.11692760 -0.00733546
v -0.02673632 0.06192540 0.04321479
v -0.04194784 0.05645993 0.03715248
v 0.05302984 -0.04480948 0.03003944
v -0.03189027 0.11185960 0.00146250
v 0.04412320 -0.03669872 0.04244702
v 0.05891056 -0.04232129 0.02181681
v 0.05786714 -0.02995386 0.02434922
v 0.05573176 -0.01909600 0.02966058
v 0.06150917 -0.02415382 0.01897687
v -0.04925204 0.05493997 0.03031673
v 0.06350320 -0.03721993 0.01412996
v -0.05990851 0.01129956 0.01928314
v -0.00711345 0.05598210 0.04992453
v -0.06109405 0.01788386 0.01598292
v 0.05922720 -0.01483498 0.02491080
v -0.01629508 0.05626112 0.04966514
v -0.02870412 0.12890747 -0.06897973
v 0.06190626 -0.01056896 0.02043406
v 0.06388441 -0.02086871 0.01450350
v 0.06589025 -0.03190462 0.00880329
v 0.05051140 -0.05775286 0.03097431
v -0.01586103 0.03707482 0.04809171
v 0.06790303 -0.02752690 0.00310949
v -0.04241969 0.00886980 0.03580634
v -0.04571941 0.00826568 0.03437012
v 0.06448784 -0.00804855 0.01525148
v -0.03257328 0.12848927 -0.05775778
v -0.05952447 0.00959567 0.02115364
v -0.03032084 0.08714377 0.02805129
v -0.01163389 0.02982579 0.04535030
v -0.01357706 0.03260460 0.04597791
v -0.03121616 0.09386175 0.02241457
v 0.06594548 -0.01685010 0.00941454
v 0.06705219 -0.00406725 0.00856031
v 0.06880725 -0.01257926 0.00007430
v -0.03159725 0.10035892 0.01578260
v 0.07022587 -0.02090155 -0.00632487
v 0.07262391 -0.01964476 -0.02273088
v -0.03227135 0.12151785 -0.01766136
v -0.02477384 0.01247913 0.04037965
v 0.06797468 -0.03209441 -0.05508864
v 0.02420634 -0.02952737 0.05519457
v 0.01993890 -0.02869517 0.05853521
v -0.06123851 0.03870492 0.02023245
v -0.06214183 0.03143720 0.01857877
v -0.03311915 0.12760057 -0.04401416
v -0.03484548 0.01011673 0.03854420
v -0.06176888 0.02479324 0.01708257
v -0.01669849 0.13102815 -0.07685393
v 0.01509559 -0.02828433 0.06209930
v -0.05825720 0.00808612 0.02389858
v 0.01080637 -0.02825232 0.06430441
v 0.00634453 -0.02853755 0.06517747
v -0.03455979 0.05683287 0.04287916
v -0.03880462 0.00945828 0.03732766
v -0.01080359 0.02692879 0.04462485
v -0.01985270 0.01498467 0.04096678
v -0.01616548 0.01820870 0.04142767
v -0.03175629 0.10628937 0.00900568
v -0.01337105 0.02112572 0.04244938
v -0.01107915 0.02370968 0.04390841
v -0.02963758 0.01099444 0.03978259
v -0.02890922 0.07739881 0.03426550
v -0.03258182 0.12510532 -0.03012613
v -0.04954651 0.00773713 0.03231512
v -0.00101326 0.13235068 -0.07957997
v 0.00011711 0.05605216 0.04984159
v -0.01207586 0.02246375 0.04336346
v -0.01854597 0.04076487 0.04973913
v -0.02573989 0.05657805 0.04728242
v 0.00368496 -0.06136856 0.06310159
v -0.02909777 -0.04341866 0.05322217
v -0.03048466 -0.04578251 0.05078177
v -0.02878876 -0.05325143 0.04715019
v -0.02065675 -0.03828155 0.06060786
v -0.02601135 -0.04105641 0.05660397
v -0.01683562 -0.06262755 0.05569629
v -0.03077139 -0.04817753 0.04876897
v -0.01028875 -0.06476726 0.05993743
v -0.03041053 -0.05048630 0.04739061
v -0.00359390 -0.06457513 0.06275117
v 0.00242340 -0.03389922 0.06756344
v -0.00851484 -0.03400513 0.06655470
v -0.00301463 -0.03369352 0.06777629
v -0.01452058 -0.03569456 0.06416915
v -0.02602926 -0.05641529 0.04844243
v -0.02240739 -0.05967974 0.05098302
v 0.00544454 -0.01636450 0.07243680
v 0.00439048 -0.01792044 0.06951872
v 0.01906602 0.02208140 0.03515743
v 0.01082250 -0.02055112 0.06031365
v 0.00863774 0.00399189 0.06600162
v 0.01772846 0.02241391 0.03619952
v 0.01402287 -0.02037172 0.05947524
v 0.00859390 0.01145303 0.06026905
v 0.01118764 0.02152930 0.04690983
v 0.00846006 0.00769698 0.06331363
v 0.02070341 -0.01730728 0.06009353
v 0.01840123 -0.02018067 0.05873177
v 0.00860358 -0.01085930 0.07557254
v 0.00957242 -0.00793766 0.07473857
v 0.00954812 -0.01397785 0.07324105
v 0.00622446 -0.01542397 0.07367755
v 0.02096556 0.02219596 0.03507229
v 0.03205203 0.02316667 0.02775148
v 0.00768833 -0.01281285 0.07523697
v 0.00413960 -0.01450970 0.07564095
v 0.02418660 0.02280536 0.03216568
v 0.02010368 0.02215580 0.03511602
v 0.01539287 -0.01234085 0.06871833
v 0.00954066 0.02042097 0.05153153
v 0.01908832 -0.01420708 0.06424367
v 0.02178907 0.02222617 0.03475079
v 0.02231180 0.02234888 0.03440087
v 0.00920135 -0.00014329 0.06920736
v 0.02700846 0.02275550 0.03246669
v 0.00434797 -0.01959861 0.06433038
v 0.01288900 -0.01312044 0.07095476
v 0.01100662 -0.01365013 0.07225602
v 0.00513341 -0.02071825 0.06280663
v 0.01529533 0.02225294 0.03939183
v 0.00904262 0.01790290 0.05535324
v 0.00868765 0.01461824 0.05812290
v 0.00417578 -0.01877476 0.06683937
v 0.00963319 -0.00429150 0.07263969
v 0.00818969 -0.02034034 0.06161053
v 0.00689628 -0.01429635 0.07451195
v 0.03302474 0.03657522 0.04280138
v 0.03265097 0.03403648 0.04096017
v 0.02635671 0.03969019 0.04736006
v 0.00609126 0.04013628 0.05163271
v 0.01261635 0.03987614 0.05145953
v 0.03451287 0.02944531 0.03780250
v 0.03489223 0.02728117 0.03595674
v 0.03240704 0.03205016 0.03882675
v 0.03474974 0.02760310 0.03769233
v 0.03468501 0.02836985 0.03813814
v 0.03295451 0.03098031 0.03850764
v 0.03287775 0.03109186 0.03836673
v 0.03121981 0.03882662 0.04478871
v 0.03375256 0.03037097 0.03774121
v 0.03511306 0.02707082 0.03394427
v 0.03571566 0.02514554 0.02867649
v 0.02457492 0.05029140 0.05037060
v 0.05436632 0.04949091 0.02675566
v 0.05796473 0.04411312 0.02392086
v 0.05117506 0.00975419 0.03081686
v 0.05293456 0.01098942 0.02815215
v 0.02207521 0.04402056 0.05116286
v 0.02677369 0.06777721 0.03840354
v 0.02971164 0.11699980 -0.00704540
v 0.02670076 0.06154289 0.04346663
v 0.04212598 0.05517957 0.03759214
v 0.02973445 0.11179564 0.00174925
v 0.04933183 0.05361688 0.03098914
v 0.05778510 0.01401185 0.02042325
v 0.00776955 0.05576068 0.05026267
v 0.06003407 0.01947188 0.01739037
v 0.01683280 0.05579720 0.04988397
v 0.02671073 0.12903675 -0.06879865
v 0.01672728 0.03630586 0.04813087
v 0.04240232 0.00937869 0.03612612
v 0.04546873 0.00913924 0.03482391
v 0.03054529 0.12863097 -0.05753870
v 0.05657109 0.01305538 0.02241761
v 0.02887188 0.08691696 0.02822625
v 0.01243996 0.02941243 0.04514832
v 0.01445509 0.03215797 0.04586440
v 0.02935518 0.09335565 0.02288520
v 0.02958397 0.10001076 0.01614288
v 0.03019532 0.12162470 -0.01738046
v 0.02560684 0.01173073 0.04000111
v 0.06039217 0.03778914 0.02139559
v 0.06162670 0.03097683 0.01962776
v 0.03105930 0.12776656 -0.04375647
v 0.03547610 0.00974323 0.03870612
v 0.06115490 0.02509236 0.01817258
v 0.01469097 0.13105258 -0.07678960
v 0.05499655 0.01185052 0.02529563
v 0.03494335 0.05598000 0.04330560
v 0.03909038 0.00957306 0.03758606
v 0.01153681 0.02641864 0.04443445
v 0.02069573 0.01429564 0.04067059
v 0.01711012 0.01750611 0.04119468
v 0.02965748 0.10610505 0.00932059
v 0.01437755 0.02047149 0.04226705
v 0.01189090 0.02316342 0.04373046
v 0.03045894 0.01028927 0.03955731
v 0.02785591 0.07730636 0.03450404
v 0.03054198 0.12525634 -0.02985148
v 0.04859619 0.00923141 0.03301010
v 0.01295105 0.02182375 0.04313178
v 0.01946060 0.03973348 0.05016342
v 0.02615454 0.05586613 0.04777598
v 0.02821160 -0.03536504 0.05315960
v 0.02900093 -0.03526638 0.05163581
v 0.02859797 -0.03927776 0.04952265
v 0.02279312 -0.03546700 0.05921313
v 0.02629382 -0.03581695 0.05556376
v 0.02102527 -0.05042631 0.05931283
v 0.02920657 -0.03589663 0.05051282
v 0.01682299 -0.05574794 0.06293377
v 0.02935924 -0.03719172 0.04971885
v 0.01107202 -0.05947874 0.06443466
v 0.01295646 -0.03299097 0.06592423
v 0.00771381 -0.03330533 0.06766719
v 0.01799256 -0.03404468 0.06301329
v 0.02692728 -0.04124210 0.05140373
v 0.02459629 -0.04465612 0.05456058
v 0.03520149 0.02358559 0.02216847
v -0.03440108 0.02457854 0.02275333
v 0.03317831 0.02396071 0.03656189
v 0.03161846 0.02395690 0.03608180
v 0.03017842 0.02395359 0.03531335
v 0.02897398 0.02395286 0.03431689
v 0.03320786 0.02427919 0.03656534
v 0.03167671 0.02458197 0.03608346
v 0.03026457 0.02486086 0.03531411
v 0.02908095 0.02509552 0.03431528
v 0.03329929 0.02458673 0.03656618
v 0.03185425 0.02518275 0.03608822
v 0.03052140 0.02573351 0.03531959
v 0.02940498 0.02619380 0.03432072
v 0.03344711 0.02486963 0.03657061
v 0.03214568 0.02573799 0.03609645
v 0.03094454 0.02653856 0.03532672
v 0.02993781 0.02720798 0.03432795
v 0.03364720 0.02511774 0.03657501
v 0.03253909 0.02622472 0.03610111
v 0.03151530 0.02724519 0.03533406
v 0.03065650 0.02810007 0.03434092
v 0.03389237 0.02532250 0.03658004
v 0.03301971 0.02662532 0.03610946
v 0.03221560 0.02782659 0.03534159
v 0.03153963 0.02883662 0.03435066
v 0.03417250 0.02547430 0.03658595
v 0.03357167 0.02692337 0.03611340
v 0.03301734 0.02826018 0.03534770
v 0.03255178 0.02938236 0.03436034
v 0.03447851 0.02556796 0.03658517
v 0.03416959 0.02710777 0.03611793
v 0.03388692 0.02852869 0.03535486
v 0.03365164 0.02972174 0.03436569
v 0.03479572 0.02560086 0.03658504
v 0.03479374 0.02717035 0.03611667
v 0.03479515 0.02862204 0.03535745
v 0.03479642 0.02983917 0.03436958
v 0.03511367 0.02557157 0.03659088
v 0.03541835 0.02711170 0.03612387
v 0.03570220 0.02853484 0.03536121
v 0.03594286 0.02972846 0.03436912
v 0.03541991 0.02547942 0.03658993
v 0.03601913 0.02693183 0.03612349
v 0.03657367 0.02827125 0.03536094
v 0.03704105 0.02939597 0.03436916
v 0.03570176 0.02533029 0.03659257
v 0.03657317 0.02663734 0.03612902
v 0.03737712 0.02784317 0.03536293
v 0.03805336 0.02885385 0.03436944
v 0.03594799 0.02512692 0.03658940
v 0.03705668 0.02623926 0.03612353
v 0.03807972 0.02726480 0.03536125
v 0.03893920 0.02812430 0.03437022
v 0.03615068 0.02488063 0.03659000
v 0.03745344 0.02575470 0.03612426
v 0.03865512 0.02656032 0.03535937
v 0.03966435 0.02723544 0.03436489
v 0.03630006 0.02459874 0.03658605
v 0.03774836 0.02520114 0.03611821
v 0.03908230 0.02575612 0.03535504
v 0.04019994 0.02622126 0.03435735
v 0.03639204 0.02429237 0.03658705
v 0.03792560 0.02460082 0.03611391
v 0.03934156 0.02488219 0.03534957
v 0.04052811 0.02512202 0.03435217
v 0.03642167 0.02397429 0.03658040
v 0.03798697 0.02397589 0.03611006
v 0.03942807 0.02397320 0.03534788
v 0.04063643 0.02397832 0.03434733
v 0.03638847 0.02365667 0.03657707
v 0.03792150 0.02334818 0.03610680
v 0.03933707 0.02306017 0.03534295
v 0.04052453 0.02283156 0.03435106
v 0.03629518 0.02334722 0.03657813
v 0.03774069 0.02274510 0.03610948
v 0.03907360 0.02218386 0.03534129
v 0.04019490 0.02172277 0.03435312
v 0.03614284 0.02306366 0.03657725
v 0.03744107 0.02218836 0.03610666
v 0.03864314 0.02137599 0.03534509
v 0.03965204 0.02069477 0.03435004
v 0.03594160 0.02281375 0.03658205
v 0.03704710 0.02169885 0.03611345
v 0.03806631 0.02066396 0.03535019
v 0.03892830 0.01978235 0.03436984
v 0.03569519 0.02260863 0.03657825
v 0.03656280 0.02129557 0.03611298
v 0.03736668 0.02007661 0.03535599
v 0.03804393 0.01903904 0.03437735
v 0.03541614 0.02245572 0.03657962
v 0.03601431 0.02099317 0.03611601
v 0.03656869 0.01963627 0.03536249
v 0.03703635 0.01848917 0.03438250
v 0.03511128 0.02236089 0.03657852
v 0.03541829 0.02080482 0.03611848
v 0.03570163 0.01936151 0.03536416
v 0.03594356 0.01816023 0.03437768
v 0.03479621 0.02232827 0.03657950
v 0.03479728 0.02074265 0.03611468
v 0.03479844 0.01926585 0.03535699
v 0.03480444 0.01805646 0.03436317
v 0.03448112 0.02235885 0.03657577
v 0.03417666 0.02080392 0.03611186
v 0.03389603 0.01935808 0.03535471
v 0.03366834 0.01818361 0.03436144
v 0.03417584 0.02245162 0.03657725
v 0.03358082 0.02098915 0.03610689
v 0.03303105 0.01963343 0.03534241
v 0.03257385 0.01851370 0.03434883
v 0.03389739 0.02260256 0.03657549
v 0.03303194 0.02128750 0.03610331
v 0.03223531 0.02007534 0.03533600
v 0.03156848 0.01906076 0.03435190
v 0.03365181 0.02280635 0.03657186
v 0.03254997 0.02168933 0.03609734
v 0.03153582 0.02065999 0.03532965
v 0.03068793 0.01980432 0.03434259
v 0.03345168 0.02305392 0.03656584
v 0.03215647 0.02217573 0.03609079
v 0.03096101 0.02136809 0.03532586
v 0.02996524 0.02070179 0.03433029
v 0.03479570 0.02396856 0.03673542
v 0.03330179 0.02333567 0.03656488
v 0.03186044 0.02273081 0.03608755
v 0.03053341 0.02217498 0.03532052
v 0.02942697 0.02171360 0.03432020
v 0.03320872 0.02364259 0.03656596
v 0.03167917 0.02333115 0.03608530
v 0.03027159 0.02304696 0.03531282
v 0.02909131 0.02281182 0.03431798
v 0.02779652 0.02395015 0.03346518
v 0.02597810 0.02394990 0.03202155
v 0.02442243 0.02394993 0.03013628
v 0.02326745 0.02396500 0.02798165
v 0.02255876 0.02397453 0.02564062
v 0.02231489 0.02397939 0.02321532
v 0.02256764 0.02398873 0.02077094
v 0.02321289 0.02394390 0.01842607
v 0.02436905 0.02394256 0.01626472
v 0.02592595 0.02394286 0.01437016
v 0.02782240 0.02394419 0.01281365
v 0.02998661 0.02394543 0.01165860
v 0.03233432 0.02394704 0.01094821
v 0.02791951 0.02532214 0.03346706
v 0.02613654 0.02568084 0.03202347
v 0.02460974 0.02598310 0.03013800
v 0.02348358 0.02622051 0.02797539
v 0.02278674 0.02637028 0.02563586
v 0.02255567 0.02642727 0.02319975
v 0.02279723 0.02638900 0.02075988
v 0.02350183 0.02626044 0.01840923
v 0.02456689 0.02597449 0.01626433
v 0.02609351 0.02566911 0.01437071
v 0.02795461 0.02530129 0.01281412
v 0.03007695 0.02488045 0.01165786
v 0.03238104 0.02442360 0.01094774
v 0.02831121 0.02664292 0.03347074
v 0.02662805 0.02734496 0.03202742
v 0.02519571 0.02794174 0.03013713
v 0.02413388 0.02839102 0.02797432
v 0.02347969 0.02867541 0.02563315
v 0.02326249 0.02877857 0.02319544
v 0.02348915 0.02869305 0.02075616
v 0.02415264 0.02842786 0.01840949
v 0.02515657 0.02792738 0.01626450
v 0.02659484 0.02733107 0.01437059
v 0.02834810 0.02660562 0.01281453
v 0.03034842 0.02577912 0.01165902
v 0.03251918 0.02488190 0.01094844
v 0.02894842 0.02786435 0.03348218
v 0.02743952 0.02888143 0.03203423
v 0.02615913 0.02974472 0.03013071
v 0.02520117 0.03039309 0.02796933
v 0.02461215 0.03079794 0.02562867
v 0.02441521 0.03094095 0.02319340
v 0.02461927 0.03081481 0.02075440
v 0.02521508 0.03042569 0.01841024
v 0.02611601 0.02972713 0.01626493
v 0.02741047 0.02886187 0.01437069
v 0.02898938 0.02780927 0.01281435
v 0.03079026 0.02660741 0.01165827
v 0.03274419 0.02530465 0.01094800
v 0.02981726 0.02893560 0.03349042
v 0.02854071 0.03023968 0.03202812
v 0.02746272 0.03132090 0.03011631
v 0.02664355 0.03214981 0.02796249
v 0.02614067 0.03266206 0.02562487
v 0.02597056 0.03283920 0.02319115
v 0.02614294 0.03267478 0.02075391
v 0.02664703 0.03217401 0.01840930
v 0.02740897 0.03130636 0.01626411
v 0.02851017 0.03020485 0.01437066
v 0.02985280 0.02886393 0.01281500
v 0.03138471 0.02733456 0.01165915
v 0.03304768 0.02567404 0.01094860
v 0.03087425 0.02981726 0.03350234
v 0.02989215 0.03133636 0.03202501
v 0.02905343 0.03262334 0.03010019
v 0.02840172 0.03359057 0.02795452
v 0.02800207 0.03419001 0.02562241
v 0.02786592 0.03439625 0.02319043
v 0.02799982 0.03420115 0.02075504
v 0.02839678 0.03361243 0.01841001
v 0.02904257 0.03265439 0.01624693
v 0.02985038 0.03130729 0.01437030
v 0.03090510 0.02972855 0.01281579
v 0.03211047 0.02793043 0.01165949
v 0.03341679 0.02597867 0.01094860
v 0.03209479 0.03046990 0.03350831
v 0.03142314 0.03216647 0.03202237
v 0.03085791 0.03359146 0.03009453
v 0.03040239 0.03466160 0.02795368
v 0.03012318 0.03532618 0.02562200
v 0.03002898 0.03555446 0.02319266
v 0.03012045 0.03533808 0.02075593
v 0.03039419 0.03468311 0.01841243
v 0.03083822 0.03361588 0.01624963
v 0.03137955 0.03212592 0.01437166
v 0.03210700 0.03037179 0.01281667
v 0.03293737 0.02837318 0.01166032
v 0.03383857 0.02620397 0.01094925
v 0.03342384 0.03088637 0.03351563
v 0.03308516 0.03266582 0.03202632
v 0.03280779 0.03418350 0.03009363
v 0.03257139 0.03532226 0.02795547
v 0.03242556 0.03602571 0.02562556
v 0.03237457 0.03626688 0.02319751
v 0.03242219 0.03603799 0.02076118
v 0.03256306 0.03534435 0.01841743
v 0.03279105 0.03421205 0.01625377
v 0.03304112 0.03263095 0.01437210
v 0.03341134 0.03076898 0.01281685
v 0.03383609 0.02864726 0.01166029
v 0.03429703 0.02634357 0.01094916
v 0.03480083 0.03103046 0.03352016
v 0.03481551 0.03283901 0.03203378
v 0.03482851 0.03437902 0.03010412
v 0.03482459 0.03554554 0.02796020
v 0.03482156 0.03626397 0.02562879
v 0.03481169 0.03650853 0.02320877
v 0.03481807 0.03627607 0.02076628
v 0.03482040 0.03557061 0.01842140
v 0.03482299 0.03441819 0.01625993
v 0.03482606 0.03286584 0.01436865
v 0.03476925 0.03090508 0.01281595
v 0.03477100 0.02874019 0.01166028
v 0.03477358 0.02639114 0.01094916
v 0.03617837 0.03089211 0.03352224
v 0.03654603 0.03267437 0.03203743
v 0.03685839 0.03419372 0.03012383
v 0.03707824 0.03532419 0.02796696
v 0.03721606 0.03603143 0.02563577
v 0.03726257 0.03627460 0.02320500
v 0.03721557 0.03604558 0.02077065
v 0.03707899 0.03535317 0.01842638
v 0.03685652 0.03422398 0.01626446
v 0.03655427 0.03270103 0.01437217
v 0.03612804 0.03077327 0.01281461
v 0.03570664 0.02864942 0.01165978
v 0.03525013 0.02634438 0.01094886
v 0.03750158 0.03049465 0.03352011
v 0.03821056 0.03217774 0.03205080
v 0.03881728 0.03361970 0.03014106
v 0.03925072 0.03467310 0.02797666
v 0.03952320 0.03533899 0.02564227
v 0.03961714 0.03556846 0.02320866
v 0.03952502 0.03535319 0.02077395
v 0.03925354 0.03470013 0.01843033
v 0.03881279 0.03363637 0.01626888
v 0.03821846 0.03220280 0.01437599
v 0.03749310 0.03045466 0.01282295
v 0.03660583 0.02837648 0.01165976
v 0.03570867 0.02620557 0.01094933
v 0.03871445 0.02983854 0.03352184
v 0.03974230 0.03136216 0.03206206
v 0.04061857 0.03266109 0.03015618
v 0.04125846 0.03361727 0.02798795
v 0.04165120 0.03421286 0.02564945
v 0.04178600 0.03441745 0.02321417
v 0.04165233 0.03422312 0.02077878
v 0.04125853 0.03363593 0.01843509
v 0.04061684 0.03267965 0.01627341
v 0.03975245 0.03139017 0.01437949
v 0.03869850 0.02981705 0.01282563
v 0.03743636 0.02793754 0.01165725
v 0.03613177 0.02598118 0.01094863
v 0.03978053 0.02896389 0.03352119
v 0.04108213 0.03026017 0.03207122
v 0.04219300 0.03136723 0.03016685
v 0.04301148 0.03218339 0.02799988
v 0.04351633 0.03269026 0.02565753
v 0.04368737 0.03286414 0.02322170
v 0.04351822 0.03270044 0.02078484
v 0.04301512 0.03220163 0.01844080
v 0.04219725 0.03138903 0.01627865
v 0.04109631 0.03029200 0.01438392
v 0.03975426 0.02895441 0.01282830
v 0.03822182 0.02742796 0.01167346
v 0.03650190 0.02567770 0.01094807
v 0.04065212 0.02789601 0.03352017
v 0.04218030 0.02891755 0.03207476
v 0.04348813 0.02979257 0.03017618
v 0.04445546 0.03043731 0.02801128
v 0.04504656 0.03083423 0.02566828
v 0.04524763 0.03097131 0.02323087
v 0.04504866 0.03084230 0.02079275
v 0.04445697 0.03045295 0.01844784
v 0.04349484 0.02981489 0.01628453
v 0.04219989 0.02895390 0.01438850
v 0.04062062 0.02790261 0.01283160
v 0.03881813 0.02670110 0.01167464
v 0.03680782 0.02531041 0.01094692
v 0.04129693 0.02667794 0.03351256
v 0.04299339 0.02738494 0.03207203
v 0.04444389 0.02798884 0.03018511
v 0.04552079 0.02843624 0.02802313
v 0.04618039 0.02871380 0.02567969
v 0.04640422 0.02881012 0.02324188
v 0.04618589 0.02872545 0.02080172
v 0.04552843 0.02845729 0.01845525
v 0.04445986 0.02801968 0.01629040
v 0.04302011 0.02742679 0.01439346
v 0.04126479 0.02670210 0.01283526
v 0.03926144 0.02587396 0.01167690
v 0.03703205 0.02488647 0.01094796
v 0.04168991 0.02535543 0.03350507
v 0.04349095 0.02572081 0.03206372
v 0.04503208 0.02603382 0.03018636
v 0.04617558 0.02626563 0.02802894
v 0.04687694 0.02641168 0.02568932
v 0.04711401 0.02646584 0.02325488
v 0.04688441 0.02642539 0.02081360
v 0.04618897 0.02629141 0.01846390
v 0.04505459 0.02607099 0.01629762
v 0.04352513 0.02576879 0.01439907
v 0.04166171 0.02540092 0.01283905
v 0.03953493 0.02497518 0.01167765
v 0.03717279 0.02442910 0.01094701
v 0.04181756 0.02398005 0.03350034
v 0.04365510 0.02399362 0.03206244
v 0.04522618 0.02400463 0.03018063
v 0.04639214 0.02401253 0.02803161
v 0.04710969 0.02402047 0.02569535
v 0.04735101 0.02402985 0.02327337
v 0.04712064 0.02403968 0.02082351
v 0.04641283 0.02404374 0.01847302
v 0.04525643 0.02404533 0.01630415
v 0.04369668 0.02404683 0.01440428
v 0.04179722 0.02404762 0.01284345
v 0.03963059 0.02405008 0.01168304
v 0.03722055 0.02395226 0.01094707
v 0.04168113 0.02260252 0.03349476
v 0.04347531 0.02226485 0.03205195
v 0.04502255 0.02197433 0.03016730
v 0.04616680 0.02176384 0.02802506
v 0.04687262 0.02162960 0.02571840
v 0.04712085 0.02161178 0.02327747
v 0.04688875 0.02165845 0.02083380
v 0.04619311 0.02179856 0.01848169
v 0.04505799 0.02202350 0.01631078
v 0.04352819 0.02232571 0.01441041
v 0.04166343 0.02269390 0.01284782
v 0.03948046 0.02302072 0.01165695
v 0.03717294 0.02347453 0.01094836
v 0.04128690 0.02126580 0.03350683
v 0.04298251 0.02058307 0.03206506
v 0.04443768 0.02000147 0.03021350
v 0.04551941 0.01960042 0.02808459
v 0.04619914 0.01936657 0.02574160
v 0.04641940 0.01927501 0.02329255
v 0.04619574 0.01936697 0.02084599
v 0.04553599 0.01964002 0.01849003
v 0.04446671 0.02008062 0.01631773
v 0.04302536 0.02067142 0.01441596
v 0.04126952 0.02139509 0.01285300
v 0.03920709 0.02212010 0.01165835
v 0.03703443 0.02301606 0.01094841
v 0.04064045 0.02002601 0.03351557
v 0.04217196 0.01902770 0.03208180
v 0.04349094 0.01822160 0.03023350
v 0.04447504 0.01764167 0.02809451
v 0.04507233 0.01726092 0.02575066
v 0.04527116 0.01712672 0.02330536
v 0.04506803 0.01725820 0.02085858
v 0.04447294 0.01764929 0.01850288
v 0.04350740 0.01828739 0.01633056
v 0.04220810 0.01914706 0.01442559
v 0.04062702 0.02019433 0.01285457
v 0.03876659 0.02129363 0.01165629
v 0.03681015 0.02259367 0.01094801
v 0.03976880 0.01893010 0.03353433
v 0.04105648 0.01764510 0.03209057
v 0.04222277 0.01672071 0.03025693
v 0.04305358 0.01593335 0.02811128
v 0.04355658 0.01542862 0.02576295
v 0.04372258 0.01525004 0.02331712
v 0.04354675 0.01541102 0.02087040
v 0.04303805 0.01590658 0.01851641
v 0.04221585 0.01671774 0.01634320
v 0.04111001 0.01781463 0.01444091
v 0.03970537 0.01903742 0.01281125
v 0.03817115 0.02056494 0.01165702
v 0.03650616 0.02222435 0.01094801
v 0.03870066 0.01804352 0.03353333
v 0.03974817 0.01665664 0.03212091
v 0.04068646 0.01555178 0.03030565
v 0.04132889 0.01456557 0.02814493
v 0.04170736 0.01393345 0.02578174
v 0.04183200 0.01371187 0.02333125
v 0.04168997 0.01389615 0.02088208
v 0.04128836 0.01447734 0.01852753
v 0.04063891 0.01543082 0.01635526
v 0.03976913 0.01671850 0.01445174
v 0.03865174 0.01817128 0.01281182
v 0.03744537 0.01996888 0.01165704
v 0.03613742 0.02191987 0.01094752
v 0.03477417 0.02394728 0.01071025
v 0.03749309 0.01742137 0.03352926
v 0.03825102 0.01595050 0.03215039
v 0.03890615 0.01464910 0.03033327
v 0.03933119 0.01351570 0.02815367
v 0.03958786 0.01281315 0.02579331
v 0.03967035 0.01256458 0.02334045
v 0.03956936 0.01276805 0.02089081
v 0.03928936 0.01341446 0.01853603
v 0.03883994 0.01447483 0.01636493
v 0.03817924 0.01577681 0.01436899
v 0.03744920 0.01752690 0.01281289
v 0.03661769 0.01952578 0.01165794
v 0.03571492 0.02169418 0.01094790
v 0.03618386 0.01706442 0.03351831
v 0.03661156 0.01550317 0.03217413
v 0.03695457 0.01405759 0.03034294
v 0.03716008 0.01285761 0.02815557
v 0.03728229 0.01211702 0.02579634
v 0.03731820 0.01185401 0.02334608
v 0.03726319 0.01207151 0.02089803
v 0.03711869 0.01275969 0.01854350
v 0.03688591 0.01388428 0.01637080
v 0.03651761 0.01527169 0.01436940
v 0.03614528 0.01713109 0.01281275
v 0.03571955 0.01925195 0.01165706
v 0.03525694 0.02155479 0.01094737
v 0.03482485 0.01695357 0.03353955
v 0.03488546 0.01533587 0.03217233
v 0.03491668 0.01383230 0.03033430
v 0.03489687 0.01261676 0.02814686
v 0.03488346 0.01187035 0.02578775
v 0.03486551 0.01160312 0.02335154
v 0.03486509 0.01183278 0.02089837
v 0.03486205 0.01253819 0.01854587
v 0.03486035 0.01369750 0.01638270
v 0.03479110 0.01509979 0.01436912
v 0.03478810 0.01699515 0.01281261
v 0.03478418 0.01915989 0.01165792
v 0.03478018 0.02150723 0.01094788
v 0.03345753 0.01708601 0.03352138
v 0.03315933 0.01548516 0.03217995
v 0.03286228 0.01396237 0.03029355
v 0.03262699 0.01280216 0.02812702
v 0.03247873 0.01208234 0.02577644
v 0.03242289 0.01183139 0.02333402
v 0.03246628 0.01205845 0.02089027
v 0.03260240 0.01275563 0.01854379
v 0.03276308 0.01374262 0.01626393
v 0.03306406 0.01526831 0.01436885
v 0.03343076 0.01712867 0.01281281
v 0.03384968 0.01925040 0.01165692
v 0.03430404 0.02155400 0.01094724
v 0.03213934 0.01746457 0.03351362
v 0.03148999 0.01595218 0.03215745
v 0.03089428 0.01450274 0.03026066
v 0.03044555 0.01342121 0.02809996
v 0.03016700 0.01275229 0.02575219
v 0.03007024 0.01252166 0.02331227
v 0.03015907 0.01274080 0.02087175
v 0.03042876 0.01340355 0.01853414
v 0.03081009 0.01433310 0.01626215
v 0.03140256 0.01577001 0.01436738
v 0.03212593 0.01752285 0.01281277
v 0.03294987 0.01952265 0.01165775
v 0.03384507 0.02169262 0.01094771
v 0.03092117 0.01808853 0.03350287
v 0.02993936 0.01668245 0.03212054
v 0.02908049 0.01541308 0.03022756
v 0.02843525 0.01445279 0.02806908
v 0.02803536 0.01385695 0.02572499
v 0.02789782 0.01365305 0.02328817
v 0.02802913 0.01385030 0.02085152
v 0.02842535 0.01444039 0.01850473
v 0.02900937 0.01529294 0.01626134
v 0.02987162 0.01658706 0.01436669
v 0.03092236 0.01816474 0.01281157
v 0.03212216 0.01996461 0.01165666
v 0.03342288 0.02191764 0.01094682
v 0.02986334 0.01897812 0.03349400
v 0.02858839 0.01774204 0.03207782
v 0.02749126 0.01666754 0.03019825
v 0.02667368 0.01585872 0.02804022
v 0.02616822 0.01535791 0.02569786
v 0.02599559 0.01518685 0.02326217
v 0.02616470 0.01535531 0.02082550
v 0.02661367 0.01576845 0.01842460
v 0.02742996 0.01658581 0.01626118
v 0.02852873 0.01768687 0.01436735
v 0.02986712 0.01902853 0.01281176
v 0.03139460 0.02055942 0.01165653
v 0.03305278 0.02222148 0.01094736
v 0.02899262 0.02004945 0.03347867
v 0.02748867 0.01906526 0.03204574
v 0.02619520 0.01821973 0.03016712
v 0.02523053 0.01758580 0.02801552
v 0.02463626 0.01719581 0.02567548
v 0.02443358 0.01706294 0.02324229
v 0.02463348 0.01719617 0.02080605
v 0.02522664 0.01758819 0.01846270
v 0.02613278 0.01816155 0.01626286
v 0.02742549 0.01902675 0.01436782
v 0.02900076 0.02008161 0.01281182
v 0.03079810 0.02128553 0.01165674
v 0.03274830 0.02259059 0.01094683
v 0.02834329 0.02126619 0.03346633
v 0.02666792 0.02058135 0.03202676
v 0.02523069 0.01999918 0.03014804
v 0.02415419 0.01956505 0.02800079
v 0.02349448 0.01929891 0.02566227
v 0.02327130 0.01921182 0.02322705
v 0.02349817 0.01930535 0.02078719
v 0.02415725 0.01957452 0.01844117
v 0.02516865 0.01996086 0.01626184
v 0.02660543 0.02055612 0.01436816
v 0.02835582 0.02128364 0.01281297
v 0.03035369 0.02211244 0.01165807
v 0.03252195 0.02301255 0.01094785
v 0.02794194 0.02258133 0.03345880
v 0.02615872 0.02223128 0.03202079
v 0.02463268 0.02193330 0.03013904
v 0.02349315 0.02171860 0.02798709
v 0.02279144 0.02158780 0.02564928
v 0.02255886 0.02154825 0.02321438
v 0.02279931 0.02160037 0.02077668
v 0.02350094 0.02173922 0.01843486
v 0.02457265 0.02191279 0.01626306
v 0.02609850 0.02221669 0.01436950
v 0.02795858 0.02258732 0.01281340
v 0.03007974 0.02301115 0.01165735
v 0.03238248 0.02347085 0.01094735
v -0.03551679 0.02444332 0.03688662
v -0.03708224 0.02444225 0.03641054
v -0.03852550 0.02443948 0.03564405
v -0.03973885 0.02443638 0.03464808
v -0.03548478 0.02476132 0.03688426
v -0.03702181 0.02506722 0.03640844
v -0.03843962 0.02534577 0.03563968
v -0.03963046 0.02557870 0.03464308
v -0.03539322 0.02506812 0.03688265
v -0.03684237 0.02566707 0.03640854
v -0.03818090 0.02621822 0.03564029
v -0.03930477 0.02667712 0.03464402
v -0.03524405 0.02534989 0.03688256
v -0.03654921 0.02622127 0.03640791
v -0.03775703 0.02702339 0.03564257
v -0.03877031 0.02769162 0.03464729
v -0.03504108 0.02559617 0.03688103
v -0.03615273 0.02670444 0.03640593
v -0.03718106 0.02772800 0.03564138
v -0.03804628 0.02858336 0.03465054
v -0.03479513 0.02579982 0.03688044
v -0.03567039 0.02710323 0.03640722
v -0.03647876 0.02830580 0.03563991
v -0.03715716 0.02931369 0.03464547
v -0.03451413 0.02595033 0.03687993
v -0.03511727 0.02739847 0.03640486
v -0.03567533 0.02873507 0.03563640
v -0.03614362 0.02985827 0.03464235
v -0.03420819 0.02604363 0.03687991
v -0.03451839 0.02758092 0.03640375
v -0.03480445 0.02900083 0.03563545
v -0.03504493 0.03019341 0.03464081
v -0.03389049 0.02607449 0.03687799
v -0.03389364 0.02764221 0.03640176
v -0.03389687 0.02909015 0.03563239
v -0.03389905 0.03030465 0.03463516
v -0.03357400 0.02604348 0.03687686
v -0.03327020 0.02758163 0.03640165
v -0.03298980 0.02899875 0.03563008
v -0.03275030 0.03018663 0.03463084
v -0.03326778 0.02595043 0.03687561
v -0.03267083 0.02739844 0.03639780
v -0.03211811 0.02873266 0.03562570
v -0.03165027 0.02984971 0.03462610
v -0.03298649 0.02580033 0.03687651
v -0.03211823 0.02710301 0.03639802
v -0.03131555 0.02830275 0.03562368
v -0.03063879 0.02930777 0.03462346
v -0.03273962 0.02559744 0.03687775
v -0.03163384 0.02670526 0.03639779
v -0.03061395 0.02772557 0.03562281
v -0.02975784 0.02857904 0.03462141
v -0.03253740 0.02535078 0.03687619
v -0.03123753 0.02622206 0.03639902
v -0.03003790 0.02702305 0.03562348
v -0.02903427 0.02769154 0.03462039
v -0.03238677 0.02506997 0.03687723
v -0.03094161 0.02566916 0.03639887
v -0.02961002 0.02622100 0.03562566
v -0.02849907 0.02668052 0.03462094
v -0.03229300 0.02476336 0.03687976
v -0.03075899 0.02507119 0.03640316
v -0.02934982 0.02535098 0.03562694
v -0.02817156 0.02558497 0.03462225
v -0.03226120 0.02444622 0.03688440
v -0.03069725 0.02444694 0.03640922
v -0.02925983 0.02444625 0.03563386
v -0.02806241 0.02444447 0.03462420
v -0.03229100 0.02412834 0.03688675
v -0.03075623 0.02382242 0.03641667
v -0.02934606 0.02354020 0.03564460
v -0.02817146 0.02330189 0.03463575
v -0.03238302 0.02382112 0.03689077
v -0.03093606 0.02322120 0.03642502
v -0.02960749 0.02266737 0.03565421
v -0.02850192 0.02220487 0.03464362
v -0.03253220 0.02353932 0.03689523
v -0.03123125 0.02266688 0.03642973
v -0.03003607 0.02186459 0.03565719
v -0.02903789 0.02119076 0.03465448
v -0.03273485 0.02329284 0.03689561
v -0.03162764 0.02218260 0.03642952
v -0.03061087 0.02115967 0.03566118
v -0.02976048 0.02030136 0.03466273
v -0.03298125 0.02308929 0.03689673
v -0.03211159 0.02178501 0.03643086
v -0.03131149 0.02058186 0.03566335
v -0.03064099 0.01957189 0.03466967
v -0.03326229 0.02293941 0.03689281
v -0.03266280 0.02149001 0.03642886
v -0.03211110 0.02015381 0.03566379
v -0.03164836 0.01903051 0.03467269
v -0.03356829 0.02284630 0.03689503
v -0.03326142 0.02130792 0.03643043
v -0.03298003 0.01988954 0.03566564
v -0.03274285 0.01869936 0.03467465
v -0.03388520 0.02281547 0.03689272
v -0.03388358 0.02124753 0.03642819
v -0.03388312 0.01980092 0.03566587
v -0.03388146 0.01858243 0.03467687
v -0.03420254 0.02284666 0.03689175
v -0.03450750 0.02130893 0.03643013
v -0.03478696 0.01989091 0.03566584
v -0.03502036 0.01869950 0.03467590
v -0.03450903 0.02294093 0.03688788
v -0.03510541 0.02149275 0.03642353
v -0.03565638 0.02015569 0.03566469
v -0.03611647 0.01903271 0.03467550
v -0.03479024 0.02309109 0.03688811
v -0.03565910 0.02178800 0.03642529
v -0.03645907 0.02058343 0.03566447
v -0.03712799 0.01957252 0.03467220
v -0.03503712 0.02329335 0.03688752
v -0.03614242 0.02218603 0.03642087
v -0.03716333 0.02116034 0.03566194
v -0.03801830 0.02029787 0.03466821
v -0.03524171 0.02353861 0.03689061
v -0.03654287 0.02266713 0.03642740
v -0.03774385 0.02186051 0.03566261
v -0.03874811 0.02118342 0.03466370
v -0.03388692 0.02444492 0.03704453
v -0.03539209 0.02381924 0.03688937
v -0.03683881 0.02321980 0.03642191
v -0.03817288 0.02266162 0.03565463
v -0.03929053 0.02219649 0.03466347
v -0.03548451 0.02412567 0.03688790
v -0.03702057 0.02381835 0.03641436
v -0.03843687 0.02353234 0.03564738
v -0.03962296 0.02329480 0.03465466
v -0.04092131 0.02443151 0.03379531
v -0.04275750 0.02441852 0.03234654
v -0.04432741 0.02439609 0.03045117
v -0.04549989 0.02437862 0.02829272
v -0.04621056 0.02437291 0.02594554
v -0.04643900 0.02437852 0.02350159
v -0.04620013 0.02437806 0.02105093
v -0.04549018 0.02437978 0.01869909
v -0.04433377 0.02438167 0.01653012
v -0.04277586 0.02438556 0.01462917
v -0.04087863 0.02438983 0.01306705
v -0.03871168 0.02439588 0.01190531
v -0.03632092 0.02444615 0.01122033
v -0.04079582 0.02580341 0.03379134
v -0.04260086 0.02614666 0.03234498
v -0.04414624 0.02642645 0.03045266
v -0.04528975 0.02663972 0.02828968
v -0.04598194 0.02677273 0.02593952
v -0.04621116 0.02682053 0.02349467
v -0.04597460 0.02677426 0.02104893
v -0.04527626 0.02663649 0.01869682
v -0.04414088 0.02641332 0.01652783
v -0.04261163 0.02611219 0.01462758
v -0.04074859 0.02574714 0.01306602
v -0.03862256 0.02532992 0.01190694
v -0.03627375 0.02492324 0.01122131
v -0.04040545 0.02712526 0.03379337
v -0.04211302 0.02780519 0.03234963
v -0.04355911 0.02838596 0.03045330
v -0.04463549 0.02881770 0.02828309
v -0.04529153 0.02908362 0.02593335
v -0.04550978 0.02917323 0.02348940
v -0.04528648 0.02908086 0.02104393
v -0.04462628 0.02880847 0.01869304
v -0.04355541 0.02836771 0.01652493
v -0.04211385 0.02777461 0.01462505
v -0.04035745 0.02705206 0.01306481
v -0.03830902 0.02627612 0.01193094
v -0.03613501 0.02538283 0.01122275
v -0.03976496 0.02834591 0.03379848
v -0.04129945 0.02934355 0.03235939
v -0.04260476 0.03019829 0.03045266
v -0.04357214 0.03082491 0.02827578
v -0.04416364 0.03121332 0.02592647
v -0.04436084 0.03134381 0.02348322
v -0.04415937 0.03120846 0.02103911
v -0.04356416 0.03081220 0.01868837
v -0.04259921 0.03016990 0.01652129
v -0.04130102 0.02930682 0.01462249
v -0.03971854 0.02825688 0.01306276
v -0.03791248 0.02705809 0.01190542
v -0.03591055 0.02580435 0.01122118
v -0.03889057 0.02941610 0.03379770
v -0.04019727 0.03069725 0.03235263
v -0.04130796 0.03178146 0.03044003
v -0.04213808 0.03259245 0.02826808
v -0.04263919 0.03308392 0.02591906
v -0.04280873 0.03324781 0.02347626
v -0.04263705 0.03307445 0.02103321
v -0.04213100 0.03256930 0.01868387
v -0.04130970 0.03175122 0.01651771
v -0.04020378 0.03065097 0.01461942
v -0.03885625 0.02931242 0.01306117
v -0.03727313 0.02783148 0.01193019
v -0.03560630 0.02617490 0.01122192
v -0.03782437 0.03029165 0.03379617
v -0.03884559 0.03180123 0.03233049
v -0.03972702 0.03307936 0.03042545
v -0.04037812 0.03403182 0.02825175
v -0.04077707 0.03461629 0.02591055
v -0.04091354 0.03481115 0.02347079
v -0.04077875 0.03460766 0.02102834
v -0.04038168 0.03401230 0.01867989
v -0.03973560 0.03304932 0.01651437
v -0.03886549 0.03175561 0.01461701
v -0.03780400 0.03018022 0.01305962
v -0.03654579 0.02842946 0.01193231
v -0.03523744 0.02647937 0.01122180
v -0.03660237 0.03096052 0.03378824
v -0.03731157 0.03263500 0.03231820
v -0.03792248 0.03404129 0.03041057
v -0.03837636 0.03510116 0.02825046
v -0.03865495 0.03575485 0.02590749
v -0.03874936 0.03597329 0.02346716
v -0.03865734 0.03574834 0.02102499
v -0.03838259 0.03508698 0.01867687
v -0.03793693 0.03401656 0.01651205
v -0.03733583 0.03257724 0.01461505
v -0.03655040 0.03087000 0.01308794
v -0.03571761 0.02887354 0.01193325
v -0.03481496 0.02670470 0.01122133
v -0.03528041 0.03135971 0.03378824
v -0.03564994 0.03312125 0.03231189
v -0.03596995 0.03461060 0.03040710
v -0.03620733 0.03575697 0.02825051
v -0.03635106 0.03645765 0.02590737
v -0.03640047 0.03669111 0.02346671
v -0.03635298 0.03645345 0.02102404
v -0.03621264 0.03575172 0.01867524
v -0.03598381 0.03461443 0.01651033
v -0.03567396 0.03308467 0.01461393
v -0.03524561 0.03126723 0.01308802
v -0.03481895 0.02914741 0.01193289
v -0.03435678 0.02684416 0.01122098
v -0.03390204 0.03149299 0.03377248
v -0.03393079 0.03328349 0.03232034
v -0.03395408 0.03480559 0.03041749
v -0.03395816 0.03598054 0.02825614
v -0.03395841 0.03669738 0.02590920
v -0.03395243 0.03694092 0.02347067
v -0.03395644 0.03669577 0.02102424
v -0.03395589 0.03598034 0.01867489
v -0.03395142 0.03481996 0.01650910
v -0.03389183 0.03329804 0.01464329
v -0.03388730 0.03140341 0.01308877
v -0.03388389 0.02924009 0.01193216
v -0.03388011 0.02689170 0.01122067
v -0.03251206 0.03134720 0.03377194
v -0.03221099 0.03311810 0.03232243
v -0.03195405 0.03462882 0.03043325
v -0.03171169 0.03576905 0.02826547
v -0.03156456 0.03647016 0.02591373
v -0.03151359 0.03670441 0.02346919
v -0.03155953 0.03646604 0.02102470
v -0.03169790 0.03576284 0.01867620
v -0.03192334 0.03462103 0.01651157
v -0.03216365 0.03313058 0.01464427
v -0.03252944 0.03127074 0.01308841
v -0.03294870 0.02914898 0.01193158
v -0.03340340 0.02684511 0.01122041
v -0.03118558 0.03093459 0.03376007
v -0.03054660 0.03261841 0.03232590
v -0.03001020 0.03405653 0.03044853
v -0.02954374 0.03512125 0.02827212
v -0.02925974 0.03577841 0.02591642
v -0.02916181 0.03599897 0.02347106
v -0.02925221 0.03577331 0.02102529
v -0.02952488 0.03510920 0.01867686
v -0.02990908 0.03406681 0.01653740
v -0.03050101 0.03262920 0.01464347
v -0.03122423 0.03087669 0.01308798
v -0.03204900 0.02887658 0.01193129
v -0.03294451 0.02670649 0.01122028
v -0.02996549 0.03028827 0.03375881
v -0.02900884 0.03180474 0.03232564
v -0.02819760 0.03309983 0.03044856
v -0.02753682 0.03405762 0.02827133
v -0.02713107 0.03464886 0.02591678
v -0.02699166 0.03484634 0.02347082
v -0.02712401 0.03464268 0.02102703
v -0.02751968 0.03404524 0.01867830
v -0.02810686 0.03310719 0.01653704
v -0.02896871 0.03181318 0.01464316
v -0.03002042 0.03023523 0.01308672
v -0.03122086 0.02843503 0.01193048
v -0.03252204 0.02648165 0.01121970
v -0.02891693 0.02941493 0.03376262
v -0.02766154 0.03070644 0.03231922
v -0.02659273 0.03180431 0.03044098
v -0.02576882 0.03262087 0.02826900
v -0.02525903 0.03312389 0.02591681
v -0.02508463 0.03329236 0.02347138
v -0.02525348 0.03312026 0.02102724
v -0.02575814 0.03261184 0.01867935
v -0.02652741 0.03181498 0.01653616
v -0.02762632 0.03071371 0.01464223
v -0.02896546 0.02937158 0.01308570
v -0.03049327 0.02784033 0.01192998
v -0.03215204 0.02617785 0.01121958
v -0.02805076 0.02834780 0.03376267
v -0.02654960 0.02936261 0.03231762
v -0.02527712 0.03022483 0.03043080
v -0.02431739 0.03086782 0.02826599
v -0.02372182 0.03126362 0.02591591
v -0.02351774 0.03139808 0.02347204
v -0.02371584 0.03126309 0.02102771
v -0.02430896 0.03086458 0.01867952
v -0.02523084 0.03023901 0.01653603
v -0.02652346 0.02937386 0.01464184
v -0.02809905 0.02831870 0.01308500
v -0.02989668 0.02711442 0.01192921
v -0.03184740 0.02580888 0.01121907
v -0.02741178 0.02713147 0.03376373
v -0.02573675 0.02782915 0.03231342
v -0.02430715 0.02842312 0.03042592
v -0.02323879 0.02886719 0.02826404
v -0.02257589 0.02914205 0.02591630
v -0.02235032 0.02923534 0.02347210
v -0.02257091 0.02914390 0.02102762
v -0.02323247 0.02886814 0.01867811
v -0.02426623 0.02844102 0.01653560
v -0.02570325 0.02784478 0.01464130
v -0.02745428 0.02711662 0.01308513
v -0.02945262 0.02628728 0.01192949
v -0.03162125 0.02538687 0.01121922
v -0.02701701 0.02581327 0.03376505
v -0.02523799 0.02616708 0.03231126
v -0.02371758 0.02646562 0.03041979
v -0.02257839 0.02669541 0.02825725
v -0.02187331 0.02683649 0.02591076
v -0.02163173 0.02688622 0.02346941
v -0.02186000 0.02684376 0.02102495
v -0.02254950 0.02671528 0.01867323
v -0.02367062 0.02648934 0.01653494
v -0.02519704 0.02618435 0.01464116
v -0.02705708 0.02581315 0.01308464
v -0.02917842 0.02538905 0.01192859
v -0.03148163 0.02492877 0.01121870
v -0.02688832 0.02444281 0.03376475
v -0.02507539 0.02443795 0.03231421
v -0.02352224 0.02442768 0.03042255
v -0.02235626 0.02443069 0.02826350
v -0.02163865 0.02443276 0.02591503
v -0.02138451 0.02443845 0.02347568
v -0.02162171 0.02444261 0.02102629
v -0.02230917 0.02445979 0.01869689
v -0.02346700 0.02445947 0.01653535
v -0.02502462 0.02445819 0.01464097
v -0.02692092 0.02445659 0.01308456
v -0.02908455 0.02445449 0.01192885
v -0.03143363 0.02445254 0.01121876
v -0.02702325 0.02306886 0.03377341
v -0.02524535 0.02270793 0.03231899
v -0.02372002 0.02239983 0.03043102
v -0.02257539 0.02217150 0.02826722
v -0.02186828 0.02203335 0.02592047
v -0.02162603 0.02198848 0.02347780
v -0.02185759 0.02203765 0.02103340
v -0.02254615 0.02217779 0.01867339
v -0.02366449 0.02242809 0.01653462
v -0.02519244 0.02273204 0.01464071
v -0.02705325 0.02309949 0.01308412
v -0.02917559 0.02352007 0.01192771
v -0.03148005 0.02397631 0.01121777
v -0.02741817 0.02174839 0.03378797
v -0.02574289 0.02104483 0.03233053
v -0.02430685 0.02044778 0.03043800
v -0.02323183 0.02000184 0.02827817
v -0.02256678 0.01972720 0.02593100
v -0.02233936 0.01963554 0.02348676
v -0.02255751 0.01972781 0.02104033
v -0.02321369 0.01999919 0.01869079
v -0.02425537 0.02047594 0.01653612
v -0.02569411 0.02107049 0.01464077
v -0.02744685 0.02179529 0.01308415
v -0.02944670 0.02262151 0.01192653
v -0.03161832 0.02351792 0.01121799
v -0.02806210 0.02053197 0.03379643
v -0.02655369 0.01951493 0.03234009
v -0.02525997 0.01864707 0.03044672
v -0.02429594 0.01800222 0.02828460
v -0.02369952 0.01760504 0.02593542
v -0.02349391 0.01746991 0.02349319
v -0.02368995 0.01760403 0.02104689
v -0.02425265 0.01803192 0.01869969
v -0.02521534 0.01867626 0.01653724
v -0.02651040 0.01953940 0.01464090
v -0.02808849 0.02059170 0.01308457
v -0.02988914 0.02179317 0.01192802
v -0.03184338 0.02309532 0.01121796
v -0.02893274 0.01946579 0.03380237
v -0.02764678 0.01817293 0.03235225
v -0.02654638 0.01707002 0.03045576
v -0.02572793 0.01625078 0.02829212
v -0.02522122 0.01574595 0.02594306
v -0.02504728 0.01557465 0.02350080
v -0.02521487 0.01574391 0.02105698
v -0.02568919 0.01628026 0.01870254
v -0.02650785 0.01709763 0.01653824
v -0.02760972 0.01819735 0.01464190
v -0.02895218 0.01953701 0.01308554
v -0.03048403 0.02106585 0.01192934
v -0.03214726 0.02272562 0.01121911
v -0.02999248 0.01858908 0.03381051
v -0.02898344 0.01706990 0.03235988
v -0.02812006 0.01577671 0.03046064
v -0.02747473 0.01481410 0.02829809
v -0.02707597 0.01422016 0.02594945
v -0.02693828 0.01402024 0.02350738
v -0.02706901 0.01421964 0.02106524
v -0.02743999 0.01483748 0.01870279
v -0.02808387 0.01580239 0.01653920
v -0.02894972 0.01709530 0.01464350
v -0.03000501 0.01867132 0.01308676
v -0.03121004 0.02046960 0.01193033
v -0.03251644 0.02242096 0.01121935
v -0.03387529 0.02445079 0.01098085
v -0.03120676 0.01793731 0.03381864
v -0.03051220 0.01624990 0.03236594
v -0.02991608 0.01481441 0.03046596
v -0.02946949 0.01374550 0.02830340
v -0.02919275 0.01308796 0.02595328
v -0.02909675 0.01286624 0.02351166
v -0.02918647 0.01308898 0.02106796
v -0.02945580 0.01374854 0.01872176
v -0.02988212 0.01483778 0.01654029
v -0.03047912 0.01627650 0.01464482
v -0.03120731 0.01802771 0.01308796
v -0.03203710 0.02002657 0.01193107
v -0.03293835 0.02219546 0.01121991
v -0.03252351 0.01753527 0.03382220
v -0.03217481 0.01574608 0.03237034
v -0.03186695 0.01422274 0.03046945
v -0.03163634 0.01308855 0.02830664
v -0.03149206 0.01239198 0.02595691
v -0.03144071 0.01215745 0.02351532
v -0.03148566 0.01239275 0.02107196
v -0.03162406 0.01309062 0.01872288
v -0.03183395 0.01424175 0.01654157
v -0.03213998 0.01577128 0.01464659
v -0.03251135 0.01763111 0.01308862
v -0.03293601 0.01975239 0.01193128
v -0.03339665 0.02205597 0.01121949
v -0.03389108 0.01740236 0.03382374
v -0.03390727 0.01558101 0.03237254
v -0.03389741 0.01402331 0.03047218
v -0.03389131 0.01286707 0.02830717
v -0.03388611 0.01215634 0.02595839
v -0.03387702 0.01191810 0.02351941
v -0.03387989 0.01215765 0.02107262
v -0.03388043 0.01286870 0.01872297
v -0.03386451 0.01403792 0.01654260
v -0.03386693 0.01559940 0.01464749
v -0.03386878 0.01749584 0.01308960
v -0.03387062 0.01966065 0.01193141
v -0.03387210 0.02200910 0.01121725
v -0.03525925 0.01753156 0.03382344
v -0.03563325 0.01575268 0.03237221
v -0.03592777 0.01422296 0.03047316
v -0.03614607 0.01308888 0.02830748
v -0.03627972 0.01239066 0.02595931
v -0.03632443 0.01215431 0.02351681
v -0.03627573 0.01238862 0.02107301
v -0.03613833 0.01308602 0.01872172
v -0.03591689 0.01421816 0.01655313
v -0.03559437 0.01576664 0.01464785
v -0.03522678 0.01762849 0.01309031
v -0.03480639 0.01975048 0.01193248
v -0.03434988 0.02205499 0.01122023
v -0.03657446 0.01793202 0.03382164
v -0.03728753 0.01625308 0.03237194
v -0.03787913 0.01481171 0.03047373
v -0.03831509 0.01374392 0.02830749
v -0.03858457 0.01308470 0.02595873
v -0.03867472 0.01286100 0.02351575
v -0.03858245 0.01308173 0.02107153
v -0.03831066 0.01373748 0.01871962
v -0.03787156 0.01480563 0.01655138
v -0.03725719 0.01626663 0.01464791
v -0.03653197 0.01802278 0.01309112
v -0.03570579 0.02002283 0.01193317
v -0.03480877 0.02219349 0.01122124
v -0.03778915 0.01858174 0.03382033
v -0.03881184 0.01706531 0.03236942
v -0.03967679 0.01576851 0.03047183
v -0.04031631 0.01480687 0.02830635
v -0.04070790 0.01421408 0.02595684
v -0.04084157 0.01401185 0.02351390
v -0.04070661 0.01420977 0.02106892
v -0.04031363 0.01480040 0.01871747
v -0.03967512 0.01575974 0.01654741
v -0.03878995 0.01708145 0.01464746
v -0.03773697 0.01866416 0.01309255
v -0.03653492 0.02046410 0.01193384
v -0.03523202 0.02241806 0.01122172
v -0.03885676 0.01945594 0.03381542
v -0.04015281 0.01816194 0.03236476
v -0.04125414 0.01705785 0.03046935
v -0.04207118 0.01623790 0.02830449
v -0.04257149 0.01573432 0.02595457
v -0.04274136 0.01556045 0.02351077
v -0.04257158 0.01572915 0.02106573
v -0.04207078 0.01623044 0.01871312
v -0.04125714 0.01704479 0.01654298
v -0.04016382 0.01814598 0.01464074
v -0.03879272 0.01952606 0.01309136
v -0.03726279 0.02105934 0.01193531
v -0.03560188 0.02272194 0.01122207
v -0.03972963 0.02052275 0.03380604
v -0.04125480 0.01949797 0.03236005
v -0.04255127 0.01862815 0.03046600
v -0.04351170 0.01798388 0.02830124
v -0.04410300 0.01758501 0.02595157
v -0.04430284 0.01744767 0.02350720
v -0.04410423 0.01757840 0.02106243
v -0.04351500 0.01797113 0.01870925
v -0.04255718 0.01861184 0.01653861
v -0.04126921 0.01947659 0.01463581
v -0.03965969 0.02057582 0.01308894
v -0.03785976 0.02178380 0.01193365
v -0.03590693 0.02309111 0.01122247
v -0.04037863 0.02174021 0.03380274
v -0.04206654 0.02103114 0.03234862
v -0.04351642 0.02041879 0.03045986
v -0.04458787 0.01997315 0.02829575
v -0.04524675 0.01969483 0.02594886
v -0.04546690 0.01960112 0.02350386
v -0.04524703 0.01968938 0.02105824
v -0.04459334 0.01995812 0.01870286
v -0.04352713 0.02040090 0.01653224
v -0.04209075 0.02100050 0.01463190
v -0.04033931 0.02173099 0.01306835
v -0.03830296 0.02261124 0.01193387
v -0.03613256 0.02351330 0.01122254
v -0.04077889 0.02305947 0.03379819
v -0.04256526 0.02269516 0.03234237
v -0.04410421 0.02236980 0.03045181
v -0.04525460 0.02212329 0.02829223
v -0.04595782 0.02198194 0.02594395
v -0.04619239 0.02193608 0.02349947
v -0.04595850 0.02198238 0.02105229
v -0.04525998 0.02212517 0.01870046
v -0.04412625 0.02235168 0.01653140
v -0.04259930 0.02265990 0.01463044
v -0.04073918 0.02303408 0.01306795
v -0.03857860 0.02350780 0.01193159
v -0.03627257 0.02397179 0.01122322
f 4 2 1
f 8 6 5
f 13 15 14
f 17 19 18
f 32 30 29
f 36 34 33
f 37 39 38
f 21 23 20
f 25 27 24
f 41 43 42
f 48 46 45
f 52 50 49
f 53 55 54
f 60 58 57
f 29 62 61
f 66 64 63
f 67 6 68
f 72 70 69
f 76 74 73
f 77 79 78
f 81 83 82
f 59 86 85
f 88 90 89
f 96 94 93
f 100 98 97
f 101 103 102
f 106 34 87
f 108 115 107
f 117 36 118
f 124 126 125
f 131 129 128
f 132 134 133
f 142 140 139
f 148 60 147
f 144 127 124
f 149 151 150
f 156 154 153
f 159 158 157
f 116 164 105
f 171 169 168
f 174 173 172
f 179 181 180
f 186 188 187
f 194 196 195
f 199 139 198
f 206 208 207
f 213 211 210
f 202 214 201
f 96 216 54
f 92 43 44
f 97 246 100
f 250 229 228
f 252 58 253
f 258 256 255
f 260 229 259
f 110 112 113
f 114 263 109
f 265 267 266
f 56 270 269
f 274 249 250
f 185 63 64
f 280 278 276
f 285 283 157
f 288 211 212
f 141 92 46
f 289 175 176
f 148 105 106
f 312 170 171
f 238 42 43
f 318 160 317
f 310 308 307
f 241 325 324
f 160 240 317
f 47 307 308
f 108 315 164
f 345 86 119
f 348 350 349
f 356 358 357
f 355 353 352
f 363 32 362
f 149 150 176
f 364 253 365
f 366 368 367
f 183 371 63
f 163 161 160
f 209 101 208
f 378 165 166
f 379 381 380
f 383 3 4
f 284 386 385
f 387 389 388
f 391 229 249
f 73 397 396
f 405 407 406
f 203 411 410
f 414 413 412
f 1 357 4
f 277 131 275
f 254 57 58
f 358 415 351
f 417 386 408
f 401 192 420
f 419 127 143
f 421 182 422
f 103 302 409
f 428 368 174
f 380 359 356
f 62 266 323
f 140 431 430
f 357 351 348
f 356 379 380
f 415 403 434
f 437 436 435
f 438 440 439
f 188 450 449
f 452 454 453
f 265 181 421
f 224 64 225
f 237 213 427
f 275 128 458
f 281 460 459
f 50 79 461
f 73 282 281
f 468 466 465
f 390 352 359
f 482 484 483
f 489 487 486
f 493 495 494
f 472 470 469
f 502 500 499
f 220 222 223
f 512 143 66
f 518 511 80
f 513 230 286
f 205 31 244
f 189 451 188
f 163 532 8
f 533 225 251
f 446 447 412
f 335 540 334
f 544 546 545
f 329 291 292
f 199 262 238
f 385 416 550
f 532 191 247
f 363 118 243
f 236 237 250
f 578 580 579
f 573 571 570
f 561 562 272
f 241 259 240
f 590 592 591
f 545 595 594
f 503 155 504
f 606 624 623
f 478 480 479
f 646 648 647
f 590 689 684
f 564 651 650
f 728 184 727
f 714 716 715
f 692 575 693
f 541 581 578
f 346 248 400
f 161 230 160
f 128 94 95
f 698 704 703
f 574 576 575
f 290 401 328
f 630 725 726
f 733 735 734
f 755 496 493
f 759 481 760
f 757 762 761
f 764 466 467
f 768 3808 3809
f 759 488 489
f 492 475 771
f 474 769 473
f 773 465 772
f 771 486 483
f 484 775 491
f 774 489 486
f 495 764 756
f 495 761 494
f 137 784 136
f 325 797 547
f 165 51 52
f 369 29 370
f 730 568 569
f 90 301 89
f 243 516 242
f 800 806 805
f 817 808 816
f 816 823 822
f 306 447 807
f 815 809 808
f 829 828 825
f 726 501 502
f 274 424 423
f 879 881 880
f 884 879 885
f 219 217 211
f 906 904 897
f 455 205 542
f 898 830 829
f 903 880 881
f 906 897 898
f 377 519 165
f 923 948 946
f 946 951 950
f 3519 739 3517
f 900 886 880
f 225 65 144
f 182 442 422
f 809 947 824
f 954 962 961
f 927 965 966
f 885 880 886
f 925 966 967
f 343 341 340
f 965 971 968
f 968 970 969
f 972 969 973
f 963 981 978
f 336 338 339
f 992 827 828
f 810 996 959
f 1007 1002 1008
f 1012 827 1009
f 1011 1007 1008
f 294 292 291
f 907 920 919
f 1017 1019 1018
f 1020 1022 1021
f 1035 1020 1044
f 1061 1047 1046
f 1063 1046 1062
f 1044 1021 1045
f 1102 1097 1109
f 1116 1118 1117
f 1016 1014 1013
f 881 904 903
f 816 1127 817
f 1094 949 1097
f 514 167 515
f 146 81 82
f 1133 1130 1129
f 1102 1126 822
f 822 1116 816
f 1145 1148 1136
f 1076 1151 1069
f 1148 1086 1087
f 1109 1114 1136
f 1154 1156 1155
f 1153 967 1156
f 3464 463 3714
f 1144 1152 1151
f 1156 1163 1162
f 1164 1169 1165
f 1145 1176 1147
f 1114 1154 1171
f 1183 1164 1177
f 1184 1177 1185
f 1069 1062 1064
f 1023 1194 1022
f 1162 1170 1169
f 1195 1185 1191
f 1183 1176 1155
f 1201 1152 1196
f 1061 1201 1202
f 3825 843 3836
f 1203 1195 1034
f 1202 1184 1195
f 1218 1203 1217
f 1060 1202 1203
f 1225 1217 1219
f 671 694 670
f 1219 1024 1035
f 1217 1034 1024
f 1226 1015 1227
f 1243 1234 1233
f 1231 1229 1228
f 847 1233 843
f 843 1244 878
f 1233 1245 1244
f 1923 233 216
f 2100 499 500
f 3914 2135 3900
f 61 323 505
f 210 217 457
f 1299 1309 1300
f 3863 1231 3862
f 1066 1321 1322
f 1322 1228 1229
f 1060 1321 1047
f 1325 1323 1310
f 1244 1332 1330
f 1290 1242 1288
f 1337 1339 1338
f 1330 1340 1339
f 1341 1245 1294
f 1342 1332 1341
f 1343 1341 1344
f 1344 1294 1293
f 3857 1345 1346
f 1347 1342 1343
f 3856 1295 1345
f 1349 1348 1347
f 3861 1347 3853
f 3853 1343 3857
f 906 829 1353
f 905 1353 1354
f 865 1355 1357
f 1355 829 825
f 1357 825 826
f 1356 1353 1355
f 3834 1338 3833
f 866 1356 865
f 1358 1354 1356
f 3828 1337 3834
f 838 1012 841
f 1363 1338 1339
f 1368 1339 1340
f 1348 1340 1342
f 1371 3824 3829
f 524 526 523
f 528 530 527
f 1372 1369 1371
f 535 537 538
f 1367 1348 1350
f 1370 1359 1369
f 1369 3833 3824
f 1373 903 904
f 555 557 558
f 1374 910 1373
f 1373 905 1375
f 1374 1375 1376
f 1375 1354 1370
f 1378 908 1377
f 376 651 1387
f 1388 973 969
f 586 588 585
f 1390 1388 1391
f 1391 969 970
f 597 599 596
f 600 602 603
f 1392 970 979
f 608 610 607
f 612 523 611
f 614 616 613
f 617 25 24
f 620 622 619
f 1397 1391 1392
f 1398 1392 1399
f 1400 920 1378
f 1402 1165 1169
f 636 638 635
f 930 1402 929
f 641 643 644
f 929 1169 1170
f 1404 1403 1402
f 1411 1365 1406
f 1412 1415 1414
f 652 654 655
f 609 657 658
f 659 661 662
f 558 586 585
f 665 667 664
f 1413 1406 1412
f 1418 3810 3813
f 1417 1371 1416
f 1416 3829 3810
f 1419 1416 1418
f 1386 1374 1420
f 677 679 676
f 1385 1420 1421
f 1420 1376 1422
f 685 687 688
f 1421 1422 1423
f 528 691 658
f 1422 1372 1417
f 1018 747 1425
f 699 701 702
f 1424 579 1017
f 3663 1767 3660
f 700 711 712
f 1093 3754 1571
f 717 530 719
f 721 723 720
f 704 3543 3554
f 19 1426 1430
f 1429 1427 1426
f 1658 3542 3544
f 1439 1434 1438
f 1437 1435 1434
f 1426 1433 1432
f 1442 1432 1440
f 742 744 745
f 1432 1441 1440
f 751 753 750
f 1438 1403 1405
f 1446 1444 1443
f 1447 1446 1443
f 3860 1443 3848
f 1415 1445 1446
f 1414 1446 1448
f 2173 469 470
f 777 779 686
f 780 782 783
f 1676 1806 1675
f 3859 1349 3861
f 789 791 788
f 745 793 742
f 652 795 653
f 1455 1457 1456
f 1454 1350 1452
f 610 802 801
f 3831 698 703
f 1352 1045 1351
f 1015 1459 1460
f 811 813 814
f 2118 3817 2117
f 819 821 818
f 1466 1194 1190
f 1467 1465 1466
f 1182 1468 1467
f 832 833 831
f 835 837 834
f 1467 1190 1182
f 1469 1444 1445
f 840 712 690
f 1453 1469 1454
f 599 845 846
f 1226 3849 3855
f 851 853 850
f 855 856 854
f 858 860 857
f 861 863 864
f 1014 3855 3858
f 867 868 869
f 870 872 873
f 874 876 877
f 1310 1471 1309
f 1476 1427 1475
f 1461 1475 1460
f 887 889 890
f 788 892 891
f 894 896 893
f 1460 1227 1015
f 901 524 612
f 1465 1477 1464
f 1865 3500 1864
f 911 913 914
f 916 918 915
f 1850 3507 1851
f 921 895 894
f 1479 1436 1478
f 926 667 601
f 1481 563 1480
f 269 84 1482
f 931 933 916
f 934 614 869
f 936 688 937
f 938 662 939
f 1484 122 123
f 941 835 834
f 320 509 510
f 1849 3505 1850
f 84 1484 83
f 1487 1488 539
f 1757 3502 3509
f 365 1491 364
f 461 80 511
f 117 362 1496
f 1494 541 1495
f 926 957 958
f 1477 1433 1476
f 1709 1585 1700
f 119 1496 345
f 271 504 156
f 511 189 186
f 345 1492 365
f 255 344 254
f 57 299 132
f 1501 268 1500
f 267 1499 145
f 974 976 977
f 1678 1693 1676
f 3846 1807 3840
f 557 663 558
f 983 984 985
f 1443 3849 3848
f 421 268 265
f 989 991 988
f 1490 418 1504
f 279 309 310
f 997 676 679
f 998 999 875
f 1504 38 1505
f 1506 1507 1486
f 360 1508 1506
f 1506 207 360
f 939 1006 938
f 270 1483 269
f 66 546 512
f 1010 793 935
f 367 437 1509
f 244 363 243
f 1670 3534 1669
f 209 1510 226
f 235 1512 1511
f 1511 234 235
f 388 426 425
f 427 250 237
f 161 521 231
f 100 45 44
f 1025 608 1027
f 1029 1031 1028
f 939 1033 1032
f 41 594 99
f 1036 783 1037
f 702 1038 1039
f 1040 1042 1043
f 362 369 1493
f 187 477 186
f 70 539 198
f 1511 1521 234
f 1049 603 1048
f 613 869 614
f 860 1051 857
f 1005 1053 1006
f 753 1056 1054
f 1057 1059 1055
f 293 1522 292
f 288 1521 1522
f 292 1523 329
f 331 1508 1524
f 306 453 305
f 100 41 99
f 462 78 79
f 330 1524 462
f 635 1068 636
f 1485 1526 1528
f 206 1528 1510
f 1070 1072 831
f 942 1073 1074
f 916 1075 917
f 440 1530 439
f 157 1514 285
f 1529 5 1530
f 371 546 63
f 790 663 791
f 1077 857 1078
f 1403 1435 1165
f 1080 1082 1079
f 531 1529 440
f 21 1084 1085
f 272 1531 561
f 137 396 397
f 690 802 691
f 335 3567 581
f 1090 1029 1091
f 1092 794 1042
f 1533 137 138
f 661 1095 1096
f 69 445 72
f 1099 1101 1098
f 38 1536 1505
f 1104 1106 1103
f 852 1108 853
f 1377 909 1386
f 291 411 294
f 316 516 33
f 539 1533 534
f 1505 316 313
f 1110 1112 1113
f 1539 460 264
f 522 1537 1539
f 834 1120 1119
f 1122 1124 1121
f 612 1041 901
f 935 615 614
f 276 130 131
f 1686 3522 1685
f 193 1541 273
f 231 1540 287
f 556 982 557
f 365 85 345
f 190 318 1541
f 1810 3574 3528
f 3924 3512 3791
f 1132 985 1131
f 208 102 132
f 1134 662 661
f 1491 80 77
f 429 1542 147
f 1137 915 918
f 172 428 174
f 1139 1141 1142
f 549 54 55
f 1517 1518 296
f 976 1146 938
f 834 984 941
f 1543 286 115
f 1544 239 513
f 133 1544 1542
f 506 257 258
f 420 328 401
f 1158 1160 1157
f 587 1103 588
f 1513 1514 151
f 607 1027 608
f 304 1545 303
f 364 77 506
f 69 198 139
f 1006 976 938
f 700 1112 701
f 3877 3525 3787
f 1166 657 656
f 1167 858 1077
f 1300 3524 1299
f 1172 1174 1175
f 218 200 217
f 1179 1181 1178
f 372 97 98
f 89 227 88
f 1186 1188 1189
f 172 1517 1549
f 1482 81 1498
f 1090 1193 1030
f 394 353 1551
f 526 1198 1197
f 811 858 812
f 1199 1026 1025
f 606 697 696
f 1204 1206 743
f 1207 523 526
f 1209 867 613
f 914 685 936
f 1478 1441 1477
f 1029 1161 1091
f 1211 1213 1214
f 3858 1451 3859
f 844 1216 845
f 423 273 274
f 1220 1222 1083
f 22 1224 23
f 882 897 881
f 1519 173 387
f 1189 1232 1178
f 349 550 416
f 1071 1236 1072
f 1237 1239 745
f 1221 1189 1240
f 1510 1512 333
f 939 1241 1005
f 1556 5 67
f 1553 394 1551
f 404 67 347
f 1247 1249 1246
f 142 238 92
f 1251 635 1250
f 850 1253 851
f 1254 1077 1255
f 57 133 429
f 443 552 551
f 1187 1175 1188
f 1256 831 833
f 432 382 383
f 741 747 746
f 434 351 415
f 349 383 348
f 251 1481 1480
f 395 352 353
f 1518 1550 1551
f 1558 378 340
f 109 314 315
f 285 1513 407
f 395 393 392
f 202 410 1558
f 417 405 432
f 1246 1258 1247
f 3 297 2
f 1259 1261 1262
f 403 347 284
f 955 953 952
f 462 51 330
f 1096 687 1263
f 429 60 57
f 896 1265 932
f 1267 1268 1266
f 423 327 420
f 37 180 40
f 20 1187 1186
f 1256 1071 1070
f 155 156 504
f 1188 1269 1232
f 1236 1271 1262
f 1272 535 621
f 565 463 464
f 1273 745 1239
f 876 1255 1274
f 316 164 315
f 437 503 1509
f 194 1495 197
f 1275 864 863
f 624 631 630
f 1277 1137 1278
f 569 567 566
f 1481 125 366
f 324 547 326
f 1279 1107 1280
f 1525 329 1523
f 1281 1137 918
f 171 1553 1552
f 1488 396 1533
f 1557 1562 1559
f 1282 1206 1205
f 1053 1278 1281
f 778 607 1283
f 713 3566 3569
f 251 144 124
f 4 348 383
f 709 707 706
f 728 45 246
f 261 1563 544
f 789 1287 790
f 74 263 282
f 403 385 434
f 1178 1240 1189
f 1223 1289 1224
f 158 150 151
f 1220 1186 1221
f 296 354 433
f 784 1538 1566
f 1181 1291 1222
f 1269 1257 1246
f 1566 438 399
f 136 1566 1564
f 1563 169 1565
f 107 109 108
f 1297 1298 1296
f 1464 1476 1461
f 1520 507 508
f 1301 1303 1304
f 1306 1308 1305
f 175 1532 272
f 1532 200 201
f 1311 1312 1313
f 872 1315 1316
f 1317 1318 1319
f 3836 878 3828
f 1305 864 1276
f 1040 863 1320
f 1564 399 169
f 592 1575 591
f 591 1088 689
f 1581 1583 1582
f 1196 1147 1176
f 710 583 713
f 285 408 386
f 953 961 963
f 1594 1589 1593
f 1585 1587 1586
f 1592 1590 1589
f 3885 944 3899
f 1600 1598 1597
f 1604 1602 1601
f 1399 979 980
f 1589 1596 1595
f 1610 1608 1607
f 298 361 360
f 551 276 277
f 1627 3814 3819
f 859 818 860
f 1078 1328 1329
f 1555 1530 1556
f 572 680 681
f 772 776 774
f 977 918 917
f 404 392 393
f 1054 750 753
f 1644 1643 1642
f 932 1082 933
f 1067 1334 1068
f 1540 264 114
f 597 643 1336
f 471 762 470
f 1642 3831 3842
f 1644 3842 3843
f 923 950 927
f 96 548 95
f 520 522 521
f 445 443 442
f 849 848 842
f 480 755 493
f 1646 481 1639
f 311 1567 170
f 464 3497 3495
f 3497 1361 3495
f 234 236 235
f 190 192 191
f 153 152 149
f 231 286 230
f 1552 1551 1550
f 760 1648 488
f 3832 1649 3830
f 828 826 825
f 52 166 165
f 1663 1661 1660
f 287 115 286
f 668 670 669
f 634 640 639
f 553 559 554
f 118 33 516
f 492 491 490
f 3552 1651 3553
f 582 584 583
f 384 392 415
f 1381 1383 1380
f 1562 435 436
f 952 951 947
f 3529 583 584
f 1660 1667 1666
f 1394 1396 1393
f 1660 1664 1663
f 1671 1669 1668
f 1624 1673 1672
f 1407 1409 1410
f 1677 1675 1674
f 1613 1677 1625
f 1679 1676 1677
f 1626 3811 3814
f 534 198 539
f 176 150 159
f 803 734 800
f 400 191 192
f 65 143 144
f 3526 1656 3540
f 402 157 283
f 629 627 626
f 461 49 50
f 758 495 756
f 796 786 785
f 406 1513 1560
f 342 166 167
f 1694 1658 1695
f 1692 1694 1696
f 3557 1652 3552
f 3921 1703 3923
f 326 302 90
f 3916 1702 1706
f 3919 1698 1701
f 1699 3927 3918
f 1557 1560 1561
f 1127 1117 1128
f 400 289 346
f 1706 1707 1708
f 1707 1599 1600
f 1709 1708 1588
f 1714 1711 1713
f 3919 1709 1700
f 1704 1577 1703
f 1716 1713 1715
f 1559 1549 297
f 1722 1720 1719
f 1335 596 1489
f 410 377 378
f 973 1163 972
f 168 399 398
f 1571 1089 1093
f 1572 682 1571
f 749 647 754
f 1730 1723 1729
f 1594 1729 1592
f 1729 1591 1592
f 1731 1730 1583
f 1384 1377 1379
f 1732 1712 1714
f 1724 1731 1732
f 1712 1731 1580
f 1722 1732 1733
f 1721 1733 1734
f 1734 1716 1717
f 1735 1736 1697
f 1733 1714 1716
f 1663 1741 1668
f 1742 1740 1743
f 1738 1737 1735
f 1665 1666 1740
f 1665 1744 1664
f 1725 1746 1745
f 1591 1745 1590
f 1590 1747 1596
f 1745 1748 1747
f 1659 3538 3542
f 3287 3545 3282
f 1185 1182 1190
f 1664 1749 1741
f 1741 1739 1738
f 1746 1743 1748
f 1726 1742 1746
f 1153 924 925
f 1115 1153 1154
f 1654 3575 1655
f 1896 3549 1686
f 1720 1744 1726
f 1721 1749 1720
f 1750 1701 1698
f 1697 1750 1696
f 1151 1063 1062
f 1751 1670 1671
f 1695 1752 1751
f 961 986 981
f 1770 1768 1767
f 1766 1593 1765
f 1731 1579 1580
f 1579 1774 1578
f 3928 1771 3929
f 1764 3928 3917
f 1777 1775 1774
f 3762 1699 1700
f 1004 1128 1003
f 1774 1771 1772
f 987 1399 980
f 1578 1772 1764
f 1783 1781 1778
f 1597 1770 1767
f 639 3895 3884
f 3928 1769 1770
f 1793 1789 1788
f 3929 1798 1769
f 3508 3773 1806
f 1802 3924 3922
f 1788 1794 1793
f 1793 1795 1776
f 3773 1675 1806
f 1584 1783 1789
f 1771 3920 3929
f 1801 1798 1800
f 1768 1798 1799
f 1775 1797 1771
f 508 515 1520
f 1796 1802 1797
f 1800 3920 3922
f 1794 1804 1795
f 3532 1752 3547
f 485 1807 775
f 3809 1640 768
f 3837 1810 1653
f 485 1640 1808
f 1690 3770 3772
f 487 1648 1811
f 3839 1816 3822
f 3838 1648 3830
f 3839 1811 3838
f 1812 487 1811
f 1641 767 768
f 465 755 776
f 767 3823 3808
f 3822 3826 3847
f 1809 1815 767
f 3837 1651 3840
f 675 3541 3496
f 1814 1822 1821
f 1821 3821 3820
f 1824 1649 1825
f 1827 1850 1805
f 1668 1662 1663
f 1779 1848 1828
f 1790 1805 1794
f 1833 1853 1852
f 3521 693 575
f 1614 1616 1617
f 1852 3498 3501
f 1620 1622 1623
f 1855 1574 1861
f 1847 3501 3513
f 1766 1855 1782
f 1629 1631 1628
f 1633 1634 1632
f 1635 1637 1638
f 1848 1852 1847
f 1855 1863 1862
f 1803 1867 1802
f 1862 1831 1832
f 1782 1862 1781
f 3922 1865 1800
f 1873 1870 1869
f 1874 799 804
f 2045 3897 2044
f 1219 1295 1225
f 1615 1396 1395
f 3884 1877 1876
f 645 3786 3559
f 1345 1035 1346
f 634 3884 3880
f 15 1327 14
f 3910 1878 1893
f 1894 605 1893
f 3506 627 693
f 3560 645 3559
f 340 454 1558
f 1897 195 1898
f 1889 1877 1890
f 1901 129 1900
f 196 754 232
f 1705 3921 3916
f 340 166 343
f 1570 563 561
f 1904 194 1897
f 1781 1832 1780
f 1905 55 1906
f 1000 995 996
f 986 920 987
f 1191 1190 1194
f 2094 2075 2093
f 1920 1919 1915
f 453 1912 1911
f 1915 1918 1916
f 3882 2106 3901
f 1655 3531 1868
f 1916 1926 1925
f 704 3561 703
f 278 1925 1900
f 3565 1818 1820
f 1097 1115 1114
f 1927 727 1923
f 3578 3654 3758
f 1920 307 1929
f 1929 48 728
f 503 1497 1509
f 1902 787 796
f 1816 3820 3826
f 1925 1923 1924
f 1535 1568 1534
f 254 258 255
f 1509 366 367
f 119 35 36
f 219 293 294
f 141 47 431
f 542 244 245
f 1940 430 431
f 1779 1827 1790
f 1701 3915 3919
f 1661 3515 1667
f 270 754 647
f 197 749 196
f 1727 1212 1211
f 53 232 754
f 1465 1479 1478
f 1284 3854 1293
f 1951 412 413
f 168 1554 1553
f 1486 206 207
f 506 78 361
f 994 1007 993
f 951 963 964
f 1013 3861 1351
f 3826 1820 1818
f 1498 1954 1482
f 299 543 132
f 1754 1756 1753
f 1681 1683 1682
f 1696 1695 1697
f 13 738 737
f 473 475 474
f 482 768 1640
f 204 30 205
f 1761 820 819
f 611 1125 612
f 1501 1908 1909
f 1074 711 699
f 1960 82 83
f 120 1960 123
f 35 87 34
f 1773 1025 1031
f 1965 1569 1535
f 494 471 479
f 1966 1969 1968
f 446 1971 1967
f 174 125 126
f 1580 1578 1577
f 1785 1787 1784
f 1972 304 305
f 1254 875 999
f 1973 342 514
f 321 1973 509
f 1910 275 1907
f 509 514 508
f 1486 1527 1485
f 1974 804 1975
f 1977 1974 1978
f 1980 1966 1981
f 379 2 295
f 1718 1710 1701
f 884 992 883
f 1680 1678 1679
f 902 525 524
f 344 256 299
f 135 137 136
f 236 228 333
f 448 1967 1966
f 589 604 584
f 910 908 907
f 1981 1968 1987
f 1982 1987 1979
f 1988 1987 1989
f 1990 1989 1991
f 1991 1993 1992
f 322 320 319
f 992 830 883
f 1144 1086 1143
f 1995 1978 1994
f 1133 1118 1126
f 1997 1994 1996
f 870 1335 1489
f 805 1982 1998
f 727 2000 1999
f 1996 1988 1990
f 1994 1979 1988
f 1829 792 1273
f 1830 941 983
f 798 800 799
f 729 731 730
f 2011 2023 2022
f 1834 846 1159
f 402 284 347
f 2022 2024 2025
f 1838 989 988
f 810 952 809
f 1823 1840 644
f 1430 1432 1431
f 1215 1841 1079
f 149 176 177
f 1316 873 872
f 2112 1384 2106
f 1842 1844 1845
f 1159 845 1160
f 837 1846 1120
f 1971 2030 2027
f 517 370 189
f 858 833 812
f 1471 2027 1888
f 3551 626 627
f 2174 770 490
f 935 1854 1010
f 1613 1611 1618
f 1231 1225 1295
f 1856 891 892
f 1300 748 741
f 1150 1858 1859
f 1643 696 1642
f 1215 1264 1216
f 1320 902 901
f 1956 1944 1960
f 2031 669 1474
f 2034 1310 1299
f 1879 1656 1657
f 40 242 39
f 1992 2039 1456
f 888 957 889
f 1882 1996 1990
f 1078 1255 1077
f 1871 1192 1090
f 294 218 219
f 1323 2026 1471
f 123 83 1484
f 1324 2041 1323
f 384 359 352
f 1324 2038 2036
f 1883 1885 1829
f 287 114 107
f 1096 1134 661
f 915 931 916
f 806 1981 1982
f 3533 584 604
f 1425 2042 1018
f 1018 1948 1017
f 3562 740 3519
f 1948 649 646
f 1881 1990 1991
f 1900 130 278
f 992 994 993
f 923 925 924
f 3878 2047 3876
f 1643 625 606
f 2050 2051 2049
f 2045 1404 2047
f 3876 945 3885
f 1139 1079 1841
f 1037 892 982
f 2055 2057 2056
f 1198 718 717
f 1619 1612 1611
f 2058 1606 2059
f 2059 1607 2058
f 2058 1624 1605
f 71 179 37
f 405 1557 382
f 976 1006 977
f 322 1972 1911
f 2061 2063 2062
f 2066 2067 1825
f 2052 2064 2051
f 1609 2066 1647
f 1515 152 1516
f 1009 993 1007
f 1644 3815 2118
f 279 1916 278
f 1285 3862 1284
f 1647 1825 1649
f 2056 2067 2065
f 319 1953 1952
f 667 1913 1914
f 2070 625 2048
f 2052 2055 2063
f 2038 1655 1458
f 1606 2073 2072
f 1235 1270 1236
f 2072 2075 2074
f 2059 2072 2062
f 2074 2077 2076
f 1601 2078 2073
f 2049 1643 1645
f 1000 1001 994
f 1089 684 689
f 1931 1306 1930
f 1462 1021 1022
f 1932 1934 1935
f 875 1846 998
f 1936 1937 1938
f 44 46 92
f 1534 1956 120
f 1541 317 391
f 2081 2084 2083
f 146 1959 300
f 1360 1942 1361
f 985 1032 1033
f 1995 1892 2043
f 2079 2082 2081
f 2095 2076 2077
f 2081 2078 2079
f 2055 2054 2053
f 501 2095 500
f 2097 2099 2098
f 2098 2094 2083
f 2140 3893 3866
f 2141 3894 3893
f 2051 2048 2049
f 592 2101 1576
f 2071 2076 2096
f 2102 2098 2101
f 593 2102 592
f 1019 746 747
f 1950 12 1327
f 725 2096 501
f 1385 2104 1379
f 1379 2106 1384
f 2107 2100 2097
f 3908 502 3896
f 3896 499 3901
f 940 2109 944
f 928 1170 973
f 3868 684 3899
f 1962 1964 1961
f 3878 573 3897
f 2039 1968 1969
f 1389 2110 2109
f 1398 2113 1397
f 3757 3753 3743
f 3911 2107 2103
f 949 924 1115
f 260 324 326
f 1390 2113 2110
f 2070 2064 2071
f 3867 2103 593
f 2105 1421 2114
f 2114 1423 2115
f 3892 2115 3903
f 3908 2114 3892
f 554 1902 553
f 972 967 966
f 1765 1573 1574
f 1984 1986 1983
f 2053 2069 2057
f 3573 724 714
f 1625 1674 1673
f 3881 2119 2122
f 3903 2123 3904
f 56 1906 55
f 626 3879 629
f 2001 2003 2004
f 3912 2127 3907
f 2006 2008 2009
f 2127 1412 2128
f 2014 2016 2017
f 2018 2020 2021
f 1495 1947 197
f 1379 1386 1385
f 3814 1680 1618
f 2029 1884 2028
f 3902 2120 3887
f 629 3914 3872
f 682 943 1089
f 724 2121 716
f 1757 3821 3845
f 765 3844 3809
f 3851 715 3852
f 706 3870 3872
f 981 987 980
f 1457 1656 1880
f 2017 2032 2033
f 1458 1868 1457
f 1776 1792 1793
f 1959 1946 1958
f 3663 3725 3661
f 3913 2122 3850
f 1093 689 1088
f 966 968 972
f 3852 3881 3913
f 2172 2170 2171
f 670 2137 669
f 3761 1903 233
f 1429 28 1449
f 964 978 971
f 3841 1413 2127
f 1473 669 2137
f 3834 1359 1358
f 2138 1870 2137
f 1872 2137 1870
f 715 3888 3881
f 1881 1992 1880
f 3843 739 740
f 1837 3513 3514
f 253 59 85
f 1808 3840 1807
f 1647 3818 1609
f 3865 671 668
f 2112 3883 2111
f 1405 2044 1438
f 3829 1364 1366
f 273 391 249
f 576 3520 3555
f 3875 668 2031
f 1430 2140 2139
f 2136 3860 28
f 1430 18 19
f 3893 570 695
f 1442 2046 2141
f 1431 2141 2140
f 3869 3850 2136
f 3808 1817 766
f 3866 695 671
f 2142 798 2138
f 571 2142 694
f 3819 1618 1611
f 2143 2025 2142
f 694 2138 670
f 681 2144 572
f 2144 2022 2143
f 328 457 290
f 1572 2011 2144
f 630 3903 624
f 2085 2087 2088
f 2090 2092 2089
f 572 2143 571
f 1875 2153 2149
f 1873 2149 2154
f 2103 2097 2102
f 2157 2155 2156
f 2128 1414 2120
f 3874 589 582
f 3872 628 629
f 2149 2158 2159
f 2159 3905 3890
f 698 3902 705
f 3823 3827 1817
f 2158 3874 3905
f 1438 2046 1439
f 2035 2160 2161
f 2161 3889 3886
f 3871 605 589
f 3873 18 3875
f 370 61 451
f 649 413 648
f 2153 2156 2158
f 1428 1449 1450
f 1490 73 1488
f 3890 710 633
f 2155 3891 3871
f 1456 1880 1992
f 2125 2087 2124
f 2160 3890 3889
f 300 505 323
f 1064 1046 1065
f 2043 1891 2155
f 2129 2004 2003
f 2131 2133 2134
f 3848 1450 1449
f 1998 804 805
f 3879 3864 3914
f 474 490 770
f 1164 1182 1177
f 707 3909 3870
f 708 2162 707
f 2162 3886 3909
f 548 1905 458
f 1145 1114 1171
f 705 1650 704
f 2043 1977 1995
f 737 554 559
f 1034 1191 1023
f 458 1907 275
f 195 232 233
f 2040 1969 1970
f 2145 2147 2148
f 2054 2049 1645
f 3832 1639 3818
f 9 11 10
f 252 506 258
f 472 479 471
f 1865 3791 3503
f 900 910 907
f 1941 2151 1942
f 1921 1927 1919
f 2163 1898 2116
f 271 153 178
f 1904 12 9
f 282 264 460
f 1872 2154 2035
f 1326 1897 2163
f 628 693 627
f 1724 1719 1723
f 1549 436 172
f 1582 1730 1729
f 1921 1929 1928
f 3563 10 11
f 2152 1950 1949
f 475 774 771
f 769 2171 473
f 2171 476 473
f 476 772 475
f 1791 464 1760
f 2166 2168 2169
f 595 372 98
f 483 1641 482
f 762 2173 470
f 771 484 492
f 486 1809 483
f 297 1517 296
f 763 2174 762
f 776 759 489
f 184 2176 2000
f 412 303 414
f 2005 185 224
f 3811 1682 3846
f 2164 756 764
f 1472 2161 2162
f 950 964 965
f 2177 2179 2180
f 227 1510 333
f 764 467 2164
f 2182 2184 2181
f 2186 2018 2185
f 1985 2181 1986
f 214 729 1531
f 1545 1546 1569
f 865 842 866
f 849 1357 1362
f 452 1558 454
f 559 3188 737
f 16 737 3188
f 560 498 374
f 3193 3195 3194
f 3200 3198 3199
f 3211 3213 3212
f 3215 3217 3216
f 2187 2002 2001
f 2169 2189 2190
f 2192 2085 2191
f 2193 2195 2196
f 2198 2200 2197
f 1998 1979 1975
f 3664 3668 3671
f 2116 1903 1902
f 1859 2009 1150
f 3904 2126 3906
f 1135 1087 1130
f 2201 2015 2014
f 1149 110 1858
f 3221 3218 3215
f 2203 2205 2206
f 579 1895 1019
f 1755 2208 1756
f 3891 1893 605
f 1211 2150 1727
f 868 2210 2209
f 944 930 940
f 2130 2202 2201
f 233 1898 195
f 665 750 666
f 1167 999 618
f 2211 2213 2214
f 2215 2217 2218
f 3867 590 3868
f 2220 220 2219
f 823 948 1094
f 3225 3227 3226
f 266 455 265
f 3882 2107 3883
f 2221 3519 3517
f 2223 2225 2226
f 2207 2124 2208
f 673 3869 3864
f 817 996 815
f 2227 2146 2145
f 1947 646 749
f 3900 17 3873
f 2229 1638 1381
f 1679 1618 1680
f 1637 2232 2230
f 2233 1617 1616
f 2231 2236 2237
f 1381 2238 1382
f 3586 2242 3587
f 1630 2233 1631
f 1681 472 469
f 1408 2243 2244
f 3236 3238 3237
f 3232 3240 3235
f 1637 2238 1638
f 3237 3233 3234
f 1409 1634 2245
f 1380 2247 2246
f 1628 2245 1621
f 2249 1622 1633
f 1632 1408 2244
f 2248 1631 2250
f 2235 1637 1636
f 3245 3199 3198
f 631 2071 725
f 515 52 49
f 782 2251 1251
f 2253 2255 2252
f 397 459 784
f 1456 2040 1455
f 2040 2036 1455
f 1401 2111 1398
f 2041 1970 2026
f 1535 414 1965
f 1586 2080 2079
f 2256 1132 1886
f 1700 3918 3919
f 3815 1686 3817
f 1263 1886 1096
f 598 844 599
f 2257 2259 2260
f 2258 2262 2259
f 2259 2263 2216
f 2260 2216 2215
f 1967 1970 1969
f 2212 1963 2213
f 922 2218 2217
f 1312 1101 2264
f 1307 1286 789
f 1548 1546 1972
f 2266 2268 2265
f 2265 2270 2269
f 2272 2269 2271
f 2273 2265 2272
f 2275 2277 2274
f 2278 2277 2279
f 2284 3617 3639
f 2287 2286 2281
f 2288 2283 2287
f 2290 3639 3620
f 2291 2293 2294
f 2295 2294 2279
f 2296 2291 2295
f 2297 2292 2291
f 2294 2299 2300
f 2279 2300 2278
f 2298 2302 2292
f 2292 2303 2293
f 2293 2304 2299
f 2304 2306 2299
f 2306 2300 2299
f 2308 2310 2307
f 2302 2310 2303
f 2301 2307 2302
f 2312 2307 2311
f 2313 2315 2316
f 2318 2320 2317
f 3748 2322 2323
f 2324 2273 2326
f 2313 2326 2327
f 2328 2313 2316
f 2329 2324 2328
f 2331 2333 2330
f 2330 2267 2266
f 2325 2266 2273
f 2329 2330 2325
f 2333 2335 2267
f 2336 2333 2332
f 2338 2332 2337
f 2331 2337 2332
f 2329 2339 2331
f 2328 2340 2329
f 2316 2341 2328
f 2342 2315 2343
f 2344 2346 2347
f 2341 2347 2340
f 2342 2344 2341
f 2348 2345 2344
f 2350 2352 2353
f 2339 2353 2337
f 2340 2350 2339
f 2347 2351 2350
f 2337 2354 2338
f 2353 2355 2354
f 2356 2276 2357
f 2356 2358 2359
f 2356 2296 2295
f 2279 2356 2295
f 2360 2270 2268
f 2267 2360 2268
f 2362 2364 2365
f 2362 2361 2358
f 2366 2358 2357
f 2366 2363 2362
f 2357 2368 2366
f 2366 2369 2367
f 2276 2370 2368
f 2368 2282 2369
f 2372 2374 2371
f 2375 2377 2007
f 2378 2380 2381
f 2382 2381 2383
f 2384 2378 2382
f 2385 2379 2378
f 2388 2390 2387
f 2387 2392 2391
f 2393 2387 2391
f 2394 2388 2387
f 2186 2402 2400
f 2403 2327 2326
f 2272 2326 2273
f 2271 2403 2272
f 2405 2404 2403
f 2404 2408 2327
f 2409 2411 2412
f 2409 2271 2269
f 2413 2269 2270
f 2413 2410 2409
f 2417 2416 2418
f 2417 2406 2405
f 2412 2405 2271
f 2411 2417 2412
f 2406 2407 2404
f 3569 632 713
f 2420 2397 2421
f 2420 2423 2422
f 2424 2422 2419
f 2424 2398 2420
f 2425 2392 2426
f 2421 2426 2423
f 2397 2425 2421
f 2396 2391 2425
f 2427 2315 2314
f 2427 2408 2428
f 2430 2428 2429
f 2343 2427 2430
f 2432 2430 2431
f 2431 2429 2433
f 2435 2433 2434
f 2436 2431 2435
f 2428 2407 2437
f 2422 2407 2419
f 2438 2422 2423
f 2429 2437 2438
f 2440 2433 2439
f 2441 2433 2429
f 2442 2439 2441
f 2443 2440 2439
f 2445 2444 2443
f 2447 2443 2442
f 2383 2445 2447
f 2381 2446 2445
f 2448 2423 2426
f 2449 2426 2392
f 2441 2449 2442
f 2441 2438 2448
f 2449 2390 2450
f 2450 2389 2451
f 2447 2451 2383
f 2442 2450 2447
f 2451 2453 2452
f 2452 2455 2454
f 2382 2454 2384
f 2383 2452 2382
f 2456 2373 2372
f 2459 2461 2458
f 2463 2465 2462
f 2462 2285 2284
f 2466 2284 2290
f 2467 2462 2466
f 2461 3703 3701
f 2468 2470 2471
f 2472 2471 2473
f 2474 3701 3688
f 2475 2477 2478
f 2458 2453 2479
f 2479 2389 2388
f 2395 2479 2388
f 2480 2458 2479
f 2481 2483 2478
f 2484 2485 221
f 2471 2464 2463
f 2473 2463 2467
f 2487 2466 2486
f 2486 2290 2488
f 2490 2488 2489
f 2491 2486 2490
f 2492 2467 2487
f 2493 2487 2491
f 2494 2492 2493
f 2495 2473 2492
f 3690 2474 3688
f 3691 2496 3690
f 2498 2493 2499
f 2500 2499 2501
f 3700 2498 2500
f 3687 2494 2498
f 2306 2278 2300
f 2305 2504 2306
f 2504 2507 2506
f 2506 2288 2508
f 2274 2508 2275
f 2278 2506 2274
f 3633 2489 2488
f 3620 2488 2290
f 2507 2289 2288
f 2505 2509 2507
f 2508 2287 2511
f 2511 2281 2280
f 2370 2280 2282
f 2275 2511 2370
f 2512 2489 2513
f 2514 2513 2515
f 2517 2514 2516
f 2517 2490 2512
f 2499 2491 2517
f 2499 2516 2501
f 2510 2519 2518
f 2518 2521 2520
f 3616 2520 3621
f 3632 2518 3616
f 2522 2303 2310
f 2523 2310 2309
f 2305 2522 2524
f 2524 2523 2525
f 2519 2525 2521
f 2505 2524 2519
f 2308 2527 2526
f 2526 2529 2528
f 2531 2528 2530
f 2309 2526 2531
f 1214 2151 1211
f 2419 2418 2424
f 2533 2349 2317
f 2534 2317 2320
f 2535 2533 2534
f 2536 2345 2533
f 2537 2346 2536
f 2538 2536 2535
f 2539 2537 2538
f 2540 2351 2537
f 2312 2541 2527
f 2527 2542 2529
f 2543 2434 2544
f 2545 2544 2546
f 2319 2543 2545
f 2318 2435 2543
f 2514 2548 2547
f 2547 2550 2549
f 2552 2549 2551
f 2552 2514 2547
f 2520 2554 2553
f 2553 2556 2555
f 3590 2555 3593
f 3621 2553 3590
f 2523 2531 2557
f 2557 2530 2558
f 2525 2557 2559
f 2559 2558 2560
f 2554 2560 2556
f 2521 2559 2554
f 2561 2007 2006
f 2376 2225 2377
f 2564 2566 2563
f 2563 338 2567
f 2569 2567 2568
f 2570 2563 2569
f 2572 2574 2571
f 2571 2576 2575
f 2544 2575 2546
f 2544 2572 2571
f 2578 2569 2577
f 2579 2569 2568
f 2574 2579 2576
f 2573 2577 2574
f 2581 2583 2580
f 2584 2583 2585
f 3697 2580 2584
f 3676 2580 3675
f 2582 2552 2583
f 2583 2551 2585
f 2500 2589 2588
f 2590 2589 2591
f 3693 2588 2590
f 3695 2500 2588
f 2501 2591 2589
f 2592 2594 2595
f 2386 2503 2502
f 2596 2386 2374
f 2596 2373 2597
f 2599 2597 2598
f 2599 2379 2596
f 2600 2380 2599
f 2600 2598 2601
f 2603 2601 2602
f 2603 2446 2600
f 2604 2602 2605
f 2440 2605 2434
f 2444 2604 2440
f 2606 2581 2607
f 2606 2590 2591
f 2591 2582 2606
f 3676 2456 3689
f 3689 2372 3693
f 2478 2608 2481
f 2609 2611 2199
f 2564 2613 2612
f 2612 2598 2597
f 2457 2597 2373
f 2565 2612 2457
f 2614 2570 2578
f 2615 2578 2573
f 2602 2614 2615
f 2601 2613 2614
f 2572 2605 2616
f 2616 2602 2615
f 2573 2616 2615
f 1459 1045 1021
f 1265 1079 1082
f 1612 1609 1611
f 2067 2069 2068
f 1135 1136 1148
f 1938 2618 2617
f 95 458 128
f 2058 1608 1612
f 1454 1445 1367
f 655 1048 2619
f 722 2621 723
f 1131 1033 1134
f 562 366 1497
f 1723 1725 1591
f 1786 1122 1787
f 267 323 266
f 1325 1654 2038
f 1468 1435 1479
f 658 529 528
f 8 247 7
f 382 1559 3
f 788 1307 789
f 940 929 928
f 911 2623 912
f 2621 655 654
f 2624 2625 2626
f 998 27 26
f 635 2626 2625
f 2627 644 1840
f 2628 1840 2629
f 1200 2627 2628
f 1199 641 2627
f 1520 49 477
f 1452 1349 1451
f 2630 1859 1858
f 644 1335 1823
f 1197 717 2632
f 2632 719 1166
f 2628 1166 1200
f 2629 2632 2628
f 1762 1050 821
f 1823 873 1839
f 2634 794 652
f 1028 1027 1161
f 1042 2635 1043
f 93 1901 1924
f 2036 1458 1455
f 1527 1525 1526
f 877 1274 1277
f 134 797 1544
f 1328 931 1329
f 607 1091 1161
f 1043 2637 2636
f 2636 2639 2638
f 1275 2638 1276
f 1275 1043 2636
f 1272 2626 2640
f 2640 638 637
f 1110 2640 637
f 536 2640 2641
f 1472 1474 1473
f 2042 1951 649
f 1058 1105 1059
f 2642 2643 2644
f 1192 2644 1193
f 912 2642 1192
f 3898 3526 3786
f 1049 2620 2621
f 616 1885 613
f 1331 666 750
f 990 1198 525
f 1911 321 322
f 1298 1205 2645
f 76 1504 75
f 1502 421 422
f 610 658 691
f 1146 659 938
f 2646 914 936
f 1280 1238 1279
f 975 2647 2648
f 2647 975 974
f 1453 1452 1451
f 1514 158 151
f 835 1843 1842
f 1271 1173 1289
f 2649 813 2650
f 1893 1826 1894
f 1050 1937 1051
f 2651 814 813
f 1006 1281 977
f 2653 2654 2655
f 1001 1003 1002
f 585 679 558
f 2624 621 620
f 555 2028 556
f 1207 1197 2629
f 1626 478 472
f 426 419 1567
f 1030 1773 1031
f 3898 634 3880
f 534 138 262
f 1125 1042 1041
f 333 88 227
f 569 561 730
f 1489 871 870
f 1857 620 891
f 1673 3770 3763
f 622 864 1308
f 2647 974 2657
f 619 891 620
f 261 545 262
f 393 1556 404
f 2658 2647 2657
f 1075 2657 917
f 1081 2658 1075
f 1080 2659 2658
f 2644 1141 2660
f 2660 1140 1336
f 642 1336 643
f 1193 2660 642
f 679 555 558
f 1503 1500 1502
f 1318 1101 1100
f 2661 1139 1142
f 2661 2663 2662
f 2662 2659 2661
f 2662 2622 2664
f 2664 911 2646
f 2648 2646 1146
f 2648 2662 2664
f 2083 2093 2081
f 1442 1437 1439
f 519 330 51
f 1885 1209 613
f 799 805 804
f 1946 1952 1953
f 1302 1253 1252
f 566 224 533
f 1389 928 1388
f 683 681 680
f 836 1842 2665
f 2665 1845 1303
f 2666 1303 1302
f 24 2665 2666
f 831 2650 832
f 1845 1304 1303
f 2010 2012 2011
f 1051 2667 2668
f 1522 1511 1523
f 531 441 522
f 782 1251 1250
f 1250 2625 2669
f 2669 1857 1856
f 783 1856 1037
f 782 2669 783
f 720 2671 721
f 1055 1930 1056
f 1333 1251 2251
f 619 1308 1307
f 652 2619 2634
f 521 1539 1540
f 1838 537 2672
f 2672 536 2641
f 1113 2641 1110
f 1113 1838 2672
f 1016 1351 1045
f 3897 570 3894
f 226 104 101
f 3564 3827 1818
f 1036 1884 1883
f 2674 1304 2673
f 2673 1844 2675
f 1334 2675 1039
f 1333 2673 1334
f 2676 1039 2675
f 1843 2675 1844
f 942 2676 1843
f 1074 702 2676
f 811 859 858
f 752 1055 753
f 1200 656 1026
f 1120 874 2677
f 2677 877 1052
f 1241 1052 1005
f 1119 2677 1241
f 1560 151 1515
f 1208 611 523
f 215 736 214
f 1460 1462 1461
f 1208 1839 873
f 854 1282 1297
f 72 182 179
f 544 1565 512
f 217 456 457
f 2047 930 945
f 1204 1937 2633
f 913 686 685
f 840 1113 1112
f 1531 730 561
f 2678 1283 801
f 601 1914 602
f 1537 459 460
f 1819 3509 3527
f 991 862 538
f 2679 1073 1830
f 2680 983 2256
f 779 2256 1263
f 778 2680 779
f 2678 1830 2680
f 180 245 40
f 1886 1131 1134
f 1138 1274 1255
f 1841 1140 1139
f 75 314 74
f 193 420 192
f 2681 1099 1098
f 170 1565 169
f 349 417 432
f 1121 2684 2683
f 547 409 302
f 123 121 120
f 2643 1142 1141
f 1542 513 1543
f 899 907 919
f 1210 676 867
f 791 982 892
f 24 837 836
f 893 932 931
f 1860 863 862
f 535 862 861
f 832 813 812
f 2650 813 832
f 1569 1547 1568
f 181 542 180
f 660 937 688
f 2013 568 2012
f 887 2631 2630
f 1524 361 78
f 520 162 1529
f 2653 854 2685
f 1238 2655 2686
f 718 527 530
f 1492 518 1491
f 792 615 793
f 599 1835 596
f 290 456 175
f 312 1552 425
f 1248 1179 1249
f 153 177 178
f 1240 1222 1221
f 1257 1235 1071
f 1291 1083 1222
f 1052 1277 1053
f 743 2618 1204
f 444 430 443
f 23 1172 1187
f 2687 1180 1179
f 102 409 134
f 1283 610 801
f 373 650 651
f 1180 1084 1291
f 855 2655 1237
f 1173 1917 1174
f 2689 853 2688
f 2688 1108 1279
f 2686 1279 1238
f 2687 2688 2686
f 2691 1252 2690
f 2690 850 2689
f 1248 2689 2687
f 1248 2691 2690
f 2692 24 2666
f 2691 2666 1302
f 1247 2692 2691
f 1258 617 2692
f 394 1555 393
f 2693 1259 1223
f 1072 1262 1261
f 1257 1168 1258
f 398 1555 1554
f 871 1314 872
f 1178 1249 1179
f 1224 1173 1172
f 1010 2618 742
f 1175 1292 1269
f 2654 2686 2655
f 2694 1216 1264
f 71 1487 70
f 701 1111 1038
f 1072 2649 2650
f 1085 22 21
f 895 1264 896
f 1601 1605 1604
f 1259 1271 1289
f 21 1220 1083
f 988 538 537
f 598 1336 1140
f 820 1762 821
f 1050 818 821
f 1298 1761 2652
f 1168 618 617
f 858 1256 833
f 39 516 1536
f 2652 819 814
f 313 315 314
f 2026 1971 2027
f 2656 596 1835
f 814 818 811
f 2696 813 2649
f 1260 2649 1261
f 2693 2696 1260
f 2697 2651 2696
f 381 390 380
f 3818 1611 1609
f 1475 1428 1227
f 1292 1917 1235
f 1551 354 1518
f 1526 1523 1511
f 1593 1595 1573
f 1232 1246 1249
f 2695 1223 22
f 2698 1296 2697
f 2698 2693 2695
f 2685 2695 1085
f 2685 1297 2698
f 562 271 272
f 2652 1296 1298
f 1365 1364 1363
f 1958 1953 1957
f 585 2210 997
f 1561 1515 435
f 975 1146 976
f 347 68 346
f 1038 636 1068
f 2700 780 2699
f 2699 1036 1883
f 2701 1883 1829
f 851 2699 2701
f 2674 2251 2702
f 2702 781 2700
f 1253 2700 851
f 1301 2702 1253
f 1519 388 1550
f 1273 1280 2703
f 2703 1107 852
f 2701 852 851
f 1829 2703 2701
f 91 326 90
f 1784 2656 1785
f 2683 2705 2704
f 604 3499 3533
f 1669 3548 1662
f 2062 2060 2059
f 621 861 622
f 2023 732 2024
f 686 1263 687
f 857 2668 1328
f 883 882 879
f 637 1111 1110
f 2668 893 1328
f 2667 894 2668
f 1039 1068 1334
f 313 1504 1505
f 1911 305 453
f 1936 1964 2212
f 2707 2401 2183
f 2708 2183 2182
f 738 2116 554
f 2349 2432 2436
f 2711 2020 2019
f 2400 2019 2186
f 2714 2716 2713
f 2717 2719 2720
f 2721 2723 2724
f 2726 2728 2725
f 2725 2730 2729
f 2731 2729 2709
f 2732 2725 2731
f 2734 2736 2733
f 2738 2740 2737
f 2737 2741 2742
f 2744 2746 2743
f 2745 2748 2747
f 2749 2747 2751
f 2753 2751 2752
f 2250 2246 2248
f 2754 1614 2755
f 3598 2755 3609
f 3608 2747 3609
f 1617 2755 1614
f 2242 1620 2757
f 2191 2760 2759
f 2761 2760 2762
f 3648 2761 3649
f 3623 2759 3648
f 3209 3223 3224
f 1395 2236 2235
f 1395 1636 1615
f 1616 2229 2233
f 1617 2763 2756
f 2756 3628 3608
f 2765 2234 1630
f 2766 3628 3622
f 3202 3246 3247
f 1516 435 1515
f 2768 3552 3553
f 1495 578 1424
f 2135 28 17
f 3526 2773 2774
f 1690 3926 3925
f 2778 2780 2777
f 2777 2781 2782
f 2784 2777 2783
f 3555 575 576
f 1494 9 540
f 3529 2015 3566
f 451 505 450
f 2786 2788 2785
f 2779 2785 2780
f 2789 2741 2740
f 2790 2752 2789
f 2792 2794 2791
f 2793 2796 2794
f 2796 2750 2749
f 2794 2749 2753
f 2798 1396 2754
f 3591 2754 3598
f 2798 2800 1393
f 3591 2799 2798
f 2797 2795 2801
f 2791 2753 2790
f 216 232 54
f 3804 2807 3803
f 3805 2804 3803
f 2769 3557 3552
f 183 184 97
f 2811 2775 2776
f 2804 2776 2805
f 2809 2811 2804
f 2812 2813 2814
f 3805 2816 3795
f 3796 2815 3795
f 3798 2820 2821
f 3793 2819 3798
f 2824 2735 2819
f 2823 2824 2819
f 2825 2826 2724
f 3793 2827 3792
f 3796 2826 3792
f 2713 2829 2828
f 2828 2831 2830
f 2822 2828 2830
f 2821 2713 2828
f 2832 2822 2830
f 2833 2830 2831
f 2834 2832 2833
f 2835 2827 2832
f 2837 2839 2836
f 2836 2841 2840
f 2842 2840 2727
f 2843 2836 2842
f 2840 2845 2844
f 2718 2845 2719
f 2730 2844 2718
f 2727 2844 2728
f 2846 2719 2845
f 2846 2841 2847
f 2829 2847 2831
f 2829 2716 2846
f 2847 2839 2848
f 2848 2838 2849
f 2833 2849 2834
f 2831 2848 2833
f 2850 2851 2852
f 2853 2852 2854
f 2783 2782 2855
f 2785 2853 2856
f 2780 2856 2781
f 2857 2855 2782
f 2859 2782 2781
f 2861 2842 2860
f 2860 2727 2726
f 2862 2726 2732
f 2863 2860 2862
f 2861 2858 2857
f 2843 2857 2859
f 2856 2854 2864
f 2781 2864 2859
f 2837 2859 2864
f 2838 2864 2854
f 2852 2834 2849
f 2854 2849 2838
f 2865 2818 2835
f 2851 2835 2834
f 2813 2815 2865
f 2814 2865 2851
f 2866 2814 2850
f 2788 2850 2853
f 2866 2787 2867
f 2812 2867 2775
f 1892 1890 1891
f 2720 2846 2870
f 298 256 257
f 2872 2713 2820
f 3794 2735 2734
f 2729 2874 2873
f 2846 2715 2870
f 2876 2878 2875
f 2733 2878 2734
f 3806 2879 2880
f 3806 2872 3794
f 2882 2884 2881
f 2881 2715 2714
f 2880 2714 2872
f 2879 2881 2880
f 2885 2887 2888
f 2888 2890 2885
f 2885 2892 2891
f 2893 2885 2891
f 1942 2532 2894
f 2895 2720 2870
f 2884 2870 2715
f 2883 2895 2884
f 2896 2892 2895
f 2889 2717 2890
f 2890 2720 2892
f 2897 2891 2896
f 2898 2896 2883
f 2899 2883 2882
f 2900 2882 2879
f 3797 2879 3807
f 2876 2901 2877
f 2901 2904 2903
f 1785 1835 1834
f 2905 2899 2900
f 2907 2897 2898
f 3797 2903 3799
f 632 577 633
f 3532 2867 2787
f 434 550 350
f 2768 3640 3643
f 2910 1623 2249
f 2241 2758 2242
f 3640 2913 3652
f 1623 2757 1620
f 3587 2757 3652
f 2229 1380 2250
f 2765 1629 2914
f 2915 1629 2912
f 3642 2914 2915
f 3641 2765 2914
f 2919 3642 3613
f 2918 2912 2241
f 3614 2241 3586
f 3618 3613 3670
f 3541 2180 3496
f 3521 2188 3506
f 3705 714 3851
f 2925 2917 2924
f 2924 2916 2919
f 3610 2919 3618
f 3611 2924 3610
f 2926 2766 2925
f 3658 2925 3611
f 1715 1705 1710
f 785 498 796
f 1387 565 1791
f 374 1899 560
f 3573 2206 3556
f 2929 2886 2893
f 2932 2934 2931
f 1905 1908 1907
f 2930 2936 2937
f 2938 2930 2929
f 1493 517 518
f 1603 1586 1602
f 2939 2929 2908
f 2940 2908 2907
f 3665 1600 3661
f 2886 2937 2887
f 2906 2898 2899
f 2908 2893 2897
f 2942 2933 2941
f 2941 2937 2936
f 3501 2936 3513
f 3498 2941 3501
f 2943 2710 2873
f 2943 2874 2889
f 2945 2889 2888
f 2946 2943 2945
f 2932 2888 2887
f 2931 2945 2932
f 727 1929 728
f 2903 2947 2948
f 545 42 262
f 1480 533 251
f 2907 2949 2940
f 2906 2950 2949
f 1558 215 202
f 3799 2948 3801
f 2054 1644 2118
f 3705 2203 3573
f 1828 1849 1827
f 2953 2955 2952
f 2952 2957 2956
f 2956 2258 2952
f 2953 2258 2257
f 2454 2474 2496
f 3747 2959 3766
f 3747 2131 3737
f 2961 2963 2958
f 2958 2964 2959
f 222 2485 2965
f 2477 2966 2608
f 2631 2006 1859
f 2384 2496 2497
f 2967 2959 2964
f 2968 2970 2969
f 3759 2971 3784
f 3784 2960 3766
f 2972 2033 2032
f 2007 2973 2008
f 3560 2134 2133
f 1836 1832 1831
f 3506 2090 3551
f 955 959 956
f 672 674 673
f 633 713 632
f 2024 733 803
f 2025 803 798
f 425 1550 388
f 2975 888 887
f 1319 1157 2694
f 1212 2977 1213
f 889 2228 2227
f 1978 1975 1979
f 1138 1329 915
f 751 2979 2978
f 1619 1625 1624
f 2252 1728 1727
f 1157 845 1216
f 2706 1938 2617
f 2980 2254 2981
f 2982 887 2630
f 802 711 2679
f 678 2029 2028
f 527 690 528
f 1839 2629 1840
f 2983 602 1914
f 2983 1913 1331
f 2985 1331 1054
f 2986 2983 2985
f 2987 2635 2634
f 2985 2639 2986
f 2990 1318 2989
f 2991 2993 2994
f 2995 2994 2996
f 1106 2991 2995
f 1058 2992 2991
f 1415 1365 1367
f 1317 2217 2997
f 1932 2255 2980
f 926 2999 664
f 3001 2992 3000
f 3000 1057 2978
f 2999 2978 2979
f 2998 3000 2999
f 3002 2209 3003
f 3002 2996 2994
f 2993 3002 2994
f 3001 2998 3002
f 1103 2995 3004
f 3004 2996 3003
f 2209 3004 3003
f 588 3004 2210
f 295 433 381
f 2638 2988 3005
f 3005 1056 1930
f 1305 1930 1306
f 1276 3005 1305
f 1987 1993 1989
f 2633 1761 2645
f 1423 1417 1419
f 3561 739 703
f 2671 2704 2705
f 1473 2035 1472
f 922 2694 895
f 1401 1378 1384
f 556 1884 1037
f 842 3825 3836
f 1854 2617 1010
f 933 1081 1075
f 1440 1436 1437
f 529 719 530
f 1031 1027 1028
f 777 912 1871
f 2645 1204 2633
f 441 1538 1537
f 790 587 586
f 2065 1610 1607
f 1860 990 902
f 60 87 59
f 1424 1948 1947
f 332 1507 331
f 261 138 135
f 187 449 507
f 1719 1726 1725
f 1931 1059 3006
f 3006 1105 1104
f 1287 1104 587
f 1286 3006 1287
f 3007 3009 3010
f 3009 653 795
f 618 26 25
f 2029 1210 1209
f 957 600 2228
f 1049 2228 600
f 2631 3011 2561
f 890 2227 3011
f 3011 2145 3012
f 2561 3012 2375
f 1026 609 608
f 2706 1961 1964
f 3013 2485 3014
f 2148 1267 3015
f 3015 1266 1311
f 2997 1101 1317
f 642 1773 1193
f 186 461 511
f 1041 1320 901
f 1121 3017 1122
f 2984 2987 3018
f 3018 2634 2619
f 1048 3018 2619
f 603 2984 3018
f 2679 801 802
f 2062 2074 2061
f 2061 2076 2064
f 414 1545 1965
f 3016 2683 3019
f 3019 2704 2670
f 3020 2670 720
f 3007 3019 3020
f 1871 1091 777
f 3021 1122 3017
f 3022 3017 3010
f 1314 3022 1315
f 1784 3021 1314
f 1316 1763 611
f 3023 3010 3009
f 3023 795 1092
f 1763 1092 1125
f 1315 3023 1763
f 3016 3010 3017
f 752 2978 1057
f 2986 2637 2987
f 3024 653 3008
f 3020 3008 3007
f 720 3024 3020
f 723 654 3024
f 2681 1268 3025
f 2671 1268 721
f 2705 3025 2671
f 1313 3027 1311
f 3026 3029 3027
f 3027 3030 3031
f 1311 3031 3015
f 2012 731 2023
f 917 974 977
f 743 856 744
f 1888 2030 1425
f 2682 2684 3032
f 3032 1124 2989
f 1100 2989 1318
f 1099 3032 1100
f 1123 2989 1124
f 3033 1159 1158
f 2990 1158 1319
f 1123 3033 2990
f 1786 1834 3033
f 1054 2988 2985
f 2979 664 2999
f 2623 2663 2643
f 1095 688 687
f 3034 2261 2956
f 3036 2956 2957
f 3037 3034 3036
f 3038 3035 3034
f 3040 3026 1313
f 2263 3041 3040
f 3042 3043 3041
f 3041 3028 3026
f 3044 3043 3039
f 3046 3045 3044
f 3047 3049 3045
f 3043 3049 3028
f 3038 3051 3050
f 3050 3053 3052
f 3052 3044 3050
f 3039 3050 3044
f 3054 3039 3042
f 3042 2262 3054
f 2261 3054 2262
f 2216 2997 2217
f 2212 2667 1936
f 3056 2209 3055
f 934 1961 1854
f 2013 3757 567
f 3058 3060 3061
f 3059 3063 3060
f 3060 2213 1963
f 3061 1963 1962
f 3063 2214 2213
f 3062 3064 3063
f 3065 2260 3064
f 3064 2215 2214
f 3066 3031 3030
f 2608 3067 3066
f 2966 3068 3067
f 3031 3068 3015
f 2455 2461 2474
f 2476 2226 2477
f 3551 2089 3525
f 3526 3769 3786
f 433 355 381
f 2115 1419 2123
f 3509 2922 3527
f 3769 2131 2134
f 3069 2167 2166
f 2971 2928 2960
f 2961 2773 2962
f 3070 2478 2483
f 2610 3071 2954
f 2502 2374 2386
f 3072 2595 3073
f 2964 3052 2967
f 3048 3074 3049
f 2593 3075 3074
f 3075 3029 3074
f 3074 3028 3049
f 3072 3075 2592
f 3076 2482 2481
f 2481 3066 3076
f 3076 3030 3075
f 2967 3053 2970
f 2482 3073 2483
f 479 493 494
f 706 3873 709
f 3561 2221 3517
f 2013 3754 3755
f 3533 2016 3529
f 3562 2222 2974
f 1171 1155 1176
f 2586 2565 2587
f 2982 113 2484
f 2562 3077 3068
f 2376 3012 3077
f 3012 2148 3077
f 3077 3015 3068
f 2963 3046 2964
f 3051 2970 3053
f 1683 491 775
f 3850 1447 3860
f 1986 3734 3768
f 3079 2546 2575
f 3081 2575 2576
f 1983 3768 3765
f 3082 2319 2545
f 3080 2545 2546
f 3734 3082 3080
f 3732 2323 3082
f 1309 1888 748
f 3073 2772 2771
f 2760 3084 2762
f 2760 2088 3083
f 3085 3086 3087
f 3089 3090 3088
f 3089 3084 3085
f 3092 3090 3091
f 3093 2744 2743
f 2751 2748 3093
f 3093 2752 2751
f 2742 3093 3094
f 3094 2743 3095
f 3096 3098 3087
f 3099 3087 3086
f 3097 3095 3098
f 3100 2746 3101
f 3101 3102 3100
f 2764 2927 3101
f 2745 3101 2746
f 3102 3091 3100
f 3100 3095 2743
f 2869 3592 3634
f 3102 3104 3092
f 3658 2869 3634
f 2927 3103 3102
f 3098 3091 3090
f 3087 3090 3085
f 2088 3105 3083
f 3083 3086 3084
f 2483 2771 3070
f 2401 2185 2321
f 3099 3105 3106
f 2125 3106 3105
f 3108 2742 3107
f 3107 3094 3097
f 3110 3107 3109
f 3109 3097 3096
f 3111 3096 3099
f 3112 3109 3111
f 3113 2737 3108
f 3115 2722 3114
f 3117 3114 3116
f 3119 3116 3118
f 3118 3120 3121
f 3116 3113 3120
f 3122 3111 3123
f 3122 1755 1754
f 3124 3126 3127
f 3125 3121 3126
f 3128 3118 3125
f 3129 3125 3124
f 2020 3128 3129
f 3853 1346 1352
f 1065 1047 1066
f 1814 3830 1649
f 2021 3129 3130
f 3111 3106 3123
f 3123 2207 1755
f 2377 2224 2973
f 3014 113 112
f 1756 3782 3767
f 3131 2530 2528
f 3133 2528 2529
f 1753 3767 3775
f 3134 3127 3135
f 2327 2314 2313
f 2436 2317 2349
f 2018 3711 3712
f 2534 3137 2535
f 2320 3136 2534
f 2185 3712 3771
f 3138 2542 2539
f 3134 3744 3745
f 3785 3134 3745
f 3140 2539 2538
f 2535 3140 2538
f 3711 3130 3785
f 2558 3132 3141
f 3782 3141 3132
f 2560 3141 3142
f 3760 3142 3141
f 958 2976 2981
f 1933 2980 3143
f 2399 2418 2416
f 2348 2343 2432
f 2322 2319 2323
f 2718 2874 2730
f 2709 2873 2710
f 2894 1361 1942
f 346 176 347
f 1876 1882 1881
f 2802 3607 3592
f 3104 3088 3092
f 2974 3649 3603
f 3089 2761 2762
f 3088 3145 3089
f 2803 3603 3607
f 3870 692 628
f 2123 1418 2126
f 1365 1368 1367
f 1581 1782 1783
f 3569 2129 3520
f 3555 2002 3521
f 3146 2551 3147
f 3751 3147 3750
f 3742 3146 3751
f 3149 2585 3146
f 3196 3197 3195
f 3604 2191 3623
f 3142 2556 2560
f 3777 3150 3142
f 3646 2550 3593
f 3150 2555 2556
f 3778 3151 3150
f 3788 3152 3646
f 3153 2551 2549
f 3152 2549 2550
f 3781 3153 3152
f 3776 3147 3153
f 3148 2206 2205
f 2183 2321 2184
f 2132 2928 2133
f 3684 2204 2203
f 3719 2197 3721
f 2594 2773 2951
f 2595 2951 2772
f 1870 799 1869
f 3713 2178 3706
f 3706 3736 3790
f 336 3774 3722
f 339 3154 336
f 3789 3149 3742
f 3683 2584 3149
f 2963 3048 3047
f 3722 337 336
f 339 2566 2586
f 3156 2168 2167
f 2610 2167 2611
f 2954 3156 2610
f 3157 2953 2257
f 3707 2169 3709
f 2567 3159 2568
f 337 2567 338
f 3730 2166 3707
f 3764 1983 3765
f 2579 3081 2576
f 2568 3160 2579
f 3709 2190 3764
f 3065 3162 3161
f 3161 1984 2189
f 3157 2189 2168
f 2257 3161 3157
f 734 1922 806
f 3059 2708 3163
f 3163 2182 1985
f 3162 1985 1984
f 3062 3163 3162
f 3203 3205 3204
f 2122 1448 1447
f 3817 1685 3812
f 139 444 69
f 1570 566 533
f 2957 3165 3036
f 2955 3164 2957
f 1912 341 1973
f 3130 3124 3134
f 1548 319 1547
f 1949 1327 1887
f 2969 3078 3167
f 3167 3169 3168
f 3724 2017 3720
f 3720 2033 3759
f 3168 3165 3170
f 3170 3164 3171
f 3779 3171 3756
f 3724 3170 3779
f 3171 3166 3172
f 3172 3071 3173
f 3752 3173 3749
f 3756 3172 3752
f 3169 3036 3165
f 2593 2962 2594
f 3173 2609 3174
f 3174 2199 2198
f 3783 2198 3719
f 3749 3174 3783
f 2190 1984 1983
f 2196 2767 3148
f 2119 1414 1448
f 1464 1466 1465
f 2199 3069 2200
f 2457 2587 2565
f 2226 2562 2966
f 481 1627 1639
f 333 235 236
f 3078 3037 3169
f 3040 2997 2263
f 2219 1933 2220
f 2385 2497 2503
f 221 3175 2484
f 2220 3143 3175
f 3175 2976 2975
f 2484 2975 2982
f 2954 3166 2955
f 2630 110 2982
f 1547 1952 1955
f 2091 2188 2187
f 3733 2178 2177
f 1918 1927 1926
f 3563 111 3511
f 955 960 954
f 2037 112 3563
f 3143 2981 2976
f 2218 2214 2215
f 672 3787 3541
f 2152 3014 2037
f 1147 1143 1145
f 2248 1409 2245
f 1615 1635 1616
f 1410 2246 2247
f 3241 3242 3240
f 3177 1383 1382
f 2238 3176 1382
f 3176 2230 3178
f 1410 3179 1407
f 3179 2243 1407
f 1633 2800 2249
f 1621 2758 2912
f 1622 2245 1634
f 2236 3181 3182
f 2237 3182 3183
f 2250 2233 2229
f 2912 1628 1621
f 135 1564 1563
f 1567 512 1565
f 1085 2653 2685
f 3184 868 3056
f 869 3057 934
f 1266 1098 1312
f 1267 722 721
f 937 2646 936
f 2146 722 2147
f 2211 921 2667
f 1957 507 449
f 1313 2264 3040
f 1496 1493 1492
f 2681 2705 2682
f 2887 2933 2932
f 1687 1659 1694
f 145 1498 81
f 1317 1319 2694
f 37 418 71
f 1935 3185 2977
f 104 301 103
f 2101 2083 2084
f 543 360 207
f 1934 3186 3185
f 234 212 237
f 3845 1822 1824
f 1976 1874 1974
f 223 2219 220
f 3655 3605 3612
f 468 773 2165
f 1935 1728 1932
f 3240 3226 3235
f 3261 3250 3260
f 3215 3244 3264
f 3265 3215 3264
f 3267 3198 3196
f 3205 3269 3255
f 3214 3265 3270
f 3271 3214 3192
f 3251 3239 3236
f 3222 3266 3272
f 3232 3234 3233
f 3216 3243 3244
f 3196 3268 3267
f 3244 3254 3255
f 3238 3247 3246
f 3264 3255 3269
f 3253 3216 3217
f 3211 3221 3265
f 3257 3218 3256
f 3258 3272 3259
f 3274 3280 3273
f 3228 3262 3263
f 3275 3281 3280
f 3226 3273 3280
f 3236 3260 3251
f 3281 3236 3237
f 3287 3192 3189
f 3235 3280 3234
f 3234 3281 3237
f 3288 3259 3272
f 3260 3276 3251
f 3289 3278 3284
f 3210 3224 3283
f 3199 3201 3200
f 3228 3230 3229
f 3290 3285 3286
f 3282 3271 3287
f 3260 3262 3261
f 3243 3268 3254
f 3267 3241 3232
f 3194 3208 3193
f 3191 3269 3206
f 3270 3192 3214
f 3275 3230 3231
f 3264 3270 3265
f 3252 3276 3291
f 3248 3291 3223
f 3213 3279 3277
f 3272 3289 3288
f 3277 3212 3213
f 3228 3281 3231
f 3220 3253 3219
f 3219 3217 3257
f 3256 3222 3258
f 3247 3252 3248
f 3245 3232 3233
f 3266 3212 3289
f 3208 3255 3254
f 3288 3284 3285
f 3204 3208 3207
f 560 3187 559
f 3209 3201 3202
f 3189 3191 3190
f 448 807 447
f 647 122 270
f 1833 1780 1832
f 510 508 507
f 3210 1887 3201
f 1887 3200 3201
f 15 3197 3200
f 16 3195 3197
f 3195 3187 3194
f 3194 1899 3207
f 3207 375 3204
f 387 126 127
f 3189 1760 3287
f 3577 757 758
f 763 2172 2175
f 3583 3580 3581
f 3581 3579 3578
f 3594 3596 3595
f 3400 3602 3401
f 3626 3625 3627
f 3631 3599 3601
f 3636 3595 3596
f 3647 3588 3645
f 3650 3584 3647
f 3653 3580 3651
f 3653 3654 3579
f 1801 3656 3655
f 3651 3582 3650
f 3644 3595 3637
f 1767 3659 3660
f 1597 3661 1600
f 1708 3665 3664
f 3671 3667 3666
f 3666 3673 3672
f 1588 3664 1587
f 2080 3666 2082
f 2082 3672 2084
f 3674 3635 3631
f 3677 3636 3635
f 3682 3645 3681
f 3692 3650 3686
f 3681 3644 3680
f 786 3692 785
f 3694 3651 3692
f 785 3686 497
f 497 3682 650
f 650 3681 564
f 3696 3681 3680
f 3405 3605 3402
f 3702 3678 3677
f 3699 3679 3678
f 3645 3638 3644
f 1799 3659 1768
f 3708 3458 3460
f 3462 3708 3460
f 3714 564 3696
f 3615 3602 3600
f 3710 3696 3698
f 3635 3596 3599
f 3629 3627 3630
f 3597 3599 3596
f 3630 3715 3629
f 3627 3597 3594
f 3717 3723 3718
f 3715 3660 3629
f 3716 3725 3715
f 3668 3661 3725
f 3668 3717 3667
f 3667 3718 3673
f 3727 3673 3718
f 3728 3672 3673
f 3726 3718 3723
f 1576 2084 3672
f 3727 3731 3729
f 3203 1387 3190
f 3190 1791 3189
f 3283 1949 3210
f 317 259 391
f 2000 3653 3694
f 3601 3600 3602
f 3589 3584 3585
f 3577 756 2170
f 3585 3582 3583
f 3678 3637 3636
f 3204 376 3203
f 1801 3657 1799
f 3729 3728 3727
f 1575 3738 1088
f 3735 1576 3728
f 1776 1796 1775
f 1293 1290 1284
f 1326 1327 12
f 1294 1234 1290
f 878 1330 1337
f 497 374 498
f 122 413 121
f 3699 3704 3708
f 3606 3401 3602
f 3708 3698 3699
f 3464 3710 3462
f 3704 3443 3458
f 439 399 438
f 1512 1526 1511
f 1668 1738 1671
f 839 1362 838
f 1362 826 1012
f 3843 1896 3815
f 2053 2118 2117
f 3888 2120 2119
f 696 3816 3831
f 1826 639 640
f 3740 3729 3731
f 956 886 960
f 1980 1922 807
f 33 105 164
f 1343 3856 3857
f 3907 2128 3902
f 1766 1582 1594
f 14 2163 738
f 595 99 594
f 3233 3246 3245
f 1346 1044 1352
f 748 1425 747
f 3193 3254 3268
f 3190 3206 3203
f 3612 3606 3615
f 3624 3615 3625
f 3631 3443 3674
f 3679 3644 3637
f 3686 3647 3682
f 3702 3674 3704
f 3625 3600 3597
f 3601 3415 3631
f 3739 3735 3729
f 3630 3594 3741
f 3741 3716 3630
f 1284 1288 1285
f 3698 3680 3679
f 1778 1780 1779
f 1792 1584 1789
f 695 571 694
f 3638 3594 3595
f 3741 3588 3589
f 3247 3209 3202
f 3292 3294 3295
f 3296 3298 3299
f 3299 3300 3301
f 3302 3304 3305
f 3306 3308 3309
f 3307 3311 3308
f 3303 3301 3300
f 3312 3304 3313
f 3314 3316 3317
f 3318 3320 3321
f 3324 3321 3325
f 3326 3328 3323
f 3329 3331 3332
f 3333 3335 3336
f 3337 3339 3340
f 3333 3341 3342
f 3342 3343 3344
f 3319 3344 3343
f 3338 3334 3339
f 3346 3302 3347
f 3305 3347 3302
f 3312 3223 3349
f 3350 3340 3351
f 3312 3348 3305
f 3352 3341 3326
f 3311 3354 3308
f 3341 3327 3326
f 3359 3361 3362
f 3360 3250 3249
f 3318 3345 3319
f 3364 3318 3324
f 3314 3324 3365
f 3366 3301 3346
f 3299 3367 3296
f 3308 3368 3309
f 3369 3295 3294
f 3317 3364 3314
f 3370 3317 3316
f 3325 3365 3324
f 3352 3319 3343
f 3296 3353 3311
f 3297 3311 3310
f 3363 3354 3345
f 3345 3353 3344
f 3344 3367 3342
f 3366 3342 3367
f 3347 3334 3346
f 3339 3348 3340
f 3348 3351 3340
f 3363 3369 3368
f 3294 3368 3369
f 3293 3309 3294
f 3331 3374 3332
f 3346 3333 3366
f 3323 3352 3326
f 3356 3321 3320
f 3355 3325 3321
f 3357 3371 3325
f 3322 3320 3352
f 3361 3329 3362
f 3373 3375 3374
f 3374 3376 3332
f 3329 3376 3362
f 3327 3372 3328
f 3336 3375 3327
f 3335 3376 3375
f 3376 3337 3362
f 3337 3359 3362
f 3359 3276 3250
f 3377 3295 3370
f 3277 3315 3278
f 3371 3379 3365
f 3378 3358 3380
f 3365 3315 3314
f 3316 3279 3370
f 3282 3370 3279
f 3313 3224 3312
f 3378 3284 3379
f 3380 3285 3378
f 3379 3278 3315
f 3276 3351 3291
f 3291 3349 3223
f 3313 2965 3013
f 2965 3303 222
f 222 3300 223
f 223 3298 3186
f 3298 3185 3186
f 3297 2977 3185
f 3310 1213 2977
f 3307 1214 1213
f 2532 3306 3293
f 2894 3293 3292
f 2871 3292 3377
f 3253 3240 3242
f 3283 3013 2152
f 1997 1889 1892
f 1237 744 855
f 1535 120 121
f 1531 201 214
f 1119 1032 984
f 946 824 947
f 163 5 162
f 3589 3723 3741
f 1155 1162 1164
f 427 327 424
f 553 796 498
f 3381 2231 2237
f 3381 2230 2232
f 2237 3180 3381
f 3383 3385 3382
f 3384 3387 3385
f 3386 3389 3387
f 3388 3391 3389
f 3392 3394 3395
f 3395 3396 3397
f 3398 3397 3396
f 3400 3399 3398
f 3403 3405 3402
f 3406 3404 3403
f 3408 3407 3406
f 3410 3409 3408
f 3412 3411 3410
f 3415 3398 3414
f 3414 3396 3416
f 3416 3394 3417
f 3417 3393 3418
f 3393 3420 3418
f 3419 3421 3420
f 3390 3422 3421
f 3388 3423 3422
f 3386 3424 3423
f 3384 3425 3424
f 3425 3426 3184
f 2904 3428 2947
f 3429 2904 2902
f 3430 2902 2876
f 2875 3430 2876
f 3432 2733 2736
f 2825 3435 2824
f 3437 3439 3436
f 3441 3436 3440
f 2724 3434 2825
f 3436 3115 3117
f 3440 3117 3119
f 3443 3414 3442
f 3442 3416 3444
f 3444 3417 3445
f 3445 3418 3446
f 3446 3420 3447
f 3420 3448 3447
f 3421 3449 3448
f 3422 3450 3449
f 3423 3451 3450
f 3424 3452 3451
f 3425 3056 3452
f 3451 2253 2252
f 3450 2252 1727
f 3449 1727 2150
f 3448 2150 1941
f 3453 3448 1941
f 3454 3447 3453
f 3455 3446 3454
f 3456 3445 3455
f 3442 3456 3457
f 3443 3457 3458
f 3459 3458 3457
f 3457 3455 3459
f 3459 3454 3461
f 3462 3459 3461
f 3461 3453 3463
f 3464 3461 3463
f 3463 1941 1360
f 3404 3401 3405
f 3407 3399 3404
f 3409 3397 3407
f 3411 3395 3409
f 3465 3413 3412
f 3467 3469 3466
f 3465 3431 3433
f 3470 3466 3465
f 3438 3432 3435
f 3467 3438 3437
f 3468 3437 3441
f 3471 3468 3472
f 3472 3441 3473
f 3473 3440 2712
f 2712 3119 3128
f 3475 3472 3474
f 3474 3473 3476
f 3476 2712 2711
f 3477 2711 2400
f 3478 3476 3477
f 3479 3474 3478
f 3392 3413 3480
f 3466 3480 3413
f 3419 3392 3480
f 3390 3480 3391
f 3469 3391 3480
f 3389 3471 3475
f 3387 3475 3479
f 3385 3479 3481
f 3482 2400 2402
f 3483 3477 3482
f 3481 3478 3483
f 3484 2402 2707
f 3058 2707 2708
f 3061 3484 3058
f 3485 3482 3484
f 3382 3481 3486
f 3486 3483 3485
f 3426 3382 3487
f 3487 3486 1962
f 3486 3061 1962
f 1961 3487 1962
f 3057 3426 3487
f 3428 3402 3488
f 3427 3403 3428
f 3429 3406 3427
f 3430 3408 3429
f 3431 3410 3430
f 3470 3433 3432
f 3434 3438 3435
f 2723 3439 3434
f 2875 3433 3431
f 2736 3435 3432
f 2947 3488 3500
f 3464 1360 3497
f 1900 1924 1901
f 1736 1718 1750
f 1955 1943 1956
f 1671 1735 1751
f 1696 1698 1692
f 1800 1864 1801
f 2063 2056 2060
f 1737 1717 1736
f 1751 1697 1695
f 943 3899 684
f 3656 3402 3605
f 1577 1764 1703
f 3917 1599 3923
f 1945 82 1944
f 68 7 248
f 147 1543 148
f 1109 1133 1102
f 1503 1907 1908
f 1499 1909 1498
f 452 735 215
f 1824 3835 3845
f 1825 2068 1824
f 1463 1022 1194
f 841 1009 1011
f 1568 1955 1534
f 1926 1927 1923
f 1910 1502 1939
f 1939 422 442
f 309 1940 308
f 1804 1866 1803
f 269 1954 56
f 2065 2060 2056
f 3812 1758 3835
f 280 552 1940
f 1875 1869 1874
f 1739 1734 1737
f 1778 1790 1788
f 310 1915 279
f 1909 1906 1954
f 1789 1778 1788
f 978 980 979
f 1584 1731 1583
f 425 311 312
f 148 115 116
f 2044 3894 2046
f 277 1939 551
f 1943 1945 1944
f 1461 1463 1464
f 2253 3056 3055
f 2981 3489 958
f 2209 3489 3055
f 2254 3055 3489
f 2998 958 3489
f 2826 2721 2724
f 3490 2721 2817
f 2816 3490 2817
f 2334 2296 2335
f 2298 2334 2336
f 2301 2336 2338
f 2311 2338 2354
f 2312 2354 2355
f 2359 2361 2360
f 2335 2359 2360
f 2414 2365 2364
f 2413 2361 2365
f 2355 2540 2541
f 2541 2539 2542
f 2722 2739 2738
f 3114 2738 3113
f 3110 3121 3120
f 3108 3120 3113
f 3122 3127 3126
f 3112 3126 3121
f 3127 1753 3135
f 3139 2529 2542
f 3744 3133 3139
f 3490 2740 2739
f 3491 2789 3490
f 228 91 88
f 245 243 242
f 248 247 191
f 2 296 295
f 145 300 267
f 327 210 328
f 329 331 330
f 250 228 236
f 239 240 230
f 373 375 374
f 178 176 175
f 1218 1228 1321
f 3862 1295 3854
f 808 824 823
f 3858 1013 1014
f 3813 1411 1413
f 2154 2159 2160
f 3845 1758 1757
f 306 1922 452
f 2157 1976 1977
f 708 2031 1474
f 1450 1227 1428
f 1672 1605 1624
f 1813 1821 1816
f 1717 1715 1718
f 176 402 347
f 1710 3916 3915
f 1712 1577 1711
f 1705 1711 1704
f 971 979 970
f 822 1094 1102
f 2909 2793 2792
f 2810 2795 2793
f 2799 2249 2800
f 3662 2910 2799
f 2769 2801 2795
f 3177 3178 3179
f 3178 3180 3179
f 3181 1393 2800
f 3181 1632 3182
f 3182 2244 3183
f 3183 2243 3180
f 3492 2790 3491
f 2808 3491 2816
f 2239 3572 2240
f 1149 3571 3570
f 1150 3567 3571
f 2202 3566 2015
f 2921 3565 2923
f 3568 2133 2928
f 1777 1759 1792
f 1201 1183 1184
f 3561 2195 2194
f 3553 2770 2768
f 3927 1687 1692
f 1516 154 503
f 3549 2974 2803
f 3550 2779 2778
f 2771 3575 3546
f 3070 3546 3558
f 3547 2775 2867
f 1376 1370 1372
f 2767 3556 2206
f 2195 3543 2767
f 2775 3542 2776
f 3377 3545 2871
f 3804 3539 2806
f 2776 3538 2805
f 2240 3535 2920
f 2920 3669 3619
f 3548 2786 2779
f 1805 1851 1804
f 3534 2787 2786
f 2951 3540 3531
f 2772 3531 3575
f 2973 3530 3536
f 2224 3537 3530
f 1957 320 510
f 306 304 303
f 2770 3528 2913
f 2913 3574 2239
f 2923 3527 2922
f 308 431 47
f 207 132 543
f 1879 1881 1880
f 3733 3525 2089
f 2475 3558 3524
f 2476 3524 3523
f 2223 3523 3537
f 3522 2803 2802
f 2037 11 1950
f 1959 450 505
f 2003 3520 2129
f 9 334 540
f 2009 3518 3567
f 2008 3536 3518
f 3877 673 3879
f 3515 2778 2784
f 2935 3513 2936
f 111 3570 3511
f 3510 2935 2938
f 683 3885 943
f 3508 2810 2909
f 736 732 729
f 1795 1803 1796
f 3505 2938 2939
f 3507 2939 2940
f 2950 3504 2949
f 2940 3504 3507
f 3801 3512 2950
f 2868 3502 2869
f 2869 3522 2802
f 1024 1023 1020
f 3500 2948 2947
f 551 442 443
f 2972 3568 2928
f 2032 3499 2972
f 216 1924 1923
f 203 201 200
f 1828 1847 1837
f 1958 449 450
f 272 178 175
f 2871 3495 1361
f 3619 3564 2921
f 2801 3643 3662
f 2005 3654 2176
f 960 899 962
f 3657 3612 3624
f 3780 3646 3151
f 3151 3593 2555
f 2193 3623 2194
f 3607 3145 3144
f 3603 2761 3145
f 3592 3144 3104
f 2926 3634 3103
f 3634 3104 3103
f 3755 3746 3753
f 566 3758 2005
f 3488 1864 3500
f 1602 2079 2078
f 2868 3611 2922
f 2922 3610 2923
f 2923 3618 2921
f 3670 2918 3614
f 3619 3614 2920
f 2921 3670 3619
f 2920 3586 2240
f 3613 2915 2918
f 2917 3622 3641
f 2916 3641 3642
f 2239 3652 2913
f 2911 3652 2757
f 3643 2911 2910
f 2797 3662 3591
f 2797 3598 2750
f 3622 2763 2765
f 3608 2764 2745
f 2194 3648 2221
f 2221 3649 2222
f 2756 3609 2755
f 2750 3609 2747
f 3669 1817 3827
f 3763 1691 1699
f 2515 3590 2548
f 2548 3593 2550
f 2513 3632 3616
f 2513 3621 2515
f 2509 3620 2289
f 2510 3633 2509
f 2289 3639 2283
f 2283 3617 2286
f 2240 3587 2239
f 3659 3624 3626
f 716 3887 3888
f 727 3761 1923
f 2165 2170 2164
f 3660 3626 3629
f 3743 3578 3757
f 2175 769 770
f 2100 2095 2099
f 3758 3757 3578
f 640 3568 1826
f 1653 3553 1651
f 1895 3530 746
f 746 3537 741
f 1653 3528 3576
f 3762 1604 1672
f 2093 2073 2078
f 959 995 884
f 962 919 986
f 1400 1398 1399
f 1000 1127 1004
f 956 884 885
f 1662 3550 1661
f 2034 3546 1654
f 3926 3539 3802
f 3535 766 1817
f 3572 765 766
f 334 3571 335
f 1868 3540 1656
f 1684 1652 1678
f 1682 775 1807
f 1585 3762 1700
f 3763 1672 1673
f 2173 490 491
f 1658 3547 1752
f 3556 1650 724
f 1571 2010 1572
f 1587 3671 2080
f 2099 2077 2094
f 787 1999 786
f 2000 786 1999
f 3155 3697 3683
f 3713 3683 3789
f 2180 3685 3684
f 3496 3684 3705
f 1684 3840 1651
f 1760 3495 3545
f 2607 3693 2590
f 2581 3689 2607
f 2371 3700 3695
f 2371 3693 2372
f 2587 3675 2586
f 2586 3697 339
f 2497 3687 2503
f 2502 3687 3700
f 2494 3690 2495
f 3690 2472 2495
f 3688 2468 2472
f 3701 2469 2468
f 726 3892 630
f 581 3518 580
f 10 3570 334
f 1837 3510 1849
f 741 3523 1300
f 1299 3558 2034
f 1851 3504 1866
f 3527 1820 1819
f 580 3536 1895
f 1758 3522 3502
f 1693 3508 1806
f 3504 1867 1866
f 1894 3568 3499
f 2126 3813 3841
f 3906 3841 3912
f 2113 3867 2110
f 2179 3789 3685
f 624 3904 623
f 2192 3788 3780
f 2177 3787 3733
f 1364 3833 1338
f 3858 1470 1453
f 3135 3775 3744
f 2069 3835 2068
f 1351 3853 1352
f 2108 3901 499
f 2089 3736 3733
f 3828 1358 866
f 2001 3783 2187
f 2187 3719 2091
f 2130 3752 2004
f 2004 3749 2001
f 2014 3779 2201
f 2201 3756 2130
f 3167 3759 2969
f 3168 3720 3167
f 3159 3764 3160
f 3160 3765 3081
f 3730 3158 337
f 3158 3709 3159
f 2200 3730 3722
f 3685 3742 2204
f 3722 2197 2200
f 3790 2092 3721
f 3774 3721 2197
f 3154 3790 3774
f 3155 3706 3154
f 2091 3721 2092
f 2196 3750 3776
f 2193 3776 3781
f 3604 3781 3788
f 2086 3780 3778
f 2087 3778 3777
f 2204 3751 2205
f 2205 3750 3148
f 3909 574 692
f 2124 3777 3760
f 2208 3760 3782
f 3711 3140 3137
f 3785 3138 3140
f 3745 3139 3138
f 3771 3136 2322
f 3712 3137 3136
f 3775 3131 3133
f 3767 3132 3131
f 1813 3838 1814
f 1293 3856 1344
f 2184 3748 3732
f 2181 3732 3734
f 3765 3079 3081
f 3768 3080 3079
f 709 3875 2031
f 2774 3737 3769
f 3786 2134 3559
f 3809 766 765
f 2968 3766 2959
f 2969 3784 2968
f 2958 3737 2961
f 2132 3766 2960
f 2321 3771 3748
f 3860 1449 28
f 3905 582 710
f 3886 577 574
f 3847 1818 3827
f 705 3887 2121
f 3816 3907 698
f 2111 3911 2113
f 3810 1366 1411
f 1812 3822 1815
f 675 3852 674
f 3496 3851 675
f 2110 3868 2109
f 2104 3901 2106
f 2109 3899 944
f 3842 703 739
f 1680 3846 1684
f 1639 3819 3818
f 623 3906 697
f 2139 3866 3865
f 1808 3844 3837
f 3820 1819 1820
f 3872 3900 706
f 1646 3830 1648
f 3889 633 577
f 2139 3875 18
f 2156 3871 3874
f 674 3913 3869
f 2117 3812 2069
f 1815 3847 3823
f 3855 1444 1470
f 697 3912 3816
f 866 3836 3828
f 3864 2136 2135
f 3585 3726 3589
f 3583 3731 3585
f 3753 3738 3739
f 3740 3581 3743
f 1088 3746 1093
f 3739 3743 3753
f 2791 3493 2792
f 3492 2807 3493
f 2792 3494 2909
f 3493 2806 3494
f 3508 3494 3516
f 3516 2806 3539
f 2948 3791 3801
f 2105 3896 2104
f 3538 3804 2805
f 680 3876 683
f 1891 3910 3891
f 2905 3801 2950
f 2900 3799 2905
f 2901 3807 2877
f 2734 3806 3794
f 2877 3806 2878
f 2820 3794 2872
f 2818 3792 2827
f 2823 3792 2826
f 2822 3798 2821
f 2819 3800 3798
f 2817 3795 2816
f 2809 3795 2815
f 2808 3803 2807
f 2805 3803 2804
f 1702 3923 1599
f 3922 1797 1802
f 3915 1706 1709
f 3918 1692 1698
f 1657 3880 1879
f 1890 3895 3910
f 3772 1674 1675
f 1689 3772 3773
f 3926 3538 1688
f 3516 1689 3773
f 3917 1703 1764
f 1598 3928 1770
f 3880 1876 1879
f 1691 3925 3927
f 3925 1688 1687
f 1117 1118 3930
f 1066 1322 3930
f 1243 847 3930
f 3825 848 3930
f 1128 1117 3930
f 1129 1130 3930
f 841 1011 3930
f 1230 3863 3930
f 1242 1243 3930
f 1322 1229 3930
f 1064 1065 3930
f 1003 1128 3930
f 1229 1230 3930
f 3863 1285 3930
f 1285 1288 3930
f 848 839 3930
f 847 3825 3930
f 1118 1129 3930
f 1065 1066 3930
f 1087 1086 3930
f 1008 1002 3930
f 1011 1008 3930
f 1002 1003 3930
f 1076 1069 3930
f 838 841 3930
f 839 838 3930
f 1288 1242 3930
f 1130 1087 3930
f 1086 1076 3930
f 1069 1064 3930
f 2410 2414 3931
f 2411 2410 3931
f 3617 2285 3931
f 2394 2393 3931
f 2393 2396 3931
f 2281 2286 3931
f 2282 2280 3931
f 2398 2399 3931
f 2465 2464 3931
f 2396 2397 3931
f 2470 2469 3931
f 2399 2416 3931
f 2480 2395 3931
f 2459 2480 3931
f 2369 2282 3931
f 2460 2459 3931
f 2415 2411 3931
f 2416 2415 3931
f 2364 2363 3931
f 2286 3617 3931
f 2464 2470 3931
f 2469 3703 3931
f 2285 2465 3931
f 2414 2364 3931
f 2395 2394 3931
f 2363 2367 3931
f 2397 2398 3931
f 2280 2281 3931
f 3703 2460 3931
f 2367 2369 3931
f 3934 3937 3938
f 3934 3939 3935
f 3932 3937 3933
f 3938 3943 3939
f 3937 3940 3941
f 3937 3942 3938
f 3942 3947 3943
f 3941 3944 3945
f 3942 3945 3946
f 3947 3950 3951
f 3944 3949 3945
f 3945 3950 3946
f 3950 3955 3951
f 3949 3952 3953
f 3950 3953 3954
f 3955 3958 3959
f 3953 3956 3957
f 3953 3958 3954
f 3959 3962 3963
f 3957 3960 3961
f 3958 3961 3962
f 3962 3967 3963
f 3960 3965 3961
f 3961 3966 3962
f 3966 3971 3967
f 3965 3968 3969
f 3966 3969 3970
f 3970 3975 3971
f 3968 3973 3969
f 3969 3974 3970
f 3974 3979 3975
f 3973 3976 3977
f 3974 3977 3978
f 3979 3982 3983
f 3976 3981 3977
f 3977 3982 3978
f 3982 3987 3983
f 3981 3984 3985
f 3982 3985 3986
f 3987 3990 3991
f 3984 3989 3985
f 3985 3990 3986
f 3991 3994 3995
f 3989 3992 3993
f 3990 3993 3994
f 3995 3998 3999
f 3992 3997 3993
f 3993 3998 3994
f 3998 4003 3999
f 3997 4000 4001
f 3998 4001 4002
f 4002 4007 4003
f 4000 4005 4001
f 4001 4006 4002
f 4006 4011 4007
f 4005 4008 4009
f 4006 4009 4010
f 4011 4014 4015
f 4008 4013 4009
f 4009 4014 4010
f 4014 4019 4015
f 4013 4016 4017
f 4014 4017 4018
f 4019 4022 4023
f 4016 4021 4017
f 4017 4022 4018
f 4023 4026 4027
f 4021 4024 4025
f 4022 4025 4026
f 4027 4030 4031
f 4024 4029 4025
f 4025 4030 4026
f 4031 4034 4035
f 4029 4032 4033
f 4030 4033 4034
f 4034 4039 4035
f 4032 4037 4033
f 4033 4038 4034
f 4038 4043 4039
f 4037 4040 4041
f 4038 4041 4042
f 4043 4046 4047
f 4040 4045 4041
f 4041 4046 4042
f 4046 4051 4047
f 4045 4048 4049
f 4046 4049 4050
f 4051 4055 4056
f 4048 4054 4049
f 4049 4055 4050
f 4056 4059 4060
f 4053 4058 4054
f 4055 4058 4059
f 3932 4052 3936
f 3936 4052 3940
f 3940 4052 3944
f 3944 4052 3948
f 3948 4052 3952
f 3952 4052 3956
f 3956 4052 3960
f 3960 4052 3964
f 3964 4052 3968
f 3968 4052 3972
f 3972 4052 3976
f 3976 4052 3980
f 3980 4052 3984
f 3984 4052 3988
f 3988 4052 3992
f 3992 4052 3996
f 3996 4052 4000
f 4000 4052 4004
f 4004 4052 4008
f 4008 4052 4012
f 4012 4052 4016
f 4016 4052 4020
f 4020 4052 4024
f 4024 4052 4028
f 4028 4052 4032
f 4032 4052 4036
f 4036 4052 4040
f 4040 4052 4044
f 4044 4052 4048
f 4048 4052 4053
f 4053 4052 4057
f 4060 3934 3935
f 4058 3932 3933
f 4058 3934 4059
f 4057 4052 3932
f 4069 4081 4082
f 4066 4080 4067
f 4065 4077 4078
f 4063 4075 4076
f 4071 4085 4072
f 4069 4083 4070
f 4067 4081 4068
f 4066 4078 4079
f 4063 4077 4064
f 4061 4075 4062
f 4072 4086 4073
f 4071 4083 4084
f 4076 4090 4077
f 4074 4088 4075
f 4086 4098 4099
f 4083 4097 4084
f 4082 4094 4095
f 4079 4093 4080
f 4078 4090 4091
f 4076 4088 4089
f 4085 4097 4098
f 4082 4096 4083
f 4080 4094 4081
f 4079 4091 4092
f 4089 4103 4090
f 4088 4100 4101
f 4098 4112 4099
f 4096 4110 4097
f 4095 4107 4108
f 4092 4106 4093
f 4090 4104 4091
f 4089 4101 4102
f 4097 4111 4098
f 4095 4109 4096
f 4094 4106 4107
f 4092 4104 4105
f 4103 4115 4116
f 4100 4114 4101
f 4112 4124 4125
f 4110 4122 4123
f 4107 4121 4108
f 4105 4119 4106
f 4103 4117 4104
f 4101 4115 4102
f 4110 4124 4111
f 4109 4121 4122
f 4107 4119 4120
f 4105 4117 4118
f 4115 4129 4116
f 4114 4126 4127
f 4124 4138 4125
f 4123 4135 4136
f 4120 4134 4121
f 4119 4131 4132
f 4117 4129 4130
f 4114 4128 4115
f 4124 4136 4137
f 4122 4134 4135
f 4119 4133 4120
f 4117 4131 4118
f 4129 4141 4142
f 4126 4140 4127
f 4138 4150 4151
f 4136 4148 4149
f 4133 4147 4134
f 4131 4145 4132
f 4130 4142 4143
f 4127 4141 4128
f 4137 4149 4150
f 4135 4147 4148
f 4132 4146 4133
f 4131 4143 4144
f 4142 4154 4155
f 4140 4152 4153
f 4150 4164 4151
f 4149 4161 4162
f 4146 4160 4147
f 4144 4158 4145
f 4142 4156 4143
f 4140 4154 4141
f 4149 4163 4150
f 4148 4160 4161
f 4146 4158 4159
f 4144 4156 4157
f 4155 4167 4168
f 4153 4165 4166
f 4163 4177 4164
f 4161 4175 4162
f 4159 4173 4160
f 4158 4170 4171
f 4155 4169 4156
f 4153 4167 4154
f 4163 4175 4176
f 4161 4173 4174
f 4159 4171 4172
f 4156 4170 4157
f 4167 4181 4168
f 4165 4179 4166
f 4176 4190 4177
f 4175 4187 4188
f 4173 4185 4186
f 4170 4184 4171
f 4169 4181 4182
f 4167 4179 4180
f 4175 4189 4176
f 4173 4187 4174
f 4171 4185 4172
f 4170 4182 4183
f 4180 4194 4181
f 4178 4192 4179
f 4190 4202 4203
f 4187 4201 4188
f 4186 4198 4199
f 4183 4197 4184
f 4182 4194 4195
f 4180 4192 4193
f 4189 4201 4202
f 4186 4200 4187
f 4184 4198 4185
f 4183 4195 4196
f 4193 4207 4194
f 4192 4204 4205
f 4202 4216 4203
f 4200 4214 4201
f 4199 4211 4212
f 4196 4210 4197
f 4194 4208 4195
f 4193 4205 4206
f 4201 4215 4202
f 4199 4213 4200
f 4198 4210 4211
f 4196 4208 4209
f 4207 4219 4220
f 4204 4218 4205
f 4216 4228 4229
f 4213 4227 4214
f 4211 4225 4212
f 4209 4223 4210
f 4207 4221 4208
f 4205 4219 4206
f 4214 4228 4215
f 4213 4225 4226
f 4211 4223 4224
f 4209 4221 4222
f 4219 4233 4220
f 4218 4230 4231
f 4228 4242 4229
f 4226 4240 4227
f 4225 4237 4238
f 4223 4235 4236
f 4221 4233 4234
f 4218 4232 4219
f 4228 4240 4241
f 4226 4238 4239
f 4223 4237 4224
f 4221 4235 4222
f 4233 4245 4246
f 4230 4244 4231
f 4242 4254 4255
f 4240 4252 4253
f 4237 4251 4238
f 4235 4249 4236
f 4234 4246 4247
f 4231 4245 4232
f 4241 4253 4254
f 4239 4251 4252
f 4236 4250 4237
f 4235 4247 4248
f 4246 4258 4259
f 4244 4256 4257
f 4254 4268 4255
f 4253 4265 4266
f 4250 4264 4251
f 4248 4262 4249
f 4246 4260 4247
f 4244 4258 4245
f 4253 4267 4254
f 4252 4264 4265
f 4250 4262 4263
f 4248 4260 4261
f 4259 4271 4272
f 4257 4269 4270
f 4267 4281 4268
f 4265 4279 4266
f 4263 4277 4264
f 4262 4274 4275
f 4259 4273 4260
f 4257 4271 4258
f 4266 4280 4267
f 4265 4277 4278
f 4263 4275 4276
f 4260 4274 4261
f 4271 4285 4272
f 4269 4283 4270
f 4281 4293 4294
f 4279 4291 4292
f 4277 4289 4290
f 4274 4288 4275
f 4273 4285 4286
f 4271 4283 4284
f 4280 4292 4293
f 4277 4291 4278
f 4275 4289 4276
f 4274 4286 4287
f 4284 4298 4285
f 4282 4296 4283
f 4294 4306 4307
f 4291 4305 4292
f 4290 4302 4303
f 4287 4301 4288
f 4286 4298 4299
f 4284 4296 4297
f 4293 4305 4306
f 4290 4304 4291
f 4288 4302 4289
f 4287 4299 4300
f 4297 4311 4298
f 4296 4308 4309
f 4306 4320 4307
f 4304 4318 4305
f 4303 4315 4316
f 4300 4314 4301
f 4298 4312 4299
f 4297 4309 4310
f 4305 4319 4306
f 4304 4316 4317
f 4302 4314 4315
f 4300 4312 4313
f 4310 4324 4311
f 4308 4322 4309
f 4320 4332 4333
f 4318 4330 4331
f 4316 4328 4329
f 4313 4327 4314
f 4311 4325 4312
f 4310 4322 4323
f 4318 4332 4319
f 4316 4330 4317
f 4315 4327 4328
f 4312 4326 4313
f 4323 4337 4324
f 4322 4334 4335
f 4332 4346 4333
f 4330 4344 4331
f 4329 4341 4342
f 4327 4339 4340
f 4325 4337 4338
f 4322 4336 4323
f 4332 4344 4345
f 4330 4342 4343
f 4327 4341 4328
f 4325 4339 4326
f 4337 4350 4351
f 4334 4349 4335
f 4346 4359 4360
f 4344 4357 4358
f 4341 4356 4342
f 4340 4353 4354
f 4338 4351 4352
f 4335 4350 4336
f 4345 4358 4359
f 4343 4356 4357
f 4340 4355 4341
f 4338 4353 4339
f 4351 4363 4364
f 4349 4361 4362
f 4359 4373 4360
f 4358 4370 4371
f 4355 4369 4356
f 4354 4366 4367
f 4351 4365 4352
f 4349 4363 4350
f 4358 4372 4359
f 4357 4369 4370
f 4355 4367 4368
f 4352 4366 4353
f 4364 4376 4377
f 4362 4374 4375
f 4373 4385 4386
f 4370 4384 4371
f 4368 4382 4369
f 4367 4379 4380
f 4364 4378 4365
f 4362 4376 4363
f 4372 4384 4385
f 4370 4382 4383
f 4368 4380 4381
f 4365 4379 4366
f 4376 4390 4377
f 4374 4388 4375
f 4385 4399 4386
f 4384 4396 4397
f 4382 4394 4395
f 4379 4393 4380
f 4378 4390 4391
f 4376 4388 4389
f 4384 4398 4385
f 4382 4396 4383
f 4380 4394 4381
f 4379 4391 4392
f 4389 4403 4390
f 4387 4401 4388
f 4399 4411 4412
f 4396 4410 4397
f 4395 4407 4408
f 4393 4405 4406
f 4391 4403 4404
f 4389 4401 4402
f 4398 4410 4411
f 4395 4409 4396
f 4393 4407 4394
f 4391 4405 4392
f 4402 4416 4403
f 4401 4413 4414
f 4411 4425 4412
f 4409 4423 4410
f 4408 4420 4421
f 4406 4418 4419
f 4403 4417 4404
f 4402 4414 4415
f 4410 4424 4411
f 4408 4422 4409
f 4407 4419 4420
f 4404 4418 4405
f 4416 4428 4429
f 4413 4427 4414
f 4425 4437 4438
f 4423 4435 4436
f 4421 4433 4434
f 4418 4432 4419
f 4416 4430 4417
f 4415 4427 4428
f 4423 4437 4424
f 4421 4435 4422
f 4420 4432 4433
f 4418 4430 4431
f 4428 4442 4429
f 4426 4440 4427
f 4437 4451 4438
f 4435 4449 4436
f 4434 4446 4447
f 4432 4444 4445
f 4430 4442 4443
f 4427 4441 4428
f 4437 4449 4450
f 4435 4447 4448
f 4432 4446 4433
f 4430 4444 4431
f 4442 4454 4455
f 4439 4453 4440
f 4451 4463 4464
f 4449 4461 4462
f 4446 4460 4447
f 4444 4458 4445
f 4443 4455 4456
f 4440 4454 4441
f 4450 4462 4463
f 4447 4461 4448
f 4445 4459 4446
f 4444 4456 4457
f 4455 4467 4468
f 4453 4465 4466
f 4463 4477 4464
f 4462 4474 4475
f 4459 4473 4460
f 4457 4471 4458
f 4455 4469 4456
f 4453 4467 4454
f 4462 4476 4463
f 4461 4473 4474
f 4459 4471 4472
f 4457 4469 4470
f 4347 4073 4086
f 4347 4086 4099
f 4347 4099 4112
f 4347 4112 4125
f 4347 4125 4138
f 4347 4138 4151
f 4347 4151 4164
f 4347 4164 4177
f 4347 4177 4190
f 4347 4190 4203
f 4347 4203 4216
f 4347 4216 4229
f 4347 4229 4242
f 4347 4242 4255
f 4347 4255 4268
f 4347 4268 4281
f 4347 4281 4294
f 4347 4294 4307
f 4347 4307 4320
f 4347 4320 4333
f 4347 4333 4346
f 4347 4346 4360
f 4347 4360 4373
f 4347 4373 4386
f 4347 4386 4399
f 4347 4399 4412
f 4347 4412 4425
f 4347 4425 4438
f 4347 4438 4451
f 4347 4451 4464
f 4347 4464 4477
f 4468 4063 4064
f 4466 4061 4062
f 4477 4072 4073
f 4474 4071 4475
f 4472 4069 4473
f 4471 4066 4067
f 4468 4065 4469
f 4466 4063 4467
f 4347 4477 4073
f 4476 4071 4072
f 4474 4069 4070
f 4472 4067 4068
f 4469 4066 4470
f 3935 4465 4060
f 4465 4056 4060
f 4452 4051 4056
f 4439 4047 4051
f 4047 4413 4043
f 4043 4400 4039
f 4039 4387 4035
f 4387 4031 4035
f 4031 4361 4027
f 4361 4023 4027
f 4348 4019 4023
f 4334 4015 4019
f 4015 4308 4011
f 4011 4295 4007
f 4007 4282 4003
f 4282 3999 4003
f 3999 4256 3995
f 4256 3991 3995
f 4243 3987 3991
f 4230 3983 3987
f 3983 4204 3979
f 3979 4191 3975
f 3975 4178 3971
f 4178 3967 3971
f 3967 4152 3963
f 4152 3959 3963
f 4139 3955 3959
f 4126 3951 3955
f 3951 4100 3947
f 3947 4087 3943
f 3943 4074 3939
f 4074 3935 3939
f 4480 4483 4484
f 4480 4485 4481
f 4479 4482 4483
f 4484 4489 4485
f 4482 4487 4483
f 4483 4488 4484
f 4488 4493 4489
f 4487 4490 4491
f 4488 4491 4492
f 4493 4496 4497
f 4490 4495 4491
f 4491 4496 4492
f 4496 4501 4497
f 4495 4498 4499
f 4496 4499 4500
f 4501 4504 4505
f 4498 4503 4499
f 4499 4504 4500
f 4505 4508 4509
f 4503 4506 4507
f 4504 4507 4508
f 4509 4512 4513
f 4506 4511 4507
f 4507 4512 4508
f 4513 4516 4517
f 4511 4514 4515
f 4512 4515 4516
f 4516 4521 4517
f 4514 4519 4515
f 4515 4520 4516
f 4520 4525 4521
f 4518 4523 4519
f 4520 4523 4524
f 4525 4528 4529
f 4522 4527 4523
f 4523 4528 4524
f 4528 4533 4529
f 4527 4530 4531
f 4528 4531 4532
f 4533 4536 4537
f 4530 4535 4531
f 4531 4536 4532
f 4537 4540 4541
f 4534 4539 4535
f 4536 4539 4540
f 4541 4544 4545
f 4539 4542 4543
f 4539 4544 4540
f 4544 4549 4545
f 4542 4547 4543
f 4544 4547 4548
f 4548 4553 4549
f 4547 4550 4551
f 4547 4552 4548
f 4552 4557 4553
f 4551 4554 4555
f 4552 4555 4556
f 4557 4560 4561
f 4554 4559 4555
f 4555 4560 4556
f 4560 4565 4561
f 4559 4562 4563
f 4560 4563 4564
f 4565 4568 4569
f 4562 4567 4563
f 4563 4568 4564
f 4569 4572 4573
f 4567 4570 4571
f 4568 4571 4572
f 4572 4577 4573
f 4570 4575 4571
f 4571 4576 4572
f 4576 4581 4577
f 4575 4578 4579
f 4576 4579 4580
f 4580 4585 4581
f 4578 4583 4579
f 4579 4584 4580
f 4584 4589 4585
f 4583 4586 4587
f 4584 4587 4588
f 4589 4592 4593
f 4586 4591 4587
f 4587 4592 4588
f 4592 4597 4593
f 4591 4594 4595
f 4592 4595 4596
f 4597 4601 4602
f 4594 4600 4595
f 4595 4601 4596
f 4602 4605 4606
f 4600 4603 4604
f 4601 4604 4605
f 4478 4598 4482
f 4482 4598 4486
f 4486 4598 4490
f 4490 4598 4494
f 4494 4598 4498
f 4498 4598 4502
f 4502 4598 4506
f 4506 4598 4510
f 4510 4598 4514
f 4514 4598 4518
f 4518 4598 4522
f 4522 4598 4526
f 4526 4598 4530
f 4530 4598 4534
f 4534 4598 4538
f 4538 4598 4542
f 4542 4598 4546
f 4546 4598 4550
f 4550 4598 4554
f 4554 4598 4558
f 4558 4598 4562
f 4562 4598 4566
f 4566 4598 4570
f 4570 4598 4574
f 4574 4598 4578
f 4578 4598 4582
f 4582 4598 4586
f 4586 4598 4590
f 4590 4598 4594
f 4594 4598 4599
f 4599 4598 4603
f 4606 4480 4481
f 4603 4479 4604
f 4604 4480 4605
f 4603 4598 4478
f 4615 4627 4628
f 4612 4626 4613
f 4611 4623 4624
f 4609 4621 4622
f 4618 4630 4631
f 4615 4629 4616
f 4613 4627 4614
f 4612 4624 4625
f 4609 4623 4610
f 4607 4621 4608
f 4619 4631 4632
f 4617 4629 4630
f 4622 4636 4623
f 4620 4634 4621
f 4632 4644 4645
f 4629 4643 4630
f 4628 4640 4641
f 4626 4638 4639
f 4624 4636 4637
f 4622 4634 4635
f 4631 4643 4644
f 4628 4642 4629
f 4626 4640 4627
f 4624 4638 4625
f 4635 4649 4636
f 4634 4646 4647
f 4644 4658 4645
f 4642 4656 4643
f 4641 4653 4654
f 4639 4651 4652
f 4636 4650 4637
f 4635 4647 4648
f 4643 4657 4644
f 4642 4654 4655
f 4640 4652 4653
f 4637 4651 4638
f 4648 4662 4649
f 4646 4660 4647
f 4658 4670 4671
f 4656 4668 4669
f 4653 4667 4654
f 4651 4665 4652
f 4649 4663 4650
f 4648 4660 4661
f 4656 4670 4657
f 4654 4668 4655
f 4653 4665 4666
f 4651 4663 4664
f 4661 4675 4662
f 4660 4672 4673
f 4670 4684 4671
f 4668 4682 4669
f 4667 4679 4680
f 4665 4677 4678
f 4663 4675 4676
f 4661 4673 4674
f 4670 4682 4683
f 4667 4681 4668
f 4665 4679 4666
f 4663 4677 4664
f 4675 4687 4688
f 4672 4686 4673
f 4684 4696 4697
f 4682 4694 4695
f 4679 4693 4680
f 4678 4690 4691
f 4676 4688 4689
f 4673 4687 4674
f 4683 4695 4696
f 4681 4693 4694
f 4678 4692 4679
f 4676 4690 4677
f 4688 4700 4701
f 4686 4698 4699
f 4696 4710 4697
f 4695 4707 4708
f 4692 4706 4693
f 4691 4703 4704
f 4688 4702 4689
f 4686 4700 4687
f 4695 4709 4696
f 4694 4706 4707
f 4692 4704 4705
f 4689 4703 4690
f 4701 4713 4714
f 4699 4711 4712
f 4710 4722 4723
f 4707 4721 4708
f 4705 4719 4706
f 4704 4716 4717
f 4701 4715 4702
f 4699 4713 4700
f 4709 4721 4722
f 4707 4719 4720
f 4705 4717 4718
f 4702 4716 4703
f 4713 4727 4714
f 4711 4725 4712
f 4723 4735 4736
f 4721 4733 4734
f 4719 4731 4732
f 4716 4730 4717
f 4715 4727 4728
f 4713 4725 4726
f 4721 4735 4722
f 4719 4733 4720
f 4717 4731 4718
f 4716 4728 4729
f 4726 4740 4727
f 4724 4738 4725
f 4736 4748 4749
f 4733 4747 4734
f 4732 4744 4745
f 4730 4742 4743
f 4728 4740 4741
f 4726 4738 4739
f 4735 4747 4748
f 4732 4746 4733
f 4730 4744 4731
f 4728 4742 4729
f 4739 4753 4740
f 4738 4750 4751
f 4748 4762 4749
f 4746 4760 4747
f 4745 4757 4758
f 4743 4755 4756
f 4740 4754 4741
f 4739 4751 4752
f 4747 4761 4748
f 4745 4759 4746
f 4744 4756 4757
f 4741 4755 4742
f 4753 4765 4766
f 4750 4764 4751
f 4762 4774 4775
f 4759 4773 4760
f 4758 4770 4771
f 4755 4769 4756
f 4753 4767 4754
f 4752 4764 4765
f 4760 4774 4761
f 4758 4772 4759
f 4757 4769 4770
f 4755 4767 4768
f 4765 4779 4766
f 4764 4776 4777
f 4774 4788 4775
f 4772 4786 4773
f 4771 4783 4784
f 4769 4781 4782
f 4767 4779 4780
f 4765 4777 4778
f 4774 4786 4787
f 4771 4785 4772
f 4769 4783 4770
f 4767 4781 4768
f 4779 4791 4792
f 4776 4790 4777
f 4788 4800 4801
f 4786 4798 4799
f 4783 4797 4784
f 4782 4794 4795
f 4780 4792 4793
f 4777 4791 4778
f 4787 4799 4800
f 4785 4797 4798
f 4782 4796 4783
f 4780 4794 4781
f 4792 4804 4805
f 4790 4802 4803
f 4800 4814 4801
f 4799 4811 4812
f 4796 4810 4797
f 4795 4807 4808
f 4792 4806 4793
f 4790 4804 4791
f 4799 4813 4800
f 4798 4810 4811
f 4796 4808 4809
f 4793 4807 4794
f 4805 4817 4818
f 4803 4815 4816
f 4814 4826 4827
f 4811 4825 4812
f 4809 4823 4810
f 4808 4820 4821
f 4805 4819 4806
f 4803 4817 4804
f 4813 4825 4826
f 4811 4823 4824
f 4809 4821 4822
f 4806 4820 4807
f 4817 4831 4818
f 4815 4829 4816
f 4826 4840 4827
f 4825 4837 4838
f 4823 4835 4836
f 4820 4834 4821
f 4819 4831 4832
f 4817 4829 4830
f 4825 4839 4826
f 4823 4837 4824
f 4821 4835 4822
f 4820 4832 4833
f 4830 4844 4831
f 4828 4842 4829
f 4840 4852 4853
f 4837 4851 4838
f 4836 4848 4849
f 4834 4846 4847
f 4832 4844 4845
f 4830 4842 4843
f 4839 4851 4852
f 4836 4850 4837
f 4834 4848 4835
f 4832 4846 4833
f 4843 4857 4844
f 4842 4854 4855
f 4852 4866 4853
f 4850 4864 4851
f 4849 4861 4862
f 4847 4859 4860
f 4844 4858 4845
f 4843 4855 4856
f 4851 4865 4852
f 4849 4863 4850
f 4848 4860 4861
f 4845 4859 4846
f 4857 4869 4870
f 4855 4867 4868
f 4866 4878 4879
f 4864 4876 4877
f 4862 4874 4875
f 4859 4873 4860
f 4857 4871 4858
f 4856 4868 4869
f 4864 4878 4865
f 4862 4876 4863
f 4861 4873 4874
f 4859 4871 4872
f 4869 4883 4870
f 4868 4880 4881
f 4878 4892 4879
f 4877 4889 4890
f 4874 4888 4875
f 4873 4885 4886
f 4871 4883 4884
f 4868 4882 4869
f 4878 4890 4891
f 4876 4888 4889
f 4873 4887 4874
f 4871 4885 4872
f 4883 4896 4897
f 4880 4895 4881
f 4892 4905 4906
f 4890 4903 4904
f 4887 4902 4888
f 4885 4900 4886
f 4884 4897 4898
f 4881 4896 4882
f 4891 4904 4905
f 4889 4902 4903
f 4886 4901 4887
f 4885 4898 4899
f 4897 4909 4910
f 4895 4907 4908
f 4905 4919 4906
f 4904 4916 4917
f 4901 4915 4902
f 4899 4913 4900
f 4897 4911 4898
f 4895 4909 4896
f 4904 4918 4905
f 4903 4915 4916
f 4901 4913 4914
f 4899 4911 4912
f 4910 4922 4923
f 4908 4920 4921
f 4919 4931 4932
f 4916 4930 4917
f 4914 4928 4915
f 4913 4925 4926
f 4910 4924 4911
f 4908 4922 4909
f 4918 4930 4931
f 4916 4928 4929
f 4914 4926 4927
f 4911 4925 4912
f 4922 4936 4923
f 4920 4934 4921
f 4931 4945 4932
f 4930 4942 4943
f 4928 4940 4941
f 4925 4939 4926
f 4924 4936 4937
f 4922 4934 4935
f 4930 4944 4931
f 4928 4942 4929
f 4926 4940 4927
f 4925 4937 4938
f 4935 4949 4936
f 4933 4947 4934
f 4945 4957 4958
f 4942 4956 4943
f 4941 4953 4954
f 4938 4952 4939
f 4937 4949 4950
f 4935 4947 4948
f 4944 4956 4957
f 4941 4955 4942
f 4939 4953 4940
f 4938 4950 4951
f 4948 4962 4949
f 4947 4959 4960
f 4957 4971 4958
f 4955 4969 4956
f 4954 4966 4967
f 4951 4965 4952
f 4949 4963 4950
f 4948 4960 4961
f 4956 4970 4957
f 4954 4968 4955
f 4953 4965 4966
f 4951 4963 4964
f 4962 4974 4975
f 4959 4973 4960
f 4971 4983 4984
f 4968 4982 4969
f 4966 4980 4967
f 4964 4978 4965
f 4962 4976 4963
f 4960 4974 4961
f 4969 4983 4970
f 4967 4981 4968
f 4966 4978 4979
f 4964 4976 4977
f 4975 4987 4988
f 4973 4985 4986
f 4983 4997 4984
f 4981 4995 4982
f 4979 4993 4980
f 4978 4990 4991
f 4976 4988 4989
f 4973 4987 4974
f 4983 4995 4996
f 4981 4993 4994
f 4978 4992 4979
f 4976 4990 4977
f 4988 5000 5001
f 4985 4999 4986
f 4997 5009 5010
f 4995 5007 5008
f 4992 5006 4993
f 4991 5003 5004
f 4989 5001 5002
f 4986 5000 4987
f 4996 5008 5009
f 4994 5006 5007
f 4991 5005 4992
f 4989 5003 4990
f 5001 5013 5014
f 4999 5011 5012
f 5009 5023 5010
f 5008 5020 5021
f 5005 5019 5006
f 5004 5016 5017
f 5001 5015 5002
f 4999 5013 5000
f 5008 5022 5009
f 5007 5019 5020
f 5005 5017 5018
f 5002 5016 5003
f 4893 4619 4632
f 4893 4632 4645
f 4893 4645 4658
f 4893 4658 4671
f 4893 4671 4684
f 4893 4684 4697
f 4893 4697 4710
f 4893 4710 4723
f 4893 4723 4736
f 4893 4736 4749
f 4893 4749 4762
f 4893 4762 4775
f 4893 4775 4788
f 4893 4788 4801
f 4893 4801 4814
f 4893 4814 4827
f 4893 4827 4840
f 4893 4840 4853
f 4893 4853 4866
f 4893 4866 4879
f 4893 4879 4892
f 4893 4892 4906
f 4893 4906 4919
f 4893 4919 4932
f 4893 4932 4945
f 4893 4945 4958
f 4893 4958 4971
f 4893 4971 4984
f 4893 4984 4997
f 4893 4997 5010
f 4893 5010 5023
f 5014 4609 4610
f 5012 4607 4608
f 5022 4619 5023
f 5020 4617 5021
f 5018 4615 5019
f 5017 4612 4613
f 5014 4611 5015
f 5012 4609 5013
f 4893 5023 4619
f 5021 4618 5022
f 5020 4615 4616
f 5018 4613 4614
f 5015 4612 5016
f 4481 5011 4606
f 5011 4602 4606
f 4998 4597 4602
f 4985 4593 4597
f 4593 4959 4589
f 4589 4946 4585
f 4585 4933 4581
f 4933 4577 4581
f 4577 4907 4573
f 4907 4569 4573
f 4894 4565 4569
f 4880 4561 4565
f 4561 4854 4557
f 4557 4841 4553
f 4553 4828 4549
f 4828 4545 4549
f 4545 4802 4541
f 4802 4537 4541
f 4789 4533 4537
f 4776 4529 4533
f 4529 4750 4525
f 4525 4737 4521
f 4521 4724 4517
f 4724 4513 4517
f 4513 4698 4509
f 4698 4505 4509
f 4685 4501 4505
f 4672 4497 4501
f 4497 4646 4493
f 4493 4633 4489
f 4489 4620 4485
f 4620 4481 4485
f 4 3 2
f 8 7 6
f 13 16 15
f 17 28 19
f 32 31 30
f 36 35 34
f 37 40 39
f 21 22 23
f 25 26 27
f 41 44 43
f 48 47 46
f 52 51 50
f 53 56 55
f 60 59 58
f 29 30 62
f 66 65 64
f 67 5 6
f 72 71 70
f 76 75 74
f 77 80 79
f 81 84 83
f 59 87 86
f 88 91 90
f 96 95 94
f 100 99 98
f 101 104 103
f 106 105 34
f 108 116 115
f 117 119 36
f 124 127 126
f 131 130 129
f 132 102 134
f 142 141 140
f 148 106 60
f 144 143 127
f 149 152 151
f 156 155 154
f 159 150 158
f 116 108 164
f 171 170 169
f 174 126 173
f 179 182 181
f 186 189 188
f 194 197 196
f 199 142 139
f 206 209 208
f 213 212 211
f 202 215 214
f 96 93 216
f 92 238 43
f 97 184 246
f 250 249 229
f 252 254 58
f 258 257 256
f 260 91 229
f 110 111 112
f 114 264 263
f 265 268 267
f 56 53 270
f 274 273 249
f 185 183 63
f 280 279 278
f 285 284 283
f 288 219 211
f 141 142 92
f 289 290 175
f 148 116 105
f 312 311 170
f 238 262 42
f 318 163 160
f 310 309 308
f 241 239 325
f 160 230 240
f 47 48 307
f 108 109 315
f 345 85 86
f 348 351 350
f 356 359 358
f 355 354 353
f 363 31 32
f 364 252 253
f 366 125 368
f 183 372 371
f 163 162 161
f 209 226 101
f 378 377 165
f 379 295 381
f 383 382 3
f 284 285 386
f 387 127 389
f 391 259 229
f 73 281 397
f 405 408 407
f 203 218 411
f 414 121 413
f 1 356 357
f 277 276 131
f 254 344 57
f 358 384 415
f 417 416 386
f 401 400 192
f 419 389 127
f 421 181 182
f 103 301 302
f 428 367 368
f 380 390 359
f 62 204 266
f 140 141 431
f 357 358 351
f 356 1 379
f 415 392 403
f 437 428 436
f 438 441 440
f 188 451 450
f 265 455 181
f 224 185 64
f 237 212 213
f 275 131 128
f 281 282 460
f 50 462 79
f 73 74 282
f 468 467 466
f 390 355 352
f 482 485 484
f 489 488 487
f 493 496 495
f 472 471 470
f 502 501 500
f 220 221 222
f 512 419 143
f 518 517 511
f 513 239 230
f 205 30 31
f 189 370 451
f 163 318 532
f 533 224 225
f 446 448 447
f 335 541 540
f 544 512 546
f 329 519 291
f 199 534 262
f 385 386 416
f 532 190 191
f 363 117 118
f 578 581 580
f 573 572 571
f 561 563 562
f 241 260 259
f 590 593 592
f 545 546 595
f 503 154 155
f 606 625 624
f 478 481 480
f 646 649 648
f 590 591 689
f 564 565 651
f 728 246 184
f 714 724 716
f 692 574 575
f 541 335 581
f 346 68 248
f 161 231 230
f 128 129 94
f 698 705 704
f 574 577 576
f 290 289 401
f 630 631 725
f 733 736 735
f 755 466 496
f 759 480 481
f 757 763 762
f 764 496 466
f 768 767 3808
f 759 760 488
f 492 474 475
f 474 770 769
f 773 468 465
f 771 774 486
f 484 485 775
f 774 776 489
f 495 496 764
f 495 757 761
f 137 397 784
f 325 239 797
f 165 519 51
f 369 32 29
f 730 731 568
f 90 302 301
f 243 118 516
f 800 734 806
f 817 815 808
f 816 808 823
f 306 303 447
f 815 810 809
f 829 830 828
f 726 725 501
f 274 427 424
f 879 882 881
f 884 883 879
f 219 218 217
f 906 905 904
f 455 204 205
f 898 882 830
f 903 900 880
f 377 291 519
f 923 949 948
f 946 947 951
f 3519 740 739
f 900 899 886
f 225 64 65
f 182 445 442
f 809 952 947
f 954 960 962
f 927 950 965
f 885 879 880
f 925 927 966
f 343 342 341
f 965 964 971
f 968 971 970
f 972 968 969
f 963 961 981
f 336 337 338
f 992 993 827
f 810 815 996
f 1007 1001 1002
f 1012 826 827
f 1011 1009 1007
f 294 293 292
f 907 908 920
f 1017 579 1019
f 1020 1023 1022
f 1035 1024 1020
f 1061 1060 1047
f 1063 1061 1046
f 1044 1020 1021
f 1102 1094 1097
f 1116 1126 1118
f 1016 1015 1014
f 881 897 904
f 816 1116 1127
f 1094 948 949
f 514 342 167
f 146 145 81
f 1133 1135 1130
f 1102 1133 1126
f 822 1126 1116
f 1145 1143 1148
f 1076 1144 1151
f 1148 1143 1086
f 1109 1097 1114
f 1154 1153 1156
f 1153 925 967
f 3464 3497 463
f 1144 1147 1152
f 1156 967 1163
f 1164 1162 1169
f 1145 1171 1176
f 1114 1115 1154
f 1183 1155 1164
f 1184 1183 1177
f 1069 1151 1062
f 1023 1191 1194
f 1162 1163 1170
f 1195 1184 1185
f 1183 1196 1176
f 1201 1063 1152
f 1061 1063 1201
f 3825 847 843
f 1203 1202 1195
f 1202 1201 1184
f 1218 1060 1203
f 1060 1061 1202
f 1225 1218 1217
f 671 695 694
f 1219 1217 1024
f 1217 1203 1034
f 1226 1014 1015
f 1243 1242 1234
f 1231 1230 1229
f 847 1243 1233
f 843 1233 1244
f 1233 1234 1245
f 1923 3761 233
f 2100 2108 499
f 3914 3864 2135
f 61 62 323
f 210 211 217
f 1299 1310 1309
f 3863 1230 1231
f 1066 1047 1321
f 1322 1321 1228
f 1060 1218 1321
f 1325 1324 1323
f 1244 1245 1332
f 1290 1234 1242
f 1337 1330 1339
f 1330 1332 1340
f 1341 1332 1245
f 1342 1340 1332
f 1343 1342 1341
f 1344 1341 1294
f 3857 3856 1345
f 1347 1348 1342
f 3856 3854 1295
f 1349 1350 1348
f 3861 1349 1347
f 3853 1347 1343
f 906 898 829
f 905 906 1353
f 865 1356 1355
f 1355 1353 829
f 1357 1355 825
f 1356 1354 1353
f 3834 1337 1338
f 866 1358 1356
f 1358 1359 1354
f 3828 878 1337
f 838 1362 1012
f 1363 1364 1338
f 1368 1363 1339
f 1348 1368 1340
f 1371 1369 3824
f 524 525 526
f 528 529 530
f 1372 1370 1369
f 535 536 537
f 1367 1368 1348
f 1370 1354 1359
f 1369 1359 3833
f 1373 910 903
f 555 556 557
f 1374 909 910
f 1373 904 905
f 1374 1373 1375
f 1375 905 1354
f 1378 920 908
f 376 373 651
f 1388 928 973
f 586 587 588
f 1390 1389 1388
f 1391 1388 969
f 597 598 599
f 600 601 602
f 1392 1391 970
f 608 609 610
f 612 524 523
f 614 615 616
f 617 618 25
f 620 621 622
f 1397 1390 1391
f 1398 1397 1392
f 1400 987 920
f 1402 1403 1165
f 636 637 638
f 930 1404 1402
f 641 642 643
f 929 1402 1169
f 1404 1405 1403
f 1411 1366 1365
f 1412 1406 1415
f 652 653 654
f 609 656 657
f 659 660 661
f 558 663 586
f 665 666 667
f 1413 1411 1406
f 1418 1416 3810
f 1417 1372 1371
f 1416 1371 3829
f 1419 1417 1416
f 1386 909 1374
f 677 678 679
f 1385 1386 1420
f 1420 1374 1376
f 685 686 687
f 1421 1420 1422
f 528 690 691
f 1422 1376 1372
f 1018 1019 747
f 699 700 701
f 1424 578 579
f 3663 1597 1767
f 700 699 711
f 1093 3746 3754
f 717 718 530
f 721 722 723
f 704 1650 3543
f 19 1429 1426
f 1429 1428 1427
f 1658 1659 3542
f 1439 1437 1434
f 1437 1436 1435
f 1426 1427 1433
f 1442 1431 1432
f 742 743 744
f 1432 1433 1441
f 751 752 753
f 1438 1434 1403
f 1446 1445 1444
f 1447 1448 1446
f 3860 1447 1443
f 1415 1367 1445
f 1414 1415 1446
f 2173 1683 469
f 777 778 779
f 780 781 782
f 1676 1693 1806
f 3859 1451 1349
f 789 790 791
f 745 792 793
f 652 794 795
f 1455 1458 1457
f 1454 1367 1350
f 610 691 802
f 3831 3816 698
f 1352 1044 1045
f 1015 1016 1459
f 811 812 813
f 2118 3815 3817
f 819 820 821
f 1466 1463 1194
f 1467 1468 1465
f 1182 1165 1468
f 832 812 833
f 835 836 837
f 1467 1466 1190
f 1469 1470 1444
f 840 700 712
f 1453 1470 1469
f 599 844 845
f 1226 1450 3849
f 851 852 853
f 855 744 856
f 858 859 860
f 861 862 863
f 1014 1226 3855
f 867 676 868
f 870 871 872
f 874 875 876
f 1310 1323 1471
f 1476 1433 1427
f 1461 1476 1475
f 887 888 889
f 788 791 892
f 894 895 896
f 1460 1475 1227
f 901 902 524
f 1465 1478 1477
f 1865 3503 3500
f 911 912 913
f 916 917 918
f 1850 3505 3507
f 921 922 895
f 1479 1435 1436
f 926 664 667
f 1481 562 563
f 269 1483 84
f 931 932 933
f 934 935 614
f 936 685 688
f 938 659 662
f 1484 270 122
f 941 942 835
f 320 321 509
f 1849 3510 3505
f 84 1483 1484
f 1487 1490 1488
f 1757 1758 3502
f 365 1492 1491
f 461 79 80
f 117 363 362
f 1494 540 541
f 926 601 957
f 1477 1441 1433
f 1709 1588 1585
f 119 117 1496
f 271 1497 504
f 511 517 189
f 345 1496 1492
f 57 344 299
f 1501 1499 268
f 267 268 1499
f 974 975 976
f 1678 1652 1693
f 3846 1682 1807
f 557 982 663
f 983 941 984
f 1443 1444 3849
f 421 1500 268
f 989 990 991
f 1490 1487 418
f 279 280 309
f 997 868 676
f 998 26 999
f 1504 418 38
f 1506 1508 1507
f 360 361 1508
f 1506 1486 207
f 939 1005 1006
f 270 1484 1483
f 66 63 546
f 1010 742 793
f 367 428 437
f 244 31 363
f 1670 3532 3534
f 209 206 1510
f 388 389 426
f 427 274 250
f 161 520 521
f 100 246 45
f 1025 1026 608
f 1029 1030 1031
f 939 662 1033
f 41 42 594
f 1036 780 783
f 702 701 1038
f 1040 1041 1042
f 362 32 369
f 187 1520 477
f 70 1487 539
f 1049 600 603
f 613 867 869
f 860 1050 1051
f 1005 1052 1053
f 753 1055 1056
f 1057 1058 1059
f 293 288 1522
f 288 212 1521
f 292 1522 1523
f 331 1507 1508
f 306 452 453
f 100 44 41
f 462 1524 78
f 330 331 1524
f 635 1067 1068
f 1485 1527 1526
f 206 1485 1528
f 1070 1071 1072
f 942 941 1073
f 916 933 1075
f 440 1529 1530
f 157 158 1514
f 1529 162 5
f 371 595 546
f 790 586 663
f 1077 858 857
f 1403 1434 1435
f 1080 1081 1082
f 531 520 1529
f 21 1083 1084
f 272 1532 1531
f 690 712 802
f 335 3571 3567
f 1090 1030 1029
f 1092 795 794
f 1533 396 137
f 661 660 1095
f 69 444 445
f 1099 1100 1101
f 38 39 1536
f 1104 1105 1106
f 852 1107 1108
f 1377 908 909
f 291 377 411
f 316 1536 516
f 539 1488 1533
f 1505 1536 316
f 1110 1111 1112
f 1539 1537 460
f 522 441 1537
f 834 837 1120
f 1122 1123 1124
f 612 1125 1041
f 935 793 615
f 276 278 130
f 1686 3549 3522
f 193 190 1541
f 231 521 1540
f 556 1037 982
f 365 253 85
f 190 532 318
f 1810 765 3574
f 3924 1867 3512
f 1132 983 985
f 208 101 102
f 1134 1033 662
f 1491 518 80
f 429 133 1542
f 1137 1138 915
f 172 436 428
f 1139 1140 1141
f 549 96 54
f 1517 1519 1518
f 834 1119 984
f 1543 513 286
f 1544 797 239
f 133 134 1544
f 506 361 257
f 420 327 328
f 1158 1159 1160
f 587 1104 1103
f 607 1161 1027
f 304 1546 1545
f 364 1491 77
f 69 70 198
f 700 840 1112
f 3877 626 3525
f 1166 719 657
f 1167 1168 858
f 1300 3523 3524
f 1172 1173 1174
f 218 203 200
f 1179 1180 1181
f 372 183 97
f 89 104 227
f 1186 1187 1188
f 172 173 1517
f 1482 84 81
f 1090 1192 1193
f 394 395 353
f 526 525 1198
f 1199 1200 1026
f 606 623 697
f 1204 1205 1206
f 1207 1208 523
f 1209 1210 867
f 914 913 685
f 1478 1436 1441
f 1029 1028 1161
f 1211 1212 1213
f 3858 1453 1451
f 844 1215 1216
f 423 193 273
f 1220 1221 1222
f 22 1223 1224
f 882 898 897
f 1519 1517 173
f 1189 1188 1232
f 349 350 550
f 1071 1235 1236
f 1237 1238 1239
f 1221 1186 1189
f 1510 1528 1512
f 939 1032 1241
f 1556 1530 5
f 1553 1554 394
f 404 1556 67
f 1247 1248 1249
f 142 199 238
f 1251 1067 635
f 850 1252 1253
f 1254 1167 1077
f 57 132 133
f 443 430 552
f 1187 1172 1175
f 1256 1070 831
f 432 405 382
f 741 748 747
f 434 350 351
f 349 432 383
f 251 124 1481
f 395 384 352
f 1518 1519 1550
f 1558 410 378
f 109 263 314
f 285 1514 1513
f 395 394 393
f 202 203 410
f 417 408 405
f 1246 1257 1258
f 3 1559 297
f 1259 1260 1261
f 403 404 347
f 955 954 953
f 462 50 51
f 1096 1095 687
f 429 147 60
f 896 1264 1265
f 1267 721 1268
f 423 424 327
f 37 179 180
f 20 23 1187
f 1256 1168 1071
f 1188 1175 1269
f 1236 1270 1271
f 1272 536 535
f 565 564 463
f 1273 792 745
f 876 1254 1255
f 316 33 164
f 437 1516 503
f 194 1494 1495
f 1275 1276 864
f 624 625 631
f 1277 1274 1137
f 569 568 567
f 1481 124 125
f 324 325 547
f 1279 1108 1107
f 1525 332 329
f 1281 1278 1137
f 171 168 1553
f 1488 73 396
f 1557 1561 1562
f 1282 856 1206
f 1053 1277 1278
f 778 777 607
f 713 583 3566
f 251 225 144
f 4 357 348
f 709 708 707
f 728 48 45
f 261 135 1563
f 789 1286 1287
f 74 314 263
f 403 284 385
f 1178 1181 1240
f 1223 1259 1289
f 1220 20 1186
f 296 1518 354
f 784 459 1538
f 1181 1180 1291
f 1269 1292 1257
f 1566 1538 438
f 136 784 1566
f 1563 1564 169
f 107 114 109
f 1297 1282 1298
f 1464 1477 1476
f 1520 187 507
f 1301 1302 1303
f 1306 1307 1308
f 175 456 1532
f 1532 456 200
f 1311 1266 1312
f 872 1314 1315
f 3836 843 878
f 1305 1308 864
f 1040 1275 863
f 1564 1566 399
f 592 1576 1575
f 591 1575 1088
f 1581 1584 1583
f 1196 1152 1147
f 710 582 583
f 285 407 408
f 953 954 961
f 1594 1592 1589
f 1585 1588 1587
f 1592 1591 1590
f 3885 945 944
f 1600 1599 1598
f 1604 1603 1602
f 1399 1392 979
f 1589 1590 1596
f 1610 1609 1608
f 298 257 361
f 551 552 276
f 1627 1626 3814
f 859 811 818
f 1078 857 1328
f 1555 439 1530
f 572 573 680
f 772 465 776
f 977 1281 918
f 404 403 392
f 1054 1331 750
f 1644 1645 1643
f 932 1265 1082
f 1067 1333 1334
f 1540 1539 264
f 597 1335 643
f 471 761 762
f 1642 696 3831
f 1644 1642 3842
f 923 946 950
f 96 549 548
f 520 531 522
f 445 444 443
f 849 839 848
f 480 759 755
f 1646 760 481
f 311 426 1567
f 464 463 3497
f 3497 1360 1361
f 234 237 236
f 190 193 192
f 153 154 152
f 231 287 286
f 1552 1553 1551
f 760 1646 1648
f 3832 1647 1649
f 828 827 826
f 52 167 166
f 1663 1662 1661
f 287 107 115
f 668 671 670
f 634 645 640
f 553 560 559
f 118 36 33
f 492 484 491
f 3552 1652 1651
f 582 589 584
f 384 395 392
f 1381 1382 1383
f 1562 1561 435
f 952 953 951
f 3529 3566 583
f 1660 1661 1667
f 1394 1395 1396
f 1660 1665 1664
f 1671 1670 1669
f 1624 1625 1673
f 1407 1408 1409
f 1677 1676 1675
f 1613 1679 1677
f 1679 1678 1676
f 1626 1681 3811
f 534 199 198
f 803 733 734
f 400 248 191
f 65 66 143
f 3526 1657 1656
f 402 159 157
f 629 628 627
f 461 477 49
f 758 757 495
f 796 787 786
f 406 407 1513
f 342 343 166
f 1694 1659 1658
f 1692 1687 1694
f 3557 1693 1652
f 3921 1704 1703
f 326 547 302
f 3916 3921 1702
f 3919 3918 1698
f 1699 1691 3927
f 1557 406 1560
f 1127 1116 1117
f 400 401 289
f 1706 1702 1707
f 1707 1702 1599
f 1709 1706 1708
f 1714 1712 1711
f 3919 3915 1709
f 1704 1711 1577
f 1716 1714 1713
f 1559 1562 1549
f 1722 1721 1720
f 1335 597 596
f 410 411 377
f 973 1170 1163
f 168 169 399
f 1571 682 1089
f 1572 681 682
f 749 646 647
f 1730 1724 1723
f 1594 1582 1729
f 1729 1723 1591
f 1384 1378 1377
f 1732 1731 1712
f 1724 1730 1731
f 1722 1724 1732
f 1721 1722 1733
f 1734 1733 1716
f 1735 1737 1736
f 1733 1732 1714
f 1663 1664 1741
f 1742 1665 1740
f 1738 1739 1737
f 1665 1660 1666
f 1665 1742 1744
f 1725 1726 1746
f 1591 1725 1745
f 1590 1745 1747
f 1745 1746 1748
f 1659 1688 3538
f 3287 1760 3545
f 1185 1177 1182
f 1664 1744 1749
f 1741 1749 1739
f 1746 1742 1743
f 1726 1744 1742
f 1115 924 1153
f 1654 3546 3575
f 1896 3562 3549
f 1720 1749 1744
f 1721 1739 1749
f 1750 1718 1701
f 1697 1736 1750
f 1151 1152 1063
f 1751 1752 1670
f 1695 1658 1752
f 961 962 986
f 1770 1769 1768
f 1766 1594 1593
f 1731 1759 1579
f 1579 1777 1774
f 3928 1772 1771
f 1764 1772 3928
f 1777 1776 1775
f 3762 3763 1699
f 1004 1127 1128
f 1774 1775 1771
f 987 1400 1399
f 1578 1774 1772
f 1783 1782 1781
f 1597 1598 1770
f 639 1878 3895
f 3928 3929 1769
f 1793 1792 1789
f 3929 3920 1798
f 3508 3516 3773
f 1802 1867 3924
f 1788 1790 1794
f 1793 1794 1795
f 3773 3772 1675
f 1584 1581 1783
f 1771 1797 3920
f 1801 1799 1798
f 1768 1769 1798
f 1775 1796 1797
f 508 514 515
f 1796 1803 1802
f 1800 1798 3920
f 1794 1805 1804
f 3532 1670 1752
f 485 1808 1807
f 3809 3844 1640
f 3837 3844 1810
f 485 482 1640
f 1690 1691 3770
f 487 488 1648
f 3839 1813 1816
f 3838 1811 1648
f 3839 1812 1811
f 1812 1809 487
f 1641 1809 767
f 465 466 755
f 767 1815 3823
f 3822 1816 3826
f 1809 1812 1815
f 3837 1653 1651
f 675 672 3541
f 1814 1649 1822
f 1821 1822 3821
f 1824 1822 1649
f 1827 1849 1850
f 1668 1669 1662
f 1779 1780 1848
f 1790 1827 1805
f 1833 1836 1853
f 3521 3506 693
f 1614 1615 1616
f 1852 1853 3498
f 1620 1621 1622
f 1855 1765 1574
f 1847 1852 3501
f 1766 1765 1855
f 1629 1630 1631
f 1633 1622 1634
f 1635 1636 1637
f 1848 1833 1852
f 1855 1861 1863
f 1803 1866 1867
f 1862 1863 1831
f 1782 1855 1862
f 3922 3924 1865
f 1873 1872 1870
f 1874 1869 799
f 2045 3878 3897
f 1219 1345 1295
f 1615 1614 1396
f 3884 3895 1877
f 645 3898 3786
f 1345 1219 1035
f 634 639 3884
f 15 1887 1327
f 3910 3895 1878
f 1894 604 605
f 3506 3551 627
f 3560 640 645
f 340 341 454
f 1897 194 195
f 1889 1882 1877
f 1901 94 129
f 196 749 754
f 1705 1704 3921
f 340 378 166
f 1570 1480 563
f 1904 1494 194
f 1781 1862 1832
f 1905 549 55
f 1000 994 995
f 986 919 920
f 1191 1185 1190
f 2094 2077 2075
f 1920 1921 1919
f 453 454 1912
f 1915 1919 1918
f 3882 2112 2106
f 1655 3575 3531
f 1916 1918 1926
f 704 3554 3561
f 278 1916 1925
f 3565 3564 1818
f 1097 949 1115
f 1927 1928 727
f 3578 3579 3654
f 1920 310 307
f 1929 307 48
f 503 504 1497
f 1902 1903 787
f 1816 1821 3820
f 1925 1926 1923
f 1535 1569 1568
f 254 252 258
f 1509 1497 366
f 119 86 35
f 219 288 293
f 141 46 47
f 542 205 244
f 1940 552 430
f 1779 1828 1827
f 1701 1710 3915
f 1661 3550 3515
f 270 53 754
f 197 1947 749
f 1727 1728 1212
f 53 54 232
f 1465 1468 1479
f 1284 3862 3854
f 1951 446 412
f 168 398 1554
f 1486 1485 206
f 506 77 78
f 994 1001 1007
f 951 953 963
f 1013 3859 3861
f 3826 3820 1820
f 1498 1909 1954
f 299 298 543
f 1754 1755 1756
f 1681 469 1683
f 1696 1694 1695
f 13 14 738
f 473 476 475
f 482 1641 768
f 204 62 30
f 1761 1762 820
f 611 1763 1125
f 1501 1503 1908
f 1074 1073 711
f 1960 1944 82
f 120 1956 1960
f 35 86 87
f 1773 1199 1025
f 1965 1545 1569
f 494 761 471
f 1966 1967 1969
f 446 1951 1971
f 174 368 125
f 1580 1579 1578
f 1785 1786 1787
f 1972 1546 304
f 1254 876 875
f 1973 341 342
f 321 1912 1973
f 1910 277 275
f 509 1973 514
f 1486 1507 1527
f 1974 1874 804
f 1977 1976 1974
f 1980 448 1966
f 379 1 2
f 1718 1715 1710
f 884 995 992
f 1680 1684 1678
f 902 990 525
f 344 255 256
f 135 138 137
f 448 446 1967
f 589 605 604
f 910 909 908
f 1981 1966 1968
f 1982 1981 1987
f 1988 1979 1987
f 1990 1988 1989
f 1991 1989 1993
f 322 321 320
f 992 828 830
f 1144 1076 1086
f 1995 1977 1978
f 1133 1129 1118
f 1997 1995 1994
f 870 1823 1335
f 805 806 1982
f 727 184 2000
f 1996 1994 1988
f 1994 1978 1979
f 1829 616 792
f 1830 1073 941
f 798 803 800
f 729 732 731
f 2011 2012 2023
f 1834 1835 846
f 402 283 284
f 2022 2023 2024
f 1838 718 989
f 810 955 952
f 1823 1839 1840
f 1430 1426 1432
f 1215 844 1841
f 1316 1208 873
f 2112 1401 1384
f 1842 1843 1844
f 1159 846 845
f 837 27 1846
f 1971 1951 2030
f 517 369 370
f 1471 2026 2027
f 3551 3525 626
f 2174 2175 770
f 935 934 1854
f 1613 1619 1611
f 1231 1228 1225
f 1856 1857 891
f 1300 1309 748
f 1150 1149 1858
f 1643 606 696
f 1215 1265 1264
f 1320 1860 902
f 1956 1943 1944
f 2031 668 669
f 2034 1325 1310
f 1879 1880 1656
f 40 245 242
f 1992 1993 2039
f 888 958 957
f 1882 1889 1996
f 1078 1138 1255
f 1871 912 1192
f 294 411 218
f 1323 2041 2026
f 123 1960 83
f 1324 2036 2041
f 384 358 359
f 1324 1325 2038
f 1883 1884 1885
f 287 1540 114
f 1096 1886 1134
f 915 1329 931
f 806 1980 1981
f 3533 3529 584
f 1425 2030 2042
f 1018 2042 1948
f 3562 1896 740
f 1948 2042 649
f 1881 1882 1990
f 1900 129 130
f 992 995 994
f 923 927 925
f 3878 2045 2047
f 1643 2048 625
f 2050 2052 2051
f 2045 1405 1404
f 3876 2047 945
f 1139 1080 1079
f 1037 1856 892
f 2055 2053 2057
f 1198 989 718
f 1619 2058 1612
f 2058 1605 1606
f 2059 2060 1607
f 2058 1619 1624
f 71 72 179
f 405 406 1557
f 322 1548 1972
f 2061 2052 2063
f 2066 2065 2067
f 2052 2061 2064
f 1609 1610 2066
f 1515 151 152
f 1009 827 993
f 1644 3843 3815
f 279 1915 1916
f 1285 3863 3862
f 1647 2066 1825
f 2056 2057 2067
f 319 320 1953
f 667 666 1913
f 2070 631 625
f 2052 2050 2055
f 2038 1654 1655
f 1606 1601 2073
f 1235 1917 1270
f 2072 2073 2075
f 2059 1606 2072
f 2074 2075 2077
f 1601 1602 2078
f 2049 2048 1643
f 1000 1004 1001
f 1089 943 684
f 1931 1286 1306
f 1462 1459 1021
f 1932 1933 1934
f 875 874 1846
f 1936 1051 1937
f 44 45 46
f 1534 1955 1956
f 1541 318 317
f 2081 2082 2084
f 146 1945 1959
f 1360 1941 1942
f 985 984 1032
f 1995 1997 1892
f 2079 2080 2082
f 2095 2096 2076
f 2081 2093 2078
f 2055 2050 2054
f 501 2096 2095
f 2097 2100 2099
f 2098 2099 2094
f 2140 2141 3893
f 2141 2046 3894
f 2051 2070 2048
f 592 2102 2101
f 2071 2064 2076
f 2102 2097 2098
f 593 2103 2102
f 1019 1895 746
f 1950 11 12
f 725 2071 2096
f 1385 2105 2104
f 1379 2104 2106
f 2107 2108 2100
f 3908 726 502
f 3896 502 499
f 940 1389 2109
f 928 929 1170
f 3868 590 684
f 1962 1963 1964
f 3878 680 573
f 2039 1993 1968
f 1389 1390 2110
f 1398 2111 2113
f 3757 3755 3753
f 3911 3883 2107
f 949 923 924
f 260 241 324
f 1390 1397 2113
f 2070 2051 2064
f 3867 3911 2103
f 2105 1385 1421
f 2114 1421 1423
f 3892 2114 2115
f 3908 2105 2114
f 554 2116 1902
f 972 1163 967
f 1765 1593 1573
f 1984 1985 1986
f 2053 2117 2069
f 3573 3556 724
f 1625 1677 1674
f 3881 3888 2119
f 3903 2115 2123
f 56 1954 1906
f 626 3877 3879
f 2001 2002 2003
f 3912 3841 2127
f 2006 2007 2008
f 2127 1413 1412
f 2014 2015 2016
f 2018 2019 2020
f 1495 1424 1947
f 1379 1377 1386
f 3814 3811 1680
f 2029 1885 1884
f 3902 2128 2120
f 629 3879 3914
f 682 683 943
f 724 1650 2121
f 1757 1819 3821
f 765 1810 3844
f 3851 714 715
f 706 707 3870
f 981 986 987
f 1457 1868 1656
f 2017 2016 2032
f 1458 1655 1868
f 1776 1777 1792
f 1959 1945 1946
f 3663 3715 3725
f 3913 3881 2122
f 1093 1089 689
f 966 965 968
f 3852 715 3881
f 2172 3577 2170
f 670 2138 2137
f 3761 787 1903
f 1429 19 28
f 964 963 978
f 3841 3813 1413
f 1473 1474 669
f 3834 3833 1359
f 2138 798 1870
f 1872 1473 2137
f 715 716 3888
f 1881 1991 1992
f 3843 3842 739
f 1837 1847 3513
f 253 58 59
f 1808 3837 3840
f 1647 3832 3818
f 3865 3866 671
f 2112 3882 3883
f 1405 2045 2044
f 3829 3824 1364
f 273 1541 391
f 576 632 3520
f 3875 3865 668
f 1430 1431 2140
f 2136 3850 3860
f 1430 2139 18
f 3893 3894 570
f 1442 1439 2046
f 1431 1442 2141
f 3869 3913 3850
f 3808 3823 1817
f 3866 3893 695
f 2142 2025 798
f 571 2143 2142
f 3819 3814 1618
f 2143 2022 2025
f 694 2142 2138
f 681 1572 2144
f 2144 2011 2022
f 328 210 457
f 1572 2010 2011
f 630 3892 3903
f 2085 2086 2087
f 2090 2091 2092
f 572 2144 2143
f 1875 1976 2153
f 1873 1875 2149
f 2103 2107 2097
f 2157 2043 2155
f 2128 1412 1414
f 3874 3871 589
f 3872 3870 628
f 2149 2153 2158
f 2159 2158 3905
f 698 3907 3902
f 3823 3847 3827
f 2158 2156 3874
f 1438 2044 2046
f 2035 2154 2160
f 2161 2160 3889
f 3871 3891 605
f 3873 17 18
f 370 29 61
f 649 1951 413
f 2153 2157 2156
f 1428 1429 1449
f 1490 76 73
f 3890 3905 710
f 2155 1891 3891
f 1456 1457 1880
f 2125 2088 2087
f 2160 2159 3890
f 300 1959 505
f 1064 1062 1046
f 2043 1892 1891
f 2129 2130 2004
f 2131 2132 2133
f 3848 3849 1450
f 1998 1975 804
f 3879 673 3864
f 474 492 490
f 1164 1165 1182
f 707 2162 3909
f 708 1472 2162
f 2162 2161 3886
f 548 549 1905
f 1145 1136 1114
f 705 2121 1650
f 2043 2157 1977
f 737 738 554
f 1034 1195 1191
f 458 1905 1907
f 195 196 232
f 2040 2039 1969
f 2145 2146 2147
f 2054 2050 2049
f 3832 1646 1639
f 9 12 11
f 252 364 506
f 472 478 479
f 1865 3924 3791
f 900 903 910
f 1941 2150 2151
f 1921 1928 1927
f 2163 1897 1898
f 271 156 153
f 1904 1326 12
f 282 263 264
f 1872 1873 2154
f 1326 1904 1897
f 628 692 693
f 1724 1722 1719
f 1549 1562 436
f 1582 1583 1730
f 1921 1920 1929
f 3563 3511 10
f 2152 2037 1950
f 475 772 774
f 769 2172 2171
f 2171 2165 476
f 476 773 772
f 1791 565 464
f 2166 2167 2168
f 595 371 372
f 483 1809 1641
f 762 2174 2173
f 771 483 484
f 486 487 1809
f 297 1549 1517
f 763 2175 2174
f 776 755 759
f 184 185 2176
f 412 447 303
f 2005 2176 185
f 3811 1681 1682
f 2164 2170 756
f 1472 2035 2161
f 950 951 964
f 2177 2178 2179
f 227 226 1510
f 2182 2183 2184
f 2186 2019 2018
f 1985 2182 2181
f 214 736 729
f 865 849 842
f 849 865 1357
f 559 3187 3188
f 16 13 737
f 560 553 498
f 3193 3196 3195
f 3200 3197 3198
f 3211 3214 3213
f 3215 3218 3217
f 2187 2188 2002
f 2169 2168 2189
f 2192 2086 2085
f 2193 2194 2195
f 2198 2199 2200
f 1998 1982 1979
f 3664 3665 3668
f 2116 1898 1903
f 1859 2006 2009
f 3904 2123 2126
f 1135 1148 1087
f 2201 2202 2015
f 1149 111 110
f 3221 3222 3218
f 2203 2204 2205
f 579 580 1895
f 1755 2207 2208
f 3891 3910 1893
f 1211 2151 2150
f 868 997 2210
f 944 945 930
f 2130 2129 2202
f 233 1903 1898
f 665 751 750
f 1167 1254 999
f 2211 2212 2213
f 2215 2216 2217
f 3867 593 590
f 2220 221 220
f 823 824 948
f 3225 3220 3227
f 266 204 455
f 3882 2108 2107
f 2221 2222 3519
f 2223 2224 2225
f 2207 2125 2124
f 673 674 3869
f 817 1000 996
f 2227 2228 2146
f 1947 1948 646
f 3900 2135 17
f 2229 1635 1638
f 1679 1613 1618
f 1637 2231 2232
f 2233 2234 1617
f 2231 2235 2236
f 1381 1638 2238
f 3586 2241 2242
f 1630 2234 2233
f 1681 1626 472
f 1408 1407 2243
f 3236 3239 3238
f 3232 3241 3240
f 1637 2230 2238
f 3237 3238 3233
f 1409 1408 1634
f 1380 1383 2247
f 1628 2248 2245
f 2249 1623 1622
f 1632 1634 1408
f 2248 1628 1631
f 2235 2231 1637
f 3245 3246 3199
f 631 2070 2071
f 515 167 52
f 782 781 2251
f 2253 2254 2255
f 397 281 459
f 1456 2039 2040
f 2040 2041 2036
f 1401 2112 2111
f 2041 2040 1970
f 1535 121 414
f 1586 1587 2080
f 2256 983 1132
f 1700 1699 3918
f 3815 1896 1686
f 1263 2256 1886
f 598 1841 844
f 2257 2258 2259
f 2258 2261 2262
f 2259 2262 2263
f 2260 2259 2216
f 1967 1971 1970
f 2212 1964 1963
f 922 921 2218
f 1312 1098 1101
f 1307 1306 1286
f 1548 1569 1546
f 2266 2267 2268
f 2265 2268 2270
f 2272 2265 2269
f 2273 2266 2265
f 2275 2276 2277
f 2278 2274 2277
f 2284 2285 3617
f 2287 2283 2286
f 2288 2289 2283
f 2290 2284 3639
f 2291 2292 2293
f 2295 2291 2294
f 2296 2297 2291
f 2297 2298 2292
f 2294 2293 2299
f 2279 2294 2300
f 2298 2301 2302
f 2292 2302 2303
f 2293 2303 2304
f 2304 2305 2306
f 2308 2309 2310
f 2302 2307 2310
f 2301 2311 2307
f 2312 2308 2307
f 2313 2314 2315
f 2318 2319 2320
f 3748 3771 2322
f 2324 2325 2273
f 2313 2324 2326
f 2328 2324 2313
f 2329 2325 2324
f 2331 2332 2333
f 2330 2333 2267
f 2325 2330 2266
f 2329 2331 2330
f 2333 2334 2335
f 2336 2334 2333
f 2338 2336 2332
f 2331 2339 2337
f 2329 2340 2339
f 2328 2341 2340
f 2316 2342 2341
f 2342 2316 2315
f 2344 2345 2346
f 2341 2344 2347
f 2342 2348 2344
f 2348 2349 2345
f 2350 2351 2352
f 2339 2350 2353
f 2340 2347 2350
f 2347 2346 2351
f 2337 2353 2354
f 2353 2352 2355
f 2356 2277 2276
f 2356 2357 2358
f 2356 2359 2296
f 2279 2277 2356
f 2360 2361 2270
f 2267 2335 2360
f 2362 2363 2364
f 2362 2365 2361
f 2366 2362 2358
f 2366 2367 2363
f 2357 2276 2368
f 2366 2368 2369
f 2276 2275 2370
f 2368 2370 2282
f 2372 2373 2374
f 2375 2376 2377
f 2378 2379 2380
f 2382 2378 2381
f 2384 2385 2378
f 2385 2386 2379
f 2388 2389 2390
f 2387 2390 2392
f 2393 2394 2387
f 2394 2395 2388
f 2186 2401 2402
f 2403 2404 2327
f 2272 2403 2326
f 2271 2405 2403
f 2405 2406 2404
f 2404 2407 2408
f 2409 2410 2411
f 2409 2412 2271
f 2413 2409 2269
f 2413 2414 2410
f 2417 2415 2416
f 2417 2418 2406
f 2412 2417 2405
f 2411 2415 2417
f 2406 2419 2407
f 3569 3520 632
f 2420 2398 2397
f 2420 2421 2423
f 2424 2420 2422
f 2424 2399 2398
f 2425 2391 2392
f 2421 2425 2426
f 2397 2396 2425
f 2396 2393 2391
f 2427 2314 2408
f 2430 2427 2428
f 2343 2315 2427
f 2432 2343 2430
f 2431 2430 2429
f 2435 2431 2433
f 2436 2432 2431
f 2428 2408 2407
f 2422 2437 2407
f 2438 2437 2422
f 2429 2428 2437
f 2440 2434 2433
f 2441 2439 2433
f 2442 2443 2439
f 2443 2444 2440
f 2445 2446 2444
f 2447 2445 2443
f 2383 2381 2445
f 2381 2380 2446
f 2448 2438 2423
f 2449 2448 2426
f 2441 2448 2449
f 2441 2429 2438
f 2449 2392 2390
f 2450 2390 2389
f 2447 2450 2451
f 2442 2449 2450
f 2451 2389 2453
f 2452 2453 2455
f 2382 2452 2454
f 2383 2451 2452
f 2456 2457 2373
f 2459 2460 2461
f 2463 2464 2465
f 2462 2465 2285
f 2466 2462 2284
f 2467 2463 2462
f 2461 2460 3703
f 2468 2469 2470
f 2472 2468 2471
f 2474 2461 3701
f 2475 2476 2477
f 2458 2455 2453
f 2479 2453 2389
f 2395 2480 2479
f 2480 2459 2458
f 2481 2482 2483
f 2484 113 2485
f 2471 2470 2464
f 2473 2471 2463
f 2487 2467 2466
f 2486 2466 2290
f 2490 2486 2488
f 2491 2487 2486
f 2492 2473 2467
f 2493 2492 2487
f 2494 2495 2492
f 2495 2472 2473
f 3690 2496 2474
f 3691 2497 2496
f 2498 2494 2493
f 2500 2498 2499
f 3700 3687 2498
f 3687 3691 2494
f 2306 2504 2278
f 2305 2505 2504
f 2504 2505 2507
f 2506 2507 2288
f 2274 2506 2508
f 2278 2504 2506
f 3633 3632 2489
f 3620 3633 2488
f 2507 2509 2289
f 2505 2510 2509
f 2508 2288 2287
f 2511 2287 2281
f 2370 2511 2280
f 2275 2508 2511
f 2512 2490 2489
f 2514 2512 2513
f 2517 2512 2514
f 2517 2491 2490
f 2499 2493 2491
f 2499 2517 2516
f 2510 2505 2519
f 2518 2519 2521
f 3616 2518 2520
f 3632 2510 2518
f 2522 2304 2303
f 2523 2522 2310
f 2305 2304 2522
f 2524 2522 2523
f 2519 2524 2525
f 2505 2305 2524
f 2308 2312 2527
f 2526 2527 2529
f 2531 2526 2528
f 2309 2308 2526
f 1214 2532 2151
f 2419 2406 2418
f 2533 2345 2349
f 2534 2533 2317
f 2535 2536 2533
f 2536 2346 2345
f 2537 2351 2346
f 2538 2537 2536
f 2539 2540 2537
f 2540 2352 2351
f 2312 2355 2541
f 2527 2541 2542
f 2543 2435 2434
f 2545 2543 2544
f 2319 2318 2543
f 2318 2436 2435
f 2514 2515 2548
f 2547 2548 2550
f 2552 2547 2549
f 2552 2516 2514
f 2520 2521 2554
f 2553 2554 2556
f 3590 2553 2555
f 3621 2520 2553
f 2523 2309 2531
f 2557 2531 2530
f 2525 2523 2557
f 2559 2557 2558
f 2554 2559 2560
f 2521 2525 2559
f 2561 2375 2007
f 2376 2562 2225
f 2564 2565 2566
f 2563 2566 338
f 2569 2563 2567
f 2570 2564 2563
f 2572 2573 2574
f 2571 2574 2576
f 2544 2571 2575
f 2544 2434 2572
f 2578 2570 2569
f 2579 2577 2569
f 2574 2577 2579
f 2573 2578 2577
f 2581 2582 2583
f 2584 2580 2583
f 3697 3675 2580
f 3676 2581 2580
f 2582 2516 2552
f 2583 2552 2551
f 2500 2501 2589
f 2590 2588 2589
f 3693 3695 2588
f 3695 3700 2500
f 2501 2516 2591
f 2592 2593 2594
f 2386 2385 2503
f 2596 2379 2386
f 2596 2374 2373
f 2599 2596 2597
f 2599 2380 2379
f 2600 2446 2380
f 2600 2599 2598
f 2603 2600 2601
f 2603 2444 2446
f 2604 2603 2602
f 2440 2604 2605
f 2444 2603 2604
f 2606 2582 2581
f 2606 2607 2590
f 2591 2516 2582
f 3676 2587 2456
f 3689 2456 2372
f 2478 2477 2608
f 2609 2610 2611
f 2564 2570 2613
f 2612 2613 2598
f 2457 2612 2597
f 2565 2564 2612
f 2614 2613 2570
f 2615 2614 2578
f 2602 2601 2614
f 2601 2598 2613
f 2572 2434 2605
f 2616 2605 2602
f 2573 2572 2616
f 1459 1016 1045
f 1265 1215 1079
f 1612 1608 1609
f 2067 2057 2069
f 1135 1109 1136
f 1938 1937 2618
f 95 548 458
f 2058 1607 1608
f 1454 1469 1445
f 655 2620 1048
f 722 1049 2621
f 1131 985 1033
f 562 1481 366
f 1723 1719 1725
f 1786 1123 1122
f 267 300 323
f 1325 2034 1654
f 1468 1165 1435
f 658 657 529
f 8 532 247
f 382 1557 1559
f 788 619 1307
f 940 930 929
f 911 2622 2623
f 2621 2620 655
f 2624 1857 2625
f 998 1846 27
f 635 638 2626
f 2627 641 644
f 2628 2627 1840
f 1200 1199 2627
f 1199 1773 641
f 1520 515 49
f 1452 1350 1349
f 2630 2631 1859
f 644 643 1335
f 1197 1198 717
f 2632 717 719
f 2628 2632 1166
f 2629 1197 2632
f 1762 2633 1050
f 1823 870 873
f 2634 2635 794
f 1042 794 2635
f 93 94 1901
f 2036 2038 1458
f 1527 332 1525
f 877 876 1274
f 134 409 797
f 1328 893 931
f 607 777 1091
f 1043 2635 2637
f 2636 2637 2639
f 1275 2636 2638
f 1275 1040 1043
f 1272 2624 2626
f 2640 2626 638
f 1110 2641 2640
f 536 1272 2640
f 1472 708 1474
f 2042 2030 1951
f 1058 1106 1105
f 2642 2623 2643
f 1192 2642 2644
f 912 2623 2642
f 3898 1657 3526
f 1049 1048 2620
f 616 1829 1885
f 1331 1913 666
f 990 989 1198
f 1911 1912 321
f 1298 1282 1205
f 76 1490 1504
f 1502 1500 421
f 610 609 658
f 1146 937 659
f 2646 911 914
f 1280 1239 1238
f 1453 1454 1452
f 835 942 1843
f 1271 1270 1173
f 1893 1878 1826
f 1050 2633 1937
f 2651 2652 814
f 1006 1053 1281
f 2653 1084 2654
f 1001 1004 1003
f 585 997 679
f 2624 1272 621
f 555 678 2028
f 1207 526 1197
f 1626 1627 478
f 426 389 419
f 1030 1193 1773
f 3898 645 634
f 534 1533 138
f 1125 1092 1042
f 333 228 88
f 569 1570 561
f 1489 2656 871
f 1857 2624 620
f 1673 1674 3770
f 622 861 864
f 619 788 891
f 261 544 545
f 393 1555 1556
f 2658 2659 2647
f 1075 2658 2657
f 1081 1080 2658
f 1080 1139 2659
f 2644 2643 1141
f 2660 1141 1140
f 642 2660 1336
f 1193 2644 2660
f 679 678 555
f 1503 1501 1500
f 1318 1317 1101
f 2661 2659 1139
f 2661 1142 2663
f 2662 2647 2659
f 2662 2663 2622
f 2664 2622 911
f 2648 2664 2646
f 2648 2647 2662
f 2083 2094 2093
f 1442 1440 1437
f 519 329 330
f 1885 2029 1209
f 799 800 805
f 1946 1943 1952
f 1302 1301 1253
f 566 2005 224
f 1389 940 928
f 683 682 681
f 836 835 1842
f 2665 1842 1845
f 2666 2665 1303
f 24 836 2665
f 831 1072 2650
f 1845 1844 1304
f 2010 2013 2012
f 1051 1936 2667
f 1522 1521 1511
f 531 440 441
f 1250 635 2625
f 2669 2625 1857
f 783 2669 1856
f 782 1250 2669
f 720 2670 2671
f 1055 1931 1930
f 1333 1067 1251
f 619 622 1308
f 652 655 2619
f 521 522 1539
f 1838 988 537
f 2672 537 536
f 1113 2672 2641
f 1113 527 1838
f 1016 1013 1351
f 3897 573 570
f 226 227 104
f 3564 3669 3827
f 1036 1037 1884
f 2674 1301 1304
f 2673 1304 1844
f 1334 2673 2675
f 1333 2674 2673
f 2676 702 1039
f 1843 2676 2675
f 942 1074 2676
f 1074 699 702
f 752 1057 1055
f 1200 1166 656
f 1120 1846 874
f 2677 874 877
f 1241 2677 1052
f 1119 1120 2677
f 1560 1513 151
f 1208 1316 611
f 215 735 736
f 1460 1459 1462
f 1208 1207 1839
f 854 856 1282
f 72 445 182
f 544 1563 1565
f 217 200 456
f 2047 1404 930
f 1204 2618 1937
f 913 777 686
f 840 527 1113
f 1531 729 730
f 2678 778 1283
f 601 667 1914
f 1537 1538 459
f 1819 1757 3509
f 991 1860 862
f 2679 711 1073
f 2680 1830 983
f 779 2680 2256
f 778 2678 2680
f 2678 2679 1830
f 180 542 245
f 1886 1132 1131
f 1138 1137 1274
f 1841 598 1140
f 75 313 314
f 193 423 420
f 2681 2682 1099
f 170 1567 1565
f 349 416 417
f 1121 1124 2684
f 547 797 409
f 123 122 121
f 2643 2663 1142
f 1542 1544 513
f 899 900 907
f 1210 677 676
f 791 663 982
f 24 27 837
f 893 896 932
f 1860 1320 863
f 535 538 862
f 1569 1548 1547
f 181 455 542
f 660 659 937
f 2013 567 568
f 887 890 2631
f 1524 1508 361
f 520 161 162
f 2653 855 854
f 1238 1237 2655
f 718 1838 527
f 1492 1493 518
f 792 616 615
f 599 846 1835
f 290 457 456
f 312 171 1552
f 1248 2687 1179
f 153 149 177
f 1240 1181 1222
f 1257 1292 1235
f 1291 1084 1083
f 1052 877 1277
f 743 742 2618
f 444 140 430
f 23 1224 1172
f 2687 2654 1180
f 102 103 409
f 1283 607 610
f 373 497 650
f 1180 2654 1084
f 855 2653 2655
f 1173 1270 1917
f 2689 850 853
f 2688 853 1108
f 2686 2688 1279
f 2687 2689 2688
f 2691 1302 1252
f 2690 1252 850
f 1248 2690 2689
f 1248 1247 2691
f 2692 617 24
f 2691 2692 2666
f 1247 1258 2692
f 1258 1168 617
f 394 1554 1555
f 2693 1260 1259
f 1072 1236 1262
f 1257 1071 1168
f 398 439 1555
f 871 1784 1314
f 1178 1232 1249
f 1224 1289 1173
f 1010 2617 2618
f 1175 1174 1292
f 2654 2687 2686
f 2694 1157 1216
f 71 418 1487
f 701 1112 1111
f 1072 1261 2649
f 1085 2695 22
f 895 2694 1264
f 1601 1606 1605
f 1259 1262 1271
f 21 20 1220
f 988 991 538
f 598 597 1336
f 1050 860 818
f 1298 2645 1761
f 1168 1167 618
f 858 1168 1256
f 39 242 516
f 2652 1761 819
f 313 316 315
f 2026 1970 1971
f 2656 1489 596
f 814 819 818
f 2696 2651 813
f 1260 2696 2649
f 2693 2697 2696
f 2697 1296 2651
f 381 355 390
f 3818 3819 1611
f 1475 1427 1428
f 1292 1174 1917
f 1551 353 354
f 1526 1525 1523
f 1593 1589 1595
f 1232 1269 1246
f 2695 2693 1223
f 2698 1297 1296
f 2698 2697 2693
f 2685 2698 2695
f 2685 854 1297
f 562 1497 271
f 2652 2651 1296
f 1365 1366 1364
f 1958 1946 1953
f 585 588 2210
f 1561 1560 1515
f 975 2648 1146
f 347 67 68
f 1038 1111 636
f 2700 781 780
f 2699 780 1036
f 2701 2699 1883
f 851 2700 2699
f 2674 1333 2251
f 2702 2251 781
f 1253 2702 2700
f 1301 2674 2702
f 1519 387 388
f 1273 1239 1280
f 2703 1280 1107
f 2701 2703 852
f 1829 1273 2703
f 91 260 326
f 1784 871 2656
f 2683 2684 2705
f 604 1894 3499
f 1669 3534 3548
f 2062 2063 2060
f 621 535 861
f 2023 731 732
f 686 779 1263
f 857 1051 2668
f 883 830 882
f 637 636 1111
f 2668 894 893
f 2667 921 894
f 1039 1038 1068
f 313 75 1504
f 1911 1972 305
f 1936 2706 1964
f 2707 2402 2401
f 2708 2707 2183
f 738 2163 2116
f 2349 2348 2432
f 2711 2712 2020
f 2400 2711 2019
f 2714 2715 2716
f 2717 2718 2719
f 2721 2722 2723
f 2726 2727 2728
f 2725 2728 2730
f 2731 2725 2729
f 2732 2726 2725
f 2734 2735 2736
f 2738 2739 2740
f 2737 2740 2741
f 2744 2745 2746
f 2745 2744 2748
f 2749 2750 2747
f 2753 2749 2751
f 2250 1380 2246
f 2754 1396 1614
f 3598 2754 2755
f 3608 2745 2747
f 1617 2756 2755
f 2242 2758 1620
f 2191 2085 2760
f 2761 2759 2760
f 3648 2759 2761
f 3623 2191 2759
f 3209 3248 3223
f 1395 1394 2236
f 1395 2235 1636
f 1616 1635 2229
f 1617 2234 2763
f 2756 2763 3628
f 2765 2763 2234
f 2766 2764 3628
f 3202 3199 3246
f 1516 437 435
f 2768 2769 3552
f 1495 541 578
f 2135 2136 28
f 3526 3540 2773
f 1690 1689 3926
f 2778 2779 2780
f 2777 2780 2781
f 2784 2778 2777
f 3555 3521 575
f 1494 1904 9
f 3529 2016 2015
f 451 61 505
f 2786 2787 2788
f 2779 2786 2785
f 2789 2752 2741
f 2790 2753 2752
f 2792 2793 2794
f 2793 2795 2796
f 2796 2797 2750
f 2794 2796 2749
f 2798 1393 1396
f 3591 2798 2754
f 2798 2799 2800
f 3591 3662 2799
f 2797 2796 2795
f 2791 2794 2753
f 216 233 232
f 3804 2806 2807
f 3805 2809 2804
f 2769 2810 3557
f 183 185 184
f 2811 2812 2775
f 2804 2811 2776
f 2809 2813 2811
f 2812 2811 2813
f 3805 2808 2816
f 3796 2818 2815
f 3798 3800 2820
f 3793 2823 2819
f 2824 2736 2735
f 2823 2825 2824
f 2825 2823 2826
f 3793 2822 2827
f 3796 2817 2826
f 2713 2716 2829
f 2828 2829 2831
f 2822 2821 2828
f 2821 2820 2713
f 2832 2827 2822
f 2833 2832 2830
f 2834 2835 2832
f 2835 2818 2827
f 2837 2838 2839
f 2836 2839 2841
f 2842 2836 2840
f 2843 2837 2836
f 2840 2841 2845
f 2718 2844 2845
f 2730 2728 2844
f 2727 2840 2844
f 2846 2845 2841
f 2829 2846 2847
f 2847 2841 2839
f 2848 2839 2838
f 2833 2848 2849
f 2831 2847 2848
f 2850 2814 2851
f 2853 2850 2852
f 2783 2777 2782
f 2785 2788 2853
f 2780 2785 2856
f 2857 2858 2855
f 2859 2857 2782
f 2861 2843 2842
f 2860 2842 2727
f 2862 2860 2726
f 2863 2861 2860
f 2861 2863 2858
f 2843 2861 2857
f 2856 2853 2854
f 2781 2856 2864
f 2837 2843 2859
f 2838 2837 2864
f 2852 2851 2834
f 2854 2852 2849
f 2865 2815 2818
f 2851 2865 2835
f 2813 2809 2815
f 2814 2813 2865
f 2866 2812 2814
f 2788 2866 2850
f 2866 2788 2787
f 2812 2866 2867
f 1892 1889 1890
f 2720 2719 2846
f 298 299 256
f 2872 2714 2713
f 3794 3800 2735
f 2729 2730 2874
f 2846 2716 2715
f 2876 2877 2878
f 2733 2875 2878
f 3806 3807 2879
f 3806 2880 2872
f 2882 2883 2884
f 2881 2884 2715
f 2880 2881 2714
f 2879 2882 2881
f 2885 2886 2887
f 2888 2889 2890
f 2885 2890 2892
f 2893 2886 2885
f 1942 2151 2532
f 2895 2892 2720
f 2884 2895 2870
f 2883 2896 2895
f 2896 2891 2892
f 2889 2874 2717
f 2890 2717 2720
f 2897 2893 2891
f 2898 2897 2896
f 2899 2898 2883
f 2900 2899 2882
f 3797 2900 2879
f 2876 2902 2901
f 2901 2902 2904
f 1785 2656 1835
f 2905 2906 2899
f 2907 2908 2897
f 3797 2901 2903
f 632 576 577
f 3532 3547 2867
f 434 385 550
f 2768 2770 3640
f 2910 2911 1623
f 2241 2912 2758
f 3640 2770 2913
f 1623 2911 2757
f 3587 2242 2757
f 2229 1381 1380
f 2765 1630 1629
f 2915 2914 1629
f 3642 3641 2914
f 3641 3622 2765
f 2919 2916 3642
f 2918 2915 2912
f 3614 2918 2241
f 3618 2919 3613
f 3541 2177 2180
f 3521 2002 2188
f 3705 3573 714
f 2925 2766 2917
f 2924 2917 2916
f 3610 2924 2919
f 3611 2925 2924
f 2926 2927 2766
f 3658 2926 2925
f 1715 1713 1705
f 785 497 498
f 1387 651 565
f 374 375 1899
f 3573 2203 2206
f 2929 2930 2886
f 2932 2933 2934
f 1905 1906 1908
f 2930 2935 2936
f 2938 2935 2930
f 1493 369 517
f 1603 1585 1586
f 2939 2938 2929
f 2940 2939 2908
f 3665 1707 1600
f 2886 2930 2937
f 2906 2907 2898
f 2908 2929 2893
f 2942 2934 2933
f 2941 2933 2937
f 3501 2941 2936
f 3498 2942 2941
f 2943 2944 2710
f 2943 2873 2874
f 2945 2943 2889
f 2946 2944 2943
f 2932 2945 2888
f 2931 2946 2945
f 727 1928 1929
f 2903 2904 2947
f 545 594 42
f 1480 1570 533
f 2907 2906 2949
f 2906 2905 2950
f 1558 452 215
f 3799 2903 2948
f 2054 1645 1644
f 3705 3684 2203
f 1828 1837 1849
f 2953 2954 2955
f 2952 2955 2957
f 2956 2261 2258
f 2953 2952 2258
f 2454 2455 2474
f 3747 2958 2959
f 3747 2132 2131
f 2961 2962 2963
f 2958 2963 2964
f 222 221 2485
f 2477 2226 2966
f 2631 2561 2006
f 2384 2454 2496
f 2967 2968 2959
f 2968 2967 2970
f 3759 2033 2971
f 3784 2971 2960
f 2972 2971 2033
f 2007 2377 2973
f 3560 3559 2134
f 1836 1833 1832
f 3506 2188 2090
f 955 810 959
f 672 675 674
f 633 710 713
f 2024 732 733
f 2025 2024 803
f 425 1552 1550
f 2975 2976 888
f 1319 1158 1157
f 1212 1935 2977
f 889 957 2228
f 1978 1974 1975
f 1138 1078 1329
f 751 665 2979
f 1619 1613 1625
f 2252 2255 1728
f 1157 1160 845
f 2706 1936 1938
f 2980 2255 2254
f 2982 2975 887
f 802 712 711
f 678 677 2029
f 527 840 690
f 1839 1207 2629
f 2983 2984 602
f 2983 1914 1913
f 2985 2983 1331
f 2986 2984 2983
f 2987 2637 2635
f 2985 2988 2639
f 2990 1319 1318
f 2991 2992 2993
f 2995 2991 2994
f 1106 1058 2991
f 1058 1057 2992
f 1415 1406 1365
f 1317 922 2217
f 1932 1728 2255
f 926 2998 2999
f 3001 2993 2992
f 3000 2992 1057
f 2999 3000 2978
f 2998 3001 3000
f 3002 2998 2209
f 3002 3003 2996
f 2993 3001 3002
f 1103 1106 2995
f 3004 2995 2996
f 2209 2210 3004
f 588 1103 3004
f 295 296 433
f 2638 2639 2988
f 3005 2988 1056
f 1305 3005 1930
f 1276 2638 3005
f 1987 1968 1993
f 2633 1762 1761
f 1423 1422 1417
f 3561 3517 739
f 2671 2670 2704
f 1473 1872 2035
f 922 1317 2694
f 1401 1400 1378
f 556 2028 1884
f 842 848 3825
f 1854 2706 2617
f 933 1082 1081
f 1440 1441 1436
f 529 657 719
f 1031 1025 1027
f 777 913 912
f 2645 1205 1204
f 441 438 1538
f 790 1287 587
f 2065 2066 1610
f 1860 991 990
f 60 106 87
f 1424 1017 1948
f 332 1527 1507
f 261 262 138
f 187 188 449
f 1719 1720 1726
f 1931 1055 1059
f 3006 1059 1105
f 1287 3006 1104
f 1286 1931 3006
f 3007 3008 3009
f 3009 3008 653
f 618 999 26
f 2029 677 1210
f 957 601 600
f 1049 2146 2228
f 2631 890 3011
f 890 889 2227
f 3011 2227 2145
f 2561 3011 3012
f 1026 656 609
f 2706 1854 1961
f 3013 2965 2485
f 2148 2147 1267
f 3015 1267 1266
f 2997 2264 1101
f 642 641 1773
f 186 477 461
f 1041 1040 1320
f 1121 3016 3017
f 2984 2986 2987
f 3018 2987 2634
f 1048 603 3018
f 603 602 2984
f 2679 2678 801
f 2062 2072 2074
f 2061 2074 2076
f 414 303 1545
f 3016 1121 2683
f 3019 2683 2704
f 3020 3019 2670
f 3007 3016 3019
f 1871 1090 1091
f 3021 1787 1122
f 3022 3021 3017
f 1314 3021 3022
f 1784 1787 3021
f 1316 1315 1763
f 3023 3022 3010
f 3023 3009 795
f 1763 3023 1092
f 1315 3022 3023
f 3016 3007 3010
f 752 751 2978
f 2986 2639 2637
f 3024 654 653
f 3020 3024 3008
f 720 723 3024
f 723 2621 654
f 2681 1098 1268
f 2671 3025 1268
f 2705 2681 3025
f 1313 3026 3027
f 3026 3028 3029
f 3027 3029 3030
f 1311 3027 3031
f 2012 568 731
f 917 2657 974
f 743 1206 856
f 1888 2027 2030
f 2682 2705 2684
f 3032 2684 1124
f 1100 3032 2989
f 1099 2682 3032
f 1123 2990 2989
f 3033 1834 1159
f 2990 3033 1158
f 1123 1786 3033
f 1786 1785 1834
f 1054 1056 2988
f 2979 665 664
f 2623 2622 2663
f 1095 660 688
f 3034 3035 2261
f 3036 3034 2956
f 3037 3038 3034
f 3038 3039 3035
f 3040 3041 3026
f 2263 3042 3041
f 3042 3039 3043
f 3041 3043 3028
f 3044 3045 3043
f 3046 3047 3045
f 3047 3048 3049
f 3043 3045 3049
f 3038 3037 3051
f 3050 3051 3053
f 3052 3046 3044
f 3039 3038 3050
f 3054 3035 3039
f 3042 2263 2262
f 2261 3035 3054
f 2216 2263 2997
f 2212 2211 2667
f 3056 868 2209
f 934 3057 1961
f 2013 3755 3757
f 3058 3059 3060
f 3059 3062 3063
f 3060 3063 2213
f 3061 3060 1963
f 3063 3064 2214
f 3062 3065 3064
f 3065 2257 2260
f 3064 2260 2215
f 3066 3067 3031
f 2608 2966 3067
f 2966 2562 3068
f 3031 3067 3068
f 2455 2458 2461
f 2476 2223 2226
f 3551 2090 2089
f 3526 2774 3769
f 433 354 355
f 2115 1423 1419
f 3509 2868 2922
f 3769 3737 2131
f 3069 2611 2167
f 2971 2972 2928
f 2961 2774 2773
f 3070 2475 2478
f 2610 2609 3071
f 2502 2371 2374
f 3072 2592 2595
f 2964 3046 3052
f 3048 2593 3074
f 2593 2592 3075
f 3075 3030 3029
f 3074 3029 3028
f 3072 3076 3075
f 3076 3072 2482
f 2481 2608 3066
f 3076 3066 3030
f 2967 3052 3053
f 2482 3072 3073
f 479 480 493
f 706 3900 3873
f 3561 2194 2221
f 2013 2010 3754
f 3533 2032 2016
f 3562 3519 2222
f 1171 1154 1155
f 2586 2566 2565
f 2982 110 113
f 2562 2376 3077
f 2376 2375 3012
f 3012 2145 2148
f 3077 2148 3015
f 2963 3047 3046
f 3051 3078 2970
f 1683 2173 491
f 3850 2122 1447
f 1986 2181 3734
f 3079 3080 2546
f 3081 3079 2575
f 1983 1986 3768
f 3082 2323 2319
f 3080 3082 2545
f 3734 3732 3082
f 3732 3748 2323
f 1309 1471 1888
f 3073 2595 2772
f 2760 3083 3084
f 2760 2085 2088
f 3085 3084 3086
f 3089 3085 3090
f 3089 2762 3084
f 3092 3088 3090
f 3093 2748 2744
f 2751 2747 2748
f 3093 2741 2752
f 2742 2741 3093
f 3094 3093 2743
f 3096 3097 3098
f 3099 3096 3087
f 3097 3094 3095
f 3100 2743 2746
f 3101 2927 3102
f 2764 2766 2927
f 2745 2764 3101
f 3102 3092 3091
f 3100 3091 3095
f 2869 2802 3592
f 3102 3103 3104
f 3658 2868 2869
f 2927 2926 3103
f 3098 3095 3091
f 3087 3098 3090
f 2088 2125 3105
f 3083 3105 3086
f 2483 3073 2771
f 2401 2186 2185
f 3099 3086 3105
f 2125 2207 3106
f 3108 2737 2742
f 3107 2742 3094
f 3110 3108 3107
f 3109 3107 3097
f 3111 3109 3096
f 3112 3110 3109
f 3113 2738 2737
f 3115 2723 2722
f 3117 3115 3114
f 3119 3117 3116
f 3118 3116 3120
f 3116 3114 3113
f 3122 3112 3111
f 3122 3123 1755
f 3124 3125 3126
f 3125 3118 3121
f 3128 3119 3118
f 3129 3128 3125
f 2020 2712 3128
f 3853 3857 1346
f 1065 1046 1047
f 1814 3838 3830
f 2021 2020 3129
f 3111 3099 3106
f 3123 3106 2207
f 2377 2225 2224
f 3014 2485 113
f 1756 2208 3782
f 3131 3132 2530
f 3133 3131 2528
f 1753 1756 3767
f 3134 3124 3127
f 2327 2408 2314
f 2436 2318 2317
f 2018 2021 3711
f 2534 3136 3137
f 2320 2322 3136
f 2185 2018 3712
f 3138 3139 2542
f 3134 3135 3744
f 3785 3130 3134
f 3140 3138 2539
f 2535 3137 3140
f 3711 2021 3130
f 2558 2530 3132
f 3782 3760 3141
f 2560 2558 3141
f 3760 3777 3142
f 958 888 2976
f 1933 1932 2980
f 2399 2424 2418
f 2348 2342 2343
f 2322 2320 2319
f 2718 2717 2874
f 2709 2729 2873
f 2894 2871 1361
f 346 289 176
f 1876 1877 1882
f 2802 2803 3607
f 3104 3144 3088
f 2974 2222 3649
f 3089 3145 2761
f 3088 3144 3145
f 2803 2974 3603
f 3870 3909 692
f 2123 1419 1418
f 1365 1363 1368
f 1581 1766 1782
f 3569 2202 2129
f 3555 2003 2002
f 3146 2585 2551
f 3751 3146 3147
f 3742 3149 3146
f 3149 2584 2585
f 3196 3198 3197
f 3604 2192 2191
f 3142 3150 2556
f 3777 3778 3150
f 3646 3152 2550
f 3150 3151 2555
f 3778 3780 3151
f 3788 3781 3152
f 3153 3147 2551
f 3152 3153 2549
f 3781 3776 3153
f 3776 3750 3147
f 3148 2767 2206
f 2183 2401 2321
f 2132 2960 2928
f 3684 3685 2204
f 3719 2198 2197
f 2594 2962 2773
f 2595 2594 2951
f 1870 798 799
f 3713 2179 2178
f 3706 2178 3736
f 336 3154 3774
f 339 3155 3154
f 3789 3683 3149
f 3683 3697 2584
f 2963 2962 3048
f 3722 3730 337
f 339 338 2566
f 3156 3157 2168
f 2610 3156 2167
f 2954 2953 3156
f 3157 3156 2953
f 3707 2166 2169
f 2567 3158 3159
f 337 3158 2567
f 3730 3069 2166
f 3764 2190 1983
f 2579 3160 3081
f 2568 3159 3160
f 3709 2169 2190
f 3065 3062 3162
f 3161 3162 1984
f 3157 3161 2189
f 2257 3065 3161
f 734 735 1922
f 3059 3058 2708
f 3163 2708 2182
f 3162 3163 1985
f 3062 3059 3163
f 3203 3206 3205
f 2122 2119 1448
f 3817 1686 1685
f 139 140 444
f 1570 569 566
f 2957 3164 3165
f 2955 3166 3164
f 1912 454 341
f 3130 3129 3124
f 1548 322 319
f 1949 1950 1327
f 2969 2970 3078
f 3167 3078 3169
f 3724 2014 2017
f 3720 2017 2033
f 3168 3169 3165
f 3170 3165 3164
f 3779 3170 3171
f 3724 3168 3170
f 3171 3164 3166
f 3172 3166 3071
f 3752 3172 3173
f 3756 3171 3172
f 3169 3037 3036
f 2593 3048 2962
f 3173 3071 2609
f 3174 2609 2199
f 3783 3174 2198
f 3749 3173 3174
f 2190 2189 1984
f 2196 2195 2767
f 2119 2120 1414
f 1464 1463 1466
f 2199 2611 3069
f 2457 2456 2587
f 2226 2225 2562
f 481 478 1627
f 333 1512 235
f 3078 3051 3037
f 3040 2264 2997
f 2219 1934 1933
f 2385 2384 2497
f 221 2220 3175
f 2220 1933 3143
f 3175 3143 2976
f 2484 3175 2975
f 2954 3071 3166
f 2630 1858 110
f 1547 319 1952
f 2091 2090 2188
f 3733 3736 2178
f 1918 1919 1927
f 3563 112 111
f 955 956 960
f 2037 3014 112
f 3143 2980 2981
f 2218 2211 2214
f 672 3877 3787
f 2152 3013 3014
f 1147 1144 1143
f 2248 2246 1409
f 1615 1636 1635
f 1410 1409 2246
f 3241 3243 3242
f 1382 3176 3177
f 3177 1410 2247
f 2247 1383 3177
f 3176 2238 2230
f 1410 3177 3179
f 3179 3180 2243
f 1633 3181 2800
f 1621 1620 2758
f 1622 1621 2245
f 2236 1394 3181
f 2237 2236 3182
f 2250 1631 2233
f 2912 1629 1628
f 135 136 1564
f 1567 419 512
f 1085 1084 2653
f 3184 869 868
f 869 3184 3057
f 1266 1268 1098
f 1267 2147 722
f 937 1146 2646
f 2146 1049 722
f 2211 2218 921
f 1957 510 507
f 1313 1312 2264
f 1496 362 1493
f 2887 2937 2933
f 1687 1688 1659
f 145 1499 1498
f 37 38 418
f 1935 1934 3185
f 104 89 301
f 2101 2098 2083
f 543 298 360
f 1934 2219 3186
f 234 1521 212
f 3845 3821 1822
f 1976 1875 1874
f 223 3186 2219
f 3655 3656 3605
f 2165 2164 467
f 467 468 2165
f 773 476 2165
f 1935 1212 1728
f 3240 3225 3226
f 3261 3249 3250
f 3215 3216 3244
f 3265 3221 3215
f 3267 3245 3198
f 3205 3206 3269
f 3214 3211 3265
f 3271 3213 3214
f 3251 3252 3239
f 3222 3221 3266
f 3232 3235 3234
f 3216 3242 3243
f 3196 3193 3268
f 3244 3243 3254
f 3238 3239 3247
f 3264 3244 3255
f 3253 3242 3216
f 3211 3266 3221
f 3257 3217 3218
f 3258 3222 3272
f 3274 3275 3280
f 3228 3229 3262
f 3275 3231 3281
f 3226 3227 3273
f 3236 3263 3260
f 3281 3263 3236
f 3287 3271 3192
f 3235 3226 3280
f 3234 3280 3281
f 3288 3290 3259
f 3260 3250 3276
f 3289 3212 3278
f 3210 3209 3224
f 3199 3202 3201
f 3228 3231 3230
f 3290 3288 3285
f 3282 3279 3271
f 3260 3263 3262
f 3243 3241 3268
f 3267 3268 3241
f 3194 3207 3208
f 3191 3270 3269
f 3270 3191 3192
f 3275 3274 3230
f 3264 3269 3270
f 3252 3251 3276
f 3248 3252 3291
f 3213 3271 3279
f 3272 3266 3289
f 3277 3278 3212
f 3228 3263 3281
f 3220 3225 3253
f 3219 3253 3217
f 3256 3218 3222
f 3247 3239 3252
f 3245 3267 3232
f 3266 3211 3212
f 3208 3205 3255
f 3288 3289 3284
f 3204 3205 3208
f 560 1899 3187
f 3209 3210 3201
f 3189 3192 3191
f 448 1980 807
f 647 648 122
f 1833 1848 1780
f 510 509 508
f 3210 1949 1887
f 1887 15 3200
f 15 16 3197
f 16 3188 3195
f 3195 3188 3187
f 3194 3187 1899
f 3207 1899 375
f 387 173 126
f 3189 1791 1760
f 3577 763 757
f 763 3577 2172
f 3583 3582 3580
f 3581 3580 3579
f 3594 3597 3596
f 3400 3601 3602
f 3626 3624 3625
f 3631 3635 3599
f 3636 3637 3595
f 3647 3584 3588
f 3650 3582 3584
f 3653 3579 3580
f 3653 2176 3654
f 1801 1864 3656
f 3651 3580 3582
f 3644 3638 3595
f 1767 1768 3659
f 1597 3663 3661
f 1708 1707 3665
f 3671 3668 3667
f 3666 3667 3673
f 1588 1708 3664
f 2080 3671 3666
f 2082 3666 3672
f 3674 3677 3635
f 3677 3678 3636
f 3682 3647 3645
f 3692 3651 3650
f 3681 3645 3644
f 786 3694 3692
f 3694 3653 3651
f 785 3692 3686
f 497 3686 3682
f 650 3682 3681
f 3696 564 3681
f 3405 3606 3605
f 3702 3699 3678
f 3699 3698 3679
f 3645 3588 3638
f 1799 3657 3659
f 3708 3704 3458
f 3462 3710 3708
f 3714 463 564
f 3615 3606 3602
f 3710 3714 3696
f 3635 3636 3596
f 3629 3626 3627
f 3597 3600 3599
f 3630 3716 3715
f 3627 3625 3597
f 3717 3716 3723
f 3715 3663 3660
f 3716 3717 3725
f 3668 3665 3661
f 3668 3725 3717
f 3667 3717 3718
f 3727 3728 3673
f 3728 1576 3672
f 3726 3727 3718
f 1576 2101 2084
f 3727 3726 3731
f 3203 376 1387
f 3190 1387 1791
f 3283 2152 1949
f 317 240 259
f 2000 2176 3653
f 3601 3599 3600
f 3589 3588 3584
f 3577 758 756
f 3585 3584 3582
f 3678 3679 3637
f 3204 375 376
f 1801 3655 3657
f 3729 3735 3728
f 1575 3735 3738
f 3735 1575 1576
f 1776 1795 1796
f 1293 1294 1290
f 1326 14 1327
f 1294 1245 1234
f 878 1244 1330
f 497 373 374
f 122 648 413
f 3699 3702 3704
f 3606 3405 3401
f 3708 3710 3698
f 3464 3714 3710
f 3704 3674 3443
f 439 398 399
f 1512 1528 1526
f 1668 1741 1738
f 839 849 1362
f 1362 1357 826
f 3843 740 1896
f 2053 2054 2118
f 3888 3887 2120
f 696 697 3816
f 1826 1878 639
f 3740 3739 3729
f 956 885 886
f 1980 806 1922
f 33 34 105
f 1343 1344 3856
f 3907 2127 2128
f 1766 1581 1582
f 14 1326 2163
f 595 98 99
f 3233 3238 3246
f 1346 1035 1044
f 748 1888 1425
f 3193 3208 3254
f 3190 3191 3206
f 3612 3605 3606
f 3624 3612 3615
f 3631 3415 3443
f 3679 3680 3644
f 3686 3650 3647
f 3702 3677 3674
f 3625 3615 3600
f 3601 3400 3415
f 3739 3738 3735
f 3630 3627 3594
f 3741 3723 3716
f 1284 1290 1288
f 3698 3696 3680
f 1778 1781 1780
f 1792 1759 1584
f 695 570 571
f 3638 3741 3594
f 3741 3638 3588
f 3247 3248 3209
f 3292 3293 3294
f 3296 3297 3298
f 3299 3298 3300
f 3302 3303 3304
f 3306 3307 3308
f 3307 3310 3311
f 3303 3302 3301
f 3312 3305 3304
f 3314 3315 3316
f 3318 3319 3320
f 3324 3318 3321
f 3326 3327 3328
f 3329 3330 3331
f 3333 3334 3335
f 3337 3338 3339
f 3333 3336 3341
f 3342 3341 3343
f 3319 3345 3344
f 3338 3335 3334
f 3346 3301 3302
f 3305 3348 3347
f 3312 3224 3223
f 3350 3337 3340
f 3312 3349 3348
f 3352 3343 3341
f 3311 3353 3354
f 3341 3336 3327
f 3359 3360 3361
f 3360 3359 3250
f 3318 3363 3345
f 3364 3363 3318
f 3314 3364 3324
f 3366 3299 3301
f 3299 3366 3367
f 3308 3354 3368
f 3369 3317 3295
f 3317 3369 3364
f 3370 3295 3317
f 3325 3371 3365
f 3352 3320 3319
f 3296 3367 3353
f 3297 3296 3311
f 3363 3368 3354
f 3345 3354 3353
f 3344 3353 3367
f 3366 3333 3342
f 3347 3339 3334
f 3339 3347 3348
f 3348 3349 3351
f 3363 3364 3369
f 3294 3309 3368
f 3293 3306 3309
f 3331 3373 3374
f 3346 3334 3333
f 3323 3322 3352
f 3356 3355 3321
f 3355 3357 3325
f 3357 3358 3371
f 3322 3356 3320
f 3361 3330 3329
f 3373 3372 3375
f 3374 3375 3376
f 3329 3332 3376
f 3327 3375 3372
f 3336 3335 3375
f 3335 3338 3376
f 3376 3338 3337
f 3337 3350 3359
f 3359 3350 3276
f 3377 3292 3295
f 3277 3316 3315
f 3371 3378 3379
f 3378 3371 3358
f 3365 3379 3315
f 3316 3277 3279
f 3282 3377 3370
f 3313 3283 3224
f 3378 3285 3284
f 3380 3286 3285
f 3379 3284 3278
f 3276 3350 3351
f 3291 3351 3349
f 3313 3304 2965
f 2965 3304 3303
f 222 3303 3300
f 223 3300 3298
f 3298 3297 3185
f 3297 3310 2977
f 3310 3307 1213
f 3307 3306 1214
f 2532 1214 3306
f 2894 2532 3293
f 2871 2894 3292
f 3253 3225 3240
f 3283 3313 3013
f 1997 1996 1889
f 1237 745 744
f 1535 1534 120
f 1531 1532 201
f 1119 1241 1032
f 946 948 824
f 163 8 5
f 3589 3726 3723
f 1155 1156 1162
f 427 213 327
f 553 1902 796
f 3381 2232 2231
f 3381 3178 2230
f 2237 3183 3180
f 3383 3384 3385
f 3384 3386 3387
f 3386 3388 3389
f 3388 3390 3391
f 3392 3393 3394
f 3395 3394 3396
f 3398 3399 3397
f 3400 3401 3399
f 3403 3404 3405
f 3406 3407 3404
f 3408 3409 3407
f 3410 3411 3409
f 3412 3413 3411
f 3415 3400 3398
f 3414 3398 3396
f 3416 3396 3394
f 3417 3394 3393
f 3393 3419 3420
f 3419 3390 3421
f 3390 3388 3422
f 3388 3386 3423
f 3386 3384 3424
f 3384 3383 3425
f 3425 3383 3426
f 2904 3427 3428
f 3429 3427 2904
f 3430 3429 2902
f 2875 3431 3430
f 3432 3433 2733
f 2825 3434 3435
f 3437 3438 3439
f 3441 3437 3436
f 2724 2723 3434
f 3436 3439 3115
f 3440 3436 3117
f 3443 3415 3414
f 3442 3414 3416
f 3444 3416 3417
f 3445 3417 3418
f 3446 3418 3420
f 3420 3421 3448
f 3421 3422 3449
f 3422 3423 3450
f 3423 3424 3451
f 3424 3425 3452
f 3425 3184 3056
f 3451 3452 2253
f 3450 3451 2252
f 3449 3450 1727
f 3448 3449 2150
f 3453 3447 3448
f 3454 3446 3447
f 3455 3445 3446
f 3456 3444 3445
f 3442 3444 3456
f 3443 3442 3457
f 3459 3460 3458
f 3457 3456 3455
f 3459 3455 3454
f 3462 3460 3459
f 3461 3454 3453
f 3464 3462 3461
f 3463 3453 1941
f 3404 3399 3401
f 3407 3397 3399
f 3409 3395 3397
f 3411 3392 3395
f 3465 3466 3413
f 3467 3468 3469
f 3465 3412 3431
f 3470 3467 3466
f 3438 3470 3432
f 3467 3470 3438
f 3468 3467 3437
f 3471 3469 3468
f 3472 3468 3441
f 3473 3441 3440
f 2712 3440 3119
f 3475 3471 3472
f 3474 3472 3473
f 3476 3473 2712
f 3477 3476 2711
f 3478 3474 3476
f 3479 3475 3474
f 3392 3411 3413
f 3466 3469 3480
f 3419 3393 3392
f 3390 3419 3480
f 3469 3471 3391
f 3389 3391 3471
f 3387 3389 3475
f 3385 3387 3479
f 3482 3477 2400
f 3483 3478 3477
f 3481 3479 3478
f 3484 3482 2402
f 3058 3484 2707
f 3061 3485 3484
f 3485 3483 3482
f 3382 3385 3481
f 3486 3481 3483
f 3426 3383 3382
f 3487 3382 3486
f 3486 3485 3061
f 1961 3057 3487
f 3057 3184 3426
f 3428 3403 3402
f 3427 3406 3403
f 3429 3408 3406
f 3430 3410 3408
f 3431 3412 3410
f 3470 3465 3433
f 3434 3439 3438
f 2723 3115 3439
f 2875 2733 3433
f 2736 2824 3435
f 2947 3428 3488
f 3464 3463 1360
f 1900 1925 1924
f 1736 1717 1718
f 1955 1952 1943
f 1671 1738 1735
f 1696 1750 1698
f 1800 1865 1864
f 2063 2055 2056
f 1737 1734 1717
f 1751 1735 1697
f 943 3885 3899
f 3656 3488 3402
f 1577 1578 1764
f 3917 1598 1599
f 1945 146 82
f 68 6 7
f 147 1542 1543
f 1109 1135 1133
f 1503 1910 1907
f 1499 1501 1909
f 452 1922 735
f 1824 2068 3835
f 1825 2067 2068
f 1463 1462 1022
f 841 1012 1009
f 1568 1547 1955
f 1910 1503 1502
f 1939 1502 422
f 309 280 1940
f 1804 1851 1866
f 269 1482 1954
f 2065 1607 2060
f 3812 1685 1758
f 280 276 552
f 1875 1873 1869
f 1739 1721 1734
f 1778 1779 1790
f 310 1920 1915
f 1909 1908 1906
f 1789 1783 1778
f 978 981 980
f 1584 1759 1731
f 425 426 311
f 148 1543 115
f 2044 3897 3894
f 277 1910 1939
f 1943 1946 1945
f 1461 1462 1463
f 2253 3452 3056
f 2981 2254 3489
f 2209 2998 3489
f 2254 2253 3055
f 2998 926 958
f 2826 2817 2721
f 3490 2739 2721
f 2816 3491 3490
f 2334 2297 2296
f 2298 2297 2334
f 2301 2298 2336
f 2311 2301 2338
f 2312 2311 2354
f 2359 2358 2361
f 2335 2296 2359
f 2414 2413 2365
f 2413 2270 2361
f 2355 2352 2540
f 2541 2540 2539
f 2722 2721 2739
f 3114 2722 2738
f 3110 3112 3121
f 3108 3110 3120
f 3122 1754 3127
f 3112 3122 3126
f 3127 1754 1753
f 3139 3133 2529
f 3744 3775 3133
f 3490 2789 2740
f 3491 2790 2789
f 228 229 91
f 245 244 243
f 248 7 247
f 2 297 296
f 145 146 300
f 327 213 210
f 329 332 331
f 239 241 240
f 373 376 375
f 178 177 176
f 1218 1225 1228
f 3862 1231 1295
f 808 809 824
f 3858 3859 1013
f 3813 3810 1411
f 2154 2149 2159
f 3845 3835 1758
f 306 807 1922
f 2157 2153 1976
f 708 709 2031
f 1450 1226 1227
f 1672 1604 1605
f 1813 1814 1821
f 1717 1716 1715
f 176 159 402
f 1710 1705 3916
f 1712 1580 1577
f 1705 1713 1711
f 971 978 979
f 822 823 1094
f 2909 2810 2793
f 2810 2769 2795
f 2799 2910 2249
f 3662 3643 2910
f 2769 2768 2801
f 3177 3176 3178
f 3178 3381 3180
f 3181 1394 1393
f 3181 1633 1632
f 3182 1632 2244
f 3183 2244 2243
f 3492 2791 2790
f 2808 3492 3491
f 2239 3574 3572
f 1149 1150 3571
f 1150 2009 3567
f 2202 3569 3566
f 2921 3564 3565
f 3568 3560 2133
f 1777 1579 1759
f 1201 1196 1183
f 3561 3554 2195
f 3553 3576 2770
f 3927 3925 1687
f 1516 152 154
f 3549 3562 2974
f 3550 3548 2779
f 2771 2772 3575
f 3070 2771 3546
f 3547 3544 2775
f 1376 1375 1370
f 2767 3543 3556
f 2195 3554 3543
f 2775 3544 3542
f 3377 3282 3545
f 3804 3802 3539
f 2776 3542 3538
f 2240 3572 3535
f 2920 3535 3669
f 3548 3534 2786
f 1805 1850 1851
f 3534 3532 2787
f 2951 2773 3540
f 2772 2951 3531
f 2973 2224 3530
f 2224 2223 3537
f 1957 1953 320
f 306 305 304
f 2770 3576 3528
f 2913 3528 3574
f 2923 3565 3527
f 308 1940 431
f 207 208 132
f 1879 1876 1881
f 3733 3787 3525
f 2475 3070 3558
f 2476 2475 3524
f 2223 2476 3523
f 3522 3549 2803
f 2037 3563 11
f 1959 1958 450
f 2003 3555 3520
f 9 10 334
f 2009 2008 3518
f 2008 2973 3536
f 3877 672 673
f 3515 3550 2778
f 2935 3514 3513
f 111 1149 3570
f 3510 3514 2935
f 683 3876 3885
f 3508 3557 2810
f 736 733 732
f 1795 1804 1803
f 3505 3510 2938
f 3507 3505 2939
f 2950 3512 3504
f 2940 2949 3504
f 3801 3791 3512
f 2868 3509 3502
f 2869 3502 3522
f 1024 1034 1023
f 3500 3503 2948
f 551 1939 442
f 2972 3499 3568
f 2032 3533 3499
f 216 93 1924
f 203 202 201
f 1828 1848 1847
f 1958 1957 449
f 272 271 178
f 2871 3545 3495
f 3619 3669 3564
f 2801 2768 3643
f 2005 3758 3654
f 960 886 899
f 3657 3655 3612
f 3780 3788 3646
f 3151 3646 3593
f 2193 3604 3623
f 3607 3603 3145
f 3603 3649 2761
f 3592 3607 3144
f 2926 3658 3634
f 3634 3592 3104
f 3755 3754 3746
f 566 567 3758
f 3488 3656 1864
f 1602 1586 2079
f 2868 3658 3611
f 2922 3611 3610
f 2923 3610 3618
f 3670 3613 2918
f 3619 3670 3614
f 2921 3618 3670
f 2920 3614 3586
f 3613 3642 2915
f 2917 2766 3622
f 2916 2917 3641
f 2239 3587 3652
f 2911 3640 3652
f 3643 3640 2911
f 2797 2801 3662
f 2797 3591 3598
f 3622 3628 2763
f 3608 3628 2764
f 2194 3623 3648
f 2221 3648 3649
f 2756 3608 3609
f 2750 3598 3609
f 3669 3535 1817
f 3763 3770 1691
f 2515 3621 3590
f 2548 3590 3593
f 2513 2489 3632
f 2513 3616 3621
f 2509 3633 3620
f 2510 3632 3633
f 2289 3620 3639
f 2283 3639 3617
f 2240 3586 3587
f 3659 3657 3624
f 716 2121 3887
f 727 1999 3761
f 2165 2171 2170
f 3660 3659 3626
f 3743 3581 3578
f 2175 2172 769
f 2100 500 2095
f 3758 567 3757
f 640 3560 3568
f 1653 3576 3553
f 1895 3536 3530
f 746 3530 3537
f 1653 1810 3528
f 3762 1603 1604
f 2093 2075 2073
f 959 996 995
f 962 899 919
f 1400 1401 1398
f 1000 817 1127
f 956 959 884
f 1662 3548 3550
f 2034 3558 3546
f 3926 1689 3539
f 3535 3572 766
f 3572 3574 765
f 334 3570 3571
f 1868 3531 3540
f 1684 1651 1652
f 1682 1683 775
f 1585 1603 3762
f 3763 3762 1672
f 2173 2174 490
f 1658 3544 3547
f 3556 3543 1650
f 1571 3754 2010
f 1587 3664 3671
f 2099 2095 2077
f 787 3761 1999
f 2000 3694 786
f 3155 339 3697
f 3713 3155 3683
f 2180 2179 3685
f 3496 2180 3684
f 1684 3846 3840
f 1760 464 3495
f 2607 3689 3693
f 2581 3676 3689
f 2371 2502 3700
f 2371 3695 3693
f 2587 3676 3675
f 2586 3675 3697
f 2497 3691 3687
f 2502 2503 3687
f 2494 3691 3690
f 3690 3688 2472
f 3688 3701 2468
f 3701 3703 2469
f 726 3908 3892
f 581 3567 3518
f 10 3511 3570
f 1837 3514 3510
f 741 3537 3523
f 1299 3524 3558
f 1851 3507 3504
f 3527 3565 1820
f 580 3518 3536
f 1758 1685 3522
f 1693 3557 3508
f 3504 3512 1867
f 1894 1826 3568
f 2126 1418 3813
f 3906 2126 3841
f 2113 3911 3867
f 2179 3713 3789
f 624 3903 3904
f 2192 3604 3788
f 2177 3541 3787
f 1364 3824 3833
f 3858 3855 1470
f 3135 1753 3775
f 2069 3812 3835
f 1351 3861 3853
f 2108 3882 3901
f 2089 2092 3736
f 3828 3834 1358
f 2001 3749 3783
f 2187 3783 3719
f 2130 3756 3752
f 2004 3752 3749
f 2014 3724 3779
f 2201 3779 3756
f 3167 3720 3759
f 3168 3724 3720
f 3159 3709 3764
f 3160 3764 3765
f 3730 3707 3158
f 3158 3707 3709
f 2200 3069 3730
f 3685 3789 3742
f 3722 3774 2197
f 3790 3736 2092
f 3774 3790 3721
f 3154 3706 3790
f 3155 3713 3706
f 2091 3719 3721
f 2196 3148 3750
f 2193 2196 3776
f 3604 2193 3781
f 2086 2192 3780
f 2087 2086 3778
f 2204 3742 3751
f 2205 3751 3750
f 3909 3886 574
f 2124 2087 3777
f 2208 2124 3760
f 3711 3785 3140
f 3785 3745 3138
f 3745 3744 3139
f 3771 3712 3136
f 3712 3711 3137
f 3775 3767 3131
f 3767 3782 3132
f 1813 3839 3838
f 1293 3854 3856
f 2184 2321 3748
f 2181 2184 3732
f 3765 3768 3079
f 3768 3734 3080
f 709 3873 3875
f 2774 2961 3737
f 3786 3769 2134
f 3809 3808 766
f 2968 3784 3766
f 2969 3759 3784
f 2958 3747 3737
f 2132 3747 3766
f 2321 2185 3771
f 3860 3848 1449
f 3905 3874 582
f 3886 3889 577
f 3847 3826 1818
f 705 3902 3887
f 3816 3912 3907
f 2111 3883 3911
f 3810 3829 1366
f 1812 3839 3822
f 675 3851 3852
f 3496 3705 3851
f 2110 3867 3868
f 2104 3896 3901
f 2109 3868 3899
f 3842 3831 703
f 1680 3811 3846
f 1639 1627 3819
f 623 3904 3906
f 2139 2140 3866
f 1808 1640 3844
f 3820 3821 1819
f 3872 3914 3900
f 1646 3832 3830
f 3889 3890 633
f 2139 3865 3875
f 2156 2155 3871
f 674 3852 3913
f 2117 3817 3812
f 1815 3822 3847
f 3855 3849 1444
f 697 3906 3912
f 866 842 3836
f 3864 3869 2136
f 3585 3731 3726
f 3583 3740 3731
f 3753 3746 3738
f 3740 3583 3581
f 1088 3738 3746
f 3739 3740 3743
f 2791 3492 3493
f 3492 2808 2807
f 2792 3493 3494
f 3493 2807 2806
f 3508 2909 3494
f 3516 3494 2806
f 2948 3503 3791
f 2105 3908 3896
f 3538 3802 3804
f 680 3878 3876
f 1891 1890 3910
f 2905 3799 3801
f 2900 3797 3799
f 2901 3797 3807
f 2734 2878 3806
f 2877 3807 3806
f 2820 3800 3794
f 2818 3796 3792
f 2823 3793 3792
f 2822 3793 3798
f 2819 2735 3800
f 2817 3796 3795
f 2809 3805 3795
f 2808 3805 3803
f 2805 3804 3803
f 1702 3921 3923
f 3922 3920 1797
f 3915 3916 1706
f 3918 3927 1692
f 1657 3898 3880
f 1890 1877 3895
f 3772 3770 1674
f 1689 1690 3772
f 3926 3802 3538
f 3516 3539 1689
f 3917 3923 1703
f 1598 3917 3928
f 3880 3884 1876
f 1691 1690 3925
f 3925 3926 1688
f 3934 3933 3937
f 3934 3938 3939
f 3932 3936 3937
f 3938 3942 3943
f 3937 3936 3940
f 3937 3941 3942
f 3942 3946 3947
f 3941 3940 3944
f 3942 3941 3945
f 3947 3946 3950
f 3944 3948 3949
f 3945 3949 3950
f 3950 3954 3955
f 3949 3948 3952
f 3950 3949 3953
f 3955 3954 3958
f 3953 3952 3956
f 3953 3957 3958
f 3959 3958 3962
f 3957 3956 3960
f 3958 3957 3961
f 3962 3966 3967
f 3960 3964 3965
f 3961 3965 3966
f 3966 3970 3971
f 3965 3964 3968
f 3966 3965 3969
f 3970 3974 3975
f 3968 3972 3973
f 3969 3973 3974
f 3974 3978 3979
f 3973 3972 3976
f 3974 3973 3977
f 3979 3978 3982
f 3976 3980 3981
f 3977 3981 3982
f 3982 3986 3987
f 3981 3980 3984
f 3982 3981 3985
f 3987 3986 3990
f 3984 3988 3989
f 3985 3989 3990
f 3991 3990 3994
f 3989 3988 3992
f 3990 3989 3993
f 3995 3994 3998
f 3992 3996 3997
f 3993 3997 3998
f 3998 4002 4003
f 3997 3996 4000
f 3998 3997 4001
f 4002 4006 4007
f 4000 4004 4005
f 4001 4005 4006
f 4006 4010 4011
f 4005 4004 4008
f 4006 4005 4009
f 4011 4010 4014
f 4008 4012 4013
f 4009 4013 4014
f 4014 4018 4019
f 4013 4012 4016
f 4014 4013 4017
f 4019 4018 4022
f 4016 4020 4021
f 4017 4021 4022
f 4023 4022 4026
f 4021 4020 4024
f 4022 4021 4025
f 4027 4026 4030
f 4024 4028 4029
f 4025 4029 4030
f 4031 4030 4034
f 4029 4028 4032
f 4030 4029 4033
f 4034 4038 4039
f 4032 4036 4037
f 4033 4037 4038
f 4038 4042 4043
f 4037 4036 4040
f 4038 4037 4041
f 4043 4042 4046
f 4040 4044 4045
f 4041 4045 4046
f 4046 4050 4051
f 4045 4044 4048
f 4046 4045 4049
f 4051 4050 4055
f 4048 4053 4054
f 4049 4054 4055
f 4056 4055 4059
f 4053 4057 4058
f 4055 4054 4058
f 4060 4059 3934
f 4058 4057 3932
f 4058 3933 3934
f 4069 4068 4081
f 4066 4079 4080
f 4065 4064 4077
f 4063 4062 4075
f 4071 4084 4085
f 4069 4082 4083
f 4067 4080 4081
f 4066 4065 4078
f 4063 4076 4077
f 4061 4074 4075
f 4072 4085 4086
f 4071 4070 4083
f 4076 4089 4090
f 4074 4087 4088
f 4086 4085 4098
f 4083 4096 4097
f 4082 4081 4094
f 4079 4092 4093
f 4078 4077 4090
f 4076 4075 4088
f 4085 4084 4097
f 4082 4095 4096
f 4080 4093 4094
f 4079 4078 4091
f 4089 4102 4103
f 4088 4087 4100
f 4098 4111 4112
f 4096 4109 4110
f 4095 4094 4107
f 4092 4105 4106
f 4090 4103 4104
f 4089 4088 4101
f 4097 4110 4111
f 4095 4108 4109
f 4094 4093 4106
f 4092 4091 4104
f 4103 4102 4115
f 4100 4113 4114
f 4112 4111 4124
f 4110 4109 4122
f 4107 4120 4121
f 4105 4118 4119
f 4103 4116 4117
f 4101 4114 4115
f 4110 4123 4124
f 4109 4108 4121
f 4107 4106 4119
f 4105 4104 4117
f 4115 4128 4129
f 4114 4113 4126
f 4124 4137 4138
f 4123 4122 4135
f 4120 4133 4134
f 4119 4118 4131
f 4117 4116 4129
f 4114 4127 4128
f 4124 4123 4136
f 4122 4121 4134
f 4119 4132 4133
f 4117 4130 4131
f 4129 4128 4141
f 4126 4139 4140
f 4138 4137 4150
f 4136 4135 4148
f 4133 4146 4147
f 4131 4144 4145
f 4130 4129 4142
f 4127 4140 4141
f 4137 4136 4149
f 4135 4134 4147
f 4132 4145 4146
f 4131 4130 4143
f 4142 4141 4154
f 4140 4139 4152
f 4150 4163 4164
f 4149 4148 4161
f 4146 4159 4160
f 4144 4157 4158
f 4142 4155 4156
f 4140 4153 4154
f 4149 4162 4163
f 4148 4147 4160
f 4146 4145 4158
f 4144 4143 4156
f 4155 4154 4167
f 4153 4152 4165
f 4163 4176 4177
f 4161 4174 4175
f 4159 4172 4173
f 4158 4157 4170
f 4155 4168 4169
f 4153 4166 4167
f 4163 4162 4175
f 4161 4160 4173
f 4159 4158 4171
f 4156 4169 4170
f 4167 4180 4181
f 4165 4178 4179
f 4176 4189 4190
f 4175 4174 4187
f 4173 4172 4185
f 4170 4183 4184
f 4169 4168 4181
f 4167 4166 4179
f 4175 4188 4189
f 4173 4186 4187
f 4171 4184 4185
f 4170 4169 4182
f 4180 4193 4194
f 4178 4191 4192
f 4190 4189 4202
f 4187 4200 4201
f 4186 4185 4198
f 4183 4196 4197
f 4182 4181 4194
f 4180 4179 4192
f 4189 4188 4201
f 4186 4199 4200
f 4184 4197 4198
f 4183 4182 4195
f 4193 4206 4207
f 4192 4191 4204
f 4202 4215 4216
f 4200 4213 4214
f 4199 4198 4211
f 4196 4209 4210
f 4194 4207 4208
f 4193 4192 4205
f 4201 4214 4215
f 4199 4212 4213
f 4198 4197 4210
f 4196 4195 4208
f 4207 4206 4219
f 4204 4217 4218
f 4216 4215 4228
f 4213 4226 4227
f 4211 4224 4225
f 4209 4222 4223
f 4207 4220 4221
f 4205 4218 4219
f 4214 4227 4228
f 4213 4212 4225
f 4211 4210 4223
f 4209 4208 4221
f 4219 4232 4233
f 4218 4217 4230
f 4228 4241 4242
f 4226 4239 4240
f 4225 4224 4237
f 4223 4222 4235
f 4221 4220 4233
f 4218 4231 4232
f 4228 4227 4240
f 4226 4225 4238
f 4223 4236 4237
f 4221 4234 4235
f 4233 4232 4245
f 4230 4243 4244
f 4242 4241 4254
f 4240 4239 4252
f 4237 4250 4251
f 4235 4248 4249
f 4234 4233 4246
f 4231 4244 4245
f 4241 4240 4253
f 4239 4238 4251
f 4236 4249 4250
f 4235 4234 4247
f 4246 4245 4258
f 4244 4243 4256
f 4254 4267 4268
f 4253 4252 4265
f 4250 4263 4264
f 4248 4261 4262
f 4246 4259 4260
f 4244 4257 4258
f 4253 4266 4267
f 4252 4251 4264
f 4250 4249 4262
f 4248 4247 4260
f 4259 4258 4271
f 4257 4256 4269
f 4267 4280 4281
f 4265 4278 4279
f 4263 4276 4277
f 4262 4261 4274
f 4259 4272 4273
f 4257 4270 4271
f 4266 4279 4280
f 4265 4264 4277
f 4263 4262 4275
f 4260 4273 4274
f 4271 4284 4285
f 4269 4282 4283
f 4281 4280 4293
f 4279 4278 4291
f 4277 4276 4289
f 4274 4287 4288
f 4273 4272 4285
f 4271 4270 4283
f 4280 4279 4292
f 4277 4290 4291
f 4275 4288 4289
f 4274 4273 4286
f 4284 4297 4298
f 4282 4295 4296
f 4294 4293 4306
f 4291 4304 4305
f 4290 4289 4302
f 4287 4300 4301
f 4286 4285 4298
f 4284 4283 4296
f 4293 4292 4305
f 4290 4303 4304
f 4288 4301 4302
f 4287 4286 4299
f 4297 4310 4311
f 4296 4295 4308
f 4306 4319 4320
f 4304 4317 4318
f 4303 4302 4315
f 4300 4313 4314
f 4298 4311 4312
f 4297 4296 4309
f 4305 4318 4319
f 4304 4303 4316
f 4302 4301 4314
f 4300 4299 4312
f 4310 4323 4324
f 4308 4321 4322
f 4320 4319 4332
f 4318 4317 4330
f 4316 4315 4328
f 4313 4326 4327
f 4311 4324 4325
f 4310 4309 4322
f 4318 4331 4332
f 4316 4329 4330
f 4315 4314 4327
f 4312 4325 4326
f 4323 4336 4337
f 4322 4321 4334
f 4332 4345 4346
f 4330 4343 4344
f 4329 4328 4341
f 4327 4326 4339
f 4325 4324 4337
f 4322 4335 4336
f 4332 4331 4344
f 4330 4329 4342
f 4327 4340 4341
f 4325 4338 4339
f 4337 4336 4350
f 4334 4348 4349
f 4346 4345 4359
f 4344 4343 4357
f 4341 4355 4356
f 4340 4339 4353
f 4338 4337 4351
f 4335 4349 4350
f 4345 4344 4358
f 4343 4342 4356
f 4340 4354 4355
f 4338 4352 4353
f 4351 4350 4363
f 4349 4348 4361
f 4359 4372 4373
f 4358 4357 4370
f 4355 4368 4369
f 4354 4353 4366
f 4351 4364 4365
f 4349 4362 4363
f 4358 4371 4372
f 4357 4356 4369
f 4355 4354 4367
f 4352 4365 4366
f 4364 4363 4376
f 4362 4361 4374
f 4373 4372 4385
f 4370 4383 4384
f 4368 4381 4382
f 4367 4366 4379
f 4364 4377 4378
f 4362 4375 4376
f 4372 4371 4384
f 4370 4369 4382
f 4368 4367 4380
f 4365 4378 4379
f 4376 4389 4390
f 4374 4387 4388
f 4385 4398 4399
f 4384 4383 4396
f 4382 4381 4394
f 4379 4392 4393
f 4378 4377 4390
f 4376 4375 4388
f 4384 4397 4398
f 4382 4395 4396
f 4380 4393 4394
f 4379 4378 4391
f 4389 4402 4403
f 4387 4400 4401
f 4399 4398 4411
f 4396 4409 4410
f 4395 4394 4407
f 4393 4392 4405
f 4391 4390 4403
f 4389 4388 4401
f 4398 4397 4410
f 4395 4408 4409
f 4393 4406 4407
f 4391 4404 4405
f 4402 4415 4416
f 4401 4400 4413
f 4411 4424 4425
f 4409 4422 4423
f 4408 4407 4420
f 4406 4405 4418
f 4403 4416 4417
f 4402 4401 4414
f 4410 4423 4424
f 4408 4421 4422
f 4407 4406 4419
f 4404 4417 4418
f 4416 4415 4428
f 4413 4426 4427
f 4425 4424 4437
f 4423 4422 4435
f 4421 4420 4433
f 4418 4431 4432
f 4416 4429 4430
f 4415 4414 4427
f 4423 4436 4437
f 4421 4434 4435
f 4420 4419 4432
f 4418 4417 4430
f 4428 4441 4442
f 4426 4439 4440
f 4437 4450 4451
f 4435 4448 4449
f 4434 4433 4446
f 4432 4431 4444
f 4430 4429 4442
f 4427 4440 4441
f 4437 4436 4449
f 4435 4434 4447
f 4432 4445 4446
f 4430 4443 4444
f 4442 4441 4454
f 4439 4452 4453
f 4451 4450 4463
f 4449 4448 4461
f 4446 4459 4460
f 4444 4457 4458
f 4443 4442 4455
f 4440 4453 4454
f 4450 4449 4462
f 4447 4460 4461
f 4445 4458 4459
f 4444 4443 4456
f 4455 4454 4467
f 4453 4452 4465
f 4463 4476 4477
f 4462 4461 4474
f 4459 4472 4473
f 4457 4470 4471
f 4455 4468 4469
f 4453 4466 4467
f 4462 4475 4476
f 4461 4460 4473
f 4459 4458 4471
f 4457 4456 4469
f 4468 4467 4063
f 4466 4465 4061
f 4477 4476 4072
f 4474 4070 4071
f 4472 4068 4069
f 4471 4470 4066
f 4468 4064 4065
f 4466 4062 4063
f 4476 4475 4071
f 4474 4473 4069
f 4472 4471 4067
f 4469 4065 4066
f 3935 4061 4465
f 4465 4452 4056
f 4452 4439 4051
f 4439 4426 4047
f 4047 4426 4413
f 4043 4413 4400
f 4039 4400 4387
f 4387 4374 4031
f 4031 4374 4361
f 4361 4348 4023
f 4348 4334 4019
f 4334 4321 4015
f 4015 4321 4308
f 4011 4308 4295
f 4007 4295 4282
f 4282 4269 3999
f 3999 4269 4256
f 4256 4243 3991
f 4243 4230 3987
f 4230 4217 3983
f 3983 4217 4204
f 3979 4204 4191
f 3975 4191 4178
f 4178 4165 3967
f 3967 4165 4152
f 4152 4139 3959
f 4139 4126 3955
f 4126 4113 3951
f 3951 4113 4100
f 3947 4100 4087
f 3943 4087 4074
f 4074 4061 3935
f 4480 4479 4483
f 4480 4484 4485
f 4479 4478 4482
f 4484 4488 4489
f 4482 4486 4487
f 4483 4487 4488
f 4488 4492 4493
f 4487 4486 4490
f 4488 4487 4491
f 4493 4492 4496
f 4490 4494 4495
f 4491 4495 4496
f 4496 4500 4501
f 4495 4494 4498
f 4496 4495 4499
f 4501 4500 4504
f 4498 4502 4503
f 4499 4503 4504
f 4505 4504 4508
f 4503 4502 4506
f 4504 4503 4507
f 4509 4508 4512
f 4506 4510 4511
f 4507 4511 4512
f 4513 4512 4516
f 4511 4510 4514
f 4512 4511 4515
f 4516 4520 4521
f 4514 4518 4519
f 4515 4519 4520
f 4520 4524 4525
f 4518 4522 4523
f 4520 4519 4523
f 4525 4524 4528
f 4522 4526 4527
f 4523 4527 4528
f 4528 4532 4533
f 4527 4526 4530
f 4528 4527 4531
f 4533 4532 4536
f 4530 4534 4535
f 4531 4535 4536
f 4537 4536 4540
f 4534 4538 4539
f 4536 4535 4539
f 4541 4540 4544
f 4539 4538 4542
f 4539 4543 4544
f 4544 4548 4549
f 4542 4546 4547
f 4544 4543 4547
f 4548 4552 4553
f 4547 4546 4550
f 4547 4551 4552
f 4552 4556 4557
f 4551 4550 4554
f 4552 4551 4555
f 4557 4556 4560
f 4554 4558 4559
f 4555 4559 4560
f 4560 4564 4565
f 4559 4558 4562
f 4560 4559 4563
f 4565 4564 4568
f 4562 4566 4567
f 4563 4567 4568
f 4569 4568 4572
f 4567 4566 4570
f 4568 4567 4571
f 4572 4576 4577
f 4570 4574 4575
f 4571 4575 4576
f 4576 4580 4581
f 4575 4574 4578
f 4576 4575 4579
f 4580 4584 4585
f 4578 4582 4583
f 4579 4583 4584
f 4584 4588 4589
f 4583 4582 4586
f 4584 4583 4587
f 4589 4588 4592
f 4586 4590 4591
f 4587 4591 4592
f 4592 4596 4597
f 4591 4590 4594
f 4592 4591 4595
f 4597 4596 4601
f 4594 4599 4600
f 4595 4600 4601
f 4602 4601 4605
f 4600 4599 4603
f 4601 4600 4604
f 4606 4605 4480
f 4603 4478 4479
f 4604 4479 4480
f 4615 4614 4627
f 4612 4625 4626
f 4611 4610 4623
f 4609 4608 4621
f 4618 4617 4630
f 4615 4628 4629
f 4613 4626 4627
f 4612 4611 4624
f 4609 4622 4623
f 4607 4620 4621
f 4619 4618 4631
f 4617 4616 4629
f 4622 4635 4636
f 4620 4633 4634
f 4632 4631 4644
f 4629 4642 4643
f 4628 4627 4640
f 4626 4625 4638
f 4624 4623 4636
f 4622 4621 4634
f 4631 4630 4643
f 4628 4641 4642
f 4626 4639 4640
f 4624 4637 4638
f 4635 4648 4649
f 4634 4633 4646
f 4644 4657 4658
f 4642 4655 4656
f 4641 4640 4653
f 4639 4638 4651
f 4636 4649 4650
f 4635 4634 4647
f 4643 4656 4657
f 4642 4641 4654
f 4640 4639 4652
f 4637 4650 4651
f 4648 4661 4662
f 4646 4659 4660
f 4658 4657 4670
f 4656 4655 4668
f 4653 4666 4667
f 4651 4664 4665
f 4649 4662 4663
f 4648 4647 4660
f 4656 4669 4670
f 4654 4667 4668
f 4653 4652 4665
f 4651 4650 4663
f 4661 4674 4675
f 4660 4659 4672
f 4670 4683 4684
f 4668 4681 4682
f 4667 4666 4679
f 4665 4664 4677
f 4663 4662 4675
f 4661 4660 4673
f 4670 4669 4682
f 4667 4680 4681
f 4665 4678 4679
f 4663 4676 4677
f 4675 4674 4687
f 4672 4685 4686
f 4684 4683 4696
f 4682 4681 4694
f 4679 4692 4693
f 4678 4677 4690
f 4676 4675 4688
f 4673 4686 4687
f 4683 4682 4695
f 4681 4680 4693
f 4678 4691 4692
f 4676 4689 4690
f 4688 4687 4700
f 4686 4685 4698
f 4696 4709 4710
f 4695 4694 4707
f 4692 4705 4706
f 4691 4690 4703
f 4688 4701 4702
f 4686 4699 4700
f 4695 4708 4709
f 4694 4693 4706
f 4692 4691 4704
f 4689 4702 4703
f 4701 4700 4713
f 4699 4698 4711
f 4710 4709 4722
f 4707 4720 4721
f 4705 4718 4719
f 4704 4703 4716
f 4701 4714 4715
f 4699 4712 4713
f 4709 4708 4721
f 4707 4706 4719
f 4705 4704 4717
f 4702 4715 4716
f 4713 4726 4727
f 4711 4724 4725
f 4723 4722 4735
f 4721 4720 4733
f 4719 4718 4731
f 4716 4729 4730
f 4715 4714 4727
f 4713 4712 4725
f 4721 4734 4735
f 4719 4732 4733
f 4717 4730 4731
f 4716 4715 4728
f 4726 4739 4740
f 4724 4737 4738
f 4736 4735 4748
f 4733 4746 4747
f 4732 4731 4744
f 4730 4729 4742
f 4728 4727 4740
f 4726 4725 4738
f 4735 4734 4747
f 4732 4745 4746
f 4730 4743 4744
f 4728 4741 4742
f 4739 4752 4753
f 4738 4737 4750
f 4748 4761 4762
f 4746 4759 4760
f 4745 4744 4757
f 4743 4742 4755
f 4740 4753 4754
f 4739 4738 4751
f 4747 4760 4761
f 4745 4758 4759
f 4744 4743 4756
f 4741 4754 4755
f 4753 4752 4765
f 4750 4763 4764
f 4762 4761 4774
f 4759 4772 4773
f 4758 4757 4770
f 4755 4768 4769
f 4753 4766 4767
f 4752 4751 4764
f 4760 4773 4774
f 4758 4771 4772
f 4757 4756 4769
f 4755 4754 4767
f 4765 4778 4779
f 4764 4763 4776
f 4774 4787 4788
f 4772 4785 4786
f 4771 4770 4783
f 4769 4768 4781
f 4767 4766 4779
f 4765 4764 4777
f 4774 4773 4786
f 4771 4784 4785
f 4769 4782 4783
f 4767 4780 4781
f 4779 4778 4791
f 4776 4789 4790
f 4788 4787 4800
f 4786 4785 4798
f 4783 4796 4797
f 4782 4781 4794
f 4780 4779 4792
f 4777 4790 4791
f 4787 4786 4799
f 4785 4784 4797
f 4782 4795 4796
f 4780 4793 4794
f 4792 4791 4804
f 4790 4789 4802
f 4800 4813 4814
f 4799 4798 4811
f 4796 4809 4810
f 4795 4794 4807
f 4792 4805 4806
f 4790 4803 4804
f 4799 4812 4813
f 4798 4797 4810
f 4796 4795 4808
f 4793 4806 4807
f 4805 4804 4817
f 4803 4802 4815
f 4814 4813 4826
f 4811 4824 4825
f 4809 4822 4823
f 4808 4807 4820
f 4805 4818 4819
f 4803 4816 4817
f 4813 4812 4825
f 4811 4810 4823
f 4809 4808 4821
f 4806 4819 4820
f 4817 4830 4831
f 4815 4828 4829
f 4826 4839 4840
f 4825 4824 4837
f 4823 4822 4835
f 4820 4833 4834
f 4819 4818 4831
f 4817 4816 4829
f 4825 4838 4839
f 4823 4836 4837
f 4821 4834 4835
f 4820 4819 4832
f 4830 4843 4844
f 4828 4841 4842
f 4840 4839 4852
f 4837 4850 4851
f 4836 4835 4848
f 4834 4833 4846
f 4832 4831 4844
f 4830 4829 4842
f 4839 4838 4851
f 4836 4849 4850
f 4834 4847 4848
f 4832 4845 4846
f 4843 4856 4857
f 4842 4841 4854
f 4852 4865 4866
f 4850 4863 4864
f 4849 4848 4861
f 4847 4846 4859
f 4844 4857 4858
f 4843 4842 4855
f 4851 4864 4865
f 4849 4862 4863
f 4848 4847 4860
f 4845 4858 4859
f 4857 4856 4869
f 4855 4854 4867
f 4866 4865 4878
f 4864 4863 4876
f 4862 4861 4874
f 4859 4872 4873
f 4857 4870 4871
f 4856 4855 4868
f 4864 4877 4878
f 4862 4875 4876
f 4861 4860 4873
f 4859 4858 4871
f 4869 4882 4883
f 4868 4867 4880
f 4878 4891 4892
f 4877 4876 4889
f 4874 4887 4888
f 4873 4872 4885
f 4871 4870 4883
f 4868 4881 4882
f 4878 4877 4890
f 4876 4875 4888
f 4873 4886 4887
f 4871 4884 4885
f 4883 4882 4896
f 4880 4894 4895
f 4892 4891 4905
f 4890 4889 4903
f 4887 4901 4902
f 4885 4899 4900
f 4884 4883 4897
f 4881 4895 4896
f 4891 4890 4904
f 4889 4888 4902
f 4886 4900 4901
f 4885 4884 4898
f 4897 4896 4909
f 4895 4894 4907
f 4905 4918 4919
f 4904 4903 4916
f 4901 4914 4915
f 4899 4912 4913
f 4897 4910 4911
f 4895 4908 4909
f 4904 4917 4918
f 4903 4902 4915
f 4901 4900 4913
f 4899 4898 4911
f 4910 4909 4922
f 4908 4907 4920
f 4919 4918 4931
f 4916 4929 4930
f 4914 4927 4928
f 4913 4912 4925
f 4910 4923 4924
f 4908 4921 4922
f 4918 4917 4930
f 4916 4915 4928
f 4914 4913 4926
f 4911 4924 4925
f 4922 4935 4936
f 4920 4933 4934
f 4931 4944 4945
f 4930 4929 4942
f 4928 4927 4940
f 4925 4938 4939
f 4924 4923 4936
f 4922 4921 4934
f 4930 4943 4944
f 4928 4941 4942
f 4926 4939 4940
f 4925 4924 4937
f 4935 4948 4949
f 4933 4946 4947
f 4945 4944 4957
f 4942 4955 4956
f 4941 4940 4953
f 4938 4951 4952
f 4937 4936 4949
f 4935 4934 4947
f 4944 4943 4956
f 4941 4954 4955
f 4939 4952 4953
f 4938 4937 4950
f 4948 4961 4962
f 4947 4946 4959
f 4957 4970 4971
f 4955 4968 4969
f 4954 4953 4966
f 4951 4964 4965
f 4949 4962 4963
f 4948 4947 4960
f 4956 4969 4970
f 4954 4967 4968
f 4953 4952 4965
f 4951 4950 4963
f 4962 4961 4974
f 4959 4972 4973
f 4971 4970 4983
f 4968 4981 4982
f 4966 4979 4980
f 4964 4977 4978
f 4962 4975 4976
f 4960 4973 4974
f 4969 4982 4983
f 4967 4980 4981
f 4966 4965 4978
f 4964 4963 4976
f 4975 4974 4987
f 4973 4972 4985
f 4983 4996 4997
f 4981 4994 4995
f 4979 4992 4993
f 4978 4977 4990
f 4976 4975 4988
f 4973 4986 4987
f 4983 4982 4995
f 4981 4980 4993
f 4978 4991 4992
f 4976 4989 4990
f 4988 4987 5000
f 4985 4998 4999
f 4997 4996 5009
f 4995 4994 5007
f 4992 5005 5006
f 4991 4990 5003
f 4989 4988 5001
f 4986 4999 5000
f 4996 4995 5008
f 4994 4993 5006
f 4991 5004 5005
f 4989 5002 5003
f 5001 5000 5013
f 4999 4998 5011
f 5009 5022 5023
f 5008 5007 5020
f 5005 5018 5019
f 5004 5003 5016
f 5001 5014 5015
f 4999 5012 5013
f 5008 5021 5022
f 5007 5006 5019
f 5005 5004 5017
f 5002 5015 5016
f 5014 5013 4609
f 5012 5011 4607
f 5022 4618 4619
f 5020 4616 4617
f 5018 4614 4615
f 5017 5016 4612
f 5014 4610 4611
f 5012 4608 4609
f 5021 4617 4618
f 5020 5019 4615
f 5018 5017 4613
f 5015 4611 4612
f 4481 4607 5011
f 5011 4998 4602
f 4998 4985 4597
f 4985 4972 4593
f 4593 4972 4959
f 4589 4959 4946
f 4585 4946 4933
f 4933 4920 4577
f 4577 4920 4907
f 4907 4894 4569
f 4894 4880 4565
f 4880 4867 4561
f 4561 4867 4854
f 4557 4854 4841
f 4553 4841 4828
f 4828 4815 4545
f 4545 4815 4802
f 4802 4789 4537
f 4789 4776 4533
f 4776 4763 4529
f 4529 4763 4750
f 4525 4750 4737
f 4521 4737 4724
f 4724 4711 4513
f 4513 4711 4698
f 4698 4685 4505
f 4685 4672 4501
f 4672 4659 4497
f 4497 4659 4646
f 4493 4646 4633
f 4489 4633 4620
f 4620 4607 4481

